# MagicaVoxel @ Ephtracy

# group
o 

# material
mtllib iiron.mtl
usemtl palette

# normals
vn -1 0 0
vn 1 0 0
vn 0 0 1
vn 0 0 -1
vn 0 -1 0
vn 0 1 0

# texcoords
vt 0.857422 0.5
vt 0.904297 0.5
vt 0.958984 0.5
vt 0.970703 0.5
vt 0.974609 0.5
vt 0.978516 0.5
vt 0.982422 0.5
vt 0.986328 0.5
vt 0.990234 0.5
vt 0.994141 0.5

# verts
v -2.4 0.5 1.4
v -2.4 0.5 0.2
v -2.4 0.7 1.4
v -2.4 0.7 0.2
v -2.4 2.8 -1.6
v -2.4 2.8 -1.7
v -2.4 3.9 -1.6
v -2.4 3.9 -1.7
v -2.3 0.5 1.5
v -2.3 0.5 1.4
v -2.3 0.5 0.2
v -2.3 0.5 0.0999999
v -2.3 0.7 1.5
v -2.3 0.7 1.4
v -2.3 0.7 0.2
v -2.3 0.7 0.0999999
v -2.3 2.7 -1.6
v -2.3 2.7 -1.7
v -2.3 2.8 -1.3
v -2.3 2.8 -1.4
v -2.3 2.8 -1.6
v -2.3 2.8 -1.7
v -2.3 3.6 -1.3
v -2.3 3.6 -1.4
v -2.3 3.9 -1.6
v -2.3 3.9 -1.7
v -2.3 4 -1.6
v -2.3 4 -1.7
v -2.2 0.5 1.6
v -2.2 0.5 1.5
v -2.2 0.5 0.0999999
v -2.2 0.5 0
v -2.2 0.7 1.6
v -2.2 0.7 1.5
v -2.2 0.7 0.0999999
v -2.2 0.7 0
v -2.2 2.7 -1.3
v -2.2 2.7 -1.4
v -2.2 2.8 -1.3
v -2.2 2.8 -1.4
v -2.2 3.6 -1.3
v -2.2 3.6 -1.4
v -2.2 3.7 -1.3
v -2.2 3.7 -1.4
v -2.1 0.1 2.1
v -2.1 0.1 -2.1
v -2.1 0.2 2.1
v -2.1 0.2 -2.1
v -2.1 0.3 2.1
v -2.1 0.3 2
v -2.1 0.3 1.9
v -2.1 0.3 -1.9
v -2.1 0.3 -2
v -2.1 0.3 -2.1
v -2.1 0.5 1.7
v -2.1 0.5 1.6
v -2.1 0.5 0
v -2.1 0.5 -0.1
v -2.1 0.6 -0.9
v -2.1 0.6 -1
v -2.1 0.6 -1.5
v -2.1 0.6 -1.6
v -2.1 0.7 1.7
v -2.1 0.7 1.6
v -2.1 0.7 0
v -2.1 0.7 -0.1
v -2.1 0.7 -0.8
v -2.1 0.7 -0.9
v -2.1 0.7 -1
v -2.1 0.7 -1.1
v -2.1 0.7 -1.4
v -2.1 0.7 -1.5
v -2.1 0.7 -1.6
v -2.1 0.7 -1.7
v -2.1 0.8 -0.8
v -2.1 0.8 -0.9
v -2.1 0.8 -1
v -2.1 0.8 -1.1
v -2.1 0.8 -1.4
v -2.1 0.8 -1.5
v -2.1 0.8 -1.6
v -2.1 0.8 -1.7
v -2.1 0.9 -0.9
v -2.1 0.9 -1
v -2.1 0.9 -1.5
v -2.1 0.9 -1.6
v -2.1 1 -1.2
v -2.1 1 -1.3
v -2.1 1.1 -1.1
v -2.1 1.1 -1.2
v -2.1 1.1 -1.3
v -2.1 1.1 -1.4
v -2.1 1.2 -1.1
v -2.1 1.2 -1.2
v -2.1 1.2 -1.3
v -2.1 1.2 -1.4
v -2.1 1.3 -1.2
v -2.1 1.3 -1.3
v -2.1 4 2.1
v -2.1 4 2
v -2.1 4 1.9
v -2.1 4 -1.6
v -2.1 4 -1.7
v -2.1 4 -1.9
v -2.1 4 -2
v -2.1 4 -2.1
v -2.1 4.1 2.1
v -2.1 4.1 -2.1
v -2.1 4.2 2.1
v -2.1 4.2 -2.1
v -2 0.3 1.9
v -2 0.3 -1.9
v -2 0.5 1.7
v -2 0.5 1.3
v -2 0.5 0.3
v -2 0.5 -0.1
v -2 0.6 -0.9
v -2 0.6 -1
v -2 0.6 -1.5
v -2 0.6 -1.6
v -2 0.7 1.7
v -2 0.7 1.3
v -2 0.7 0.3
v -2 0.7 -0.1
v -2 0.7 -0.8
v -2 0.7 -0.9
v -2 0.7 -1
v -2 0.7 -1.1
v -2 0.7 -1.4
v -2 0.7 -1.5
v -2 0.7 -1.6
v -2 0.7 -1.7
v -2 0.8 -0.8
v -2 0.8 -0.9
v -2 0.8 -1
v -2 0.8 -1.1
v -2 0.8 -1.4
v -2 0.8 -1.5
v -2 0.8 -1.6
v -2 0.8 -1.7
v -2 0.9 -0.9
v -2 0.9 -1
v -2 0.9 -1.5
v -2 0.9 -1.6
v -2 1 -1.2
v -2 1 -1.3
v -2 1.1 -1.1
v -2 1.1 -1.2
v -2 1.1 -1.3
v -2 1.1 -1.4
v -2 1.2 -1.1
v -2 1.2 -1.2
v -2 1.2 -1.3
v -2 1.2 -1.4
v -2 1.3 -1.2
v -2 1.3 -1.3
v -2 1.5 0.3
v -2 1.5 -0.3
v -2 1.6 0.4
v -2 1.6 0.3
v -2 1.6 -0.3
v -2 1.6 -0.4
v -2 1.7 0.5
v -2 1.7 0.4
v -2 1.7 0.3
v -2 1.7 -0.3
v -2 1.7 -0.4
v -2 1.7 -0.5
v -2 1.8 0.6
v -2 1.8 0.5
v -2 1.8 0.4
v -2 1.8 -0.4
v -2 1.8 -0.5
v -2 1.8 -0.6
v -2 1.9 0.7
v -2 1.9 0.6
v -2 1.9 0.5
v -2 1.9 -0.5
v -2 1.9 -0.6
v -2 1.9 -0.7
v -2 2.4 0.7
v -2 2.4 0.6
v -2 2.4 0.5
v -2 2.4 -0.5
v -2 2.4 -0.6
v -2 2.4 -0.7
v -2 2.5 0.6
v -2 2.5 0.5
v -2 2.5 0.4
v -2 2.5 -0.4
v -2 2.5 -0.5
v -2 2.5 -0.6
v -2 2.6 0.5
v -2 2.6 0.4
v -2 2.6 0.3
v -2 2.6 -0.3
v -2 2.6 -0.4
v -2 2.6 -0.5
v -2 2.7 0.4
v -2 2.7 0.3
v -2 2.7 -0.3
v -2 2.7 -0.4
v -2 2.7 -1.3
v -2 2.7 -1.4
v -2 2.7 -1.6
v -2 2.7 -1.7
v -2 2.8 0.3
v -2 2.8 -0.3
v -2 2.8 -1.3
v -2 2.8 -1.4
v -2 2.8 -1.6
v -2 2.8 -1.7
v -2 3.6 -1.3
v -2 3.6 -1.4
v -2 3.7 -1.3
v -2 3.7 -1.4
v -2 3.9 -1.6
v -2 3.9 -1.7
v -2 4 1.9
v -2 4 -1.6
v -2 4 -1.7
v -2 4 -1.9
v -1.9 1.6 0.3
v -1.9 1.6 -0.3
v -1.9 1.7 0.4
v -1.9 1.7 0.3
v -1.9 1.7 -0.3
v -1.9 1.7 -0.4
v -1.9 1.8 0.5
v -1.9 1.8 0.4
v -1.9 1.8 0.3
v -1.9 1.8 -0.3
v -1.9 1.8 -0.4
v -1.9 1.8 -0.5
v -1.9 1.9 0.6
v -1.9 1.9 0.5
v -1.9 1.9 0.4
v -1.9 1.9 -0.4
v -1.9 1.9 -0.5
v -1.9 1.9 -0.6
v -1.9 2.4 0.6
v -1.9 2.4 0.5
v -1.9 2.4 0.4
v -1.9 2.4 -0.4
v -1.9 2.4 -0.5
v -1.9 2.4 -0.6
v -1.9 2.5 0.5
v -1.9 2.5 0.4
v -1.9 2.5 0.3
v -1.9 2.5 -0.3
v -1.9 2.5 -0.4
v -1.9 2.5 -0.5
v -1.9 2.6 0.4
v -1.9 2.6 0.3
v -1.9 2.6 -0.3
v -1.9 2.6 -0.4
v -1.9 2.7 0.3
v -1.9 2.7 -0.3
v -1.8 1.7 0.3
v -1.8 1.7 -0.3
v -1.8 1.8 0.4
v -1.8 1.8 0.3
v -1.8 1.8 -0.3
v -1.8 1.8 -0.4
v -1.8 1.9 0.5
v -1.8 1.9 0.4
v -1.8 1.9 0.3
v -1.8 1.9 -0.3
v -1.8 1.9 -0.4
v -1.8 1.9 -0.5
v -1.8 2.4 0.5
v -1.8 2.4 0.4
v -1.8 2.4 -0.3
v -1.8 2.4 -0.4
v -1.8 2.4 -0.5
v -1.8 2.5 0.3
v -1.8 2.5 -0.3
v -1.8 2.5 -0.4
v -1.8 2.6 0.3
v -1.8 2.6 -0.3
v -1.7 0.1 1.7
v -1.7 0.1 1.5
v -1.7 0.2 1.7
v -1.7 0.2 1.5
v -1.7 0.5 -2
v -1.7 0.5 -2.1
v -1.7 0.7 2.1
v -1.7 0.7 2
v -1.7 0.7 -2
v -1.7 0.7 -2.1
v -1.7 0.8 2.1
v -1.7 0.8 2
v -1.7 1.8 0.3
v -1.7 1.8 -0.3
v -1.7 1.9 0.4
v -1.7 1.9 0.3
v -1.7 1.9 -0.3
v -1.7 1.9 -0.4
v -1.7 2.4 -0.3
v -1.7 2.4 -0.4
v -1.7 2.5 0.4
v -1.7 2.5 -0.3
v -1.7 2.7 2.3
v -1.7 2.7 2
v -1.7 2.8 2.4
v -1.7 2.8 2.3
v -1.7 2.8 2.2
v -1.7 2.8 2
v -1.7 2.9 2.3
v -1.7 2.9 2.2
v -1.7 3.8 2.3
v -1.7 3.8 2.2
v -1.7 3.9 2.4
v -1.7 3.9 2.3
v -1.7 3.9 2.2
v -1.7 3.9 2
v -1.7 4 2.3
v -1.7 4 2.1
v -1.7 4 2
v -1.6 5.96046e-08 1.7
v -1.6 5.96046e-08 1.5
v -1.6 0.1 1.7
v -1.6 0.1 1.5
v -1.6 0.5 -2.1
v -1.6 0.5 -2.2
v -1.6 0.6 2.1
v -1.6 0.6 2
v -1.6 0.7 2.1
v -1.6 0.7 2
v -1.6 0.7 -2.1
v -1.6 0.7 -2.2
v -1.6 0.8 2.1
v -1.6 0.8 2
v -1.6 0.9 2.1
v -1.6 0.9 2
v -1.6 1.6 0.3
v -1.6 1.6 -0.3
v -1.6 1.7 0.3
v -1.6 1.7 -0.3
v -1.6 1.9 0.6
v -1.6 1.9 0.4
v -1.6 1.9 -0.4
v -1.6 1.9 -0.6
v -1.6 2 -0.5
v -1.6 2 -0.6
v -1.6 2.1 -0.5
v -1.6 2.1 -0.6
v -1.6 2.4 0.6
v -1.6 2.4 0.5
v -1.6 2.4 -0.3
v -1.6 2.4 -0.4
v -1.6 2.4 -0.5
v -1.6 2.4 -0.6
v -1.6 2.5 0.5
v -1.6 2.5 0.4
v -1.6 2.5 -0.3
v -1.6 2.5 -0.4
v -1.6 2.5 -0.5
v -1.6 2.6 0.4
v -1.6 2.6 0.3
v -1.6 2.6 -0.3
v -1.6 2.6 -0.4
v -1.6 2.7 0.3
v -1.6 2.7 -0.3
v -1.5 -0.0999999 1.7
v -1.5 -0.0999999 1.5
v -1.5 5.96046e-08 1.7
v -1.5 5.96046e-08 1.5
v -1.5 0.5 -2.2
v -1.5 0.5 -2.3
v -1.5 0.7 -2.2
v -1.5 0.7 -2.3
v -1.4 -0.2 1.7
v -1.4 -0.2 1.5
v -1.4 -0.0999999 1.7
v -1.4 -0.0999999 1.5
v -1.4 0.5 -2.3
v -1.4 0.5 -2.4
v -1.4 0.7 -2.3
v -1.4 0.7 -2.4
v -1.4 1.1 2.1
v -1.4 1.1 2
v -1.4 1.2 2.1
v -1.4 1.2 2
v -1.4 2.7 2.2
v -1.4 2.7 2
v -1.4 2.8 2.3
v -1.4 2.8 2.2
v -1.4 2.8 2.1
v -1.4 2.8 2
v -1.4 2.9 2.2
v -1.4 2.9 2.1
v -1.4 3.5 2.2
v -1.4 3.5 2.1
v -1.4 3.6 2.3
v -1.4 3.6 2.2
v -1.4 3.6 2.1
v -1.4 3.6 2
v -1.4 3.7 2.2
v -1.4 3.7 2
v -1.3 1 2.1
v -1.3 1 2
v -1.3 1.1 2.1
v -1.3 1.1 2
v -1.3 1.2 2.1
v -1.3 1.2 2
v -1.3 1.3 2.1
v -1.3 1.3 2
v -1.1 0.7 2.1
v -1.1 0.7 2
v -1.1 0.8 2.1
v -1.1 0.8 2
v -1 0.6 2.1
v -1 0.6 2
v -1 0.7 2.1
v -1 0.7 2
v -1 0.8 2.1
v -1 0.8 2
v -1 0.9 2.1
v -1 0.9 2
v -1 1.6 0.3
v -1 1.6 -0.3
v -1 1.7 0.4
v -1 1.7 0.3
v -1 1.7 -0.3
v -1 1.7 -0.4
v -1 1.8 0.5
v -1 1.8 0.4
v -1 1.8 -0.4
v -1 1.8 -0.5
v -1 1.9 0.6
v -1 1.9 0.5
v -1 1.9 -0.5
v -1 1.9 -0.6
v -1 2.4 0.6
v -1 2.4 0.5
v -1 2.4 -0.5
v -1 2.4 -0.6
v -1 2.5 0.5
v -1 2.5 0.4
v -1 2.5 -0.4
v -1 2.5 -0.5
v -1 2.6 0.4
v -1 2.6 0.3
v -1 2.6 -0.3
v -1 2.6 -0.4
v -1 2.7 0.3
v -1 2.7 -0.3
v -0.5 0.4 0.2
v -0.5 0.4 -0.3
v -0.5 0.5 0.2
v -0.5 0.5 -0.3
v -0.4 5.96046e-08 1.7
v -0.4 5.96046e-08 1.5
v -0.4 0.1 1.7
v -0.4 0.1 1.5
v -0.4 0.4 -0.3
v -0.4 0.4 -0.4
v -0.4 0.5 0.2
v -0.4 0.5 -0.3
v -0.4 0.5 -0.4
v -0.4 0.5 -2.1
v -0.4 0.5 -2.2
v -0.4 0.6 0.2
v -0.4 0.6 -0.3
v -0.4 0.7 -2.1
v -0.4 0.7 -2.2
v -0.3 0.1 1.7
v -0.3 0.1 1.5
v -0.3 0.2 1.7
v -0.3 0.2 1.5
v -0.3 0.4 -0.4
v -0.3 0.4 -0.5
v -0.3 0.5 0.4
v -0.3 0.5 0.3
v -0.3 0.5 0.2
v -0.3 0.5 -0.3
v -0.3 0.5 -0.4
v -0.3 0.5 -0.5
v -0.3 0.5 -2
v -0.3 0.5 -2.1
v -0.3 0.6 0.4
v -0.3 0.6 0.2
v -0.3 0.6 -0.3
v -0.3 0.6 -0.4
v -0.3 0.7 -2
v -0.3 0.7 -2.1
v -0.0999999 0.5 2.1
v -0.0999999 0.5 2
v -0.0999999 0.7 2.1
v -0.0999999 0.7 2
v 0 0.4 0.5
v 0 0.4 0.4
v 0 0.5 2.2
v 0 0.5 2.1
v 0 0.5 0.5
v 0 0.5 0.4
v 0 0.7 2.2
v 0 0.7 2.1
v 0.1 0.5 2.3
v 0.1 0.5 2.2
v 0.1 0.7 2.3
v 0.1 0.7 2.2
v 0.2 0.2 0.5
v 0.2 0.2 0.4
v 0.2 0.2 -0.5
v 0.2 0.2 -0.6
v 0.2 0.3 0.5
v 0.2 0.3 0.4
v 0.2 0.3 0.3
v 0.2 0.3 -0.4
v 0.2 0.3 -0.5
v 0.2 0.3 -0.6
v 0.2 0.4 0.4
v 0.2 0.4 0.3
v 0.2 0.4 0.2
v 0.2 0.4 -0.3
v 0.2 0.4 -0.4
v 0.2 0.4 -0.5
v 0.2 0.4 -0.6
v 0.2 0.5 2.4
v 0.2 0.5 2.3
v 0.2 0.5 0.5
v 0.2 0.5 0.4
v 0.2 0.5 0.3
v 0.2 0.5 0.2
v 0.2 0.5 -0.3
v 0.2 0.5 -0.4
v 0.2 0.5 -0.5
v 0.2 0.6 0.5
v 0.2 0.6 0.4
v 0.2 0.6 -0.5
v 0.2 0.6 -0.6
v 0.2 0.7 2.4
v 0.2 0.7 2.3
v 0.2 1.6 2
v 0.2 1.6 1.8
v 0.2 1.6 -1.8
v 0.2 1.6 -2
v 0.2 1.7 2
v 0.2 1.7 1.8
v 0.2 1.7 1.7
v 0.2 1.7 -1.7
v 0.2 1.7 -1.8
v 0.2 1.7 -2
v 0.2 1.8 1.8
v 0.2 1.8 1.7
v 0.2 1.8 1.6
v 0.2 1.8 -1.6
v 0.2 1.8 -1.7
v 0.2 1.8 -1.8
v 0.2 1.9 1.7
v 0.2 1.9 1.6
v 0.2 1.9 -1.6
v 0.2 1.9 -1.7
v 0.2 2.4 1.7
v 0.2 2.4 1.6
v 0.2 2.4 -1.6
v 0.2 2.4 -1.7
v 0.2 2.5 1.8
v 0.2 2.5 1.7
v 0.2 2.5 1.6
v 0.2 2.5 -1.6
v 0.2 2.5 -1.7
v 0.2 2.5 -1.8
v 0.2 2.6 2
v 0.2 2.6 1.8
v 0.2 2.6 1.7
v 0.2 2.6 -1.7
v 0.2 2.6 -1.8
v 0.2 2.6 -2
v 0.2 2.7 2
v 0.2 2.7 1.8
v 0.2 2.7 -1.8
v 0.2 2.7 -2
v 0.3 0.2 0.4
v 0.3 0.2 0.3
v 0.3 0.2 -0.4
v 0.3 0.2 -0.5
v 0.3 0.3 0.4
v 0.3 0.3 0.3
v 0.3 0.3 0.2
v 0.3 0.3 -0.3
v 0.3 0.3 -0.4
v 0.3 0.3 -0.5
v 0.3 0.4 0.3
v 0.3 0.4 0.2
v 0.3 0.4 -0.3
v 0.3 0.4 -0.4
v 0.3 0.4 -0.5
v 0.3 0.5 0.4
v 0.3 0.5 0.3
v 0.3 0.5 0.2
v 0.3 0.5 -0.3
v 0.3 0.5 -0.4
v 0.3 0.6 0.4
v 0.3 0.6 0.3
v 0.3 0.6 -0.4
v 0.3 0.6 -0.5
v 0.3 1.7 2
v 0.3 1.7 1.8
v 0.3 1.7 -1.8
v 0.3 1.7 -2
v 0.3 1.8 2
v 0.3 1.8 1.8
v 0.3 1.8 1.7
v 0.3 1.8 -1.7
v 0.3 1.8 -1.8
v 0.3 1.8 -2
v 0.3 1.9 1.8
v 0.3 1.9 1.7
v 0.3 1.9 1.6
v 0.3 1.9 -1.6
v 0.3 1.9 -1.7
v 0.3 1.9 -1.8
v 0.3 2.4 1.8
v 0.3 2.4 1.7
v 0.3 2.4 1.6
v 0.3 2.4 -1.6
v 0.3 2.4 -1.7
v 0.3 2.4 -1.8
v 0.3 2.5 2
v 0.3 2.5 1.8
v 0.3 2.5 1.7
v 0.3 2.5 -1.7
v 0.3 2.5 -1.8
v 0.3 2.5 -2
v 0.3 2.6 2
v 0.3 2.6 1.8
v 0.3 2.6 -1.8
v 0.3 2.6 -2
v 0.4 0.2 0.3
v 0.4 0.2 0.2
v 0.4 0.2 -0.3
v 0.4 0.2 -0.4
v 0.4 0.3 0.3
v 0.4 0.3 0.2
v 0.4 0.3 -0.3
v 0.4 0.3 -0.4
v 0.4 0.4 0.2
v 0.4 0.4 -0.3
v 0.4 0.4 -0.4
v 0.4 0.5 0.3
v 0.4 0.5 0.2
v 0.4 0.5 -0.3
v 0.4 0.6 0.3
v 0.4 0.6 0.2
v 0.4 0.6 -0.3
v 0.4 0.6 -0.4
v 0.4 1.8 2
v 0.4 1.8 1.8
v 0.4 1.8 -1.8
v 0.4 1.8 -2
v 0.4 1.9 2
v 0.4 1.9 1.8
v 0.4 1.9 1.7
v 0.4 1.9 -1.7
v 0.4 1.9 -1.8
v 0.4 1.9 -2
v 0.4 2.4 2
v 0.4 2.4 1.8
v 0.4 2.4 1.7
v 0.4 2.4 -1.7
v 0.4 2.4 -1.8
v 0.4 2.4 -2
v 0.4 2.5 2
v 0.4 2.5 1.8
v 0.4 2.5 -1.8
v 0.4 2.5 -2
v 0.5 0.2 0.2
v 0.5 0.2 -0.3
v 0.5 0.3 0.2
v 0.5 0.3 -0.3
v 0.5 0.4 0.2
v 0.5 0.4 -0.3
v 0.5 0.6 0.2
v 0.5 0.6 -0.3
v 0.5 1.9 2
v 0.5 1.9 1.8
v 0.5 1.9 -1.8
v 0.5 1.9 -2
v 0.5 2.4 2
v 0.5 2.4 1.8
v 0.5 2.4 -1.8
v 0.5 2.4 -2
v 0.7 0.1 1.5
v 0.7 0.1 1.4
v 0.7 0.2 1.5
v 0.7 0.2 1.4
v 0.7 0.7 -2
v 0.7 0.7 -2.1
v 0.7 0.8 -2
v 0.7 0.8 -2.1
v 0.8 0.1 1.6
v 0.8 0.1 1.5
v 0.8 0.1 1.4
v 0.8 0.1 1.3
v 0.8 0.2 1.6
v 0.8 0.2 1.5
v 0.8 0.2 1.4
v 0.8 0.2 1.3
v 0.8 0.6 -2
v 0.8 0.6 -2.1
v 0.8 0.7 -2
v 0.8 0.7 -2.1
v 0.8 0.8 -2
v 0.8 0.8 -2.1
v 0.8 0.9 -2
v 0.8 0.9 -2.1
v 1 0.1 1.1
v 1 0.1 1
v 1 0.2 1.1
v 1 0.2 1
v 1 1.1 -2
v 1 1.1 -2.1
v 1 1.2 -2
v 1 1.2 -2.1
v 1 2.2 -0.5
v 1 2.2 -0.6
v 1 2.3 -0.5
v 1 2.3 -0.6
v 1.1 0.1 1.2
v 1.1 0.1 1.1
v 1.1 0.1 1
v 1.1 0.1 0.9
v 1.1 0.2 1.2
v 1.1 0.2 1.1
v 1.1 0.2 1
v 1.1 0.2 0.9
v 1.1 1 -2
v 1.1 1 -2.1
v 1.1 1.1 -2
v 1.1 1.1 -2.1
v 1.1 1.2 -2
v 1.1 1.2 -2.1
v 1.1 1.3 -2
v 1.1 1.3 -2.1
v 1.2 -0.0999999 -0.7
v 1.2 -0.0999999 -1.5
v 1.2 5.96046e-08 -0.6
v 1.2 5.96046e-08 -0.7
v 1.2 5.96046e-08 -0.8
v 1.2 5.96046e-08 -1.4
v 1.2 5.96046e-08 -1.5
v 1.2 5.96046e-08 -1.6
v 1.2 0.1 -0.7
v 1.2 0.1 -0.8
v 1.2 0.1 -1.4
v 1.2 0.1 -1.5
v 1.2 0.2 -0.6
v 1.2 0.2 -0.7
v 1.2 0.2 -1.5
v 1.2 0.2 -1.6
v 1.2 0.5 2.2
v 1.2 0.5 2.1
v 1.2 0.7 2.2
v 1.2 0.7 2.1
v 1.2 2.3 -0.5
v 1.2 2.3 -0.6
v 1.2 2.4 -0.5
v 1.2 2.4 -0.6
v 1.2 2.7 -2
v 1.2 2.7 -2.2
v 1.2 2.8 -2
v 1.2 2.8 -2.1
v 1.2 2.8 -2.2
v 1.2 2.8 -2.3
v 1.2 2.9 -2.1
v 1.2 2.9 -2.2
v 1.2 3.5 -2.1
v 1.2 3.5 -2.2
v 1.2 3.6 -2
v 1.2 3.6 -2.1
v 1.2 3.6 -2.2
v 1.2 3.6 -2.3
v 1.2 3.7 -2
v 1.2 3.7 -2.2
v 1.3 0.1 1.5
v 1.3 0.1 1.4
v 1.3 0.2 1.5
v 1.3 0.2 1.4
v 1.3 0.5 2.1
v 1.3 0.5 2
v 1.3 0.7 2.1
v 1.3 0.7 2
v 1.3 0.7 -2
v 1.3 0.7 -2.1
v 1.3 0.8 -2
v 1.3 0.8 -2.1
v 1.4 0.1 1.6
v 1.4 0.1 1.5
v 1.4 0.1 1.4
v 1.4 0.1 1.3
v 1.4 0.2 1.6
v 1.4 0.2 1.5
v 1.4 0.2 1.4
v 1.4 0.2 1.3
v 1.4 0.6 -2
v 1.4 0.6 -2.1
v 1.4 0.7 -2
v 1.4 0.7 -2.1
v 1.4 0.8 -2
v 1.4 0.8 -2.1
v 1.4 0.9 -2
v 1.4 0.9 -2.1
v 1.4 1.7 -0.3
v 1.4 1.7 -0.4
v 1.4 1.8 -0.3
v 1.4 1.8 -0.4
v 1.5 -0.2 -0.7
v 1.5 -0.2 -1.8
v 1.5 -0.0999999 -0.6
v 1.5 -0.0999999 -0.7
v 1.5 -0.0999999 -0.8
v 1.5 -0.0999999 -1.7
v 1.5 -0.0999999 -1.8
v 1.5 -0.0999999 -1.9
v 1.5 5.96046e-08 -0.7
v 1.5 5.96046e-08 -0.8
v 1.5 5.96046e-08 -1.7
v 1.5 5.96046e-08 -1.8
v 1.5 0.1 -1.9
v 1.5 0.2 -0.6
v 1.5 0.2 -0.7
v 1.5 0.2 -1.8
v 1.5 0.2 -1.9
v 1.5 1.6 0.3
v 1.5 1.6 0.0999999
v 1.5 1.7 0.4
v 1.5 1.7 0.3
v 1.5 1.7 0.0999999
v 1.5 1.7 -0.3
v 1.5 1.8 0.5
v 1.5 1.8 0.4
v 1.5 1.8 -0.3
v 1.5 1.8 -0.5
v 1.5 1.9 0.6
v 1.5 1.9 0.5
v 1.5 1.9 -0.5
v 1.5 1.9 -0.6
v 1.5 2.4 0.6
v 1.5 2.4 0.5
v 1.5 2.4 -0.5
v 1.5 2.4 -0.6
v 1.5 2.5 0.5
v 1.5 2.5 0.4
v 1.5 2.5 -0.4
v 1.5 2.5 -0.5
v 1.5 2.6 0.4
v 1.5 2.6 0.3
v 1.5 2.6 -0.3
v 1.5 2.6 -0.4
v 1.5 2.7 0.3
v 1.5 2.7 -0.3
v 1.5 2.7 -2
v 1.5 2.7 -2.3
v 1.5 2.8 -2
v 1.5 2.8 -2.2
v 1.5 2.8 -2.3
v 1.5 2.8 -2.4
v 1.5 2.9 -2.2
v 1.5 2.9 -2.3
v 1.5 3.8 -2.2
v 1.5 3.8 -2.3
v 1.5 3.9 -2
v 1.5 3.9 -2.2
v 1.5 3.9 -2.3
v 1.5 3.9 -2.4
v 1.5 4 -2
v 1.5 4 -2.1
v 1.5 4 -2.3
v 1.6 1.6 0.0999999
v 1.6 1.6 -0.3
v 1.6 1.7 0.0999999
v 1.6 1.7 -0.3
v 1.7 1.8 0.5
v 1.7 1.8 0.4
v 1.7 1.8 -0.4
v 1.7 1.8 -0.5
v 1.7 1.9 0.5
v 1.7 1.9 0.4
v 1.7 1.9 -0.4
v 1.7 1.9 -0.5
v 1.7 1.9 -0.6
v 1.7 2.4 0.5
v 1.7 2.4 0.4
v 1.7 2.4 -0.4
v 1.7 2.4 -0.5
v 1.7 2.4 -0.6
v 1.7 2.5 0.5
v 1.7 2.5 0.4
v 1.7 2.5 0.3
v 1.7 2.5 -0.3
v 1.7 2.5 -0.4
v 1.7 2.5 -0.5
v 1.7 2.6 0.4
v 1.7 2.6 0.3
v 1.7 2.6 -0.3
v 1.7 2.6 -0.4
v 1.7 2.7 0.3
v 1.7 2.7 -0.3
v 1.8 0.1 1.9
v 1.8 0.1 -1.9
v 1.8 0.2 1.9
v 1.8 0.2 -1.9
v 1.8 0.3 2.1
v 1.8 0.3 2
v 1.8 0.3 -2
v 1.8 0.3 -2.1
v 1.8 1.7 0.3
v 1.8 1.7 -0.3
v 1.8 1.8 0.4
v 1.8 1.8 0.3
v 1.8 1.8 -0.3
v 1.8 1.8 -0.4
v 1.8 1.9 0.4
v 1.8 1.9 -0.3
v 1.8 1.9 -0.4
v 1.8 1.9 -0.5
v 1.8 2.4 0.4
v 1.8 2.4 -0.3
v 1.8 2.4 -0.4
v 1.8 2.4 -0.5
v 1.8 2.5 0.4
v 1.8 2.5 0.3
v 1.8 2.5 -0.3
v 1.8 2.5 -0.4
v 1.8 2.6 0.3
v 1.8 2.6 -0.3
v 1.8 4 2.1
v 1.8 4 2
v 1.8 4 -2
v 1.8 4 -2.1
v 1.9 2.2 -0.1
v 1.9 2.2 -0.2
v 1.9 2.3 -0.1
v 1.9 2.3 -0.2
v 2 0.5 -0.3
v 2 0.5 -0.4
v 2 0.5 -1.2
v 2 0.5 -1.3
v 2 0.7 -0.3
v 2 0.7 -0.4
v 2 0.7 -1.2
v 2 0.7 -1.3
v 2 1.9 0.0999999
v 2 1.9 -0.2
v 2 2 0.2
v 2 2 0.0999999
v 2 2 -0.2
v 2 2 -0.3
v 2 2.1 0.3
v 2 2.1 0.2
v 2 2.1 0.0999999
v 2 2.1 -0.2
v 2 2.1 -0.3
v 2 2.1 -0.4
v 2 2.4 0.3
v 2 2.4 0.2
v 2 2.4 0.0999999
v 2 2.4 -0.2
v 2 2.4 -0.3
v 2 2.4 -0.4
v 2 2.5 0.2
v 2 2.5 0.0999999
v 2 2.5 -0.2
v 2 2.5 -0.3
v 2 2.6 0.0999999
v 2 2.6 -0.2
v 2 2.8 1.4
v 2 2.8 1.3
v 2 2.9 1.4
v 2 2.9 1.3
v 2 3.5 1.4
v 2 3.5 1.3
v 2 3.6 1.4
v 2 3.6 1.3
v 2.1 0.5 -0.4
v 2.1 0.5 -1.2
v 2.1 0.7 -0.4
v 2.1 0.7 -1.2
v 2.1 2.8 1.7
v 2.1 2.8 1.6
v 2.1 2.9 1.7
v 2.1 2.9 1.6
v 2.1 2.9 1.4
v 2.1 2.9 1.3
v 2.1 3.5 1.4
v 2.1 3.5 1.3
v 2.1 3.8 1.7
v 2.1 3.8 1.6
v 2.1 3.9 1.7
v 2.1 3.9 1.6
v 2.2 1.8 0.2
v 2.2 1.8 -0.3
v 2.2 1.9 0.3
v 2.2 1.9 0.2
v 2.2 1.9 0.0999999
v 2.2 1.9 -0.2
v 2.2 1.9 -0.3
v 2.2 1.9 -0.4
v 2.2 2 0.4
v 2.2 2 0.3
v 2.2 2 0.2
v 2.2 2 0.0999999
v 2.2 2 -0.2
v 2.2 2 -0.3
v 2.2 2 -0.4
v 2.2 2 -0.5
v 2.2 2.1 0.3
v 2.2 2.1 0.2
v 2.2 2.1 -0.3
v 2.2 2.1 -0.4
v 2.2 2.4 0.3
v 2.2 2.4 0.2
v 2.2 2.4 -0.3
v 2.2 2.4 -0.4
v 2.2 2.5 0.4
v 2.2 2.5 0.3
v 2.2 2.5 0.2
v 2.2 2.5 0.0999999
v 2.2 2.5 -0.2
v 2.2 2.5 -0.3
v 2.2 2.5 -0.4
v 2.2 2.5 -0.5
v 2.2 2.6 0.3
v 2.2 2.6 0.2
v 2.2 2.6 0.0999999
v 2.2 2.6 -0.2
v 2.2 2.6 -0.3
v 2.2 2.6 -0.4
v 2.2 2.7 0.2
v 2.2 2.7 -0.3
v 2.2 2.9 1.7
v 2.2 2.9 1.6
v 2.2 3.8 1.7
v 2.2 3.8 1.6
v 2.3 1.7 0.2
v 2.3 1.7 -0.3
v 2.3 1.8 0.3
v 2.3 1.8 0.2
v 2.3 1.8 -0.3
v 2.3 1.8 -0.4
v 2.3 1.9 0.4
v 2.3 1.9 0.3
v 2.3 1.9 0.2
v 2.3 1.9 -0.3
v 2.3 1.9 -0.4
v 2.3 1.9 -0.5
v 2.3 2 0.5
v 2.3 2 0.4
v 2.3 2 0.3
v 2.3 2 -0.4
v 2.3 2 -0.5
v 2.3 2 -0.6
v 2.3 2.5 0.5
v 2.3 2.5 0.4
v 2.3 2.5 0.3
v 2.3 2.5 -0.4
v 2.3 2.5 -0.5
v 2.3 2.5 -0.6
v 2.3 2.6 0.4
v 2.3 2.6 0.3
v 2.3 2.6 0.2
v 2.3 2.6 -0.3
v 2.3 2.6 -0.4
v 2.3 2.6 -0.5
v 2.3 2.7 0.3
v 2.3 2.7 0.2
v 2.3 2.7 -0.3
v 2.3 2.7 -0.4
v 2.3 2.8 0.2
v 2.3 2.8 -0.3
v 2.6 1.6 0.2
v 2.6 1.6 -0.3
v 2.6 1.7 0.4
v 2.6 1.7 0.2
v 2.6 1.7 -0.3
v 2.6 1.7 -0.5
v 2.6 1.8 0.5
v 2.6 1.8 0.4
v 2.6 1.8 0.3
v 2.6 1.8 0.2
v 2.6 1.8 -0.3
v 2.6 1.8 -0.4
v 2.6 1.8 -0.5
v 2.6 1.8 -0.6
v 2.6 1.9 0.4
v 2.6 1.9 0.3
v 2.6 1.9 -0.4
v 2.6 1.9 -0.5
v 2.6 2 0.6
v 2.6 2 0.5
v 2.6 2 0.4
v 2.6 2 -0.5
v 2.6 2 -0.6
v 2.6 2 -0.7
v 2.6 2.5 0.6
v 2.6 2.5 0.5
v 2.6 2.5 0.4
v 2.6 2.5 -0.5
v 2.6 2.5 -0.6
v 2.6 2.5 -0.7
v 2.6 2.6 0.4
v 2.6 2.6 0.3
v 2.6 2.6 -0.4
v 2.6 2.6 -0.5
v 2.6 2.7 0.5
v 2.6 2.7 0.4
v 2.6 2.7 0.3
v 2.6 2.7 0.2
v 2.6 2.7 -0.3
v 2.6 2.7 -0.4
v 2.6 2.7 -0.5
v 2.6 2.7 -0.6
v 2.6 2.8 0.4
v 2.6 2.8 0.2
v 2.6 2.8 -0.3
v 2.6 2.8 -0.5
v 2.6 2.9 0.2
v 2.6 2.9 -0.3
v 3 1.5 0.2
v 3 1.5 -0.3
v 3 1.6 0.4
v 3 1.6 0.2
v 3 1.6 -0.3
v 3 1.6 -0.5
v 3 1.7 0.5
v 3 1.7 0.4
v 3 1.7 0.2
v 3 1.7 -0.3
v 3 1.7 -0.5
v 3 1.7 -0.6
v 3 1.8 0.6
v 3 1.8 0.5
v 3 1.8 0.4
v 3 1.8 -0.5
v 3 1.8 -0.6
v 3 1.8 -0.7
v 3 2 0.7
v 3 2 0.6
v 3 2 0.5
v 3 2 -0.6
v 3 2 -0.7
v 3 2 -0.8
v 3 2.5 0.7
v 3 2.5 0.6
v 3 2.5 0.5
v 3 2.5 -0.6
v 3 2.5 -0.7
v 3 2.5 -0.8
v 3 2.7 0.6
v 3 2.7 0.5
v 3 2.7 0.4
v 3 2.7 -0.5
v 3 2.7 -0.6
v 3 2.7 -0.7
v 3 2.8 0.5
v 3 2.8 0.4
v 3 2.8 0.2
v 3 2.8 -0.3
v 3 2.8 -0.5
v 3 2.8 -0.6
v 3 2.9 0.4
v 3 2.9 0.2
v 3 2.9 -0.3
v 3 2.9 -0.5
v 3 3 0.2
v 3 3 -0.3
v -2.3 2.9 -1.6
v -2.3 2.9 -1.7
v -2.3 3.8 -1.6
v -2.3 3.8 -1.7
v -2.2 0.5 1.2
v -2.2 0.5 0.4
v -2.2 0.7 1.2
v -2.2 0.7 0.4
v -2.2 2.8 -1.6
v -2.2 2.8 -1.7
v -2.2 2.9 -1.3
v -2.2 2.9 -1.4
v -2.2 2.9 -1.6
v -2.2 2.9 -1.7
v -2.2 3.5 -1.3
v -2.2 3.5 -1.4
v -2.2 3.8 -1.6
v -2.2 3.8 -1.7
v -2.2 3.9 -1.6
v -2.2 3.9 -1.7
v -2.1 0.5 1.3
v -2.1 0.5 1.2
v -2.1 0.5 0.4
v -2.1 0.5 0.3
v -2.1 0.7 1.3
v -2.1 0.7 1.2
v -2.1 0.7 0.4
v -2.1 0.7 0.3
v -2.1 2.8 -1.3
v -2.1 2.8 -1.4
v -2.1 2.9 -1.3
v -2.1 2.9 -1.4
v -2.1 3.5 -1.3
v -2.1 3.5 -1.4
v -2.1 3.6 -1.3
v -2.1 3.6 -1.4
v -1.9 0.1 1.9
v -1.9 0.1 -1.9
v -1.9 0.2 1.9
v -1.9 0.2 -1.9
v -1.9 0.3 2.1
v -1.9 0.3 2
v -1.9 0.3 -2
v -1.9 0.3 -2.1
v -1.9 4 2.1
v -1.9 4 2
v -1.9 4 -2
v -1.9 4 -2.1
v -1.8 2 0.6
v -1.8 2 0.5
v -1.8 2.4 0.6
v -1.8 2.4 0.5
v -1.8 2.6 0.3
v -1.8 2.6 -0.2
v -1.8 2.7 0.3
v -1.8 2.7 -0.2
v -1.7 1.6 0.3
v -1.7 1.6 -0.3
v -1.7 1.7 0.3
v -1.7 1.7 -0.3
v -1.7 1.9 0.6
v -1.7 1.9 0.5
v -1.7 1.9 0.4
v -1.7 1.9 -0.4
v -1.7 1.9 -0.5
v -1.7 1.9 -0.6
v -1.7 2 0.6
v -1.7 2 0.5
v -1.7 2 -0.5
v -1.7 2 -0.6
v -1.7 2.1 -0.5
v -1.7 2.1 -0.6
v -1.7 2.4 0.5
v -1.7 2.4 -0.3
v -1.7 2.4 -0.4
v -1.7 2.4 -0.5
v -1.7 2.4 -0.6
v -1.7 2.5 0.5
v -1.7 2.5 0.4
v -1.7 2.5 -0.3
v -1.7 2.5 -0.4
v -1.7 2.5 -0.5
v -1.7 2.6 0.4
v -1.7 2.6 0.3
v -1.7 2.6 -0.2
v -1.7 2.6 -0.3
v -1.7 2.6 -0.4
v -1.7 2.7 -0.2
v -1.7 2.7 -0.3
v -1.6 2.7 2.3
v -1.6 2.7 2
v -1.6 2.8 2.4
v -1.6 2.8 2.3
v -1.6 2.8 2.2
v -1.6 2.8 2
v -1.6 2.9 2.3
v -1.6 2.9 2.2
v -1.6 3.8 2.3
v -1.6 3.8 2.2
v -1.6 3.9 2.4
v -1.6 3.9 2.3
v -1.6 3.9 2.2
v -1.6 3.9 2
v -1.6 4 2.3
v -1.6 4 2.1
v -1.6 4 2
v -1.5 0.6 2.1
v -1.5 0.6 2
v -1.5 0.7 2.1
v -1.5 0.7 2
v -1.5 0.8 2.1
v -1.5 0.8 2
v -1.5 0.9 2.1
v -1.5 0.9 2
v -1.5 1.6 0.3
v -1.5 1.6 -0.3
v -1.5 1.7 0.4
v -1.5 1.7 0.3
v -1.5 1.7 -0.3
v -1.5 1.7 -0.4
v -1.5 1.8 0.5
v -1.5 1.8 0.4
v -1.5 1.8 -0.4
v -1.5 1.8 -0.5
v -1.5 1.9 0.6
v -1.5 1.9 0.5
v -1.5 1.9 -0.5
v -1.5 1.9 -0.6
v -1.5 2.4 0.6
v -1.5 2.4 0.5
v -1.5 2.4 -0.5
v -1.5 2.4 -0.6
v -1.5 2.5 0.5
v -1.5 2.5 0.4
v -1.5 2.5 -0.4
v -1.5 2.5 -0.5
v -1.5 2.6 0.4
v -1.5 2.6 0.3
v -1.5 2.6 -0.3
v -1.5 2.6 -0.4
v -1.5 2.7 0.3
v -1.5 2.7 -0.3
v -1.4 0.7 2.1
v -1.4 0.7 2
v -1.4 0.8 2.1
v -1.4 0.8 2
v -1.3 0.1 1.7
v -1.3 0.1 1.5
v -1.3 0.2 1.7
v -1.3 0.2 1.5
v -1.3 0.5 -2
v -1.3 0.5 -2.1
v -1.3 0.7 -2
v -1.3 0.7 -2.1
v -1.3 2.7 2.2
v -1.3 2.7 2
v -1.3 2.8 2.3
v -1.3 2.8 2.2
v -1.3 2.8 2.1
v -1.3 2.8 2
v -1.3 2.9 2.2
v -1.3 2.9 2.1
v -1.3 3.5 2.2
v -1.3 3.5 2.1
v -1.3 3.6 2.3
v -1.3 3.6 2.2
v -1.3 3.6 2.1
v -1.3 3.6 2
v -1.3 3.7 2.2
v -1.3 3.7 2
v -1.2 5.96046e-08 1.7
v -1.2 5.96046e-08 1.5
v -1.2 0.1 1.7
v -1.2 0.1 1.5
v -1.2 0.5 -2.1
v -1.2 0.5 -2.2
v -1.2 0.7 -2.1
v -1.2 0.7 -2.2
v -1.2 1 2.1
v -1.2 1 2
v -1.2 1.1 2.1
v -1.2 1.1 2
v -1.2 1.2 2.1
v -1.2 1.2 2
v -1.2 1.3 2.1
v -1.2 1.3 2
v -1.1 1.1 2.1
v -1.1 1.1 2
v -1.1 1.2 2.1
v -1.1 1.2 2
v -0.9 0.6 2.1
v -0.9 0.6 2
v -0.9 0.7 2.1
v -0.9 0.7 2
v -0.9 0.8 2.1
v -0.9 0.8 2
v -0.9 0.9 2.1
v -0.9 0.9 2
v -0.8 0.7 2.1
v -0.8 0.7 2
v -0.8 0.8 2.1
v -0.8 0.8 2
v -0.6 0.2 0.2
v -0.6 0.2 -0.3
v -0.6 0.3 0.2
v -0.6 0.3 -0.3
v -0.6 0.4 0.2
v -0.6 0.4 -0.3
v -0.6 0.5 0.0999999
v -0.6 0.5 0
v -0.6 0.5 -0.3
v -0.6 0.6 0.2
v -0.6 0.6 0.0999999
v -0.6 0.6 0
v -0.6 0.6 -0.3
v -0.6 1.9 2
v -0.6 1.9 1.8
v -0.6 1.9 -1.8
v -0.6 1.9 -2
v -0.6 2.4 2
v -0.6 2.4 1.8
v -0.6 2.4 -1.8
v -0.6 2.4 -2
v -0.5 0.2 0.3
v -0.5 0.2 0.2
v -0.5 0.2 -0.3
v -0.5 0.2 -0.4
v -0.5 0.3 0.3
v -0.5 0.3 0.2
v -0.5 0.3 -0.3
v -0.5 0.3 -0.4
v -0.5 0.4 0.2
v -0.5 0.4 -0.3
v -0.5 0.4 -0.4
v -0.5 0.5 0.3
v -0.5 0.5 0.2
v -0.5 0.5 -0.3
v -0.5 0.5 -0.4
v -0.5 0.6 0.3
v -0.5 0.6 0.2
v -0.5 0.6 -0.3
v -0.5 0.6 -0.4
v -0.5 1.8 2
v -0.5 1.8 1.8
v -0.5 1.8 -1.8
v -0.5 1.8 -2
v -0.5 1.9 2
v -0.5 1.9 1.8
v -0.5 1.9 1.7
v -0.5 1.9 -1.7
v -0.5 1.9 -1.8
v -0.5 1.9 -2
v -0.5 2.4 2
v -0.5 2.4 1.8
v -0.5 2.4 1.7
v -0.5 2.4 -1.7
v -0.5 2.4 -1.8
v -0.5 2.4 -2
v -0.5 2.5 2
v -0.5 2.5 1.8
v -0.5 2.5 -1.8
v -0.5 2.5 -2
v -0.4 0.2 0.4
v -0.4 0.2 0.3
v -0.4 0.2 -0.4
v -0.4 0.2 -0.5
v -0.4 0.3 0.4
v -0.4 0.3 0.3
v -0.4 0.3 0.2
v -0.4 0.3 -0.3
v -0.4 0.3 -0.4
v -0.4 0.3 -0.5
v -0.4 0.4 0.3
v -0.4 0.4 0.2
v -0.4 0.4 -0.3
v -0.4 0.4 -0.4
v -0.4 0.4 -0.5
v -0.4 0.5 0.4
v -0.4 0.5 0.3
v -0.4 0.5 0.2
v -0.4 0.5 -0.3
v -0.4 0.5 -0.4
v -0.4 0.5 -0.5
v -0.4 0.6 0.4
v -0.4 0.6 0.3
v -0.4 0.6 -0.4
v -0.4 0.6 -0.5
v -0.4 1.7 2
v -0.4 1.7 1.8
v -0.4 1.7 -1.8
v -0.4 1.7 -2
v -0.4 1.8 2
v -0.4 1.8 1.8
v -0.4 1.8 1.7
v -0.4 1.8 -1.7
v -0.4 1.8 -1.8
v -0.4 1.8 -2
v -0.4 1.9 1.8
v -0.4 1.9 1.7
v -0.4 1.9 1.6
v -0.4 1.9 -1.6
v -0.4 1.9 -1.7
v -0.4 1.9 -1.8
v -0.4 2.4 1.8
v -0.4 2.4 1.7
v -0.4 2.4 1.6
v -0.4 2.4 -1.6
v -0.4 2.4 -1.7
v -0.4 2.4 -1.8
v -0.4 2.5 2
v -0.4 2.5 1.8
v -0.4 2.5 1.7
v -0.4 2.5 -1.7
v -0.4 2.5 -1.8
v -0.4 2.5 -2
v -0.4 2.6 2
v -0.4 2.6 1.8
v -0.4 2.6 -1.8
v -0.4 2.6 -2
v -0.3 0.2 0.5
v -0.3 0.2 0.4
v -0.3 0.2 -0.5
v -0.3 0.2 -0.6
v -0.3 0.3 0.5
v -0.3 0.3 0.4
v -0.3 0.3 0.3
v -0.3 0.3 -0.4
v -0.3 0.3 -0.5
v -0.3 0.3 -0.6
v -0.3 0.4 0.5
v -0.3 0.4 0.4
v -0.3 0.4 0.3
v -0.3 0.4 0.2
v -0.3 0.4 -0.3
v -0.3 0.4 -0.4
v -0.3 0.4 -0.5
v -0.3 0.4 -0.6
v -0.3 0.5 0.3
v -0.3 0.5 0.2
v -0.3 0.5 -0.3
v -0.3 0.5 -0.4
v -0.3 0.5 -0.5
v -0.3 0.5 -0.6
v -0.3 0.6 0.5
v -0.3 0.6 0.4
v -0.3 0.6 -0.5
v -0.3 0.6 -0.6
v -0.3 1.6 2
v -0.3 1.6 1.8
v -0.3 1.6 -1.8
v -0.3 1.6 -2
v -0.3 1.7 2
v -0.3 1.7 1.8
v -0.3 1.7 1.7
v -0.3 1.7 -1.7
v -0.3 1.7 -1.8
v -0.3 1.7 -2
v -0.3 1.8 1.8
v -0.3 1.8 1.7
v -0.3 1.8 1.6
v -0.3 1.8 -1.6
v -0.3 1.8 -1.7
v -0.3 1.8 -1.8
v -0.3 1.9 1.7
v -0.3 1.9 1.6
v -0.3 1.9 -1.6
v -0.3 1.9 -1.7
v -0.3 2.4 1.7
v -0.3 2.4 1.6
v -0.3 2.4 -1.6
v -0.3 2.4 -1.7
v -0.3 2.5 1.8
v -0.3 2.5 1.7
v -0.3 2.5 1.6
v -0.3 2.5 -1.6
v -0.3 2.5 -1.7
v -0.3 2.5 -1.8
v -0.3 2.6 2
v -0.3 2.6 1.8
v -0.3 2.6 1.7
v -0.3 2.6 -1.7
v -0.3 2.6 -1.8
v -0.3 2.6 -2
v -0.3 2.7 2
v -0.3 2.7 1.8
v -0.3 2.7 -1.8
v -0.3 2.7 -2
v -0.2 -0.2 1.7
v -0.2 -0.2 1.5
v -0.2 -0.0999999 1.7
v -0.2 -0.0999999 1.5
v -0.2 0.5 -2.3
v -0.2 0.5 -2.4
v -0.2 0.7 -2.3
v -0.2 0.7 -2.4
v -0.0999999 -0.0999999 1.7
v -0.0999999 -0.0999999 1.5
v -0.0999999 5.96046e-08 1.7
v -0.0999999 5.96046e-08 1.5
v -0.0999999 0.5 -2.2
v -0.0999999 0.5 -2.3
v -0.0999999 0.7 -2.2
v -0.0999999 0.7 -2.3
v 0 5.96046e-08 1.7
v 0 5.96046e-08 1.5
v 0 0.1 1.7
v 0 0.1 1.5
v 0 0.5 -2.1
v 0 0.5 -2.2
v 0 0.7 -2.1
v 0 0.7 -2.2
v 0.1 0.1 1.7
v 0.1 0.1 1.5
v 0.1 0.2 1.7
v 0.1 0.2 1.5
v 0.1 0.5 -2
v 0.1 0.5 -2.1
v 0.1 0.7 -2
v 0.1 0.7 -2.1
v 0.2 0.4 -0.4
v 0.2 0.4 -0.5
v 0.2 0.5 0.4
v 0.2 0.5 0.3
v 0.2 0.5 0.2
v 0.2 0.5 -0.3
v 0.2 0.5 -0.4
v 0.2 0.5 -0.5
v 0.2 0.6 0.4
v 0.2 0.6 0.2
v 0.2 0.6 -0.3
v 0.2 0.6 -0.4
v 0.3 0.4 -0.3
v 0.3 0.4 -0.4
v 0.3 0.5 2.1
v 0.3 0.5 2
v 0.3 0.5 0.2
v 0.3 0.5 -0.3
v 0.3 0.5 -0.4
v 0.3 0.6 0.2
v 0.3 0.6 -0.3
v 0.3 0.7 2.1
v 0.3 0.7 2
v 0.4 0.4 0.2
v 0.4 0.4 -0.3
v 0.4 0.5 2.2
v 0.4 0.5 2.1
v 0.4 0.5 0.2
v 0.4 0.5 -0.3
v 0.4 0.7 2.2
v 0.4 0.7 2.1
v 0.9 0.1 1.6
v 0.9 0.1 1.5
v 0.9 0.1 1.4
v 0.9 0.1 1.3
v 0.9 0.2 1.6
v 0.9 0.2 1.5
v 0.9 0.2 1.4
v 0.9 0.2 1.3
v 0.9 0.6 -2
v 0.9 0.6 -2.1
v 0.9 0.7 -2
v 0.9 0.7 -2.1
v 0.9 0.8 -2
v 0.9 0.8 -2.1
v 0.9 0.9 -2
v 0.9 0.9 -2.1
v 0.9 1.6 0.3
v 0.9 1.6 -0.3
v 0.9 1.7 0.4
v 0.9 1.7 0.3
v 0.9 1.7 -0.3
v 0.9 1.7 -0.4
v 0.9 1.8 0.5
v 0.9 1.8 0.4
v 0.9 1.8 -0.4
v 0.9 1.8 -0.5
v 0.9 1.9 0.6
v 0.9 1.9 0.5
v 0.9 1.9 -0.5
v 0.9 1.9 -0.6
v 0.9 2.4 0.6
v 0.9 2.4 0.5
v 0.9 2.4 -0.5
v 0.9 2.4 -0.6
v 0.9 2.5 0.5
v 0.9 2.5 0.4
v 0.9 2.5 -0.4
v 0.9 2.5 -0.5
v 0.9 2.6 0.4
v 0.9 2.6 0.3
v 0.9 2.6 -0.3
v 0.9 2.6 -0.4
v 0.9 2.7 0.3
v 0.9 2.7 -0.3
v 1 0.1 1.5
v 1 0.1 1.4
v 1 0.2 1.5
v 1 0.2 1.4
v 1 0.7 -2
v 1 0.7 -2.1
v 1 0.8 -2
v 1 0.8 -2.1
v 1.2 0.1 1.2
v 1.2 0.1 1.1
v 1.2 0.1 1
v 1.2 0.1 0.9
v 1.2 0.2 1.2
v 1.2 0.2 1.1
v 1.2 0.2 1
v 1.2 0.2 0.9
v 1.2 1 -2
v 1.2 1 -2.1
v 1.2 1.1 -2
v 1.2 1.1 -2.1
v 1.2 1.2 -2
v 1.2 1.2 -2.1
v 1.2 1.3 -2
v 1.2 1.3 -2.1
v 1.3 -0.0999999 -0.7
v 1.3 -0.0999999 -1.5
v 1.3 5.96046e-08 -0.6
v 1.3 5.96046e-08 -0.7
v 1.3 5.96046e-08 -0.8
v 1.3 5.96046e-08 -1.4
v 1.3 5.96046e-08 -1.5
v 1.3 5.96046e-08 -1.6
v 1.3 0.1 1.1
v 1.3 0.1 1
v 1.3 0.1 -0.7
v 1.3 0.1 -0.8
v 1.3 0.1 -1.4
v 1.3 0.1 -1.5
v 1.3 0.2 1.1
v 1.3 0.2 1
v 1.3 0.2 -0.6
v 1.3 0.2 -0.7
v 1.3 0.2 -1.5
v 1.3 0.2 -1.6
v 1.3 1.1 -2
v 1.3 1.1 -2.1
v 1.3 1.2 -2
v 1.3 1.2 -2.1
v 1.3 2.2 -0.5
v 1.3 2.2 -0.6
v 1.3 2.4 -0.5
v 1.3 2.4 -0.6
v 1.3 2.7 -2
v 1.3 2.7 -2.2
v 1.3 2.8 -2
v 1.3 2.8 -2.1
v 1.3 2.8 -2.2
v 1.3 2.8 -2.3
v 1.3 2.9 -2.1
v 1.3 2.9 -2.2
v 1.3 3.5 -2.1
v 1.3 3.5 -2.2
v 1.3 3.6 -2
v 1.3 3.6 -2.1
v 1.3 3.6 -2.2
v 1.3 3.6 -2.3
v 1.3 3.7 -2
v 1.3 3.7 -2.2
v 1.4 0.5 2.4
v 1.4 0.5 2.3
v 1.4 0.7 2.4
v 1.4 0.7 2.3
v 1.5 0.1 1.6
v 1.5 0.1 1.5
v 1.5 0.1 1.4
v 1.5 0.1 1.3
v 1.5 0.2 1.6
v 1.5 0.2 1.5
v 1.5 0.2 1.4
v 1.5 0.2 1.3
v 1.5 0.5 2.3
v 1.5 0.5 2.2
v 1.5 0.6 -2
v 1.5 0.6 -2.1
v 1.5 0.7 2.3
v 1.5 0.7 2.2
v 1.5 0.7 -2
v 1.5 0.7 -2.1
v 1.5 0.8 -2
v 1.5 0.8 -2.1
v 1.5 0.9 -2
v 1.5 0.9 -2.1
v 1.6 -0.2 -0.7
v 1.6 -0.2 -1.8
v 1.6 -0.0999999 -0.6
v 1.6 -0.0999999 -0.7
v 1.6 -0.0999999 -0.8
v 1.6 -0.0999999 -1.7
v 1.6 -0.0999999 -1.8
v 1.6 -0.0999999 -1.9
v 1.6 5.96046e-08 -0.7
v 1.6 5.96046e-08 -0.8
v 1.6 5.96046e-08 -1.7
v 1.6 5.96046e-08 -1.8
v 1.6 0.1 1.5
v 1.6 0.1 1.4
v 1.6 0.1 -1.9
v 1.6 0.2 1.5
v 1.6 0.2 1.4
v 1.6 0.2 -0.6
v 1.6 0.2 -0.7
v 1.6 0.2 -1.8
v 1.6 0.2 -1.9
v 1.6 0.5 2.2
v 1.6 0.5 2.1
v 1.6 0.7 2.2
v 1.6 0.7 2.1
v 1.6 0.7 -2
v 1.6 0.7 -2.1
v 1.6 0.8 -2
v 1.6 0.8 -2.1
v 1.6 1.8 0.5
v 1.6 1.8 0.4
v 1.6 1.8 0.3
v 1.6 1.8 -0.3
v 1.6 1.8 -0.4
v 1.6 1.8 -0.5
v 1.6 1.9 0.5
v 1.6 1.9 0.4
v 1.6 1.9 0.3
v 1.6 1.9 -0.3
v 1.6 1.9 -0.4
v 1.6 1.9 -0.5
v 1.6 1.9 -0.6
v 1.6 2.4 0.5
v 1.6 2.4 0.4
v 1.6 2.4 0.3
v 1.6 2.4 -0.3
v 1.6 2.4 -0.4
v 1.6 2.4 -0.5
v 1.6 2.4 -0.6
v 1.6 2.5 0.5
v 1.6 2.5 0.4
v 1.6 2.5 0.3
v 1.6 2.5 -0.3
v 1.6 2.5 -0.4
v 1.6 2.5 -0.5
v 1.6 2.6 0.4
v 1.6 2.6 0.3
v 1.6 2.6 -0.3
v 1.6 2.6 -0.4
v 1.6 2.7 0.3
v 1.6 2.7 -0.3
v 1.6 2.7 -2
v 1.6 2.7 -2.3
v 1.6 2.8 -2
v 1.6 2.8 -2.2
v 1.6 2.8 -2.3
v 1.6 2.8 -2.4
v 1.6 2.9 -2.2
v 1.6 2.9 -2.3
v 1.6 3.8 -2.2
v 1.6 3.8 -2.3
v 1.6 3.9 -2
v 1.6 3.9 -2.2
v 1.6 3.9 -2.3
v 1.6 3.9 -2.4
v 1.6 4 -2
v 1.6 4 -2.1
v 1.6 4 -2.3
v 1.7 0.5 2.1
v 1.7 0.5 2
v 1.7 0.7 2.1
v 1.7 0.7 2
v 1.7 1.7 0.3
v 1.7 1.7 -0.3
v 1.7 1.8 0.4
v 1.7 1.8 0.3
v 1.7 1.8 -0.3
v 1.7 1.8 -0.4
v 1.7 1.9 0.4
v 1.7 1.9 0.3
v 1.7 1.9 -0.3
v 1.7 1.9 -0.4
v 1.7 1.9 -0.5
v 1.7 2.4 0.4
v 1.7 2.4 0.3
v 1.7 2.4 -0.3
v 1.7 2.4 -0.4
v 1.7 2.4 -0.5
v 1.7 2.5 0.4
v 1.7 2.5 0.3
v 1.7 2.5 -0.3
v 1.7 2.5 -0.4
v 1.7 2.6 0.3
v 1.7 2.6 -0.3
v 1.8 2.2 -0.1
v 1.8 2.2 -0.2
v 1.8 2.3 -0.1
v 1.8 2.3 -0.2
v 1.9 0.3 1.9
v 1.9 0.3 -1.9
v 1.9 0.5 0.0999999
v 1.9 0.5 -0.3
v 1.9 0.5 -1.3
v 1.9 0.5 -1.7
v 1.9 0.6 1.6
v 1.9 0.6 1.5
v 1.9 0.6 1
v 1.9 0.6 0.9
v 1.9 0.7 1.7
v 1.9 0.7 1.6
v 1.9 0.7 1.5
v 1.9 0.7 1.4
v 1.9 0.7 1.1
v 1.9 0.7 1
v 1.9 0.7 0.9
v 1.9 0.7 0.8
v 1.9 0.7 0.0999999
v 1.9 0.7 -0.3
v 1.9 0.7 -1.3
v 1.9 0.7 -1.7
v 1.9 0.8 1.7
v 1.9 0.8 1.6
v 1.9 0.8 1.5
v 1.9 0.8 1.4
v 1.9 0.8 1.1
v 1.9 0.8 1
v 1.9 0.8 0.9
v 1.9 0.8 0.8
v 1.9 0.9 1.6
v 1.9 0.9 1.5
v 1.9 0.9 1
v 1.9 0.9 0.9
v 1.9 1 1.3
v 1.9 1 1.2
v 1.9 1.1 1.4
v 1.9 1.1 1.3
v 1.9 1.1 1.2
v 1.9 1.1 1.1
v 1.9 1.2 1.4
v 1.9 1.2 1.3
v 1.9 1.2 1.2
v 1.9 1.2 1.1
v 1.9 1.3 1.3
v 1.9 1.3 1.2
v 1.9 2 0.0999999
v 1.9 2 -0.2
v 1.9 2.1 0.2
v 1.9 2.1 0.0999999
v 1.9 2.1 -0.2
v 1.9 2.1 -0.3
v 1.9 2.4 0.2
v 1.9 2.4 0.0999999
v 1.9 2.4 -0.2
v 1.9 2.4 -0.3
v 1.9 2.5 0.0999999
v 1.9 2.5 -0.2
v 1.9 2.7 1.7
v 1.9 2.7 1.6
v 1.9 2.7 1.4
v 1.9 2.7 1.3
v 1.9 2.8 1.7
v 1.9 2.8 1.6
v 1.9 2.8 1.4
v 1.9 2.8 1.3
v 1.9 3.6 1.4
v 1.9 3.6 1.3
v 1.9 3.7 1.4
v 1.9 3.7 1.3
v 1.9 3.9 1.7
v 1.9 3.9 1.6
v 1.9 4 1.9
v 1.9 4 1.7
v 1.9 4 1.6
v 1.9 4 -1.9
v 2 0.1 2.1
v 2 0.1 -2.1
v 2 0.2 2.1
v 2 0.2 -2.1
v 2 0.3 2.1
v 2 0.3 2
v 2 0.3 1.9
v 2 0.3 -1.9
v 2 0.3 -2
v 2 0.3 -2.1
v 2 0.5 0.0999999
v 2 0.5 0
v 2 0.5 -1.6
v 2 0.5 -1.7
v 2 0.6 1.6
v 2 0.6 1.5
v 2 0.6 1
v 2 0.6 0.9
v 2 0.7 1.7
v 2 0.7 1.6
v 2 0.7 1.5
v 2 0.7 1.4
v 2 0.7 1.1
v 2 0.7 1
v 2 0.7 0.9
v 2 0.7 0.8
v 2 0.7 0.0999999
v 2 0.7 0
v 2 0.7 -1.6
v 2 0.7 -1.7
v 2 0.8 1.7
v 2 0.8 1.6
v 2 0.8 1.5
v 2 0.8 1.4
v 2 0.8 1.1
v 2 0.8 1
v 2 0.8 0.9
v 2 0.8 0.8
v 2 0.9 1.6
v 2 0.9 1.5
v 2 0.9 1
v 2 0.9 0.9
v 2 1 1.3
v 2 1 1.2
v 2 1.1 1.4
v 2 1.1 1.3
v 2 1.1 1.2
v 2 1.1 1.1
v 2 1.2 1.4
v 2 1.2 1.3
v 2 1.2 1.2
v 2 1.2 1.1
v 2 1.3 1.3
v 2 1.3 1.2
v 2 4 2.1
v 2 4 2
v 2 4 1.9
v 2 4 1.7
v 2 4 1.6
v 2 4 -1.9
v 2 4 -2
v 2 4 -2.1
v 2 4.1 2.1
v 2 4.1 -2.1
v 2 4.2 2.1
v 2 4.2 -2.1
v 2.1 0.5 0
v 2.1 0.5 -0.1
v 2.1 0.5 -1.5
v 2.1 0.5 -1.6
v 2.1 0.7 0
v 2.1 0.7 -0.1
v 2.1 0.7 -1.5
v 2.1 0.7 -1.6
v 2.1 2.1 0.0999999
v 2.1 2.1 -0.2
v 2.1 2.4 0.0999999
v 2.1 2.4 -0.2
v 2.1 2.7 1.4
v 2.1 2.7 1.3
v 2.1 2.8 1.4
v 2.1 2.8 1.3
v 2.1 3.6 1.4
v 2.1 3.6 1.3
v 2.1 3.7 1.4
v 2.1 3.7 1.3
v 2.2 0.5 -0.1
v 2.2 0.5 -0.2
v 2.2 0.5 -1.4
v 2.2 0.5 -1.5
v 2.2 0.7 -0.1
v 2.2 0.7 -0.2
v 2.2 0.7 -1.4
v 2.2 0.7 -1.5
v 2.2 2.1 0.2
v 2.2 2.1 0.0999999
v 2.2 2.1 -0.2
v 2.2 2.1 -0.3
v 2.2 2.4 0.2
v 2.2 2.4 0.0999999
v 2.2 2.4 -0.2
v 2.2 2.4 -0.3
v 2.2 2.5 0.0999999
v 2.2 2.5 -0.2
v 2.2 2.7 1.7
v 2.2 2.7 1.6
v 2.2 2.8 1.7
v 2.2 2.8 1.6
v 2.2 2.8 1.4
v 2.2 2.8 1.3
v 2.2 3.6 1.4
v 2.2 3.6 1.3
v 2.2 3.9 1.7
v 2.2 3.9 1.6
v 2.2 4 1.7
v 2.2 4 1.6
v 2.3 0.5 -0.2
v 2.3 0.5 -1.4
v 2.3 0.7 -0.2
v 2.3 0.7 -1.4
v 2.3 2 0.2
v 2.3 2 -0.3
v 2.3 2.1 0.2
v 2.3 2.1 -0.3
v 2.3 2.1 -0.4
v 2.3 2.4 0.2
v 2.3 2.4 0.0999999
v 2.3 2.4 -0.2
v 2.3 2.4 -0.3
v 2.3 2.4 -0.4
v 2.3 2.5 0.2
v 2.3 2.5 0.0999999
v 2.3 2.5 -0.2
v 2.3 2.5 -0.3
v 2.3 2.8 1.7
v 2.3 2.8 1.6
v 2.3 3.9 1.7
v 2.3 3.9 1.6
v 2.4 2.1 0.3
v 2.4 2.1 0.2
v 2.4 2.4 -0.3
v 2.4 2.4 -0.4
v 2.4 2.5 0.3
v 2.4 2.5 0.2
v 2.4 2.5 -0.3
v 2.4 2.5 -0.4
v 2.6 1.8 0.2
v 2.6 1.8 -0.3
v 2.6 2 0.3
v 2.6 2 0.2
v 2.6 2 -0.3
v 2.6 2 -0.4
v 2.6 2.1 0.4
v 2.6 2.1 0.3
v 2.6 2.1 0.2
v 2.6 2.1 -0.3
v 2.6 2.1 -0.4
v 2.6 2.1 -0.5
v 2.6 2.5 0.4
v 2.6 2.5 0.3
v 2.6 2.5 -0.4
v 2.6 2.5 -0.5
v 2.6 2.6 0.3
v 2.6 2.6 -0.4
v 2.7 1.9 0.3
v 2.7 1.9 0.2
v 2.7 1.9 -0.3
v 2.7 1.9 -0.4
v 2.7 2 0.4
v 2.7 2 0.3
v 2.7 2 0.2
v 2.7 2 -0.3
v 2.7 2 -0.4
v 2.7 2 -0.5
v 2.7 2.1 0.4
v 2.7 2.1 0.3
v 2.7 2.1 -0.4
v 2.7 2.1 -0.5
v 3 1.7 0.2
v 3 1.7 -0.3
v 3 1.8 0.4
v 3 1.8 0.2
v 3 1.8 -0.3
v 3 1.8 -0.5
v 3 1.9 0.3
v 3 1.9 0.2
v 3 1.9 -0.3
v 3 1.9 -0.4
v 3 2 0.5
v 3 2 0.4
v 3 2 0.3
v 3 2 -0.4
v 3 2 -0.5
v 3 2 -0.6
v 3 2.5 0.5
v 3 2.5 0.4
v 3 2.5 0.3
v 3 2.5 -0.4
v 3 2.5 -0.5
v 3 2.5 -0.6
v 3 2.6 0.4
v 3 2.6 0.3
v 3 2.6 -0.4
v 3 2.6 -0.5
v 3.1 2.6 0.4
v 3.1 2.6 -0.5
v 3.1 2.7 0.4
v 3.1 2.7 -0.5
v 3.2 2.7 0.2
v 3.2 2.7 -0.3
v 3.2 2.8 0.2
v 3.2 2.8 -0.2
v 3.2 2.8 -0.3
v 3.3 1.5 0.2
v 3.3 1.5 -0.3
v 3.3 1.6 0.4
v 3.3 1.6 0.2
v 3.3 1.6 -0.3
v 3.3 1.6 -0.5
v 3.3 1.7 0.5
v 3.3 1.7 0.4
v 3.3 1.7 0.2
v 3.3 1.7 -0.3
v 3.3 1.7 -0.5
v 3.3 1.7 -0.6
v 3.3 1.8 0.6
v 3.3 1.8 0.5
v 3.3 1.8 0.4
v 3.3 1.8 0.2
v 3.3 1.8 -0.3
v 3.3 1.8 -0.5
v 3.3 1.8 -0.6
v 3.3 1.8 -0.7
v 3.3 2 0.7
v 3.3 2 0.6
v 3.3 2 0.5
v 3.3 2 0.4
v 3.3 2 -0.5
v 3.3 2 -0.6
v 3.3 2 -0.7
v 3.3 2 -0.8
v 3.3 2.5 0.7
v 3.3 2.5 0.6
v 3.3 2.5 0.5
v 3.3 2.5 0.4
v 3.3 2.5 -0.5
v 3.3 2.5 -0.6
v 3.3 2.5 -0.7
v 3.3 2.5 -0.8
v 3.3 2.7 0.6
v 3.3 2.7 0.5
v 3.3 2.7 0.4
v 3.3 2.7 0.2
v 3.3 2.7 -0.3
v 3.3 2.7 -0.5
v 3.3 2.7 -0.6
v 3.3 2.7 -0.7
v 3.3 2.8 0.5
v 3.3 2.8 0.4
v 3.3 2.8 0.2
v 3.3 2.8 -0.2
v 3.3 2.8 -0.3
v 3.3 2.8 -0.5
v 3.3 2.8 -0.6
v 3.3 2.9 0.4
v 3.3 2.9 0.2
v 3.3 2.9 -0.2
v 3.3 2.9 -0.3
v 3.3 2.9 -0.5
v 3.3 3 0.2
v 3.3 3 -0.3
v -1.7 2.8 2.4
v -1.7 3.9 2.4
v -1.6 2.8 2.4
v -1.6 3.9 2.4
v 0.2 0.5 2.4
v 0.2 0.7 2.4
v 1.4 0.5 2.4
v 1.4 0.7 2.4
v -1.7 2.7 2.3
v -1.7 2.8 2.3
v -1.7 3.9 2.3
v -1.7 4 2.3
v -1.6 2.7 2.3
v -1.6 2.8 2.3
v -1.6 3.9 2.3
v -1.6 4 2.3
v -1.4 2.8 2.3
v -1.4 3.6 2.3
v -1.3 2.8 2.3
v -1.3 3.6 2.3
v 0.1 0.5 2.3
v 0.1 0.7 2.3
v 0.2 0.5 2.3
v 0.2 0.7 2.3
v 1.4 0.5 2.3
v 1.4 0.7 2.3
v 1.5 0.5 2.3
v 1.5 0.7 2.3
v -1.4 2.7 2.2
v -1.4 2.8 2.2
v -1.4 3.6 2.2
v -1.4 3.7 2.2
v -1.3 2.7 2.2
v -1.3 2.8 2.2
v -1.3 3.6 2.2
v -1.3 3.7 2.2
v 0 0.5 2.2
v 0 0.7 2.2
v 0.1 0.5 2.2
v 0.1 0.7 2.2
v 1.5 0.5 2.2
v 1.5 0.7 2.2
v 1.6 0.5 2.2
v 1.6 0.7 2.2
v -2.1 0.1 2.1
v -2.1 0.2 2.1
v -2.1 0.3 2.1
v -2.1 4 2.1
v -2.1 4.1 2.1
v -2.1 4.2 2.1
v -2 0.3 2.1
v -2 4 2.1
v -1.9 0.3 2.1
v -1.9 4 2.1
v -1.7 0.7 2.1
v -1.7 0.8 2.1
v -1.7 4 2.1
v -1.6 0.6 2.1
v -1.6 0.7 2.1
v -1.6 0.8 2.1
v -1.6 0.9 2.1
v -1.6 4 2.1
v -1.5 0.6 2.1
v -1.5 0.7 2.1
v -1.5 0.8 2.1
v -1.5 0.9 2.1
v -1.4 0.7 2.1
v -1.4 0.8 2.1
v -1.4 1.1 2.1
v -1.4 1.2 2.1
v -1.3 1 2.1
v -1.3 1.1 2.1
v -1.3 1.2 2.1
v -1.3 1.3 2.1
v -1.2 1 2.1
v -1.2 1.1 2.1
v -1.2 1.2 2.1
v -1.2 1.3 2.1
v -1.1 0.7 2.1
v -1.1 0.8 2.1
v -1.1 1.1 2.1
v -1.1 1.2 2.1
v -1 0.6 2.1
v -1 0.7 2.1
v -1 0.8 2.1
v -1 0.9 2.1
v -0.9 0.6 2.1
v -0.9 0.7 2.1
v -0.9 0.8 2.1
v -0.9 0.9 2.1
v -0.8 0.7 2.1
v -0.8 0.8 2.1
v -0.0999999 0.5 2.1
v -0.0999999 0.7 2.1
v 0 0.5 2.1
v 0 0.7 2.1
v 1.6 0.5 2.1
v 1.6 0.7 2.1
v 1.7 0.5 2.1
v 1.7 0.7 2.1
v 1.8 0.3 2.1
v 1.8 4 2.1
v 1.9 0.3 2.1
v 1.9 4 2.1
v 2 0.1 2.1
v 2 0.2 2.1
v 2 0.3 2.1
v 2 4 2.1
v 2 4.1 2.1
v 2 4.2 2.1
v -1.9 0.3 2
v -1.9 4 2
v -1.7 0.7 2
v -1.7 0.8 2
v -1.7 2.7 2
v -1.7 2.8 2
v -1.7 3.9 2
v -1.7 4 2
v -1.6 0.6 2
v -1.6 0.7 2
v -1.6 0.8 2
v -1.6 0.9 2
v -1.6 2.7 2
v -1.6 2.8 2
v -1.6 3.9 2
v -1.6 4 2
v -1.5 0.6 2
v -1.5 0.7 2
v -1.5 0.8 2
v -1.5 0.9 2
v -1.4 0.7 2
v -1.4 0.8 2
v -1.4 1.1 2
v -1.4 1.2 2
v -1.4 2.7 2
v -1.4 2.8 2
v -1.4 3.6 2
v -1.4 3.7 2
v -1.3 1 2
v -1.3 1.1 2
v -1.3 1.2 2
v -1.3 1.3 2
v -1.3 2.7 2
v -1.3 2.8 2
v -1.3 3.6 2
v -1.3 3.7 2
v -1.2 1 2
v -1.2 1.1 2
v -1.2 1.2 2
v -1.2 1.3 2
v -1.1 0.7 2
v -1.1 0.8 2
v -1.1 1.1 2
v -1.1 1.2 2
v -1 0.6 2
v -1 0.7 2
v -1 0.8 2
v -1 0.9 2
v -0.9 0.6 2
v -0.9 0.7 2
v -0.9 0.8 2
v -0.9 0.9 2
v -0.8 0.7 2
v -0.8 0.8 2
v -0.7 1.9 2
v -0.7 2.4 2
v -0.6 1.8 2
v -0.6 1.9 2
v -0.6 2.4 2
v -0.6 2.5 2
v -0.5 1.7 2
v -0.5 1.8 2
v -0.5 1.9 2
v -0.5 2.4 2
v -0.5 2.5 2
v -0.5 2.6 2
v -0.4 1.6 2
v -0.4 1.7 2
v -0.4 1.8 2
v -0.4 2.5 2
v -0.4 2.6 2
v -0.4 2.7 2
v -0.3 1.5 2
v -0.3 1.6 2
v -0.3 1.7 2
v -0.3 2.6 2
v -0.3 2.7 2
v -0.3 2.8 2
v -0.0999999 0.5 2
v -0.0999999 0.7 2
v 0.2 1.5 2
v 0.2 1.6 2
v 0.2 1.7 2
v 0.2 2.6 2
v 0.2 2.7 2
v 0.2 2.8 2
v 0.3 0.5 2
v 0.3 0.7 2
v 0.3 1.6 2
v 0.3 1.7 2
v 0.3 1.8 2
v 0.3 2.5 2
v 0.3 2.6 2
v 0.3 2.7 2
v 0.4 1.7 2
v 0.4 1.8 2
v 0.4 1.9 2
v 0.4 2.4 2
v 0.4 2.5 2
v 0.4 2.6 2
v 0.5 1.8 2
v 0.5 1.9 2
v 0.5 2.4 2
v 0.5 2.5 2
v 0.6 1.9 2
v 0.6 2.4 2
v 1.3 0.5 2
v 1.3 0.7 2
v 1.7 0.5 2
v 1.7 0.7 2
v 1.8 0.3 2
v 1.8 4 2
v -0.6 1.9 1.8
v -0.6 2.4 1.8
v -0.5 1.8 1.8
v -0.5 1.9 1.8
v -0.5 2.4 1.8
v -0.5 2.5 1.8
v -0.4 1.7 1.8
v -0.4 1.8 1.8
v -0.4 1.9 1.8
v -0.4 2.4 1.8
v -0.4 2.5 1.8
v -0.4 2.6 1.8
v -0.3 1.6 1.8
v -0.3 1.7 1.8
v -0.3 1.8 1.8
v -0.3 2.5 1.8
v -0.3 2.6 1.8
v -0.3 2.7 1.8
v 0.2 1.6 1.8
v 0.2 1.7 1.8
v 0.2 1.8 1.8
v 0.2 2.5 1.8
v 0.2 2.6 1.8
v 0.2 2.7 1.8
v 0.3 1.7 1.8
v 0.3 1.8 1.8
v 0.3 1.9 1.8
v 0.3 2.4 1.8
v 0.3 2.5 1.8
v 0.3 2.6 1.8
v 0.4 1.8 1.8
v 0.4 1.9 1.8
v 0.4 2.4 1.8
v 0.4 2.5 1.8
v 0.5 1.9 1.8
v 0.5 2.4 1.8
v -2.1 0.5 1.7
v -2.1 0.7 1.7
v -2 0.5 1.7
v -2 0.7 1.7
v -1.7 0.1 1.7
v -1.7 0.2 1.7
v -1.6 5.96046e-08 1.7
v -1.6 0.1 1.7
v -1.5 -0.0999999 1.7
v -1.5 5.96046e-08 1.7
v -1.4 -0.2 1.7
v -1.4 -0.0999999 1.7
v -1.3 0.1 1.7
v -1.3 0.2 1.7
v -1.2 5.96046e-08 1.7
v -1.2 0.1 1.7
v -0.5 1.9 1.7
v -0.5 2.4 1.7
v -0.4 5.96046e-08 1.7
v -0.4 0.1 1.7
v -0.4 1.8 1.7
v -0.4 1.9 1.7
v -0.4 2.4 1.7
v -0.4 2.5 1.7
v -0.3 0.1 1.7
v -0.3 0.2 1.7
v -0.3 1.7 1.7
v -0.3 1.8 1.7
v -0.3 1.9 1.7
v -0.3 2.4 1.7
v -0.3 2.5 1.7
v -0.3 2.6 1.7
v -0.2 -0.2 1.7
v -0.2 -0.0999999 1.7
v -0.0999999 -0.0999999 1.7
v -0.0999999 5.96046e-08 1.7
v 0 5.96046e-08 1.7
v 0 0.1 1.7
v 0.1 0.1 1.7
v 0.1 0.2 1.7
v 0.2 1.7 1.7
v 0.2 1.8 1.7
v 0.2 1.9 1.7
v 0.2 2.4 1.7
v 0.2 2.5 1.7
v 0.2 2.6 1.7
v 0.3 1.8 1.7
v 0.3 1.9 1.7
v 0.3 2.4 1.7
v 0.3 2.5 1.7
v 0.4 1.9 1.7
v 0.4 2.4 1.7
v 1.9 0.7 1.7
v 1.9 0.8 1.7
v 1.9 2.7 1.7
v 1.9 2.8 1.7
v 1.9 3.9 1.7
v 1.9 4 1.7
v 2 0.7 1.7
v 2 0.8 1.7
v 2 4 1.7
v 2.1 2.8 1.7
v 2.1 2.9 1.7
v 2.1 3.8 1.7
v 2.1 3.9 1.7
v 2.2 2.7 1.7
v 2.2 2.8 1.7
v 2.2 2.9 1.7
v 2.2 3.8 1.7
v 2.2 3.9 1.7
v 2.2 4 1.7
v 2.3 2.8 1.7
v 2.3 3.9 1.7
v -2.2 0.5 1.6
v -2.2 0.7 1.6
v -2.1 0.5 1.6
v -2.1 0.7 1.6
v -0.4 1.9 1.6
v -0.4 2.4 1.6
v -0.3 1.8 1.6
v -0.3 1.9 1.6
v -0.3 2.4 1.6
v -0.3 2.5 1.6
v 0.2 1.8 1.6
v 0.2 1.9 1.6
v 0.2 2.4 1.6
v 0.2 2.5 1.6
v 0.3 1.9 1.6
v 0.3 2.4 1.6
v 0.8 0.1 1.6
v 0.8 0.2 1.6
v 0.9 0.1 1.6
v 0.9 0.2 1.6
v 1.4 0.1 1.6
v 1.4 0.2 1.6
v 1.5 0.1 1.6
v 1.5 0.2 1.6
v 1.9 0.6 1.6
v 1.9 0.7 1.6
v 1.9 0.8 1.6
v 1.9 0.9 1.6
v 2 0.6 1.6
v 2 0.7 1.6
v 2 0.8 1.6
v 2 0.9 1.6
v -2.3 0.5 1.5
v -2.3 0.7 1.5
v -2.2 0.5 1.5
v -2.2 0.7 1.5
v 0.7 0.1 1.5
v 0.7 0.2 1.5
v 0.8 0.1 1.5
v 0.8 0.2 1.5
v 0.9 0.1 1.5
v 0.9 0.2 1.5
v 1 0.1 1.5
v 1 0.2 1.5
v 1.3 0.1 1.5
v 1.3 0.2 1.5
v 1.4 0.1 1.5
v 1.4 0.2 1.5
v 1.5 0.1 1.5
v 1.5 0.2 1.5
v 1.6 0.1 1.5
v 1.6 0.2 1.5
v -2.4 0.5 1.4
v -2.4 0.7 1.4
v -2.3 0.5 1.4
v -2.3 0.7 1.4
v 1.9 1.1 1.4
v 1.9 1.2 1.4
v 1.9 2.7 1.4
v 1.9 2.8 1.4
v 1.9 3.6 1.4
v 1.9 3.7 1.4
v 2 1.1 1.4
v 2 1.2 1.4
v 2 2.8 1.4
v 2 2.9 1.4
v 2 3.5 1.4
v 2 3.6 1.4
v 2.1 2.7 1.4
v 2.1 2.8 1.4
v 2.1 2.9 1.4
v 2.1 3.5 1.4
v 2.1 3.6 1.4
v 2.1 3.7 1.4
v 2.2 2.8 1.4
v 2.2 3.6 1.4
v 1.9 1 1.3
v 1.9 1.1 1.3
v 1.9 1.2 1.3
v 1.9 1.3 1.3
v 2 1 1.3
v 2 1.1 1.3
v 2 1.2 1.3
v 2 1.3 1.3
v 1.1 0.1 1.2
v 1.1 0.2 1.2
v 1.2 0.1 1.2
v 1.2 0.2 1.2
v 1 0.1 1.1
v 1 0.2 1.1
v 1.1 0.1 1.1
v 1.1 0.2 1.1
v 1.2 0.1 1.1
v 1.2 0.2 1.1
v 1.3 0.1 1.1
v 1.3 0.2 1.1
v 1.9 0.7 1.1
v 1.9 0.8 1.1
v 2 0.7 1.1
v 2 0.8 1.1
v 1.9 0.6 1
v 1.9 0.7 1
v 1.9 0.8 1
v 1.9 0.9 1
v 2 0.6 1
v 2 0.7 1
v 2 0.8 1
v 2 0.9 1
v 3 2 0.7
v 3 2.5 0.7
v 3.3 2 0.7
v 3.3 2.5 0.7
v 2.6 2 0.6
v 2.6 2.5 0.6
v 3 1.8 0.6
v 3 2 0.6
v 3 2.5 0.6
v 3 2.7 0.6
v 3.3 1.8 0.6
v 3.3 2 0.6
v 3.3 2.5 0.6
v 3.3 2.7 0.6
v -1.8 2 0.5
v -1.8 2.4 0.5
v -1.7 2 0.5
v -1.7 2.4 0.5
v 2.3 2 0.5
v 2.3 2.5 0.5
v 2.6 1.8 0.5
v 2.6 2 0.5
v 2.6 2.5 0.5
v 2.6 2.7 0.5
v 3 1.7 0.5
v 3 1.8 0.5
v 3 2 0.5
v 3 2.5 0.5
v 3 2.7 0.5
v 3 2.8 0.5
v 3.3 1.7 0.5
v 3.3 1.8 0.5
v 3.3 2.7 0.5
v 3.3 2.8 0.5
v -2.2 0.5 0.4
v -2.2 0.7 0.4
v -2.1 0.5 0.4
v -2.1 0.7 0.4
v -1.7 1.9 0.4
v -1.7 2.5 0.4
v -1.6 1.9 0.4
v -1.6 2.5 0.4
v -0.3 0.4 0.4
v -0.3 0.6 0.4
v 0 0.4 0.4
v 0 0.5 0.4
v 0.2 0.5 0.4
v 0.2 0.6 0.4
v 1.6 1.8 0.4
v 1.6 1.9 0.4
v 1.6 2.4 0.4
v 1.6 2.5 0.4
v 1.7 1.8 0.4
v 1.7 1.9 0.4
v 1.7 2.4 0.4
v 1.7 2.5 0.4
v 2.2 2 0.4
v 2.2 2.5 0.4
v 2.3 1.9 0.4
v 2.3 2 0.4
v 2.3 2.5 0.4
v 2.3 2.6 0.4
v 2.6 1.7 0.4
v 2.6 1.8 0.4
v 2.6 1.9 0.4
v 2.6 2 0.4
v 2.6 2.5 0.4
v 2.6 2.6 0.4
v 2.6 2.7 0.4
v 2.6 2.8 0.4
v 3 1.6 0.4
v 3 1.7 0.4
v 3 1.8 0.4
v 3 2.7 0.4
v 3 2.8 0.4
v 3 2.9 0.4
v 3.3 1.6 0.4
v 3.3 1.7 0.4
v 3.3 2.8 0.4
v 3.3 2.9 0.4
v -2.1 0.5 0.3
v -2.1 0.7 0.3
v -2 0.5 0.3
v -2 0.7 0.3
v 1.6 2.5 0.3
v 1.6 2.6 0.3
v 1.7 2.5 0.3
v 1.7 2.6 0.3
v 2 2.1 0.3
v 2 2.4 0.3
v 2.2 1.9 0.3
v 2.2 2 0.3
v 2.2 2.1 0.3
v 2.2 2.4 0.3
v 2.2 2.5 0.3
v 2.2 2.6 0.3
v 2.3 1.8 0.3
v 2.3 1.9 0.3
v 2.3 2 0.3
v 2.3 2.5 0.3
v 2.3 2.6 0.3
v 2.3 2.7 0.3
v 2.6 1.8 0.3
v 2.6 1.9 0.3
v 2.6 2.6 0.3
v 2.6 2.7 0.3
v -0.4 0.5 0.2
v -0.4 0.6 0.2
v -0.3 0.5 0.2
v -0.3 0.6 0.2
v 0.2 0.5 0.2
v 0.2 0.6 0.2
v 0.3 0.5 0.2
v 0.3 0.6 0.2
v 1.9 2.1 0.2
v 1.9 2.4 0.2
v 2 2 0.2
v 2 2.1 0.2
v 2 2.4 0.2
v 2 2.5 0.2
v 2.2 1.8 0.2
v 2.2 1.9 0.2
v 2.2 2 0.2
v 2.2 2.1 0.2
v 2.2 2.4 0.2
v 2.2 2.5 0.2
v 2.2 2.6 0.2
v 2.2 2.7 0.2
v 2.3 1.7 0.2
v 2.3 1.8 0.2
v 2.3 1.9 0.2
v 2.3 2.6 0.2
v 2.3 2.7 0.2
v 2.3 2.8 0.2
v 2.6 1.6 0.2
v 2.6 1.7 0.2
v 2.6 1.8 0.2
v 2.6 2.7 0.2
v 2.6 2.8 0.2
v 2.6 2.9 0.2
v 3 1.5 0.2
v 3 1.6 0.2
v 3 1.7 0.2
v 3 2.8 0.2
v 3 2.9 0.2
v 3 3 0.2
v 3.3 1.5 0.2
v 3.3 1.6 0.2
v 3.3 2.9 0.2
v 3.3 3 0.2
v 1.9 0.5 0.0999999
v 1.9 0.7 0.0999999
v 1.9 2 0.0999999
v 1.9 2.1 0.0999999
v 1.9 2.4 0.0999999
v 1.9 2.5 0.0999999
v 2 0.5 0.0999999
v 2 0.7 0.0999999
v 2 1.9 0.0999999
v 2 2 0.0999999
v 2 2.1 0.0999999
v 2 2.4 0.0999999
v 2 2.5 0.0999999
v 2 2.6 0.0999999
v 2.2 1.9 0.0999999
v 2.2 2 0.0999999
v 2.2 2.5 0.0999999
v 2.2 2.6 0.0999999
v 2 0.5 0
v 2 0.7 0
v 2.1 0.5 0
v 2.1 0.7 0
v 2.1 0.5 -0.1
v 2.1 0.7 -0.1
v 2.2 0.5 -0.1
v 2.2 0.7 -0.1
v -1.8 2.6 -0.2
v -1.8 2.7 -0.2
v -1.7 2.6 -0.2
v -1.7 2.7 -0.2
v 1.8 2.2 -0.2
v 1.8 2.3 -0.2
v 1.9 2.2 -0.2
v 1.9 2.3 -0.2
v 2.1 2.1 -0.2
v 2.1 2.4 -0.2
v 2.2 0.5 -0.2
v 2.2 0.7 -0.2
v 2.2 2.1 -0.2
v 2.2 2.4 -0.2
v 2.2 2.5 -0.2
v 2.3 0.5 -0.2
v 2.3 0.7 -0.2
v 2.3 2.4 -0.2
v 2.3 2.5 -0.2
v -2 1.6 -0.3
v -2 1.7 -0.3
v -2 2.6 -0.3
v -2 2.7 -0.3
v -1.9 1.6 -0.3
v -1.9 1.7 -0.3
v -1.9 1.8 -0.3
v -1.9 2.5 -0.3
v -1.9 2.6 -0.3
v -1.9 2.7 -0.3
v -1.8 1.7 -0.3
v -1.8 1.8 -0.3
v -1.8 1.9 -0.3
v -1.8 2.4 -0.3
v -1.8 2.5 -0.3
v -1.8 2.6 -0.3
v -1.7 1.6 -0.3
v -1.7 1.7 -0.3
v -1.7 1.8 -0.3
v -1.7 1.9 -0.3
v -1.7 2.4 -0.3
v -1.7 2.5 -0.3
v -1.7 2.6 -0.3
v -1.7 2.7 -0.3
v -1.6 1.6 -0.3
v -1.6 1.7 -0.3
v -1.6 2.6 -0.3
v -1.6 2.7 -0.3
v -1.5 1.6 -0.3
v -1.5 1.7 -0.3
v -1.5 2.6 -0.3
v -1.5 2.7 -0.3
v -1 1.6 -0.3
v -1 1.7 -0.3
v -1 2.6 -0.3
v -1 2.7 -0.3
v -0.6 0.2 -0.3
v -0.6 0.3 -0.3
v -0.6 0.4 -0.3
v -0.6 0.5 -0.3
v -0.6 0.6 -0.3
v -0.5 0.2 -0.3
v -0.5 0.3 -0.3
v -0.5 0.4 -0.3
v -0.5 0.5 -0.3
v -0.5 0.6 -0.3
v -0.4 0.3 -0.3
v -0.4 0.4 -0.3
v -0.4 0.5 -0.3
v -0.3 0.4 -0.3
v -0.3 0.5 -0.3
v 0.2 0.4 -0.3
v 0.2 0.5 -0.3
v 0.3 0.3 -0.3
v 0.3 0.4 -0.3
v 0.3 0.5 -0.3
v 0.4 0.2 -0.3
v 0.4 0.3 -0.3
v 0.4 0.4 -0.3
v 0.4 0.5 -0.3
v 0.4 0.6 -0.3
v 0.5 0.2 -0.3
v 0.5 0.3 -0.3
v 0.5 0.4 -0.3
v 0.5 0.6 -0.3
v 0.9 1.6 -0.3
v 0.9 1.7 -0.3
v 0.9 2.6 -0.3
v 0.9 2.7 -0.3
v 1.4 1.7 -0.3
v 1.4 1.8 -0.3
v 1.5 1.7 -0.3
v 1.5 1.8 -0.3
v 1.5 2.6 -0.3
v 1.5 2.7 -0.3
v 1.6 1.6 -0.3
v 1.6 1.7 -0.3
v 1.6 1.8 -0.3
v 1.6 1.9 -0.3
v 1.6 2.4 -0.3
v 1.6 2.5 -0.3
v 1.6 2.6 -0.3
v 1.6 2.7 -0.3
v 1.7 1.7 -0.3
v 1.7 1.8 -0.3
v 1.7 1.9 -0.3
v 1.7 2.4 -0.3
v 1.7 2.5 -0.3
v 1.7 2.6 -0.3
v 1.7 2.7 -0.3
v 1.8 1.7 -0.3
v 1.8 1.8 -0.3
v 1.8 2.5 -0.3
v 1.8 2.6 -0.3
v 2.2 2.1 -0.3
v 2.2 2.4 -0.3
v 2.3 2 -0.3
v 2.3 2.1 -0.3
v 2.3 2.4 -0.3
v 2.3 2.5 -0.3
v 2.4 2.4 -0.3
v 2.4 2.5 -0.3
v 2.6 1.8 -0.3
v 2.6 2 -0.3
v 2.6 2.1 -0.3
v 2.7 1.9 -0.3
v 2.7 2 -0.3
v 3 1.7 -0.3
v 3 1.8 -0.3
v 3 1.9 -0.3
v 3.2 2.7 -0.3
v 3.2 2.8 -0.3
v 3.3 1.7 -0.3
v 3.3 1.8 -0.3
v 3.3 2.7 -0.3
v 3.3 2.8 -0.3
v -2 1.7 -0.4
v -2 1.8 -0.4
v -2 2.5 -0.4
v -2 2.6 -0.4
v -1.9 1.7 -0.4
v -1.9 1.8 -0.4
v -1.9 1.9 -0.4
v -1.9 2.4 -0.4
v -1.9 2.5 -0.4
v -1.9 2.6 -0.4
v -1.8 1.8 -0.4
v -1.8 1.9 -0.4
v -1.8 2.4 -0.4
v -1.8 2.5 -0.4
v -1.7 1.9 -0.4
v -1.7 2.4 -0.4
v -1.7 2.5 -0.4
v -1.7 2.6 -0.4
v -1.6 2.5 -0.4
v -1.6 2.6 -0.4
v -1.5 1.7 -0.4
v -1.5 1.8 -0.4
v -1.5 2.5 -0.4
v -1.5 2.6 -0.4
v -1 1.7 -0.4
v -1 1.8 -0.4
v -1 2.5 -0.4
v -1 2.6 -0.4
v -0.5 0.2 -0.4
v -0.5 0.3 -0.4
v -0.5 0.4 -0.4
v -0.5 0.5 -0.4
v -0.5 0.6 -0.4
v -0.4 0.2 -0.4
v -0.4 0.3 -0.4
v -0.4 0.4 -0.4
v -0.4 0.5 -0.4
v -0.4 0.6 -0.4
v -0.3 0.3 -0.4
v -0.3 0.4 -0.4
v -0.3 0.5 -0.4
v 0.2 0.3 -0.4
v 0.2 0.4 -0.4
v 0.2 0.5 -0.4
v 0.3 0.2 -0.4
v 0.3 0.3 -0.4
v 0.3 0.4 -0.4
v 0.3 0.5 -0.4
v 0.3 0.6 -0.4
v 0.4 0.2 -0.4
v 0.4 0.3 -0.4
v 0.4 0.4 -0.4
v 0.4 0.6 -0.4
v 0.9 1.7 -0.4
v 0.9 1.8 -0.4
v 0.9 2.5 -0.4
v 0.9 2.6 -0.4
v 1.4 1.7 -0.4
v 1.4 1.8 -0.4
v 1.5 2.5 -0.4
v 1.5 2.6 -0.4
v 1.6 1.9 -0.4
v 1.6 2.4 -0.4
v 1.6 2.5 -0.4
v 1.6 2.6 -0.4
v 1.7 1.8 -0.4
v 1.7 1.9 -0.4
v 1.7 2.4 -0.4
v 1.7 2.5 -0.4
v 1.7 2.6 -0.4
v 1.8 1.8 -0.4
v 1.8 1.9 -0.4
v 1.8 2.4 -0.4
v 1.8 2.5 -0.4
v 2.3 2.1 -0.4
v 2.3 2.4 -0.4
v 2.4 2.4 -0.4
v 2.4 2.5 -0.4
v 2.6 2 -0.4
v 2.6 2.1 -0.4
v 2.6 2.5 -0.4
v 2.6 2.6 -0.4
v 2.7 1.9 -0.4
v 2.7 2 -0.4
v 2.7 2.1 -0.4
v 3 1.9 -0.4
v 3 2 -0.4
v 3 2.5 -0.4
v 3 2.6 -0.4
v -2 1.8 -0.5
v -2 1.9 -0.5
v -2 2.4 -0.5
v -2 2.5 -0.5
v -1.9 1.8 -0.5
v -1.9 1.9 -0.5
v -1.9 2.4 -0.5
v -1.9 2.5 -0.5
v -1.8 1.9 -0.5
v -1.8 2.4 -0.5
v -1.7 2 -0.5
v -1.7 2.1 -0.5
v -1.7 2.4 -0.5
v -1.7 2.5 -0.5
v -1.6 2 -0.5
v -1.6 2.1 -0.5
v -1.6 2.4 -0.5
v -1.6 2.5 -0.5
v -1.5 1.8 -0.5
v -1.5 1.9 -0.5
v -1.5 2.4 -0.5
v -1.5 2.5 -0.5
v -1 1.8 -0.5
v -1 1.9 -0.5
v -1 2.4 -0.5
v -1 2.5 -0.5
v -0.4 0.2 -0.5
v -0.4 0.3 -0.5
v -0.4 0.4 -0.5
v -0.4 0.5 -0.5
v -0.4 0.6 -0.5
v -0.3 0.2 -0.5
v -0.3 0.3 -0.5
v -0.3 0.4 -0.5
v -0.3 0.5 -0.5
v -0.3 0.6 -0.5
v 0.2 0.2 -0.5
v 0.2 0.3 -0.5
v 0.2 0.4 -0.5
v 0.2 0.5 -0.5
v 0.2 0.6 -0.5
v 0.3 0.2 -0.5
v 0.3 0.3 -0.5
v 0.3 0.4 -0.5
v 0.3 0.6 -0.5
v 0.9 1.8 -0.5
v 0.9 1.9 -0.5
v 0.9 2.4 -0.5
v 0.9 2.5 -0.5
v 1 2.2 -0.5
v 1 2.3 -0.5
v 1.2 2.3 -0.5
v 1.2 2.4 -0.5
v 1.3 2.2 -0.5
v 1.3 2.4 -0.5
v 1.5 1.8 -0.5
v 1.5 1.9 -0.5
v 1.5 2.4 -0.5
v 1.5 2.5 -0.5
v 1.6 1.8 -0.5
v 1.6 1.9 -0.5
v 1.6 2.4 -0.5
v 1.6 2.5 -0.5
v 1.7 1.8 -0.5
v 1.7 1.9 -0.5
v 1.7 2.4 -0.5
v 1.7 2.5 -0.5
v 1.8 1.9 -0.5
v 1.8 2.4 -0.5
v 2.6 2.1 -0.5
v 2.6 2.5 -0.5
v 2.7 2 -0.5
v 2.7 2.1 -0.5
v 3 1.8 -0.5
v 3 2 -0.5
v 3 2.5 -0.5
v 3 2.6 -0.5
v 3.1 2.6 -0.5
v 3.1 2.7 -0.5
v 3.3 1.8 -0.5
v 3.3 2 -0.5
v 3.3 2.5 -0.5
v 3.3 2.7 -0.5
v -2 1.9 -0.6
v -2 2.4 -0.6
v -1.9 1.9 -0.6
v -1.9 2.4 -0.6
v -1.7 1.9 -0.6
v -1.7 2 -0.6
v -1.7 2.1 -0.6
v -1.7 2.4 -0.6
v -1.6 1.9 -0.6
v -1.6 2 -0.6
v -1.6 2.1 -0.6
v -1.6 2.4 -0.6
v -1.5 1.9 -0.6
v -1.5 2.4 -0.6
v -1 1.9 -0.6
v -1 2.4 -0.6
v -0.3 0.2 -0.6
v -0.3 0.3 -0.6
v -0.3 0.4 -0.6
v -0.3 0.5 -0.6
v -0.3 0.6 -0.6
v 0.1 0.6 -0.6
v 0.2 0.2 -0.6
v 0.2 0.3 -0.6
v 0.2 0.4 -0.6
v 0.2 0.6 -0.6
v 0.9 1.9 -0.6
v 0.9 2.4 -0.6
v 1 2.2 -0.6
v 1 2.3 -0.6
v 1.2 5.96046e-08 -0.6
v 1.2 0.2 -0.6
v 1.2 2.3 -0.6
v 1.2 2.4 -0.6
v 1.3 5.96046e-08 -0.6
v 1.3 0.2 -0.6
v 1.3 2.2 -0.6
v 1.3 2.4 -0.6
v 1.5 -0.0999999 -0.6
v 1.5 0.2 -0.6
v 1.5 1.9 -0.6
v 1.5 2.4 -0.6
v 1.6 -0.0999999 -0.6
v 1.6 0.2 -0.6
v 1.6 1.9 -0.6
v 1.6 2.4 -0.6
v 1.7 1.9 -0.6
v 1.7 2.4 -0.6
v 3 2 -0.6
v 3 2.5 -0.6
v 3.3 2 -0.6
v 3.3 2.5 -0.6
v 1.2 -0.0999999 -0.7
v 1.2 5.96046e-08 -0.7
v 1.3 -0.0999999 -0.7
v 1.3 5.96046e-08 -0.7
v 1.5 -0.2 -0.7
v 1.5 -0.0999999 -0.7
v 1.6 -0.2 -0.7
v 1.6 -0.0999999 -0.7
v -2.1 0.7 -0.8
v -2.1 0.8 -0.8
v -2 0.7 -0.8
v -2 0.8 -0.8
v -2.1 0.6 -0.9
v -2.1 0.7 -0.9
v -2.1 0.8 -0.9
v -2.1 0.9 -0.9
v -2 0.6 -0.9
v -2 0.7 -0.9
v -2 0.8 -0.9
v -2 0.9 -0.9
v -2.1 1.1 -1.1
v -2.1 1.2 -1.1
v -2 1.1 -1.1
v -2 1.2 -1.1
v -2.1 1 -1.2
v -2.1 1.1 -1.2
v -2.1 1.2 -1.2
v -2.1 1.3 -1.2
v -2 1 -1.2
v -2 1.1 -1.2
v -2 1.2 -1.2
v -2 1.3 -1.2
v 2 0.5 -1.2
v 2 0.7 -1.2
v 2.1 0.5 -1.2
v 2.1 0.7 -1.2
v -2.3 2.8 -1.3
v -2.3 3.6 -1.3
v -2.2 2.7 -1.3
v -2.2 2.8 -1.3
v -2.2 2.9 -1.3
v -2.2 3.5 -1.3
v -2.2 3.6 -1.3
v -2.2 3.7 -1.3
v -2.1 2.8 -1.3
v -2.1 2.9 -1.3
v -2.1 3.5 -1.3
v -2.1 3.6 -1.3
v -2 2.7 -1.3
v -2 2.8 -1.3
v -2 3.6 -1.3
v -2 3.7 -1.3
v 1.9 0.5 -1.3
v 1.9 0.7 -1.3
v 2 0.5 -1.3
v 2 0.7 -1.3
v -2.1 0.7 -1.4
v -2.1 0.8 -1.4
v -2 0.7 -1.4
v -2 0.8 -1.4
v 1.2 5.96046e-08 -1.4
v 1.2 0.1 -1.4
v 1.3 5.96046e-08 -1.4
v 1.3 0.1 -1.4
v -2.1 0.6 -1.5
v -2.1 0.7 -1.5
v -2.1 0.8 -1.5
v -2.1 0.9 -1.5
v -2 0.6 -1.5
v -2 0.7 -1.5
v -2 0.8 -1.5
v -2 0.9 -1.5
v 1.2 0.1 -1.5
v 1.2 0.2 -1.5
v 1.3 0.1 -1.5
v 1.3 0.2 -1.5
v -2.4 2.8 -1.6
v -2.4 3.9 -1.6
v -2.3 2.7 -1.6
v -2.3 2.8 -1.6
v -2.3 2.9 -1.6
v -2.3 3.8 -1.6
v -2.3 3.9 -1.6
v -2.3 4 -1.6
v -2.2 2.8 -1.6
v -2.2 2.9 -1.6
v -2.2 3.8 -1.6
v -2.2 3.9 -1.6
v -2.1 4 -1.6
v -2 2.7 -1.6
v -2 2.8 -1.6
v -2 3.9 -1.6
v -2 4 -1.6
v 1.5 -0.0999999 -1.7
v 1.5 5.96046e-08 -1.7
v 1.6 -0.0999999 -1.7
v 1.6 5.96046e-08 -1.7
v 1.5 5.96046e-08 -1.8
v 1.5 0.2 -1.8
v 1.6 5.96046e-08 -1.8
v 1.6 0.2 -1.8
v -2.1 0.3 -1.9
v -2.1 4 -1.9
v -2 0.3 -1.9
v -2 4 -1.9
v -1.9 0.1 -1.9
v -1.9 0.2 -1.9
v 1.5 0.1 -1.9
v 1.5 0.2 -1.9
v 1.6 0.1 -1.9
v 1.6 0.2 -1.9
v 1.8 0.1 -1.9
v 1.8 0.2 -1.9
v 1.9 0.3 -1.9
v 1.9 4 -1.9
v 2 0.3 -1.9
v 2 4 -1.9
v -1.3 0.5 -2.1
v -1.3 0.7 -2.1
v -1.2 0.5 -2.1
v -1.2 0.7 -2.1
v -0.4 0.5 -2.1
v -0.4 0.7 -2.1
v -0.3 0.5 -2.1
v -0.3 0.7 -2.1
v 1.2 2.8 -2.1
v 1.2 2.9 -2.1
v 1.2 3.5 -2.1
v 1.2 3.6 -2.1
v 1.3 2.8 -2.1
v 1.3 2.9 -2.1
v 1.3 3.5 -2.1
v 1.3 3.6 -2.1
v -1.2 0.5 -2.2
v -1.2 0.7 -2.2
v -0.4 0.5 -2.2
v -0.4 0.7 -2.2
v 1.2 2.9 -2.2
v 1.2 3.5 -2.2
v 1.3 2.9 -2.2
v 1.3 3.5 -2.2
v 1.5 2.8 -2.2
v 1.5 2.9 -2.2
v 1.5 3.8 -2.2
v 1.5 3.9 -2.2
v 1.6 2.8 -2.2
v 1.6 2.9 -2.2
v 1.6 3.8 -2.2
v 1.6 3.9 -2.2
v 1.5 2.9 -2.3
v 1.5 3.8 -2.3
v 1.6 2.9 -2.3
v 1.6 3.8 -2.3
v -1.7 2.9 2.3
v -1.7 3.8 2.3
v -1.6 2.9 2.3
v -1.6 3.8 2.3
v -1.7 2.8 2.2
v -1.7 2.9 2.2
v -1.7 3.8 2.2
v -1.7 3.9 2.2
v -1.6 2.8 2.2
v -1.6 2.9 2.2
v -1.6 3.8 2.2
v -1.6 3.9 2.2
v -1.4 2.9 2.2
v -1.4 3.5 2.2
v -1.3 2.9 2.2
v -1.3 3.5 2.2
v 0.4 0.5 2.2
v 0.4 0.7 2.2
v 1.2 0.5 2.2
v 1.2 0.7 2.2
v -1.4 2.8 2.1
v -1.4 2.9 2.1
v -1.4 3.5 2.1
v -1.4 3.6 2.1
v -1.3 2.8 2.1
v -1.3 2.9 2.1
v -1.3 3.5 2.1
v -1.3 3.6 2.1
v 0.3 0.5 2.1
v 0.3 0.7 2.1
v 0.4 0.5 2.1
v 0.4 0.7 2.1
v 1.2 0.5 2.1
v 1.2 0.7 2.1
v 1.3 0.5 2.1
v 1.3 0.7 2.1
v -2.1 0.3 1.9
v -2.1 4 1.9
v -2 0.3 1.9
v -2 4 1.9
v -1.9 0.1 1.9
v -1.9 0.2 1.9
v 1.8 0.1 1.9
v 1.8 0.2 1.9
v 1.9 0.3 1.9
v 1.9 4 1.9
v 2 0.3 1.9
v 2 4 1.9
v 1.9 2.7 1.6
v 1.9 2.8 1.6
v 1.9 3.9 1.6
v 1.9 4 1.6
v 2 4 1.6
v 2.1 2.8 1.6
v 2.1 2.9 1.6
v 2.1 3.8 1.6
v 2.1 3.9 1.6
v 2.2 2.7 1.6
v 2.2 2.8 1.6
v 2.2 2.9 1.6
v 2.2 3.8 1.6
v 2.2 3.9 1.6
v 2.2 4 1.6
v 2.3 2.8 1.6
v 2.3 3.9 1.6
v -1.7 0.1 1.5
v -1.7 0.2 1.5
v -1.6 5.96046e-08 1.5
v -1.6 0.1 1.5
v -1.5 -0.0999999 1.5
v -1.5 5.96046e-08 1.5
v -1.4 -0.2 1.5
v -1.4 -0.0999999 1.5
v -1.3 0.1 1.5
v -1.3 0.2 1.5
v -1.2 5.96046e-08 1.5
v -1.2 0.1 1.5
v -0.4 5.96046e-08 1.5
v -0.4 0.1 1.5
v -0.3 0.1 1.5
v -0.3 0.2 1.5
v -0.2 -0.2 1.5
v -0.2 -0.0999999 1.5
v -0.0999999 -0.0999999 1.5
v -0.0999999 5.96046e-08 1.5
v 0 5.96046e-08 1.5
v 0 0.1 1.5
v 0.1 0.1 1.5
v 0.1 0.2 1.5
v 1.9 0.6 1.5
v 1.9 0.7 1.5
v 1.9 0.8 1.5
v 1.9 0.9 1.5
v 2 0.6 1.5
v 2 0.7 1.5
v 2 0.8 1.5
v 2 0.9 1.5
v 0.7 0.1 1.4
v 0.7 0.2 1.4
v 0.8 0.1 1.4
v 0.8 0.2 1.4
v 0.9 0.1 1.4
v 0.9 0.2 1.4
v 1 0.1 1.4
v 1 0.2 1.4
v 1.3 0.1 1.4
v 1.3 0.2 1.4
v 1.4 0.1 1.4
v 1.4 0.2 1.4
v 1.5 0.1 1.4
v 1.5 0.2 1.4
v 1.6 0.1 1.4
v 1.6 0.2 1.4
v 1.9 0.7 1.4
v 1.9 0.8 1.4
v 2 0.7 1.4
v 2 0.8 1.4
v -2.1 0.5 1.3
v -2.1 0.7 1.3
v -2 0.5 1.3
v -2 0.7 1.3
v 0.8 0.1 1.3
v 0.8 0.2 1.3
v 0.9 0.1 1.3
v 0.9 0.2 1.3
v 1.4 0.1 1.3
v 1.4 0.2 1.3
v 1.5 0.1 1.3
v 1.5 0.2 1.3
v 1.9 2.7 1.3
v 1.9 2.8 1.3
v 1.9 3.6 1.3
v 1.9 3.7 1.3
v 2 2.8 1.3
v 2 2.9 1.3
v 2 3.5 1.3
v 2 3.6 1.3
v 2.1 2.7 1.3
v 2.1 2.8 1.3
v 2.1 2.9 1.3
v 2.1 3.5 1.3
v 2.1 3.6 1.3
v 2.1 3.7 1.3
v 2.2 2.8 1.3
v 2.2 3.6 1.3
v -2.2 0.5 1.2
v -2.2 0.7 1.2
v -2.1 0.5 1.2
v -2.1 0.7 1.2
v 1.9 1 1.2
v 1.9 1.1 1.2
v 1.9 1.2 1.2
v 1.9 1.3 1.2
v 2 1 1.2
v 2 1.1 1.2
v 2 1.2 1.2
v 2 1.3 1.2
v 1.9 1.1 1.1
v 1.9 1.2 1.1
v 2 1.1 1.1
v 2 1.2 1.1
v 1 0.1 1
v 1 0.2 1
v 1.1 0.1 1
v 1.1 0.2 1
v 1.2 0.1 1
v 1.2 0.2 1
v 1.3 0.1 1
v 1.3 0.2 1
v 1.1 0.1 0.9
v 1.1 0.2 0.9
v 1.2 0.1 0.9
v 1.2 0.2 0.9
v 1.9 0.6 0.9
v 1.9 0.7 0.9
v 1.9 0.8 0.9
v 1.9 0.9 0.9
v 2 0.6 0.9
v 2 0.7 0.9
v 2 0.8 0.9
v 2 0.9 0.9
v 1.9 0.7 0.8
v 1.9 0.8 0.8
v 2 0.7 0.8
v 2 0.8 0.8
v -2 1.9 0.6
v -2 2.4 0.6
v -1.9 1.9 0.6
v -1.9 2.4 0.6
v -1.8 2 0.6
v -1.8 2.4 0.6
v -1.7 1.9 0.6
v -1.7 2 0.6
v -1.6 1.9 0.6
v -1.6 2.4 0.6
v -1.5 1.9 0.6
v -1.5 2.4 0.6
v -1 1.9 0.6
v -1 2.4 0.6
v 0.9 1.9 0.6
v 0.9 2.4 0.6
v 1.5 1.9 0.6
v 1.5 2.4 0.6
v -2 1.8 0.5
v -2 1.9 0.5
v -2 2.4 0.5
v -2 2.5 0.5
v -1.9 1.8 0.5
v -1.9 1.9 0.5
v -1.9 2.4 0.5
v -1.9 2.5 0.5
v -1.8 1.9 0.5
v -1.8 2.4 0.5
v -1.7 2.4 0.5
v -1.7 2.5 0.5
v -1.6 2.4 0.5
v -1.6 2.5 0.5
v -1.5 1.8 0.5
v -1.5 1.9 0.5
v -1.5 2.4 0.5
v -1.5 2.5 0.5
v -1 1.8 0.5
v -1 1.9 0.5
v -1 2.4 0.5
v -1 2.5 0.5
v -0.3 0.2 0.5
v -0.3 0.3 0.5
v -0.3 0.4 0.5
v -0.3 0.6 0.5
v 0 0.4 0.5
v 0 0.5 0.5
v 0.2 0.2 0.5
v 0.2 0.3 0.5
v 0.2 0.5 0.5
v 0.2 0.6 0.5
v 0.9 1.8 0.5
v 0.9 1.9 0.5
v 0.9 2.4 0.5
v 0.9 2.5 0.5
v 1.5 1.8 0.5
v 1.5 1.9 0.5
v 1.5 2.4 0.5
v 1.5 2.5 0.5
v 1.6 1.8 0.5
v 1.6 1.9 0.5
v 1.6 2.4 0.5
v 1.6 2.5 0.5
v 1.7 1.8 0.5
v 1.7 1.9 0.5
v 1.7 2.4 0.5
v 1.7 2.5 0.5
v 3 2 0.5
v 3 2.5 0.5
v 3.3 2 0.5
v 3.3 2.5 0.5
v -2 1.7 0.4
v -2 1.8 0.4
v -2 2.5 0.4
v -2 2.6 0.4
v -1.9 1.7 0.4
v -1.9 1.8 0.4
v -1.9 1.9 0.4
v -1.9 2.4 0.4
v -1.9 2.5 0.4
v -1.9 2.6 0.4
v -1.8 1.8 0.4
v -1.8 1.9 0.4
v -1.8 2.4 0.4
v -1.7 1.9 0.4
v -1.7 2.5 0.4
v -1.7 2.6 0.4
v -1.6 2.5 0.4
v -1.6 2.6 0.4
v -1.5 1.7 0.4
v -1.5 1.8 0.4
v -1.5 2.5 0.4
v -1.5 2.6 0.4
v -1 1.7 0.4
v -1 1.8 0.4
v -1 2.5 0.4
v -1 2.6 0.4
v -0.4 0.2 0.4
v -0.4 0.3 0.4
v -0.4 0.5 0.4
v -0.4 0.6 0.4
v -0.3 0.2 0.4
v -0.3 0.3 0.4
v -0.3 0.4 0.4
v -0.3 0.5 0.4
v -0.3 0.6 0.4
v 0.2 0.2 0.4
v 0.2 0.3 0.4
v 0.2 0.4 0.4
v 0.2 0.5 0.4
v 0.2 0.6 0.4
v 0.3 0.2 0.4
v 0.3 0.3 0.4
v 0.3 0.5 0.4
v 0.3 0.6 0.4
v 0.9 1.7 0.4
v 0.9 1.8 0.4
v 0.9 2.5 0.4
v 0.9 2.6 0.4
v 1.5 1.7 0.4
v 1.5 1.8 0.4
v 1.5 2.5 0.4
v 1.5 2.6 0.4
v 1.6 2.5 0.4
v 1.6 2.6 0.4
v 1.7 1.8 0.4
v 1.7 1.9 0.4
v 1.7 2.4 0.4
v 1.7 2.5 0.4
v 1.7 2.6 0.4
v 1.8 1.8 0.4
v 1.8 1.9 0.4
v 1.8 2.4 0.4
v 1.8 2.5 0.4
v 2.6 2.1 0.4
v 2.6 2.5 0.4
v 2.7 2 0.4
v 2.7 2.1 0.4
v 3 1.8 0.4
v 3 2 0.4
v 3 2.5 0.4
v 3 2.6 0.4
v 3.1 2.6 0.4
v 3.1 2.7 0.4
v 3.3 1.8 0.4
v 3.3 2 0.4
v 3.3 2.5 0.4
v 3.3 2.7 0.4
v -2 1.6 0.3
v -2 1.7 0.3
v -2 2.6 0.3
v -2 2.7 0.3
v -1.9 1.6 0.3
v -1.9 1.7 0.3
v -1.9 1.8 0.3
v -1.9 2.5 0.3
v -1.9 2.6 0.3
v -1.9 2.7 0.3
v -1.8 1.7 0.3
v -1.8 1.8 0.3
v -1.8 1.9 0.3
v -1.8 2.5 0.3
v -1.8 2.6 0.3
v -1.8 2.7 0.3
v -1.7 1.6 0.3
v -1.7 1.7 0.3
v -1.7 1.8 0.3
v -1.7 1.9 0.3
v -1.7 2.6 0.3
v -1.6 1.6 0.3
v -1.6 1.7 0.3
v -1.6 2.6 0.3
v -1.6 2.7 0.3
v -1.5 1.6 0.3
v -1.5 1.7 0.3
v -1.5 2.6 0.3
v -1.5 2.7 0.3
v -1 1.6 0.3
v -1 1.7 0.3
v -1 2.6 0.3
v -1 2.7 0.3
v -0.5 0.2 0.3
v -0.5 0.3 0.3
v -0.5 0.5 0.3
v -0.5 0.6 0.3
v -0.4 0.2 0.3
v -0.4 0.3 0.3
v -0.4 0.4 0.3
v -0.4 0.5 0.3
v -0.4 0.6 0.3
v -0.3 0.3 0.3
v -0.3 0.4 0.3
v -0.3 0.5 0.3
v 0.2 0.3 0.3
v 0.2 0.4 0.3
v 0.2 0.5 0.3
v 0.3 0.2 0.3
v 0.3 0.3 0.3
v 0.3 0.4 0.3
v 0.3 0.5 0.3
v 0.3 0.6 0.3
v 0.4 0.2 0.3
v 0.4 0.3 0.3
v 0.4 0.5 0.3
v 0.4 0.6 0.3
v 0.9 1.6 0.3
v 0.9 1.7 0.3
v 0.9 2.6 0.3
v 0.9 2.7 0.3
v 1.5 1.6 0.3
v 1.5 1.7 0.3
v 1.5 2.6 0.3
v 1.5 2.7 0.3
v 1.6 1.8 0.3
v 1.6 1.9 0.3
v 1.6 2.4 0.3
v 1.6 2.5 0.3
v 1.6 2.6 0.3
v 1.6 2.7 0.3
v 1.7 1.7 0.3
v 1.7 1.8 0.3
v 1.7 1.9 0.3
v 1.7 2.4 0.3
v 1.7 2.5 0.3
v 1.7 2.6 0.3
v 1.7 2.7 0.3
v 1.8 1.7 0.3
v 1.8 1.8 0.3
v 1.8 2.5 0.3
v 1.8 2.6 0.3
v 2.4 2.1 0.3
v 2.4 2.5 0.3
v 2.6 2 0.3
v 2.6 2.1 0.3
v 2.6 2.5 0.3
v 2.6 2.6 0.3
v 2.7 1.9 0.3
v 2.7 2 0.3
v 2.7 2.1 0.3
v 3 1.9 0.3
v 3 2 0.3
v 3 2.5 0.3
v 3 2.6 0.3
v -2.4 0.5 0.2
v -2.4 0.7 0.2
v -2.3 0.5 0.2
v -2.3 0.7 0.2
v -0.6 0.2 0.2
v -0.6 0.3 0.2
v -0.6 0.4 0.2
v -0.6 0.6 0.2
v -0.5 0.2 0.2
v -0.5 0.3 0.2
v -0.5 0.4 0.2
v -0.5 0.5 0.2
v -0.5 0.6 0.2
v -0.4 0.3 0.2
v -0.4 0.4 0.2
v -0.4 0.5 0.2
v -0.3 0.4 0.2
v -0.3 0.5 0.2
v 0.2 0.4 0.2
v 0.2 0.5 0.2
v 0.3 0.3 0.2
v 0.3 0.4 0.2
v 0.3 0.5 0.2
v 0.4 0.2 0.2
v 0.4 0.3 0.2
v 0.4 0.4 0.2
v 0.4 0.5 0.2
v 0.4 0.6 0.2
v 0.5 0.2 0.2
v 0.5 0.3 0.2
v 0.5 0.4 0.2
v 0.5 0.6 0.2
v 2.2 2.1 0.2
v 2.2 2.4 0.2
v 2.3 2 0.2
v 2.3 2.1 0.2
v 2.3 2.4 0.2
v 2.3 2.5 0.2
v 2.4 2.1 0.2
v 2.4 2.5 0.2
v 2.6 1.8 0.2
v 2.6 2 0.2
v 2.6 2.1 0.2
v 2.7 1.9 0.2
v 2.7 2 0.2
v 3 1.7 0.2
v 3 1.8 0.2
v 3 1.9 0.2
v 3.2 2.7 0.2
v 3.2 2.8 0.2
v 3.3 1.7 0.2
v 3.3 1.8 0.2
v 3.3 2.7 0.2
v 3.3 2.8 0.2
v -2.3 0.5 0.0999999
v -2.3 0.7 0.0999999
v -2.2 0.5 0.0999999
v -2.2 0.7 0.0999999
v 1.5 1.6 0.0999999
v 1.5 1.7 0.0999999
v 1.6 1.6 0.0999999
v 1.6 1.7 0.0999999
v 2.1 2.1 0.0999999
v 2.1 2.4 0.0999999
v 2.2 2.1 0.0999999
v 2.2 2.4 0.0999999
v 2.2 2.5 0.0999999
v 2.3 2.4 0.0999999
v 2.3 2.5 0.0999999
v -2.2 0.5 0
v -2.2 0.7 0
v -2.1 0.5 0
v -2.1 0.7 0
v -2.1 0.5 -0.1
v -2.1 0.7 -0.1
v -2 0.5 -0.1
v -2 0.7 -0.1
v 1.8 2.2 -0.1
v 1.8 2.3 -0.1
v 1.9 2.2 -0.1
v 1.9 2.3 -0.1
v 1.9 2 -0.2
v 1.9 2.1 -0.2
v 1.9 2.4 -0.2
v 1.9 2.5 -0.2
v 2 1.9 -0.2
v 2 2 -0.2
v 2 2.1 -0.2
v 2 2.4 -0.2
v 2 2.5 -0.2
v 2 2.6 -0.2
v 2.2 1.9 -0.2
v 2.2 2 -0.2
v 2.2 2.5 -0.2
v 2.2 2.6 -0.2
v -1.7 2.4 -0.3
v -1.7 2.5 -0.3
v -1.6 2.4 -0.3
v -1.6 2.5 -0.3
v -0.5 0.4 -0.3
v -0.5 0.5 -0.3
v -0.4 0.4 -0.3
v -0.4 0.5 -0.3
v -0.4 0.6 -0.3
v -0.3 0.5 -0.3
v -0.3 0.6 -0.3
v 0.2 0.5 -0.3
v 0.2 0.6 -0.3
v 0.3 0.4 -0.3
v 0.3 0.5 -0.3
v 0.3 0.6 -0.3
v 0.4 0.4 -0.3
v 0.4 0.5 -0.3
v 1.6 1.9 -0.3
v 1.6 2.4 -0.3
v 1.6 2.5 -0.3
v 1.6 2.6 -0.3
v 1.7 1.9 -0.3
v 1.7 2.4 -0.3
v 1.7 2.5 -0.3
v 1.7 2.6 -0.3
v 1.8 1.9 -0.3
v 1.8 2.4 -0.3
v 1.9 0.5 -0.3
v 1.9 0.7 -0.3
v 1.9 2.1 -0.3
v 1.9 2.4 -0.3
v 2 0.5 -0.3
v 2 0.7 -0.3
v 2 2 -0.3
v 2 2.1 -0.3
v 2 2.4 -0.3
v 2 2.5 -0.3
v 2.2 1.8 -0.3
v 2.2 1.9 -0.3
v 2.2 2 -0.3
v 2.2 2.1 -0.3
v 2.2 2.4 -0.3
v 2.2 2.5 -0.3
v 2.2 2.6 -0.3
v 2.2 2.7 -0.3
v 2.3 1.7 -0.3
v 2.3 1.8 -0.3
v 2.3 1.9 -0.3
v 2.3 2.6 -0.3
v 2.3 2.7 -0.3
v 2.3 2.8 -0.3
v 2.6 1.6 -0.3
v 2.6 1.7 -0.3
v 2.6 1.8 -0.3
v 2.6 2.7 -0.3
v 2.6 2.8 -0.3
v 2.6 2.9 -0.3
v 3 1.5 -0.3
v 3 1.6 -0.3
v 3 1.7 -0.3
v 3 2.8 -0.3
v 3 2.9 -0.3
v 3 3 -0.3
v 3.3 1.5 -0.3
v 3.3 1.6 -0.3
v 3.3 2.9 -0.3
v 3.3 3 -0.3
v -1.7 1.9 -0.4
v -1.7 2.4 -0.4
v -1.6 1.9 -0.4
v -1.6 2.4 -0.4
v -0.4 0.4 -0.4
v -0.4 0.5 -0.4
v -0.3 0.4 -0.4
v -0.3 0.5 -0.4
v -0.3 0.6 -0.4
v 0.1 0.6 -0.4
v 0.2 0.4 -0.4
v 0.2 0.5 -0.4
v 0.2 0.6 -0.4
v 0.3 0.4 -0.4
v 0.3 0.5 -0.4
v 1.6 1.8 -0.4
v 1.6 1.9 -0.4
v 1.6 2.4 -0.4
v 1.6 2.5 -0.4
v 1.7 1.8 -0.4
v 1.7 1.9 -0.4
v 1.7 2.4 -0.4
v 1.7 2.5 -0.4
v 2 0.5 -0.4
v 2 0.7 -0.4
v 2 2.1 -0.4
v 2 2.4 -0.4
v 2.1 0.5 -0.4
v 2.1 0.7 -0.4
v 2.2 1.9 -0.4
v 2.2 2 -0.4
v 2.2 2.1 -0.4
v 2.2 2.4 -0.4
v 2.2 2.5 -0.4
v 2.2 2.6 -0.4
v 2.3 1.8 -0.4
v 2.3 1.9 -0.4
v 2.3 2 -0.4
v 2.3 2.5 -0.4
v 2.3 2.6 -0.4
v 2.3 2.7 -0.4
v 2.6 1.8 -0.4
v 2.6 1.9 -0.4
v 2.6 2.6 -0.4
v 2.6 2.7 -0.4
v -0.3 0.4 -0.5
v -0.3 0.5 -0.5
v 0.2 0.4 -0.5
v 0.2 0.5 -0.5
v 1.6 1.9 -0.5
v 1.6 2.4 -0.5
v 1.7 1.9 -0.5
v 1.7 2.4 -0.5
v 2.2 2 -0.5
v 2.2 2.5 -0.5
v 2.3 1.9 -0.5
v 2.3 2 -0.5
v 2.3 2.5 -0.5
v 2.3 2.6 -0.5
v 2.6 1.7 -0.5
v 2.6 1.8 -0.5
v 2.6 1.9 -0.5
v 2.6 2 -0.5
v 2.6 2.5 -0.5
v 2.6 2.6 -0.5
v 2.6 2.7 -0.5
v 2.6 2.8 -0.5
v 3 1.6 -0.5
v 3 1.7 -0.5
v 3 1.8 -0.5
v 3 2.7 -0.5
v 3 2.8 -0.5
v 3 2.9 -0.5
v 3.3 1.6 -0.5
v 3.3 1.7 -0.5
v 3.3 2.8 -0.5
v 3.3 2.9 -0.5
v 2.3 2 -0.6
v 2.3 2.5 -0.6
v 2.6 1.8 -0.6
v 2.6 2 -0.6
v 2.6 2.5 -0.6
v 2.6 2.7 -0.6
v 3 1.7 -0.6
v 3 1.8 -0.6
v 3 2 -0.6
v 3 2.5 -0.6
v 3 2.7 -0.6
v 3 2.8 -0.6
v 3.3 1.7 -0.6
v 3.3 1.8 -0.6
v 3.3 2.7 -0.6
v 3.3 2.8 -0.6
v 1.2 0.1 -0.7
v 1.2 0.2 -0.7
v 1.3 0.1 -0.7
v 1.3 0.2 -0.7
v 1.5 5.96046e-08 -0.7
v 1.5 0.2 -0.7
v 1.6 5.96046e-08 -0.7
v 1.6 0.2 -0.7
v 2.6 2 -0.7
v 2.6 2.5 -0.7
v 3 1.8 -0.7
v 3 2 -0.7
v 3 2.5 -0.7
v 3 2.7 -0.7
v 3.3 1.8 -0.7
v 3.3 2 -0.7
v 3.3 2.5 -0.7
v 3.3 2.7 -0.7
v 1.2 5.96046e-08 -0.8
v 1.2 0.1 -0.8
v 1.3 5.96046e-08 -0.8
v 1.3 0.1 -0.8
v 1.5 -0.0999999 -0.8
v 1.5 5.96046e-08 -0.8
v 1.6 -0.0999999 -0.8
v 1.6 5.96046e-08 -0.8
v 3 2 -0.8
v 3 2.5 -0.8
v 3.3 2 -0.8
v 3.3 2.5 -0.8
v -2.1 0.6 -1
v -2.1 0.7 -1
v -2.1 0.8 -1
v -2.1 0.9 -1
v -2 0.6 -1
v -2 0.7 -1
v -2 0.8 -1
v -2 0.9 -1
v -2.1 0.7 -1.1
v -2.1 0.8 -1.1
v -2 0.7 -1.1
v -2 0.8 -1.1
v -2.1 1 -1.3
v -2.1 1.1 -1.3
v -2.1 1.2 -1.3
v -2.1 1.3 -1.3
v -2 1 -1.3
v -2 1.1 -1.3
v -2 1.2 -1.3
v -2 1.3 -1.3
v -2.3 2.8 -1.4
v -2.3 3.6 -1.4
v -2.2 2.7 -1.4
v -2.2 2.8 -1.4
v -2.2 2.9 -1.4
v -2.2 3.5 -1.4
v -2.2 3.6 -1.4
v -2.2 3.7 -1.4
v -2.1 1.1 -1.4
v -2.1 1.2 -1.4
v -2.1 2.8 -1.4
v -2.1 2.9 -1.4
v -2.1 3.5 -1.4
v -2.1 3.6 -1.4
v -2 1.1 -1.4
v -2 1.2 -1.4
v -2 2.7 -1.4
v -2 2.8 -1.4
v -2 3.6 -1.4
v -2 3.7 -1.4
v 2.2 0.5 -1.4
v 2.2 0.7 -1.4
v 2.3 0.5 -1.4
v 2.3 0.7 -1.4
v 1.2 -0.0999999 -1.5
v 1.2 5.96046e-08 -1.5
v 1.3 -0.0999999 -1.5
v 1.3 5.96046e-08 -1.5
v 2.1 0.5 -1.5
v 2.1 0.7 -1.5
v 2.2 0.5 -1.5
v 2.2 0.7 -1.5
v -2.1 0.6 -1.6
v -2.1 0.7 -1.6
v -2.1 0.8 -1.6
v -2.1 0.9 -1.6
v -2 0.6 -1.6
v -2 0.7 -1.6
v -2 0.8 -1.6
v -2 0.9 -1.6
v -0.4 1.9 -1.6
v -0.4 2.4 -1.6
v -0.3 1.8 -1.6
v -0.3 1.9 -1.6
v -0.3 2.4 -1.6
v -0.3 2.5 -1.6
v 0.2 1.8 -1.6
v 0.2 1.9 -1.6
v 0.2 2.4 -1.6
v 0.2 2.5 -1.6
v 0.3 1.9 -1.6
v 0.3 2.4 -1.6
v 1.2 5.96046e-08 -1.6
v 1.2 0.2 -1.6
v 1.3 5.96046e-08 -1.6
v 1.3 0.2 -1.6
v 2 0.5 -1.6
v 2 0.7 -1.6
v 2.1 0.5 -1.6
v 2.1 0.7 -1.6
v -2.4 2.8 -1.7
v -2.4 3.9 -1.7
v -2.3 2.7 -1.7
v -2.3 2.8 -1.7
v -2.3 2.9 -1.7
v -2.3 3.8 -1.7
v -2.3 3.9 -1.7
v -2.3 4 -1.7
v -2.2 2.8 -1.7
v -2.2 2.9 -1.7
v -2.2 3.8 -1.7
v -2.2 3.9 -1.7
v -2.1 0.7 -1.7
v -2.1 0.8 -1.7
v -2.1 4 -1.7
v -2 0.7 -1.7
v -2 0.8 -1.7
v -2 2.7 -1.7
v -2 2.8 -1.7
v -2 3.9 -1.7
v -2 4 -1.7
v -0.5 1.9 -1.7
v -0.5 2.4 -1.7
v -0.4 1.8 -1.7
v -0.4 1.9 -1.7
v -0.4 2.4 -1.7
v -0.4 2.5 -1.7
v -0.3 1.7 -1.7
v -0.3 1.8 -1.7
v -0.3 1.9 -1.7
v -0.3 2.4 -1.7
v -0.3 2.5 -1.7
v -0.3 2.6 -1.7
v 0.2 1.7 -1.7
v 0.2 1.8 -1.7
v 0.2 1.9 -1.7
v 0.2 2.4 -1.7
v 0.2 2.5 -1.7
v 0.2 2.6 -1.7
v 0.3 1.8 -1.7
v 0.3 1.9 -1.7
v 0.3 2.4 -1.7
v 0.3 2.5 -1.7
v 0.4 1.9 -1.7
v 0.4 2.4 -1.7
v 1.9 0.5 -1.7
v 1.9 0.7 -1.7
v 2 0.5 -1.7
v 2 0.7 -1.7
v -0.6 1.9 -1.8
v -0.6 2.4 -1.8
v -0.5 1.8 -1.8
v -0.5 1.9 -1.8
v -0.5 2.4 -1.8
v -0.5 2.5 -1.8
v -0.4 1.7 -1.8
v -0.4 1.8 -1.8
v -0.4 1.9 -1.8
v -0.4 2.4 -1.8
v -0.4 2.5 -1.8
v -0.4 2.6 -1.8
v -0.3 1.6 -1.8
v -0.3 1.7 -1.8
v -0.3 1.8 -1.8
v -0.3 2.5 -1.8
v -0.3 2.6 -1.8
v -0.3 2.7 -1.8
v 0.2 1.6 -1.8
v 0.2 1.7 -1.8
v 0.2 1.8 -1.8
v 0.2 2.5 -1.8
v 0.2 2.6 -1.8
v 0.2 2.7 -1.8
v 0.3 1.7 -1.8
v 0.3 1.8 -1.8
v 0.3 1.9 -1.8
v 0.3 2.4 -1.8
v 0.3 2.5 -1.8
v 0.3 2.6 -1.8
v 0.4 1.8 -1.8
v 0.4 1.9 -1.8
v 0.4 2.4 -1.8
v 0.4 2.5 -1.8
v 0.5 1.9 -1.8
v 0.5 2.4 -1.8
v 1.5 -0.2 -1.8
v 1.5 -0.0999999 -1.8
v 1.6 -0.2 -1.8
v 1.6 -0.0999999 -1.8
v 1.5 -0.0999999 -1.9
v 1.5 0.1 -1.9
v 1.6 -0.0999999 -1.9
v 1.6 0.1 -1.9
v -1.9 0.3 -2
v -1.9 4 -2
v -1.7 0.5 -2
v -1.7 0.7 -2
v -1.3 0.5 -2
v -1.3 0.7 -2
v -0.7 1.9 -2
v -0.7 2.4 -2
v -0.6 1.8 -2
v -0.6 1.9 -2
v -0.6 2.4 -2
v -0.6 2.5 -2
v -0.5 1.7 -2
v -0.5 1.8 -2
v -0.5 1.9 -2
v -0.5 2.4 -2
v -0.5 2.5 -2
v -0.5 2.6 -2
v -0.4 1.6 -2
v -0.4 1.7 -2
v -0.4 1.8 -2
v -0.4 2.5 -2
v -0.4 2.6 -2
v -0.4 2.7 -2
v -0.3 0.5 -2
v -0.3 0.7 -2
v -0.3 1.5 -2
v -0.3 1.6 -2
v -0.3 1.7 -2
v -0.3 2.6 -2
v -0.3 2.7 -2
v -0.3 2.8 -2
v 0.1 0.5 -2
v 0.1 0.7 -2
v 0.2 1.5 -2
v 0.2 1.6 -2
v 0.2 1.7 -2
v 0.2 2.6 -2
v 0.2 2.7 -2
v 0.2 2.8 -2
v 0.3 1.6 -2
v 0.3 1.7 -2
v 0.3 1.8 -2
v 0.3 2.5 -2
v 0.3 2.6 -2
v 0.3 2.7 -2
v 0.4 1.7 -2
v 0.4 1.8 -2
v 0.4 1.9 -2
v 0.4 2.4 -2
v 0.4 2.5 -2
v 0.4 2.6 -2
v 0.5 1.8 -2
v 0.5 1.9 -2
v 0.5 2.4 -2
v 0.5 2.5 -2
v 0.6 1.9 -2
v 0.6 2.4 -2
v 0.7 0.7 -2
v 0.7 0.8 -2
v 0.8 0.6 -2
v 0.8 0.7 -2
v 0.8 0.8 -2
v 0.8 0.9 -2
v 0.9 0.6 -2
v 0.9 0.7 -2
v 0.9 0.8 -2
v 0.9 0.9 -2
v 1 0.7 -2
v 1 0.8 -2
v 1 1.1 -2
v 1 1.2 -2
v 1.1 1 -2
v 1.1 1.1 -2
v 1.1 1.2 -2
v 1.1 1.3 -2
v 1.2 1 -2
v 1.2 1.1 -2
v 1.2 1.2 -2
v 1.2 1.3 -2
v 1.2 2.7 -2
v 1.2 2.8 -2
v 1.2 3.6 -2
v 1.2 3.7 -2
v 1.3 0.7 -2
v 1.3 0.8 -2
v 1.3 1.1 -2
v 1.3 1.2 -2
v 1.3 2.7 -2
v 1.3 2.8 -2
v 1.3 3.6 -2
v 1.3 3.7 -2
v 1.4 0.6 -2
v 1.4 0.7 -2
v 1.4 0.8 -2
v 1.4 0.9 -2
v 1.5 0.6 -2
v 1.5 0.7 -2
v 1.5 0.8 -2
v 1.5 0.9 -2
v 1.5 2.7 -2
v 1.5 2.8 -2
v 1.5 3.9 -2
v 1.5 4 -2
v 1.6 0.7 -2
v 1.6 0.8 -2
v 1.6 2.7 -2
v 1.6 2.8 -2
v 1.6 3.9 -2
v 1.6 4 -2
v 1.8 0.3 -2
v 1.8 4 -2
v -2.1 0.1 -2.1
v -2.1 0.2 -2.1
v -2.1 0.3 -2.1
v -2.1 4 -2.1
v -2.1 4.1 -2.1
v -2.1 4.2 -2.1
v -2 0.3 -2.1
v -2 4 -2.1
v -1.9 0.3 -2.1
v -1.9 4 -2.1
v -1.7 0.5 -2.1
v -1.7 0.7 -2.1
v -1.6 0.5 -2.1
v -1.6 0.7 -2.1
v 0 0.5 -2.1
v 0 0.7 -2.1
v 0.1 0.5 -2.1
v 0.1 0.7 -2.1
v 0.7 0.7 -2.1
v 0.7 0.8 -2.1
v 0.8 0.6 -2.1
v 0.8 0.7 -2.1
v 0.8 0.8 -2.1
v 0.8 0.9 -2.1
v 0.9 0.6 -2.1
v 0.9 0.7 -2.1
v 0.9 0.8 -2.1
v 0.9 0.9 -2.1
v 1 0.7 -2.1
v 1 0.8 -2.1
v 1 1.1 -2.1
v 1 1.2 -2.1
v 1.1 1 -2.1
v 1.1 1.1 -2.1
v 1.1 1.2 -2.1
v 1.1 1.3 -2.1
v 1.2 1 -2.1
v 1.2 1.1 -2.1
v 1.2 1.2 -2.1
v 1.2 1.3 -2.1
v 1.3 0.7 -2.1
v 1.3 0.8 -2.1
v 1.3 1.1 -2.1
v 1.3 1.2 -2.1
v 1.4 0.6 -2.1
v 1.4 0.7 -2.1
v 1.4 0.8 -2.1
v 1.4 0.9 -2.1
v 1.5 0.6 -2.1
v 1.5 0.7 -2.1
v 1.5 0.8 -2.1
v 1.5 0.9 -2.1
v 1.5 4 -2.1
v 1.6 0.7 -2.1
v 1.6 0.8 -2.1
v 1.6 4 -2.1
v 1.8 0.3 -2.1
v 1.8 4 -2.1
v 1.9 0.3 -2.1
v 1.9 4 -2.1
v 2 0.1 -2.1
v 2 0.2 -2.1
v 2 0.3 -2.1
v 2 4 -2.1
v 2 4.1 -2.1
v 2 4.2 -2.1
v -1.6 0.5 -2.2
v -1.6 0.7 -2.2
v -1.5 0.5 -2.2
v -1.5 0.7 -2.2
v -0.0999999 0.5 -2.2
v -0.0999999 0.7 -2.2
v 0 0.5 -2.2
v 0 0.7 -2.2
v 1.2 2.7 -2.2
v 1.2 2.8 -2.2
v 1.2 3.6 -2.2
v 1.2 3.7 -2.2
v 1.3 2.7 -2.2
v 1.3 2.8 -2.2
v 1.3 3.6 -2.2
v 1.3 3.7 -2.2
v -1.5 0.5 -2.3
v -1.5 0.7 -2.3
v -1.4 0.5 -2.3
v -1.4 0.7 -2.3
v -0.2 0.5 -2.3
v -0.2 0.7 -2.3
v -0.0999999 0.5 -2.3
v -0.0999999 0.7 -2.3
v 1.2 2.8 -2.3
v 1.2 3.6 -2.3
v 1.3 2.8 -2.3
v 1.3 3.6 -2.3
v 1.5 2.7 -2.3
v 1.5 2.8 -2.3
v 1.5 3.9 -2.3
v 1.5 4 -2.3
v 1.6 2.7 -2.3
v 1.6 2.8 -2.3
v 1.6 3.9 -2.3
v 1.6 4 -2.3
v -1.4 0.5 -2.4
v -1.4 0.7 -2.4
v -0.2 0.5 -2.4
v -0.2 0.7 -2.4
v 1.5 2.8 -2.4
v 1.5 3.9 -2.4
v 1.6 2.8 -2.4
v 1.6 3.9 -2.4
v -1.4 -0.2 1.7
v -0.2 -0.2 1.7
v -1.4 -0.2 1.5
v -0.2 -0.2 1.5
v 1.5 -0.2 -0.7
v 1.6 -0.2 -0.7
v 1.5 -0.2 -1.8
v 1.6 -0.2 -1.8
v -1.5 -0.0999999 1.7
v -1.4 -0.0999999 1.7
v -0.2 -0.0999999 1.7
v -0.0999999 -0.0999999 1.7
v -1.5 -0.0999999 1.5
v -1.4 -0.0999999 1.5
v -0.2 -0.0999999 1.5
v -0.0999999 -0.0999999 1.5
v 1.5 -0.0999999 -0.6
v 1.6 -0.0999999 -0.6
v 1.2 -0.0999999 -0.7
v 1.3 -0.0999999 -0.7
v 1.5 -0.0999999 -0.7
v 1.6 -0.0999999 -0.7
v 1.2 -0.0999999 -1.5
v 1.3 -0.0999999 -1.5
v 1.5 -0.0999999 -1.8
v 1.6 -0.0999999 -1.8
v 1.5 -0.0999999 -1.9
v 1.6 -0.0999999 -1.9
v -1.6 5.96046e-08 1.7
v -1.5 5.96046e-08 1.7
v -0.0999999 5.96046e-08 1.7
v 0 5.96046e-08 1.7
v -1.6 5.96046e-08 1.5
v -1.5 5.96046e-08 1.5
v -0.0999999 5.96046e-08 1.5
v 0 5.96046e-08 1.5
v 1.2 5.96046e-08 -0.6
v 1.3 5.96046e-08 -0.6
v 1.2 5.96046e-08 -0.7
v 1.3 5.96046e-08 -0.7
v 1.2 5.96046e-08 -1.5
v 1.3 5.96046e-08 -1.5
v 1.2 5.96046e-08 -1.6
v 1.3 5.96046e-08 -1.6
v -2.1 0.1 2.1
v 2 0.1 2.1
v -2 0.1 2
v 1.9 0.1 2
v -1.9 0.1 1.9
v 1.8 0.1 1.9
v -1.7 0.1 1.7
v -1.6 0.1 1.7
v 0 0.1 1.7
v 0.1 0.1 1.7
v 0.8 0.1 1.6
v 0.9 0.1 1.6
v 1.4 0.1 1.6
v 1.5 0.1 1.6
v -1.7 0.1 1.5
v -1.6 0.1 1.5
v 0 0.1 1.5
v 0.1 0.1 1.5
v 0.7 0.1 1.5
v 0.8 0.1 1.5
v 0.9 0.1 1.5
v 1 0.1 1.5
v 1.3 0.1 1.5
v 1.4 0.1 1.5
v 1.5 0.1 1.5
v 1.6 0.1 1.5
v 0.7 0.1 1.4
v 0.8 0.1 1.4
v 0.9 0.1 1.4
v 1 0.1 1.4
v 1.3 0.1 1.4
v 1.4 0.1 1.4
v 1.5 0.1 1.4
v 1.6 0.1 1.4
v 0.8 0.1 1.3
v 0.9 0.1 1.3
v 1.4 0.1 1.3
v 1.5 0.1 1.3
v 1.1 0.1 1.2
v 1.2 0.1 1.2
v 1 0.1 1.1
v 1.1 0.1 1.1
v 1.2 0.1 1.1
v 1.3 0.1 1.1
v 1 0.1 1
v 1.1 0.1 1
v 1.2 0.1 1
v 1.3 0.1 1
v 1.1 0.1 0.9
v 1.2 0.1 0.9
v -1.9 0.1 -1.9
v 1.5 0.1 -1.9
v 1.6 0.1 -1.9
v 1.8 0.1 -1.9
v -2 0.1 -2
v 1.9 0.1 -2
v -2.1 0.1 -2.1
v 2 0.1 -2.1
v -1.9 0.2 1.9
v 1.8 0.2 1.9
v -1.7 0.2 1.7
v -1.3 0.2 1.7
v -0.3 0.2 1.7
v 0.1 0.2 1.7
v 0.8 0.2 1.6
v 0.9 0.2 1.6
v 1.4 0.2 1.6
v 1.5 0.2 1.6
v -1.7 0.2 1.5
v -1.3 0.2 1.5
v -0.3 0.2 1.5
v 0.1 0.2 1.5
v 0.7 0.2 1.5
v 0.8 0.2 1.5
v 0.9 0.2 1.5
v 1 0.2 1.5
v 1.3 0.2 1.5
v 1.4 0.2 1.5
v 1.5 0.2 1.5
v 1.6 0.2 1.5
v 0.7 0.2 1.4
v 0.8 0.2 1.4
v 0.9 0.2 1.4
v 1 0.2 1.4
v 1.3 0.2 1.4
v 1.4 0.2 1.4
v 1.5 0.2 1.4
v 1.6 0.2 1.4
v 0.8 0.2 1.3
v 0.9 0.2 1.3
v 1.4 0.2 1.3
v 1.5 0.2 1.3
v 1.1 0.2 1.2
v 1.2 0.2 1.2
v 1 0.2 1.1
v 1.1 0.2 1.1
v 1.2 0.2 1.1
v 1.3 0.2 1.1
v 1 0.2 1
v 1.1 0.2 1
v 1.2 0.2 1
v 1.3 0.2 1
v 1.1 0.2 0.9
v 1.2 0.2 0.9
v -0.3 0.2 0.6
v 0.2 0.2 0.6
v -0.4 0.2 0.5
v -0.3 0.2 0.5
v 0.2 0.2 0.5
v 0.3 0.2 0.5
v -0.5 0.2 0.4
v -0.4 0.2 0.4
v -0.3 0.2 0.4
v 0.2 0.2 0.4
v 0.3 0.2 0.4
v 0.4 0.2 0.4
v -0.6 0.2 0.3
v -0.5 0.2 0.3
v -0.4 0.2 0.3
v 0.3 0.2 0.3
v 0.4 0.2 0.3
v 0.5 0.2 0.3
v -0.7 0.2 0.2
v -0.6 0.2 0.2
v -0.5 0.2 0.2
v 0.4 0.2 0.2
v 0.5 0.2 0.2
v 0.6 0.2 0.2
v -0.7 0.2 -0.3
v -0.6 0.2 -0.3
v -0.5 0.2 -0.3
v 0.4 0.2 -0.3
v 0.5 0.2 -0.3
v 0.6 0.2 -0.3
v -0.6 0.2 -0.4
v -0.5 0.2 -0.4
v -0.4 0.2 -0.4
v 0.3 0.2 -0.4
v 0.4 0.2 -0.4
v 0.5 0.2 -0.4
v -0.5 0.2 -0.5
v -0.4 0.2 -0.5
v -0.3 0.2 -0.5
v 0.2 0.2 -0.5
v 0.3 0.2 -0.5
v 0.4 0.2 -0.5
v -0.4 0.2 -0.6
v -0.3 0.2 -0.6
v 0.2 0.2 -0.6
v 0.3 0.2 -0.6
v 1.2 0.2 -0.6
v 1.3 0.2 -0.6
v 1.5 0.2 -0.6
v 1.6 0.2 -0.6
v -0.3 0.2 -0.7
v 0.2 0.2 -0.7
v 1.2 0.2 -0.7
v 1.3 0.2 -0.7
v 1.5 0.2 -0.7
v 1.6 0.2 -0.7
v 1.2 0.2 -1.5
v 1.3 0.2 -1.5
v 1.2 0.2 -1.6
v 1.3 0.2 -1.6
v 1.5 0.2 -1.8
v 1.6 0.2 -1.8
v -1.9 0.2 -1.9
v 1.5 0.2 -1.9
v 1.6 0.2 -1.9
v 1.8 0.2 -1.9
v -0.3 0.3 0.5
v 0.2 0.3 0.5
v -0.4 0.3 0.4
v -0.3 0.3 0.4
v 0.2 0.3 0.4
v 0.3 0.3 0.4
v -0.5 0.3 0.3
v -0.4 0.3 0.3
v -0.3 0.3 0.3
v 0.2 0.3 0.3
v 0.3 0.3 0.3
v 0.4 0.3 0.3
v -0.6 0.3 0.2
v -0.5 0.3 0.2
v -0.4 0.3 0.2
v 0.3 0.3 0.2
v 0.4 0.3 0.2
v 0.5 0.3 0.2
v -0.6 0.3 -0.3
v -0.5 0.3 -0.3
v -0.4 0.3 -0.3
v 0.3 0.3 -0.3
v 0.4 0.3 -0.3
v 0.5 0.3 -0.3
v -0.5 0.3 -0.4
v -0.4 0.3 -0.4
v -0.3 0.3 -0.4
v 0.2 0.3 -0.4
v 0.3 0.3 -0.4
v 0.4 0.3 -0.4
v -0.4 0.3 -0.5
v -0.3 0.3 -0.5
v 0.2 0.3 -0.5
v 0.3 0.3 -0.5
v -0.3 0.3 -0.6
v 0.2 0.3 -0.6
v -0.3 0.4 0.4
v 0.2 0.4 0.4
v -0.4 0.4 0.3
v -0.3 0.4 0.3
v 0.2 0.4 0.3
v 0.3 0.4 0.3
v -0.5 0.4 0.2
v -0.4 0.4 0.2
v -0.3 0.4 0.2
v 0.2 0.4 0.2
v 0.3 0.4 0.2
v 0.4 0.4 0.2
v -0.5 0.4 -0.3
v -0.4 0.4 -0.3
v -0.3 0.4 -0.3
v 0.2 0.4 -0.3
v 0.3 0.4 -0.3
v 0.4 0.4 -0.3
v -0.4 0.4 -0.4
v -0.3 0.4 -0.4
v 0.2 0.4 -0.4
v 0.3 0.4 -0.4
v -0.3 0.4 -0.5
v 0.2 0.4 -0.5
v 0.2 0.5 2.4
v 1.4 0.5 2.4
v 0.1 0.5 2.3
v 0.2 0.5 2.3
v 1.4 0.5 2.3
v 1.5 0.5 2.3
v 0 0.5 2.2
v 0.1 0.5 2.2
v 0.4 0.5 2.2
v 1.2 0.5 2.2
v 1.5 0.5 2.2
v 1.6 0.5 2.2
v -0.0999999 0.5 2.1
v 0 0.5 2.1
v 0.3 0.5 2.1
v 0.4 0.5 2.1
v 1.2 0.5 2.1
v 1.3 0.5 2.1
v 1.6 0.5 2.1
v 1.7 0.5 2.1
v -0.0999999 0.5 2
v 0.3 0.5 2
v 1.3 0.5 2
v 1.7 0.5 2
v -2.1 0.5 1.7
v -2 0.5 1.7
v -2.2 0.5 1.6
v -2.1 0.5 1.6
v -2.3 0.5 1.5
v -2.2 0.5 1.5
v -2.4 0.5 1.4
v -2.3 0.5 1.4
v -2.1 0.5 1.3
v -2 0.5 1.3
v -2.2 0.5 1.2
v -2.1 0.5 1.2
v -2.2 0.5 0.4
v -2.1 0.5 0.4
v -2.1 0.5 0.3
v -2 0.5 0.3
v -0.3 0.5 0.3
v 0.2 0.5 0.3
v -2.4 0.5 0.2
v -2.3 0.5 0.2
v -0.4 0.5 0.2
v -0.3 0.5 0.2
v 0.2 0.5 0.2
v 0.3 0.5 0.2
v -2.3 0.5 0.0999999
v -2.2 0.5 0.0999999
v 1.9 0.5 0.0999999
v 2 0.5 0.0999999
v -2.2 0.5 0
v -2.1 0.5 0
v 2 0.5 0
v 2.1 0.5 0
v -2.1 0.5 -0.1
v -2 0.5 -0.1
v 2.1 0.5 -0.1
v 2.2 0.5 -0.1
v 2.2 0.5 -0.2
v 2.3 0.5 -0.2
v -0.4 0.5 -0.3
v -0.3 0.5 -0.3
v 0.2 0.5 -0.3
v 0.3 0.5 -0.3
v 1.9 0.5 -0.3
v 2 0.5 -0.3
v -0.3 0.5 -0.4
v 0.2 0.5 -0.4
v 2 0.5 -0.4
v 2.1 0.5 -0.4
v 2 0.5 -1.2
v 2.1 0.5 -1.2
v 1.9 0.5 -1.3
v 2 0.5 -1.3
v 2.2 0.5 -1.4
v 2.3 0.5 -1.4
v 2.1 0.5 -1.5
v 2.2 0.5 -1.5
v 2 0.5 -1.6
v 2.1 0.5 -1.6
v 1.9 0.5 -1.7
v 2 0.5 -1.7
v -1.7 0.5 -2
v -1.3 0.5 -2
v -0.3 0.5 -2
v 0.1 0.5 -2
v -1.7 0.5 -2.1
v -1.6 0.5 -2.1
v -1.3 0.5 -2.1
v -1.2 0.5 -2.1
v -0.4 0.5 -2.1
v -0.3 0.5 -2.1
v 0 0.5 -2.1
v 0.1 0.5 -2.1
v -1.6 0.5 -2.2
v -1.5 0.5 -2.2
v -1.2 0.5 -2.2
v -0.4 0.5 -2.2
v -0.0999999 0.5 -2.2
v 0 0.5 -2.2
v -1.5 0.5 -2.3
v -1.4 0.5 -2.3
v -0.2 0.5 -2.3
v -0.0999999 0.5 -2.3
v -1.4 0.5 -2.4
v -0.2 0.5 -2.4
v -1.6 0.6 2.1
v -1.5 0.6 2.1
v -1 0.6 2.1
v -0.9 0.6 2.1
v -1.6 0.6 2
v -1.5 0.6 2
v -1 0.6 2
v -0.9 0.6 2
v 1.9 0.6 1.6
v 2 0.6 1.6
v 1.9 0.6 1.5
v 2 0.6 1.5
v 1.9 0.6 1
v 2 0.6 1
v 1.9 0.6 0.9
v 2 0.6 0.9
v -0.3 0.6 0.5
v 0.2 0.6 0.5
v -0.4 0.6 0.4
v -0.3 0.6 0.4
v 0.2 0.6 0.4
v 0.3 0.6 0.4
v -0.5 0.6 0.3
v -0.4 0.6 0.3
v 0.3 0.6 0.3
v 0.4 0.6 0.3
v -0.6 0.6 0.2
v -0.5 0.6 0.2
v -0.4 0.6 0.2
v -0.3 0.6 0.2
v 0.2 0.6 0.2
v 0.3 0.6 0.2
v 0.4 0.6 0.2
v 0.5 0.6 0.2
v -0.6 0.6 0.0999999
v -0.6 0.6 0
v -0.6 0.6 -0.3
v -0.5 0.6 -0.3
v -0.4 0.6 -0.3
v -0.3 0.6 -0.3
v 0.2 0.6 -0.3
v 0.3 0.6 -0.3
v 0.4 0.6 -0.3
v 0.5 0.6 -0.3
v -0.5 0.6 -0.4
v -0.4 0.6 -0.4
v -0.3 0.6 -0.4
v 0.1 0.6 -0.4
v 0.2 0.6 -0.4
v 0.3 0.6 -0.4
v 0.4 0.6 -0.4
v -0.4 0.6 -0.5
v -0.3 0.6 -0.5
v 0.2 0.6 -0.5
v 0.3 0.6 -0.5
v -0.3 0.6 -0.6
v 0.1 0.6 -0.6
v 0.2 0.6 -0.6
v -2.1 0.6 -0.9
v -2 0.6 -0.9
v -2.1 0.6 -1
v -2 0.6 -1
v -2.1 0.6 -1.5
v -2 0.6 -1.5
v -2.1 0.6 -1.6
v -2 0.6 -1.6
v 0.8 0.6 -2
v 0.9 0.6 -2
v 1.4 0.6 -2
v 1.5 0.6 -2
v 0.8 0.6 -2.1
v 0.9 0.6 -2.1
v 1.4 0.6 -2.1
v 1.5 0.6 -2.1
v -1.7 0.7 2.1
v -1.6 0.7 2.1
v -1.5 0.7 2.1
v -1.4 0.7 2.1
v -1.1 0.7 2.1
v -1 0.7 2.1
v -0.9 0.7 2.1
v -0.8 0.7 2.1
v -1.7 0.7 2
v -1.6 0.7 2
v -1.5 0.7 2
v -1.4 0.7 2
v -1.1 0.7 2
v -1 0.7 2
v -0.9 0.7 2
v -0.8 0.7 2
v 1.9 0.7 1.7
v 2 0.7 1.7
v 1.9 0.7 1.6
v 2 0.7 1.6
v 1.9 0.7 1.5
v 2 0.7 1.5
v 1.9 0.7 1.4
v 2 0.7 1.4
v 1.9 0.7 1.1
v 2 0.7 1.1
v 1.9 0.7 1
v 2 0.7 1
v 1.9 0.7 0.9
v 2 0.7 0.9
v 1.9 0.7 0.8
v 2 0.7 0.8
v -2.1 0.7 -0.8
v -2 0.7 -0.8
v -2.1 0.7 -0.9
v -2 0.7 -0.9
v -2.1 0.7 -1
v -2 0.7 -1
v -2.1 0.7 -1.1
v -2 0.7 -1.1
v -2.1 0.7 -1.4
v -2 0.7 -1.4
v -2.1 0.7 -1.5
v -2 0.7 -1.5
v -2.1 0.7 -1.6
v -2 0.7 -1.6
v -2.1 0.7 -1.7
v -2 0.7 -1.7
v 0.7 0.7 -2
v 0.8 0.7 -2
v 0.9 0.7 -2
v 1 0.7 -2
v 1.3 0.7 -2
v 1.4 0.7 -2
v 1.5 0.7 -2
v 1.6 0.7 -2
v 0.7 0.7 -2.1
v 0.8 0.7 -2.1
v 0.9 0.7 -2.1
v 1 0.7 -2.1
v 1.3 0.7 -2.1
v 1.4 0.7 -2.1
v 1.5 0.7 -2.1
v 1.6 0.7 -2.1
v -1.3 1 2.1
v -1.2 1 2.1
v -1.3 1 2
v -1.2 1 2
v 1.9 1 1.3
v 2 1 1.3
v 1.9 1 1.2
v 2 1 1.2
v -2.1 1 -1.2
v -2 1 -1.2
v -2.1 1 -1.3
v -2 1 -1.3
v 1.1 1 -2
v 1.2 1 -2
v 1.1 1 -2.1
v 1.2 1 -2.1
v -1.4 1.1 2.1
v -1.3 1.1 2.1
v -1.2 1.1 2.1
v -1.1 1.1 2.1
v -1.4 1.1 2
v -1.3 1.1 2
v -1.2 1.1 2
v -1.1 1.1 2
v 1.9 1.1 1.4
v 2 1.1 1.4
v 1.9 1.1 1.3
v 2 1.1 1.3
v 1.9 1.1 1.2
v 2 1.1 1.2
v 1.9 1.1 1.1
v 2 1.1 1.1
v -2.1 1.1 -1.1
v -2 1.1 -1.1
v -2.1 1.1 -1.2
v -2 1.1 -1.2
v -2.1 1.1 -1.3
v -2 1.1 -1.3
v -2.1 1.1 -1.4
v -2 1.1 -1.4
v 1 1.1 -2
v 1.1 1.1 -2
v 1.2 1.1 -2
v 1.3 1.1 -2
v 1 1.1 -2.1
v 1.1 1.1 -2.1
v 1.2 1.1 -2.1
v 1.3 1.1 -2.1
v 3 1.5 0.2
v 3.3 1.5 0.2
v 3 1.5 -0.3
v 3.3 1.5 -0.3
v 3 1.6 0.4
v 3.3 1.6 0.4
v 2.6 1.6 0.2
v 3 1.6 0.2
v 3.3 1.6 0.2
v 2.6 1.6 -0.3
v 3 1.6 -0.3
v 3.3 1.6 -0.3
v 3 1.6 -0.5
v 3.3 1.6 -0.5
v 3 1.7 0.5
v 3.3 1.7 0.5
v 2.6 1.7 0.4
v 3 1.7 0.4
v 3.3 1.7 0.4
v -1.7 1.7 0.3
v -1.6 1.7 0.3
v 2.3 1.7 0.2
v 2.6 1.7 0.2
v 3 1.7 0.2
v 1.5 1.7 0.0999999
v 1.6 1.7 0.0999999
v -1.7 1.7 -0.3
v -1.6 1.7 -0.3
v 1.5 1.7 -0.3
v 1.6 1.7 -0.3
v 2.3 1.7 -0.3
v 2.6 1.7 -0.3
v 3 1.7 -0.3
v 2.6 1.7 -0.5
v 3 1.7 -0.5
v 3.3 1.7 -0.5
v 3 1.7 -0.6
v 3.3 1.7 -0.6
v 3 1.8 0.6
v 3.3 1.8 0.6
v 2.6 1.8 0.5
v 3 1.8 0.5
v 3.3 1.8 0.5
v 2.6 1.8 0.4
v 3 1.8 0.4
v 2.3 1.8 0.3
v 2.6 1.8 0.3
v 2.2 1.8 0.2
v 2.3 1.8 0.2
v 2.6 1.8 0.2
v 2.2 1.8 -0.3
v 2.3 1.8 -0.3
v 2.6 1.8 -0.3
v 2.3 1.8 -0.4
v 2.6 1.8 -0.4
v 2.6 1.8 -0.5
v 3 1.8 -0.5
v 2.6 1.8 -0.6
v 3 1.8 -0.6
v 3.3 1.8 -0.6
v 3 1.8 -0.7
v 3.3 1.8 -0.7
v 1.6 1.9 0.5
v 1.7 1.9 0.5
v 1.6 1.9 0.4
v 1.7 1.9 0.4
v 1.8 1.9 0.4
v 2.3 1.9 0.4
v 2.6 1.9 0.4
v 1.6 1.9 0.3
v 1.7 1.9 0.3
v 2.2 1.9 0.3
v 2.3 1.9 0.3
v 2.6 1.9 0.3
v 2.2 1.9 0.2
v 2.3 1.9 0.2
v 2 1.9 0.0999999
v 2.2 1.9 0.0999999
v 2 1.9 -0.2
v 2.2 1.9 -0.2
v 1.6 1.9 -0.3
v 1.7 1.9 -0.3
v 1.8 1.9 -0.3
v 2.2 1.9 -0.3
v 2.3 1.9 -0.3
v 1.6 1.9 -0.4
v 1.7 1.9 -0.4
v 2.2 1.9 -0.4
v 2.3 1.9 -0.4
v 2.6 1.9 -0.4
v 1.6 1.9 -0.5
v 1.7 1.9 -0.5
v 2.3 1.9 -0.5
v 2.6 1.9 -0.5
v 3 2 0.7
v 3.3 2 0.7
v 2.6 2 0.6
v 3 2 0.6
v 3.3 2 0.6
v 2.3 2 0.5
v 2.6 2 0.5
v 3 2 0.5
v 2.2 2 0.4
v 2.3 2 0.4
v 2.6 2 0.4
v 2.2 2 0.3
v 2.3 2 0.3
v 2 2 0.2
v 2.2 2 0.2
v 1.9 2 0.0999999
v 2 2 0.0999999
v 2.2 2 0.0999999
v 1.9 2 -0.2
v 2 2 -0.2
v 2.2 2 -0.2
v 2 2 -0.3
v 2.2 2 -0.3
v 2.2 2 -0.4
v 2.3 2 -0.4
v -1.7 2 -0.5
v -1.6 2 -0.5
v 2.2 2 -0.5
v 2.3 2 -0.5
v 2.6 2 -0.5
v -1.7 2 -0.6
v -1.6 2 -0.6
v 2.3 2 -0.6
v 2.6 2 -0.6
v 3 2 -0.6
v 2.6 2 -0.7
v 3 2 -0.7
v 3.3 2 -0.7
v 3 2 -0.8
v 3.3 2 -0.8
v 2 2.1 0.3
v 2.2 2.1 0.3
v 1.9 2.1 0.2
v 2 2.1 0.2
v 2.2 2.1 0.2
v 1.9 2.1 0.0999999
v 2 2.1 0.0999999
v 1.9 2.1 -0.2
v 2 2.1 -0.2
v 1.9 2.1 -0.3
v 2 2.1 -0.3
v 2.2 2.1 -0.3
v 2 2.1 -0.4
v 2.2 2.1 -0.4
v 1 2.2 -0.5
v 1.3 2.2 -0.5
v 1 2.2 -0.6
v 1.3 2.2 -0.6
v 1.8 2.3 -0.1
v 1.9 2.3 -0.1
v 1.8 2.3 -0.2
v 1.9 2.3 -0.2
v -0.6 2.4 2
v -0.5 2.4 2
v 0.4 2.4 2
v 0.5 2.4 2
v -0.6 2.4 1.8
v -0.5 2.4 1.8
v -0.4 2.4 1.8
v 0.3 2.4 1.8
v 0.4 2.4 1.8
v 0.5 2.4 1.8
v -0.5 2.4 1.7
v -0.4 2.4 1.7
v -0.3 2.4 1.7
v 0.2 2.4 1.7
v 0.3 2.4 1.7
v 0.4 2.4 1.7
v -0.4 2.4 1.6
v -0.3 2.4 1.6
v 0.2 2.4 1.6
v 0.3 2.4 1.6
v -2 2.4 0.6
v -1.9 2.4 0.6
v -1.8 2.4 0.6
v -1.6 2.4 0.6
v -1.5 2.4 0.6
v -1 2.4 0.6
v 0.9 2.4 0.6
v 1.5 2.4 0.6
v -2 2.4 0.5
v -1.9 2.4 0.5
v -1.8 2.4 0.5
v -1.7 2.4 0.5
v -1.6 2.4 0.5
v -1.5 2.4 0.5
v -1 2.4 0.5
v 0.9 2.4 0.5
v 1.5 2.4 0.5
v -1.9 2.4 0.4
v -1.8 2.4 0.4
v 2.2 2.4 0.2
v 2.3 2.4 0.2
v 2.1 2.4 0.0999999
v 2.2 2.4 0.0999999
v 2.3 2.4 0.0999999
v 2.1 2.4 -0.2
v 2.2 2.4 -0.2
v 2.3 2.4 -0.2
v -1.8 2.4 -0.3
v -1.7 2.4 -0.3
v 1.6 2.4 -0.3
v 1.7 2.4 -0.3
v 2.2 2.4 -0.3
v 2.3 2.4 -0.3
v 2.4 2.4 -0.3
v -1.9 2.4 -0.4
v -1.8 2.4 -0.4
v -1.7 2.4 -0.4
v 1.6 2.4 -0.4
v 1.7 2.4 -0.4
v 1.8 2.4 -0.4
v 2.3 2.4 -0.4
v 2.4 2.4 -0.4
v -2 2.4 -0.5
v -1.9 2.4 -0.5
v -1.8 2.4 -0.5
v -1.7 2.4 -0.5
v -1.6 2.4 -0.5
v -1.5 2.4 -0.5
v -1 2.4 -0.5
v 0.9 2.4 -0.5
v 1.2 2.4 -0.5
v 1.3 2.4 -0.5
v 1.5 2.4 -0.5
v 1.6 2.4 -0.5
v 1.7 2.4 -0.5
v 1.8 2.4 -0.5
v -2 2.4 -0.6
v -1.9 2.4 -0.6
v -1.7 2.4 -0.6
v -1.6 2.4 -0.6
v -1.5 2.4 -0.6
v -1 2.4 -0.6
v 0.9 2.4 -0.6
v 1.2 2.4 -0.6
v 1.3 2.4 -0.6
v 1.5 2.4 -0.6
v 1.6 2.4 -0.6
v 1.7 2.4 -0.6
v -0.4 2.4 -1.6
v -0.3 2.4 -1.6
v 0.2 2.4 -1.6
v 0.3 2.4 -1.6
v -0.5 2.4 -1.7
v -0.4 2.4 -1.7
v -0.3 2.4 -1.7
v 0.2 2.4 -1.7
v 0.3 2.4 -1.7
v 0.4 2.4 -1.7
v -0.6 2.4 -1.8
v -0.5 2.4 -1.8
v -0.4 2.4 -1.8
v 0.3 2.4 -1.8
v 0.4 2.4 -1.8
v 0.5 2.4 -1.8
v -0.6 2.4 -2
v -0.5 2.4 -2
v 0.4 2.4 -2
v 0.5 2.4 -2
v -0.5 2.5 2
v -0.4 2.5 2
v 0.3 2.5 2
v 0.4 2.5 2
v -0.5 2.5 1.8
v -0.4 2.5 1.8
v -0.3 2.5 1.8
v 0.2 2.5 1.8
v 0.3 2.5 1.8
v 0.4 2.5 1.8
v -0.4 2.5 1.7
v -0.3 2.5 1.7
v 0.2 2.5 1.7
v 0.3 2.5 1.7
v -0.3 2.5 1.6
v 0.2 2.5 1.6
v -2 2.5 0.5
v -1.9 2.5 0.5
v -1.7 2.5 0.5
v -1.6 2.5 0.5
v -1.5 2.5 0.5
v -1 2.5 0.5
v 0.9 2.5 0.5
v 1.5 2.5 0.5
v 1.6 2.5 0.5
v 1.7 2.5 0.5
v 3 2.5 0.5
v 3.3 2.5 0.5
v -2 2.5 0.4
v -1.9 2.5 0.4
v -1.7 2.5 0.4
v -1.6 2.5 0.4
v -1.5 2.5 0.4
v -1 2.5 0.4
v 0.9 2.5 0.4
v 1.5 2.5 0.4
v 1.6 2.5 0.4
v 1.7 2.5 0.4
v 1.8 2.5 0.4
v 2.6 2.5 0.4
v 3 2.5 0.4
v 3.3 2.5 0.4
v -1.9 2.5 0.3
v -1.8 2.5 0.3
v 1.6 2.5 0.3
v 1.7 2.5 0.3
v 1.8 2.5 0.3
v 2.4 2.5 0.3
v 2.6 2.5 0.3
v 3 2.5 0.3
v 2.3 2.5 0.2
v 2.4 2.5 0.2
v 2.2 2.5 0.0999999
v 2.3 2.5 0.0999999
v 2.2 2.5 -0.2
v 2.3 2.5 -0.2
v -1.9 2.5 -0.3
v -1.8 2.5 -0.3
v -1.7 2.5 -0.3
v 1.6 2.5 -0.3
v 1.7 2.5 -0.3
v 1.8 2.5 -0.3
v 2.3 2.5 -0.3
v 2.4 2.5 -0.3
v -2 2.5 -0.4
v -1.9 2.5 -0.4
v -1.8 2.5 -0.4
v -1.7 2.5 -0.4
v -1.6 2.5 -0.4
v -1.5 2.5 -0.4
v -1 2.5 -0.4
v 0.9 2.5 -0.4
v 1.5 2.5 -0.4
v 1.6 2.5 -0.4
v 1.7 2.5 -0.4
v 1.8 2.5 -0.4
v 2.4 2.5 -0.4
v 2.6 2.5 -0.4
v 3 2.5 -0.4
v -2 2.5 -0.5
v -1.9 2.5 -0.5
v -1.7 2.5 -0.5
v -1.6 2.5 -0.5
v -1.5 2.5 -0.5
v -1 2.5 -0.5
v 0.9 2.5 -0.5
v 1.5 2.5 -0.5
v 1.6 2.5 -0.5
v 1.7 2.5 -0.5
v 2.6 2.5 -0.5
v 3 2.5 -0.5
v 3.3 2.5 -0.5
v 3 2.5 -0.6
v 3.3 2.5 -0.6
v -0.3 2.5 -1.6
v 0.2 2.5 -1.6
v -0.4 2.5 -1.7
v -0.3 2.5 -1.7
v 0.2 2.5 -1.7
v 0.3 2.5 -1.7
v -0.5 2.5 -1.8
v -0.4 2.5 -1.8
v -0.3 2.5 -1.8
v 0.2 2.5 -1.8
v 0.3 2.5 -1.8
v 0.4 2.5 -1.8
v -0.5 2.5 -2
v -0.4 2.5 -2
v 0.3 2.5 -2
v 0.4 2.5 -2
v -0.4 2.6 2
v -0.3 2.6 2
v 0.2 2.6 2
v 0.3 2.6 2
v -0.4 2.6 1.8
v -0.3 2.6 1.8
v 0.2 2.6 1.8
v 0.3 2.6 1.8
v -0.3 2.6 1.7
v 0.2 2.6 1.7
v -2 2.6 0.4
v -1.9 2.6 0.4
v -1.7 2.6 0.4
v -1.6 2.6 0.4
v -1.5 2.6 0.4
v -1 2.6 0.4
v 0.9 2.6 0.4
v 1.5 2.6 0.4
v 1.6 2.6 0.4
v 1.7 2.6 0.4
v 3 2.6 0.4
v 3.1 2.6 0.4
v -2 2.6 0.3
v -1.9 2.6 0.3
v -1.8 2.6 0.3
v -1.7 2.6 0.3
v -1.6 2.6 0.3
v -1.5 2.6 0.3
v -1 2.6 0.3
v 0.9 2.6 0.3
v 1.5 2.6 0.3
v 1.6 2.6 0.3
v 1.7 2.6 0.3
v 1.8 2.6 0.3
v 2.6 2.6 0.3
v 3 2.6 0.3
v -2 2.6 -0.3
v -1.9 2.6 -0.3
v -1.8 2.6 -0.3
v -1.7 2.6 -0.3
v -1.6 2.6 -0.3
v -1.5 2.6 -0.3
v -1 2.6 -0.3
v 0.9 2.6 -0.3
v 1.5 2.6 -0.3
v 1.6 2.6 -0.3
v 1.7 2.6 -0.3
v 1.8 2.6 -0.3
v -2 2.6 -0.4
v -1.9 2.6 -0.4
v -1.7 2.6 -0.4
v -1.6 2.6 -0.4
v -1.5 2.6 -0.4
v -1 2.6 -0.4
v 0.9 2.6 -0.4
v 1.5 2.6 -0.4
v 1.6 2.6 -0.4
v 1.7 2.6 -0.4
v 2.6 2.6 -0.4
v 3 2.6 -0.4
v 3 2.6 -0.5
v 3.1 2.6 -0.5
v -0.3 2.6 -1.7
v 0.2 2.6 -1.7
v -0.4 2.6 -1.8
v -0.3 2.6 -1.8
v 0.2 2.6 -1.8
v 0.3 2.6 -1.8
v -0.4 2.6 -2
v -0.3 2.6 -2
v 0.2 2.6 -2
v 0.3 2.6 -2
v -1.7 2.7 2.3
v -1.6 2.7 2.3
v -1.4 2.7 2.2
v -1.3 2.7 2.2
v -1.7 2.7 2
v -1.6 2.7 2
v -1.4 2.7 2
v -1.3 2.7 2
v -0.3 2.7 2
v 0.2 2.7 2
v -0.3 2.7 1.8
v 0.2 2.7 1.8
v 1.9 2.7 1.7
v 2.2 2.7 1.7
v 1.9 2.7 1.6
v 2.2 2.7 1.6
v 1.9 2.7 1.4
v 2.1 2.7 1.4
v 1.9 2.7 1.3
v 2.1 2.7 1.3
v 3.1 2.7 0.4
v 3.3 2.7 0.4
v -2 2.7 0.3
v -1.9 2.7 0.3
v -1.8 2.7 0.3
v -1.6 2.7 0.3
v -1.5 2.7 0.3
v -1 2.7 0.3
v 0.9 2.7 0.3
v 1.5 2.7 0.3
v 1.6 2.7 0.3
v 1.7 2.7 0.3
v 3.2 2.7 0.2
v 3.3 2.7 0.2
v -1.8 2.7 -0.2
v -1.7 2.7 -0.2
v -2 2.7 -0.3
v -1.9 2.7 -0.3
v -1.7 2.7 -0.3
v -1.6 2.7 -0.3
v -1.5 2.7 -0.3
v -1 2.7 -0.3
v 0.9 2.7 -0.3
v 1.5 2.7 -0.3
v 1.6 2.7 -0.3
v 1.7 2.7 -0.3
v 3.2 2.7 -0.3
v 3.3 2.7 -0.3
v 3.1 2.7 -0.5
v 3.3 2.7 -0.5
v -2.2 2.7 -1.3
v -2 2.7 -1.3
v -2.2 2.7 -1.4
v -2 2.7 -1.4
v -2.3 2.7 -1.6
v -2 2.7 -1.6
v -2.3 2.7 -1.7
v -2 2.7 -1.7
v -0.3 2.7 -1.8
v 0.2 2.7 -1.8
v -0.3 2.7 -2
v 0.2 2.7 -2
v 1.2 2.7 -2
v 1.3 2.7 -2
v 1.5 2.7 -2
v 1.6 2.7 -2
v 1.2 2.7 -2.2
v 1.3 2.7 -2.2
v 1.5 2.7 -2.3
v 1.6 2.7 -2.3
v -1.7 2.8 2.4
v -1.6 2.8 2.4
v -1.7 2.8 2.3
v -1.6 2.8 2.3
v -1.4 2.8 2.3
v -1.3 2.8 2.3
v -1.4 2.8 2.2
v -1.3 2.8 2.2
v 2.2 2.8 1.7
v 2.3 2.8 1.7
v 2.2 2.8 1.6
v 2.3 2.8 1.6
v 2.1 2.8 1.4
v 2.2 2.8 1.4
v 2.1 2.8 1.3
v 2.2 2.8 1.3
v 3.2 2.8 0.2
v 3.3 2.8 0.2
v 3.2 2.8 -0.2
v 3.3 2.8 -0.2
v 3.2 2.8 -0.3
v 3.3 2.8 -0.3
v -2.3 2.8 -1.3
v -2.2 2.8 -1.3
v -2.3 2.8 -1.4
v -2.2 2.8 -1.4
v -2.4 2.8 -1.6
v -2.3 2.8 -1.6
v -2.4 2.8 -1.7
v -2.3 2.8 -1.7
v 1.2 2.8 -2.2
v 1.3 2.8 -2.2
v 1.2 2.8 -2.3
v 1.3 2.8 -2.3
v 1.5 2.8 -2.3
v 1.6 2.8 -2.3
v 1.5 2.8 -2.4
v 1.6 2.8 -2.4
v -1.4 3.5 2.2
v -1.3 3.5 2.2
v -1.4 3.5 2.1
v -1.3 3.5 2.1
v 2 3.5 1.4
v 2.1 3.5 1.4
v 2 3.5 1.3
v 2.1 3.5 1.3
v -2.2 3.5 -1.3
v -2.1 3.5 -1.3
v -2.2 3.5 -1.4
v -2.1 3.5 -1.4
v 1.2 3.5 -2.1
v 1.3 3.5 -2.1
v 1.2 3.5 -2.2
v 1.3 3.5 -2.2
v -1.4 3.6 2.1
v -1.3 3.6 2.1
v -1.4 3.6 2
v -1.3 3.6 2
v 1.9 3.6 1.4
v 2 3.6 1.4
v 1.9 3.6 1.3
v 2 3.6 1.3
v -2.1 3.6 -1.3
v -2 3.6 -1.3
v -2.1 3.6 -1.4
v -2 3.6 -1.4
v 1.2 3.6 -2
v 1.3 3.6 -2
v 1.2 3.6 -2.1
v 1.3 3.6 -2.1
v -1.7 3.8 2.3
v -1.6 3.8 2.3
v -1.7 3.8 2.2
v -1.6 3.8 2.2
v 2.1 3.8 1.7
v 2.2 3.8 1.7
v 2.1 3.8 1.6
v 2.2 3.8 1.6
v -2.3 3.8 -1.6
v -2.2 3.8 -1.6
v -2.3 3.8 -1.7
v -2.2 3.8 -1.7
v 1.5 3.8 -2.2
v 1.6 3.8 -2.2
v 1.5 3.8 -2.3
v 1.6 3.8 -2.3
v -1.7 3.9 2.2
v -1.6 3.9 2.2
v -1.7 3.9 2
v -1.6 3.9 2
v 1.9 3.9 1.7
v 2.1 3.9 1.7
v 1.9 3.9 1.6
v 2.1 3.9 1.6
v -2.2 3.9 -1.6
v -2 3.9 -1.6
v -2.2 3.9 -1.7
v -2 3.9 -1.7
v 1.5 3.9 -2
v 1.6 3.9 -2
v 1.5 3.9 -2.2
v 1.6 3.9 -2.2
v -1.9 4 2.1
v -1.7 4 2.1
v -1.6 4 2.1
v 1.8 4 2.1
v -1.9 4 2
v -1.7 4 2
v -1.6 4 2
v 1.8 4 2
v -2.1 4 1.9
v -2 4 1.9
v 1.9 4 1.9
v 2 4 1.9
v 1.9 4 1.7
v 2 4 1.7
v 1.9 4 1.6
v 2 4 1.6
v -2.1 4 -1.6
v -2 4 -1.6
v -2.1 4 -1.7
v -2 4 -1.7
v -2.1 4 -1.9
v -2 4 -1.9
v 1.9 4 -1.9
v 2 4 -1.9
v -1.9 4 -2
v 1.5 4 -2
v 1.6 4 -2
v 1.8 4 -2
v -1.9 4 -2.1
v 1.5 4 -2.1
v 1.6 4 -2.1
v 1.8 4 -2.1
v 1.5 -0.0999999 -0.8
v 1.6 -0.0999999 -0.8
v 1.5 -0.0999999 -1.7
v 1.6 -0.0999999 -1.7
v -1.2 5.96046e-08 1.7
v -0.4 5.96046e-08 1.7
v -1.2 5.96046e-08 1.5
v -0.4 5.96046e-08 1.5
v 1.5 5.96046e-08 -0.7
v 1.6 5.96046e-08 -0.7
v 1.2 5.96046e-08 -0.8
v 1.3 5.96046e-08 -0.8
v 1.5 5.96046e-08 -0.8
v 1.6 5.96046e-08 -0.8
v 1.2 5.96046e-08 -1.4
v 1.3 5.96046e-08 -1.4
v 1.5 5.96046e-08 -1.7
v 1.6 5.96046e-08 -1.7
v 1.5 5.96046e-08 -1.8
v 1.6 5.96046e-08 -1.8
v -1.3 0.1 1.7
v -1.2 0.1 1.7
v -0.4 0.1 1.7
v -0.3 0.1 1.7
v -1.3 0.1 1.5
v -1.2 0.1 1.5
v -0.4 0.1 1.5
v -0.3 0.1 1.5
v 1.2 0.1 -0.7
v 1.3 0.1 -0.7
v 1.2 0.1 -0.8
v 1.3 0.1 -0.8
v 1.2 0.1 -1.4
v 1.3 0.1 -1.4
v 1.2 0.1 -1.5
v 1.3 0.1 -1.5
v -1.9 0.3 2.1
v 1.8 0.3 2.1
v -1.9 0.3 2
v 1.8 0.3 2
v -2.1 0.3 1.9
v -2 0.3 1.9
v 1.9 0.3 1.9
v 2 0.3 1.9
v -2.1 0.3 -1.9
v -2 0.3 -1.9
v 1.9 0.3 -1.9
v 2 0.3 -1.9
v -1.9 0.3 -2
v 1.8 0.3 -2
v -1.9 0.3 -2.1
v 1.8 0.3 -2.1
v -0.3 0.4 0.5
v 0 0.4 0.5
v -0.3 0.4 0.4
v 0 0.4 0.4
v -0.6 0.4 0.2
v -0.5 0.4 0.2
v 0.4 0.4 0.2
v 0.5 0.4 0.2
v -0.6 0.4 -0.3
v -0.5 0.4 -0.3
v -0.4 0.4 -0.3
v 0.3 0.4 -0.3
v 0.4 0.4 -0.3
v 0.5 0.4 -0.3
v -0.5 0.4 -0.4
v -0.4 0.4 -0.4
v -0.3 0.4 -0.4
v 0.2 0.4 -0.4
v 0.3 0.4 -0.4
v 0.4 0.4 -0.4
v -0.4 0.4 -0.5
v -0.3 0.4 -0.5
v 0.2 0.4 -0.5
v 0.3 0.4 -0.5
v -0.3 0.4 -0.6
v 0.2 0.4 -0.6
v 0 0.5 0.5
v 0.2 0.5 0.5
v -0.4 0.5 0.4
v -0.3 0.5 0.4
v 0 0.5 0.4
v 0.2 0.5 0.4
v 0.3 0.5 0.4
v -0.5 0.5 0.3
v -0.4 0.5 0.3
v -0.3 0.5 0.3
v 0.2 0.5 0.3
v 0.3 0.5 0.3
v 0.4 0.5 0.3
v -0.5 0.5 0.2
v -0.4 0.5 0.2
v -0.3 0.5 0.2
v 0.2 0.5 0.2
v 0.3 0.5 0.2
v 0.4 0.5 0.2
v -0.5 0.5 -0.3
v -0.4 0.5 -0.3
v -0.3 0.5 -0.3
v 0.2 0.5 -0.3
v 0.3 0.5 -0.3
v 0.4 0.5 -0.3
v -0.4 0.5 -0.4
v -0.3 0.5 -0.4
v 0.2 0.5 -0.4
v 0.3 0.5 -0.4
v -0.3 0.5 -0.5
v 0.2 0.5 -0.5
v 0.2 0.7 2.4
v 1.4 0.7 2.4
v 0.1 0.7 2.3
v 0.2 0.7 2.3
v 1.4 0.7 2.3
v 1.5 0.7 2.3
v 0 0.7 2.2
v 0.1 0.7 2.2
v 0.4 0.7 2.2
v 1.2 0.7 2.2
v 1.5 0.7 2.2
v 1.6 0.7 2.2
v -0.0999999 0.7 2.1
v 0 0.7 2.1
v 0.3 0.7 2.1
v 0.4 0.7 2.1
v 1.2 0.7 2.1
v 1.3 0.7 2.1
v 1.6 0.7 2.1
v 1.7 0.7 2.1
v -0.0999999 0.7 2
v 0.3 0.7 2
v 1.3 0.7 2
v 1.7 0.7 2
v -2.1 0.7 1.7
v -2 0.7 1.7
v -2.2 0.7 1.6
v -2.1 0.7 1.6
v -2.3 0.7 1.5
v -2.2 0.7 1.5
v -2.4 0.7 1.4
v -2.3 0.7 1.4
v -2.1 0.7 1.3
v -2 0.7 1.3
v -2.2 0.7 1.2
v -2.1 0.7 1.2
v -2.2 0.7 0.4
v -2.1 0.7 0.4
v -2.1 0.7 0.3
v -2 0.7 0.3
v -2.4 0.7 0.2
v -2.3 0.7 0.2
v -2.3 0.7 0.0999999
v -2.2 0.7 0.0999999
v 1.9 0.7 0.0999999
v 2 0.7 0.0999999
v -2.2 0.7 0
v -2.1 0.7 0
v 2 0.7 0
v 2.1 0.7 0
v -2.1 0.7 -0.1
v -2 0.7 -0.1
v 2.1 0.7 -0.1
v 2.2 0.7 -0.1
v 2.2 0.7 -0.2
v 2.3 0.7 -0.2
v 1.9 0.7 -0.3
v 2 0.7 -0.3
v 2 0.7 -0.4
v 2.1 0.7 -0.4
v 2 0.7 -1.2
v 2.1 0.7 -1.2
v 1.9 0.7 -1.3
v 2 0.7 -1.3
v 2.2 0.7 -1.4
v 2.3 0.7 -1.4
v 2.1 0.7 -1.5
v 2.2 0.7 -1.5
v 2 0.7 -1.6
v 2.1 0.7 -1.6
v 1.9 0.7 -1.7
v 2 0.7 -1.7
v -1.7 0.7 -2
v -1.3 0.7 -2
v -0.3 0.7 -2
v 0.1 0.7 -2
v -1.7 0.7 -2.1
v -1.6 0.7 -2.1
v -1.3 0.7 -2.1
v -1.2 0.7 -2.1
v -0.4 0.7 -2.1
v -0.3 0.7 -2.1
v 0 0.7 -2.1
v 0.1 0.7 -2.1
v -1.6 0.7 -2.2
v -1.5 0.7 -2.2
v -1.2 0.7 -2.2
v -0.4 0.7 -2.2
v -0.0999999 0.7 -2.2
v 0 0.7 -2.2
v -1.5 0.7 -2.3
v -1.4 0.7 -2.3
v -0.2 0.7 -2.3
v -0.0999999 0.7 -2.3
v -1.4 0.7 -2.4
v -0.2 0.7 -2.4
v -1.7 0.8 2.1
v -1.6 0.8 2.1
v -1.5 0.8 2.1
v -1.4 0.8 2.1
v -1.1 0.8 2.1
v -1 0.8 2.1
v -0.9 0.8 2.1
v -0.8 0.8 2.1
v -1.7 0.8 2
v -1.6 0.8 2
v -1.5 0.8 2
v -1.4 0.8 2
v -1.1 0.8 2
v -1 0.8 2
v -0.9 0.8 2
v -0.8 0.8 2
v 1.9 0.8 1.7
v 2 0.8 1.7
v 1.9 0.8 1.6
v 2 0.8 1.6
v 1.9 0.8 1.5
v 2 0.8 1.5
v 1.9 0.8 1.4
v 2 0.8 1.4
v 1.9 0.8 1.1
v 2 0.8 1.1
v 1.9 0.8 1
v 2 0.8 1
v 1.9 0.8 0.9
v 2 0.8 0.9
v 1.9 0.8 0.8
v 2 0.8 0.8
v -2.1 0.8 -0.8
v -2 0.8 -0.8
v -2.1 0.8 -0.9
v -2 0.8 -0.9
v -2.1 0.8 -1
v -2 0.8 -1
v -2.1 0.8 -1.1
v -2 0.8 -1.1
v -2.1 0.8 -1.4
v -2 0.8 -1.4
v -2.1 0.8 -1.5
v -2 0.8 -1.5
v -2.1 0.8 -1.6
v -2 0.8 -1.6
v -2.1 0.8 -1.7
v -2 0.8 -1.7
v 0.7 0.8 -2
v 0.8 0.8 -2
v 0.9 0.8 -2
v 1 0.8 -2
v 1.3 0.8 -2
v 1.4 0.8 -2
v 1.5 0.8 -2
v 1.6 0.8 -2
v 0.7 0.8 -2.1
v 0.8 0.8 -2.1
v 0.9 0.8 -2.1
v 1 0.8 -2.1
v 1.3 0.8 -2.1
v 1.4 0.8 -2.1
v 1.5 0.8 -2.1
v 1.6 0.8 -2.1
v -1.6 0.9 2.1
v -1.5 0.9 2.1
v -1 0.9 2.1
v -0.9 0.9 2.1
v -1.6 0.9 2
v -1.5 0.9 2
v -1 0.9 2
v -0.9 0.9 2
v 1.9 0.9 1.6
v 2 0.9 1.6
v 1.9 0.9 1.5
v 2 0.9 1.5
v 1.9 0.9 1
v 2 0.9 1
v 1.9 0.9 0.9
v 2 0.9 0.9
v -2.1 0.9 -0.9
v -2 0.9 -0.9
v -2.1 0.9 -1
v -2 0.9 -1
v -2.1 0.9 -1.5
v -2 0.9 -1.5
v -2.1 0.9 -1.6
v -2 0.9 -1.6
v 0.8 0.9 -2
v 0.9 0.9 -2
v 1.4 0.9 -2
v 1.5 0.9 -2
v 0.8 0.9 -2.1
v 0.9 0.9 -2.1
v 1.4 0.9 -2.1
v 1.5 0.9 -2.1
v -1.4 1.2 2.1
v -1.3 1.2 2.1
v -1.2 1.2 2.1
v -1.1 1.2 2.1
v -1.4 1.2 2
v -1.3 1.2 2
v -1.2 1.2 2
v -1.1 1.2 2
v 1.9 1.2 1.4
v 2 1.2 1.4
v 1.9 1.2 1.3
v 2 1.2 1.3
v 1.9 1.2 1.2
v 2 1.2 1.2
v 1.9 1.2 1.1
v 2 1.2 1.1
v -2.1 1.2 -1.1
v -2 1.2 -1.1
v -2.1 1.2 -1.2
v -2 1.2 -1.2
v -2.1 1.2 -1.3
v -2 1.2 -1.3
v -2.1 1.2 -1.4
v -2 1.2 -1.4
v 1 1.2 -2
v 1.1 1.2 -2
v 1.2 1.2 -2
v 1.3 1.2 -2
v 1 1.2 -2.1
v 1.1 1.2 -2.1
v 1.2 1.2 -2.1
v 1.3 1.2 -2.1
v -1.3 1.3 2.1
v -1.2 1.3 2.1
v -1.3 1.3 2
v -1.2 1.3 2
v 1.9 1.3 1.3
v 2 1.3 1.3
v 1.9 1.3 1.2
v 2 1.3 1.2
v -2.1 1.3 -1.2
v -2 1.3 -1.2
v -2.1 1.3 -1.3
v -2 1.3 -1.3
v 1.1 1.3 -2
v 1.2 1.3 -2
v 1.1 1.3 -2.1
v 1.2 1.3 -2.1
v -0.3 1.6 2
v 0.2 1.6 2
v -0.3 1.6 1.8
v 0.2 1.6 1.8
v -2 1.6 0.3
v -1.9 1.6 0.3
v -1.7 1.6 0.3
v -1.6 1.6 0.3
v -1.5 1.6 0.3
v -1 1.6 0.3
v 0.9 1.6 0.3
v 1.5 1.6 0.3
v 1.5 1.6 0.0999999
v 1.6 1.6 0.0999999
v -2 1.6 -0.3
v -1.9 1.6 -0.3
v -1.7 1.6 -0.3
v -1.6 1.6 -0.3
v -1.5 1.6 -0.3
v -1 1.6 -0.3
v 0.9 1.6 -0.3
v 1.6 1.6 -0.3
v -0.3 1.6 -1.8
v 0.2 1.6 -1.8
v -0.3 1.6 -2
v 0.2 1.6 -2
v -0.4 1.7 2
v -0.3 1.7 2
v 0.2 1.7 2
v 0.3 1.7 2
v -0.4 1.7 1.8
v -0.3 1.7 1.8
v 0.2 1.7 1.8
v 0.3 1.7 1.8
v -0.3 1.7 1.7
v 0.2 1.7 1.7
v -2 1.7 0.4
v -1.9 1.7 0.4
v -1.5 1.7 0.4
v -1 1.7 0.4
v 0.9 1.7 0.4
v 1.5 1.7 0.4
v -2 1.7 0.3
v -1.9 1.7 0.3
v -1.8 1.7 0.3
v -1.5 1.7 0.3
v -1 1.7 0.3
v 0.9 1.7 0.3
v 1.5 1.7 0.3
v 1.7 1.7 0.3
v 1.8 1.7 0.3
v 3 1.7 0.2
v 3.3 1.7 0.2
v -2 1.7 -0.3
v -1.9 1.7 -0.3
v -1.8 1.7 -0.3
v -1.5 1.7 -0.3
v -1 1.7 -0.3
v 0.9 1.7 -0.3
v 1.4 1.7 -0.3
v 1.7 1.7 -0.3
v 1.8 1.7 -0.3
v 3 1.7 -0.3
v 3.3 1.7 -0.3
v -2 1.7 -0.4
v -1.9 1.7 -0.4
v -1.5 1.7 -0.4
v -1 1.7 -0.4
v 0.9 1.7 -0.4
v 1.4 1.7 -0.4
v -0.3 1.7 -1.7
v 0.2 1.7 -1.7
v -0.4 1.7 -1.8
v -0.3 1.7 -1.8
v 0.2 1.7 -1.8
v 0.3 1.7 -1.8
v -0.4 1.7 -2
v -0.3 1.7 -2
v 0.2 1.7 -2
v 0.3 1.7 -2
v -0.5 1.8 2
v -0.4 1.8 2
v 0.3 1.8 2
v 0.4 1.8 2
v -0.5 1.8 1.8
v -0.4 1.8 1.8
v -0.3 1.8 1.8
v 0.2 1.8 1.8
v 0.3 1.8 1.8
v 0.4 1.8 1.8
v -0.4 1.8 1.7
v -0.3 1.8 1.7
v 0.2 1.8 1.7
v 0.3 1.8 1.7
v -0.3 1.8 1.6
v 0.2 1.8 1.6
v -2 1.8 0.5
v -1.9 1.8 0.5
v -1.5 1.8 0.5
v -1 1.8 0.5
v 0.9 1.8 0.5
v 1.5 1.8 0.5
v 1.6 1.8 0.5
v 1.7 1.8 0.5
v -2 1.8 0.4
v -1.9 1.8 0.4
v -1.8 1.8 0.4
v -1.5 1.8 0.4
v -1 1.8 0.4
v 0.9 1.8 0.4
v 1.5 1.8 0.4
v 1.6 1.8 0.4
v 1.7 1.8 0.4
v 1.8 1.8 0.4
v 3 1.8 0.4
v 3.3 1.8 0.4
v -1.9 1.8 0.3
v -1.8 1.8 0.3
v -1.7 1.8 0.3
v 1.6 1.8 0.3
v 1.7 1.8 0.3
v 1.8 1.8 0.3
v 2.6 1.8 0.2
v 3 1.8 0.2
v 3.3 1.8 0.2
v -1.9 1.8 -0.3
v -1.8 1.8 -0.3
v -1.7 1.8 -0.3
v 1.4 1.8 -0.3
v 1.5 1.8 -0.3
v 1.6 1.8 -0.3
v 1.7 1.8 -0.3
v 1.8 1.8 -0.3
v 2.6 1.8 -0.3
v 3 1.8 -0.3
v 3.3 1.8 -0.3
v -2 1.8 -0.4
v -1.9 1.8 -0.4
v -1.8 1.8 -0.4
v -1.5 1.8 -0.4
v -1 1.8 -0.4
v 0.9 1.8 -0.4
v 1.4 1.8 -0.4
v 1.6 1.8 -0.4
v 1.7 1.8 -0.4
v 1.8 1.8 -0.4
v -2 1.8 -0.5
v -1.9 1.8 -0.5
v -1.5 1.8 -0.5
v -1 1.8 -0.5
v 0.9 1.8 -0.5
v 1.5 1.8 -0.5
v 1.6 1.8 -0.5
v 1.7 1.8 -0.5
v 3 1.8 -0.5
v 3.3 1.8 -0.5
v -0.3 1.8 -1.6
v 0.2 1.8 -1.6
v -0.4 1.8 -1.7
v -0.3 1.8 -1.7
v 0.2 1.8 -1.7
v 0.3 1.8 -1.7
v -0.5 1.8 -1.8
v -0.4 1.8 -1.8
v -0.3 1.8 -1.8
v 0.2 1.8 -1.8
v 0.3 1.8 -1.8
v 0.4 1.8 -1.8
v -0.5 1.8 -2
v -0.4 1.8 -2
v 0.3 1.8 -2
v 0.4 1.8 -2
v -0.6 1.9 2
v -0.5 1.9 2
v 0.4 1.9 2
v 0.5 1.9 2
v -0.6 1.9 1.8
v -0.5 1.9 1.8
v -0.4 1.9 1.8
v 0.3 1.9 1.8
v 0.4 1.9 1.8
v 0.5 1.9 1.8
v -0.5 1.9 1.7
v -0.4 1.9 1.7
v -0.3 1.9 1.7
v 0.2 1.9 1.7
v 0.3 1.9 1.7
v 0.4 1.9 1.7
v -0.4 1.9 1.6
v -0.3 1.9 1.6
v 0.2 1.9 1.6
v 0.3 1.9 1.6
v -2 1.9 0.6
v -1.9 1.9 0.6
v -1.7 1.9 0.6
v -1.6 1.9 0.6
v -1.5 1.9 0.6
v -1 1.9 0.6
v 0.9 1.9 0.6
v 1.5 1.9 0.6
v -2 1.9 0.5
v -1.9 1.9 0.5
v -1.8 1.9 0.5
v -1.7 1.9 0.5
v -1.5 1.9 0.5
v -1 1.9 0.5
v 0.9 1.9 0.5
v 1.5 1.9 0.5
v -1.9 1.9 0.4
v -1.8 1.9 0.4
v -1.7 1.9 0.4
v -1.6 1.9 0.4
v -1.8 1.9 0.3
v -1.7 1.9 0.3
v 2.7 1.9 0.3
v 3 1.9 0.3
v 2.7 1.9 0.2
v 3 1.9 0.2
v -1.8 1.9 -0.3
v -1.7 1.9 -0.3
v 1.6 1.9 -0.3
v 1.7 1.9 -0.3
v 2.7 1.9 -0.3
v 3 1.9 -0.3
v -1.9 1.9 -0.4
v -1.8 1.9 -0.4
v -1.7 1.9 -0.4
v -1.6 1.9 -0.4
v 1.6 1.9 -0.4
v 1.7 1.9 -0.4
v 1.8 1.9 -0.4
v 2.7 1.9 -0.4
v 3 1.9 -0.4
v -2 1.9 -0.5
v -1.9 1.9 -0.5
v -1.8 1.9 -0.5
v -1.7 1.9 -0.5
v -1.5 1.9 -0.5
v -1 1.9 -0.5
v 0.9 1.9 -0.5
v 1.5 1.9 -0.5
v 1.6 1.9 -0.5
v 1.7 1.9 -0.5
v 1.8 1.9 -0.5
v -2 1.9 -0.6
v -1.9 1.9 -0.6
v -1.7 1.9 -0.6
v -1.6 1.9 -0.6
v -1.5 1.9 -0.6
v -1 1.9 -0.6
v 0.9 1.9 -0.6
v 1.5 1.9 -0.6
v 1.6 1.9 -0.6
v 1.7 1.9 -0.6
v -0.4 1.9 -1.6
v -0.3 1.9 -1.6
v 0.2 1.9 -1.6
v 0.3 1.9 -1.6
v -0.5 1.9 -1.7
v -0.4 1.9 -1.7
v -0.3 1.9 -1.7
v 0.2 1.9 -1.7
v 0.3 1.9 -1.7
v 0.4 1.9 -1.7
v -0.6 1.9 -1.8
v -0.5 1.9 -1.8
v -0.4 1.9 -1.8
v 0.3 1.9 -1.8
v 0.4 1.9 -1.8
v 0.5 1.9 -1.8
v -0.6 1.9 -2
v -0.5 1.9 -2
v 0.4 1.9 -2
v 0.5 1.9 -2
v -1.8 2 0.6
v -1.7 2 0.6
v -1.8 2 0.5
v -1.7 2 0.5
v 3 2 0.5
v 3.3 2 0.5
v 2.7 2 0.4
v 3 2 0.4
v 3.3 2 0.4
v 2.6 2 0.3
v 2.7 2 0.3
v 3 2 0.3
v 2.3 2 0.2
v 2.6 2 0.2
v 2.7 2 0.2
v 2.3 2 -0.3
v 2.6 2 -0.3
v 2.7 2 -0.3
v 2.6 2 -0.4
v 2.7 2 -0.4
v 3 2 -0.4
v 2.7 2 -0.5
v 3 2 -0.5
v 3.3 2 -0.5
v 3 2 -0.6
v 3.3 2 -0.6
v 2.6 2.1 0.4
v 2.7 2.1 0.4
v 2.4 2.1 0.3
v 2.6 2.1 0.3
v 2.7 2.1 0.3
v 2.2 2.1 0.2
v 2.3 2.1 0.2
v 2.4 2.1 0.2
v 2.6 2.1 0.2
v 2.1 2.1 0.0999999
v 2.2 2.1 0.0999999
v 2.1 2.1 -0.2
v 2.2 2.1 -0.2
v 2.2 2.1 -0.3
v 2.3 2.1 -0.3
v 2.6 2.1 -0.3
v 2.3 2.1 -0.4
v 2.6 2.1 -0.4
v 2.7 2.1 -0.4
v -1.7 2.1 -0.5
v -1.6 2.1 -0.5
v 2.6 2.1 -0.5
v 2.7 2.1 -0.5
v -1.7 2.1 -0.6
v -1.6 2.1 -0.6
v 1.8 2.2 -0.1
v 1.9 2.2 -0.1
v 1.8 2.2 -0.2
v 1.9 2.2 -0.2
v 1 2.3 -0.5
v 1.2 2.3 -0.5
v 1 2.3 -0.6
v 1.2 2.3 -0.6
v 1.6 2.4 0.5
v 1.7 2.4 0.5
v 1.6 2.4 0.4
v 1.7 2.4 0.4
v 1.8 2.4 0.4
v 1.6 2.4 0.3
v 1.7 2.4 0.3
v 2 2.4 0.3
v 2.2 2.4 0.3
v 1.9 2.4 0.2
v 2 2.4 0.2
v 2.2 2.4 0.2
v 1.9 2.4 0.0999999
v 2 2.4 0.0999999
v 1.9 2.4 -0.2
v 2 2.4 -0.2
v -1.7 2.4 -0.3
v -1.6 2.4 -0.3
v 1.6 2.4 -0.3
v 1.7 2.4 -0.3
v 1.8 2.4 -0.3
v 1.9 2.4 -0.3
v 2 2.4 -0.3
v 2.2 2.4 -0.3
v -1.7 2.4 -0.4
v -1.6 2.4 -0.4
v 1.6 2.4 -0.4
v 1.7 2.4 -0.4
v 2 2.4 -0.4
v 2.2 2.4 -0.4
v 1.6 2.4 -0.5
v 1.7 2.4 -0.5
v 3 2.5 0.7
v 3.3 2.5 0.7
v 2.6 2.5 0.6
v 3 2.5 0.6
v 3.3 2.5 0.6
v 2.3 2.5 0.5
v 2.6 2.5 0.5
v 3 2.5 0.5
v -1.7 2.5 0.4
v -1.6 2.5 0.4
v 1.6 2.5 0.4
v 1.7 2.5 0.4
v 2.2 2.5 0.4
v 2.3 2.5 0.4
v 2.6 2.5 0.4
v 1.6 2.5 0.3
v 1.7 2.5 0.3
v 2.2 2.5 0.3
v 2.3 2.5 0.3
v 2 2.5 0.2
v 2.2 2.5 0.2
v 1.9 2.5 0.0999999
v 2 2.5 0.0999999
v 2.2 2.5 0.0999999
v 1.9 2.5 -0.2
v 2 2.5 -0.2
v 2.2 2.5 -0.2
v -1.7 2.5 -0.3
v -1.6 2.5 -0.3
v 1.6 2.5 -0.3
v 1.7 2.5 -0.3
v 2 2.5 -0.3
v 2.2 2.5 -0.3
v 1.6 2.5 -0.4
v 1.7 2.5 -0.4
v 2.2 2.5 -0.4
v 2.3 2.5 -0.4
v 2.2 2.5 -0.5
v 2.3 2.5 -0.5
v 2.6 2.5 -0.5
v 2.3 2.5 -0.6
v 2.6 2.5 -0.6
v 3 2.5 -0.6
v 2.6 2.5 -0.7
v 3 2.5 -0.7
v 3.3 2.5 -0.7
v 3 2.5 -0.8
v 3.3 2.5 -0.8
v 2.3 2.6 0.4
v 2.6 2.6 0.4
v -1.8 2.6 0.3
v -1.7 2.6 0.3
v 1.6 2.6 0.3
v 1.7 2.6 0.3
v 2.2 2.6 0.3
v 2.3 2.6 0.3
v 2.6 2.6 0.3
v 2.2 2.6 0.2
v 2.3 2.6 0.2
v 2 2.6 0.0999999
v 2.2 2.6 0.0999999
v -1.8 2.6 -0.2
v -1.7 2.6 -0.2
v 2 2.6 -0.2
v 2.2 2.6 -0.2
v 1.6 2.6 -0.3
v 1.7 2.6 -0.3
v 2.2 2.6 -0.3
v 2.3 2.6 -0.3
v 2.2 2.6 -0.4
v 2.3 2.6 -0.4
v 2.6 2.6 -0.4
v 2.3 2.6 -0.5
v 2.6 2.6 -0.5
v 3 2.7 0.6
v 3.3 2.7 0.6
v 2.6 2.7 0.5
v 3 2.7 0.5
v 3.3 2.7 0.5
v 2.6 2.7 0.4
v 3 2.7 0.4
v 2.3 2.7 0.3
v 2.6 2.7 0.3
v 2.2 2.7 0.2
v 2.3 2.7 0.2
v 2.6 2.7 0.2
v 2.2 2.7 -0.3
v 2.3 2.7 -0.3
v 2.6 2.7 -0.3
v 2.3 2.7 -0.4
v 2.6 2.7 -0.4
v 2.6 2.7 -0.5
v 3 2.7 -0.5
v 2.6 2.7 -0.6
v 3 2.7 -0.6
v 3.3 2.7 -0.6
v 3 2.7 -0.7
v 3.3 2.7 -0.7
v -1.7 2.8 2.2
v -1.6 2.8 2.2
v -1.4 2.8 2.1
v -1.3 2.8 2.1
v -1.7 2.8 2
v -1.6 2.8 2
v -1.4 2.8 2
v -1.3 2.8 2
v 1.9 2.8 1.7
v 2.1 2.8 1.7
v 1.9 2.8 1.6
v 2.1 2.8 1.6
v 1.9 2.8 1.4
v 2 2.8 1.4
v 1.9 2.8 1.3
v 2 2.8 1.3
v 3 2.8 0.5
v 3.3 2.8 0.5
v 2.6 2.8 0.4
v 3 2.8 0.4
v 3.3 2.8 0.4
v 2.3 2.8 0.2
v 2.6 2.8 0.2
v 3 2.8 0.2
v 2.3 2.8 -0.3
v 2.6 2.8 -0.3
v 3 2.8 -0.3
v 2.6 2.8 -0.5
v 3 2.8 -0.5
v 3.3 2.8 -0.5
v 3 2.8 -0.6
v 3.3 2.8 -0.6
v -2.1 2.8 -1.3
v -2 2.8 -1.3
v -2.1 2.8 -1.4
v -2 2.8 -1.4
v -2.2 2.8 -1.6
v -2 2.8 -1.6
v -2.2 2.8 -1.7
v -2 2.8 -1.7
v 1.2 2.8 -2
v 1.3 2.8 -2
v 1.5 2.8 -2
v 1.6 2.8 -2
v 1.2 2.8 -2.1
v 1.3 2.8 -2.1
v 1.5 2.8 -2.2
v 1.6 2.8 -2.2
v -1.7 2.9 2.3
v -1.6 2.9 2.3
v -1.7 2.9 2.2
v -1.6 2.9 2.2
v -1.4 2.9 2.2
v -1.3 2.9 2.2
v -1.4 2.9 2.1
v -1.3 2.9 2.1
v 2.1 2.9 1.7
v 2.2 2.9 1.7
v 2.1 2.9 1.6
v 2.2 2.9 1.6
v 2 2.9 1.4
v 2.1 2.9 1.4
v 2 2.9 1.3
v 2.1 2.9 1.3
v 3 2.9 0.4
v 3.3 2.9 0.4
v 2.6 2.9 0.2
v 3 2.9 0.2
v 3.3 2.9 0.2
v 2.6 2.9 -0.3
v 3 2.9 -0.3
v 3.3 2.9 -0.3
v 3 2.9 -0.5
v 3.3 2.9 -0.5
v -2.2 2.9 -1.3
v -2.1 2.9 -1.3
v -2.2 2.9 -1.4
v -2.1 2.9 -1.4
v -2.3 2.9 -1.6
v -2.2 2.9 -1.6
v -2.3 2.9 -1.7
v -2.2 2.9 -1.7
v 1.2 2.9 -2.1
v 1.3 2.9 -2.1
v 1.2 2.9 -2.2
v 1.3 2.9 -2.2
v 1.5 2.9 -2.2
v 1.6 2.9 -2.2
v 1.5 2.9 -2.3
v 1.6 2.9 -2.3
v 3 3 0.2
v 3.3 3 0.2
v 3 3 -0.3
v 3.3 3 -0.3
v -1.4 3.6 2.3
v -1.3 3.6 2.3
v -1.4 3.6 2.2
v -1.3 3.6 2.2
v 2.1 3.6 1.4
v 2.2 3.6 1.4
v 2.1 3.6 1.3
v 2.2 3.6 1.3
v -2.3 3.6 -1.3
v -2.2 3.6 -1.3
v -2.3 3.6 -1.4
v -2.2 3.6 -1.4
v 1.2 3.6 -2.2
v 1.3 3.6 -2.2
v 1.2 3.6 -2.3
v 1.3 3.6 -2.3
v -1.4 3.7 2.2
v -1.3 3.7 2.2
v -1.4 3.7 2
v -1.3 3.7 2
v 1.9 3.7 1.4
v 2.1 3.7 1.4
v 1.9 3.7 1.3
v 2.1 3.7 1.3
v -2.2 3.7 -1.3
v -2 3.7 -1.3
v -2.2 3.7 -1.4
v -2 3.7 -1.4
v 1.2 3.7 -2
v 1.3 3.7 -2
v 1.2 3.7 -2.2
v 1.3 3.7 -2.2
v -1.7 3.9 2.4
v -1.6 3.9 2.4
v -1.7 3.9 2.3
v -1.6 3.9 2.3
v 2.2 3.9 1.7
v 2.3 3.9 1.7
v 2.2 3.9 1.6
v 2.3 3.9 1.6
v -2.4 3.9 -1.6
v -2.3 3.9 -1.6
v -2.4 3.9 -1.7
v -2.3 3.9 -1.7
v 1.5 3.9 -2.3
v 1.6 3.9 -2.3
v 1.5 3.9 -2.4
v 1.6 3.9 -2.4
v -1.7 4 2.3
v -1.6 4 2.3
v -1.7 4 2.1
v -1.6 4 2.1
v 2 4 1.7
v 2.2 4 1.7
v 2 4 1.6
v 2.2 4 1.6
v -2.3 4 -1.6
v -2.1 4 -1.6
v -2.3 4 -1.7
v -2.1 4 -1.7
v 1.5 4 -2.1
v 1.6 4 -2.1
v 1.5 4 -2.3
v 1.6 4 -2.3
v -2.1 4.2 2.1
v 2 4.2 2.1
v -2 4.2 2
v 1.9 4.2 2
v -2 4.2 -2
v 1.9 4.2 -2
v -2.1 4.2 -2.1
v 2 4.2 -2.1

# faces
f 3/10/1 2/10/1 1/10/1
f 4/10/1 2/10/1 3/10/1
f 7/2/1 6/2/1 5/2/1
f 8/2/1 6/2/1 7/2/1
f 13/10/1 10/10/1 9/10/1
f 14/10/1 10/10/1 13/10/1
f 15/10/1 12/10/1 11/10/1
f 16/10/1 12/10/1 15/10/1
f 21/2/1 18/2/1 17/2/1
f 22/2/1 18/2/1 21/2/1
f 23/1/1 20/1/1 19/1/1
f 24/1/1 20/1/1 23/1/1
f 27/2/1 26/2/1 25/2/1
f 28/2/1 26/2/1 27/2/1
f 33/10/1 30/10/1 29/10/1
f 34/10/1 30/10/1 33/10/1
f 35/10/1 32/10/1 31/10/1
f 36/10/1 32/10/1 35/10/1
f 39/1/1 38/1/1 37/1/1
f 40/1/1 38/1/1 39/1/1
f 43/1/1 42/1/1 41/1/1
f 44/1/1 42/1/1 43/1/1
f 47/6/1 46/6/1 45/6/1
f 48/6/1 46/6/1 47/6/1
f 49/10/1 48/10/1 47/10/1
f 50/10/1 48/10/1 49/10/1
f 51/10/1 48/10/1 50/10/1
f 52/10/1 48/10/1 51/10/1
f 53/10/1 48/10/1 52/10/1
f 54/10/1 48/10/1 53/10/1
f 63/10/1 56/10/1 55/10/1
f 64/10/1 56/10/1 63/10/1
f 65/10/1 58/10/1 57/10/1
f 66/10/1 58/10/1 65/10/1
f 68/4/1 60/4/1 59/4/1
f 69/4/1 60/4/1 68/4/1
f 72/4/1 62/4/1 61/4/1
f 73/4/1 62/4/1 72/4/1
f 75/4/1 68/4/1 67/4/1
f 76/10/1 69/10/1 68/10/1
f 76/4/1 68/4/1 75/4/1
f 77/4/1 70/4/1 69/4/1
f 77/10/1 69/10/1 76/10/1
f 78/4/1 70/4/1 77/4/1
f 79/4/1 72/4/1 71/4/1
f 80/10/1 73/10/1 72/10/1
f 80/4/1 72/4/1 79/4/1
f 81/4/1 74/4/1 73/4/1
f 81/10/1 73/10/1 80/10/1
f 82/4/1 74/4/1 81/4/1
f 83/4/1 77/4/1 76/4/1
f 84/4/1 77/4/1 83/4/1
f 85/4/1 81/4/1 80/4/1
f 86/4/1 81/4/1 85/4/1
f 90/4/1 88/4/1 87/4/1
f 91/4/1 88/4/1 90/4/1
f 93/4/1 90/4/1 89/4/1
f 94/10/1 91/10/1 90/10/1
f 94/4/1 90/4/1 93/4/1
f 95/4/1 92/4/1 91/4/1
f 95/10/1 91/10/1 94/10/1
f 96/4/1 92/4/1 95/4/1
f 97/4/1 95/4/1 94/4/1
f 98/4/1 95/4/1 97/4/1
f 99/6/1 50/6/1 49/6/1
f 100/10/1 51/10/1 50/10/1
f 100/6/1 50/6/1 99/6/1
f 101/10/1 51/10/1 100/10/1
f 104/10/1 53/10/1 52/10/1
f 105/6/1 54/6/1 53/6/1
f 105/10/1 53/10/1 104/10/1
f 106/6/1 54/6/1 105/6/1
f 107/10/1 101/10/1 100/10/1
f 107/10/1 103/10/1 102/10/1
f 107/10/1 106/10/1 105/10/1
f 107/10/1 105/10/1 104/10/1
f 107/10/1 104/10/1 103/10/1
f 107/10/1 102/10/1 101/10/1
f 107/10/1 100/10/1 99/10/1
f 108/10/1 106/10/1 107/10/1
f 109/6/1 108/6/1 107/6/1
f 110/6/1 108/6/1 109/6/1
f 113/3/1 112/3/1 111/3/1
f 114/3/1 112/3/1 113/3/1
f 115/3/1 112/3/1 114/3/1
f 116/3/1 112/3/1 115/3/1
f 117/3/1 112/3/1 116/3/1
f 118/3/1 112/3/1 117/3/1
f 119/3/1 112/3/1 118/3/1
f 120/3/1 112/3/1 119/3/1
f 121/3/1 113/3/1 111/3/1
f 122/3/1 115/3/1 114/3/1
f 123/3/1 115/3/1 122/3/1
f 124/3/1 117/3/1 116/3/1
f 125/3/1 117/3/1 124/3/1
f 126/3/1 117/3/1 125/3/1
f 127/3/1 119/3/1 118/3/1
f 128/3/1 119/3/1 127/3/1
f 129/3/1 119/3/1 128/3/1
f 130/3/1 119/3/1 129/3/1
f 131/3/1 112/3/1 120/3/1
f 132/3/1 112/3/1 131/3/1
f 133/3/1 123/3/1 122/3/1
f 133/3/1 122/3/1 121/3/1
f 133/3/1 124/3/1 123/3/1
f 133/3/1 125/3/1 124/3/1
f 136/3/1 129/3/1 128/3/1
f 137/3/1 129/3/1 136/3/1
f 140/3/1 112/3/1 132/3/1
f 141/3/1 134/3/1 133/3/1
f 142/3/1 138/3/1 137/3/1
f 142/3/1 136/3/1 135/3/1
f 142/3/1 137/3/1 136/3/1
f 143/3/1 138/3/1 142/3/1
f 144/3/1 140/3/1 139/3/1
f 145/3/1 143/3/1 142/3/1
f 145/3/1 144/3/1 143/3/1
f 145/3/1 142/3/1 141/3/1
f 146/3/1 144/3/1 145/3/1
f 147/3/1 145/3/1 141/3/1
f 148/3/1 145/3/1 147/3/1
f 149/3/1 144/3/1 146/3/1
f 150/3/1 144/3/1 149/3/1
f 151/3/1 147/3/1 141/3/1
f 154/3/1 144/3/1 150/3/1
f 155/3/1 152/3/1 151/3/1
f 156/3/1 154/3/1 153/3/1
f 157/3/1 141/3/1 133/3/1
f 157/3/1 156/3/1 155/3/1
f 157/3/1 133/3/1 121/3/1
f 157/3/1 155/3/1 151/3/1
f 157/3/1 151/3/1 141/3/1
f 158/3/1 156/3/1 157/3/1
f 159/3/1 157/3/1 121/3/1
f 160/10/1 158/10/1 157/10/1
f 160/3/1 157/3/1 159/3/1
f 161/3/1 156/3/1 158/3/1
f 161/10/1 158/10/1 160/10/1
f 162/3/1 156/3/1 161/3/1
f 163/3/1 159/3/1 121/3/1
f 164/10/1 160/10/1 159/10/1
f 164/3/1 159/3/1 163/3/1
f 165/10/1 160/10/1 164/10/1
f 166/10/1 162/10/1 161/10/1
f 167/3/1 156/3/1 162/3/1
f 167/10/1 162/10/1 166/10/1
f 168/3/1 156/3/1 167/3/1
f 169/3/1 163/3/1 121/3/1
f 170/10/1 164/10/1 163/10/1
f 170/3/1 163/3/1 169/3/1
f 171/10/1 164/10/1 170/10/1
f 172/10/1 168/10/1 167/10/1
f 173/3/1 156/3/1 168/3/1
f 173/10/1 168/10/1 172/10/1
f 174/3/1 156/3/1 173/3/1
f 175/3/1 169/3/1 121/3/1
f 176/10/1 170/10/1 169/10/1
f 176/3/1 169/3/1 175/3/1
f 177/10/1 170/10/1 176/10/1
f 178/10/1 174/10/1 173/10/1
f 179/3/1 156/3/1 174/3/1
f 179/10/1 174/10/1 178/10/1
f 180/3/1 156/3/1 179/3/1
f 181/3/1 175/3/1 121/3/1
f 181/10/1 176/10/1 175/10/1
f 182/10/1 176/10/1 181/10/1
f 185/10/1 180/10/1 179/10/1
f 186/3/1 156/3/1 180/3/1
f 186/10/1 180/10/1 185/10/1
f 187/10/1 183/10/1 182/10/1
f 187/3/1 182/3/1 181/3/1
f 188/10/1 183/10/1 187/10/1
f 191/10/1 185/10/1 184/10/1
f 192/3/1 186/3/1 185/3/1
f 192/10/1 185/10/1 191/10/1
f 193/10/1 189/10/1 188/10/1
f 193/3/1 188/3/1 187/3/1
f 194/10/1 189/10/1 193/10/1
f 197/10/1 191/10/1 190/10/1
f 198/3/1 192/3/1 191/3/1
f 198/10/1 191/10/1 197/10/1
f 199/10/1 195/10/1 194/10/1
f 199/3/1 194/3/1 193/3/1
f 200/10/1 195/10/1 199/10/1
f 201/10/1 197/10/1 196/10/1
f 202/3/1 198/3/1 197/3/1
f 202/10/1 197/10/1 201/10/1
f 203/3/1 154/3/1 156/3/1
f 203/3/1 198/3/1 202/3/1
f 203/3/1 186/3/1 192/3/1
f 203/3/1 156/3/1 186/3/1
f 203/3/1 192/3/1 198/3/1
f 204/3/1 144/3/1 154/3/1
f 204/3/1 154/3/1 203/3/1
f 205/3/1 140/3/1 144/3/1
f 205/3/1 144/3/1 204/3/1
f 206/3/1 112/3/1 140/3/1
f 206/3/1 140/3/1 205/3/1
f 207/3/1 200/3/1 199/3/1
f 207/10/1 201/10/1 200/10/1
f 208/3/1 202/3/1 201/3/1
f 208/10/1 201/10/1 207/10/1
f 208/3/1 203/3/1 202/3/1
f 209/3/1 203/3/1 208/3/1
f 210/3/1 205/3/1 204/3/1
f 211/3/1 205/3/1 210/3/1
f 212/3/1 112/3/1 206/3/1
f 213/3/1 211/3/1 210/3/1
f 213/3/1 212/3/1 211/3/1
f 213/3/1 209/3/1 208/3/1
f 213/3/1 208/3/1 207/3/1
f 213/3/1 210/3/1 209/3/1
f 214/3/1 212/3/1 213/3/1
f 215/3/1 213/3/1 207/3/1
f 216/3/1 212/3/1 214/3/1
f 217/3/1 212/3/1 216/3/1
f 217/3/1 216/3/1 215/3/1
f 218/3/1 112/3/1 212/3/1
f 218/3/1 212/3/1 217/3/1
f 219/3/1 207/3/1 199/3/1
f 219/3/1 121/3/1 111/3/1
f 219/3/1 217/3/1 215/3/1
f 219/3/1 215/3/1 207/3/1
f 219/3/1 199/3/1 193/3/1
f 219/3/1 193/3/1 187/3/1
f 219/3/1 187/3/1 181/3/1
f 219/3/1 181/3/1 121/3/1
f 220/3/1 217/3/1 219/3/1
f 221/3/1 112/3/1 218/3/1
f 222/3/1 112/3/1 221/3/1
f 226/10/1 224/10/1 223/10/1
f 227/10/1 224/10/1 226/10/1
f 230/10/1 226/10/1 225/10/1
f 231/10/1 226/10/1 230/10/1
f 232/10/1 228/10/1 227/10/1
f 233/10/1 228/10/1 232/10/1
f 236/10/1 230/10/1 229/10/1
f 237/10/1 230/10/1 236/10/1
f 238/10/1 234/10/1 233/10/1
f 239/10/1 234/10/1 238/10/1
f 241/10/1 236/10/1 235/10/1
f 242/10/1 236/10/1 241/10/1
f 245/10/1 240/10/1 239/10/1
f 246/10/1 240/10/1 245/10/1
f 247/10/1 243/10/1 242/10/1
f 248/10/1 243/10/1 247/10/1
f 251/10/1 245/10/1 244/10/1
f 252/10/1 245/10/1 251/10/1
f 253/10/1 249/10/1 248/10/1
f 254/10/1 249/10/1 253/10/1
f 255/10/1 251/10/1 250/10/1
f 256/10/1 251/10/1 255/10/1
f 257/10/1 255/10/1 254/10/1
f 258/10/1 255/10/1 257/10/1
f 262/10/1 260/10/1 259/10/1
f 263/10/1 260/10/1 262/10/1
f 266/10/1 262/10/1 261/10/1
f 267/10/1 262/10/1 266/10/1
f 268/10/1 264/10/1 263/10/1
f 269/10/1 264/10/1 268/10/1
f 271/10/1 266/10/1 265/10/1
f 272/10/1 266/10/1 271/10/1
f 274/10/1 270/10/1 269/10/1
f 275/10/1 270/10/1 274/10/1
f 277/10/1 274/10/1 273/10/1
f 278/10/1 274/10/1 277/10/1
f 279/10/1 277/10/1 276/10/1
f 280/10/1 277/10/1 279/10/1
f 283/10/1 282/10/1 281/10/1
f 284/10/1 282/10/1 283/10/1
f 289/10/1 286/10/1 285/10/1
f 290/10/1 286/10/1 289/10/1
f 291/4/1 288/4/1 287/4/1
f 292/4/1 288/4/1 291/4/1
f 296/10/1 294/10/1 293/10/1
f 297/10/1 294/10/1 296/10/1
f 299/10/1 296/10/1 295/10/1
f 299/10/1 298/10/1 297/10/1
f 299/10/1 297/10/1 296/10/1
f 300/10/1 298/10/1 299/10/1
f 301/10/1 299/10/1 295/10/1
f 302/10/1 299/10/1 301/10/1
f 306/2/1 304/2/1 303/2/1
f 307/2/1 304/2/1 306/2/1
f 308/2/1 304/2/1 307/2/1
f 309/2/1 306/2/1 305/2/1
f 309/2/1 307/2/1 306/2/1
f 310/2/1 307/2/1 309/2/1
f 311/2/1 309/2/1 305/2/1
f 313/2/1 311/2/1 305/2/1
f 313/2/1 312/2/1 311/2/1
f 314/2/1 312/2/1 313/2/1
f 315/2/1 312/2/1 314/2/1
f 317/2/1 315/2/1 314/2/1
f 317/2/1 316/2/1 315/2/1
f 318/2/1 316/2/1 317/2/1
f 319/2/1 316/2/1 318/2/1
f 322/10/1 321/10/1 320/10/1
f 323/10/1 321/10/1 322/10/1
f 328/4/1 327/4/1 326/4/1
f 329/4/1 327/4/1 328/4/1
f 330/10/1 325/10/1 324/10/1
f 331/10/1 325/10/1 330/10/1
f 334/4/1 333/4/1 332/4/1
f 335/4/1 333/4/1 334/4/1
f 338/3/1 337/3/1 336/3/1
f 339/3/1 337/3/1 338/3/1
f 344/3/1 343/3/1 342/3/1
f 345/3/1 343/3/1 344/3/1
f 346/3/1 344/3/1 342/3/1
f 348/3/1 341/3/1 340/3/1
f 349/3/1 341/3/1 348/3/1
f 351/3/1 347/3/1 346/3/1
f 351/3/1 346/3/1 342/3/1
f 352/3/1 347/3/1 351/3/1
f 353/3/1 347/3/1 352/3/1
f 354/3/1 341/3/1 349/3/1
f 355/3/1 341/3/1 354/3/1
f 356/3/1 352/3/1 351/3/1
f 356/3/1 351/3/1 350/3/1
f 357/3/1 352/3/1 356/3/1
f 358/3/1 352/3/1 357/3/1
f 359/3/1 356/3/1 355/3/1
f 359/3/1 357/3/1 356/3/1
f 360/3/1 357/3/1 359/3/1
f 361/3/1 357/3/1 360/3/1
f 362/3/1 357/3/1 361/3/1
f 363/3/1 361/3/1 360/3/1
f 364/3/1 361/3/1 363/3/1
f 367/10/1 366/10/1 365/10/1
f 368/10/1 366/10/1 367/10/1
f 371/10/1 370/10/1 369/10/1
f 372/10/1 370/10/1 371/10/1
f 375/10/1 374/10/1 373/10/1
f 376/10/1 374/10/1 375/10/1
f 379/10/1 378/10/1 377/10/1
f 380/10/1 378/10/1 379/10/1
f 383/4/1 382/4/1 381/4/1
f 384/4/1 382/4/1 383/4/1
f 388/1/1 386/1/1 385/1/1
f 389/1/1 386/1/1 388/1/1
f 390/1/1 386/1/1 389/1/1
f 391/1/1 388/1/1 387/1/1
f 391/1/1 389/1/1 388/1/1
f 392/1/1 389/1/1 391/1/1
f 393/1/1 391/1/1 387/1/1
f 395/1/1 393/1/1 387/1/1
f 395/1/1 394/1/1 393/1/1
f 396/1/1 394/1/1 395/1/1
f 397/1/1 394/1/1 396/1/1
f 399/1/1 397/1/1 396/1/1
f 399/1/1 398/1/1 397/1/1
f 400/1/1 398/1/1 399/1/1
f 403/4/1 402/4/1 401/4/1
f 404/4/1 402/4/1 403/4/1
f 407/4/1 406/4/1 405/4/1
f 408/4/1 406/4/1 407/4/1
f 411/4/1 410/4/1 409/4/1
f 412/4/1 410/4/1 411/4/1
f 415/4/1 414/4/1 413/4/1
f 416/4/1 414/4/1 415/4/1
f 419/4/1 418/4/1 417/4/1
f 420/4/1 418/4/1 419/4/1
f 424/3/1 422/3/1 421/3/1
f 425/3/1 422/3/1 424/3/1
f 428/3/1 424/3/1 423/3/1
f 428/3/1 426/3/1 425/3/1
f 428/3/1 425/3/1 424/3/1
f 429/3/1 426/3/1 428/3/1
f 432/3/1 428/3/1 427/3/1
f 432/3/1 430/3/1 429/3/1
f 432/3/1 429/3/1 428/3/1
f 433/3/1 430/3/1 432/3/1
f 435/3/1 432/3/1 431/3/1
f 435/3/1 434/3/1 433/3/1
f 435/3/1 433/3/1 432/3/1
f 436/3/1 434/3/1 435/3/1
f 437/3/1 434/3/1 436/3/1
f 438/3/1 434/3/1 437/3/1
f 439/3/1 437/3/1 436/3/1
f 440/3/1 437/3/1 439/3/1
f 441/3/1 437/3/1 440/3/1
f 442/3/1 437/3/1 441/3/1
f 443/3/1 441/3/1 440/3/1
f 444/3/1 441/3/1 443/3/1
f 445/3/1 441/3/1 444/3/1
f 446/3/1 441/3/1 445/3/1
f 447/3/1 445/3/1 444/3/1
f 448/3/1 445/3/1 447/3/1
f 451/10/1 450/10/1 449/10/1
f 452/10/1 450/10/1 451/10/1
f 455/10/1 454/10/1 453/10/1
f 456/10/1 454/10/1 455/10/1
f 460/10/1 458/10/1 457/10/1
f 461/10/1 458/10/1 460/10/1
f 464/10/1 460/10/1 459/10/1
f 465/10/1 460/10/1 464/10/1
f 466/10/1 463/10/1 462/10/1
f 467/10/1 463/10/1 466/10/1
f 470/10/1 469/10/1 468/10/1
f 471/10/1 469/10/1 470/10/1
f 478/10/1 473/10/1 472/10/1
f 479/10/1 473/10/1 478/10/1
f 482/10/1 476/10/1 475/10/1
f 482/10/1 475/10/1 474/10/1
f 483/10/1 476/10/1 482/10/1
f 484/10/1 478/10/1 477/10/1
f 485/10/1 478/10/1 484/10/1
f 486/10/1 481/10/1 480/10/1
f 487/10/1 481/10/1 486/10/1
f 490/10/1 489/10/1 488/10/1
f 491/10/1 489/10/1 490/10/1
f 496/3/1 493/3/1 492/3/1
f 497/3/1 493/3/1 496/3/1
f 498/10/1 495/10/1 494/10/1
f 499/10/1 495/10/1 498/10/1
f 502/10/1 501/10/1 500/10/1
f 503/10/1 501/10/1 502/10/1
f 508/10/1 505/10/1 504/10/1
f 509/10/1 505/10/1 508/10/1
f 512/10/1 507/10/1 506/10/1
f 513/10/1 507/10/1 512/10/1
f 514/10/1 510/10/1 509/10/1
f 515/10/1 510/10/1 514/10/1
f 518/10/1 512/10/1 511/10/1
f 519/10/1 512/10/1 518/10/1
f 525/10/1 516/10/1 515/10/1
f 526/10/1 516/10/1 525/10/1
f 527/10/1 518/10/1 517/10/1
f 528/10/1 518/10/1 527/10/1
f 529/3/1 520/3/1 519/3/1
f 530/3/1 524/3/1 523/3/1
f 531/3/1 524/3/1 530/3/1
f 532/3/1 520/3/1 529/3/1
f 533/3/1 520/3/1 532/3/1
f 534/10/1 522/10/1 521/10/1
f 535/10/1 522/10/1 534/10/1
f 540/10/1 537/10/1 536/10/1
f 541/10/1 537/10/1 540/10/1
f 544/10/1 539/10/1 538/10/1
f 545/10/1 539/10/1 544/10/1
f 546/10/1 542/10/1 541/10/1
f 547/10/1 542/10/1 546/10/1
f 550/10/1 544/10/1 543/10/1
f 551/10/1 544/10/1 550/10/1
f 552/10/1 548/10/1 547/10/1
f 553/10/1 548/10/1 552/10/1
f 554/10/1 550/10/1 549/10/1
f 555/10/1 550/10/1 554/10/1
f 561/10/1 557/10/1 556/10/1
f 562/10/1 557/10/1 561/10/1
f 563/10/1 559/10/1 558/10/1
f 564/10/1 559/10/1 563/10/1
f 567/10/1 561/10/1 560/10/1
f 568/10/1 561/10/1 567/10/1
f 569/10/1 565/10/1 564/10/1
f 570/10/1 565/10/1 569/10/1
f 572/10/1 567/10/1 566/10/1
f 573/10/1 567/10/1 572/10/1
f 574/10/1 571/10/1 570/10/1
f 575/10/1 571/10/1 574/10/1
f 580/10/1 577/10/1 576/10/1
f 581/10/1 577/10/1 580/10/1
f 584/10/1 579/10/1 578/10/1
f 585/10/1 579/10/1 584/10/1
f 586/10/1 582/10/1 581/10/1
f 587/10/1 582/10/1 586/10/1
f 588/10/1 584/10/1 583/10/1
f 589/10/1 584/10/1 588/10/1
f 593/10/1 588/10/1 587/10/1
f 594/10/1 588/10/1 593/10/1
f 595/3/1 590/3/1 589/3/1
f 596/3/1 592/3/1 591/3/1
f 597/3/1 592/3/1 596/3/1
f 598/3/1 590/3/1 595/3/1
f 599/3/1 590/3/1 598/3/1
f 604/10/1 601/10/1 600/10/1
f 605/10/1 601/10/1 604/10/1
f 608/10/1 603/10/1 602/10/1
f 609/10/1 603/10/1 608/10/1
f 610/10/1 606/10/1 605/10/1
f 611/10/1 606/10/1 610/10/1
f 614/10/1 608/10/1 607/10/1
f 615/10/1 608/10/1 614/10/1
f 617/10/1 612/10/1 611/10/1
f 618/10/1 612/10/1 617/10/1
f 619/10/1 614/10/1 613/10/1
f 620/10/1 614/10/1 619/10/1
f 623/10/1 617/10/1 616/10/1
f 624/10/1 617/10/1 623/10/1
f 625/10/1 621/10/1 620/10/1
f 626/10/1 621/10/1 625/10/1
f 628/10/1 623/10/1 622/10/1
f 629/10/1 623/10/1 628/10/1
f 630/10/1 627/10/1 626/10/1
f 631/10/1 627/10/1 630/10/1
f 636/10/1 633/10/1 632/10/1
f 637/10/1 633/10/1 636/10/1
f 638/10/1 635/10/1 634/10/1
f 639/10/1 635/10/1 638/10/1
f 640/10/1 638/10/1 637/10/1
f 641/10/1 638/10/1 640/10/1
f 645/3/1 642/3/1 641/3/1
f 646/3/1 644/3/1 643/3/1
f 647/3/1 644/3/1 646/3/1
f 648/3/1 642/3/1 645/3/1
f 649/3/1 642/3/1 648/3/1
f 654/10/1 651/10/1 650/10/1
f 655/10/1 651/10/1 654/10/1
f 658/10/1 653/10/1 652/10/1
f 659/10/1 653/10/1 658/10/1
f 661/10/1 656/10/1 655/10/1
f 662/10/1 656/10/1 661/10/1
f 663/10/1 658/10/1 657/10/1
f 664/10/1 658/10/1 663/10/1
f 666/10/1 661/10/1 660/10/1
f 667/10/1 661/10/1 666/10/1
f 668/10/1 665/10/1 664/10/1
f 669/10/1 665/10/1 668/10/1
f 672/10/1 671/10/1 670/10/1
f 673/10/1 671/10/1 672/10/1
f 676/3/1 675/3/1 674/3/1
f 677/3/1 675/3/1 676/3/1
f 682/10/1 679/10/1 678/10/1
f 683/10/1 679/10/1 682/10/1
f 684/10/1 681/10/1 680/10/1
f 685/10/1 681/10/1 684/10/1
f 688/4/1 687/4/1 686/4/1
f 689/4/1 687/4/1 688/4/1
f 692/4/1 691/4/1 690/4/1
f 693/4/1 691/4/1 692/4/1
f 698/4/1 695/4/1 694/4/1
f 699/4/1 695/4/1 698/4/1
f 700/4/1 697/4/1 696/4/1
f 701/4/1 697/4/1 700/4/1
f 704/4/1 703/4/1 702/4/1
f 705/4/1 703/4/1 704/4/1
f 708/4/1 707/4/1 706/4/1
f 709/4/1 707/4/1 708/4/1
f 712/4/1 711/4/1 710/4/1
f 713/4/1 711/4/1 712/4/1
f 716/4/1 715/4/1 714/4/1
f 717/4/1 715/4/1 716/4/1
f 720/3/1 719/3/1 718/3/1
f 721/3/1 719/3/1 720/3/1
f 726/4/1 723/4/1 722/4/1
f 727/4/1 723/4/1 726/4/1
f 728/4/1 725/4/1 724/4/1
f 729/4/1 725/4/1 728/4/1
f 732/4/1 731/4/1 730/4/1
f 733/4/1 731/4/1 732/4/1
f 736/4/1 735/4/1 734/4/1
f 737/4/1 735/4/1 736/4/1
f 741/1/1 739/1/1 738/1/1
f 742/1/1 739/1/1 741/1/1
f 743/1/1 739/1/1 742/1/1
f 744/1/1 739/1/1 743/1/1
f 746/1/1 741/1/1 740/1/1
f 746/1/1 742/1/1 741/1/1
f 747/1/1 742/1/1 746/1/1
f 748/1/1 745/1/1 744/1/1
f 748/1/1 744/1/1 743/1/1
f 749/1/1 745/1/1 748/1/1
f 750/1/1 746/1/1 740/1/1
f 751/1/1 746/1/1 750/1/1
f 752/1/1 745/1/1 749/1/1
f 753/1/1 745/1/1 752/1/1
f 756/10/1 755/10/1 754/10/1
f 757/10/1 755/10/1 756/10/1
f 760/3/1 759/3/1 758/3/1
f 761/3/1 759/3/1 760/3/1
f 764/1/1 763/1/1 762/1/1
f 765/1/1 763/1/1 764/1/1
f 766/1/1 763/1/1 765/1/1
f 768/1/1 767/1/1 766/1/1
f 768/1/1 766/1/1 765/1/1
f 769/1/1 767/1/1 768/1/1
f 771/1/1 767/1/1 769/1/1
f 773/1/1 771/1/1 770/1/1
f 774/1/1 767/1/1 771/1/1
f 774/1/1 771/1/1 773/1/1
f 775/1/1 767/1/1 774/1/1
f 776/1/1 773/1/1 772/1/1
f 776/1/1 774/1/1 773/1/1
f 777/1/1 774/1/1 776/1/1
f 780/4/1 779/4/1 778/4/1
f 781/4/1 779/4/1 780/4/1
f 784/10/1 783/10/1 782/10/1
f 785/10/1 783/10/1 784/10/1
f 788/4/1 787/4/1 786/4/1
f 789/4/1 787/4/1 788/4/1
f 794/4/1 791/4/1 790/4/1
f 795/4/1 791/4/1 794/4/1
f 796/4/1 793/4/1 792/4/1
f 797/4/1 793/4/1 796/4/1
f 800/4/1 799/4/1 798/4/1
f 801/4/1 799/4/1 800/4/1
f 804/4/1 803/4/1 802/4/1
f 805/4/1 803/4/1 804/4/1
f 808/3/1 807/3/1 806/3/1
f 809/3/1 807/3/1 808/3/1
f 813/2/1 811/2/1 810/2/1
f 814/2/1 811/2/1 813/2/1
f 815/2/1 811/2/1 814/2/1
f 816/2/1 811/2/1 815/2/1
f 818/2/1 813/2/1 812/2/1
f 818/2/1 814/2/1 813/2/1
f 819/2/1 814/2/1 818/2/1
f 820/2/1 817/2/1 816/2/1
f 820/2/1 816/2/1 815/2/1
f 821/2/1 817/2/1 820/2/1
f 822/2/1 817/2/1 821/2/1
f 823/2/1 818/2/1 812/2/1
f 824/2/1 818/2/1 823/2/1
f 825/2/1 822/2/1 821/2/1
f 826/2/1 822/2/1 825/2/1
f 830/3/1 828/3/1 827/3/1
f 831/3/1 828/3/1 830/3/1
f 834/3/1 830/3/1 829/3/1
f 834/3/1 832/3/1 831/3/1
f 834/3/1 831/3/1 830/3/1
f 835/3/1 832/3/1 834/3/1
f 838/3/1 834/3/1 833/3/1
f 838/3/1 836/3/1 835/3/1
f 838/3/1 835/3/1 834/3/1
f 839/3/1 836/3/1 838/3/1
f 841/3/1 838/3/1 837/3/1
f 841/3/1 840/3/1 839/3/1
f 841/3/1 839/3/1 838/3/1
f 842/3/1 840/3/1 841/3/1
f 843/3/1 840/3/1 842/3/1
f 844/3/1 840/3/1 843/3/1
f 845/3/1 843/3/1 842/3/1
f 846/3/1 843/3/1 845/3/1
f 847/3/1 843/3/1 846/3/1
f 848/3/1 843/3/1 847/3/1
f 849/3/1 847/3/1 846/3/1
f 850/3/1 847/3/1 849/3/1
f 851/3/1 847/3/1 850/3/1
f 852/3/1 847/3/1 851/3/1
f 853/3/1 851/3/1 850/3/1
f 854/3/1 851/3/1 853/3/1
f 857/2/1 856/2/1 855/2/1
f 858/2/1 856/2/1 857/2/1
f 859/2/1 856/2/1 858/2/1
f 861/2/1 860/2/1 859/2/1
f 861/2/1 859/2/1 858/2/1
f 862/2/1 860/2/1 861/2/1
f 864/2/1 860/2/1 862/2/1
f 866/2/1 864/2/1 863/2/1
f 867/2/1 860/2/1 864/2/1
f 867/2/1 864/2/1 866/2/1
f 868/2/1 860/2/1 867/2/1
f 869/2/1 866/2/1 865/2/1
f 869/2/1 867/2/1 866/2/1
f 870/2/1 867/2/1 869/2/1
f 871/2/1 867/2/1 870/2/1
f 874/3/1 873/3/1 872/3/1
f 875/3/1 873/3/1 874/3/1
f 880/3/1 877/3/1 876/3/1
f 881/3/1 877/3/1 880/3/1
f 882/3/1 879/3/1 878/3/1
f 883/3/1 879/3/1 882/3/1
f 888/3/1 884/3/1 883/3/1
f 889/3/1 884/3/1 888/3/1
f 890/3/1 886/3/1 885/3/1
f 891/3/1 886/3/1 890/3/1
f 894/3/1 888/3/1 887/3/1
f 895/3/1 888/3/1 894/3/1
f 896/3/1 892/3/1 891/3/1
f 897/3/1 892/3/1 896/3/1
f 898/3/1 894/3/1 893/3/1
f 899/3/1 894/3/1 898/3/1
f 900/3/1 898/3/1 897/3/1
f 901/3/1 898/3/1 900/3/1
f 904/10/1 903/10/1 902/10/1
f 905/10/1 903/10/1 904/10/1
f 913/3/1 911/3/1 910/3/1
f 914/3/1 911/3/1 913/3/1
f 916/3/1 913/3/1 912/3/1
f 916/3/1 915/3/1 914/3/1
f 916/3/1 914/3/1 913/3/1
f 917/3/1 915/3/1 916/3/1
f 918/3/1 915/3/1 917/3/1
f 921/3/1 919/3/1 918/3/1
f 921/3/1 918/3/1 917/3/1
f 922/3/1 919/3/1 921/3/1
f 923/3/1 919/3/1 922/3/1
f 924/3/1 921/3/1 920/3/1
f 924/3/1 922/3/1 921/3/1
f 925/3/1 922/3/1 924/3/1
f 926/3/1 922/3/1 925/3/1
f 927/3/1 922/3/1 926/3/1
f 928/3/1 926/3/1 925/3/1
f 929/3/1 926/3/1 928/3/1
f 930/10/1 907/10/1 906/10/1
f 931/10/1 907/10/1 930/10/1
f 932/10/1 909/10/1 908/10/1
f 933/10/1 909/10/1 932/10/1
f 936/3/1 935/3/1 934/3/1
f 937/3/1 935/3/1 936/3/1
f 942/10/1 939/10/1 938/10/1
f 943/10/1 939/10/1 942/10/1
f 944/10/1 941/10/1 940/10/1
f 945/10/1 941/10/1 944/10/1
f 949/5/1 947/5/1 946/5/1
f 950/5/1 947/5/1 949/5/1
f 953/5/1 949/5/1 948/5/1
f 954/5/1 949/5/1 953/5/1
f 955/5/1 951/5/1 950/5/1
f 956/5/1 951/5/1 955/5/1
f 958/5/1 953/5/1 952/5/1
f 959/5/1 953/5/1 958/5/1
f 962/5/1 957/5/1 956/5/1
f 963/5/1 957/5/1 962/5/1
f 964/5/1 960/5/1 959/5/1
f 965/5/1 960/5/1 964/5/1
f 966/5/1 962/5/1 961/5/1
f 967/5/1 962/5/1 966/5/1
f 968/5/1 966/5/1 965/5/1
f 969/5/1 966/5/1 968/5/1
f 972/1/1 971/1/1 970/1/1
f 973/1/1 971/1/1 972/1/1
f 976/1/1 975/1/1 974/1/1
f 977/1/1 975/1/1 976/1/1
f 980/10/1 979/10/1 978/10/1
f 981/10/1 979/10/1 980/10/1
f 984/2/1 983/2/1 982/2/1
f 985/2/1 983/2/1 984/2/1
f 988/1/1 987/1/1 986/1/1
f 989/1/1 987/1/1 988/1/1
f 992/2/1 991/2/1 990/2/1
f 993/2/1 991/2/1 992/2/1
f 997/4/1 995/4/1 994/4/1
f 998/4/1 995/4/1 997/4/1
f 999/4/1 995/4/1 998/4/1
f 1000/4/1 995/4/1 999/4/1
f 1003/4/1 997/4/1 996/4/1
f 1003/4/1 998/4/1 997/4/1
f 1004/4/1 998/4/1 1003/4/1
f 1005/4/1 998/4/1 1004/4/1
f 1006/4/1 1000/4/1 999/4/1
f 1006/4/1 1001/4/1 1000/4/1
f 1007/4/1 1001/4/1 1006/4/1
f 1008/4/1 1001/4/1 1007/4/1
f 1010/4/1 1004/4/1 1003/4/1
f 1010/4/1 1003/4/1 1002/4/1
f 1011/4/1 1004/4/1 1010/4/1
f 1012/4/1 1009/4/1 1008/4/1
f 1012/4/1 1008/4/1 1007/4/1
f 1013/4/1 1009/4/1 1012/4/1
f 1014/4/1 1010/4/1 1002/4/1
f 1017/4/1 1009/4/1 1013/4/1
f 1018/4/1 1015/4/1 1014/4/1
f 1018/4/1 1014/4/1 1002/4/1
f 1019/4/1 1015/4/1 1018/4/1
f 1020/4/1 1015/4/1 1019/4/1
f 1023/4/1 1017/4/1 1016/4/1
f 1024/4/1 1009/4/1 1017/4/1
f 1024/4/1 1017/4/1 1023/4/1
f 1025/4/1 1009/4/1 1024/4/1
f 1026/4/1 1021/4/1 1020/4/1
f 1026/4/1 1020/4/1 1019/4/1
f 1027/4/1 1021/4/1 1026/4/1
f 1028/4/1 1021/4/1 1027/4/1
f 1029/4/1 1023/4/1 1022/4/1
f 1029/4/1 1024/4/1 1023/4/1
f 1030/4/1 1024/4/1 1029/4/1
f 1031/4/1 1024/4/1 1030/4/1
f 1032/4/1 1028/4/1 1027/4/1
f 1032/4/1 1030/4/1 1029/4/1
f 1032/4/1 1029/4/1 1028/4/1
f 1033/4/1 1030/4/1 1032/4/1
f 1036/2/1 1035/2/1 1034/2/1
f 1037/2/1 1035/2/1 1036/2/1
f 1041/4/1 1039/4/1 1038/4/1
f 1042/4/1 1039/4/1 1041/4/1
f 1045/4/1 1041/4/1 1040/4/1
f 1046/4/1 1041/4/1 1045/4/1
f 1047/4/1 1043/4/1 1042/4/1
f 1048/4/1 1043/4/1 1047/4/1
f 1051/4/1 1045/4/1 1044/4/1
f 1052/4/1 1045/4/1 1051/4/1
f 1053/4/1 1049/4/1 1048/4/1
f 1054/4/1 1049/4/1 1053/4/1
f 1056/4/1 1051/4/1 1050/4/1
f 1057/4/1 1051/4/1 1056/4/1
f 1060/4/1 1055/4/1 1054/4/1
f 1061/4/1 1055/4/1 1060/4/1
f 1062/4/1 1058/4/1 1057/4/1
f 1063/4/1 1058/4/1 1062/4/1
f 1066/4/1 1060/4/1 1059/4/1
f 1067/4/1 1060/4/1 1066/4/1
f 1068/4/1 1064/4/1 1063/4/1
f 1069/4/1 1064/4/1 1068/4/1
f 1070/4/1 1066/4/1 1065/4/1
f 1071/4/1 1066/4/1 1070/4/1
f 1072/4/1 1070/4/1 1069/4/1
f 1073/4/1 1070/4/1 1072/4/1
f 1077/7/1 1075/7/1 1074/7/1
f 1078/7/1 1075/7/1 1077/7/1
f 1081/7/1 1077/7/1 1076/7/1
f 1082/7/1 1077/7/1 1081/7/1
f 1083/7/1 1077/7/1 1082/7/1
f 1084/7/1 1079/7/1 1078/7/1
f 1085/7/1 1079/7/1 1084/7/1
f 1086/7/1 1079/7/1 1085/7/1
f 1088/7/1 1081/7/1 1080/7/1
f 1088/7/1 1082/7/1 1081/7/1
f 1089/7/1 1082/7/1 1088/7/1
f 1090/7/1 1087/7/1 1086/7/1
f 1090/7/1 1086/7/1 1085/7/1
f 1091/7/1 1087/7/1 1090/7/1
f 1093/7/1 1088/7/1 1080/7/1
f 1094/7/1 1088/7/1 1093/7/1
f 1095/7/1 1087/7/1 1091/7/1
f 1096/7/1 1087/7/1 1095/7/1
f 1098/7/1 1093/7/1 1092/7/1
f 1099/7/1 1093/7/1 1098/7/1
f 1102/7/1 1097/7/1 1096/7/1
f 1103/7/1 1097/7/1 1102/7/1
f 1104/7/1 1100/7/1 1099/7/1
f 1107/7/1 1102/7/1 1101/7/1
f 1108/7/1 1105/7/1 1104/7/1
f 1108/7/1 1104/7/1 1099/7/1
f 1109/7/1 1105/7/1 1108/7/1
f 1110/7/1 1105/7/1 1109/7/1
f 1113/7/1 1107/7/1 1106/7/1
f 1114/7/1 1102/7/1 1107/7/1
f 1114/7/1 1107/7/1 1113/7/1
f 1115/7/1 1102/7/1 1114/7/1
f 1116/7/1 1111/7/1 1110/7/1
f 1116/7/1 1110/7/1 1109/7/1
f 1117/7/1 1111/7/1 1116/7/1
f 1118/7/1 1113/7/1 1112/7/1
f 1118/7/1 1114/7/1 1113/7/1
f 1119/7/1 1114/7/1 1118/7/1
f 1120/7/1 1118/7/1 1117/7/1
f 1121/7/1 1118/7/1 1120/7/1
f 1125/8/1 1123/8/1 1122/8/1
f 1126/8/1 1123/8/1 1125/8/1
f 1129/8/1 1125/8/1 1124/8/1
f 1130/8/1 1125/8/1 1129/8/1
f 1131/8/1 1127/8/1 1126/8/1
f 1132/8/1 1127/8/1 1131/8/1
f 1135/8/1 1129/8/1 1128/8/1
f 1136/8/1 1129/8/1 1135/8/1
f 1137/8/1 1133/8/1 1132/8/1
f 1138/8/1 1133/8/1 1137/8/1
f 1141/8/1 1135/8/1 1134/8/1
f 1142/8/1 1135/8/1 1141/8/1
f 1143/8/1 1139/8/1 1138/8/1
f 1144/8/1 1139/8/1 1143/8/1
f 1146/8/1 1141/8/1 1140/8/1
f 1147/8/1 1141/8/1 1146/8/1
f 1150/8/1 1145/8/1 1144/8/1
f 1151/8/1 1145/8/1 1150/8/1
f 1152/8/1 1148/8/1 1147/8/1
f 1153/8/1 1148/8/1 1152/8/1
f 1156/8/1 1150/8/1 1149/8/1
f 1157/8/1 1150/8/1 1156/8/1
f 1158/8/1 1154/8/1 1153/8/1
f 1159/8/1 1154/8/1 1158/8/1
f 1162/8/1 1156/8/1 1155/8/1
f 1163/8/1 1156/8/1 1162/8/1
f 1164/8/1 1160/8/1 1159/8/1
f 1165/8/1 1160/8/1 1164/8/1
f 1166/8/1 1162/8/1 1161/8/1
f 1167/8/1 1162/8/1 1166/8/1
f 1168/8/1 1166/8/1 1165/8/1
f 1169/8/1 1166/8/1 1168/8/1
f 1170/2/2 1171/2/2 1172/2/2
f 1172/2/2 1171/2/2 1173/2/2
f 1174/10/2 1175/10/2 1176/10/2
f 1176/10/2 1175/10/2 1177/10/2
f 1178/2/2 1179/2/2 1182/2/2
f 1182/2/2 1179/2/2 1183/2/2
f 1180/1/2 1181/1/2 1184/1/2
f 1184/1/2 1181/1/2 1185/1/2
f 1186/2/2 1187/2/2 1188/2/2
f 1188/2/2 1187/2/2 1189/2/2
f 1190/10/2 1191/10/2 1194/10/2
f 1194/10/2 1191/10/2 1195/10/2
f 1192/10/2 1193/10/2 1196/10/2
f 1196/10/2 1193/10/2 1197/10/2
f 1198/1/2 1199/1/2 1200/1/2
f 1200/1/2 1199/1/2 1201/1/2
f 1202/1/2 1203/1/2 1204/1/2
f 1204/1/2 1203/1/2 1205/1/2
f 1206/10/2 1207/10/2 1208/10/2
f 1208/10/2 1207/10/2 1209/10/2
f 1210/10/2 1211/10/2 1214/10/2
f 1214/10/2 1211/10/2 1215/10/2
f 1212/10/2 1213/10/2 1216/10/2
f 1216/10/2 1213/10/2 1217/10/2
f 1218/10/2 1219/10/2 1220/10/2
f 1220/10/2 1219/10/2 1221/10/2
f 1222/10/2 1223/10/2 1224/10/2
f 1224/10/2 1223/10/2 1225/10/2
f 1226/3/2 1227/3/2 1228/3/2
f 1228/3/2 1227/3/2 1229/3/2
f 1230/3/2 1231/3/2 1236/3/2
f 1231/10/2 1232/10/2 1237/10/2
f 1236/3/2 1231/3/2 1237/3/2
f 1234/3/2 1235/3/2 1238/3/2
f 1233/10/2 1234/10/2 1238/10/2
f 1238/3/2 1235/3/2 1239/3/2
f 1233/10/2 1238/10/2 1240/10/2
f 1237/10/2 1232/10/2 1242/10/2
f 1233/10/2 1240/10/2 1244/10/2
f 1240/3/2 1241/3/2 1245/3/2
f 1244/10/2 1240/10/2 1245/10/2
f 1245/3/2 1241/3/2 1246/3/2
f 1242/10/2 1232/10/2 1247/10/2
f 1247/10/2 1232/10/2 1248/10/2
f 1243/10/2 1244/10/2 1249/10/2
f 1244/3/2 1245/3/2 1250/3/2
f 1249/10/2 1244/10/2 1250/10/2
f 1250/3/2 1245/3/2 1251/3/2
f 1248/10/2 1249/10/2 1252/10/2
f 1252/10/2 1249/10/2 1253/10/2
f 1253/10/2 1249/10/2 1254/10/2
f 1249/3/2 1250/3/2 1255/3/2
f 1254/10/2 1249/10/2 1255/10/2
f 1255/3/2 1250/3/2 1256/3/2
f 1254/3/2 1255/3/2 1257/3/2
f 1257/3/2 1255/3/2 1258/3/2
f 1259/2/2 1260/2/2 1262/2/2
f 1262/2/2 1260/2/2 1263/2/2
f 1263/2/2 1260/2/2 1264/2/2
f 1261/2/2 1262/2/2 1265/2/2
f 1262/2/2 1263/2/2 1265/2/2
f 1265/2/2 1263/2/2 1266/2/2
f 1261/2/2 1265/2/2 1267/2/2
f 1261/2/2 1267/2/2 1269/2/2
f 1267/2/2 1268/2/2 1269/2/2
f 1269/2/2 1268/2/2 1270/2/2
f 1270/2/2 1268/2/2 1271/2/2
f 1270/2/2 1271/2/2 1273/2/2
f 1271/2/2 1272/2/2 1273/2/2
f 1273/2/2 1272/2/2 1274/2/2
f 1274/2/2 1272/2/2 1275/2/2
f 1276/4/2 1277/4/2 1278/4/2
f 1278/4/2 1277/4/2 1279/4/2
f 1280/4/2 1281/4/2 1282/4/2
f 1282/4/2 1281/4/2 1283/4/2
f 1284/3/2 1285/3/2 1287/3/2
f 1287/3/2 1285/3/2 1288/3/2
f 1286/3/2 1287/3/2 1291/3/2
f 1288/3/2 1289/3/2 1291/3/2
f 1287/3/2 1288/3/2 1291/3/2
f 1291/3/2 1289/3/2 1292/3/2
f 1290/3/2 1291/3/2 1295/3/2
f 1292/3/2 1293/3/2 1295/3/2
f 1291/3/2 1292/3/2 1295/3/2
f 1295/3/2 1293/3/2 1296/3/2
f 1294/3/2 1295/3/2 1298/3/2
f 1296/3/2 1297/3/2 1298/3/2
f 1295/3/2 1296/3/2 1298/3/2
f 1298/3/2 1297/3/2 1299/3/2
f 1299/3/2 1297/3/2 1300/3/2
f 1300/3/2 1297/3/2 1301/3/2
f 1299/3/2 1300/3/2 1302/3/2
f 1302/3/2 1300/3/2 1303/3/2
f 1303/3/2 1300/3/2 1304/3/2
f 1304/3/2 1300/3/2 1305/3/2
f 1303/3/2 1304/3/2 1306/3/2
f 1306/3/2 1304/3/2 1307/3/2
f 1307/3/2 1304/3/2 1308/3/2
f 1308/3/2 1304/3/2 1309/3/2
f 1307/3/2 1308/3/2 1310/3/2
f 1310/3/2 1308/3/2 1311/3/2
f 1312/4/2 1313/4/2 1314/4/2
f 1314/4/2 1313/4/2 1315/4/2
f 1316/10/2 1317/10/2 1318/10/2
f 1318/10/2 1317/10/2 1319/10/2
f 1320/10/2 1321/10/2 1322/10/2
f 1322/10/2 1321/10/2 1323/10/2
f 1324/1/2 1325/1/2 1327/1/2
f 1327/1/2 1325/1/2 1328/1/2
f 1328/1/2 1325/1/2 1329/1/2
f 1326/1/2 1327/1/2 1330/1/2
f 1327/1/2 1328/1/2 1330/1/2
f 1330/1/2 1328/1/2 1331/1/2
f 1326/1/2 1330/1/2 1332/1/2
f 1326/1/2 1332/1/2 1334/1/2
f 1332/1/2 1333/1/2 1334/1/2
f 1334/1/2 1333/1/2 1335/1/2
f 1335/1/2 1333/1/2 1336/1/2
f 1335/1/2 1336/1/2 1338/1/2
f 1336/1/2 1337/1/2 1338/1/2
f 1338/1/2 1337/1/2 1339/1/2
f 1340/10/2 1341/10/2 1342/10/2
f 1342/10/2 1341/10/2 1343/10/2
f 1344/10/2 1345/10/2 1346/10/2
f 1346/10/2 1345/10/2 1347/10/2
f 1348/4/2 1349/4/2 1350/4/2
f 1350/4/2 1349/4/2 1351/4/2
f 1352/4/2 1353/4/2 1354/4/2
f 1354/4/2 1353/4/2 1355/4/2
f 1356/4/2 1357/4/2 1358/4/2
f 1358/4/2 1357/4/2 1359/4/2
f 1360/4/2 1361/4/2 1362/4/2
f 1362/4/2 1361/4/2 1363/4/2
f 1364/4/2 1365/4/2 1366/4/2
f 1366/4/2 1365/4/2 1367/4/2
f 1368/4/2 1369/4/2 1370/4/2
f 1370/4/2 1369/4/2 1371/4/2
f 1372/10/2 1373/10/2 1374/10/2
f 1374/10/2 1373/10/2 1375/10/2
f 1376/3/2 1377/3/2 1378/3/2
f 1378/3/2 1377/3/2 1379/3/2
f 1379/3/2 1377/3/2 1380/3/2
f 1376/3/2 1378/3/2 1381/3/2
f 1378/10/2 1379/10/2 1382/10/2
f 1381/3/2 1378/3/2 1382/3/2
f 1379/3/2 1380/3/2 1383/3/2
f 1382/10/2 1379/10/2 1383/10/2
f 1383/3/2 1380/3/2 1384/3/2
f 1385/10/2 1386/10/2 1389/10/2
f 1389/10/2 1386/10/2 1390/10/2
f 1387/10/2 1388/10/2 1391/10/2
f 1391/10/2 1388/10/2 1392/10/2
f 1393/10/2 1394/10/2 1397/10/2
f 1397/10/2 1394/10/2 1398/10/2
f 1395/10/2 1396/10/2 1399/10/2
f 1399/10/2 1396/10/2 1400/10/2
f 1398/10/2 1399/10/2 1401/10/2
f 1401/10/2 1399/10/2 1402/10/2
f 1402/3/2 1403/3/2 1406/3/2
f 1406/3/2 1403/3/2 1407/3/2
f 1404/3/2 1405/3/2 1408/3/2
f 1408/3/2 1405/3/2 1409/3/2
f 1406/10/2 1407/10/2 1410/10/2
f 1410/10/2 1407/10/2 1411/10/2
f 1412/10/2 1413/10/2 1416/10/2
f 1416/10/2 1413/10/2 1417/10/2
f 1414/10/2 1415/10/2 1420/10/2
f 1420/10/2 1415/10/2 1421/10/2
f 1417/10/2 1418/10/2 1423/10/2
f 1423/10/2 1418/10/2 1424/10/2
f 1419/10/2 1420/10/2 1425/10/2
f 1425/10/2 1420/10/2 1426/10/2
f 1422/10/2 1423/10/2 1428/10/2
f 1428/10/2 1423/10/2 1429/10/2
f 1426/10/2 1427/10/2 1430/10/2
f 1430/10/2 1427/10/2 1431/10/2
f 1432/10/2 1433/10/2 1436/10/2
f 1436/10/2 1433/10/2 1437/10/2
f 1434/10/2 1435/10/2 1440/10/2
f 1440/10/2 1435/10/2 1441/10/2
f 1437/10/2 1438/10/2 1442/10/2
f 1442/10/2 1438/10/2 1443/10/2
f 1439/10/2 1440/10/2 1444/10/2
f 1444/10/2 1440/10/2 1445/10/2
f 1443/10/2 1444/10/2 1449/10/2
f 1449/10/2 1444/10/2 1450/10/2
f 1445/3/2 1446/3/2 1451/3/2
f 1451/3/2 1446/3/2 1452/3/2
f 1447/10/2 1448/10/2 1453/10/2
f 1453/10/2 1448/10/2 1454/10/2
f 1451/10/2 1452/10/2 1455/10/2
f 1455/10/2 1452/10/2 1456/10/2
f 1457/10/2 1458/10/2 1461/10/2
f 1461/10/2 1458/10/2 1462/10/2
f 1459/10/2 1460/10/2 1465/10/2
f 1465/10/2 1460/10/2 1466/10/2
f 1462/10/2 1463/10/2 1467/10/2
f 1467/10/2 1463/10/2 1468/10/2
f 1464/10/2 1465/10/2 1471/10/2
f 1471/10/2 1465/10/2 1472/10/2
f 1468/10/2 1469/10/2 1474/10/2
f 1474/10/2 1469/10/2 1475/10/2
f 1470/10/2 1471/10/2 1476/10/2
f 1476/10/2 1471/10/2 1477/10/2
f 1473/10/2 1474/10/2 1480/10/2
f 1480/10/2 1474/10/2 1481/10/2
f 1477/10/2 1478/10/2 1482/10/2
f 1482/10/2 1478/10/2 1483/10/2
f 1479/10/2 1480/10/2 1485/10/2
f 1485/10/2 1480/10/2 1486/10/2
f 1483/10/2 1484/10/2 1487/10/2
f 1487/10/2 1484/10/2 1488/10/2
f 1489/10/2 1490/10/2 1493/10/2
f 1493/10/2 1490/10/2 1494/10/2
f 1491/10/2 1492/10/2 1497/10/2
f 1497/10/2 1492/10/2 1498/10/2
f 1494/10/2 1495/10/2 1500/10/2
f 1500/10/2 1495/10/2 1501/10/2
f 1496/10/2 1497/10/2 1504/10/2
f 1504/10/2 1497/10/2 1505/10/2
f 1501/10/2 1502/10/2 1507/10/2
f 1507/10/2 1502/10/2 1508/10/2
f 1503/10/2 1504/10/2 1509/10/2
f 1509/10/2 1504/10/2 1510/10/2
f 1505/3/2 1506/3/2 1511/3/2
f 1511/3/2 1506/3/2 1512/3/2
f 1499/3/2 1500/3/2 1513/3/2
f 1513/3/2 1500/3/2 1514/3/2
f 1511/10/2 1512/10/2 1515/10/2
f 1515/10/2 1512/10/2 1516/10/2
f 1517/10/2 1518/10/2 1521/10/2
f 1521/10/2 1518/10/2 1522/10/2
f 1519/10/2 1520/10/2 1525/10/2
f 1525/10/2 1520/10/2 1526/10/2
f 1522/10/2 1523/10/2 1527/10/2
f 1527/10/2 1523/10/2 1528/10/2
f 1524/10/2 1525/10/2 1531/10/2
f 1531/10/2 1525/10/2 1532/10/2
f 1528/10/2 1529/10/2 1533/10/2
f 1533/10/2 1529/10/2 1534/10/2
f 1530/10/2 1531/10/2 1535/10/2
f 1535/10/2 1531/10/2 1536/10/2
f 1537/10/2 1538/10/2 1542/10/2
f 1542/10/2 1538/10/2 1543/10/2
f 1539/10/2 1540/10/2 1544/10/2
f 1544/10/2 1540/10/2 1545/10/2
f 1541/10/2 1542/10/2 1548/10/2
f 1548/10/2 1542/10/2 1549/10/2
f 1545/10/2 1546/10/2 1550/10/2
f 1550/10/2 1546/10/2 1551/10/2
f 1547/10/2 1548/10/2 1553/10/2
f 1553/10/2 1548/10/2 1554/10/2
f 1551/10/2 1552/10/2 1555/10/2
f 1555/10/2 1552/10/2 1556/10/2
f 1557/10/2 1558/10/2 1559/10/2
f 1559/10/2 1558/10/2 1560/10/2
f 1561/10/2 1562/10/2 1563/10/2
f 1563/10/2 1562/10/2 1564/10/2
f 1565/10/2 1566/10/2 1567/10/2
f 1567/10/2 1566/10/2 1568/10/2
f 1569/10/2 1570/10/2 1571/10/2
f 1571/10/2 1570/10/2 1572/10/2
f 1573/10/2 1574/10/2 1575/10/2
f 1575/10/2 1574/10/2 1576/10/2
f 1577/10/2 1578/10/2 1579/10/2
f 1579/10/2 1578/10/2 1580/10/2
f 1581/10/2 1582/10/2 1583/10/2
f 1583/10/2 1582/10/2 1584/10/2
f 1585/10/2 1586/10/2 1587/10/2
f 1587/10/2 1586/10/2 1588/10/2
f 1589/10/2 1590/10/2 1595/10/2
f 1595/10/2 1590/10/2 1596/10/2
f 1592/10/2 1593/10/2 1597/10/2
f 1591/10/2 1592/10/2 1597/10/2
f 1597/10/2 1593/10/2 1598/10/2
f 1594/10/2 1595/10/2 1599/10/2
f 1599/10/2 1595/10/2 1600/10/2
f 1601/10/2 1602/10/2 1606/10/2
f 1606/10/2 1602/10/2 1607/10/2
f 1605/10/2 1606/10/2 1608/10/2
f 1608/10/2 1606/10/2 1609/10/2
f 1603/10/2 1604/10/2 1610/10/2
f 1610/10/2 1604/10/2 1611/10/2
f 1612/10/2 1613/10/2 1616/10/2
f 1616/10/2 1613/10/2 1617/10/2
f 1614/10/2 1615/10/2 1618/10/2
f 1618/10/2 1615/10/2 1619/10/2
f 1620/4/2 1621/4/2 1624/4/2
f 1624/4/2 1621/4/2 1625/4/2
f 1622/4/2 1623/4/2 1626/4/2
f 1626/4/2 1623/4/2 1627/4/2
f 1628/4/2 1629/4/2 1630/4/2
f 1630/4/2 1629/4/2 1631/4/2
f 1632/4/2 1633/4/2 1634/4/2
f 1634/4/2 1633/4/2 1635/4/2
f 1636/3/2 1637/3/2 1639/3/2
f 1639/3/2 1637/3/2 1640/3/2
f 1638/3/2 1639/3/2 1643/3/2
f 1640/3/2 1641/3/2 1643/3/2
f 1639/3/2 1640/3/2 1643/3/2
f 1643/3/2 1641/3/2 1644/3/2
f 1642/3/2 1643/3/2 1647/3/2
f 1644/3/2 1645/3/2 1647/3/2
f 1643/3/2 1644/3/2 1647/3/2
f 1647/3/2 1645/3/2 1648/3/2
f 1646/3/2 1647/3/2 1650/3/2
f 1648/3/2 1649/3/2 1650/3/2
f 1647/3/2 1648/3/2 1650/3/2
f 1650/3/2 1649/3/2 1651/3/2
f 1651/3/2 1649/3/2 1652/3/2
f 1652/3/2 1649/3/2 1653/3/2
f 1651/3/2 1652/3/2 1654/3/2
f 1654/3/2 1652/3/2 1655/3/2
f 1655/3/2 1652/3/2 1656/3/2
f 1656/3/2 1652/3/2 1657/3/2
f 1655/3/2 1656/3/2 1658/3/2
f 1658/3/2 1656/3/2 1659/3/2
f 1659/3/2 1656/3/2 1660/3/2
f 1660/3/2 1656/3/2 1661/3/2
f 1659/3/2 1660/3/2 1662/3/2
f 1662/3/2 1660/3/2 1663/3/2
f 1664/4/2 1665/4/2 1666/4/2
f 1666/4/2 1665/4/2 1667/4/2
f 1668/4/2 1669/4/2 1670/4/2
f 1670/4/2 1669/4/2 1671/4/2
f 1672/4/2 1673/4/2 1676/4/2
f 1676/4/2 1673/4/2 1677/4/2
f 1674/4/2 1675/4/2 1678/4/2
f 1678/4/2 1675/4/2 1679/4/2
f 1680/4/2 1681/4/2 1682/4/2
f 1682/4/2 1681/4/2 1683/4/2
f 1684/4/2 1685/4/2 1686/4/2
f 1686/4/2 1685/4/2 1687/4/2
f 1688/1/2 1689/1/2 1691/1/2
f 1691/1/2 1689/1/2 1692/1/2
f 1692/1/2 1689/1/2 1693/1/2
f 1693/1/2 1689/1/2 1694/1/2
f 1690/1/2 1691/1/2 1698/1/2
f 1691/1/2 1692/1/2 1698/1/2
f 1698/1/2 1692/1/2 1699/1/2
f 1693/1/2 1694/1/2 1700/1/2
f 1694/1/2 1695/1/2 1700/1/2
f 1700/1/2 1695/1/2 1701/1/2
f 1696/4/2 1697/4/2 1702/4/2
f 1702/4/2 1697/4/2 1703/4/2
f 1690/1/2 1698/1/2 1704/1/2
f 1704/1/2 1698/1/2 1705/1/2
f 1701/1/2 1695/1/2 1706/1/2
f 1706/1/2 1695/1/2 1707/1/2
f 1708/4/2 1709/4/2 1710/4/2
f 1710/4/2 1709/4/2 1711/4/2
f 1712/3/2 1713/3/2 1714/3/2
f 1714/3/2 1713/3/2 1715/3/2
f 1716/1/2 1717/1/2 1718/1/2
f 1718/1/2 1717/1/2 1719/1/2
f 1719/1/2 1717/1/2 1720/1/2
f 1720/1/2 1721/1/2 1722/1/2
f 1719/1/2 1720/1/2 1722/1/2
f 1722/1/2 1721/1/2 1723/1/2
f 1723/1/2 1721/1/2 1725/1/2
f 1724/1/2 1725/1/2 1727/1/2
f 1725/1/2 1721/1/2 1728/1/2
f 1727/1/2 1725/1/2 1728/1/2
f 1728/1/2 1721/1/2 1729/1/2
f 1726/1/2 1727/1/2 1730/1/2
f 1727/1/2 1728/1/2 1730/1/2
f 1730/1/2 1728/1/2 1731/1/2
f 1732/10/2 1733/10/2 1734/10/2
f 1734/10/2 1733/10/2 1735/10/2
f 1736/4/2 1737/4/2 1740/4/2
f 1740/4/2 1737/4/2 1741/4/2
f 1738/4/2 1739/4/2 1742/4/2
f 1742/4/2 1739/4/2 1743/4/2
f 1744/10/2 1745/10/2 1748/10/2
f 1748/10/2 1745/10/2 1749/10/2
f 1746/4/2 1747/4/2 1750/4/2
f 1750/4/2 1747/4/2 1751/4/2
f 1752/4/2 1753/4/2 1754/4/2
f 1754/4/2 1753/4/2 1755/4/2
f 1756/2/2 1757/2/2 1759/2/2
f 1759/2/2 1757/2/2 1760/2/2
f 1760/2/2 1757/2/2 1761/2/2
f 1761/2/2 1757/2/2 1762/2/2
f 1758/2/2 1759/2/2 1764/2/2
f 1759/2/2 1760/2/2 1764/2/2
f 1764/2/2 1760/2/2 1765/2/2
f 1762/2/2 1763/2/2 1766/2/2
f 1761/2/2 1762/2/2 1766/2/2
f 1766/2/2 1763/2/2 1767/2/2
f 1767/2/2 1763/2/2 1770/2/2
f 1768/4/2 1769/4/2 1771/4/2
f 1771/4/2 1769/4/2 1772/4/2
f 1758/2/2 1764/2/2 1773/2/2
f 1773/2/2 1764/2/2 1774/2/2
f 1767/2/2 1770/2/2 1775/2/2
f 1775/2/2 1770/2/2 1776/2/2
f 1777/10/2 1778/10/2 1779/10/2
f 1779/10/2 1778/10/2 1780/10/2
f 1781/4/2 1782/4/2 1783/4/2
f 1783/4/2 1782/4/2 1784/4/2
f 1785/3/2 1786/3/2 1791/3/2
f 1791/3/2 1786/3/2 1792/3/2
f 1787/3/2 1788/3/2 1793/3/2
f 1793/3/2 1788/3/2 1794/3/2
f 1789/3/2 1790/3/2 1795/3/2
f 1795/3/2 1790/3/2 1796/3/2
f 1794/3/2 1795/3/2 1801/3/2
f 1801/3/2 1795/3/2 1802/3/2
f 1796/3/2 1797/3/2 1803/3/2
f 1803/3/2 1797/3/2 1804/3/2
f 1798/3/2 1799/3/2 1805/3/2
f 1805/3/2 1799/3/2 1806/3/2
f 1800/3/2 1801/3/2 1807/3/2
f 1807/3/2 1801/3/2 1808/3/2
f 1802/3/2 1803/3/2 1809/3/2
f 1809/3/2 1803/3/2 1810/3/2
f 1806/3/2 1807/3/2 1811/3/2
f 1811/3/2 1807/3/2 1812/3/2
f 1808/3/2 1809/3/2 1813/3/2
f 1813/3/2 1809/3/2 1814/3/2
f 1812/3/2 1813/3/2 1815/3/2
f 1815/3/2 1813/3/2 1816/3/2
f 1817/2/2 1818/2/2 1819/2/2
f 1819/2/2 1818/2/2 1820/2/2
f 1820/2/2 1818/2/2 1821/2/2
f 1821/2/2 1822/2/2 1823/2/2
f 1820/2/2 1821/2/2 1823/2/2
f 1823/2/2 1822/2/2 1824/2/2
f 1824/2/2 1822/2/2 1826/2/2
f 1825/2/2 1826/2/2 1828/2/2
f 1826/2/2 1822/2/2 1829/2/2
f 1828/2/2 1826/2/2 1829/2/2
f 1829/2/2 1822/2/2 1830/2/2
f 1827/2/2 1828/2/2 1831/2/2
f 1828/2/2 1829/2/2 1831/2/2
f 1831/2/2 1829/2/2 1832/2/2
f 1832/2/2 1829/2/2 1833/2/2
f 1834/10/2 1835/10/2 1836/10/2
f 1836/10/2 1835/10/2 1837/10/2
f 1838/3/2 1839/3/2 1841/3/2
f 1841/3/2 1839/3/2 1842/3/2
f 1840/3/2 1841/3/2 1844/3/2
f 1844/3/2 1841/3/2 1845/3/2
f 1842/3/2 1843/3/2 1846/3/2
f 1846/3/2 1843/3/2 1847/3/2
f 1847/3/2 1848/3/2 1852/3/2
f 1852/3/2 1848/3/2 1853/3/2
f 1849/3/2 1850/3/2 1854/3/2
f 1854/3/2 1850/3/2 1855/3/2
f 1851/3/2 1852/3/2 1856/3/2
f 1856/3/2 1852/3/2 1857/3/2
f 1855/3/2 1856/3/2 1858/3/2
f 1858/3/2 1856/3/2 1859/3/2
f 1860/3/2 1861/3/2 1862/3/2
f 1862/3/2 1861/3/2 1863/3/2
f 1864/3/2 1865/3/2 1866/3/2
f 1866/3/2 1865/3/2 1867/3/2
f 1867/3/2 1865/3/2 1868/3/2
f 1868/3/2 1865/3/2 1869/3/2
f 1864/3/2 1866/3/2 1870/3/2
f 1870/3/2 1866/3/2 1871/3/2
f 1871/3/2 1866/3/2 1872/3/2
f 1872/3/2 1866/3/2 1873/3/2
f 1864/3/2 1870/3/2 1874/3/2
f 1874/3/2 1870/3/2 1875/3/2
f 1871/3/2 1872/3/2 1876/3/2
f 1876/3/2 1872/3/2 1877/3/2
f 1877/3/2 1872/3/2 1878/3/2
f 1878/3/2 1872/3/2 1879/3/2
f 1873/3/2 1866/3/2 1880/3/2
f 1880/3/2 1866/3/2 1881/3/2
f 1881/3/2 1866/3/2 1882/3/2
f 1867/3/2 1868/3/2 1883/3/2
f 1883/3/2 1868/3/2 1884/3/2
f 1869/3/2 1865/3/2 1885/3/2
f 1864/3/2 1874/3/2 1886/3/2
f 1877/3/2 1878/3/2 1889/3/2
f 1889/3/2 1878/3/2 1890/3/2
f 1883/3/2 1884/3/2 1893/3/2
f 1881/3/2 1882/3/2 1893/3/2
f 1884/3/2 1885/3/2 1893/3/2
f 1882/3/2 1883/3/2 1893/3/2
f 1886/3/2 1887/3/2 1894/3/2
f 1890/3/2 1891/3/2 1895/3/2
f 1889/3/2 1890/3/2 1895/3/2
f 1888/3/2 1889/3/2 1895/3/2
f 1895/3/2 1891/3/2 1896/3/2
f 1892/3/2 1893/3/2 1897/3/2
f 1895/3/2 1896/3/2 1898/3/2
f 1896/3/2 1897/3/2 1898/3/2
f 1894/3/2 1895/3/2 1898/3/2
f 1898/3/2 1897/3/2 1899/3/2
f 1894/3/2 1898/3/2 1900/3/2
f 1900/3/2 1898/3/2 1901/3/2
f 1899/3/2 1897/3/2 1902/3/2
f 1902/3/2 1897/3/2 1903/3/2
f 1894/3/2 1900/3/2 1904/3/2
f 1903/3/2 1897/3/2 1907/3/2
f 1904/3/2 1905/3/2 1908/3/2
f 1906/3/2 1907/3/2 1909/3/2
f 1893/3/2 1885/3/2 1910/3/2
f 1908/3/2 1909/3/2 1910/3/2
f 1909/3/2 1907/3/2 1910/3/2
f 1897/3/2 1893/3/2 1910/3/2
f 1907/3/2 1897/3/2 1910/3/2
f 1910/3/2 1885/3/2 1911/3/2
f 1908/3/2 1910/3/2 1912/3/2
f 1912/3/2 1910/3/2 1913/3/2
f 1911/3/2 1885/3/2 1914/3/2
f 1914/3/2 1885/3/2 1915/3/2
f 1908/3/2 1912/3/2 1916/3/2
f 1915/3/2 1885/3/2 1919/3/2
f 1916/3/2 1917/3/2 1920/3/2
f 1918/3/2 1919/3/2 1921/3/2
f 1886/3/2 1894/3/2 1922/3/2
f 1920/3/2 1921/3/2 1922/3/2
f 1864/3/2 1886/3/2 1922/3/2
f 1904/3/2 1908/3/2 1922/3/2
f 1894/3/2 1904/3/2 1922/3/2
f 1916/3/2 1920/3/2 1922/3/2
f 1908/3/2 1916/3/2 1922/3/2
f 1922/3/2 1921/3/2 1923/3/2
f 1923/3/2 1921/3/2 1924/3/2
f 1924/3/2 1921/3/2 1925/3/2
f 1864/3/2 1922/3/2 1926/3/2
f 1923/3/2 1924/3/2 1927/3/2
f 1927/3/2 1924/3/2 1928/3/2
f 1925/3/2 1921/3/2 1929/3/2
f 1927/3/2 1928/3/2 1930/3/2
f 1928/3/2 1929/3/2 1930/3/2
f 1926/3/2 1927/3/2 1930/3/2
f 1929/3/2 1921/3/2 1931/3/2
f 1930/3/2 1929/3/2 1931/3/2
f 1926/3/2 1930/3/2 1932/3/2
f 1931/3/2 1921/3/2 1933/3/2
f 1926/3/2 1932/3/2 1934/3/2
f 1932/3/2 1933/3/2 1934/3/2
f 1864/3/2 1926/3/2 1934/3/2
f 1934/3/2 1933/3/2 1935/3/2
f 1864/3/2 1934/3/2 1936/3/2
f 1936/3/2 1934/3/2 1937/3/2
f 1935/3/2 1933/3/2 1938/3/2
f 1921/3/2 1919/3/2 1939/3/2
f 1938/3/2 1933/3/2 1939/3/2
f 1885/3/2 1865/3/2 1939/3/2
f 1919/3/2 1885/3/2 1939/3/2
f 1933/3/2 1921/3/2 1939/3/2
f 1940/6/2 1941/6/2 1942/6/2
f 1942/6/2 1941/6/2 1943/6/2
f 1942/10/2 1943/10/2 1944/10/2
f 1944/10/2 1943/10/2 1945/10/2
f 1945/10/2 1943/10/2 1946/10/2
f 1946/10/2 1943/10/2 1947/10/2
f 1947/10/2 1943/10/2 1948/10/2
f 1948/10/2 1943/10/2 1949/10/2
f 1954/4/2 1955/4/2 1959/4/2
f 1959/4/2 1955/4/2 1960/4/2
f 1956/4/2 1957/4/2 1963/4/2
f 1963/4/2 1957/4/2 1964/4/2
f 1950/10/2 1951/10/2 1966/10/2
f 1966/10/2 1951/10/2 1967/10/2
f 1952/10/2 1953/10/2 1968/10/2
f 1968/10/2 1953/10/2 1969/10/2
f 1958/4/2 1959/4/2 1970/4/2
f 1959/10/2 1960/10/2 1971/10/2
f 1970/4/2 1959/4/2 1971/4/2
f 1960/4/2 1961/4/2 1972/4/2
f 1971/10/2 1960/10/2 1972/10/2
f 1972/4/2 1961/4/2 1973/4/2
f 1962/4/2 1963/4/2 1974/4/2
f 1963/10/2 1964/10/2 1975/10/2
f 1974/4/2 1963/4/2 1975/4/2
f 1964/4/2 1965/4/2 1976/4/2
f 1975/10/2 1964/10/2 1976/10/2
f 1976/4/2 1965/4/2 1977/4/2
f 1971/4/2 1972/4/2 1978/4/2
f 1978/4/2 1972/4/2 1979/4/2
f 1975/4/2 1976/4/2 1980/4/2
f 1980/4/2 1976/4/2 1981/4/2
f 1982/4/2 1983/4/2 1985/4/2
f 1985/4/2 1983/4/2 1986/4/2
f 1984/4/2 1985/4/2 1988/4/2
f 1985/10/2 1986/10/2 1989/10/2
f 1988/4/2 1985/4/2 1989/4/2
f 1986/4/2 1987/4/2 1990/4/2
f 1989/10/2 1986/10/2 1990/10/2
f 1990/4/2 1987/4/2 1991/4/2
f 1989/4/2 1990/4/2 1992/4/2
f 1992/4/2 1990/4/2 1993/4/2
f 1944/6/2 1945/6/2 1994/6/2
f 1945/10/2 1946/10/2 1995/10/2
f 1994/6/2 1945/6/2 1995/6/2
f 1995/10/2 1946/10/2 1996/10/2
f 1947/10/2 1948/10/2 1999/10/2
f 1948/6/2 1949/6/2 2000/6/2
f 1999/10/2 1948/10/2 2000/10/2
f 2000/6/2 1949/6/2 2001/6/2
f 1997/10/2 1998/10/2 2002/10/2
f 1996/10/2 1997/10/2 2002/10/2
f 2000/10/2 2001/10/2 2002/10/2
f 1999/10/2 2000/10/2 2002/10/2
f 1998/10/2 1999/10/2 2002/10/2
f 1995/10/2 1996/10/2 2002/10/2
f 1994/10/2 1995/10/2 2002/10/2
f 2002/10/2 2001/10/2 2003/10/2
f 2002/6/2 2003/6/2 2004/6/2
f 2004/6/2 2003/6/2 2005/6/2
f 2006/10/2 2007/10/2 2010/10/2
f 2010/10/2 2007/10/2 2011/10/2
f 2008/10/2 2009/10/2 2012/10/2
f 2012/10/2 2009/10/2 2013/10/2
f 2014/9/2 2015/9/2 2016/9/2
f 2016/9/2 2015/9/2 2017/9/2
f 2018/1/2 2019/1/2 2020/1/2
f 2020/1/2 2019/1/2 2021/1/2
f 2022/1/2 2023/1/2 2024/1/2
f 2024/1/2 2023/1/2 2025/1/2
f 2026/10/2 2027/10/2 2030/10/2
f 2030/10/2 2027/10/2 2031/10/2
f 2028/10/2 2029/10/2 2032/10/2
f 2032/10/2 2029/10/2 2033/10/2
f 2034/9/2 2035/9/2 2038/9/2
f 2038/9/2 2035/9/2 2039/9/2
f 2036/9/2 2037/9/2 2040/9/2
f 2040/9/2 2037/9/2 2041/9/2
f 2039/9/2 2040/9/2 2042/9/2
f 2042/9/2 2040/9/2 2043/9/2
f 2044/2/2 2045/2/2 2046/2/2
f 2046/2/2 2045/2/2 2047/2/2
f 2048/1/2 2049/1/2 2050/1/2
f 2050/1/2 2049/1/2 2051/1/2
f 2052/2/2 2053/2/2 2054/2/2
f 2054/2/2 2053/2/2 2055/2/2
f 2056/10/2 2057/10/2 2058/10/2
f 2058/10/2 2057/10/2 2059/10/2
f 2060/9/2 2061/9/2 2062/9/2
f 2062/9/2 2061/9/2 2063/9/2
f 2063/9/2 2064/9/2 2068/9/2
f 2068/9/2 2064/9/2 2069/9/2
f 2065/9/2 2066/9/2 2070/9/2
f 2070/9/2 2066/9/2 2071/9/2
f 2067/9/2 2068/9/2 2072/9/2
f 2072/9/2 2068/9/2 2073/9/2
f 2074/2/2 2075/2/2 2076/2/2
f 2076/2/2 2075/2/2 2077/2/2
f 2078/9/2 2079/9/2 2082/9/2
f 2082/9/2 2079/9/2 2083/9/2
f 2080/9/2 2081/9/2 2084/9/2
f 2084/9/2 2081/9/2 2085/9/2
f 2086/9/2 2087/9/2 2089/9/2
f 2089/9/2 2087/9/2 2090/9/2
f 2088/9/2 2089/9/2 2093/9/2
f 2093/9/2 2089/9/2 2094/9/2
f 2090/9/2 2091/9/2 2095/9/2
f 2095/9/2 2091/9/2 2096/9/2
f 2092/9/2 2093/9/2 2098/9/2
f 2098/9/2 2093/9/2 2099/9/2
f 2096/9/2 2097/9/2 2100/9/2
f 2100/9/2 2097/9/2 2101/9/2
f 2099/9/2 2100/9/2 2102/9/2
f 2102/9/2 2100/9/2 2103/9/2
f 2104/9/2 2105/9/2 2109/9/2
f 2109/9/2 2105/9/2 2110/9/2
f 2106/9/2 2107/9/2 2111/9/2
f 2111/9/2 2107/9/2 2112/9/2
f 2108/9/2 2109/9/2 2114/9/2
f 2114/9/2 2109/9/2 2115/9/2
f 2112/9/2 2113/9/2 2116/9/2
f 2116/9/2 2113/9/2 2117/9/2
f 2118/9/2 2119/9/2 2121/9/2
f 2121/9/2 2119/9/2 2122/9/2
f 2120/9/2 2121/9/2 2124/9/2
f 2124/9/2 2121/9/2 2125/9/2
f 2122/9/2 2123/9/2 2126/9/2
f 2126/9/2 2123/9/2 2127/9/2
f 2120/9/2 2124/9/2 2129/9/2
f 2129/9/2 2124/9/2 2130/9/2
f 2127/9/2 2123/9/2 2131/9/2
f 2131/9/2 2123/9/2 2132/9/2
f 2128/9/2 2129/9/2 2134/9/2
f 2134/9/2 2129/9/2 2135/9/2
f 2132/9/2 2133/9/2 2138/9/2
f 2138/9/2 2133/9/2 2139/9/2
f 2135/9/2 2136/9/2 2140/9/2
f 2140/9/2 2136/9/2 2141/9/2
f 2137/9/2 2138/9/2 2142/9/2
f 2142/9/2 2138/9/2 2143/9/2
f 2144/9/2 2145/9/2 2146/9/2
f 2146/9/2 2145/9/2 2147/9/2
f 2148/9/2 2149/9/2 2150/9/2
f 2150/9/2 2149/9/2 2151/9/2
f 2151/9/2 2149/9/2 2152/9/2
f 2153/8/2 2154/8/2 2156/8/2
f 2156/8/2 2154/8/2 2157/8/2
f 2155/8/2 2156/8/2 2160/8/2
f 2156/9/2 2157/9/2 2161/9/2
f 2160/8/2 2156/8/2 2161/8/2
f 2157/8/2 2158/8/2 2162/8/2
f 2161/9/2 2157/9/2 2162/9/2
f 2162/8/2 2158/8/2 2163/8/2
f 2159/8/2 2160/8/2 2166/8/2
f 2160/9/2 2161/9/2 2167/9/2
f 2166/8/2 2160/8/2 2167/8/2
f 2167/9/2 2161/9/2 2168/9/2
f 2162/9/2 2163/9/2 2169/9/2
f 2163/8/2 2164/8/2 2170/8/2
f 2169/9/2 2163/9/2 2170/9/2
f 2170/8/2 2164/8/2 2171/8/2
f 2165/8/2 2166/8/2 2174/8/2
f 2166/9/2 2167/9/2 2175/9/2
f 2174/8/2 2166/8/2 2175/8/2
f 2175/9/2 2167/9/2 2176/9/2
f 2170/9/2 2171/9/2 2177/9/2
f 2171/8/2 2172/8/2 2178/8/2
f 2177/9/2 2171/9/2 2178/9/2
f 2178/8/2 2172/8/2 2179/8/2
f 2173/8/2 2174/8/2 2181/8/2
f 2174/9/2 2175/9/2 2182/9/2
f 2181/8/2 2174/8/2 2182/8/2
f 2182/9/2 2175/9/2 2183/9/2
f 2178/9/2 2179/9/2 2186/9/2
f 2179/8/2 2180/8/2 2187/8/2
f 2186/9/2 2179/9/2 2187/9/2
f 2187/8/2 2180/8/2 2188/8/2
f 2182/8/2 2183/8/2 2189/8/2
f 2183/9/2 2184/9/2 2190/9/2
f 2189/8/2 2183/8/2 2190/8/2
f 2190/9/2 2184/9/2 2191/9/2
f 2185/9/2 2186/9/2 2194/9/2
f 2186/8/2 2187/8/2 2195/8/2
f 2194/9/2 2186/9/2 2195/9/2
f 2195/8/2 2187/8/2 2196/8/2
f 2190/8/2 2191/8/2 2197/8/2
f 2191/9/2 2192/9/2 2198/9/2
f 2197/8/2 2191/8/2 2198/8/2
f 2198/9/2 2192/9/2 2199/9/2
f 2193/9/2 2194/9/2 2201/9/2
f 2194/8/2 2195/8/2 2202/8/2
f 2201/9/2 2194/9/2 2202/9/2
f 2202/8/2 2195/8/2 2203/8/2
f 2198/8/2 2199/8/2 2204/8/2
f 2199/9/2 2200/9/2 2205/9/2
f 2204/8/2 2199/8/2 2205/8/2
f 2200/8/2 2201/8/2 2206/8/2
f 2205/9/2 2200/9/2 2206/9/2
f 2201/8/2 2202/8/2 2206/8/2
f 2206/8/2 2202/8/2 2207/8/2
f 2207/8/2 2202/8/2 2208/8/2
f 2205/8/2 2206/8/2 2209/8/2
f 2206/8/2 2207/8/2 2209/8/2
f 2209/8/2 2207/8/2 2210/8/2
f 2213/2/3 2212/2/3 2211/2/3
f 2214/2/3 2212/2/3 2213/2/3
f 2217/10/3 2216/10/3 2215/10/3
f 2218/10/3 2216/10/3 2217/10/3
f 2223/2/3 2220/2/3 2219/2/3
f 2224/2/3 2220/2/3 2223/2/3
f 2225/2/3 2222/2/3 2221/2/3
f 2226/2/3 2222/2/3 2225/2/3
f 2229/1/3 2228/1/3 2227/1/3
f 2230/1/3 2228/1/3 2229/1/3
f 2233/10/3 2232/10/3 2231/10/3
f 2234/10/3 2232/10/3 2233/10/3
f 2237/10/3 2236/10/3 2235/10/3
f 2238/10/3 2236/10/3 2237/10/3
f 2243/1/3 2240/1/3 2239/1/3
f 2244/1/3 2240/1/3 2243/1/3
f 2245/1/3 2242/1/3 2241/1/3
f 2246/1/3 2242/1/3 2245/1/3
f 2249/10/3 2248/10/3 2247/10/3
f 2250/10/3 2248/10/3 2249/10/3
f 2253/10/3 2252/10/3 2251/10/3
f 2254/10/3 2252/10/3 2253/10/3
f 2261/10/3 2257/10/3 2256/10/3
f 2261/6/3 2258/6/3 2257/6/3
f 2262/10/3 2259/10/3 2258/10/3
f 2262/6/3 2258/6/3 2261/6/3
f 2263/10/3 2261/10/3 2256/10/3
f 2263/10/3 2262/10/3 2261/10/3
f 2264/10/3 2259/10/3 2262/10/3
f 2264/10/3 2262/10/3 2263/10/3
f 2267/10/3 2259/10/3 2264/10/3
f 2269/4/3 2266/4/3 2265/4/3
f 2270/4/3 2266/4/3 2269/4/3
f 2272/10/3 2259/10/3 2267/10/3
f 2273/4/3 2269/4/3 2268/4/3
f 2274/10/3 2270/10/3 2269/10/3
f 2274/4/3 2269/4/3 2273/4/3
f 2275/4/3 2271/4/3 2270/4/3
f 2275/10/3 2270/10/3 2274/10/3
f 2276/4/3 2271/4/3 2275/4/3
f 2277/4/3 2275/4/3 2274/4/3
f 2278/4/3 2275/4/3 2277/4/3
f 2282/4/3 2280/4/3 2279/4/3
f 2283/4/3 2280/4/3 2282/4/3
f 2285/4/3 2282/4/3 2281/4/3
f 2286/10/3 2283/10/3 2282/10/3
f 2286/4/3 2282/4/3 2285/4/3
f 2287/4/3 2284/4/3 2283/4/3
f 2287/10/3 2283/10/3 2286/10/3
f 2288/4/3 2284/4/3 2287/4/3
f 2291/4/3 2287/4/3 2286/4/3
f 2292/4/3 2287/4/3 2291/4/3
f 2294/4/3 2290/4/3 2289/4/3
f 2295/4/3 2290/4/3 2294/4/3
f 2297/4/3 2294/4/3 2293/4/3
f 2298/10/3 2295/10/3 2294/10/3
f 2298/4/3 2294/4/3 2297/4/3
f 2299/4/3 2296/4/3 2295/4/3
f 2299/10/3 2295/10/3 2298/10/3
f 2300/4/3 2296/4/3 2299/4/3
f 2301/4/3 2299/4/3 2298/4/3
f 2302/4/3 2299/4/3 2301/4/3
f 2305/10/3 2304/10/3 2303/10/3
f 2306/10/3 2304/10/3 2305/10/3
f 2309/10/3 2308/10/3 2307/10/3
f 2310/10/3 2308/10/3 2309/10/3
f 2311/10/3 2263/10/3 2256/10/3
f 2312/10/3 2259/10/3 2272/10/3
f 2313/10/3 2311/10/3 2256/10/3
f 2313/10/3 2312/10/3 2311/10/3
f 2314/10/3 2259/10/3 2312/10/3
f 2314/10/3 2312/10/3 2313/10/3
f 2315/6/3 2256/6/3 2255/6/3
f 2316/10/3 2313/10/3 2256/10/3
f 2316/6/3 2256/6/3 2315/6/3
f 2317/6/3 2314/6/3 2313/6/3
f 2317/10/3 2313/10/3 2316/10/3
f 2318/10/3 2259/10/3 2314/10/3
f 2318/6/3 2314/6/3 2317/6/3
f 2319/6/3 2260/6/3 2259/6/3
f 2319/10/3 2259/10/3 2318/10/3
f 2320/6/3 2260/6/3 2319/6/3
f 2323/3/3 2322/3/3 2321/3/3
f 2324/3/3 2322/3/3 2323/3/3
f 2325/3/3 2322/3/3 2324/3/3
f 2326/3/3 2322/3/3 2325/3/3
f 2327/3/3 2322/3/3 2326/3/3
f 2328/3/3 2322/3/3 2327/3/3
f 2329/3/3 2323/3/3 2321/3/3
f 2330/3/3 2323/3/3 2329/3/3
f 2331/3/3 2325/3/3 2324/3/3
f 2332/3/3 2325/3/3 2331/3/3
f 2333/3/3 2325/3/3 2332/3/3
f 2334/3/3 2327/3/3 2326/3/3
f 2335/3/3 2327/3/3 2334/3/3
f 2337/3/3 2329/3/3 2321/3/3
f 2340/3/3 2333/3/3 2332/3/3
f 2340/3/3 2336/3/3 2335/3/3
f 2340/3/3 2335/3/3 2334/3/3
f 2340/3/3 2334/3/3 2333/3/3
f 2341/3/3 2338/3/3 2337/3/3
f 2342/3/3 2340/3/3 2339/3/3
f 2343/3/3 2336/3/3 2340/3/3
f 2343/3/3 2340/3/3 2342/3/3
f 2344/3/3 2336/3/3 2343/3/3
f 2345/3/3 2336/3/3 2344/3/3
f 2346/3/3 2336/3/3 2345/3/3
f 2347/3/3 2336/3/3 2346/3/3
f 2348/3/3 2336/3/3 2347/3/3
f 2349/3/3 2342/3/3 2341/3/3
f 2349/3/3 2343/3/3 2342/3/3
f 2350/3/3 2343/3/3 2349/3/3
f 2351/3/3 2345/3/3 2344/3/3
f 2352/3/3 2345/3/3 2351/3/3
f 2353/3/3 2345/3/3 2352/3/3
f 2354/3/3 2347/3/3 2346/3/3
f 2355/3/3 2347/3/3 2354/3/3
f 2356/3/3 2336/3/3 2348/3/3
f 2357/3/3 2349/3/3 2341/3/3
f 2360/3/3 2355/3/3 2354/3/3
f 2360/3/3 2353/3/3 2352/3/3
f 2360/3/3 2356/3/3 2355/3/3
f 2360/3/3 2354/3/3 2353/3/3
f 2361/3/3 2341/3/3 2337/3/3
f 2361/3/3 2358/3/3 2357/3/3
f 2361/3/3 2357/3/3 2341/3/3
f 2362/3/3 2358/3/3 2361/3/3
f 2363/3/3 2358/3/3 2362/3/3
f 2364/3/3 2360/3/3 2359/3/3
f 2365/3/3 2337/3/3 2321/3/3
f 2365/3/3 2361/3/3 2337/3/3
f 2366/3/3 2361/3/3 2365/3/3
f 2367/3/3 2363/3/3 2362/3/3
f 2367/3/3 2364/3/3 2363/3/3
f 2368/3/3 2364/3/3 2367/3/3
f 2369/3/3 2365/3/3 2321/3/3
f 2372/3/3 2364/3/3 2368/3/3
f 2373/3/3 2370/3/3 2369/3/3
f 2374/3/3 2372/3/3 2371/3/3
f 2375/3/3 2356/3/3 2360/3/3
f 2375/3/3 2374/3/3 2373/3/3
f 2375/3/3 2372/3/3 2374/3/3
f 2375/3/3 2360/3/3 2364/3/3
f 2375/3/3 2364/3/3 2372/3/3
f 2376/3/3 2356/3/3 2375/3/3
f 2377/3/3 2375/3/3 2373/3/3
f 2378/10/3 2376/10/3 2375/10/3
f 2378/3/3 2375/3/3 2377/3/3
f 2379/3/3 2356/3/3 2376/3/3
f 2379/10/3 2376/10/3 2378/10/3
f 2380/3/3 2356/3/3 2379/3/3
f 2381/3/3 2377/3/3 2373/3/3
f 2382/10/3 2378/10/3 2377/10/3
f 2382/3/3 2377/3/3 2381/3/3
f 2383/10/3 2378/10/3 2382/10/3
f 2384/10/3 2380/10/3 2379/10/3
f 2385/3/3 2356/3/3 2380/3/3
f 2385/10/3 2380/10/3 2384/10/3
f 2386/3/3 2356/3/3 2385/3/3
f 2387/3/3 2381/3/3 2373/3/3
f 2388/10/3 2382/10/3 2381/10/3
f 2388/3/3 2381/3/3 2387/3/3
f 2389/10/3 2382/10/3 2388/10/3
f 2390/10/3 2386/10/3 2385/10/3
f 2391/3/3 2356/3/3 2386/3/3
f 2391/10/3 2386/10/3 2390/10/3
f 2392/3/3 2356/3/3 2391/3/3
f 2393/3/3 2387/3/3 2373/3/3
f 2394/10/3 2388/10/3 2387/10/3
f 2394/3/3 2387/3/3 2393/3/3
f 2395/10/3 2388/10/3 2394/10/3
f 2396/10/3 2392/10/3 2391/10/3
f 2397/3/3 2356/3/3 2392/3/3
f 2397/10/3 2392/10/3 2396/10/3
f 2398/3/3 2356/3/3 2397/3/3
f 2399/3/3 2373/3/3 2369/3/3
f 2399/3/3 2369/3/3 2321/3/3
f 2399/3/3 2393/3/3 2373/3/3
f 2400/3/3 2393/3/3 2399/3/3
f 2401/10/3 2394/10/3 2393/10/3
f 2401/3/3 2393/3/3 2400/3/3
f 2402/10/3 2394/10/3 2401/10/3
f 2405/10/3 2398/10/3 2397/10/3
f 2406/3/3 2356/3/3 2398/3/3
f 2406/10/3 2398/10/3 2405/10/3
f 2407/3/3 2399/3/3 2321/3/3
f 2408/3/3 2401/3/3 2400/3/3
f 2408/3/3 2402/3/3 2401/3/3
f 2409/10/3 2403/10/3 2402/10/3
f 2409/3/3 2402/3/3 2408/3/3
f 2410/10/3 2403/10/3 2409/10/3
f 2413/10/3 2405/10/3 2404/10/3
f 2414/3/3 2406/3/3 2405/3/3
f 2414/10/3 2405/10/3 2413/10/3
f 2415/10/3 2411/10/3 2410/10/3
f 2415/3/3 2408/3/3 2407/3/3
f 2415/3/3 2409/3/3 2408/3/3
f 2415/3/3 2410/3/3 2409/3/3
f 2416/10/3 2411/10/3 2415/10/3
f 2419/10/3 2413/10/3 2412/10/3
f 2420/3/3 2414/3/3 2413/3/3
f 2420/10/3 2413/10/3 2419/10/3
f 2421/10/3 2417/10/3 2416/10/3
f 2421/3/3 2416/3/3 2415/3/3
f 2422/10/3 2417/10/3 2421/10/3
f 2423/10/3 2419/10/3 2418/10/3
f 2424/3/3 2420/3/3 2419/3/3
f 2424/10/3 2419/10/3 2423/10/3
f 2425/3/3 2422/3/3 2421/3/3
f 2425/10/3 2423/10/3 2422/10/3
f 2426/3/3 2424/3/3 2423/3/3
f 2426/10/3 2423/10/3 2425/10/3
f 2427/3/3 2407/3/3 2321/3/3
f 2427/3/3 2415/3/3 2407/3/3
f 2427/3/3 2426/3/3 2425/3/3
f 2427/3/3 2425/3/3 2421/3/3
f 2427/3/3 2421/3/3 2415/3/3
f 2428/3/3 2426/3/3 2427/3/3
f 2429/3/3 2427/3/3 2321/3/3
f 2430/3/3 2426/3/3 2428/3/3
f 2431/3/3 2429/3/3 2321/3/3
f 2431/3/3 2430/3/3 2429/3/3
f 2432/3/3 2406/3/3 2414/3/3
f 2432/3/3 2430/3/3 2431/3/3
f 2432/3/3 2336/3/3 2356/3/3
f 2432/3/3 2420/3/3 2424/3/3
f 2432/3/3 2426/3/3 2430/3/3
f 2432/3/3 2356/3/3 2406/3/3
f 2432/3/3 2424/3/3 2426/3/3
f 2432/3/3 2414/3/3 2420/3/3
f 2436/10/3 2434/10/3 2433/10/3
f 2437/10/3 2434/10/3 2436/10/3
f 2440/10/3 2436/10/3 2435/10/3
f 2441/10/3 2436/10/3 2440/10/3
f 2442/10/3 2438/10/3 2437/10/3
f 2443/10/3 2438/10/3 2442/10/3
f 2446/10/3 2440/10/3 2439/10/3
f 2447/10/3 2440/10/3 2446/10/3
f 2448/10/3 2444/10/3 2443/10/3
f 2449/10/3 2444/10/3 2448/10/3
f 2451/10/3 2446/10/3 2445/10/3
f 2452/10/3 2446/10/3 2451/10/3
f 2455/10/3 2450/10/3 2449/10/3
f 2456/10/3 2450/10/3 2455/10/3
f 2457/10/3 2453/10/3 2452/10/3
f 2458/10/3 2453/10/3 2457/10/3
f 2461/10/3 2455/10/3 2454/10/3
f 2462/10/3 2455/10/3 2461/10/3
f 2463/10/3 2459/10/3 2458/10/3
f 2464/10/3 2459/10/3 2463/10/3
f 2465/10/3 2461/10/3 2460/10/3
f 2466/10/3 2461/10/3 2465/10/3
f 2467/10/3 2465/10/3 2464/10/3
f 2468/10/3 2465/10/3 2467/10/3
f 2471/10/3 2470/10/3 2469/10/3
f 2472/10/3 2470/10/3 2471/10/3
f 2476/10/3 2474/10/3 2473/10/3
f 2478/10/3 2476/10/3 2475/10/3
f 2480/10/3 2478/10/3 2477/10/3
f 2481/10/3 2474/10/3 2476/10/3
f 2481/10/3 2480/10/3 2479/10/3
f 2481/10/3 2478/10/3 2480/10/3
f 2481/10/3 2476/10/3 2478/10/3
f 2482/10/3 2474/10/3 2481/10/3
f 2483/10/3 2481/10/3 2479/10/3
f 2484/10/3 2481/10/3 2483/10/3
f 2487/10/3 2483/10/3 2479/10/3
f 2490/10/3 2486/10/3 2485/10/3
f 2491/10/3 2486/10/3 2490/10/3
f 2493/10/3 2488/10/3 2487/10/3
f 2496/10/3 2490/10/3 2489/10/3
f 2497/10/3 2490/10/3 2496/10/3
f 2498/10/3 2492/10/3 2491/10/3
f 2499/10/3 2492/10/3 2498/10/3
f 2501/10/3 2487/10/3 2479/10/3
f 2501/10/3 2494/10/3 2493/10/3
f 2501/10/3 2493/10/3 2487/10/3
f 2502/10/3 2494/10/3 2501/10/3
f 2503/10/3 2494/10/3 2502/10/3
f 2504/10/3 2494/10/3 2503/10/3
f 2505/10/3 2494/10/3 2504/10/3
f 2506/10/3 2494/10/3 2505/10/3
f 2507/10/3 2494/10/3 2506/10/3
f 2508/10/3 2494/10/3 2507/10/3
f 2509/10/3 2496/10/3 2495/10/3
f 2510/10/3 2496/10/3 2509/10/3
f 2513/10/3 2500/10/3 2499/10/3
f 2514/10/3 2500/10/3 2513/10/3
f 2515/10/3 2511/10/3 2510/10/3
f 2516/10/3 2511/10/3 2515/10/3
f 2517/10/3 2513/10/3 2512/10/3
f 2518/10/3 2513/10/3 2517/10/3
f 2519/10/3 2517/10/3 2516/10/3
f 2520/10/3 2517/10/3 2519/10/3
f 2527/4/3 2522/4/3 2521/4/3
f 2528/4/3 2522/4/3 2527/4/3
f 2529/2/3 2526/2/3 2525/2/3
f 2530/2/3 2524/2/3 2523/2/3
f 2533/2/3 2529/2/3 2525/2/3
f 2534/2/3 2531/2/3 2530/2/3
f 2534/2/3 2530/2/3 2523/2/3
f 2535/2/3 2531/2/3 2534/2/3
f 2536/2/3 2531/2/3 2535/2/3
f 2537/2/3 2533/2/3 2532/2/3
f 2538/2/3 2529/2/3 2533/2/3
f 2538/2/3 2533/2/3 2537/2/3
f 2539/2/3 2529/2/3 2538/2/3
f 2540/2/3 2536/2/3 2535/2/3
f 2540/2/3 2537/2/3 2536/2/3
f 2540/2/3 2538/2/3 2537/2/3
f 2541/2/3 2538/2/3 2540/2/3
f 2544/10/3 2543/10/3 2542/10/3
f 2545/10/3 2543/10/3 2544/10/3
f 2549/10/3 2547/10/3 2546/10/3
f 2550/10/3 2547/10/3 2549/10/3
f 2552/10/3 2549/10/3 2548/10/3
f 2552/10/3 2551/10/3 2550/10/3
f 2552/10/3 2550/10/3 2549/10/3
f 2553/10/3 2551/10/3 2552/10/3
f 2554/10/3 2551/10/3 2553/10/3
f 2555/10/3 2551/10/3 2554/10/3
f 2556/10/3 2554/10/3 2553/10/3
f 2557/10/3 2554/10/3 2556/10/3
f 2560/4/3 2559/4/3 2558/4/3
f 2561/4/3 2559/4/3 2560/4/3
f 2564/4/3 2563/4/3 2562/4/3
f 2565/4/3 2563/4/3 2564/4/3
f 2570/4/3 2567/4/3 2566/4/3
f 2571/4/3 2567/4/3 2570/4/3
f 2572/4/3 2569/4/3 2568/4/3
f 2573/4/3 2569/4/3 2572/4/3
f 2576/10/3 2575/10/3 2574/10/3
f 2577/10/3 2575/10/3 2576/10/3
f 2580/4/3 2579/4/3 2578/4/3
f 2581/4/3 2579/4/3 2580/4/3
f 2584/4/3 2583/4/3 2582/4/3
f 2585/4/3 2583/4/3 2584/4/3
f 2588/4/3 2587/4/3 2586/4/3
f 2589/4/3 2587/4/3 2588/4/3
f 2592/4/3 2591/4/3 2590/4/3
f 2593/4/3 2591/4/3 2592/4/3
f 2596/10/3 2595/10/3 2594/10/3
f 2597/10/3 2595/10/3 2596/10/3
f 2604/4/3 2599/4/3 2598/4/3
f 2605/4/3 2599/4/3 2604/4/3
f 2606/1/3 2601/1/3 2600/1/3
f 2609/1/3 2603/1/3 2602/1/3
f 2610/1/3 2607/1/3 2606/1/3
f 2610/1/3 2606/1/3 2600/1/3
f 2611/1/3 2607/1/3 2610/1/3
f 2612/1/3 2607/1/3 2611/1/3
f 2613/1/3 2609/1/3 2608/1/3
f 2614/1/3 2603/1/3 2609/1/3
f 2614/1/3 2609/1/3 2613/1/3
f 2615/1/3 2603/1/3 2614/1/3
f 2616/1/3 2612/1/3 2611/1/3
f 2616/1/3 2613/1/3 2612/1/3
f 2616/1/3 2614/1/3 2613/1/3
f 2617/1/3 2614/1/3 2616/1/3
f 2622/4/3 2619/4/3 2618/4/3
f 2623/4/3 2619/4/3 2622/4/3
f 2624/4/3 2621/4/3 2620/4/3
f 2625/4/3 2621/4/3 2624/4/3
f 2628/4/3 2627/4/3 2626/4/3
f 2629/4/3 2627/4/3 2628/4/3
f 2632/4/3 2631/4/3 2630/4/3
f 2633/4/3 2631/4/3 2632/4/3
f 2636/4/3 2635/4/3 2634/4/3
f 2637/4/3 2635/4/3 2636/4/3
f 2640/4/3 2639/4/3 2638/4/3
f 2641/4/3 2639/4/3 2640/4/3
f 2646/4/3 2643/4/3 2642/4/3
f 2647/4/3 2643/4/3 2646/4/3
f 2648/4/3 2645/4/3 2644/4/3
f 2649/4/3 2645/4/3 2648/4/3
f 2652/8/3 2651/8/3 2650/8/3
f 2653/8/3 2651/8/3 2652/8/3
f 2657/7/3 2655/7/3 2654/7/3
f 2658/7/3 2655/7/3 2657/7/3
f 2660/8/3 2657/8/3 2656/8/3
f 2661/8/3 2657/8/3 2660/8/3
f 2662/8/3 2659/8/3 2658/8/3
f 2663/8/3 2659/8/3 2662/8/3
f 2666/10/3 2665/10/3 2664/10/3
f 2667/10/3 2665/10/3 2666/10/3
f 2671/4/3 2669/4/3 2668/4/3
f 2672/4/3 2669/4/3 2671/4/3
f 2675/7/3 2671/7/3 2670/7/3
f 2676/7/3 2671/7/3 2675/7/3
f 2677/7/3 2673/7/3 2672/7/3
f 2678/7/3 2673/7/3 2677/7/3
f 2680/8/3 2675/8/3 2674/8/3
f 2681/8/3 2675/8/3 2680/8/3
f 2682/8/3 2679/8/3 2678/8/3
f 2683/8/3 2679/8/3 2682/8/3
f 2686/10/3 2685/10/3 2684/10/3
f 2687/10/3 2685/10/3 2686/10/3
f 2690/10/3 2689/10/3 2688/10/3
f 2691/10/3 2689/10/3 2690/10/3
f 2694/10/3 2693/10/3 2692/10/3
f 2695/10/3 2693/10/3 2694/10/3
f 2696/10/3 2693/10/3 2695/10/3
f 2697/10/3 2693/10/3 2696/10/3
f 2702/3/3 2699/3/3 2698/3/3
f 2703/3/3 2699/3/3 2702/3/3
f 2704/3/3 2701/3/3 2700/3/3
f 2705/3/3 2701/3/3 2704/3/3
f 2709/4/3 2707/4/3 2706/4/3
f 2710/4/3 2707/4/3 2709/4/3
f 2714/4/3 2709/4/3 2708/4/3
f 2715/4/3 2709/4/3 2714/4/3
f 2716/4/3 2711/4/3 2710/4/3
f 2717/4/3 2711/4/3 2716/4/3
f 2721/7/3 2713/7/3 2712/7/3
f 2722/7/3 2713/7/3 2721/7/3
f 2723/7/3 2719/7/3 2718/7/3
f 2724/7/3 2719/7/3 2723/7/3
f 2726/8/3 2721/8/3 2720/8/3
f 2727/8/3 2721/8/3 2726/8/3
f 2728/8/3 2725/8/3 2724/8/3
f 2729/8/3 2725/8/3 2728/8/3
f 2732/10/3 2731/10/3 2730/10/3
f 2733/10/3 2731/10/3 2732/10/3
f 2736/3/3 2735/3/3 2734/3/3
f 2737/3/3 2735/3/3 2736/3/3
f 2742/5/3 2739/5/3 2738/5/3
f 2743/5/3 2739/5/3 2742/5/3
f 2747/4/3 2741/4/3 2740/4/3
f 2748/4/3 2741/4/3 2747/4/3
f 2749/4/3 2745/4/3 2744/4/3
f 2750/4/3 2745/4/3 2749/4/3
f 2752/4/3 2747/4/3 2746/4/3
f 2753/4/3 2747/4/3 2752/4/3
f 2754/4/3 2751/4/3 2750/4/3
f 2755/4/3 2751/4/3 2754/4/3
f 2758/10/3 2757/10/3 2756/10/3
f 2759/10/3 2757/10/3 2758/10/3
f 2762/10/3 2761/10/3 2760/10/3
f 2763/10/3 2761/10/3 2762/10/3
f 2767/6/3 2765/6/3 2764/6/3
f 2768/6/3 2765/6/3 2767/6/3
f 2772/5/3 2767/5/3 2766/5/3
f 2773/5/3 2767/5/3 2772/5/3
f 2774/5/3 2769/5/3 2768/5/3
f 2775/5/3 2769/5/3 2774/5/3
f 2779/4/3 2771/4/3 2770/4/3
f 2780/4/3 2771/4/3 2779/4/3
f 2781/4/3 2777/4/3 2776/4/3
f 2782/4/3 2777/4/3 2781/4/3
f 2785/4/3 2779/4/3 2778/4/3
f 2786/4/3 2779/4/3 2785/4/3
f 2787/4/3 2783/4/3 2782/4/3
f 2788/4/3 2783/4/3 2787/4/3
f 2791/7/3 2785/7/3 2784/7/3
f 2792/7/3 2785/7/3 2791/7/3
f 2793/7/3 2789/7/3 2788/7/3
f 2794/7/3 2789/7/3 2793/7/3
f 2796/8/3 2791/8/3 2790/8/3
f 2797/8/3 2791/8/3 2796/8/3
f 2798/8/3 2795/8/3 2794/8/3
f 2799/8/3 2795/8/3 2798/8/3
f 2806/10/3 2801/10/3 2800/10/3
f 2807/10/3 2801/10/3 2806/10/3
f 2809/6/3 2803/6/3 2802/6/3
f 2810/6/3 2803/6/3 2809/6/3
f 2811/6/3 2805/6/3 2804/6/3
f 2812/6/3 2805/6/3 2811/6/3
f 2814/5/3 2809/5/3 2808/5/3
f 2815/5/3 2809/5/3 2814/5/3
f 2816/5/3 2813/5/3 2812/5/3
f 2817/5/3 2813/5/3 2816/5/3
f 2820/10/3 2819/10/3 2818/10/3
f 2821/10/3 2819/10/3 2820/10/3
f 2824/10/3 2823/10/3 2822/10/3
f 2825/10/3 2823/10/3 2824/10/3
f 2828/3/3 2827/3/3 2826/3/3
f 2829/3/3 2827/3/3 2828/3/3
f 2832/3/3 2831/3/3 2830/3/3
f 2833/3/3 2831/3/3 2832/3/3
f 2838/9/3 2835/9/3 2834/9/3
f 2839/9/3 2835/9/3 2838/9/3
f 2841/10/3 2837/10/3 2836/10/3
f 2842/10/3 2837/10/3 2841/10/3
f 2843/9/3 2840/9/3 2839/9/3
f 2844/9/3 2840/9/3 2843/9/3
f 2849/10/3 2846/10/3 2845/10/3
f 2850/10/3 2846/10/3 2849/10/3
f 2853/10/3 2848/10/3 2847/10/3
f 2854/10/3 2848/10/3 2853/10/3
f 2855/10/3 2851/10/3 2850/10/3
f 2856/10/3 2851/10/3 2855/10/3
f 2859/10/3 2853/10/3 2852/10/3
f 2860/10/3 2853/10/3 2859/10/3
f 2863/10/3 2857/10/3 2856/10/3
f 2864/10/3 2857/10/3 2863/10/3
f 2865/10/3 2859/10/3 2858/10/3
f 2866/10/3 2859/10/3 2865/10/3
f 2869/3/3 2862/3/3 2861/3/3
f 2870/3/3 2862/3/3 2869/3/3
f 2871/3/3 2868/3/3 2867/3/3
f 2872/3/3 2868/3/3 2871/3/3
f 2877/3/3 2874/3/3 2873/3/3
f 2878/3/3 2874/3/3 2877/3/3
f 2879/3/3 2876/3/3 2875/3/3
f 2880/3/3 2876/3/3 2879/3/3
f 2886/10/3 2882/10/3 2881/10/3
f 2887/10/3 2882/10/3 2886/10/3
f 2888/3/3 2884/3/3 2883/3/3
f 2889/10/3 2885/10/3 2884/10/3
f 2889/3/3 2884/3/3 2888/3/3
f 2890/10/3 2885/10/3 2889/10/3
f 2891/10/3 2888/10/3 2887/10/3
f 2892/10/3 2888/10/3 2891/10/3
f 2894/10/3 2893/10/3 2892/10/3
f 2895/10/3 2893/10/3 2894/10/3
f 2899/10/3 2897/10/3 2896/10/3
f 2900/10/3 2897/10/3 2899/10/3
f 2902/10/3 2899/10/3 2898/10/3
f 2903/10/3 2899/10/3 2902/10/3
f 2906/10/3 2902/10/3 2901/10/3
f 2907/10/3 2902/10/3 2906/10/3
f 2908/3/3 2904/3/3 2903/3/3
f 2908/3/3 2905/3/3 2904/3/3
f 2909/3/3 2905/3/3 2908/3/3
f 2914/3/3 2911/3/3 2910/3/3
f 2916/3/3 2914/3/3 2910/3/3
f 2916/3/3 2915/3/3 2914/3/3
f 2917/3/3 2915/3/3 2916/3/3
f 2918/3/3 2913/3/3 2912/3/3
f 2919/3/3 2913/3/3 2918/3/3
f 2920/3/3 2916/3/3 2910/3/3
f 2921/3/3 2916/3/3 2920/3/3
f 2929/3/3 2923/3/3 2922/3/3
f 2930/3/3 2923/3/3 2929/3/3
f 2931/3/3 2925/3/3 2924/3/3
f 2932/3/3 2925/3/3 2931/3/3
f 2933/3/3 2927/3/3 2926/3/3
f 2934/3/3 2927/3/3 2933/3/3
f 2935/3/3 2929/3/3 2928/3/3
f 2936/3/3 2929/3/3 2935/3/3
f 2937/3/3 2933/3/3 2932/3/3
f 2938/3/3 2933/3/3 2937/3/3
f 2942/9/3 2940/9/3 2939/9/3
f 2943/9/3 2940/9/3 2942/9/3
f 2945/9/3 2944/9/3 2943/9/3
f 2946/9/3 2944/9/3 2945/9/3
f 2948/9/3 2942/9/3 2941/9/3
f 2949/9/3 2942/9/3 2948/9/3
f 2950/9/3 2948/9/3 2947/9/3
f 2951/9/3 2948/9/3 2950/9/3
f 2953/9/3 2950/9/3 2947/9/3
f 2954/9/3 2950/9/3 2953/9/3
f 2957/9/3 2953/9/3 2952/9/3
f 2958/9/3 2953/9/3 2957/9/3
f 2959/9/3 2956/9/3 2955/9/3
f 2960/9/3 2956/9/3 2959/9/3
f 2965/10/3 2962/10/3 2961/10/3
f 2966/10/3 2962/10/3 2965/10/3
f 2969/10/3 2964/10/3 2963/10/3
f 2970/10/3 2964/10/3 2969/10/3
f 2971/10/3 2967/10/3 2966/10/3
f 2972/10/3 2967/10/3 2971/10/3
f 2973/10/3 2969/10/3 2968/10/3
f 2974/10/3 2969/10/3 2973/10/3
f 2975/10/3 2973/10/3 2972/10/3
f 2976/10/3 2973/10/3 2975/10/3
f 2979/3/3 2978/3/3 2977/3/3
f 2980/3/3 2978/3/3 2979/3/3
f 2985/3/3 2982/3/3 2981/3/3
f 2986/3/3 2982/3/3 2985/3/3
f 2987/3/3 2984/3/3 2983/3/3
f 2988/3/3 2984/3/3 2987/3/3
f 2994/10/3 2990/10/3 2989/10/3
f 2995/10/3 2990/10/3 2994/10/3
f 2996/3/3 2992/3/3 2991/3/3
f 2997/10/3 2993/10/3 2992/10/3
f 2997/3/3 2992/3/3 2996/3/3
f 2998/10/3 2993/10/3 2997/10/3
f 2999/10/3 2996/10/3 2995/10/3
f 3000/10/3 2996/10/3 2999/10/3
f 3003/10/3 3001/10/3 3000/10/3
f 3004/10/3 3001/10/3 3003/10/3
f 3006/10/3 3003/10/3 3002/10/3
f 3007/10/3 3003/10/3 3006/10/3
f 3010/10/3 3006/10/3 3005/10/3
f 3011/10/3 3006/10/3 3010/10/3
f 3012/3/3 3008/3/3 3007/3/3
f 3012/3/3 3009/3/3 3008/3/3
f 3013/3/3 3009/3/3 3012/3/3
f 3018/3/3 3015/3/3 3014/3/3
f 3019/3/3 3015/3/3 3018/3/3
f 3020/3/3 3017/3/3 3016/3/3
f 3021/3/3 3017/3/3 3020/3/3
f 3027/3/3 3023/3/3 3022/3/3
f 3028/3/3 3023/3/3 3027/3/3
f 3029/3/3 3025/3/3 3024/3/3
f 3030/3/3 3025/3/3 3029/3/3
f 3031/3/3 3027/3/3 3026/3/3
f 3032/3/3 3027/3/3 3031/3/3
f 3033/3/3 3029/3/3 3028/3/3
f 3034/3/3 3029/3/3 3033/3/3
f 3037/9/3 3036/9/3 3035/9/3
f 3040/9/3 3037/9/3 3035/9/3
f 3040/9/3 3038/9/3 3037/9/3
f 3041/9/3 3038/9/3 3040/9/3
f 3044/9/3 3040/9/3 3039/9/3
f 3045/9/3 3040/9/3 3044/9/3
f 3046/9/3 3044/9/3 3043/9/3
f 3047/9/3 3044/9/3 3046/9/3
f 3048/9/3 3042/9/3 3041/9/3
f 3049/9/3 3042/9/3 3048/9/3
f 3054/10/3 3051/10/3 3050/10/3
f 3055/10/3 3051/10/3 3054/10/3
f 3056/10/3 3053/10/3 3052/10/3
f 3057/10/3 3053/10/3 3056/10/3
f 3058/10/3 3056/10/3 3055/10/3
f 3059/10/3 3056/10/3 3058/10/3
f 3064/3/3 3061/3/3 3060/3/3
f 3065/3/3 3061/3/3 3064/3/3
f 3066/3/3 3063/3/3 3062/3/3
f 3067/3/3 3063/3/3 3066/3/3
f 3072/3/3 3069/3/3 3068/3/3
f 3073/3/3 3069/3/3 3072/3/3
f 3074/3/3 3071/3/3 3070/3/3
f 3075/3/3 3071/3/3 3074/3/3
f 3081/10/3 3077/10/3 3076/10/3
f 3082/10/3 3077/10/3 3081/10/3
f 3083/3/3 3079/3/3 3078/3/3
f 3084/10/3 3080/10/3 3079/10/3
f 3084/3/3 3079/3/3 3083/3/3
f 3085/10/3 3080/10/3 3084/10/3
f 3087/10/3 3083/10/3 3082/10/3
f 3088/10/3 3083/10/3 3087/10/3
f 3091/10/3 3087/10/3 3086/10/3
f 3092/10/3 3087/10/3 3091/10/3
f 3093/3/3 3090/3/3 3089/3/3
f 3093/3/3 3089/3/3 3088/3/3
f 3094/3/3 3090/3/3 3093/3/3
f 3101/3/3 3100/3/3 3099/3/3
f 3102/3/3 3098/3/3 3097/3/3
f 3103/3/3 3101/3/3 3099/3/3
f 3103/3/3 3102/3/3 3101/3/3
f 3104/3/3 3098/3/3 3102/3/3
f 3104/3/3 3102/3/3 3103/3/3
f 3105/3/3 3096/3/3 3095/3/3
f 3106/3/3 3096/3/3 3105/3/3
f 3107/3/3 3098/3/3 3104/3/3
f 3108/3/3 3098/3/3 3107/3/3
f 3113/3/3 3110/3/3 3109/3/3
f 3114/3/3 3110/3/3 3113/3/3
f 3115/3/3 3112/3/3 3111/3/3
f 3116/3/3 3112/3/3 3115/3/3
f 3117/3/3 3115/3/3 3114/3/3
f 3118/3/3 3115/3/3 3117/3/3
f 3122/9/3 3120/9/3 3119/9/3
f 3124/9/3 3122/9/3 3121/9/3
f 3125/9/3 3120/9/3 3122/9/3
f 3125/9/3 3122/9/3 3124/9/3
f 3127/9/3 3126/9/3 3125/9/3
f 3129/9/3 3124/9/3 3123/9/3
f 3130/9/3 3124/9/3 3129/9/3
f 3131/9/3 3128/9/3 3127/9/3
f 3131/9/3 3127/9/3 3125/9/3
f 3132/9/3 3128/9/3 3131/9/3
f 3135/10/3 3134/10/3 3133/10/3
f 3136/10/3 3134/10/3 3135/10/3
f 3141/3/3 3138/3/3 3137/3/3
f 3142/3/3 3138/3/3 3141/3/3
f 3143/3/3 3140/3/3 3139/3/3
f 3144/3/3 3140/3/3 3143/3/3
f 3147/3/3 3146/3/3 3145/3/3
f 3148/3/3 3146/3/3 3147/3/3
f 3154/3/3 3152/3/3 3151/3/3
f 3154/3/3 3153/3/3 3152/3/3
f 3155/10/3 3150/10/3 3149/10/3
f 3156/10/3 3150/10/3 3155/10/3
f 3157/3/3 3154/3/3 3151/3/3
f 3158/3/3 3154/3/3 3157/3/3
f 3161/3/3 3160/3/3 3159/3/3
f 3162/3/3 3160/3/3 3161/3/3
f 3165/3/3 3160/3/3 3162/3/3
f 3166/3/3 3160/3/3 3165/3/3
f 3167/1/3 3164/1/3 3163/1/3
f 3168/1/3 3164/1/3 3167/1/3
f 3169/3/3 3161/3/3 3159/3/3
f 3173/3/3 3170/3/3 3169/3/3
f 3173/3/3 3169/3/3 3159/3/3
f 3174/3/3 3170/3/3 3173/3/3
f 3175/2/3 3172/2/3 3171/2/3
f 3176/2/3 3172/2/3 3175/2/3
f 3179/3/3 3178/3/3 3177/3/3
f 3180/3/3 3178/3/3 3179/3/3
f 3183/9/3 3182/9/3 3181/9/3
f 3184/9/3 3182/9/3 3183/9/3
f 3187/1/3 3186/1/3 3185/1/3
f 3188/1/3 3186/1/3 3187/1/3
f 3191/2/3 3190/2/3 3189/2/3
f 3192/2/3 3190/2/3 3191/2/3
f 3195/4/3 3194/4/3 3193/4/3
f 3196/4/3 3194/4/3 3195/4/3
f 3201/4/3 3198/4/3 3197/4/3
f 3202/4/3 3198/4/3 3201/4/3
f 3203/4/3 3200/4/3 3199/4/3
f 3204/4/3 3200/4/3 3203/4/3
f 3207/4/3 3206/4/3 3205/4/3
f 3208/4/3 3206/4/3 3207/4/3
f 3213/4/3 3210/4/3 3209/4/3
f 3214/4/3 3210/4/3 3213/4/3
f 3215/4/3 3212/4/3 3211/4/3
f 3216/4/3 3212/4/3 3215/4/3
f 3219/10/3 3218/10/3 3217/10/3
f 3220/10/3 3218/10/3 3219/10/3
f 3224/1/3 3222/1/3 3221/1/3
f 3225/1/3 3222/1/3 3224/1/3
f 3226/1/3 3222/1/3 3225/1/3
f 3227/1/3 3222/1/3 3226/1/3
f 3229/1/3 3224/1/3 3223/1/3
f 3229/1/3 3225/1/3 3224/1/3
f 3230/1/3 3225/1/3 3229/1/3
f 3231/1/3 3228/1/3 3227/1/3
f 3231/1/3 3227/1/3 3226/1/3
f 3232/1/3 3228/1/3 3231/1/3
f 3233/1/3 3229/1/3 3223/1/3
f 3234/1/3 3229/1/3 3233/1/3
f 3235/1/3 3228/1/3 3232/1/3
f 3236/1/3 3228/1/3 3235/1/3
f 3239/10/3 3238/10/3 3237/10/3
f 3240/10/3 3238/10/3 3239/10/3
f 3243/4/3 3242/4/3 3241/4/3
f 3244/4/3 3242/4/3 3243/4/3
f 3247/1/3 3246/1/3 3245/1/3
f 3248/1/3 3246/1/3 3247/1/3
f 3253/4/3 3250/4/3 3249/4/3
f 3254/4/3 3250/4/3 3253/4/3
f 3255/4/3 3252/4/3 3251/4/3
f 3256/4/3 3252/4/3 3255/4/3
f 3259/1/3 3258/1/3 3257/1/3
f 3260/1/3 3258/1/3 3259/1/3
f 3264/2/3 3262/2/3 3261/2/3
f 3265/2/3 3262/2/3 3264/2/3
f 3266/2/3 3262/2/3 3265/2/3
f 3267/2/3 3262/2/3 3266/2/3
f 3269/2/3 3264/2/3 3263/2/3
f 3269/2/3 3265/2/3 3264/2/3
f 3270/2/3 3265/2/3 3269/2/3
f 3271/2/3 3268/2/3 3267/2/3
f 3271/2/3 3267/2/3 3266/2/3
f 3272/2/3 3268/2/3 3271/2/3
f 3273/2/3 3268/2/3 3272/2/3
f 3274/2/3 3269/2/3 3263/2/3
f 3275/2/3 3269/2/3 3274/2/3
f 3276/2/3 3273/2/3 3272/2/3
f 3277/2/3 3273/2/3 3276/2/3
f 3280/2/3 3279/2/3 3278/2/3
f 3281/2/3 3279/2/3 3280/2/3
f 3284/2/3 3283/2/3 3282/2/3
f 3285/2/3 3283/2/3 3284/2/3
f 3288/10/3 3287/10/3 3286/10/3
f 3289/10/3 3287/10/3 3288/10/3
f 3292/10/3 3291/10/3 3290/10/3
f 3293/10/3 3291/10/3 3292/10/3
f 3296/10/3 3295/10/3 3294/10/3
f 3297/10/3 3295/10/3 3296/10/3
f 3300/10/3 3299/10/3 3298/10/3
f 3301/10/3 3299/10/3 3300/10/3
f 3304/10/3 3303/10/3 3302/10/3
f 3305/10/3 3303/10/3 3304/10/3
f 3308/10/3 3307/10/3 3306/10/3
f 3309/10/3 3307/10/3 3308/10/3
f 3314/1/3 3311/1/3 3310/1/3
f 3315/1/3 3311/1/3 3314/1/3
f 3316/1/3 3313/1/3 3312/1/3
f 3317/1/3 3313/1/3 3316/1/3
f 3320/10/3 3319/10/3 3318/10/3
f 3321/10/3 3319/10/3 3320/10/3
f 3324/1/3 3323/1/3 3322/1/3
f 3325/1/3 3323/1/3 3324/1/3
f 3330/2/3 3327/2/3 3326/2/3
f 3331/2/3 3327/2/3 3330/2/3
f 3332/2/3 3329/2/3 3328/2/3
f 3333/2/3 3329/2/3 3332/2/3
f 3336/2/3 3335/2/3 3334/2/3
f 3337/2/3 3335/2/3 3336/2/3
f 3338/2/4 3339/2/4 3340/2/4
f 3340/2/4 3339/2/4 3341/2/4
f 3342/2/4 3343/2/4 3346/2/4
f 3346/2/4 3343/2/4 3347/2/4
f 3344/2/4 3345/2/4 3348/2/4
f 3348/2/4 3345/2/4 3349/2/4
f 3350/1/4 3351/1/4 3352/1/4
f 3352/1/4 3351/1/4 3353/1/4
f 3354/10/4 3355/10/4 3356/10/4
f 3356/10/4 3355/10/4 3357/10/4
f 3358/1/4 3359/1/4 3362/1/4
f 3362/1/4 3359/1/4 3363/1/4
f 3360/1/4 3361/1/4 3364/1/4
f 3364/1/4 3361/1/4 3365/1/4
f 3366/10/4 3367/10/4 3368/10/4
f 3368/10/4 3367/10/4 3369/10/4
f 3370/10/4 3371/10/4 3372/10/4
f 3372/10/4 3371/10/4 3373/10/4
f 3374/10/4 3375/10/4 3376/10/4
f 3376/10/4 3375/10/4 3377/10/4
f 3378/10/4 3379/10/4 3380/10/4
f 3380/10/4 3379/10/4 3381/10/4
f 3382/10/4 3383/10/4 3384/10/4
f 3384/10/4 3383/10/4 3385/10/4
f 3388/2/4 3389/2/4 3390/2/4
f 3386/2/4 3387/2/4 3391/2/4
f 3388/2/4 3390/2/4 3394/2/4
f 3391/2/4 3392/2/4 3395/2/4
f 3386/2/4 3391/2/4 3395/2/4
f 3395/2/4 3392/2/4 3396/2/4
f 3396/2/4 3392/2/4 3397/2/4
f 3393/2/4 3394/2/4 3398/2/4
f 3394/2/4 3390/2/4 3399/2/4
f 3398/2/4 3394/2/4 3399/2/4
f 3399/2/4 3390/2/4 3400/2/4
f 3396/2/4 3397/2/4 3401/2/4
f 3397/2/4 3398/2/4 3401/2/4
f 3398/2/4 3399/2/4 3401/2/4
f 3401/2/4 3399/2/4 3402/2/4
f 3403/10/4 3404/10/4 3406/10/4
f 3405/10/4 3406/10/4 3408/10/4
f 3407/10/4 3408/10/4 3410/10/4
f 3406/10/4 3404/10/4 3411/10/4
f 3409/10/4 3410/10/4 3411/10/4
f 3410/10/4 3408/10/4 3411/10/4
f 3408/10/4 3406/10/4 3411/10/4
f 3411/10/4 3404/10/4 3412/10/4
f 3409/10/4 3411/10/4 3413/10/4
f 3413/10/4 3411/10/4 3414/10/4
f 3409/10/4 3413/10/4 3415/10/4
f 3415/10/4 3416/10/4 3417/10/4
f 3415/10/4 3417/10/4 3419/10/4
f 3417/10/4 3418/10/4 3419/10/4
f 3409/10/4 3415/10/4 3419/10/4
f 3419/10/4 3418/10/4 3420/10/4
f 3420/10/4 3418/10/4 3421/10/4
f 3421/10/4 3418/10/4 3422/10/4
f 3422/10/4 3418/10/4 3423/10/4
f 3423/10/4 3418/10/4 3424/10/4
f 3424/10/4 3418/10/4 3425/10/4
f 3425/10/4 3418/10/4 3426/10/4
f 3427/4/4 3428/4/4 3431/4/4
f 3431/4/4 3428/4/4 3432/4/4
f 3429/4/4 3430/4/4 3433/4/4
f 3433/4/4 3430/4/4 3434/4/4
f 3435/4/4 3436/4/4 3437/4/4
f 3437/4/4 3436/4/4 3438/4/4
f 3439/4/4 3440/4/4 3441/4/4
f 3441/4/4 3440/4/4 3442/4/4
f 3443/4/4 3444/4/4 3445/4/4
f 3445/4/4 3444/4/4 3446/4/4
f 3447/4/4 3448/4/4 3449/4/4
f 3449/4/4 3448/4/4 3450/4/4
f 3451/4/4 3452/4/4 3453/4/4
f 3453/4/4 3452/4/4 3454/4/4
f 3455/10/4 3456/10/4 3457/10/4
f 3457/10/4 3456/10/4 3458/10/4
f 3459/4/4 3460/4/4 3461/4/4
f 3461/4/4 3460/4/4 3462/4/4
f 3463/4/4 3464/4/4 3465/4/4
f 3465/4/4 3464/4/4 3466/4/4
f 3467/1/4 3468/1/4 3471/1/4
f 3469/1/4 3470/1/4 3474/1/4
f 3471/1/4 3472/1/4 3475/1/4
f 3467/1/4 3471/1/4 3475/1/4
f 3475/1/4 3472/1/4 3476/1/4
f 3476/1/4 3472/1/4 3477/1/4
f 3473/1/4 3474/1/4 3478/1/4
f 3474/1/4 3470/1/4 3479/1/4
f 3478/1/4 3474/1/4 3479/1/4
f 3479/1/4 3470/1/4 3480/1/4
f 3476/1/4 3477/1/4 3481/1/4
f 3477/1/4 3478/1/4 3481/1/4
f 3478/1/4 3479/1/4 3481/1/4
f 3481/1/4 3479/1/4 3482/1/4
f 3483/10/4 3484/10/4 3485/10/4
f 3485/10/4 3484/10/4 3486/10/4
f 3487/4/4 3488/4/4 3491/4/4
f 3491/4/4 3488/4/4 3492/4/4
f 3489/4/4 3490/4/4 3493/4/4
f 3493/4/4 3490/4/4 3494/4/4
f 3495/4/4 3496/4/4 3497/4/4
f 3497/4/4 3496/4/4 3498/4/4
f 3499/4/4 3500/4/4 3501/4/4
f 3501/4/4 3500/4/4 3502/4/4
f 3503/4/4 3504/4/4 3505/4/4
f 3505/4/4 3504/4/4 3506/4/4
f 3507/4/4 3508/4/4 3509/4/4
f 3509/4/4 3508/4/4 3510/4/4
f 3511/4/4 3512/4/4 3515/4/4
f 3515/4/4 3512/4/4 3516/4/4
f 3513/4/4 3514/4/4 3517/4/4
f 3517/4/4 3514/4/4 3518/4/4
f 3519/4/4 3520/4/4 3521/4/4
f 3521/4/4 3520/4/4 3522/4/4
f 3523/10/4 3524/10/4 3525/10/4
f 3525/10/4 3524/10/4 3526/10/4
f 3527/3/4 3528/3/4 3530/3/4
f 3529/3/4 3530/3/4 3531/3/4
f 3530/3/4 3528/3/4 3532/3/4
f 3531/3/4 3530/3/4 3532/3/4
f 3533/3/4 3534/3/4 3535/3/4
f 3535/3/4 3534/3/4 3536/3/4
f 3537/3/4 3538/3/4 3539/3/4
f 3539/3/4 3538/3/4 3540/3/4
f 3541/10/4 3542/10/4 3545/10/4
f 3545/10/4 3542/10/4 3546/10/4
f 3543/10/4 3544/10/4 3547/10/4
f 3547/10/4 3544/10/4 3548/10/4
f 3546/10/4 3547/10/4 3549/10/4
f 3549/10/4 3547/10/4 3550/10/4
f 3551/3/4 3552/3/4 3553/3/4
f 3553/3/4 3552/3/4 3554/3/4
f 3555/3/4 3556/3/4 3559/3/4
f 3559/3/4 3556/3/4 3560/3/4
f 3557/3/4 3558/3/4 3561/3/4
f 3561/3/4 3558/3/4 3562/3/4
f 3565/3/4 3566/3/4 3567/3/4
f 3567/3/4 3566/3/4 3568/3/4
f 3563/10/4 3564/10/4 3569/10/4
f 3569/10/4 3564/10/4 3570/10/4
f 3568/3/4 3566/3/4 3571/3/4
f 3571/3/4 3566/3/4 3572/3/4
f 3573/3/4 3574/3/4 3577/3/4
f 3577/3/4 3574/3/4 3578/3/4
f 3575/3/4 3576/3/4 3579/3/4
f 3579/3/4 3576/3/4 3580/3/4
f 3581/3/4 3582/3/4 3585/3/4
f 3585/3/4 3582/3/4 3586/3/4
f 3583/3/4 3584/3/4 3587/3/4
f 3587/3/4 3584/3/4 3588/3/4
f 3589/9/4 3590/9/4 3591/9/4
f 3591/9/4 3590/9/4 3592/9/4
f 3593/10/4 3594/10/4 3597/10/4
f 3597/10/4 3594/10/4 3598/10/4
f 3595/10/4 3596/10/4 3601/10/4
f 3601/10/4 3596/10/4 3602/10/4
f 3598/10/4 3599/10/4 3603/10/4
f 3603/10/4 3599/10/4 3604/10/4
f 3600/10/4 3601/10/4 3605/10/4
f 3604/10/4 3605/10/4 3606/10/4
f 3605/10/4 3601/10/4 3607/10/4
f 3606/10/4 3605/10/4 3607/10/4
f 3607/3/4 3608/3/4 3609/3/4
f 3609/3/4 3608/3/4 3610/3/4
f 3611/3/4 3612/3/4 3615/3/4
f 3615/3/4 3612/3/4 3616/3/4
f 3613/3/4 3614/3/4 3617/3/4
f 3617/3/4 3614/3/4 3618/3/4
f 3619/10/4 3620/10/4 3623/10/4
f 3623/10/4 3620/10/4 3624/10/4
f 3621/3/4 3622/3/4 3626/3/4
f 3626/3/4 3622/3/4 3627/3/4
f 3624/10/4 3625/10/4 3629/10/4
f 3629/10/4 3625/10/4 3630/10/4
f 3628/10/4 3629/10/4 3633/10/4
f 3633/10/4 3629/10/4 3634/10/4
f 3631/3/4 3632/3/4 3635/3/4
f 3635/3/4 3632/3/4 3636/3/4
f 3637/3/4 3638/3/4 3641/3/4
f 3641/3/4 3638/3/4 3642/3/4
f 3639/3/4 3640/3/4 3643/3/4
f 3643/3/4 3640/3/4 3644/3/4
f 3645/3/4 3646/3/4 3650/3/4
f 3650/3/4 3646/3/4 3651/3/4
f 3647/3/4 3648/3/4 3652/3/4
f 3652/3/4 3648/3/4 3653/3/4
f 3649/3/4 3650/3/4 3654/3/4
f 3654/3/4 3650/3/4 3655/3/4
f 3656/9/4 3657/9/4 3659/9/4
f 3658/9/4 3659/9/4 3661/9/4
f 3659/9/4 3657/9/4 3662/9/4
f 3661/9/4 3659/9/4 3662/9/4
f 3662/9/4 3663/9/4 3664/9/4
f 3660/9/4 3661/9/4 3666/9/4
f 3666/9/4 3661/9/4 3667/9/4
f 3662/9/4 3664/9/4 3668/9/4
f 3664/9/4 3665/9/4 3668/9/4
f 3668/9/4 3665/9/4 3669/9/4
f 3670/10/4 3671/10/4 3674/10/4
f 3674/10/4 3671/10/4 3675/10/4
f 3672/10/4 3673/10/4 3678/10/4
f 3678/10/4 3673/10/4 3679/10/4
f 3675/10/4 3676/10/4 3680/10/4
f 3680/10/4 3676/10/4 3681/10/4
f 3677/10/4 3678/10/4 3683/10/4
f 3683/10/4 3678/10/4 3684/10/4
f 3681/10/4 3682/10/4 3688/10/4
f 3688/10/4 3682/10/4 3689/10/4
f 3684/3/4 3685/3/4 3690/3/4
f 3686/3/4 3687/3/4 3691/3/4
f 3691/3/4 3687/3/4 3692/3/4
f 3690/3/4 3685/3/4 3693/3/4
f 3693/3/4 3685/3/4 3694/3/4
f 3695/3/4 3696/3/4 3699/3/4
f 3699/3/4 3696/3/4 3700/3/4
f 3697/3/4 3698/3/4 3701/3/4
f 3701/3/4 3698/3/4 3702/3/4
f 3703/10/4 3704/10/4 3707/10/4
f 3707/10/4 3704/10/4 3708/10/4
f 3705/10/4 3706/10/4 3710/10/4
f 3710/10/4 3706/10/4 3711/10/4
f 3708/10/4 3709/10/4 3712/10/4
f 3712/10/4 3709/10/4 3713/10/4
f 3713/10/4 3714/10/4 3716/10/4
f 3716/10/4 3714/10/4 3717/10/4
f 3715/10/4 3716/10/4 3719/10/4
f 3719/10/4 3716/10/4 3720/10/4
f 3718/10/4 3719/10/4 3723/10/4
f 3723/10/4 3719/10/4 3724/10/4
f 3721/3/4 3722/3/4 3725/3/4
f 3725/3/4 3722/3/4 3726/3/4
f 3727/3/4 3728/3/4 3731/3/4
f 3731/3/4 3728/3/4 3732/3/4
f 3729/3/4 3730/3/4 3733/3/4
f 3733/3/4 3730/3/4 3734/3/4
f 3735/3/4 3736/3/4 3742/3/4
f 3742/3/4 3736/3/4 3743/3/4
f 3737/3/4 3738/3/4 3744/3/4
f 3744/3/4 3738/3/4 3745/3/4
f 3739/3/4 3740/3/4 3746/3/4
f 3746/3/4 3740/3/4 3747/3/4
f 3741/3/4 3742/3/4 3748/3/4
f 3748/3/4 3742/3/4 3749/3/4
f 3745/3/4 3746/3/4 3750/3/4
f 3750/3/4 3746/3/4 3751/3/4
f 3752/9/4 3753/9/4 3755/9/4
f 3755/9/4 3753/9/4 3756/9/4
f 3754/9/4 3755/9/4 3759/9/4
f 3759/9/4 3755/9/4 3760/9/4
f 3758/9/4 3759/9/4 3761/9/4
f 3761/9/4 3759/9/4 3762/9/4
f 3756/9/4 3757/9/4 3763/9/4
f 3763/9/4 3757/9/4 3764/9/4
f 3765/10/4 3766/10/4 3767/10/4
f 3767/10/4 3766/10/4 3768/10/4
f 3769/10/4 3770/10/4 3773/10/4
f 3773/10/4 3770/10/4 3774/10/4
f 3771/3/4 3772/3/4 3775/3/4
f 3775/3/4 3772/3/4 3776/3/4
f 3776/3/4 3772/3/4 3777/3/4
f 3774/10/4 3775/10/4 3778/10/4
f 3778/10/4 3775/10/4 3779/10/4
f 3779/10/4 3780/10/4 3781/10/4
f 3781/10/4 3780/10/4 3782/10/4
f 3783/10/4 3784/10/4 3786/10/4
f 3786/10/4 3784/10/4 3787/10/4
f 3785/10/4 3786/10/4 3789/10/4
f 3789/10/4 3786/10/4 3790/10/4
f 3788/10/4 3789/10/4 3793/10/4
f 3793/10/4 3789/10/4 3794/10/4
f 3790/3/4 3791/3/4 3795/3/4
f 3791/3/4 3792/3/4 3795/3/4
f 3795/3/4 3792/3/4 3796/3/4
f 3797/9/4 3798/9/4 3800/9/4
f 3800/9/4 3798/9/4 3801/9/4
f 3799/9/4 3800/9/4 3803/9/4
f 3801/9/4 3802/9/4 3803/9/4
f 3800/9/4 3801/9/4 3803/9/4
f 3803/9/4 3802/9/4 3804/9/4
f 3799/9/4 3803/9/4 3806/9/4
f 3806/9/4 3803/9/4 3807/9/4
f 3805/9/4 3806/9/4 3808/9/4
f 3808/9/4 3806/9/4 3809/9/4
f 3805/9/4 3808/9/4 3811/9/4
f 3811/9/4 3808/9/4 3812/9/4
f 3810/9/4 3811/9/4 3815/9/4
f 3815/9/4 3811/9/4 3816/9/4
f 3813/9/4 3814/9/4 3817/9/4
f 3817/9/4 3814/9/4 3818/9/4
f 3819/10/4 3820/10/4 3821/10/4
f 3821/10/4 3820/10/4 3822/10/4
f 3823/3/4 3824/3/4 3825/3/4
f 3825/3/4 3824/3/4 3826/3/4
f 3827/9/4 3828/9/4 3829/9/4
f 3829/9/4 3828/9/4 3830/9/4
f 3830/9/4 3831/9/4 3832/9/4
f 3832/9/4 3831/9/4 3833/9/4
f 3834/10/4 3835/10/4 3836/10/4
f 3836/10/4 3835/10/4 3837/10/4
f 3838/10/4 3839/10/4 3840/10/4
f 3840/10/4 3839/10/4 3841/10/4
f 3842/3/4 3843/3/4 3844/3/4
f 3844/3/4 3843/3/4 3845/3/4
f 3846/6/4 3847/6/4 3851/6/4
f 3851/6/4 3847/6/4 3852/6/4
f 3848/6/4 3849/6/4 3853/6/4
f 3853/6/4 3849/6/4 3854/6/4
f 3850/5/4 3851/5/4 3856/5/4
f 3856/5/4 3851/5/4 3857/5/4
f 3854/5/4 3855/5/4 3858/5/4
f 3858/5/4 3855/5/4 3859/5/4
f 3860/10/4 3861/10/4 3862/10/4
f 3862/10/4 3861/10/4 3863/10/4
f 3864/10/4 3865/10/4 3866/10/4
f 3866/10/4 3865/10/4 3867/10/4
f 3867/10/4 3868/10/4 3869/10/4
f 3869/10/4 3868/10/4 3870/10/4
f 3871/10/4 3872/10/4 3874/10/4
f 3874/10/4 3872/10/4 3875/10/4
f 3873/10/4 3874/10/4 3876/10/4
f 3876/10/4 3874/10/4 3877/10/4
f 3878/3/4 3879/3/4 3882/3/4
f 3882/3/4 3879/3/4 3883/3/4
f 3880/3/4 3881/3/4 3884/3/4
f 3884/3/4 3881/3/4 3885/3/4
f 3882/3/4 3883/3/4 3886/3/4
f 3886/3/4 3883/3/4 3887/3/4
f 3888/10/4 3889/10/4 3892/10/4
f 3892/10/4 3889/10/4 3893/10/4
f 3890/6/4 3891/6/4 3895/6/4
f 3895/6/4 3891/6/4 3896/6/4
f 3894/5/4 3895/5/4 3900/5/4
f 3900/5/4 3895/5/4 3901/5/4
f 3896/5/4 3897/5/4 3902/5/4
f 3902/5/4 3897/5/4 3903/5/4
f 3898/4/4 3899/4/4 3907/4/4
f 3907/4/4 3899/4/4 3908/4/4
f 3904/4/4 3905/4/4 3909/4/4
f 3909/4/4 3905/4/4 3910/4/4
f 3906/4/4 3907/4/4 3913/4/4
f 3913/4/4 3907/4/4 3914/4/4
f 3910/4/4 3911/4/4 3915/4/4
f 3915/4/4 3911/4/4 3916/4/4
f 3912/7/4 3913/7/4 3919/7/4
f 3919/7/4 3913/7/4 3920/7/4
f 3916/7/4 3917/7/4 3921/7/4
f 3921/7/4 3917/7/4 3922/7/4
f 3918/8/4 3919/8/4 3924/8/4
f 3924/8/4 3919/8/4 3925/8/4
f 3922/8/4 3923/8/4 3926/8/4
f 3926/8/4 3923/8/4 3927/8/4
f 3928/10/4 3929/10/4 3930/10/4
f 3930/10/4 3929/10/4 3931/10/4
f 3932/10/4 3933/10/4 3934/10/4
f 3934/10/4 3933/10/4 3935/10/4
f 3935/10/4 3936/10/4 3937/10/4
f 3935/10/4 3937/10/4 3939/10/4
f 3939/10/4 3937/10/4 3940/10/4
f 3938/10/4 3939/10/4 3941/10/4
f 3941/10/4 3939/10/4 3942/10/4
f 3943/3/4 3944/3/4 3947/3/4
f 3947/3/4 3944/3/4 3948/3/4
f 3945/3/4 3946/3/4 3949/3/4
f 3949/3/4 3946/3/4 3950/3/4
f 3951/10/4 3952/10/4 3955/10/4
f 3955/10/4 3952/10/4 3956/10/4
f 3953/5/4 3954/5/4 3959/5/4
f 3959/5/4 3954/5/4 3960/5/4
f 3957/4/4 3958/4/4 3964/4/4
f 3964/4/4 3958/4/4 3965/4/4
f 3961/4/4 3962/4/4 3966/4/4
f 3966/4/4 3962/4/4 3967/4/4
f 3963/4/4 3964/4/4 3969/4/4
f 3969/4/4 3964/4/4 3970/4/4
f 3967/4/4 3968/4/4 3971/4/4
f 3971/4/4 3968/4/4 3972/4/4
f 3973/10/4 3974/10/4 3975/10/4
f 3975/10/4 3974/10/4 3976/10/4
f 3977/3/4 3978/3/4 3979/3/4
f 3979/3/4 3978/3/4 3980/3/4
f 3981/4/4 3982/4/4 3984/4/4
f 3984/4/4 3982/4/4 3985/4/4
f 3983/4/4 3984/4/4 3989/4/4
f 3989/4/4 3984/4/4 3990/4/4
f 3985/4/4 3986/4/4 3991/4/4
f 3991/4/4 3986/4/4 3992/4/4
f 3987/7/4 3988/7/4 3996/7/4
f 3996/7/4 3988/7/4 3997/7/4
f 3993/7/4 3994/7/4 3998/7/4
f 3998/7/4 3994/7/4 3999/7/4
f 3995/8/4 3996/8/4 4001/8/4
f 4001/8/4 3996/8/4 4002/8/4
f 3999/8/4 4000/8/4 4003/8/4
f 4003/8/4 4000/8/4 4004/8/4
f 4005/4/4 4006/4/4 4008/4/4
f 4008/4/4 4006/4/4 4009/4/4
f 4007/7/4 4008/7/4 4012/7/4
f 4012/7/4 4008/7/4 4013/7/4
f 4009/7/4 4010/7/4 4014/7/4
f 4014/7/4 4010/7/4 4015/7/4
f 4011/8/4 4012/8/4 4017/8/4
f 4017/8/4 4012/8/4 4018/8/4
f 4015/8/4 4016/8/4 4019/8/4
f 4019/8/4 4016/8/4 4020/8/4
f 4021/1/4 4022/1/4 4023/1/4
f 4023/1/4 4022/1/4 4024/1/4
f 4025/2/4 4026/2/4 4027/2/4
f 4027/2/4 4026/2/4 4028/2/4
f 4029/7/4 4030/7/4 4032/7/4
f 4032/7/4 4030/7/4 4033/7/4
f 4031/8/4 4032/8/4 4035/8/4
f 4035/8/4 4032/8/4 4036/8/4
f 4033/8/4 4034/8/4 4037/8/4
f 4037/8/4 4034/8/4 4038/8/4
f 4039/1/4 4040/1/4 4041/1/4
f 4041/1/4 4040/1/4 4042/1/4
f 4043/2/4 4044/2/4 4045/2/4
f 4045/2/4 4044/2/4 4046/2/4
f 4047/8/4 4048/8/4 4049/8/4
f 4049/8/4 4048/8/4 4050/8/4
f 4051/4/4 4052/4/4 4055/4/4
f 4055/4/4 4052/4/4 4056/4/4
f 4053/4/4 4054/4/4 4057/4/4
f 4057/4/4 4054/4/4 4058/4/4
f 4059/4/4 4060/4/4 4061/4/4
f 4061/4/4 4060/4/4 4062/4/4
f 4063/4/4 4064/4/4 4067/4/4
f 4067/4/4 4064/4/4 4068/4/4
f 4065/4/4 4066/4/4 4069/4/4
f 4069/4/4 4066/4/4 4070/4/4
f 4071/1/4 4072/1/4 4074/1/4
f 4074/1/4 4072/1/4 4075/1/4
f 4075/1/4 4072/1/4 4076/1/4
f 4076/1/4 4072/1/4 4077/1/4
f 4073/1/4 4074/1/4 4081/1/4
f 4074/1/4 4075/1/4 4081/1/4
f 4081/1/4 4075/1/4 4082/1/4
f 4076/1/4 4077/1/4 4083/1/4
f 4077/1/4 4078/1/4 4083/1/4
f 4083/1/4 4078/1/4 4084/1/4
f 4079/4/4 4080/4/4 4085/4/4
f 4085/4/4 4080/4/4 4086/4/4
f 4073/1/4 4081/1/4 4087/1/4
f 4087/1/4 4081/1/4 4088/1/4
f 4084/1/4 4078/1/4 4089/1/4
f 4089/1/4 4078/1/4 4090/1/4
f 4091/10/4 4092/10/4 4093/10/4
f 4093/10/4 4092/10/4 4094/10/4
f 4095/1/4 4096/1/4 4097/1/4
f 4097/1/4 4096/1/4 4098/1/4
f 4099/10/4 4100/10/4 4101/10/4
f 4101/10/4 4100/10/4 4102/10/4
f 4103/4/4 4104/4/4 4107/4/4
f 4107/4/4 4104/4/4 4108/4/4
f 4105/4/4 4106/4/4 4109/4/4
f 4109/4/4 4106/4/4 4110/4/4
f 4111/10/4 4112/10/4 4114/10/4
f 4114/10/4 4112/10/4 4115/10/4
f 4113/10/4 4114/10/4 4117/10/4
f 4115/10/4 4116/10/4 4117/10/4
f 4114/10/4 4115/10/4 4117/10/4
f 4117/10/4 4116/10/4 4118/10/4
f 4118/10/4 4116/10/4 4119/10/4
f 4119/10/4 4116/10/4 4120/10/4
f 4118/10/4 4119/10/4 4121/10/4
f 4121/10/4 4119/10/4 4122/10/4
f 4123/1/4 4124/1/4 4125/1/4
f 4125/1/4 4124/1/4 4126/1/4
f 4127/10/4 4128/10/4 4129/10/4
f 4129/10/4 4128/10/4 4130/10/4
f 4131/2/4 4132/2/4 4134/2/4
f 4134/2/4 4132/2/4 4135/2/4
f 4135/2/4 4132/2/4 4136/2/4
f 4136/2/4 4132/2/4 4137/2/4
f 4133/2/4 4134/2/4 4139/2/4
f 4134/2/4 4135/2/4 4139/2/4
f 4139/2/4 4135/2/4 4140/2/4
f 4137/2/4 4138/2/4 4141/2/4
f 4136/2/4 4137/2/4 4141/2/4
f 4141/2/4 4138/2/4 4142/2/4
f 4142/2/4 4138/2/4 4145/2/4
f 4143/4/4 4144/4/4 4146/4/4
f 4146/4/4 4144/4/4 4147/4/4
f 4133/2/4 4139/2/4 4148/2/4
f 4148/2/4 4139/2/4 4149/2/4
f 4142/2/4 4145/2/4 4150/2/4
f 4150/2/4 4145/2/4 4151/2/4
f 4152/10/4 4153/10/4 4155/10/4
f 4155/10/4 4153/10/4 4156/10/4
f 4154/10/4 4155/10/4 4159/10/4
f 4159/10/4 4155/10/4 4160/10/4
f 4156/10/4 4157/10/4 4161/10/4
f 4161/10/4 4157/10/4 4162/10/4
f 4158/10/4 4159/10/4 4164/10/4
f 4164/10/4 4159/10/4 4165/10/4
f 4162/10/4 4163/10/4 4168/10/4
f 4168/10/4 4163/10/4 4169/10/4
f 4165/10/4 4166/10/4 4170/10/4
f 4170/10/4 4166/10/4 4171/10/4
f 4167/10/4 4168/10/4 4172/10/4
f 4172/10/4 4168/10/4 4173/10/4
f 4171/10/4 4172/10/4 4174/10/4
f 4174/10/4 4172/10/4 4175/10/4
f 4176/10/4 4177/10/4 4178/10/4
f 4178/10/4 4177/10/4 4179/10/4
f 4180/10/4 4181/10/4 4183/10/4
f 4183/10/4 4181/10/4 4184/10/4
f 4182/10/4 4183/10/4 4187/10/4
f 4187/10/4 4183/10/4 4188/10/4
f 4184/10/4 4185/10/4 4189/10/4
f 4189/10/4 4185/10/4 4190/10/4
f 4186/10/4 4187/10/4 4193/10/4
f 4193/10/4 4187/10/4 4194/10/4
f 4190/10/4 4191/10/4 4195/10/4
f 4195/10/4 4191/10/4 4196/10/4
f 4192/10/4 4193/10/4 4198/10/4
f 4198/10/4 4193/10/4 4199/10/4
f 4196/10/4 4197/10/4 4202/10/4
f 4202/10/4 4197/10/4 4203/10/4
f 4199/10/4 4200/10/4 4204/10/4
f 4204/10/4 4200/10/4 4205/10/4
f 4201/10/4 4202/10/4 4208/10/4
f 4208/10/4 4202/10/4 4209/10/4
f 4205/10/4 4206/10/4 4210/10/4
f 4210/10/4 4206/10/4 4211/10/4
f 4207/10/4 4208/10/4 4212/10/4
f 4212/10/4 4208/10/4 4213/10/4
f 4211/10/4 4212/10/4 4214/10/4
f 4214/10/4 4212/10/4 4215/10/4
f 4216/2/4 4217/2/4 4218/2/4
f 4218/2/4 4217/2/4 4219/2/4
f 4220/2/4 4221/2/4 4222/2/4
f 4222/2/4 4221/2/4 4223/2/4
f 4224/3/4 4225/3/4 4226/3/4
f 4226/3/4 4225/3/4 4227/3/4
f 4224/3/4 4226/3/4 4228/3/4
f 4227/3/4 4225/3/4 4229/3/4
f 4229/3/4 4225/3/4 4230/3/4
f 4228/3/4 4229/3/4 4230/3/4
f 4230/3/4 4225/3/4 4231/3/4
f 4228/3/4 4230/3/4 4232/3/4
f 4230/10/4 4231/10/4 4233/10/4
f 4232/3/4 4230/3/4 4233/3/4
f 4231/3/4 4225/3/4 4234/3/4
f 4233/10/4 4231/10/4 4234/10/4
f 4234/3/4 4225/3/4 4235/3/4
f 4228/3/4 4232/3/4 4236/3/4
f 4232/10/4 4233/10/4 4237/10/4
f 4236/3/4 4232/3/4 4237/3/4
f 4237/10/4 4233/10/4 4238/10/4
f 4234/10/4 4235/10/4 4239/10/4
f 4235/3/4 4225/3/4 4240/3/4
f 4239/10/4 4235/10/4 4240/10/4
f 4240/3/4 4225/3/4 4241/3/4
f 4228/3/4 4236/3/4 4242/3/4
f 4236/10/4 4237/10/4 4243/10/4
f 4242/3/4 4236/3/4 4243/3/4
f 4243/10/4 4237/10/4 4244/10/4
f 4240/10/4 4241/10/4 4245/10/4
f 4241/3/4 4225/3/4 4246/3/4
f 4245/10/4 4241/10/4 4246/10/4
f 4246/3/4 4225/3/4 4247/3/4
f 4224/3/4 4228/3/4 4248/3/4
f 4228/3/4 4242/3/4 4248/3/4
f 4248/3/4 4242/3/4 4249/3/4
f 4249/3/4 4242/3/4 4250/3/4
f 4242/10/4 4243/10/4 4251/10/4
f 4250/3/4 4242/3/4 4251/3/4
f 4251/10/4 4243/10/4 4252/10/4
f 4246/10/4 4247/10/4 4253/10/4
f 4247/3/4 4225/3/4 4254/3/4
f 4253/10/4 4247/10/4 4254/10/4
f 4254/3/4 4225/3/4 4255/3/4
f 4224/3/4 4248/3/4 4256/3/4
f 4249/3/4 4250/3/4 4257/3/4
f 4250/10/4 4251/10/4 4258/10/4
f 4256/3/4 4257/3/4 4258/3/4
f 4257/3/4 4250/3/4 4258/3/4
f 4258/10/4 4251/10/4 4259/10/4
f 4254/10/4 4255/10/4 4262/10/4
f 4255/3/4 4225/3/4 4263/3/4
f 4262/10/4 4255/10/4 4263/10/4
f 4259/10/4 4260/10/4 4264/10/4
f 4258/3/4 4259/3/4 4264/3/4
f 4264/10/4 4260/10/4 4265/10/4
f 4261/10/4 4262/10/4 4268/10/4
f 4262/3/4 4263/3/4 4269/3/4
f 4268/10/4 4262/10/4 4269/10/4
f 4265/10/4 4266/10/4 4270/10/4
f 4264/3/4 4265/3/4 4270/3/4
f 4270/10/4 4266/10/4 4271/10/4
f 4267/10/4 4268/10/4 4274/10/4
f 4268/3/4 4269/3/4 4275/3/4
f 4274/10/4 4268/10/4 4275/10/4
f 4271/10/4 4272/10/4 4276/10/4
f 4270/3/4 4271/3/4 4276/3/4
f 4276/10/4 4272/10/4 4277/10/4
f 4273/10/4 4274/10/4 4278/10/4
f 4274/3/4 4275/3/4 4279/3/4
f 4278/10/4 4274/10/4 4279/10/4
f 4276/3/4 4277/3/4 4280/3/4
f 4277/10/4 4278/10/4 4280/10/4
f 4278/3/4 4279/3/4 4281/3/4
f 4280/10/4 4278/10/4 4281/10/4
f 4256/3/4 4258/3/4 4282/3/4
f 4258/3/4 4264/3/4 4282/3/4
f 4280/3/4 4281/3/4 4282/3/4
f 4264/3/4 4270/3/4 4282/3/4
f 4270/3/4 4276/3/4 4282/3/4
f 4276/3/4 4280/3/4 4282/3/4
f 4282/3/4 4281/3/4 4283/3/4
f 4256/3/4 4282/3/4 4284/3/4
f 4284/3/4 4282/3/4 4285/3/4
f 4283/3/4 4281/3/4 4286/3/4
f 4286/3/4 4281/3/4 4287/3/4
f 4256/3/4 4284/3/4 4288/3/4
f 4287/3/4 4281/3/4 4291/3/4
f 4288/3/4 4289/3/4 4292/3/4
f 4290/3/4 4291/3/4 4293/3/4
f 4291/3/4 4281/3/4 4294/3/4
f 4293/3/4 4291/3/4 4294/3/4
f 4294/3/4 4281/3/4 4295/3/4
f 4292/3/4 4293/3/4 4296/3/4
f 4293/3/4 4294/3/4 4296/3/4
f 4296/3/4 4294/3/4 4297/3/4
f 4295/3/4 4281/3/4 4298/3/4
f 4298/3/4 4281/3/4 4299/3/4
f 4292/3/4 4296/3/4 4300/3/4
f 4299/3/4 4281/3/4 4303/3/4
f 4269/3/4 4263/3/4 4304/3/4
f 4281/3/4 4279/3/4 4304/3/4
f 4303/3/4 4281/3/4 4304/3/4
f 4275/3/4 4269/3/4 4304/3/4
f 4279/3/4 4275/3/4 4304/3/4
f 4263/3/4 4225/3/4 4305/3/4
f 4304/3/4 4263/3/4 4305/3/4
f 4305/3/4 4225/3/4 4306/3/4
f 4306/3/4 4225/3/4 4307/3/4
f 4292/3/4 4300/3/4 4308/3/4
f 4288/3/4 4292/3/4 4308/3/4
f 4300/3/4 4301/3/4 4308/3/4
f 4308/3/4 4301/3/4 4309/3/4
f 4309/3/4 4301/3/4 4310/3/4
f 4302/3/4 4303/3/4 4311/3/4
f 4303/3/4 4304/3/4 4311/3/4
f 4311/3/4 4304/3/4 4312/3/4
f 4305/3/4 4306/3/4 4313/3/4
f 4313/3/4 4306/3/4 4314/3/4
f 4307/3/4 4225/3/4 4315/3/4
f 4256/3/4 4288/3/4 4316/3/4
f 4288/3/4 4308/3/4 4316/3/4
f 4316/3/4 4308/3/4 4317/3/4
f 4309/3/4 4310/3/4 4318/3/4
f 4314/3/4 4315/3/4 4318/3/4
f 4313/3/4 4314/3/4 4318/3/4
f 4312/3/4 4313/3/4 4318/3/4
f 4311/3/4 4312/3/4 4318/3/4
f 4310/3/4 4311/3/4 4318/3/4
f 4318/3/4 4315/3/4 4319/3/4
f 4256/3/4 4316/3/4 4320/3/4
f 4319/3/4 4315/3/4 4323/3/4
f 4323/3/4 4315/3/4 4324/3/4
f 4324/3/4 4315/3/4 4325/3/4
f 4315/3/4 4225/3/4 4326/3/4
f 4325/3/4 4315/3/4 4326/3/4
f 4326/3/4 4225/3/4 4327/3/4
f 4320/3/4 4321/3/4 4328/3/4
f 4322/3/4 4323/3/4 4329/3/4
f 4323/3/4 4324/3/4 4329/3/4
f 4329/3/4 4324/3/4 4330/3/4
f 4325/3/4 4326/3/4 4331/3/4
f 4331/3/4 4326/3/4 4332/3/4
f 4224/3/4 4256/3/4 4334/3/4
f 4332/3/4 4333/3/4 4334/3/4
f 4331/3/4 4332/3/4 4334/3/4
f 4330/3/4 4331/3/4 4334/3/4
f 4329/3/4 4330/3/4 4334/3/4
f 4328/3/4 4329/3/4 4334/3/4
f 4256/3/4 4320/3/4 4334/3/4
f 4320/3/4 4328/3/4 4334/3/4
f 4334/3/4 4333/3/4 4335/3/4
f 4337/10/4 4338/10/4 4342/10/4
f 4338/6/4 4339/6/4 4342/6/4
f 4339/10/4 4340/10/4 4343/10/4
f 4342/6/4 4339/6/4 4343/6/4
f 4337/10/4 4342/10/4 4344/10/4
f 4342/10/4 4343/10/4 4344/10/4
f 4343/10/4 4340/10/4 4345/10/4
f 4344/10/4 4343/10/4 4345/10/4
f 4346/10/4 4347/10/4 4348/10/4
f 4348/10/4 4347/10/4 4349/10/4
f 4350/10/4 4351/10/4 4352/10/4
f 4352/10/4 4351/10/4 4353/10/4
f 4354/4/4 4355/4/4 4357/4/4
f 4357/4/4 4355/4/4 4358/4/4
f 4356/4/4 4357/4/4 4360/4/4
f 4357/10/4 4358/10/4 4361/10/4
f 4360/4/4 4357/4/4 4361/4/4
f 4358/4/4 4359/4/4 4362/4/4
f 4361/10/4 4358/10/4 4362/10/4
f 4362/4/4 4359/4/4 4363/4/4
f 4361/4/4 4362/4/4 4364/4/4
f 4364/4/4 4362/4/4 4365/4/4
f 4366/4/4 4367/4/4 4369/4/4
f 4369/4/4 4367/4/4 4370/4/4
f 4368/4/4 4369/4/4 4372/4/4
f 4369/10/4 4370/10/4 4373/10/4
f 4372/4/4 4369/4/4 4373/4/4
f 4370/4/4 4371/4/4 4374/4/4
f 4373/10/4 4370/10/4 4374/10/4
f 4374/4/4 4371/4/4 4375/4/4
f 4373/4/4 4374/4/4 4378/4/4
f 4378/4/4 4374/4/4 4379/4/4
f 4376/4/4 4377/4/4 4381/4/4
f 4381/4/4 4377/4/4 4382/4/4
f 4380/4/4 4381/4/4 4384/4/4
f 4381/10/4 4382/10/4 4385/10/4
f 4384/4/4 4381/4/4 4385/4/4
f 4382/4/4 4383/4/4 4386/4/4
f 4385/10/4 4382/10/4 4386/10/4
f 4386/4/4 4383/4/4 4387/4/4
f 4345/10/4 4340/10/4 4388/10/4
f 4385/4/4 4386/4/4 4389/4/4
f 4389/4/4 4386/4/4 4390/4/4
f 4388/10/4 4340/10/4 4391/10/4
f 4337/10/4 4344/10/4 4392/10/4
f 4391/10/4 4340/10/4 4393/10/4
f 4337/10/4 4392/10/4 4394/10/4
f 4392/10/4 4393/10/4 4394/10/4
f 4393/10/4 4340/10/4 4395/10/4
f 4394/10/4 4393/10/4 4395/10/4
f 4336/6/4 4337/6/4 4396/6/4
f 4337/10/4 4394/10/4 4397/10/4
f 4396/6/4 4337/6/4 4397/6/4
f 4394/6/4 4395/6/4 4398/6/4
f 4397/10/4 4394/10/4 4398/10/4
f 4395/10/4 4340/10/4 4399/10/4
f 4398/6/4 4395/6/4 4399/6/4
f 4340/6/4 4341/6/4 4400/6/4
f 4399/10/4 4340/10/4 4400/10/4
f 4400/6/4 4341/6/4 4401/6/4
f 4402/10/4 4403/10/4 4404/10/4
f 4404/10/4 4403/10/4 4405/10/4
f 4406/10/4 4407/10/4 4408/10/4
f 4408/10/4 4407/10/4 4409/10/4
f 4410/1/4 4411/1/4 4414/1/4
f 4414/1/4 4411/1/4 4415/1/4
f 4412/1/4 4413/1/4 4416/1/4
f 4416/1/4 4413/1/4 4417/1/4
f 4418/10/4 4419/10/4 4420/10/4
f 4420/10/4 4419/10/4 4421/10/4
f 4422/10/4 4423/10/4 4424/10/4
f 4424/10/4 4423/10/4 4425/10/4
f 4426/1/4 4427/1/4 4428/1/4
f 4428/1/4 4427/1/4 4429/1/4
f 4430/2/4 4431/2/4 4434/2/4
f 4434/2/4 4431/2/4 4435/2/4
f 4432/2/4 4433/2/4 4436/2/4
f 4436/2/4 4433/2/4 4437/2/4
f 4438/10/4 4439/10/4 4440/10/4
f 4440/10/4 4439/10/4 4441/10/4
f 4442/2/4 4443/2/4 4444/2/4
f 4444/2/4 4443/2/4 4445/2/4
f 4448/10/5 4447/10/5 4446/10/5
f 4449/10/5 4447/10/5 4448/10/5
f 4452/2/5 4451/2/5 4450/2/5
f 4453/2/5 4451/2/5 4452/2/5
f 4458/10/5 4455/10/5 4454/10/5
f 4459/10/5 4455/10/5 4458/10/5
f 4460/10/5 4457/10/5 4456/10/5
f 4461/10/5 4457/10/5 4460/10/5
f 4466/2/5 4463/2/5 4462/2/5
f 4467/2/5 4463/2/5 4466/2/5
f 4468/1/5 4465/1/5 4464/1/5
f 4469/1/5 4465/1/5 4468/1/5
f 4472/2/5 4471/2/5 4470/2/5
f 4473/2/5 4471/2/5 4472/2/5
f 4478/10/5 4475/10/5 4474/10/5
f 4479/10/5 4475/10/5 4478/10/5
f 4480/10/5 4477/10/5 4476/10/5
f 4481/10/5 4477/10/5 4480/10/5
f 4484/1/5 4483/1/5 4482/1/5
f 4485/1/5 4483/1/5 4484/1/5
f 4488/1/5 4487/1/5 4486/1/5
f 4489/1/5 4487/1/5 4488/1/5
f 4492/6/5 4491/6/5 4490/6/5
f 4493/6/5 4491/6/5 4492/6/5
f 4494/10/5 4493/10/5 4492/10/5
f 4495/10/5 4493/10/5 4494/10/5
f 4504/10/5 4497/10/5 4496/10/5
f 4505/10/5 4497/10/5 4504/10/5
f 4506/10/5 4499/10/5 4498/10/5
f 4507/10/5 4499/10/5 4506/10/5
f 4509/4/5 4501/4/5 4500/4/5
f 4510/4/5 4501/4/5 4509/4/5
f 4513/4/5 4503/4/5 4502/4/5
f 4514/4/5 4503/4/5 4513/4/5
f 4516/4/5 4509/4/5 4508/4/5
f 4517/10/5 4510/10/5 4509/10/5
f 4517/4/5 4509/4/5 4516/4/5
f 4518/4/5 4511/4/5 4510/4/5
f 4518/10/5 4510/10/5 4517/10/5
f 4519/4/5 4511/4/5 4518/4/5
f 4520/4/5 4513/4/5 4512/4/5
f 4521/10/5 4514/10/5 4513/10/5
f 4521/4/5 4513/4/5 4520/4/5
f 4522/4/5 4515/4/5 4514/4/5
f 4522/10/5 4514/10/5 4521/10/5
f 4523/4/5 4515/4/5 4522/4/5
f 4524/4/5 4518/4/5 4517/4/5
f 4525/4/5 4518/4/5 4524/4/5
f 4526/4/5 4522/4/5 4521/4/5
f 4527/4/5 4522/4/5 4526/4/5
f 4531/4/5 4529/4/5 4528/4/5
f 4532/4/5 4529/4/5 4531/4/5
f 4534/4/5 4531/4/5 4530/4/5
f 4535/10/5 4532/10/5 4531/10/5
f 4535/4/5 4531/4/5 4534/4/5
f 4536/4/5 4533/4/5 4532/4/5
f 4536/10/5 4532/10/5 4535/10/5
f 4537/4/5 4533/4/5 4536/4/5
f 4538/4/5 4536/4/5 4535/4/5
f 4539/4/5 4536/4/5 4538/4/5
f 4540/10/5 4494/10/5 4492/10/5
f 4543/10/5 4493/10/5 4495/10/5
f 4544/6/5 4492/6/5 4490/6/5
f 4544/10/5 4543/10/5 4542/10/5
f 4544/10/5 4540/10/5 4492/10/5
f 4544/10/5 4542/10/5 4541/10/5
f 4544/10/5 4541/10/5 4540/10/5
f 4545/10/5 4493/10/5 4543/10/5
f 4545/10/5 4543/10/5 4544/10/5
f 4545/6/5 4491/6/5 4493/6/5
f 4546/6/5 4544/6/5 4490/6/5
f 4546/6/5 4545/6/5 4544/6/5
f 4547/6/5 4491/6/5 4545/6/5
f 4547/6/5 4545/6/5 4546/6/5
f 4550/3/5 4549/3/5 4548/3/5
f 4551/3/5 4549/3/5 4550/3/5
f 4552/3/5 4549/3/5 4551/3/5
f 4553/3/5 4549/3/5 4552/3/5
f 4554/3/5 4549/3/5 4553/3/5
f 4555/3/5 4549/3/5 4554/3/5
f 4556/3/5 4549/3/5 4555/3/5
f 4557/3/5 4549/3/5 4556/3/5
f 4558/3/5 4550/3/5 4548/3/5
f 4559/3/5 4552/3/5 4551/3/5
f 4560/3/5 4552/3/5 4559/3/5
f 4561/3/5 4554/3/5 4553/3/5
f 4562/3/5 4554/3/5 4561/3/5
f 4563/3/5 4554/3/5 4562/3/5
f 4564/3/5 4556/3/5 4555/3/5
f 4565/3/5 4556/3/5 4564/3/5
f 4566/3/5 4556/3/5 4565/3/5
f 4567/3/5 4556/3/5 4566/3/5
f 4568/3/5 4549/3/5 4557/3/5
f 4569/3/5 4549/3/5 4568/3/5
f 4570/3/5 4560/3/5 4559/3/5
f 4570/3/5 4559/3/5 4558/3/5
f 4570/3/5 4561/3/5 4560/3/5
f 4570/3/5 4562/3/5 4561/3/5
f 4573/3/5 4566/3/5 4565/3/5
f 4574/3/5 4566/3/5 4573/3/5
f 4577/3/5 4549/3/5 4569/3/5
f 4578/3/5 4571/3/5 4570/3/5
f 4579/3/5 4575/3/5 4574/3/5
f 4579/3/5 4573/3/5 4572/3/5
f 4579/3/5 4574/3/5 4573/3/5
f 4580/3/5 4575/3/5 4579/3/5
f 4581/3/5 4577/3/5 4576/3/5
f 4582/3/5 4580/3/5 4579/3/5
f 4582/3/5 4581/3/5 4580/3/5
f 4582/3/5 4579/3/5 4578/3/5
f 4583/3/5 4581/3/5 4582/3/5
f 4584/3/5 4582/3/5 4578/3/5
f 4585/3/5 4582/3/5 4584/3/5
f 4586/3/5 4581/3/5 4583/3/5
f 4587/3/5 4581/3/5 4586/3/5
f 4588/3/5 4584/3/5 4578/3/5
f 4591/3/5 4581/3/5 4587/3/5
f 4592/3/5 4589/3/5 4588/3/5
f 4593/3/5 4591/3/5 4590/3/5
f 4594/3/5 4578/3/5 4570/3/5
f 4594/3/5 4593/3/5 4592/3/5
f 4594/3/5 4570/3/5 4558/3/5
f 4594/3/5 4592/3/5 4588/3/5
f 4594/3/5 4588/3/5 4578/3/5
f 4595/3/5 4593/3/5 4594/3/5
f 4596/3/5 4594/3/5 4558/3/5
f 4597/10/5 4595/10/5 4594/10/5
f 4597/3/5 4594/3/5 4596/3/5
f 4598/3/5 4593/3/5 4595/3/5
f 4598/10/5 4595/10/5 4597/10/5
f 4599/3/5 4593/3/5 4598/3/5
f 4600/3/5 4596/3/5 4558/3/5
f 4601/10/5 4597/10/5 4596/10/5
f 4601/3/5 4596/3/5 4600/3/5
f 4602/10/5 4597/10/5 4601/10/5
f 4603/10/5 4599/10/5 4598/10/5
f 4604/3/5 4593/3/5 4599/3/5
f 4604/10/5 4599/10/5 4603/10/5
f 4605/3/5 4593/3/5 4604/3/5
f 4606/3/5 4600/3/5 4558/3/5
f 4607/10/5 4601/10/5 4600/10/5
f 4607/3/5 4600/3/5 4606/3/5
f 4608/10/5 4601/10/5 4607/10/5
f 4609/10/5 4605/10/5 4604/10/5
f 4610/3/5 4593/3/5 4605/3/5
f 4610/10/5 4605/10/5 4609/10/5
f 4611/3/5 4593/3/5 4610/3/5
f 4612/3/5 4606/3/5 4558/3/5
f 4613/10/5 4607/10/5 4606/10/5
f 4613/3/5 4606/3/5 4612/3/5
f 4614/10/5 4607/10/5 4613/10/5
f 4615/10/5 4611/10/5 4610/10/5
f 4616/3/5 4593/3/5 4611/3/5
f 4616/10/5 4611/10/5 4615/10/5
f 4617/3/5 4593/3/5 4616/3/5
f 4618/3/5 4612/3/5 4558/3/5
f 4618/10/5 4613/10/5 4612/10/5
f 4619/10/5 4613/10/5 4618/10/5
f 4622/10/5 4617/10/5 4616/10/5
f 4623/3/5 4593/3/5 4617/3/5
f 4623/10/5 4617/10/5 4622/10/5
f 4624/10/5 4620/10/5 4619/10/5
f 4624/3/5 4619/3/5 4618/3/5
f 4625/10/5 4620/10/5 4624/10/5
f 4628/10/5 4622/10/5 4621/10/5
f 4629/3/5 4623/3/5 4622/3/5
f 4629/10/5 4622/10/5 4628/10/5
f 4630/10/5 4626/10/5 4625/10/5
f 4630/3/5 4625/3/5 4624/3/5
f 4631/10/5 4626/10/5 4630/10/5
f 4634/10/5 4628/10/5 4627/10/5
f 4635/3/5 4629/3/5 4628/3/5
f 4635/10/5 4628/10/5 4634/10/5
f 4636/10/5 4632/10/5 4631/10/5
f 4636/3/5 4631/3/5 4630/3/5
f 4637/10/5 4632/10/5 4636/10/5
f 4638/10/5 4634/10/5 4633/10/5
f 4639/3/5 4635/3/5 4634/3/5
f 4639/10/5 4634/10/5 4638/10/5
f 4640/3/5 4591/3/5 4593/3/5
f 4640/3/5 4635/3/5 4639/3/5
f 4640/3/5 4623/3/5 4629/3/5
f 4640/3/5 4593/3/5 4623/3/5
f 4640/3/5 4629/3/5 4635/3/5
f 4641/3/5 4581/3/5 4591/3/5
f 4641/3/5 4591/3/5 4640/3/5
f 4642/3/5 4577/3/5 4581/3/5
f 4642/3/5 4581/3/5 4641/3/5
f 4643/3/5 4549/3/5 4577/3/5
f 4643/3/5 4577/3/5 4642/3/5
f 4644/3/5 4637/3/5 4636/3/5
f 4644/10/5 4638/10/5 4637/10/5
f 4645/3/5 4639/3/5 4638/3/5
f 4645/10/5 4638/10/5 4644/10/5
f 4645/3/5 4640/3/5 4639/3/5
f 4646/3/5 4640/3/5 4645/3/5
f 4647/3/5 4642/3/5 4641/3/5
f 4648/3/5 4642/3/5 4647/3/5
f 4649/3/5 4549/3/5 4643/3/5
f 4650/3/5 4648/3/5 4647/3/5
f 4650/3/5 4649/3/5 4648/3/5
f 4650/3/5 4646/3/5 4645/3/5
f 4650/3/5 4645/3/5 4644/3/5
f 4650/3/5 4647/3/5 4646/3/5
f 4651/3/5 4649/3/5 4650/3/5
f 4652/3/5 4650/3/5 4644/3/5
f 4653/3/5 4649/3/5 4651/3/5
f 4654/3/5 4649/3/5 4653/3/5
f 4654/3/5 4653/3/5 4652/3/5
f 4655/3/5 4549/3/5 4649/3/5
f 4655/3/5 4649/3/5 4654/3/5
f 4656/3/5 4644/3/5 4636/3/5
f 4656/3/5 4558/3/5 4548/3/5
f 4656/3/5 4654/3/5 4652/3/5
f 4656/3/5 4652/3/5 4644/3/5
f 4656/3/5 4636/3/5 4630/3/5
f 4656/3/5 4630/3/5 4624/3/5
f 4656/3/5 4624/3/5 4618/3/5
f 4656/3/5 4618/3/5 4558/3/5
f 4657/3/5 4654/3/5 4656/3/5
f 4658/3/5 4549/3/5 4655/3/5
f 4659/3/5 4549/3/5 4658/3/5
f 4663/10/5 4661/10/5 4660/10/5
f 4664/10/5 4661/10/5 4663/10/5
f 4667/10/5 4663/10/5 4662/10/5
f 4668/10/5 4663/10/5 4667/10/5
f 4669/10/5 4665/10/5 4664/10/5
f 4670/10/5 4665/10/5 4669/10/5
f 4673/10/5 4667/10/5 4666/10/5
f 4674/10/5 4667/10/5 4673/10/5
f 4675/10/5 4671/10/5 4670/10/5
f 4676/10/5 4671/10/5 4675/10/5
f 4678/10/5 4673/10/5 4672/10/5
f 4679/10/5 4673/10/5 4678/10/5
f 4682/10/5 4677/10/5 4676/10/5
f 4683/10/5 4677/10/5 4682/10/5
f 4684/10/5 4680/10/5 4679/10/5
f 4685/10/5 4680/10/5 4684/10/5
f 4688/10/5 4682/10/5 4681/10/5
f 4689/10/5 4682/10/5 4688/10/5
f 4690/10/5 4686/10/5 4685/10/5
f 4691/10/5 4686/10/5 4690/10/5
f 4692/10/5 4688/10/5 4687/10/5
f 4693/10/5 4688/10/5 4692/10/5
f 4694/10/5 4692/10/5 4691/10/5
f 4695/10/5 4692/10/5 4694/10/5
f 4699/10/5 4697/10/5 4696/10/5
f 4700/10/5 4697/10/5 4699/10/5
f 4703/10/5 4699/10/5 4698/10/5
f 4704/10/5 4699/10/5 4703/10/5
f 4705/10/5 4701/10/5 4700/10/5
f 4706/10/5 4701/10/5 4705/10/5
f 4708/10/5 4703/10/5 4702/10/5
f 4709/10/5 4703/10/5 4708/10/5
f 4712/10/5 4707/10/5 4706/10/5
f 4713/10/5 4707/10/5 4712/10/5
f 4714/10/5 4710/10/5 4709/10/5
f 4715/10/5 4710/10/5 4714/10/5
f 4716/10/5 4712/10/5 4711/10/5
f 4717/10/5 4712/10/5 4716/10/5
f 4718/10/5 4716/10/5 4715/10/5
f 4719/10/5 4716/10/5 4718/10/5
f 4723/10/5 4721/10/5 4720/10/5
f 4724/10/5 4721/10/5 4723/10/5
f 4727/10/5 4723/10/5 4722/10/5
f 4727/10/5 4725/10/5 4724/10/5
f 4727/10/5 4724/10/5 4723/10/5
f 4728/10/5 4725/10/5 4727/10/5
f 4729/10/5 4725/10/5 4728/10/5
f 4730/10/5 4725/10/5 4729/10/5
f 4733/10/5 4727/10/5 4726/10/5
f 4733/10/5 4728/10/5 4727/10/5
f 4734/10/5 4728/10/5 4733/10/5
f 4735/10/5 4728/10/5 4734/10/5
f 4736/10/5 4730/10/5 4729/10/5
f 4736/10/5 4731/10/5 4730/10/5
f 4737/10/5 4731/10/5 4736/10/5
f 4738/10/5 4731/10/5 4737/10/5
f 4740/10/5 4734/10/5 4733/10/5
f 4740/10/5 4733/10/5 4732/10/5
f 4741/10/5 4734/10/5 4740/10/5
f 4742/10/5 4739/10/5 4738/10/5
f 4742/10/5 4738/10/5 4737/10/5
f 4743/10/5 4739/10/5 4742/10/5
f 4747/10/5 4745/10/5 4744/10/5
f 4749/10/5 4747/10/5 4746/10/5
f 4751/10/5 4749/10/5 4748/10/5
f 4752/10/5 4745/10/5 4747/10/5
f 4752/10/5 4751/10/5 4750/10/5
f 4752/10/5 4749/10/5 4751/10/5
f 4752/10/5 4747/10/5 4749/10/5
f 4753/10/5 4745/10/5 4752/10/5
f 4754/10/5 4752/10/5 4750/10/5
f 4755/10/5 4752/10/5 4754/10/5
f 4756/10/5 4754/10/5 4750/10/5
f 4758/10/5 4757/10/5 4756/10/5
f 4762/10/5 4759/10/5 4758/10/5
f 4762/10/5 4758/10/5 4756/10/5
f 4762/10/5 4756/10/5 4750/10/5
f 4763/10/5 4759/10/5 4762/10/5
f 4765/10/5 4761/10/5 4760/10/5
f 4766/10/5 4761/10/5 4765/10/5
f 4768/10/5 4759/10/5 4763/10/5
f 4769/10/5 4759/10/5 4768/10/5
f 4772/10/5 4759/10/5 4769/10/5
f 4773/10/5 4759/10/5 4772/10/5
f 4774/10/5 4771/10/5 4770/10/5
f 4776/10/5 4759/10/5 4773/10/5
f 4777/10/5 4759/10/5 4776/10/5
f 4778/10/5 4775/10/5 4774/10/5
f 4780/10/5 4779/10/5 4778/10/5
f 4782/10/5 4767/10/5 4766/10/5
f 4782/10/5 4766/10/5 4765/10/5
f 4782/10/5 4765/10/5 4764/10/5
f 4783/10/5 4767/10/5 4782/10/5
f 4784/10/5 4767/10/5 4783/10/5
f 4785/10/5 4767/10/5 4784/10/5
f 4786/10/5 4778/10/5 4774/10/5
f 4786/10/5 4781/10/5 4780/10/5
f 4786/10/5 4780/10/5 4778/10/5
f 4786/10/5 4774/10/5 4770/10/5
f 4787/10/5 4781/10/5 4786/10/5
f 4788/10/5 4784/10/5 4783/10/5
f 4789/10/5 4784/10/5 4788/10/5
f 4790/10/5 4781/10/5 4787/10/5
f 4791/10/5 4781/10/5 4790/10/5
f 4793/10/5 4781/10/5 4791/10/5
f 4795/10/5 4793/10/5 4792/10/5
f 4796/10/5 4781/10/5 4793/10/5
f 4796/10/5 4795/10/5 4794/10/5
f 4796/10/5 4793/10/5 4795/10/5
f 4797/10/5 4781/10/5 4796/10/5
f 4798/10/5 4796/10/5 4794/10/5
f 4799/10/5 4796/10/5 4798/10/5
f 4800/10/5 4798/10/5 4794/10/5
f 4801/10/5 4798/10/5 4800/10/5
f 4802/10/5 4800/10/5 4794/10/5
f 4803/10/5 4800/10/5 4802/10/5
f 4808/10/5 4805/10/5 4804/10/5
f 4809/10/5 4805/10/5 4808/10/5
f 4810/10/5 4805/10/5 4809/10/5
f 4813/10/5 4807/10/5 4806/10/5
f 4814/10/5 4807/10/5 4813/10/5
f 4815/10/5 4807/10/5 4814/10/5
f 4816/10/5 4811/10/5 4810/10/5
f 4816/10/5 4810/10/5 4809/10/5
f 4817/10/5 4811/10/5 4816/10/5
f 4818/10/5 4811/10/5 4817/10/5
f 4819/10/5 4814/10/5 4813/10/5
f 4819/10/5 4813/10/5 4812/10/5
f 4820/10/5 4814/10/5 4819/10/5
f 4821/10/5 4814/10/5 4820/10/5
f 4822/10/5 4818/10/5 4817/10/5
f 4822/10/5 4820/10/5 4819/10/5
f 4822/10/5 4819/10/5 4818/10/5
f 4823/10/5 4820/10/5 4822/10/5
f 4824/10/5 4820/10/5 4823/10/5
f 4825/10/5 4820/10/5 4824/10/5
f 4826/10/5 4824/10/5 4823/10/5
f 4827/10/5 4824/10/5 4826/10/5
f 4832/4/5 4829/4/5 4828/4/5
f 4833/4/5 4829/4/5 4832/4/5
f 4834/4/5 4831/4/5 4830/4/5
f 4835/4/5 4831/4/5 4834/4/5
f 4838/4/5 4837/4/5 4836/4/5
f 4839/4/5 4837/4/5 4838/4/5
f 4842/4/5 4841/4/5 4840/4/5
f 4843/4/5 4841/4/5 4842/4/5
f 4847/10/5 4845/10/5 4844/10/5
f 4848/10/5 4845/10/5 4847/10/5
f 4851/10/5 4847/10/5 4846/10/5
f 4852/10/5 4849/10/5 4848/10/5
f 4855/10/5 4851/10/5 4850/10/5
f 4856/10/5 4847/10/5 4851/10/5
f 4856/10/5 4851/10/5 4855/10/5
f 4857/10/5 4847/10/5 4856/10/5
f 4858/10/5 4853/10/5 4852/10/5
f 4858/10/5 4852/10/5 4848/10/5
f 4859/10/5 4853/10/5 4858/10/5
f 4860/10/5 4853/10/5 4859/10/5
f 4862/10/5 4855/10/5 4854/10/5
f 4862/10/5 4856/10/5 4855/10/5
f 4863/10/5 4856/10/5 4862/10/5
f 4864/10/5 4856/10/5 4863/10/5
f 4865/10/5 4856/10/5 4864/10/5
f 4866/10/5 4856/10/5 4865/10/5
f 4869/10/5 4860/10/5 4859/10/5
f 4870/3/5 4861/3/5 4860/3/5
f 4870/10/5 4860/10/5 4869/10/5
f 4871/3/5 4861/3/5 4870/3/5
f 4872/10/5 4867/10/5 4866/10/5
f 4872/10/5 4866/10/5 4865/10/5
f 4873/10/5 4867/10/5 4872/10/5
f 4874/10/5 4867/10/5 4873/10/5
f 4876/10/5 4869/10/5 4868/10/5
f 4877/3/5 4870/3/5 4869/3/5
f 4877/10/5 4869/10/5 4876/10/5
f 4878/3/5 4870/3/5 4877/3/5
f 4879/10/5 4875/10/5 4874/10/5
f 4879/10/5 4874/10/5 4873/10/5
f 4880/10/5 4875/10/5 4879/10/5
f 4881/3/5 4876/3/5 4875/3/5
f 4881/3/5 4877/3/5 4876/3/5
f 4882/3/5 4877/3/5 4881/3/5
f 4883/10/5 4875/10/5 4880/10/5
f 4884/3/5 4881/3/5 4875/3/5
f 4884/10/5 4875/10/5 4883/10/5
f 4885/3/5 4881/3/5 4884/3/5
f 4888/4/5 4887/4/5 4886/4/5
f 4889/4/5 4887/4/5 4888/4/5
f 4892/4/5 4891/4/5 4890/4/5
f 4893/4/5 4891/4/5 4892/4/5
f 4898/4/5 4895/4/5 4894/4/5
f 4899/4/5 4895/4/5 4898/4/5
f 4900/4/5 4897/4/5 4896/4/5
f 4901/4/5 4897/4/5 4900/4/5
f 4910/4/5 4903/4/5 4902/4/5
f 4911/4/5 4903/4/5 4910/4/5
f 4912/4/5 4905/4/5 4904/4/5
f 4913/4/5 4905/4/5 4912/4/5
f 4914/4/5 4907/4/5 4906/4/5
f 4915/4/5 4907/4/5 4914/4/5
f 4916/4/5 4909/4/5 4908/4/5
f 4917/4/5 4909/4/5 4916/4/5
f 4920/4/5 4919/4/5 4918/4/5
f 4921/4/5 4919/4/5 4920/4/5
f 4924/4/5 4923/4/5 4922/4/5
f 4925/4/5 4923/4/5 4924/4/5
f 4928/4/5 4927/4/5 4926/4/5
f 4929/4/5 4927/4/5 4928/4/5
f 4932/4/5 4931/4/5 4930/4/5
f 4933/4/5 4931/4/5 4932/4/5
f 4936/4/5 4935/4/5 4934/4/5
f 4937/4/5 4935/4/5 4936/4/5
f 4940/4/5 4939/4/5 4938/4/5
f 4941/4/5 4939/4/5 4940/4/5
f 4944/4/5 4943/4/5 4942/4/5
f 4945/4/5 4943/4/5 4944/4/5
f 4948/4/5 4947/4/5 4946/4/5
f 4949/4/5 4947/4/5 4948/4/5
f 4958/4/5 4951/4/5 4950/4/5
f 4959/4/5 4951/4/5 4958/4/5
f 4960/4/5 4953/4/5 4952/4/5
f 4961/4/5 4953/4/5 4960/4/5
f 4962/4/5 4955/4/5 4954/4/5
f 4963/4/5 4955/4/5 4962/4/5
f 4964/4/5 4957/4/5 4956/4/5
f 4965/4/5 4957/4/5 4964/4/5
f 4968/4/5 4967/4/5 4966/4/5
f 4969/4/5 4967/4/5 4968/4/5
f 4972/4/5 4971/4/5 4970/4/5
f 4973/4/5 4971/4/5 4972/4/5
f 4976/4/5 4975/4/5 4974/4/5
f 4977/4/5 4975/4/5 4976/4/5
f 4980/4/5 4979/4/5 4978/4/5
f 4981/4/5 4979/4/5 4980/4/5
f 4986/4/5 4983/4/5 4982/4/5
f 4987/4/5 4983/4/5 4986/4/5
f 4988/4/5 4985/4/5 4984/4/5
f 4989/4/5 4985/4/5 4988/4/5
f 4992/4/5 4991/4/5 4990/4/5
f 4993/4/5 4991/4/5 4992/4/5
f 4996/4/5 4995/4/5 4994/4/5
f 4997/4/5 4995/4/5 4996/4/5
f 5000/4/5 4999/4/5 4998/4/5
f 5001/4/5 4999/4/5 5000/4/5
f 5004/4/5 5003/4/5 5002/4/5
f 5005/4/5 5003/4/5 5004/4/5
f 5010/4/5 5007/4/5 5006/4/5
f 5011/4/5 5007/4/5 5010/4/5
f 5012/4/5 5009/4/5 5008/4/5
f 5013/4/5 5009/4/5 5012/4/5
f 5016/8/5 5015/8/5 5014/8/5
f 5017/8/5 5015/8/5 5016/8/5
f 5021/8/5 5019/8/5 5018/8/5
f 5022/8/5 5019/8/5 5021/8/5
f 5023/7/5 5021/7/5 5020/7/5
f 5024/7/5 5021/7/5 5023/7/5
f 5026/8/5 5025/8/5 5024/8/5
f 5027/8/5 5025/8/5 5026/8/5
f 5031/8/5 5029/8/5 5028/8/5
f 5032/8/5 5029/8/5 5031/8/5
f 5036/7/5 5031/7/5 5030/7/5
f 5037/7/5 5031/7/5 5036/7/5
f 5040/3/5 5034/3/5 5033/3/5
f 5041/3/5 5034/3/5 5040/3/5
f 5042/3/5 5039/3/5 5038/3/5
f 5043/3/5 5039/3/5 5042/3/5
f 5044/4/5 5036/4/5 5035/4/5
f 5045/4/5 5036/4/5 5044/4/5
f 5047/7/5 5046/7/5 5045/7/5
f 5048/7/5 5046/7/5 5047/7/5
f 5050/8/5 5049/8/5 5048/8/5
f 5051/8/5 5049/8/5 5050/8/5
f 5055/8/5 5053/8/5 5052/8/5
f 5056/8/5 5053/8/5 5055/8/5
f 5057/7/5 5055/7/5 5054/7/5
f 5058/7/5 5055/7/5 5057/7/5
f 5062/4/5 5060/4/5 5059/4/5
f 5063/4/5 5060/4/5 5062/4/5
f 5064/4/5 5062/4/5 5061/4/5
f 5065/4/5 5062/4/5 5064/4/5
f 5067/4/5 5066/4/5 5065/4/5
f 5068/4/5 5066/4/5 5067/4/5
f 5071/7/5 5070/7/5 5069/7/5
f 5072/7/5 5070/7/5 5071/7/5
f 5074/8/5 5073/8/5 5072/8/5
f 5075/8/5 5073/8/5 5074/8/5
f 5078/3/5 5077/3/5 5076/3/5
f 5079/3/5 5077/3/5 5078/3/5
f 5084/3/5 5080/3/5 5079/3/5
f 5086/4/5 5082/4/5 5081/4/5
f 5087/4/5 5082/4/5 5086/4/5
f 5088/4/5 5086/4/5 5085/4/5
f 5089/4/5 5086/4/5 5088/4/5
f 5092/5/5 5091/5/5 5090/5/5
f 5093/5/5 5091/5/5 5092/5/5
f 5094/3/5 5084/3/5 5083/3/5
f 5095/3/5 5080/3/5 5084/3/5
f 5095/3/5 5084/3/5 5094/3/5
f 5096/3/5 5080/3/5 5095/3/5
f 5101/4/5 5098/4/5 5097/4/5
f 5102/4/5 5098/4/5 5101/4/5
f 5104/3/5 5100/3/5 5099/3/5
f 5105/3/5 5100/3/5 5104/3/5
f 5106/4/5 5103/4/5 5102/4/5
f 5107/4/5 5103/4/5 5106/4/5
f 5111/8/5 5109/8/5 5108/8/5
f 5112/8/5 5109/8/5 5111/8/5
f 5114/7/5 5111/7/5 5110/7/5
f 5115/7/5 5111/7/5 5114/7/5
f 5117/4/5 5114/4/5 5113/4/5
f 5118/4/5 5114/4/5 5117/4/5
f 5119/4/5 5117/4/5 5116/4/5
f 5120/4/5 5117/4/5 5119/4/5
f 5124/5/5 5122/5/5 5121/5/5
f 5125/5/5 5122/5/5 5124/5/5
f 5126/6/5 5124/6/5 5123/6/5
f 5127/6/5 5124/6/5 5126/6/5
f 5129/5/5 5128/5/5 5127/5/5
f 5130/5/5 5128/5/5 5129/5/5
f 5135/4/5 5132/4/5 5131/4/5
f 5136/4/5 5132/4/5 5135/4/5
f 5138/3/5 5134/3/5 5133/3/5
f 5139/3/5 5134/3/5 5138/3/5
f 5140/4/5 5137/4/5 5136/4/5
f 5141/4/5 5137/4/5 5140/4/5
f 5143/7/5 5142/7/5 5141/7/5
f 5144/7/5 5142/7/5 5143/7/5
f 5146/8/5 5145/8/5 5144/8/5
f 5147/8/5 5145/8/5 5146/8/5
f 5151/5/5 5149/5/5 5148/5/5
f 5152/5/5 5149/5/5 5151/5/5
f 5153/6/5 5151/6/5 5150/6/5
f 5154/6/5 5151/6/5 5153/6/5
f 5157/6/5 5156/6/5 5155/6/5
f 5158/6/5 5156/6/5 5157/6/5
f 5160/5/5 5159/5/5 5158/5/5
f 5161/5/5 5159/5/5 5160/5/5
f 5164/3/5 5163/3/5 5162/3/5
f 5165/3/5 5163/3/5 5164/3/5
f 5168/3/5 5167/3/5 5166/3/5
f 5169/3/5 5167/3/5 5168/3/5
f 5174/10/5 5171/10/5 5170/10/5
f 5175/10/5 5171/10/5 5174/10/5
f 5178/10/5 5173/10/5 5172/10/5
f 5179/10/5 5173/10/5 5178/10/5
f 5180/10/5 5176/10/5 5175/10/5
f 5181/10/5 5176/10/5 5180/10/5
f 5184/10/5 5178/10/5 5177/10/5
f 5185/10/5 5178/10/5 5184/10/5
f 5186/10/5 5182/10/5 5181/10/5
f 5187/10/5 5182/10/5 5186/10/5
f 5188/10/5 5184/10/5 5183/10/5
f 5189/10/5 5184/10/5 5188/10/5
f 5198/10/5 5191/10/5 5190/10/5
f 5199/10/5 5191/10/5 5198/10/5
f 5200/3/5 5193/3/5 5192/3/5
f 5201/3/5 5193/3/5 5200/3/5
f 5202/3/5 5193/3/5 5201/3/5
f 5203/3/5 5195/3/5 5194/3/5
f 5204/3/5 5195/3/5 5203/3/5
f 5205/3/5 5197/3/5 5196/3/5
f 5206/3/5 5197/3/5 5205/3/5
f 5207/10/5 5200/10/5 5199/10/5
f 5208/10/5 5200/10/5 5207/10/5
f 5212/9/5 5210/9/5 5209/9/5
f 5213/9/5 5210/9/5 5212/9/5
f 5214/9/5 5212/9/5 5211/9/5
f 5215/9/5 5212/9/5 5214/9/5
f 5221/9/5 5216/9/5 5215/9/5
f 5222/9/5 5216/9/5 5221/9/5
f 5225/10/5 5218/10/5 5217/10/5
f 5226/10/5 5218/10/5 5225/10/5
f 5227/3/5 5220/3/5 5219/3/5
f 5228/3/5 5220/3/5 5227/3/5
f 5230/9/5 5223/9/5 5222/9/5
f 5231/9/5 5223/9/5 5230/9/5
f 5233/10/5 5225/10/5 5224/10/5
f 5234/10/5 5225/10/5 5233/10/5
f 5244/3/5 5229/3/5 5228/3/5
f 5245/3/5 5229/3/5 5244/3/5
f 5246/10/5 5233/10/5 5232/10/5
f 5247/10/5 5233/10/5 5246/10/5
f 5248/3/5 5236/3/5 5235/3/5
f 5249/3/5 5236/3/5 5248/3/5
f 5250/3/5 5238/3/5 5237/3/5
f 5251/3/5 5238/3/5 5250/3/5
f 5252/3/5 5240/3/5 5239/3/5
f 5253/3/5 5240/3/5 5252/3/5
f 5254/3/5 5242/3/5 5241/3/5
f 5255/3/5 5242/3/5 5254/3/5
f 5256/3/5 5244/3/5 5243/3/5
f 5257/3/5 5244/3/5 5256/3/5
f 5263/10/5 5259/10/5 5258/10/5
f 5264/10/5 5259/10/5 5263/10/5
f 5265/10/5 5261/10/5 5260/10/5
f 5266/10/5 5261/10/5 5265/10/5
f 5269/10/5 5263/10/5 5262/10/5
f 5270/10/5 5263/10/5 5269/10/5
f 5271/10/5 5267/10/5 5266/10/5
f 5272/10/5 5267/10/5 5271/10/5
f 5274/10/5 5269/10/5 5268/10/5
f 5275/10/5 5269/10/5 5274/10/5
f 5276/10/5 5273/10/5 5272/10/5
f 5277/10/5 5273/10/5 5276/10/5
f 5282/10/5 5279/10/5 5278/10/5
f 5283/10/5 5279/10/5 5282/10/5
f 5286/10/5 5281/10/5 5280/10/5
f 5287/10/5 5281/10/5 5286/10/5
f 5288/10/5 5284/10/5 5283/10/5
f 5289/10/5 5284/10/5 5288/10/5
f 5290/10/5 5286/10/5 5285/10/5
f 5291/10/5 5286/10/5 5290/10/5
f 5292/10/5 5290/10/5 5289/10/5
f 5293/10/5 5290/10/5 5292/10/5
f 5306/10/5 5295/10/5 5294/10/5
f 5307/10/5 5295/10/5 5306/10/5
f 5308/3/5 5297/3/5 5296/3/5
f 5309/3/5 5297/3/5 5308/3/5
f 5310/3/5 5299/3/5 5298/3/5
f 5311/3/5 5299/3/5 5310/3/5
f 5312/3/5 5301/3/5 5300/3/5
f 5313/3/5 5301/3/5 5312/3/5
f 5314/3/5 5303/3/5 5302/3/5
f 5315/3/5 5303/3/5 5314/3/5
f 5318/9/5 5305/9/5 5304/9/5
f 5319/9/5 5305/9/5 5318/9/5
f 5320/10/5 5308/10/5 5307/10/5
f 5321/10/5 5308/10/5 5320/10/5
f 5323/3/5 5316/3/5 5315/3/5
f 5324/3/5 5316/3/5 5323/3/5
f 5326/9/5 5318/9/5 5317/9/5
f 5327/9/5 5318/9/5 5326/9/5
f 5329/9/5 5326/9/5 5325/9/5
f 5331/9/5 5329/9/5 5328/9/5
f 5332/9/5 5331/9/5 5330/9/5
f 5333/9/5 5329/9/5 5331/9/5
f 5333/9/5 5331/9/5 5332/9/5
f 5335/10/5 5308/10/5 5321/10/5
f 5336/10/5 5308/10/5 5335/10/5
f 5337/3/5 5323/3/5 5322/3/5
f 5338/3/5 5323/3/5 5337/3/5
f 5340/9/5 5329/9/5 5333/9/5
f 5341/9/5 5326/9/5 5329/9/5
f 5341/9/5 5329/9/5 5340/9/5
f 5343/10/5 5335/10/5 5334/10/5
f 5344/10/5 5335/10/5 5343/10/5
f 5352/3/5 5339/3/5 5338/3/5
f 5353/3/5 5339/3/5 5352/3/5
f 5354/9/5 5326/9/5 5341/9/5
f 5355/9/5 5326/9/5 5354/9/5
f 5357/10/5 5343/10/5 5342/10/5
f 5358/10/5 5343/10/5 5357/10/5
f 5359/3/5 5346/3/5 5345/3/5
f 5360/3/5 5346/3/5 5359/3/5
f 5361/3/5 5348/3/5 5347/3/5
f 5362/3/5 5348/3/5 5361/3/5
f 5363/3/5 5350/3/5 5349/3/5
f 5364/3/5 5350/3/5 5363/3/5
f 5365/3/5 5352/3/5 5351/3/5
f 5366/3/5 5352/3/5 5365/3/5
f 5367/9/5 5356/9/5 5355/9/5
f 5368/9/5 5356/9/5 5367/9/5
f 5370/9/5 5369/9/5 5368/9/5
f 5371/9/5 5369/9/5 5370/9/5
f 5375/10/5 5373/10/5 5372/10/5
f 5376/10/5 5373/10/5 5375/10/5
f 5379/10/5 5375/10/5 5374/10/5
f 5380/10/5 5375/10/5 5379/10/5
f 5381/10/5 5377/10/5 5376/10/5
f 5382/10/5 5377/10/5 5381/10/5
f 5384/10/5 5379/10/5 5378/10/5
f 5385/10/5 5379/10/5 5384/10/5
f 5386/10/5 5383/10/5 5382/10/5
f 5387/10/5 5383/10/5 5386/10/5
f 5392/10/5 5389/10/5 5388/10/5
f 5393/10/5 5389/10/5 5392/10/5
f 5394/10/5 5391/10/5 5390/10/5
f 5395/10/5 5391/10/5 5394/10/5
f 5396/10/5 5394/10/5 5393/10/5
f 5397/10/5 5394/10/5 5396/10/5
f 5410/10/5 5399/10/5 5398/10/5
f 5411/10/5 5399/10/5 5410/10/5
f 5413/3/5 5401/3/5 5400/3/5
f 5414/3/5 5401/3/5 5413/3/5
f 5415/3/5 5403/3/5 5402/3/5
f 5416/3/5 5403/3/5 5415/3/5
f 5417/3/5 5405/3/5 5404/3/5
f 5418/3/5 5405/3/5 5417/3/5
f 5419/3/5 5407/3/5 5406/3/5
f 5420/3/5 5407/3/5 5419/3/5
f 5423/9/5 5409/9/5 5408/9/5
f 5425/10/5 5412/10/5 5411/10/5
f 5426/10/5 5412/10/5 5425/10/5
f 5434/3/5 5421/3/5 5420/3/5
f 5435/3/5 5421/3/5 5434/3/5
f 5436/10/5 5425/10/5 5424/10/5
f 5437/10/5 5425/10/5 5436/10/5
f 5438/3/5 5428/3/5 5427/3/5
f 5439/3/5 5428/3/5 5438/3/5
f 5440/3/5 5430/3/5 5429/3/5
f 5441/3/5 5430/3/5 5440/3/5
f 5442/3/5 5432/3/5 5431/3/5
f 5443/3/5 5432/3/5 5442/3/5
f 5444/3/5 5434/3/5 5433/3/5
f 5445/3/5 5434/3/5 5444/3/5
f 5446/9/5 5423/9/5 5422/9/5
f 5447/9/5 5409/9/5 5423/9/5
f 5447/9/5 5423/9/5 5446/9/5
f 5448/9/5 5409/9/5 5447/9/5
f 5449/9/5 5409/9/5 5448/9/5
f 5453/10/5 5451/10/5 5450/10/5
f 5454/10/5 5451/10/5 5453/10/5
f 5456/10/5 5453/10/5 5452/10/5
f 5457/10/5 5453/10/5 5456/10/5
f 5458/10/5 5455/10/5 5454/10/5
f 5459/10/5 5455/10/5 5458/10/5
f 5464/2/5 5461/2/5 5460/2/5
f 5465/2/5 5461/2/5 5464/2/5
f 5466/1/5 5463/1/5 5462/1/5
f 5467/1/5 5463/1/5 5466/1/5
f 5470/10/5 5469/10/5 5468/10/5
f 5471/10/5 5469/10/5 5470/10/5
f 5474/2/5 5473/2/5 5472/2/5
f 5475/2/5 5473/2/5 5474/2/5
f 5478/1/5 5477/1/5 5476/1/5
f 5479/1/5 5477/1/5 5478/1/5
f 5492/9/5 5481/9/5 5480/9/5
f 5493/9/5 5481/9/5 5492/9/5
f 5494/3/5 5485/3/5 5484/3/5
f 5495/3/5 5485/3/5 5494/3/5
f 5496/10/5 5483/10/5 5482/10/5
f 5497/10/5 5483/10/5 5496/10/5
f 5498/3/5 5485/3/5 5495/3/5
f 5499/3/5 5485/3/5 5498/3/5
f 5500/3/5 5487/3/5 5486/3/5
f 5501/3/5 5487/3/5 5500/3/5
f 5502/3/5 5489/3/5 5488/3/5
f 5503/3/5 5489/3/5 5502/3/5
f 5504/3/5 5491/3/5 5490/3/5
f 5505/3/5 5491/3/5 5504/3/5
f 5506/9/5 5492/9/5 5480/9/5
f 5508/9/5 5507/9/5 5506/9/5
f 5508/9/5 5506/9/5 5480/9/5
f 5509/9/5 5507/9/5 5508/9/5
f 5512/1/5 5511/1/5 5510/1/5
f 5513/1/5 5511/1/5 5512/1/5
f 5516/2/5 5515/2/5 5514/2/5
f 5517/2/5 5515/2/5 5516/2/5
f 5520/10/5 5519/10/5 5518/10/5
f 5521/10/5 5519/10/5 5520/10/5
f 5526/1/5 5523/1/5 5522/1/5
f 5527/1/5 5523/1/5 5526/1/5
f 5528/2/5 5525/2/5 5524/2/5
f 5529/2/5 5525/2/5 5528/2/5
f 5532/2/5 5531/2/5 5530/2/5
f 5533/2/5 5531/2/5 5532/2/5
f 5536/1/5 5535/1/5 5534/1/5
f 5537/1/5 5535/1/5 5536/1/5
f 5540/2/5 5539/2/5 5538/2/5
f 5541/2/5 5539/2/5 5540/2/5
f 5544/1/5 5543/1/5 5542/1/5
f 5545/1/5 5543/1/5 5544/1/5
f 5548/9/5 5547/9/5 5546/9/5
f 5549/9/5 5547/9/5 5548/9/5
f 5550/8/5 5549/8/5 5548/8/5
f 5551/8/5 5549/8/5 5550/8/5
f 5554/1/5 5553/1/5 5552/1/5
f 5555/1/5 5553/1/5 5554/1/5
f 5558/2/5 5557/2/5 5556/2/5
f 5559/2/5 5557/2/5 5558/2/5
f 5562/1/5 5561/1/5 5560/1/5
f 5563/1/5 5561/1/5 5562/1/5
f 5566/2/5 5565/2/5 5564/2/5
f 5567/2/5 5565/2/5 5566/2/5
f 5570/1/5 5569/1/5 5568/1/5
f 5571/1/5 5569/1/5 5570/1/5
f 5574/1/5 5573/1/5 5572/1/5
f 5575/1/5 5573/1/5 5574/1/5
f 5578/1/5 5577/1/5 5576/1/5
f 5579/1/5 5577/1/5 5578/1/5
f 5582/1/5 5581/1/5 5580/1/5
f 5583/1/5 5581/1/5 5582/1/5
f 5586/1/5 5585/1/5 5584/1/5
f 5587/1/5 5585/1/5 5586/1/5
f 5590/1/5 5589/1/5 5588/1/5
f 5591/1/5 5589/1/5 5590/1/5
f 5594/1/5 5593/1/5 5592/1/5
f 5595/1/5 5593/1/5 5594/1/5
f 5598/1/5 5597/1/5 5596/1/5
f 5599/1/5 5597/1/5 5598/1/5
f 5602/2/5 5601/2/5 5600/2/5
f 5603/2/5 5601/2/5 5602/2/5
f 5606/2/5 5605/2/5 5604/2/5
f 5607/2/5 5605/2/5 5606/2/5
f 5610/2/5 5609/2/5 5608/2/5
f 5611/2/5 5609/2/5 5610/2/5
f 5614/2/5 5613/2/5 5612/2/5
f 5615/2/5 5613/2/5 5614/2/5
f 5618/2/5 5617/2/5 5616/2/5
f 5619/2/5 5617/2/5 5618/2/5
f 5622/2/5 5621/2/5 5620/2/5
f 5623/2/5 5621/2/5 5622/2/5
f 5626/2/5 5625/2/5 5624/2/5
f 5627/2/5 5625/2/5 5626/2/5
f 5630/2/5 5629/2/5 5628/2/5
f 5631/2/5 5629/2/5 5630/2/5
f 5636/10/5 5633/10/5 5632/10/5
f 5637/10/5 5633/10/5 5636/10/5
f 5638/10/5 5635/10/5 5634/10/5
f 5639/10/5 5635/10/5 5638/10/5
f 5644/10/5 5643/10/5 5642/10/5
f 5645/10/5 5643/10/5 5644/10/5
f 5648/10/5 5641/10/5 5640/10/5
f 5649/10/5 5641/10/5 5648/10/5
f 5652/10/5 5651/10/5 5650/10/5
f 5653/10/5 5651/10/5 5652/10/5
f 5654/10/5 5647/10/5 5646/10/5
f 5655/10/5 5647/10/5 5654/10/5
f 5660/10/5 5657/10/5 5656/10/5
f 5661/10/5 5657/10/5 5660/10/5
f 5662/10/5 5659/10/5 5658/10/5
f 5663/10/5 5659/10/5 5662/10/5
f 5664/2/6 5665/2/6 5666/2/6
f 5666/2/6 5665/2/6 5667/2/6
f 5668/10/6 5669/10/6 5670/10/6
f 5670/10/6 5669/10/6 5671/10/6
f 5672/2/6 5673/2/6 5676/2/6
f 5676/2/6 5673/2/6 5677/2/6
f 5674/1/6 5675/1/6 5678/1/6
f 5678/1/6 5675/1/6 5679/1/6
f 5680/2/6 5681/2/6 5682/2/6
f 5682/2/6 5681/2/6 5683/2/6
f 5684/10/6 5685/10/6 5688/10/6
f 5688/10/6 5685/10/6 5689/10/6
f 5686/10/6 5687/10/6 5690/10/6
f 5690/10/6 5687/10/6 5691/10/6
f 5692/1/6 5693/1/6 5694/1/6
f 5694/1/6 5693/1/6 5695/1/6
f 5696/1/6 5697/1/6 5698/1/6
f 5698/1/6 5697/1/6 5699/1/6
f 5700/10/6 5701/10/6 5702/10/6
f 5702/10/6 5701/10/6 5703/10/6
f 5704/10/6 5705/10/6 5708/10/6
f 5708/10/6 5705/10/6 5709/10/6
f 5706/10/6 5707/10/6 5710/10/6
f 5710/10/6 5707/10/6 5711/10/6
f 5712/10/6 5713/10/6 5714/10/6
f 5714/10/6 5713/10/6 5715/10/6
f 5716/10/6 5717/10/6 5718/10/6
f 5718/10/6 5717/10/6 5719/10/6
f 5720/10/6 5721/10/6 5724/10/6
f 5724/10/6 5721/10/6 5725/10/6
f 5722/10/6 5723/10/6 5728/10/6
f 5728/10/6 5723/10/6 5729/10/6
f 5725/10/6 5726/10/6 5730/10/6
f 5730/10/6 5726/10/6 5731/10/6
f 5727/10/6 5728/10/6 5734/10/6
f 5734/10/6 5728/10/6 5735/10/6
f 5731/10/6 5732/10/6 5736/10/6
f 5736/10/6 5732/10/6 5737/10/6
f 5733/10/6 5734/10/6 5738/10/6
f 5738/10/6 5734/10/6 5739/10/6
f 5737/10/6 5738/10/6 5740/10/6
f 5740/10/6 5738/10/6 5741/10/6
f 5742/3/6 5743/3/6 5746/3/6
f 5746/3/6 5743/3/6 5747/3/6
f 5744/3/6 5745/3/6 5750/3/6
f 5750/3/6 5745/3/6 5751/3/6
f 5747/3/6 5748/3/6 5752/3/6
f 5752/3/6 5748/3/6 5753/3/6
f 5749/3/6 5750/3/6 5755/3/6
f 5750/10/6 5751/10/6 5756/10/6
f 5755/3/6 5750/3/6 5756/3/6
f 5756/10/6 5751/10/6 5757/10/6
f 5752/10/6 5753/10/6 5758/10/6
f 5753/3/6 5754/3/6 5759/3/6
f 5758/10/6 5753/10/6 5759/10/6
f 5759/3/6 5754/3/6 5760/3/6
f 5755/10/6 5756/10/6 5761/10/6
f 5761/10/6 5756/10/6 5762/10/6
f 5759/10/6 5760/10/6 5765/10/6
f 5765/10/6 5760/10/6 5766/10/6
f 5762/10/6 5763/10/6 5767/10/6
f 5767/10/6 5763/10/6 5768/10/6
f 5764/10/6 5765/10/6 5769/10/6
f 5769/10/6 5765/10/6 5770/10/6
f 5768/10/6 5769/10/6 5771/10/6
f 5771/10/6 5769/10/6 5772/10/6
f 5773/10/6 5774/10/6 5776/10/6
f 5776/10/6 5774/10/6 5777/10/6
f 5775/10/6 5776/10/6 5780/10/6
f 5777/10/6 5778/10/6 5780/10/6
f 5776/10/6 5777/10/6 5780/10/6
f 5780/10/6 5778/10/6 5781/10/6
f 5781/10/6 5778/10/6 5782/10/6
f 5782/10/6 5778/10/6 5783/10/6
f 5779/10/6 5780/10/6 5786/10/6
f 5780/10/6 5781/10/6 5786/10/6
f 5786/10/6 5781/10/6 5787/10/6
f 5787/10/6 5781/10/6 5788/10/6
f 5782/10/6 5783/10/6 5789/10/6
f 5783/10/6 5784/10/6 5789/10/6
f 5789/10/6 5784/10/6 5790/10/6
f 5790/10/6 5784/10/6 5791/10/6
f 5786/10/6 5787/10/6 5793/10/6
f 5785/10/6 5786/10/6 5793/10/6
f 5793/10/6 5787/10/6 5794/10/6
f 5791/10/6 5792/10/6 5795/10/6
f 5790/10/6 5791/10/6 5795/10/6
f 5795/10/6 5792/10/6 5796/10/6
f 5797/10/6 5798/10/6 5800/10/6
f 5799/10/6 5800/10/6 5802/10/6
f 5801/10/6 5802/10/6 5804/10/6
f 5800/10/6 5798/10/6 5805/10/6
f 5803/10/6 5804/10/6 5805/10/6
f 5804/10/6 5802/10/6 5805/10/6
f 5802/10/6 5800/10/6 5805/10/6
f 5805/10/6 5798/10/6 5806/10/6
f 5803/10/6 5805/10/6 5807/10/6
f 5807/10/6 5805/10/6 5808/10/6
f 5803/10/6 5807/10/6 5809/10/6
f 5809/10/6 5810/10/6 5811/10/6
f 5809/10/6 5811/10/6 5813/10/6
f 5811/10/6 5812/10/6 5813/10/6
f 5803/10/6 5809/10/6 5813/10/6
f 5813/10/6 5812/10/6 5814/10/6
f 5814/10/6 5812/10/6 5815/10/6
f 5815/10/6 5812/10/6 5816/10/6
f 5816/10/6 5812/10/6 5819/10/6
f 5819/10/6 5812/10/6 5820/10/6
f 5817/10/6 5818/10/6 5821/10/6
f 5820/10/6 5812/10/6 5823/10/6
f 5823/10/6 5812/10/6 5824/10/6
f 5821/10/6 5822/10/6 5825/10/6
f 5825/10/6 5826/10/6 5827/10/6
f 5821/10/6 5825/10/6 5829/10/6
f 5827/10/6 5828/10/6 5829/10/6
f 5825/10/6 5827/10/6 5829/10/6
f 5817/10/6 5821/10/6 5829/10/6
f 5829/10/6 5828/10/6 5830/10/6
f 5830/10/6 5828/10/6 5831/10/6
f 5831/10/6 5828/10/6 5832/10/6
f 5832/10/6 5828/10/6 5834/10/6
f 5833/10/6 5834/10/6 5836/10/6
f 5834/10/6 5828/10/6 5837/10/6
f 5835/10/6 5836/10/6 5837/10/6
f 5836/10/6 5834/10/6 5837/10/6
f 5837/10/6 5828/10/6 5838/10/6
f 5835/10/6 5837/10/6 5839/10/6
f 5839/10/6 5837/10/6 5840/10/6
f 5835/10/6 5839/10/6 5841/10/6
f 5841/10/6 5839/10/6 5842/10/6
f 5835/10/6 5841/10/6 5843/10/6
f 5843/10/6 5841/10/6 5844/10/6
f 5845/10/6 5846/10/6 5849/10/6
f 5849/10/6 5846/10/6 5850/10/6
f 5850/10/6 5846/10/6 5851/10/6
f 5847/10/6 5848/10/6 5854/10/6
f 5854/10/6 5848/10/6 5855/10/6
f 5855/10/6 5848/10/6 5856/10/6
f 5851/10/6 5852/10/6 5857/10/6
f 5850/10/6 5851/10/6 5857/10/6
f 5857/10/6 5852/10/6 5858/10/6
f 5858/10/6 5852/10/6 5859/10/6
f 5854/10/6 5855/10/6 5860/10/6
f 5853/10/6 5854/10/6 5860/10/6
f 5860/10/6 5855/10/6 5861/10/6
f 5861/10/6 5855/10/6 5862/10/6
f 5858/10/6 5859/10/6 5863/10/6
f 5860/10/6 5861/10/6 5863/10/6
f 5859/10/6 5860/10/6 5863/10/6
f 5863/10/6 5861/10/6 5864/10/6
f 5864/10/6 5861/10/6 5865/10/6
f 5865/10/6 5861/10/6 5866/10/6
f 5864/10/6 5865/10/6 5867/10/6
f 5867/10/6 5865/10/6 5868/10/6
f 5869/4/6 5870/4/6 5877/4/6
f 5877/4/6 5870/4/6 5878/4/6
f 5871/4/6 5872/4/6 5879/4/6
f 5879/4/6 5872/4/6 5880/4/6
f 5873/4/6 5874/4/6 5881/4/6
f 5881/4/6 5874/4/6 5882/4/6
f 5875/4/6 5876/4/6 5883/4/6
f 5883/4/6 5876/4/6 5884/4/6
f 5885/4/6 5886/4/6 5887/4/6
f 5887/4/6 5886/4/6 5888/4/6
f 5889/4/6 5890/4/6 5891/4/6
f 5891/4/6 5890/4/6 5892/4/6
f 5893/4/6 5894/4/6 5895/4/6
f 5895/4/6 5894/4/6 5896/4/6
f 5897/4/6 5898/4/6 5899/4/6
f 5899/4/6 5898/4/6 5900/4/6
f 5901/4/6 5902/4/6 5903/4/6
f 5903/4/6 5902/4/6 5904/4/6
f 5905/4/6 5906/4/6 5907/4/6
f 5907/4/6 5906/4/6 5908/4/6
f 5909/4/6 5910/4/6 5911/4/6
f 5911/4/6 5910/4/6 5912/4/6
f 5913/4/6 5914/4/6 5915/4/6
f 5915/4/6 5914/4/6 5916/4/6
f 5917/4/6 5918/4/6 5925/4/6
f 5925/4/6 5918/4/6 5926/4/6
f 5919/4/6 5920/4/6 5927/4/6
f 5927/4/6 5920/4/6 5928/4/6
f 5921/4/6 5922/4/6 5929/4/6
f 5929/4/6 5922/4/6 5930/4/6
f 5923/4/6 5924/4/6 5931/4/6
f 5931/4/6 5924/4/6 5932/4/6
f 5933/4/6 5934/4/6 5937/4/6
f 5937/4/6 5934/4/6 5938/4/6
f 5935/4/6 5936/4/6 5939/4/6
f 5939/4/6 5936/4/6 5940/4/6
f 5941/4/6 5942/4/6 5943/4/6
f 5943/4/6 5942/4/6 5944/4/6
f 5945/4/6 5946/4/6 5947/4/6
f 5947/4/6 5946/4/6 5948/4/6
f 5949/4/6 5950/4/6 5951/4/6
f 5951/4/6 5950/4/6 5952/4/6
f 5953/4/6 5954/4/6 5955/4/6
f 5955/4/6 5954/4/6 5956/4/6
f 5957/4/6 5958/4/6 5961/4/6
f 5961/4/6 5958/4/6 5962/4/6
f 5959/4/6 5960/4/6 5963/4/6
f 5963/4/6 5960/4/6 5964/4/6
f 5965/4/6 5966/4/6 5969/4/6
f 5969/4/6 5966/4/6 5970/4/6
f 5967/4/6 5968/4/6 5971/4/6
f 5971/4/6 5968/4/6 5972/4/6
f 5973/4/6 5974/4/6 5975/4/6
f 5975/4/6 5974/4/6 5976/4/6
f 5977/4/6 5978/4/6 5979/4/6
f 5979/4/6 5978/4/6 5980/4/6
f 5981/4/6 5982/4/6 5983/4/6
f 5983/4/6 5982/4/6 5984/4/6
f 5985/4/6 5986/4/6 5987/4/6
f 5987/4/6 5986/4/6 5988/4/6
f 5989/4/6 5990/4/6 5993/4/6
f 5993/4/6 5990/4/6 5994/4/6
f 5991/4/6 5992/4/6 5995/4/6
f 5995/4/6 5992/4/6 5996/4/6
f 5997/4/6 5998/4/6 5999/4/6
f 5999/4/6 5998/4/6 6000/4/6
f 6001/4/6 6002/4/6 6003/4/6
f 6003/4/6 6002/4/6 6004/4/6
f 6005/4/6 6006/4/6 6007/4/6
f 6007/4/6 6006/4/6 6008/4/6
f 6009/4/6 6010/4/6 6011/4/6
f 6011/4/6 6010/4/6 6012/4/6
f 6013/10/6 6014/10/6 6015/10/6
f 6015/10/6 6014/10/6 6016/10/6
f 6023/3/6 6024/3/6 6025/3/6
f 6017/10/6 6018/10/6 6027/10/6
f 6027/10/6 6018/10/6 6028/10/6
f 6019/3/6 6020/3/6 6029/3/6
f 6029/3/6 6020/3/6 6030/3/6
f 6021/3/6 6022/3/6 6031/3/6
f 6031/3/6 6022/3/6 6032/3/6
f 6025/3/6 6026/3/6 6033/3/6
f 6023/3/6 6025/3/6 6033/3/6
f 6033/3/6 6026/3/6 6034/3/6
f 6035/10/6 6036/10/6 6037/10/6
f 6037/10/6 6036/10/6 6038/10/6
f 6039/10/6 6040/10/6 6043/10/6
f 6043/10/6 6040/10/6 6044/10/6
f 6041/10/6 6042/10/6 6045/10/6
f 6045/10/6 6042/10/6 6046/10/6
f 6044/10/6 6045/10/6 6047/10/6
f 6047/10/6 6045/10/6 6048/10/6
f 6049/10/6 6050/10/6 6055/10/6
f 6055/10/6 6050/10/6 6056/10/6
f 6051/3/6 6052/3/6 6058/3/6
f 6058/3/6 6052/3/6 6059/3/6
f 6053/3/6 6054/3/6 6060/3/6
f 6060/3/6 6054/3/6 6061/3/6
f 6056/10/6 6057/10/6 6067/10/6
f 6067/10/6 6057/10/6 6068/10/6
f 6062/3/6 6063/3/6 6073/3/6
f 6073/3/6 6063/3/6 6074/3/6
f 6064/9/6 6065/9/6 6075/9/6
f 6075/9/6 6065/9/6 6076/9/6
f 6066/10/6 6067/10/6 6077/10/6
f 6077/10/6 6067/10/6 6078/10/6
f 6069/3/6 6070/3/6 6079/3/6
f 6079/3/6 6070/3/6 6080/3/6
f 6071/3/6 6072/3/6 6081/3/6
f 6081/3/6 6072/3/6 6082/3/6
f 6083/10/6 6084/10/6 6086/10/6
f 6086/10/6 6084/10/6 6087/10/6
f 6085/10/6 6086/10/6 6089/10/6
f 6089/10/6 6086/10/6 6090/10/6
f 6087/10/6 6088/10/6 6091/10/6
f 6091/10/6 6088/10/6 6092/10/6
f 6093/10/6 6094/10/6 6097/10/6
f 6097/10/6 6094/10/6 6098/10/6
f 6095/10/6 6096/10/6 6101/10/6
f 6101/10/6 6096/10/6 6102/10/6
f 6098/10/6 6099/10/6 6103/10/6
f 6103/10/6 6099/10/6 6104/10/6
f 6100/10/6 6101/10/6 6105/10/6
f 6105/10/6 6101/10/6 6106/10/6
f 6104/10/6 6105/10/6 6107/10/6
f 6107/10/6 6105/10/6 6108/10/6
f 6109/10/6 6110/10/6 6117/10/6
f 6117/10/6 6110/10/6 6118/10/6
f 6111/3/6 6112/3/6 6120/3/6
f 6120/3/6 6112/3/6 6121/3/6
f 6113/3/6 6114/3/6 6122/3/6
f 6122/3/6 6114/3/6 6123/3/6
f 6115/3/6 6116/3/6 6124/3/6
f 6124/3/6 6116/3/6 6125/3/6
f 6118/10/6 6119/10/6 6129/10/6
f 6129/10/6 6119/10/6 6130/10/6
f 6125/3/6 6126/3/6 6133/3/6
f 6133/3/6 6126/3/6 6134/3/6
f 6127/9/6 6128/9/6 6136/9/6
f 6136/9/6 6128/9/6 6137/9/6
f 6130/10/6 6131/10/6 6139/10/6
f 6139/10/6 6131/10/6 6140/10/6
f 6132/3/6 6133/3/6 6143/3/6
f 6143/3/6 6133/3/6 6144/3/6
f 6135/9/6 6136/9/6 6146/9/6
f 6146/9/6 6136/9/6 6147/9/6
f 6138/10/6 6139/10/6 6150/10/6
f 6150/10/6 6139/10/6 6151/10/6
f 6141/3/6 6142/3/6 6155/3/6
f 6144/3/6 6145/3/6 6157/3/6
f 6157/3/6 6145/3/6 6158/3/6
f 6149/10/6 6150/10/6 6159/10/6
f 6159/10/6 6150/10/6 6160/10/6
f 6152/3/6 6153/3/6 6161/3/6
f 6161/3/6 6153/3/6 6162/3/6
f 6154/3/6 6155/3/6 6163/3/6
f 6155/3/6 6142/3/6 6164/3/6
f 6163/3/6 6155/3/6 6164/3/6
f 6156/3/6 6157/3/6 6165/3/6
f 6165/3/6 6157/3/6 6166/3/6
f 6147/9/6 6148/9/6 6167/9/6
f 6167/9/6 6148/9/6 6168/9/6
f 6169/10/6 6170/10/6 6172/10/6
f 6172/10/6 6170/10/6 6173/10/6
f 6171/10/6 6172/10/6 6176/10/6
f 6176/10/6 6172/10/6 6177/10/6
f 6173/10/6 6174/10/6 6178/10/6
f 6178/10/6 6174/10/6 6179/10/6
f 6175/10/6 6176/10/6 6181/10/6
f 6181/10/6 6176/10/6 6182/10/6
f 6179/10/6 6180/10/6 6183/10/6
f 6183/10/6 6180/10/6 6184/10/6
f 6185/10/6 6186/10/6 6189/10/6
f 6189/10/6 6186/10/6 6190/10/6
f 6187/10/6 6188/10/6 6193/10/6
f 6193/10/6 6188/10/6 6194/10/6
f 6190/10/6 6191/10/6 6195/10/6
f 6195/10/6 6191/10/6 6196/10/6
f 6192/10/6 6193/10/6 6199/10/6
f 6199/10/6 6193/10/6 6200/10/6
f 6196/10/6 6197/10/6 6201/10/6
f 6201/10/6 6197/10/6 6202/10/6
f 6198/10/6 6199/10/6 6203/10/6
f 6203/10/6 6199/10/6 6204/10/6
f 6205/10/6 6206/10/6 6213/10/6
f 6213/10/6 6206/10/6 6214/10/6
f 6207/3/6 6208/3/6 6216/3/6
f 6209/3/6 6210/3/6 6217/3/6
f 6217/3/6 6210/3/6 6218/3/6
f 6211/3/6 6212/3/6 6219/3/6
f 6219/3/6 6212/3/6 6220/3/6
f 6214/10/6 6215/10/6 6221/10/6
f 6221/10/6 6215/10/6 6222/10/6
f 6216/3/6 6208/3/6 6223/3/6
f 6223/3/6 6208/3/6 6224/3/6
f 6222/10/6 6223/10/6 6225/10/6
f 6225/10/6 6223/10/6 6226/10/6
f 6227/9/6 6228/9/6 6229/9/6
f 6229/9/6 6228/9/6 6230/9/6
f 6231/10/6 6232/10/6 6238/10/6
f 6238/10/6 6232/10/6 6239/10/6
f 6233/3/6 6234/3/6 6241/3/6
f 6241/3/6 6234/3/6 6242/3/6
f 6235/9/6 6236/9/6 6244/9/6
f 6244/9/6 6236/9/6 6245/9/6
f 6237/10/6 6238/10/6 6247/10/6
f 6247/10/6 6238/10/6 6248/10/6
f 6239/3/6 6240/3/6 6249/3/6
f 6242/3/6 6243/3/6 6255/3/6
f 6255/3/6 6243/3/6 6256/3/6
f 6246/10/6 6247/10/6 6257/10/6
f 6257/10/6 6247/10/6 6258/10/6
f 6249/3/6 6240/3/6 6259/3/6
f 6259/3/6 6240/3/6 6260/3/6
f 6250/3/6 6251/3/6 6261/3/6
f 6261/3/6 6251/3/6 6262/3/6
f 6252/3/6 6253/3/6 6263/3/6
f 6263/3/6 6253/3/6 6264/3/6
f 6254/3/6 6255/3/6 6265/3/6
f 6265/3/6 6255/3/6 6266/3/6
f 6267/10/6 6268/10/6 6272/10/6
f 6272/10/6 6268/10/6 6273/10/6
f 6269/10/6 6270/10/6 6274/10/6
f 6274/10/6 6270/10/6 6275/10/6
f 6271/10/6 6272/10/6 6278/10/6
f 6278/10/6 6272/10/6 6279/10/6
f 6275/10/6 6276/10/6 6280/10/6
f 6280/10/6 6276/10/6 6281/10/6
f 6277/10/6 6278/10/6 6283/10/6
f 6283/10/6 6278/10/6 6284/10/6
f 6281/10/6 6282/10/6 6285/10/6
f 6285/10/6 6282/10/6 6286/10/6
f 6287/3/6 6288/3/6 6289/3/6
f 6289/3/6 6288/3/6 6290/3/6
f 6291/9/6 6292/9/6 6294/9/6
f 6294/9/6 6292/9/6 6295/9/6
f 6293/9/6 6294/9/6 6297/9/6
f 6297/9/6 6294/9/6 6298/9/6
f 6296/9/6 6297/9/6 6300/9/6
f 6300/9/6 6297/9/6 6301/9/6
f 6299/9/6 6300/9/6 6302/9/6
f 6302/9/6 6300/9/6 6303/9/6
f 6303/9/6 6304/9/6 6305/9/6
f 6305/9/6 6304/9/6 6306/9/6
f 6306/9/6 6307/9/6 6308/9/6
f 6308/9/6 6307/9/6 6309/9/6
f 6309/9/6 6310/9/6 6311/9/6
f 6311/9/6 6310/9/6 6312/9/6
f 6313/9/6 6314/9/6 6316/9/6
f 6316/9/6 6314/9/6 6317/9/6
f 6315/9/6 6316/9/6 6320/9/6
f 6320/9/6 6316/9/6 6321/9/6
f 6318/9/6 6319/9/6 6323/9/6
f 6322/9/6 6323/9/6 6324/9/6
f 6323/9/6 6319/9/6 6325/9/6
f 6324/9/6 6323/9/6 6325/9/6
f 6325/9/6 6319/9/6 6326/9/6
f 6326/9/6 6319/9/6 6327/9/6
f 6327/9/6 6328/9/6 6329/9/6
f 6329/9/6 6328/9/6 6330/9/6
f 6330/9/6 6331/9/6 6334/9/6
f 6334/9/6 6331/9/6 6335/9/6
f 6332/3/6 6333/3/6 6336/3/6
f 6336/3/6 6333/3/6 6337/3/6
f 6338/3/6 6339/3/6 6340/3/6
f 6340/3/6 6339/3/6 6341/3/6
f 6342/3/6 6343/3/6 6344/3/6
f 6344/3/6 6343/3/6 6345/3/6
f 6346/3/6 6347/3/6 6348/3/6
f 6348/3/6 6347/3/6 6349/3/6
f 6349/3/6 6350/3/6 6352/3/6
f 6353/5/6 6354/5/6 6356/5/6
f 6356/5/6 6354/5/6 6357/5/6
f 6355/6/6 6356/6/6 6358/6/6
f 6358/6/6 6356/6/6 6359/6/6
f 6351/3/6 6352/3/6 6364/3/6
f 6352/3/6 6350/3/6 6365/3/6
f 6364/3/6 6352/3/6 6365/3/6
f 6365/3/6 6350/3/6 6366/3/6
f 6360/6/6 6361/6/6 6367/6/6
f 6367/6/6 6361/6/6 6368/6/6
f 6362/10/6 6363/10/6 6370/10/6
f 6370/10/6 6363/10/6 6371/10/6
f 6368/5/6 6369/5/6 6374/5/6
f 6374/5/6 6369/5/6 6375/5/6
f 6372/3/6 6373/3/6 6376/3/6
f 6376/3/6 6373/3/6 6377/3/6
f 6378/8/6 6379/8/6 6381/8/6
f 6381/8/6 6379/8/6 6382/8/6
f 6380/7/6 6381/7/6 6384/7/6
f 6384/7/6 6381/7/6 6385/7/6
f 6383/4/6 6384/4/6 6391/4/6
f 6391/4/6 6384/4/6 6392/4/6
f 6388/3/6 6389/3/6 6393/3/6
f 6393/3/6 6389/3/6 6394/3/6
f 6390/4/6 6391/4/6 6395/4/6
f 6395/4/6 6391/4/6 6396/4/6
f 6397/5/6 6398/5/6 6400/5/6
f 6400/5/6 6398/5/6 6401/5/6
f 6399/6/6 6400/6/6 6402/6/6
f 6402/6/6 6400/6/6 6403/6/6
f 6386/10/6 6387/10/6 6405/10/6
f 6405/10/6 6387/10/6 6406/10/6
f 6403/5/6 6404/5/6 6409/5/6
f 6409/5/6 6404/5/6 6410/5/6
f 6407/3/6 6408/3/6 6411/3/6
f 6411/3/6 6408/3/6 6412/3/6
f 6413/4/6 6414/4/6 6415/4/6
f 6415/4/6 6414/4/6 6416/4/6
f 6416/4/6 6417/4/6 6418/4/6
f 6418/4/6 6417/4/6 6419/4/6
f 6419/7/6 6420/7/6 6421/7/6
f 6421/7/6 6420/7/6 6422/7/6
f 6422/8/6 6423/8/6 6424/8/6
f 6424/8/6 6423/8/6 6425/8/6
f 6426/4/6 6427/4/6 6433/4/6
f 6433/4/6 6427/4/6 6434/4/6
f 6432/4/6 6433/4/6 6435/4/6
f 6435/4/6 6433/4/6 6436/4/6
f 6428/10/6 6429/10/6 6439/10/6
f 6439/10/6 6429/10/6 6440/10/6
f 6437/5/6 6438/5/6 6441/5/6
f 6441/5/6 6438/5/6 6442/5/6
f 6430/3/6 6431/3/6 6443/3/6
f 6443/3/6 6431/3/6 6444/3/6
f 6445/4/6 6446/4/6 6447/4/6
f 6447/4/6 6446/4/6 6448/4/6
f 6448/4/6 6449/4/6 6450/4/6
f 6450/4/6 6449/4/6 6451/4/6
f 6452/8/6 6453/8/6 6455/8/6
f 6455/8/6 6453/8/6 6456/8/6
f 6454/7/6 6455/7/6 6457/7/6
f 6457/7/6 6455/7/6 6458/7/6
f 6459/4/6 6460/4/6 6462/4/6
f 6462/4/6 6460/4/6 6463/4/6
f 6461/4/6 6462/4/6 6464/4/6
f 6464/4/6 6462/4/6 6465/4/6
f 6465/4/6 6466/4/6 6467/4/6
f 6467/4/6 6466/4/6 6468/4/6
f 6469/7/6 6470/7/6 6471/7/6
f 6471/7/6 6470/7/6 6472/7/6
f 6472/8/6 6473/8/6 6474/8/6
f 6474/8/6 6473/8/6 6475/8/6
f 6476/2/6 6477/2/6 6480/2/6
f 6480/2/6 6477/2/6 6481/2/6
f 6478/1/6 6479/1/6 6482/1/6
f 6482/1/6 6479/1/6 6483/1/6
f 6484/2/6 6485/2/6 6486/2/6
f 6486/2/6 6485/2/6 6487/2/6
f 6488/1/6 6489/1/6 6490/1/6
f 6490/1/6 6489/1/6 6491/1/6
f 6492/8/6 6493/8/6 6495/8/6
f 6495/8/6 6493/8/6 6496/8/6
f 6494/7/6 6495/7/6 6498/7/6
f 6498/7/6 6495/7/6 6499/7/6
f 6497/4/6 6498/4/6 6500/4/6
f 6500/4/6 6498/4/6 6501/4/6
f 6501/7/6 6502/7/6 6503/7/6
f 6503/7/6 6502/7/6 6504/7/6
f 6504/8/6 6505/8/6 6506/8/6
f 6506/8/6 6505/8/6 6507/8/6
f 6508/1/6 6509/1/6 6510/1/6
f 6510/1/6 6509/1/6 6511/1/6
f 6512/2/6 6513/2/6 6514/2/6
f 6514/2/6 6513/2/6 6515/2/6
f 6516/1/6 6517/1/6 6520/1/6
f 6520/1/6 6517/1/6 6521/1/6
f 6518/2/6 6519/2/6 6522/2/6
f 6522/2/6 6519/2/6 6523/2/6
f 6524/2/6 6525/2/6 6526/2/6
f 6526/2/6 6525/2/6 6527/2/6
f 6528/1/6 6529/1/6 6530/1/6
f 6530/1/6 6529/1/6 6531/1/6
f 6532/2/6 6533/2/6 6534/2/6
f 6534/2/6 6533/2/6 6535/2/6
f 6536/1/6 6537/1/6 6538/1/6
f 6538/1/6 6537/1/6 6539/1/6
f 6540/8/6 6541/8/6 6543/8/6
f 6543/8/6 6541/8/6 6544/8/6
f 6542/7/6 6543/7/6 6545/7/6
f 6545/7/6 6543/7/6 6546/7/6
f 6546/8/6 6547/8/6 6548/8/6
f 6548/8/6 6547/8/6 6549/8/6
f 6550/1/6 6551/1/6 6552/1/6
f 6552/1/6 6551/1/6 6553/1/6
f 6554/2/6 6555/2/6 6556/2/6
f 6556/2/6 6555/2/6 6557/2/6
f 6558/1/6 6559/1/6 6560/1/6
f 6560/1/6 6559/1/6 6561/1/6
f 6562/2/6 6563/2/6 6564/2/6
f 6564/2/6 6563/2/6 6565/2/6
f 6566/8/6 6567/8/6 6568/8/6
f 6568/8/6 6567/8/6 6569/8/6
f 6570/1/6 6571/1/6 6572/1/6
f 6572/1/6 6571/1/6 6573/1/6
f 6574/1/6 6575/1/6 6576/1/6
f 6576/1/6 6575/1/6 6577/1/6
f 6578/1/6 6579/1/6 6580/1/6
f 6580/1/6 6579/1/6 6581/1/6
f 6582/1/6 6583/1/6 6584/1/6
f 6584/1/6 6583/1/6 6585/1/6
f 6586/1/6 6587/1/6 6588/1/6
f 6588/1/6 6587/1/6 6589/1/6
f 6590/1/6 6591/1/6 6592/1/6
f 6592/1/6 6591/1/6 6593/1/6
f 6594/1/6 6595/1/6 6596/1/6
f 6596/1/6 6595/1/6 6597/1/6
f 6598/1/6 6599/1/6 6600/1/6
f 6600/1/6 6599/1/6 6601/1/6
f 6602/2/6 6603/2/6 6604/2/6
f 6604/2/6 6603/2/6 6605/2/6
f 6606/2/6 6607/2/6 6608/2/6
f 6608/2/6 6607/2/6 6609/2/6
f 6610/2/6 6611/2/6 6612/2/6
f 6612/2/6 6611/2/6 6613/2/6
f 6614/2/6 6615/2/6 6616/2/6
f 6616/2/6 6615/2/6 6617/2/6
f 6618/2/6 6619/2/6 6620/2/6
f 6620/2/6 6619/2/6 6621/2/6
f 6622/2/6 6623/2/6 6624/2/6
f 6624/2/6 6623/2/6 6625/2/6
f 6626/2/6 6627/2/6 6628/2/6
f 6628/2/6 6627/2/6 6629/2/6
f 6630/2/6 6631/2/6 6632/2/6
f 6632/2/6 6631/2/6 6633/2/6
f 6634/6/6 6635/6/6 6636/6/6
f 6636/6/6 6635/6/6 6637/6/6
f 6634/6/6 6636/6/6 6638/6/6
f 6636/10/6 6637/10/6 6638/10/6
f 6637/6/6 6635/6/6 6639/6/6
f 6638/10/6 6637/10/6 6639/10/6
f 6634/6/6 6638/6/6 6640/6/6
f 6638/6/6 6639/6/6 6640/6/6
f 6639/6/6 6635/6/6 6641/6/6
f 6640/6/6 6639/6/6 6641/6/6
