# MagicaVoxel @ Ephtracy

# group
o 

# material
mtllib nos.mtl
usemtl palette

# normals
vn -1 0 0
vn 1 0 0
vn 0 0 1
vn 0 0 -1
vn 0 -1 0
vn 0 1 0

# texcoords
vt 0.306641 0.5
vt 0.974609 0.5
vt 0.986328 0.5
vt 0.990234 0.5
vt 0.994141 0.5

# verts
v -1.8 1.7 0.2
v -1.8 1.7 -0.2
v -1.8 1.8 0.3
v -1.8 1.8 0.2
v -1.8 1.8 -0.2
v -1.8 1.8 -0.3
v -1.8 2.2 0.3
v -1.8 2.2 0.2
v -1.8 2.2 -0.2
v -1.8 2.2 -0.3
v -1.8 2.3 0.2
v -1.8 2.3 -0.2
v -1.7 1.6 0.2
v -1.7 1.6 -0.2
v -1.7 1.7 0.3
v -1.7 1.7 0.2
v -1.7 1.7 -0.2
v -1.7 1.7 -0.3
v -1.7 1.8 0.4
v -1.7 1.8 0.3
v -1.7 1.8 0.2
v -1.7 1.8 -0.2
v -1.7 1.8 -0.3
v -1.7 1.8 -0.4
v -1.7 2.2 0.4
v -1.7 2.2 0.3
v -1.7 2.2 0.2
v -1.7 2.2 -0.2
v -1.7 2.2 -0.3
v -1.7 2.2 -0.4
v -1.7 2.3 0.3
v -1.7 2.3 0.2
v -1.7 2.3 -0.2
v -1.7 2.3 -0.3
v -1.7 2.4 0.2
v -1.7 2.4 -0.2
v -1.6 1.5 0.2
v -1.6 1.5 -0.2
v -1.6 1.6 0.3
v -1.6 1.6 0.2
v -1.6 1.6 -0.2
v -1.6 1.6 -0.3
v -1.6 1.7 0.4
v -1.6 1.7 0.3
v -1.6 1.7 0.2
v -1.6 1.7 -0.2
v -1.6 1.7 -0.3
v -1.6 1.7 -0.4
v -1.6 1.8 0.5
v -1.6 1.8 0.4
v -1.6 1.8 0.3
v -1.6 1.8 -0.3
v -1.6 1.8 -0.4
v -1.6 1.8 -0.5
v -1.6 2.2 0.5
v -1.6 2.2 0.4
v -1.6 2.2 0.3
v -1.6 2.2 -0.3
v -1.6 2.2 -0.4
v -1.6 2.2 -0.5
v -1.6 2.3 0.4
v -1.6 2.3 0.3
v -1.6 2.3 0.2
v -1.6 2.3 -0.2
v -1.6 2.3 -0.3
v -1.6 2.3 -0.4
v -1.6 2.4 0.3
v -1.6 2.4 0.2
v -1.6 2.4 -0.2
v -1.6 2.4 -0.3
v -1.6 2.5 0.2
v -1.6 2.5 -0.2
v -1.5 1.5 0.3
v -1.5 1.5 0.2
v -1.5 1.5 -0.2
v -1.5 1.5 -0.3
v -1.5 1.6 0.4
v -1.5 1.6 0.3
v -1.5 1.6 0.2
v -1.5 1.6 -0.2
v -1.5 1.6 -0.3
v -1.5 1.6 -0.4
v -1.5 1.7 0.5
v -1.5 1.7 0.4
v -1.5 1.7 0.3
v -1.5 1.7 -0.3
v -1.5 1.7 -0.4
v -1.5 1.7 -0.5
v -1.5 1.8 0.5
v -1.5 1.8 0.4
v -1.5 1.8 -0.4
v -1.5 1.8 -0.5
v -1.5 2.2 0.5
v -1.5 2.2 0.4
v -1.5 2.2 -0.4
v -1.5 2.2 -0.5
v -1.5 2.3 0.5
v -1.5 2.3 0.4
v -1.5 2.3 0.3
v -1.5 2.3 -0.3
v -1.5 2.3 -0.4
v -1.5 2.3 -0.5
v -1.5 2.4 0.4
v -1.5 2.4 0.3
v -1.5 2.4 0.2
v -1.5 2.4 -0.2
v -1.5 2.4 -0.3
v -1.5 2.4 -0.4
v -1.5 2.5 0.3
v -1.5 2.5 0.2
v -1.5 2.5 -0.2
v -1.5 2.5 -0.3
v -1.4 1.4 0.2
v -1.4 1.4 -0.2
v -1.4 1.5 0.4
v -1.4 1.5 0.3
v -1.4 1.5 0.2
v -1.4 1.5 -0.2
v -1.4 1.5 -0.3
v -1.4 1.5 -0.4
v -1.4 1.6 0.5
v -1.4 1.6 0.4
v -1.4 1.6 0.3
v -1.4 1.6 -0.3
v -1.4 1.6 -0.4
v -1.4 1.6 -0.5
v -1.4 1.7 0.5
v -1.4 1.7 0.4
v -1.4 1.7 -0.4
v -1.4 1.7 -0.5
v -1.4 1.8 0.6
v -1.4 1.8 0.5
v -1.4 1.8 -0.5
v -1.4 1.8 -0.6
v -1.4 2.2 0.6
v -1.4 2.2 0.5
v -1.4 2.2 -0.5
v -1.4 2.2 -0.6
v -1.4 2.3 0.5
v -1.4 2.3 0.4
v -1.4 2.3 -0.4
v -1.4 2.3 -0.5
v -1.4 2.4 0.5
v -1.4 2.4 0.4
v -1.4 2.4 0.3
v -1.4 2.4 -0.3
v -1.4 2.4 -0.4
v -1.4 2.4 -0.5
v -1.4 2.5 0.4
v -1.4 2.5 0.3
v -1.4 2.5 0.2
v -1.4 2.5 -0.2
v -1.4 2.5 -0.3
v -1.4 2.5 -0.4
v -1.4 2.6 0.2
v -1.4 2.6 -0.2
v -1.3 1.4 0.3
v -1.3 1.4 0.2
v -1.3 1.4 -0.2
v -1.3 1.4 -0.3
v -1.3 1.5 0.3
v -1.3 1.5 0.2
v -1.3 1.5 -0.2
v -1.3 1.5 -0.3
v -1.3 1.7 0.6
v -1.3 1.7 0.5
v -1.3 1.7 -0.5
v -1.3 1.7 -0.6
v -1.3 1.8 0.6
v -1.3 1.8 0.5
v -1.3 1.8 -0.5
v -1.3 1.8 -0.6
v -1.3 2.2 0.6
v -1.3 2.2 0.5
v -1.3 2.2 -0.5
v -1.3 2.2 -0.6
v -1.3 2.3 0.6
v -1.3 2.3 0.5
v -1.3 2.3 -0.5
v -1.3 2.3 -0.6
v -1.3 2.5 0.3
v -1.3 2.5 0.2
v -1.3 2.5 -0.2
v -1.3 2.5 -0.3
v -1.3 2.6 0.3
v -1.3 2.6 0.2
v -1.3 2.6 -0.2
v -1.3 2.6 -0.3
v -1.2 1.3 0.2
v -1.2 1.3 -0.2
v -1.2 1.4 0.4
v -1.2 1.4 0.3
v -1.2 1.4 0.2
v -1.2 1.4 -0.2
v -1.2 1.4 -0.3
v -1.2 1.4 -0.4
v -1.2 1.5 0.5
v -1.2 1.5 0.4
v -1.2 1.5 0.3
v -1.2 1.5 -0.3
v -1.2 1.5 -0.4
v -1.2 1.5 -0.5
v -1.2 1.6 0.6
v -1.2 1.6 0.5
v -1.2 1.6 0.4
v -1.2 1.6 -0.4
v -1.2 1.6 -0.5
v -1.2 1.6 -0.6
v -1.2 1.7 0.6
v -1.2 1.7 0.5
v -1.2 1.7 -0.5
v -1.2 1.7 -0.6
v -1.2 1.8 0.7
v -1.2 1.8 0.6
v -1.2 1.8 -0.6
v -1.2 1.8 -0.7
v -1.2 2.2 0.7
v -1.2 2.2 0.6
v -1.2 2.2 -0.6
v -1.2 2.2 -0.7
v -1.2 2.3 0.6
v -1.2 2.3 0.5
v -1.2 2.3 -0.5
v -1.2 2.3 -0.6
v -1.2 2.4 0.6
v -1.2 2.4 0.5
v -1.2 2.4 0.4
v -1.2 2.4 -0.4
v -1.2 2.4 -0.5
v -1.2 2.4 -0.6
v -1.2 2.5 0.5
v -1.2 2.5 0.4
v -1.2 2.5 0.3
v -1.2 2.5 -0.3
v -1.2 2.5 -0.4
v -1.2 2.5 -0.5
v -1.2 2.6 0.4
v -1.2 2.6 0.3
v -1.2 2.6 0.2
v -1.2 2.6 -0.2
v -1.2 2.6 -0.3
v -1.2 2.6 -0.4
v -1.2 2.7 0.2
v -1.2 2.7 -0.2
v -1.1 1.3 0.3
v -1.1 1.3 0.2
v -1.1 1.3 -0.2
v -1.1 1.3 -0.3
v -1.1 1.4 0.5
v -1.1 1.4 0.4
v -1.1 1.4 0.3
v -1.1 1.4 0.2
v -1.1 1.4 -0.2
v -1.1 1.4 -0.3
v -1.1 1.4 -0.4
v -1.1 1.4 -0.5
v -1.1 1.5 0.6
v -1.1 1.5 0.5
v -1.1 1.5 0.4
v -1.1 1.5 -0.4
v -1.1 1.5 -0.5
v -1.1 1.5 -0.6
v -1.1 1.6 0.6
v -1.1 1.6 0.5
v -1.1 1.6 -0.5
v -1.1 1.6 -0.6
v -1.1 1.7 0.7
v -1.1 1.7 0.6
v -1.1 1.7 -0.6
v -1.1 1.7 -0.7
v -1.1 1.8 0.7
v -1.1 1.8 0.6
v -1.1 1.8 -0.6
v -1.1 1.8 -0.7
v -1.1 2.2 0.7
v -1.1 2.2 0.6
v -1.1 2.2 -0.6
v -1.1 2.2 -0.7
v -1.1 2.3 0.7
v -1.1 2.3 0.6
v -1.1 2.3 -0.6
v -1.1 2.3 -0.7
v -1.1 2.4 0.6
v -1.1 2.4 0.5
v -1.1 2.4 -0.5
v -1.1 2.4 -0.6
v -1.1 2.5 0.6
v -1.1 2.5 0.5
v -1.1 2.5 0.4
v -1.1 2.5 -0.4
v -1.1 2.5 -0.5
v -1.1 2.5 -0.6
v -1.1 2.6 0.5
v -1.1 2.6 0.4
v -1.1 2.6 0.3
v -1.1 2.6 0.2
v -1.1 2.6 -0.2
v -1.1 2.6 -0.3
v -1.1 2.6 -0.4
v -1.1 2.6 -0.5
v -1.1 2.7 0.3
v -1.1 2.7 0.2
v -1.1 2.7 -0.2
v -1.1 2.7 -0.3
v -1 1.2 0.2
v -1 1.2 -0.2
v -1 1.3 0.4
v -1 1.3 0.3
v -1 1.3 0.2
v -1 1.3 -0.2
v -1 1.3 -0.3
v -1 1.3 -0.4
v -1 1.4 0.4
v -1 1.4 0.3
v -1 1.4 -0.3
v -1 1.4 -0.4
v -1 1.6 0.7
v -1 1.6 0.6
v -1 1.6 -0.6
v -1 1.6 -0.7
v -1 1.7 0.7
v -1 1.7 0.6
v -1 1.7 -0.6
v -1 1.7 -0.7
v -1 1.8 0.8
v -1 1.8 0.7
v -1 1.8 -0.7
v -1 1.8 -0.8
v -1 2.2 0.8
v -1 2.2 0.7
v -1 2.2 -0.7
v -1 2.2 -0.8
v -1 2.3 0.7
v -1 2.3 0.6
v -1 2.3 -0.6
v -1 2.3 -0.7
v -1 2.4 0.7
v -1 2.4 0.6
v -1 2.4 -0.6
v -1 2.4 -0.7
v -1 2.6 0.4
v -1 2.6 0.3
v -1 2.6 -0.3
v -1 2.6 -0.4
v -1 2.7 0.4
v -1 2.7 0.3
v -1 2.7 0.2
v -1 2.7 -0.2
v -1 2.7 -0.3
v -1 2.7 -0.4
v -1 2.8 0.2
v -1 2.8 -0.2
v -0.9 1.2 0.3
v -0.9 1.2 0.2
v -0.9 1.2 -0.2
v -0.9 1.2 -0.3
v -0.9 1.3 0.5
v -0.9 1.3 0.4
v -0.9 1.3 0.3
v -0.9 1.3 0.2
v -0.9 1.3 -0.2
v -0.9 1.3 -0.3
v -0.9 1.3 -0.4
v -0.9 1.3 -0.5
v -0.9 1.4 0.6
v -0.9 1.4 0.5
v -0.9 1.4 0.4
v -0.9 1.4 -0.4
v -0.9 1.4 -0.5
v -0.9 1.4 -0.6
v -0.9 1.5 0.7
v -0.9 1.5 0.6
v -0.9 1.5 0.5
v -0.9 1.5 -0.5
v -0.9 1.5 -0.6
v -0.9 1.5 -0.7
v -0.9 1.6 0.7
v -0.9 1.6 0.6
v -0.9 1.6 -0.6
v -0.9 1.6 -0.7
v -0.9 1.7 0.8
v -0.9 1.7 0.7
v -0.9 1.7 -0.7
v -0.9 1.7 -0.8
v -0.9 1.8 0.8
v -0.9 1.8 0.7
v -0.9 1.8 -0.7
v -0.9 1.8 -0.8
v -0.9 2.2 0.8
v -0.9 2.2 0.7
v -0.9 2.2 -0.7
v -0.9 2.2 -0.8
v -0.9 2.3 0.8
v -0.9 2.3 0.7
v -0.9 2.3 -0.7
v -0.9 2.3 -0.8
v -0.9 2.4 0.7
v -0.9 2.4 0.6
v -0.9 2.4 -0.6
v -0.9 2.4 -0.7
v -0.9 2.5 0.7
v -0.9 2.5 0.6
v -0.9 2.5 0.5
v -0.9 2.5 -0.5
v -0.9 2.5 -0.6
v -0.9 2.5 -0.7
v -0.9 2.6 0.6
v -0.9 2.6 0.5
v -0.9 2.6 0.4
v -0.9 2.6 -0.4
v -0.9 2.6 -0.5
v -0.9 2.6 -0.6
v -0.9 2.7 0.5
v -0.9 2.7 0.4
v -0.9 2.7 0.3
v -0.9 2.7 0.2
v -0.9 2.7 -0.2
v -0.9 2.7 -0.3
v -0.9 2.7 -0.4
v -0.9 2.7 -0.5
v -0.9 2.8 0.3
v -0.9 2.8 0.2
v -0.9 2.8 -0.2
v -0.9 2.8 -0.3
v -0.8 1.1 0.2
v -0.8 1.1 -0.2
v -0.8 1.2 0.5
v -0.8 1.2 0.3
v -0.8 1.2 0.2
v -0.8 1.2 -0.2
v -0.8 1.2 -0.3
v -0.8 1.2 -0.5
v -0.8 1.3 0.6
v -0.8 1.3 0.5
v -0.8 1.3 0.3
v -0.8 1.3 -0.3
v -0.8 1.3 -0.5
v -0.8 1.3 -0.6
v -0.8 1.4 0.7
v -0.8 1.4 0.6
v -0.8 1.4 0.5
v -0.8 1.4 -0.5
v -0.8 1.4 -0.6
v -0.8 1.4 -0.7
v -0.8 1.5 0.8
v -0.8 1.5 0.7
v -0.8 1.5 0.6
v -0.8 1.5 -0.6
v -0.8 1.5 -0.7
v -0.8 1.5 -0.8
v -0.8 1.7 0.8
v -0.8 1.7 0.7
v -0.8 1.7 -0.7
v -0.8 1.7 -0.8
v -0.8 1.8 0.9
v -0.8 1.8 0.8
v -0.8 1.8 -0.8
v -0.8 1.8 -0.9
v -0.8 2.2 0.9
v -0.8 2.2 0.8
v -0.8 2.2 -0.8
v -0.8 2.2 -0.9
v -0.8 2.3 0.8
v -0.8 2.3 0.7
v -0.8 2.3 -0.7
v -0.8 2.3 -0.8
v -0.8 2.5 0.8
v -0.8 2.5 0.7
v -0.8 2.5 0.6
v -0.8 2.5 -0.6
v -0.8 2.5 -0.7
v -0.8 2.5 -0.8
v -0.8 2.6 0.7
v -0.8 2.6 0.6
v -0.8 2.6 0.5
v -0.8 2.6 -0.5
v -0.8 2.6 -0.6
v -0.8 2.6 -0.7
v -0.8 2.7 0.6
v -0.8 2.7 0.5
v -0.8 2.7 0.3
v -0.8 2.7 -0.3
v -0.8 2.7 -0.5
v -0.8 2.7 -0.6
v -0.8 2.8 0.5
v -0.8 2.8 0.3
v -0.8 2.8 0.2
v -0.8 2.8 -0.2
v -0.8 2.8 -0.3
v -0.8 2.8 -0.5
v -0.8 2.9 0.2
v -0.8 2.9 -0.2
v -0.7 1.1 0.4
v -0.7 1.1 0.2
v -0.7 1.1 -0.2
v -0.7 1.1 -0.4
v -0.7 1.2 0.4
v -0.7 1.2 0.2
v -0.7 1.2 -0.2
v -0.7 1.2 -0.4
v -0.7 1.3 0.7
v -0.7 1.3 0.6
v -0.7 1.3 -0.6
v -0.7 1.3 -0.7
v -0.7 1.4 0.7
v -0.7 1.4 0.6
v -0.7 1.4 -0.6
v -0.7 1.4 -0.7
v -0.7 1.6 0.9
v -0.7 1.6 0.8
v -0.7 1.6 -0.8
v -0.7 1.6 -0.9
v -0.7 1.8 0.9
v -0.7 1.8 0.8
v -0.7 1.8 -0.8
v -0.7 1.8 -0.9
v -0.7 2.2 0.9
v -0.7 2.2 0.8
v -0.7 2.2 -0.8
v -0.7 2.2 -0.9
v -0.7 2.4 0.9
v -0.7 2.4 0.8
v -0.7 2.4 -0.8
v -0.7 2.4 -0.9
v -0.7 2.6 0.7
v -0.7 2.6 0.6
v -0.7 2.6 -0.6
v -0.7 2.6 -0.7
v -0.7 2.7 0.7
v -0.7 2.7 0.6
v -0.7 2.7 -0.6
v -0.7 2.7 -0.7
v -0.7 2.8 0.4
v -0.7 2.8 0.2
v -0.7 2.8 -0.2
v -0.7 2.8 -0.4
v -0.7 2.9 0.4
v -0.7 2.9 0.2
v -0.7 2.9 -0.2
v -0.7 2.9 -0.4
v -0.6 1 0.2
v -0.6 1 -0.2
v -0.6 1.1 0.5
v -0.6 1.1 0.4
v -0.6 1.1 0.2
v -0.6 1.1 -0.2
v -0.6 1.1 -0.4
v -0.6 1.1 -0.5
v -0.6 1.2 0.6
v -0.6 1.2 0.5
v -0.6 1.2 0.4
v -0.6 1.2 -0.4
v -0.6 1.2 -0.5
v -0.6 1.2 -0.6
v -0.6 1.3 0.6
v -0.6 1.3 0.5
v -0.6 1.3 -0.5
v -0.6 1.3 -0.6
v -0.6 1.4 0.8
v -0.6 1.4 0.7
v -0.6 1.4 -0.7
v -0.6 1.4 -0.8
v -0.6 1.5 0.9
v -0.6 1.5 0.8
v -0.6 1.5 0.7
v -0.6 1.5 -0.7
v -0.6 1.5 -0.8
v -0.6 1.5 -0.9
v -0.6 1.6 0.9
v -0.6 1.6 0.8
v -0.6 1.6 -0.8
v -0.6 1.6 -0.9
v -0.6 1.8 1
v -0.6 1.8 0.9
v -0.6 1.8 -0.9
v -0.6 1.8 -1
v -0.6 2.2 1
v -0.6 2.2 0.9
v -0.6 2.2 -0.9
v -0.6 2.2 -1
v -0.6 2.4 0.9
v -0.6 2.4 0.8
v -0.6 2.4 -0.8
v -0.6 2.4 -0.9
v -0.6 2.5 0.9
v -0.6 2.5 0.8
v -0.6 2.5 0.7
v -0.6 2.5 -0.7
v -0.6 2.5 -0.8
v -0.6 2.5 -0.9
v -0.6 2.6 0.8
v -0.6 2.6 0.7
v -0.6 2.6 -0.7
v -0.6 2.6 -0.8
v -0.6 2.7 0.6
v -0.6 2.7 0.5
v -0.6 2.7 -0.5
v -0.6 2.7 -0.6
v -0.6 2.8 0.6
v -0.6 2.8 0.5
v -0.6 2.8 0.4
v -0.6 2.8 -0.4
v -0.6 2.8 -0.5
v -0.6 2.8 -0.6
v -0.6 2.9 0.5
v -0.6 2.9 0.4
v -0.6 2.9 0.2
v -0.6 2.9 -0.2
v -0.6 2.9 -0.4
v -0.6 2.9 -0.5
v -0.6 3 0.2
v -0.6 3 -0.2
v -0.5 1 0.4
v -0.5 1 0.2
v -0.5 1 -0.2
v -0.5 1 -0.4
v -0.5 1.1 0.6
v -0.5 1.1 0.5
v -0.5 1.1 0.4
v -0.5 1.1 0.2
v -0.5 1.1 -0.2
v -0.5 1.1 -0.4
v -0.5 1.1 -0.5
v -0.5 1.1 -0.6
v -0.5 1.2 0.7
v -0.5 1.2 0.6
v -0.5 1.2 0.5
v -0.5 1.2 -0.5
v -0.5 1.2 -0.6
v -0.5 1.2 -0.7
v -0.5 1.3 0.8
v -0.5 1.3 0.7
v -0.5 1.3 0.6
v -0.5 1.3 -0.6
v -0.5 1.3 -0.7
v -0.5 1.3 -0.8
v -0.5 1.4 0.9
v -0.5 1.4 0.8
v -0.5 1.4 0.7
v -0.5 1.4 -0.7
v -0.5 1.4 -0.8
v -0.5 1.4 -0.9
v -0.5 1.5 0.9
v -0.5 1.5 0.8
v -0.5 1.5 -0.8
v -0.5 1.5 -0.9
v -0.5 1.6 1
v -0.5 1.6 0.9
v -0.5 1.6 -0.9
v -0.5 1.6 -1
v -0.5 1.8 1
v -0.5 1.8 0.9
v -0.5 1.8 -0.9
v -0.5 1.8 -1
v -0.5 2.2 1
v -0.5 2.2 0.9
v -0.5 2.2 -0.9
v -0.5 2.2 -1
v -0.5 2.4 1
v -0.5 2.4 0.9
v -0.5 2.4 -0.9
v -0.5 2.4 -1
v -0.5 2.5 0.9
v -0.5 2.5 0.8
v -0.5 2.5 -0.8
v -0.5 2.5 -0.9
v -0.5 2.6 0.9
v -0.5 2.6 0.8
v -0.5 2.6 0.7
v -0.5 2.6 -0.7
v -0.5 2.6 -0.8
v -0.5 2.6 -0.9
v -0.5 2.7 0.8
v -0.5 2.7 0.7
v -0.5 2.7 0.6
v -0.5 2.7 -0.6
v -0.5 2.7 -0.7
v -0.5 2.7 -0.8
v -0.5 2.8 0.7
v -0.5 2.8 0.6
v -0.5 2.8 0.5
v -0.5 2.8 -0.5
v -0.5 2.8 -0.6
v -0.5 2.8 -0.7
v -0.5 2.9 0.6
v -0.5 2.9 0.5
v -0.5 2.9 0.4
v -0.5 2.9 0.2
v -0.5 2.9 -0.2
v -0.5 2.9 -0.4
v -0.5 2.9 -0.5
v -0.5 2.9 -0.6
v -0.5 3 0.4
v -0.5 3 0.2
v -0.5 3 -0.2
v -0.5 3 -0.4
v -0.4 0.9 0.2
v -0.4 0.9 -0.2
v -0.4 1 0.5
v -0.4 1 0.4
v -0.4 1 0.2
v -0.4 1 -0.2
v -0.4 1 -0.4
v -0.4 1 -0.5
v -0.4 1.1 0.7
v -0.4 1.1 0.6
v -0.4 1.1 0.5
v -0.4 1.1 0.4
v -0.4 1.1 -0.4
v -0.4 1.1 -0.5
v -0.4 1.1 -0.6
v -0.4 1.1 -0.7
v -0.4 1.2 0.8
v -0.4 1.2 0.7
v -0.4 1.2 0.6
v -0.4 1.2 -0.6
v -0.4 1.2 -0.7
v -0.4 1.2 -0.8
v -0.4 1.3 0.9
v -0.4 1.3 0.8
v -0.4 1.3 0.7
v -0.4 1.3 -0.7
v -0.4 1.3 -0.8
v -0.4 1.3 -0.9
v -0.4 1.4 0.9
v -0.4 1.4 0.8
v -0.4 1.4 -0.8
v -0.4 1.4 -0.9
v -0.4 1.5 1
v -0.4 1.5 0.9
v -0.4 1.5 -0.9
v -0.4 1.5 -1
v -0.4 1.6 1
v -0.4 1.6 0.9
v -0.4 1.6 -0.9
v -0.4 1.6 -1
v -0.4 1.8 1.1
v -0.4 1.8 1
v -0.4 1.8 -1
v -0.4 1.8 -1.1
v -0.4 2.2 1.1
v -0.4 2.2 1
v -0.4 2.2 -1
v -0.4 2.2 -1.1
v -0.4 2.4 1
v -0.4 2.4 0.9
v -0.4 2.4 -0.9
v -0.4 2.4 -1
v -0.4 2.5 1
v -0.4 2.5 0.9
v -0.4 2.5 -0.9
v -0.4 2.5 -1
v -0.4 2.6 0.9
v -0.4 2.6 0.8
v -0.4 2.6 -0.8
v -0.4 2.6 -0.9
v -0.4 2.7 0.9
v -0.4 2.7 0.8
v -0.4 2.7 0.7
v -0.4 2.7 -0.7
v -0.4 2.7 -0.8
v -0.4 2.7 -0.9
v -0.4 2.8 0.8
v -0.4 2.8 0.7
v -0.4 2.8 0.6
v -0.4 2.8 -0.6
v -0.4 2.8 -0.7
v -0.4 2.8 -0.8
v -0.4 2.9 0.7
v -0.4 2.9 0.6
v -0.4 2.9 0.5
v -0.4 2.9 0.4
v -0.4 2.9 -0.4
v -0.4 2.9 -0.5
v -0.4 2.9 -0.6
v -0.4 2.9 -0.7
v -0.4 3 0.5
v -0.4 3 0.4
v -0.4 3 0.2
v -0.4 3 -0.2
v -0.4 3 -0.4
v -0.4 3 -0.5
v -0.4 3.1 0.2
v -0.4 3.1 -0.2
v -0.3 0.9 0.4
v -0.3 0.9 0.2
v -0.3 0.9 -0.2
v -0.3 0.9 -0.4
v -0.3 1 0.6
v -0.3 1 0.5
v -0.3 1 0.4
v -0.3 1 0.2
v -0.3 1 -0.2
v -0.3 1 -0.4
v -0.3 1 -0.5
v -0.3 1 -0.6
v -0.3 1.1 0.6
v -0.3 1.1 0.5
v -0.3 1.1 -0.5
v -0.3 1.1 -0.6
v -0.3 1.4 1
v -0.3 1.4 0.9
v -0.3 1.4 -0.9
v -0.3 1.4 -1
v -0.3 1.5 1
v -0.3 1.5 0.9
v -0.3 1.5 -0.9
v -0.3 1.5 -1
v -0.3 1.6 1.1
v -0.3 1.6 1
v -0.3 1.6 -1
v -0.3 1.6 -1.1
v -0.3 1.8 1.1
v -0.3 1.8 1
v -0.3 1.8 -1
v -0.3 1.8 -1.1
v -0.3 2.2 1.1
v -0.3 2.2 1
v -0.3 2.2 -1
v -0.3 2.2 -1.1
v -0.3 2.4 1.1
v -0.3 2.4 1
v -0.3 2.4 -1
v -0.3 2.4 -1.1
v -0.3 2.5 1
v -0.3 2.5 0.9
v -0.3 2.5 -0.9
v -0.3 2.5 -1
v -0.3 2.6 1
v -0.3 2.6 0.9
v -0.3 2.6 -0.9
v -0.3 2.6 -1
v -0.3 2.9 0.6
v -0.3 2.9 0.5
v -0.3 2.9 -0.5
v -0.3 2.9 -0.6
v -0.3 3 0.6
v -0.3 3 0.5
v -0.3 3 0.4
v -0.3 3 0.2
v -0.3 3 -0.2
v -0.3 3 -0.4
v -0.3 3 -0.5
v -0.3 3 -0.6
v -0.3 3.1 0.4
v -0.3 3.1 0.2
v -0.3 3.1 -0.2
v -0.3 3.1 -0.4
v -0.2 0.9 0.5
v -0.2 0.9 0.4
v -0.2 0.9 -0.4
v -0.2 0.9 -0.5
v -0.2 1 0.7
v -0.2 1 0.6
v -0.2 1 0.5
v -0.2 1 0.4
v -0.2 1 -0.4
v -0.2 1 -0.5
v -0.2 1 -0.6
v -0.2 1 -0.7
v -0.2 1.1 0.8
v -0.2 1.1 0.7
v -0.2 1.1 0.6
v -0.2 1.1 -0.6
v -0.2 1.1 -0.7
v -0.2 1.1 -0.8
v -0.2 1.2 0.9
v -0.2 1.2 0.8
v -0.2 1.2 0.7
v -0.2 1.2 -0.7
v -0.2 1.2 -0.8
v -0.2 1.2 -0.9
v -0.2 1.3 1
v -0.2 1.3 0.9
v -0.2 1.3 0.8
v -0.2 1.3 -0.8
v -0.2 1.3 -0.9
v -0.2 1.3 -1
v -0.2 1.4 1
v -0.2 1.4 0.9
v -0.2 1.4 -0.9
v -0.2 1.4 -1
v -0.2 1.5 1.1
v -0.2 1.5 1
v -0.2 1.5 -1
v -0.2 1.5 -1.1
v -0.2 1.6 1.1
v -0.2 1.6 1
v -0.2 1.6 -1
v -0.2 1.6 -1.1
v -0.2 1.8 1.2
v -0.2 1.8 1.1
v -0.2 1.8 -1.1
v -0.2 1.8 -1.2
v -0.2 2.2 1.2
v -0.2 2.2 1.1
v -0.2 2.2 -1.1
v -0.2 2.2 -1.2
v -0.2 2.4 1.1
v -0.2 2.4 1
v -0.2 2.4 -1
v -0.2 2.4 -1.1
v -0.2 2.5 1.1
v -0.2 2.5 1
v -0.2 2.5 -1
v -0.2 2.5 -1.1
v -0.2 2.6 1
v -0.2 2.6 0.9
v -0.2 2.6 -0.9
v -0.2 2.6 -1
v -0.2 2.7 1
v -0.2 2.7 0.9
v -0.2 2.7 0.8
v -0.2 2.7 -0.8
v -0.2 2.7 -0.9
v -0.2 2.7 -1
v -0.2 2.8 0.9
v -0.2 2.8 0.8
v -0.2 2.8 0.7
v -0.2 2.8 -0.7
v -0.2 2.8 -0.8
v -0.2 2.8 -0.9
v -0.2 2.9 0.8
v -0.2 2.9 0.7
v -0.2 2.9 0.6
v -0.2 2.9 -0.6
v -0.2 2.9 -0.7
v -0.2 2.9 -0.8
v -0.2 3 0.7
v -0.2 3 0.6
v -0.2 3 0.5
v -0.2 3 0.4
v -0.2 3 -0.4
v -0.2 3 -0.5
v -0.2 3 -0.6
v -0.2 3 -0.7
v -0.2 3.1 0.5
v -0.2 3.1 0.4
v -0.2 3.1 0.2
v -0.2 3.1 -0.2
v -0.2 3.1 -0.4
v -0.2 3.1 -0.5
v -0.2 3.2 0.2
v -0.2 3.2 -0.2
v -0.0999999 0.9 0.6
v -0.0999999 0.9 0.5
v -0.0999999 0.9 -0.5
v -0.0999999 0.9 -0.6
v -0.0999999 1 0.8
v -0.0999999 1 0.7
v -0.0999999 1 0.6
v -0.0999999 1 0.5
v -0.0999999 1 -0.5
v -0.0999999 1 -0.6
v -0.0999999 1 -0.7
v -0.0999999 1 -0.8
v -0.0999999 1.1 0.9
v -0.0999999 1.1 0.8
v -0.0999999 1.1 0.7
v -0.0999999 1.1 -0.7
v -0.0999999 1.1 -0.8
v -0.0999999 1.1 -0.9
v -0.0999999 1.2 1
v -0.0999999 1.2 0.9
v -0.0999999 1.2 0.8
v -0.0999999 1.2 -0.8
v -0.0999999 1.2 -0.9
v -0.0999999 1.2 -1
v -0.0999999 1.3 1
v -0.0999999 1.3 0.9
v -0.0999999 1.3 -0.9
v -0.0999999 1.3 -1
v -0.0999999 1.4 1.1
v -0.0999999 1.4 1
v -0.0999999 1.4 -1
v -0.0999999 1.4 -1.1
v -0.0999999 1.5 1.1
v -0.0999999 1.5 1
v -0.0999999 1.5 -1
v -0.0999999 1.5 -1.1
v -0.0999999 1.6 1.2
v -0.0999999 1.6 1.1
v -0.0999999 1.6 -1.1
v -0.0999999 1.6 -1.2
v -0.0999999 1.8 1.2
v -0.0999999 1.8 1.1
v -0.0999999 1.8 -1.1
v -0.0999999 1.8 -1.2
v -0.0999999 2.2 1.2
v -0.0999999 2.2 1.1
v -0.0999999 2.2 -1.1
v -0.0999999 2.2 -1.2
v -0.0999999 2.4 1.2
v -0.0999999 2.4 1.1
v -0.0999999 2.4 -1.1
v -0.0999999 2.4 -1.2
v -0.0999999 2.5 1.1
v -0.0999999 2.5 1
v -0.0999999 2.5 -1
v -0.0999999 2.5 -1.1
v -0.0999999 2.6 1.1
v -0.0999999 2.6 1
v -0.0999999 2.6 -1
v -0.0999999 2.6 -1.1
v -0.0999999 2.7 1
v -0.0999999 2.7 0.9
v -0.0999999 2.7 -0.9
v -0.0999999 2.7 -1
v -0.0999999 2.8 1
v -0.0999999 2.8 0.9
v -0.0999999 2.8 0.8
v -0.0999999 2.8 -0.8
v -0.0999999 2.8 -0.9
v -0.0999999 2.8 -1
v -0.0999999 2.9 0.9
v -0.0999999 2.9 0.8
v -0.0999999 2.9 0.7
v -0.0999999 2.9 -0.7
v -0.0999999 2.9 -0.8
v -0.0999999 2.9 -0.9
v -0.0999999 3 0.8
v -0.0999999 3 0.7
v -0.0999999 3 0.6
v -0.0999999 3 0.5
v -0.0999999 3 -0.5
v -0.0999999 3 -0.6
v -0.0999999 3 -0.7
v -0.0999999 3 -0.8
v -0.0999999 3.1 0.6
v -0.0999999 3.1 0.5
v -0.0999999 3.1 0.4
v -0.0999999 3.1 0.2
v -0.0999999 3.1 -0.2
v -0.0999999 3.1 -0.4
v -0.0999999 3.1 -0.5
v -0.0999999 3.1 -0.6
v -0.0999999 3.2 0.4
v -0.0999999 3.2 0.2
v -0.0999999 3.2 -0.2
v -0.0999999 3.2 -0.4
v 0 0.9 0.7
v 0 0.9 0.6
v 0 0.9 -0.6
v 0 0.9 -0.7
v 0 1 0.9
v 0 1 0.8
v 0 1 0.7
v 0 1 0.6
v 0 1 -0.6
v 0 1 -0.7
v 0 1 -0.8
v 0 1 -0.9
v 0 1.1 1
v 0 1.1 0.9
v 0 1.1 0.8
v 0 1.1 -0.8
v 0 1.1 -0.9
v 0 1.1 -1
v 0 1.2 1
v 0 1.2 0.9
v 0 1.2 -0.9
v 0 1.2 -1
v 0 1.3 1.1
v 0 1.3 1
v 0 1.3 -1
v 0 1.3 -1.1
v 0 1.4 1.2
v 0 1.4 1.1
v 0 1.4 1
v 0 1.4 -1
v 0 1.4 -1.1
v 0 1.4 -1.2
v 0 1.6 1.2
v 0 1.6 1.1
v 0 1.6 -1.1
v 0 1.6 -1.2
v 0 1.7 1.3
v 0 1.7 1.2
v 0 1.7 -1.2
v 0 1.7 -1.3
v 0 2.3 1.3
v 0 2.3 1.2
v 0 2.3 -1.2
v 0 2.3 -1.3
v 0 2.4 1.2
v 0 2.4 1.1
v 0 2.4 -1.1
v 0 2.4 -1.2
v 0 2.6 1.2
v 0 2.6 1.1
v 0 2.6 1
v 0 2.6 -1
v 0 2.6 -1.1
v 0 2.6 -1.2
v 0 2.7 1.1
v 0 2.7 1
v 0 2.7 -1
v 0 2.7 -1.1
v 0 2.8 1
v 0 2.8 0.9
v 0 2.8 -0.9
v 0 2.8 -1
v 0 2.9 1
v 0 2.9 0.9
v 0 2.9 0.8
v 0 2.9 -0.8
v 0 2.9 -0.9
v 0 2.9 -1
v 0 3 0.9
v 0 3 0.8
v 0 3 0.7
v 0 3 0.6
v 0 3 -0.6
v 0 3 -0.7
v 0 3 -0.8
v 0 3 -0.9
v 0 3.1 0.7
v 0 3.1 0.6
v 0 3.1 0.4
v 0 3.1 -0.4
v 0 3.1 -0.6
v 0 3.1 -0.7
v 0 3.2 0.6
v 0 3.2 0.4
v 0 3.2 -0.4
v 0 3.2 -0.6
v 0.1 0.9 0.8
v 0.1 0.9 0.7
v 0.1 0.9 -0.7
v 0.1 0.9 -0.8
v 0.1 1 0.8
v 0.1 1 0.7
v 0.1 1 -0.7
v 0.1 1 -0.8
v 0.1 1.2 1.1
v 0.1 1.2 1
v 0.1 1.2 -1
v 0.1 1.2 -1.1
v 0.1 1.3 1.2
v 0.1 1.3 1.1
v 0.1 1.3 1
v 0.1 1.3 -1
v 0.1 1.3 -1.1
v 0.1 1.3 -1.2
v 0.1 1.4 1.2
v 0.1 1.4 1.1
v 0.1 1.4 -1.1
v 0.1 1.4 -1.2
v 0.1 1.6 1.3
v 0.1 1.6 1.2
v 0.1 1.6 -1.2
v 0.1 1.6 -1.3
v 0.1 1.7 1.3
v 0.1 1.7 1.2
v 0.1 1.7 -1.2
v 0.1 1.7 -1.3
v 0.1 2.3 1.3
v 0.1 2.3 1.2
v 0.1 2.3 -1.2
v 0.1 2.3 -1.3
v 0.1 2.4 1.3
v 0.1 2.4 1.2
v 0.1 2.4 -1.2
v 0.1 2.4 -1.3
v 0.1 2.6 1.2
v 0.1 2.6 1.1
v 0.1 2.6 -1.1
v 0.1 2.6 -1.2
v 0.1 2.7 1.2
v 0.1 2.7 1.1
v 0.1 2.7 1
v 0.1 2.7 -1
v 0.1 2.7 -1.1
v 0.1 2.7 -1.2
v 0.1 2.8 1.1
v 0.1 2.8 1
v 0.1 2.8 -1
v 0.1 2.8 -1.1
v 0.1 3 0.8
v 0.1 3 0.7
v 0.1 3 -0.7
v 0.1 3 -0.8
v 0.1 3.1 0.8
v 0.1 3.1 0.7
v 0.1 3.1 0.6
v 0.1 3.1 -0.6
v 0.1 3.1 -0.7
v 0.1 3.1 -0.8
v 0.1 3.2 0.7
v 0.1 3.2 0.6
v 0.1 3.2 -0.6
v 0.1 3.2 -0.7
v 0.2 0.9 0.9
v 0.2 0.9 0.8
v 0.2 0.9 -0.8
v 0.2 0.9 -0.9
v 0.2 1 1
v 0.2 1 0.9
v 0.2 1 0.8
v 0.2 1 -0.8
v 0.2 1 -0.9
v 0.2 1 -1
v 0.2 1.1 1.1
v 0.2 1.1 1
v 0.2 1.1 0.9
v 0.2 1.1 -0.9
v 0.2 1.1 -1
v 0.2 1.1 -1.1
v 0.2 1.2 1.2
v 0.2 1.2 1.1
v 0.2 1.2 1
v 0.2 1.2 -1
v 0.2 1.2 -1.1
v 0.2 1.2 -1.2
v 0.2 1.3 1.2
v 0.2 1.3 1.1
v 0.2 1.3 -1.1
v 0.2 1.3 -1.2
v 0.2 1.4 1.3
v 0.2 1.4 1.2
v 0.2 1.4 -1.2
v 0.2 1.4 -1.3
v 0.2 1.6 1.3
v 0.2 1.6 1.2
v 0.2 1.6 -1.2
v 0.2 1.6 -1.3
v 0.2 1.7 1.4
v 0.2 1.7 1.3
v 0.2 1.7 -1.3
v 0.2 1.7 -1.4
v 0.2 2.3 1.4
v 0.2 2.3 1.3
v 0.2 2.3 -1.3
v 0.2 2.3 -1.4
v 0.2 2.4 1.3
v 0.2 2.4 1.2
v 0.2 2.4 -1.2
v 0.2 2.4 -1.3
v 0.2 2.6 1.3
v 0.2 2.6 1.2
v 0.2 2.6 -1.2
v 0.2 2.6 -1.3
v 0.2 2.7 1.2
v 0.2 2.7 1.1
v 0.2 2.7 -1.1
v 0.2 2.7 -1.2
v 0.2 2.8 1.2
v 0.2 2.8 1.1
v 0.2 2.8 1
v 0.2 2.8 -1
v 0.2 2.8 -1.1
v 0.2 2.8 -1.2
v 0.2 2.9 1.1
v 0.2 2.9 1
v 0.2 2.9 0.9
v 0.2 2.9 -0.9
v 0.2 2.9 -1
v 0.2 2.9 -1.1
v 0.2 3 1
v 0.2 3 0.9
v 0.2 3 0.8
v 0.2 3 -0.8
v 0.2 3 -0.9
v 0.2 3 -1
v 0.2 3.1 0.9
v 0.2 3.1 0.8
v 0.2 3.1 0.7
v 0.2 3.1 -0.7
v 0.2 3.1 -0.8
v 0.2 3.1 -0.9
v 0.2 3.2 0.8
v 0.2 3.2 0.7
v 0.2 3.2 0.3
v 0.2 3.2 -0.3
v 0.2 3.2 -0.7
v 0.2 3.2 -0.8
v 0.2 3.3 0.3
v 0.2 3.3 -0.3
v 0.3 0.9 1
v 0.3 0.9 0.9
v 0.3 0.9 -0.9
v 0.3 0.9 -1
v 0.3 1 1.1
v 0.3 1 1
v 0.3 1 0.9
v 0.3 1 -0.9
v 0.3 1 -1
v 0.3 1 -1.1
v 0.3 1.1 1.1
v 0.3 1.1 1
v 0.3 1.1 -1
v 0.3 1.1 -1.1
v 0.3 1.3 1.3
v 0.3 1.3 1.2
v 0.3 1.3 -1.2
v 0.3 1.3 -1.3
v 0.3 1.4 1.3
v 0.3 1.4 1.2
v 0.3 1.4 -1.2
v 0.3 1.4 -1.3
v 0.3 1.5 1.4
v 0.3 1.5 1.3
v 0.3 1.5 -1.3
v 0.3 1.5 -1.4
v 0.3 1.7 1.4
v 0.3 1.7 1.3
v 0.3 1.7 -1.3
v 0.3 1.7 -1.4
v 0.3 2.3 1.4
v 0.3 2.3 1.3
v 0.3 2.3 -1.3
v 0.3 2.3 -1.4
v 0.3 2.5 1.4
v 0.3 2.5 1.3
v 0.3 2.5 -1.3
v 0.3 2.5 -1.4
v 0.3 2.6 1.3
v 0.3 2.6 1.2
v 0.3 2.6 -1.2
v 0.3 2.6 -1.3
v 0.3 2.7 1.3
v 0.3 2.7 1.2
v 0.3 2.7 -1.2
v 0.3 2.7 -1.3
v 0.3 2.9 1.1
v 0.3 2.9 1
v 0.3 2.9 -1
v 0.3 2.9 -1.1
v 0.3 3 1.1
v 0.3 3 1
v 0.3 3 0.9
v 0.3 3 -0.9
v 0.3 3 -1
v 0.3 3 -1.1
v 0.3 3.1 1
v 0.3 3.1 0.9
v 0.3 3.1 -0.9
v 0.3 3.1 -1
v 0.3 3.2 0.5
v 0.3 3.2 0.3
v 0.3 3.2 -0.3
v 0.3 3.2 -0.5
v 0.3 3.3 0.5
v 0.3 3.3 0.3
v 0.3 3.3 -0.3
v 0.3 3.3 -0.5
v 0.4 1.1 1.2
v 0.4 1.1 1.1
v 0.4 1.1 -1.1
v 0.4 1.1 -1.2
v 0.4 1.2 1.3
v 0.4 1.2 1.2
v 0.4 1.2 1.1
v 0.4 1.2 -1.1
v 0.4 1.2 -1.2
v 0.4 1.2 -1.3
v 0.4 1.3 1.3
v 0.4 1.3 1.2
v 0.4 1.3 -1.2
v 0.4 1.3 -1.3
v 0.4 1.4 1.4
v 0.4 1.4 1.3
v 0.4 1.4 -1.3
v 0.4 1.4 -1.4
v 0.4 1.5 1.4
v 0.4 1.5 1.3
v 0.4 1.5 -1.3
v 0.4 1.5 -1.4
v 0.4 1.7 1.5
v 0.4 1.7 1.4
v 0.4 1.7 -1.4
v 0.4 1.7 -1.5
v 0.4 2.3 1.5
v 0.4 2.3 1.4
v 0.4 2.3 -1.4
v 0.4 2.3 -1.5
v 0.4 2.5 1.4
v 0.4 2.5 1.3
v 0.4 2.5 -1.3
v 0.4 2.5 -1.4
v 0.4 2.6 1.4
v 0.4 2.6 1.3
v 0.4 2.6 -1.3
v 0.4 2.6 -1.4
v 0.4 2.7 1.3
v 0.4 2.7 1.2
v 0.4 2.7 -1.2
v 0.4 2.7 -1.3
v 0.4 2.8 1.3
v 0.4 2.8 1.2
v 0.4 2.8 1.1
v 0.4 2.8 -1.1
v 0.4 2.8 -1.2
v 0.4 2.8 -1.3
v 0.4 2.9 1.2
v 0.4 2.9 1.1
v 0.4 2.9 -1.1
v 0.4 2.9 -1.2
v 0.4 3.1 0.9
v 0.4 3.1 0.8
v 0.4 3.1 -0.8
v 0.4 3.1 -0.9
v 0.4 3.2 0.9
v 0.4 3.2 0.8
v 0.4 3.2 0.6
v 0.4 3.2 0.5
v 0.4 3.2 -0.5
v 0.4 3.2 -0.6
v 0.4 3.2 -0.8
v 0.4 3.2 -0.9
v 0.4 3.3 0.6
v 0.4 3.3 0.5
v 0.4 3.3 0.3
v 0.4 3.3 -0.2
v 0.4 3.3 -0.5
v 0.4 3.3 -0.6
v 0.4 3.4 0.3
v 0.4 3.4 -0.2
v 0.5 0.9 1.1
v 0.5 0.9 1
v 0.5 0.9 -1
v 0.5 0.9 -1.1
v 0.5 1 1.2
v 0.5 1 1.1
v 0.5 1 1
v 0.5 1 -1
v 0.5 1 -1.1
v 0.5 1 -1.2
v 0.5 1.1 1.3
v 0.5 1.1 1.2
v 0.5 1.1 1.1
v 0.5 1.1 -1.1
v 0.5 1.1 -1.2
v 0.5 1.1 -1.3
v 0.5 1.2 1.3
v 0.5 1.2 1.2
v 0.5 1.2 -1.2
v 0.5 1.2 -1.3
v 0.5 1.3 1.4
v 0.5 1.3 1.3
v 0.5 1.3 -1.3
v 0.5 1.3 -1.4
v 0.5 1.4 1.4
v 0.5 1.4 1.3
v 0.5 1.4 -1.3
v 0.5 1.4 -1.4
v 0.5 1.5 1.5
v 0.5 1.5 1.4
v 0.5 1.5 -1.4
v 0.5 1.5 -1.5
v 0.5 1.7 1.5
v 0.5 1.7 1.4
v 0.5 1.7 -1.4
v 0.5 1.7 -1.5
v 0.5 2.3 1.5
v 0.5 2.3 1.4
v 0.5 2.3 -1.4
v 0.5 2.3 -1.5
v 0.5 2.5 1.5
v 0.5 2.5 1.4
v 0.5 2.5 -1.4
v 0.5 2.5 -1.5
v 0.5 2.6 1.4
v 0.5 2.6 1.3
v 0.5 2.6 -1.3
v 0.5 2.6 -1.4
v 0.5 2.7 1.4
v 0.5 2.7 1.3
v 0.5 2.7 -1.3
v 0.5 2.7 -1.4
v 0.5 2.8 1.3
v 0.5 2.8 1.2
v 0.5 2.8 -1.2
v 0.5 2.8 -1.3
v 0.5 2.9 1.3
v 0.5 2.9 1.2
v 0.5 2.9 1.1
v 0.5 2.9 -1.1
v 0.5 2.9 -1.2
v 0.5 2.9 -1.3
v 0.5 3 1.2
v 0.5 3 1.1
v 0.5 3 1
v 0.5 3 -1
v 0.5 3 -1.1
v 0.5 3 -1.2
v 0.5 3.1 1.1
v 0.5 3.1 1
v 0.5 3.1 0.9
v 0.5 3.1 -0.9
v 0.5 3.1 -1
v 0.5 3.1 -1.1
v 0.5 3.2 1
v 0.5 3.2 0.9
v 0.5 3.2 0.7
v 0.5 3.2 0.6
v 0.5 3.2 -0.6
v 0.5 3.2 -0.7
v 0.5 3.2 -0.9
v 0.5 3.2 -1
v 0.5 3.3 0.7
v 0.5 3.3 0.6
v 0.5 3.3 0.5
v 0.5 3.3 0.3
v 0.5 3.3 -0.2
v 0.5 3.3 -0.5
v 0.5 3.3 -0.6
v 0.5 3.3 -0.7
v 0.5 3.4 0.5
v 0.5 3.4 0.3
v 0.5 3.4 -0.2
v 0.5 3.4 -0.5
v 0.6 0.9 1.2
v 0.6 0.9 1.1
v 0.6 0.9 -1.1
v 0.6 0.9 -1.2
v 0.6 1 1.3
v 0.6 1 1.2
v 0.6 1 1.1
v 0.6 1 -1.1
v 0.6 1 -1.2
v 0.6 1 -1.3
v 0.6 1.1 1.3
v 0.6 1.1 1.2
v 0.6 1.1 -1.2
v 0.6 1.1 -1.3
v 0.6 1.2 1.4
v 0.6 1.2 1.3
v 0.6 1.2 -1.3
v 0.6 1.2 -1.4
v 0.6 1.3 1.4
v 0.6 1.3 1.3
v 0.6 1.3 -1.3
v 0.6 1.3 -1.4
v 0.6 1.4 1.5
v 0.6 1.4 1.4
v 0.6 1.4 -1.4
v 0.6 1.4 -1.5
v 0.6 1.5 1.5
v 0.6 1.5 1.4
v 0.6 1.5 -1.4
v 0.6 1.5 -1.5
v 0.6 1.7 1.6
v 0.6 1.7 1.5
v 0.6 1.7 -1.5
v 0.6 1.7 -1.6
v 0.6 2.3 1.6
v 0.6 2.3 1.5
v 0.6 2.3 -1.5
v 0.6 2.3 -1.6
v 0.6 2.5 1.5
v 0.6 2.5 1.4
v 0.6 2.5 -1.4
v 0.6 2.5 -1.5
v 0.6 2.6 1.5
v 0.6 2.6 1.4
v 0.6 2.6 -1.4
v 0.6 2.6 -1.5
v 0.6 2.7 1.4
v 0.6 2.7 1.3
v 0.6 2.7 -1.3
v 0.6 2.7 -1.4
v 0.6 2.8 1.4
v 0.6 2.8 1.3
v 0.6 2.8 -1.3
v 0.6 2.8 -1.4
v 0.6 2.9 1.3
v 0.6 2.9 1.2
v 0.6 2.9 -1.2
v 0.6 2.9 -1.3
v 0.6 3 1.3
v 0.6 3 1.2
v 0.6 3 1.1
v 0.6 3 -1.1
v 0.6 3 -1.2
v 0.6 3 -1.3
v 0.6 3.1 1.2
v 0.6 3.1 1.1
v 0.6 3.1 1
v 0.6 3.1 -1
v 0.6 3.1 -1.1
v 0.6 3.1 -1.2
v 0.6 3.2 1.1
v 0.6 3.2 1
v 0.6 3.2 0.8
v 0.6 3.2 0.7
v 0.6 3.2 -0.7
v 0.6 3.2 -0.8
v 0.6 3.2 -1
v 0.6 3.2 -1.1
v 0.6 3.3 0.8
v 0.6 3.3 0.7
v 0.6 3.3 0.6
v 0.6 3.3 0.5
v 0.6 3.3 -0.5
v 0.6 3.3 -0.6
v 0.6 3.3 -0.7
v 0.6 3.3 -0.8
v 0.6 3.4 0.6
v 0.6 3.4 0.5
v 0.6 3.4 0.3
v 0.6 3.4 -0.3
v 0.6 3.4 -0.5
v 0.6 3.4 -0.6
v 0.6 3.5 0.3
v 0.6 3.5 -0.3
v 0.7 1.1 1.4
v 0.7 1.1 1.3
v 0.7 1.1 -1.3
v 0.7 1.1 -1.4
v 0.7 1.2 1.4
v 0.7 1.2 1.3
v 0.7 1.2 -1.3
v 0.7 1.2 -1.4
v 0.7 1.3 1.5
v 0.7 1.3 1.4
v 0.7 1.3 -1.4
v 0.7 1.3 -1.5
v 0.7 1.4 1.5
v 0.7 1.4 1.4
v 0.7 1.4 -1.4
v 0.7 1.4 -1.5
v 0.7 1.5 1.6
v 0.7 1.5 1.5
v 0.7 1.5 -1.5
v 0.7 1.5 -1.6
v 0.7 1.7 1.6
v 0.7 1.7 1.5
v 0.7 1.7 -1.5
v 0.7 1.7 -1.6
v 0.7 2.3 1.6
v 0.7 2.3 1.5
v 0.7 2.3 -1.5
v 0.7 2.3 -1.6
v 0.7 2.5 1.6
v 0.7 2.5 1.5
v 0.7 2.5 -1.5
v 0.7 2.5 -1.6
v 0.7 2.6 1.5
v 0.7 2.6 1.4
v 0.7 2.6 -1.4
v 0.7 2.6 -1.5
v 0.7 2.7 1.5
v 0.7 2.7 1.4
v 0.7 2.7 -1.4
v 0.7 2.7 -1.5
v 0.7 2.8 1.4
v 0.7 2.8 1.3
v 0.7 2.8 -1.3
v 0.7 2.8 -1.4
v 0.7 2.9 1.4
v 0.7 2.9 1.3
v 0.7 2.9 -1.3
v 0.7 2.9 -1.4
v 0.7 3.2 0.9
v 0.7 3.2 0.8
v 0.7 3.2 -0.8
v 0.7 3.2 -0.9
v 0.7 3.3 0.9
v 0.7 3.3 0.8
v 0.7 3.3 0.7
v 0.7 3.3 0.6
v 0.7 3.3 -0.6
v 0.7 3.3 -0.7
v 0.7 3.3 -0.8
v 0.7 3.3 -0.9
v 0.7 3.4 0.7
v 0.7 3.4 0.6
v 0.7 3.4 0.5
v 0.7 3.4 0.3
v 0.7 3.4 -0.3
v 0.7 3.4 -0.5
v 0.7 3.4 -0.6
v 0.7 3.4 -0.7
v 0.7 3.5 0.5
v 0.7 3.5 0.3
v 0.7 3.5 -0.3
v 0.7 3.5 -0.5
v 0.8 0.9 1.3
v 0.8 0.9 1.2
v 0.8 0.9 -1.2
v 0.8 0.9 -1.3
v 0.8 1 1.4
v 0.8 1 1.3
v 0.8 1 1.2
v 0.8 1 -1.2
v 0.8 1 -1.3
v 0.8 1 -1.4
v 0.8 1.1 1.4
v 0.8 1.1 1.3
v 0.8 1.1 -1.3
v 0.8 1.1 -1.4
v 0.8 1.2 1.5
v 0.8 1.2 1.4
v 0.8 1.2 -1.4
v 0.8 1.2 -1.5
v 0.8 1.3 1.5
v 0.8 1.3 1.4
v 0.8 1.3 -1.4
v 0.8 1.3 -1.5
v 0.8 1.4 1.6
v 0.8 1.4 1.5
v 0.8 1.4 -1.5
v 0.8 1.4 -1.6
v 0.8 1.5 1.6
v 0.8 1.5 1.5
v 0.8 1.5 -1.5
v 0.8 1.5 -1.6
v 0.8 1.7 1.7
v 0.8 1.7 1.6
v 0.8 1.7 -1.6
v 0.8 1.7 -1.7
v 0.8 2.3 1.7
v 0.8 2.3 1.6
v 0.8 2.3 -1.6
v 0.8 2.3 -1.7
v 0.8 2.5 1.6
v 0.8 2.5 1.5
v 0.8 2.5 -1.5
v 0.8 2.5 -1.6
v 0.8 2.6 1.6
v 0.8 2.6 1.5
v 0.8 2.6 -1.5
v 0.8 2.6 -1.6
v 0.8 2.7 1.5
v 0.8 2.7 1.4
v 0.8 2.7 -1.4
v 0.8 2.7 -1.5
v 0.8 2.8 1.5
v 0.8 2.8 1.4
v 0.8 2.8 -1.4
v 0.8 2.8 -1.5
v 0.8 2.9 1.4
v 0.8 2.9 1.3
v 0.8 2.9 -1.3
v 0.8 2.9 -1.4
v 0.8 3 1.4
v 0.8 3 1.3
v 0.8 3 1.2
v 0.8 3 -1.2
v 0.8 3 -1.3
v 0.8 3 -1.4
v 0.8 3.1 1.3
v 0.8 3.1 1.2
v 0.8 3.1 1.1
v 0.8 3.1 -1.1
v 0.8 3.1 -1.2
v 0.8 3.1 -1.3
v 0.8 3.2 1.2
v 0.8 3.2 1.1
v 0.8 3.2 1
v 0.8 3.2 0.9
v 0.8 3.2 -0.9
v 0.8 3.2 -1
v 0.8 3.2 -1.1
v 0.8 3.2 -1.2
v 0.8 3.3 1
v 0.8 3.3 0.9
v 0.8 3.3 0.8
v 0.8 3.3 0.7
v 0.8 3.3 -0.7
v 0.8 3.3 -0.8
v 0.8 3.3 -0.9
v 0.8 3.3 -1
v 0.8 3.4 0.8
v 0.8 3.4 0.7
v 0.8 3.4 0.6
v 0.8 3.4 0.5
v 0.8 3.4 -0.5
v 0.8 3.4 -0.6
v 0.8 3.4 -0.7
v 0.8 3.4 -0.8
v 0.8 3.5 0.6
v 0.8 3.5 0.5
v 0.8 3.5 0.3
v 0.8 3.5 -0.3
v 0.8 3.5 -0.5
v 0.8 3.5 -0.6
v 0.8 3.6 0.3
v 0.8 3.6 -0.3
v 0.9 0.9 1.4
v 0.9 0.9 1.3
v 0.9 0.9 -1.3
v 0.9 0.9 -1.4
v 0.9 1 1.4
v 0.9 1 1.3
v 0.9 1 -1.3
v 0.9 1 -1.4
v 0.9 1.1 1.5
v 0.9 1.1 1.4
v 0.9 1.1 -1.4
v 0.9 1.1 -1.5
v 0.9 1.2 1.6
v 0.9 1.2 1.5
v 0.9 1.2 1.4
v 0.9 1.2 -1.4
v 0.9 1.2 -1.5
v 0.9 1.2 -1.6
v 0.9 1.4 1.6
v 0.9 1.4 1.5
v 0.9 1.4 -1.5
v 0.9 1.4 -1.6
v 0.9 1.5 1.7
v 0.9 1.5 1.6
v 0.9 1.5 -1.6
v 0.9 1.5 -1.7
v 0.9 1.7 1.7
v 0.9 1.7 1.6
v 0.9 1.7 -1.6
v 0.9 1.7 -1.7
v 0.9 2.3 1.7
v 0.9 2.3 1.6
v 0.9 2.3 -1.6
v 0.9 2.3 -1.7
v 0.9 2.5 1.7
v 0.9 2.5 1.6
v 0.9 2.5 -1.6
v 0.9 2.5 -1.7
v 0.9 2.6 1.6
v 0.9 2.6 1.5
v 0.9 2.6 -1.5
v 0.9 2.6 -1.6
v 0.9 2.8 1.6
v 0.9 2.8 1.5
v 0.9 2.8 1.4
v 0.9 2.8 -1.4
v 0.9 2.8 -1.5
v 0.9 2.8 -1.6
v 0.9 2.9 1.5
v 0.9 2.9 1.4
v 0.9 2.9 -1.4
v 0.9 2.9 -1.5
v 0.9 3 1.4
v 0.9 3 1.3
v 0.9 3 -1.3
v 0.9 3 -1.4
v 0.9 3.1 1.4
v 0.9 3.1 1.3
v 0.9 3.1 1.2
v 0.9 3.1 -1.2
v 0.9 3.1 -1.3
v 0.9 3.1 -1.4
v 0.9 3.2 1.3
v 0.9 3.2 1.2
v 0.9 3.2 1.1
v 0.9 3.2 1
v 0.9 3.2 -1
v 0.9 3.2 -1.1
v 0.9 3.2 -1.2
v 0.9 3.2 -1.3
v 0.9 3.3 1.1
v 0.9 3.3 1
v 0.9 3.3 0.9
v 0.9 3.3 0.8
v 0.9 3.3 -0.8
v 0.9 3.3 -0.9
v 0.9 3.3 -1
v 0.9 3.3 -1.1
v 0.9 3.4 0.9
v 0.9 3.4 0.8
v 0.9 3.4 0.6
v 0.9 3.4 -0.6
v 0.9 3.4 -0.8
v 0.9 3.4 -0.9
v 0.9 3.5 0.8
v 0.9 3.5 0.6
v 0.9 3.5 0.5
v 0.9 3.5 0.3
v 0.9 3.5 -0.3
v 0.9 3.5 -0.5
v 0.9 3.5 -0.6
v 0.9 3.5 -0.8
v 0.9 3.6 0.5
v 0.9 3.6 0.3
v 0.9 3.6 -0.3
v 0.9 3.6 -0.5
v 1 1 1.5
v 1 1 1.4
v 1 1 -1.4
v 1 1 -1.5
v 1 1.1 1.6
v 1 1.1 1.5
v 1 1.1 1.4
v 1 1.1 -1.4
v 1 1.1 -1.5
v 1 1.1 -1.6
v 1 1.2 1.6
v 1 1.2 1.5
v 1 1.2 -1.5
v 1 1.2 -1.6
v 1 1.3 1.7
v 1 1.3 1.6
v 1 1.3 -1.6
v 1 1.3 -1.7
v 1 1.5 1.7
v 1 1.5 1.6
v 1 1.5 -1.6
v 1 1.5 -1.7
v 1 1.7 1.8
v 1 1.7 1.7
v 1 1.7 -1.7
v 1 1.7 -1.8
v 1 2.3 1.8
v 1 2.3 1.7
v 1 2.3 -1.7
v 1 2.3 -1.8
v 1 2.5 1.7
v 1 2.5 1.6
v 1 2.5 -1.6
v 1 2.5 -1.7
v 1 2.7 1.7
v 1 2.7 1.6
v 1 2.7 -1.6
v 1 2.7 -1.7
v 1 2.8 1.6
v 1 2.8 1.5
v 1 2.8 -1.5
v 1 2.8 -1.6
v 1 2.9 1.6
v 1 2.9 1.5
v 1 2.9 1.4
v 1 2.9 -1.4
v 1 2.9 -1.5
v 1 2.9 -1.6
v 1 3 1.5
v 1 3 1.4
v 1 3 -1.4
v 1 3 -1.5
v 1 3.1 1.4
v 1 3.1 1.3
v 1 3.1 -1.3
v 1 3.1 -1.4
v 1 3.2 1.4
v 1 3.2 1.3
v 1 3.2 1.2
v 1 3.2 1.1
v 1 3.2 -1.1
v 1 3.2 -1.2
v 1 3.2 -1.3
v 1 3.2 -1.4
v 1 3.3 1.2
v 1 3.3 1.1
v 1 3.3 1
v 1 3.3 0.9
v 1 3.3 -0.9
v 1 3.3 -1
v 1 3.3 -1.1
v 1 3.3 -1.2
v 1 3.4 1
v 1 3.4 0.9
v 1 3.4 0.8
v 1 3.4 -0.8
v 1 3.4 -0.9
v 1 3.4 -1
v 1 3.5 0.9
v 1 3.5 0.8
v 1 3.5 0.7
v 1 3.5 0.5
v 1 3.5 -0.5
v 1 3.5 -0.7
v 1 3.5 -0.8
v 1 3.5 -0.9
v 1 3.6 0.7
v 1 3.6 0.5
v 1 3.6 0.3
v 1 3.6 -0.3
v 1 3.6 -0.5
v 1 3.6 -0.7
v 1 3.7 0.3
v 1 3.7 -0.3
v 1.1 0.9 1.5
v 1.1 0.9 1.4
v 1.1 0.9 -1.4
v 1.1 0.9 -1.5
v 1.1 1 1.6
v 1.1 1 1.5
v 1.1 1 1.4
v 1.1 1 -1.4
v 1.1 1 -1.5
v 1.1 1 -1.6
v 1.1 1.1 1.6
v 1.1 1.1 1.5
v 1.1 1.1 -1.5
v 1.1 1.1 -1.6
v 1.1 1.2 1.7
v 1.1 1.2 1.6
v 1.1 1.2 -1.6
v 1.1 1.2 -1.7
v 1.1 1.3 1.7
v 1.1 1.3 1.6
v 1.1 1.3 -1.6
v 1.1 1.3 -1.7
v 1.1 1.5 1.8
v 1.1 1.5 1.7
v 1.1 1.5 -1.7
v 1.1 1.5 -1.8
v 1.1 1.7 1.8
v 1.1 1.7 1.7
v 1.1 1.7 -1.7
v 1.1 1.7 -1.8
v 1.1 2.3 1.8
v 1.1 2.3 1.7
v 1.1 2.3 -1.7
v 1.1 2.3 -1.8
v 1.1 2.5 1.8
v 1.1 2.5 1.7
v 1.1 2.5 -1.7
v 1.1 2.5 -1.8
v 1.1 2.7 1.7
v 1.1 2.7 1.6
v 1.1 2.7 -1.6
v 1.1 2.7 -1.7
v 1.1 2.8 1.7
v 1.1 2.8 1.6
v 1.1 2.8 -1.6
v 1.1 2.8 -1.7
v 1.1 2.9 1.6
v 1.1 2.9 1.5
v 1.1 2.9 -1.5
v 1.1 2.9 -1.6
v 1.1 3 1.6
v 1.1 3 1.5
v 1.1 3 1.4
v 1.1 3 -1.4
v 1.1 3 -1.5
v 1.1 3 -1.6
v 1.1 3.1 1.5
v 1.1 3.1 1.4
v 1.1 3.1 -1.4
v 1.1 3.1 -1.5
v 1.1 3.2 1.3
v 1.1 3.2 1.2
v 1.1 3.3 1.3
v 1.1 3.3 1.2
v 1.1 3.3 1.1
v 1.1 3.3 1
v 1.1 3.3 -1
v 1.1 3.3 -1.1
v 1.1 3.4 1.1
v 1.1 3.4 1
v 1.1 3.4 0.9
v 1.1 3.4 -0.9
v 1.1 3.4 -1
v 1.1 3.4 -1.1
v 1.1 3.5 1
v 1.1 3.5 0.9
v 1.1 3.5 0.8
v 1.1 3.5 0.7
v 1.1 3.5 -0.7
v 1.1 3.5 -0.8
v 1.1 3.5 -0.9
v 1.1 3.5 -1
v 1.1 3.6 0.8
v 1.1 3.6 0.7
v 1.1 3.6 0.5
v 1.1 3.6 0.3
v 1.1 3.6 -0.3
v 1.1 3.6 -0.5
v 1.1 3.6 -0.7
v 1.1 3.6 -0.8
v 1.1 3.7 0.5
v 1.1 3.7 0.3
v 1.1 3.7 -0.3
v 1.1 3.7 -0.5
v 1.2 0.9 1.6
v 1.2 0.9 1.5
v 1.2 0.9 -1.5
v 1.2 0.9 -1.6
v 1.2 1 1.6
v 1.2 1 1.5
v 1.2 1 -1.5
v 1.2 1 -1.6
v 1.2 1.1 1.7
v 1.2 1.1 1.6
v 1.2 1.1 -1.6
v 1.2 1.1 -1.7
v 1.2 1.2 1.7
v 1.2 1.2 1.6
v 1.2 1.2 -1.6
v 1.2 1.2 -1.7
v 1.2 1.3 1.8
v 1.2 1.3 1.7
v 1.2 1.3 -1.7
v 1.2 1.3 -1.8
v 1.2 1.5 1.8
v 1.2 1.5 1.7
v 1.2 1.5 -1.7
v 1.2 1.5 -1.8
v 1.2 1.7 1.9
v 1.2 1.7 1.8
v 1.2 1.7 -1.8
v 1.2 1.7 -1.9
v 1.2 2.3 1.9
v 1.2 2.3 1.8
v 1.2 2.3 -1.8
v 1.2 2.3 -1.9
v 1.2 2.5 1.8
v 1.2 2.5 1.7
v 1.2 2.5 -1.7
v 1.2 2.5 -1.8
v 1.2 2.7 1.8
v 1.2 2.7 1.7
v 1.2 2.7 -1.7
v 1.2 2.7 -1.8
v 1.2 2.8 1.7
v 1.2 2.8 1.6
v 1.2 2.8 -1.6
v 1.2 2.8 -1.7
v 1.2 2.9 1.7
v 1.2 2.9 1.6
v 1.2 2.9 -1.6
v 1.2 2.9 -1.7
v 1.2 3 1.6
v 1.2 3 1.5
v 1.2 3 -1.5
v 1.2 3 -1.6
v 1.2 3.1 1.6
v 1.2 3.1 1.5
v 1.2 3.1 1.4
v 1.2 3.1 -1.4
v 1.2 3.1 -1.5
v 1.2 3.1 -1.6
v 1.2 3.2 1.5
v 1.2 3.2 1.4
v 1.2 3.2 1.3
v 1.2 3.2 -1.2
v 1.2 3.2 -1.3
v 1.2 3.2 -1.4
v 1.2 3.2 -1.5
v 1.2 3.3 1.4
v 1.2 3.3 1.3
v 1.2 3.3 1.2
v 1.2 3.3 1.1
v 1.2 3.3 -1.1
v 1.2 3.3 -1.2
v 1.2 3.3 -1.3
v 1.2 3.4 1.2
v 1.2 3.4 1.1
v 1.2 3.4 1
v 1.2 3.4 -1
v 1.2 3.4 -1.1
v 1.2 3.4 -1.2
v 1.2 3.5 1.1
v 1.2 3.5 1
v 1.2 3.5 0.9
v 1.2 3.5 0.8
v 1.2 3.5 -0.8
v 1.2 3.5 -0.9
v 1.2 3.5 -1
v 1.2 3.5 -1.1
v 1.2 3.6 0.9
v 1.2 3.6 0.8
v 1.2 3.6 0.7
v 1.2 3.6 0.5
v 1.2 3.6 -0.5
v 1.2 3.6 -0.7
v 1.2 3.6 -0.8
v 1.2 3.6 -0.9
v 1.2 3.7 0.7
v 1.2 3.7 0.5
v 1.2 3.7 -0.5
v 1.2 3.7 -0.7
v 1.3 1 1.7
v 1.3 1 1.6
v 1.3 1 -1.6
v 1.3 1 -1.7
v 1.3 1.1 1.7
v 1.3 1.1 1.6
v 1.3 1.1 -1.6
v 1.3 1.1 -1.7
v 1.3 1.2 1.8
v 1.3 1.2 1.7
v 1.3 1.2 -1.7
v 1.3 1.2 -1.8
v 1.3 1.3 1.8
v 1.3 1.3 1.7
v 1.3 1.3 -1.7
v 1.3 1.3 -1.8
v 1.3 1.5 1.9
v 1.3 1.5 1.8
v 1.3 1.5 -1.8
v 1.3 1.5 -1.9
v 1.3 1.7 1.9
v 1.3 1.7 1.8
v 1.3 1.7 -1.8
v 1.3 1.7 -1.9
v 1.3 2.3 1.9
v 1.3 2.3 1.8
v 1.3 2.3 -1.8
v 1.3 2.3 -1.9
v 1.3 2.5 1.9
v 1.3 2.5 1.8
v 1.3 2.5 -1.8
v 1.3 2.5 -1.9
v 1.3 2.7 1.8
v 1.3 2.7 1.7
v 1.3 2.7 -1.7
v 1.3 2.7 -1.8
v 1.3 2.8 1.8
v 1.3 2.8 1.7
v 1.3 2.8 -1.7
v 1.3 2.8 -1.8
v 1.3 2.9 1.7
v 1.3 2.9 1.6
v 1.3 2.9 -1.6
v 1.3 2.9 -1.7
v 1.3 3 1.7
v 1.3 3 1.6
v 1.3 3 -1.6
v 1.3 3 -1.7
v 1.3 3.2 -1.3
v 1.3 3.2 -1.4
v 1.3 3.3 1.3
v 1.3 3.3 1.2
v 1.3 3.3 -1.2
v 1.3 3.3 -1.3
v 1.3 3.3 -1.4
v 1.3 3.4 1.3
v 1.3 3.4 1.2
v 1.3 3.4 -1.2
v 1.3 3.4 -1.3
v 1.3 3.5 1
v 1.3 3.5 0.9
v 1.3 3.5 -0.9
v 1.3 3.5 -1
v 1.3 3.6 1
v 1.3 3.6 0.9
v 1.3 3.6 0.8
v 1.3 3.6 0.7
v 1.3 3.6 -0.7
v 1.3 3.6 -0.8
v 1.3 3.6 -0.9
v 1.3 3.6 -1
v 1.3 3.7 0.8
v 1.3 3.7 0.7
v 1.3 3.7 -0.7
v 1.3 3.7 -0.8
v 1.4 0.9 1.7
v 1.4 0.9 1.6
v 1.4 0.9 -1.6
v 1.4 0.9 -1.7
v 1.4 1 1.7
v 1.4 1 1.6
v 1.4 1 -1.6
v 1.4 1 -1.7
v 1.4 1.1 1.8
v 1.4 1.1 1.7
v 1.4 1.1 -1.7
v 1.4 1.1 -1.8
v 1.4 1.2 1.8
v 1.4 1.2 1.7
v 1.4 1.2 -1.7
v 1.4 1.2 -1.8
v 1.4 1.3 1.9
v 1.4 1.3 1.8
v 1.4 1.3 -1.8
v 1.4 1.3 -1.9
v 1.4 1.5 1.9
v 1.4 1.5 1.8
v 1.4 1.5 -1.8
v 1.4 1.5 -1.9
v 1.4 1.7 2
v 1.4 1.7 1.9
v 1.4 1.7 -1.9
v 1.4 1.7 -2
v 1.4 2.3 2
v 1.4 2.3 1.9
v 1.4 2.3 -1.9
v 1.4 2.3 -2
v 1.4 2.5 1.9
v 1.4 2.5 1.8
v 1.4 2.5 -1.8
v 1.4 2.5 -1.9
v 1.4 2.7 1.9
v 1.4 2.7 1.8
v 1.4 2.7 -1.8
v 1.4 2.7 -1.9
v 1.4 2.8 1.8
v 1.4 2.8 1.7
v 1.4 2.8 -1.7
v 1.4 2.8 -1.8
v 1.4 2.9 1.8
v 1.4 2.9 1.7
v 1.4 2.9 -1.7
v 1.4 2.9 -1.8
v 1.4 3 1.7
v 1.4 3 1.6
v 1.4 3 -1.6
v 1.4 3 -1.7
v 1.4 3.1 1.7
v 1.4 3.1 1.6
v 1.4 3.1 1.5
v 1.4 3.1 -1.5
v 1.4 3.1 -1.6
v 1.4 3.1 -1.7
v 1.4 3.2 1.6
v 1.4 3.2 1.5
v 1.4 3.2 -1.5
v 1.4 3.2 -1.6
v 1.4 3.4 1.2
v 1.4 3.4 1.1
v 1.4 3.4 -1.1
v 1.4 3.4 -1.2
v 1.4 3.5 1.2
v 1.4 3.5 1.1
v 1.4 3.5 1
v 1.4 3.5 -1
v 1.4 3.5 -1.1
v 1.4 3.5 -1.2
v 1.4 3.6 1.1
v 1.4 3.6 1
v 1.4 3.6 0.9
v 1.4 3.6 0.8
v 1.4 3.6 -0.8
v 1.4 3.6 -0.9
v 1.4 3.6 -1
v 1.4 3.6 -1.1
v 1.4 3.7 0.9
v 1.4 3.7 0.8
v 1.4 3.7 -0.8
v 1.4 3.7 -0.9
v 1.5 7.45058e-09 2
v 1.5 7.45058e-09 -2
v 1.5 0.9 1.7
v 1.5 0.9 -1.7
v 1.5 1.1 1.8
v 1.5 1.1 1.7
v 1.5 1.1 -1.7
v 1.5 1.1 -1.8
v 1.5 1.3 1.9
v 1.5 1.3 1.8
v 1.5 1.3 -1.8
v 1.5 1.3 -1.9
v 1.5 1.7 2
v 1.5 1.7 1.9
v 1.5 1.7 -1.9
v 1.5 1.7 -2
v 1.5 2.3 2
v 1.5 2.3 1.9
v 1.5 2.3 -1.9
v 1.5 2.3 -2
v 1.5 2.7 1.9
v 1.5 2.7 1.8
v 1.5 2.7 -1.8
v 1.5 2.7 -1.9
v 1.5 2.9 1.8
v 1.5 2.9 1.7
v 1.5 2.9 -1.7
v 1.5 2.9 -1.8
v 1.5 3.1 1.7
v 1.5 3.1 1.6
v 1.5 3.1 -1.6
v 1.5 3.1 -1.7
v 1.5 3.2 1.6
v 1.5 3.2 1.4
v 1.5 3.2 -1.4
v 1.5 3.2 -1.6
v 1.5 3.3 1.4
v 1.5 3.3 1.3
v 1.5 3.3 -1.3
v 1.5 3.3 -1.4
v 1.5 3.4 1.3
v 1.5 3.4 1.2
v 1.5 3.4 -1.2
v 1.5 3.4 -1.3
v 1.5 3.5 1.2
v 1.5 3.5 1.1
v 1.5 3.5 -1.1
v 1.5 3.5 -1.2
v 1.5 3.6 1.1
v 1.5 3.6 0.9
v 1.5 3.6 -0.9
v 1.5 3.6 -1.1
v 1.5 3.7 0.9
v 1.5 3.7 -0.9
v 1.5 4 2
v 1.5 4 -2
v 1.6 1.7 0.2
v 1.6 1.7 -0.3
v 1.6 1.8 0.3
v 1.6 1.8 0.2
v 1.6 1.8 -0.3
v 1.6 1.8 -0.4
v 1.6 2.3 0.3
v 1.6 2.3 0.2
v 1.6 2.3 -0.3
v 1.6 2.3 -0.4
v 1.6 2.4 0.2
v 1.6 2.4 -0.3
v 1.7 1.6 0.2
v 1.7 1.6 -0.3
v 1.7 1.7 0.3
v 1.7 1.7 0.2
v 1.7 1.7 -0.3
v 1.7 1.7 -0.4
v 1.7 1.8 0.4
v 1.7 1.8 0.3
v 1.7 1.8 0.2
v 1.7 1.8 -0.3
v 1.7 1.8 -0.4
v 1.7 1.8 -0.5
v 1.7 2.3 0.4
v 1.7 2.3 0.3
v 1.7 2.3 0.2
v 1.7 2.3 -0.3
v 1.7 2.3 -0.4
v 1.7 2.3 -0.5
v 1.7 2.4 0.3
v 1.7 2.4 0.2
v 1.7 2.4 -0.3
v 1.7 2.4 -0.4
v 1.7 2.5 0.2
v 1.7 2.5 -0.3
v 1.8 1.5 0.2
v 1.8 1.5 -0.3
v 1.8 1.6 0.3
v 1.8 1.6 0.2
v 1.8 1.6 -0.3
v 1.8 1.6 -0.4
v 1.8 1.7 0.4
v 1.8 1.7 0.3
v 1.8 1.7 0.2
v 1.8 1.7 -0.3
v 1.8 1.7 -0.4
v 1.8 1.7 -0.5
v 1.8 1.8 0.5
v 1.8 1.8 0.4
v 1.8 1.8 0.3
v 1.8 1.8 -0.4
v 1.8 1.8 -0.5
v 1.8 1.8 -0.6
v 1.8 2.3 0.5
v 1.8 2.3 0.4
v 1.8 2.3 0.3
v 1.8 2.3 -0.4
v 1.8 2.3 -0.5
v 1.8 2.3 -0.6
v 1.8 2.4 0.4
v 1.8 2.4 0.3
v 1.8 2.4 0.2
v 1.8 2.4 -0.3
v 1.8 2.4 -0.4
v 1.8 2.4 -0.5
v 1.8 2.5 0.3
v 1.8 2.5 0.2
v 1.8 2.5 -0.3
v 1.8 2.5 -0.4
v 1.8 2.6 0.2
v 1.8 2.6 -0.3
v 1.9 7.45058e-09 2
v 1.9 7.45058e-09 -2
v 1.9 1.4 0.2
v 1.9 1.4 -0.3
v 1.9 1.5 0.3
v 1.9 1.5 0.2
v 1.9 1.5 -0.3
v 1.9 1.5 -0.4
v 1.9 1.6 0.4
v 1.9 1.6 0.3
v 1.9 1.6 0.2
v 1.9 1.6 -0.3
v 1.9 1.6 -0.4
v 1.9 1.6 -0.5
v 1.9 1.7 0.5
v 1.9 1.7 0.4
v 1.9 1.7 0.3
v 1.9 1.7 -0.4
v 1.9 1.7 -0.5
v 1.9 1.7 -0.6
v 1.9 1.8 0.6
v 1.9 1.8 0.5
v 1.9 1.8 0.4
v 1.9 1.8 -0.5
v 1.9 1.8 -0.6
v 1.9 1.8 -0.7
v 1.9 2.3 0.6
v 1.9 2.3 0.5
v 1.9 2.3 0.4
v 1.9 2.3 -0.5
v 1.9 2.3 -0.6
v 1.9 2.3 -0.7
v 1.9 2.4 0.5
v 1.9 2.4 0.4
v 1.9 2.4 0.3
v 1.9 2.4 -0.4
v 1.9 2.4 -0.5
v 1.9 2.4 -0.6
v 1.9 2.5 0.4
v 1.9 2.5 0.3
v 1.9 2.5 0.2
v 1.9 2.5 -0.3
v 1.9 2.5 -0.4
v 1.9 2.5 -0.5
v 1.9 2.6 0.3
v 1.9 2.6 0.2
v 1.9 2.6 -0.3
v 1.9 2.6 -0.4
v 1.9 2.7 0.2
v 1.9 2.7 -0.3
v 1.9 4 2
v 1.9 4 -2
v 1.4 1.7 2
v 1.4 2.3 2
v 1.5 7.45058e-09 2
v 1.5 1.7 2
v 1.5 2.3 2
v 1.5 4 2
v 1.9 7.45058e-09 2
v 1.9 4 2
v 1.2 1.7 1.9
v 1.2 2.3 1.9
v 1.3 1.5 1.9
v 1.3 1.7 1.9
v 1.3 2.3 1.9
v 1.3 2.5 1.9
v 1.4 1.3 1.9
v 1.4 1.5 1.9
v 1.4 1.7 1.9
v 1.4 2.3 1.9
v 1.4 2.5 1.9
v 1.4 2.7 1.9
v 1.5 1.3 1.9
v 1.5 1.7 1.9
v 1.5 2.3 1.9
v 1.5 2.7 1.9
v 1 1.7 1.8
v 1 2.3 1.8
v 1.1 1.5 1.8
v 1.1 1.7 1.8
v 1.1 2.3 1.8
v 1.1 2.5 1.8
v 1.2 1.3 1.8
v 1.2 1.5 1.8
v 1.2 1.7 1.8
v 1.2 2.3 1.8
v 1.2 2.5 1.8
v 1.2 2.7 1.8
v 1.3 1.2 1.8
v 1.3 1.3 1.8
v 1.3 1.5 1.8
v 1.3 1.7 1.8
v 1.3 2.3 1.8
v 1.3 2.5 1.8
v 1.3 2.7 1.8
v 1.3 2.8 1.8
v 1.4 1.1 1.8
v 1.4 1.2 1.8
v 1.4 1.3 1.8
v 1.4 1.5 1.8
v 1.4 2.5 1.8
v 1.4 2.7 1.8
v 1.4 2.8 1.8
v 1.4 2.9 1.8
v 1.5 1.1 1.8
v 1.5 1.3 1.8
v 1.5 2.7 1.8
v 1.5 2.9 1.8
v 0.8 1.7 1.7
v 0.8 2.3 1.7
v 0.9 1.5 1.7
v 0.9 1.7 1.7
v 0.9 2.3 1.7
v 0.9 2.5 1.7
v 1 1.3 1.7
v 1 1.5 1.7
v 1 1.7 1.7
v 1 2.3 1.7
v 1 2.5 1.7
v 1 2.7 1.7
v 1.1 1.2 1.7
v 1.1 1.3 1.7
v 1.1 1.5 1.7
v 1.1 1.7 1.7
v 1.1 2.3 1.7
v 1.1 2.5 1.7
v 1.1 2.7 1.7
v 1.1 2.8 1.7
v 1.2 1.1 1.7
v 1.2 1.2 1.7
v 1.2 1.3 1.7
v 1.2 1.5 1.7
v 1.2 2.5 1.7
v 1.2 2.7 1.7
v 1.2 2.8 1.7
v 1.2 2.9 1.7
v 1.3 1 1.7
v 1.3 1.1 1.7
v 1.3 1.2 1.7
v 1.3 1.3 1.7
v 1.3 2.7 1.7
v 1.3 2.8 1.7
v 1.3 2.9 1.7
v 1.3 3 1.7
v 1.4 0.9 1.7
v 1.4 1 1.7
v 1.4 1.1 1.7
v 1.4 1.2 1.7
v 1.4 2.8 1.7
v 1.4 2.9 1.7
v 1.4 3 1.7
v 1.4 3.1 1.7
v 1.5 0.9 1.7
v 1.5 1.1 1.7
v 1.5 2.9 1.7
v 1.5 3.1 1.7
v 0.6 1.7 1.6
v 0.6 2.3 1.6
v 0.7 1.5 1.6
v 0.7 1.7 1.6
v 0.7 2.3 1.6
v 0.7 2.5 1.6
v 0.8 1.4 1.6
v 0.8 1.5 1.6
v 0.8 1.7 1.6
v 0.8 2.3 1.6
v 0.8 2.5 1.6
v 0.8 2.6 1.6
v 0.9 1.2 1.6
v 0.9 1.4 1.6
v 0.9 1.5 1.6
v 0.9 1.7 1.6
v 0.9 2.3 1.6
v 0.9 2.5 1.6
v 0.9 2.6 1.6
v 0.9 2.8 1.6
v 1 1.1 1.6
v 1 1.2 1.6
v 1 1.3 1.6
v 1 1.5 1.6
v 1 2.5 1.6
v 1 2.7 1.6
v 1 2.8 1.6
v 1 2.9 1.6
v 1.1 1 1.6
v 1.1 1.1 1.6
v 1.1 1.2 1.6
v 1.1 1.3 1.6
v 1.1 2.7 1.6
v 1.1 2.8 1.6
v 1.1 2.9 1.6
v 1.1 3 1.6
v 1.2 0.9 1.6
v 1.2 1 1.6
v 1.2 1.1 1.6
v 1.2 1.2 1.6
v 1.2 2.8 1.6
v 1.2 2.9 1.6
v 1.2 3 1.6
v 1.2 3.1 1.6
v 1.3 1 1.6
v 1.3 1.1 1.6
v 1.3 2.9 1.6
v 1.3 3 1.6
v 1.4 0.9 1.6
v 1.4 1 1.6
v 1.4 3 1.6
v 1.4 3.1 1.6
v 1.4 3.2 1.6
v 1.5 3.1 1.6
v 1.5 3.2 1.6
v 0.4 1.7 1.5
v 0.4 2.3 1.5
v 0.5 1.5 1.5
v 0.5 1.7 1.5
v 0.5 2.3 1.5
v 0.5 2.5 1.5
v 0.6 1.4 1.5
v 0.6 1.5 1.5
v 0.6 1.7 1.5
v 0.6 2.3 1.5
v 0.6 2.5 1.5
v 0.6 2.6 1.5
v 0.7 1.3 1.5
v 0.7 1.4 1.5
v 0.7 1.5 1.5
v 0.7 1.7 1.5
v 0.7 2.3 1.5
v 0.7 2.5 1.5
v 0.7 2.6 1.5
v 0.7 2.7 1.5
v 0.8 1.2 1.5
v 0.8 1.3 1.5
v 0.8 1.4 1.5
v 0.8 1.5 1.5
v 0.8 2.5 1.5
v 0.8 2.6 1.5
v 0.8 2.7 1.5
v 0.8 2.8 1.5
v 0.9 1.1 1.5
v 0.9 1.2 1.5
v 0.9 1.4 1.5
v 0.9 2.6 1.5
v 0.9 2.8 1.5
v 0.9 2.9 1.5
v 1 1 1.5
v 1 1.1 1.5
v 1 1.2 1.5
v 1 2.8 1.5
v 1 2.9 1.5
v 1 3 1.5
v 1.1 0.9 1.5
v 1.1 1 1.5
v 1.1 1.1 1.5
v 1.1 2.9 1.5
v 1.1 3 1.5
v 1.1 3.1 1.5
v 1.2 0.9 1.5
v 1.2 1 1.5
v 1.2 3 1.5
v 1.2 3.1 1.5
v 1.2 3.2 1.5
v 1.4 3.1 1.5
v 1.4 3.2 1.5
v 0.2 1.7 1.4
v 0.2 2.3 1.4
v 0.3 1.5 1.4
v 0.3 1.7 1.4
v 0.3 2.3 1.4
v 0.3 2.5 1.4
v 0.4 1.4 1.4
v 0.4 1.5 1.4
v 0.4 1.7 1.4
v 0.4 2.3 1.4
v 0.4 2.5 1.4
v 0.4 2.6 1.4
v 0.5 1.3 1.4
v 0.5 1.4 1.4
v 0.5 1.5 1.4
v 0.5 1.7 1.4
v 0.5 2.3 1.4
v 0.5 2.5 1.4
v 0.5 2.6 1.4
v 0.5 2.7 1.4
v 0.6 1.2 1.4
v 0.6 1.3 1.4
v 0.6 1.4 1.4
v 0.6 1.5 1.4
v 0.6 2.5 1.4
v 0.6 2.6 1.4
v 0.6 2.7 1.4
v 0.6 2.8 1.4
v 0.7 1.1 1.4
v 0.7 1.2 1.4
v 0.7 1.3 1.4
v 0.7 1.4 1.4
v 0.7 2.6 1.4
v 0.7 2.7 1.4
v 0.7 2.8 1.4
v 0.7 2.9 1.4
v 0.8 1 1.4
v 0.8 1.1 1.4
v 0.8 1.2 1.4
v 0.8 1.3 1.4
v 0.8 2.7 1.4
v 0.8 2.8 1.4
v 0.8 2.9 1.4
v 0.8 3 1.4
v 0.9 0.9 1.4
v 0.9 1 1.4
v 0.9 1.1 1.4
v 0.9 1.2 1.4
v 0.9 2.8 1.4
v 0.9 2.9 1.4
v 0.9 3 1.4
v 0.9 3.1 1.4
v 1 1 1.4
v 1 1.1 1.4
v 1 2.9 1.4
v 1 3 1.4
v 1 3.1 1.4
v 1 3.2 1.4
v 1.1 0.9 1.4
v 1.1 1 1.4
v 1.1 3 1.4
v 1.1 3.1 1.4
v 1.2 3.1 1.4
v 1.2 3.2 1.4
v 1.2 3.3 1.4
v 1.5 3.2 1.4
v 1.5 3.3 1.4
v 0 1.7 1.3
v 0 2.3 1.3
v 0.1 1.6 1.3
v 0.1 1.7 1.3
v 0.1 2.3 1.3
v 0.1 2.4 1.3
v 0.2 1.4 1.3
v 0.2 1.6 1.3
v 0.2 1.7 1.3
v 0.2 2.3 1.3
v 0.2 2.4 1.3
v 0.2 2.6 1.3
v 0.3 1.3 1.3
v 0.3 1.4 1.3
v 0.3 1.5 1.3
v 0.3 1.7 1.3
v 0.3 2.3 1.3
v 0.3 2.5 1.3
v 0.3 2.6 1.3
v 0.3 2.7 1.3
v 0.4 1.2 1.3
v 0.4 1.3 1.3
v 0.4 1.4 1.3
v 0.4 1.5 1.3
v 0.4 2.5 1.3
v 0.4 2.6 1.3
v 0.4 2.7 1.3
v 0.4 2.8 1.3
v 0.5 1.1 1.3
v 0.5 1.2 1.3
v 0.5 1.3 1.3
v 0.5 1.4 1.3
v 0.5 2.6 1.3
v 0.5 2.7 1.3
v 0.5 2.8 1.3
v 0.5 2.9 1.3
v 0.6 1 1.3
v 0.6 1.1 1.3
v 0.6 1.2 1.3
v 0.6 1.3 1.3
v 0.6 2.7 1.3
v 0.6 2.8 1.3
v 0.6 2.9 1.3
v 0.6 3 1.3
v 0.7 1.1 1.3
v 0.7 1.2 1.3
v 0.7 2.8 1.3
v 0.7 2.9 1.3
v 0.8 0.9 1.3
v 0.8 1 1.3
v 0.8 1.1 1.3
v 0.8 2.9 1.3
v 0.8 3 1.3
v 0.8 3.1 1.3
v 0.9 0.9 1.3
v 0.9 1 1.3
v 0.9 3 1.3
v 0.9 3.1 1.3
v 0.9 3.2 1.3
v 1 3.1 1.3
v 1 3.2 1.3
v 1.1 3.2 1.3
v 1.1 3.3 1.3
v 1.2 3.2 1.3
v 1.2 3.3 1.3
v 1.3 3.3 1.3
v 1.3 3.4 1.3
v 1.5 3.3 1.3
v 1.5 3.4 1.3
v -0.2 1.8 1.2
v -0.2 2.2 1.2
v -0.0999999 1.6 1.2
v -0.0999999 1.8 1.2
v -0.0999999 2.2 1.2
v -0.0999999 2.4 1.2
v 0 1.4 1.2
v 0 1.6 1.2
v 0 1.7 1.2
v 0 2.3 1.2
v 0 2.4 1.2
v 0 2.6 1.2
v 0.1 1.3 1.2
v 0.1 1.4 1.2
v 0.1 1.6 1.2
v 0.1 1.7 1.2
v 0.1 2.3 1.2
v 0.1 2.4 1.2
v 0.1 2.6 1.2
v 0.1 2.7 1.2
v 0.2 1.2 1.2
v 0.2 1.3 1.2
v 0.2 1.4 1.2
v 0.2 1.6 1.2
v 0.2 2.4 1.2
v 0.2 2.6 1.2
v 0.2 2.7 1.2
v 0.2 2.8 1.2
v 0.3 1.3 1.2
v 0.3 1.4 1.2
v 0.3 2.6 1.2
v 0.3 2.7 1.2
v 0.4 1.1 1.2
v 0.4 1.2 1.2
v 0.4 1.3 1.2
v 0.4 2.7 1.2
v 0.4 2.8 1.2
v 0.4 2.9 1.2
v 0.5 1 1.2
v 0.5 1.1 1.2
v 0.5 1.2 1.2
v 0.5 2.8 1.2
v 0.5 2.9 1.2
v 0.5 3 1.2
v 0.6 0.9 1.2
v 0.6 1 1.2
v 0.6 1.1 1.2
v 0.6 2.9 1.2
v 0.6 3 1.2
v 0.6 3.1 1.2
v 0.8 0.9 1.2
v 0.8 1 1.2
v 0.8 3 1.2
v 0.8 3.1 1.2
v 0.8 3.2 1.2
v 0.9 3.1 1.2
v 0.9 3.2 1.2
v 1 3.2 1.2
v 1 3.3 1.2
v 1.1 3.2 1.2
v 1.1 3.3 1.2
v 1.2 3.3 1.2
v 1.2 3.4 1.2
v 1.3 3.3 1.2
v 1.3 3.4 1.2
v 1.4 3.4 1.2
v 1.4 3.5 1.2
v 1.5 3.4 1.2
v 1.5 3.5 1.2
v -0.4 1.8 1.1
v -0.4 2.2 1.1
v -0.3 1.6 1.1
v -0.3 1.8 1.1
v -0.3 2.2 1.1
v -0.3 2.4 1.1
v -0.2 1.5 1.1
v -0.2 1.6 1.1
v -0.2 1.8 1.1
v -0.2 2.2 1.1
v -0.2 2.4 1.1
v -0.2 2.5 1.1
v -0.0999999 1.4 1.1
v -0.0999999 1.5 1.1
v -0.0999999 1.6 1.1
v -0.0999999 1.8 1.1
v -0.0999999 2.2 1.1
v -0.0999999 2.4 1.1
v -0.0999999 2.5 1.1
v -0.0999999 2.6 1.1
v 0 1.3 1.1
v 0 1.4 1.1
v 0 1.6 1.1
v 0 2.4 1.1
v 0 2.6 1.1
v 0 2.7 1.1
v 0.1 1.2 1.1
v 0.1 1.3 1.1
v 0.1 1.4 1.1
v 0.1 2.6 1.1
v 0.1 2.7 1.1
v 0.1 2.8 1.1
v 0.2 1.1 1.1
v 0.2 1.2 1.1
v 0.2 1.3 1.1
v 0.2 2.7 1.1
v 0.2 2.8 1.1
v 0.2 2.9 1.1
v 0.3 1 1.1
v 0.3 1.1 1.1
v 0.3 2.9 1.1
v 0.3 3 1.1
v 0.4 1.1 1.1
v 0.4 1.2 1.1
v 0.4 2.8 1.1
v 0.4 2.9 1.1
v 0.5 0.9 1.1
v 0.5 1 1.1
v 0.5 1.1 1.1
v 0.5 2.9 1.1
v 0.5 3 1.1
v 0.5 3.1 1.1
v 0.6 0.9 1.1
v 0.6 1 1.1
v 0.6 3 1.1
v 0.6 3.1 1.1
v 0.6 3.2 1.1
v 0.8 3.1 1.1
v 0.8 3.2 1.1
v 0.9 3.2 1.1
v 0.9 3.3 1.1
v 1 3.2 1.1
v 1 3.3 1.1
v 1.1 3.3 1.1
v 1.1 3.4 1.1
v 1.2 3.3 1.1
v 1.2 3.4 1.1
v 1.2 3.5 1.1
v 1.3 3.4 1.1
v 1.3 3.5 1.1
v 1.4 3.4 1.1
v 1.4 3.5 1.1
v 1.4 3.6 1.1
v 1.5 3.5 1.1
v 1.5 3.6 1.1
v -0.6 1.8 1
v -0.6 2.2 1
v -0.5 1.6 1
v -0.5 1.8 1
v -0.5 2.2 1
v -0.5 2.4 1
v -0.4 1.5 1
v -0.4 1.6 1
v -0.4 1.8 1
v -0.4 2.2 1
v -0.4 2.4 1
v -0.4 2.5 1
v -0.3 1.4 1
v -0.3 1.5 1
v -0.3 1.6 1
v -0.3 1.8 1
v -0.3 2.2 1
v -0.3 2.4 1
v -0.3 2.5 1
v -0.3 2.6 1
v -0.2 1.3 1
v -0.2 1.4 1
v -0.2 1.5 1
v -0.2 1.6 1
v -0.2 2.4 1
v -0.2 2.5 1
v -0.2 2.6 1
v -0.2 2.7 1
v -0.0999999 1.2 1
v -0.0999999 1.3 1
v -0.0999999 1.4 1
v -0.0999999 1.5 1
v -0.0999999 2.5 1
v -0.0999999 2.6 1
v -0.0999999 2.7 1
v -0.0999999 2.8 1
v 0 1.1 1
v 0 1.2 1
v 0 1.3 1
v 0 1.4 1
v 0 2.6 1
v 0 2.7 1
v 0 2.8 1
v 0 2.9 1
v 0.1 1.2 1
v 0.1 1.3 1
v 0.1 2.7 1
v 0.1 2.8 1
v 0.2 1 1
v 0.2 1.1 1
v 0.2 1.2 1
v 0.2 2.8 1
v 0.2 2.9 1
v 0.2 3 1
v 0.3 0.9 1
v 0.3 1 1
v 0.3 1.1 1
v 0.3 2.9 1
v 0.3 3 1
v 0.3 3.1 1
v 0.5 0.9 1
v 0.5 1 1
v 0.5 3 1
v 0.5 3.1 1
v 0.5 3.2 1
v 0.6 3.1 1
v 0.6 3.2 1
v 0.8 3.2 1
v 0.8 3.3 1
v 0.9 3.2 1
v 0.9 3.3 1
v 1 3.3 1
v 1 3.4 1
v 1.1 3.3 1
v 1.1 3.4 1
v 1.1 3.5 1
v 1.2 3.4 1
v 1.2 3.5 1
v 1.3 3.5 1
v 1.3 3.6 1
v 1.4 3.5 1
v 1.4 3.6 1
v -0.8 1.8 0.9
v -0.8 2.2 0.9
v -0.7 1.6 0.9
v -0.7 1.8 0.9
v -0.7 2.2 0.9
v -0.7 2.4 0.9
v -0.6 1.5 0.9
v -0.6 1.6 0.9
v -0.6 1.8 0.9
v -0.6 2.2 0.9
v -0.6 2.4 0.9
v -0.6 2.5 0.9
v -0.5 1.4 0.9
v -0.5 1.5 0.9
v -0.5 1.6 0.9
v -0.5 1.8 0.9
v -0.5 2.2 0.9
v -0.5 2.4 0.9
v -0.5 2.5 0.9
v -0.5 2.6 0.9
v -0.4 1.3 0.9
v -0.4 1.4 0.9
v -0.4 1.5 0.9
v -0.4 1.6 0.9
v -0.4 2.4 0.9
v -0.4 2.5 0.9
v -0.4 2.6 0.9
v -0.4 2.7 0.9
v -0.3 1.4 0.9
v -0.3 1.5 0.9
v -0.3 2.5 0.9
v -0.3 2.6 0.9
v -0.2 1.2 0.9
v -0.2 1.3 0.9
v -0.2 1.4 0.9
v -0.2 2.6 0.9
v -0.2 2.7 0.9
v -0.2 2.8 0.9
v -0.0999999 1.1 0.9
v -0.0999999 1.2 0.9
v -0.0999999 1.3 0.9
v -0.0999999 2.7 0.9
v -0.0999999 2.8 0.9
v -0.0999999 2.9 0.9
v 0 1 0.9
v 0 1.1 0.9
v 0 1.2 0.9
v 0 2.8 0.9
v 0 2.9 0.9
v 0 3 0.9
v 0.2 0.9 0.9
v 0.2 1 0.9
v 0.2 1.1 0.9
v 0.2 2.9 0.9
v 0.2 3 0.9
v 0.2 3.1 0.9
v 0.3 0.9 0.9
v 0.3 1 0.9
v 0.3 3 0.9
v 0.3 3.1 0.9
v 0.4 3.1 0.9
v 0.4 3.2 0.9
v 0.5 3.1 0.9
v 0.5 3.2 0.9
v 0.7 3.2 0.9
v 0.7 3.3 0.9
v 0.8 3.2 0.9
v 0.8 3.3 0.9
v 0.9 3.3 0.9
v 0.9 3.4 0.9
v 1 3.3 0.9
v 1 3.4 0.9
v 1 3.5 0.9
v 1.1 3.4 0.9
v 1.1 3.5 0.9
v 1.2 3.5 0.9
v 1.2 3.6 0.9
v 1.3 3.5 0.9
v 1.3 3.6 0.9
v 1.4 3.6 0.9
v 1.4 3.7 0.9
v 1.5 3.6 0.9
v 1.5 3.7 0.9
v -1 1.8 0.8
v -1 2.2 0.8
v -0.9 1.7 0.8
v -0.9 1.8 0.8
v -0.9 2.2 0.8
v -0.9 2.3 0.8
v -0.8 1.5 0.8
v -0.8 1.7 0.8
v -0.8 1.8 0.8
v -0.8 2.2 0.8
v -0.8 2.3 0.8
v -0.8 2.5 0.8
v -0.7 1.6 0.8
v -0.7 1.8 0.8
v -0.7 2.2 0.8
v -0.7 2.4 0.8
v -0.6 1.4 0.8
v -0.6 1.5 0.8
v -0.6 1.6 0.8
v -0.6 2.4 0.8
v -0.6 2.5 0.8
v -0.6 2.6 0.8
v -0.5 1.3 0.8
v -0.5 1.4 0.8
v -0.5 1.5 0.8
v -0.5 2.5 0.8
v -0.5 2.6 0.8
v -0.5 2.7 0.8
v -0.4 1.2 0.8
v -0.4 1.3 0.8
v -0.4 1.4 0.8
v -0.4 2.6 0.8
v -0.4 2.7 0.8
v -0.4 2.8 0.8
v -0.2 1.1 0.8
v -0.2 1.2 0.8
v -0.2 1.3 0.8
v -0.2 2.7 0.8
v -0.2 2.8 0.8
v -0.2 2.9 0.8
v -0.0999999 1 0.8
v -0.0999999 1.1 0.8
v -0.0999999 1.2 0.8
v -0.0999999 2.8 0.8
v -0.0999999 2.9 0.8
v -0.0999999 3 0.8
v 0 1 0.8
v 0 1.1 0.8
v 0 2.9 0.8
v 0 3 0.8
v 0.1 0.9 0.8
v 0.1 1 0.8
v 0.1 3 0.8
v 0.1 3.1 0.8
v 0.2 0.9 0.8
v 0.2 1 0.8
v 0.2 3 0.8
v 0.2 3.1 0.8
v 0.2 3.2 0.8
v 0.4 3.1 0.8
v 0.4 3.2 0.8
v 0.6 3.2 0.8
v 0.6 3.3 0.8
v 0.7 3.2 0.8
v 0.7 3.3 0.8
v 0.8 3.3 0.8
v 0.8 3.4 0.8
v 0.9 3.3 0.8
v 0.9 3.4 0.8
v 0.9 3.5 0.8
v 1 3.4 0.8
v 1 3.5 0.8
v 1.1 3.5 0.8
v 1.1 3.6 0.8
v 1.2 3.5 0.8
v 1.2 3.6 0.8
v 1.3 3.6 0.8
v 1.3 3.7 0.8
v 1.4 3.6 0.8
v 1.4 3.7 0.8
v -1.2 1.8 0.7
v -1.2 2.2 0.7
v -1.1 1.7 0.7
v -1.1 1.8 0.7
v -1.1 2.2 0.7
v -1.1 2.3 0.7
v -1 1.6 0.7
v -1 1.7 0.7
v -1 1.8 0.7
v -1 2.2 0.7
v -1 2.3 0.7
v -1 2.4 0.7
v -0.9 1.5 0.7
v -0.9 1.6 0.7
v -0.9 1.7 0.7
v -0.9 1.8 0.7
v -0.9 2.2 0.7
v -0.9 2.3 0.7
v -0.9 2.4 0.7
v -0.9 2.5 0.7
v -0.8 1.4 0.7
v -0.8 1.5 0.7
v -0.8 1.7 0.7
v -0.8 2.3 0.7
v -0.8 2.5 0.7
v -0.8 2.6 0.7
v -0.7 1.3 0.7
v -0.7 1.4 0.7
v -0.7 2.6 0.7
v -0.7 2.7 0.7
v -0.6 1.3 0.7
v -0.6 1.4 0.7
v -0.6 1.5 0.7
v -0.6 2.5 0.7
v -0.6 2.6 0.7
v -0.6 2.7 0.7
v -0.5 1.2 0.7
v -0.5 1.3 0.7
v -0.5 1.4 0.7
v -0.5 2.6 0.7
v -0.5 2.7 0.7
v -0.5 2.8 0.7
v -0.4 1.1 0.7
v -0.4 1.2 0.7
v -0.4 1.3 0.7
v -0.4 2.7 0.7
v -0.4 2.8 0.7
v -0.4 2.9 0.7
v -0.2 1 0.7
v -0.2 1.1 0.7
v -0.2 1.2 0.7
v -0.2 2.8 0.7
v -0.2 2.9 0.7
v -0.2 3 0.7
v -0.0999999 1 0.7
v -0.0999999 1.1 0.7
v -0.0999999 2.9 0.7
v -0.0999999 3 0.7
v 0 0.9 0.7
v 0 1 0.7
v 0 3 0.7
v 0 3.1 0.7
v 0.1 0.9 0.7
v 0.1 1 0.7
v 0.1 3 0.7
v 0.1 3.1 0.7
v 0.1 3.2 0.7
v 0.2 3.1 0.7
v 0.2 3.2 0.7
v 0.5 3.2 0.7
v 0.5 3.3 0.7
v 0.6 3.2 0.7
v 0.6 3.3 0.7
v 0.7 3.3 0.7
v 0.7 3.4 0.7
v 0.8 3.3 0.7
v 0.8 3.4 0.7
v 1 3.5 0.7
v 1 3.6 0.7
v 1.1 3.5 0.7
v 1.1 3.6 0.7
v 1.2 3.6 0.7
v 1.2 3.7 0.7
v 1.3 3.6 0.7
v 1.3 3.7 0.7
v -1.4 1.8 0.6
v -1.4 2.2 0.6
v -1.3 1.7 0.6
v -1.3 1.8 0.6
v -1.3 2.2 0.6
v -1.3 2.3 0.6
v -1.2 1.6 0.6
v -1.2 1.7 0.6
v -1.2 1.8 0.6
v -1.2 2.2 0.6
v -1.2 2.3 0.6
v -1.2 2.4 0.6
v -1.1 1.5 0.6
v -1.1 1.6 0.6
v -1.1 1.7 0.6
v -1.1 1.8 0.6
v -1.1 2.2 0.6
v -1.1 2.3 0.6
v -1.1 2.4 0.6
v -1.1 2.5 0.6
v -1 1.6 0.6
v -1 1.7 0.6
v -1 2.3 0.6
v -1 2.4 0.6
v -0.9 1.4 0.6
v -0.9 1.5 0.6
v -0.9 1.6 0.6
v -0.9 2.4 0.6
v -0.9 2.5 0.6
v -0.9 2.6 0.6
v -0.8 1.3 0.6
v -0.8 1.4 0.6
v -0.8 1.5 0.6
v -0.8 2.5 0.6
v -0.8 2.6 0.6
v -0.8 2.7 0.6
v -0.7 1.3 0.6
v -0.7 1.4 0.6
v -0.7 2.6 0.6
v -0.7 2.7 0.6
v -0.6 1.2 0.6
v -0.6 1.3 0.6
v -0.6 2.7 0.6
v -0.6 2.8 0.6
v -0.5 1.1 0.6
v -0.5 1.2 0.6
v -0.5 1.3 0.6
v -0.5 2.7 0.6
v -0.5 2.8 0.6
v -0.5 2.9 0.6
v -0.4 1.1 0.6
v -0.4 1.2 0.6
v -0.4 2.8 0.6
v -0.4 2.9 0.6
v -0.3 1 0.6
v -0.3 1.1 0.6
v -0.3 2.9 0.6
v -0.3 3 0.6
v -0.2 1 0.6
v -0.2 1.1 0.6
v -0.2 2.9 0.6
v -0.2 3 0.6
v -0.0999999 0.9 0.6
v -0.0999999 1 0.6
v -0.0999999 3 0.6
v -0.0999999 3.1 0.6
v 0 0.9 0.6
v 0 1 0.6
v 0 3 0.6
v 0 3.1 0.6
v 0 3.2 0.6
v 0.1 3.1 0.6
v 0.1 3.2 0.6
v 0.4 3.2 0.6
v 0.4 3.3 0.6
v 0.5 3.2 0.6
v 0.5 3.3 0.6
v 0.6 3.3 0.6
v 0.6 3.4 0.6
v 0.7 3.3 0.6
v 0.7 3.4 0.6
v 0.8 3.4 0.6
v 0.8 3.5 0.6
v 0.9 3.4 0.6
v 0.9 3.5 0.6
v -1.6 1.8 0.5
v -1.6 2.2 0.5
v -1.5 1.7 0.5
v -1.5 1.8 0.5
v -1.5 2.2 0.5
v -1.5 2.3 0.5
v -1.4 1.6 0.5
v -1.4 1.7 0.5
v -1.4 1.8 0.5
v -1.4 2.2 0.5
v -1.4 2.3 0.5
v -1.4 2.4 0.5
v -1.3 1.7 0.5
v -1.3 1.8 0.5
v -1.3 2.2 0.5
v -1.3 2.3 0.5
v -1.2 1.5 0.5
v -1.2 1.6 0.5
v -1.2 1.7 0.5
v -1.2 2.3 0.5
v -1.2 2.4 0.5
v -1.2 2.5 0.5
v -1.1 1.4 0.5
v -1.1 1.5 0.5
v -1.1 1.6 0.5
v -1.1 2.4 0.5
v -1.1 2.5 0.5
v -1.1 2.6 0.5
v -0.9 1.3 0.5
v -0.9 1.4 0.5
v -0.9 1.5 0.5
v -0.9 2.5 0.5
v -0.9 2.6 0.5
v -0.9 2.7 0.5
v -0.8 1.2 0.5
v -0.8 1.3 0.5
v -0.8 1.4 0.5
v -0.8 2.6 0.5
v -0.8 2.7 0.5
v -0.8 2.8 0.5
v -0.6 1.1 0.5
v -0.6 1.2 0.5
v -0.6 1.3 0.5
v -0.6 2.7 0.5
v -0.6 2.8 0.5
v -0.6 2.9 0.5
v -0.5 1.1 0.5
v -0.5 1.2 0.5
v -0.5 2.8 0.5
v -0.5 2.9 0.5
v -0.4 1 0.5
v -0.4 1.1 0.5
v -0.4 2.9 0.5
v -0.4 3 0.5
v -0.3 1 0.5
v -0.3 1.1 0.5
v -0.3 2.9 0.5
v -0.3 3 0.5
v -0.2 0.9 0.5
v -0.2 1 0.5
v -0.2 3 0.5
v -0.2 3.1 0.5
v -0.0999999 0.9 0.5
v -0.0999999 1 0.5
v -0.0999999 3 0.5
v -0.0999999 3.1 0.5
v 0.3 3.2 0.5
v 0.3 3.3 0.5
v 0.4 3.2 0.5
v 0.4 3.3 0.5
v 0.5 3.3 0.5
v 0.5 3.4 0.5
v 0.6 3.3 0.5
v 0.6 3.4 0.5
v 0.7 3.4 0.5
v 0.7 3.5 0.5
v 0.8 3.4 0.5
v 0.8 3.5 0.5
v 0.9 3.5 0.5
v 0.9 3.6 0.5
v 1 3.5 0.5
v 1 3.6 0.5
v 1.1 3.6 0.5
v 1.1 3.7 0.5
v 1.2 3.6 0.5
v 1.2 3.7 0.5
v -1.7 1.8 0.4
v -1.7 2.2 0.4
v -1.6 1.7 0.4
v -1.6 1.8 0.4
v -1.6 2.2 0.4
v -1.6 2.3 0.4
v -1.5 1.6 0.4
v -1.5 1.7 0.4
v -1.5 1.8 0.4
v -1.5 2.2 0.4
v -1.5 2.3 0.4
v -1.5 2.4 0.4
v -1.4 1.5 0.4
v -1.4 1.6 0.4
v -1.4 1.7 0.4
v -1.4 2.3 0.4
v -1.4 2.4 0.4
v -1.4 2.5 0.4
v -1.2 1.4 0.4
v -1.2 1.5 0.4
v -1.2 1.6 0.4
v -1.2 2.4 0.4
v -1.2 2.5 0.4
v -1.2 2.6 0.4
v -1.1 1.4 0.4
v -1.1 1.5 0.4
v -1.1 2.5 0.4
v -1.1 2.6 0.4
v -1 1.3 0.4
v -1 1.4 0.4
v -1 2.6 0.4
v -1 2.7 0.4
v -0.9 1.3 0.4
v -0.9 1.4 0.4
v -0.9 2.6 0.4
v -0.9 2.7 0.4
v -0.7 1.1 0.4
v -0.7 1.2 0.4
v -0.7 2.8 0.4
v -0.7 2.9 0.4
v -0.6 1.1 0.4
v -0.6 1.2 0.4
v -0.6 2.8 0.4
v -0.6 2.9 0.4
v -0.5 1 0.4
v -0.5 1.1 0.4
v -0.5 2.9 0.4
v -0.5 3 0.4
v -0.4 1 0.4
v -0.4 1.1 0.4
v -0.4 2.9 0.4
v -0.4 3 0.4
v -0.3 0.9 0.4
v -0.3 1 0.4
v -0.3 3 0.4
v -0.3 3.1 0.4
v -0.2 0.9 0.4
v -0.2 1 0.4
v -0.2 3 0.4
v -0.2 3.1 0.4
v -0.0999999 3.1 0.4
v -0.0999999 3.2 0.4
v 0 3.1 0.4
v 0 3.2 0.4
v -1.8 1.8 0.3
v -1.8 2.2 0.3
v -1.7 1.7 0.3
v -1.7 1.8 0.3
v -1.7 2.2 0.3
v -1.7 2.3 0.3
v -1.6 1.6 0.3
v -1.6 1.7 0.3
v -1.6 1.8 0.3
v -1.6 2.2 0.3
v -1.6 2.3 0.3
v -1.6 2.4 0.3
v -1.5 1.5 0.3
v -1.5 1.6 0.3
v -1.5 1.7 0.3
v -1.5 2.3 0.3
v -1.5 2.4 0.3
v -1.5 2.5 0.3
v -1.4 1.5 0.3
v -1.4 1.6 0.3
v -1.4 2.4 0.3
v -1.4 2.5 0.3
v -1.3 1.4 0.3
v -1.3 1.5 0.3
v -1.3 2.5 0.3
v -1.3 2.6 0.3
v -1.2 1.4 0.3
v -1.2 1.5 0.3
v -1.2 2.5 0.3
v -1.2 2.6 0.3
v -1.1 1.3 0.3
v -1.1 1.4 0.3
v -1.1 2.6 0.3
v -1.1 2.7 0.3
v -1 1.3 0.3
v -1 1.4 0.3
v -1 2.6 0.3
v -1 2.7 0.3
v -0.9 1.2 0.3
v -0.9 1.3 0.3
v -0.9 2.7 0.3
v -0.9 2.8 0.3
v -0.8 1.2 0.3
v -0.8 1.3 0.3
v -0.8 2.7 0.3
v -0.8 2.8 0.3
v 0.2 3.2 0.3
v 0.2 3.3 0.3
v 0.3 3.2 0.3
v 0.3 3.3 0.3
v 0.4 3.3 0.3
v 0.4 3.4 0.3
v 0.5 3.3 0.3
v 0.5 3.4 0.3
v 0.6 3.4 0.3
v 0.6 3.5 0.3
v 0.7 3.4 0.3
v 0.7 3.5 0.3
v 0.8 3.5 0.3
v 0.8 3.6 0.3
v 0.9 3.5 0.3
v 0.9 3.6 0.3
v 1 3.6 0.3
v 1 3.7 0.3
v 1.1 3.6 0.3
v 1.1 3.7 0.3
v -1.8 1.7 0.2
v -1.8 1.8 0.2
v -1.8 2.2 0.2
v -1.8 2.3 0.2
v -1.7 1.6 0.2
v -1.7 1.7 0.2
v -1.7 1.8 0.2
v -1.7 2.2 0.2
v -1.7 2.3 0.2
v -1.7 2.4 0.2
v -1.6 1.5 0.2
v -1.6 1.6 0.2
v -1.6 1.7 0.2
v -1.6 2.3 0.2
v -1.6 2.4 0.2
v -1.6 2.5 0.2
v -1.5 1.5 0.2
v -1.5 1.6 0.2
v -1.5 2.4 0.2
v -1.5 2.5 0.2
v -1.4 1.4 0.2
v -1.4 1.5 0.2
v -1.4 2.5 0.2
v -1.4 2.6 0.2
v -1.3 1.4 0.2
v -1.3 1.5 0.2
v -1.3 2.5 0.2
v -1.3 2.6 0.2
v -1.2 1.3 0.2
v -1.2 1.4 0.2
v -1.2 2.6 0.2
v -1.2 2.7 0.2
v -1.1 1.3 0.2
v -1.1 1.4 0.2
v -1.1 2.6 0.2
v -1.1 2.7 0.2
v -1 1.2 0.2
v -1 1.3 0.2
v -1 2.7 0.2
v -1 2.8 0.2
v -0.9 1.2 0.2
v -0.9 1.3 0.2
v -0.9 2.7 0.2
v -0.9 2.8 0.2
v -0.8 1.1 0.2
v -0.8 1.2 0.2
v -0.8 2.8 0.2
v -0.8 2.9 0.2
v -0.7 1.1 0.2
v -0.7 1.2 0.2
v -0.7 2.8 0.2
v -0.7 2.9 0.2
v -0.6 1 0.2
v -0.6 1.1 0.2
v -0.6 2.9 0.2
v -0.6 3 0.2
v -0.5 1 0.2
v -0.5 1.1 0.2
v -0.5 2.9 0.2
v -0.5 3 0.2
v -0.4 0.9 0.2
v -0.4 1 0.2
v -0.4 3 0.2
v -0.4 3.1 0.2
v -0.3 0.9 0.2
v -0.3 1 0.2
v -0.3 3 0.2
v -0.3 3.1 0.2
v -0.2 3.1 0.2
v -0.2 3.2 0.2
v -0.0999999 3.1 0.2
v -0.0999999 3.2 0.2
v 1.6 1.7 -0.3
v 1.6 1.8 -0.3
v 1.6 2.3 -0.3
v 1.6 2.4 -0.3
v 1.7 1.6 -0.3
v 1.7 1.7 -0.3
v 1.7 1.8 -0.3
v 1.7 2.3 -0.3
v 1.7 2.4 -0.3
v 1.7 2.5 -0.3
v 1.8 1.5 -0.3
v 1.8 1.6 -0.3
v 1.8 1.7 -0.3
v 1.8 2.4 -0.3
v 1.8 2.5 -0.3
v 1.8 2.6 -0.3
v 1.9 1.5 -0.3
v 1.9 1.6 -0.3
v 1.9 2.5 -0.3
v 1.9 2.6 -0.3
v 1.6 1.8 -0.4
v 1.6 2.3 -0.4
v 1.7 1.7 -0.4
v 1.7 1.8 -0.4
v 1.7 2.3 -0.4
v 1.7 2.4 -0.4
v 1.8 1.6 -0.4
v 1.8 1.7 -0.4
v 1.8 1.8 -0.4
v 1.8 2.3 -0.4
v 1.8 2.4 -0.4
v 1.8 2.5 -0.4
v 1.9 1.6 -0.4
v 1.9 1.7 -0.4
v 1.9 2.4 -0.4
v 1.9 2.5 -0.4
v 1.7 1.8 -0.5
v 1.7 2.3 -0.5
v 1.8 1.7 -0.5
v 1.8 1.8 -0.5
v 1.8 2.3 -0.5
v 1.8 2.4 -0.5
v 1.9 1.7 -0.5
v 1.9 1.8 -0.5
v 1.9 2.3 -0.5
v 1.9 2.4 -0.5
v 1.8 1.8 -0.6
v 1.8 2.3 -0.6
v 1.9 1.8 -0.6
v 1.9 2.3 -0.6
v 1.8 1.8 0.5
v 1.8 2.3 0.5
v 1.9 1.8 0.5
v 1.9 2.3 0.5
v 1.7 1.8 0.4
v 1.7 2.3 0.4
v 1.8 1.7 0.4
v 1.8 1.8 0.4
v 1.8 2.3 0.4
v 1.8 2.4 0.4
v 1.9 1.7 0.4
v 1.9 1.8 0.4
v 1.9 2.3 0.4
v 1.9 2.4 0.4
v 1.6 1.8 0.3
v 1.6 2.3 0.3
v 1.7 1.7 0.3
v 1.7 1.8 0.3
v 1.7 2.3 0.3
v 1.7 2.4 0.3
v 1.8 1.6 0.3
v 1.8 1.7 0.3
v 1.8 1.8 0.3
v 1.8 2.3 0.3
v 1.8 2.4 0.3
v 1.8 2.5 0.3
v 1.9 1.6 0.3
v 1.9 1.7 0.3
v 1.9 2.4 0.3
v 1.9 2.5 0.3
v 1.6 1.7 0.2
v 1.6 1.8 0.2
v 1.6 2.3 0.2
v 1.6 2.4 0.2
v 1.7 1.6 0.2
v 1.7 1.7 0.2
v 1.7 1.8 0.2
v 1.7 2.3 0.2
v 1.7 2.4 0.2
v 1.7 2.5 0.2
v 1.8 1.5 0.2
v 1.8 1.6 0.2
v 1.8 1.7 0.2
v 1.8 2.4 0.2
v 1.8 2.5 0.2
v 1.8 2.6 0.2
v 1.9 1.5 0.2
v 1.9 1.6 0.2
v 1.9 2.5 0.2
v 1.9 2.6 0.2
v -1.8 1.7 -0.2
v -1.8 1.8 -0.2
v -1.8 2.2 -0.2
v -1.8 2.3 -0.2
v -1.7 1.6 -0.2
v -1.7 1.7 -0.2
v -1.7 1.8 -0.2
v -1.7 2.2 -0.2
v -1.7 2.3 -0.2
v -1.7 2.4 -0.2
v -1.6 1.5 -0.2
v -1.6 1.6 -0.2
v -1.6 1.7 -0.2
v -1.6 2.3 -0.2
v -1.6 2.4 -0.2
v -1.6 2.5 -0.2
v -1.5 1.5 -0.2
v -1.5 1.6 -0.2
v -1.5 2.4 -0.2
v -1.5 2.5 -0.2
v -1.4 1.4 -0.2
v -1.4 1.5 -0.2
v -1.4 2.5 -0.2
v -1.4 2.6 -0.2
v -1.3 1.4 -0.2
v -1.3 1.5 -0.2
v -1.3 2.5 -0.2
v -1.3 2.6 -0.2
v -1.2 1.3 -0.2
v -1.2 1.4 -0.2
v -1.2 2.6 -0.2
v -1.2 2.7 -0.2
v -1.1 1.3 -0.2
v -1.1 1.4 -0.2
v -1.1 2.6 -0.2
v -1.1 2.7 -0.2
v -1 1.2 -0.2
v -1 1.3 -0.2
v -1 2.7 -0.2
v -1 2.8 -0.2
v -0.9 1.2 -0.2
v -0.9 1.3 -0.2
v -0.9 2.7 -0.2
v -0.9 2.8 -0.2
v -0.8 1.1 -0.2
v -0.8 1.2 -0.2
v -0.8 2.8 -0.2
v -0.8 2.9 -0.2
v -0.7 1.1 -0.2
v -0.7 1.2 -0.2
v -0.7 2.8 -0.2
v -0.7 2.9 -0.2
v -0.6 1 -0.2
v -0.6 1.1 -0.2
v -0.6 2.9 -0.2
v -0.6 3 -0.2
v -0.5 1 -0.2
v -0.5 1.1 -0.2
v -0.5 2.9 -0.2
v -0.5 3 -0.2
v -0.4 0.9 -0.2
v -0.4 1 -0.2
v -0.4 3 -0.2
v -0.4 3.1 -0.2
v -0.3 0.9 -0.2
v -0.3 1 -0.2
v -0.3 3 -0.2
v -0.3 3.1 -0.2
v -0.2 3.1 -0.2
v -0.2 3.2 -0.2
v -0.0999999 3.1 -0.2
v -0.0999999 3.2 -0.2
v 0.4 3.3 -0.2
v 0.4 3.4 -0.2
v 0.5 3.3 -0.2
v 0.5 3.4 -0.2
v -1.8 1.8 -0.3
v -1.8 2.2 -0.3
v -1.7 1.7 -0.3
v -1.7 1.8 -0.3
v -1.7 2.2 -0.3
v -1.7 2.3 -0.3
v -1.6 1.6 -0.3
v -1.6 1.7 -0.3
v -1.6 1.8 -0.3
v -1.6 2.2 -0.3
v -1.6 2.3 -0.3
v -1.6 2.4 -0.3
v -1.5 1.5 -0.3
v -1.5 1.6 -0.3
v -1.5 1.7 -0.3
v -1.5 2.3 -0.3
v -1.5 2.4 -0.3
v -1.5 2.5 -0.3
v -1.4 1.5 -0.3
v -1.4 1.6 -0.3
v -1.4 2.4 -0.3
v -1.4 2.5 -0.3
v -1.3 1.4 -0.3
v -1.3 1.5 -0.3
v -1.3 2.5 -0.3
v -1.3 2.6 -0.3
v -1.2 1.4 -0.3
v -1.2 1.5 -0.3
v -1.2 2.5 -0.3
v -1.2 2.6 -0.3
v -1.1 1.3 -0.3
v -1.1 1.4 -0.3
v -1.1 2.6 -0.3
v -1.1 2.7 -0.3
v -1 1.3 -0.3
v -1 1.4 -0.3
v -1 2.6 -0.3
v -1 2.7 -0.3
v -0.9 1.2 -0.3
v -0.9 1.3 -0.3
v -0.9 2.7 -0.3
v -0.9 2.8 -0.3
v -0.8 1.2 -0.3
v -0.8 1.3 -0.3
v -0.8 2.7 -0.3
v -0.8 2.8 -0.3
v 0.2 3.2 -0.3
v 0.2 3.3 -0.3
v 0.3 3.2 -0.3
v 0.3 3.3 -0.3
v 0.6 3.4 -0.3
v 0.6 3.5 -0.3
v 0.7 3.4 -0.3
v 0.7 3.5 -0.3
v 0.8 3.5 -0.3
v 0.8 3.6 -0.3
v 0.9 3.5 -0.3
v 0.9 3.6 -0.3
v 1 3.6 -0.3
v 1 3.7 -0.3
v 1.1 3.6 -0.3
v 1.1 3.7 -0.3
v -1.7 1.8 -0.4
v -1.7 2.2 -0.4
v -1.6 1.7 -0.4
v -1.6 1.8 -0.4
v -1.6 2.2 -0.4
v -1.6 2.3 -0.4
v -1.5 1.6 -0.4
v -1.5 1.7 -0.4
v -1.5 1.8 -0.4
v -1.5 2.2 -0.4
v -1.5 2.3 -0.4
v -1.5 2.4 -0.4
v -1.4 1.5 -0.4
v -1.4 1.6 -0.4
v -1.4 1.7 -0.4
v -1.4 2.3 -0.4
v -1.4 2.4 -0.4
v -1.4 2.5 -0.4
v -1.2 1.4 -0.4
v -1.2 1.5 -0.4
v -1.2 1.6 -0.4
v -1.2 2.4 -0.4
v -1.2 2.5 -0.4
v -1.2 2.6 -0.4
v -1.1 1.4 -0.4
v -1.1 1.5 -0.4
v -1.1 2.5 -0.4
v -1.1 2.6 -0.4
v -1 1.3 -0.4
v -1 1.4 -0.4
v -1 2.6 -0.4
v -1 2.7 -0.4
v -0.9 1.3 -0.4
v -0.9 1.4 -0.4
v -0.9 2.6 -0.4
v -0.9 2.7 -0.4
v -0.7 1.1 -0.4
v -0.7 1.2 -0.4
v -0.7 2.8 -0.4
v -0.7 2.9 -0.4
v -0.6 1.1 -0.4
v -0.6 1.2 -0.4
v -0.6 2.8 -0.4
v -0.6 2.9 -0.4
v -0.5 1 -0.4
v -0.5 1.1 -0.4
v -0.5 2.9 -0.4
v -0.5 3 -0.4
v -0.4 1 -0.4
v -0.4 1.1 -0.4
v -0.4 2.9 -0.4
v -0.4 3 -0.4
v -0.3 0.9 -0.4
v -0.3 1 -0.4
v -0.3 3 -0.4
v -0.3 3.1 -0.4
v -0.2 0.9 -0.4
v -0.2 1 -0.4
v -0.2 3 -0.4
v -0.2 3.1 -0.4
v -0.0999999 3.1 -0.4
v -0.0999999 3.2 -0.4
v 0 3.1 -0.4
v 0 3.2 -0.4
v -1.6 1.8 -0.5
v -1.6 2.2 -0.5
v -1.5 1.7 -0.5
v -1.5 1.8 -0.5
v -1.5 2.2 -0.5
v -1.5 2.3 -0.5
v -1.4 1.6 -0.5
v -1.4 1.7 -0.5
v -1.4 1.8 -0.5
v -1.4 2.2 -0.5
v -1.4 2.3 -0.5
v -1.4 2.4 -0.5
v -1.3 1.7 -0.5
v -1.3 1.8 -0.5
v -1.3 2.2 -0.5
v -1.3 2.3 -0.5
v -1.2 1.5 -0.5
v -1.2 1.6 -0.5
v -1.2 1.7 -0.5
v -1.2 2.3 -0.5
v -1.2 2.4 -0.5
v -1.2 2.5 -0.5
v -1.1 1.4 -0.5
v -1.1 1.5 -0.5
v -1.1 1.6 -0.5
v -1.1 2.4 -0.5
v -1.1 2.5 -0.5
v -1.1 2.6 -0.5
v -0.9 1.3 -0.5
v -0.9 1.4 -0.5
v -0.9 1.5 -0.5
v -0.9 2.5 -0.5
v -0.9 2.6 -0.5
v -0.9 2.7 -0.5
v -0.8 1.2 -0.5
v -0.8 1.3 -0.5
v -0.8 1.4 -0.5
v -0.8 2.6 -0.5
v -0.8 2.7 -0.5
v -0.8 2.8 -0.5
v -0.6 1.1 -0.5
v -0.6 1.2 -0.5
v -0.6 1.3 -0.5
v -0.6 2.7 -0.5
v -0.6 2.8 -0.5
v -0.6 2.9 -0.5
v -0.5 1.1 -0.5
v -0.5 1.2 -0.5
v -0.5 2.8 -0.5
v -0.5 2.9 -0.5
v -0.4 1 -0.5
v -0.4 1.1 -0.5
v -0.4 2.9 -0.5
v -0.4 3 -0.5
v -0.3 1 -0.5
v -0.3 1.1 -0.5
v -0.3 2.9 -0.5
v -0.3 3 -0.5
v -0.2 0.9 -0.5
v -0.2 1 -0.5
v -0.2 3 -0.5
v -0.2 3.1 -0.5
v -0.0999999 0.9 -0.5
v -0.0999999 1 -0.5
v -0.0999999 3 -0.5
v -0.0999999 3.1 -0.5
v 0.3 3.2 -0.5
v 0.3 3.3 -0.5
v 0.4 3.2 -0.5
v 0.4 3.3 -0.5
v 0.5 3.3 -0.5
v 0.5 3.4 -0.5
v 0.6 3.3 -0.5
v 0.6 3.4 -0.5
v 0.7 3.4 -0.5
v 0.7 3.5 -0.5
v 0.8 3.4 -0.5
v 0.8 3.5 -0.5
v 0.9 3.5 -0.5
v 0.9 3.6 -0.5
v 1 3.5 -0.5
v 1 3.6 -0.5
v 1.1 3.6 -0.5
v 1.1 3.7 -0.5
v 1.2 3.6 -0.5
v 1.2 3.7 -0.5
v -1.4 1.8 -0.6
v -1.4 2.2 -0.6
v -1.3 1.7 -0.6
v -1.3 1.8 -0.6
v -1.3 2.2 -0.6
v -1.3 2.3 -0.6
v -1.2 1.6 -0.6
v -1.2 1.7 -0.6
v -1.2 1.8 -0.6
v -1.2 2.2 -0.6
v -1.2 2.3 -0.6
v -1.2 2.4 -0.6
v -1.1 1.5 -0.6
v -1.1 1.6 -0.6
v -1.1 1.7 -0.6
v -1.1 1.8 -0.6
v -1.1 2.2 -0.6
v -1.1 2.3 -0.6
v -1.1 2.4 -0.6
v -1.1 2.5 -0.6
v -1 1.6 -0.6
v -1 1.7 -0.6
v -1 2.3 -0.6
v -1 2.4 -0.6
v -0.9 1.4 -0.6
v -0.9 1.5 -0.6
v -0.9 1.6 -0.6
v -0.9 2.4 -0.6
v -0.9 2.5 -0.6
v -0.9 2.6 -0.6
v -0.8 1.3 -0.6
v -0.8 1.4 -0.6
v -0.8 1.5 -0.6
v -0.8 2.5 -0.6
v -0.8 2.6 -0.6
v -0.8 2.7 -0.6
v -0.7 1.3 -0.6
v -0.7 1.4 -0.6
v -0.7 2.6 -0.6
v -0.7 2.7 -0.6
v -0.6 1.2 -0.6
v -0.6 1.3 -0.6
v -0.6 2.7 -0.6
v -0.6 2.8 -0.6
v -0.5 1.1 -0.6
v -0.5 1.2 -0.6
v -0.5 1.3 -0.6
v -0.5 2.7 -0.6
v -0.5 2.8 -0.6
v -0.5 2.9 -0.6
v -0.4 1.1 -0.6
v -0.4 1.2 -0.6
v -0.4 2.8 -0.6
v -0.4 2.9 -0.6
v -0.3 1 -0.6
v -0.3 1.1 -0.6
v -0.3 2.9 -0.6
v -0.3 3 -0.6
v -0.2 1 -0.6
v -0.2 1.1 -0.6
v -0.2 2.9 -0.6
v -0.2 3 -0.6
v -0.0999999 0.9 -0.6
v -0.0999999 1 -0.6
v -0.0999999 3 -0.6
v -0.0999999 3.1 -0.6
v 0 0.9 -0.6
v 0 1 -0.6
v 0 3 -0.6
v 0 3.1 -0.6
v 0 3.2 -0.6
v 0.1 3.1 -0.6
v 0.1 3.2 -0.6
v 0.4 3.2 -0.6
v 0.4 3.3 -0.6
v 0.5 3.2 -0.6
v 0.5 3.3 -0.6
v 0.6 3.3 -0.6
v 0.6 3.4 -0.6
v 0.7 3.3 -0.6
v 0.7 3.4 -0.6
v 0.8 3.4 -0.6
v 0.8 3.5 -0.6
v 0.9 3.4 -0.6
v 0.9 3.5 -0.6
v -1.2 1.8 -0.7
v -1.2 2.2 -0.7
v -1.1 1.7 -0.7
v -1.1 1.8 -0.7
v -1.1 2.2 -0.7
v -1.1 2.3 -0.7
v -1 1.6 -0.7
v -1 1.7 -0.7
v -1 1.8 -0.7
v -1 2.2 -0.7
v -1 2.3 -0.7
v -1 2.4 -0.7
v -0.9 1.5 -0.7
v -0.9 1.6 -0.7
v -0.9 1.7 -0.7
v -0.9 1.8 -0.7
v -0.9 2.2 -0.7
v -0.9 2.3 -0.7
v -0.9 2.4 -0.7
v -0.9 2.5 -0.7
v -0.8 1.4 -0.7
v -0.8 1.5 -0.7
v -0.8 1.7 -0.7
v -0.8 2.3 -0.7
v -0.8 2.5 -0.7
v -0.8 2.6 -0.7
v -0.7 1.3 -0.7
v -0.7 1.4 -0.7
v -0.7 2.6 -0.7
v -0.7 2.7 -0.7
v -0.6 1.3 -0.7
v -0.6 1.4 -0.7
v -0.6 1.5 -0.7
v -0.6 2.5 -0.7
v -0.6 2.6 -0.7
v -0.6 2.7 -0.7
v -0.5 1.2 -0.7
v -0.5 1.3 -0.7
v -0.5 1.4 -0.7
v -0.5 2.6 -0.7
v -0.5 2.7 -0.7
v -0.5 2.8 -0.7
v -0.4 1.1 -0.7
v -0.4 1.2 -0.7
v -0.4 1.3 -0.7
v -0.4 2.7 -0.7
v -0.4 2.8 -0.7
v -0.4 2.9 -0.7
v -0.2 1 -0.7
v -0.2 1.1 -0.7
v -0.2 1.2 -0.7
v -0.2 2.8 -0.7
v -0.2 2.9 -0.7
v -0.2 3 -0.7
v -0.0999999 1 -0.7
v -0.0999999 1.1 -0.7
v -0.0999999 2.9 -0.7
v -0.0999999 3 -0.7
v 0 0.9 -0.7
v 0 1 -0.7
v 0 3 -0.7
v 0 3.1 -0.7
v 0.1 0.9 -0.7
v 0.1 1 -0.7
v 0.1 3 -0.7
v 0.1 3.1 -0.7
v 0.1 3.2 -0.7
v 0.2 3.1 -0.7
v 0.2 3.2 -0.7
v 0.5 3.2 -0.7
v 0.5 3.3 -0.7
v 0.6 3.2 -0.7
v 0.6 3.3 -0.7
v 0.7 3.3 -0.7
v 0.7 3.4 -0.7
v 0.8 3.3 -0.7
v 0.8 3.4 -0.7
v 1 3.5 -0.7
v 1 3.6 -0.7
v 1.1 3.5 -0.7
v 1.1 3.6 -0.7
v 1.2 3.6 -0.7
v 1.2 3.7 -0.7
v 1.3 3.6 -0.7
v 1.3 3.7 -0.7
v -1 1.8 -0.8
v -1 2.2 -0.8
v -0.9 1.7 -0.8
v -0.9 1.8 -0.8
v -0.9 2.2 -0.8
v -0.9 2.3 -0.8
v -0.8 1.5 -0.8
v -0.8 1.7 -0.8
v -0.8 1.8 -0.8
v -0.8 2.2 -0.8
v -0.8 2.3 -0.8
v -0.8 2.5 -0.8
v -0.7 1.6 -0.8
v -0.7 1.8 -0.8
v -0.7 2.2 -0.8
v -0.7 2.4 -0.8
v -0.6 1.4 -0.8
v -0.6 1.5 -0.8
v -0.6 1.6 -0.8
v -0.6 2.4 -0.8
v -0.6 2.5 -0.8
v -0.6 2.6 -0.8
v -0.5 1.3 -0.8
v -0.5 1.4 -0.8
v -0.5 1.5 -0.8
v -0.5 2.5 -0.8
v -0.5 2.6 -0.8
v -0.5 2.7 -0.8
v -0.4 1.2 -0.8
v -0.4 1.3 -0.8
v -0.4 1.4 -0.8
v -0.4 2.6 -0.8
v -0.4 2.7 -0.8
v -0.4 2.8 -0.8
v -0.2 1.1 -0.8
v -0.2 1.2 -0.8
v -0.2 1.3 -0.8
v -0.2 2.7 -0.8
v -0.2 2.8 -0.8
v -0.2 2.9 -0.8
v -0.0999999 1 -0.8
v -0.0999999 1.1 -0.8
v -0.0999999 1.2 -0.8
v -0.0999999 2.8 -0.8
v -0.0999999 2.9 -0.8
v -0.0999999 3 -0.8
v 0 1 -0.8
v 0 1.1 -0.8
v 0 2.9 -0.8
v 0 3 -0.8
v 0.1 0.9 -0.8
v 0.1 1 -0.8
v 0.1 3 -0.8
v 0.1 3.1 -0.8
v 0.2 0.9 -0.8
v 0.2 1 -0.8
v 0.2 3 -0.8
v 0.2 3.1 -0.8
v 0.2 3.2 -0.8
v 0.4 3.1 -0.8
v 0.4 3.2 -0.8
v 0.6 3.2 -0.8
v 0.6 3.3 -0.8
v 0.7 3.2 -0.8
v 0.7 3.3 -0.8
v 0.8 3.3 -0.8
v 0.8 3.4 -0.8
v 0.9 3.3 -0.8
v 0.9 3.4 -0.8
v 0.9 3.5 -0.8
v 1 3.4 -0.8
v 1 3.5 -0.8
v 1.1 3.5 -0.8
v 1.1 3.6 -0.8
v 1.2 3.5 -0.8
v 1.2 3.6 -0.8
v 1.3 3.6 -0.8
v 1.3 3.7 -0.8
v 1.4 3.6 -0.8
v 1.4 3.7 -0.8
v -0.8 1.8 -0.9
v -0.8 2.2 -0.9
v -0.7 1.6 -0.9
v -0.7 1.8 -0.9
v -0.7 2.2 -0.9
v -0.7 2.4 -0.9
v -0.6 1.5 -0.9
v -0.6 1.6 -0.9
v -0.6 1.8 -0.9
v -0.6 2.2 -0.9
v -0.6 2.4 -0.9
v -0.6 2.5 -0.9
v -0.5 1.4 -0.9
v -0.5 1.5 -0.9
v -0.5 1.6 -0.9
v -0.5 1.8 -0.9
v -0.5 2.2 -0.9
v -0.5 2.4 -0.9
v -0.5 2.5 -0.9
v -0.5 2.6 -0.9
v -0.4 1.3 -0.9
v -0.4 1.4 -0.9
v -0.4 1.5 -0.9
v -0.4 1.6 -0.9
v -0.4 2.4 -0.9
v -0.4 2.5 -0.9
v -0.4 2.6 -0.9
v -0.4 2.7 -0.9
v -0.3 1.4 -0.9
v -0.3 1.5 -0.9
v -0.3 2.5 -0.9
v -0.3 2.6 -0.9
v -0.2 1.2 -0.9
v -0.2 1.3 -0.9
v -0.2 1.4 -0.9
v -0.2 2.6 -0.9
v -0.2 2.7 -0.9
v -0.2 2.8 -0.9
v -0.0999999 1.1 -0.9
v -0.0999999 1.2 -0.9
v -0.0999999 1.3 -0.9
v -0.0999999 2.7 -0.9
v -0.0999999 2.8 -0.9
v -0.0999999 2.9 -0.9
v 0 1 -0.9
v 0 1.1 -0.9
v 0 1.2 -0.9
v 0 2.8 -0.9
v 0 2.9 -0.9
v 0 3 -0.9
v 0.2 0.9 -0.9
v 0.2 1 -0.9
v 0.2 1.1 -0.9
v 0.2 2.9 -0.9
v 0.2 3 -0.9
v 0.2 3.1 -0.9
v 0.3 0.9 -0.9
v 0.3 1 -0.9
v 0.3 3 -0.9
v 0.3 3.1 -0.9
v 0.4 3.1 -0.9
v 0.4 3.2 -0.9
v 0.5 3.1 -0.9
v 0.5 3.2 -0.9
v 0.7 3.2 -0.9
v 0.7 3.3 -0.9
v 0.8 3.2 -0.9
v 0.8 3.3 -0.9
v 0.9 3.3 -0.9
v 0.9 3.4 -0.9
v 1 3.3 -0.9
v 1 3.4 -0.9
v 1 3.5 -0.9
v 1.1 3.4 -0.9
v 1.1 3.5 -0.9
v 1.2 3.5 -0.9
v 1.2 3.6 -0.9
v 1.3 3.5 -0.9
v 1.3 3.6 -0.9
v 1.4 3.6 -0.9
v 1.4 3.7 -0.9
v 1.5 3.6 -0.9
v 1.5 3.7 -0.9
v -0.6 1.8 -1
v -0.6 2.2 -1
v -0.5 1.6 -1
v -0.5 1.8 -1
v -0.5 2.2 -1
v -0.5 2.4 -1
v -0.4 1.5 -1
v -0.4 1.6 -1
v -0.4 1.8 -1
v -0.4 2.2 -1
v -0.4 2.4 -1
v -0.4 2.5 -1
v -0.3 1.4 -1
v -0.3 1.5 -1
v -0.3 1.6 -1
v -0.3 1.8 -1
v -0.3 2.2 -1
v -0.3 2.4 -1
v -0.3 2.5 -1
v -0.3 2.6 -1
v -0.2 1.3 -1
v -0.2 1.4 -1
v -0.2 1.5 -1
v -0.2 1.6 -1
v -0.2 2.4 -1
v -0.2 2.5 -1
v -0.2 2.6 -1
v -0.2 2.7 -1
v -0.0999999 1.2 -1
v -0.0999999 1.3 -1
v -0.0999999 1.4 -1
v -0.0999999 1.5 -1
v -0.0999999 2.5 -1
v -0.0999999 2.6 -1
v -0.0999999 2.7 -1
v -0.0999999 2.8 -1
v 0 1.1 -1
v 0 1.2 -1
v 0 1.3 -1
v 0 1.4 -1
v 0 2.6 -1
v 0 2.7 -1
v 0 2.8 -1
v 0 2.9 -1
v 0.1 1.2 -1
v 0.1 1.3 -1
v 0.1 2.7 -1
v 0.1 2.8 -1
v 0.2 1 -1
v 0.2 1.1 -1
v 0.2 1.2 -1
v 0.2 2.8 -1
v 0.2 2.9 -1
v 0.2 3 -1
v 0.3 0.9 -1
v 0.3 1 -1
v 0.3 1.1 -1
v 0.3 2.9 -1
v 0.3 3 -1
v 0.3 3.1 -1
v 0.5 0.9 -1
v 0.5 1 -1
v 0.5 3 -1
v 0.5 3.1 -1
v 0.5 3.2 -1
v 0.6 3.1 -1
v 0.6 3.2 -1
v 0.8 3.2 -1
v 0.8 3.3 -1
v 0.9 3.2 -1
v 0.9 3.3 -1
v 1 3.3 -1
v 1 3.4 -1
v 1.1 3.3 -1
v 1.1 3.4 -1
v 1.1 3.5 -1
v 1.2 3.4 -1
v 1.2 3.5 -1
v 1.3 3.5 -1
v 1.3 3.6 -1
v 1.4 3.5 -1
v 1.4 3.6 -1
v -0.4 1.8 -1.1
v -0.4 2.2 -1.1
v -0.3 1.6 -1.1
v -0.3 1.8 -1.1
v -0.3 2.2 -1.1
v -0.3 2.4 -1.1
v -0.2 1.5 -1.1
v -0.2 1.6 -1.1
v -0.2 1.8 -1.1
v -0.2 2.2 -1.1
v -0.2 2.4 -1.1
v -0.2 2.5 -1.1
v -0.0999999 1.4 -1.1
v -0.0999999 1.5 -1.1
v -0.0999999 1.6 -1.1
v -0.0999999 1.8 -1.1
v -0.0999999 2.2 -1.1
v -0.0999999 2.4 -1.1
v -0.0999999 2.5 -1.1
v -0.0999999 2.6 -1.1
v 0 1.3 -1.1
v 0 1.4 -1.1
v 0 1.6 -1.1
v 0 2.4 -1.1
v 0 2.6 -1.1
v 0 2.7 -1.1
v 0.1 1.2 -1.1
v 0.1 1.3 -1.1
v 0.1 1.4 -1.1
v 0.1 2.6 -1.1
v 0.1 2.7 -1.1
v 0.1 2.8 -1.1
v 0.2 1.1 -1.1
v 0.2 1.2 -1.1
v 0.2 1.3 -1.1
v 0.2 2.7 -1.1
v 0.2 2.8 -1.1
v 0.2 2.9 -1.1
v 0.3 1 -1.1
v 0.3 1.1 -1.1
v 0.3 2.9 -1.1
v 0.3 3 -1.1
v 0.4 1.1 -1.1
v 0.4 1.2 -1.1
v 0.4 2.8 -1.1
v 0.4 2.9 -1.1
v 0.5 0.9 -1.1
v 0.5 1 -1.1
v 0.5 1.1 -1.1
v 0.5 2.9 -1.1
v 0.5 3 -1.1
v 0.5 3.1 -1.1
v 0.6 0.9 -1.1
v 0.6 1 -1.1
v 0.6 3 -1.1
v 0.6 3.1 -1.1
v 0.6 3.2 -1.1
v 0.8 3.1 -1.1
v 0.8 3.2 -1.1
v 0.9 3.2 -1.1
v 0.9 3.3 -1.1
v 1 3.2 -1.1
v 1 3.3 -1.1
v 1.1 3.3 -1.1
v 1.1 3.4 -1.1
v 1.2 3.3 -1.1
v 1.2 3.4 -1.1
v 1.2 3.5 -1.1
v 1.3 3.4 -1.1
v 1.3 3.5 -1.1
v 1.4 3.4 -1.1
v 1.4 3.5 -1.1
v 1.4 3.6 -1.1
v 1.5 3.5 -1.1
v 1.5 3.6 -1.1
v -0.2 1.8 -1.2
v -0.2 2.2 -1.2
v -0.0999999 1.6 -1.2
v -0.0999999 1.8 -1.2
v -0.0999999 2.2 -1.2
v -0.0999999 2.4 -1.2
v 0 1.4 -1.2
v 0 1.6 -1.2
v 0 1.7 -1.2
v 0 2.3 -1.2
v 0 2.4 -1.2
v 0 2.6 -1.2
v 0.1 1.3 -1.2
v 0.1 1.4 -1.2
v 0.1 1.6 -1.2
v 0.1 1.7 -1.2
v 0.1 2.3 -1.2
v 0.1 2.4 -1.2
v 0.1 2.6 -1.2
v 0.1 2.7 -1.2
v 0.2 1.2 -1.2
v 0.2 1.3 -1.2
v 0.2 1.4 -1.2
v 0.2 1.6 -1.2
v 0.2 2.4 -1.2
v 0.2 2.6 -1.2
v 0.2 2.7 -1.2
v 0.2 2.8 -1.2
v 0.3 1.3 -1.2
v 0.3 1.4 -1.2
v 0.3 2.6 -1.2
v 0.3 2.7 -1.2
v 0.4 1.1 -1.2
v 0.4 1.2 -1.2
v 0.4 1.3 -1.2
v 0.4 2.7 -1.2
v 0.4 2.8 -1.2
v 0.4 2.9 -1.2
v 0.5 1 -1.2
v 0.5 1.1 -1.2
v 0.5 1.2 -1.2
v 0.5 2.8 -1.2
v 0.5 2.9 -1.2
v 0.5 3 -1.2
v 0.6 0.9 -1.2
v 0.6 1 -1.2
v 0.6 1.1 -1.2
v 0.6 2.9 -1.2
v 0.6 3 -1.2
v 0.6 3.1 -1.2
v 0.8 0.9 -1.2
v 0.8 1 -1.2
v 0.8 3 -1.2
v 0.8 3.1 -1.2
v 0.8 3.2 -1.2
v 0.9 3.1 -1.2
v 0.9 3.2 -1.2
v 1 3.2 -1.2
v 1 3.3 -1.2
v 1.2 3.2 -1.2
v 1.2 3.3 -1.2
v 1.2 3.4 -1.2
v 1.3 3.3 -1.2
v 1.3 3.4 -1.2
v 1.4 3.4 -1.2
v 1.4 3.5 -1.2
v 1.5 3.4 -1.2
v 1.5 3.5 -1.2
v 0 1.7 -1.3
v 0 2.3 -1.3
v 0.1 1.6 -1.3
v 0.1 1.7 -1.3
v 0.1 2.3 -1.3
v 0.1 2.4 -1.3
v 0.2 1.4 -1.3
v 0.2 1.6 -1.3
v 0.2 1.7 -1.3
v 0.2 2.3 -1.3
v 0.2 2.4 -1.3
v 0.2 2.6 -1.3
v 0.3 1.3 -1.3
v 0.3 1.4 -1.3
v 0.3 1.5 -1.3
v 0.3 1.7 -1.3
v 0.3 2.3 -1.3
v 0.3 2.5 -1.3
v 0.3 2.6 -1.3
v 0.3 2.7 -1.3
v 0.4 1.2 -1.3
v 0.4 1.3 -1.3
v 0.4 1.4 -1.3
v 0.4 1.5 -1.3
v 0.4 2.5 -1.3
v 0.4 2.6 -1.3
v 0.4 2.7 -1.3
v 0.4 2.8 -1.3
v 0.5 1.1 -1.3
v 0.5 1.2 -1.3
v 0.5 1.3 -1.3
v 0.5 1.4 -1.3
v 0.5 2.6 -1.3
v 0.5 2.7 -1.3
v 0.5 2.8 -1.3
v 0.5 2.9 -1.3
v 0.6 1 -1.3
v 0.6 1.1 -1.3
v 0.6 1.2 -1.3
v 0.6 1.3 -1.3
v 0.6 2.7 -1.3
v 0.6 2.8 -1.3
v 0.6 2.9 -1.3
v 0.6 3 -1.3
v 0.7 1.1 -1.3
v 0.7 1.2 -1.3
v 0.7 2.8 -1.3
v 0.7 2.9 -1.3
v 0.8 0.9 -1.3
v 0.8 1 -1.3
v 0.8 1.1 -1.3
v 0.8 2.9 -1.3
v 0.8 3 -1.3
v 0.8 3.1 -1.3
v 0.9 0.9 -1.3
v 0.9 1 -1.3
v 0.9 3 -1.3
v 0.9 3.1 -1.3
v 0.9 3.2 -1.3
v 1 3.1 -1.3
v 1 3.2 -1.3
v 1.2 3.2 -1.3
v 1.2 3.3 -1.3
v 1.3 3.2 -1.3
v 1.3 3.3 -1.3
v 1.3 3.4 -1.3
v 1.5 3.3 -1.3
v 1.5 3.4 -1.3
v 0.2 1.7 -1.4
v 0.2 2.3 -1.4
v 0.3 1.5 -1.4
v 0.3 1.7 -1.4
v 0.3 2.3 -1.4
v 0.3 2.5 -1.4
v 0.4 1.4 -1.4
v 0.4 1.5 -1.4
v 0.4 1.7 -1.4
v 0.4 2.3 -1.4
v 0.4 2.5 -1.4
v 0.4 2.6 -1.4
v 0.5 1.3 -1.4
v 0.5 1.4 -1.4
v 0.5 1.5 -1.4
v 0.5 1.7 -1.4
v 0.5 2.3 -1.4
v 0.5 2.5 -1.4
v 0.5 2.6 -1.4
v 0.5 2.7 -1.4
v 0.6 1.2 -1.4
v 0.6 1.3 -1.4
v 0.6 1.4 -1.4
v 0.6 1.5 -1.4
v 0.6 2.5 -1.4
v 0.6 2.6 -1.4
v 0.6 2.7 -1.4
v 0.6 2.8 -1.4
v 0.7 1.1 -1.4
v 0.7 1.2 -1.4
v 0.7 1.3 -1.4
v 0.7 1.4 -1.4
v 0.7 2.6 -1.4
v 0.7 2.7 -1.4
v 0.7 2.8 -1.4
v 0.7 2.9 -1.4
v 0.8 1 -1.4
v 0.8 1.1 -1.4
v 0.8 1.2 -1.4
v 0.8 1.3 -1.4
v 0.8 2.7 -1.4
v 0.8 2.8 -1.4
v 0.8 2.9 -1.4
v 0.8 3 -1.4
v 0.9 0.9 -1.4
v 0.9 1 -1.4
v 0.9 1.1 -1.4
v 0.9 1.2 -1.4
v 0.9 2.8 -1.4
v 0.9 2.9 -1.4
v 0.9 3 -1.4
v 0.9 3.1 -1.4
v 1 1 -1.4
v 1 1.1 -1.4
v 1 2.9 -1.4
v 1 3 -1.4
v 1 3.1 -1.4
v 1 3.2 -1.4
v 1.1 0.9 -1.4
v 1.1 1 -1.4
v 1.1 3 -1.4
v 1.1 3.1 -1.4
v 1.2 3.1 -1.4
v 1.2 3.2 -1.4
v 1.3 3.2 -1.4
v 1.3 3.3 -1.4
v 1.5 3.2 -1.4
v 1.5 3.3 -1.4
v 0.4 1.7 -1.5
v 0.4 2.3 -1.5
v 0.5 1.5 -1.5
v 0.5 1.7 -1.5
v 0.5 2.3 -1.5
v 0.5 2.5 -1.5
v 0.6 1.4 -1.5
v 0.6 1.5 -1.5
v 0.6 1.7 -1.5
v 0.6 2.3 -1.5
v 0.6 2.5 -1.5
v 0.6 2.6 -1.5
v 0.7 1.3 -1.5
v 0.7 1.4 -1.5
v 0.7 1.5 -1.5
v 0.7 1.7 -1.5
v 0.7 2.3 -1.5
v 0.7 2.5 -1.5
v 0.7 2.6 -1.5
v 0.7 2.7 -1.5
v 0.8 1.2 -1.5
v 0.8 1.3 -1.5
v 0.8 1.4 -1.5
v 0.8 1.5 -1.5
v 0.8 2.5 -1.5
v 0.8 2.6 -1.5
v 0.8 2.7 -1.5
v 0.8 2.8 -1.5
v 0.9 1.1 -1.5
v 0.9 1.2 -1.5
v 0.9 1.4 -1.5
v 0.9 2.6 -1.5
v 0.9 2.8 -1.5
v 0.9 2.9 -1.5
v 1 1 -1.5
v 1 1.1 -1.5
v 1 1.2 -1.5
v 1 2.8 -1.5
v 1 2.9 -1.5
v 1 3 -1.5
v 1.1 0.9 -1.5
v 1.1 1 -1.5
v 1.1 1.1 -1.5
v 1.1 2.9 -1.5
v 1.1 3 -1.5
v 1.1 3.1 -1.5
v 1.2 0.9 -1.5
v 1.2 1 -1.5
v 1.2 3 -1.5
v 1.2 3.1 -1.5
v 1.2 3.2 -1.5
v 1.4 3.1 -1.5
v 1.4 3.2 -1.5
v 0.6 1.7 -1.6
v 0.6 2.3 -1.6
v 0.7 1.5 -1.6
v 0.7 1.7 -1.6
v 0.7 2.3 -1.6
v 0.7 2.5 -1.6
v 0.8 1.4 -1.6
v 0.8 1.5 -1.6
v 0.8 1.7 -1.6
v 0.8 2.3 -1.6
v 0.8 2.5 -1.6
v 0.8 2.6 -1.6
v 0.9 1.2 -1.6
v 0.9 1.4 -1.6
v 0.9 1.5 -1.6
v 0.9 1.7 -1.6
v 0.9 2.3 -1.6
v 0.9 2.5 -1.6
v 0.9 2.6 -1.6
v 0.9 2.8 -1.6
v 1 1.1 -1.6
v 1 1.2 -1.6
v 1 1.3 -1.6
v 1 1.5 -1.6
v 1 2.5 -1.6
v 1 2.7 -1.6
v 1 2.8 -1.6
v 1 2.9 -1.6
v 1.1 1 -1.6
v 1.1 1.1 -1.6
v 1.1 1.2 -1.6
v 1.1 1.3 -1.6
v 1.1 2.7 -1.6
v 1.1 2.8 -1.6
v 1.1 2.9 -1.6
v 1.1 3 -1.6
v 1.2 0.9 -1.6
v 1.2 1 -1.6
v 1.2 1.1 -1.6
v 1.2 1.2 -1.6
v 1.2 2.8 -1.6
v 1.2 2.9 -1.6
v 1.2 3 -1.6
v 1.2 3.1 -1.6
v 1.3 1 -1.6
v 1.3 1.1 -1.6
v 1.3 2.9 -1.6
v 1.3 3 -1.6
v 1.4 0.9 -1.6
v 1.4 1 -1.6
v 1.4 3 -1.6
v 1.4 3.1 -1.6
v 1.4 3.2 -1.6
v 1.5 3.1 -1.6
v 1.5 3.2 -1.6
v 0.8 1.7 -1.7
v 0.8 2.3 -1.7
v 0.9 1.5 -1.7
v 0.9 1.7 -1.7
v 0.9 2.3 -1.7
v 0.9 2.5 -1.7
v 1 1.3 -1.7
v 1 1.5 -1.7
v 1 1.7 -1.7
v 1 2.3 -1.7
v 1 2.5 -1.7
v 1 2.7 -1.7
v 1.1 1.2 -1.7
v 1.1 1.3 -1.7
v 1.1 1.5 -1.7
v 1.1 1.7 -1.7
v 1.1 2.3 -1.7
v 1.1 2.5 -1.7
v 1.1 2.7 -1.7
v 1.1 2.8 -1.7
v 1.2 1.1 -1.7
v 1.2 1.2 -1.7
v 1.2 1.3 -1.7
v 1.2 1.5 -1.7
v 1.2 2.5 -1.7
v 1.2 2.7 -1.7
v 1.2 2.8 -1.7
v 1.2 2.9 -1.7
v 1.3 1 -1.7
v 1.3 1.1 -1.7
v 1.3 1.2 -1.7
v 1.3 1.3 -1.7
v 1.3 2.7 -1.7
v 1.3 2.8 -1.7
v 1.3 2.9 -1.7
v 1.3 3 -1.7
v 1.4 0.9 -1.7
v 1.4 1 -1.7
v 1.4 1.1 -1.7
v 1.4 1.2 -1.7
v 1.4 2.8 -1.7
v 1.4 2.9 -1.7
v 1.4 3 -1.7
v 1.4 3.1 -1.7
v 1.5 0.9 -1.7
v 1.5 1.1 -1.7
v 1.5 2.9 -1.7
v 1.5 3.1 -1.7
v 1 1.7 -1.8
v 1 2.3 -1.8
v 1.1 1.5 -1.8
v 1.1 1.7 -1.8
v 1.1 2.3 -1.8
v 1.1 2.5 -1.8
v 1.2 1.3 -1.8
v 1.2 1.5 -1.8
v 1.2 1.7 -1.8
v 1.2 2.3 -1.8
v 1.2 2.5 -1.8
v 1.2 2.7 -1.8
v 1.3 1.2 -1.8
v 1.3 1.3 -1.8
v 1.3 1.5 -1.8
v 1.3 1.7 -1.8
v 1.3 2.3 -1.8
v 1.3 2.5 -1.8
v 1.3 2.7 -1.8
v 1.3 2.8 -1.8
v 1.4 1.1 -1.8
v 1.4 1.2 -1.8
v 1.4 1.3 -1.8
v 1.4 1.5 -1.8
v 1.4 2.5 -1.8
v 1.4 2.7 -1.8
v 1.4 2.8 -1.8
v 1.4 2.9 -1.8
v 1.5 1.1 -1.8
v 1.5 1.3 -1.8
v 1.5 2.7 -1.8
v 1.5 2.9 -1.8
v 1.2 1.7 -1.9
v 1.2 2.3 -1.9
v 1.3 1.5 -1.9
v 1.3 1.7 -1.9
v 1.3 2.3 -1.9
v 1.3 2.5 -1.9
v 1.4 1.3 -1.9
v 1.4 1.5 -1.9
v 1.4 1.7 -1.9
v 1.4 2.3 -1.9
v 1.4 2.5 -1.9
v 1.4 2.7 -1.9
v 1.5 1.3 -1.9
v 1.5 1.7 -1.9
v 1.5 2.3 -1.9
v 1.5 2.7 -1.9
v 1.4 1.7 -2
v 1.4 2.3 -2
v 1.5 7.45058e-09 -2
v 1.5 1.7 -2
v 1.5 2.3 -2
v 1.5 4 -2
v 1.9 7.45058e-09 -2
v 1.9 4 -2
v 1.5 7.45058e-09 2
v 1.9 7.45058e-09 2
v 1.5 7.45058e-09 -2
v 1.9 7.45058e-09 -2
v 1.4 0.9 1.7
v 1.5 0.9 1.7
v 1.2 0.9 1.6
v 1.4 0.9 1.6
v 1.1 0.9 1.5
v 1.2 0.9 1.5
v 0.9 0.9 1.4
v 1.1 0.9 1.4
v 0.8 0.9 1.3
v 0.9 0.9 1.3
v 0.6 0.9 1.2
v 0.8 0.9 1.2
v 0.5 0.9 1.1
v 0.6 0.9 1.1
v 0.3 0.9 1
v 0.5 0.9 1
v 0.2 0.9 0.9
v 0.3 0.9 0.9
v 0.1 0.9 0.8
v 0.2 0.9 0.8
v 0 0.9 0.7
v 0.1 0.9 0.7
v -0.0999999 0.9 0.6
v 0 0.9 0.6
v -0.2 0.9 0.5
v -0.0999999 0.9 0.5
v -0.3 0.9 0.4
v -0.2 0.9 0.4
v -0.4 0.9 0.2
v -0.3 0.9 0.2
v -0.4 0.9 -0.2
v -0.3 0.9 -0.2
v -0.3 0.9 -0.4
v -0.2 0.9 -0.4
v -0.2 0.9 -0.5
v -0.0999999 0.9 -0.5
v -0.0999999 0.9 -0.6
v 0 0.9 -0.6
v 0 0.9 -0.7
v 0.1 0.9 -0.7
v 0.1 0.9 -0.8
v 0.2 0.9 -0.8
v 0.2 0.9 -0.9
v 0.3 0.9 -0.9
v 0.3 0.9 -1
v 0.5 0.9 -1
v 0.5 0.9 -1.1
v 0.6 0.9 -1.1
v 0.6 0.9 -1.2
v 0.8 0.9 -1.2
v 0.8 0.9 -1.3
v 0.9 0.9 -1.3
v 0.9 0.9 -1.4
v 1.1 0.9 -1.4
v 1.1 0.9 -1.5
v 1.2 0.9 -1.5
v 1.2 0.9 -1.6
v 1.4 0.9 -1.6
v 1.4 0.9 -1.7
v 1.5 0.9 -1.7
v 1.3 1 1.7
v 1.4 1 1.7
v 1.1 1 1.6
v 1.2 1 1.6
v 1.3 1 1.6
v 1.4 1 1.6
v 1 1 1.5
v 1.1 1 1.5
v 1.2 1 1.5
v 0.8 1 1.4
v 0.9 1 1.4
v 1 1 1.4
v 1.1 1 1.4
v 0.6 1 1.3
v 0.8 1 1.3
v 0.9 1 1.3
v 0.5 1 1.2
v 0.6 1 1.2
v 0.8 1 1.2
v 0.3 1 1.1
v 0.5 1 1.1
v 0.6 1 1.1
v 0.2 1 1
v 0.3 1 1
v 0.5 1 1
v 0 1 0.9
v 0.2 1 0.9
v 0.3 1 0.9
v -0.0999999 1 0.8
v 0 1 0.8
v 0.1 1 0.8
v 0.2 1 0.8
v -0.2 1 0.7
v -0.0999999 1 0.7
v 0 1 0.7
v 0.1 1 0.7
v -0.3 1 0.6
v -0.2 1 0.6
v -0.0999999 1 0.6
v 0 1 0.6
v -0.4 1 0.5
v -0.3 1 0.5
v -0.2 1 0.5
v -0.0999999 1 0.5
v -0.5 1 0.4
v -0.4 1 0.4
v -0.3 1 0.4
v -0.2 1 0.4
v -0.6 1 0.2
v -0.5 1 0.2
v -0.4 1 0.2
v -0.3 1 0.2
v -0.6 1 -0.2
v -0.5 1 -0.2
v -0.4 1 -0.2
v -0.3 1 -0.2
v -0.5 1 -0.4
v -0.4 1 -0.4
v -0.3 1 -0.4
v -0.2 1 -0.4
v -0.4 1 -0.5
v -0.3 1 -0.5
v -0.2 1 -0.5
v -0.0999999 1 -0.5
v -0.3 1 -0.6
v -0.2 1 -0.6
v -0.0999999 1 -0.6
v 0 1 -0.6
v -0.2 1 -0.7
v -0.0999999 1 -0.7
v 0 1 -0.7
v 0.1 1 -0.7
v -0.0999999 1 -0.8
v 0 1 -0.8
v 0.1 1 -0.8
v 0.2 1 -0.8
v 0 1 -0.9
v 0.2 1 -0.9
v 0.3 1 -0.9
v 0.2 1 -1
v 0.3 1 -1
v 0.5 1 -1
v 0.3 1 -1.1
v 0.5 1 -1.1
v 0.6 1 -1.1
v 0.5 1 -1.2
v 0.6 1 -1.2
v 0.8 1 -1.2
v 0.6 1 -1.3
v 0.8 1 -1.3
v 0.9 1 -1.3
v 0.8 1 -1.4
v 0.9 1 -1.4
v 1 1 -1.4
v 1.1 1 -1.4
v 1 1 -1.5
v 1.1 1 -1.5
v 1.2 1 -1.5
v 1.1 1 -1.6
v 1.2 1 -1.6
v 1.3 1 -1.6
v 1.4 1 -1.6
v 1.3 1 -1.7
v 1.4 1 -1.7
v 1.4 1.1 1.8
v 1.5 1.1 1.8
v 1.2 1.1 1.7
v 1.3 1.1 1.7
v 1.4 1.1 1.7
v 1.5 1.1 1.7
v 1 1.1 1.6
v 1.1 1.1 1.6
v 1.2 1.1 1.6
v 1.3 1.1 1.6
v 0.9 1.1 1.5
v 1 1.1 1.5
v 1.1 1.1 1.5
v 0.7 1.1 1.4
v 0.8 1.1 1.4
v 0.9 1.1 1.4
v 1 1.1 1.4
v 0.5 1.1 1.3
v 0.6 1.1 1.3
v 0.7 1.1 1.3
v 0.8 1.1 1.3
v 0.4 1.1 1.2
v 0.5 1.1 1.2
v 0.6 1.1 1.2
v 0.2 1.1 1.1
v 0.3 1.1 1.1
v 0.4 1.1 1.1
v 0.5 1.1 1.1
v 0 1.1 1
v 0.2 1.1 1
v 0.3 1.1 1
v -0.0999999 1.1 0.9
v 0 1.1 0.9
v 0.2 1.1 0.9
v -0.2 1.1 0.8
v -0.0999999 1.1 0.8
v 0 1.1 0.8
v -0.4 1.1 0.7
v -0.2 1.1 0.7
v -0.0999999 1.1 0.7
v -0.5 1.1 0.6
v -0.4 1.1 0.6
v -0.3 1.1 0.6
v -0.2 1.1 0.6
v -0.6 1.1 0.5
v -0.5 1.1 0.5
v -0.4 1.1 0.5
v -0.3 1.1 0.5
v -0.7 1.1 0.4
v -0.6 1.1 0.4
v -0.5 1.1 0.4
v -0.4 1.1 0.4
v -0.8 1.1 0.2
v -0.7 1.1 0.2
v -0.6 1.1 0.2
v -0.5 1.1 0.2
v -0.8 1.1 -0.2
v -0.7 1.1 -0.2
v -0.6 1.1 -0.2
v -0.5 1.1 -0.2
v -0.7 1.1 -0.4
v -0.6 1.1 -0.4
v -0.5 1.1 -0.4
v -0.4 1.1 -0.4
v -0.6 1.1 -0.5
v -0.5 1.1 -0.5
v -0.4 1.1 -0.5
v -0.3 1.1 -0.5
v -0.5 1.1 -0.6
v -0.4 1.1 -0.6
v -0.3 1.1 -0.6
v -0.2 1.1 -0.6
v -0.4 1.1 -0.7
v -0.2 1.1 -0.7
v -0.0999999 1.1 -0.7
v -0.2 1.1 -0.8
v -0.0999999 1.1 -0.8
v 0 1.1 -0.8
v -0.0999999 1.1 -0.9
v 0 1.1 -0.9
v 0.2 1.1 -0.9
v 0 1.1 -1
v 0.2 1.1 -1
v 0.3 1.1 -1
v 0.2 1.1 -1.1
v 0.3 1.1 -1.1
v 0.4 1.1 -1.1
v 0.5 1.1 -1.1
v 0.4 1.1 -1.2
v 0.5 1.1 -1.2
v 0.6 1.1 -1.2
v 0.5 1.1 -1.3
v 0.6 1.1 -1.3
v 0.7 1.1 -1.3
v 0.8 1.1 -1.3
v 0.7 1.1 -1.4
v 0.8 1.1 -1.4
v 0.9 1.1 -1.4
v 1 1.1 -1.4
v 0.9 1.1 -1.5
v 1 1.1 -1.5
v 1.1 1.1 -1.5
v 1 1.1 -1.6
v 1.1 1.1 -1.6
v 1.2 1.1 -1.6
v 1.3 1.1 -1.6
v 1.2 1.1 -1.7
v 1.3 1.1 -1.7
v 1.4 1.1 -1.7
v 1.5 1.1 -1.7
v 1.4 1.1 -1.8
v 1.5 1.1 -1.8
v 1.3 1.2 1.8
v 1.4 1.2 1.8
v 1.1 1.2 1.7
v 1.2 1.2 1.7
v 1.3 1.2 1.7
v 1.4 1.2 1.7
v 0.9 1.2 1.6
v 1 1.2 1.6
v 1.1 1.2 1.6
v 1.2 1.2 1.6
v 0.8 1.2 1.5
v 0.9 1.2 1.5
v 1 1.2 1.5
v 0.6 1.2 1.4
v 0.7 1.2 1.4
v 0.8 1.2 1.4
v 0.9 1.2 1.4
v 0.4 1.2 1.3
v 0.5 1.2 1.3
v 0.6 1.2 1.3
v 0.7 1.2 1.3
v 0.2 1.2 1.2
v 0.4 1.2 1.2
v 0.5 1.2 1.2
v 0.1 1.2 1.1
v 0.2 1.2 1.1
v 0.4 1.2 1.1
v -0.0999999 1.2 1
v 0 1.2 1
v 0.1 1.2 1
v 0.2 1.2 1
v -0.2 1.2 0.9
v -0.0999999 1.2 0.9
v 0 1.2 0.9
v -0.4 1.2 0.8
v -0.2 1.2 0.8
v -0.0999999 1.2 0.8
v -0.5 1.2 0.7
v -0.4 1.2 0.7
v -0.2 1.2 0.7
v -0.6 1.2 0.6
v -0.5 1.2 0.6
v -0.4 1.2 0.6
v -0.8 1.2 0.5
v -0.6 1.2 0.5
v -0.5 1.2 0.5
v -0.7 1.2 0.4
v -0.6 1.2 0.4
v -0.9 1.2 0.3
v -0.8 1.2 0.3
v -1 1.2 0.2
v -0.9 1.2 0.2
v -0.8 1.2 0.2
v -0.7 1.2 0.2
v -1 1.2 -0.2
v -0.9 1.2 -0.2
v -0.8 1.2 -0.2
v -0.7 1.2 -0.2
v -0.9 1.2 -0.3
v -0.8 1.2 -0.3
v -0.7 1.2 -0.4
v -0.6 1.2 -0.4
v -0.8 1.2 -0.5
v -0.6 1.2 -0.5
v -0.5 1.2 -0.5
v -0.6 1.2 -0.6
v -0.5 1.2 -0.6
v -0.4 1.2 -0.6
v -0.5 1.2 -0.7
v -0.4 1.2 -0.7
v -0.2 1.2 -0.7
v -0.4 1.2 -0.8
v -0.2 1.2 -0.8
v -0.0999999 1.2 -0.8
v -0.2 1.2 -0.9
v -0.0999999 1.2 -0.9
v 0 1.2 -0.9
v -0.0999999 1.2 -1
v 0 1.2 -1
v 0.1 1.2 -1
v 0.2 1.2 -1
v 0.1 1.2 -1.1
v 0.2 1.2 -1.1
v 0.4 1.2 -1.1
v 0.2 1.2 -1.2
v 0.4 1.2 -1.2
v 0.5 1.2 -1.2
v 0.4 1.2 -1.3
v 0.5 1.2 -1.3
v 0.6 1.2 -1.3
v 0.7 1.2 -1.3
v 0.6 1.2 -1.4
v 0.7 1.2 -1.4
v 0.8 1.2 -1.4
v 0.9 1.2 -1.4
v 0.8 1.2 -1.5
v 0.9 1.2 -1.5
v 1 1.2 -1.5
v 0.9 1.2 -1.6
v 1 1.2 -1.6
v 1.1 1.2 -1.6
v 1.2 1.2 -1.6
v 1.1 1.2 -1.7
v 1.2 1.2 -1.7
v 1.3 1.2 -1.7
v 1.4 1.2 -1.7
v 1.3 1.2 -1.8
v 1.4 1.2 -1.8
v 1.4 1.3 1.9
v 1.5 1.3 1.9
v 1.2 1.3 1.8
v 1.3 1.3 1.8
v 1.4 1.3 1.8
v 1.5 1.3 1.8
v 1 1.3 1.7
v 1.1 1.3 1.7
v 1.2 1.3 1.7
v 1.3 1.3 1.7
v 1 1.3 1.6
v 1.1 1.3 1.6
v 0.7 1.3 1.5
v 0.8 1.3 1.5
v 0.5 1.3 1.4
v 0.6 1.3 1.4
v 0.7 1.3 1.4
v 0.8 1.3 1.4
v 0.3 1.3 1.3
v 0.4 1.3 1.3
v 0.5 1.3 1.3
v 0.6 1.3 1.3
v 0.1 1.3 1.2
v 0.2 1.3 1.2
v 0.3 1.3 1.2
v 0.4 1.3 1.2
v 0 1.3 1.1
v 0.1 1.3 1.1
v 0.2 1.3 1.1
v -0.2 1.3 1
v -0.0999999 1.3 1
v 0 1.3 1
v 0.1 1.3 1
v -0.4 1.3 0.9
v -0.2 1.3 0.9
v -0.0999999 1.3 0.9
v -0.5 1.3 0.8
v -0.4 1.3 0.8
v -0.2 1.3 0.8
v -0.7 1.3 0.7
v -0.6 1.3 0.7
v -0.5 1.3 0.7
v -0.4 1.3 0.7
v -0.8 1.3 0.6
v -0.7 1.3 0.6
v -0.6 1.3 0.6
v -0.5 1.3 0.6
v -0.9 1.3 0.5
v -0.8 1.3 0.5
v -0.6 1.3 0.5
v -1 1.3 0.4
v -0.9 1.3 0.4
v -1.1 1.3 0.3
v -1 1.3 0.3
v -0.9 1.3 0.3
v -0.8 1.3 0.3
v -1.2 1.3 0.2
v -1.1 1.3 0.2
v -1 1.3 0.2
v -0.9 1.3 0.2
v -1.2 1.3 -0.2
v -1.1 1.3 -0.2
v -1 1.3 -0.2
v -0.9 1.3 -0.2
v -1.1 1.3 -0.3
v -1 1.3 -0.3
v -0.9 1.3 -0.3
v -0.8 1.3 -0.3
v -1 1.3 -0.4
v -0.9 1.3 -0.4
v -0.9 1.3 -0.5
v -0.8 1.3 -0.5
v -0.6 1.3 -0.5
v -0.8 1.3 -0.6
v -0.7 1.3 -0.6
v -0.6 1.3 -0.6
v -0.5 1.3 -0.6
v -0.7 1.3 -0.7
v -0.6 1.3 -0.7
v -0.5 1.3 -0.7
v -0.4 1.3 -0.7
v -0.5 1.3 -0.8
v -0.4 1.3 -0.8
v -0.2 1.3 -0.8
v -0.4 1.3 -0.9
v -0.2 1.3 -0.9
v -0.0999999 1.3 -0.9
v -0.2 1.3 -1
v -0.0999999 1.3 -1
v 0 1.3 -1
v 0.1 1.3 -1
v 0 1.3 -1.1
v 0.1 1.3 -1.1
v 0.2 1.3 -1.1
v 0.1 1.3 -1.2
v 0.2 1.3 -1.2
v 0.3 1.3 -1.2
v 0.4 1.3 -1.2
v 0.3 1.3 -1.3
v 0.4 1.3 -1.3
v 0.5 1.3 -1.3
v 0.6 1.3 -1.3
v 0.5 1.3 -1.4
v 0.6 1.3 -1.4
v 0.7 1.3 -1.4
v 0.8 1.3 -1.4
v 0.7 1.3 -1.5
v 0.8 1.3 -1.5
v 1 1.3 -1.6
v 1.1 1.3 -1.6
v 1 1.3 -1.7
v 1.1 1.3 -1.7
v 1.2 1.3 -1.7
v 1.3 1.3 -1.7
v 1.2 1.3 -1.8
v 1.3 1.3 -1.8
v 1.4 1.3 -1.8
v 1.5 1.3 -1.8
v 1.4 1.3 -1.9
v 1.5 1.3 -1.9
v 0.8 1.4 1.6
v 0.9 1.4 1.6
v 0.6 1.4 1.5
v 0.7 1.4 1.5
v 0.8 1.4 1.5
v 0.9 1.4 1.5
v 0.4 1.4 1.4
v 0.5 1.4 1.4
v 0.6 1.4 1.4
v 0.7 1.4 1.4
v 0.2 1.4 1.3
v 0.3 1.4 1.3
v 0.4 1.4 1.3
v 0.5 1.4 1.3
v 0 1.4 1.2
v 0.1 1.4 1.2
v 0.2 1.4 1.2
v 0.3 1.4 1.2
v -0.0999999 1.4 1.1
v 0 1.4 1.1
v 0.1 1.4 1.1
v -0.3 1.4 1
v -0.2 1.4 1
v -0.0999999 1.4 1
v 0 1.4 1
v -0.5 1.4 0.9
v -0.4 1.4 0.9
v -0.3 1.4 0.9
v -0.2 1.4 0.9
v -0.6 1.4 0.8
v -0.5 1.4 0.8
v -0.4 1.4 0.8
v -0.8 1.4 0.7
v -0.7 1.4 0.7
v -0.6 1.4 0.7
v -0.5 1.4 0.7
v -0.9 1.4 0.6
v -0.8 1.4 0.6
v -0.7 1.4 0.6
v -1.1 1.4 0.5
v -0.9 1.4 0.5
v -0.8 1.4 0.5
v -1.2 1.4 0.4
v -1.1 1.4 0.4
v -1 1.4 0.4
v -0.9 1.4 0.4
v -1.3 1.4 0.3
v -1.2 1.4 0.3
v -1.1 1.4 0.3
v -1 1.4 0.3
v -1.4 1.4 0.2
v -1.3 1.4 0.2
v -1.2 1.4 0.2
v -1.1 1.4 0.2
v -1.4 1.4 -0.2
v -1.3 1.4 -0.2
v -1.2 1.4 -0.2
v -1.1 1.4 -0.2
v -1.3 1.4 -0.3
v -1.2 1.4 -0.3
v -1.1 1.4 -0.3
v -1 1.4 -0.3
v -1.2 1.4 -0.4
v -1.1 1.4 -0.4
v -1 1.4 -0.4
v -0.9 1.4 -0.4
v -1.1 1.4 -0.5
v -0.9 1.4 -0.5
v -0.8 1.4 -0.5
v -0.9 1.4 -0.6
v -0.8 1.4 -0.6
v -0.7 1.4 -0.6
v -0.8 1.4 -0.7
v -0.7 1.4 -0.7
v -0.6 1.4 -0.7
v -0.5 1.4 -0.7
v -0.6 1.4 -0.8
v -0.5 1.4 -0.8
v -0.4 1.4 -0.8
v -0.5 1.4 -0.9
v -0.4 1.4 -0.9
v -0.3 1.4 -0.9
v -0.2 1.4 -0.9
v -0.3 1.4 -1
v -0.2 1.4 -1
v -0.0999999 1.4 -1
v 0 1.4 -1
v -0.0999999 1.4 -1.1
v 0 1.4 -1.1
v 0.1 1.4 -1.1
v 0 1.4 -1.2
v 0.1 1.4 -1.2
v 0.2 1.4 -1.2
v 0.3 1.4 -1.2
v 0.2 1.4 -1.3
v 0.3 1.4 -1.3
v 0.4 1.4 -1.3
v 0.5 1.4 -1.3
v 0.4 1.4 -1.4
v 0.5 1.4 -1.4
v 0.6 1.4 -1.4
v 0.7 1.4 -1.4
v 0.6 1.4 -1.5
v 0.7 1.4 -1.5
v 0.8 1.4 -1.5
v 0.9 1.4 -1.5
v 0.8 1.4 -1.6
v 0.9 1.4 -1.6
v 1.3 1.5 1.9
v 1.4 1.5 1.9
v 1.1 1.5 1.8
v 1.2 1.5 1.8
v 1.3 1.5 1.8
v 1.4 1.5 1.8
v 0.9 1.5 1.7
v 1 1.5 1.7
v 1.1 1.5 1.7
v 1.2 1.5 1.7
v 0.7 1.5 1.6
v 0.8 1.5 1.6
v 0.9 1.5 1.6
v 1 1.5 1.6
v 0.5 1.5 1.5
v 0.6 1.5 1.5
v 0.7 1.5 1.5
v 0.8 1.5 1.5
v 0.3 1.5 1.4
v 0.4 1.5 1.4
v 0.5 1.5 1.4
v 0.6 1.5 1.4
v 0.3 1.5 1.3
v 0.4 1.5 1.3
v -0.2 1.5 1.1
v -0.0999999 1.5 1.1
v -0.4 1.5 1
v -0.3 1.5 1
v -0.2 1.5 1
v -0.0999999 1.5 1
v -0.6 1.5 0.9
v -0.5 1.5 0.9
v -0.4 1.5 0.9
v -0.3 1.5 0.9
v -0.8 1.5 0.8
v -0.6 1.5 0.8
v -0.5 1.5 0.8
v -0.9 1.5 0.7
v -0.8 1.5 0.7
v -0.6 1.5 0.7
v -1.1 1.5 0.6
v -0.9 1.5 0.6
v -0.8 1.5 0.6
v -1.2 1.5 0.5
v -1.1 1.5 0.5
v -0.9 1.5 0.5
v -1.4 1.5 0.4
v -1.2 1.5 0.4
v -1.1 1.5 0.4
v -1.5 1.5 0.3
v -1.4 1.5 0.3
v -1.3 1.5 0.3
v -1.2 1.5 0.3
v -1.6 1.5 0.2
v -1.5 1.5 0.2
v -1.4 1.5 0.2
v -1.3 1.5 0.2
v -1.6 1.5 -0.2
v -1.5 1.5 -0.2
v -1.4 1.5 -0.2
v -1.3 1.5 -0.2
v -1.5 1.5 -0.3
v -1.4 1.5 -0.3
v -1.3 1.5 -0.3
v -1.2 1.5 -0.3
v -1.4 1.5 -0.4
v -1.2 1.5 -0.4
v -1.1 1.5 -0.4
v -1.2 1.5 -0.5
v -1.1 1.5 -0.5
v -0.9 1.5 -0.5
v -1.1 1.5 -0.6
v -0.9 1.5 -0.6
v -0.8 1.5 -0.6
v -0.9 1.5 -0.7
v -0.8 1.5 -0.7
v -0.6 1.5 -0.7
v -0.8 1.5 -0.8
v -0.6 1.5 -0.8
v -0.5 1.5 -0.8
v -0.6 1.5 -0.9
v -0.5 1.5 -0.9
v -0.4 1.5 -0.9
v -0.3 1.5 -0.9
v -0.4 1.5 -1
v -0.3 1.5 -1
v -0.2 1.5 -1
v -0.0999999 1.5 -1
v -0.2 1.5 -1.1
v -0.0999999 1.5 -1.1
v 0.3 1.5 -1.3
v 0.4 1.5 -1.3
v 0.3 1.5 -1.4
v 0.4 1.5 -1.4
v 0.5 1.5 -1.4
v 0.6 1.5 -1.4
v 0.5 1.5 -1.5
v 0.6 1.5 -1.5
v 0.7 1.5 -1.5
v 0.8 1.5 -1.5
v 0.7 1.5 -1.6
v 0.8 1.5 -1.6
v 0.9 1.5 -1.6
v 1 1.5 -1.6
v 0.9 1.5 -1.7
v 1 1.5 -1.7
v 1.1 1.5 -1.7
v 1.2 1.5 -1.7
v 1.1 1.5 -1.8
v 1.2 1.5 -1.8
v 1.3 1.5 -1.8
v 1.4 1.5 -1.8
v 1.3 1.5 -1.9
v 1.4 1.5 -1.9
v 0.1 1.6 1.3
v 0.2 1.6 1.3
v -0.0999999 1.6 1.2
v 0 1.6 1.2
v 0.1 1.6 1.2
v 0.2 1.6 1.2
v -0.3 1.6 1.1
v -0.2 1.6 1.1
v -0.0999999 1.6 1.1
v 0 1.6 1.1
v -0.5 1.6 1
v -0.4 1.6 1
v -0.3 1.6 1
v -0.2 1.6 1
v -0.7 1.6 0.9
v -0.6 1.6 0.9
v -0.5 1.6 0.9
v -0.4 1.6 0.9
v -0.7 1.6 0.8
v -0.6 1.6 0.8
v -1 1.6 0.7
v -0.9 1.6 0.7
v -1.2 1.6 0.6
v -1.1 1.6 0.6
v -1 1.6 0.6
v -0.9 1.6 0.6
v -1.4 1.6 0.5
v -1.2 1.6 0.5
v -1.1 1.6 0.5
v -1.5 1.6 0.4
v -1.4 1.6 0.4
v -1.2 1.6 0.4
v -1.6 1.6 0.3
v -1.5 1.6 0.3
v -1.4 1.6 0.3
v -1.7 1.6 0.2
v -1.6 1.6 0.2
v -1.5 1.6 0.2
v -1.7 1.6 -0.2
v -1.6 1.6 -0.2
v -1.5 1.6 -0.2
v -1.6 1.6 -0.3
v -1.5 1.6 -0.3
v -1.4 1.6 -0.3
v -1.5 1.6 -0.4
v -1.4 1.6 -0.4
v -1.2 1.6 -0.4
v -1.4 1.6 -0.5
v -1.2 1.6 -0.5
v -1.1 1.6 -0.5
v -1.2 1.6 -0.6
v -1.1 1.6 -0.6
v -1 1.6 -0.6
v -0.9 1.6 -0.6
v -1 1.6 -0.7
v -0.9 1.6 -0.7
v -0.7 1.6 -0.8
v -0.6 1.6 -0.8
v -0.7 1.6 -0.9
v -0.6 1.6 -0.9
v -0.5 1.6 -0.9
v -0.4 1.6 -0.9
v -0.5 1.6 -1
v -0.4 1.6 -1
v -0.3 1.6 -1
v -0.2 1.6 -1
v -0.3 1.6 -1.1
v -0.2 1.6 -1.1
v -0.0999999 1.6 -1.1
v 0 1.6 -1.1
v -0.0999999 1.6 -1.2
v 0 1.6 -1.2
v 0.1 1.6 -1.2
v 0.2 1.6 -1.2
v 0.1 1.6 -1.3
v 0.2 1.6 -1.3
v 1.4 1.7 2
v 1.5 1.7 2
v 1.2 1.7 1.9
v 1.3 1.7 1.9
v 1.4 1.7 1.9
v 1.5 1.7 1.9
v 1 1.7 1.8
v 1.1 1.7 1.8
v 1.2 1.7 1.8
v 1.3 1.7 1.8
v 0.8 1.7 1.7
v 0.9 1.7 1.7
v 1 1.7 1.7
v 1.1 1.7 1.7
v 0.6 1.7 1.6
v 0.7 1.7 1.6
v 0.8 1.7 1.6
v 0.9 1.7 1.6
v 0.4 1.7 1.5
v 0.5 1.7 1.5
v 0.6 1.7 1.5
v 0.7 1.7 1.5
v 0.2 1.7 1.4
v 0.3 1.7 1.4
v 0.4 1.7 1.4
v 0.5 1.7 1.4
v 0 1.7 1.3
v 0.1 1.7 1.3
v 0.2 1.7 1.3
v 0.3 1.7 1.3
v 0 1.7 1.2
v 0.1 1.7 1.2
v -0.9 1.7 0.8
v -0.8 1.7 0.8
v -1.1 1.7 0.7
v -1 1.7 0.7
v -0.9 1.7 0.7
v -0.8 1.7 0.7
v -1.3 1.7 0.6
v -1.2 1.7 0.6
v -1.1 1.7 0.6
v -1 1.7 0.6
v -1.5 1.7 0.5
v -1.4 1.7 0.5
v -1.3 1.7 0.5
v -1.2 1.7 0.5
v -1.6 1.7 0.4
v -1.5 1.7 0.4
v -1.4 1.7 0.4
v -1.7 1.7 0.3
v -1.6 1.7 0.3
v -1.5 1.7 0.3
v -1.8 1.7 0.2
v -1.7 1.7 0.2
v -1.6 1.7 0.2
v -1.8 1.7 -0.2
v -1.7 1.7 -0.2
v -1.6 1.7 -0.2
v -1.7 1.7 -0.3
v -1.6 1.7 -0.3
v -1.5 1.7 -0.3
v -1.6 1.7 -0.4
v -1.5 1.7 -0.4
v -1.4 1.7 -0.4
v -1.5 1.7 -0.5
v -1.4 1.7 -0.5
v -1.3 1.7 -0.5
v -1.2 1.7 -0.5
v -1.3 1.7 -0.6
v -1.2 1.7 -0.6
v -1.1 1.7 -0.6
v -1 1.7 -0.6
v -1.1 1.7 -0.7
v -1 1.7 -0.7
v -0.9 1.7 -0.7
v -0.8 1.7 -0.7
v -0.9 1.7 -0.8
v -0.8 1.7 -0.8
v 0 1.7 -1.2
v 0.1 1.7 -1.2
v 0 1.7 -1.3
v 0.1 1.7 -1.3
v 0.2 1.7 -1.3
v 0.3 1.7 -1.3
v 0.2 1.7 -1.4
v 0.3 1.7 -1.4
v 0.4 1.7 -1.4
v 0.5 1.7 -1.4
v 0.4 1.7 -1.5
v 0.5 1.7 -1.5
v 0.6 1.7 -1.5
v 0.7 1.7 -1.5
v 0.6 1.7 -1.6
v 0.7 1.7 -1.6
v 0.8 1.7 -1.6
v 0.9 1.7 -1.6
v 0.8 1.7 -1.7
v 0.9 1.7 -1.7
v 1 1.7 -1.7
v 1.1 1.7 -1.7
v 1 1.7 -1.8
v 1.1 1.7 -1.8
v 1.2 1.7 -1.8
v 1.3 1.7 -1.8
v 1.2 1.7 -1.9
v 1.3 1.7 -1.9
v 1.4 1.7 -1.9
v 1.5 1.7 -1.9
v 1.4 1.7 -2
v 1.5 1.7 -2
v -0.2 1.8 1.2
v -0.0999999 1.8 1.2
v -0.4 1.8 1.1
v -0.3 1.8 1.1
v -0.2 1.8 1.1
v -0.0999999 1.8 1.1
v -0.6 1.8 1
v -0.5 1.8 1
v -0.4 1.8 1
v -0.3 1.8 1
v -0.8 1.8 0.9
v -0.7 1.8 0.9
v -0.6 1.8 0.9
v -0.5 1.8 0.9
v -1 1.8 0.8
v -0.9 1.8 0.8
v -0.8 1.8 0.8
v -0.7 1.8 0.8
v -1.2 1.8 0.7
v -1.1 1.8 0.7
v -1 1.8 0.7
v -0.9 1.8 0.7
v -1.4 1.8 0.6
v -1.3 1.8 0.6
v -1.2 1.8 0.6
v -1.1 1.8 0.6
v -1.6 1.8 0.5
v -1.5 1.8 0.5
v -1.4 1.8 0.5
v -1.3 1.8 0.5
v -1.7 1.8 0.4
v -1.6 1.8 0.4
v -1.5 1.8 0.4
v -1.8 1.8 0.3
v -1.7 1.8 0.3
v -1.6 1.8 0.3
v -1.8 1.8 0.2
v -1.7 1.8 0.2
v -1.8 1.8 -0.2
v -1.7 1.8 -0.2
v -1.8 1.8 -0.3
v -1.7 1.8 -0.3
v -1.6 1.8 -0.3
v -1.7 1.8 -0.4
v -1.6 1.8 -0.4
v -1.5 1.8 -0.4
v -1.6 1.8 -0.5
v -1.5 1.8 -0.5
v -1.4 1.8 -0.5
v -1.3 1.8 -0.5
v -1.4 1.8 -0.6
v -1.3 1.8 -0.6
v -1.2 1.8 -0.6
v -1.1 1.8 -0.6
v -1.2 1.8 -0.7
v -1.1 1.8 -0.7
v -1 1.8 -0.7
v -0.9 1.8 -0.7
v -1 1.8 -0.8
v -0.9 1.8 -0.8
v -0.8 1.8 -0.8
v -0.7 1.8 -0.8
v -0.8 1.8 -0.9
v -0.7 1.8 -0.9
v -0.6 1.8 -0.9
v -0.5 1.8 -0.9
v -0.6 1.8 -1
v -0.5 1.8 -1
v -0.4 1.8 -1
v -0.3 1.8 -1
v -0.4 1.8 -1.1
v -0.3 1.8 -1.1
v -0.2 1.8 -1.1
v -0.0999999 1.8 -1.1
v -0.2 1.8 -1.2
v -0.0999999 1.8 -1.2
v 1.8 2.3 0.5
v 1.9 2.3 0.5
v 1.7 2.3 0.4
v 1.8 2.3 0.4
v 1.9 2.3 0.4
v 1.6 2.3 0.3
v 1.7 2.3 0.3
v 1.8 2.3 0.3
v 1.6 2.3 0.2
v 1.7 2.3 0.2
v 1.6 2.3 -0.3
v 1.7 2.3 -0.3
v 1.6 2.3 -0.4
v 1.7 2.3 -0.4
v 1.8 2.3 -0.4
v 1.7 2.3 -0.5
v 1.8 2.3 -0.5
v 1.9 2.3 -0.5
v 1.8 2.3 -0.6
v 1.9 2.3 -0.6
v 1.8 2.4 0.4
v 1.9 2.4 0.4
v 1.7 2.4 0.3
v 1.8 2.4 0.3
v 1.9 2.4 0.3
v 1.6 2.4 0.2
v 1.7 2.4 0.2
v 1.8 2.4 0.2
v 1.6 2.4 -0.3
v 1.7 2.4 -0.3
v 1.8 2.4 -0.3
v 1.7 2.4 -0.4
v 1.8 2.4 -0.4
v 1.9 2.4 -0.4
v 1.8 2.4 -0.5
v 1.9 2.4 -0.5
v 1.8 2.5 0.3
v 1.9 2.5 0.3
v 1.7 2.5 0.2
v 1.8 2.5 0.2
v 1.9 2.5 0.2
v 1.7 2.5 -0.3
v 1.8 2.5 -0.3
v 1.9 2.5 -0.3
v 1.8 2.5 -0.4
v 1.9 2.5 -0.4
v 1.8 2.6 0.2
v 1.9 2.6 0.2
v 1.8 2.6 -0.3
v 1.9 2.6 -0.3
v 1.8 1.5 0.2
v 1.9 1.5 0.2
v 1.8 1.5 -0.3
v 1.9 1.5 -0.3
v 1.8 1.6 0.3
v 1.9 1.6 0.3
v 1.7 1.6 0.2
v 1.8 1.6 0.2
v 1.9 1.6 0.2
v 1.7 1.6 -0.3
v 1.8 1.6 -0.3
v 1.9 1.6 -0.3
v 1.8 1.6 -0.4
v 1.9 1.6 -0.4
v 1.8 1.7 0.4
v 1.9 1.7 0.4
v 1.7 1.7 0.3
v 1.8 1.7 0.3
v 1.9 1.7 0.3
v 1.6 1.7 0.2
v 1.7 1.7 0.2
v 1.8 1.7 0.2
v 1.6 1.7 -0.3
v 1.7 1.7 -0.3
v 1.8 1.7 -0.3
v 1.7 1.7 -0.4
v 1.8 1.7 -0.4
v 1.9 1.7 -0.4
v 1.8 1.7 -0.5
v 1.9 1.7 -0.5
v 1.8 1.8 0.5
v 1.9 1.8 0.5
v 1.7 1.8 0.4
v 1.8 1.8 0.4
v 1.9 1.8 0.4
v 1.6 1.8 0.3
v 1.7 1.8 0.3
v 1.8 1.8 0.3
v 1.6 1.8 0.2
v 1.7 1.8 0.2
v 1.6 1.8 -0.3
v 1.7 1.8 -0.3
v 1.6 1.8 -0.4
v 1.7 1.8 -0.4
v 1.8 1.8 -0.4
v 1.7 1.8 -0.5
v 1.8 1.8 -0.5
v 1.9 1.8 -0.5
v 1.8 1.8 -0.6
v 1.9 1.8 -0.6
v -0.2 2.2 1.2
v -0.0999999 2.2 1.2
v -0.4 2.2 1.1
v -0.3 2.2 1.1
v -0.2 2.2 1.1
v -0.0999999 2.2 1.1
v -0.6 2.2 1
v -0.5 2.2 1
v -0.4 2.2 1
v -0.3 2.2 1
v -0.8 2.2 0.9
v -0.7 2.2 0.9
v -0.6 2.2 0.9
v -0.5 2.2 0.9
v -1 2.2 0.8
v -0.9 2.2 0.8
v -0.8 2.2 0.8
v -0.7 2.2 0.8
v -1.2 2.2 0.7
v -1.1 2.2 0.7
v -1 2.2 0.7
v -0.9 2.2 0.7
v -1.4 2.2 0.6
v -1.3 2.2 0.6
v -1.2 2.2 0.6
v -1.1 2.2 0.6
v -1.6 2.2 0.5
v -1.5 2.2 0.5
v -1.4 2.2 0.5
v -1.3 2.2 0.5
v -1.7 2.2 0.4
v -1.6 2.2 0.4
v -1.5 2.2 0.4
v -1.8 2.2 0.3
v -1.7 2.2 0.3
v -1.6 2.2 0.3
v -1.8 2.2 0.2
v -1.7 2.2 0.2
v -1.8 2.2 -0.2
v -1.7 2.2 -0.2
v -1.8 2.2 -0.3
v -1.7 2.2 -0.3
v -1.6 2.2 -0.3
v -1.7 2.2 -0.4
v -1.6 2.2 -0.4
v -1.5 2.2 -0.4
v -1.6 2.2 -0.5
v -1.5 2.2 -0.5
v -1.4 2.2 -0.5
v -1.3 2.2 -0.5
v -1.4 2.2 -0.6
v -1.3 2.2 -0.6
v -1.2 2.2 -0.6
v -1.1 2.2 -0.6
v -1.2 2.2 -0.7
v -1.1 2.2 -0.7
v -1 2.2 -0.7
v -0.9 2.2 -0.7
v -1 2.2 -0.8
v -0.9 2.2 -0.8
v -0.8 2.2 -0.8
v -0.7 2.2 -0.8
v -0.8 2.2 -0.9
v -0.7 2.2 -0.9
v -0.6 2.2 -0.9
v -0.5 2.2 -0.9
v -0.6 2.2 -1
v -0.5 2.2 -1
v -0.4 2.2 -1
v -0.3 2.2 -1
v -0.4 2.2 -1.1
v -0.3 2.2 -1.1
v -0.2 2.2 -1.1
v -0.0999999 2.2 -1.1
v -0.2 2.2 -1.2
v -0.0999999 2.2 -1.2
v 1.4 2.3 2
v 1.5 2.3 2
v 1.2 2.3 1.9
v 1.3 2.3 1.9
v 1.4 2.3 1.9
v 1.5 2.3 1.9
v 1 2.3 1.8
v 1.1 2.3 1.8
v 1.2 2.3 1.8
v 1.3 2.3 1.8
v 0.8 2.3 1.7
v 0.9 2.3 1.7
v 1 2.3 1.7
v 1.1 2.3 1.7
v 0.6 2.3 1.6
v 0.7 2.3 1.6
v 0.8 2.3 1.6
v 0.9 2.3 1.6
v 0.4 2.3 1.5
v 0.5 2.3 1.5
v 0.6 2.3 1.5
v 0.7 2.3 1.5
v 0.2 2.3 1.4
v 0.3 2.3 1.4
v 0.4 2.3 1.4
v 0.5 2.3 1.4
v 0 2.3 1.3
v 0.1 2.3 1.3
v 0.2 2.3 1.3
v 0.3 2.3 1.3
v 0 2.3 1.2
v 0.1 2.3 1.2
v -0.9 2.3 0.8
v -0.8 2.3 0.8
v -1.1 2.3 0.7
v -1 2.3 0.7
v -0.9 2.3 0.7
v -0.8 2.3 0.7
v -1.3 2.3 0.6
v -1.2 2.3 0.6
v -1.1 2.3 0.6
v -1 2.3 0.6
v -1.5 2.3 0.5
v -1.4 2.3 0.5
v -1.3 2.3 0.5
v -1.2 2.3 0.5
v -1.6 2.3 0.4
v -1.5 2.3 0.4
v -1.4 2.3 0.4
v -1.7 2.3 0.3
v -1.6 2.3 0.3
v -1.5 2.3 0.3
v -1.8 2.3 0.2
v -1.7 2.3 0.2
v -1.6 2.3 0.2
v -1.8 2.3 -0.2
v -1.7 2.3 -0.2
v -1.6 2.3 -0.2
v -1.7 2.3 -0.3
v -1.6 2.3 -0.3
v -1.5 2.3 -0.3
v -1.6 2.3 -0.4
v -1.5 2.3 -0.4
v -1.4 2.3 -0.4
v -1.5 2.3 -0.5
v -1.4 2.3 -0.5
v -1.3 2.3 -0.5
v -1.2 2.3 -0.5
v -1.3 2.3 -0.6
v -1.2 2.3 -0.6
v -1.1 2.3 -0.6
v -1 2.3 -0.6
v -1.1 2.3 -0.7
v -1 2.3 -0.7
v -0.9 2.3 -0.7
v -0.8 2.3 -0.7
v -0.9 2.3 -0.8
v -0.8 2.3 -0.8
v 0 2.3 -1.2
v 0.1 2.3 -1.2
v 0 2.3 -1.3
v 0.1 2.3 -1.3
v 0.2 2.3 -1.3
v 0.3 2.3 -1.3
v 0.2 2.3 -1.4
v 0.3 2.3 -1.4
v 0.4 2.3 -1.4
v 0.5 2.3 -1.4
v 0.4 2.3 -1.5
v 0.5 2.3 -1.5
v 0.6 2.3 -1.5
v 0.7 2.3 -1.5
v 0.6 2.3 -1.6
v 0.7 2.3 -1.6
v 0.8 2.3 -1.6
v 0.9 2.3 -1.6
v 0.8 2.3 -1.7
v 0.9 2.3 -1.7
v 1 2.3 -1.7
v 1.1 2.3 -1.7
v 1 2.3 -1.8
v 1.1 2.3 -1.8
v 1.2 2.3 -1.8
v 1.3 2.3 -1.8
v 1.2 2.3 -1.9
v 1.3 2.3 -1.9
v 1.4 2.3 -1.9
v 1.5 2.3 -1.9
v 1.4 2.3 -2
v 1.5 2.3 -2
v 0.1 2.4 1.3
v 0.2 2.4 1.3
v -0.0999999 2.4 1.2
v 0 2.4 1.2
v 0.1 2.4 1.2
v 0.2 2.4 1.2
v -0.3 2.4 1.1
v -0.2 2.4 1.1
v -0.0999999 2.4 1.1
v 0 2.4 1.1
v -0.5 2.4 1
v -0.4 2.4 1
v -0.3 2.4 1
v -0.2 2.4 1
v -0.7 2.4 0.9
v -0.6 2.4 0.9
v -0.5 2.4 0.9
v -0.4 2.4 0.9
v -0.7 2.4 0.8
v -0.6 2.4 0.8
v -1 2.4 0.7
v -0.9 2.4 0.7
v -1.2 2.4 0.6
v -1.1 2.4 0.6
v -1 2.4 0.6
v -0.9 2.4 0.6
v -1.4 2.4 0.5
v -1.2 2.4 0.5
v -1.1 2.4 0.5
v -1.5 2.4 0.4
v -1.4 2.4 0.4
v -1.2 2.4 0.4
v -1.6 2.4 0.3
v -1.5 2.4 0.3
v -1.4 2.4 0.3
v -1.7 2.4 0.2
v -1.6 2.4 0.2
v -1.5 2.4 0.2
v -1.7 2.4 -0.2
v -1.6 2.4 -0.2
v -1.5 2.4 -0.2
v -1.6 2.4 -0.3
v -1.5 2.4 -0.3
v -1.4 2.4 -0.3
v -1.5 2.4 -0.4
v -1.4 2.4 -0.4
v -1.2 2.4 -0.4
v -1.4 2.4 -0.5
v -1.2 2.4 -0.5
v -1.1 2.4 -0.5
v -1.2 2.4 -0.6
v -1.1 2.4 -0.6
v -1 2.4 -0.6
v -0.9 2.4 -0.6
v -1 2.4 -0.7
v -0.9 2.4 -0.7
v -0.7 2.4 -0.8
v -0.6 2.4 -0.8
v -0.7 2.4 -0.9
v -0.6 2.4 -0.9
v -0.5 2.4 -0.9
v -0.4 2.4 -0.9
v -0.5 2.4 -1
v -0.4 2.4 -1
v -0.3 2.4 -1
v -0.2 2.4 -1
v -0.3 2.4 -1.1
v -0.2 2.4 -1.1
v -0.0999999 2.4 -1.1
v 0 2.4 -1.1
v -0.0999999 2.4 -1.2
v 0 2.4 -1.2
v 0.1 2.4 -1.2
v 0.2 2.4 -1.2
v 0.1 2.4 -1.3
v 0.2 2.4 -1.3
v 1.3 2.5 1.9
v 1.4 2.5 1.9
v 1.1 2.5 1.8
v 1.2 2.5 1.8
v 1.3 2.5 1.8
v 1.4 2.5 1.8
v 0.9 2.5 1.7
v 1 2.5 1.7
v 1.1 2.5 1.7
v 1.2 2.5 1.7
v 0.7 2.5 1.6
v 0.8 2.5 1.6
v 0.9 2.5 1.6
v 1 2.5 1.6
v 0.5 2.5 1.5
v 0.6 2.5 1.5
v 0.7 2.5 1.5
v 0.8 2.5 1.5
v 0.3 2.5 1.4
v 0.4 2.5 1.4
v 0.5 2.5 1.4
v 0.6 2.5 1.4
v 0.3 2.5 1.3
v 0.4 2.5 1.3
v -0.2 2.5 1.1
v -0.0999999 2.5 1.1
v -0.4 2.5 1
v -0.3 2.5 1
v -0.2 2.5 1
v -0.0999999 2.5 1
v -0.6 2.5 0.9
v -0.5 2.5 0.9
v -0.4 2.5 0.9
v -0.3 2.5 0.9
v -0.8 2.5 0.8
v -0.6 2.5 0.8
v -0.5 2.5 0.8
v -0.9 2.5 0.7
v -0.8 2.5 0.7
v -0.6 2.5 0.7
v -1.1 2.5 0.6
v -0.9 2.5 0.6
v -0.8 2.5 0.6
v -1.2 2.5 0.5
v -1.1 2.5 0.5
v -0.9 2.5 0.5
v -1.4 2.5 0.4
v -1.2 2.5 0.4
v -1.1 2.5 0.4
v -1.5 2.5 0.3
v -1.4 2.5 0.3
v -1.3 2.5 0.3
v -1.2 2.5 0.3
v -1.6 2.5 0.2
v -1.5 2.5 0.2
v -1.4 2.5 0.2
v -1.3 2.5 0.2
v -1.6 2.5 -0.2
v -1.5 2.5 -0.2
v -1.4 2.5 -0.2
v -1.3 2.5 -0.2
v -1.5 2.5 -0.3
v -1.4 2.5 -0.3
v -1.3 2.5 -0.3
v -1.2 2.5 -0.3
v -1.4 2.5 -0.4
v -1.2 2.5 -0.4
v -1.1 2.5 -0.4
v -1.2 2.5 -0.5
v -1.1 2.5 -0.5
v -0.9 2.5 -0.5
v -1.1 2.5 -0.6
v -0.9 2.5 -0.6
v -0.8 2.5 -0.6
v -0.9 2.5 -0.7
v -0.8 2.5 -0.7
v -0.6 2.5 -0.7
v -0.8 2.5 -0.8
v -0.6 2.5 -0.8
v -0.5 2.5 -0.8
v -0.6 2.5 -0.9
v -0.5 2.5 -0.9
v -0.4 2.5 -0.9
v -0.3 2.5 -0.9
v -0.4 2.5 -1
v -0.3 2.5 -1
v -0.2 2.5 -1
v -0.0999999 2.5 -1
v -0.2 2.5 -1.1
v -0.0999999 2.5 -1.1
v 0.3 2.5 -1.3
v 0.4 2.5 -1.3
v 0.3 2.5 -1.4
v 0.4 2.5 -1.4
v 0.5 2.5 -1.4
v 0.6 2.5 -1.4
v 0.5 2.5 -1.5
v 0.6 2.5 -1.5
v 0.7 2.5 -1.5
v 0.8 2.5 -1.5
v 0.7 2.5 -1.6
v 0.8 2.5 -1.6
v 0.9 2.5 -1.6
v 1 2.5 -1.6
v 0.9 2.5 -1.7
v 1 2.5 -1.7
v 1.1 2.5 -1.7
v 1.2 2.5 -1.7
v 1.1 2.5 -1.8
v 1.2 2.5 -1.8
v 1.3 2.5 -1.8
v 1.4 2.5 -1.8
v 1.3 2.5 -1.9
v 1.4 2.5 -1.9
v 0.8 2.6 1.6
v 0.9 2.6 1.6
v 0.6 2.6 1.5
v 0.7 2.6 1.5
v 0.8 2.6 1.5
v 0.9 2.6 1.5
v 0.4 2.6 1.4
v 0.5 2.6 1.4
v 0.6 2.6 1.4
v 0.7 2.6 1.4
v 0.2 2.6 1.3
v 0.3 2.6 1.3
v 0.4 2.6 1.3
v 0.5 2.6 1.3
v 0 2.6 1.2
v 0.1 2.6 1.2
v 0.2 2.6 1.2
v 0.3 2.6 1.2
v -0.0999999 2.6 1.1
v 0 2.6 1.1
v 0.1 2.6 1.1
v -0.3 2.6 1
v -0.2 2.6 1
v -0.0999999 2.6 1
v 0 2.6 1
v -0.5 2.6 0.9
v -0.4 2.6 0.9
v -0.3 2.6 0.9
v -0.2 2.6 0.9
v -0.6 2.6 0.8
v -0.5 2.6 0.8
v -0.4 2.6 0.8
v -0.8 2.6 0.7
v -0.7 2.6 0.7
v -0.6 2.6 0.7
v -0.5 2.6 0.7
v -0.9 2.6 0.6
v -0.8 2.6 0.6
v -0.7 2.6 0.6
v -1.1 2.6 0.5
v -0.9 2.6 0.5
v -0.8 2.6 0.5
v -1.2 2.6 0.4
v -1.1 2.6 0.4
v -1 2.6 0.4
v -0.9 2.6 0.4
v -1.3 2.6 0.3
v -1.2 2.6 0.3
v -1.1 2.6 0.3
v -1 2.6 0.3
v -1.4 2.6 0.2
v -1.3 2.6 0.2
v -1.2 2.6 0.2
v -1.1 2.6 0.2
v -1.4 2.6 -0.2
v -1.3 2.6 -0.2
v -1.2 2.6 -0.2
v -1.1 2.6 -0.2
v -1.3 2.6 -0.3
v -1.2 2.6 -0.3
v -1.1 2.6 -0.3
v -1 2.6 -0.3
v -1.2 2.6 -0.4
v -1.1 2.6 -0.4
v -1 2.6 -0.4
v -0.9 2.6 -0.4
v -1.1 2.6 -0.5
v -0.9 2.6 -0.5
v -0.8 2.6 -0.5
v -0.9 2.6 -0.6
v -0.8 2.6 -0.6
v -0.7 2.6 -0.6
v -0.8 2.6 -0.7
v -0.7 2.6 -0.7
v -0.6 2.6 -0.7
v -0.5 2.6 -0.7
v -0.6 2.6 -0.8
v -0.5 2.6 -0.8
v -0.4 2.6 -0.8
v -0.5 2.6 -0.9
v -0.4 2.6 -0.9
v -0.3 2.6 -0.9
v -0.2 2.6 -0.9
v -0.3 2.6 -1
v -0.2 2.6 -1
v -0.0999999 2.6 -1
v 0 2.6 -1
v -0.0999999 2.6 -1.1
v 0 2.6 -1.1
v 0.1 2.6 -1.1
v 0 2.6 -1.2
v 0.1 2.6 -1.2
v 0.2 2.6 -1.2
v 0.3 2.6 -1.2
v 0.2 2.6 -1.3
v 0.3 2.6 -1.3
v 0.4 2.6 -1.3
v 0.5 2.6 -1.3
v 0.4 2.6 -1.4
v 0.5 2.6 -1.4
v 0.6 2.6 -1.4
v 0.7 2.6 -1.4
v 0.6 2.6 -1.5
v 0.7 2.6 -1.5
v 0.8 2.6 -1.5
v 0.9 2.6 -1.5
v 0.8 2.6 -1.6
v 0.9 2.6 -1.6
v 1.4 2.7 1.9
v 1.5 2.7 1.9
v 1.2 2.7 1.8
v 1.3 2.7 1.8
v 1.4 2.7 1.8
v 1.5 2.7 1.8
v 1 2.7 1.7
v 1.1 2.7 1.7
v 1.2 2.7 1.7
v 1.3 2.7 1.7
v 1 2.7 1.6
v 1.1 2.7 1.6
v 0.7 2.7 1.5
v 0.8 2.7 1.5
v 0.5 2.7 1.4
v 0.6 2.7 1.4
v 0.7 2.7 1.4
v 0.8 2.7 1.4
v 0.3 2.7 1.3
v 0.4 2.7 1.3
v 0.5 2.7 1.3
v 0.6 2.7 1.3
v 0.1 2.7 1.2
v 0.2 2.7 1.2
v 0.3 2.7 1.2
v 0.4 2.7 1.2
v 0 2.7 1.1
v 0.1 2.7 1.1
v 0.2 2.7 1.1
v -0.2 2.7 1
v -0.0999999 2.7 1
v 0 2.7 1
v 0.1 2.7 1
v -0.4 2.7 0.9
v -0.2 2.7 0.9
v -0.0999999 2.7 0.9
v -0.5 2.7 0.8
v -0.4 2.7 0.8
v -0.2 2.7 0.8
v -0.7 2.7 0.7
v -0.6 2.7 0.7
v -0.5 2.7 0.7
v -0.4 2.7 0.7
v -0.8 2.7 0.6
v -0.7 2.7 0.6
v -0.6 2.7 0.6
v -0.5 2.7 0.6
v -0.9 2.7 0.5
v -0.8 2.7 0.5
v -0.6 2.7 0.5
v -1 2.7 0.4
v -0.9 2.7 0.4
v -1.1 2.7 0.3
v -1 2.7 0.3
v -0.9 2.7 0.3
v -0.8 2.7 0.3
v -1.2 2.7 0.2
v -1.1 2.7 0.2
v -1 2.7 0.2
v -0.9 2.7 0.2
v -1.2 2.7 -0.2
v -1.1 2.7 -0.2
v -1 2.7 -0.2
v -0.9 2.7 -0.2
v -1.1 2.7 -0.3
v -1 2.7 -0.3
v -0.9 2.7 -0.3
v -0.8 2.7 -0.3
v -1 2.7 -0.4
v -0.9 2.7 -0.4
v -0.9 2.7 -0.5
v -0.8 2.7 -0.5
v -0.6 2.7 -0.5
v -0.8 2.7 -0.6
v -0.7 2.7 -0.6
v -0.6 2.7 -0.6
v -0.5 2.7 -0.6
v -0.7 2.7 -0.7
v -0.6 2.7 -0.7
v -0.5 2.7 -0.7
v -0.4 2.7 -0.7
v -0.5 2.7 -0.8
v -0.4 2.7 -0.8
v -0.2 2.7 -0.8
v -0.4 2.7 -0.9
v -0.2 2.7 -0.9
v -0.0999999 2.7 -0.9
v -0.2 2.7 -1
v -0.0999999 2.7 -1
v 0 2.7 -1
v 0.1 2.7 -1
v 0 2.7 -1.1
v 0.1 2.7 -1.1
v 0.2 2.7 -1.1
v 0.1 2.7 -1.2
v 0.2 2.7 -1.2
v 0.3 2.7 -1.2
v 0.4 2.7 -1.2
v 0.3 2.7 -1.3
v 0.4 2.7 -1.3
v 0.5 2.7 -1.3
v 0.6 2.7 -1.3
v 0.5 2.7 -1.4
v 0.6 2.7 -1.4
v 0.7 2.7 -1.4
v 0.8 2.7 -1.4
v 0.7 2.7 -1.5
v 0.8 2.7 -1.5
v 1 2.7 -1.6
v 1.1 2.7 -1.6
v 1 2.7 -1.7
v 1.1 2.7 -1.7
v 1.2 2.7 -1.7
v 1.3 2.7 -1.7
v 1.2 2.7 -1.8
v 1.3 2.7 -1.8
v 1.4 2.7 -1.8
v 1.5 2.7 -1.8
v 1.4 2.7 -1.9
v 1.5 2.7 -1.9
v 1.3 2.8 1.8
v 1.4 2.8 1.8
v 1.1 2.8 1.7
v 1.2 2.8 1.7
v 1.3 2.8 1.7
v 1.4 2.8 1.7
v 0.9 2.8 1.6
v 1 2.8 1.6
v 1.1 2.8 1.6
v 1.2 2.8 1.6
v 0.8 2.8 1.5
v 0.9 2.8 1.5
v 1 2.8 1.5
v 0.6 2.8 1.4
v 0.7 2.8 1.4
v 0.8 2.8 1.4
v 0.9 2.8 1.4
v 0.4 2.8 1.3
v 0.5 2.8 1.3
v 0.6 2.8 1.3
v 0.7 2.8 1.3
v 0.2 2.8 1.2
v 0.4 2.8 1.2
v 0.5 2.8 1.2
v 0.1 2.8 1.1
v 0.2 2.8 1.1
v 0.4 2.8 1.1
v -0.0999999 2.8 1
v 0 2.8 1
v 0.1 2.8 1
v 0.2 2.8 1
v -0.2 2.8 0.9
v -0.0999999 2.8 0.9
v 0 2.8 0.9
v -0.4 2.8 0.8
v -0.2 2.8 0.8
v -0.0999999 2.8 0.8
v -0.5 2.8 0.7
v -0.4 2.8 0.7
v -0.2 2.8 0.7
v -0.6 2.8 0.6
v -0.5 2.8 0.6
v -0.4 2.8 0.6
v -0.8 2.8 0.5
v -0.6 2.8 0.5
v -0.5 2.8 0.5
v -0.7 2.8 0.4
v -0.6 2.8 0.4
v -0.9 2.8 0.3
v -0.8 2.8 0.3
v -1 2.8 0.2
v -0.9 2.8 0.2
v -0.8 2.8 0.2
v -0.7 2.8 0.2
v -1 2.8 -0.2
v -0.9 2.8 -0.2
v -0.8 2.8 -0.2
v -0.7 2.8 -0.2
v -0.9 2.8 -0.3
v -0.8 2.8 -0.3
v -0.7 2.8 -0.4
v -0.6 2.8 -0.4
v -0.8 2.8 -0.5
v -0.6 2.8 -0.5
v -0.5 2.8 -0.5
v -0.6 2.8 -0.6
v -0.5 2.8 -0.6
v -0.4 2.8 -0.6
v -0.5 2.8 -0.7
v -0.4 2.8 -0.7
v -0.2 2.8 -0.7
v -0.4 2.8 -0.8
v -0.2 2.8 -0.8
v -0.0999999 2.8 -0.8
v -0.2 2.8 -0.9
v -0.0999999 2.8 -0.9
v 0 2.8 -0.9
v -0.0999999 2.8 -1
v 0 2.8 -1
v 0.1 2.8 -1
v 0.2 2.8 -1
v 0.1 2.8 -1.1
v 0.2 2.8 -1.1
v 0.4 2.8 -1.1
v 0.2 2.8 -1.2
v 0.4 2.8 -1.2
v 0.5 2.8 -1.2
v 0.4 2.8 -1.3
v 0.5 2.8 -1.3
v 0.6 2.8 -1.3
v 0.7 2.8 -1.3
v 0.6 2.8 -1.4
v 0.7 2.8 -1.4
v 0.8 2.8 -1.4
v 0.9 2.8 -1.4
v 0.8 2.8 -1.5
v 0.9 2.8 -1.5
v 1 2.8 -1.5
v 0.9 2.8 -1.6
v 1 2.8 -1.6
v 1.1 2.8 -1.6
v 1.2 2.8 -1.6
v 1.1 2.8 -1.7
v 1.2 2.8 -1.7
v 1.3 2.8 -1.7
v 1.4 2.8 -1.7
v 1.3 2.8 -1.8
v 1.4 2.8 -1.8
v 1.4 2.9 1.8
v 1.5 2.9 1.8
v 1.2 2.9 1.7
v 1.3 2.9 1.7
v 1.4 2.9 1.7
v 1.5 2.9 1.7
v 1 2.9 1.6
v 1.1 2.9 1.6
v 1.2 2.9 1.6
v 1.3 2.9 1.6
v 0.9 2.9 1.5
v 1 2.9 1.5
v 1.1 2.9 1.5
v 0.7 2.9 1.4
v 0.8 2.9 1.4
v 0.9 2.9 1.4
v 1 2.9 1.4
v 0.5 2.9 1.3
v 0.6 2.9 1.3
v 0.7 2.9 1.3
v 0.8 2.9 1.3
v 0.4 2.9 1.2
v 0.5 2.9 1.2
v 0.6 2.9 1.2
v 0.2 2.9 1.1
v 0.3 2.9 1.1
v 0.4 2.9 1.1
v 0.5 2.9 1.1
v 0 2.9 1
v 0.2 2.9 1
v 0.3 2.9 1
v -0.0999999 2.9 0.9
v 0 2.9 0.9
v 0.2 2.9 0.9
v -0.2 2.9 0.8
v -0.0999999 2.9 0.8
v 0 2.9 0.8
v -0.4 2.9 0.7
v -0.2 2.9 0.7
v -0.0999999 2.9 0.7
v -0.5 2.9 0.6
v -0.4 2.9 0.6
v -0.3 2.9 0.6
v -0.2 2.9 0.6
v -0.6 2.9 0.5
v -0.5 2.9 0.5
v -0.4 2.9 0.5
v -0.3 2.9 0.5
v -0.7 2.9 0.4
v -0.6 2.9 0.4
v -0.5 2.9 0.4
v -0.4 2.9 0.4
v -0.8 2.9 0.2
v -0.7 2.9 0.2
v -0.6 2.9 0.2
v -0.5 2.9 0.2
v -0.8 2.9 -0.2
v -0.7 2.9 -0.2
v -0.6 2.9 -0.2
v -0.5 2.9 -0.2
v -0.7 2.9 -0.4
v -0.6 2.9 -0.4
v -0.5 2.9 -0.4
v -0.4 2.9 -0.4
v -0.6 2.9 -0.5
v -0.5 2.9 -0.5
v -0.4 2.9 -0.5
v -0.3 2.9 -0.5
v -0.5 2.9 -0.6
v -0.4 2.9 -0.6
v -0.3 2.9 -0.6
v -0.2 2.9 -0.6
v -0.4 2.9 -0.7
v -0.2 2.9 -0.7
v -0.0999999 2.9 -0.7
v -0.2 2.9 -0.8
v -0.0999999 2.9 -0.8
v 0 2.9 -0.8
v -0.0999999 2.9 -0.9
v 0 2.9 -0.9
v 0.2 2.9 -0.9
v 0 2.9 -1
v 0.2 2.9 -1
v 0.3 2.9 -1
v 0.2 2.9 -1.1
v 0.3 2.9 -1.1
v 0.4 2.9 -1.1
v 0.5 2.9 -1.1
v 0.4 2.9 -1.2
v 0.5 2.9 -1.2
v 0.6 2.9 -1.2
v 0.5 2.9 -1.3
v 0.6 2.9 -1.3
v 0.7 2.9 -1.3
v 0.8 2.9 -1.3
v 0.7 2.9 -1.4
v 0.8 2.9 -1.4
v 0.9 2.9 -1.4
v 1 2.9 -1.4
v 0.9 2.9 -1.5
v 1 2.9 -1.5
v 1.1 2.9 -1.5
v 1 2.9 -1.6
v 1.1 2.9 -1.6
v 1.2 2.9 -1.6
v 1.3 2.9 -1.6
v 1.2 2.9 -1.7
v 1.3 2.9 -1.7
v 1.4 2.9 -1.7
v 1.5 2.9 -1.7
v 1.4 2.9 -1.8
v 1.5 2.9 -1.8
v 1.3 3 1.7
v 1.4 3 1.7
v 1.1 3 1.6
v 1.2 3 1.6
v 1.3 3 1.6
v 1.4 3 1.6
v 1 3 1.5
v 1.1 3 1.5
v 1.2 3 1.5
v 0.8 3 1.4
v 0.9 3 1.4
v 1 3 1.4
v 1.1 3 1.4
v 0.6 3 1.3
v 0.8 3 1.3
v 0.9 3 1.3
v 0.5 3 1.2
v 0.6 3 1.2
v 0.8 3 1.2
v 0.3 3 1.1
v 0.5 3 1.1
v 0.6 3 1.1
v 0.2 3 1
v 0.3 3 1
v 0.5 3 1
v 0 3 0.9
v 0.2 3 0.9
v 0.3 3 0.9
v -0.0999999 3 0.8
v 0 3 0.8
v 0.1 3 0.8
v 0.2 3 0.8
v -0.2 3 0.7
v -0.0999999 3 0.7
v 0 3 0.7
v 0.1 3 0.7
v -0.3 3 0.6
v -0.2 3 0.6
v -0.0999999 3 0.6
v 0 3 0.6
v -0.4 3 0.5
v -0.3 3 0.5
v -0.2 3 0.5
v -0.0999999 3 0.5
v -0.5 3 0.4
v -0.4 3 0.4
v -0.3 3 0.4
v -0.2 3 0.4
v -0.6 3 0.2
v -0.5 3 0.2
v -0.4 3 0.2
v -0.3 3 0.2
v -0.6 3 -0.2
v -0.5 3 -0.2
v -0.4 3 -0.2
v -0.3 3 -0.2
v -0.5 3 -0.4
v -0.4 3 -0.4
v -0.3 3 -0.4
v -0.2 3 -0.4
v -0.4 3 -0.5
v -0.3 3 -0.5
v -0.2 3 -0.5
v -0.0999999 3 -0.5
v -0.3 3 -0.6
v -0.2 3 -0.6
v -0.0999999 3 -0.6
v 0 3 -0.6
v -0.2 3 -0.7
v -0.0999999 3 -0.7
v 0 3 -0.7
v 0.1 3 -0.7
v -0.0999999 3 -0.8
v 0 3 -0.8
v 0.1 3 -0.8
v 0.2 3 -0.8
v 0 3 -0.9
v 0.2 3 -0.9
v 0.3 3 -0.9
v 0.2 3 -1
v 0.3 3 -1
v 0.5 3 -1
v 0.3 3 -1.1
v 0.5 3 -1.1
v 0.6 3 -1.1
v 0.5 3 -1.2
v 0.6 3 -1.2
v 0.8 3 -1.2
v 0.6 3 -1.3
v 0.8 3 -1.3
v 0.9 3 -1.3
v 0.8 3 -1.4
v 0.9 3 -1.4
v 1 3 -1.4
v 1.1 3 -1.4
v 1 3 -1.5
v 1.1 3 -1.5
v 1.2 3 -1.5
v 1.1 3 -1.6
v 1.2 3 -1.6
v 1.3 3 -1.6
v 1.4 3 -1.6
v 1.3 3 -1.7
v 1.4 3 -1.7
v 1.4 3.1 1.7
v 1.5 3.1 1.7
v 1.2 3.1 1.6
v 1.4 3.1 1.6
v 1.5 3.1 1.6
v 1.1 3.1 1.5
v 1.2 3.1 1.5
v 1.4 3.1 1.5
v 0.9 3.1 1.4
v 1 3.1 1.4
v 1.1 3.1 1.4
v 1.2 3.1 1.4
v 0.8 3.1 1.3
v 0.9 3.1 1.3
v 1 3.1 1.3
v 0.6 3.1 1.2
v 0.8 3.1 1.2
v 0.9 3.1 1.2
v 0.5 3.1 1.1
v 0.6 3.1 1.1
v 0.8 3.1 1.1
v 0.3 3.1 1
v 0.5 3.1 1
v 0.6 3.1 1
v 0.2 3.1 0.9
v 0.3 3.1 0.9
v 0.4 3.1 0.9
v 0.5 3.1 0.9
v 0.1 3.1 0.8
v 0.2 3.1 0.8
v 0.4 3.1 0.8
v 0 3.1 0.7
v 0.1 3.1 0.7
v 0.2 3.1 0.7
v -0.0999999 3.1 0.6
v 0 3.1 0.6
v 0.1 3.1 0.6
v -0.2 3.1 0.5
v -0.0999999 3.1 0.5
v -0.3 3.1 0.4
v -0.2 3.1 0.4
v -0.0999999 3.1 0.4
v 0 3.1 0.4
v -0.4 3.1 0.2
v -0.3 3.1 0.2
v -0.2 3.1 0.2
v -0.0999999 3.1 0.2
v -0.4 3.1 -0.2
v -0.3 3.1 -0.2
v -0.2 3.1 -0.2
v -0.0999999 3.1 -0.2
v -0.3 3.1 -0.4
v -0.2 3.1 -0.4
v -0.0999999 3.1 -0.4
v 0 3.1 -0.4
v -0.2 3.1 -0.5
v -0.0999999 3.1 -0.5
v -0.0999999 3.1 -0.6
v 0 3.1 -0.6
v 0.1 3.1 -0.6
v 0 3.1 -0.7
v 0.1 3.1 -0.7
v 0.2 3.1 -0.7
v 0.1 3.1 -0.8
v 0.2 3.1 -0.8
v 0.4 3.1 -0.8
v 0.2 3.1 -0.9
v 0.3 3.1 -0.9
v 0.4 3.1 -0.9
v 0.5 3.1 -0.9
v 0.3 3.1 -1
v 0.5 3.1 -1
v 0.6 3.1 -1
v 0.5 3.1 -1.1
v 0.6 3.1 -1.1
v 0.8 3.1 -1.1
v 0.6 3.1 -1.2
v 0.8 3.1 -1.2
v 0.9 3.1 -1.2
v 0.8 3.1 -1.3
v 0.9 3.1 -1.3
v 1 3.1 -1.3
v 0.9 3.1 -1.4
v 1 3.1 -1.4
v 1.1 3.1 -1.4
v 1.2 3.1 -1.4
v 1.1 3.1 -1.5
v 1.2 3.1 -1.5
v 1.4 3.1 -1.5
v 1.2 3.1 -1.6
v 1.4 3.1 -1.6
v 1.5 3.1 -1.6
v 1.4 3.1 -1.7
v 1.5 3.1 -1.7
v 1.4 3.2 1.6
v 1.5 3.2 1.6
v 1.2 3.2 1.5
v 1.4 3.2 1.5
v 1 3.2 1.4
v 1.2 3.2 1.4
v 1.5 3.2 1.4
v 0.9 3.2 1.3
v 1 3.2 1.3
v 1.1 3.2 1.3
v 1.2 3.2 1.3
v 0.8 3.2 1.2
v 0.9 3.2 1.2
v 1 3.2 1.2
v 1.1 3.2 1.2
v 0.6 3.2 1.1
v 0.8 3.2 1.1
v 0.9 3.2 1.1
v 1 3.2 1.1
v 0.5 3.2 1
v 0.6 3.2 1
v 0.8 3.2 1
v 0.9 3.2 1
v 0.4 3.2 0.9
v 0.5 3.2 0.9
v 0.6 3.2 0.9
v 0.7 3.2 0.9
v 0.8 3.2 0.9
v 0.2 3.2 0.8
v 0.4 3.2 0.8
v 0.5 3.2 0.8
v 0.6 3.2 0.8
v 0.7 3.2 0.8
v 0.1 3.2 0.7
v 0.2 3.2 0.7
v 0.3 3.2 0.7
v 0.4 3.2 0.7
v 0.5 3.2 0.7
v 0.6 3.2 0.7
v 0 3.2 0.6
v 0.1 3.2 0.6
v 0.2 3.2 0.6
v 0.3 3.2 0.6
v 0.4 3.2 0.6
v 0.5 3.2 0.6
v 0.3 3.2 0.5
v 0.4 3.2 0.5
v -0.0999999 3.2 0.4
v 0 3.2 0.4
v 0.1 3.2 0.4
v 0.2 3.2 0.4
v 0 3.2 0.3
v 0.1 3.2 0.3
v 0.2 3.2 0.3
v 0.3 3.2 0.3
v -0.2 3.2 0.2
v -0.0999999 3.2 0.2
v -0.2 3.2 -0.2
v -0.0999999 3.2 -0.2
v 0 3.2 -0.3
v 0.1 3.2 -0.3
v 0.2 3.2 -0.3
v 0.3 3.2 -0.3
v -0.0999999 3.2 -0.4
v 0 3.2 -0.4
v 0.1 3.2 -0.4
v 0.2 3.2 -0.4
v 0.2 3.2 -0.5
v 0.3 3.2 -0.5
v 0.4 3.2 -0.5
v 0 3.2 -0.6
v 0.1 3.2 -0.6
v 0.3 3.2 -0.6
v 0.4 3.2 -0.6
v 0.5 3.2 -0.6
v 0.1 3.2 -0.7
v 0.2 3.2 -0.7
v 0.4 3.2 -0.7
v 0.5 3.2 -0.7
v 0.6 3.2 -0.7
v 0.2 3.2 -0.8
v 0.4 3.2 -0.8
v 0.5 3.2 -0.8
v 0.6 3.2 -0.8
v 0.7 3.2 -0.8
v 0.4 3.2 -0.9
v 0.5 3.2 -0.9
v 0.6 3.2 -0.9
v 0.7 3.2 -0.9
v 0.8 3.2 -0.9
v 0.5 3.2 -1
v 0.6 3.2 -1
v 0.7 3.2 -1
v 0.8 3.2 -1
v 0.9 3.2 -1
v 0.6 3.2 -1.1
v 0.8 3.2 -1.1
v 0.9 3.2 -1.1
v 1 3.2 -1.1
v 0.8 3.2 -1.2
v 0.9 3.2 -1.2
v 1 3.2 -1.2
v 1.2 3.2 -1.2
v 0.9 3.2 -1.3
v 1 3.2 -1.3
v 1.2 3.2 -1.3
v 1.3 3.2 -1.3
v 1 3.2 -1.4
v 1.2 3.2 -1.4
v 1.3 3.2 -1.4
v 1.5 3.2 -1.4
v 1.2 3.2 -1.5
v 1.4 3.2 -1.5
v 1.4 3.2 -1.6
v 1.5 3.2 -1.6
v 1.2 3.3 1.4
v 1.5 3.3 1.4
v 1.1 3.3 1.3
v 1.2 3.3 1.3
v 1.3 3.3 1.3
v 1.5 3.3 1.3
v 1 3.3 1.2
v 1.1 3.3 1.2
v 1.2 3.3 1.2
v 1.3 3.3 1.2
v 0.9 3.3 1.1
v 1 3.3 1.1
v 1.1 3.3 1.1
v 1.2 3.3 1.1
v 0.8 3.3 1
v 0.9 3.3 1
v 1 3.3 1
v 1.1 3.3 1
v 0.7 3.3 0.9
v 0.8 3.3 0.9
v 0.9 3.3 0.9
v 1 3.3 0.9
v 0.6 3.3 0.8
v 0.7 3.3 0.8
v 0.8 3.3 0.8
v 0.9 3.3 0.8
v 0.5 3.3 0.7
v 0.6 3.3 0.7
v 0.7 3.3 0.7
v 0.8 3.3 0.7
v 0.4 3.3 0.6
v 0.5 3.3 0.6
v 0.6 3.3 0.6
v 0.7 3.3 0.6
v 0.3 3.3 0.5
v 0.4 3.3 0.5
v 0.5 3.3 0.5
v 0.6 3.3 0.5
v 0.2 3.3 0.3
v 0.3 3.3 0.3
v 0.4 3.3 0.3
v 0.5 3.3 0.3
v 0.4 3.3 -0.2
v 0.5 3.3 -0.2
v 0.2 3.3 -0.3
v 0.3 3.3 -0.3
v 0.3 3.3 -0.5
v 0.4 3.3 -0.5
v 0.5 3.3 -0.5
v 0.6 3.3 -0.5
v 0.4 3.3 -0.6
v 0.5 3.3 -0.6
v 0.6 3.3 -0.6
v 0.7 3.3 -0.6
v 0.5 3.3 -0.7
v 0.6 3.3 -0.7
v 0.7 3.3 -0.7
v 0.8 3.3 -0.7
v 0.6 3.3 -0.8
v 0.7 3.3 -0.8
v 0.8 3.3 -0.8
v 0.9 3.3 -0.8
v 0.7 3.3 -0.9
v 0.8 3.3 -0.9
v 0.9 3.3 -0.9
v 1 3.3 -0.9
v 0.8 3.3 -1
v 0.9 3.3 -1
v 1 3.3 -1
v 1.1 3.3 -1
v 0.9 3.3 -1.1
v 1 3.3 -1.1
v 1.1 3.3 -1.1
v 1.2 3.3 -1.1
v 1 3.3 -1.2
v 1.2 3.3 -1.2
v 1.3 3.3 -1.2
v 1.2 3.3 -1.3
v 1.3 3.3 -1.3
v 1.5 3.3 -1.3
v 1.3 3.3 -1.4
v 1.5 3.3 -1.4
v 1.3 3.4 1.3
v 1.5 3.4 1.3
v 1.2 3.4 1.2
v 1.3 3.4 1.2
v 1.4 3.4 1.2
v 1.5 3.4 1.2
v 1.1 3.4 1.1
v 1.2 3.4 1.1
v 1.3 3.4 1.1
v 1.4 3.4 1.1
v 1 3.4 1
v 1.1 3.4 1
v 1.2 3.4 1
v 0.9 3.4 0.9
v 1 3.4 0.9
v 1.1 3.4 0.9
v 0.8 3.4 0.8
v 0.9 3.4 0.8
v 1 3.4 0.8
v 0.7 3.4 0.7
v 0.8 3.4 0.7
v 0.6 3.4 0.6
v 0.7 3.4 0.6
v 0.8 3.4 0.6
v 0.9 3.4 0.6
v 0.5 3.4 0.5
v 0.6 3.4 0.5
v 0.7 3.4 0.5
v 0.8 3.4 0.5
v 0.4 3.4 0.3
v 0.5 3.4 0.3
v 0.6 3.4 0.3
v 0.7 3.4 0.3
v 0.4 3.4 -0.2
v 0.5 3.4 -0.2
v 0.6 3.4 -0.3
v 0.7 3.4 -0.3
v 0.5 3.4 -0.5
v 0.6 3.4 -0.5
v 0.7 3.4 -0.5
v 0.8 3.4 -0.5
v 0.6 3.4 -0.6
v 0.7 3.4 -0.6
v 0.8 3.4 -0.6
v 0.9 3.4 -0.6
v 0.7 3.4 -0.7
v 0.8 3.4 -0.7
v 0.8 3.4 -0.8
v 0.9 3.4 -0.8
v 1 3.4 -0.8
v 0.9 3.4 -0.9
v 1 3.4 -0.9
v 1.1 3.4 -0.9
v 1 3.4 -1
v 1.1 3.4 -1
v 1.2 3.4 -1
v 1.1 3.4 -1.1
v 1.2 3.4 -1.1
v 1.3 3.4 -1.1
v 1.4 3.4 -1.1
v 1.2 3.4 -1.2
v 1.3 3.4 -1.2
v 1.4 3.4 -1.2
v 1.5 3.4 -1.2
v 1.3 3.4 -1.3
v 1.5 3.4 -1.3
v 1.4 3.5 1.2
v 1.5 3.5 1.2
v 1.2 3.5 1.1
v 1.3 3.5 1.1
v 1.4 3.5 1.1
v 1.5 3.5 1.1
v 1.1 3.5 1
v 1.2 3.5 1
v 1.3 3.5 1
v 1.4 3.5 1
v 1 3.5 0.9
v 1.1 3.5 0.9
v 1.2 3.5 0.9
v 1.3 3.5 0.9
v 0.9 3.5 0.8
v 1 3.5 0.8
v 1.1 3.5 0.8
v 1.2 3.5 0.8
v 1 3.5 0.7
v 1.1 3.5 0.7
v 0.8 3.5 0.6
v 0.9 3.5 0.6
v 0.7 3.5 0.5
v 0.8 3.5 0.5
v 0.9 3.5 0.5
v 1 3.5 0.5
v 0.6 3.5 0.3
v 0.7 3.5 0.3
v 0.8 3.5 0.3
v 0.9 3.5 0.3
v 0.6 3.5 -0.3
v 0.7 3.5 -0.3
v 0.8 3.5 -0.3
v 0.9 3.5 -0.3
v 0.7 3.5 -0.5
v 0.8 3.5 -0.5
v 0.9 3.5 -0.5
v 1 3.5 -0.5
v 0.8 3.5 -0.6
v 0.9 3.5 -0.6
v 1 3.5 -0.7
v 1.1 3.5 -0.7
v 0.9 3.5 -0.8
v 1 3.5 -0.8
v 1.1 3.5 -0.8
v 1.2 3.5 -0.8
v 1 3.5 -0.9
v 1.1 3.5 -0.9
v 1.2 3.5 -0.9
v 1.3 3.5 -0.9
v 1.1 3.5 -1
v 1.2 3.5 -1
v 1.3 3.5 -1
v 1.4 3.5 -1
v 1.2 3.5 -1.1
v 1.3 3.5 -1.1
v 1.4 3.5 -1.1
v 1.5 3.5 -1.1
v 1.4 3.5 -1.2
v 1.5 3.5 -1.2
v 1.4 3.6 1.1
v 1.5 3.6 1.1
v 1.3 3.6 1
v 1.4 3.6 1
v 1.2 3.6 0.9
v 1.3 3.6 0.9
v 1.4 3.6 0.9
v 1.5 3.6 0.9
v 1.1 3.6 0.8
v 1.2 3.6 0.8
v 1.3 3.6 0.8
v 1.4 3.6 0.8
v 1 3.6 0.7
v 1.1 3.6 0.7
v 1.2 3.6 0.7
v 1.3 3.6 0.7
v 0.9 3.6 0.5
v 1 3.6 0.5
v 1.1 3.6 0.5
v 1.2 3.6 0.5
v 0.8 3.6 0.3
v 0.9 3.6 0.3
v 1 3.6 0.3
v 1.1 3.6 0.3
v 0.8 3.6 -0.3
v 0.9 3.6 -0.3
v 1 3.6 -0.3
v 1.1 3.6 -0.3
v 0.9 3.6 -0.5
v 1 3.6 -0.5
v 1.1 3.6 -0.5
v 1.2 3.6 -0.5
v 1 3.6 -0.7
v 1.1 3.6 -0.7
v 1.2 3.6 -0.7
v 1.3 3.6 -0.7
v 1.1 3.6 -0.8
v 1.2 3.6 -0.8
v 1.3 3.6 -0.8
v 1.4 3.6 -0.8
v 1.2 3.6 -0.9
v 1.3 3.6 -0.9
v 1.4 3.6 -0.9
v 1.5 3.6 -0.9
v 1.3 3.6 -1
v 1.4 3.6 -1
v 1.4 3.6 -1.1
v 1.5 3.6 -1.1
v 1.4 3.7 0.9
v 1.5 3.7 0.9
v 1.3 3.7 0.8
v 1.4 3.7 0.8
v 1.2 3.7 0.7
v 1.3 3.7 0.7
v 1.1 3.7 0.5
v 1.2 3.7 0.5
v 1 3.7 0.3
v 1.1 3.7 0.3
v 1 3.7 -0.3
v 1.1 3.7 -0.3
v 1.1 3.7 -0.5
v 1.2 3.7 -0.5
v 1.2 3.7 -0.7
v 1.3 3.7 -0.7
v 1.3 3.7 -0.8
v 1.4 3.7 -0.8
v 1.4 3.7 -0.9
v 1.5 3.7 -0.9
v 1.5 4 2
v 1.9 4 2
v 1.5 4 -2
v 1.9 4 -2

# faces
f 4/5/1 2/5/1 1/5/1
f 5/5/1 2/5/1 4/5/1
f 7/5/1 4/5/1 3/5/1
f 7/5/1 6/5/1 5/5/1
f 7/5/1 5/5/1 4/5/1
f 8/5/1 6/5/1 7/5/1
f 9/5/1 6/5/1 8/5/1
f 10/5/1 6/5/1 9/5/1
f 11/5/1 9/5/1 8/5/1
f 12/5/1 9/5/1 11/5/1
f 16/2/1 14/2/1 13/2/1
f 17/2/1 14/2/1 16/2/1
f 20/2/1 16/2/1 15/2/1
f 21/2/1 16/2/1 20/2/1
f 22/2/1 18/2/1 17/2/1
f 23/2/1 18/2/1 22/2/1
f 25/2/1 20/2/1 19/2/1
f 26/2/1 20/2/1 25/2/1
f 29/2/1 24/2/1 23/2/1
f 30/2/1 24/2/1 29/2/1
f 31/2/1 27/2/1 26/2/1
f 32/2/1 27/2/1 31/2/1
f 33/2/1 29/2/1 28/2/1
f 34/2/1 29/2/1 33/2/1
f 35/2/1 33/2/1 32/2/1
f 36/2/1 33/2/1 35/2/1
f 40/2/1 38/2/1 37/2/1
f 41/2/1 38/2/1 40/2/1
f 44/2/1 40/2/1 39/2/1
f 45/2/1 40/2/1 44/2/1
f 46/2/1 42/2/1 41/2/1
f 47/2/1 42/2/1 46/2/1
f 50/2/1 44/2/1 43/2/1
f 51/2/1 44/2/1 50/2/1
f 52/2/1 48/2/1 47/2/1
f 53/2/1 48/2/1 52/2/1
f 55/2/1 50/2/1 49/2/1
f 56/2/1 50/2/1 55/2/1
f 59/2/1 54/2/1 53/2/1
f 60/2/1 54/2/1 59/2/1
f 61/2/1 57/2/1 56/2/1
f 62/2/1 57/2/1 61/2/1
f 65/2/1 59/2/1 58/2/1
f 66/2/1 59/2/1 65/2/1
f 67/2/1 63/2/1 62/2/1
f 68/2/1 63/2/1 67/2/1
f 69/2/1 65/2/1 64/2/1
f 70/2/1 65/2/1 69/2/1
f 71/2/1 69/2/1 68/2/1
f 72/2/1 69/2/1 71/2/1
f 78/2/1 74/2/1 73/2/1
f 79/2/1 74/2/1 78/2/1
f 80/2/1 76/2/1 75/2/1
f 81/2/1 76/2/1 80/2/1
f 84/2/1 78/2/1 77/2/1
f 85/2/1 78/2/1 84/2/1
f 86/2/1 82/2/1 81/2/1
f 87/2/1 82/2/1 86/2/1
f 89/2/1 84/2/1 83/2/1
f 90/2/1 84/2/1 89/2/1
f 91/2/1 88/2/1 87/2/1
f 92/2/1 88/2/1 91/2/1
f 97/2/1 94/2/1 93/2/1
f 98/2/1 94/2/1 97/2/1
f 101/2/1 96/2/1 95/2/1
f 102/2/1 96/2/1 101/2/1
f 103/2/1 99/2/1 98/2/1
f 104/2/1 99/2/1 103/2/1
f 107/2/1 101/2/1 100/2/1
f 108/2/1 101/2/1 107/2/1
f 109/2/1 105/2/1 104/2/1
f 110/2/1 105/2/1 109/2/1
f 111/2/1 107/2/1 106/2/1
f 112/2/1 107/2/1 111/2/1
f 117/2/1 114/2/1 113/2/1
f 118/2/1 114/2/1 117/2/1
f 122/2/1 116/2/1 115/2/1
f 123/2/1 116/2/1 122/2/1
f 124/2/1 120/2/1 119/2/1
f 125/2/1 120/2/1 124/2/1
f 127/2/1 122/2/1 121/2/1
f 128/2/1 122/2/1 127/2/1
f 129/2/1 126/2/1 125/2/1
f 130/2/1 126/2/1 129/2/1
f 135/2/1 132/2/1 131/2/1
f 136/2/1 132/2/1 135/2/1
f 137/2/1 134/2/1 133/2/1
f 138/2/1 134/2/1 137/2/1
f 143/2/1 140/2/1 139/2/1
f 144/2/1 140/2/1 143/2/1
f 147/2/1 142/2/1 141/2/1
f 148/2/1 142/2/1 147/2/1
f 149/2/1 145/2/1 144/2/1
f 150/2/1 145/2/1 149/2/1
f 153/2/1 147/2/1 146/2/1
f 154/2/1 147/2/1 153/2/1
f 155/2/1 152/2/1 151/2/1
f 156/2/1 152/2/1 155/2/1
f 161/2/1 158/2/1 157/2/1
f 162/2/1 158/2/1 161/2/1
f 163/2/1 160/2/1 159/2/1
f 164/2/1 160/2/1 163/2/1
f 169/2/1 166/2/1 165/2/1
f 170/2/1 166/2/1 169/2/1
f 171/2/1 168/2/1 167/2/1
f 172/2/1 168/2/1 171/2/1
f 177/2/1 174/2/1 173/2/1
f 178/2/1 174/2/1 177/2/1
f 179/2/1 176/2/1 175/2/1
f 180/2/1 176/2/1 179/2/1
f 185/2/1 182/2/1 181/2/1
f 186/2/1 182/2/1 185/2/1
f 187/2/1 184/2/1 183/2/1
f 188/2/1 184/2/1 187/2/1
f 193/2/1 190/2/1 189/2/1
f 194/2/1 190/2/1 193/2/1
f 198/2/1 192/2/1 191/2/1
f 199/2/1 192/2/1 198/2/1
f 200/2/1 196/2/1 195/2/1
f 201/2/1 196/2/1 200/2/1
f 204/2/1 198/2/1 197/2/1
f 205/2/1 198/2/1 204/2/1
f 206/2/1 202/2/1 201/2/1
f 207/2/1 202/2/1 206/2/1
f 209/2/1 204/2/1 203/2/1
f 210/2/1 204/2/1 209/2/1
f 211/2/1 208/2/1 207/2/1
f 212/2/1 208/2/1 211/2/1
f 217/2/1 214/2/1 213/2/1
f 218/2/1 214/2/1 217/2/1
f 219/2/1 216/2/1 215/2/1
f 220/2/1 216/2/1 219/2/1
f 225/2/1 222/2/1 221/2/1
f 226/2/1 222/2/1 225/2/1
f 229/2/1 224/2/1 223/2/1
f 230/2/1 224/2/1 229/2/1
f 231/2/1 227/2/1 226/2/1
f 232/2/1 227/2/1 231/2/1
f 235/2/1 229/2/1 228/2/1
f 236/2/1 229/2/1 235/2/1
f 237/2/1 233/2/1 232/2/1
f 238/2/1 233/2/1 237/2/1
f 241/2/1 235/2/1 234/2/1
f 242/2/1 235/2/1 241/2/1
f 243/2/1 240/2/1 239/2/1
f 244/2/1 240/2/1 243/2/1
f 251/2/1 246/2/1 245/2/1
f 252/2/1 246/2/1 251/2/1
f 253/2/1 248/2/1 247/2/1
f 254/2/1 248/2/1 253/2/1
f 258/2/1 250/2/1 249/2/1
f 259/2/1 250/2/1 258/2/1
f 260/2/1 256/2/1 255/2/1
f 261/2/1 256/2/1 260/2/1
f 263/2/1 258/2/1 257/2/1
f 264/2/1 258/2/1 263/2/1
f 265/2/1 262/2/1 261/2/1
f 266/2/1 262/2/1 265/2/1
f 271/2/1 268/2/1 267/2/1
f 272/2/1 268/2/1 271/2/1
f 273/2/1 270/2/1 269/2/1
f 274/2/1 270/2/1 273/2/1
f 279/2/1 276/2/1 275/2/1
f 280/2/1 276/2/1 279/2/1
f 281/2/1 278/2/1 277/2/1
f 282/2/1 278/2/1 281/2/1
f 287/2/1 284/2/1 283/2/1
f 288/2/1 284/2/1 287/2/1
f 291/2/1 286/2/1 285/2/1
f 292/2/1 286/2/1 291/2/1
f 293/2/1 289/2/1 288/2/1
f 294/2/1 289/2/1 293/2/1
f 299/2/1 291/2/1 290/2/1
f 300/2/1 291/2/1 299/2/1
f 301/2/1 296/2/1 295/2/1
f 302/2/1 296/2/1 301/2/1
f 303/2/1 298/2/1 297/2/1
f 304/2/1 298/2/1 303/2/1
f 309/2/1 306/2/1 305/2/1
f 310/2/1 306/2/1 309/2/1
f 313/2/1 308/2/1 307/2/1
f 314/2/1 308/2/1 313/2/1
f 315/2/1 312/2/1 311/2/1
f 316/2/1 312/2/1 315/2/1
f 321/2/1 318/2/1 317/2/1
f 322/2/1 318/2/1 321/2/1
f 323/2/1 320/2/1 319/2/1
f 324/2/1 320/2/1 323/2/1
f 329/2/1 326/2/1 325/2/1
f 330/2/1 326/2/1 329/2/1
f 331/2/1 328/2/1 327/2/1
f 332/2/1 328/2/1 331/2/1
f 337/2/1 334/2/1 333/2/1
f 338/2/1 334/2/1 337/2/1
f 339/2/1 336/2/1 335/2/1
f 340/2/1 336/2/1 339/2/1
f 345/2/1 342/2/1 341/2/1
f 346/2/1 342/2/1 345/2/1
f 349/2/1 344/2/1 343/2/1
f 350/2/1 344/2/1 349/2/1
f 351/2/1 348/2/1 347/2/1
f 352/2/1 348/2/1 351/2/1
f 359/2/1 354/2/1 353/2/1
f 360/2/1 354/2/1 359/2/1
f 361/2/1 356/2/1 355/2/1
f 362/2/1 356/2/1 361/2/1
f 366/2/1 358/2/1 357/2/1
f 367/2/1 358/2/1 366/2/1
f 368/2/1 364/2/1 363/2/1
f 369/2/1 364/2/1 368/2/1
f 372/2/1 366/2/1 365/2/1
f 373/2/1 366/2/1 372/2/1
f 374/2/1 370/2/1 369/2/1
f 375/2/1 370/2/1 374/2/1
f 377/2/1 372/2/1 371/2/1
f 378/2/1 372/2/1 377/2/1
f 379/2/1 376/2/1 375/2/1
f 380/2/1 376/2/1 379/2/1
f 385/2/1 382/2/1 381/2/1
f 386/2/1 382/2/1 385/2/1
f 387/2/1 384/2/1 383/2/1
f 388/2/1 384/2/1 387/2/1
f 393/2/1 390/2/1 389/2/1
f 394/2/1 390/2/1 393/2/1
f 395/2/1 392/2/1 391/2/1
f 396/2/1 392/2/1 395/2/1
f 401/2/1 398/2/1 397/2/1
f 402/2/1 398/2/1 401/2/1
f 405/2/1 400/2/1 399/2/1
f 406/2/1 400/2/1 405/2/1
f 407/2/1 403/2/1 402/2/1
f 408/2/1 403/2/1 407/2/1
f 411/2/1 405/2/1 404/2/1
f 412/2/1 405/2/1 411/2/1
f 413/2/1 409/2/1 408/2/1
f 414/2/1 409/2/1 413/2/1
f 419/2/1 411/2/1 410/2/1
f 420/2/1 411/2/1 419/2/1
f 421/2/1 416/2/1 415/2/1
f 422/2/1 416/2/1 421/2/1
f 423/2/1 418/2/1 417/2/1
f 424/2/1 418/2/1 423/2/1
f 429/2/1 426/2/1 425/2/1
f 430/2/1 426/2/1 429/2/1
f 434/2/1 428/2/1 427/2/1
f 435/2/1 428/2/1 434/2/1
f 436/2/1 432/2/1 431/2/1
f 437/2/1 432/2/1 436/2/1
f 440/2/1 434/2/1 433/2/1
f 441/2/1 434/2/1 440/2/1
f 442/2/1 438/2/1 437/2/1
f 443/2/1 438/2/1 442/2/1
f 446/2/1 440/2/1 439/2/1
f 447/2/1 440/2/1 446/2/1
f 448/2/1 444/2/1 443/2/1
f 449/2/1 444/2/1 448/2/1
f 451/2/1 446/2/1 445/2/1
f 452/2/1 446/2/1 451/2/1
f 453/2/1 450/2/1 449/2/1
f 454/2/1 450/2/1 453/2/1
f 459/2/1 456/2/1 455/2/1
f 460/2/1 456/2/1 459/2/1
f 461/2/1 458/2/1 457/2/1
f 462/2/1 458/2/1 461/2/1
f 467/2/1 464/2/1 463/2/1
f 468/2/1 464/2/1 467/2/1
f 471/2/1 466/2/1 465/2/1
f 472/2/1 466/2/1 471/2/1
f 473/2/1 469/2/1 468/2/1
f 474/2/1 469/2/1 473/2/1
f 477/2/1 471/2/1 470/2/1
f 478/2/1 471/2/1 477/2/1
f 479/2/1 475/2/1 474/2/1
f 480/2/1 475/2/1 479/2/1
f 483/2/1 477/2/1 476/2/1
f 484/2/1 477/2/1 483/2/1
f 485/2/1 481/2/1 480/2/1
f 486/2/1 481/2/1 485/2/1
f 489/2/1 483/2/1 482/2/1
f 490/2/1 483/2/1 489/2/1
f 491/2/1 488/2/1 487/2/1
f 492/2/1 488/2/1 491/2/1
f 497/2/1 494/2/1 493/2/1
f 498/2/1 494/2/1 497/2/1
f 499/2/1 496/2/1 495/2/1
f 500/2/1 496/2/1 499/2/1
f 505/2/1 502/2/1 501/2/1
f 506/2/1 502/2/1 505/2/1
f 507/2/1 504/2/1 503/2/1
f 508/2/1 504/2/1 507/2/1
f 513/2/1 510/2/1 509/2/1
f 514/2/1 510/2/1 513/2/1
f 515/2/1 512/2/1 511/2/1
f 516/2/1 512/2/1 515/2/1
f 521/2/1 518/2/1 517/2/1
f 522/2/1 518/2/1 521/2/1
f 523/2/1 520/2/1 519/2/1
f 524/2/1 520/2/1 523/2/1
f 529/2/1 526/2/1 525/2/1
f 530/2/1 526/2/1 529/2/1
f 531/2/1 528/2/1 527/2/1
f 532/2/1 528/2/1 531/2/1
f 537/2/1 534/2/1 533/2/1
f 538/2/1 534/2/1 537/2/1
f 539/2/1 536/2/1 535/2/1
f 540/2/1 536/2/1 539/2/1
f 545/4/1 542/4/1 541/4/1
f 546/4/1 542/4/1 545/4/1
f 550/4/1 544/4/1 543/4/1
f 551/4/1 544/4/1 550/4/1
f 552/4/1 548/4/1 547/4/1
f 553/4/1 548/4/1 552/4/1
f 555/4/1 550/4/1 549/4/1
f 556/4/1 550/4/1 555/4/1
f 557/4/1 554/4/1 553/4/1
f 558/4/1 554/4/1 557/4/1
f 564/4/1 560/4/1 559/4/1
f 565/4/1 560/4/1 564/4/1
f 566/4/1 562/4/1 561/4/1
f 567/4/1 562/4/1 566/4/1
f 569/4/1 564/4/1 563/4/1
f 570/4/1 564/4/1 569/4/1
f 571/4/1 568/4/1 567/4/1
f 572/4/1 568/4/1 571/4/1
f 577/4/1 574/4/1 573/4/1
f 578/4/1 574/4/1 577/4/1
f 579/4/1 576/4/1 575/4/1
f 580/4/1 576/4/1 579/4/1
f 585/4/1 582/4/1 581/4/1
f 586/4/1 582/4/1 585/4/1
f 589/4/1 584/4/1 583/4/1
f 590/4/1 584/4/1 589/4/1
f 591/4/1 587/4/1 586/4/1
f 592/4/1 587/4/1 591/4/1
f 593/4/1 589/4/1 588/4/1
f 594/4/1 589/4/1 593/4/1
f 599/4/1 596/4/1 595/4/1
f 600/4/1 596/4/1 599/4/1
f 603/4/1 598/4/1 597/4/1
f 604/4/1 598/4/1 603/4/1
f 605/4/1 601/4/1 600/4/1
f 606/4/1 601/4/1 605/4/1
f 609/4/1 603/4/1 602/4/1
f 610/4/1 603/4/1 609/4/1
f 611/4/1 608/4/1 607/4/1
f 612/4/1 608/4/1 611/4/1
f 619/4/1 614/4/1 613/4/1
f 620/4/1 614/4/1 619/4/1
f 621/4/1 616/4/1 615/4/1
f 622/4/1 616/4/1 621/4/1
f 626/4/1 618/4/1 617/4/1
f 627/4/1 618/4/1 626/4/1
f 628/4/1 624/4/1 623/4/1
f 629/4/1 624/4/1 628/4/1
f 632/4/1 626/4/1 625/4/1
f 633/4/1 626/4/1 632/4/1
f 634/4/1 630/4/1 629/4/1
f 635/4/1 630/4/1 634/4/1
f 638/4/1 632/4/1 631/4/1
f 639/4/1 632/4/1 638/4/1
f 640/4/1 636/4/1 635/4/1
f 641/4/1 636/4/1 640/4/1
f 643/4/1 638/4/1 637/4/1
f 644/4/1 638/4/1 643/4/1
f 645/4/1 642/4/1 641/4/1
f 646/4/1 642/4/1 645/4/1
f 651/4/1 648/4/1 647/4/1
f 652/4/1 648/4/1 651/4/1
f 653/4/1 650/4/1 649/4/1
f 654/4/1 650/4/1 653/4/1
f 659/4/1 656/4/1 655/4/1
f 660/4/1 656/4/1 659/4/1
f 661/4/1 658/4/1 657/4/1
f 662/4/1 658/4/1 661/4/1
f 667/4/1 664/4/1 663/4/1
f 668/4/1 664/4/1 667/4/1
f 671/4/1 666/4/1 665/4/1
f 672/4/1 666/4/1 671/4/1
f 673/4/1 669/4/1 668/4/1
f 674/4/1 669/4/1 673/4/1
f 677/4/1 671/4/1 670/4/1
f 678/4/1 671/4/1 677/4/1
f 679/4/1 675/4/1 674/4/1
f 680/4/1 675/4/1 679/4/1
f 683/4/1 677/4/1 676/4/1
f 684/4/1 677/4/1 683/4/1
f 685/4/1 681/4/1 680/4/1
f 686/4/1 681/4/1 685/4/1
f 691/4/1 683/4/1 682/4/1
f 692/4/1 683/4/1 691/4/1
f 693/4/1 688/4/1 687/4/1
f 694/4/1 688/4/1 693/4/1
f 695/4/1 690/4/1 689/4/1
f 696/4/1 690/4/1 695/4/1
f 701/4/1 698/4/1 697/4/1
f 702/4/1 698/4/1 701/4/1
f 707/4/1 700/4/1 699/4/1
f 708/4/1 700/4/1 707/4/1
f 709/4/1 704/4/1 703/4/1
f 710/4/1 704/4/1 709/4/1
f 714/4/1 706/4/1 705/4/1
f 715/4/1 706/4/1 714/4/1
f 716/4/1 712/4/1 711/4/1
f 717/4/1 712/4/1 716/4/1
f 720/4/1 714/4/1 713/4/1
f 721/4/1 714/4/1 720/4/1
f 722/4/1 718/4/1 717/4/1
f 723/4/1 718/4/1 722/4/1
f 725/4/1 720/4/1 719/4/1
f 726/4/1 720/4/1 725/4/1
f 727/4/1 724/4/1 723/4/1
f 728/4/1 724/4/1 727/4/1
f 733/4/1 730/4/1 729/4/1
f 734/4/1 730/4/1 733/4/1
f 735/4/1 732/4/1 731/4/1
f 736/4/1 732/4/1 735/4/1
f 741/4/1 738/4/1 737/4/1
f 742/4/1 738/4/1 741/4/1
f 743/4/1 740/4/1 739/4/1
f 744/4/1 740/4/1 743/4/1
f 749/4/1 746/4/1 745/4/1
f 750/4/1 746/4/1 749/4/1
f 751/4/1 748/4/1 747/4/1
f 752/4/1 748/4/1 751/4/1
f 757/4/1 754/4/1 753/4/1
f 758/4/1 754/4/1 757/4/1
f 761/4/1 756/4/1 755/4/1
f 762/4/1 756/4/1 761/4/1
f 763/4/1 759/4/1 758/4/1
f 764/4/1 759/4/1 763/4/1
f 767/4/1 761/4/1 760/4/1
f 768/4/1 761/4/1 767/4/1
f 769/4/1 765/4/1 764/4/1
f 770/4/1 765/4/1 769/4/1
f 775/4/1 767/4/1 766/4/1
f 776/4/1 767/4/1 775/4/1
f 777/4/1 772/4/1 771/4/1
f 778/4/1 772/4/1 777/4/1
f 781/4/1 774/4/1 773/4/1
f 782/4/1 774/4/1 781/4/1
f 783/4/1 780/4/1 779/4/1
f 784/4/1 780/4/1 783/4/1
f 791/4/1 786/4/1 785/4/1
f 792/4/1 786/4/1 791/4/1
f 793/4/1 788/4/1 787/4/1
f 794/4/1 788/4/1 793/4/1
f 797/4/1 790/4/1 789/4/1
f 798/4/1 790/4/1 797/4/1
f 799/4/1 796/4/1 795/4/1
f 800/4/1 796/4/1 799/4/1
f 805/4/1 802/4/1 801/4/1
f 806/4/1 802/4/1 805/4/1
f 807/4/1 804/4/1 803/4/1
f 808/4/1 804/4/1 807/4/1
f 813/4/1 810/4/1 809/4/1
f 814/4/1 810/4/1 813/4/1
f 815/4/1 812/4/1 811/4/1
f 816/4/1 812/4/1 815/4/1
f 821/4/1 818/4/1 817/4/1
f 822/4/1 818/4/1 821/4/1
f 823/4/1 820/4/1 819/4/1
f 824/4/1 820/4/1 823/4/1
f 829/4/1 826/4/1 825/4/1
f 830/4/1 826/4/1 829/4/1
f 831/4/1 828/4/1 827/4/1
f 832/4/1 828/4/1 831/4/1
f 837/4/1 834/4/1 833/4/1
f 838/4/1 834/4/1 837/4/1
f 843/4/1 836/4/1 835/4/1
f 844/4/1 836/4/1 843/4/1
f 845/4/1 840/4/1 839/4/1
f 846/4/1 840/4/1 845/4/1
f 847/4/1 842/4/1 841/4/1
f 848/4/1 842/4/1 847/4/1
f 855/4/1 850/4/1 849/4/1
f 856/4/1 850/4/1 855/4/1
f 857/4/1 852/4/1 851/4/1
f 858/4/1 852/4/1 857/4/1
f 862/4/1 854/4/1 853/4/1
f 863/4/1 854/4/1 862/4/1
f 864/4/1 860/4/1 859/4/1
f 865/4/1 860/4/1 864/4/1
f 868/4/1 862/4/1 861/4/1
f 869/4/1 862/4/1 868/4/1
f 870/4/1 866/4/1 865/4/1
f 871/4/1 866/4/1 870/4/1
f 874/4/1 868/4/1 867/4/1
f 875/4/1 868/4/1 874/4/1
f 876/4/1 872/4/1 871/4/1
f 877/4/1 872/4/1 876/4/1
f 879/4/1 874/4/1 873/4/1
f 880/4/1 874/4/1 879/4/1
f 881/4/1 878/4/1 877/4/1
f 882/4/1 878/4/1 881/4/1
f 887/4/1 884/4/1 883/4/1
f 888/4/1 884/4/1 887/4/1
f 889/4/1 886/4/1 885/4/1
f 890/4/1 886/4/1 889/4/1
f 895/4/1 892/4/1 891/4/1
f 896/4/1 892/4/1 895/4/1
f 897/4/1 894/4/1 893/4/1
f 898/4/1 894/4/1 897/4/1
f 903/4/1 900/4/1 899/4/1
f 904/4/1 900/4/1 903/4/1
f 905/4/1 902/4/1 901/4/1
f 906/4/1 902/4/1 905/4/1
f 911/4/1 908/4/1 907/4/1
f 912/4/1 908/4/1 911/4/1
f 915/4/1 910/4/1 909/4/1
f 916/4/1 910/4/1 915/4/1
f 917/4/1 913/4/1 912/4/1
f 918/4/1 913/4/1 917/4/1
f 921/4/1 915/4/1 914/4/1
f 922/4/1 915/4/1 921/4/1
f 923/4/1 919/4/1 918/4/1
f 924/4/1 919/4/1 923/4/1
f 927/4/1 921/4/1 920/4/1
f 928/4/1 921/4/1 927/4/1
f 929/4/1 925/4/1 924/4/1
f 930/4/1 925/4/1 929/4/1
f 935/4/1 927/4/1 926/4/1
f 936/4/1 927/4/1 935/4/1
f 937/4/1 932/4/1 931/4/1
f 938/4/1 932/4/1 937/4/1
f 941/4/1 934/4/1 933/4/1
f 942/4/1 934/4/1 941/4/1
f 943/4/1 940/4/1 939/4/1
f 944/4/1 940/4/1 943/4/1
f 951/4/1 946/4/1 945/4/1
f 952/4/1 946/4/1 951/4/1
f 953/4/1 948/4/1 947/4/1
f 954/4/1 948/4/1 953/4/1
f 958/4/1 950/4/1 949/4/1
f 959/4/1 950/4/1 958/4/1
f 960/4/1 956/4/1 955/4/1
f 961/4/1 956/4/1 960/4/1
f 964/4/1 958/4/1 957/4/1
f 965/4/1 958/4/1 964/4/1
f 966/4/1 962/4/1 961/4/1
f 967/4/1 962/4/1 966/4/1
f 969/4/1 964/4/1 963/4/1
f 970/4/1 964/4/1 969/4/1
f 971/4/1 968/4/1 967/4/1
f 972/4/1 968/4/1 971/4/1
f 977/4/1 974/4/1 973/4/1
f 978/4/1 974/4/1 977/4/1
f 979/4/1 976/4/1 975/4/1
f 980/4/1 976/4/1 979/4/1
f 985/4/1 982/4/1 981/4/1
f 986/4/1 982/4/1 985/4/1
f 987/4/1 984/4/1 983/4/1
f 988/4/1 984/4/1 987/4/1
f 993/4/1 990/4/1 989/4/1
f 994/4/1 990/4/1 993/4/1
f 995/4/1 992/4/1 991/4/1
f 996/4/1 992/4/1 995/4/1
f 1001/4/1 998/4/1 997/4/1
f 1002/4/1 998/4/1 1001/4/1
f 1003/4/1 1000/4/1 999/4/1
f 1004/4/1 1000/4/1 1003/4/1
f 1009/4/1 1006/4/1 1005/4/1
f 1010/4/1 1006/4/1 1009/4/1
f 1013/4/1 1008/4/1 1007/4/1
f 1014/4/1 1008/4/1 1013/4/1
f 1015/4/1 1011/4/1 1010/4/1
f 1016/4/1 1011/4/1 1015/4/1
f 1019/4/1 1013/4/1 1012/4/1
f 1020/4/1 1013/4/1 1019/4/1
f 1021/4/1 1017/4/1 1016/4/1
f 1022/4/1 1017/4/1 1021/4/1
f 1027/4/1 1019/4/1 1018/4/1
f 1028/4/1 1019/4/1 1027/4/1
f 1029/4/1 1024/4/1 1023/4/1
f 1030/4/1 1024/4/1 1029/4/1
f 1035/4/1 1026/4/1 1025/4/1
f 1036/4/1 1026/4/1 1035/4/1
f 1037/4/1 1032/4/1 1031/4/1
f 1038/4/1 1032/4/1 1037/4/1
f 1039/4/1 1034/4/1 1033/4/1
f 1040/4/1 1034/4/1 1039/4/1
f 1047/4/1 1042/4/1 1041/4/1
f 1048/4/1 1042/4/1 1047/4/1
f 1049/4/1 1044/4/1 1043/4/1
f 1050/4/1 1044/4/1 1049/4/1
f 1054/4/1 1046/4/1 1045/4/1
f 1055/4/1 1046/4/1 1054/4/1
f 1056/4/1 1052/4/1 1051/4/1
f 1057/4/1 1052/4/1 1056/4/1
f 1059/4/1 1054/4/1 1053/4/1
f 1060/4/1 1054/4/1 1059/4/1
f 1061/4/1 1058/4/1 1057/4/1
f 1062/4/1 1058/4/1 1061/4/1
f 1068/4/1 1064/4/1 1063/4/1
f 1069/4/1 1064/4/1 1068/4/1
f 1070/4/1 1066/4/1 1065/4/1
f 1071/4/1 1066/4/1 1070/4/1
f 1073/4/1 1068/4/1 1067/4/1
f 1074/4/1 1068/4/1 1073/4/1
f 1075/4/1 1072/4/1 1071/4/1
f 1076/4/1 1072/4/1 1075/4/1
f 1081/4/1 1078/4/1 1077/4/1
f 1082/4/1 1078/4/1 1081/4/1
f 1083/4/1 1080/4/1 1079/4/1
f 1084/4/1 1080/4/1 1083/4/1
f 1089/4/1 1086/4/1 1085/4/1
f 1090/4/1 1086/4/1 1089/4/1
f 1093/4/1 1088/4/1 1087/4/1
f 1094/4/1 1088/4/1 1093/4/1
f 1095/4/1 1091/4/1 1090/4/1
f 1096/4/1 1091/4/1 1095/4/1
f 1097/4/1 1093/4/1 1092/4/1
f 1098/4/1 1093/4/1 1097/4/1
f 1103/4/1 1100/4/1 1099/4/1
f 1104/4/1 1100/4/1 1103/4/1
f 1107/4/1 1102/4/1 1101/4/1
f 1108/4/1 1102/4/1 1107/4/1
f 1109/4/1 1105/4/1 1104/4/1
f 1110/4/1 1105/4/1 1109/4/1
f 1115/4/1 1107/4/1 1106/4/1
f 1116/4/1 1107/4/1 1115/4/1
f 1117/4/1 1112/4/1 1111/4/1
f 1118/4/1 1112/4/1 1117/4/1
f 1121/4/1 1114/4/1 1113/4/1
f 1122/4/1 1114/4/1 1121/4/1
f 1123/4/1 1119/4/1 1118/4/1
f 1124/4/1 1119/4/1 1123/4/1
f 1125/4/1 1121/4/1 1120/4/1
f 1126/4/1 1121/4/1 1125/4/1
f 1131/4/1 1128/4/1 1127/4/1
f 1132/4/1 1128/4/1 1131/4/1
f 1133/4/1 1130/4/1 1129/4/1
f 1134/4/1 1130/4/1 1133/4/1
f 1140/4/1 1136/4/1 1135/4/1
f 1141/4/1 1136/4/1 1140/4/1
f 1142/4/1 1138/4/1 1137/4/1
f 1143/4/1 1138/4/1 1142/4/1
f 1145/4/1 1140/4/1 1139/4/1
f 1146/4/1 1140/4/1 1145/4/1
f 1147/4/1 1144/4/1 1143/4/1
f 1148/4/1 1144/4/1 1147/4/1
f 1153/4/1 1150/4/1 1149/4/1
f 1154/4/1 1150/4/1 1153/4/1
f 1155/4/1 1152/4/1 1151/4/1
f 1156/4/1 1152/4/1 1155/4/1
f 1161/4/1 1158/4/1 1157/4/1
f 1162/4/1 1158/4/1 1161/4/1
f 1163/4/1 1160/4/1 1159/4/1
f 1164/4/1 1160/4/1 1163/4/1
f 1169/4/1 1166/4/1 1165/4/1
f 1170/4/1 1166/4/1 1169/4/1
f 1173/4/1 1168/4/1 1167/4/1
f 1174/4/1 1168/4/1 1173/4/1
f 1175/4/1 1171/4/1 1170/4/1
f 1176/4/1 1171/4/1 1175/4/1
f 1177/4/1 1173/4/1 1172/4/1
f 1178/4/1 1173/4/1 1177/4/1
f 1183/4/1 1180/4/1 1179/4/1
f 1184/4/1 1180/4/1 1183/4/1
f 1187/4/1 1182/4/1 1181/4/1
f 1188/4/1 1182/4/1 1187/4/1
f 1189/4/1 1185/4/1 1184/4/1
f 1190/4/1 1185/4/1 1189/4/1
f 1191/4/1 1187/4/1 1186/4/1
f 1192/4/1 1187/4/1 1191/4/1
f 1198/4/1 1194/4/1 1193/4/1
f 1199/4/1 1194/4/1 1198/4/1
f 1200/4/1 1196/4/1 1195/4/1
f 1201/4/1 1196/4/1 1200/4/1
f 1204/4/1 1198/4/1 1197/4/1
f 1205/4/1 1198/4/1 1204/4/1
f 1206/4/1 1202/4/1 1201/4/1
f 1207/4/1 1202/4/1 1206/4/1
f 1210/4/1 1204/4/1 1203/4/1
f 1211/4/1 1204/4/1 1210/4/1
f 1212/4/1 1208/4/1 1207/4/1
f 1213/4/1 1208/4/1 1212/4/1
f 1215/4/1 1210/4/1 1209/4/1
f 1216/4/1 1210/4/1 1215/4/1
f 1217/4/1 1214/4/1 1213/4/1
f 1218/4/1 1214/4/1 1217/4/1
f 1223/4/1 1220/4/1 1219/4/1
f 1224/4/1 1220/4/1 1223/4/1
f 1225/4/1 1222/4/1 1221/4/1
f 1226/4/1 1222/4/1 1225/4/1
f 1231/4/1 1228/4/1 1227/4/1
f 1232/4/1 1228/4/1 1231/4/1
f 1233/4/1 1230/4/1 1229/4/1
f 1234/4/1 1230/4/1 1233/4/1
f 1239/4/1 1236/4/1 1235/4/1
f 1240/4/1 1236/4/1 1239/4/1
f 1241/4/1 1238/4/1 1237/4/1
f 1242/4/1 1238/4/1 1241/4/1
f 1247/4/1 1244/4/1 1243/4/1
f 1248/4/1 1244/4/1 1247/4/1
f 1251/4/1 1246/4/1 1245/4/1
f 1252/4/1 1246/4/1 1251/4/1
f 1253/4/1 1249/4/1 1248/4/1
f 1254/4/1 1249/4/1 1253/4/1
f 1257/4/1 1251/4/1 1250/4/1
f 1258/4/1 1251/4/1 1257/4/1
f 1259/4/1 1255/4/1 1254/4/1
f 1260/4/1 1255/4/1 1259/4/1
f 1263/4/1 1257/4/1 1256/4/1
f 1264/4/1 1257/4/1 1263/4/1
f 1265/4/1 1261/4/1 1260/4/1
f 1266/4/1 1261/4/1 1265/4/1
f 1269/4/1 1263/4/1 1262/4/1
f 1270/4/1 1263/4/1 1269/4/1
f 1271/4/1 1267/4/1 1266/4/1
f 1272/4/1 1267/4/1 1271/4/1
f 1275/4/1 1269/4/1 1268/4/1
f 1276/4/1 1269/4/1 1275/4/1
f 1277/1/1 1274/1/1 1273/1/1
f 1278/1/1 1274/1/1 1277/1/1
f 1284/4/1 1280/4/1 1279/4/1
f 1285/4/1 1280/4/1 1284/4/1
f 1286/4/1 1282/4/1 1281/4/1
f 1287/4/1 1282/4/1 1286/4/1
f 1289/4/1 1284/4/1 1283/4/1
f 1290/4/1 1284/4/1 1289/4/1
f 1291/4/1 1288/4/1 1287/4/1
f 1292/4/1 1288/4/1 1291/4/1
f 1297/4/1 1294/4/1 1293/4/1
f 1298/4/1 1294/4/1 1297/4/1
f 1299/4/1 1296/4/1 1295/4/1
f 1300/4/1 1296/4/1 1299/4/1
f 1305/4/1 1302/4/1 1301/4/1
f 1306/4/1 1302/4/1 1305/4/1
f 1307/4/1 1304/4/1 1303/4/1
f 1308/4/1 1304/4/1 1307/4/1
f 1313/4/1 1310/4/1 1309/4/1
f 1314/4/1 1310/4/1 1313/4/1
f 1315/4/1 1312/4/1 1311/4/1
f 1316/4/1 1312/4/1 1315/4/1
f 1321/4/1 1318/4/1 1317/4/1
f 1322/4/1 1318/4/1 1321/4/1
f 1323/4/1 1320/4/1 1319/4/1
f 1324/4/1 1320/4/1 1323/4/1
f 1329/4/1 1326/4/1 1325/4/1
f 1330/4/1 1326/4/1 1329/4/1
f 1333/4/1 1328/4/1 1327/4/1
f 1334/4/1 1328/4/1 1333/4/1
f 1335/4/1 1331/4/1 1330/4/1
f 1336/4/1 1331/4/1 1335/4/1
f 1337/4/1 1333/4/1 1332/4/1
f 1338/4/1 1333/4/1 1337/4/1
f 1343/1/1 1340/1/1 1339/1/1
f 1344/1/1 1340/1/1 1343/1/1
f 1345/1/1 1342/1/1 1341/1/1
f 1346/1/1 1342/1/1 1345/1/1
f 1352/4/1 1348/4/1 1347/4/1
f 1353/4/1 1348/4/1 1352/4/1
f 1354/4/1 1350/4/1 1349/4/1
f 1355/4/1 1350/4/1 1354/4/1
f 1357/4/1 1352/4/1 1351/4/1
f 1358/4/1 1352/4/1 1357/4/1
f 1359/4/1 1356/4/1 1355/4/1
f 1360/4/1 1356/4/1 1359/4/1
f 1365/4/1 1362/4/1 1361/4/1
f 1366/4/1 1362/4/1 1365/4/1
f 1367/4/1 1364/4/1 1363/4/1
f 1368/4/1 1364/4/1 1367/4/1
f 1373/4/1 1370/4/1 1369/4/1
f 1374/4/1 1370/4/1 1373/4/1
f 1375/4/1 1372/4/1 1371/4/1
f 1376/4/1 1372/4/1 1375/4/1
f 1381/4/1 1378/4/1 1377/4/1
f 1382/4/1 1378/4/1 1381/4/1
f 1383/4/1 1380/4/1 1379/4/1
f 1384/4/1 1380/4/1 1383/4/1
f 1389/4/1 1386/4/1 1385/4/1
f 1390/4/1 1386/4/1 1389/4/1
f 1393/4/1 1388/4/1 1387/4/1
f 1394/4/1 1388/4/1 1393/4/1
f 1395/4/1 1391/4/1 1390/4/1
f 1396/4/1 1391/4/1 1395/4/1
f 1397/4/1 1393/4/1 1392/4/1
f 1398/4/1 1393/4/1 1397/4/1
f 1403/4/1 1400/4/1 1399/4/1
f 1404/4/1 1400/4/1 1403/4/1
f 1409/4/1 1402/4/1 1401/4/1
f 1410/4/1 1402/4/1 1409/4/1
f 1411/1/1 1406/1/1 1405/1/1
f 1412/1/1 1406/1/1 1411/1/1
f 1415/1/1 1408/1/1 1407/1/1
f 1416/1/1 1408/1/1 1415/1/1
f 1417/1/1 1414/1/1 1413/1/1
f 1418/1/1 1414/1/1 1417/1/1
f 1424/4/1 1420/4/1 1419/4/1
f 1425/4/1 1420/4/1 1424/4/1
f 1426/4/1 1422/4/1 1421/4/1
f 1427/4/1 1422/4/1 1426/4/1
f 1430/4/1 1424/4/1 1423/4/1
f 1431/4/1 1424/4/1 1430/4/1
f 1432/4/1 1428/4/1 1427/4/1
f 1433/4/1 1428/4/1 1432/4/1
f 1435/4/1 1430/4/1 1429/4/1
f 1436/4/1 1430/4/1 1435/4/1
f 1437/4/1 1434/4/1 1433/4/1
f 1438/4/1 1434/4/1 1437/4/1
f 1443/4/1 1440/4/1 1439/4/1
f 1444/4/1 1440/4/1 1443/4/1
f 1445/4/1 1442/4/1 1441/4/1
f 1446/4/1 1442/4/1 1445/4/1
f 1451/4/1 1448/4/1 1447/4/1
f 1452/4/1 1448/4/1 1451/4/1
f 1453/4/1 1450/4/1 1449/4/1
f 1454/4/1 1450/4/1 1453/4/1
f 1459/4/1 1456/4/1 1455/4/1
f 1460/4/1 1456/4/1 1459/4/1
f 1461/4/1 1458/4/1 1457/4/1
f 1462/4/1 1458/4/1 1461/4/1
f 1467/4/1 1464/4/1 1463/4/1
f 1468/4/1 1464/4/1 1467/4/1
f 1469/4/1 1466/4/1 1465/4/1
f 1470/4/1 1466/4/1 1469/4/1
f 1475/4/1 1472/4/1 1471/4/1
f 1476/4/1 1472/4/1 1475/4/1
f 1479/4/1 1474/4/1 1473/4/1
f 1480/4/1 1474/4/1 1479/4/1
f 1481/4/1 1477/4/1 1476/4/1
f 1482/4/1 1477/4/1 1481/4/1
f 1485/4/1 1479/4/1 1478/4/1
f 1486/4/1 1479/4/1 1485/4/1
f 1487/4/1 1483/4/1 1482/4/1
f 1488/4/1 1483/4/1 1487/4/1
f 1491/4/1 1485/4/1 1484/4/1
f 1492/4/1 1485/4/1 1491/4/1
f 1493/4/1 1489/4/1 1488/4/1
f 1494/4/1 1489/4/1 1493/4/1
f 1499/4/1 1491/4/1 1490/4/1
f 1500/4/1 1491/4/1 1499/4/1
f 1501/1/1 1496/1/1 1495/1/1
f 1502/1/1 1496/1/1 1501/1/1
f 1507/1/1 1498/1/1 1497/1/1
f 1508/1/1 1498/1/1 1507/1/1
f 1509/1/1 1504/1/1 1503/1/1
f 1510/1/1 1504/1/1 1509/1/1
f 1511/1/1 1506/1/1 1505/1/1
f 1512/1/1 1506/1/1 1511/1/1
f 1518/4/1 1514/4/1 1513/4/1
f 1519/4/1 1514/4/1 1518/4/1
f 1520/4/1 1516/4/1 1515/4/1
f 1521/4/1 1516/4/1 1520/4/1
f 1523/4/1 1518/4/1 1517/4/1
f 1524/4/1 1518/4/1 1523/4/1
f 1525/4/1 1522/4/1 1521/4/1
f 1526/4/1 1522/4/1 1525/4/1
f 1531/4/1 1528/4/1 1527/4/1
f 1532/4/1 1528/4/1 1531/4/1
f 1533/4/1 1530/4/1 1529/4/1
f 1534/4/1 1530/4/1 1533/4/1
f 1539/4/1 1536/4/1 1535/4/1
f 1540/4/1 1536/4/1 1539/4/1
f 1541/4/1 1538/4/1 1537/4/1
f 1542/4/1 1538/4/1 1541/4/1
f 1547/4/1 1544/4/1 1543/4/1
f 1548/4/1 1544/4/1 1547/4/1
f 1549/4/1 1546/4/1 1545/4/1
f 1550/4/1 1546/4/1 1549/4/1
f 1555/4/1 1552/4/1 1551/4/1
f 1556/4/1 1552/4/1 1555/4/1
f 1557/4/1 1554/4/1 1553/4/1
f 1558/4/1 1554/4/1 1557/4/1
f 1563/4/1 1560/4/1 1559/4/1
f 1564/4/1 1560/4/1 1563/4/1
f 1565/4/1 1562/4/1 1561/4/1
f 1566/4/1 1562/4/1 1565/4/1
f 1571/4/1 1568/4/1 1567/4/1
f 1572/4/1 1568/4/1 1571/4/1
f 1575/4/1 1570/4/1 1569/4/1
f 1576/4/1 1570/4/1 1575/4/1
f 1577/4/1 1573/4/1 1572/4/1
f 1578/4/1 1573/4/1 1577/4/1
f 1581/4/1 1575/4/1 1574/4/1
f 1582/4/1 1575/4/1 1581/4/1
f 1583/4/1 1579/4/1 1578/4/1
f 1584/4/1 1579/4/1 1583/4/1
f 1589/4/1 1581/4/1 1580/4/1
f 1590/4/1 1581/4/1 1589/4/1
f 1591/1/1 1586/1/1 1585/1/1
f 1592/1/1 1586/1/1 1591/1/1
f 1597/1/1 1588/1/1 1587/1/1
f 1598/1/1 1588/1/1 1597/1/1
f 1599/1/1 1594/1/1 1593/1/1
f 1600/1/1 1594/1/1 1599/1/1
f 1603/1/1 1596/1/1 1595/1/1
f 1604/1/1 1596/1/1 1603/1/1
f 1605/1/1 1602/1/1 1601/1/1
f 1606/1/1 1602/1/1 1605/1/1
f 1611/4/1 1608/4/1 1607/4/1
f 1612/4/1 1608/4/1 1611/4/1
f 1613/4/1 1610/4/1 1609/4/1
f 1614/4/1 1610/4/1 1613/4/1
f 1619/4/1 1616/4/1 1615/4/1
f 1620/4/1 1616/4/1 1619/4/1
f 1621/4/1 1618/4/1 1617/4/1
f 1622/4/1 1618/4/1 1621/4/1
f 1627/4/1 1624/4/1 1623/4/1
f 1628/4/1 1624/4/1 1627/4/1
f 1629/4/1 1626/4/1 1625/4/1
f 1630/4/1 1626/4/1 1629/4/1
f 1635/4/1 1632/4/1 1631/4/1
f 1636/4/1 1632/4/1 1635/4/1
f 1637/4/1 1634/4/1 1633/4/1
f 1638/4/1 1634/4/1 1637/4/1
f 1643/4/1 1640/4/1 1639/4/1
f 1644/4/1 1640/4/1 1643/4/1
f 1645/4/1 1642/4/1 1641/4/1
f 1646/4/1 1642/4/1 1645/4/1
f 1651/4/1 1648/4/1 1647/4/1
f 1652/4/1 1648/4/1 1651/4/1
f 1653/4/1 1650/4/1 1649/4/1
f 1654/4/1 1650/4/1 1653/4/1
f 1659/1/1 1656/1/1 1655/1/1
f 1660/1/1 1656/1/1 1659/1/1
f 1665/1/1 1658/1/1 1657/1/1
f 1666/1/1 1658/1/1 1665/1/1
f 1667/1/1 1662/1/1 1661/1/1
f 1668/1/1 1662/1/1 1667/1/1
f 1673/1/1 1664/1/1 1663/1/1
f 1674/1/1 1664/1/1 1673/1/1
f 1675/1/1 1670/1/1 1669/1/1
f 1676/1/1 1670/1/1 1675/1/1
f 1677/1/1 1672/1/1 1671/1/1
f 1678/1/1 1672/1/1 1677/1/1
f 1684/4/1 1680/4/1 1679/4/1
f 1685/4/1 1680/4/1 1684/4/1
f 1686/4/1 1682/4/1 1681/4/1
f 1687/4/1 1682/4/1 1686/4/1
f 1689/4/1 1684/4/1 1683/4/1
f 1690/4/1 1684/4/1 1689/4/1
f 1691/4/1 1688/4/1 1687/4/1
f 1692/4/1 1688/4/1 1691/4/1
f 1697/4/1 1694/4/1 1693/4/1
f 1698/4/1 1694/4/1 1697/4/1
f 1699/4/1 1696/4/1 1695/4/1
f 1700/4/1 1696/4/1 1699/4/1
f 1705/4/1 1702/4/1 1701/4/1
f 1706/4/1 1702/4/1 1705/4/1
f 1707/4/1 1704/4/1 1703/4/1
f 1708/4/1 1704/4/1 1707/4/1
f 1713/4/1 1710/4/1 1709/4/1
f 1714/4/1 1710/4/1 1713/4/1
f 1715/4/1 1712/4/1 1711/4/1
f 1716/4/1 1712/4/1 1715/4/1
f 1721/4/1 1718/4/1 1717/4/1
f 1722/4/1 1718/4/1 1721/4/1
f 1723/4/1 1720/4/1 1719/4/1
f 1724/4/1 1720/4/1 1723/4/1
f 1729/4/1 1726/4/1 1725/4/1
f 1730/4/1 1726/4/1 1729/4/1
f 1731/4/1 1728/4/1 1727/4/1
f 1732/4/1 1728/4/1 1731/4/1
f 1737/4/1 1734/4/1 1733/4/1
f 1738/4/1 1734/4/1 1737/4/1
f 1741/4/1 1736/4/1 1735/4/1
f 1742/4/1 1736/4/1 1741/4/1
f 1743/4/1 1739/4/1 1738/4/1
f 1744/4/1 1739/4/1 1743/4/1
f 1747/4/1 1741/4/1 1740/4/1
f 1748/4/1 1741/4/1 1747/4/1
f 1749/4/1 1745/4/1 1744/4/1
f 1750/4/1 1745/4/1 1749/4/1
f 1755/4/1 1747/4/1 1746/4/1
f 1756/4/1 1747/4/1 1755/4/1
f 1757/1/1 1752/1/1 1751/1/1
f 1758/1/1 1752/1/1 1757/1/1
f 1763/1/1 1754/1/1 1753/1/1
f 1764/1/1 1754/1/1 1763/1/1
f 1765/1/1 1760/1/1 1759/1/1
f 1766/1/1 1760/1/1 1765/1/1
f 1771/1/1 1762/1/1 1761/1/1
f 1772/1/1 1762/1/1 1771/1/1
f 1773/1/1 1768/1/1 1767/1/1
f 1774/1/1 1768/1/1 1773/1/1
f 1777/1/1 1770/1/1 1769/1/1
f 1778/1/1 1770/1/1 1777/1/1
f 1779/1/1 1776/1/1 1775/1/1
f 1780/1/1 1776/1/1 1779/1/1
f 1785/4/1 1782/4/1 1781/4/1
f 1786/4/1 1782/4/1 1785/4/1
f 1787/4/1 1784/4/1 1783/4/1
f 1788/4/1 1784/4/1 1787/4/1
f 1794/4/1 1790/4/1 1789/4/1
f 1795/4/1 1790/4/1 1794/4/1
f 1796/4/1 1792/4/1 1791/4/1
f 1797/4/1 1792/4/1 1796/4/1
f 1799/4/1 1794/4/1 1793/4/1
f 1800/4/1 1794/4/1 1799/4/1
f 1801/4/1 1798/4/1 1797/4/1
f 1802/4/1 1798/4/1 1801/4/1
f 1807/4/1 1804/4/1 1803/4/1
f 1808/4/1 1804/4/1 1807/4/1
f 1809/4/1 1806/4/1 1805/4/1
f 1810/4/1 1806/4/1 1809/4/1
f 1815/4/1 1812/4/1 1811/4/1
f 1816/4/1 1812/4/1 1815/4/1
f 1817/4/1 1814/4/1 1813/4/1
f 1818/4/1 1814/4/1 1817/4/1
f 1823/4/1 1820/4/1 1819/4/1
f 1824/4/1 1820/4/1 1823/4/1
f 1827/4/1 1822/4/1 1821/4/1
f 1828/4/1 1822/4/1 1827/4/1
f 1829/4/1 1825/4/1 1824/4/1
f 1830/4/1 1825/4/1 1829/4/1
f 1831/4/1 1827/4/1 1826/4/1
f 1832/4/1 1827/4/1 1831/4/1
f 1837/4/1 1834/4/1 1833/4/1
f 1838/4/1 1834/4/1 1837/4/1
f 1841/4/1 1836/4/1 1835/4/1
f 1842/4/1 1836/4/1 1841/4/1
f 1843/4/1 1839/4/1 1838/4/1
f 1844/4/1 1839/4/1 1843/4/1
f 1849/4/1 1841/4/1 1840/4/1
f 1850/4/1 1841/4/1 1849/4/1
f 1851/1/1 1846/1/1 1845/1/1
f 1852/1/1 1846/1/1 1851/1/1
f 1857/1/1 1848/1/1 1847/1/1
f 1858/1/1 1848/1/1 1857/1/1
f 1859/1/1 1854/1/1 1853/1/1
f 1860/1/1 1854/1/1 1859/1/1
f 1863/1/1 1856/1/1 1855/1/1
f 1864/1/1 1856/1/1 1863/1/1
f 1865/1/1 1861/1/1 1860/1/1
f 1866/1/1 1861/1/1 1865/1/1
f 1871/1/1 1863/1/1 1862/1/1
f 1872/1/1 1863/1/1 1871/1/1
f 1873/1/1 1868/1/1 1867/1/1
f 1874/1/1 1868/1/1 1873/1/1
f 1875/1/1 1870/1/1 1869/1/1
f 1876/1/1 1870/1/1 1875/1/1
f 1882/4/1 1878/4/1 1877/4/1
f 1883/4/1 1878/4/1 1882/4/1
f 1884/4/1 1880/4/1 1879/4/1
f 1885/4/1 1880/4/1 1884/4/1
f 1887/4/1 1882/4/1 1881/4/1
f 1888/4/1 1882/4/1 1887/4/1
f 1889/4/1 1886/4/1 1885/4/1
f 1890/4/1 1886/4/1 1889/4/1
f 1895/4/1 1892/4/1 1891/4/1
f 1896/4/1 1892/4/1 1895/4/1
f 1897/4/1 1894/4/1 1893/4/1
f 1898/4/1 1894/4/1 1897/4/1
f 1903/4/1 1900/4/1 1899/4/1
f 1904/4/1 1900/4/1 1903/4/1
f 1905/4/1 1902/4/1 1901/4/1
f 1906/4/1 1902/4/1 1905/4/1
f 1911/4/1 1908/4/1 1907/4/1
f 1912/4/1 1908/4/1 1911/4/1
f 1913/4/1 1910/4/1 1909/4/1
f 1914/4/1 1910/4/1 1913/4/1
f 1919/4/1 1916/4/1 1915/4/1
f 1920/4/1 1916/4/1 1919/4/1
f 1923/4/1 1918/4/1 1917/4/1
f 1924/4/1 1918/4/1 1923/4/1
f 1925/4/1 1921/4/1 1920/4/1
f 1926/4/1 1921/4/1 1925/4/1
f 1927/4/1 1923/4/1 1922/4/1
f 1928/4/1 1923/4/1 1927/4/1
f 1933/4/1 1930/4/1 1929/4/1
f 1934/4/1 1930/4/1 1933/4/1
f 1939/4/1 1932/4/1 1931/4/1
f 1940/4/1 1932/4/1 1939/4/1
f 1941/4/1 1936/4/1 1935/4/1
f 1942/4/1 1936/4/1 1941/4/1
f 1947/4/1 1938/4/1 1937/4/1
f 1948/4/1 1938/4/1 1947/4/1
f 1949/1/1 1944/1/1 1943/1/1
f 1950/1/1 1944/1/1 1949/1/1
f 1953/1/1 1946/1/1 1945/1/1
f 1954/1/1 1946/1/1 1953/1/1
f 1955/1/1 1951/1/1 1950/1/1
f 1956/1/1 1951/1/1 1955/1/1
f 1961/1/1 1953/1/1 1952/1/1
f 1962/1/1 1953/1/1 1961/1/1
f 1963/1/1 1958/1/1 1957/1/1
f 1964/1/1 1958/1/1 1963/1/1
f 1967/1/1 1960/1/1 1959/1/1
f 1968/1/1 1960/1/1 1967/1/1
f 1969/1/1 1966/1/1 1965/1/1
f 1970/1/1 1966/1/1 1969/1/1
f 1976/4/1 1972/4/1 1971/4/1
f 1977/4/1 1972/4/1 1976/4/1
f 1978/4/1 1974/4/1 1973/4/1
f 1979/4/1 1974/4/1 1978/4/1
f 1981/4/1 1976/4/1 1975/4/1
f 1982/4/1 1976/4/1 1981/4/1
f 1983/4/1 1980/4/1 1979/4/1
f 1984/4/1 1980/4/1 1983/4/1
f 1989/4/1 1986/4/1 1985/4/1
f 1990/4/1 1986/4/1 1989/4/1
f 1991/4/1 1988/4/1 1987/4/1
f 1992/4/1 1988/4/1 1991/4/1
f 1997/4/1 1994/4/1 1993/4/1
f 1998/4/1 1994/4/1 1997/4/1
f 1999/4/1 1996/4/1 1995/4/1
f 2000/4/1 1996/4/1 1999/4/1
f 2005/4/1 2002/4/1 2001/4/1
f 2006/4/1 2002/4/1 2005/4/1
f 2007/4/1 2004/4/1 2003/4/1
f 2008/4/1 2004/4/1 2007/4/1
f 2013/4/1 2010/4/1 2009/4/1
f 2014/4/1 2010/4/1 2013/4/1
f 2015/4/1 2012/4/1 2011/4/1
f 2016/4/1 2012/4/1 2015/4/1
f 2021/4/1 2018/4/1 2017/4/1
f 2022/4/1 2018/4/1 2021/4/1
f 2025/4/1 2020/4/1 2019/4/1
f 2026/4/1 2020/4/1 2025/4/1
f 2027/4/1 2023/4/1 2022/4/1
f 2028/4/1 2023/4/1 2027/4/1
f 2029/4/1 2025/4/1 2024/4/1
f 2030/4/1 2025/4/1 2029/4/1
f 2033/4/1 2032/4/1 2031/4/1
f 2034/4/1 2032/4/1 2033/4/1
f 2039/1/1 2036/1/1 2035/1/1
f 2040/1/1 2036/1/1 2039/1/1
f 2043/1/1 2038/1/1 2037/1/1
f 2044/1/1 2038/1/1 2043/1/1
f 2045/1/1 2041/1/1 2040/1/1
f 2046/1/1 2041/1/1 2045/1/1
f 2051/1/1 2043/1/1 2042/1/1
f 2052/1/1 2043/1/1 2051/1/1
f 2053/1/1 2048/1/1 2047/1/1
f 2054/1/1 2048/1/1 2053/1/1
f 2059/1/1 2050/1/1 2049/1/1
f 2060/1/1 2050/1/1 2059/1/1
f 2061/1/1 2056/1/1 2055/1/1
f 2062/1/1 2056/1/1 2061/1/1
f 2063/1/1 2058/1/1 2057/1/1
f 2064/1/1 2058/1/1 2063/1/1
f 2069/4/1 2066/4/1 2065/4/1
f 2070/4/1 2066/4/1 2069/4/1
f 2071/4/1 2068/4/1 2067/4/1
f 2072/4/1 2068/4/1 2071/4/1
f 2077/4/1 2074/4/1 2073/4/1
f 2078/4/1 2074/4/1 2077/4/1
f 2079/4/1 2076/4/1 2075/4/1
f 2080/4/1 2076/4/1 2079/4/1
f 2085/4/1 2082/4/1 2081/4/1
f 2086/4/1 2082/4/1 2085/4/1
f 2087/4/1 2084/4/1 2083/4/1
f 2088/4/1 2084/4/1 2087/4/1
f 2093/4/1 2090/4/1 2089/4/1
f 2094/4/1 2090/4/1 2093/4/1
f 2095/4/1 2092/4/1 2091/4/1
f 2096/4/1 2092/4/1 2095/4/1
f 2101/4/1 2098/4/1 2097/4/1
f 2102/4/1 2098/4/1 2101/4/1
f 2103/4/1 2100/4/1 2099/4/1
f 2104/4/1 2100/4/1 2103/4/1
f 2109/4/1 2106/4/1 2105/4/1
f 2110/4/1 2106/4/1 2109/4/1
f 2111/4/1 2108/4/1 2107/4/1
f 2112/4/1 2108/4/1 2111/4/1
f 2117/4/1 2114/4/1 2113/4/1
f 2118/4/1 2114/4/1 2117/4/1
f 2121/4/1 2116/4/1 2115/4/1
f 2122/4/1 2116/4/1 2121/4/1
f 2123/4/1 2119/4/1 2118/4/1
f 2124/4/1 2119/4/1 2123/4/1
f 2128/4/1 2121/4/1 2120/4/1
f 2129/4/1 2121/4/1 2128/4/1
f 2130/4/1 2125/4/1 2124/4/1
f 2131/4/1 2125/4/1 2130/4/1
f 2135/4/1 2127/4/1 2126/4/1
f 2136/4/1 2127/4/1 2135/4/1
f 2137/4/1 2133/4/1 2132/4/1
f 2138/4/1 2133/4/1 2137/4/1
f 2141/4/1 2135/4/1 2134/4/1
f 2142/4/1 2135/4/1 2141/4/1
f 2143/1/1 2139/1/1 2138/1/1
f 2144/1/1 2139/1/1 2143/1/1
f 2149/1/1 2141/1/1 2140/1/1
f 2150/1/1 2141/1/1 2149/1/1
f 2151/1/1 2146/1/1 2145/1/1
f 2152/1/1 2146/1/1 2151/1/1
f 2157/1/1 2148/1/1 2147/1/1
f 2158/1/1 2148/1/1 2157/1/1
f 2159/1/1 2154/1/1 2153/1/1
f 2160/1/1 2154/1/1 2159/1/1
f 2161/1/1 2156/1/1 2155/1/1
f 2162/1/1 2156/1/1 2161/1/1
f 2167/4/1 2164/4/1 2163/4/1
f 2168/4/1 2164/4/1 2167/4/1
f 2169/4/1 2166/4/1 2165/4/1
f 2170/4/1 2166/4/1 2169/4/1
f 2175/4/1 2172/4/1 2171/4/1
f 2176/4/1 2172/4/1 2175/4/1
f 2177/4/1 2174/4/1 2173/4/1
f 2178/4/1 2174/4/1 2177/4/1
f 2183/4/1 2180/4/1 2179/4/1
f 2184/4/1 2180/4/1 2183/4/1
f 2185/4/1 2182/4/1 2181/4/1
f 2186/4/1 2182/4/1 2185/4/1
f 2191/4/1 2188/4/1 2187/4/1
f 2192/4/1 2188/4/1 2191/4/1
f 2193/4/1 2190/4/1 2189/4/1
f 2194/4/1 2190/4/1 2193/4/1
f 2199/4/1 2196/4/1 2195/4/1
f 2200/4/1 2196/4/1 2199/4/1
f 2201/4/1 2198/4/1 2197/4/1
f 2202/4/1 2198/4/1 2201/4/1
f 2207/4/1 2204/4/1 2203/4/1
f 2208/4/1 2204/4/1 2207/4/1
f 2209/4/1 2206/4/1 2205/4/1
f 2210/4/1 2206/4/1 2209/4/1
f 2216/4/1 2212/4/1 2211/4/1
f 2217/4/1 2212/4/1 2216/4/1
f 2218/4/1 2214/4/1 2213/4/1
f 2219/4/1 2214/4/1 2218/4/1
f 2220/4/1 2216/4/1 2215/4/1
f 2221/4/1 2216/4/1 2220/4/1
f 2226/4/1 2223/4/1 2222/4/1
f 2227/4/1 2223/4/1 2226/4/1
f 2232/4/1 2225/4/1 2224/4/1
f 2233/4/1 2225/4/1 2232/4/1
f 2234/4/1 2229/4/1 2228/4/1
f 2235/4/1 2229/4/1 2234/4/1
f 2236/4/1 2231/4/1 2230/4/1
f 2237/4/1 2231/4/1 2236/4/1
f 2242/4/1 2239/4/1 2238/4/1
f 2243/4/1 2239/4/1 2242/4/1
f 2244/4/1 2241/4/1 2240/4/1
f 2245/4/1 2241/4/1 2244/4/1
f 2250/4/1 2247/4/1 2246/4/1
f 2251/4/1 2247/4/1 2250/4/1
f 2252/4/1 2249/4/1 2248/4/1
f 2253/4/1 2249/4/1 2252/4/1
f 2258/4/1 2255/4/1 2254/4/1
f 2259/4/1 2255/4/1 2258/4/1
f 2260/4/1 2257/4/1 2256/4/1
f 2261/4/1 2257/4/1 2260/4/1
f 2266/4/1 2263/4/1 2262/4/1
f 2267/4/1 2263/4/1 2266/4/1
f 2268/4/1 2265/4/1 2264/4/1
f 2269/4/1 2265/4/1 2268/4/1
f 2274/4/1 2271/4/1 2270/4/1
f 2275/4/1 2271/4/1 2274/4/1
f 2276/4/1 2273/4/1 2272/4/1
f 2277/4/1 2273/4/1 2276/4/1
f 2282/4/1 2279/4/1 2278/4/1
f 2283/4/1 2279/4/1 2282/4/1
f 2284/4/1 2281/4/1 2280/4/1
f 2285/4/1 2281/4/1 2284/4/1
f 2290/4/1 2287/4/1 2286/4/1
f 2291/4/1 2287/4/1 2290/4/1
f 2294/4/1 2289/4/1 2288/4/1
f 2295/4/1 2289/4/1 2294/4/1
f 2296/4/1 2292/4/1 2291/4/1
f 2297/4/1 2292/4/1 2296/4/1
f 2298/4/1 2294/4/1 2293/4/1
f 2299/4/1 2294/4/1 2298/4/1
f 2304/4/1 2301/4/1 2300/4/1
f 2305/4/1 2301/4/1 2304/4/1
f 2308/4/1 2303/4/1 2302/4/1
f 2309/4/1 2303/4/1 2308/4/1
f 2310/4/1 2306/4/1 2305/4/1
f 2311/4/1 2306/4/1 2310/4/1
f 2316/4/1 2308/4/1 2307/4/1
f 2317/4/1 2308/4/1 2316/4/1
f 2318/4/1 2313/4/1 2312/4/1
f 2319/4/1 2313/4/1 2318/4/1
f 2320/4/1 2315/4/1 2314/4/1
f 2321/4/1 2315/4/1 2320/4/1
f 2324/3/1 2323/3/1 2322/3/1
f 2325/3/1 2323/3/1 2324/3/1
f 2326/3/1 2324/3/1 2322/3/1
f 2327/3/1 2324/3/1 2326/3/1
f 2328/3/1 2323/3/1 2325/3/1
f 2329/3/1 2323/3/1 2328/3/1
f 2330/3/1 2326/3/1 2322/3/1
f 2331/3/1 2326/3/1 2330/3/1
f 2332/3/1 2323/3/1 2329/3/1
f 2333/3/1 2323/3/1 2332/3/1
f 2334/3/1 2330/3/1 2322/3/1
f 2335/3/1 2330/3/1 2334/3/1
f 2336/3/1 2323/3/1 2333/3/1
f 2337/3/1 2323/3/1 2336/3/1
f 2342/3/1 2339/3/1 2338/3/1
f 2345/3/1 2341/3/1 2340/3/1
f 2346/3/1 2343/3/1 2342/3/1
f 2349/3/1 2345/3/1 2344/3/1
f 2350/3/1 2347/3/1 2346/3/1
f 2353/3/1 2349/3/1 2348/3/1
f 2354/3/1 2351/3/1 2350/3/1
f 2357/3/1 2353/3/1 2352/3/1
f 2358/3/1 2355/3/1 2354/3/1
f 2361/3/1 2357/3/1 2356/3/1
f 2362/3/1 2359/3/1 2358/3/1
f 2365/3/1 2361/3/1 2360/3/1
f 2366/3/1 2363/3/1 2362/3/1
f 2369/3/1 2365/3/1 2364/3/1
f 2370/3/1 2367/3/1 2366/3/1
f 2373/3/1 2369/3/1 2368/3/1
f 2374/3/1 2371/3/1 2370/3/1
f 2375/3/1 2373/3/1 2372/3/1
f 2376/3/1 2374/3/1 2370/3/1
f 2376/3/1 2375/3/1 2374/3/1
f 2376/3/1 2342/3/1 2338/3/1
f 2376/3/1 2346/3/1 2342/3/1
f 2376/3/1 2350/3/1 2346/3/1
f 2376/3/1 2354/3/1 2350/3/1
f 2376/3/1 2370/3/1 2366/3/1
f 2376/3/1 2358/3/1 2354/3/1
f 2376/3/1 2362/3/1 2358/3/1
f 2376/3/1 2366/3/1 2362/3/1
f 2377/3/1 2373/3/1 2375/3/1
f 2377/3/1 2375/3/1 2376/3/1
f 2377/3/1 2341/3/1 2345/3/1
f 2377/3/1 2369/3/1 2373/3/1
f 2377/3/1 2361/3/1 2365/3/1
f 2377/3/1 2357/3/1 2361/3/1
f 2377/3/1 2345/3/1 2349/3/1
f 2377/3/1 2349/3/1 2353/3/1
f 2377/3/1 2353/3/1 2357/3/1
f 2377/3/1 2365/3/1 2369/3/1
f 2378/5/2 2379/5/2 2381/5/2
f 2381/5/2 2379/5/2 2382/5/2
f 2380/5/2 2381/5/2 2384/5/2
f 2382/5/2 2383/5/2 2384/5/2
f 2381/5/2 2382/5/2 2384/5/2
f 2384/5/2 2383/5/2 2385/5/2
f 2385/5/2 2383/5/2 2386/5/2
f 2386/5/2 2383/5/2 2387/5/2
f 2385/5/2 2386/5/2 2388/5/2
f 2388/5/2 2386/5/2 2389/5/2
f 2390/5/2 2391/5/2 2393/5/2
f 2393/5/2 2391/5/2 2394/5/2
f 2392/5/2 2393/5/2 2397/5/2
f 2397/5/2 2393/5/2 2398/5/2
f 2394/5/2 2395/5/2 2399/5/2
f 2399/5/2 2395/5/2 2400/5/2
f 2396/5/2 2397/5/2 2402/5/2
f 2402/5/2 2397/5/2 2403/5/2
f 2400/5/2 2401/5/2 2406/5/2
f 2406/5/2 2401/5/2 2407/5/2
f 2403/5/2 2404/5/2 2408/5/2
f 2408/5/2 2404/5/2 2409/5/2
f 2405/5/2 2406/5/2 2410/5/2
f 2410/5/2 2406/5/2 2411/5/2
f 2409/5/2 2410/5/2 2412/5/2
f 2412/5/2 2410/5/2 2413/5/2
f 2414/5/2 2415/5/2 2417/5/2
f 2417/5/2 2415/5/2 2418/5/2
f 2416/5/2 2417/5/2 2421/5/2
f 2421/5/2 2417/5/2 2422/5/2
f 2418/5/2 2419/5/2 2423/5/2
f 2423/5/2 2419/5/2 2424/5/2
f 2420/5/2 2421/5/2 2427/5/2
f 2427/5/2 2421/5/2 2428/5/2
f 2424/5/2 2425/5/2 2429/5/2
f 2429/5/2 2425/5/2 2430/5/2
f 2426/5/2 2427/5/2 2432/5/2
f 2432/5/2 2427/5/2 2433/5/2
f 2430/5/2 2431/5/2 2436/5/2
f 2436/5/2 2431/5/2 2437/5/2
f 2433/5/2 2434/5/2 2438/5/2
f 2438/5/2 2434/5/2 2439/5/2
f 2435/5/2 2436/5/2 2442/5/2
f 2442/5/2 2436/5/2 2443/5/2
f 2439/5/2 2440/5/2 2444/5/2
f 2444/5/2 2440/5/2 2445/5/2
f 2441/5/2 2442/5/2 2446/5/2
f 2446/5/2 2442/5/2 2447/5/2
f 2445/5/2 2446/5/2 2448/5/2
f 2448/5/2 2446/5/2 2449/5/2
f 2450/3/2 2451/3/2 2452/3/2
f 2452/3/2 2451/3/2 2453/3/2
f 2450/3/2 2452/3/2 2454/3/2
f 2452/5/2 2453/5/2 2455/5/2
f 2454/3/2 2452/3/2 2455/3/2
f 2453/3/2 2451/3/2 2456/3/2
f 2455/5/2 2453/5/2 2456/5/2
f 2456/3/2 2451/3/2 2457/3/2
f 2450/3/2 2454/3/2 2458/3/2
f 2454/5/2 2455/5/2 2459/5/2
f 2458/3/2 2454/3/2 2459/3/2
f 2459/5/2 2455/5/2 2460/5/2
f 2456/5/2 2457/5/2 2461/5/2
f 2457/3/2 2451/3/2 2462/3/2
f 2461/5/2 2457/5/2 2462/5/2
f 2462/3/2 2451/3/2 2463/3/2
f 2450/3/2 2458/3/2 2464/3/2
f 2458/5/2 2459/5/2 2465/5/2
f 2464/3/2 2458/3/2 2465/3/2
f 2465/5/2 2459/5/2 2466/5/2
f 2462/5/2 2463/5/2 2467/5/2
f 2463/3/2 2451/3/2 2468/3/2
f 2467/5/2 2463/5/2 2468/5/2
f 2468/3/2 2451/3/2 2469/3/2
f 2450/3/2 2464/3/2 2470/3/2
f 2464/5/2 2465/5/2 2471/5/2
f 2470/3/2 2464/3/2 2471/3/2
f 2471/5/2 2465/5/2 2472/5/2
f 2468/5/2 2469/5/2 2473/5/2
f 2469/3/2 2451/3/2 2474/3/2
f 2473/5/2 2469/5/2 2474/5/2
f 2474/3/2 2451/3/2 2475/3/2
f 2450/3/2 2470/3/2 2476/3/2
f 2470/5/2 2471/5/2 2476/5/2
f 2476/5/2 2471/5/2 2477/5/2
f 2474/5/2 2475/5/2 2480/5/2
f 2475/3/2 2451/3/2 2481/3/2
f 2480/5/2 2475/5/2 2481/5/2
f 2477/5/2 2478/5/2 2482/5/2
f 2476/3/2 2477/3/2 2482/3/2
f 2482/5/2 2478/5/2 2483/5/2
f 2479/5/2 2480/5/2 2486/5/2
f 2480/3/2 2481/3/2 2487/3/2
f 2486/5/2 2480/5/2 2487/5/2
f 2483/5/2 2484/5/2 2488/5/2
f 2482/3/2 2483/3/2 2488/3/2
f 2488/5/2 2484/5/2 2489/5/2
f 2485/5/2 2486/5/2 2492/5/2
f 2486/3/2 2487/3/2 2493/3/2
f 2492/5/2 2486/5/2 2493/5/2
f 2489/5/2 2490/5/2 2494/5/2
f 2488/3/2 2489/3/2 2494/3/2
f 2494/5/2 2490/5/2 2495/5/2
f 2491/5/2 2492/5/2 2496/5/2
f 2492/3/2 2493/3/2 2497/3/2
f 2496/5/2 2492/5/2 2497/5/2
f 2494/3/2 2495/3/2 2498/3/2
f 2495/5/2 2496/5/2 2498/5/2
f 2496/3/2 2497/3/2 2499/3/2
f 2498/5/2 2496/5/2 2499/5/2
f 2450/3/2 2476/3/2 2500/3/2
f 2476/3/2 2482/3/2 2500/3/2
f 2498/3/2 2499/3/2 2500/3/2
f 2482/3/2 2488/3/2 2500/3/2
f 2488/3/2 2494/3/2 2500/3/2
f 2494/3/2 2498/3/2 2500/3/2
f 2487/3/2 2481/3/2 2501/3/2
f 2500/3/2 2499/3/2 2501/3/2
f 2481/3/2 2451/3/2 2501/3/2
f 2499/3/2 2497/3/2 2501/3/2
f 2493/3/2 2487/3/2 2501/3/2
f 2497/3/2 2493/3/2 2501/3/2
f 2505/4/3 2503/4/3 2502/4/3
f 2506/4/3 2503/4/3 2505/4/3
f 2508/3/3 2505/3/3 2504/3/3
f 2508/3/3 2507/3/3 2506/3/3
f 2508/3/3 2506/3/3 2505/3/3
f 2509/3/3 2507/3/3 2508/3/3
f 2513/4/3 2511/4/3 2510/4/3
f 2514/4/3 2511/4/3 2513/4/3
f 2517/4/3 2513/4/3 2512/4/3
f 2517/4/3 2515/4/3 2514/4/3
f 2517/4/3 2514/4/3 2513/4/3
f 2518/4/3 2515/4/3 2517/4/3
f 2519/4/3 2515/4/3 2518/4/3
f 2520/4/3 2515/4/3 2519/4/3
f 2522/4/3 2517/4/3 2516/4/3
f 2522/4/3 2518/4/3 2517/4/3
f 2523/4/3 2518/4/3 2522/4/3
f 2524/4/3 2521/4/3 2520/4/3
f 2524/4/3 2520/4/3 2519/4/3
f 2525/4/3 2521/4/3 2524/4/3
f 2529/4/3 2527/4/3 2526/4/3
f 2530/4/3 2527/4/3 2529/4/3
f 2533/4/3 2529/4/3 2528/4/3
f 2533/4/3 2531/4/3 2530/4/3
f 2533/4/3 2530/4/3 2529/4/3
f 2534/4/3 2531/4/3 2533/4/3
f 2535/4/3 2531/4/3 2534/4/3
f 2536/4/3 2531/4/3 2535/4/3
f 2539/4/3 2533/4/3 2532/4/3
f 2539/4/3 2534/4/3 2533/4/3
f 2540/4/3 2534/4/3 2539/4/3
f 2541/4/3 2534/4/3 2540/4/3
f 2542/4/3 2536/4/3 2535/4/3
f 2542/4/3 2537/4/3 2536/4/3
f 2543/4/3 2537/4/3 2542/4/3
f 2544/4/3 2537/4/3 2543/4/3
f 2547/4/3 2540/4/3 2539/4/3
f 2547/4/3 2539/4/3 2538/4/3
f 2548/4/3 2540/4/3 2547/4/3
f 2549/4/3 2540/4/3 2548/4/3
f 2550/4/3 2545/4/3 2544/4/3
f 2550/4/3 2544/4/3 2543/4/3
f 2551/4/3 2545/4/3 2550/4/3
f 2552/4/3 2545/4/3 2551/4/3
f 2554/4/3 2548/4/3 2547/4/3
f 2554/4/3 2547/4/3 2546/4/3
f 2555/4/3 2548/4/3 2554/4/3
f 2556/4/3 2553/4/3 2552/4/3
f 2556/4/3 2552/4/3 2551/4/3
f 2557/4/3 2553/4/3 2556/4/3
f 2561/4/3 2559/4/3 2558/4/3
f 2562/4/3 2559/4/3 2561/4/3
f 2565/4/3 2561/4/3 2560/4/3
f 2565/4/3 2563/4/3 2562/4/3
f 2565/4/3 2562/4/3 2561/4/3
f 2566/4/3 2563/4/3 2565/4/3
f 2567/4/3 2563/4/3 2566/4/3
f 2568/4/3 2563/4/3 2567/4/3
f 2571/4/3 2565/4/3 2564/4/3
f 2571/4/3 2566/4/3 2565/4/3
f 2572/4/3 2566/4/3 2571/4/3
f 2573/4/3 2566/4/3 2572/4/3
f 2574/4/3 2568/4/3 2567/4/3
f 2574/4/3 2569/4/3 2568/4/3
f 2575/4/3 2569/4/3 2574/4/3
f 2576/4/3 2569/4/3 2575/4/3
f 2579/4/3 2572/4/3 2571/4/3
f 2579/4/3 2571/4/3 2570/4/3
f 2580/4/3 2572/4/3 2579/4/3
f 2581/4/3 2572/4/3 2580/4/3
f 2582/4/3 2577/4/3 2576/4/3
f 2582/4/3 2576/4/3 2575/4/3
f 2583/4/3 2577/4/3 2582/4/3
f 2584/4/3 2577/4/3 2583/4/3
f 2587/4/3 2580/4/3 2579/4/3
f 2587/4/3 2579/4/3 2578/4/3
f 2588/4/3 2580/4/3 2587/4/3
f 2589/4/3 2580/4/3 2588/4/3
f 2590/4/3 2585/4/3 2584/4/3
f 2590/4/3 2584/4/3 2583/4/3
f 2591/4/3 2585/4/3 2590/4/3
f 2592/4/3 2585/4/3 2591/4/3
f 2595/4/3 2588/4/3 2587/4/3
f 2595/4/3 2587/4/3 2586/4/3
f 2596/4/3 2588/4/3 2595/4/3
f 2597/4/3 2588/4/3 2596/4/3
f 2598/4/3 2593/4/3 2592/4/3
f 2598/4/3 2592/4/3 2591/4/3
f 2599/4/3 2593/4/3 2598/4/3
f 2600/4/3 2593/4/3 2599/4/3
f 2602/4/3 2596/4/3 2595/4/3
f 2602/4/3 2595/4/3 2594/4/3
f 2603/4/3 2596/4/3 2602/4/3
f 2604/4/3 2601/4/3 2600/4/3
f 2604/4/3 2600/4/3 2599/4/3
f 2605/4/3 2601/4/3 2604/4/3
f 2609/4/3 2607/4/3 2606/4/3
f 2610/4/3 2607/4/3 2609/4/3
f 2613/4/3 2609/4/3 2608/4/3
f 2613/4/3 2611/4/3 2610/4/3
f 2613/4/3 2610/4/3 2609/4/3
f 2614/4/3 2611/4/3 2613/4/3
f 2615/4/3 2611/4/3 2614/4/3
f 2616/4/3 2611/4/3 2615/4/3
f 2619/4/3 2613/4/3 2612/4/3
f 2619/4/3 2614/4/3 2613/4/3
f 2620/4/3 2614/4/3 2619/4/3
f 2621/4/3 2614/4/3 2620/4/3
f 2622/4/3 2616/4/3 2615/4/3
f 2622/4/3 2617/4/3 2616/4/3
f 2623/4/3 2617/4/3 2622/4/3
f 2624/4/3 2617/4/3 2623/4/3
f 2627/4/3 2620/4/3 2619/4/3
f 2627/4/3 2619/4/3 2618/4/3
f 2628/4/3 2620/4/3 2627/4/3
f 2629/4/3 2620/4/3 2628/4/3
f 2630/4/3 2625/4/3 2624/4/3
f 2630/4/3 2624/4/3 2623/4/3
f 2631/4/3 2625/4/3 2630/4/3
f 2632/4/3 2625/4/3 2631/4/3
f 2635/4/3 2628/4/3 2627/4/3
f 2635/4/3 2627/4/3 2626/4/3
f 2636/4/3 2628/4/3 2635/4/3
f 2637/4/3 2628/4/3 2636/4/3
f 2638/4/3 2633/4/3 2632/4/3
f 2638/4/3 2632/4/3 2631/4/3
f 2639/4/3 2633/4/3 2638/4/3
f 2640/4/3 2633/4/3 2639/4/3
f 2643/4/3 2636/4/3 2635/4/3
f 2643/4/3 2635/4/3 2634/4/3
f 2644/4/3 2636/4/3 2643/4/3
f 2645/4/3 2636/4/3 2644/4/3
f 2646/4/3 2641/4/3 2640/4/3
f 2646/4/3 2640/4/3 2639/4/3
f 2647/4/3 2641/4/3 2646/4/3
f 2648/4/3 2641/4/3 2647/4/3
f 2650/4/3 2644/4/3 2643/4/3
f 2650/4/3 2643/4/3 2642/4/3
f 2651/4/3 2644/4/3 2650/4/3
f 2652/4/3 2649/4/3 2648/4/3
f 2652/4/3 2648/4/3 2647/4/3
f 2653/4/3 2649/4/3 2652/4/3
f 2654/4/3 2650/4/3 2642/4/3
f 2655/4/3 2650/4/3 2654/4/3
f 2656/4/3 2649/4/3 2653/4/3
f 2657/4/3 2649/4/3 2656/4/3
f 2659/4/3 2658/4/3 2657/4/3
f 2660/4/3 2658/4/3 2659/4/3
f 2664/4/3 2662/4/3 2661/4/3
f 2665/4/3 2662/4/3 2664/4/3
f 2668/4/3 2664/4/3 2663/4/3
f 2668/4/3 2666/4/3 2665/4/3
f 2668/4/3 2665/4/3 2664/4/3
f 2669/4/3 2666/4/3 2668/4/3
f 2670/4/3 2666/4/3 2669/4/3
f 2671/4/3 2666/4/3 2670/4/3
f 2674/4/3 2668/4/3 2667/4/3
f 2674/4/3 2669/4/3 2668/4/3
f 2675/4/3 2669/4/3 2674/4/3
f 2676/4/3 2669/4/3 2675/4/3
f 2677/4/3 2671/4/3 2670/4/3
f 2677/4/3 2672/4/3 2671/4/3
f 2678/4/3 2672/4/3 2677/4/3
f 2679/4/3 2672/4/3 2678/4/3
f 2682/4/3 2675/4/3 2674/4/3
f 2682/4/3 2674/4/3 2673/4/3
f 2683/4/3 2675/4/3 2682/4/3
f 2684/4/3 2675/4/3 2683/4/3
f 2685/4/3 2680/4/3 2679/4/3
f 2685/4/3 2679/4/3 2678/4/3
f 2686/4/3 2680/4/3 2685/4/3
f 2687/4/3 2680/4/3 2686/4/3
f 2690/4/3 2683/4/3 2682/4/3
f 2690/4/3 2682/4/3 2681/4/3
f 2691/4/3 2683/4/3 2690/4/3
f 2692/4/3 2688/4/3 2687/4/3
f 2692/4/3 2687/4/3 2686/4/3
f 2693/4/3 2688/4/3 2692/4/3
f 2696/4/3 2690/4/3 2689/4/3
f 2697/4/3 2690/4/3 2696/4/3
f 2698/4/3 2694/4/3 2693/4/3
f 2699/4/3 2694/4/3 2698/4/3
f 2702/4/3 2696/4/3 2695/4/3
f 2703/4/3 2696/4/3 2702/4/3
f 2704/4/3 2700/4/3 2699/4/3
f 2705/4/3 2700/4/3 2704/4/3
f 2707/4/3 2702/4/3 2701/4/3
f 2708/4/3 2702/4/3 2707/4/3
f 2709/4/3 2706/4/3 2705/4/3
f 2710/4/3 2706/4/3 2709/4/3
f 2712/4/3 2711/4/3 2710/4/3
f 2713/4/3 2711/4/3 2712/4/3
f 2717/4/3 2715/4/3 2714/4/3
f 2718/4/3 2715/4/3 2717/4/3
f 2721/4/3 2717/4/3 2716/4/3
f 2721/4/3 2719/4/3 2718/4/3
f 2721/4/3 2718/4/3 2717/4/3
f 2722/4/3 2719/4/3 2721/4/3
f 2723/4/3 2719/4/3 2722/4/3
f 2724/4/3 2719/4/3 2723/4/3
f 2727/4/3 2721/4/3 2720/4/3
f 2727/4/3 2722/4/3 2721/4/3
f 2728/4/3 2722/4/3 2727/4/3
f 2729/4/3 2722/4/3 2728/4/3
f 2730/4/3 2724/4/3 2723/4/3
f 2730/4/3 2725/4/3 2724/4/3
f 2731/4/3 2725/4/3 2730/4/3
f 2732/4/3 2725/4/3 2731/4/3
f 2735/4/3 2728/4/3 2727/4/3
f 2735/4/3 2727/4/3 2726/4/3
f 2736/4/3 2728/4/3 2735/4/3
f 2737/4/3 2728/4/3 2736/4/3
f 2738/4/3 2733/4/3 2732/4/3
f 2738/4/3 2732/4/3 2731/4/3
f 2739/4/3 2733/4/3 2738/4/3
f 2740/4/3 2733/4/3 2739/4/3
f 2743/4/3 2736/4/3 2735/4/3
f 2743/4/3 2735/4/3 2734/4/3
f 2744/4/3 2736/4/3 2743/4/3
f 2745/4/3 2736/4/3 2744/4/3
f 2746/4/3 2741/4/3 2740/4/3
f 2746/4/3 2740/4/3 2739/4/3
f 2747/4/3 2741/4/3 2746/4/3
f 2748/4/3 2741/4/3 2747/4/3
f 2751/4/3 2744/4/3 2743/4/3
f 2751/4/3 2743/4/3 2742/4/3
f 2752/4/3 2744/4/3 2751/4/3
f 2753/4/3 2744/4/3 2752/4/3
f 2754/4/3 2749/4/3 2748/4/3
f 2754/4/3 2748/4/3 2747/4/3
f 2755/4/3 2749/4/3 2754/4/3
f 2756/4/3 2749/4/3 2755/4/3
f 2759/4/3 2752/4/3 2751/4/3
f 2759/4/3 2751/4/3 2750/4/3
f 2760/4/3 2752/4/3 2759/4/3
f 2761/4/3 2752/4/3 2760/4/3
f 2762/4/3 2757/4/3 2756/4/3
f 2762/4/3 2756/4/3 2755/4/3
f 2763/4/3 2757/4/3 2762/4/3
f 2764/4/3 2757/4/3 2763/4/3
f 2766/4/3 2760/4/3 2759/4/3
f 2766/4/3 2759/4/3 2758/4/3
f 2767/4/3 2760/4/3 2766/4/3
f 2768/4/3 2765/4/3 2764/4/3
f 2768/4/3 2764/4/3 2763/4/3
f 2769/4/3 2765/4/3 2768/4/3
f 2770/4/3 2765/4/3 2769/4/3
f 2772/4/3 2766/4/3 2758/4/3
f 2773/4/3 2766/4/3 2772/4/3
f 2774/4/3 2771/4/3 2770/4/3
f 2774/4/3 2770/4/3 2769/4/3
f 2775/4/3 2771/4/3 2774/4/3
f 2776/4/3 2771/4/3 2775/4/3
f 2777/4/3 2771/4/3 2776/4/3
f 2779/4/3 2778/4/3 2777/4/3
f 2780/4/3 2778/4/3 2779/4/3
f 2784/4/3 2782/4/3 2781/4/3
f 2785/4/3 2782/4/3 2784/4/3
f 2788/4/3 2784/4/3 2783/4/3
f 2788/4/3 2786/4/3 2785/4/3
f 2788/4/3 2785/4/3 2784/4/3
f 2789/4/3 2786/4/3 2788/4/3
f 2790/4/3 2786/4/3 2789/4/3
f 2791/4/3 2786/4/3 2790/4/3
f 2794/4/3 2788/4/3 2787/4/3
f 2794/4/3 2789/4/3 2788/4/3
f 2795/4/3 2789/4/3 2794/4/3
f 2796/4/3 2789/4/3 2795/4/3
f 2797/4/3 2791/4/3 2790/4/3
f 2797/4/3 2792/4/3 2791/4/3
f 2798/4/3 2792/4/3 2797/4/3
f 2799/4/3 2792/4/3 2798/4/3
f 2802/4/3 2795/4/3 2794/4/3
f 2802/4/3 2794/4/3 2793/4/3
f 2803/4/3 2795/4/3 2802/4/3
f 2804/4/3 2795/4/3 2803/4/3
f 2805/4/3 2800/4/3 2799/4/3
f 2805/4/3 2799/4/3 2798/4/3
f 2806/4/3 2800/4/3 2805/4/3
f 2807/4/3 2800/4/3 2806/4/3
f 2810/4/3 2803/4/3 2802/4/3
f 2810/4/3 2802/4/3 2801/4/3
f 2811/4/3 2803/4/3 2810/4/3
f 2812/4/3 2803/4/3 2811/4/3
f 2813/4/3 2808/4/3 2807/4/3
f 2813/4/3 2807/4/3 2806/4/3
f 2814/4/3 2808/4/3 2813/4/3
f 2815/4/3 2808/4/3 2814/4/3
f 2818/4/3 2811/4/3 2810/4/3
f 2818/4/3 2810/4/3 2809/4/3
f 2819/4/3 2811/4/3 2818/4/3
f 2820/4/3 2811/4/3 2819/4/3
f 2821/4/3 2816/4/3 2815/4/3
f 2821/4/3 2815/4/3 2814/4/3
f 2822/4/3 2816/4/3 2821/4/3
f 2823/4/3 2816/4/3 2822/4/3
f 2825/4/3 2819/4/3 2818/4/3
f 2825/4/3 2818/4/3 2817/4/3
f 2826/4/3 2819/4/3 2825/4/3
f 2827/4/3 2824/4/3 2823/4/3
f 2827/4/3 2823/4/3 2822/4/3
f 2828/4/3 2824/4/3 2827/4/3
f 2830/4/3 2825/4/3 2817/4/3
f 2831/4/3 2825/4/3 2830/4/3
f 2832/4/3 2824/4/3 2828/4/3
f 2833/4/3 2824/4/3 2832/4/3
f 2835/4/3 2830/4/3 2829/4/3
f 2836/4/3 2830/4/3 2835/4/3
f 2837/4/3 2834/4/3 2833/4/3
f 2838/4/3 2834/4/3 2837/4/3
f 2840/4/3 2839/4/3 2838/4/3
f 2841/4/3 2839/4/3 2840/4/3
f 2844/4/3 2843/4/3 2842/4/3
f 2845/4/3 2843/4/3 2844/4/3
f 2848/4/3 2847/4/3 2846/4/3
f 2849/4/3 2847/4/3 2848/4/3
f 2853/4/3 2851/4/3 2850/4/3
f 2854/4/3 2851/4/3 2853/4/3
f 2857/4/3 2853/4/3 2852/4/3
f 2857/4/3 2855/4/3 2854/4/3
f 2857/4/3 2854/4/3 2853/4/3
f 2858/4/3 2855/4/3 2857/4/3
f 2859/4/3 2855/4/3 2858/4/3
f 2860/4/3 2855/4/3 2859/4/3
f 2863/4/3 2857/4/3 2856/4/3
f 2863/4/3 2858/4/3 2857/4/3
f 2864/4/3 2858/4/3 2863/4/3
f 2865/4/3 2858/4/3 2864/4/3
f 2866/4/3 2860/4/3 2859/4/3
f 2866/4/3 2861/4/3 2860/4/3
f 2867/4/3 2861/4/3 2866/4/3
f 2868/4/3 2861/4/3 2867/4/3
f 2871/4/3 2864/4/3 2863/4/3
f 2871/4/3 2863/4/3 2862/4/3
f 2872/4/3 2864/4/3 2871/4/3
f 2873/4/3 2864/4/3 2872/4/3
f 2874/4/3 2869/4/3 2868/4/3
f 2874/4/3 2868/4/3 2867/4/3
f 2875/4/3 2869/4/3 2874/4/3
f 2876/4/3 2869/4/3 2875/4/3
f 2878/4/3 2872/4/3 2871/4/3
f 2878/4/3 2871/4/3 2870/4/3
f 2879/4/3 2872/4/3 2878/4/3
f 2880/4/3 2877/4/3 2876/4/3
f 2880/4/3 2876/4/3 2875/4/3
f 2881/4/3 2877/4/3 2880/4/3
f 2883/4/3 2878/4/3 2870/4/3
f 2884/4/3 2878/4/3 2883/4/3
f 2885/4/3 2877/4/3 2881/4/3
f 2886/4/3 2877/4/3 2885/4/3
f 2889/4/3 2883/4/3 2882/4/3
f 2890/4/3 2883/4/3 2889/4/3
f 2891/4/3 2887/4/3 2886/4/3
f 2892/4/3 2887/4/3 2891/4/3
f 2895/4/3 2889/4/3 2888/4/3
f 2896/4/3 2889/4/3 2895/4/3
f 2897/4/3 2893/4/3 2892/4/3
f 2898/4/3 2893/4/3 2897/4/3
f 2900/4/3 2895/4/3 2894/4/3
f 2901/4/3 2895/4/3 2900/4/3
f 2902/4/3 2899/4/3 2898/4/3
f 2903/4/3 2899/4/3 2902/4/3
f 2905/4/3 2904/4/3 2903/4/3
f 2906/4/3 2904/4/3 2905/4/3
f 2909/4/3 2908/4/3 2907/4/3
f 2910/4/3 2908/4/3 2909/4/3
f 2913/4/3 2912/4/3 2911/4/3
f 2914/4/3 2912/4/3 2913/4/3
f 2917/4/3 2916/4/3 2915/4/3
f 2918/4/3 2916/4/3 2917/4/3
f 2922/4/3 2920/4/3 2919/4/3
f 2923/4/3 2920/4/3 2922/4/3
f 2926/4/3 2922/4/3 2921/4/3
f 2926/4/3 2924/4/3 2923/4/3
f 2926/4/3 2923/4/3 2922/4/3
f 2927/4/3 2924/4/3 2926/4/3
f 2928/4/3 2924/4/3 2927/4/3
f 2929/4/3 2924/4/3 2928/4/3
f 2932/4/3 2926/4/3 2925/4/3
f 2932/4/3 2927/4/3 2926/4/3
f 2933/4/3 2927/4/3 2932/4/3
f 2934/4/3 2927/4/3 2933/4/3
f 2935/4/3 2929/4/3 2928/4/3
f 2935/4/3 2930/4/3 2929/4/3
f 2936/4/3 2930/4/3 2935/4/3
f 2937/4/3 2930/4/3 2936/4/3
f 2940/4/3 2933/4/3 2932/4/3
f 2940/4/3 2932/4/3 2931/4/3
f 2941/4/3 2933/4/3 2940/4/3
f 2942/4/3 2938/4/3 2937/4/3
f 2942/4/3 2937/4/3 2936/4/3
f 2943/4/3 2938/4/3 2942/4/3
f 2946/4/3 2940/4/3 2939/4/3
f 2947/4/3 2940/4/3 2946/4/3
f 2948/4/3 2944/4/3 2943/4/3
f 2949/4/3 2944/4/3 2948/4/3
f 2952/4/3 2946/4/3 2945/4/3
f 2953/4/3 2946/4/3 2952/4/3
f 2954/4/3 2950/4/3 2949/4/3
f 2955/4/3 2950/4/3 2954/4/3
f 2958/4/3 2952/4/3 2951/4/3
f 2959/4/3 2956/4/3 2955/4/3
f 2961/4/3 2958/4/3 2957/4/3
f 2961/4/3 2952/4/3 2958/4/3
f 2962/4/3 2952/4/3 2961/4/3
f 2963/4/3 2960/4/3 2959/4/3
f 2963/4/3 2959/4/3 2955/4/3
f 2964/4/3 2960/4/3 2963/4/3
f 2966/4/3 2961/4/3 2957/4/3
f 2967/4/3 2961/4/3 2966/4/3
f 2968/4/3 2960/4/3 2964/4/3
f 2969/4/3 2960/4/3 2968/4/3
f 2971/4/3 2966/4/3 2965/4/3
f 2972/4/3 2966/4/3 2971/4/3
f 2973/4/3 2970/4/3 2969/4/3
f 2974/4/3 2970/4/3 2973/4/3
f 2976/4/3 2975/4/3 2974/4/3
f 2977/4/3 2975/4/3 2976/4/3
f 2980/1/3 2979/1/3 2978/1/3
f 2981/1/3 2979/1/3 2980/1/3
f 2984/1/3 2983/1/3 2982/1/3
f 2985/1/3 2983/1/3 2984/1/3
f 2987/1/3 2986/1/3 2985/1/3
f 2988/1/3 2986/1/3 2987/1/3
f 2989/4/3 2988/4/3 2987/4/3
f 2990/4/3 2988/4/3 2989/4/3
f 2992/4/3 2991/4/3 2990/4/3
f 2993/4/3 2991/4/3 2992/4/3
f 2997/4/3 2995/4/3 2994/4/3
f 2998/4/3 2995/4/3 2997/4/3
f 3001/4/3 2997/4/3 2996/4/3
f 3001/4/3 2999/4/3 2998/4/3
f 3001/4/3 2998/4/3 2997/4/3
f 3002/4/3 2999/4/3 3001/4/3
f 3003/4/3 2999/4/3 3002/4/3
f 3004/4/3 2999/4/3 3003/4/3
f 3007/4/3 3001/4/3 3000/4/3
f 3007/4/3 3002/4/3 3001/4/3
f 3008/4/3 3002/4/3 3007/4/3
f 3009/4/3 3002/4/3 3008/4/3
f 3010/4/3 3004/4/3 3003/4/3
f 3010/4/3 3005/4/3 3004/4/3
f 3011/4/3 3005/4/3 3010/4/3
f 3012/4/3 3005/4/3 3011/4/3
f 3015/4/3 3008/4/3 3007/4/3
f 3015/4/3 3007/4/3 3006/4/3
f 3016/4/3 3008/4/3 3015/4/3
f 3017/4/3 3008/4/3 3016/4/3
f 3018/4/3 3013/4/3 3012/4/3
f 3018/4/3 3012/4/3 3011/4/3
f 3019/4/3 3013/4/3 3018/4/3
f 3020/4/3 3013/4/3 3019/4/3
f 3023/4/3 3016/4/3 3015/4/3
f 3023/4/3 3015/4/3 3014/4/3
f 3024/4/3 3016/4/3 3023/4/3
f 3025/4/3 3016/4/3 3024/4/3
f 3026/4/3 3021/4/3 3020/4/3
f 3026/4/3 3020/4/3 3019/4/3
f 3027/4/3 3021/4/3 3026/4/3
f 3028/4/3 3021/4/3 3027/4/3
f 3031/4/3 3024/4/3 3023/4/3
f 3031/4/3 3023/4/3 3022/4/3
f 3032/4/3 3024/4/3 3031/4/3
f 3033/4/3 3024/4/3 3032/4/3
f 3034/4/3 3029/4/3 3028/4/3
f 3034/4/3 3028/4/3 3027/4/3
f 3035/4/3 3029/4/3 3034/4/3
f 3036/4/3 3029/4/3 3035/4/3
f 3038/4/3 3032/4/3 3031/4/3
f 3038/4/3 3031/4/3 3030/4/3
f 3039/4/3 3032/4/3 3038/4/3
f 3040/4/3 3037/4/3 3036/4/3
f 3040/4/3 3036/4/3 3035/4/3
f 3041/4/3 3037/4/3 3040/4/3
f 3043/4/3 3038/4/3 3030/4/3
f 3044/4/3 3038/4/3 3043/4/3
f 3045/4/3 3037/4/3 3041/4/3
f 3046/4/3 3037/4/3 3045/4/3
f 3049/4/3 3043/4/3 3042/4/3
f 3050/4/3 3043/4/3 3049/4/3
f 3051/4/3 3047/4/3 3046/4/3
f 3052/4/3 3047/4/3 3051/4/3
f 3054/4/3 3049/4/3 3048/4/3
f 3055/4/3 3049/4/3 3054/4/3
f 3056/4/3 3053/4/3 3052/4/3
f 3057/4/3 3053/4/3 3056/4/3
f 3059/4/3 3058/4/3 3057/4/3
f 3060/4/3 3058/4/3 3059/4/3
f 3063/1/3 3062/1/3 3061/1/3
f 3064/1/3 3062/1/3 3063/1/3
f 3067/1/3 3066/1/3 3065/1/3
f 3068/1/3 3066/1/3 3067/1/3
f 3070/1/3 3069/1/3 3068/1/3
f 3071/1/3 3069/1/3 3070/1/3
f 3074/4/3 3073/4/3 3072/4/3
f 3075/4/3 3073/4/3 3074/4/3
f 3079/2/3 3077/2/3 3076/2/3
f 3080/2/3 3077/2/3 3079/2/3
f 3083/2/3 3079/2/3 3078/2/3
f 3083/2/3 3081/2/3 3080/2/3
f 3083/2/3 3080/2/3 3079/2/3
f 3084/2/3 3081/2/3 3083/2/3
f 3085/2/3 3081/2/3 3084/2/3
f 3086/2/3 3081/2/3 3085/2/3
f 3089/4/3 3083/4/3 3082/4/3
f 3089/4/3 3084/4/3 3083/4/3
f 3090/4/3 3084/4/3 3089/4/3
f 3091/4/3 3084/4/3 3090/4/3
f 3092/4/3 3086/4/3 3085/4/3
f 3092/4/3 3087/4/3 3086/4/3
f 3093/4/3 3087/4/3 3092/4/3
f 3094/4/3 3087/4/3 3093/4/3
f 3097/4/3 3090/4/3 3089/4/3
f 3097/4/3 3089/4/3 3088/4/3
f 3098/4/3 3090/4/3 3097/4/3
f 3099/4/3 3090/4/3 3098/4/3
f 3100/4/3 3095/4/3 3094/4/3
f 3100/4/3 3094/4/3 3093/4/3
f 3101/4/3 3095/4/3 3100/4/3
f 3102/4/3 3095/4/3 3101/4/3
f 3104/4/3 3098/4/3 3097/4/3
f 3104/4/3 3097/4/3 3096/4/3
f 3105/4/3 3098/4/3 3104/4/3
f 3106/4/3 3103/4/3 3102/4/3
f 3106/4/3 3102/4/3 3101/4/3
f 3107/4/3 3103/4/3 3106/4/3
f 3109/4/3 3104/4/3 3096/4/3
f 3110/4/3 3104/4/3 3109/4/3
f 3111/4/3 3103/4/3 3107/4/3
f 3112/4/3 3103/4/3 3111/4/3
f 3115/4/3 3109/4/3 3108/4/3
f 3116/4/3 3109/4/3 3115/4/3
f 3117/4/3 3113/4/3 3112/4/3
f 3118/4/3 3113/4/3 3117/4/3
f 3121/4/3 3115/4/3 3114/4/3
f 3122/4/3 3115/4/3 3121/4/3
f 3123/4/3 3119/4/3 3118/4/3
f 3124/4/3 3119/4/3 3123/4/3
f 3127/4/3 3121/4/3 3120/4/3
f 3128/4/3 3121/4/3 3127/4/3
f 3129/4/3 3125/4/3 3124/4/3
f 3130/4/3 3125/4/3 3129/4/3
f 3132/4/3 3127/4/3 3126/4/3
f 3133/4/3 3127/4/3 3132/4/3
f 3134/4/3 3131/4/3 3130/4/3
f 3135/4/3 3131/4/3 3134/4/3
f 3138/4/3 3137/4/3 3136/4/3
f 3139/4/3 3137/4/3 3138/4/3
f 3142/1/3 3141/1/3 3140/1/3
f 3143/1/3 3141/1/3 3142/1/3
f 3146/1/3 3145/1/3 3144/1/3
f 3147/1/3 3145/1/3 3146/1/3
f 3149/1/3 3148/1/3 3147/1/3
f 3150/1/3 3148/1/3 3149/1/3
f 3153/1/3 3152/1/3 3151/1/3
f 3154/1/3 3152/1/3 3153/1/3
f 3157/4/3 3156/4/3 3155/4/3
f 3158/4/3 3156/4/3 3157/4/3
f 3162/2/3 3160/2/3 3159/2/3
f 3163/2/3 3160/2/3 3162/2/3
f 3166/2/3 3162/2/3 3161/2/3
f 3166/2/3 3164/2/3 3163/2/3
f 3166/2/3 3163/2/3 3162/2/3
f 3167/2/3 3164/2/3 3166/2/3
f 3168/2/3 3164/2/3 3167/2/3
f 3169/2/3 3164/2/3 3168/2/3
f 3171/2/3 3166/2/3 3165/2/3
f 3171/2/3 3167/2/3 3166/2/3
f 3172/2/3 3167/2/3 3171/2/3
f 3173/2/3 3170/2/3 3169/2/3
f 3173/2/3 3169/2/3 3168/2/3
f 3174/2/3 3170/2/3 3173/2/3
f 3176/2/3 3171/2/3 3165/2/3
f 3177/2/3 3171/2/3 3176/2/3
f 3178/2/3 3170/2/3 3174/2/3
f 3179/2/3 3170/2/3 3178/2/3
f 3182/4/3 3176/4/3 3175/4/3
f 3183/4/3 3176/4/3 3182/4/3
f 3184/4/3 3180/4/3 3179/4/3
f 3185/4/3 3180/4/3 3184/4/3
f 3188/4/3 3182/4/3 3181/4/3
f 3189/4/3 3182/4/3 3188/4/3
f 3190/4/3 3186/4/3 3185/4/3
f 3191/4/3 3186/4/3 3190/4/3
f 3194/4/3 3188/4/3 3187/4/3
f 3195/4/3 3188/4/3 3194/4/3
f 3196/4/3 3192/4/3 3191/4/3
f 3197/4/3 3192/4/3 3196/4/3
f 3200/4/3 3194/4/3 3193/4/3
f 3201/4/3 3194/4/3 3200/4/3
f 3202/4/3 3198/4/3 3197/4/3
f 3203/4/3 3198/4/3 3202/4/3
f 3205/4/3 3200/4/3 3199/4/3
f 3206/4/3 3200/4/3 3205/4/3
f 3207/4/3 3204/4/3 3203/4/3
f 3208/4/3 3204/4/3 3207/4/3
f 3213/4/3 3210/4/3 3209/4/3
f 3214/4/3 3210/4/3 3213/4/3
f 3215/4/3 3212/4/3 3211/4/3
f 3216/4/3 3212/4/3 3215/4/3
f 3218/4/3 3217/4/3 3216/4/3
f 3219/4/3 3217/4/3 3218/4/3
f 3222/1/3 3221/1/3 3220/1/3
f 3223/1/3 3221/1/3 3222/1/3
f 3226/1/3 3225/1/3 3224/1/3
f 3227/1/3 3225/1/3 3226/1/3
f 3229/1/3 3228/1/3 3227/1/3
f 3230/1/3 3228/1/3 3229/1/3
f 3233/1/3 3232/1/3 3231/1/3
f 3234/1/3 3232/1/3 3233/1/3
f 3237/4/3 3236/4/3 3235/4/3
f 3238/4/3 3236/4/3 3237/4/3
f 3242/2/3 3240/2/3 3239/2/3
f 3243/2/3 3240/2/3 3242/2/3
f 3246/2/3 3242/2/3 3241/2/3
f 3246/2/3 3244/2/3 3243/2/3
f 3246/2/3 3243/2/3 3242/2/3
f 3247/2/3 3244/2/3 3246/2/3
f 3248/2/3 3244/2/3 3247/2/3
f 3249/2/3 3244/2/3 3248/2/3
f 3252/2/3 3246/2/3 3245/2/3
f 3252/2/3 3247/2/3 3246/2/3
f 3253/2/3 3247/2/3 3252/2/3
f 3254/2/3 3247/2/3 3253/2/3
f 3255/2/3 3249/2/3 3248/2/3
f 3255/2/3 3250/2/3 3249/2/3
f 3256/2/3 3250/2/3 3255/2/3
f 3257/2/3 3250/2/3 3256/2/3
f 3260/2/3 3253/2/3 3252/2/3
f 3260/2/3 3252/2/3 3251/2/3
f 3261/2/3 3253/2/3 3260/2/3
f 3262/2/3 3258/2/3 3257/2/3
f 3262/2/3 3257/2/3 3256/2/3
f 3263/2/3 3258/2/3 3262/2/3
f 3266/2/3 3260/2/3 3259/2/3
f 3267/2/3 3264/2/3 3263/2/3
f 3269/2/3 3266/2/3 3265/2/3
f 3270/2/3 3260/2/3 3266/2/3
f 3270/2/3 3266/2/3 3269/2/3
f 3271/2/3 3260/2/3 3270/2/3
f 3272/2/3 3268/2/3 3267/2/3
f 3272/2/3 3267/2/3 3263/2/3
f 3273/2/3 3268/2/3 3272/2/3
f 3274/2/3 3268/2/3 3273/2/3
f 3276/4/3 3270/4/3 3269/4/3
f 3277/4/3 3270/4/3 3276/4/3
f 3278/4/3 3274/4/3 3273/4/3
f 3279/4/3 3274/4/3 3278/4/3
f 3282/4/3 3276/4/3 3275/4/3
f 3283/4/3 3276/4/3 3282/4/3
f 3284/4/3 3280/4/3 3279/4/3
f 3285/4/3 3280/4/3 3284/4/3
f 3288/4/3 3282/4/3 3281/4/3
f 3289/4/3 3282/4/3 3288/4/3
f 3290/4/3 3286/4/3 3285/4/3
f 3291/4/3 3286/4/3 3290/4/3
f 3293/4/3 3288/4/3 3287/4/3
f 3294/4/3 3288/4/3 3293/4/3
f 3295/4/3 3292/4/3 3291/4/3
f 3296/4/3 3292/4/3 3295/4/3
f 3301/4/3 3298/4/3 3297/4/3
f 3302/4/3 3298/4/3 3301/4/3
f 3303/4/3 3300/4/3 3299/4/3
f 3304/4/3 3300/4/3 3303/4/3
f 3306/4/3 3305/4/3 3304/4/3
f 3307/4/3 3305/4/3 3306/4/3
f 3310/1/3 3309/1/3 3308/1/3
f 3311/1/3 3309/1/3 3310/1/3
f 3314/1/3 3313/1/3 3312/1/3
f 3315/1/3 3313/1/3 3314/1/3
f 3318/1/3 3317/1/3 3316/1/3
f 3319/1/3 3317/1/3 3318/1/3
f 3322/1/3 3321/1/3 3320/1/3
f 3323/1/3 3321/1/3 3322/1/3
f 3327/2/3 3325/2/3 3324/2/3
f 3328/2/3 3325/2/3 3327/2/3
f 3331/2/3 3327/2/3 3326/2/3
f 3331/2/3 3329/2/3 3328/2/3
f 3331/2/3 3328/2/3 3327/2/3
f 3332/2/3 3329/2/3 3331/2/3
f 3333/2/3 3329/2/3 3332/2/3
f 3334/2/3 3329/2/3 3333/2/3
f 3337/2/3 3331/2/3 3330/2/3
f 3337/2/3 3332/2/3 3331/2/3
f 3338/2/3 3332/2/3 3337/2/3
f 3339/2/3 3332/2/3 3338/2/3
f 3340/2/3 3334/2/3 3333/2/3
f 3340/2/3 3335/2/3 3334/2/3
f 3341/2/3 3335/2/3 3340/2/3
f 3342/2/3 3335/2/3 3341/2/3
f 3344/2/3 3338/2/3 3337/2/3
f 3344/2/3 3337/2/3 3336/2/3
f 3345/2/3 3338/2/3 3344/2/3
f 3346/2/3 3343/2/3 3342/2/3
f 3346/2/3 3342/2/3 3341/2/3
f 3347/2/3 3343/2/3 3346/2/3
f 3349/2/3 3344/2/3 3336/2/3
f 3350/2/3 3344/2/3 3349/2/3
f 3351/2/3 3343/2/3 3347/2/3
f 3352/2/3 3343/2/3 3351/2/3
f 3355/2/3 3349/2/3 3348/2/3
f 3356/2/3 3349/2/3 3355/2/3
f 3357/2/3 3353/2/3 3352/2/3
f 3358/2/3 3353/2/3 3357/2/3
f 3360/2/3 3355/2/3 3354/2/3
f 3361/2/3 3355/2/3 3360/2/3
f 3362/2/3 3359/2/3 3358/2/3
f 3363/2/3 3359/2/3 3362/2/3
f 3369/4/3 3365/4/3 3364/4/3
f 3370/4/3 3365/4/3 3369/4/3
f 3371/4/3 3367/4/3 3366/4/3
f 3372/4/3 3367/4/3 3371/4/3
f 3374/4/3 3369/4/3 3368/4/3
f 3375/4/3 3369/4/3 3374/4/3
f 3376/4/3 3373/4/3 3372/4/3
f 3377/4/3 3373/4/3 3376/4/3
f 3382/4/3 3379/4/3 3378/4/3
f 3383/4/3 3379/4/3 3382/4/3
f 3384/4/3 3381/4/3 3380/4/3
f 3385/4/3 3381/4/3 3384/4/3
f 3390/4/3 3387/4/3 3386/4/3
f 3391/4/3 3387/4/3 3390/4/3
f 3392/4/3 3389/4/3 3388/4/3
f 3393/4/3 3389/4/3 3392/4/3
f 3395/4/3 3394/4/3 3393/4/3
f 3396/4/3 3394/4/3 3395/4/3
f 3399/1/3 3398/1/3 3397/1/3
f 3400/1/3 3398/1/3 3399/1/3
f 3403/1/3 3402/1/3 3401/1/3
f 3404/1/3 3402/1/3 3403/1/3
f 3407/1/3 3406/1/3 3405/1/3
f 3408/1/3 3406/1/3 3407/1/3
f 3412/2/3 3410/2/3 3409/2/3
f 3413/2/3 3410/2/3 3412/2/3
f 3416/2/3 3412/2/3 3411/2/3
f 3416/2/3 3414/2/3 3413/2/3
f 3416/2/3 3413/2/3 3412/2/3
f 3417/2/3 3414/2/3 3416/2/3
f 3418/2/3 3414/2/3 3417/2/3
f 3419/2/3 3414/2/3 3418/2/3
f 3421/2/3 3416/2/3 3415/2/3
f 3421/2/3 3417/2/3 3416/2/3
f 3422/2/3 3417/2/3 3421/2/3
f 3423/2/3 3420/2/3 3419/2/3
f 3423/2/3 3419/2/3 3418/2/3
f 3424/2/3 3420/2/3 3423/2/3
f 3426/2/3 3421/2/3 3415/2/3
f 3427/2/3 3421/2/3 3426/2/3
f 3428/2/3 3420/2/3 3424/2/3
f 3429/2/3 3420/2/3 3428/2/3
f 3432/2/3 3426/2/3 3425/2/3
f 3433/2/3 3426/2/3 3432/2/3
f 3434/2/3 3430/2/3 3429/2/3
f 3435/2/3 3430/2/3 3434/2/3
f 3438/2/3 3432/2/3 3431/2/3
f 3439/2/3 3432/2/3 3438/2/3
f 3440/2/3 3436/2/3 3435/2/3
f 3441/2/3 3436/2/3 3440/2/3
f 3444/2/3 3438/2/3 3437/2/3
f 3445/2/3 3438/2/3 3444/2/3
f 3446/2/3 3442/2/3 3441/2/3
f 3447/2/3 3442/2/3 3446/2/3
f 3450/2/3 3444/2/3 3443/2/3
f 3451/2/3 3444/2/3 3450/2/3
f 3452/2/3 3448/2/3 3447/2/3
f 3453/2/3 3448/2/3 3452/2/3
f 3455/4/3 3450/4/3 3449/4/3
f 3456/4/3 3450/4/3 3455/4/3
f 3457/4/3 3454/4/3 3453/4/3
f 3458/4/3 3454/4/3 3457/4/3
f 3463/4/3 3460/4/3 3459/4/3
f 3464/4/3 3460/4/3 3463/4/3
f 3465/4/3 3462/4/3 3461/4/3
f 3466/4/3 3462/4/3 3465/4/3
f 3471/4/3 3468/4/3 3467/4/3
f 3472/4/3 3468/4/3 3471/4/3
f 3473/4/3 3470/4/3 3469/4/3
f 3474/4/3 3470/4/3 3473/4/3
f 3477/1/3 3476/1/3 3475/1/3
f 3478/1/3 3476/1/3 3477/1/3
f 3481/1/3 3480/1/3 3479/1/3
f 3482/1/3 3480/1/3 3481/1/3
f 3485/1/3 3484/1/3 3483/1/3
f 3486/1/3 3484/1/3 3485/1/3
f 3489/1/3 3488/1/3 3487/1/3
f 3490/1/3 3488/1/3 3489/1/3
f 3493/1/3 3492/1/3 3491/1/3
f 3494/1/3 3492/1/3 3493/1/3
f 3498/2/3 3496/2/3 3495/2/3
f 3499/2/3 3496/2/3 3498/2/3
f 3502/2/3 3498/2/3 3497/2/3
f 3503/2/3 3498/2/3 3502/2/3
f 3504/2/3 3500/2/3 3499/2/3
f 3505/2/3 3500/2/3 3504/2/3
f 3508/2/3 3502/2/3 3501/2/3
f 3509/2/3 3502/2/3 3508/2/3
f 3510/2/3 3506/2/3 3505/2/3
f 3511/2/3 3506/2/3 3510/2/3
f 3514/2/3 3508/2/3 3507/2/3
f 3515/2/3 3508/2/3 3514/2/3
f 3516/2/3 3512/2/3 3511/2/3
f 3517/2/3 3512/2/3 3516/2/3
f 3519/2/3 3514/2/3 3513/2/3
f 3520/2/3 3514/2/3 3519/2/3
f 3521/2/3 3518/2/3 3517/2/3
f 3522/2/3 3518/2/3 3521/2/3
f 3527/2/3 3524/2/3 3523/2/3
f 3528/2/3 3524/2/3 3527/2/3
f 3529/2/3 3526/2/3 3525/2/3
f 3530/2/3 3526/2/3 3529/2/3
f 3535/2/3 3532/2/3 3531/2/3
f 3536/2/3 3532/2/3 3535/2/3
f 3537/2/3 3534/2/3 3533/2/3
f 3538/2/3 3534/2/3 3537/2/3
f 3543/4/3 3540/4/3 3539/4/3
f 3544/4/3 3540/4/3 3543/4/3
f 3545/4/3 3542/4/3 3541/4/3
f 3546/4/3 3542/4/3 3545/4/3
f 3551/4/3 3548/4/3 3547/4/3
f 3552/4/3 3548/4/3 3551/4/3
f 3553/4/3 3550/4/3 3549/4/3
f 3554/4/3 3550/4/3 3553/4/3
f 3557/4/3 3556/4/3 3555/4/3
f 3558/4/3 3556/4/3 3557/4/3
f 3562/5/3 3560/5/3 3559/5/3
f 3563/5/3 3560/5/3 3562/5/3
f 3566/2/3 3562/2/3 3561/2/3
f 3567/2/3 3562/2/3 3566/2/3
f 3568/2/3 3564/2/3 3563/2/3
f 3569/2/3 3564/2/3 3568/2/3
f 3572/2/3 3566/2/3 3565/2/3
f 3573/2/3 3566/2/3 3572/2/3
f 3574/2/3 3570/2/3 3569/2/3
f 3575/2/3 3570/2/3 3574/2/3
f 3577/2/3 3572/2/3 3571/2/3
f 3578/2/3 3572/2/3 3577/2/3
f 3579/2/3 3576/2/3 3575/2/3
f 3580/2/3 3576/2/3 3579/2/3
f 3585/2/3 3582/2/3 3581/2/3
f 3586/2/3 3582/2/3 3585/2/3
f 3587/2/3 3584/2/3 3583/2/3
f 3588/2/3 3584/2/3 3587/2/3
f 3593/2/3 3590/2/3 3589/2/3
f 3594/2/3 3590/2/3 3593/2/3
f 3595/2/3 3592/2/3 3591/2/3
f 3596/2/3 3592/2/3 3595/2/3
f 3601/2/3 3598/2/3 3597/2/3
f 3602/2/3 3598/2/3 3601/2/3
f 3603/2/3 3600/2/3 3599/2/3
f 3604/2/3 3600/2/3 3603/2/3
f 3607/1/3 3606/1/3 3605/1/3
f 3608/1/3 3606/1/3 3607/1/3
f 3611/1/3 3610/1/3 3609/1/3
f 3612/1/3 3610/1/3 3611/1/3
f 3615/1/3 3614/1/3 3613/1/3
f 3616/1/3 3614/1/3 3615/1/3
f 3619/1/3 3618/1/3 3617/1/3
f 3620/1/3 3618/1/3 3619/1/3
f 3623/1/3 3622/1/3 3621/1/3
f 3624/1/3 3622/1/3 3623/1/3
f 3630/5/3 3626/5/3 3625/5/3
f 3631/5/3 3626/5/3 3630/5/3
f 3632/5/3 3628/5/3 3627/5/3
f 3633/5/3 3628/5/3 3632/5/3
f 3636/2/3 3630/2/3 3629/2/3
f 3637/2/3 3630/2/3 3636/2/3
f 3638/2/3 3634/2/3 3633/2/3
f 3639/2/3 3634/2/3 3638/2/3
f 3641/2/3 3636/2/3 3635/2/3
f 3642/2/3 3636/2/3 3641/2/3
f 3643/2/3 3640/2/3 3639/2/3
f 3644/2/3 3640/2/3 3643/2/3
f 3649/2/3 3646/2/3 3645/2/3
f 3650/2/3 3646/2/3 3649/2/3
f 3651/2/3 3648/2/3 3647/2/3
f 3652/2/3 3648/2/3 3651/2/3
f 3657/2/3 3654/2/3 3653/2/3
f 3658/2/3 3654/2/3 3657/2/3
f 3659/2/3 3656/2/3 3655/2/3
f 3660/2/3 3656/2/3 3659/2/3
f 3665/2/3 3662/2/3 3661/2/3
f 3666/2/3 3662/2/3 3665/2/3
f 3667/2/3 3664/2/3 3663/2/3
f 3668/2/3 3664/2/3 3667/2/3
f 3673/2/3 3670/2/3 3669/2/3
f 3674/2/3 3670/2/3 3673/2/3
f 3675/2/3 3672/2/3 3671/2/3
f 3676/2/3 3672/2/3 3675/2/3
f 3681/4/3 3678/4/3 3677/4/3
f 3682/4/3 3678/4/3 3681/4/3
f 3683/4/3 3680/4/3 3679/4/3
f 3684/4/3 3680/4/3 3683/4/3
f 3689/4/3 3686/4/3 3685/4/3
f 3690/4/3 3686/4/3 3689/4/3
f 3691/4/3 3688/4/3 3687/4/3
f 3692/4/3 3688/4/3 3691/4/3
f 3695/4/3 3694/4/3 3693/4/3
f 3696/4/3 3694/4/3 3695/4/3
f 3702/5/3 3698/5/3 3697/5/3
f 3703/5/3 3698/5/3 3702/5/3
f 3704/5/3 3700/5/3 3699/5/3
f 3705/5/3 3700/5/3 3704/5/3
f 3708/5/3 3702/5/3 3701/5/3
f 3709/5/3 3702/5/3 3708/5/3
f 3710/5/3 3706/5/3 3705/5/3
f 3711/5/3 3706/5/3 3710/5/3
f 3713/5/3 3708/5/3 3707/5/3
f 3714/5/3 3708/5/3 3713/5/3
f 3715/5/3 3712/5/3 3711/5/3
f 3716/5/3 3712/5/3 3715/5/3
f 3720/5/3 3718/5/3 3717/5/3
f 3721/5/3 3718/5/3 3720/5/3
f 3724/5/3 3720/5/3 3719/5/3
f 3725/5/3 3720/5/3 3724/5/3
f 3726/5/3 3722/5/3 3721/5/3
f 3727/5/3 3722/5/3 3726/5/3
f 3729/5/3 3724/5/3 3723/5/3
f 3730/5/3 3724/5/3 3729/5/3
f 3731/5/3 3728/5/3 3727/5/3
f 3732/5/3 3728/5/3 3731/5/3
f 3736/5/3 3734/5/3 3733/5/3
f 3737/5/3 3734/5/3 3736/5/3
f 3739/5/3 3736/5/3 3735/5/3
f 3740/5/3 3736/5/3 3739/5/3
f 3741/5/3 3738/5/3 3737/5/3
f 3742/5/3 3738/5/3 3741/5/3
f 3745/5/3 3744/5/3 3743/5/3
f 3746/5/3 3744/5/3 3745/5/3
f 3747/5/4 3748/5/4 3749/5/4
f 3749/5/4 3748/5/4 3750/5/4
f 3751/5/4 3752/5/4 3754/5/4
f 3754/5/4 3752/5/4 3755/5/4
f 3753/5/4 3754/5/4 3757/5/4
f 3757/5/4 3754/5/4 3758/5/4
f 3755/5/4 3756/5/4 3759/5/4
f 3759/5/4 3756/5/4 3760/5/4
f 3761/5/4 3762/5/4 3764/5/4
f 3764/5/4 3762/5/4 3765/5/4
f 3763/5/4 3764/5/4 3768/5/4
f 3768/5/4 3764/5/4 3769/5/4
f 3765/5/4 3766/5/4 3770/5/4
f 3770/5/4 3766/5/4 3771/5/4
f 3767/5/4 3768/5/4 3773/5/4
f 3773/5/4 3768/5/4 3774/5/4
f 3771/5/4 3772/5/4 3775/5/4
f 3775/5/4 3772/5/4 3776/5/4
f 3777/5/4 3778/5/4 3782/5/4
f 3782/5/4 3778/5/4 3783/5/4
f 3779/5/4 3780/5/4 3784/5/4
f 3784/5/4 3780/5/4 3785/5/4
f 3781/5/4 3782/5/4 3788/5/4
f 3788/5/4 3782/5/4 3789/5/4
f 3785/5/4 3786/5/4 3790/5/4
f 3790/5/4 3786/5/4 3791/5/4
f 3787/5/4 3788/5/4 3793/5/4
f 3793/5/4 3788/5/4 3794/5/4
f 3791/5/4 3792/5/4 3795/5/4
f 3795/5/4 3792/5/4 3796/5/4
f 3797/5/4 3798/5/4 3802/5/4
f 3802/5/4 3798/5/4 3803/5/4
f 3799/5/4 3800/5/4 3804/5/4
f 3804/5/4 3800/5/4 3805/5/4
f 3801/2/4 3802/2/4 3808/2/4
f 3808/2/4 3802/2/4 3809/2/4
f 3805/2/4 3806/2/4 3810/2/4
f 3810/2/4 3806/2/4 3811/2/4
f 3807/2/4 3808/2/4 3813/2/4
f 3813/2/4 3808/2/4 3814/2/4
f 3811/2/4 3812/2/4 3815/2/4
f 3815/2/4 3812/2/4 3816/2/4
f 3817/2/4 3818/2/4 3821/2/4
f 3821/2/4 3818/2/4 3822/2/4
f 3819/2/4 3820/2/4 3823/2/4
f 3823/2/4 3820/2/4 3824/2/4
f 3825/2/4 3826/2/4 3829/2/4
f 3829/2/4 3826/2/4 3830/2/4
f 3827/2/4 3828/2/4 3831/2/4
f 3831/2/4 3828/2/4 3832/2/4
f 3833/2/4 3834/2/4 3837/2/4
f 3837/2/4 3834/2/4 3838/2/4
f 3835/2/4 3836/2/4 3839/2/4
f 3839/2/4 3836/2/4 3840/2/4
f 3841/2/4 3842/2/4 3845/2/4
f 3845/2/4 3842/2/4 3846/2/4
f 3843/2/4 3844/2/4 3847/2/4
f 3847/2/4 3844/2/4 3848/2/4
f 3849/4/4 3850/4/4 3853/4/4
f 3853/4/4 3850/4/4 3854/4/4
f 3851/4/4 3852/4/4 3855/4/4
f 3855/4/4 3852/4/4 3856/4/4
f 3857/4/4 3858/4/4 3861/4/4
f 3861/4/4 3858/4/4 3862/4/4
f 3859/4/4 3860/4/4 3863/4/4
f 3863/4/4 3860/4/4 3864/4/4
f 3865/4/4 3866/4/4 3867/4/4
f 3867/4/4 3866/4/4 3868/4/4
f 3869/1/4 3870/1/4 3871/1/4
f 3871/1/4 3870/1/4 3872/1/4
f 3873/5/4 3874/5/4 3876/5/4
f 3876/5/4 3874/5/4 3877/5/4
f 3875/2/4 3876/2/4 3880/2/4
f 3880/2/4 3876/2/4 3881/2/4
f 3877/2/4 3878/2/4 3882/2/4
f 3882/2/4 3878/2/4 3883/2/4
f 3879/2/4 3880/2/4 3886/2/4
f 3886/2/4 3880/2/4 3887/2/4
f 3883/2/4 3884/2/4 3888/2/4
f 3888/2/4 3884/2/4 3889/2/4
f 3885/2/4 3886/2/4 3891/2/4
f 3891/2/4 3886/2/4 3892/2/4
f 3889/2/4 3890/2/4 3893/2/4
f 3893/2/4 3890/2/4 3894/2/4
f 3895/2/4 3896/2/4 3899/2/4
f 3899/2/4 3896/2/4 3900/2/4
f 3897/2/4 3898/2/4 3901/2/4
f 3901/2/4 3898/2/4 3902/2/4
f 3903/2/4 3904/2/4 3907/2/4
f 3907/2/4 3904/2/4 3908/2/4
f 3905/2/4 3906/2/4 3909/2/4
f 3909/2/4 3906/2/4 3910/2/4
f 3911/2/4 3912/2/4 3915/2/4
f 3915/2/4 3912/2/4 3916/2/4
f 3913/2/4 3914/2/4 3917/2/4
f 3917/2/4 3914/2/4 3918/2/4
f 3919/1/4 3920/1/4 3921/1/4
f 3921/1/4 3920/1/4 3922/1/4
f 3923/1/4 3924/1/4 3925/1/4
f 3925/1/4 3924/1/4 3926/1/4
f 3927/1/4 3928/1/4 3929/1/4
f 3929/1/4 3928/1/4 3930/1/4
f 3931/1/4 3932/1/4 3933/1/4
f 3933/1/4 3932/1/4 3934/1/4
f 3935/2/4 3936/2/4 3938/2/4
f 3938/2/4 3936/2/4 3939/2/4
f 3937/2/4 3938/2/4 3942/2/4
f 3942/2/4 3938/2/4 3943/2/4
f 3939/2/4 3940/2/4 3944/2/4
f 3944/2/4 3940/2/4 3945/2/4
f 3941/2/4 3942/2/4 3948/2/4
f 3948/2/4 3942/2/4 3949/2/4
f 3945/2/4 3946/2/4 3950/2/4
f 3950/2/4 3946/2/4 3951/2/4
f 3947/2/4 3948/2/4 3954/2/4
f 3954/2/4 3948/2/4 3955/2/4
f 3951/2/4 3952/2/4 3956/2/4
f 3956/2/4 3952/2/4 3957/2/4
f 3953/2/4 3954/2/4 3959/2/4
f 3959/2/4 3954/2/4 3960/2/4
f 3957/2/4 3958/2/4 3961/2/4
f 3961/2/4 3958/2/4 3962/2/4
f 3963/2/4 3964/2/4 3967/2/4
f 3967/2/4 3964/2/4 3968/2/4
f 3965/2/4 3966/2/4 3969/2/4
f 3969/2/4 3966/2/4 3970/2/4
f 3971/2/4 3972/2/4 3975/2/4
f 3975/2/4 3972/2/4 3976/2/4
f 3973/2/4 3974/2/4 3977/2/4
f 3977/2/4 3974/2/4 3978/2/4
f 3979/4/4 3980/4/4 3983/4/4
f 3983/4/4 3980/4/4 3984/4/4
f 3981/4/4 3982/4/4 3985/4/4
f 3985/4/4 3982/4/4 3986/4/4
f 3987/4/4 3988/4/4 3991/4/4
f 3991/4/4 3988/4/4 3992/4/4
f 3989/4/4 3990/4/4 3993/4/4
f 3993/4/4 3990/4/4 3994/4/4
f 3995/4/4 3996/4/4 3997/4/4
f 3997/4/4 3996/4/4 3998/4/4
f 3999/2/4 4000/2/4 4002/2/4
f 4002/2/4 4000/2/4 4003/2/4
f 4001/2/4 4002/2/4 4006/2/4
f 4003/2/4 4004/2/4 4006/2/4
f 4002/2/4 4003/2/4 4006/2/4
f 4006/2/4 4004/2/4 4007/2/4
f 4007/2/4 4004/2/4 4008/2/4
f 4008/2/4 4004/2/4 4009/2/4
f 4005/2/4 4006/2/4 4011/2/4
f 4006/2/4 4007/2/4 4011/2/4
f 4011/2/4 4007/2/4 4012/2/4
f 4009/2/4 4010/2/4 4013/2/4
f 4008/2/4 4009/2/4 4013/2/4
f 4013/2/4 4010/2/4 4014/2/4
f 4005/2/4 4011/2/4 4016/2/4
f 4016/2/4 4011/2/4 4017/2/4
f 4014/2/4 4010/2/4 4018/2/4
f 4018/2/4 4010/2/4 4019/2/4
f 4015/2/4 4016/2/4 4022/2/4
f 4022/2/4 4016/2/4 4023/2/4
f 4019/2/4 4020/2/4 4024/2/4
f 4024/2/4 4020/2/4 4025/2/4
f 4021/2/4 4022/2/4 4028/2/4
f 4028/2/4 4022/2/4 4029/2/4
f 4025/2/4 4026/2/4 4030/2/4
f 4030/2/4 4026/2/4 4031/2/4
f 4027/2/4 4028/2/4 4034/2/4
f 4034/2/4 4028/2/4 4035/2/4
f 4031/2/4 4032/2/4 4036/2/4
f 4036/2/4 4032/2/4 4037/2/4
f 4033/2/4 4034/2/4 4040/2/4
f 4040/2/4 4034/2/4 4041/2/4
f 4037/2/4 4038/2/4 4042/2/4
f 4042/2/4 4038/2/4 4043/2/4
f 4039/4/4 4040/4/4 4045/4/4
f 4045/4/4 4040/4/4 4046/4/4
f 4043/4/4 4044/4/4 4047/4/4
f 4047/4/4 4044/4/4 4048/4/4
f 4049/4/4 4050/4/4 4053/4/4
f 4053/4/4 4050/4/4 4054/4/4
f 4051/4/4 4052/4/4 4055/4/4
f 4055/4/4 4052/4/4 4056/4/4
f 4057/4/4 4058/4/4 4061/4/4
f 4061/4/4 4058/4/4 4062/4/4
f 4059/4/4 4060/4/4 4063/4/4
f 4063/4/4 4060/4/4 4064/4/4
f 4065/1/4 4066/1/4 4067/1/4
f 4067/1/4 4066/1/4 4068/1/4
f 4069/1/4 4070/1/4 4071/1/4
f 4071/1/4 4070/1/4 4072/1/4
f 4073/1/4 4074/1/4 4075/1/4
f 4075/1/4 4074/1/4 4076/1/4
f 4077/1/4 4078/1/4 4079/1/4
f 4079/1/4 4078/1/4 4080/1/4
f 4081/1/4 4082/1/4 4083/1/4
f 4083/1/4 4082/1/4 4084/1/4
f 4085/2/4 4086/2/4 4088/2/4
f 4088/2/4 4086/2/4 4089/2/4
f 4087/2/4 4088/2/4 4092/2/4
f 4089/2/4 4090/2/4 4092/2/4
f 4088/2/4 4089/2/4 4092/2/4
f 4092/2/4 4090/2/4 4093/2/4
f 4093/2/4 4090/2/4 4094/2/4
f 4094/2/4 4090/2/4 4095/2/4
f 4091/2/4 4092/2/4 4098/2/4
f 4092/2/4 4093/2/4 4098/2/4
f 4098/2/4 4093/2/4 4099/2/4
f 4099/2/4 4093/2/4 4100/2/4
f 4094/2/4 4095/2/4 4101/2/4
f 4095/2/4 4096/2/4 4101/2/4
f 4101/2/4 4096/2/4 4102/2/4
f 4102/2/4 4096/2/4 4103/2/4
f 4098/2/4 4099/2/4 4105/2/4
f 4097/2/4 4098/2/4 4105/2/4
f 4105/2/4 4099/2/4 4106/2/4
f 4103/2/4 4104/2/4 4107/2/4
f 4102/2/4 4103/2/4 4107/2/4
f 4107/2/4 4104/2/4 4108/2/4
f 4097/2/4 4105/2/4 4110/2/4
f 4110/2/4 4105/2/4 4111/2/4
f 4108/2/4 4104/2/4 4112/2/4
f 4112/2/4 4104/2/4 4113/2/4
f 4109/2/4 4110/2/4 4116/2/4
f 4116/2/4 4110/2/4 4117/2/4
f 4113/2/4 4114/2/4 4118/2/4
f 4118/2/4 4114/2/4 4119/2/4
f 4115/2/4 4116/2/4 4121/2/4
f 4121/2/4 4116/2/4 4122/2/4
f 4119/2/4 4120/2/4 4123/2/4
f 4123/2/4 4120/2/4 4124/2/4
f 4125/4/4 4126/4/4 4130/4/4
f 4130/4/4 4126/4/4 4131/4/4
f 4127/4/4 4128/4/4 4132/4/4
f 4132/4/4 4128/4/4 4133/4/4
f 4129/4/4 4130/4/4 4135/4/4
f 4135/4/4 4130/4/4 4136/4/4
f 4133/4/4 4134/4/4 4137/4/4
f 4137/4/4 4134/4/4 4138/4/4
f 4139/4/4 4140/4/4 4143/4/4
f 4143/4/4 4140/4/4 4144/4/4
f 4141/4/4 4142/4/4 4145/4/4
f 4145/4/4 4142/4/4 4146/4/4
f 4147/4/4 4148/4/4 4151/4/4
f 4151/4/4 4148/4/4 4152/4/4
f 4149/4/4 4150/4/4 4153/4/4
f 4153/4/4 4150/4/4 4154/4/4
f 4154/4/4 4155/4/4 4156/4/4
f 4156/4/4 4155/4/4 4157/4/4
f 4158/1/4 4159/1/4 4160/1/4
f 4160/1/4 4159/1/4 4161/1/4
f 4162/1/4 4163/1/4 4164/1/4
f 4164/1/4 4163/1/4 4165/1/4
f 4166/1/4 4167/1/4 4168/1/4
f 4168/1/4 4167/1/4 4169/1/4
f 4170/2/4 4171/2/4 4173/2/4
f 4173/2/4 4171/2/4 4174/2/4
f 4172/2/4 4173/2/4 4177/2/4
f 4174/2/4 4175/2/4 4177/2/4
f 4173/2/4 4174/2/4 4177/2/4
f 4177/2/4 4175/2/4 4178/2/4
f 4178/2/4 4175/2/4 4179/2/4
f 4179/2/4 4175/2/4 4180/2/4
f 4176/2/4 4177/2/4 4183/2/4
f 4177/2/4 4178/2/4 4183/2/4
f 4183/2/4 4178/2/4 4184/2/4
f 4184/2/4 4178/2/4 4185/2/4
f 4179/2/4 4180/2/4 4186/2/4
f 4180/2/4 4181/2/4 4186/2/4
f 4186/2/4 4181/2/4 4187/2/4
f 4187/2/4 4181/2/4 4188/2/4
f 4183/2/4 4184/2/4 4191/2/4
f 4182/2/4 4183/2/4 4191/2/4
f 4191/2/4 4184/2/4 4192/2/4
f 4188/2/4 4189/2/4 4193/2/4
f 4187/2/4 4188/2/4 4193/2/4
f 4193/2/4 4189/2/4 4194/2/4
f 4190/2/4 4191/2/4 4197/2/4
f 4194/2/4 4195/2/4 4198/2/4
f 4196/2/4 4197/2/4 4200/2/4
f 4197/2/4 4191/2/4 4201/2/4
f 4200/2/4 4197/2/4 4201/2/4
f 4201/2/4 4191/2/4 4202/2/4
f 4198/2/4 4199/2/4 4203/2/4
f 4194/2/4 4198/2/4 4203/2/4
f 4203/2/4 4199/2/4 4204/2/4
f 4204/2/4 4199/2/4 4205/2/4
f 4200/4/4 4201/4/4 4207/4/4
f 4207/4/4 4201/4/4 4208/4/4
f 4204/4/4 4205/4/4 4209/4/4
f 4209/4/4 4205/4/4 4210/4/4
f 4206/4/4 4207/4/4 4213/4/4
f 4213/4/4 4207/4/4 4214/4/4
f 4210/4/4 4211/4/4 4215/4/4
f 4215/4/4 4211/4/4 4216/4/4
f 4212/4/4 4213/4/4 4219/4/4
f 4219/4/4 4213/4/4 4220/4/4
f 4216/4/4 4217/4/4 4221/4/4
f 4221/4/4 4217/4/4 4222/4/4
f 4218/4/4 4219/4/4 4224/4/4
f 4224/4/4 4219/4/4 4225/4/4
f 4222/4/4 4223/4/4 4226/4/4
f 4226/4/4 4223/4/4 4227/4/4
f 4228/4/4 4229/4/4 4232/4/4
f 4232/4/4 4229/4/4 4233/4/4
f 4230/4/4 4231/4/4 4234/4/4
f 4234/4/4 4231/4/4 4235/4/4
f 4235/4/4 4236/4/4 4237/4/4
f 4237/4/4 4236/4/4 4238/4/4
f 4239/1/4 4240/1/4 4241/1/4
f 4241/1/4 4240/1/4 4242/1/4
f 4243/1/4 4244/1/4 4245/1/4
f 4245/1/4 4244/1/4 4246/1/4
f 4247/1/4 4248/1/4 4249/1/4
f 4249/1/4 4248/1/4 4250/1/4
f 4251/1/4 4252/1/4 4253/1/4
f 4253/1/4 4252/1/4 4254/1/4
f 4255/2/4 4256/2/4 4258/2/4
f 4258/2/4 4256/2/4 4259/2/4
f 4257/2/4 4258/2/4 4262/2/4
f 4259/2/4 4260/2/4 4262/2/4
f 4258/2/4 4259/2/4 4262/2/4
f 4262/2/4 4260/2/4 4263/2/4
f 4263/2/4 4260/2/4 4264/2/4
f 4264/2/4 4260/2/4 4265/2/4
f 4261/2/4 4262/2/4 4267/2/4
f 4262/2/4 4263/2/4 4267/2/4
f 4267/2/4 4263/2/4 4268/2/4
f 4265/2/4 4266/2/4 4269/2/4
f 4264/2/4 4265/2/4 4269/2/4
f 4269/2/4 4266/2/4 4270/2/4
f 4261/2/4 4267/2/4 4272/2/4
f 4272/2/4 4267/2/4 4273/2/4
f 4270/2/4 4266/2/4 4274/2/4
f 4274/2/4 4266/2/4 4275/2/4
f 4271/4/4 4272/4/4 4278/4/4
f 4278/4/4 4272/4/4 4279/4/4
f 4275/4/4 4276/4/4 4280/4/4
f 4280/4/4 4276/4/4 4281/4/4
f 4277/4/4 4278/4/4 4284/4/4
f 4284/4/4 4278/4/4 4285/4/4
f 4281/4/4 4282/4/4 4286/4/4
f 4286/4/4 4282/4/4 4287/4/4
f 4283/4/4 4284/4/4 4290/4/4
f 4290/4/4 4284/4/4 4291/4/4
f 4287/4/4 4288/4/4 4292/4/4
f 4292/4/4 4288/4/4 4293/4/4
f 4289/4/4 4290/4/4 4296/4/4
f 4296/4/4 4290/4/4 4297/4/4
f 4293/4/4 4294/4/4 4298/4/4
f 4298/4/4 4294/4/4 4299/4/4
f 4295/4/4 4296/4/4 4301/4/4
f 4301/4/4 4296/4/4 4302/4/4
f 4299/4/4 4300/4/4 4303/4/4
f 4303/4/4 4300/4/4 4304/4/4
f 4305/4/4 4306/4/4 4309/4/4
f 4309/4/4 4306/4/4 4310/4/4
f 4307/4/4 4308/4/4 4311/4/4
f 4311/4/4 4308/4/4 4312/4/4
f 4312/4/4 4313/4/4 4314/4/4
f 4314/4/4 4313/4/4 4315/4/4
f 4316/1/4 4317/1/4 4318/1/4
f 4318/1/4 4317/1/4 4319/1/4
f 4320/1/4 4321/1/4 4322/1/4
f 4322/1/4 4321/1/4 4323/1/4
f 4323/1/4 4324/1/4 4325/1/4
f 4325/1/4 4324/1/4 4326/1/4
f 4327/1/4 4328/1/4 4329/1/4
f 4329/1/4 4328/1/4 4330/1/4
f 4331/4/4 4332/4/4 4333/4/4
f 4333/4/4 4332/4/4 4334/4/4
f 4335/2/4 4336/2/4 4338/2/4
f 4338/2/4 4336/2/4 4339/2/4
f 4337/2/4 4338/2/4 4342/2/4
f 4339/2/4 4340/2/4 4342/2/4
f 4338/2/4 4339/2/4 4342/2/4
f 4342/2/4 4340/2/4 4343/2/4
f 4343/2/4 4340/2/4 4344/2/4
f 4344/2/4 4340/2/4 4345/2/4
f 4341/4/4 4342/4/4 4348/4/4
f 4342/4/4 4343/4/4 4348/4/4
f 4348/4/4 4343/4/4 4349/4/4
f 4349/4/4 4343/4/4 4350/4/4
f 4344/4/4 4345/4/4 4351/4/4
f 4345/4/4 4346/4/4 4351/4/4
f 4351/4/4 4346/4/4 4352/4/4
f 4352/4/4 4346/4/4 4353/4/4
f 4348/4/4 4349/4/4 4356/4/4
f 4347/4/4 4348/4/4 4356/4/4
f 4356/4/4 4349/4/4 4357/4/4
f 4357/4/4 4349/4/4 4358/4/4
f 4353/4/4 4354/4/4 4359/4/4
f 4352/4/4 4353/4/4 4359/4/4
f 4359/4/4 4354/4/4 4360/4/4
f 4360/4/4 4354/4/4 4361/4/4
f 4356/4/4 4357/4/4 4363/4/4
f 4355/4/4 4356/4/4 4363/4/4
f 4363/4/4 4357/4/4 4364/4/4
f 4361/4/4 4362/4/4 4365/4/4
f 4360/4/4 4361/4/4 4365/4/4
f 4365/4/4 4362/4/4 4366/4/4
f 4355/4/4 4363/4/4 4368/4/4
f 4368/4/4 4363/4/4 4369/4/4
f 4366/4/4 4362/4/4 4370/4/4
f 4370/4/4 4362/4/4 4371/4/4
f 4367/4/4 4368/4/4 4374/4/4
f 4374/4/4 4368/4/4 4375/4/4
f 4371/4/4 4372/4/4 4376/4/4
f 4376/4/4 4372/4/4 4377/4/4
f 4373/4/4 4374/4/4 4380/4/4
f 4380/4/4 4374/4/4 4381/4/4
f 4377/4/4 4378/4/4 4382/4/4
f 4382/4/4 4378/4/4 4383/4/4
f 4379/4/4 4380/4/4 4386/4/4
f 4386/4/4 4380/4/4 4387/4/4
f 4383/4/4 4384/4/4 4388/4/4
f 4388/4/4 4384/4/4 4389/4/4
f 4385/4/4 4386/4/4 4391/4/4
f 4391/4/4 4386/4/4 4392/4/4
f 4389/4/4 4390/4/4 4393/4/4
f 4393/4/4 4390/4/4 4394/4/4
f 4395/4/4 4396/4/4 4397/4/4
f 4397/4/4 4396/4/4 4398/4/4
f 4399/1/4 4400/1/4 4401/1/4
f 4401/1/4 4400/1/4 4402/1/4
f 4403/1/4 4404/1/4 4405/1/4
f 4405/1/4 4404/1/4 4406/1/4
f 4406/1/4 4407/1/4 4408/1/4
f 4408/1/4 4407/1/4 4409/1/4
f 4410/1/4 4411/1/4 4412/1/4
f 4412/1/4 4411/1/4 4413/1/4
f 4414/4/4 4415/4/4 4416/4/4
f 4416/4/4 4415/4/4 4417/4/4
f 4418/4/4 4419/4/4 4421/4/4
f 4421/4/4 4419/4/4 4422/4/4
f 4420/4/4 4421/4/4 4425/4/4
f 4422/4/4 4423/4/4 4425/4/4
f 4421/4/4 4422/4/4 4425/4/4
f 4425/4/4 4423/4/4 4426/4/4
f 4426/4/4 4423/4/4 4427/4/4
f 4427/4/4 4423/4/4 4428/4/4
f 4424/4/4 4425/4/4 4431/4/4
f 4425/4/4 4426/4/4 4431/4/4
f 4431/4/4 4426/4/4 4432/4/4
f 4432/4/4 4426/4/4 4433/4/4
f 4427/4/4 4428/4/4 4434/4/4
f 4428/4/4 4429/4/4 4434/4/4
f 4434/4/4 4429/4/4 4435/4/4
f 4435/4/4 4429/4/4 4436/4/4
f 4431/4/4 4432/4/4 4439/4/4
f 4430/4/4 4431/4/4 4439/4/4
f 4439/4/4 4432/4/4 4440/4/4
f 4440/4/4 4432/4/4 4441/4/4
f 4436/4/4 4437/4/4 4442/4/4
f 4435/4/4 4436/4/4 4442/4/4
f 4442/4/4 4437/4/4 4443/4/4
f 4443/4/4 4437/4/4 4444/4/4
f 4439/4/4 4440/4/4 4447/4/4
f 4438/4/4 4439/4/4 4447/4/4
f 4447/4/4 4440/4/4 4448/4/4
f 4448/4/4 4440/4/4 4449/4/4
f 4444/4/4 4445/4/4 4450/4/4
f 4443/4/4 4444/4/4 4450/4/4
f 4450/4/4 4445/4/4 4451/4/4
f 4451/4/4 4445/4/4 4452/4/4
f 4447/4/4 4448/4/4 4455/4/4
f 4446/4/4 4447/4/4 4455/4/4
f 4455/4/4 4448/4/4 4456/4/4
f 4456/4/4 4448/4/4 4457/4/4
f 4452/4/4 4453/4/4 4458/4/4
f 4451/4/4 4452/4/4 4458/4/4
f 4458/4/4 4453/4/4 4459/4/4
f 4459/4/4 4453/4/4 4460/4/4
f 4455/4/4 4456/4/4 4462/4/4
f 4454/4/4 4455/4/4 4462/4/4
f 4462/4/4 4456/4/4 4463/4/4
f 4460/4/4 4461/4/4 4464/4/4
f 4459/4/4 4460/4/4 4464/4/4
f 4464/4/4 4461/4/4 4465/4/4
f 4454/4/4 4462/4/4 4467/4/4
f 4467/4/4 4462/4/4 4468/4/4
f 4465/4/4 4461/4/4 4469/4/4
f 4469/4/4 4461/4/4 4470/4/4
f 4466/4/4 4467/4/4 4473/4/4
f 4473/4/4 4467/4/4 4474/4/4
f 4470/4/4 4471/4/4 4475/4/4
f 4475/4/4 4471/4/4 4476/4/4
f 4472/4/4 4473/4/4 4478/4/4
f 4478/4/4 4473/4/4 4479/4/4
f 4476/4/4 4477/4/4 4480/4/4
f 4480/4/4 4477/4/4 4481/4/4
f 4481/4/4 4482/4/4 4483/4/4
f 4483/4/4 4482/4/4 4484/4/4
f 4485/1/4 4486/1/4 4487/1/4
f 4487/1/4 4486/1/4 4488/1/4
f 4489/1/4 4490/1/4 4491/1/4
f 4491/1/4 4490/1/4 4492/1/4
f 4492/1/4 4493/1/4 4494/1/4
f 4494/1/4 4493/1/4 4495/1/4
f 4496/4/4 4497/4/4 4498/4/4
f 4498/4/4 4497/4/4 4499/4/4
f 4500/4/4 4501/4/4 4503/4/4
f 4503/4/4 4501/4/4 4504/4/4
f 4502/4/4 4503/4/4 4507/4/4
f 4504/4/4 4505/4/4 4507/4/4
f 4503/4/4 4504/4/4 4507/4/4
f 4507/4/4 4505/4/4 4508/4/4
f 4508/4/4 4505/4/4 4509/4/4
f 4509/4/4 4505/4/4 4510/4/4
f 4506/4/4 4507/4/4 4513/4/4
f 4507/4/4 4508/4/4 4513/4/4
f 4513/4/4 4508/4/4 4514/4/4
f 4514/4/4 4508/4/4 4515/4/4
f 4509/4/4 4510/4/4 4516/4/4
f 4510/4/4 4511/4/4 4516/4/4
f 4516/4/4 4511/4/4 4517/4/4
f 4517/4/4 4511/4/4 4518/4/4
f 4513/4/4 4514/4/4 4521/4/4
f 4512/4/4 4513/4/4 4521/4/4
f 4521/4/4 4514/4/4 4522/4/4
f 4518/4/4 4519/4/4 4523/4/4
f 4517/4/4 4518/4/4 4523/4/4
f 4523/4/4 4519/4/4 4524/4/4
f 4520/4/4 4521/4/4 4527/4/4
f 4527/4/4 4521/4/4 4528/4/4
f 4524/4/4 4525/4/4 4529/4/4
f 4529/4/4 4525/4/4 4530/4/4
f 4526/4/4 4527/4/4 4533/4/4
f 4533/4/4 4527/4/4 4534/4/4
f 4530/4/4 4531/4/4 4535/4/4
f 4535/4/4 4531/4/4 4536/4/4
f 4532/4/4 4533/4/4 4539/4/4
f 4536/4/4 4537/4/4 4540/4/4
f 4538/4/4 4539/4/4 4542/4/4
f 4539/4/4 4533/4/4 4542/4/4
f 4542/4/4 4533/4/4 4543/4/4
f 4540/4/4 4541/4/4 4544/4/4
f 4536/4/4 4540/4/4 4544/4/4
f 4544/4/4 4541/4/4 4545/4/4
f 4538/4/4 4542/4/4 4547/4/4
f 4547/4/4 4542/4/4 4548/4/4
f 4545/4/4 4541/4/4 4549/4/4
f 4549/4/4 4541/4/4 4550/4/4
f 4546/4/4 4547/4/4 4552/4/4
f 4552/4/4 4547/4/4 4553/4/4
f 4550/4/4 4551/4/4 4554/4/4
f 4554/4/4 4551/4/4 4555/4/4
f 4555/4/4 4556/4/4 4557/4/4
f 4557/4/4 4556/4/4 4558/4/4
f 4559/1/4 4560/1/4 4561/1/4
f 4561/1/4 4560/1/4 4562/1/4
f 4563/1/4 4564/1/4 4565/1/4
f 4565/1/4 4564/1/4 4566/1/4
f 4566/1/4 4567/1/4 4568/1/4
f 4568/1/4 4567/1/4 4569/1/4
f 4568/4/4 4569/4/4 4570/4/4
f 4570/4/4 4569/4/4 4571/4/4
f 4571/4/4 4572/4/4 4573/4/4
f 4573/4/4 4572/4/4 4574/4/4
f 4575/4/4 4576/4/4 4578/4/4
f 4578/4/4 4576/4/4 4579/4/4
f 4577/4/4 4578/4/4 4582/4/4
f 4579/4/4 4580/4/4 4582/4/4
f 4578/4/4 4579/4/4 4582/4/4
f 4582/4/4 4580/4/4 4583/4/4
f 4583/4/4 4580/4/4 4584/4/4
f 4584/4/4 4580/4/4 4585/4/4
f 4581/4/4 4582/4/4 4588/4/4
f 4582/4/4 4583/4/4 4588/4/4
f 4588/4/4 4583/4/4 4589/4/4
f 4589/4/4 4583/4/4 4590/4/4
f 4584/4/4 4585/4/4 4591/4/4
f 4585/4/4 4586/4/4 4591/4/4
f 4591/4/4 4586/4/4 4592/4/4
f 4592/4/4 4586/4/4 4593/4/4
f 4588/4/4 4589/4/4 4596/4/4
f 4587/4/4 4588/4/4 4596/4/4
f 4596/4/4 4589/4/4 4597/4/4
f 4597/4/4 4589/4/4 4598/4/4
f 4593/4/4 4594/4/4 4599/4/4
f 4592/4/4 4593/4/4 4599/4/4
f 4599/4/4 4594/4/4 4600/4/4
f 4600/4/4 4594/4/4 4601/4/4
f 4596/4/4 4597/4/4 4603/4/4
f 4595/4/4 4596/4/4 4603/4/4
f 4603/4/4 4597/4/4 4604/4/4
f 4601/4/4 4602/4/4 4605/4/4
f 4600/4/4 4601/4/4 4605/4/4
f 4605/4/4 4602/4/4 4606/4/4
f 4595/4/4 4603/4/4 4608/4/4
f 4608/4/4 4603/4/4 4609/4/4
f 4606/4/4 4602/4/4 4610/4/4
f 4610/4/4 4602/4/4 4611/4/4
f 4607/4/4 4608/4/4 4614/4/4
f 4614/4/4 4608/4/4 4615/4/4
f 4611/4/4 4612/4/4 4616/4/4
f 4616/4/4 4612/4/4 4617/4/4
f 4613/4/4 4614/4/4 4620/4/4
f 4620/4/4 4614/4/4 4621/4/4
f 4617/4/4 4618/4/4 4622/4/4
f 4622/4/4 4618/4/4 4623/4/4
f 4619/4/4 4620/4/4 4625/4/4
f 4625/4/4 4620/4/4 4626/4/4
f 4623/4/4 4624/4/4 4627/4/4
f 4627/4/4 4624/4/4 4628/4/4
f 4628/4/4 4629/4/4 4630/4/4
f 4630/4/4 4629/4/4 4631/4/4
f 4632/4/4 4633/4/4 4634/4/4
f 4634/4/4 4633/4/4 4635/4/4
f 4635/4/4 4636/4/4 4637/4/4
f 4637/4/4 4636/4/4 4638/4/4
f 4639/4/4 4640/4/4 4641/4/4
f 4641/4/4 4640/4/4 4642/4/4
f 4643/4/4 4644/4/4 4646/4/4
f 4646/4/4 4644/4/4 4647/4/4
f 4645/4/4 4646/4/4 4650/4/4
f 4647/4/4 4648/4/4 4650/4/4
f 4646/4/4 4647/4/4 4650/4/4
f 4650/4/4 4648/4/4 4651/4/4
f 4651/4/4 4648/4/4 4652/4/4
f 4652/4/4 4648/4/4 4653/4/4
f 4649/4/4 4650/4/4 4656/4/4
f 4650/4/4 4651/4/4 4656/4/4
f 4656/4/4 4651/4/4 4657/4/4
f 4657/4/4 4651/4/4 4658/4/4
f 4652/4/4 4653/4/4 4659/4/4
f 4653/4/4 4654/4/4 4659/4/4
f 4659/4/4 4654/4/4 4660/4/4
f 4660/4/4 4654/4/4 4661/4/4
f 4656/4/4 4657/4/4 4664/4/4
f 4655/4/4 4656/4/4 4664/4/4
f 4664/4/4 4657/4/4 4665/4/4
f 4665/4/4 4657/4/4 4666/4/4
f 4661/4/4 4662/4/4 4667/4/4
f 4660/4/4 4661/4/4 4667/4/4
f 4667/4/4 4662/4/4 4668/4/4
f 4668/4/4 4662/4/4 4669/4/4
f 4664/4/4 4665/4/4 4672/4/4
f 4663/4/4 4664/4/4 4672/4/4
f 4672/4/4 4665/4/4 4673/4/4
f 4673/4/4 4665/4/4 4674/4/4
f 4669/4/4 4670/4/4 4675/4/4
f 4668/4/4 4669/4/4 4675/4/4
f 4675/4/4 4670/4/4 4676/4/4
f 4676/4/4 4670/4/4 4677/4/4
f 4672/4/4 4673/4/4 4680/4/4
f 4671/4/4 4672/4/4 4680/4/4
f 4680/4/4 4673/4/4 4681/4/4
f 4681/4/4 4673/4/4 4682/4/4
f 4677/4/4 4678/4/4 4683/4/4
f 4676/4/4 4677/4/4 4683/4/4
f 4683/4/4 4678/4/4 4684/4/4
f 4684/4/4 4678/4/4 4685/4/4
f 4680/4/4 4681/4/4 4687/4/4
f 4679/4/4 4680/4/4 4687/4/4
f 4687/4/4 4681/4/4 4688/4/4
f 4685/4/4 4686/4/4 4689/4/4
f 4684/4/4 4685/4/4 4689/4/4
f 4689/4/4 4686/4/4 4690/4/4
f 4679/4/4 4687/4/4 4692/4/4
f 4692/4/4 4687/4/4 4693/4/4
f 4690/4/4 4686/4/4 4694/4/4
f 4694/4/4 4686/4/4 4695/4/4
f 4691/4/4 4692/4/4 4697/4/4
f 4697/4/4 4692/4/4 4698/4/4
f 4695/4/4 4696/4/4 4699/4/4
f 4699/4/4 4696/4/4 4700/4/4
f 4700/4/4 4701/4/4 4702/4/4
f 4702/4/4 4701/4/4 4703/4/4
f 4704/4/4 4705/4/4 4706/4/4
f 4706/4/4 4705/4/4 4707/4/4
f 4707/4/4 4708/4/4 4709/4/4
f 4709/4/4 4708/4/4 4710/4/4
f 4711/4/4 4712/4/4 4714/4/4
f 4714/4/4 4712/4/4 4715/4/4
f 4713/4/4 4714/4/4 4718/4/4
f 4715/4/4 4716/4/4 4718/4/4
f 4714/4/4 4715/4/4 4718/4/4
f 4718/4/4 4716/4/4 4719/4/4
f 4719/4/4 4716/4/4 4720/4/4
f 4720/4/4 4716/4/4 4721/4/4
f 4717/4/4 4718/4/4 4724/4/4
f 4718/4/4 4719/4/4 4724/4/4
f 4724/4/4 4719/4/4 4725/4/4
f 4725/4/4 4719/4/4 4726/4/4
f 4720/4/4 4721/4/4 4727/4/4
f 4721/4/4 4722/4/4 4727/4/4
f 4727/4/4 4722/4/4 4728/4/4
f 4728/4/4 4722/4/4 4729/4/4
f 4724/4/4 4725/4/4 4732/4/4
f 4723/4/4 4724/4/4 4732/4/4
f 4732/4/4 4725/4/4 4733/4/4
f 4733/4/4 4725/4/4 4734/4/4
f 4729/4/4 4730/4/4 4735/4/4
f 4728/4/4 4729/4/4 4735/4/4
f 4735/4/4 4730/4/4 4736/4/4
f 4736/4/4 4730/4/4 4737/4/4
f 4732/4/4 4733/4/4 4740/4/4
f 4731/4/4 4732/4/4 4740/4/4
f 4740/4/4 4733/4/4 4741/4/4
f 4741/4/4 4733/4/4 4742/4/4
f 4737/4/4 4738/4/4 4743/4/4
f 4736/4/4 4737/4/4 4743/4/4
f 4743/4/4 4738/4/4 4744/4/4
f 4744/4/4 4738/4/4 4745/4/4
f 4740/4/4 4741/4/4 4748/4/4
f 4739/4/4 4740/4/4 4748/4/4
f 4748/4/4 4741/4/4 4749/4/4
f 4749/4/4 4741/4/4 4750/4/4
f 4745/4/4 4746/4/4 4751/4/4
f 4744/4/4 4745/4/4 4751/4/4
f 4751/4/4 4746/4/4 4752/4/4
f 4752/4/4 4746/4/4 4753/4/4
f 4748/4/4 4749/4/4 4756/4/4
f 4747/4/4 4748/4/4 4756/4/4
f 4756/4/4 4749/4/4 4757/4/4
f 4757/4/4 4749/4/4 4758/4/4
f 4753/4/4 4754/4/4 4759/4/4
f 4752/4/4 4753/4/4 4759/4/4
f 4759/4/4 4754/4/4 4760/4/4
f 4760/4/4 4754/4/4 4761/4/4
f 4756/4/4 4757/4/4 4763/4/4
f 4755/4/4 4756/4/4 4763/4/4
f 4763/4/4 4757/4/4 4764/4/4
f 4761/4/4 4762/4/4 4765/4/4
f 4760/4/4 4761/4/4 4765/4/4
f 4765/4/4 4762/4/4 4766/4/4
f 4766/4/4 4762/4/4 4767/4/4
f 4755/4/4 4763/4/4 4769/4/4
f 4769/4/4 4763/4/4 4770/4/4
f 4767/4/4 4768/4/4 4771/4/4
f 4766/4/4 4767/4/4 4771/4/4
f 4771/4/4 4768/4/4 4772/4/4
f 4772/4/4 4768/4/4 4773/4/4
f 4773/4/4 4768/4/4 4774/4/4
f 4775/4/4 4776/4/4 4777/4/4
f 4777/4/4 4776/4/4 4778/4/4
f 4779/4/4 4780/4/4 4782/4/4
f 4782/4/4 4780/4/4 4783/4/4
f 4781/4/4 4782/4/4 4786/4/4
f 4783/4/4 4784/4/4 4786/4/4
f 4782/4/4 4783/4/4 4786/4/4
f 4786/4/4 4784/4/4 4787/4/4
f 4787/4/4 4784/4/4 4788/4/4
f 4788/4/4 4784/4/4 4789/4/4
f 4785/4/4 4786/4/4 4792/4/4
f 4786/4/4 4787/4/4 4792/4/4
f 4792/4/4 4787/4/4 4793/4/4
f 4793/4/4 4787/4/4 4794/4/4
f 4788/4/4 4789/4/4 4795/4/4
f 4789/4/4 4790/4/4 4795/4/4
f 4795/4/4 4790/4/4 4796/4/4
f 4796/4/4 4790/4/4 4797/4/4
f 4792/4/4 4793/4/4 4800/4/4
f 4791/4/4 4792/4/4 4800/4/4
f 4800/4/4 4793/4/4 4801/4/4
f 4801/4/4 4793/4/4 4802/4/4
f 4797/4/4 4798/4/4 4803/4/4
f 4796/4/4 4797/4/4 4803/4/4
f 4803/4/4 4798/4/4 4804/4/4
f 4804/4/4 4798/4/4 4805/4/4
f 4800/4/4 4801/4/4 4808/4/4
f 4799/4/4 4800/4/4 4808/4/4
f 4808/4/4 4801/4/4 4809/4/4
f 4805/4/4 4806/4/4 4810/4/4
f 4804/4/4 4805/4/4 4810/4/4
f 4810/4/4 4806/4/4 4811/4/4
f 4807/4/4 4808/4/4 4814/4/4
f 4814/4/4 4808/4/4 4815/4/4
f 4811/4/4 4812/4/4 4816/4/4
f 4816/4/4 4812/4/4 4817/4/4
f 4813/4/4 4814/4/4 4820/4/4
f 4820/4/4 4814/4/4 4821/4/4
f 4817/4/4 4818/4/4 4822/4/4
f 4822/4/4 4818/4/4 4823/4/4
f 4819/4/4 4820/4/4 4825/4/4
f 4825/4/4 4820/4/4 4826/4/4
f 4823/4/4 4824/4/4 4827/4/4
f 4827/4/4 4824/4/4 4828/4/4
f 4828/4/4 4829/4/4 4830/4/4
f 4830/4/4 4829/4/4 4831/4/4
f 4832/4/4 4833/4/4 4835/4/4
f 4835/4/4 4833/4/4 4836/4/4
f 4834/4/4 4835/4/4 4839/4/4
f 4836/4/4 4837/4/4 4839/4/4
f 4835/4/4 4836/4/4 4839/4/4
f 4839/4/4 4837/4/4 4840/4/4
f 4840/4/4 4837/4/4 4841/4/4
f 4841/4/4 4837/4/4 4842/4/4
f 4838/4/4 4839/4/4 4845/4/4
f 4839/4/4 4840/4/4 4845/4/4
f 4845/4/4 4840/4/4 4846/4/4
f 4846/4/4 4840/4/4 4847/4/4
f 4841/4/4 4842/4/4 4848/4/4
f 4842/4/4 4843/4/4 4848/4/4
f 4848/4/4 4843/4/4 4849/4/4
f 4849/4/4 4843/4/4 4850/4/4
f 4845/4/4 4846/4/4 4853/4/4
f 4844/4/4 4845/4/4 4853/4/4
f 4853/4/4 4846/4/4 4854/4/4
f 4854/4/4 4846/4/4 4855/4/4
f 4850/4/4 4851/4/4 4856/4/4
f 4849/4/4 4850/4/4 4856/4/4
f 4856/4/4 4851/4/4 4857/4/4
f 4857/4/4 4851/4/4 4858/4/4
f 4853/4/4 4854/4/4 4861/4/4
f 4852/4/4 4853/4/4 4861/4/4
f 4861/4/4 4854/4/4 4862/4/4
f 4862/4/4 4854/4/4 4863/4/4
f 4858/4/4 4859/4/4 4864/4/4
f 4857/4/4 4858/4/4 4864/4/4
f 4864/4/4 4859/4/4 4865/4/4
f 4865/4/4 4859/4/4 4866/4/4
f 4861/4/4 4862/4/4 4869/4/4
f 4860/4/4 4861/4/4 4869/4/4
f 4869/4/4 4862/4/4 4870/4/4
f 4870/4/4 4862/4/4 4871/4/4
f 4866/4/4 4867/4/4 4872/4/4
f 4865/4/4 4866/4/4 4872/4/4
f 4872/4/4 4867/4/4 4873/4/4
f 4873/4/4 4867/4/4 4874/4/4
f 4869/4/4 4870/4/4 4876/4/4
f 4868/4/4 4869/4/4 4876/4/4
f 4876/4/4 4870/4/4 4877/4/4
f 4874/4/4 4875/4/4 4878/4/4
f 4873/4/4 4874/4/4 4878/4/4
f 4878/4/4 4875/4/4 4879/4/4
f 4868/4/4 4876/4/4 4880/4/4
f 4880/4/4 4876/4/4 4881/4/4
f 4879/4/4 4875/4/4 4882/4/4
f 4882/4/4 4875/4/4 4883/4/4
f 4883/4/4 4884/4/4 4885/4/4
f 4885/4/4 4884/4/4 4886/4/4
f 4887/4/4 4888/4/4 4890/4/4
f 4890/4/4 4888/4/4 4891/4/4
f 4889/4/4 4890/4/4 4894/4/4
f 4891/4/4 4892/4/4 4894/4/4
f 4890/4/4 4891/4/4 4894/4/4
f 4894/4/4 4892/4/4 4895/4/4
f 4895/4/4 4892/4/4 4896/4/4
f 4896/4/4 4892/4/4 4897/4/4
f 4893/4/4 4894/4/4 4900/4/4
f 4894/4/4 4895/4/4 4900/4/4
f 4900/4/4 4895/4/4 4901/4/4
f 4901/4/4 4895/4/4 4902/4/4
f 4896/4/4 4897/4/4 4903/4/4
f 4897/4/4 4898/4/4 4903/4/4
f 4903/4/4 4898/4/4 4904/4/4
f 4904/4/4 4898/4/4 4905/4/4
f 4900/4/4 4901/4/4 4908/4/4
f 4899/4/4 4900/4/4 4908/4/4
f 4908/4/4 4901/4/4 4909/4/4
f 4909/4/4 4901/4/4 4910/4/4
f 4905/4/4 4906/4/4 4911/4/4
f 4904/4/4 4905/4/4 4911/4/4
f 4911/4/4 4906/4/4 4912/4/4
f 4912/4/4 4906/4/4 4913/4/4
f 4908/4/4 4909/4/4 4916/4/4
f 4907/4/4 4908/4/4 4916/4/4
f 4916/4/4 4909/4/4 4917/4/4
f 4917/4/4 4909/4/4 4918/4/4
f 4913/4/4 4914/4/4 4919/4/4
f 4912/4/4 4913/4/4 4919/4/4
f 4919/4/4 4914/4/4 4920/4/4
f 4920/4/4 4914/4/4 4921/4/4
f 4916/4/4 4917/4/4 4924/4/4
f 4915/4/4 4916/4/4 4924/4/4
f 4924/4/4 4917/4/4 4925/4/4
f 4925/4/4 4917/4/4 4926/4/4
f 4921/4/4 4922/4/4 4927/4/4
f 4920/4/4 4921/4/4 4927/4/4
f 4927/4/4 4922/4/4 4928/4/4
f 4928/4/4 4922/4/4 4929/4/4
f 4924/4/4 4925/4/4 4931/4/4
f 4923/4/4 4924/4/4 4931/4/4
f 4931/4/4 4925/4/4 4932/4/4
f 4929/4/4 4930/4/4 4933/4/4
f 4928/4/4 4929/4/4 4933/4/4
f 4933/4/4 4930/4/4 4934/4/4
f 4935/4/4 4936/4/4 4938/4/4
f 4938/4/4 4936/4/4 4939/4/4
f 4937/4/4 4938/4/4 4942/4/4
f 4939/4/4 4940/4/4 4942/4/4
f 4938/4/4 4939/4/4 4942/4/4
f 4942/4/4 4940/4/4 4943/4/4
f 4943/4/4 4940/4/4 4944/4/4
f 4944/4/4 4940/4/4 4945/4/4
f 4941/4/4 4942/4/4 4948/4/4
f 4942/4/4 4943/4/4 4948/4/4
f 4948/4/4 4943/4/4 4949/4/4
f 4949/4/4 4943/4/4 4950/4/4
f 4944/4/4 4945/4/4 4951/4/4
f 4945/4/4 4946/4/4 4951/4/4
f 4951/4/4 4946/4/4 4952/4/4
f 4952/4/4 4946/4/4 4953/4/4
f 4948/4/4 4949/4/4 4956/4/4
f 4947/4/4 4948/4/4 4956/4/4
f 4956/4/4 4949/4/4 4957/4/4
f 4957/4/4 4949/4/4 4958/4/4
f 4953/4/4 4954/4/4 4959/4/4
f 4952/4/4 4953/4/4 4959/4/4
f 4959/4/4 4954/4/4 4960/4/4
f 4960/4/4 4954/4/4 4961/4/4
f 4956/4/4 4957/4/4 4963/4/4
f 4955/4/4 4956/4/4 4963/4/4
f 4963/4/4 4957/4/4 4964/4/4
f 4961/4/4 4962/4/4 4965/4/4
f 4960/4/4 4961/4/4 4965/4/4
f 4965/4/4 4962/4/4 4966/4/4
f 4967/4/4 4968/4/4 4970/4/4
f 4970/4/4 4968/4/4 4971/4/4
f 4969/4/4 4970/4/4 4974/4/4
f 4971/4/4 4972/4/4 4974/4/4
f 4970/4/4 4971/4/4 4974/4/4
f 4974/4/4 4972/4/4 4975/4/4
f 4975/4/4 4972/4/4 4976/4/4
f 4976/4/4 4972/4/4 4977/4/4
f 4973/4/4 4974/4/4 4979/4/4
f 4974/4/4 4975/4/4 4979/4/4
f 4979/4/4 4975/4/4 4980/4/4
f 4977/4/4 4978/4/4 4981/4/4
f 4976/4/4 4977/4/4 4981/4/4
f 4981/4/4 4978/4/4 4982/4/4
f 4983/4/4 4984/4/4 4986/4/4
f 4986/4/4 4984/4/4 4987/4/4
f 4985/3/4 4986/3/4 4989/3/4
f 4987/3/4 4988/3/4 4989/3/4
f 4986/3/4 4987/3/4 4989/3/4
f 4989/3/4 4988/3/4 4990/3/4
f 4993/3/5 4992/3/5 4991/3/5
f 4994/3/5 4992/3/5 4993/3/5
f 4998/4/5 4996/4/5 4995/4/5
f 5000/4/5 4998/4/5 4997/4/5
f 5002/4/5 5000/4/5 4999/4/5
f 5004/4/5 5002/4/5 5001/4/5
f 5006/4/5 5004/4/5 5003/4/5
f 5008/4/5 5006/4/5 5005/4/5
f 5010/4/5 5008/4/5 5007/4/5
f 5012/4/5 5010/4/5 5009/4/5
f 5014/4/5 5012/4/5 5011/4/5
f 5016/4/5 5014/4/5 5013/4/5
f 5018/4/5 5016/4/5 5015/4/5
f 5020/4/5 5018/4/5 5017/4/5
f 5022/4/5 5020/4/5 5019/4/5
f 5024/4/5 5022/4/5 5021/4/5
f 5025/4/5 5024/4/5 5023/4/5
f 5026/4/5 5022/4/5 5024/4/5
f 5026/4/5 5024/4/5 5025/4/5
f 5027/4/5 5022/4/5 5026/4/5
f 5028/4/5 5020/4/5 5022/4/5
f 5028/4/5 5022/4/5 5027/4/5
f 5029/4/5 5020/4/5 5028/4/5
f 5030/4/5 5018/4/5 5020/4/5
f 5030/4/5 5020/4/5 5029/4/5
f 5031/4/5 5018/4/5 5030/4/5
f 5032/4/5 5016/4/5 5018/4/5
f 5032/4/5 5018/4/5 5031/4/5
f 5033/4/5 5016/4/5 5032/4/5
f 5034/4/5 5014/4/5 5016/4/5
f 5034/4/5 5016/4/5 5033/4/5
f 5035/4/5 5014/4/5 5034/4/5
f 5036/4/5 5012/4/5 5014/4/5
f 5036/4/5 5014/4/5 5035/4/5
f 5037/4/5 5012/4/5 5036/4/5
f 5038/4/5 5010/4/5 5012/4/5
f 5038/4/5 5012/4/5 5037/4/5
f 5039/4/5 5010/4/5 5038/4/5
f 5040/4/5 5008/4/5 5010/4/5
f 5040/4/5 5010/4/5 5039/4/5
f 5041/4/5 5008/4/5 5040/4/5
f 5042/4/5 5006/4/5 5008/4/5
f 5042/4/5 5008/4/5 5041/4/5
f 5043/4/5 5006/4/5 5042/4/5
f 5044/4/5 5004/4/5 5006/4/5
f 5044/4/5 5006/4/5 5043/4/5
f 5045/4/5 5004/4/5 5044/4/5
f 5046/4/5 5002/4/5 5004/4/5
f 5046/4/5 5004/4/5 5045/4/5
f 5047/4/5 5002/4/5 5046/4/5
f 5048/4/5 5000/4/5 5002/4/5
f 5048/4/5 5002/4/5 5047/4/5
f 5049/4/5 5000/4/5 5048/4/5
f 5050/4/5 4998/4/5 5000/4/5
f 5050/4/5 5000/4/5 5049/4/5
f 5051/4/5 4998/4/5 5050/4/5
f 5052/4/5 4996/4/5 4998/4/5
f 5052/4/5 4998/4/5 5051/4/5
f 5053/4/5 4996/4/5 5052/4/5
f 5054/4/5 4996/4/5 5053/4/5
f 5059/4/5 5056/4/5 5055/4/5
f 5060/4/5 5056/4/5 5059/4/5
f 5062/4/5 5058/4/5 5057/4/5
f 5063/4/5 5058/4/5 5062/4/5
f 5066/4/5 5062/4/5 5061/4/5
f 5067/4/5 5062/4/5 5066/4/5
f 5069/4/5 5065/4/5 5064/4/5
f 5070/4/5 5065/4/5 5069/4/5
f 5072/4/5 5069/4/5 5068/4/5
f 5073/4/5 5069/4/5 5072/4/5
f 5075/4/5 5072/4/5 5071/4/5
f 5076/4/5 5072/4/5 5075/4/5
f 5078/4/5 5075/4/5 5074/4/5
f 5079/4/5 5075/4/5 5078/4/5
f 5081/4/5 5078/4/5 5077/4/5
f 5082/4/5 5078/4/5 5081/4/5
f 5084/4/5 5081/4/5 5080/4/5
f 5085/4/5 5081/4/5 5084/4/5
f 5086/4/5 5081/4/5 5085/4/5
f 5088/4/5 5084/4/5 5083/4/5
f 5088/4/5 5085/4/5 5084/4/5
f 5089/4/5 5085/4/5 5088/4/5
f 5090/4/5 5085/4/5 5089/4/5
f 5092/4/5 5088/4/5 5087/4/5
f 5092/4/5 5089/4/5 5088/4/5
f 5093/4/5 5089/4/5 5092/4/5
f 5094/4/5 5089/4/5 5093/4/5
f 5096/4/5 5092/4/5 5091/4/5
f 5096/4/5 5093/4/5 5092/4/5
f 5097/4/5 5093/4/5 5096/4/5
f 5098/4/5 5093/4/5 5097/4/5
f 5100/4/5 5096/4/5 5095/4/5
f 5100/4/5 5097/4/5 5096/4/5
f 5101/4/5 5097/4/5 5100/4/5
f 5102/4/5 5097/4/5 5101/4/5
f 5104/4/5 5100/4/5 5099/4/5
f 5104/4/5 5101/4/5 5100/4/5
f 5105/4/5 5101/4/5 5104/4/5
f 5106/4/5 5101/4/5 5105/4/5
f 5107/4/5 5104/4/5 5103/4/5
f 5107/4/5 5105/4/5 5104/4/5
f 5108/4/5 5105/4/5 5107/4/5
f 5109/4/5 5105/4/5 5108/4/5
f 5111/4/5 5110/4/5 5109/4/5
f 5111/4/5 5109/4/5 5108/4/5
f 5112/4/5 5110/4/5 5111/4/5
f 5113/4/5 5110/4/5 5112/4/5
f 5115/4/5 5113/4/5 5112/4/5
f 5115/4/5 5114/4/5 5113/4/5
f 5116/4/5 5114/4/5 5115/4/5
f 5117/4/5 5114/4/5 5116/4/5
f 5119/4/5 5117/4/5 5116/4/5
f 5119/4/5 5118/4/5 5117/4/5
f 5120/4/5 5118/4/5 5119/4/5
f 5121/4/5 5118/4/5 5120/4/5
f 5123/4/5 5121/4/5 5120/4/5
f 5123/4/5 5122/4/5 5121/4/5
f 5124/4/5 5122/4/5 5123/4/5
f 5125/4/5 5122/4/5 5124/4/5
f 5127/4/5 5125/4/5 5124/4/5
f 5127/4/5 5126/4/5 5125/4/5
f 5128/4/5 5126/4/5 5127/4/5
f 5129/4/5 5126/4/5 5128/4/5
f 5131/4/5 5129/4/5 5128/4/5
f 5131/4/5 5130/4/5 5129/4/5
f 5132/4/5 5130/4/5 5131/4/5
f 5134/4/5 5133/4/5 5132/4/5
f 5135/4/5 5133/4/5 5134/4/5
f 5137/4/5 5136/4/5 5135/4/5
f 5138/4/5 5136/4/5 5137/4/5
f 5140/4/5 5139/4/5 5138/4/5
f 5141/4/5 5139/4/5 5140/4/5
f 5143/4/5 5142/4/5 5141/4/5
f 5144/4/5 5142/4/5 5143/4/5
f 5146/4/5 5145/4/5 5144/4/5
f 5147/4/5 5145/4/5 5146/4/5
f 5150/4/5 5149/4/5 5148/4/5
f 5151/4/5 5149/4/5 5150/4/5
f 5153/4/5 5152/4/5 5151/4/5
f 5154/4/5 5152/4/5 5153/4/5
f 5157/4/5 5156/4/5 5155/4/5
f 5158/4/5 5156/4/5 5157/4/5
f 5163/4/5 5160/4/5 5159/4/5
f 5164/4/5 5160/4/5 5163/4/5
f 5167/4/5 5162/4/5 5161/4/5
f 5168/4/5 5162/4/5 5167/4/5
f 5170/4/5 5166/4/5 5165/4/5
f 5171/4/5 5166/4/5 5170/4/5
f 5174/4/5 5170/4/5 5169/4/5
f 5175/4/5 5170/4/5 5174/4/5
f 5178/4/5 5173/4/5 5172/4/5
f 5179/4/5 5173/4/5 5178/4/5
f 5181/4/5 5177/4/5 5176/4/5
f 5182/4/5 5177/4/5 5181/4/5
f 5185/4/5 5181/4/5 5180/4/5
f 5186/4/5 5181/4/5 5185/4/5
f 5188/4/5 5184/4/5 5183/4/5
f 5189/4/5 5184/4/5 5188/4/5
f 5191/4/5 5188/4/5 5187/4/5
f 5192/4/5 5188/4/5 5191/4/5
f 5194/4/5 5191/4/5 5190/4/5
f 5195/4/5 5191/4/5 5194/4/5
f 5197/4/5 5194/4/5 5193/4/5
f 5198/4/5 5194/4/5 5197/4/5
f 5200/4/5 5197/4/5 5196/4/5
f 5201/4/5 5197/4/5 5200/4/5
f 5202/4/5 5197/4/5 5201/4/5
f 5204/4/5 5200/4/5 5199/4/5
f 5204/4/5 5201/4/5 5200/4/5
f 5205/4/5 5201/4/5 5204/4/5
f 5206/4/5 5201/4/5 5205/4/5
f 5208/4/5 5204/4/5 5203/4/5
f 5208/4/5 5205/4/5 5204/4/5
f 5209/4/5 5205/4/5 5208/4/5
f 5210/4/5 5205/4/5 5209/4/5
f 5212/2/5 5208/2/5 5207/2/5
f 5213/4/5 5209/4/5 5208/4/5
f 5213/2/5 5208/2/5 5212/2/5
f 5214/4/5 5209/4/5 5213/4/5
f 5215/2/5 5212/2/5 5211/2/5
f 5215/2/5 5213/2/5 5212/2/5
f 5216/2/5 5213/2/5 5215/2/5
f 5217/2/5 5213/2/5 5216/2/5
f 5219/2/5 5217/2/5 5216/2/5
f 5220/4/5 5218/4/5 5217/4/5
f 5220/2/5 5217/2/5 5219/2/5
f 5221/4/5 5218/4/5 5220/4/5
f 5223/4/5 5221/4/5 5220/4/5
f 5223/4/5 5222/4/5 5221/4/5
f 5224/4/5 5222/4/5 5223/4/5
f 5225/4/5 5222/4/5 5224/4/5
f 5227/4/5 5225/4/5 5224/4/5
f 5227/4/5 5226/4/5 5225/4/5
f 5228/4/5 5226/4/5 5227/4/5
f 5229/4/5 5226/4/5 5228/4/5
f 5231/4/5 5229/4/5 5228/4/5
f 5231/4/5 5230/4/5 5229/4/5
f 5232/4/5 5230/4/5 5231/4/5
f 5234/4/5 5233/4/5 5232/4/5
f 5235/4/5 5233/4/5 5234/4/5
f 5237/4/5 5236/4/5 5235/4/5
f 5238/4/5 5236/4/5 5237/4/5
f 5240/4/5 5239/4/5 5238/4/5
f 5241/4/5 5239/4/5 5240/4/5
f 5243/4/5 5242/4/5 5241/4/5
f 5244/4/5 5242/4/5 5243/4/5
f 5247/4/5 5246/4/5 5245/4/5
f 5248/4/5 5246/4/5 5247/4/5
f 5250/4/5 5249/4/5 5248/4/5
f 5251/4/5 5249/4/5 5250/4/5
f 5254/4/5 5253/4/5 5252/4/5
f 5255/4/5 5253/4/5 5254/4/5
f 5258/4/5 5257/4/5 5256/4/5
f 5259/4/5 5257/4/5 5258/4/5
f 5261/4/5 5260/4/5 5259/4/5
f 5262/4/5 5260/4/5 5261/4/5
f 5265/4/5 5264/4/5 5263/4/5
f 5266/4/5 5264/4/5 5265/4/5
f 5269/4/5 5268/4/5 5267/4/5
f 5270/4/5 5268/4/5 5269/4/5
f 5275/4/5 5272/4/5 5271/4/5
f 5276/4/5 5272/4/5 5275/4/5
f 5279/4/5 5274/4/5 5273/4/5
f 5280/4/5 5274/4/5 5279/4/5
f 5282/4/5 5278/4/5 5277/4/5
f 5283/4/5 5278/4/5 5282/4/5
f 5286/4/5 5282/4/5 5281/4/5
f 5287/4/5 5282/4/5 5286/4/5
f 5290/4/5 5285/4/5 5284/4/5
f 5291/4/5 5285/4/5 5290/4/5
f 5293/4/5 5289/4/5 5288/4/5
f 5294/4/5 5289/4/5 5293/4/5
f 5296/4/5 5293/4/5 5292/4/5
f 5297/4/5 5293/4/5 5296/4/5
f 5300/4/5 5296/4/5 5295/4/5
f 5301/4/5 5296/4/5 5300/4/5
f 5303/4/5 5299/4/5 5298/4/5
f 5304/4/5 5299/4/5 5303/4/5
f 5306/4/5 5303/4/5 5302/4/5
f 5307/4/5 5303/4/5 5306/4/5
f 5309/4/5 5306/4/5 5305/4/5
f 5310/4/5 5306/4/5 5309/4/5
f 5312/4/5 5309/4/5 5308/4/5
f 5313/4/5 5309/4/5 5312/4/5
f 5315/4/5 5312/4/5 5311/4/5
f 5316/4/5 5312/4/5 5315/4/5
f 5317/2/5 5315/2/5 5314/2/5
f 5318/2/5 5315/2/5 5317/2/5
f 5320/2/5 5317/2/5 5314/2/5
f 5322/2/5 5320/2/5 5319/2/5
f 5323/2/5 5317/2/5 5320/2/5
f 5323/2/5 5320/2/5 5322/2/5
f 5324/2/5 5317/2/5 5323/2/5
f 5325/2/5 5322/2/5 5321/2/5
f 5325/2/5 5323/2/5 5322/2/5
f 5326/2/5 5323/2/5 5325/2/5
f 5327/2/5 5323/2/5 5326/2/5
f 5329/2/5 5328/2/5 5327/2/5
f 5329/2/5 5327/2/5 5326/2/5
f 5330/2/5 5328/2/5 5329/2/5
f 5331/2/5 5328/2/5 5330/2/5
f 5333/2/5 5331/2/5 5330/2/5
f 5333/2/5 5332/2/5 5331/2/5
f 5334/2/5 5332/2/5 5333/2/5
f 5336/4/5 5335/4/5 5334/4/5
f 5337/4/5 5335/4/5 5336/4/5
f 5339/4/5 5338/4/5 5337/4/5
f 5340/4/5 5338/4/5 5339/4/5
f 5342/4/5 5341/4/5 5340/4/5
f 5343/4/5 5341/4/5 5342/4/5
f 5345/4/5 5344/4/5 5343/4/5
f 5346/4/5 5344/4/5 5345/4/5
f 5348/4/5 5347/4/5 5346/4/5
f 5349/4/5 5347/4/5 5348/4/5
f 5352/4/5 5351/4/5 5350/4/5
f 5353/4/5 5351/4/5 5352/4/5
f 5355/4/5 5354/4/5 5353/4/5
f 5356/4/5 5354/4/5 5355/4/5
f 5358/4/5 5357/4/5 5356/4/5
f 5359/4/5 5357/4/5 5358/4/5
f 5362/4/5 5361/4/5 5360/4/5
f 5363/4/5 5361/4/5 5362/4/5
f 5366/4/5 5365/4/5 5364/4/5
f 5367/4/5 5365/4/5 5366/4/5
f 5369/4/5 5368/4/5 5367/4/5
f 5370/4/5 5368/4/5 5369/4/5
f 5373/4/5 5372/4/5 5371/4/5
f 5374/4/5 5372/4/5 5373/4/5
f 5377/4/5 5376/4/5 5375/4/5
f 5378/4/5 5376/4/5 5377/4/5
f 5383/4/5 5380/4/5 5379/4/5
f 5384/4/5 5380/4/5 5383/4/5
f 5387/4/5 5382/4/5 5381/4/5
f 5388/4/5 5382/4/5 5387/4/5
f 5389/4/5 5386/4/5 5385/4/5
f 5390/4/5 5386/4/5 5389/4/5
f 5395/4/5 5392/4/5 5391/4/5
f 5396/4/5 5392/4/5 5395/4/5
f 5399/4/5 5394/4/5 5393/4/5
f 5400/4/5 5394/4/5 5399/4/5
f 5403/4/5 5398/4/5 5397/4/5
f 5404/4/5 5398/4/5 5403/4/5
f 5406/4/5 5402/4/5 5401/4/5
f 5407/4/5 5402/4/5 5406/4/5
f 5410/4/5 5406/4/5 5405/4/5
f 5411/4/5 5406/4/5 5410/4/5
f 5413/4/5 5409/4/5 5408/4/5
f 5414/4/5 5409/4/5 5413/4/5
f 5416/4/5 5413/4/5 5412/4/5
f 5417/4/5 5413/4/5 5416/4/5
f 5420/4/5 5416/4/5 5415/4/5
f 5421/4/5 5416/4/5 5420/4/5
f 5423/2/5 5419/2/5 5418/2/5
f 5424/4/5 5420/4/5 5419/4/5
f 5424/2/5 5419/2/5 5423/2/5
f 5425/4/5 5420/4/5 5424/4/5
f 5427/2/5 5423/2/5 5422/2/5
f 5427/2/5 5424/2/5 5423/2/5
f 5428/2/5 5424/2/5 5427/2/5
f 5430/2/5 5427/2/5 5426/2/5
f 5432/2/5 5430/2/5 5429/2/5
f 5433/2/5 5427/2/5 5430/2/5
f 5433/2/5 5430/2/5 5432/2/5
f 5434/2/5 5427/2/5 5433/2/5
f 5436/2/5 5432/2/5 5431/2/5
f 5436/2/5 5433/2/5 5432/2/5
f 5437/2/5 5433/2/5 5436/2/5
f 5438/2/5 5433/2/5 5437/2/5
f 5439/2/5 5436/2/5 5435/2/5
f 5439/2/5 5437/2/5 5436/2/5
f 5440/2/5 5437/2/5 5439/2/5
f 5441/2/5 5437/2/5 5440/2/5
f 5443/2/5 5442/2/5 5441/2/5
f 5443/2/5 5441/2/5 5440/2/5
f 5444/2/5 5442/2/5 5443/2/5
f 5445/2/5 5442/2/5 5444/2/5
f 5447/2/5 5445/2/5 5444/2/5
f 5447/2/5 5446/2/5 5445/2/5
f 5448/2/5 5446/2/5 5447/2/5
f 5449/2/5 5446/2/5 5448/2/5
f 5450/2/5 5446/2/5 5449/2/5
f 5452/2/5 5451/2/5 5450/2/5
f 5453/2/5 5451/2/5 5452/2/5
f 5454/2/5 5451/2/5 5453/2/5
f 5456/2/5 5454/2/5 5453/2/5
f 5457/4/5 5455/4/5 5454/4/5
f 5457/2/5 5454/2/5 5456/2/5
f 5458/4/5 5455/4/5 5457/4/5
f 5460/4/5 5459/4/5 5458/4/5
f 5461/4/5 5459/4/5 5460/4/5
f 5463/4/5 5462/4/5 5461/4/5
f 5464/4/5 5462/4/5 5463/4/5
f 5466/4/5 5465/4/5 5464/4/5
f 5467/4/5 5465/4/5 5466/4/5
f 5470/4/5 5469/4/5 5468/4/5
f 5471/4/5 5469/4/5 5470/4/5
f 5473/4/5 5472/4/5 5471/4/5
f 5474/4/5 5472/4/5 5473/4/5
f 5477/4/5 5476/4/5 5475/4/5
f 5478/4/5 5476/4/5 5477/4/5
f 5481/4/5 5480/4/5 5479/4/5
f 5482/4/5 5480/4/5 5481/4/5
f 5485/4/5 5484/4/5 5483/4/5
f 5486/4/5 5484/4/5 5485/4/5
f 5489/4/5 5488/4/5 5487/4/5
f 5490/4/5 5488/4/5 5489/4/5
f 5493/4/5 5492/4/5 5491/4/5
f 5494/4/5 5492/4/5 5493/4/5
f 5497/4/5 5496/4/5 5495/4/5
f 5498/4/5 5496/4/5 5497/4/5
f 5503/4/5 5500/4/5 5499/4/5
f 5504/4/5 5500/4/5 5503/4/5
f 5507/4/5 5502/4/5 5501/4/5
f 5508/4/5 5502/4/5 5507/4/5
f 5511/4/5 5506/4/5 5505/4/5
f 5512/4/5 5506/4/5 5511/4/5
f 5515/4/5 5510/4/5 5509/4/5
f 5516/4/5 5510/4/5 5515/4/5
f 5518/4/5 5514/4/5 5513/4/5
f 5519/4/5 5514/4/5 5518/4/5
f 5522/4/5 5518/4/5 5517/4/5
f 5523/4/5 5518/4/5 5522/4/5
f 5526/4/5 5521/4/5 5520/4/5
f 5527/4/5 5521/4/5 5526/4/5
f 5529/4/5 5525/4/5 5524/4/5
f 5530/4/5 5525/4/5 5529/4/5
f 5533/4/5 5529/4/5 5528/4/5
f 5534/4/5 5529/4/5 5533/4/5
f 5536/2/5 5532/2/5 5531/2/5
f 5537/2/5 5532/2/5 5536/2/5
f 5539/2/5 5536/2/5 5535/2/5
f 5540/2/5 5536/2/5 5539/2/5
f 5542/2/5 5539/2/5 5538/2/5
f 5543/2/5 5539/2/5 5542/2/5
f 5544/2/5 5539/2/5 5543/2/5
f 5546/2/5 5542/2/5 5541/2/5
f 5546/2/5 5543/2/5 5542/2/5
f 5547/2/5 5543/2/5 5546/2/5
f 5548/2/5 5543/2/5 5547/2/5
f 5550/2/5 5546/2/5 5545/2/5
f 5550/2/5 5547/2/5 5546/2/5
f 5551/2/5 5547/2/5 5550/2/5
f 5552/2/5 5547/2/5 5551/2/5
f 5553/2/5 5550/2/5 5549/2/5
f 5553/2/5 5551/2/5 5550/2/5
f 5554/2/5 5551/2/5 5553/2/5
f 5555/2/5 5551/2/5 5554/2/5
f 5557/2/5 5556/2/5 5555/2/5
f 5557/2/5 5555/2/5 5554/2/5
f 5558/2/5 5556/2/5 5557/2/5
f 5559/2/5 5556/2/5 5558/2/5
f 5561/2/5 5559/2/5 5558/2/5
f 5561/2/5 5560/2/5 5559/2/5
f 5562/2/5 5560/2/5 5561/2/5
f 5563/2/5 5560/2/5 5562/2/5
f 5565/2/5 5563/2/5 5562/2/5
f 5565/2/5 5564/2/5 5563/2/5
f 5566/2/5 5564/2/5 5565/2/5
f 5568/2/5 5567/2/5 5566/2/5
f 5569/2/5 5567/2/5 5568/2/5
f 5571/2/5 5570/2/5 5569/2/5
f 5572/2/5 5570/2/5 5571/2/5
f 5575/4/5 5574/4/5 5573/4/5
f 5576/4/5 5574/4/5 5575/4/5
f 5578/4/5 5577/4/5 5576/4/5
f 5579/4/5 5577/4/5 5578/4/5
f 5582/4/5 5581/4/5 5580/4/5
f 5583/4/5 5581/4/5 5582/4/5
f 5586/4/5 5585/4/5 5584/4/5
f 5587/4/5 5585/4/5 5586/4/5
f 5589/4/5 5588/4/5 5587/4/5
f 5590/4/5 5588/4/5 5589/4/5
f 5593/4/5 5592/4/5 5591/4/5
f 5594/4/5 5592/4/5 5593/4/5
f 5597/4/5 5596/4/5 5595/4/5
f 5598/4/5 5596/4/5 5597/4/5
f 5601/4/5 5600/4/5 5599/4/5
f 5602/4/5 5600/4/5 5601/4/5
f 5605/4/5 5604/4/5 5603/4/5
f 5606/4/5 5604/4/5 5605/4/5
f 5611/4/5 5608/4/5 5607/4/5
f 5612/4/5 5608/4/5 5611/4/5
f 5615/4/5 5610/4/5 5609/4/5
f 5616/4/5 5610/4/5 5615/4/5
f 5619/4/5 5614/4/5 5613/4/5
f 5620/4/5 5614/4/5 5619/4/5
f 5623/4/5 5618/4/5 5617/4/5
f 5624/4/5 5618/4/5 5623/4/5
f 5627/4/5 5622/4/5 5621/4/5
f 5628/4/5 5622/4/5 5627/4/5
f 5629/4/5 5626/4/5 5625/4/5
f 5630/4/5 5626/4/5 5629/4/5
f 5635/4/5 5632/4/5 5631/4/5
f 5636/4/5 5632/4/5 5635/4/5
f 5639/4/5 5634/4/5 5633/4/5
f 5640/4/5 5634/4/5 5639/4/5
f 5642/4/5 5638/4/5 5637/4/5
f 5643/4/5 5638/4/5 5642/4/5
f 5645/2/5 5642/2/5 5641/2/5
f 5646/2/5 5642/2/5 5645/2/5
f 5648/2/5 5645/2/5 5644/2/5
f 5649/2/5 5645/2/5 5648/2/5
f 5651/2/5 5648/2/5 5647/2/5
f 5652/2/5 5648/2/5 5651/2/5
f 5654/2/5 5651/2/5 5650/2/5
f 5655/2/5 5651/2/5 5654/2/5
f 5657/2/5 5654/2/5 5653/2/5
f 5658/2/5 5654/2/5 5657/2/5
f 5659/2/5 5654/2/5 5658/2/5
f 5661/2/5 5657/2/5 5656/2/5
f 5661/2/5 5658/2/5 5657/2/5
f 5662/2/5 5658/2/5 5661/2/5
f 5663/2/5 5658/2/5 5662/2/5
f 5664/2/5 5661/2/5 5660/2/5
f 5664/2/5 5662/2/5 5661/2/5
f 5665/2/5 5662/2/5 5664/2/5
f 5666/2/5 5662/2/5 5665/2/5
f 5668/2/5 5667/2/5 5666/2/5
f 5668/2/5 5666/2/5 5665/2/5
f 5669/2/5 5667/2/5 5668/2/5
f 5670/2/5 5667/2/5 5669/2/5
f 5672/2/5 5670/2/5 5669/2/5
f 5672/2/5 5671/2/5 5670/2/5
f 5673/2/5 5671/2/5 5672/2/5
f 5675/2/5 5674/2/5 5673/2/5
f 5676/2/5 5674/2/5 5675/2/5
f 5678/2/5 5677/2/5 5676/2/5
f 5679/2/5 5677/2/5 5678/2/5
f 5681/2/5 5680/2/5 5679/2/5
f 5682/2/5 5680/2/5 5681/2/5
f 5684/2/5 5683/2/5 5682/2/5
f 5685/2/5 5683/2/5 5684/2/5
f 5687/4/5 5686/4/5 5685/4/5
f 5688/4/5 5686/4/5 5687/4/5
f 5691/4/5 5690/4/5 5689/4/5
f 5692/4/5 5690/4/5 5691/4/5
f 5695/4/5 5694/4/5 5693/4/5
f 5696/4/5 5694/4/5 5695/4/5
f 5699/4/5 5698/4/5 5697/4/5
f 5700/4/5 5698/4/5 5699/4/5
f 5703/4/5 5702/4/5 5701/4/5
f 5704/4/5 5702/4/5 5703/4/5
f 5707/4/5 5706/4/5 5705/4/5
f 5708/4/5 5706/4/5 5707/4/5
f 5711/4/5 5710/4/5 5709/4/5
f 5712/4/5 5710/4/5 5711/4/5
f 5715/4/5 5714/4/5 5713/4/5
f 5716/4/5 5714/4/5 5715/4/5
f 5719/4/5 5718/4/5 5717/4/5
f 5720/4/5 5718/4/5 5719/4/5
f 5725/4/5 5722/4/5 5721/4/5
f 5726/4/5 5722/4/5 5725/4/5
f 5729/4/5 5724/4/5 5723/4/5
f 5730/4/5 5724/4/5 5729/4/5
f 5733/4/5 5728/4/5 5727/4/5
f 5734/4/5 5728/4/5 5733/4/5
f 5737/4/5 5732/4/5 5731/4/5
f 5738/4/5 5732/4/5 5737/4/5
f 5739/2/5 5736/2/5 5735/2/5
f 5740/2/5 5736/2/5 5739/2/5
f 5745/2/5 5742/2/5 5741/2/5
f 5746/2/5 5742/2/5 5745/2/5
f 5748/2/5 5744/2/5 5743/2/5
f 5749/2/5 5744/2/5 5748/2/5
f 5751/2/5 5748/2/5 5747/2/5
f 5752/2/5 5748/2/5 5751/2/5
f 5754/2/5 5751/2/5 5750/2/5
f 5755/2/5 5751/2/5 5754/2/5
f 5757/2/5 5754/2/5 5753/2/5
f 5758/2/5 5754/2/5 5757/2/5
f 5759/2/5 5757/2/5 5756/2/5
f 5760/2/5 5757/2/5 5759/2/5
f 5762/2/5 5761/2/5 5760/2/5
f 5763/2/5 5761/2/5 5762/2/5
f 5765/2/5 5764/2/5 5763/2/5
f 5766/2/5 5764/2/5 5765/2/5
f 5768/2/5 5767/2/5 5766/2/5
f 5769/2/5 5767/2/5 5768/2/5
f 5771/2/5 5770/2/5 5769/2/5
f 5772/2/5 5770/2/5 5771/2/5
f 5775/2/5 5774/2/5 5773/2/5
f 5776/2/5 5774/2/5 5775/2/5
f 5779/2/5 5778/2/5 5777/2/5
f 5780/2/5 5778/2/5 5779/2/5
f 5783/4/5 5782/4/5 5781/4/5
f 5784/4/5 5782/4/5 5783/4/5
f 5787/4/5 5786/4/5 5785/4/5
f 5788/4/5 5786/4/5 5787/4/5
f 5791/4/5 5790/4/5 5789/4/5
f 5792/4/5 5790/4/5 5791/4/5
f 5795/4/5 5794/4/5 5793/4/5
f 5796/4/5 5794/4/5 5795/4/5
f 5801/4/5 5798/4/5 5797/4/5
f 5802/4/5 5798/4/5 5801/4/5
f 5805/4/5 5800/4/5 5799/4/5
f 5806/4/5 5800/4/5 5805/4/5
f 5809/4/5 5804/4/5 5803/4/5
f 5810/4/5 5804/4/5 5809/4/5
f 5813/4/5 5808/4/5 5807/4/5
f 5814/4/5 5808/4/5 5813/4/5
f 5817/4/5 5812/4/5 5811/4/5
f 5818/4/5 5812/4/5 5817/4/5
f 5821/4/5 5816/4/5 5815/4/5
f 5822/4/5 5816/4/5 5821/4/5
f 5825/4/5 5820/4/5 5819/4/5
f 5826/4/5 5820/4/5 5825/4/5
f 5827/4/5 5824/4/5 5823/4/5
f 5828/4/5 5824/4/5 5827/4/5
f 5833/2/5 5830/2/5 5829/2/5
f 5834/2/5 5830/2/5 5833/2/5
f 5837/2/5 5832/2/5 5831/2/5
f 5838/2/5 5832/2/5 5837/2/5
f 5841/2/5 5836/2/5 5835/2/5
f 5842/2/5 5836/2/5 5841/2/5
f 5844/2/5 5840/2/5 5839/2/5
f 5845/2/5 5840/2/5 5844/2/5
f 5847/2/5 5844/2/5 5843/2/5
f 5848/2/5 5844/2/5 5847/2/5
f 5850/2/5 5847/2/5 5846/2/5
f 5851/2/5 5847/2/5 5850/2/5
f 5852/5/5 5850/5/5 5849/5/5
f 5853/5/5 5850/5/5 5852/5/5
f 5855/2/5 5854/2/5 5853/2/5
f 5856/2/5 5854/2/5 5855/2/5
f 5858/2/5 5857/2/5 5856/2/5
f 5859/2/5 5857/2/5 5858/2/5
f 5861/2/5 5860/2/5 5859/2/5
f 5862/2/5 5860/2/5 5861/2/5
f 5865/2/5 5864/2/5 5863/2/5
f 5866/2/5 5864/2/5 5865/2/5
f 5869/2/5 5868/2/5 5867/2/5
f 5870/2/5 5868/2/5 5869/2/5
f 5873/2/5 5872/2/5 5871/2/5
f 5874/2/5 5872/2/5 5873/2/5
f 5877/4/5 5876/4/5 5875/4/5
f 5878/4/5 5876/4/5 5877/4/5
f 5881/4/5 5880/4/5 5879/4/5
f 5882/4/5 5880/4/5 5881/4/5
f 5885/4/5 5884/4/5 5883/4/5
f 5886/4/5 5884/4/5 5885/4/5
f 5889/4/5 5888/4/5 5887/4/5
f 5890/4/5 5888/4/5 5889/4/5
f 5893/4/5 5892/4/5 5891/4/5
f 5894/4/5 5892/4/5 5893/4/5
f 5897/4/5 5896/4/5 5895/4/5
f 5898/4/5 5896/4/5 5897/4/5
f 5901/4/5 5900/4/5 5899/4/5
f 5902/4/5 5900/4/5 5901/4/5
f 5905/4/5 5904/4/5 5903/4/5
f 5906/4/5 5904/4/5 5905/4/5
f 5911/4/5 5908/4/5 5907/4/5
f 5912/4/5 5908/4/5 5911/4/5
f 5915/4/5 5910/4/5 5909/4/5
f 5916/4/5 5910/4/5 5915/4/5
f 5919/4/5 5914/4/5 5913/4/5
f 5920/4/5 5914/4/5 5919/4/5
f 5923/2/5 5918/2/5 5917/2/5
f 5924/2/5 5918/2/5 5923/2/5
f 5927/2/5 5922/2/5 5921/2/5
f 5928/2/5 5922/2/5 5927/2/5
f 5931/2/5 5926/2/5 5925/2/5
f 5932/2/5 5926/2/5 5931/2/5
f 5935/2/5 5930/2/5 5929/2/5
f 5936/2/5 5930/2/5 5935/2/5
f 5938/2/5 5934/2/5 5933/2/5
f 5939/2/5 5934/2/5 5938/2/5
f 5941/2/5 5938/2/5 5937/2/5
f 5942/2/5 5938/2/5 5941/2/5
f 5943/5/5 5941/5/5 5940/5/5
f 5944/5/5 5941/5/5 5943/5/5
f 5947/5/5 5946/5/5 5945/5/5
f 5948/5/5 5946/5/5 5947/5/5
f 5950/2/5 5949/2/5 5948/2/5
f 5951/2/5 5949/2/5 5950/2/5
f 5953/2/5 5952/2/5 5951/2/5
f 5954/2/5 5952/2/5 5953/2/5
f 5957/2/5 5956/2/5 5955/2/5
f 5958/2/5 5956/2/5 5957/2/5
f 5961/2/5 5960/2/5 5959/2/5
f 5962/2/5 5960/2/5 5961/2/5
f 5965/2/5 5964/2/5 5963/2/5
f 5966/2/5 5964/2/5 5965/2/5
f 5969/2/5 5968/2/5 5967/2/5
f 5970/2/5 5968/2/5 5969/2/5
f 5973/4/5 5972/4/5 5971/4/5
f 5974/4/5 5972/4/5 5973/4/5
f 5977/4/5 5976/4/5 5975/4/5
f 5978/4/5 5976/4/5 5977/4/5
f 5981/4/5 5980/4/5 5979/4/5
f 5982/4/5 5980/4/5 5981/4/5
f 5986/5/5 5984/5/5 5983/5/5
f 5987/5/5 5984/5/5 5986/5/5
f 5989/5/5 5986/5/5 5985/5/5
f 5990/5/5 5986/5/5 5989/5/5
f 5991/5/5 5989/5/5 5988/5/5
f 5992/5/5 5989/5/5 5991/5/5
f 5995/5/5 5994/5/5 5993/5/5
f 5996/5/5 5994/5/5 5995/5/5
f 5998/5/5 5997/5/5 5996/5/5
f 5999/5/5 5997/5/5 5998/5/5
f 6001/5/5 6000/5/5 5999/5/5
f 6002/5/5 6000/5/5 6001/5/5
f 6006/5/5 6004/5/5 6003/5/5
f 6007/5/5 6004/5/5 6006/5/5
f 6009/5/5 6006/5/5 6005/5/5
f 6010/5/5 6006/5/5 6009/5/5
f 6011/5/5 6009/5/5 6008/5/5
f 6012/5/5 6009/5/5 6011/5/5
f 6014/5/5 6013/5/5 6012/5/5
f 6015/5/5 6013/5/5 6014/5/5
f 6017/5/5 6016/5/5 6015/5/5
f 6018/5/5 6016/5/5 6017/5/5
f 6022/5/5 6020/5/5 6019/5/5
f 6023/5/5 6020/5/5 6022/5/5
f 6024/5/5 6022/5/5 6021/5/5
f 6025/5/5 6022/5/5 6024/5/5
f 6027/5/5 6026/5/5 6025/5/5
f 6028/5/5 6026/5/5 6027/5/5
f 6031/5/5 6030/5/5 6029/5/5
f 6032/5/5 6030/5/5 6031/5/5
f 6033/5/6 6034/5/6 6035/5/6
f 6035/5/6 6034/5/6 6036/5/6
f 6037/5/6 6038/5/6 6040/5/6
f 6040/5/6 6038/5/6 6041/5/6
f 6039/5/6 6040/5/6 6042/5/6
f 6042/5/6 6040/5/6 6043/5/6
f 6043/5/6 6044/5/6 6045/5/6
f 6045/5/6 6044/5/6 6046/5/6
f 6047/5/6 6048/5/6 6050/5/6
f 6050/5/6 6048/5/6 6051/5/6
f 6049/5/6 6050/5/6 6053/5/6
f 6053/5/6 6050/5/6 6054/5/6
f 6052/5/6 6053/5/6 6055/5/6
f 6055/5/6 6053/5/6 6056/5/6
f 6056/5/6 6057/5/6 6058/5/6
f 6058/5/6 6057/5/6 6059/5/6
f 6059/5/6 6060/5/6 6061/5/6
f 6061/5/6 6060/5/6 6062/5/6
f 6063/5/6 6064/5/6 6066/5/6
f 6066/5/6 6064/5/6 6067/5/6
f 6065/5/6 6066/5/6 6069/5/6
f 6069/5/6 6066/5/6 6070/5/6
f 6068/5/6 6069/5/6 6071/5/6
f 6071/5/6 6069/5/6 6072/5/6
f 6073/5/6 6074/5/6 6075/5/6
f 6075/5/6 6074/5/6 6076/5/6
f 6076/5/6 6077/5/6 6078/5/6
f 6078/5/6 6077/5/6 6079/5/6
f 6079/5/6 6080/5/6 6081/5/6
f 6081/5/6 6080/5/6 6082/5/6
f 6083/4/6 6084/4/6 6087/4/6
f 6087/4/6 6084/4/6 6088/4/6
f 6085/4/6 6086/4/6 6091/4/6
f 6091/4/6 6086/4/6 6092/4/6
f 6089/4/6 6090/4/6 6095/4/6
f 6095/4/6 6090/4/6 6096/4/6
f 6093/2/6 6094/2/6 6099/2/6
f 6099/2/6 6094/2/6 6100/2/6
f 6097/2/6 6098/2/6 6103/2/6
f 6103/2/6 6098/2/6 6104/2/6
f 6101/2/6 6102/2/6 6107/2/6
f 6107/2/6 6102/2/6 6108/2/6
f 6105/2/6 6106/2/6 6111/2/6
f 6111/2/6 6106/2/6 6112/2/6
f 6109/2/6 6110/2/6 6114/2/6
f 6114/2/6 6110/2/6 6115/2/6
f 6113/2/6 6114/2/6 6117/2/6
f 6117/2/6 6114/2/6 6118/2/6
f 6116/5/6 6117/5/6 6119/5/6
f 6119/5/6 6117/5/6 6120/5/6
f 6121/5/6 6122/5/6 6123/5/6
f 6123/5/6 6122/5/6 6124/5/6
f 6124/2/6 6125/2/6 6126/2/6
f 6126/2/6 6125/2/6 6127/2/6
f 6127/2/6 6128/2/6 6129/2/6
f 6129/2/6 6128/2/6 6130/2/6
f 6131/2/6 6132/2/6 6133/2/6
f 6133/2/6 6132/2/6 6134/2/6
f 6135/2/6 6136/2/6 6137/2/6
f 6137/2/6 6136/2/6 6138/2/6
f 6139/2/6 6140/2/6 6141/2/6
f 6141/2/6 6140/2/6 6142/2/6
f 6143/2/6 6144/2/6 6145/2/6
f 6145/2/6 6144/2/6 6146/2/6
f 6147/4/6 6148/4/6 6149/4/6
f 6149/4/6 6148/4/6 6150/4/6
f 6151/4/6 6152/4/6 6153/4/6
f 6153/4/6 6152/4/6 6154/4/6
f 6155/4/6 6156/4/6 6157/4/6
f 6157/4/6 6156/4/6 6158/4/6
f 6159/4/6 6160/4/6 6163/4/6
f 6163/4/6 6160/4/6 6164/4/6
f 6161/4/6 6162/4/6 6167/4/6
f 6167/4/6 6162/4/6 6168/4/6
f 6165/4/6 6166/4/6 6171/4/6
f 6171/4/6 6166/4/6 6172/4/6
f 6169/4/6 6170/4/6 6175/4/6
f 6175/4/6 6170/4/6 6176/4/6
f 6173/4/6 6174/4/6 6179/4/6
f 6179/4/6 6174/4/6 6180/4/6
f 6177/4/6 6178/4/6 6183/4/6
f 6183/4/6 6178/4/6 6184/4/6
f 6181/4/6 6182/4/6 6187/4/6
f 6187/4/6 6182/4/6 6188/4/6
f 6185/4/6 6186/4/6 6189/4/6
f 6189/4/6 6186/4/6 6190/4/6
f 6191/2/6 6192/2/6 6195/2/6
f 6195/2/6 6192/2/6 6196/2/6
f 6193/2/6 6194/2/6 6199/2/6
f 6199/2/6 6194/2/6 6200/2/6
f 6197/2/6 6198/2/6 6203/2/6
f 6203/2/6 6198/2/6 6204/2/6
f 6201/2/6 6202/2/6 6206/2/6
f 6206/2/6 6202/2/6 6207/2/6
f 6205/2/6 6206/2/6 6209/2/6
f 6209/2/6 6206/2/6 6210/2/6
f 6208/2/6 6209/2/6 6212/2/6
f 6212/2/6 6209/2/6 6213/2/6
f 6211/5/6 6212/5/6 6214/5/6
f 6214/5/6 6212/5/6 6215/5/6
f 6215/2/6 6216/2/6 6217/2/6
f 6217/2/6 6216/2/6 6218/2/6
f 6218/2/6 6219/2/6 6220/2/6
f 6220/2/6 6219/2/6 6221/2/6
f 6221/2/6 6222/2/6 6223/2/6
f 6223/2/6 6222/2/6 6224/2/6
f 6225/2/6 6226/2/6 6227/2/6
f 6227/2/6 6226/2/6 6228/2/6
f 6229/2/6 6230/2/6 6231/2/6
f 6231/2/6 6230/2/6 6232/2/6
f 6233/2/6 6234/2/6 6235/2/6
f 6235/2/6 6234/2/6 6236/2/6
f 6237/4/6 6238/4/6 6239/4/6
f 6239/4/6 6238/4/6 6240/4/6
f 6241/4/6 6242/4/6 6243/4/6
f 6243/4/6 6242/4/6 6244/4/6
f 6245/4/6 6246/4/6 6247/4/6
f 6247/4/6 6246/4/6 6248/4/6
f 6249/4/6 6250/4/6 6251/4/6
f 6251/4/6 6250/4/6 6252/4/6
f 6253/4/6 6254/4/6 6255/4/6
f 6255/4/6 6254/4/6 6256/4/6
f 6257/4/6 6258/4/6 6259/4/6
f 6259/4/6 6258/4/6 6260/4/6
f 6261/4/6 6262/4/6 6263/4/6
f 6263/4/6 6262/4/6 6264/4/6
f 6265/4/6 6266/4/6 6267/4/6
f 6267/4/6 6266/4/6 6268/4/6
f 6269/4/6 6270/4/6 6273/4/6
f 6273/4/6 6270/4/6 6274/4/6
f 6271/4/6 6272/4/6 6277/4/6
f 6277/4/6 6272/4/6 6278/4/6
f 6275/4/6 6276/4/6 6281/4/6
f 6281/4/6 6276/4/6 6282/4/6
f 6279/4/6 6280/4/6 6285/4/6
f 6285/4/6 6280/4/6 6286/4/6
f 6283/2/6 6284/2/6 6287/2/6
f 6287/2/6 6284/2/6 6288/2/6
f 6289/2/6 6290/2/6 6293/2/6
f 6293/2/6 6290/2/6 6294/2/6
f 6291/2/6 6292/2/6 6296/2/6
f 6296/2/6 6292/2/6 6297/2/6
f 6295/2/6 6296/2/6 6299/2/6
f 6299/2/6 6296/2/6 6300/2/6
f 6298/2/6 6299/2/6 6302/2/6
f 6302/2/6 6299/2/6 6303/2/6
f 6301/2/6 6302/2/6 6305/2/6
f 6305/2/6 6302/2/6 6306/2/6
f 6304/2/6 6305/2/6 6307/2/6
f 6307/2/6 6305/2/6 6308/2/6
f 6308/2/6 6309/2/6 6310/2/6
f 6310/2/6 6309/2/6 6311/2/6
f 6311/2/6 6312/2/6 6313/2/6
f 6313/2/6 6312/2/6 6314/2/6
f 6314/2/6 6315/2/6 6316/2/6
f 6316/2/6 6315/2/6 6317/2/6
f 6317/2/6 6318/2/6 6319/2/6
f 6319/2/6 6318/2/6 6320/2/6
f 6321/2/6 6322/2/6 6323/2/6
f 6323/2/6 6322/2/6 6324/2/6
f 6325/2/6 6326/2/6 6327/2/6
f 6327/2/6 6326/2/6 6328/2/6
f 6329/4/6 6330/4/6 6331/4/6
f 6331/4/6 6330/4/6 6332/4/6
f 6333/4/6 6334/4/6 6335/4/6
f 6335/4/6 6334/4/6 6336/4/6
f 6337/4/6 6338/4/6 6339/4/6
f 6339/4/6 6338/4/6 6340/4/6
f 6341/4/6 6342/4/6 6343/4/6
f 6343/4/6 6342/4/6 6344/4/6
f 6345/4/6 6346/4/6 6349/4/6
f 6349/4/6 6346/4/6 6350/4/6
f 6347/4/6 6348/4/6 6353/4/6
f 6353/4/6 6348/4/6 6354/4/6
f 6351/4/6 6352/4/6 6357/4/6
f 6357/4/6 6352/4/6 6358/4/6
f 6355/4/6 6356/4/6 6361/4/6
f 6361/4/6 6356/4/6 6362/4/6
f 6359/4/6 6360/4/6 6365/4/6
f 6365/4/6 6360/4/6 6366/4/6
f 6363/4/6 6364/4/6 6367/4/6
f 6367/4/6 6364/4/6 6368/4/6
f 6369/4/6 6370/4/6 6373/4/6
f 6373/4/6 6370/4/6 6374/4/6
f 6371/4/6 6372/4/6 6377/4/6
f 6377/4/6 6372/4/6 6378/4/6
f 6375/4/6 6376/4/6 6380/4/6
f 6380/4/6 6376/4/6 6381/4/6
f 6379/2/6 6380/2/6 6383/2/6
f 6383/2/6 6380/2/6 6384/2/6
f 6382/2/6 6383/2/6 6386/2/6
f 6386/2/6 6383/2/6 6387/2/6
f 6385/2/6 6386/2/6 6389/2/6
f 6389/2/6 6386/2/6 6390/2/6
f 6388/2/6 6389/2/6 6392/2/6
f 6392/2/6 6389/2/6 6393/2/6
f 6391/2/6 6392/2/6 6395/2/6
f 6395/2/6 6392/2/6 6396/2/6
f 6396/2/6 6392/2/6 6397/2/6
f 6394/2/6 6395/2/6 6399/2/6
f 6395/2/6 6396/2/6 6399/2/6
f 6399/2/6 6396/2/6 6400/2/6
f 6400/2/6 6396/2/6 6401/2/6
f 6398/2/6 6399/2/6 6402/2/6
f 6399/2/6 6400/2/6 6402/2/6
f 6402/2/6 6400/2/6 6403/2/6
f 6403/2/6 6400/2/6 6404/2/6
f 6404/2/6 6405/2/6 6406/2/6
f 6403/2/6 6404/2/6 6406/2/6
f 6406/2/6 6405/2/6 6407/2/6
f 6407/2/6 6405/2/6 6408/2/6
f 6407/2/6 6408/2/6 6410/2/6
f 6408/2/6 6409/2/6 6410/2/6
f 6410/2/6 6409/2/6 6411/2/6
f 6411/2/6 6412/2/6 6413/2/6
f 6413/2/6 6412/2/6 6414/2/6
f 6414/2/6 6415/2/6 6416/2/6
f 6416/2/6 6415/2/6 6417/2/6
f 6417/2/6 6418/2/6 6419/2/6
f 6419/2/6 6418/2/6 6420/2/6
f 6420/2/6 6421/2/6 6422/2/6
f 6422/2/6 6421/2/6 6423/2/6
f 6423/4/6 6424/4/6 6425/4/6
f 6425/4/6 6424/4/6 6426/4/6
f 6427/4/6 6428/4/6 6429/4/6
f 6429/4/6 6428/4/6 6430/4/6
f 6431/4/6 6432/4/6 6433/4/6
f 6433/4/6 6432/4/6 6434/4/6
f 6435/4/6 6436/4/6 6437/4/6
f 6437/4/6 6436/4/6 6438/4/6
f 6439/4/6 6440/4/6 6441/4/6
f 6441/4/6 6440/4/6 6442/4/6
f 6443/4/6 6444/4/6 6445/4/6
f 6445/4/6 6444/4/6 6446/4/6
f 6447/4/6 6448/4/6 6449/4/6
f 6449/4/6 6448/4/6 6450/4/6
f 6451/4/6 6452/4/6 6453/4/6
f 6453/4/6 6452/4/6 6454/4/6
f 6455/4/6 6456/4/6 6457/4/6
f 6457/4/6 6456/4/6 6458/4/6
f 6459/4/6 6460/4/6 6463/4/6
f 6463/4/6 6460/4/6 6464/4/6
f 6461/4/6 6462/4/6 6467/4/6
f 6467/4/6 6462/4/6 6468/4/6
f 6465/4/6 6466/4/6 6471/4/6
f 6471/4/6 6466/4/6 6472/4/6
f 6469/4/6 6470/4/6 6475/4/6
f 6475/4/6 6470/4/6 6476/4/6
f 6473/4/6 6474/4/6 6478/4/6
f 6478/4/6 6474/4/6 6479/4/6
f 6477/4/6 6478/4/6 6482/4/6
f 6482/4/6 6478/4/6 6483/4/6
f 6480/4/6 6481/4/6 6486/4/6
f 6486/4/6 6481/4/6 6487/4/6
f 6484/4/6 6485/4/6 6489/4/6
f 6489/4/6 6485/4/6 6490/4/6
f 6488/4/6 6489/4/6 6493/4/6
f 6493/4/6 6489/4/6 6494/4/6
f 6491/2/6 6492/2/6 6496/2/6
f 6496/2/6 6492/2/6 6497/2/6
f 6495/2/6 6496/2/6 6499/2/6
f 6499/2/6 6496/2/6 6500/2/6
f 6498/2/6 6499/2/6 6502/2/6
f 6502/2/6 6499/2/6 6503/2/6
f 6503/2/6 6499/2/6 6504/2/6
f 6501/2/6 6502/2/6 6506/2/6
f 6502/2/6 6503/2/6 6506/2/6
f 6506/2/6 6503/2/6 6507/2/6
f 6507/2/6 6503/2/6 6508/2/6
f 6505/2/6 6506/2/6 6510/2/6
f 6506/2/6 6507/2/6 6510/2/6
f 6510/2/6 6507/2/6 6511/2/6
f 6511/2/6 6507/2/6 6512/2/6
f 6509/2/6 6510/2/6 6513/2/6
f 6510/2/6 6511/2/6 6513/2/6
f 6513/2/6 6511/2/6 6514/2/6
f 6514/2/6 6511/2/6 6515/2/6
f 6515/2/6 6516/2/6 6517/2/6
f 6514/2/6 6515/2/6 6517/2/6
f 6517/2/6 6516/2/6 6518/2/6
f 6518/2/6 6516/2/6 6519/2/6
f 6518/2/6 6519/2/6 6521/2/6
f 6519/2/6 6520/2/6 6521/2/6
f 6521/2/6 6520/2/6 6522/2/6
f 6522/2/6 6520/2/6 6523/2/6
f 6522/2/6 6523/2/6 6525/2/6
f 6523/2/6 6524/2/6 6525/2/6
f 6525/2/6 6524/2/6 6526/2/6
f 6526/2/6 6527/2/6 6528/2/6
f 6528/2/6 6527/2/6 6529/2/6
f 6529/2/6 6530/2/6 6531/2/6
f 6531/2/6 6530/2/6 6532/2/6
f 6533/4/6 6534/4/6 6535/4/6
f 6535/4/6 6534/4/6 6536/4/6
f 6536/4/6 6537/4/6 6538/4/6
f 6538/4/6 6537/4/6 6539/4/6
f 6540/4/6 6541/4/6 6542/4/6
f 6542/4/6 6541/4/6 6543/4/6
f 6544/4/6 6545/4/6 6546/4/6
f 6546/4/6 6545/4/6 6547/4/6
f 6547/4/6 6548/4/6 6549/4/6
f 6549/4/6 6548/4/6 6550/4/6
f 6551/4/6 6552/4/6 6553/4/6
f 6553/4/6 6552/4/6 6554/4/6
f 6555/4/6 6556/4/6 6557/4/6
f 6557/4/6 6556/4/6 6558/4/6
f 6559/4/6 6560/4/6 6561/4/6
f 6561/4/6 6560/4/6 6562/4/6
f 6563/4/6 6564/4/6 6565/4/6
f 6565/4/6 6564/4/6 6566/4/6
f 6567/4/6 6568/4/6 6571/4/6
f 6571/4/6 6568/4/6 6572/4/6
f 6569/4/6 6570/4/6 6575/4/6
f 6575/4/6 6570/4/6 6576/4/6
f 6573/4/6 6574/4/6 6577/4/6
f 6577/4/6 6574/4/6 6578/4/6
f 6579/4/6 6580/4/6 6583/4/6
f 6583/4/6 6580/4/6 6584/4/6
f 6581/4/6 6582/4/6 6587/4/6
f 6587/4/6 6582/4/6 6588/4/6
f 6585/4/6 6586/4/6 6591/4/6
f 6591/4/6 6586/4/6 6592/4/6
f 6589/4/6 6590/4/6 6594/4/6
f 6594/4/6 6590/4/6 6595/4/6
f 6593/4/6 6594/4/6 6598/4/6
f 6598/4/6 6594/4/6 6599/4/6
f 6596/4/6 6597/4/6 6601/4/6
f 6601/4/6 6597/4/6 6602/4/6
f 6600/4/6 6601/4/6 6604/4/6
f 6604/4/6 6601/4/6 6605/4/6
f 6603/4/6 6604/4/6 6608/4/6
f 6608/4/6 6604/4/6 6609/4/6
f 6606/2/6 6607/2/6 6611/2/6
f 6607/4/6 6608/4/6 6612/4/6
f 6611/2/6 6607/2/6 6612/2/6
f 6612/4/6 6608/4/6 6613/4/6
f 6610/2/6 6611/2/6 6615/2/6
f 6611/2/6 6612/2/6 6615/2/6
f 6615/2/6 6612/2/6 6616/2/6
f 6614/2/6 6615/2/6 6618/2/6
f 6617/2/6 6618/2/6 6620/2/6
f 6618/2/6 6615/2/6 6621/2/6
f 6620/2/6 6618/2/6 6621/2/6
f 6621/2/6 6615/2/6 6622/2/6
f 6619/2/6 6620/2/6 6624/2/6
f 6620/2/6 6621/2/6 6624/2/6
f 6624/2/6 6621/2/6 6625/2/6
f 6625/2/6 6621/2/6 6626/2/6
f 6623/2/6 6624/2/6 6627/2/6
f 6624/2/6 6625/2/6 6627/2/6
f 6627/2/6 6625/2/6 6628/2/6
f 6628/2/6 6625/2/6 6629/2/6
f 6629/2/6 6630/2/6 6631/2/6
f 6628/2/6 6629/2/6 6631/2/6
f 6631/2/6 6630/2/6 6632/2/6
f 6632/2/6 6630/2/6 6633/2/6
f 6632/2/6 6633/2/6 6635/2/6
f 6633/2/6 6634/2/6 6635/2/6
f 6635/2/6 6634/2/6 6636/2/6
f 6636/2/6 6634/2/6 6637/2/6
f 6637/2/6 6634/2/6 6638/2/6
f 6638/2/6 6639/2/6 6640/2/6
f 6640/2/6 6639/2/6 6641/2/6
f 6641/2/6 6639/2/6 6642/2/6
f 6641/2/6 6642/2/6 6644/2/6
f 6642/4/6 6643/4/6 6645/4/6
f 6644/2/6 6642/2/6 6645/2/6
f 6645/4/6 6643/4/6 6646/4/6
f 6646/4/6 6647/4/6 6648/4/6
f 6648/4/6 6647/4/6 6649/4/6
f 6649/4/6 6650/4/6 6651/4/6
f 6651/4/6 6650/4/6 6652/4/6
f 6652/4/6 6653/4/6 6654/4/6
f 6654/4/6 6653/4/6 6655/4/6
f 6656/4/6 6657/4/6 6658/4/6
f 6658/4/6 6657/4/6 6659/4/6
f 6659/4/6 6660/4/6 6661/4/6
f 6661/4/6 6660/4/6 6662/4/6
f 6663/4/6 6664/4/6 6665/4/6
f 6665/4/6 6664/4/6 6666/4/6
f 6667/4/6 6668/4/6 6669/4/6
f 6669/4/6 6668/4/6 6670/4/6
f 6671/4/6 6672/4/6 6673/4/6
f 6673/4/6 6672/4/6 6674/4/6
f 6675/4/6 6676/4/6 6677/4/6
f 6677/4/6 6676/4/6 6678/4/6
f 6679/4/6 6680/4/6 6681/4/6
f 6681/4/6 6680/4/6 6682/4/6
f 6683/4/6 6684/4/6 6685/4/6
f 6685/4/6 6684/4/6 6686/4/6
f 6687/4/6 6688/4/6 6691/4/6
f 6691/4/6 6688/4/6 6692/4/6
f 6689/4/6 6690/4/6 6695/4/6
f 6695/4/6 6690/4/6 6696/4/6
f 6693/4/6 6694/4/6 6698/4/6
f 6698/4/6 6694/4/6 6699/4/6
f 6697/4/6 6698/4/6 6702/4/6
f 6702/4/6 6698/4/6 6703/4/6
f 6700/4/6 6701/4/6 6706/4/6
f 6706/4/6 6701/4/6 6707/4/6
f 6704/4/6 6705/4/6 6709/4/6
f 6709/4/6 6705/4/6 6710/4/6
f 6708/4/6 6709/4/6 6712/4/6
f 6712/4/6 6709/4/6 6713/4/6
f 6711/4/6 6712/4/6 6716/4/6
f 6716/4/6 6712/4/6 6717/4/6
f 6714/4/6 6715/4/6 6719/4/6
f 6719/4/6 6715/4/6 6720/4/6
f 6718/4/6 6719/4/6 6722/4/6
f 6722/4/6 6719/4/6 6723/4/6
f 6721/4/6 6722/4/6 6725/4/6
f 6725/4/6 6722/4/6 6726/4/6
f 6724/4/6 6725/4/6 6728/4/6
f 6728/4/6 6725/4/6 6729/4/6
f 6727/4/6 6728/4/6 6731/4/6
f 6731/4/6 6728/4/6 6732/4/6
f 6730/2/6 6731/2/6 6733/2/6
f 6733/2/6 6731/2/6 6734/2/6
f 6730/2/6 6733/2/6 6736/2/6
f 6735/2/6 6736/2/6 6738/2/6
f 6736/2/6 6733/2/6 6739/2/6
f 6738/2/6 6736/2/6 6739/2/6
f 6739/2/6 6733/2/6 6740/2/6
f 6737/2/6 6738/2/6 6741/2/6
f 6738/2/6 6739/2/6 6741/2/6
f 6741/2/6 6739/2/6 6742/2/6
f 6742/2/6 6739/2/6 6743/2/6
f 6743/2/6 6744/2/6 6745/2/6
f 6742/2/6 6743/2/6 6745/2/6
f 6745/2/6 6744/2/6 6746/2/6
f 6746/2/6 6744/2/6 6747/2/6
f 6746/2/6 6747/2/6 6749/2/6
f 6747/2/6 6748/2/6 6749/2/6
f 6749/2/6 6748/2/6 6750/2/6
f 6750/4/6 6751/4/6 6752/4/6
f 6752/4/6 6751/4/6 6753/4/6
f 6753/4/6 6754/4/6 6755/4/6
f 6755/4/6 6754/4/6 6756/4/6
f 6756/4/6 6757/4/6 6758/4/6
f 6758/4/6 6757/4/6 6759/4/6
f 6759/4/6 6760/4/6 6761/4/6
f 6761/4/6 6760/4/6 6762/4/6
f 6762/4/6 6763/4/6 6764/4/6
f 6764/4/6 6763/4/6 6765/4/6
f 6766/4/6 6767/4/6 6768/4/6
f 6768/4/6 6767/4/6 6769/4/6
f 6769/4/6 6770/4/6 6771/4/6
f 6771/4/6 6770/4/6 6772/4/6
f 6772/4/6 6773/4/6 6774/4/6
f 6774/4/6 6773/4/6 6775/4/6
f 6776/4/6 6777/4/6 6778/4/6
f 6778/4/6 6777/4/6 6779/4/6
f 6780/4/6 6781/4/6 6782/4/6
f 6782/4/6 6781/4/6 6783/4/6
f 6783/4/6 6784/4/6 6785/4/6
f 6785/4/6 6784/4/6 6786/4/6
f 6787/4/6 6788/4/6 6789/4/6
f 6789/4/6 6788/4/6 6790/4/6
f 6791/4/6 6792/4/6 6793/4/6
f 6793/4/6 6792/4/6 6794/4/6
f 6795/4/6 6796/4/6 6799/4/6
f 6799/4/6 6796/4/6 6800/4/6
f 6797/4/6 6798/4/6 6803/4/6
f 6803/4/6 6798/4/6 6804/4/6
f 6801/4/6 6802/4/6 6806/4/6
f 6806/4/6 6802/4/6 6807/4/6
f 6805/4/6 6806/4/6 6810/4/6
f 6810/4/6 6806/4/6 6811/4/6
f 6808/4/6 6809/4/6 6814/4/6
f 6814/4/6 6809/4/6 6815/4/6
f 6812/4/6 6813/4/6 6817/4/6
f 6817/4/6 6813/4/6 6818/4/6
f 6816/4/6 6817/4/6 6821/4/6
f 6821/4/6 6817/4/6 6822/4/6
f 6819/4/6 6820/4/6 6824/4/6
f 6824/4/6 6820/4/6 6825/4/6
f 6823/4/6 6824/4/6 6827/4/6
f 6827/4/6 6824/4/6 6828/4/6
f 6826/4/6 6827/4/6 6830/4/6
f 6830/4/6 6827/4/6 6831/4/6
f 6829/4/6 6830/4/6 6833/4/6
f 6833/4/6 6830/4/6 6834/4/6
f 6832/4/6 6833/4/6 6836/4/6
f 6836/4/6 6833/4/6 6837/4/6
f 6837/4/6 6833/4/6 6838/4/6
f 6835/4/6 6836/4/6 6840/4/6
f 6836/4/6 6837/4/6 6840/4/6
f 6840/4/6 6837/4/6 6841/4/6
f 6841/4/6 6837/4/6 6842/4/6
f 6839/4/6 6840/4/6 6844/4/6
f 6840/4/6 6841/4/6 6844/4/6
f 6844/4/6 6841/4/6 6845/4/6
f 6845/4/6 6841/4/6 6846/4/6
f 6843/2/6 6844/2/6 6848/2/6
f 6844/4/6 6845/4/6 6849/4/6
f 6848/2/6 6844/2/6 6849/2/6
f 6849/4/6 6845/4/6 6850/4/6
f 6847/2/6 6848/2/6 6851/2/6
f 6848/2/6 6849/2/6 6851/2/6
f 6851/2/6 6849/2/6 6852/2/6
f 6852/2/6 6849/2/6 6853/2/6
f 6852/2/6 6853/2/6 6855/2/6
f 6853/4/6 6854/4/6 6856/4/6
f 6855/2/6 6853/2/6 6856/2/6
f 6856/4/6 6854/4/6 6857/4/6
f 6856/4/6 6857/4/6 6859/4/6
f 6857/4/6 6858/4/6 6859/4/6
f 6859/4/6 6858/4/6 6860/4/6
f 6860/4/6 6858/4/6 6861/4/6
f 6860/4/6 6861/4/6 6863/4/6
f 6861/4/6 6862/4/6 6863/4/6
f 6863/4/6 6862/4/6 6864/4/6
f 6864/4/6 6862/4/6 6865/4/6
f 6864/4/6 6865/4/6 6867/4/6
f 6865/4/6 6866/4/6 6867/4/6
f 6867/4/6 6866/4/6 6868/4/6
f 6868/4/6 6869/4/6 6870/4/6
f 6870/4/6 6869/4/6 6871/4/6
f 6871/4/6 6872/4/6 6873/4/6
f 6873/4/6 6872/4/6 6874/4/6
f 6874/4/6 6875/4/6 6876/4/6
f 6876/4/6 6875/4/6 6877/4/6
f 6877/4/6 6878/4/6 6879/4/6
f 6879/4/6 6878/4/6 6880/4/6
f 6881/4/6 6882/4/6 6883/4/6
f 6883/4/6 6882/4/6 6884/4/6
f 6884/4/6 6885/4/6 6886/4/6
f 6886/4/6 6885/4/6 6887/4/6
f 6888/4/6 6889/4/6 6890/4/6
f 6890/4/6 6889/4/6 6891/4/6
f 6892/4/6 6893/4/6 6894/4/6
f 6894/4/6 6893/4/6 6895/4/6
f 6895/4/6 6896/4/6 6897/4/6
f 6897/4/6 6896/4/6 6898/4/6
f 6899/4/6 6900/4/6 6901/4/6
f 6901/4/6 6900/4/6 6902/4/6
f 6903/4/6 6904/4/6 6905/4/6
f 6905/4/6 6904/4/6 6906/4/6
f 6907/4/6 6908/4/6 6911/4/6
f 6911/4/6 6908/4/6 6912/4/6
f 6909/4/6 6910/4/6 6914/4/6
f 6914/4/6 6910/4/6 6915/4/6
f 6913/4/6 6914/4/6 6918/4/6
f 6918/4/6 6914/4/6 6919/4/6
f 6916/4/6 6917/4/6 6921/4/6
f 6921/4/6 6917/4/6 6922/4/6
f 6920/4/6 6921/4/6 6924/4/6
f 6924/4/6 6921/4/6 6925/4/6
f 6923/4/6 6924/4/6 6927/4/6
f 6927/4/6 6924/4/6 6928/4/6
f 6926/4/6 6927/4/6 6930/4/6
f 6930/4/6 6927/4/6 6931/4/6
f 6929/4/6 6930/4/6 6933/4/6
f 6933/4/6 6930/4/6 6934/4/6
f 6932/4/6 6933/4/6 6936/4/6
f 6936/4/6 6933/4/6 6937/4/6
f 6937/4/6 6933/4/6 6938/4/6
f 6935/4/6 6936/4/6 6940/4/6
f 6936/4/6 6937/4/6 6940/4/6
f 6940/4/6 6937/4/6 6941/4/6
f 6941/4/6 6937/4/6 6942/4/6
f 6939/4/6 6940/4/6 6944/4/6
f 6940/4/6 6941/4/6 6944/4/6
f 6944/4/6 6941/4/6 6945/4/6
f 6945/4/6 6941/4/6 6946/4/6
f 6943/4/6 6944/4/6 6948/4/6
f 6944/4/6 6945/4/6 6948/4/6
f 6948/4/6 6945/4/6 6949/4/6
f 6949/4/6 6945/4/6 6950/4/6
f 6947/4/6 6948/4/6 6952/4/6
f 6948/4/6 6949/4/6 6952/4/6
f 6952/4/6 6949/4/6 6953/4/6
f 6953/4/6 6949/4/6 6954/4/6
f 6951/4/6 6952/4/6 6956/4/6
f 6952/4/6 6953/4/6 6956/4/6
f 6956/4/6 6953/4/6 6957/4/6
f 6957/4/6 6953/4/6 6958/4/6
f 6955/4/6 6956/4/6 6959/4/6
f 6956/4/6 6957/4/6 6959/4/6
f 6959/4/6 6957/4/6 6960/4/6
f 6960/4/6 6957/4/6 6961/4/6
f 6961/4/6 6962/4/6 6963/4/6
f 6960/4/6 6961/4/6 6963/4/6
f 6963/4/6 6962/4/6 6964/4/6
f 6964/4/6 6962/4/6 6965/4/6
f 6964/4/6 6965/4/6 6967/4/6
f 6965/4/6 6966/4/6 6967/4/6
f 6967/4/6 6966/4/6 6968/4/6
f 6968/4/6 6966/4/6 6969/4/6
f 6968/4/6 6969/4/6 6971/4/6
f 6969/4/6 6970/4/6 6971/4/6
f 6971/4/6 6970/4/6 6972/4/6
f 6972/4/6 6970/4/6 6973/4/6
f 6972/4/6 6973/4/6 6975/4/6
f 6973/4/6 6974/4/6 6975/4/6
f 6975/4/6 6974/4/6 6976/4/6
f 6976/4/6 6974/4/6 6977/4/6
f 6976/4/6 6977/4/6 6979/4/6
f 6977/4/6 6978/4/6 6979/4/6
f 6979/4/6 6978/4/6 6980/4/6
f 6980/4/6 6978/4/6 6981/4/6
f 6980/4/6 6981/4/6 6983/4/6
f 6981/4/6 6982/4/6 6983/4/6
f 6983/4/6 6982/4/6 6984/4/6
f 6984/4/6 6985/4/6 6986/4/6
f 6986/4/6 6985/4/6 6987/4/6
f 6987/4/6 6988/4/6 6989/4/6
f 6989/4/6 6988/4/6 6990/4/6
f 6990/4/6 6991/4/6 6992/4/6
f 6992/4/6 6991/4/6 6993/4/6
f 6993/4/6 6994/4/6 6995/4/6
f 6995/4/6 6994/4/6 6996/4/6
f 6996/4/6 6997/4/6 6998/4/6
f 6998/4/6 6997/4/6 6999/4/6
f 7000/4/6 7001/4/6 7002/4/6
f 7002/4/6 7001/4/6 7003/4/6
f 7003/4/6 7004/4/6 7005/4/6
f 7005/4/6 7004/4/6 7006/4/6
f 7007/4/6 7008/4/6 7009/4/6
f 7009/4/6 7008/4/6 7010/4/6
f 7011/4/6 7012/4/6 7014/4/6
f 7014/4/6 7012/4/6 7015/4/6
f 7013/4/6 7014/4/6 7017/4/6
f 7017/4/6 7014/4/6 7018/4/6
f 7016/4/6 7017/4/6 7021/4/6
f 7021/4/6 7017/4/6 7022/4/6
f 7019/4/6 7020/4/6 7024/4/6
f 7024/4/6 7020/4/6 7025/4/6
f 7023/4/6 7024/4/6 7027/4/6
f 7027/4/6 7024/4/6 7028/4/6
f 7026/4/6 7027/4/6 7030/4/6
f 7030/4/6 7027/4/6 7031/4/6
f 7029/4/6 7030/4/6 7033/4/6
f 7033/4/6 7030/4/6 7034/4/6
f 7032/4/6 7033/4/6 7036/4/6
f 7036/4/6 7033/4/6 7037/4/6
f 7037/4/6 7033/4/6 7038/4/6
f 7035/4/6 7036/4/6 7040/4/6
f 7036/4/6 7037/4/6 7040/4/6
f 7040/4/6 7037/4/6 7041/4/6
f 7039/4/6 7040/4/6 7043/4/6
f 7043/4/6 7040/4/6 7044/4/6
f 7042/4/6 7043/4/6 7046/4/6
f 7046/4/6 7043/4/6 7047/4/6
f 7045/4/6 7046/4/6 7049/4/6
f 7048/4/6 7049/4/6 7051/4/6
f 7049/4/6 7046/4/6 7052/4/6
f 7051/4/6 7049/4/6 7052/4/6
f 7052/4/6 7046/4/6 7053/4/6
f 7050/4/6 7051/4/6 7055/4/6
f 7051/4/6 7052/4/6 7055/4/6
f 7055/4/6 7052/4/6 7056/4/6
f 7056/4/6 7052/4/6 7057/4/6
f 7054/4/6 7055/4/6 7058/4/6
f 7055/4/6 7056/4/6 7058/4/6
f 7058/4/6 7056/4/6 7059/4/6
f 7059/4/6 7056/4/6 7060/4/6
f 7060/4/6 7061/4/6 7062/4/6
f 7059/4/6 7060/4/6 7062/4/6
f 7062/4/6 7061/4/6 7063/4/6
f 7063/4/6 7061/4/6 7064/4/6
f 7063/4/6 7064/4/6 7066/4/6
f 7064/4/6 7065/4/6 7066/4/6
f 7066/4/6 7065/4/6 7067/4/6
f 7067/4/6 7065/4/6 7068/4/6
f 7068/4/6 7065/4/6 7069/4/6
f 7069/4/6 7070/4/6 7071/4/6
f 7071/4/6 7070/4/6 7072/4/6
f 7072/4/6 7073/4/6 7074/4/6
f 7074/4/6 7073/4/6 7075/4/6
f 7075/4/6 7076/4/6 7077/4/6
f 7077/4/6 7076/4/6 7078/4/6
f 7078/4/6 7076/4/6 7079/4/6
f 7078/4/6 7079/4/6 7081/4/6
f 7079/4/6 7080/4/6 7081/4/6
f 7081/4/6 7080/4/6 7082/4/6
f 7082/4/6 7083/4/6 7084/4/6
f 7084/4/6 7083/4/6 7085/4/6
f 7085/4/6 7086/4/6 7087/4/6
f 7087/4/6 7086/4/6 7088/4/6
f 7088/4/6 7089/4/6 7090/4/6
f 7090/4/6 7089/4/6 7091/4/6
f 7091/4/6 7092/4/6 7093/4/6
f 7093/4/6 7092/4/6 7094/4/6
f 7095/4/6 7096/4/6 7097/4/6
f 7097/4/6 7096/4/6 7098/4/6
f 7098/4/6 7099/4/6 7100/4/6
f 7100/4/6 7099/4/6 7101/4/6
f 7101/4/6 7102/4/6 7103/4/6
f 7103/4/6 7102/4/6 7104/4/6
f 7105/4/6 7106/4/6 7108/4/6
f 7107/4/6 7108/4/6 7110/4/6
f 7108/4/6 7106/4/6 7111/4/6
f 7110/4/6 7108/4/6 7111/4/6
f 7109/4/6 7110/4/6 7113/4/6
f 7113/4/6 7110/4/6 7114/4/6
f 7114/4/6 7110/4/6 7115/4/6
f 7112/4/6 7113/4/6 7117/4/6
f 7113/4/6 7114/4/6 7117/4/6
f 7117/4/6 7114/4/6 7118/4/6
f 7118/4/6 7114/4/6 7119/4/6
f 7116/4/6 7117/4/6 7121/4/6
f 7117/4/6 7118/4/6 7121/4/6
f 7121/4/6 7118/4/6 7122/4/6
f 7122/4/6 7118/4/6 7123/4/6
f 7120/4/6 7121/4/6 7125/4/6
f 7121/4/6 7122/4/6 7125/4/6
f 7125/4/6 7122/4/6 7126/4/6
f 7126/4/6 7122/4/6 7127/4/6
f 7124/4/6 7125/4/6 7129/4/6
f 7125/1/6 7126/1/6 7130/1/6
f 7129/4/6 7125/4/6 7130/4/6
f 7130/1/6 7126/1/6 7131/1/6
f 7131/1/6 7126/1/6 7132/1/6
f 7128/4/6 7129/4/6 7134/4/6
f 7129/1/6 7130/1/6 7135/1/6
f 7130/1/6 7131/1/6 7135/1/6
f 7134/4/6 7129/4/6 7135/4/6
f 7135/1/6 7131/1/6 7136/1/6
f 7136/1/6 7131/1/6 7137/1/6
f 7133/4/6 7134/4/6 7139/4/6
f 7139/4/6 7134/4/6 7140/4/6
f 7134/1/6 7135/1/6 7141/1/6
f 7140/4/6 7134/4/6 7141/4/6
f 7135/1/6 7136/1/6 7141/1/6
f 7141/1/6 7136/1/6 7142/1/6
f 7142/1/6 7136/1/6 7143/1/6
f 7139/4/6 7140/4/6 7145/4/6
f 7138/4/6 7139/4/6 7145/4/6
f 7145/4/6 7140/4/6 7146/4/6
f 7141/1/6 7142/1/6 7147/1/6
f 7146/4/6 7140/4/6 7147/4/6
f 7140/1/6 7141/1/6 7147/1/6
f 7147/1/6 7142/1/6 7148/1/6
f 7148/1/6 7142/1/6 7149/1/6
f 7146/1/6 7147/1/6 7150/1/6
f 7147/1/6 7148/1/6 7150/1/6
f 7150/1/6 7148/1/6 7151/1/6
f 7145/4/6 7146/4/6 7153/4/6
f 7144/4/6 7145/4/6 7153/4/6
f 7153/4/6 7146/4/6 7154/4/6
f 7146/1/6 7150/1/6 7155/1/6
f 7154/4/6 7146/4/6 7155/4/6
f 7153/4/6 7154/4/6 7156/4/6
f 7152/4/6 7153/4/6 7156/4/6
f 7154/1/6 7155/1/6 7157/1/6
f 7156/4/6 7154/4/6 7157/4/6
f 7155/1/6 7150/1/6 7158/1/6
f 7157/1/6 7155/1/6 7158/1/6
f 7158/1/6 7150/1/6 7159/1/6
f 7152/4/6 7156/4/6 7161/4/6
f 7160/4/6 7161/4/6 7162/4/6
f 7161/4/6 7156/4/6 7163/4/6
f 7162/4/6 7161/4/6 7163/4/6
f 7156/1/6 7157/1/6 7164/1/6
f 7163/4/6 7156/4/6 7164/4/6
f 7157/1/6 7158/1/6 7164/1/6
f 7164/1/6 7158/1/6 7165/1/6
f 7165/1/6 7158/1/6 7166/1/6
f 7163/4/6 7164/4/6 7168/4/6
f 7164/4/6 7165/4/6 7168/4/6
f 7168/4/6 7165/4/6 7169/4/6
f 7166/1/6 7167/1/6 7170/1/6
f 7169/4/6 7165/4/6 7170/4/6
f 7165/1/6 7166/1/6 7170/1/6
f 7170/1/6 7167/1/6 7171/1/6
f 7171/1/6 7167/1/6 7172/1/6
f 7170/4/6 7171/4/6 7172/4/6
f 7169/4/6 7170/4/6 7172/4/6
f 7172/1/6 7167/1/6 7173/1/6
f 7172/4/6 7173/4/6 7175/4/6
f 7169/4/6 7172/4/6 7175/4/6
f 7175/4/6 7173/4/6 7176/4/6
f 7173/1/6 7174/1/6 7177/1/6
f 7176/4/6 7173/4/6 7177/4/6
f 7177/1/6 7174/1/6 7178/1/6
f 7177/4/6 7178/4/6 7180/4/6
f 7176/4/6 7177/4/6 7180/4/6
f 7180/4/6 7178/4/6 7181/4/6
f 7178/1/6 7179/1/6 7182/1/6
f 7181/4/6 7178/4/6 7182/4/6
f 7182/1/6 7179/1/6 7183/1/6
f 7182/4/6 7183/4/6 7185/4/6
f 7181/4/6 7182/4/6 7185/4/6
f 7185/4/6 7183/4/6 7186/4/6
f 7183/1/6 7184/1/6 7187/1/6
f 7186/4/6 7183/4/6 7187/4/6
f 7187/1/6 7184/1/6 7188/1/6
f 7187/4/6 7188/4/6 7190/4/6
f 7186/4/6 7187/4/6 7190/4/6
f 7190/4/6 7188/4/6 7191/4/6
f 7188/1/6 7189/1/6 7192/1/6
f 7191/4/6 7188/4/6 7192/4/6
f 7192/1/6 7189/1/6 7193/1/6
f 7192/4/6 7193/4/6 7195/4/6
f 7191/4/6 7192/4/6 7195/4/6
f 7195/4/6 7193/4/6 7196/4/6
f 7193/1/6 7194/1/6 7197/1/6
f 7196/4/6 7193/4/6 7197/4/6
f 7197/1/6 7194/1/6 7198/1/6
f 7197/4/6 7198/4/6 7200/4/6
f 7198/4/6 7199/4/6 7200/4/6
f 7196/4/6 7197/4/6 7200/4/6
f 7200/4/6 7199/4/6 7201/4/6
f 7201/4/6 7199/4/6 7202/4/6
f 7201/4/6 7202/4/6 7204/4/6
f 7202/4/6 7203/4/6 7204/4/6
f 7204/4/6 7203/4/6 7205/4/6
f 7205/4/6 7203/4/6 7206/4/6
f 7205/4/6 7206/4/6 7208/4/6
f 7206/4/6 7207/4/6 7208/4/6
f 7208/4/6 7207/4/6 7209/4/6
f 7209/4/6 7207/4/6 7210/4/6
f 7209/4/6 7210/4/6 7212/4/6
f 7210/4/6 7211/4/6 7212/4/6
f 7212/4/6 7211/4/6 7213/4/6
f 7213/4/6 7211/4/6 7214/4/6
f 7214/4/6 7215/4/6 7216/4/6
f 7213/4/6 7214/4/6 7216/4/6
f 7216/4/6 7215/4/6 7217/4/6
f 7217/4/6 7215/4/6 7218/4/6
f 7218/4/6 7215/4/6 7219/4/6
f 7220/4/6 7221/4/6 7223/4/6
f 7223/4/6 7221/4/6 7224/4/6
f 7224/4/6 7221/4/6 7225/4/6
f 7222/4/6 7223/4/6 7227/4/6
f 7223/4/6 7224/4/6 7227/4/6
f 7227/4/6 7224/4/6 7228/4/6
f 7228/4/6 7224/4/6 7229/4/6
f 7226/4/6 7227/4/6 7231/4/6
f 7227/4/6 7228/4/6 7231/4/6
f 7231/4/6 7228/4/6 7232/4/6
f 7232/4/6 7228/4/6 7233/4/6
f 7230/1/6 7231/1/6 7235/1/6
f 7231/1/6 7232/1/6 7235/1/6
f 7235/1/6 7232/1/6 7236/1/6
f 7236/1/6 7232/1/6 7237/1/6
f 7234/1/6 7235/1/6 7239/1/6
f 7235/1/6 7236/1/6 7239/1/6
f 7239/1/6 7236/1/6 7240/1/6
f 7240/1/6 7236/1/6 7241/1/6
f 7238/1/6 7239/1/6 7243/1/6
f 7239/1/6 7240/1/6 7243/1/6
f 7243/1/6 7240/1/6 7244/1/6
f 7244/1/6 7240/1/6 7245/1/6
f 7242/1/6 7243/1/6 7247/1/6
f 7243/1/6 7244/1/6 7247/1/6
f 7247/1/6 7244/1/6 7248/1/6
f 7248/1/6 7244/1/6 7249/1/6
f 7246/1/6 7247/1/6 7251/1/6
f 7247/1/6 7248/1/6 7251/1/6
f 7251/1/6 7248/1/6 7252/1/6
f 7252/1/6 7248/1/6 7253/1/6
f 7250/1/6 7251/1/6 7255/1/6
f 7251/1/6 7252/1/6 7255/1/6
f 7255/1/6 7252/1/6 7256/1/6
f 7256/1/6 7252/1/6 7257/1/6
f 7254/1/6 7255/1/6 7259/1/6
f 7255/1/6 7256/1/6 7259/1/6
f 7259/1/6 7256/1/6 7260/1/6
f 7260/1/6 7256/1/6 7261/1/6
f 7258/1/6 7259/1/6 7262/1/6
f 7259/1/6 7260/1/6 7262/1/6
f 7258/1/6 7262/1/6 7264/1/6
f 7262/1/6 7263/1/6 7264/1/6
f 7264/1/6 7263/1/6 7265/1/6
f 7265/1/6 7263/1/6 7266/1/6
f 7266/1/6 7263/1/6 7267/1/6
f 7267/1/6 7263/1/6 7268/1/6
f 7267/1/6 7268/1/6 7270/1/6
f 7268/1/6 7269/1/6 7270/1/6
f 7270/1/6 7269/1/6 7271/1/6
f 7271/1/6 7269/1/6 7272/1/6
f 7271/1/6 7272/1/6 7274/1/6
f 7272/1/6 7273/1/6 7274/1/6
f 7274/1/6 7273/1/6 7275/1/6
f 7275/1/6 7273/1/6 7276/1/6
f 7275/1/6 7276/1/6 7278/1/6
f 7276/1/6 7277/1/6 7278/1/6
f 7278/1/6 7277/1/6 7279/1/6
f 7279/1/6 7277/1/6 7280/1/6
f 7279/1/6 7280/1/6 7282/1/6
f 7280/1/6 7281/1/6 7282/1/6
f 7282/1/6 7281/1/6 7283/1/6
f 7283/1/6 7281/1/6 7284/1/6
f 7283/1/6 7284/1/6 7286/1/6
f 7284/1/6 7285/1/6 7286/1/6
f 7286/1/6 7285/1/6 7287/1/6
f 7287/1/6 7285/1/6 7288/1/6
f 7287/1/6 7288/1/6 7290/1/6
f 7288/1/6 7289/1/6 7290/1/6
f 7290/1/6 7289/1/6 7291/1/6
f 7291/1/6 7289/1/6 7292/1/6
f 7291/4/6 7292/4/6 7294/4/6
f 7292/4/6 7293/4/6 7294/4/6
f 7294/4/6 7293/4/6 7295/4/6
f 7295/4/6 7296/4/6 7297/4/6
f 7297/4/6 7296/4/6 7298/4/6
f 7298/4/6 7299/4/6 7300/4/6
f 7300/4/6 7299/4/6 7301/4/6
f 7302/4/6 7303/4/6 7305/4/6
f 7305/4/6 7303/4/6 7306/4/6
f 7306/4/6 7303/4/6 7307/4/6
f 7304/4/6 7305/4/6 7309/4/6
f 7305/4/6 7306/4/6 7309/4/6
f 7309/4/6 7306/4/6 7310/4/6
f 7310/4/6 7306/4/6 7311/4/6
f 7308/1/6 7309/1/6 7313/1/6
f 7313/1/6 7309/1/6 7314/1/6
f 7312/1/6 7313/1/6 7316/1/6
f 7316/1/6 7313/1/6 7317/1/6
f 7315/1/6 7316/1/6 7319/1/6
f 7319/1/6 7316/1/6 7320/1/6
f 7318/1/6 7319/1/6 7322/1/6
f 7321/1/6 7322/1/6 7324/1/6
f 7322/1/6 7319/1/6 7325/1/6
f 7324/1/6 7322/1/6 7325/1/6
f 7325/1/6 7319/1/6 7326/1/6
f 7323/1/6 7324/1/6 7328/1/6
f 7324/1/6 7325/1/6 7328/1/6
f 7328/1/6 7325/1/6 7329/1/6
f 7329/1/6 7325/1/6 7330/1/6
f 7327/1/6 7328/1/6 7332/1/6
f 7328/1/6 7329/1/6 7332/1/6
f 7332/1/6 7329/1/6 7333/1/6
f 7333/1/6 7329/1/6 7334/1/6
f 7331/1/6 7332/1/6 7335/1/6
f 7332/1/6 7333/1/6 7335/1/6
f 7335/1/6 7333/1/6 7336/1/6
f 7336/1/6 7333/1/6 7337/1/6
f 7336/1/6 7337/1/6 7339/1/6
f 7337/1/6 7338/1/6 7339/1/6
f 7339/1/6 7338/1/6 7340/1/6
f 7340/1/6 7338/1/6 7341/1/6
f 7340/1/6 7341/1/6 7343/1/6
f 7341/1/6 7342/1/6 7343/1/6
f 7343/1/6 7342/1/6 7344/1/6
f 7344/1/6 7342/1/6 7345/1/6
f 7344/1/6 7345/1/6 7347/1/6
f 7345/1/6 7346/1/6 7347/1/6
f 7347/1/6 7346/1/6 7348/1/6
f 7348/1/6 7346/1/6 7349/1/6
f 7349/1/6 7346/1/6 7350/1/6
f 7350/1/6 7351/1/6 7352/1/6
f 7352/1/6 7351/1/6 7353/1/6
f 7353/1/6 7354/1/6 7355/1/6
f 7355/1/6 7354/1/6 7356/1/6
f 7356/1/6 7357/1/6 7358/1/6
f 7358/1/6 7357/1/6 7359/1/6
f 7360/4/6 7361/4/6 7362/4/6
f 7359/4/6 7360/4/6 7362/4/6
f 7362/4/6 7361/4/6 7363/4/6
f 7363/4/6 7361/4/6 7364/4/6
f 7363/4/6 7364/4/6 7366/4/6
f 7364/4/6 7365/4/6 7366/4/6
f 7366/4/6 7365/4/6 7367/4/6
f 7368/4/6 7369/4/6 7372/4/6
f 7372/4/6 7369/4/6 7373/4/6
f 7370/1/6 7371/1/6 7375/1/6
f 7371/4/6 7372/4/6 7376/4/6
f 7375/1/6 7371/1/6 7376/1/6
f 7376/4/6 7372/4/6 7377/4/6
f 7374/1/6 7375/1/6 7379/1/6
f 7375/1/6 7376/1/6 7379/1/6
f 7379/1/6 7376/1/6 7380/1/6
f 7380/1/6 7376/1/6 7381/1/6
f 7378/1/6 7379/1/6 7383/1/6
f 7379/1/6 7380/1/6 7383/1/6
f 7383/1/6 7380/1/6 7384/1/6
f 7384/1/6 7380/1/6 7385/1/6
f 7382/1/6 7383/1/6 7386/1/6
f 7383/1/6 7384/1/6 7386/1/6
f 7386/1/6 7384/1/6 7387/1/6
f 7382/1/6 7386/1/6 7389/1/6
f 7388/1/6 7389/1/6 7391/1/6
f 7389/1/6 7386/1/6 7392/1/6
f 7391/1/6 7389/1/6 7392/1/6
f 7392/1/6 7386/1/6 7393/1/6
f 7390/1/6 7391/1/6 7395/1/6
f 7391/1/6 7392/1/6 7395/1/6
f 7395/1/6 7392/1/6 7396/1/6
f 7396/1/6 7392/1/6 7397/1/6
f 7394/1/6 7395/1/6 7398/1/6
f 7395/1/6 7396/1/6 7398/1/6
f 7398/1/6 7396/1/6 7399/1/6
f 7399/1/6 7396/1/6 7400/1/6
f 7400/1/6 7401/1/6 7402/1/6
f 7399/1/6 7400/1/6 7402/1/6
f 7402/1/6 7401/1/6 7403/1/6
f 7403/1/6 7401/1/6 7404/1/6
f 7403/1/6 7404/1/6 7406/1/6
f 7404/1/6 7405/1/6 7406/1/6
f 7406/1/6 7405/1/6 7407/1/6
f 7407/1/6 7405/1/6 7408/1/6
f 7407/1/6 7408/1/6 7410/1/6
f 7408/1/6 7409/1/6 7410/1/6
f 7410/1/6 7409/1/6 7411/1/6
f 7411/1/6 7409/1/6 7412/1/6
f 7411/1/6 7412/1/6 7414/1/6
f 7412/1/6 7413/1/6 7414/1/6
f 7414/1/6 7413/1/6 7415/1/6
f 7415/1/6 7413/1/6 7416/1/6
f 7415/1/6 7416/1/6 7418/1/6
f 7416/1/6 7417/1/6 7418/1/6
f 7418/1/6 7417/1/6 7419/1/6
f 7419/1/6 7417/1/6 7420/1/6
f 7419/1/6 7420/1/6 7422/1/6
f 7420/4/6 7421/4/6 7423/4/6
f 7422/1/6 7420/1/6 7423/1/6
f 7423/4/6 7421/4/6 7424/4/6
f 7424/4/6 7425/4/6 7426/4/6
f 7426/4/6 7425/4/6 7427/4/6
f 7428/4/6 7429/4/6 7431/4/6
f 7430/4/6 7431/4/6 7433/4/6
f 7431/4/6 7429/4/6 7434/4/6
f 7433/4/6 7431/4/6 7434/4/6
f 7434/4/6 7429/4/6 7435/4/6
f 7432/1/6 7433/1/6 7437/1/6
f 7433/4/6 7434/4/6 7438/4/6
f 7437/1/6 7433/1/6 7438/1/6
f 7438/4/6 7434/4/6 7439/4/6
f 7436/1/6 7437/1/6 7441/1/6
f 7437/1/6 7438/1/6 7441/1/6
f 7441/1/6 7438/1/6 7442/1/6
f 7442/1/6 7438/1/6 7443/1/6
f 7440/1/6 7441/1/6 7445/1/6
f 7441/1/6 7442/1/6 7445/1/6
f 7445/1/6 7442/1/6 7446/1/6
f 7446/1/6 7442/1/6 7447/1/6
f 7444/1/6 7445/1/6 7449/1/6
f 7445/1/6 7446/1/6 7449/1/6
f 7449/1/6 7446/1/6 7450/1/6
f 7450/1/6 7446/1/6 7451/1/6
f 7448/1/6 7449/1/6 7452/1/6
f 7449/1/6 7450/1/6 7452/1/6
f 7452/1/6 7450/1/6 7453/1/6
f 7453/1/6 7450/1/6 7454/1/6
f 7454/1/6 7455/1/6 7456/1/6
f 7453/1/6 7454/1/6 7456/1/6
f 7456/1/6 7455/1/6 7457/1/6
f 7457/1/6 7455/1/6 7458/1/6
f 7457/1/6 7458/1/6 7460/1/6
f 7458/1/6 7459/1/6 7460/1/6
f 7460/1/6 7459/1/6 7461/1/6
f 7461/1/6 7459/1/6 7462/1/6
f 7461/1/6 7462/1/6 7464/1/6
f 7462/1/6 7463/1/6 7464/1/6
f 7464/1/6 7463/1/6 7465/1/6
f 7465/1/6 7463/1/6 7466/1/6
f 7465/1/6 7466/1/6 7468/1/6
f 7466/4/6 7467/4/6 7469/4/6
f 7468/1/6 7466/1/6 7469/1/6
f 7469/4/6 7467/4/6 7470/4/6
f 7469/4/6 7470/4/6 7472/4/6
f 7470/4/6 7471/4/6 7472/4/6
f 7472/4/6 7471/4/6 7473/4/6
f 7473/4/6 7471/4/6 7474/4/6
f 7474/4/6 7471/4/6 7475/4/6
f 7476/4/6 7477/4/6 7479/4/6
f 7478/4/6 7479/4/6 7481/4/6
f 7480/1/6 7481/1/6 7483/1/6
f 7482/1/6 7483/1/6 7485/1/6
f 7484/1/6 7485/1/6 7486/1/6
f 7485/1/6 7483/1/6 7487/1/6
f 7486/1/6 7485/1/6 7487/1/6
f 7487/1/6 7483/1/6 7488/1/6
f 7483/1/6 7481/1/6 7489/1/6
f 7488/1/6 7483/1/6 7489/1/6
f 7489/1/6 7481/1/6 7490/1/6
f 7481/4/6 7479/4/6 7491/4/6
f 7490/1/6 7481/1/6 7491/1/6
f 7491/4/6 7479/4/6 7492/4/6
f 7479/4/6 7477/4/6 7493/4/6
f 7492/4/6 7479/4/6 7493/4/6
f 7493/4/6 7477/4/6 7494/4/6
f 7494/4/6 7477/4/6 7495/4/6
f 7496/3/6 7497/3/6 7498/3/6
f 7498/3/6 7497/3/6 7499/3/6
