# MagicaVoxel @ Ephtracy

# group
o 

# material
mtllib planet3.mtl
usemtl palette

# normals
vn -1 0 0
vn 1 0 0
vn 0 0 1
vn 0 0 -1
vn 0 -1 0
vn 0 1 0

# texcoords
vt 0.806641 0.5
vt 0.818359 0.5
vt 0.900391 0.5
vt 0.904297 0.5

# verts
v -1.6 1.2 0.2
v -1.6 1.2 0.1
v -1.6 1.2 -0.2
v -1.6 1.3 0.3
v -1.6 1.3 0.2
v -1.6 1.3 -0.2
v -1.6 1.3 -0.3
v -1.6 1.4 0.4
v -1.6 1.4 0.3
v -1.6 1.4 -0.3
v -1.6 1.4 -0.4
v -1.6 1.8 0.4
v -1.6 1.8 0.3
v -1.6 1.8 -0.3
v -1.6 1.8 -0.4
v -1.6 1.9 0.3
v -1.6 1.9 0.2
v -1.6 1.9 0.1
v -1.6 1.9 0
v -1.6 1.9 -0.2
v -1.6 1.9 -0.3
v -1.6 2 0.2
v -1.6 2 0
v -1.6 2 -0.2
v -1.5 0.9 0.2
v -1.5 0.9 0.1
v -1.5 0.9 -0.2
v -1.5 1 0.4
v -1.5 1 0.2
v -1.5 1 0.1
v -1.5 1 0
v -1.5 1 -0.2
v -1.5 1 -0.4
v -1.5 1.1 0.5
v -1.5 1.1 0.4
v -1.5 1.1 0.3
v -1.5 1.1 0
v -1.5 1.1 -0.1
v -1.5 1.1 -0.4
v -1.5 1.1 -0.5
v -1.5 1.2 0.6
v -1.5 1.2 0.5
v -1.5 1.2 0.3
v -1.5 1.2 0.2
v -1.5 1.2 0.1
v -1.5 1.2 -0.1
v -1.5 1.2 -0.2
v -1.5 1.2 -0.5
v -1.5 1.2 -0.6
v -1.5 1.3 0.3
v -1.5 1.3 0.2
v -1.5 1.3 -0.2
v -1.5 1.3 -0.3
v -1.5 1.3 -0.4
v -1.5 1.4 0.7
v -1.5 1.4 0.6
v -1.5 1.4 0.4
v -1.5 1.4 0.3
v -1.5 1.4 -0.3
v -1.5 1.4 -0.4
v -1.5 1.4 -0.5
v -1.5 1.4 -0.6
v -1.5 1.4 -0.7
v -1.5 1.5 -0.5
v -1.5 1.5 -0.6
v -1.5 1.6 -0.6
v -1.5 1.6 -0.7
v -1.5 1.8 0.7
v -1.5 1.8 0.6
v -1.5 1.8 0.4
v -1.5 1.8 0.3
v -1.5 1.8 -0.3
v -1.5 1.8 -0.4
v -1.5 1.8 -0.6
v -1.5 1.8 -0.7
v -1.5 1.9 0.3
v -1.5 1.9 0.2
v -1.5 1.9 -0.2
v -1.5 1.9 -0.3
v -1.5 2 0.6
v -1.5 2 0.5
v -1.5 2 0.2
v -1.5 2 0
v -1.5 2 -0.2
v -1.5 2 -0.5
v -1.5 2 -0.6
v -1.5 2.1 0.5
v -1.5 2.1 0.4
v -1.5 2.1 -0.4
v -1.5 2.1 -0.5
v -1.5 2.2 0.4
v -1.5 2.2 0.2
v -1.5 2.2 -0.2
v -1.5 2.2 -0.4
v -1.5 2.3 0.2
v -1.5 2.3 -0.2
v -1.4 0.7 0.1
v -1.4 0.7 -0.1
v -1.4 0.8 0.4
v -1.4 0.8 0.2
v -1.4 0.8 0.1
v -1.4 0.8 -0.1
v -1.4 0.8 -0.4
v -1.4 0.9 0.6
v -1.4 0.9 0.4
v -1.4 0.9 0.2
v -1.4 0.9 0.1
v -1.4 0.9 -0.2
v -1.4 0.9 -0.4
v -1.4 0.9 -0.6
v -1.4 1 0.7
v -1.4 1 0.6
v -1.4 1 0.4
v -1.4 1 0.2
v -1.4 1 -0.2
v -1.4 1 -0.4
v -1.4 1 -0.6
v -1.4 1 -0.7
v -1.4 1.1 0.5
v -1.4 1.1 0.4
v -1.4 1.1 -0.4
v -1.4 1.1 -0.5
v -1.4 1.2 0.8
v -1.4 1.2 0.7
v -1.4 1.2 0.6
v -1.4 1.2 0.5
v -1.4 1.2 -0.5
v -1.4 1.2 -0.6
v -1.4 1.2 -0.7
v -1.4 1.2 -0.8
v -1.4 1.4 0.8
v -1.4 1.4 0.7
v -1.4 1.4 0.6
v -1.4 1.4 -0.6
v -1.4 1.4 -0.7
v -1.4 1.5 0.9
v -1.4 1.5 0.8
v -1.4 1.5 -0.8
v -1.4 1.5 -0.9
v -1.4 1.6 -0.7
v -1.4 1.7 0.9
v -1.4 1.7 0.8
v -1.4 1.7 -0.8
v -1.4 1.7 -0.9
v -1.4 1.8 0.7
v -1.4 1.8 0.6
v -1.4 1.8 -0.6
v -1.4 1.8 -0.7
v -1.4 1.8 -0.8
v -1.4 1.9 0.8
v -1.4 1.9 0.7
v -1.4 2 0.8
v -1.4 2 0.7
v -1.4 2 0.6
v -1.4 2 0.5
v -1.4 2 -0.5
v -1.4 2 -0.6
v -1.4 2 -0.7
v -1.4 2 -0.8
v -1.4 2.1 0.7
v -1.4 2.1 0.5
v -1.4 2.1 0.4
v -1.4 2.1 -0.4
v -1.4 2.1 -0.5
v -1.4 2.2 0.7
v -1.4 2.2 0.6
v -1.4 2.2 0.4
v -1.4 2.2 0.2
v -1.4 2.2 -0.2
v -1.4 2.2 -0.4
v -1.4 2.2 -0.6
v -1.4 2.2 -0.7
v -1.4 2.3 0.6
v -1.4 2.3 0.4
v -1.4 2.3 0.2
v -1.4 2.3 0.1
v -1.4 2.3 -0.2
v -1.4 2.3 -0.4
v -1.4 2.3 -0.6
v -1.4 2.4 0.4
v -1.4 2.4 0.1
v -1.4 2.4 -0.1
v -1.4 2.4 -0.4
v -1.4 2.5 0.1
v -1.4 2.5 -0.1
v -1.3 0.6 0.3
v -1.3 0.6 -0.3
v -1.3 0.7 0.5
v -1.3 0.7 0.3
v -1.3 0.7 0.2
v -1.3 0.7 0.1
v -1.3 0.7 -0.1
v -1.3 0.7 -0.3
v -1.3 0.7 -0.5
v -1.3 0.8 0.7
v -1.3 0.8 0.5
v -1.3 0.8 0.4
v -1.3 0.8 0.2
v -1.3 0.8 0.1
v -1.3 0.8 -0.1
v -1.3 0.8 -0.4
v -1.3 0.8 -0.5
v -1.3 0.8 -0.7
v -1.3 0.9 0.8
v -1.3 0.9 0.7
v -1.3 0.9 0.6
v -1.3 0.9 0.4
v -1.3 0.9 -0.4
v -1.3 0.9 -0.6
v -1.3 0.9 -0.7
v -1.3 0.9 -0.8
v -1.3 1 0.7
v -1.3 1 0.6
v -1.3 1 -0.6
v -1.3 1 -0.7
v -1.3 1.1 0.9
v -1.3 1.1 0.8
v -1.3 1.1 -0.8
v -1.3 1.1 -0.9
v -1.3 1.2 0.8
v -1.3 1.2 0.7
v -1.3 1.2 -0.7
v -1.3 1.2 -0.8
v -1.3 1.3 1
v -1.3 1.3 0.9
v -1.3 1.3 0.8
v -1.3 1.3 -0.9
v -1.3 1.3 -1
v -1.3 1.4 0.8
v -1.3 1.5 0.9
v -1.3 1.5 0.8
v -1.3 1.5 -0.8
v -1.3 1.5 -0.9
v -1.3 1.7 0.9
v -1.3 1.7 0.8
v -1.3 1.7 -0.8
v -1.3 1.7 -0.9
v -1.3 1.8 -0.8
v -1.3 1.8 -1
v -1.3 1.9 1
v -1.3 1.9 0.9
v -1.3 1.9 0.8
v -1.3 1.9 -0.8
v -1.3 1.9 -0.9
v -1.3 1.9 -1
v -1.3 2 0.8
v -1.3 2 0.7
v -1.3 2 -0.7
v -1.3 2 -0.8
v -1.3 2.1 0.9
v -1.3 2.1 0.8
v -1.3 2.1 0.7
v -1.3 2.1 -0.8
v -1.3 2.1 -0.9
v -1.3 2.2 0.7
v -1.3 2.2 0.6
v -1.3 2.2 -0.6
v -1.3 2.2 -0.7
v -1.3 2.3 0.8
v -1.3 2.3 0.7
v -1.3 2.3 0.6
v -1.3 2.3 0.4
v -1.3 2.3 -0.4
v -1.3 2.3 -0.6
v -1.3 2.3 -0.7
v -1.3 2.3 -0.8
v -1.3 2.4 0.7
v -1.3 2.4 0.5
v -1.3 2.4 0.4
v -1.3 2.4 0.1
v -1.3 2.4 -0.1
v -1.3 2.4 -0.4
v -1.3 2.4 -0.5
v -1.3 2.4 -0.7
v -1.3 2.5 0.5
v -1.3 2.5 0.3
v -1.3 2.5 0.1
v -1.3 2.5 -0.1
v -1.3 2.5 -0.3
v -1.3 2.5 -0.5
v -1.3 2.6 0.3
v -1.3 2.6 -0.1
v -1.3 2.6 -0.3
v -1.2 0.5 0.4
v -1.2 0.5 0.3
v -1.2 0.5 -0.4
v -1.2 0.6 0.6
v -1.2 0.6 0.4
v -1.2 0.6 0.3
v -1.2 0.6 -0.3
v -1.2 0.6 -0.4
v -1.2 0.6 -0.6
v -1.2 0.7 0.7
v -1.2 0.7 0.6
v -1.2 0.7 0.5
v -1.2 0.7 0.3
v -1.2 0.7 -0.3
v -1.2 0.7 -0.5
v -1.2 0.7 -0.6
v -1.2 0.7 -0.7
v -1.2 0.8 0.8
v -1.2 0.8 0.7
v -1.2 0.8 0.5
v -1.2 0.8 -0.5
v -1.2 0.8 -0.7
v -1.2 0.8 -0.8
v -1.2 0.9 0.9
v -1.2 0.9 0.8
v -1.2 0.9 0.7
v -1.2 0.9 -0.7
v -1.2 0.9 -0.8
v -1.2 0.9 -0.9
v -1.2 1 1
v -1.2 1 0.9
v -1.2 1 -0.9
v -1.2 1 -1
v -1.2 1.1 0.9
v -1.2 1.1 0.8
v -1.2 1.1 -0.8
v -1.2 1.1 -0.9
v -1.2 1.2 1.1
v -1.2 1.2 1
v -1.2 1.2 -1
v -1.2 1.2 -1.1
v -1.2 1.3 1.1
v -1.2 1.3 1
v -1.2 1.3 0.9
v -1.2 1.3 -0.9
v -1.2 1.3 -1
v -1.2 1.7 -1
v -1.2 1.7 -1.1
v -1.2 1.8 -1
v -1.2 1.8 -1.1
v -1.2 1.9 1.1
v -1.2 1.9 1
v -1.2 1.9 0.9
v -1.2 1.9 -0.9
v -1.2 1.9 -1
v -1.2 2 1.1
v -1.2 2 1
v -1.2 2 -1
v -1.2 2 -1.1
v -1.2 2.1 1
v -1.2 2.1 0.9
v -1.2 2.1 0.8
v -1.2 2.1 -0.8
v -1.2 2.1 -0.9
v -1.2 2.2 1
v -1.2 2.2 0.9
v -1.2 2.2 -0.9
v -1.2 2.2 -1
v -1.2 2.3 0.9
v -1.2 2.3 0.8
v -1.2 2.3 0.7
v -1.2 2.3 -0.7
v -1.2 2.3 -0.8
v -1.2 2.3 -0.9
v -1.2 2.4 0.8
v -1.2 2.4 0.7
v -1.2 2.4 0.5
v -1.2 2.4 -0.5
v -1.2 2.4 -0.7
v -1.2 2.4 -0.8
v -1.2 2.5 0.7
v -1.2 2.5 0.6
v -1.2 2.5 0.5
v -1.2 2.5 0.3
v -1.2 2.5 -0.3
v -1.2 2.5 -0.5
v -1.2 2.5 -0.6
v -1.2 2.5 -0.7
v -1.2 2.6 0.6
v -1.2 2.6 0.4
v -1.2 2.6 0.3
v -1.2 2.6 -0.1
v -1.2 2.6 -0.2
v -1.2 2.6 -0.3
v -1.2 2.6 -0.4
v -1.2 2.6 -0.6
v -1.2 2.7 0.4
v -1.2 2.7 -0.2
v -1.2 2.7 -0.4
v -1.1 0.4 0.4
v -1.1 0.4 0.3
v -1.1 0.4 -0.4
v -1.1 0.5 0.6
v -1.1 0.5 0.4
v -1.1 0.5 0.3
v -1.1 0.5 -0.4
v -1.1 0.5 -0.6
v -1.1 0.6 0.7
v -1.1 0.6 0.6
v -1.1 0.6 0.4
v -1.1 0.6 -0.4
v -1.1 0.6 -0.6
v -1.1 0.6 -0.7
v -1.1 0.7 0.9
v -1.1 0.7 0.7
v -1.1 0.7 0.6
v -1.1 0.7 -0.6
v -1.1 0.7 -0.7
v -1.1 0.7 -0.9
v -1.1 0.8 0.8
v -1.1 0.8 0.7
v -1.1 0.8 -0.7
v -1.1 0.8 -0.8
v -1.1 0.9 1
v -1.1 0.9 0.9
v -1.1 0.9 0.8
v -1.1 0.9 -0.8
v -1.1 0.9 -0.9
v -1.1 0.9 -1
v -1.1 1 1.1
v -1.1 1 1
v -1.1 1 0.9
v -1.1 1 -0.9
v -1.1 1 -1
v -1.1 1 -1.1
v -1.1 1.2 1.2
v -1.1 1.2 1.1
v -1.1 1.2 1
v -1.1 1.2 -1
v -1.1 1.2 -1.1
v -1.1 1.2 -1.2
v -1.1 1.3 1.1
v -1.1 1.5 1.2
v -1.1 1.5 1.1
v -1.1 1.6 -1.1
v -1.1 1.6 -1.2
v -1.1 1.7 1.2
v -1.1 1.7 1.1
v -1.1 1.7 -1.1
v -1.1 1.8 -1.1
v -1.1 1.9 1.1
v -1.1 2 1.2
v -1.1 2 1.1
v -1.1 2 1
v -1.1 2 -1
v -1.1 2 -1.1
v -1.1 2 -1.2
v -1.1 2.1 1.1
v -1.1 2.1 1
v -1.1 2.2 1.1
v -1.1 2.2 1
v -1.1 2.2 0.9
v -1.1 2.2 -0.9
v -1.1 2.2 -1
v -1.1 2.2 -1.1
v -1.1 2.3 1
v -1.1 2.3 0.9
v -1.1 2.3 0.8
v -1.1 2.3 -0.8
v -1.1 2.3 -0.9
v -1.1 2.3 -1
v -1.1 2.4 0.8
v -1.1 2.4 0.7
v -1.1 2.4 -0.7
v -1.1 2.4 -0.8
v -1.1 2.5 0.9
v -1.1 2.5 0.7
v -1.1 2.5 0.6
v -1.1 2.5 -0.6
v -1.1 2.5 -0.7
v -1.1 2.5 -0.9
v -1.1 2.6 0.7
v -1.1 2.6 0.6
v -1.1 2.6 0.4
v -1.1 2.6 -0.4
v -1.1 2.6 -0.6
v -1.1 2.6 -0.7
v -1.1 2.7 0.6
v -1.1 2.7 0.4
v -1.1 2.7 -0.2
v -1.1 2.7 -0.4
v -1.1 2.7 -0.6
v -1.1 2.8 0.4
v -1.1 2.8 -0.4
v -1 0.3 0.3
v -1 0.3 -0.2
v -1 0.3 -0.3
v -1 0.4 0.6
v -1 0.4 0.4
v -1 0.4 0.3
v -1 0.4 -0.2
v -1 0.4 -0.3
v -1 0.4 -0.4
v -1 0.4 -0.6
v -1 0.5 0.7
v -1 0.5 0.6
v -1 0.5 0.4
v -1 0.5 -0.4
v -1 0.5 -0.6
v -1 0.5 -0.7
v -1 0.6 0.9
v -1 0.6 0.7
v -1 0.6 0.6
v -1 0.6 -0.6
v -1 0.6 -0.7
v -1 0.6 -0.9
v -1 0.7 1
v -1 0.7 0.9
v -1 0.7 0.7
v -1 0.7 -0.7
v -1 0.7 -0.9
v -1 0.7 -1
v -1 0.9 1.1
v -1 0.9 1
v -1 0.9 0.9
v -1 0.9 -0.9
v -1 0.9 -1
v -1 0.9 -1.1
v -1 1 1.2
v -1 1 1.1
v -1 1 1
v -1 1 -1
v -1 1 -1.1
v -1 1 -1.2
v -1 1.2 1.2
v -1 1.2 1.1
v -1 1.2 -1.1
v -1 1.2 -1.2
v -1 1.3 1.3
v -1 1.3 1.2
v -1 1.3 -1.2
v -1 1.3 -1.3
v -1 1.5 1.2
v -1 1.6 -1.2
v -1 1.6 -1.3
v -1 1.7 1.2
v -1 1.7 -1.2
v -1 1.7 -1.3
v -1 1.8 1.3
v -1 1.8 1.2
v -1 1.9 1.3
v -1 1.9 1.2
v -1 1.9 -1.2
v -1 1.9 -1.3
v -1 2 1.2
v -1 2 1.1
v -1 2 -1.1
v -1 2 -1.2
v -1 2.1 1.2
v -1 2.1 1.1
v -1 2.1 -1.1
v -1 2.1 -1.2
v -1 2.2 1.2
v -1 2.2 1.1
v -1 2.2 1
v -1 2.2 -1
v -1 2.2 -1.1
v -1 2.2 -1.2
v -1 2.3 1.1
v -1 2.3 1
v -1 2.3 0.9
v -1 2.3 -0.9
v -1 2.3 -1
v -1 2.3 -1.1
v -1 2.4 -0.9
v -1 2.4 -1
v -1 2.5 1
v -1 2.5 0.9
v -1 2.5 0.7
v -1 2.5 -0.7
v -1 2.5 -0.9
v -1 2.5 -1
v -1 2.6 0.9
v -1 2.6 0.7
v -1 2.6 0.6
v -1 2.6 -0.6
v -1 2.6 -0.7
v -1 2.6 -0.9
v -1 2.7 0.7
v -1 2.7 0.6
v -1 2.7 0.4
v -1 2.7 -0.4
v -1 2.7 -0.6
v -1 2.7 -0.7
v -1 2.8 0.6
v -1 2.8 0.4
v -1 2.8 0.3
v -1 2.8 -0.3
v -1 2.8 -0.4
v -1 2.8 -0.6
v -1 2.9 0.3
v -1 2.9 -0.3
v -0.9 0.2 0.1
v -0.9 0.2 -0.1
v -0.9 0.3 0.5
v -0.9 0.3 0.3
v -0.9 0.3 0.1
v -0.9 0.3 -0.1
v -0.9 0.3 -0.3
v -0.9 0.3 -0.5
v -0.9 0.4 0.7
v -0.9 0.4 0.6
v -0.9 0.4 0.5
v -0.9 0.4 0.3
v -0.9 0.4 -0.3
v -0.9 0.4 -0.5
v -0.9 0.4 -0.6
v -0.9 0.4 -0.7
v -0.9 0.5 0.9
v -0.9 0.5 0.7
v -0.9 0.5 0.6
v -0.9 0.5 -0.6
v -0.9 0.5 -0.7
v -0.9 0.5 -0.9
v -0.9 0.6 1
v -0.9 0.6 0.9
v -0.9 0.6 0.7
v -0.9 0.6 -0.7
v -0.9 0.6 -0.9
v -0.9 0.6 -1
v -0.9 0.7 1.1
v -0.9 0.7 1
v -0.9 0.7 0.9
v -0.9 0.7 -0.9
v -0.9 0.7 -1
v -0.9 0.7 -1.1
v -0.9 0.9 1.2
v -0.9 0.9 1.1
v -0.9 0.9 1
v -0.9 0.9 -1
v -0.9 0.9 -1.1
v -0.9 0.9 -1.2
v -0.9 1 1.2
v -0.9 1 1.1
v -0.9 1 -1.1
v -0.9 1 -1.2
v -0.9 1.1 1.3
v -0.9 1.1 1.2
v -0.9 1.1 -1.2
v -0.9 1.1 -1.3
v -0.9 1.3 1.3
v -0.9 1.3 1.2
v -0.9 1.3 -1.2
v -0.9 1.3 -1.3
v -0.9 1.5 1.4
v -0.9 1.5 1.3
v -0.9 1.5 -1.3
v -0.9 1.5 -1.4
v -0.9 1.6 -1.3
v -0.9 1.7 1.4
v -0.9 1.7 1.3
v -0.9 1.7 -1.3
v -0.9 1.7 -1.4
v -0.9 1.9 1.3
v -0.9 1.9 1.2
v -0.9 1.9 -1.2
v -0.9 1.9 -1.3
v -0.9 2.1 1.3
v -0.9 2.1 1.2
v -0.9 2.1 -1.2
v -0.9 2.1 -1.3
v -0.9 2.2 1.2
v -0.9 2.2 1.1
v -0.9 2.2 -1.1
v -0.9 2.2 -1.2
v -0.9 2.3 1.2
v -0.9 2.3 1.1
v -0.9 2.3 1
v -0.9 2.3 -1
v -0.9 2.3 -1.1
v -0.9 2.3 -1.2
v -0.9 2.4 -1
v -0.9 2.5 1.1
v -0.9 2.5 1
v -0.9 2.5 0.9
v -0.9 2.5 -0.9
v -0.9 2.5 -1
v -0.9 2.5 -1.1
v -0.9 2.6 1
v -0.9 2.6 0.9
v -0.9 2.6 0.7
v -0.9 2.6 -0.7
v -0.9 2.6 -0.9
v -0.9 2.6 -1
v -0.9 2.7 0.9
v -0.9 2.7 0.7
v -0.9 2.7 0.6
v -0.9 2.7 -0.6
v -0.9 2.7 -0.7
v -0.9 2.7 -0.9
v -0.9 2.8 0.7
v -0.9 2.8 0.6
v -0.9 2.8 0.5
v -0.9 2.8 0.3
v -0.9 2.8 -0.3
v -0.9 2.8 -0.5
v -0.9 2.8 -0.6
v -0.9 2.8 -0.7
v -0.9 2.9 0.5
v -0.9 2.9 0.3
v -0.9 2.9 0.1
v -0.9 2.9 -0.1
v -0.9 2.9 -0.3
v -0.9 2.9 -0.5
v -0.9 3 0.1
v -0.9 3 -0.1
v -0.8 0.2 0.4
v -0.8 0.2 0.1
v -0.8 0.2 -0.1
v -0.8 0.2 -0.4
v -0.8 0.3 0.7
v -0.8 0.3 0.5
v -0.8 0.3 0.4
v -0.8 0.3 0.1
v -0.8 0.3 -0.1
v -0.8 0.3 -0.3
v -0.8 0.3 -0.4
v -0.8 0.3 -0.5
v -0.8 0.3 -0.7
v -0.8 0.4 0.8
v -0.8 0.4 0.7
v -0.8 0.4 0.5
v -0.8 0.4 -0.5
v -0.8 0.4 -0.7
v -0.8 0.4 -0.8
v -0.8 0.5 0.8
v -0.8 0.5 0.7
v -0.8 0.5 -0.7
v -0.8 0.5 -0.8
v -0.8 0.8 1.2
v -0.8 0.8 1.1
v -0.8 0.8 -1.1
v -0.8 0.8 -1.2
v -0.8 0.9 1.3
v -0.8 0.9 1.2
v -0.8 0.9 1.1
v -0.8 0.9 -1.1
v -0.8 0.9 -1.2
v -0.8 0.9 -1.3
v -0.8 1 1.3
v -0.8 1 1.2
v -0.8 1.1 1.3
v -0.8 1.1 1.2
v -0.8 1.1 -1.2
v -0.8 1.1 -1.3
v -0.8 1.2 1.4
v -0.8 1.2 1.3
v -0.8 1.2 -1.3
v -0.8 1.2 -1.4
v -0.8 1.3 -1.3
v -0.8 1.5 1.4
v -0.8 1.5 1.3
v -0.8 1.5 -1.3
v -0.8 1.5 -1.4
v -0.8 1.7 1.4
v -0.8 1.7 1.3
v -0.8 1.7 -1.3
v -0.8 1.7 -1.4
v -0.8 1.9 1.3
v -0.8 2 1.4
v -0.8 2 1.3
v -0.8 2 -1.3
v -0.8 2 -1.4
v -0.8 2.1 1.3
v -0.8 2.1 1.2
v -0.8 2.1 -1.2
v -0.8 2.1 -1.3
v -0.8 2.3 1.3
v -0.8 2.3 1.2
v -0.8 2.3 1.1
v -0.8 2.3 -1.1
v -0.8 2.3 -1.2
v -0.8 2.3 -1.3
v -0.8 2.4 1.2
v -0.8 2.4 1.1
v -0.8 2.4 -1.1
v -0.8 2.4 -1.2
v -0.8 2.7 0.8
v -0.8 2.7 0.7
v -0.8 2.7 -0.7
v -0.8 2.7 -0.8
v -0.8 2.8 0.8
v -0.8 2.8 0.7
v -0.8 2.8 0.5
v -0.8 2.8 -0.5
v -0.8 2.8 -0.7
v -0.8 2.8 -0.8
v -0.8 2.9 0.7
v -0.8 2.9 0.5
v -0.8 2.9 0.4
v -0.8 2.9 0.1
v -0.8 2.9 -0.1
v -0.8 2.9 -0.4
v -0.8 2.9 -0.5
v -0.8 2.9 -0.7
v -0.8 3 0.4
v -0.8 3 0.1
v -0.8 3 -0.1
v -0.8 3 -0.4
v -0.7 0.1 0.2
v -0.7 0.1 -0.2
v -0.7 0.2 0.6
v -0.7 0.2 0.4
v -0.7 0.2 0.2
v -0.7 0.2 -0.2
v -0.7 0.2 -0.4
v -0.7 0.2 -0.6
v -0.7 0.3 0.8
v -0.7 0.3 0.7
v -0.7 0.3 0.6
v -0.7 0.3 0.4
v -0.7 0.3 -0.4
v -0.7 0.3 -0.6
v -0.7 0.3 -0.7
v -0.7 0.3 -0.8
v -0.7 0.4 0.9
v -0.7 0.4 0.8
v -0.7 0.4 0.7
v -0.7 0.4 -0.7
v -0.7 0.4 -0.8
v -0.7 0.4 -0.9
v -0.7 0.5 1
v -0.7 0.5 0.9
v -0.7 0.5 0.8
v -0.7 0.5 -0.8
v -0.7 0.5 -0.9
v -0.7 0.5 -1
v -0.7 0.6 1.1
v -0.7 0.6 1
v -0.7 0.6 0.9
v -0.7 0.6 -0.9
v -0.7 0.6 -1
v -0.7 0.6 -1.1
v -0.7 0.7 1.2
v -0.7 0.7 1.1
v -0.7 0.7 1
v -0.7 0.7 -1
v -0.7 0.7 -1.1
v -0.7 0.7 -1.2
v -0.7 0.8 1.3
v -0.7 0.8 1.2
v -0.7 0.8 1.1
v -0.7 0.8 -1.1
v -0.7 0.8 -1.2
v -0.7 0.8 -1.3
v -0.7 0.9 1.3
v -0.7 0.9 1.2
v -0.7 0.9 -1.2
v -0.7 0.9 -1.3
v -0.7 1 1.4
v -0.7 1 1.3
v -0.7 1 -1.3
v -0.7 1 -1.4
v -0.7 1.1 -1.3
v -0.7 1.1 -1.4
v -0.7 1.2 1.4
v -0.7 1.2 1.3
v -0.7 1.2 -1.3
v -0.7 1.2 -1.4
v -0.7 1.4 1.5
v -0.7 1.4 1.4
v -0.7 1.4 -1.4
v -0.7 1.4 -1.5
v -0.7 1.8 1.5
v -0.7 1.8 1.4
v -0.7 1.8 -1.4
v -0.7 1.8 -1.5
v -0.7 2 1.4
v -0.7 2 1.3
v -0.7 2 -1.3
v -0.7 2 -1.4
v -0.7 2.1 1.4
v -0.7 2.1 1.3
v -0.7 2.2 1.4
v -0.7 2.2 1.3
v -0.7 2.2 -1.3
v -0.7 2.2 -1.4
v -0.7 2.3 1.3
v -0.7 2.3 1.2
v -0.7 2.3 -1.2
v -0.7 2.3 -1.3
v -0.7 2.4 1.3
v -0.7 2.4 1.2
v -0.7 2.4 1.1
v -0.7 2.4 -1.1
v -0.7 2.4 -1.2
v -0.7 2.4 -1.3
v -0.7 2.5 1.2
v -0.7 2.5 1.1
v -0.7 2.5 1
v -0.7 2.5 -1
v -0.7 2.5 -1.1
v -0.7 2.5 -1.2
v -0.7 2.6 1.1
v -0.7 2.6 1
v -0.7 2.6 0.9
v -0.7 2.6 -0.9
v -0.7 2.6 -1
v -0.7 2.6 -1.1
v -0.7 2.7 1
v -0.7 2.7 0.9
v -0.7 2.7 0.8
v -0.7 2.7 -0.8
v -0.7 2.7 -0.9
v -0.7 2.7 -1
v -0.7 2.8 0.9
v -0.7 2.8 0.8
v -0.7 2.8 0.7
v -0.7 2.8 -0.7
v -0.7 2.8 -0.8
v -0.7 2.8 -0.9
v -0.7 2.9 0.8
v -0.7 2.9 0.7
v -0.7 2.9 0.6
v -0.7 2.9 0.5
v -0.7 2.9 0.4
v -0.7 2.9 -0.4
v -0.7 2.9 -0.6
v -0.7 2.9 -0.7
v -0.7 2.9 -0.8
v -0.7 3 0.6
v -0.7 3 0.4
v -0.7 3 0.2
v -0.7 3 -0.2
v -0.7 3 -0.4
v -0.7 3 -0.6
v -0.7 3.1 0.2
v -0.7 3.1 -0.2
v -0.6 0.1 0.4
v -0.6 0.1 0.2
v -0.6 0.1 -0.2
v -0.6 0.1 -0.4
v -0.6 0.2 0.7
v -0.6 0.2 0.6
v -0.6 0.2 0.4
v -0.6 0.2 0.2
v -0.6 0.2 -0.2
v -0.6 0.2 -0.4
v -0.6 0.2 -0.6
v -0.6 0.2 -0.7
v -0.6 0.3 0.7
v -0.6 0.3 0.6
v -0.6 0.3 -0.6
v -0.6 0.3 -0.7
v -0.6 0.4 1
v -0.6 0.4 0.9
v -0.6 0.4 -0.9
v -0.6 0.4 -1
v -0.6 0.5 1.1
v -0.6 0.5 1
v -0.6 0.5 0.9
v -0.6 0.5 -0.9
v -0.6 0.5 -1
v -0.6 0.5 -1.1
v -0.6 0.6 1.2
v -0.6 0.6 1.1
v -0.6 0.6 1
v -0.6 0.6 -1
v -0.6 0.6 -1.1
v -0.6 0.6 -1.2
v -0.6 0.7 1.2
v -0.6 0.7 1.1
v -0.6 0.7 -1.1
v -0.6 0.7 -1.2
v -0.6 0.9 1.4
v -0.6 0.9 1.3
v -0.6 0.9 -1.3
v -0.6 0.9 -1.4
v -0.6 1 1.4
v -0.6 1 1.3
v -0.6 1 -1.3
v -0.6 1 -1.4
v -0.6 1.2 1.5
v -0.6 1.2 1.4
v -0.6 1.2 -1.4
v -0.6 1.2 -1.5
v -0.6 1.4 1.5
v -0.6 1.4 1.4
v -0.6 1.4 -1.4
v -0.6 1.4 -1.5
v -0.6 1.8 1.5
v -0.6 1.8 1.4
v -0.6 1.8 -1.4
v -0.6 1.8 -1.5
v -0.6 2 1.5
v -0.6 2 1.4
v -0.6 2 -1.4
v -0.6 2 -1.5
v -0.6 2.2 1.4
v -0.6 2.2 1.3
v -0.6 2.2 -1.3
v -0.6 2.2 -1.4
v -0.6 2.3 1.4
v -0.6 2.3 1.3
v -0.6 2.3 -1.3
v -0.6 2.3 -1.4
v -0.6 2.5 1.2
v -0.6 2.5 1.1
v -0.6 2.5 -1.1
v -0.6 2.5 -1.2
v -0.6 2.6 1.2
v -0.6 2.6 1.1
v -0.6 2.6 1
v -0.6 2.6 -1
v -0.6 2.6 -1.1
v -0.6 2.6 -1.2
v -0.6 2.7 1.1
v -0.6 2.7 1
v -0.6 2.7 0.9
v -0.6 2.7 -0.9
v -0.6 2.7 -1
v -0.6 2.7 -1.1
v -0.6 2.8 1
v -0.6 2.8 0.9
v -0.6 2.8 -0.9
v -0.6 2.8 -1
v -0.6 2.9 0.7
v -0.6 2.9 0.6
v -0.6 2.9 -0.6
v -0.6 2.9 -0.7
v -0.6 3 0.7
v -0.6 3 0.6
v -0.6 3 0.4
v -0.6 3 0.3
v -0.6 3 0.2
v -0.6 3 -0.2
v -0.6 3 -0.4
v -0.6 3 -0.6
v -0.6 3 -0.7
v -0.6 3.1 0.4
v -0.6 3.1 0.2
v -0.6 3.1 -0.2
v -0.6 3.1 -0.4
v -0.5 0.1 0.5
v -0.5 0.1 0.4
v -0.5 0.1 -0.4
v -0.5 0.1 -0.5
v -0.5 0.2 0.5
v -0.5 0.2 0.4
v -0.5 0.2 -0.4
v -0.5 0.2 -0.5
v -0.5 0.3 0.9
v -0.5 0.3 0.8
v -0.5 0.3 -0.8
v -0.5 0.3 -0.9
v -0.5 0.4 0.9
v -0.5 0.4 0.8
v -0.5 0.4 -0.8
v -0.5 0.4 -0.9
v -0.5 0.7 1.3
v -0.5 0.7 1.2
v -0.5 0.7 -1.2
v -0.5 0.7 -1.3
v -0.5 0.8 1.3
v -0.5 0.8 1.2
v -0.5 0.8 -1.2
v -0.5 0.8 -1.3
v -0.5 1.1 1.5
v -0.5 1.1 1.4
v -0.5 1.1 -1.4
v -0.5 1.1 -1.5
v -0.5 1.2 1.5
v -0.5 1.2 1.4
v -0.5 1.2 -1.4
v -0.5 1.2 -1.5
v -0.5 2 1.5
v -0.5 2 1.4
v -0.5 2 -1.4
v -0.5 2 -1.5
v -0.5 2.1 1.5
v -0.5 2.1 1.4
v -0.5 2.1 -1.4
v -0.5 2.1 -1.5
v -0.5 2.4 1.3
v -0.5 2.4 1.2
v -0.5 2.4 -1.2
v -0.5 2.4 -1.3
v -0.5 2.5 1.3
v -0.5 2.5 1.2
v -0.5 2.5 -1.2
v -0.5 2.5 -1.3
v -0.5 2.8 0.9
v -0.5 2.8 0.8
v -0.5 2.8 -0.8
v -0.5 2.8 -0.9
v -0.5 2.9 0.9
v -0.5 2.9 0.8
v -0.5 2.9 -0.8
v -0.5 2.9 -0.9
v -0.5 3 0.5
v -0.5 3 0.4
v -0.5 3 -0.4
v -0.5 3 -0.5
v -0.5 3.1 0.5
v -0.5 3.1 0.4
v -0.5 3.1 -0.4
v -0.5 3.1 -0.5
v -0.4 0 0.2
v -0.4 0 0.1
v -0.4 0 -0.2
v -0.4 0.1 0.6
v -0.4 0.1 0.5
v -0.4 0.1 0.2
v -0.4 0.1 0.1
v -0.4 0.1 -0.2
v -0.4 0.1 -0.5
v -0.4 0.1 -0.6
v -0.4 0.2 0.8
v -0.4 0.2 0.7
v -0.4 0.2 0.6
v -0.4 0.2 0.5
v -0.4 0.2 -0.5
v -0.4 0.2 -0.6
v -0.4 0.2 -0.7
v -0.4 0.2 -0.8
v -0.4 0.3 0.8
v -0.4 0.3 0.7
v -0.4 0.3 -0.7
v -0.4 0.3 -0.8
v -0.4 0.4 1.1
v -0.4 0.4 1
v -0.4 0.4 -1
v -0.4 0.4 -1.1
v -0.4 0.5 1.2
v -0.4 0.5 1.1
v -0.4 0.5 1
v -0.4 0.5 -1
v -0.4 0.5 -1.1
v -0.4 0.5 -1.2
v -0.4 0.6 1.2
v -0.4 0.6 1.1
v -0.4 0.6 -1.1
v -0.4 0.6 -1.2
v -0.4 0.8 1.4
v -0.4 0.8 1.3
v -0.4 0.8 -1.3
v -0.4 0.8 -1.4
v -0.4 0.9 1.4
v -0.4 0.9 1.3
v -0.4 0.9 -1.3
v -0.4 0.9 -1.4
v -0.4 1 1.5
v -0.4 1 1.4
v -0.4 1 -1.4
v -0.4 1 -1.5
v -0.4 1.1 1.5
v -0.4 1.1 1.4
v -0.4 1.1 -1.4
v -0.4 1.1 -1.5
v -0.4 1.4 1.6
v -0.4 1.4 1.5
v -0.4 1.4 -1.5
v -0.4 1.4 -1.6
v -0.4 1.8 1.6
v -0.4 1.8 1.5
v -0.4 1.8 -1.5
v -0.4 1.8 -1.6
v -0.4 2.1 1.5
v -0.4 2.1 1.4
v -0.4 2.1 -1.4
v -0.4 2.1 -1.5
v -0.4 2.2 1.5
v -0.4 2.2 1.4
v -0.4 2.2 -1.4
v -0.4 2.2 -1.5
v -0.4 2.3 1.4
v -0.4 2.3 1.3
v -0.4 2.3 -1.3
v -0.4 2.3 -1.4
v -0.4 2.4 1.4
v -0.4 2.4 1.3
v -0.4 2.4 -1.3
v -0.4 2.4 -1.4
v -0.4 2.6 1.2
v -0.4 2.6 1.1
v -0.4 2.6 -1.1
v -0.4 2.6 -1.2
v -0.4 2.7 1.2
v -0.4 2.7 1.1
v -0.4 2.7 1
v -0.4 2.7 -1
v -0.4 2.7 -1.1
v -0.4 2.7 -1.2
v -0.4 2.8 1.1
v -0.4 2.8 1
v -0.4 2.8 -1
v -0.4 2.8 -1.1
v -0.4 2.9 0.8
v -0.4 2.9 0.7
v -0.4 2.9 -0.7
v -0.4 2.9 -0.8
v -0.4 3 0.8
v -0.4 3 0.7
v -0.4 3 0.6
v -0.4 3 0.5
v -0.4 3 -0.5
v -0.4 3 -0.6
v -0.4 3 -0.7
v -0.4 3 -0.8
v -0.4 3.1 0.6
v -0.4 3.1 0.5
v -0.4 3.1 0.2
v -0.4 3.1 -0.2
v -0.4 3.1 -0.5
v -0.4 3.1 -0.6
v -0.4 3.2 0.2
v -0.4 3.2 -0.2
v -0.3 0 0.3
v -0.3 0 0.2
v -0.3 0 -0.2
v -0.3 0 -0.3
v -0.3 0.1 0.3
v -0.3 0.1 0.2
v -0.3 0.1 -0.2
v -0.3 0.1 -0.3
v -0.3 0.3 1
v -0.3 0.3 0.9
v -0.3 0.3 -0.9
v -0.3 0.3 -1
v -0.3 0.4 1
v -0.3 0.4 0.9
v -0.3 0.4 -0.9
v -0.3 0.4 -1
v -0.3 0.6 1.3
v -0.3 0.6 1.2
v -0.3 0.6 -1.2
v -0.3 0.6 -1.3
v -0.3 0.7 1.3
v -0.3 0.7 1.2
v -0.3 0.7 -1.2
v -0.3 0.7 -1.3
v -0.3 1.3 1.6
v -0.3 1.3 1.5
v -0.3 1.3 -1.5
v -0.3 1.3 -1.6
v -0.3 1.4 1.6
v -0.3 1.4 1.5
v -0.3 1.4 -1.5
v -0.3 1.4 -1.6
v -0.3 1.8 1.6
v -0.3 1.8 1.5
v -0.3 1.8 -1.5
v -0.3 1.8 -1.6
v -0.3 1.9 1.6
v -0.3 1.9 1.5
v -0.3 1.9 -1.5
v -0.3 1.9 -1.6
v -0.3 2.5 1.3
v -0.3 2.5 1.2
v -0.3 2.5 -1.2
v -0.3 2.5 -1.3
v -0.3 2.6 1.3
v -0.3 2.6 1.2
v -0.3 2.6 -1.2
v -0.3 2.6 -1.3
v -0.3 2.8 1
v -0.3 2.8 0.9
v -0.3 2.8 -0.9
v -0.3 2.8 -1
v -0.3 2.9 1
v -0.3 2.9 0.9
v -0.3 2.9 -0.9
v -0.3 2.9 -1
v -0.3 3.1 0.3
v -0.3 3.1 0.2
v -0.3 3.1 -0.2
v -0.3 3.1 -0.3
v -0.3 3.2 0.3
v -0.3 3.2 0.2
v -0.3 3.2 -0.2
v -0.3 3.2 -0.3
v -0.2 0 0.4
v -0.2 0 0.3
v -0.2 0 -0.3
v -0.2 0 -0.4
v -0.2 0.1 0.7
v -0.2 0.1 0.6
v -0.2 0.1 0.4
v -0.2 0.1 0.3
v -0.2 0.1 -0.3
v -0.2 0.1 -0.4
v -0.2 0.1 -0.6
v -0.2 0.1 -0.7
v -0.2 0.2 0.7
v -0.2 0.2 0.6
v -0.2 0.2 -0.6
v -0.2 0.2 -0.7
v -0.2 0.9 1.5
v -0.2 0.9 1.4
v -0.2 0.9 -1.4
v -0.2 0.9 -1.5
v -0.2 1 1.5
v -0.2 1 1.4
v -0.2 1 -1.4
v -0.2 1 -1.5
v -0.2 1.2 1.6
v -0.2 1.2 1.5
v -0.2 1.2 -1.5
v -0.2 1.2 -1.6
v -0.2 1.3 1.6
v -0.2 1.3 1.5
v -0.2 1.3 -1.5
v -0.2 1.3 -1.6
v -0.2 1.9 1.6
v -0.2 1.9 1.5
v -0.2 1.9 -1.5
v -0.2 1.9 -1.6
v -0.2 2 1.6
v -0.2 2 1.5
v -0.2 2 -1.5
v -0.2 2 -1.6
v -0.2 2.2 1.5
v -0.2 2.2 1.4
v -0.2 2.2 -1.4
v -0.2 2.2 -1.5
v -0.2 2.3 1.5
v -0.2 2.3 1.4
v -0.2 2.3 -1.4
v -0.2 2.3 -1.5
v -0.2 3 0.7
v -0.2 3 0.6
v -0.2 3 -0.6
v -0.2 3 -0.7
v -0.2 3.1 0.7
v -0.2 3.1 0.6
v -0.2 3.1 0.4
v -0.2 3.1 0.3
v -0.2 3.1 -0.3
v -0.2 3.1 -0.4
v -0.2 3.1 -0.6
v -0.2 3.1 -0.7
v -0.2 3.2 0.4
v -0.2 3.2 0.3
v -0.2 3.2 -0.3
v -0.2 3.2 -0.4
v -0.1 0.2 0.9
v -0.1 0.2 0.8
v -0.1 0.2 -0.8
v -0.1 0.2 -0.9
v -0.1 0.3 0.9
v -0.1 0.3 0.8
v -0.1 0.3 -0.8
v -0.1 0.3 -0.9
v -0.1 0.7 1.4
v -0.1 0.7 1.3
v -0.1 0.7 -1.3
v -0.1 0.7 -1.4
v -0.1 0.8 1.4
v -0.1 0.8 1.3
v -0.1 0.8 -1.3
v -0.1 0.8 -1.4
v -0.1 2.4 1.4
v -0.1 2.4 1.3
v -0.1 2.4 -1.3
v -0.1 2.4 -1.4
v -0.1 2.5 1.4
v -0.1 2.5 1.3
v -0.1 2.5 -1.3
v -0.1 2.5 -1.4
v -0.1 2.9 0.9
v -0.1 2.9 0.8
v -0.1 2.9 -0.8
v -0.1 2.9 -0.9
v -0.1 3 0.9
v -0.1 3 0.8
v -0.1 3 -0.8
v -0.1 3 -0.9
v 0.1 0.2 0.9
v 0.1 0.2 0.8
v 0.1 0.2 -0.8
v 0.1 0.2 -0.9
v 0.1 0.3 0.9
v 0.1 0.3 0.8
v 0.1 0.3 -0.8
v 0.1 0.3 -0.9
v 0.1 0.7 1.4
v 0.1 0.7 1.3
v 0.1 0.7 -1.3
v 0.1 0.7 -1.4
v 0.1 0.8 1.4
v 0.1 0.8 1.3
v 0.1 0.8 -1.3
v 0.1 0.8 -1.4
v 0.1 2.4 1.4
v 0.1 2.4 1.3
v 0.1 2.4 -1.3
v 0.1 2.4 -1.4
v 0.1 2.5 1.4
v 0.1 2.5 1.3
v 0.1 2.5 -1.3
v 0.1 2.5 -1.4
v 0.1 2.9 0.9
v 0.1 2.9 0.8
v 0.1 2.9 -0.8
v 0.1 2.9 -0.9
v 0.1 3 0.9
v 0.1 3 0.8
v 0.1 3 -0.8
v 0.1 3 -0.9
v 0.2 0 0.4
v 0.2 0 0.3
v 0.2 0 -0.3
v 0.2 0 -0.4
v 0.2 0.1 0.7
v 0.2 0.1 0.6
v 0.2 0.1 0.4
v 0.2 0.1 0.3
v 0.2 0.1 -0.3
v 0.2 0.1 -0.4
v 0.2 0.1 -0.6
v 0.2 0.1 -0.7
v 0.2 0.2 0.7
v 0.2 0.2 0.6
v 0.2 0.2 -0.6
v 0.2 0.2 -0.7
v 0.2 0.9 1.5
v 0.2 0.9 1.4
v 0.2 0.9 -1.4
v 0.2 0.9 -1.5
v 0.2 1 1.5
v 0.2 1 1.4
v 0.2 1 -1.4
v 0.2 1 -1.5
v 0.2 1.2 1.6
v 0.2 1.2 1.5
v 0.2 1.2 -1.5
v 0.2 1.2 -1.6
v 0.2 1.3 1.6
v 0.2 1.3 1.5
v 0.2 1.3 -1.5
v 0.2 1.3 -1.6
v 0.2 1.9 1.6
v 0.2 1.9 1.5
v 0.2 1.9 -1.5
v 0.2 1.9 -1.6
v 0.2 2 1.6
v 0.2 2 1.5
v 0.2 2 -1.5
v 0.2 2 -1.6
v 0.2 2.2 1.5
v 0.2 2.2 1.4
v 0.2 2.2 -1.4
v 0.2 2.2 -1.5
v 0.2 2.3 1.5
v 0.2 2.3 1.4
v 0.2 2.3 -1.4
v 0.2 2.3 -1.5
v 0.2 3 0.7
v 0.2 3 0.6
v 0.2 3 -0.6
v 0.2 3 -0.7
v 0.2 3.1 0.7
v 0.2 3.1 0.6
v 0.2 3.1 0.4
v 0.2 3.1 0.3
v 0.2 3.1 -0.3
v 0.2 3.1 -0.4
v 0.2 3.1 -0.6
v 0.2 3.1 -0.7
v 0.2 3.2 0.4
v 0.2 3.2 0.3
v 0.2 3.2 -0.3
v 0.2 3.2 -0.4
v 0.3 0 0.3
v 0.3 0 0.2
v 0.3 0 -0.2
v 0.3 0 -0.3
v 0.3 0.1 0.3
v 0.3 0.1 0.2
v 0.3 0.1 -0.2
v 0.3 0.1 -0.3
v 0.3 0.3 1
v 0.3 0.3 0.9
v 0.3 0.3 -0.9
v 0.3 0.3 -1
v 0.3 0.4 1
v 0.3 0.4 0.9
v 0.3 0.4 -0.9
v 0.3 0.4 -1
v 0.3 0.6 1.3
v 0.3 0.6 1.2
v 0.3 0.6 -1.2
v 0.3 0.6 -1.3
v 0.3 0.7 1.3
v 0.3 0.7 1.2
v 0.3 0.7 -1.2
v 0.3 0.7 -1.3
v 0.3 1.3 1.6
v 0.3 1.3 1.5
v 0.3 1.3 -1.5
v 0.3 1.3 -1.6
v 0.3 1.4 1.6
v 0.3 1.4 1.5
v 0.3 1.4 -1.5
v 0.3 1.4 -1.6
v 0.3 1.8 1.6
v 0.3 1.8 1.5
v 0.3 1.8 -1.5
v 0.3 1.8 -1.6
v 0.3 1.9 1.6
v 0.3 1.9 1.5
v 0.3 1.9 -1.5
v 0.3 1.9 -1.6
v 0.3 2.5 1.3
v 0.3 2.5 1.2
v 0.3 2.5 -1.2
v 0.3 2.5 -1.3
v 0.3 2.6 1.3
v 0.3 2.6 1.2
v 0.3 2.6 -1.2
v 0.3 2.6 -1.3
v 0.3 2.8 1
v 0.3 2.8 0.9
v 0.3 2.8 -0.9
v 0.3 2.8 -1
v 0.3 2.9 1
v 0.3 2.9 0.9
v 0.3 2.9 -0.9
v 0.3 2.9 -1
v 0.3 3.1 0.3
v 0.3 3.1 0.2
v 0.3 3.1 -0.2
v 0.3 3.1 -0.3
v 0.3 3.2 0.3
v 0.3 3.2 0.2
v 0.3 3.2 -0.2
v 0.3 3.2 -0.3
v 0.4 0 0.2
v 0.4 0 -0.2
v 0.4 0.1 0.6
v 0.4 0.1 0.5
v 0.4 0.1 0.2
v 0.4 0.1 -0.2
v 0.4 0.1 -0.5
v 0.4 0.1 -0.6
v 0.4 0.2 0.8
v 0.4 0.2 0.7
v 0.4 0.2 0.6
v 0.4 0.2 0.5
v 0.4 0.2 -0.5
v 0.4 0.2 -0.6
v 0.4 0.2 -0.7
v 0.4 0.2 -0.8
v 0.4 0.3 0.8
v 0.4 0.3 0.7
v 0.4 0.3 -0.7
v 0.4 0.3 -0.8
v 0.4 0.4 1.1
v 0.4 0.4 1
v 0.4 0.4 -1
v 0.4 0.4 -1.1
v 0.4 0.5 1.2
v 0.4 0.5 1.1
v 0.4 0.5 1
v 0.4 0.5 -1
v 0.4 0.5 -1.1
v 0.4 0.5 -1.2
v 0.4 0.6 1.2
v 0.4 0.6 1.1
v 0.4 0.6 -1.1
v 0.4 0.6 -1.2
v 0.4 0.8 1.4
v 0.4 0.8 1.3
v 0.4 0.8 -1.3
v 0.4 0.8 -1.4
v 0.4 0.9 1.4
v 0.4 0.9 1.3
v 0.4 0.9 -1.3
v 0.4 0.9 -1.4
v 0.4 1 1.5
v 0.4 1 1.4
v 0.4 1 -1.4
v 0.4 1 -1.5
v 0.4 1.1 1.5
v 0.4 1.1 1.4
v 0.4 1.1 -1.4
v 0.4 1.1 -1.5
v 0.4 1.4 1.6
v 0.4 1.4 1.5
v 0.4 1.4 -1.5
v 0.4 1.4 -1.6
v 0.4 1.7 -1.5
v 0.4 1.8 1.6
v 0.4 1.8 1.5
v 0.4 1.8 -1.5
v 0.4 1.8 -1.6
v 0.4 2.1 1.5
v 0.4 2.1 1.4
v 0.4 2.1 -1.4
v 0.4 2.1 -1.5
v 0.4 2.2 1.5
v 0.4 2.2 1.4
v 0.4 2.2 -1.4
v 0.4 2.2 -1.5
v 0.4 2.3 1.4
v 0.4 2.3 1.3
v 0.4 2.3 -1.3
v 0.4 2.3 -1.4
v 0.4 2.4 1.4
v 0.4 2.4 1.3
v 0.4 2.4 -1.3
v 0.4 2.4 -1.4
v 0.4 2.6 1.2
v 0.4 2.6 1.1
v 0.4 2.6 -1.1
v 0.4 2.6 -1.2
v 0.4 2.7 1.2
v 0.4 2.7 1.1
v 0.4 2.7 1
v 0.4 2.7 -1
v 0.4 2.7 -1.1
v 0.4 2.7 -1.2
v 0.4 2.8 1.1
v 0.4 2.8 1
v 0.4 2.8 -1
v 0.4 2.8 -1.1
v 0.4 2.9 0.8
v 0.4 2.9 0.7
v 0.4 2.9 -0.7
v 0.4 2.9 -0.8
v 0.4 3 0.8
v 0.4 3 0.7
v 0.4 3 0.6
v 0.4 3 0.5
v 0.4 3 -0.5
v 0.4 3 -0.6
v 0.4 3 -0.7
v 0.4 3 -0.8
v 0.4 3.1 0.6
v 0.4 3.1 0.5
v 0.4 3.1 0.2
v 0.4 3.1 0.1
v 0.4 3.1 -0.1
v 0.4 3.1 -0.2
v 0.4 3.1 -0.5
v 0.4 3.1 -0.6
v 0.4 3.2 0.2
v 0.4 3.2 0.1
v 0.4 3.2 -0.2
v 0.5 0.1 0.5
v 0.5 0.1 0.4
v 0.5 0.1 -0.4
v 0.5 0.1 -0.5
v 0.5 0.2 0.5
v 0.5 0.2 0.4
v 0.5 0.2 -0.4
v 0.5 0.2 -0.5
v 0.5 0.3 0.9
v 0.5 0.3 0.8
v 0.5 0.3 -0.8
v 0.5 0.3 -0.9
v 0.5 0.4 0.9
v 0.5 0.4 0.8
v 0.5 0.4 -0.8
v 0.5 0.4 -0.9
v 0.5 0.7 1.3
v 0.5 0.7 1.2
v 0.5 0.7 -1.2
v 0.5 0.7 -1.3
v 0.5 0.8 1.3
v 0.5 0.8 1.2
v 0.5 0.8 -1.2
v 0.5 0.8 -1.3
v 0.5 1.1 1.5
v 0.5 1.1 1.4
v 0.5 1.1 -1.4
v 0.5 1.1 -1.5
v 0.5 1.2 1.5
v 0.5 1.2 1.4
v 0.5 1.2 -1.4
v 0.5 1.2 -1.5
v 0.5 2 1.5
v 0.5 2 1.4
v 0.5 2 -1.4
v 0.5 2 -1.5
v 0.5 2.1 1.5
v 0.5 2.1 1.4
v 0.5 2.1 -1.4
v 0.5 2.1 -1.5
v 0.5 2.4 1.3
v 0.5 2.4 1.2
v 0.5 2.4 -1.2
v 0.5 2.4 -1.3
v 0.5 2.5 1.3
v 0.5 2.5 1.2
v 0.5 2.5 -1.2
v 0.5 2.5 -1.3
v 0.5 2.8 0.9
v 0.5 2.8 0.8
v 0.5 2.8 -0.8
v 0.5 2.8 -0.9
v 0.5 2.9 0.9
v 0.5 2.9 0.8
v 0.5 2.9 -0.8
v 0.5 2.9 -0.9
v 0.5 3 0.5
v 0.5 3 0.4
v 0.5 3 -0.4
v 0.5 3 -0.5
v 0.5 3.1 0.5
v 0.5 3.1 0.4
v 0.5 3.1 -0.4
v 0.5 3.1 -0.5
v 0.6 0.1 0.4
v 0.6 0.1 0.2
v 0.6 0.1 -0.2
v 0.6 0.1 -0.4
v 0.6 0.2 0.7
v 0.6 0.2 0.6
v 0.6 0.2 0.4
v 0.6 0.2 0.2
v 0.6 0.2 -0.2
v 0.6 0.2 -0.4
v 0.6 0.2 -0.6
v 0.6 0.2 -0.7
v 0.6 0.3 0.7
v 0.6 0.3 0.6
v 0.6 0.3 -0.6
v 0.6 0.3 -0.7
v 0.6 0.4 1
v 0.6 0.4 0.9
v 0.6 0.4 -0.9
v 0.6 0.4 -1
v 0.6 0.5 1.1
v 0.6 0.5 1
v 0.6 0.5 0.9
v 0.6 0.5 -0.9
v 0.6 0.5 -1
v 0.6 0.5 -1.1
v 0.6 0.6 1.2
v 0.6 0.6 1.1
v 0.6 0.6 1
v 0.6 0.6 -1
v 0.6 0.6 -1.1
v 0.6 0.6 -1.2
v 0.6 0.7 1.2
v 0.6 0.7 1.1
v 0.6 0.7 -1.1
v 0.6 0.7 -1.2
v 0.6 0.9 1.4
v 0.6 0.9 1.3
v 0.6 0.9 -1.3
v 0.6 0.9 -1.4
v 0.6 1 1.4
v 0.6 1 1.3
v 0.6 1 -1.3
v 0.6 1 -1.4
v 0.6 1.2 1.5
v 0.6 1.2 1.4
v 0.6 1.2 -1.4
v 0.6 1.2 -1.5
v 0.6 1.4 1.5
v 0.6 1.4 1.4
v 0.6 1.4 -1.4
v 0.6 1.4 -1.5
v 0.6 1.8 1.5
v 0.6 1.8 1.4
v 0.6 1.8 -1.4
v 0.6 1.8 -1.5
v 0.6 2 1.5
v 0.6 2 1.4
v 0.6 2 -1.4
v 0.6 2 -1.5
v 0.6 2.2 1.4
v 0.6 2.2 1.3
v 0.6 2.2 -1.3
v 0.6 2.2 -1.4
v 0.6 2.3 1.4
v 0.6 2.3 1.3
v 0.6 2.3 -1.3
v 0.6 2.3 -1.4
v 0.6 2.5 1.2
v 0.6 2.5 1.1
v 0.6 2.5 -1.1
v 0.6 2.5 -1.2
v 0.6 2.6 1.2
v 0.6 2.6 1.1
v 0.6 2.6 1
v 0.6 2.6 -1
v 0.6 2.6 -1.1
v 0.6 2.6 -1.2
v 0.6 2.7 1.1
v 0.6 2.7 1
v 0.6 2.7 0.9
v 0.6 2.7 -0.9
v 0.6 2.7 -1
v 0.6 2.7 -1.1
v 0.6 2.8 1
v 0.6 2.8 0.9
v 0.6 2.8 -0.9
v 0.6 2.8 -1
v 0.6 2.9 0.7
v 0.6 2.9 0.6
v 0.6 2.9 -0.6
v 0.6 2.9 -0.7
v 0.6 3 0.7
v 0.6 3 0.6
v 0.6 3 0.4
v 0.6 3 0.3
v 0.6 3 0.2
v 0.6 3 -0.2
v 0.6 3 -0.3
v 0.6 3 -0.4
v 0.6 3 -0.6
v 0.6 3 -0.7
v 0.6 3.1 0.4
v 0.6 3.1 0.3
v 0.6 3.1 0.2
v 0.6 3.1 -0.2
v 0.6 3.1 -0.3
v 0.6 3.1 -0.4
v 0.7 0.1 0.2
v 0.7 0.1 -0.2
v 0.7 0.2 0.6
v 0.7 0.2 0.5
v 0.7 0.2 0.4
v 0.7 0.2 0.2
v 0.7 0.2 -0.2
v 0.7 0.2 -0.4
v 0.7 0.2 -0.6
v 0.7 0.3 0.8
v 0.7 0.3 0.7
v 0.7 0.3 0.6
v 0.7 0.3 0.5
v 0.7 0.3 0.4
v 0.7 0.3 -0.4
v 0.7 0.3 -0.6
v 0.7 0.3 -0.7
v 0.7 0.3 -0.8
v 0.7 0.4 0.9
v 0.7 0.4 0.8
v 0.7 0.4 0.7
v 0.7 0.4 -0.7
v 0.7 0.4 -0.8
v 0.7 0.4 -0.9
v 0.7 0.5 1
v 0.7 0.5 0.9
v 0.7 0.5 0.8
v 0.7 0.5 -0.8
v 0.7 0.5 -0.9
v 0.7 0.5 -1
v 0.7 0.6 1.1
v 0.7 0.6 1
v 0.7 0.6 0.9
v 0.7 0.6 -0.9
v 0.7 0.6 -1
v 0.7 0.6 -1.1
v 0.7 0.7 1.2
v 0.7 0.7 1.1
v 0.7 0.7 1
v 0.7 0.7 -1
v 0.7 0.7 -1.1
v 0.7 0.7 -1.2
v 0.7 0.8 1.3
v 0.7 0.8 1.2
v 0.7 0.8 1.1
v 0.7 0.8 -1.1
v 0.7 0.8 -1.2
v 0.7 0.8 -1.3
v 0.7 0.9 1.3
v 0.7 0.9 1.2
v 0.7 0.9 -1.2
v 0.7 0.9 -1.3
v 0.7 1 1.4
v 0.7 1 1.3
v 0.7 1 -1.3
v 0.7 1 -1.4
v 0.7 1.2 1.4
v 0.7 1.2 1.3
v 0.7 1.2 -1.3
v 0.7 1.2 -1.4
v 0.7 1.4 1.5
v 0.7 1.4 1.4
v 0.7 1.4 -1.4
v 0.7 1.4 -1.5
v 0.7 1.6 -1.4
v 0.7 1.6 -1.5
v 0.7 1.8 1.5
v 0.7 1.8 1.4
v 0.7 1.8 -1.4
v 0.7 1.8 -1.5
v 0.7 2 1.4
v 0.7 2 1.3
v 0.7 2 -1.3
v 0.7 2 -1.4
v 0.7 2.2 1.4
v 0.7 2.2 1.3
v 0.7 2.2 -1.3
v 0.7 2.2 -1.4
v 0.7 2.3 1.3
v 0.7 2.3 1.2
v 0.7 2.3 -1.2
v 0.7 2.3 -1.3
v 0.7 2.4 1.3
v 0.7 2.4 1.2
v 0.7 2.4 1.1
v 0.7 2.4 -1.1
v 0.7 2.4 -1.2
v 0.7 2.4 -1.3
v 0.7 2.5 1.2
v 0.7 2.5 1.1
v 0.7 2.5 1
v 0.7 2.5 -1
v 0.7 2.5 -1.1
v 0.7 2.5 -1.2
v 0.7 2.6 1.1
v 0.7 2.6 1
v 0.7 2.6 0.9
v 0.7 2.6 -0.9
v 0.7 2.6 -1
v 0.7 2.6 -1.1
v 0.7 2.7 1
v 0.7 2.7 0.9
v 0.7 2.7 0.8
v 0.7 2.7 -0.8
v 0.7 2.7 -0.9
v 0.7 2.7 -1
v 0.7 2.8 0.9
v 0.7 2.8 0.8
v 0.7 2.8 0.7
v 0.7 2.8 -0.7
v 0.7 2.8 -0.8
v 0.7 2.8 -0.9
v 0.7 2.9 0.8
v 0.7 2.9 0.7
v 0.7 2.9 0.6
v 0.7 2.9 0.4
v 0.7 2.9 -0.4
v 0.7 2.9 -0.6
v 0.7 2.9 -0.7
v 0.7 2.9 -0.8
v 0.7 3 0.6
v 0.7 3 0.4
v 0.7 3 0.2
v 0.7 3 -0.2
v 0.7 3 -0.4
v 0.7 3 -0.6
v 0.7 3.1 0.2
v 0.7 3.1 -0.2
v 0.8 0.2 0.4
v 0.8 0.2 0.1
v 0.8 0.2 -0.1
v 0.8 0.2 -0.4
v 0.8 0.3 0.7
v 0.8 0.3 0.6
v 0.8 0.3 0.5
v 0.8 0.3 0.4
v 0.8 0.3 0.1
v 0.8 0.3 -0.1
v 0.8 0.3 -0.4
v 0.8 0.3 -0.5
v 0.8 0.3 -0.6
v 0.8 0.3 -0.7
v 0.8 0.4 0.8
v 0.8 0.4 0.7
v 0.8 0.4 0.6
v 0.8 0.4 0.5
v 0.8 0.4 -0.5
v 0.8 0.4 -0.6
v 0.8 0.4 -0.7
v 0.8 0.4 -0.8
v 0.8 0.5 0.8
v 0.8 0.5 0.7
v 0.8 0.5 -0.7
v 0.8 0.5 -0.8
v 0.8 0.8 1.2
v 0.8 0.8 1.1
v 0.8 0.8 -1.1
v 0.8 0.8 -1.2
v 0.8 0.9 1.3
v 0.8 0.9 1.2
v 0.8 0.9 1.1
v 0.8 0.9 -1.1
v 0.8 0.9 -1.2
v 0.8 0.9 -1.3
v 0.8 1.1 1.3
v 0.8 1.1 1.2
v 0.8 1.1 -1.2
v 0.8 1.1 -1.3
v 0.8 1.2 1.4
v 0.8 1.2 1.3
v 0.8 1.2 -1.3
v 0.8 1.2 -1.4
v 0.8 1.5 1.4
v 0.8 1.5 1.3
v 0.8 1.5 -1.3
v 0.8 1.5 -1.4
v 0.8 1.7 1.4
v 0.8 1.7 1.3
v 0.8 1.7 -1.3
v 0.8 1.7 -1.4
v 0.8 2 1.4
v 0.8 2 1.3
v 0.8 2 -1.3
v 0.8 2 -1.4
v 0.8 2.1 1.3
v 0.8 2.1 1.2
v 0.8 2.1 -1.2
v 0.8 2.1 -1.3
v 0.8 2.3 1.3
v 0.8 2.3 1.2
v 0.8 2.3 1.1
v 0.8 2.3 -1.1
v 0.8 2.3 -1.2
v 0.8 2.3 -1.3
v 0.8 2.4 1.2
v 0.8 2.4 1.1
v 0.8 2.4 -1.1
v 0.8 2.4 -1.2
v 0.8 2.7 0.8
v 0.8 2.7 0.7
v 0.8 2.7 -0.7
v 0.8 2.7 -0.8
v 0.8 2.8 0.8
v 0.8 2.8 0.7
v 0.8 2.8 0.5
v 0.8 2.8 -0.5
v 0.8 2.8 -0.7
v 0.8 2.8 -0.8
v 0.8 2.9 0.7
v 0.8 2.9 0.5
v 0.8 2.9 0.4
v 0.8 2.9 0.1
v 0.8 2.9 -0.1
v 0.8 2.9 -0.4
v 0.8 2.9 -0.5
v 0.8 2.9 -0.7
v 0.8 3 0.4
v 0.8 3 0.1
v 0.8 3 -0.1
v 0.8 3 -0.4
v 0.9 0.2 0.1
v 0.9 0.2 -0.1
v 0.9 0.3 0.5
v 0.9 0.3 0.3
v 0.9 0.3 0.1
v 0.9 0.3 -0.1
v 0.9 0.3 -0.3
v 0.9 0.3 -0.5
v 0.9 0.4 0.7
v 0.9 0.4 0.6
v 0.9 0.4 0.5
v 0.9 0.4 0.4
v 0.9 0.4 0.3
v 0.9 0.4 -0.3
v 0.9 0.4 -0.5
v 0.9 0.4 -0.6
v 0.9 0.4 -0.7
v 0.9 0.5 0.9
v 0.9 0.5 0.7
v 0.9 0.5 0.6
v 0.9 0.5 -0.6
v 0.9 0.5 -0.7
v 0.9 0.5 -0.9
v 0.9 0.6 1
v 0.9 0.6 0.9
v 0.9 0.6 0.7
v 0.9 0.6 -0.7
v 0.9 0.6 -0.9
v 0.9 0.6 -1
v 0.9 0.7 1.1
v 0.9 0.7 1
v 0.9 0.7 0.9
v 0.9 0.7 -0.9
v 0.9 0.7 -1
v 0.9 0.7 -1.1
v 0.9 0.9 1.2
v 0.9 0.9 1.1
v 0.9 0.9 1
v 0.9 0.9 -1
v 0.9 0.9 -1.1
v 0.9 0.9 -1.2
v 0.9 1 1.2
v 0.9 1 1.1
v 0.9 1 -1.1
v 0.9 1 -1.2
v 0.9 1.1 1.3
v 0.9 1.1 1.2
v 0.9 1.1 -1.2
v 0.9 1.1 -1.3
v 0.9 1.3 1.3
v 0.9 1.3 1.2
v 0.9 1.3 -1.2
v 0.9 1.3 -1.3
v 0.9 1.5 1.4
v 0.9 1.5 1.3
v 0.9 1.5 -1.3
v 0.9 1.5 -1.4
v 0.9 1.6 -1.3
v 0.9 1.6 -1.4
v 0.9 1.7 1.4
v 0.9 1.7 1.3
v 0.9 1.7 -1.3
v 0.9 1.7 -1.4
v 0.9 1.9 1.3
v 0.9 1.9 1.2
v 0.9 1.9 -1.2
v 0.9 1.9 -1.3
v 0.9 2.1 1.3
v 0.9 2.1 1.2
v 0.9 2.1 -1.2
v 0.9 2.1 -1.3
v 0.9 2.2 1.2
v 0.9 2.2 1.1
v 0.9 2.2 -1.1
v 0.9 2.2 -1.2
v 0.9 2.3 1.2
v 0.9 2.3 1.1
v 0.9 2.3 1
v 0.9 2.3 -1
v 0.9 2.3 -1.1
v 0.9 2.3 -1.2
v 0.9 2.4 1.1
v 0.9 2.4 1
v 0.9 2.5 1.1
v 0.9 2.5 1
v 0.9 2.5 0.9
v 0.9 2.5 -0.9
v 0.9 2.5 -1
v 0.9 2.5 -1.1
v 0.9 2.6 1
v 0.9 2.6 0.9
v 0.9 2.6 0.7
v 0.9 2.6 -0.7
v 0.9 2.6 -0.9
v 0.9 2.6 -1
v 0.9 2.7 0.9
v 0.9 2.7 0.7
v 0.9 2.7 0.6
v 0.9 2.7 -0.6
v 0.9 2.7 -0.7
v 0.9 2.7 -0.9
v 0.9 2.8 0.7
v 0.9 2.8 0.6
v 0.9 2.8 0.5
v 0.9 2.8 0.4
v 0.9 2.8 0.3
v 0.9 2.8 -0.3
v 0.9 2.8 -0.5
v 0.9 2.8 -0.6
v 0.9 2.8 -0.7
v 0.9 2.9 0.5
v 0.9 2.9 0.4
v 0.9 2.9 0.3
v 0.9 2.9 0.1
v 0.9 2.9 -0.1
v 0.9 2.9 -0.3
v 0.9 2.9 -0.5
v 0.9 3 0.1
v 0.9 3 -0.1
v 1 0.3 0.3
v 1 0.3 -0.3
v 1 0.4 0.6
v 1 0.4 0.4
v 1 0.4 0.3
v 1 0.4 -0.3
v 1 0.4 -0.4
v 1 0.4 -0.6
v 1 0.5 0.7
v 1 0.5 0.6
v 1 0.5 0.4
v 1 0.5 -0.4
v 1 0.5 -0.6
v 1 0.5 -0.7
v 1 0.6 0.9
v 1 0.6 0.7
v 1 0.6 0.6
v 1 0.6 -0.6
v 1 0.6 -0.7
v 1 0.6 -0.9
v 1 0.7 1
v 1 0.7 0.9
v 1 0.7 0.7
v 1 0.7 -0.7
v 1 0.7 -0.9
v 1 0.7 -1
v 1 0.9 1.1
v 1 0.9 1
v 1 0.9 0.9
v 1 0.9 -0.9
v 1 0.9 -1
v 1 0.9 -1.1
v 1 1 1.2
v 1 1 1.1
v 1 1 1
v 1 1 -1
v 1 1 -1.1
v 1 1 -1.2
v 1 1.2 1.2
v 1 1.2 1.1
v 1 1.2 -1.1
v 1 1.2 -1.2
v 1 1.3 1.3
v 1 1.3 1.2
v 1 1.3 -1.2
v 1 1.3 -1.3
v 1 1.7 -1.2
v 1 1.7 -1.3
v 1 1.8 -1.2
v 1 1.9 1.3
v 1 1.9 1.2
v 1 1.9 -1.2
v 1 1.9 -1.3
v 1 2 1.2
v 1 2 1.1
v 1 2 -1.1
v 1 2 -1.2
v 1 2.2 1.2
v 1 2.2 1.1
v 1 2.2 1
v 1 2.2 -1
v 1 2.2 -1.1
v 1 2.2 -1.2
v 1 2.3 1.1
v 1 2.3 1
v 1 2.3 0.9
v 1 2.3 -0.9
v 1 2.3 -1
v 1 2.3 -1.1
v 1 2.4 1
v 1 2.4 0.9
v 1 2.5 1
v 1 2.5 0.9
v 1 2.5 0.7
v 1 2.5 -0.7
v 1 2.5 -0.9
v 1 2.5 -1
v 1 2.6 0.9
v 1 2.6 0.7
v 1 2.6 0.6
v 1 2.6 -0.6
v 1 2.6 -0.7
v 1 2.6 -0.9
v 1 2.7 0.7
v 1 2.7 0.6
v 1 2.7 0.4
v 1 2.7 -0.4
v 1 2.7 -0.6
v 1 2.7 -0.7
v 1 2.8 0.6
v 1 2.8 0.4
v 1 2.8 0.3
v 1 2.8 0.2
v 1 2.8 -0.3
v 1 2.8 -0.4
v 1 2.8 -0.6
v 1 2.9 0.3
v 1 2.9 -0.3
v 1.1 0.4 0.4
v 1.1 0.4 -0.4
v 1.1 0.5 0.6
v 1.1 0.5 0.4
v 1.1 0.5 0.3
v 1.1 0.5 0.1
v 1.1 0.5 -0.4
v 1.1 0.5 -0.6
v 1.1 0.6 0.7
v 1.1 0.6 0.6
v 1.1 0.6 0.4
v 1.1 0.6 -0.4
v 1.1 0.6 -0.6
v 1.1 0.6 -0.7
v 1.1 0.7 0.9
v 1.1 0.7 0.7
v 1.1 0.7 0.6
v 1.1 0.7 -0.6
v 1.1 0.7 -0.7
v 1.1 0.7 -0.9
v 1.1 0.8 0.8
v 1.1 0.8 0.7
v 1.1 0.8 -0.7
v 1.1 0.8 -0.8
v 1.1 0.9 1
v 1.1 0.9 0.9
v 1.1 0.9 0.8
v 1.1 0.9 -0.8
v 1.1 0.9 -0.9
v 1.1 0.9 -1
v 1.1 1 1.1
v 1.1 1 1
v 1.1 1 0.9
v 1.1 1 -0.9
v 1.1 1 -1
v 1.1 1 -1.1
v 1.1 1.2 1.2
v 1.1 1.2 1.1
v 1.1 1.2 1
v 1.1 1.2 -1
v 1.1 1.2 -1.1
v 1.1 1.2 -1.2
v 1.1 1.4 1.1
v 1.1 1.7 1.1
v 1.1 1.8 -1.1
v 1.1 1.8 -1.2
v 1.1 2 1.2
v 1.1 2 1.1
v 1.1 2 1
v 1.1 2 -1
v 1.1 2 -1.1
v 1.1 2 -1.2
v 1.1 2.2 1.1
v 1.1 2.2 1
v 1.1 2.2 0.9
v 1.1 2.2 -0.9
v 1.1 2.2 -1
v 1.1 2.2 -1.1
v 1.1 2.3 1
v 1.1 2.3 0.9
v 1.1 2.3 0.8
v 1.1 2.3 -0.8
v 1.1 2.3 -0.9
v 1.1 2.3 -1
v 1.1 2.4 0.8
v 1.1 2.4 0.7
v 1.1 2.4 -0.7
v 1.1 2.4 -0.8
v 1.1 2.5 0.9
v 1.1 2.5 0.7
v 1.1 2.5 0.6
v 1.1 2.5 -0.6
v 1.1 2.5 -0.7
v 1.1 2.5 -0.9
v 1.1 2.6 0.7
v 1.1 2.6 0.6
v 1.1 2.6 0.4
v 1.1 2.6 -0.4
v 1.1 2.6 -0.6
v 1.1 2.6 -0.7
v 1.1 2.7 0.6
v 1.1 2.7 0.4
v 1.1 2.7 0.3
v 1.1 2.7 0.2
v 1.1 2.7 -0.4
v 1.1 2.7 -0.6
v 1.1 2.8 0.4
v 1.1 2.8 0.2
v 1.1 2.8 -0.4
v 1.2 0.5 0.4
v 1.2 0.5 0.3
v 1.2 0.5 0.1
v 1.2 0.5 -0.4
v 1.2 0.6 0.6
v 1.2 0.6 0.4
v 1.2 0.6 0.3
v 1.2 0.6 0.1
v 1.2 0.6 -0.1
v 1.2 0.6 -0.3
v 1.2 0.6 -0.4
v 1.2 0.6 -0.6
v 1.2 0.7 0.7
v 1.2 0.7 0.6
v 1.2 0.7 0.5
v 1.2 0.7 0.3
v 1.2 0.7 -0.3
v 1.2 0.7 -0.5
v 1.2 0.7 -0.6
v 1.2 0.7 -0.7
v 1.2 0.8 0.8
v 1.2 0.8 0.7
v 1.2 0.8 0.5
v 1.2 0.8 -0.5
v 1.2 0.8 -0.7
v 1.2 0.8 -0.8
v 1.2 0.9 0.9
v 1.2 0.9 0.8
v 1.2 0.9 0.7
v 1.2 0.9 -0.7
v 1.2 0.9 -0.8
v 1.2 0.9 -0.9
v 1.2 1 1
v 1.2 1 0.9
v 1.2 1 0.8
v 1.2 1 -0.9
v 1.2 1 -1
v 1.2 1.1 0.9
v 1.2 1.1 0.8
v 1.2 1.1 -0.8
v 1.2 1.1 -0.9
v 1.2 1.2 1.1
v 1.2 1.2 1
v 1.2 1.2 -1
v 1.2 1.2 -1.1
v 1.2 1.3 1
v 1.2 1.3 0.9
v 1.2 1.3 -0.9
v 1.2 1.3 -1
v 1.2 1.4 1.1
v 1.2 1.4 1
v 1.2 1.7 1.1
v 1.2 1.7 1
v 1.2 1.8 -1
v 1.2 1.8 -1.1
v 1.2 1.9 1
v 1.2 1.9 0.9
v 1.2 1.9 -0.9
v 1.2 1.9 -1
v 1.2 2 1.1
v 1.2 2 1
v 1.2 2 -1
v 1.2 2 -1.1
v 1.2 2.1 0.9
v 1.2 2.1 0.8
v 1.2 2.1 -0.8
v 1.2 2.1 -0.9
v 1.2 2.2 1
v 1.2 2.2 0.9
v 1.2 2.2 -0.9
v 1.2 2.2 -1
v 1.2 2.3 0.9
v 1.2 2.3 0.8
v 1.2 2.3 0.7
v 1.2 2.3 -0.7
v 1.2 2.3 -0.8
v 1.2 2.3 -0.9
v 1.2 2.4 0.8
v 1.2 2.4 0.7
v 1.2 2.4 0.5
v 1.2 2.4 -0.5
v 1.2 2.4 -0.7
v 1.2 2.4 -0.8
v 1.2 2.5 0.7
v 1.2 2.5 0.6
v 1.2 2.5 0.5
v 1.2 2.5 0.4
v 1.2 2.5 0.3
v 1.2 2.5 -0.3
v 1.2 2.5 -0.5
v 1.2 2.5 -0.6
v 1.2 2.5 -0.7
v 1.2 2.6 0.6
v 1.2 2.6 0.4
v 1.2 2.6 0.3
v 1.2 2.6 -0.3
v 1.2 2.6 -0.4
v 1.2 2.6 -0.6
v 1.2 2.7 0.4
v 1.2 2.7 0.3
v 1.2 2.7 -0.4
v 1.3 0.6 0.3
v 1.3 0.6 -0.1
v 1.3 0.6 -0.3
v 1.3 0.7 0.5
v 1.3 0.7 0.3
v 1.3 0.7 0.1
v 1.3 0.7 -0.1
v 1.3 0.7 -0.3
v 1.3 0.7 -0.5
v 1.3 0.8 0.7
v 1.3 0.8 0.5
v 1.3 0.8 0.4
v 1.3 0.8 0.1
v 1.3 0.8 -0.1
v 1.3 0.8 -0.3
v 1.3 0.8 -0.4
v 1.3 0.8 -0.5
v 1.3 0.8 -0.7
v 1.3 0.9 0.8
v 1.3 0.9 0.7
v 1.3 0.9 0.6
v 1.3 0.9 0.4
v 1.3 0.9 -0.4
v 1.3 0.9 -0.6
v 1.3 0.9 -0.7
v 1.3 0.9 -0.8
v 1.3 1 0.7
v 1.3 1 0.6
v 1.3 1 -0.6
v 1.3 1 -0.7
v 1.3 1.1 0.9
v 1.3 1.1 0.8
v 1.3 1.1 0.7
v 1.3 1.1 -0.8
v 1.3 1.1 -0.9
v 1.3 1.2 0.8
v 1.3 1.2 0.7
v 1.3 1.2 -0.7
v 1.3 1.2 -0.8
v 1.3 1.3 1
v 1.3 1.3 0.9
v 1.3 1.3 -0.9
v 1.3 1.3 -1
v 1.3 1.4 -0.8
v 1.3 1.5 0.9
v 1.3 1.5 0.8
v 1.3 1.5 -0.8
v 1.3 1.5 -0.9
v 1.3 1.7 1
v 1.3 1.7 0.9
v 1.3 1.7 0.8
v 1.3 1.7 -0.8
v 1.3 1.7 -0.9
v 1.3 1.8 0.9
v 1.3 1.8 0.8
v 1.3 1.9 1
v 1.3 1.9 0.9
v 1.3 1.9 -0.8
v 1.3 1.9 -0.9
v 1.3 1.9 -1
v 1.3 2 0.8
v 1.3 2 0.7
v 1.3 2 -0.7
v 1.3 2 -0.8
v 1.3 2.1 0.9
v 1.3 2.1 0.8
v 1.3 2.1 0.7
v 1.3 2.1 -0.8
v 1.3 2.1 -0.9
v 1.3 2.2 0.7
v 1.3 2.2 0.6
v 1.3 2.2 -0.6
v 1.3 2.2 -0.7
v 1.3 2.3 0.8
v 1.3 2.3 0.7
v 1.3 2.3 0.6
v 1.3 2.3 0.5
v 1.3 2.3 0.4
v 1.3 2.3 -0.4
v 1.3 2.3 -0.6
v 1.3 2.3 -0.7
v 1.3 2.3 -0.8
v 1.3 2.4 0.7
v 1.3 2.4 0.5
v 1.3 2.4 0.4
v 1.3 2.4 0.1
v 1.3 2.4 -0.1
v 1.3 2.4 -0.4
v 1.3 2.4 -0.5
v 1.3 2.4 -0.7
v 1.3 2.5 0.5
v 1.3 2.5 0.4
v 1.3 2.5 0.3
v 1.3 2.5 0.1
v 1.3 2.5 -0.1
v 1.3 2.5 -0.3
v 1.3 2.5 -0.5
v 1.3 2.6 0.3
v 1.3 2.6 -0.3
v 1.4 0.7 0.1
v 1.4 0.7 -0.1
v 1.4 0.8 0.4
v 1.4 0.8 0.1
v 1.4 0.8 -0.1
v 1.4 0.8 -0.3
v 1.4 0.8 -0.4
v 1.4 0.9 0.6
v 1.4 0.9 0.4
v 1.4 0.9 0.2
v 1.4 0.9 -0.2
v 1.4 0.9 -0.4
v 1.4 0.9 -0.6
v 1.4 1 0.7
v 1.4 1 0.6
v 1.4 1 0.4
v 1.4 1 0.2
v 1.4 1 -0.2
v 1.4 1 -0.3
v 1.4 1 -0.4
v 1.4 1 -0.6
v 1.4 1 -0.7
v 1.4 1.1 0.7
v 1.4 1.1 0.5
v 1.4 1.1 0.4
v 1.4 1.1 -0.4
v 1.4 1.1 -0.5
v 1.4 1.2 0.8
v 1.4 1.2 0.7
v 1.4 1.2 0.6
v 1.4 1.2 0.5
v 1.4 1.2 -0.5
v 1.4 1.2 -0.6
v 1.4 1.2 -0.7
v 1.4 1.2 -0.8
v 1.4 1.3 -0.6
v 1.4 1.3 -0.7
v 1.4 1.4 0.7
v 1.4 1.4 0.6
v 1.4 1.4 -0.6
v 1.4 1.4 -0.7
v 1.4 1.4 -0.8
v 1.4 1.5 0.9
v 1.4 1.5 0.8
v 1.4 1.5 -0.8
v 1.4 1.5 -0.9
v 1.4 1.7 0.9
v 1.4 1.7 0.8
v 1.4 1.7 -0.7
v 1.4 1.7 -0.8
v 1.4 1.7 -0.9
v 1.4 1.8 0.7
v 1.4 1.8 0.6
v 1.4 1.8 -0.6
v 1.4 1.8 -0.7
v 1.4 1.9 -0.6
v 1.4 1.9 -0.7
v 1.4 2 0.8
v 1.4 2 0.7
v 1.4 2 0.6
v 1.4 2 0.5
v 1.4 2 -0.5
v 1.4 2 -0.6
v 1.4 2 -0.7
v 1.4 2 -0.8
v 1.4 2.1 0.5
v 1.4 2.1 0.4
v 1.4 2.1 -0.4
v 1.4 2.1 -0.5
v 1.4 2.2 0.7
v 1.4 2.2 0.6
v 1.4 2.2 0.4
v 1.4 2.2 0.2
v 1.4 2.2 -0.2
v 1.4 2.2 -0.4
v 1.4 2.2 -0.6
v 1.4 2.2 -0.7
v 1.4 2.3 0.6
v 1.4 2.3 0.5
v 1.4 2.3 0.4
v 1.4 2.3 0.2
v 1.4 2.3 -0.2
v 1.4 2.3 -0.4
v 1.4 2.3 -0.6
v 1.4 2.4 0.4
v 1.4 2.4 0.1
v 1.4 2.4 -0.1
v 1.4 2.4 -0.4
v 1.4 2.5 0.1
v 1.4 2.5 -0.1
v 1.5 0.9 0.2
v 1.5 0.9 -0.2
v 1.5 1 0.4
v 1.5 1 0.2
v 1.5 1 -0.2
v 1.5 1 -0.3
v 1.5 1 -0.4
v 1.5 1.1 0.5
v 1.5 1.1 0.4
v 1.5 1.1 -0.2
v 1.5 1.1 -0.3
v 1.5 1.1 -0.4
v 1.5 1.1 -0.5
v 1.5 1.2 0.6
v 1.5 1.2 0.5
v 1.5 1.2 0.4
v 1.5 1.2 0.2
v 1.5 1.2 -0.2
v 1.5 1.2 -0.3
v 1.5 1.2 -0.5
v 1.5 1.2 -0.6
v 1.5 1.3 0.3
v 1.5 1.3 0.2
v 1.5 1.3 -0.2
v 1.5 1.3 -0.3
v 1.5 1.4 0.7
v 1.5 1.4 0.6
v 1.5 1.4 0.4
v 1.5 1.4 0.3
v 1.5 1.4 -0.3
v 1.5 1.4 -0.4
v 1.5 1.4 -0.6
v 1.5 1.4 -0.7
v 1.5 1.8 0.7
v 1.5 1.8 0.6
v 1.5 1.8 0.4
v 1.5 1.8 0.3
v 1.5 1.8 -0.3
v 1.5 1.8 -0.4
v 1.5 1.8 -0.6
v 1.5 1.8 -0.7
v 1.5 1.9 0.3
v 1.5 1.9 0.2
v 1.5 1.9 -0.2
v 1.5 1.9 -0.3
v 1.5 2 0.6
v 1.5 2 0.5
v 1.5 2 0.4
v 1.5 2 0.2
v 1.5 2 -0.2
v 1.5 2 -0.5
v 1.5 2 -0.6
v 1.5 2.1 0.5
v 1.5 2.1 0.4
v 1.5 2.1 -0.4
v 1.5 2.1 -0.5
v 1.5 2.2 0.4
v 1.5 2.2 0.2
v 1.5 2.2 -0.2
v 1.5 2.2 -0.4
v 1.5 2.3 0.2
v 1.5 2.3 -0.2
v 1.6 1.2 0.2
v 1.6 1.2 -0.2
v 1.6 1.3 0.3
v 1.6 1.3 0.2
v 1.6 1.3 -0.2
v 1.6 1.3 -0.3
v 1.6 1.4 0.4
v 1.6 1.4 0.3
v 1.6 1.4 -0.3
v 1.6 1.4 -0.4
v 1.6 1.5 -0.1
v 1.6 1.5 -0.2
v 1.6 1.6 0
v 1.6 1.6 -0.1
v 1.6 1.7 0.3
v 1.6 1.7 0
v 1.6 1.8 0.4
v 1.6 1.8 0.3
v 1.6 1.8 -0.3
v 1.6 1.8 -0.4
v 1.6 1.9 0.3
v 1.6 1.9 0.2
v 1.6 1.9 -0.2
v 1.6 1.9 -0.3
v 1.6 2 0.2
v 1.6 2 -0.2
v -0.4 1.4 1.6
v -0.4 1.8 1.6
v -0.3 1.3 1.6
v -0.3 1.4 1.6
v -0.3 1.8 1.6
v -0.3 1.9 1.6
v -0.2 1.2 1.6
v -0.2 1.3 1.6
v -0.2 1.9 1.6
v -0.2 2 1.6
v 0.1 1.2 1.6
v 0.1 1.3 1.6
v 0.2 1.2 1.6
v 0.2 1.3 1.6
v 0.2 1.8 1.6
v 0.2 1.9 1.6
v 0.2 2 1.6
v 0.3 1.3 1.6
v 0.3 1.4 1.6
v 0.3 1.8 1.6
v 0.3 1.9 1.6
v 0.4 1.4 1.6
v 0.4 1.8 1.6
v -0.7 1.4 1.5
v -0.7 1.8 1.5
v -0.6 1.2 1.5
v -0.6 1.4 1.5
v -0.6 1.8 1.5
v -0.6 2 1.5
v -0.5 1.1 1.5
v -0.5 1.2 1.5
v -0.5 2 1.5
v -0.5 2.1 1.5
v -0.4 1 1.5
v -0.4 1.1 1.5
v -0.4 1.4 1.5
v -0.4 1.8 1.5
v -0.4 2 1.5
v -0.4 2.1 1.5
v -0.4 2.2 1.5
v -0.3 1 1.5
v -0.3 1.1 1.5
v -0.3 1.3 1.5
v -0.3 1.4 1.5
v -0.3 1.8 1.5
v -0.3 1.9 1.5
v -0.2 0.9 1.5
v -0.2 1 1.5
v -0.2 1.2 1.5
v -0.2 1.3 1.5
v -0.2 1.9 1.5
v -0.2 2 1.5
v -0.2 2.2 1.5
v -0.2 2.3 1.5
v 0.1 0.9 1.5
v 0.1 1.1 1.5
v 0.1 1.2 1.5
v 0.2 0.9 1.5
v 0.2 1 1.5
v 0.2 1.2 1.5
v 0.2 1.3 1.5
v 0.2 1.9 1.5
v 0.2 2 1.5
v 0.2 2.2 1.5
v 0.2 2.3 1.5
v 0.3 1.3 1.5
v 0.3 1.4 1.5
v 0.3 1.8 1.5
v 0.3 1.9 1.5
v 0.4 1 1.5
v 0.4 1.1 1.5
v 0.4 1.4 1.5
v 0.4 1.8 1.5
v 0.4 2.1 1.5
v 0.4 2.2 1.5
v 0.5 1.1 1.5
v 0.5 1.2 1.5
v 0.5 2 1.5
v 0.5 2.1 1.5
v 0.6 1.2 1.5
v 0.6 1.4 1.5
v 0.6 1.8 1.5
v 0.6 2 1.5
v 0.7 1.4 1.5
v 0.7 1.8 1.5
v -0.9 1.5 1.4
v -0.9 1.7 1.4
v -0.8 1.2 1.4
v -0.8 1.5 1.4
v -0.8 1.7 1.4
v -0.8 2 1.4
v -0.7 1 1.4
v -0.7 1.2 1.4
v -0.7 1.4 1.4
v -0.7 1.8 1.4
v -0.7 2 1.4
v -0.7 2.1 1.4
v -0.7 2.2 1.4
v -0.6 0.9 1.4
v -0.6 1 1.4
v -0.6 1.2 1.4
v -0.6 1.4 1.4
v -0.6 1.8 1.4
v -0.6 2 1.4
v -0.6 2.2 1.4
v -0.6 2.3 1.4
v -0.5 1.1 1.4
v -0.5 1.2 1.4
v -0.5 2 1.4
v -0.5 2.1 1.4
v -0.4 0.8 1.4
v -0.4 0.9 1.4
v -0.4 1 1.4
v -0.4 1.1 1.4
v -0.4 2.1 1.4
v -0.4 2.2 1.4
v -0.4 2.3 1.4
v -0.4 2.4 1.4
v -0.3 1 1.4
v -0.2 0.9 1.4
v -0.2 1 1.4
v -0.2 2.2 1.4
v -0.2 2.3 1.4
v -0.1 0.7 1.4
v -0.1 0.8 1.4
v -0.1 2.4 1.4
v -0.1 2.5 1.4
v 0.1 0.7 1.4
v 0.1 0.8 1.4
v 0.1 0.9 1.4
v 0.1 2.4 1.4
v 0.1 2.5 1.4
v 0.2 0.9 1.4
v 0.2 1 1.4
v 0.2 2.2 1.4
v 0.2 2.3 1.4
v 0.4 0.8 1.4
v 0.4 0.9 1.4
v 0.4 1 1.4
v 0.4 1.1 1.4
v 0.4 2.1 1.4
v 0.4 2.2 1.4
v 0.4 2.3 1.4
v 0.4 2.4 1.4
v 0.5 1.1 1.4
v 0.5 1.2 1.4
v 0.5 2 1.4
v 0.5 2.1 1.4
v 0.6 0.9 1.4
v 0.6 1 1.4
v 0.6 1.2 1.4
v 0.6 1.4 1.4
v 0.6 1.8 1.4
v 0.6 2 1.4
v 0.6 2.2 1.4
v 0.6 2.3 1.4
v 0.7 1 1.4
v 0.7 1.2 1.4
v 0.7 1.4 1.4
v 0.7 1.8 1.4
v 0.7 2 1.4
v 0.7 2.2 1.4
v 0.8 1.2 1.4
v 0.8 1.5 1.4
v 0.8 1.7 1.4
v 0.8 2 1.4
v 0.9 1.5 1.4
v 0.9 1.7 1.4
v -1 1.3 1.3
v -1 1.8 1.3
v -1 1.9 1.3
v -0.9 1.1 1.3
v -0.9 1.3 1.3
v -0.9 1.5 1.3
v -0.9 1.7 1.3
v -0.9 1.8 1.3
v -0.9 1.9 1.3
v -0.9 2.1 1.3
v -0.8 0.9 1.3
v -0.8 1 1.3
v -0.8 1.1 1.3
v -0.8 1.2 1.3
v -0.8 1.5 1.3
v -0.8 1.7 1.3
v -0.8 1.9 1.3
v -0.8 2 1.3
v -0.8 2.1 1.3
v -0.8 2.3 1.3
v -0.7 0.8 1.3
v -0.7 0.9 1.3
v -0.7 1 1.3
v -0.7 1.2 1.3
v -0.7 2 1.3
v -0.7 2.1 1.3
v -0.7 2.2 1.3
v -0.7 2.3 1.3
v -0.7 2.4 1.3
v -0.6 0.9 1.3
v -0.6 1 1.3
v -0.6 2.2 1.3
v -0.6 2.3 1.3
v -0.5 0.7 1.3
v -0.5 0.8 1.3
v -0.5 2.4 1.3
v -0.5 2.5 1.3
v -0.4 0.8 1.3
v -0.4 0.9 1.3
v -0.4 2.3 1.3
v -0.4 2.4 1.3
v -0.3 0.6 1.3
v -0.3 0.7 1.3
v -0.3 2.5 1.3
v -0.3 2.6 1.3
v -0.2 0.6 1.3
v -0.2 0.7 1.3
v -0.1 0.7 1.3
v -0.1 0.8 1.3
v -0.1 2.4 1.3
v -0.1 2.5 1.3
v -0.1 2.6 1.3
v 0.1 0.7 1.3
v 0.1 0.8 1.3
v 0.1 2.4 1.3
v 0.1 2.5 1.3
v 0.2 2.4 1.3
v 0.2 2.5 1.3
v 0.3 0.6 1.3
v 0.3 0.7 1.3
v 0.3 2.5 1.3
v 0.3 2.6 1.3
v 0.4 0.8 1.3
v 0.4 0.9 1.3
v 0.4 2.3 1.3
v 0.4 2.4 1.3
v 0.5 0.7 1.3
v 0.5 0.8 1.3
v 0.5 2.4 1.3
v 0.5 2.5 1.3
v 0.6 0.9 1.3
v 0.6 1 1.3
v 0.6 2.2 1.3
v 0.6 2.3 1.3
v 0.7 0.8 1.3
v 0.7 0.9 1.3
v 0.7 1 1.3
v 0.7 1.2 1.3
v 0.7 2 1.3
v 0.7 2.2 1.3
v 0.7 2.3 1.3
v 0.7 2.4 1.3
v 0.8 0.9 1.3
v 0.8 1.1 1.3
v 0.8 1.2 1.3
v 0.8 1.5 1.3
v 0.8 1.7 1.3
v 0.8 2 1.3
v 0.8 2.1 1.3
v 0.8 2.3 1.3
v 0.9 1.1 1.3
v 0.9 1.3 1.3
v 0.9 1.5 1.3
v 0.9 1.7 1.3
v 0.9 1.9 1.3
v 0.9 2.1 1.3
v 1 1.3 1.3
v 1 1.9 1.3
v -1.1 1.2 1.2
v -1.1 1.5 1.2
v -1.1 1.7 1.2
v -1.1 2 1.2
v -1 1 1.2
v -1 1.2 1.2
v -1 1.3 1.2
v -1 1.5 1.2
v -1 1.7 1.2
v -1 1.8 1.2
v -1 1.9 1.2
v -1 2 1.2
v -1 2.1 1.2
v -1 2.2 1.2
v -0.9 0.9 1.2
v -0.9 1 1.2
v -0.9 1.1 1.2
v -0.9 1.3 1.2
v -0.9 1.9 1.2
v -0.9 2.1 1.2
v -0.9 2.2 1.2
v -0.9 2.3 1.2
v -0.8 0.8 1.2
v -0.8 0.9 1.2
v -0.8 1 1.2
v -0.8 1.1 1.2
v -0.8 2.1 1.2
v -0.8 2.3 1.2
v -0.8 2.4 1.2
v -0.7 0.7 1.2
v -0.7 0.8 1.2
v -0.7 0.9 1.2
v -0.7 2.3 1.2
v -0.7 2.4 1.2
v -0.7 2.5 1.2
v -0.6 0.6 1.2
v -0.6 0.7 1.2
v -0.6 2.5 1.2
v -0.6 2.6 1.2
v -0.5 0.7 1.2
v -0.5 0.8 1.2
v -0.5 2.4 1.2
v -0.5 2.5 1.2
v -0.4 0.5 1.2
v -0.4 0.6 1.2
v -0.4 2.6 1.2
v -0.4 2.7 1.2
v -0.3 0.6 1.2
v -0.3 0.7 1.2
v -0.3 2.5 1.2
v -0.3 2.6 1.2
v -0.2 0.6 1.2
v -0.1 2.6 1.2
v 0.3 0.6 1.2
v 0.3 0.7 1.2
v 0.3 2.5 1.2
v 0.3 2.6 1.2
v 0.4 0.5 1.2
v 0.4 0.6 1.2
v 0.4 2.6 1.2
v 0.4 2.7 1.2
v 0.5 0.7 1.2
v 0.5 0.8 1.2
v 0.5 2.4 1.2
v 0.5 2.5 1.2
v 0.6 0.6 1.2
v 0.6 0.7 1.2
v 0.6 2.4 1.2
v 0.6 2.5 1.2
v 0.6 2.6 1.2
v 0.7 0.7 1.2
v 0.7 0.8 1.2
v 0.7 0.9 1.2
v 0.7 2.3 1.2
v 0.7 2.4 1.2
v 0.7 2.5 1.2
v 0.8 0.8 1.2
v 0.8 0.9 1.2
v 0.8 1.1 1.2
v 0.8 2.1 1.2
v 0.8 2.3 1.2
v 0.8 2.4 1.2
v 0.9 0.9 1.2
v 0.9 1 1.2
v 0.9 1.1 1.2
v 0.9 1.3 1.2
v 0.9 1.9 1.2
v 0.9 2.1 1.2
v 0.9 2.2 1.2
v 0.9 2.3 1.2
v 1 1 1.2
v 1 1.2 1.2
v 1 1.3 1.2
v 1 1.9 1.2
v 1 2 1.2
v 1 2.2 1.2
v 1.1 1.2 1.2
v 1.1 2 1.2
v -1.2 1.2 1.1
v -1.2 1.3 1.1
v -1.2 1.9 1.1
v -1.2 2 1.1
v -1.1 1 1.1
v -1.1 1.2 1.1
v -1.1 1.3 1.1
v -1.1 1.5 1.1
v -1.1 1.7 1.1
v -1.1 1.9 1.1
v -1.1 2 1.1
v -1.1 2.1 1.1
v -1.1 2.2 1.1
v -1 0.9 1.1
v -1 1 1.1
v -1 1.2 1.1
v -1 2 1.1
v -1 2.1 1.1
v -1 2.2 1.1
v -1 2.3 1.1
v -0.9 0.7 1.1
v -0.9 0.9 1.1
v -0.9 1 1.1
v -0.9 2.2 1.1
v -0.9 2.3 1.1
v -0.9 2.5 1.1
v -0.8 0.8 1.1
v -0.8 0.9 1.1
v -0.8 2.3 1.1
v -0.8 2.4 1.1
v -0.7 0.6 1.1
v -0.7 0.7 1.1
v -0.7 0.8 1.1
v -0.7 2.4 1.1
v -0.7 2.5 1.1
v -0.7 2.6 1.1
v -0.6 0.5 1.1
v -0.6 0.6 1.1
v -0.6 0.7 1.1
v -0.6 2.5 1.1
v -0.6 2.6 1.1
v -0.6 2.7 1.1
v -0.4 0.4 1.1
v -0.4 0.5 1.1
v -0.4 0.6 1.1
v -0.4 2.6 1.1
v -0.4 2.7 1.1
v -0.4 2.8 1.1
v 0.4 0.4 1.1
v 0.4 0.5 1.1
v 0.4 0.6 1.1
v 0.4 2.6 1.1
v 0.4 2.7 1.1
v 0.4 2.8 1.1
v 0.5 2.6 1.1
v 0.5 2.7 1.1
v 0.6 0.5 1.1
v 0.6 0.6 1.1
v 0.6 0.7 1.1
v 0.6 2.5 1.1
v 0.6 2.6 1.1
v 0.6 2.7 1.1
v 0.7 0.6 1.1
v 0.7 0.7 1.1
v 0.7 0.8 1.1
v 0.7 2.4 1.1
v 0.7 2.5 1.1
v 0.7 2.6 1.1
v 0.8 0.8 1.1
v 0.8 0.9 1.1
v 0.8 2.3 1.1
v 0.8 2.4 1.1
v 0.9 0.7 1.1
v 0.9 0.9 1.1
v 0.9 1 1.1
v 0.9 2.2 1.1
v 0.9 2.3 1.1
v 0.9 2.4 1.1
v 0.9 2.5 1.1
v 1 0.9 1.1
v 1 1 1.1
v 1 1.2 1.1
v 1 2 1.1
v 1 2.2 1.1
v 1 2.3 1.1
v 1.1 1 1.1
v 1.1 1.2 1.1
v 1.1 1.4 1.1
v 1.1 1.7 1.1
v 1.1 2 1.1
v 1.1 2.2 1.1
v 1.2 1.2 1.1
v 1.2 1.4 1.1
v 1.2 1.7 1.1
v 1.2 2 1.1
v -1.3 1.3 1
v -1.3 1.9 1
v -1.2 1 1
v -1.2 1.2 1
v -1.2 1.3 1
v -1.2 1.9 1
v -1.2 2 1
v -1.2 2.1 1
v -1.2 2.2 1
v -1.1 0.9 1
v -1.1 1 1
v -1.1 1.2 1
v -1.1 2 1
v -1.1 2.1 1
v -1.1 2.2 1
v -1.1 2.3 1
v -1 0.7 1
v -1 0.9 1
v -1 1 1
v -1 2.2 1
v -1 2.3 1
v -1 2.5 1
v -0.9 0.6 1
v -0.9 0.7 1
v -0.9 0.9 1
v -0.9 2.3 1
v -0.9 2.5 1
v -0.9 2.6 1
v -0.7 0.5 1
v -0.7 0.6 1
v -0.7 0.7 1
v -0.7 2.5 1
v -0.7 2.6 1
v -0.7 2.7 1
v -0.6 0.4 1
v -0.6 0.5 1
v -0.6 0.6 1
v -0.6 2.6 1
v -0.6 2.7 1
v -0.6 2.8 1
v -0.4 0.4 1
v -0.4 0.5 1
v -0.4 2.7 1
v -0.4 2.8 1
v -0.3 0.3 1
v -0.3 0.4 1
v -0.3 2.8 1
v -0.3 2.9 1
v 0.2 2.8 1
v 0.2 2.9 1
v 0.3 0.3 1
v 0.3 0.4 1
v 0.3 2.8 1
v 0.3 2.9 1
v 0.4 0.4 1
v 0.4 0.5 1
v 0.4 2.7 1
v 0.4 2.8 1
v 0.5 2.7 1
v 0.6 0.4 1
v 0.6 0.5 1
v 0.6 0.6 1
v 0.6 2.6 1
v 0.6 2.7 1
v 0.6 2.8 1
v 0.7 0.5 1
v 0.7 0.6 1
v 0.7 0.7 1
v 0.7 2.5 1
v 0.7 2.6 1
v 0.7 2.7 1
v 0.9 0.6 1
v 0.9 0.7 1
v 0.9 0.9 1
v 0.9 2.3 1
v 0.9 2.4 1
v 0.9 2.5 1
v 0.9 2.6 1
v 1 0.7 1
v 1 0.9 1
v 1 1 1
v 1 2.2 1
v 1 2.3 1
v 1 2.4 1
v 1 2.5 1
v 1.1 0.9 1
v 1.1 1 1
v 1.1 1.2 1
v 1.1 2 1
v 1.1 2.2 1
v 1.1 2.3 1
v 1.2 1 1
v 1.2 1.2 1
v 1.2 1.3 1
v 1.2 1.4 1
v 1.2 1.7 1
v 1.2 1.9 1
v 1.2 2 1
v 1.2 2.2 1
v 1.3 1.3 1
v 1.3 1.7 1
v 1.3 1.9 1
v -1.4 1.5 0.9
v -1.4 1.7 0.9
v -1.3 1.1 0.9
v -1.3 1.3 0.9
v -1.3 1.5 0.9
v -1.3 1.7 0.9
v -1.3 1.9 0.9
v -1.3 2.1 0.9
v -1.2 0.9 0.9
v -1.2 1 0.9
v -1.2 1.1 0.9
v -1.2 1.3 0.9
v -1.2 1.9 0.9
v -1.2 2.1 0.9
v -1.2 2.2 0.9
v -1.2 2.3 0.9
v -1.1 0.7 0.9
v -1.1 0.9 0.9
v -1.1 1 0.9
v -1.1 2.2 0.9
v -1.1 2.3 0.9
v -1.1 2.5 0.9
v -1 0.6 0.9
v -1 0.7 0.9
v -1 0.9 0.9
v -1 2.3 0.9
v -1 2.5 0.9
v -1 2.6 0.9
v -0.9 0.5 0.9
v -0.9 0.6 0.9
v -0.9 0.7 0.9
v -0.9 2.5 0.9
v -0.9 2.6 0.9
v -0.9 2.7 0.9
v -0.7 0.4 0.9
v -0.7 0.5 0.9
v -0.7 0.6 0.9
v -0.7 2.6 0.9
v -0.7 2.7 0.9
v -0.7 2.8 0.9
v -0.6 0.4 0.9
v -0.6 0.5 0.9
v -0.6 2.7 0.9
v -0.6 2.8 0.9
v -0.5 0.3 0.9
v -0.5 0.4 0.9
v -0.5 2.8 0.9
v -0.5 2.9 0.9
v -0.4 2.8 0.9
v -0.4 2.9 0.9
v -0.3 0.3 0.9
v -0.3 0.4 0.9
v -0.3 2.8 0.9
v -0.3 2.9 0.9
v -0.1 0.2 0.9
v -0.1 0.3 0.9
v -0.1 2.9 0.9
v -0.1 3 0.9
v 0.1 0.2 0.9
v 0.1 0.3 0.9
v 0.1 2.9 0.9
v 0.1 3 0.9
v 0.3 0.3 0.9
v 0.3 0.4 0.9
v 0.3 2.8 0.9
v 0.3 2.9 0.9
v 0.4 0.3 0.9
v 0.4 0.4 0.9
v 0.5 0.3 0.9
v 0.5 0.4 0.9
v 0.5 2.8 0.9
v 0.5 2.9 0.9
v 0.6 0.4 0.9
v 0.6 0.5 0.9
v 0.6 2.7 0.9
v 0.6 2.8 0.9
v 0.7 0.4 0.9
v 0.7 0.5 0.9
v 0.7 0.6 0.9
v 0.7 2.6 0.9
v 0.7 2.7 0.9
v 0.7 2.8 0.9
v 0.9 0.5 0.9
v 0.9 0.6 0.9
v 0.9 0.7 0.9
v 0.9 2.5 0.9
v 0.9 2.6 0.9
v 0.9 2.7 0.9
v 1 0.6 0.9
v 1 0.7 0.9
v 1 0.9 0.9
v 1 2.3 0.9
v 1 2.4 0.9
v 1 2.5 0.9
v 1 2.6 0.9
v 1.1 0.7 0.9
v 1.1 0.9 0.9
v 1.1 1 0.9
v 1.1 2.2 0.9
v 1.1 2.3 0.9
v 1.1 2.5 0.9
v 1.2 0.9 0.9
v 1.2 1 0.9
v 1.2 1.1 0.9
v 1.2 1.3 0.9
v 1.2 1.9 0.9
v 1.2 2.1 0.9
v 1.2 2.2 0.9
v 1.2 2.3 0.9
v 1.3 1.1 0.9
v 1.3 1.3 0.9
v 1.3 1.5 0.9
v 1.3 1.7 0.9
v 1.3 1.9 0.9
v 1.3 2.1 0.9
v 1.4 1.5 0.9
v 1.4 1.7 0.9
v -1.4 1.2 0.8
v -1.4 1.4 0.8
v -1.4 1.5 0.8
v -1.4 1.7 0.8
v -1.4 1.9 0.8
v -1.4 2 0.8
v -1.3 0.9 0.8
v -1.3 1.1 0.8
v -1.3 1.2 0.8
v -1.3 1.3 0.8
v -1.3 1.4 0.8
v -1.3 1.5 0.8
v -1.3 1.7 0.8
v -1.3 1.9 0.8
v -1.3 2 0.8
v -1.3 2.1 0.8
v -1.3 2.3 0.8
v -1.2 0.8 0.8
v -1.2 0.9 0.8
v -1.2 1.1 0.8
v -1.2 2.1 0.8
v -1.2 2.3 0.8
v -1.2 2.4 0.8
v -1.1 0.8 0.8
v -1.1 0.9 0.8
v -1.1 2.3 0.8
v -1.1 2.4 0.8
v -0.8 0.4 0.8
v -0.8 0.5 0.8
v -0.8 2.7 0.8
v -0.8 2.8 0.8
v -0.7 0.3 0.8
v -0.7 0.4 0.8
v -0.7 0.5 0.8
v -0.7 2.7 0.8
v -0.7 2.8 0.8
v -0.7 2.9 0.8
v -0.5 0.3 0.8
v -0.5 0.4 0.8
v -0.5 2.8 0.8
v -0.5 2.9 0.8
v -0.4 0.2 0.8
v -0.4 0.3 0.8
v -0.4 2.9 0.8
v -0.4 3 0.8
v -0.1 0.2 0.8
v -0.1 0.3 0.8
v -0.1 2.9 0.8
v -0.1 3 0.8
v 0.1 0.2 0.8
v 0.1 0.3 0.8
v 0.1 2.9 0.8
v 0.1 3 0.8
v 0.2 2.9 0.8
v 0.2 3 0.8
v 0.4 0.2 0.8
v 0.4 0.3 0.8
v 0.4 2.9 0.8
v 0.4 3 0.8
v 0.5 0.3 0.8
v 0.5 0.4 0.8
v 0.5 2.8 0.8
v 0.5 2.9 0.8
v 0.6 0.3 0.8
v 0.6 0.4 0.8
v 0.7 0.3 0.8
v 0.7 0.4 0.8
v 0.7 0.5 0.8
v 0.7 2.7 0.8
v 0.7 2.8 0.8
v 0.7 2.9 0.8
v 0.8 0.4 0.8
v 0.8 0.5 0.8
v 0.8 2.7 0.8
v 0.8 2.8 0.8
v 1.1 0.8 0.8
v 1.1 0.9 0.8
v 1.1 2.3 0.8
v 1.1 2.4 0.8
v 1.2 0.8 0.8
v 1.2 0.9 0.8
v 1.2 1 0.8
v 1.2 1.1 0.8
v 1.2 2.1 0.8
v 1.2 2.3 0.8
v 1.2 2.4 0.8
v 1.3 0.9 0.8
v 1.3 1.1 0.8
v 1.3 1.2 0.8
v 1.3 1.5 0.8
v 1.3 1.7 0.8
v 1.3 1.8 0.8
v 1.3 2 0.8
v 1.3 2.1 0.8
v 1.3 2.3 0.8
v 1.4 1.2 0.8
v 1.4 1.5 0.8
v 1.4 1.7 0.8
v 1.4 2 0.8
v -1.5 1.4 0.7
v -1.5 1.8 0.7
v -1.4 1 0.7
v -1.4 1.2 0.7
v -1.4 1.4 0.7
v -1.4 1.8 0.7
v -1.4 2 0.7
v -1.4 2.1 0.7
v -1.4 2.2 0.7
v -1.3 0.8 0.7
v -1.3 0.9 0.7
v -1.3 1 0.7
v -1.3 1.2 0.7
v -1.3 2 0.7
v -1.3 2.1 0.7
v -1.3 2.2 0.7
v -1.3 2.3 0.7
v -1.3 2.4 0.7
v -1.2 0.7 0.7
v -1.2 0.8 0.7
v -1.2 0.9 0.7
v -1.2 2.3 0.7
v -1.2 2.4 0.7
v -1.2 2.5 0.7
v -1.1 0.6 0.7
v -1.1 0.7 0.7
v -1.1 0.8 0.7
v -1.1 2.4 0.7
v -1.1 2.5 0.7
v -1.1 2.6 0.7
v -1 0.5 0.7
v -1 0.6 0.7
v -1 0.7 0.7
v -1 2.5 0.7
v -1 2.6 0.7
v -1 2.7 0.7
v -0.9 0.4 0.7
v -0.9 0.5 0.7
v -0.9 0.6 0.7
v -0.9 2.6 0.7
v -0.9 2.7 0.7
v -0.9 2.8 0.7
v -0.8 0.3 0.7
v -0.8 0.4 0.7
v -0.8 0.5 0.7
v -0.8 2.7 0.7
v -0.8 2.8 0.7
v -0.8 2.9 0.7
v -0.7 0.3 0.7
v -0.7 0.4 0.7
v -0.7 2.8 0.7
v -0.7 2.9 0.7
v -0.6 0.2 0.7
v -0.6 0.3 0.7
v -0.6 2.9 0.7
v -0.6 3 0.7
v -0.5 2.9 0.7
v -0.4 0.2 0.7
v -0.4 0.3 0.7
v -0.4 2.9 0.7
v -0.4 3 0.7
v -0.2 0.1 0.7
v -0.2 0.2 0.7
v -0.2 3 0.7
v -0.2 3.1 0.7
v 0.1 0.2 0.7
v 0.2 0.1 0.7
v 0.2 0.2 0.7
v 0.2 3 0.7
v 0.2 3.1 0.7
v 0.4 0.2 0.7
v 0.4 0.3 0.7
v 0.4 2.9 0.7
v 0.4 3 0.7
v 0.6 0.2 0.7
v 0.6 0.3 0.7
v 0.6 2.9 0.7
v 0.6 3 0.7
v 0.7 0.3 0.7
v 0.7 0.4 0.7
v 0.7 2.8 0.7
v 0.7 2.9 0.7
v 0.8 0.3 0.7
v 0.8 0.4 0.7
v 0.8 0.5 0.7
v 0.8 2.7 0.7
v 0.8 2.8 0.7
v 0.8 2.9 0.7
v 0.9 0.4 0.7
v 0.9 0.5 0.7
v 0.9 0.6 0.7
v 0.9 2.6 0.7
v 0.9 2.7 0.7
v 0.9 2.8 0.7
v 1 0.5 0.7
v 1 0.6 0.7
v 1 0.7 0.7
v 1 2.5 0.7
v 1 2.6 0.7
v 1 2.7 0.7
v 1.1 0.6 0.7
v 1.1 0.7 0.7
v 1.1 0.8 0.7
v 1.1 2.4 0.7
v 1.1 2.5 0.7
v 1.1 2.6 0.7
v 1.2 0.7 0.7
v 1.2 0.8 0.7
v 1.2 0.9 0.7
v 1.2 2.3 0.7
v 1.2 2.4 0.7
v 1.2 2.5 0.7
v 1.3 0.8 0.7
v 1.3 0.9 0.7
v 1.3 1 0.7
v 1.3 1.1 0.7
v 1.3 1.2 0.7
v 1.3 2 0.7
v 1.3 2.1 0.7
v 1.3 2.2 0.7
v 1.3 2.3 0.7
v 1.3 2.4 0.7
v 1.4 1 0.7
v 1.4 1.1 0.7
v 1.4 1.2 0.7
v 1.4 1.4 0.7
v 1.4 1.8 0.7
v 1.4 2 0.7
v 1.4 2.2 0.7
v 1.5 1.4 0.7
v 1.5 1.8 0.7
v -1.5 1.2 0.6
v -1.5 1.4 0.6
v -1.5 1.8 0.6
v -1.5 2 0.6
v -1.4 0.9 0.6
v -1.4 1 0.6
v -1.4 1.2 0.6
v -1.4 1.4 0.6
v -1.4 1.8 0.6
v -1.4 2 0.6
v -1.4 2.2 0.6
v -1.4 2.3 0.6
v -1.3 0.9 0.6
v -1.3 1 0.6
v -1.3 2.2 0.6
v -1.3 2.3 0.6
v -1.2 0.6 0.6
v -1.2 0.7 0.6
v -1.2 2.5 0.6
v -1.2 2.6 0.6
v -1.1 0.5 0.6
v -1.1 0.6 0.6
v -1.1 0.7 0.6
v -1.1 2.5 0.6
v -1.1 2.6 0.6
v -1.1 2.7 0.6
v -1 0.4 0.6
v -1 0.5 0.6
v -1 0.6 0.6
v -1 2.6 0.6
v -1 2.7 0.6
v -1 2.8 0.6
v -0.9 0.4 0.6
v -0.9 0.5 0.6
v -0.9 2.7 0.6
v -0.9 2.8 0.6
v -0.7 0.2 0.6
v -0.7 0.3 0.6
v -0.7 2.9 0.6
v -0.7 3 0.6
v -0.6 0.2 0.6
v -0.6 0.3 0.6
v -0.6 2.9 0.6
v -0.6 3 0.6
v -0.4 0.1 0.6
v -0.4 0.2 0.6
v -0.4 3 0.6
v -0.4 3.1 0.6
v -0.2 0.1 0.6
v -0.2 0.2 0.6
v -0.2 3 0.6
v -0.2 3.1 0.6
v 0.2 0.1 0.6
v 0.2 0.2 0.6
v 0.2 3 0.6
v 0.2 3.1 0.6
v 0.4 0.1 0.6
v 0.4 0.2 0.6
v 0.4 3 0.6
v 0.4 3.1 0.6
v 0.6 0.2 0.6
v 0.6 0.3 0.6
v 0.6 2.9 0.6
v 0.6 3 0.6
v 0.7 0.2 0.6
v 0.7 0.3 0.6
v 0.7 2.9 0.6
v 0.7 3 0.6
v 0.9 0.4 0.6
v 0.9 0.5 0.6
v 0.9 2.7 0.6
v 0.9 2.8 0.6
v 1 0.4 0.6
v 1 0.5 0.6
v 1 0.6 0.6
v 1 2.6 0.6
v 1 2.7 0.6
v 1 2.8 0.6
v 1.1 0.5 0.6
v 1.1 0.6 0.6
v 1.1 0.7 0.6
v 1.1 2.5 0.6
v 1.1 2.6 0.6
v 1.1 2.7 0.6
v 1.2 0.6 0.6
v 1.2 0.7 0.6
v 1.2 2.5 0.6
v 1.2 2.6 0.6
v 1.3 0.9 0.6
v 1.3 1 0.6
v 1.3 2.2 0.6
v 1.3 2.3 0.6
v 1.4 0.9 0.6
v 1.4 1 0.6
v 1.4 1.2 0.6
v 1.4 1.4 0.6
v 1.4 1.8 0.6
v 1.4 2 0.6
v 1.4 2.2 0.6
v 1.4 2.3 0.6
v 1.5 1.2 0.6
v 1.5 1.4 0.6
v 1.5 1.8 0.6
v 1.5 2 0.6
v -1.5 1.1 0.5
v -1.5 1.2 0.5
v -1.5 2 0.5
v -1.5 2.1 0.5
v -1.4 1.1 0.5
v -1.4 1.2 0.5
v -1.4 2 0.5
v -1.4 2.1 0.5
v -1.3 0.7 0.5
v -1.3 0.8 0.5
v -1.3 2.4 0.5
v -1.3 2.5 0.5
v -1.2 0.7 0.5
v -1.2 0.8 0.5
v -1.2 2.4 0.5
v -1.2 2.5 0.5
v -0.9 0.3 0.5
v -0.9 0.4 0.5
v -0.9 2.8 0.5
v -0.9 2.9 0.5
v -0.8 0.3 0.5
v -0.8 0.4 0.5
v -0.8 2.8 0.5
v -0.8 2.9 0.5
v -0.5 0.1 0.5
v -0.5 0.2 0.5
v -0.5 3 0.5
v -0.5 3.1 0.5
v -0.4 0.1 0.5
v -0.4 0.2 0.5
v -0.4 3 0.5
v -0.4 3.1 0.5
v 0.4 0.1 0.5
v 0.4 0.2 0.5
v 0.4 3 0.5
v 0.4 3.1 0.5
v 0.5 0.1 0.5
v 0.5 0.2 0.5
v 0.5 3 0.5
v 0.5 3.1 0.5
v 0.8 0.3 0.5
v 0.8 0.4 0.5
v 0.8 2.8 0.5
v 0.8 2.9 0.5
v 0.9 0.3 0.5
v 0.9 0.4 0.5
v 0.9 2.8 0.5
v 0.9 2.9 0.5
v 1.2 0.7 0.5
v 1.2 0.8 0.5
v 1.2 2.4 0.5
v 1.2 2.5 0.5
v 1.3 0.7 0.5
v 1.3 0.8 0.5
v 1.3 2.4 0.5
v 1.3 2.5 0.5
v 1.4 1.1 0.5
v 1.4 1.2 0.5
v 1.4 2 0.5
v 1.4 2.1 0.5
v 1.5 1.1 0.5
v 1.5 1.2 0.5
v 1.5 2 0.5
v 1.5 2.1 0.5
v -1.6 1.4 0.4
v -1.6 1.8 0.4
v -1.5 1 0.4
v -1.5 1.1 0.4
v -1.5 1.4 0.4
v -1.5 1.8 0.4
v -1.5 2.1 0.4
v -1.5 2.2 0.4
v -1.4 0.8 0.4
v -1.4 0.9 0.4
v -1.4 1 0.4
v -1.4 1.1 0.4
v -1.4 2.1 0.4
v -1.4 2.2 0.4
v -1.4 2.3 0.4
v -1.4 2.4 0.4
v -1.3 0.8 0.4
v -1.3 0.9 0.4
v -1.3 2.3 0.4
v -1.3 2.4 0.4
v -1.2 0.5 0.4
v -1.2 0.6 0.4
v -1.2 2.6 0.4
v -1.2 2.7 0.4
v -1.1 0.4 0.4
v -1.1 0.5 0.4
v -1.1 0.6 0.4
v -1.1 2.6 0.4
v -1.1 2.7 0.4
v -1.1 2.8 0.4
v -1 0.4 0.4
v -1 0.5 0.4
v -1 2.7 0.4
v -1 2.8 0.4
v -0.8 0.2 0.4
v -0.8 0.3 0.4
v -0.8 2.9 0.4
v -0.8 3 0.4
v -0.7 0.2 0.4
v -0.7 0.3 0.4
v -0.7 2.9 0.4
v -0.7 3 0.4
v -0.6 0.1 0.4
v -0.6 0.2 0.4
v -0.6 3 0.4
v -0.6 3.1 0.4
v -0.5 0.1 0.4
v -0.5 0.2 0.4
v -0.5 3 0.4
v -0.5 3.1 0.4
v -0.2 0 0.4
v -0.2 0.1 0.4
v -0.2 3.1 0.4
v -0.2 3.2 0.4
v -0.1 0.1 0.4
v 0.1 0.1 0.4
v 0.2 0 0.4
v 0.2 0.1 0.4
v 0.2 3.1 0.4
v 0.2 3.2 0.4
v 0.5 0.1 0.4
v 0.5 0.2 0.4
v 0.5 3 0.4
v 0.5 3.1 0.4
v 0.6 0.1 0.4
v 0.6 0.2 0.4
v 0.6 3 0.4
v 0.6 3.1 0.4
v 0.7 0.2 0.4
v 0.7 0.3 0.4
v 0.7 2.9 0.4
v 0.7 3 0.4
v 0.8 0.2 0.4
v 0.8 0.3 0.4
v 0.8 2.9 0.4
v 0.8 3 0.4
v 1 0.4 0.4
v 1 0.5 0.4
v 1 2.7 0.4
v 1 2.8 0.4
v 1.1 0.4 0.4
v 1.1 0.5 0.4
v 1.1 0.6 0.4
v 1.1 2.6 0.4
v 1.1 2.7 0.4
v 1.1 2.8 0.4
v 1.2 0.5 0.4
v 1.2 0.6 0.4
v 1.2 2.6 0.4
v 1.2 2.7 0.4
v 1.3 0.8 0.4
v 1.3 0.9 0.4
v 1.3 2.3 0.4
v 1.3 2.4 0.4
v 1.4 0.8 0.4
v 1.4 0.9 0.4
v 1.4 1 0.4
v 1.4 1.1 0.4
v 1.4 2.1 0.4
v 1.4 2.2 0.4
v 1.4 2.3 0.4
v 1.4 2.4 0.4
v 1.5 1 0.4
v 1.5 1.1 0.4
v 1.5 1.4 0.4
v 1.5 1.8 0.4
v 1.5 2.1 0.4
v 1.5 2.2 0.4
v 1.6 1.4 0.4
v 1.6 1.8 0.4
v -1.6 1.3 0.3
v -1.6 1.4 0.3
v -1.6 1.8 0.3
v -1.6 1.9 0.3
v -1.5 1.3 0.3
v -1.5 1.4 0.3
v -1.5 1.8 0.3
v -1.5 1.9 0.3
v -1.3 0.6 0.3
v -1.3 0.7 0.3
v -1.3 2.5 0.3
v -1.3 2.6 0.3
v -1.2 0.6 0.3
v -1.2 0.7 0.3
v -1.2 2.5 0.3
v -1.2 2.6 0.3
v -1 0.3 0.3
v -1 0.4 0.3
v -1 2.8 0.3
v -1 2.9 0.3
v -0.9 0.3 0.3
v -0.9 0.4 0.3
v -0.9 2.8 0.3
v -0.9 2.9 0.3
v -0.3 0 0.3
v -0.3 0.1 0.3
v -0.3 3.1 0.3
v -0.3 3.2 0.3
v -0.2 0 0.3
v -0.2 0.1 0.3
v -0.2 3.1 0.3
v -0.2 3.2 0.3
v 0.2 0 0.3
v 0.2 0.1 0.3
v 0.2 3.1 0.3
v 0.2 3.2 0.3
v 0.3 0 0.3
v 0.3 0.1 0.3
v 0.3 3.1 0.3
v 0.3 3.2 0.3
v 0.9 0.3 0.3
v 0.9 0.4 0.3
v 0.9 2.8 0.3
v 0.9 2.9 0.3
v 1 0.3 0.3
v 1 0.4 0.3
v 1 2.8 0.3
v 1 2.9 0.3
v 1.2 0.6 0.3
v 1.2 0.7 0.3
v 1.2 2.5 0.3
v 1.2 2.6 0.3
v 1.3 0.6 0.3
v 1.3 0.7 0.3
v 1.3 2.5 0.3
v 1.3 2.6 0.3
v 1.5 1.3 0.3
v 1.5 1.4 0.3
v 1.5 1.8 0.3
v 1.5 1.9 0.3
v 1.6 1.3 0.3
v 1.6 1.4 0.3
v 1.6 1.8 0.3
v 1.6 1.9 0.3
v -1.6 1.2 0.2
v -1.6 1.3 0.2
v -1.6 1.9 0.2
v -1.6 2 0.2
v -1.5 0.9 0.2
v -1.5 1 0.2
v -1.5 1.2 0.2
v -1.5 1.3 0.2
v -1.5 1.9 0.2
v -1.5 2 0.2
v -1.5 2.2 0.2
v -1.5 2.3 0.2
v -1.4 0.9 0.2
v -1.4 1 0.2
v -1.4 2.2 0.2
v -1.4 2.3 0.2
v -0.7 0.1 0.2
v -0.7 0.2 0.2
v -0.7 3 0.2
v -0.7 3.1 0.2
v -0.6 0.1 0.2
v -0.6 0.2 0.2
v -0.6 3 0.2
v -0.6 3.1 0.2
v -0.4 0 0.2
v -0.4 0.1 0.2
v -0.4 3.1 0.2
v -0.4 3.2 0.2
v -0.3 0 0.2
v -0.3 0.1 0.2
v -0.3 3.1 0.2
v -0.3 3.2 0.2
v 0.3 0 0.2
v 0.3 0.1 0.2
v 0.3 3.1 0.2
v 0.3 3.2 0.2
v 0.4 0 0.2
v 0.4 0.1 0.2
v 0.4 3.1 0.2
v 0.4 3.2 0.2
v 0.6 0.1 0.2
v 0.6 0.2 0.2
v 0.6 3 0.2
v 0.6 3.1 0.2
v 0.7 0.1 0.2
v 0.7 0.2 0.2
v 0.7 3 0.2
v 0.7 3.1 0.2
v 1.4 0.9 0.2
v 1.4 1 0.2
v 1.4 2.2 0.2
v 1.4 2.3 0.2
v 1.5 0.9 0.2
v 1.5 1 0.2
v 1.5 1.2 0.2
v 1.5 1.3 0.2
v 1.5 1.9 0.2
v 1.5 2 0.2
v 1.5 2.2 0.2
v 1.5 2.3 0.2
v 1.6 1.2 0.2
v 1.6 1.3 0.2
v 1.6 1.9 0.2
v 1.6 2 0.2
v -1.4 0.7 0.1
v -1.4 0.8 0.1
v -1.4 2.4 0.1
v -1.4 2.5 0.1
v -1.3 0.7 0.1
v -1.3 0.8 0.1
v -1.3 2.4 0.1
v -1.3 2.5 0.1
v -0.9 0.2 0.1
v -0.9 0.3 0.1
v -0.9 2.9 0.1
v -0.9 3 0.1
v -0.8 0.2 0.1
v -0.8 0.3 0.1
v -0.8 2.9 0.1
v -0.8 3 0.1
v 0.8 0.2 0.1
v 0.8 0.3 0.1
v 0.8 2.9 0.1
v 0.8 3 0.1
v 0.9 0.2 0.1
v 0.9 0.3 0.1
v 0.9 2.9 0.1
v 0.9 3 0.1
v 1.3 0.7 0.1
v 1.3 0.8 0.1
v 1.3 2.4 0.1
v 1.3 2.5 0.1
v 1.4 0.7 0.1
v 1.4 0.8 0.1
v 1.4 2.4 0.1
v 1.4 2.5 0.1
v -1.4 0.7 -0.1
v -1.4 0.8 -0.1
v -1.4 2.4 -0.1
v -1.4 2.5 -0.1
v -1.3 0.7 -0.1
v -1.3 0.8 -0.1
v -1.3 2.4 -0.1
v -1.3 2.5 -0.1
v -0.9 0.2 -0.1
v -0.9 0.3 -0.1
v -0.9 2.9 -0.1
v -0.9 3 -0.1
v -0.8 0.2 -0.1
v -0.8 0.3 -0.1
v -0.8 2.9 -0.1
v -0.8 3 -0.1
v 0.8 0.2 -0.1
v 0.8 0.3 -0.1
v 0.8 2.9 -0.1
v 0.8 3 -0.1
v 0.9 0.2 -0.1
v 0.9 0.3 -0.1
v 0.9 2.9 -0.1
v 0.9 3 -0.1
v 1.3 0.7 -0.1
v 1.3 0.8 -0.1
v 1.3 2.4 -0.1
v 1.3 2.5 -0.1
v 1.4 0.7 -0.1
v 1.4 0.8 -0.1
v 1.4 2.4 -0.1
v 1.4 2.5 -0.1
v -1.6 1.2 -0.2
v -1.6 1.3 -0.2
v -1.6 1.9 -0.2
v -1.6 2 -0.2
v -1.5 0.9 -0.2
v -1.5 1 -0.2
v -1.5 1.2 -0.2
v -1.5 1.3 -0.2
v -1.5 1.9 -0.2
v -1.5 2 -0.2
v -1.5 2.2 -0.2
v -1.5 2.3 -0.2
v -1.4 0.9 -0.2
v -1.4 1 -0.2
v -1.4 2.2 -0.2
v -1.4 2.3 -0.2
v -0.7 0.1 -0.2
v -0.7 0.2 -0.2
v -0.7 3 -0.2
v -0.7 3.1 -0.2
v -0.6 0.1 -0.2
v -0.6 0.2 -0.2
v -0.6 3 -0.2
v -0.6 3.1 -0.2
v -0.4 0 -0.2
v -0.4 0.1 -0.2
v -0.4 3.1 -0.2
v -0.4 3.2 -0.2
v -0.3 0 -0.2
v -0.3 0.1 -0.2
v -0.3 3.1 -0.2
v -0.3 3.2 -0.2
v 0.3 0 -0.2
v 0.3 0.1 -0.2
v 0.3 3.1 -0.2
v 0.3 3.2 -0.2
v 0.4 0 -0.2
v 0.4 0.1 -0.2
v 0.4 3.1 -0.2
v 0.4 3.2 -0.2
v 0.6 0.1 -0.2
v 0.6 0.2 -0.2
v 0.6 3 -0.2
v 0.6 3.1 -0.2
v 0.7 0.1 -0.2
v 0.7 0.2 -0.2
v 0.7 3 -0.2
v 0.7 3.1 -0.2
v 1.4 0.9 -0.2
v 1.4 1 -0.2
v 1.4 2.2 -0.2
v 1.4 2.3 -0.2
v 1.5 0.9 -0.2
v 1.5 1 -0.2
v 1.5 1.2 -0.2
v 1.5 1.3 -0.2
v 1.5 1.9 -0.2
v 1.5 2 -0.2
v 1.5 2.2 -0.2
v 1.5 2.3 -0.2
v 1.6 1.2 -0.2
v 1.6 1.3 -0.2
v 1.6 1.9 -0.2
v 1.6 2 -0.2
v -1.6 1.3 -0.3
v -1.6 1.4 -0.3
v -1.6 1.8 -0.3
v -1.6 1.9 -0.3
v -1.5 1.3 -0.3
v -1.5 1.4 -0.3
v -1.5 1.8 -0.3
v -1.5 1.9 -0.3
v -1.3 0.6 -0.3
v -1.3 0.7 -0.3
v -1.3 2.5 -0.3
v -1.3 2.6 -0.3
v -1.2 0.6 -0.3
v -1.2 0.7 -0.3
v -1.2 2.5 -0.3
v -1.2 2.6 -0.3
v -1 0.3 -0.3
v -1 0.4 -0.3
v -1 2.8 -0.3
v -1 2.9 -0.3
v -0.9 0.3 -0.3
v -0.9 0.4 -0.3
v -0.9 2.8 -0.3
v -0.9 2.9 -0.3
v -0.3 0 -0.3
v -0.3 0.1 -0.3
v -0.3 3.1 -0.3
v -0.3 3.2 -0.3
v -0.2 0 -0.3
v -0.2 0.1 -0.3
v -0.2 3.1 -0.3
v -0.2 3.2 -0.3
v 0.2 0 -0.3
v 0.2 0.1 -0.3
v 0.2 3.1 -0.3
v 0.2 3.2 -0.3
v 0.3 0 -0.3
v 0.3 0.1 -0.3
v 0.3 3.1 -0.3
v 0.3 3.2 -0.3
v 0.9 0.3 -0.3
v 0.9 0.4 -0.3
v 0.9 2.8 -0.3
v 0.9 2.9 -0.3
v 1 0.3 -0.3
v 1 0.4 -0.3
v 1 2.8 -0.3
v 1 2.9 -0.3
v 1.2 0.6 -0.3
v 1.2 0.7 -0.3
v 1.2 2.5 -0.3
v 1.2 2.6 -0.3
v 1.3 0.6 -0.3
v 1.3 0.7 -0.3
v 1.3 2.5 -0.3
v 1.3 2.6 -0.3
v 1.5 1.3 -0.3
v 1.5 1.4 -0.3
v 1.5 1.8 -0.3
v 1.5 1.9 -0.3
v 1.6 1.3 -0.3
v 1.6 1.4 -0.3
v 1.6 1.8 -0.3
v 1.6 1.9 -0.3
v -1.6 1.4 -0.4
v -1.6 1.8 -0.4
v -1.5 1 -0.4
v -1.5 1.1 -0.4
v -1.5 1.4 -0.4
v -1.5 1.8 -0.4
v -1.5 2.1 -0.4
v -1.5 2.2 -0.4
v -1.4 0.8 -0.4
v -1.4 0.9 -0.4
v -1.4 1 -0.4
v -1.4 1.1 -0.4
v -1.4 2.1 -0.4
v -1.4 2.2 -0.4
v -1.4 2.3 -0.4
v -1.4 2.4 -0.4
v -1.3 0.8 -0.4
v -1.3 0.9 -0.4
v -1.3 2.3 -0.4
v -1.3 2.4 -0.4
v -1.2 0.5 -0.4
v -1.2 0.6 -0.4
v -1.2 2.6 -0.4
v -1.2 2.7 -0.4
v -1.1 0.4 -0.4
v -1.1 0.5 -0.4
v -1.1 0.6 -0.4
v -1.1 2.6 -0.4
v -1.1 2.7 -0.4
v -1.1 2.8 -0.4
v -1 0.4 -0.4
v -1 0.5 -0.4
v -1 2.7 -0.4
v -1 2.8 -0.4
v -0.8 0.2 -0.4
v -0.8 0.3 -0.4
v -0.8 2.9 -0.4
v -0.8 3 -0.4
v -0.7 0.2 -0.4
v -0.7 0.3 -0.4
v -0.7 2.9 -0.4
v -0.7 3 -0.4
v -0.6 0.1 -0.4
v -0.6 0.2 -0.4
v -0.6 3 -0.4
v -0.6 3.1 -0.4
v -0.5 0.1 -0.4
v -0.5 0.2 -0.4
v -0.5 3 -0.4
v -0.5 3.1 -0.4
v -0.2 0 -0.4
v -0.2 0.1 -0.4
v -0.2 3.1 -0.4
v -0.2 3.2 -0.4
v 0.2 0 -0.4
v 0.2 0.1 -0.4
v 0.2 3.1 -0.4
v 0.2 3.2 -0.4
v 0.5 0.1 -0.4
v 0.5 0.2 -0.4
v 0.5 3 -0.4
v 0.5 3.1 -0.4
v 0.6 0.1 -0.4
v 0.6 0.2 -0.4
v 0.6 3 -0.4
v 0.6 3.1 -0.4
v 0.7 0.2 -0.4
v 0.7 0.3 -0.4
v 0.7 2.9 -0.4
v 0.7 3 -0.4
v 0.8 0.2 -0.4
v 0.8 0.3 -0.4
v 0.8 2.9 -0.4
v 0.8 3 -0.4
v 1 0.4 -0.4
v 1 0.5 -0.4
v 1 2.7 -0.4
v 1 2.8 -0.4
v 1.1 0.4 -0.4
v 1.1 0.5 -0.4
v 1.1 0.6 -0.4
v 1.1 2.6 -0.4
v 1.1 2.7 -0.4
v 1.1 2.8 -0.4
v 1.2 0.5 -0.4
v 1.2 0.6 -0.4
v 1.2 2.6 -0.4
v 1.2 2.7 -0.4
v 1.3 0.8 -0.4
v 1.3 0.9 -0.4
v 1.3 2.3 -0.4
v 1.3 2.4 -0.4
v 1.4 0.8 -0.4
v 1.4 0.9 -0.4
v 1.4 1 -0.4
v 1.4 1.1 -0.4
v 1.4 2.1 -0.4
v 1.4 2.2 -0.4
v 1.4 2.3 -0.4
v 1.4 2.4 -0.4
v 1.5 1 -0.4
v 1.5 1.1 -0.4
v 1.5 1.4 -0.4
v 1.5 1.8 -0.4
v 1.5 2.1 -0.4
v 1.5 2.2 -0.4
v 1.6 1.4 -0.4
v 1.6 1.8 -0.4
v -1.5 1.1 -0.5
v -1.5 1.2 -0.5
v -1.5 2 -0.5
v -1.5 2.1 -0.5
v -1.4 1.1 -0.5
v -1.4 1.2 -0.5
v -1.4 2 -0.5
v -1.4 2.1 -0.5
v -1.3 0.7 -0.5
v -1.3 0.8 -0.5
v -1.3 2.4 -0.5
v -1.3 2.5 -0.5
v -1.2 0.7 -0.5
v -1.2 0.8 -0.5
v -1.2 2.4 -0.5
v -1.2 2.5 -0.5
v -0.9 0.3 -0.5
v -0.9 0.4 -0.5
v -0.9 2.8 -0.5
v -0.9 2.9 -0.5
v -0.8 0.3 -0.5
v -0.8 0.4 -0.5
v -0.8 2.8 -0.5
v -0.8 2.9 -0.5
v -0.5 0.1 -0.5
v -0.5 0.2 -0.5
v -0.5 3 -0.5
v -0.5 3.1 -0.5
v -0.4 0.1 -0.5
v -0.4 0.2 -0.5
v -0.4 3 -0.5
v -0.4 3.1 -0.5
v 0.4 0.1 -0.5
v 0.4 0.2 -0.5
v 0.4 3 -0.5
v 0.4 3.1 -0.5
v 0.5 0.1 -0.5
v 0.5 0.2 -0.5
v 0.5 3 -0.5
v 0.5 3.1 -0.5
v 0.8 0.3 -0.5
v 0.8 0.4 -0.5
v 0.8 2.8 -0.5
v 0.8 2.9 -0.5
v 0.9 0.3 -0.5
v 0.9 0.4 -0.5
v 0.9 2.8 -0.5
v 0.9 2.9 -0.5
v 1.2 0.7 -0.5
v 1.2 0.8 -0.5
v 1.2 2.4 -0.5
v 1.2 2.5 -0.5
v 1.3 0.7 -0.5
v 1.3 0.8 -0.5
v 1.3 2.4 -0.5
v 1.3 2.5 -0.5
v 1.4 1.1 -0.5
v 1.4 1.2 -0.5
v 1.4 2 -0.5
v 1.4 2.1 -0.5
v 1.5 1.1 -0.5
v 1.5 1.2 -0.5
v 1.5 2 -0.5
v 1.5 2.1 -0.5
v -1.5 1.2 -0.6
v -1.5 1.4 -0.6
v -1.5 1.8 -0.6
v -1.5 2 -0.6
v -1.4 0.9 -0.6
v -1.4 1 -0.6
v -1.4 1.2 -0.6
v -1.4 1.4 -0.6
v -1.4 1.8 -0.6
v -1.4 2 -0.6
v -1.4 2.2 -0.6
v -1.4 2.3 -0.6
v -1.3 0.9 -0.6
v -1.3 1 -0.6
v -1.3 2.2 -0.6
v -1.3 2.3 -0.6
v -1.2 0.6 -0.6
v -1.2 0.7 -0.6
v -1.2 2.5 -0.6
v -1.2 2.6 -0.6
v -1.1 0.5 -0.6
v -1.1 0.6 -0.6
v -1.1 0.7 -0.6
v -1.1 2.5 -0.6
v -1.1 2.6 -0.6
v -1.1 2.7 -0.6
v -1 0.4 -0.6
v -1 0.5 -0.6
v -1 0.6 -0.6
v -1 2.6 -0.6
v -1 2.7 -0.6
v -1 2.8 -0.6
v -0.9 0.4 -0.6
v -0.9 0.5 -0.6
v -0.9 2.7 -0.6
v -0.9 2.8 -0.6
v -0.7 0.2 -0.6
v -0.7 0.3 -0.6
v -0.7 2.9 -0.6
v -0.7 3 -0.6
v -0.6 0.2 -0.6
v -0.6 0.3 -0.6
v -0.6 2.9 -0.6
v -0.6 3 -0.6
v -0.4 0.1 -0.6
v -0.4 0.2 -0.6
v -0.4 3 -0.6
v -0.4 3.1 -0.6
v -0.2 0.1 -0.6
v -0.2 0.2 -0.6
v -0.2 3 -0.6
v -0.2 3.1 -0.6
v 0.2 0.1 -0.6
v 0.2 0.2 -0.6
v 0.2 3 -0.6
v 0.2 3.1 -0.6
v 0.3 0.2 -0.6
v 0.4 0.1 -0.6
v 0.4 0.2 -0.6
v 0.4 3 -0.6
v 0.4 3.1 -0.6
v 0.6 0.2 -0.6
v 0.6 0.3 -0.6
v 0.6 2.9 -0.6
v 0.6 3 -0.6
v 0.7 0.2 -0.6
v 0.7 0.3 -0.6
v 0.7 2.9 -0.6
v 0.7 3 -0.6
v 0.9 0.4 -0.6
v 0.9 0.5 -0.6
v 0.9 2.7 -0.6
v 0.9 2.8 -0.6
v 1 0.4 -0.6
v 1 0.5 -0.6
v 1 0.6 -0.6
v 1 2.6 -0.6
v 1 2.7 -0.6
v 1 2.8 -0.6
v 1.1 0.5 -0.6
v 1.1 0.6 -0.6
v 1.1 0.7 -0.6
v 1.1 2.5 -0.6
v 1.1 2.6 -0.6
v 1.1 2.7 -0.6
v 1.2 0.6 -0.6
v 1.2 0.7 -0.6
v 1.2 2.5 -0.6
v 1.2 2.6 -0.6
v 1.3 0.9 -0.6
v 1.3 1 -0.6
v 1.3 2.2 -0.6
v 1.3 2.3 -0.6
v 1.4 0.9 -0.6
v 1.4 1 -0.6
v 1.4 1.2 -0.6
v 1.4 1.3 -0.6
v 1.4 1.4 -0.6
v 1.4 1.8 -0.6
v 1.4 1.9 -0.6
v 1.4 2 -0.6
v 1.4 2.2 -0.6
v 1.4 2.3 -0.6
v 1.5 1.2 -0.6
v 1.5 1.4 -0.6
v 1.5 1.8 -0.6
v 1.5 2 -0.6
v -1.5 1.4 -0.7
v -1.5 1.6 -0.7
v -1.5 1.8 -0.7
v -1.4 1 -0.7
v -1.4 1.2 -0.7
v -1.4 1.4 -0.7
v -1.4 1.6 -0.7
v -1.4 1.8 -0.7
v -1.4 2 -0.7
v -1.4 2.2 -0.7
v -1.3 0.8 -0.7
v -1.3 0.9 -0.7
v -1.3 1 -0.7
v -1.3 1.2 -0.7
v -1.3 2 -0.7
v -1.3 2.2 -0.7
v -1.3 2.3 -0.7
v -1.3 2.4 -0.7
v -1.2 0.7 -0.7
v -1.2 0.8 -0.7
v -1.2 0.9 -0.7
v -1.2 2.3 -0.7
v -1.2 2.4 -0.7
v -1.2 2.5 -0.7
v -1.1 0.6 -0.7
v -1.1 0.7 -0.7
v -1.1 0.8 -0.7
v -1.1 2.4 -0.7
v -1.1 2.5 -0.7
v -1.1 2.6 -0.7
v -1 0.5 -0.7
v -1 0.6 -0.7
v -1 0.7 -0.7
v -1 2.5 -0.7
v -1 2.6 -0.7
v -1 2.7 -0.7
v -0.9 0.4 -0.7
v -0.9 0.5 -0.7
v -0.9 0.6 -0.7
v -0.9 2.6 -0.7
v -0.9 2.7 -0.7
v -0.9 2.8 -0.7
v -0.8 0.3 -0.7
v -0.8 0.4 -0.7
v -0.8 0.5 -0.7
v -0.8 2.7 -0.7
v -0.8 2.8 -0.7
v -0.8 2.9 -0.7
v -0.7 0.3 -0.7
v -0.7 0.4 -0.7
v -0.7 2.8 -0.7
v -0.7 2.9 -0.7
v -0.6 0.2 -0.7
v -0.6 0.3 -0.7
v -0.6 2.9 -0.7
v -0.6 3 -0.7
v -0.5 0.3 -0.7
v -0.5 2.9 -0.7
v -0.5 3 -0.7
v -0.4 0.2 -0.7
v -0.4 0.3 -0.7
v -0.4 2.9 -0.7
v -0.4 3 -0.7
v -0.2 0.1 -0.7
v -0.2 0.2 -0.7
v -0.2 3 -0.7
v -0.2 3.1 -0.7
v 0.2 0.1 -0.7
v 0.2 0.2 -0.7
v 0.2 3 -0.7
v 0.2 3.1 -0.7
v 0.4 0.2 -0.7
v 0.4 0.3 -0.7
v 0.4 2.9 -0.7
v 0.4 3 -0.7
v 0.5 0.3 -0.7
v 0.6 0.2 -0.7
v 0.6 0.3 -0.7
v 0.6 2.9 -0.7
v 0.6 3 -0.7
v 0.7 0.3 -0.7
v 0.7 0.4 -0.7
v 0.7 2.8 -0.7
v 0.7 2.9 -0.7
v 0.8 0.3 -0.7
v 0.8 0.4 -0.7
v 0.8 0.5 -0.7
v 0.8 2.7 -0.7
v 0.8 2.8 -0.7
v 0.8 2.9 -0.7
v 0.9 0.4 -0.7
v 0.9 0.5 -0.7
v 0.9 0.6 -0.7
v 0.9 2.6 -0.7
v 0.9 2.7 -0.7
v 0.9 2.8 -0.7
v 1 0.5 -0.7
v 1 0.6 -0.7
v 1 0.7 -0.7
v 1 2.5 -0.7
v 1 2.6 -0.7
v 1 2.7 -0.7
v 1.1 0.6 -0.7
v 1.1 0.7 -0.7
v 1.1 0.8 -0.7
v 1.1 2.4 -0.7
v 1.1 2.5 -0.7
v 1.1 2.6 -0.7
v 1.2 0.7 -0.7
v 1.2 0.8 -0.7
v 1.2 0.9 -0.7
v 1.2 2.3 -0.7
v 1.2 2.4 -0.7
v 1.2 2.5 -0.7
v 1.3 0.8 -0.7
v 1.3 0.9 -0.7
v 1.3 1 -0.7
v 1.3 1.2 -0.7
v 1.3 2 -0.7
v 1.3 2.2 -0.7
v 1.3 2.3 -0.7
v 1.3 2.4 -0.7
v 1.4 1 -0.7
v 1.4 1.2 -0.7
v 1.4 1.4 -0.7
v 1.4 1.7 -0.7
v 1.4 1.8 -0.7
v 1.4 2 -0.7
v 1.4 2.2 -0.7
v 1.5 1.4 -0.7
v 1.5 1.8 -0.7
v -1.4 1.2 -0.8
v -1.4 1.5 -0.8
v -1.4 1.7 -0.8
v -1.4 1.8 -0.8
v -1.4 2 -0.8
v -1.3 0.9 -0.8
v -1.3 1.1 -0.8
v -1.3 1.2 -0.8
v -1.3 1.5 -0.8
v -1.3 1.7 -0.8
v -1.3 1.8 -0.8
v -1.3 1.9 -0.8
v -1.3 2 -0.8
v -1.3 2.1 -0.8
v -1.3 2.3 -0.8
v -1.2 0.8 -0.8
v -1.2 0.9 -0.8
v -1.2 1.1 -0.8
v -1.2 2.1 -0.8
v -1.2 2.3 -0.8
v -1.2 2.4 -0.8
v -1.1 0.8 -0.8
v -1.1 0.9 -0.8
v -1.1 2.3 -0.8
v -1.1 2.4 -0.8
v -0.8 0.4 -0.8
v -0.8 0.5 -0.8
v -0.8 2.7 -0.8
v -0.8 2.8 -0.8
v -0.7 0.3 -0.8
v -0.7 0.4 -0.8
v -0.7 0.5 -0.8
v -0.7 2.7 -0.8
v -0.7 2.8 -0.8
v -0.7 2.9 -0.8
v -0.5 0.3 -0.8
v -0.5 0.4 -0.8
v -0.5 2.8 -0.8
v -0.5 2.9 -0.8
v -0.4 0.2 -0.8
v -0.4 0.3 -0.8
v -0.4 2.9 -0.8
v -0.4 3 -0.8
v -0.3 0.2 -0.8
v -0.3 0.3 -0.8
v -0.3 2.9 -0.8
v -0.1 0.2 -0.8
v -0.1 0.3 -0.8
v -0.1 2.9 -0.8
v -0.1 3 -0.8
v 0.1 0.2 -0.8
v 0.1 0.3 -0.8
v 0.1 2.9 -0.8
v 0.1 3 -0.8
v 0.3 0.2 -0.8
v 0.3 0.3 -0.8
v 0.4 0.2 -0.8
v 0.4 0.3 -0.8
v 0.4 2.9 -0.8
v 0.4 3 -0.8
v 0.5 0.3 -0.8
v 0.5 0.4 -0.8
v 0.5 2.8 -0.8
v 0.5 2.9 -0.8
v 0.7 0.3 -0.8
v 0.7 0.4 -0.8
v 0.7 0.5 -0.8
v 0.7 2.7 -0.8
v 0.7 2.8 -0.8
v 0.7 2.9 -0.8
v 0.8 0.4 -0.8
v 0.8 0.5 -0.8
v 0.8 2.7 -0.8
v 0.8 2.8 -0.8
v 1.1 0.8 -0.8
v 1.1 0.9 -0.8
v 1.1 2.3 -0.8
v 1.1 2.4 -0.8
v 1.2 0.8 -0.8
v 1.2 0.9 -0.8
v 1.2 1.1 -0.8
v 1.2 2.1 -0.8
v 1.2 2.3 -0.8
v 1.2 2.4 -0.8
v 1.3 0.9 -0.8
v 1.3 1.1 -0.8
v 1.3 1.2 -0.8
v 1.3 1.4 -0.8
v 1.3 1.5 -0.8
v 1.3 1.7 -0.8
v 1.3 1.9 -0.8
v 1.3 2 -0.8
v 1.3 2.1 -0.8
v 1.3 2.3 -0.8
v 1.4 1.2 -0.8
v 1.4 1.4 -0.8
v 1.4 1.5 -0.8
v 1.4 1.7 -0.8
v 1.4 2 -0.8
v -1.4 1.5 -0.9
v -1.4 1.7 -0.9
v -1.3 1.1 -0.9
v -1.3 1.3 -0.9
v -1.3 1.5 -0.9
v -1.3 1.7 -0.9
v -1.3 1.9 -0.9
v -1.3 2.1 -0.9
v -1.2 0.9 -0.9
v -1.2 1 -0.9
v -1.2 1.1 -0.9
v -1.2 1.3 -0.9
v -1.2 1.9 -0.9
v -1.2 2.1 -0.9
v -1.2 2.2 -0.9
v -1.2 2.3 -0.9
v -1.1 0.7 -0.9
v -1.1 0.9 -0.9
v -1.1 1 -0.9
v -1.1 2.2 -0.9
v -1.1 2.3 -0.9
v -1.1 2.5 -0.9
v -1 0.6 -0.9
v -1 0.7 -0.9
v -1 0.9 -0.9
v -1 2.3 -0.9
v -1 2.4 -0.9
v -1 2.5 -0.9
v -1 2.6 -0.9
v -0.9 0.5 -0.9
v -0.9 0.6 -0.9
v -0.9 0.7 -0.9
v -0.9 2.5 -0.9
v -0.9 2.6 -0.9
v -0.9 2.7 -0.9
v -0.7 0.4 -0.9
v -0.7 0.5 -0.9
v -0.7 0.6 -0.9
v -0.7 2.6 -0.9
v -0.7 2.7 -0.9
v -0.7 2.8 -0.9
v -0.6 0.4 -0.9
v -0.6 0.5 -0.9
v -0.6 2.7 -0.9
v -0.6 2.8 -0.9
v -0.5 0.3 -0.9
v -0.5 0.4 -0.9
v -0.5 2.8 -0.9
v -0.5 2.9 -0.9
v -0.4 2.8 -0.9
v -0.4 2.9 -0.9
v -0.3 0.3 -0.9
v -0.3 0.4 -0.9
v -0.3 2.8 -0.9
v -0.3 2.9 -0.9
v -0.1 0.2 -0.9
v -0.1 0.3 -0.9
v -0.1 2.9 -0.9
v -0.1 3 -0.9
v 0.1 0.2 -0.9
v 0.1 0.3 -0.9
v 0.1 2.9 -0.9
v 0.1 3 -0.9
v 0.3 0.3 -0.9
v 0.3 0.4 -0.9
v 0.3 2.8 -0.9
v 0.3 2.9 -0.9
v 0.4 2.8 -0.9
v 0.4 2.9 -0.9
v 0.5 0.3 -0.9
v 0.5 0.4 -0.9
v 0.5 2.8 -0.9
v 0.5 2.9 -0.9
v 0.6 0.4 -0.9
v 0.6 0.5 -0.9
v 0.6 2.7 -0.9
v 0.6 2.8 -0.9
v 0.7 0.4 -0.9
v 0.7 0.5 -0.9
v 0.7 0.6 -0.9
v 0.7 2.6 -0.9
v 0.7 2.7 -0.9
v 0.7 2.8 -0.9
v 0.9 0.5 -0.9
v 0.9 0.6 -0.9
v 0.9 0.7 -0.9
v 0.9 2.5 -0.9
v 0.9 2.6 -0.9
v 0.9 2.7 -0.9
v 1 0.6 -0.9
v 1 0.7 -0.9
v 1 0.9 -0.9
v 1 2.3 -0.9
v 1 2.5 -0.9
v 1 2.6 -0.9
v 1.1 0.7 -0.9
v 1.1 0.9 -0.9
v 1.1 1 -0.9
v 1.1 2.2 -0.9
v 1.1 2.3 -0.9
v 1.1 2.5 -0.9
v 1.2 0.9 -0.9
v 1.2 1 -0.9
v 1.2 1.1 -0.9
v 1.2 1.3 -0.9
v 1.2 1.9 -0.9
v 1.2 2.1 -0.9
v 1.2 2.2 -0.9
v 1.2 2.3 -0.9
v 1.3 1.1 -0.9
v 1.3 1.3 -0.9
v 1.3 1.5 -0.9
v 1.3 1.7 -0.9
v 1.3 1.9 -0.9
v 1.3 2.1 -0.9
v 1.4 1.5 -0.9
v 1.4 1.7 -0.9
v -1.3 1.3 -1
v -1.3 1.8 -1
v -1.3 1.9 -1
v -1.2 1 -1
v -1.2 1.2 -1
v -1.2 1.3 -1
v -1.2 1.7 -1
v -1.2 1.8 -1
v -1.2 1.9 -1
v -1.2 2 -1
v -1.2 2.2 -1
v -1.1 0.9 -1
v -1.1 1 -1
v -1.1 1.2 -1
v -1.1 2 -1
v -1.1 2.2 -1
v -1.1 2.3 -1
v -1 0.7 -1
v -1 0.9 -1
v -1 1 -1
v -1 2.2 -1
v -1 2.3 -1
v -1 2.4 -1
v -1 2.5 -1
v -0.9 0.6 -1
v -0.9 0.7 -1
v -0.9 0.9 -1
v -0.9 2.3 -1
v -0.9 2.4 -1
v -0.9 2.5 -1
v -0.9 2.6 -1
v -0.7 0.5 -1
v -0.7 0.6 -1
v -0.7 0.7 -1
v -0.7 2.5 -1
v -0.7 2.6 -1
v -0.7 2.7 -1
v -0.6 0.4 -1
v -0.6 0.5 -1
v -0.6 0.6 -1
v -0.6 2.6 -1
v -0.6 2.7 -1
v -0.6 2.8 -1
v -0.5 0.5 -1
v -0.4 0.4 -1
v -0.4 0.5 -1
v -0.4 2.7 -1
v -0.4 2.8 -1
v -0.3 0.3 -1
v -0.3 0.4 -1
v -0.3 2.8 -1
v -0.3 2.9 -1
v -0.2 0.3 -1
v -0.2 0.4 -1
v -0.2 2.8 -1
v -0.2 2.9 -1
v -0.1 2.8 -1
v 0.2 0.3 -1
v 0.2 0.4 -1
v 0.3 0.3 -1
v 0.3 0.4 -1
v 0.3 2.8 -1
v 0.3 2.9 -1
v 0.4 0.4 -1
v 0.4 0.5 -1
v 0.4 2.7 -1
v 0.4 2.8 -1
v 0.6 0.4 -1
v 0.6 0.5 -1
v 0.6 0.6 -1
v 0.6 2.6 -1
v 0.6 2.7 -1
v 0.6 2.8 -1
v 0.7 0.5 -1
v 0.7 0.6 -1
v 0.7 0.7 -1
v 0.7 2.5 -1
v 0.7 2.6 -1
v 0.7 2.7 -1
v 0.9 0.6 -1
v 0.9 0.7 -1
v 0.9 0.9 -1
v 0.9 2.3 -1
v 0.9 2.5 -1
v 0.9 2.6 -1
v 1 0.7 -1
v 1 0.9 -1
v 1 1 -1
v 1 2.2 -1
v 1 2.3 -1
v 1 2.5 -1
v 1.1 0.9 -1
v 1.1 1 -1
v 1.1 1.2 -1
v 1.1 2 -1
v 1.1 2.2 -1
v 1.1 2.3 -1
v 1.2 1 -1
v 1.2 1.2 -1
v 1.2 1.3 -1
v 1.2 1.8 -1
v 1.2 1.9 -1
v 1.2 2 -1
v 1.2 2.2 -1
v 1.3 1.3 -1
v 1.3 1.9 -1
v -1.2 1.2 -1.1
v -1.2 1.7 -1.1
v -1.2 1.8 -1.1
v -1.2 2 -1.1
v -1.1 1 -1.1
v -1.1 1.2 -1.1
v -1.1 1.6 -1.1
v -1.1 1.7 -1.1
v -1.1 1.8 -1.1
v -1.1 2 -1.1
v -1.1 2.2 -1.1
v -1 0.9 -1.1
v -1 1 -1.1
v -1 1.2 -1.1
v -1 2 -1.1
v -1 2.1 -1.1
v -1 2.2 -1.1
v -1 2.3 -1.1
v -0.9 0.7 -1.1
v -0.9 0.9 -1.1
v -0.9 1 -1.1
v -0.9 2.2 -1.1
v -0.9 2.3 -1.1
v -0.9 2.5 -1.1
v -0.8 0.8 -1.1
v -0.8 0.9 -1.1
v -0.8 2.3 -1.1
v -0.8 2.4 -1.1
v -0.7 0.6 -1.1
v -0.7 0.7 -1.1
v -0.7 0.8 -1.1
v -0.7 2.4 -1.1
v -0.7 2.5 -1.1
v -0.7 2.6 -1.1
v -0.6 0.5 -1.1
v -0.6 0.6 -1.1
v -0.6 0.7 -1.1
v -0.6 2.5 -1.1
v -0.6 2.6 -1.1
v -0.6 2.7 -1.1
v -0.5 0.5 -1.1
v -0.5 0.6 -1.1
v -0.4 0.4 -1.1
v -0.4 0.5 -1.1
v -0.4 0.6 -1.1
v -0.4 2.6 -1.1
v -0.4 2.7 -1.1
v -0.4 2.8 -1.1
v -0.1 2.7 -1.1
v -0.1 2.8 -1.1
v 0.2 2.7 -1.1
v 0.4 0.4 -1.1
v 0.4 0.5 -1.1
v 0.4 0.6 -1.1
v 0.4 2.6 -1.1
v 0.4 2.7 -1.1
v 0.4 2.8 -1.1
v 0.5 2.6 -1.1
v 0.6 0.5 -1.1
v 0.6 0.6 -1.1
v 0.6 0.7 -1.1
v 0.6 2.5 -1.1
v 0.6 2.6 -1.1
v 0.6 2.7 -1.1
v 0.7 0.6 -1.1
v 0.7 0.7 -1.1
v 0.7 0.8 -1.1
v 0.7 2.4 -1.1
v 0.7 2.5 -1.1
v 0.7 2.6 -1.1
v 0.8 0.8 -1.1
v 0.8 0.9 -1.1
v 0.8 2.3 -1.1
v 0.8 2.4 -1.1
v 0.9 0.7 -1.1
v 0.9 0.9 -1.1
v 0.9 1 -1.1
v 0.9 2.2 -1.1
v 0.9 2.3 -1.1
v 0.9 2.5 -1.1
v 1 0.9 -1.1
v 1 1 -1.1
v 1 1.2 -1.1
v 1 2 -1.1
v 1 2.2 -1.1
v 1 2.3 -1.1
v 1.1 1 -1.1
v 1.1 1.2 -1.1
v 1.1 1.8 -1.1
v 1.1 2 -1.1
v 1.1 2.2 -1.1
v 1.2 1.2 -1.1
v 1.2 1.8 -1.1
v 1.2 2 -1.1
v -1.1 1.2 -1.2
v -1.1 1.6 -1.2
v -1.1 2 -1.2
v -1 1 -1.2
v -1 1.2 -1.2
v -1 1.3 -1.2
v -1 1.6 -1.2
v -1 1.7 -1.2
v -1 1.9 -1.2
v -1 2 -1.2
v -1 2.1 -1.2
v -1 2.2 -1.2
v -0.9 0.9 -1.2
v -0.9 1 -1.2
v -0.9 1.1 -1.2
v -0.9 1.3 -1.2
v -0.9 1.9 -1.2
v -0.9 2.1 -1.2
v -0.9 2.2 -1.2
v -0.9 2.3 -1.2
v -0.8 0.8 -1.2
v -0.8 0.9 -1.2
v -0.8 1.1 -1.2
v -0.8 2.1 -1.2
v -0.8 2.3 -1.2
v -0.8 2.4 -1.2
v -0.7 0.7 -1.2
v -0.7 0.8 -1.2
v -0.7 0.9 -1.2
v -0.7 2.3 -1.2
v -0.7 2.4 -1.2
v -0.7 2.5 -1.2
v -0.6 0.6 -1.2
v -0.6 0.7 -1.2
v -0.6 2.5 -1.2
v -0.6 2.6 -1.2
v -0.5 0.7 -1.2
v -0.5 0.8 -1.2
v -0.5 2.4 -1.2
v -0.5 2.5 -1.2
v -0.4 0.5 -1.2
v -0.4 0.6 -1.2
v -0.4 0.7 -1.2
v -0.4 2.5 -1.2
v -0.4 2.6 -1.2
v -0.4 2.7 -1.2
v -0.3 0.6 -1.2
v -0.3 0.7 -1.2
v -0.3 2.5 -1.2
v -0.3 2.6 -1.2
v 0.2 2.6 -1.2
v 0.2 2.7 -1.2
v 0.3 0.6 -1.2
v 0.3 0.7 -1.2
v 0.3 2.5 -1.2
v 0.3 2.6 -1.2
v 0.4 0.5 -1.2
v 0.4 0.6 -1.2
v 0.4 2.5 -1.2
v 0.4 2.6 -1.2
v 0.4 2.7 -1.2
v 0.5 0.7 -1.2
v 0.5 0.8 -1.2
v 0.5 2.4 -1.2
v 0.5 2.5 -1.2
v 0.5 2.6 -1.2
v 0.6 0.6 -1.2
v 0.6 0.7 -1.2
v 0.6 2.4 -1.2
v 0.6 2.5 -1.2
v 0.6 2.6 -1.2
v 0.7 0.7 -1.2
v 0.7 0.8 -1.2
v 0.7 0.9 -1.2
v 0.7 2.3 -1.2
v 0.7 2.4 -1.2
v 0.7 2.5 -1.2
v 0.8 0.8 -1.2
v 0.8 0.9 -1.2
v 0.8 1.1 -1.2
v 0.8 2.1 -1.2
v 0.8 2.3 -1.2
v 0.8 2.4 -1.2
v 0.9 0.9 -1.2
v 0.9 1 -1.2
v 0.9 1.1 -1.2
v 0.9 1.3 -1.2
v 0.9 1.9 -1.2
v 0.9 2.1 -1.2
v 0.9 2.2 -1.2
v 0.9 2.3 -1.2
v 1 1 -1.2
v 1 1.2 -1.2
v 1 1.3 -1.2
v 1 1.7 -1.2
v 1 1.8 -1.2
v 1 1.9 -1.2
v 1 2 -1.2
v 1 2.2 -1.2
v 1.1 1.2 -1.2
v 1.1 1.8 -1.2
v 1.1 2 -1.2
v -1 1.3 -1.3
v -1 1.6 -1.3
v -1 1.7 -1.3
v -1 1.9 -1.3
v -0.9 1.1 -1.3
v -0.9 1.3 -1.3
v -0.9 1.5 -1.3
v -0.9 1.6 -1.3
v -0.9 1.7 -1.3
v -0.9 1.9 -1.3
v -0.9 2.1 -1.3
v -0.8 0.9 -1.3
v -0.8 1.1 -1.3
v -0.8 1.2 -1.3
v -0.8 1.3 -1.3
v -0.8 1.5 -1.3
v -0.8 1.7 -1.3
v -0.8 2 -1.3
v -0.8 2.1 -1.3
v -0.8 2.3 -1.3
v -0.7 0.8 -1.3
v -0.7 0.9 -1.3
v -0.7 1 -1.3
v -0.7 1.1 -1.3
v -0.7 1.2 -1.3
v -0.7 2 -1.3
v -0.7 2.2 -1.3
v -0.7 2.3 -1.3
v -0.7 2.4 -1.3
v -0.6 0.9 -1.3
v -0.6 1 -1.3
v -0.6 2.2 -1.3
v -0.6 2.3 -1.3
v -0.5 0.7 -1.3
v -0.5 0.8 -1.3
v -0.5 0.9 -1.3
v -0.5 2.4 -1.3
v -0.5 2.5 -1.3
v -0.4 0.7 -1.3
v -0.4 0.8 -1.3
v -0.4 0.9 -1.3
v -0.4 2.3 -1.3
v -0.4 2.4 -1.3
v -0.4 2.5 -1.3
v -0.3 0.6 -1.3
v -0.3 0.7 -1.3
v -0.3 2.5 -1.3
v -0.3 2.6 -1.3
v -0.1 0.7 -1.3
v -0.1 0.8 -1.3
v -0.1 2.4 -1.3
v -0.1 2.5 -1.3
v 0.1 0.7 -1.3
v 0.1 0.8 -1.3
v 0.1 2.4 -1.3
v 0.1 2.5 -1.3
v 0.3 0.6 -1.3
v 0.3 0.7 -1.3
v 0.3 2.5 -1.3
v 0.3 2.6 -1.3
v 0.4 0.8 -1.3
v 0.4 0.9 -1.3
v 0.4 2.3 -1.3
v 0.4 2.4 -1.3
v 0.4 2.5 -1.3
v 0.5 0.7 -1.3
v 0.5 0.8 -1.3
v 0.5 0.9 -1.3
v 0.5 2.3 -1.3
v 0.5 2.4 -1.3
v 0.5 2.5 -1.3
v 0.6 0.9 -1.3
v 0.6 1 -1.3
v 0.6 2.2 -1.3
v 0.6 2.3 -1.3
v 0.6 2.4 -1.3
v 0.7 0.8 -1.3
v 0.7 0.9 -1.3
v 0.7 1 -1.3
v 0.7 1.2 -1.3
v 0.7 2 -1.3
v 0.7 2.2 -1.3
v 0.7 2.3 -1.3
v 0.7 2.4 -1.3
v 0.8 0.9 -1.3
v 0.8 1.1 -1.3
v 0.8 1.2 -1.3
v 0.8 1.5 -1.3
v 0.8 1.7 -1.3
v 0.8 2 -1.3
v 0.8 2.1 -1.3
v 0.8 2.3 -1.3
v 0.9 1.1 -1.3
v 0.9 1.3 -1.3
v 0.9 1.5 -1.3
v 0.9 1.6 -1.3
v 0.9 1.7 -1.3
v 0.9 1.9 -1.3
v 0.9 2.1 -1.3
v 1 1.3 -1.3
v 1 1.7 -1.3
v 1 1.9 -1.3
v -0.9 1.5 -1.4
v -0.9 1.7 -1.4
v -0.8 1.2 -1.4
v -0.8 1.5 -1.4
v -0.8 1.7 -1.4
v -0.8 2 -1.4
v -0.7 1 -1.4
v -0.7 1.1 -1.4
v -0.7 1.2 -1.4
v -0.7 1.4 -1.4
v -0.7 1.8 -1.4
v -0.7 2 -1.4
v -0.7 2.2 -1.4
v -0.6 0.9 -1.4
v -0.6 1 -1.4
v -0.6 1.1 -1.4
v -0.6 1.2 -1.4
v -0.6 1.4 -1.4
v -0.6 1.8 -1.4
v -0.6 2 -1.4
v -0.6 2.2 -1.4
v -0.6 2.3 -1.4
v -0.5 0.9 -1.4
v -0.5 1.1 -1.4
v -0.5 1.2 -1.4
v -0.5 2 -1.4
v -0.5 2.1 -1.4
v -0.4 0.8 -1.4
v -0.4 0.9 -1.4
v -0.4 1 -1.4
v -0.4 1.1 -1.4
v -0.4 2.1 -1.4
v -0.4 2.2 -1.4
v -0.4 2.3 -1.4
v -0.4 2.4 -1.4
v -0.2 0.9 -1.4
v -0.2 1 -1.4
v -0.2 2.2 -1.4
v -0.2 2.3 -1.4
v -0.1 0.7 -1.4
v -0.1 0.8 -1.4
v -0.1 2.4 -1.4
v -0.1 2.5 -1.4
v 0.1 0.7 -1.4
v 0.1 0.8 -1.4
v 0.1 2.4 -1.4
v 0.1 2.5 -1.4
v 0.2 0.9 -1.4
v 0.2 1 -1.4
v 0.2 2.2 -1.4
v 0.2 2.3 -1.4
v 0.3 1 -1.4
v 0.4 0.8 -1.4
v 0.4 0.9 -1.4
v 0.4 1 -1.4
v 0.4 1.1 -1.4
v 0.4 2.1 -1.4
v 0.4 2.2 -1.4
v 0.4 2.3 -1.4
v 0.4 2.4 -1.4
v 0.5 0.9 -1.4
v 0.5 1 -1.4
v 0.5 1.1 -1.4
v 0.5 1.2 -1.4
v 0.5 2 -1.4
v 0.5 2.1 -1.4
v 0.5 2.2 -1.4
v 0.5 2.3 -1.4
v 0.6 0.9 -1.4
v 0.6 1 -1.4
v 0.6 1.2 -1.4
v 0.6 1.4 -1.4
v 0.6 1.8 -1.4
v 0.6 2 -1.4
v 0.6 2.2 -1.4
v 0.6 2.3 -1.4
v 0.7 1 -1.4
v 0.7 1.2 -1.4
v 0.7 1.4 -1.4
v 0.7 1.6 -1.4
v 0.7 1.8 -1.4
v 0.7 2 -1.4
v 0.7 2.2 -1.4
v 0.8 1.2 -1.4
v 0.8 1.5 -1.4
v 0.8 1.7 -1.4
v 0.8 2 -1.4
v 0.9 1.5 -1.4
v 0.9 1.6 -1.4
v 0.9 1.7 -1.4
v -0.7 1.4 -1.5
v -0.7 1.8 -1.5
v -0.6 1.2 -1.5
v -0.6 1.4 -1.5
v -0.6 1.8 -1.5
v -0.6 2 -1.5
v -0.5 1.1 -1.5
v -0.5 1.2 -1.5
v -0.5 2 -1.5
v -0.5 2.1 -1.5
v -0.4 1 -1.5
v -0.4 1.1 -1.5
v -0.4 1.2 -1.5
v -0.4 1.3 -1.5
v -0.4 1.4 -1.5
v -0.4 1.8 -1.5
v -0.4 2.1 -1.5
v -0.4 2.2 -1.5
v -0.3 1.3 -1.5
v -0.3 1.4 -1.5
v -0.3 1.8 -1.5
v -0.3 1.9 -1.5
v -0.2 0.9 -1.5
v -0.2 1 -1.5
v -0.2 1.2 -1.5
v -0.2 1.3 -1.5
v -0.2 1.9 -1.5
v -0.2 2 -1.5
v -0.2 2.2 -1.5
v -0.2 2.3 -1.5
v 0.2 0.9 -1.5
v 0.2 1 -1.5
v 0.2 1.2 -1.5
v 0.2 1.3 -1.5
v 0.2 1.9 -1.5
v 0.2 2 -1.5
v 0.2 2.2 -1.5
v 0.2 2.3 -1.5
v 0.3 1 -1.5
v 0.3 1.1 -1.5
v 0.3 1.3 -1.5
v 0.3 1.4 -1.5
v 0.3 1.8 -1.5
v 0.3 1.9 -1.5
v 0.3 2 -1.5
v 0.4 1 -1.5
v 0.4 1.1 -1.5
v 0.4 1.4 -1.5
v 0.4 1.7 -1.5
v 0.4 1.8 -1.5
v 0.4 1.9 -1.5
v 0.4 2.1 -1.5
v 0.4 2.2 -1.5
v 0.5 1.1 -1.5
v 0.5 1.2 -1.5
v 0.5 1.6 -1.5
v 0.5 1.7 -1.5
v 0.5 2 -1.5
v 0.5 2.1 -1.5
v 0.6 1.2 -1.5
v 0.6 1.4 -1.5
v 0.6 1.8 -1.5
v 0.6 2 -1.5
v 0.7 1.4 -1.5
v 0.7 1.6 -1.5
v 0.7 1.8 -1.5
v -0.4 1.4 -1.6
v -0.4 1.8 -1.6
v -0.3 1.3 -1.6
v -0.3 1.4 -1.6
v -0.3 1.7 -1.6
v -0.3 1.8 -1.6
v -0.3 1.9 -1.6
v -0.2 1.2 -1.6
v -0.2 1.3 -1.6
v -0.2 1.4 -1.6
v -0.2 1.7 -1.6
v -0.2 1.9 -1.6
v -0.2 2 -1.6
v 0.2 1.2 -1.6
v 0.2 1.3 -1.6
v 0.2 1.9 -1.6
v 0.2 2 -1.6
v 0.3 1.3 -1.6
v 0.3 1.4 -1.6
v 0.3 1.8 -1.6
v 0.3 1.9 -1.6
v 0.4 1.4 -1.6
v 0.4 1.8 -1.6
v -0.2 0 0.4
v 0.2 0 0.4
v -0.3 0 0.3
v -0.2 0 0.3
v 0.2 0 0.3
v 0.3 0 0.3
v -0.4 0 0.2
v -0.3 0 0.2
v 0.3 0 0.2
v 0.4 0 0.2
v -0.4 0 0.1
v -0.3 0 0.1
v -0.4 0 -0.2
v -0.3 0 -0.2
v 0.3 0 -0.2
v 0.4 0 -0.2
v -0.3 0 -0.3
v -0.2 0 -0.3
v 0.2 0 -0.3
v 0.3 0 -0.3
v -0.2 0 -0.4
v 0.2 0 -0.4
v -0.2 0.1 0.7
v 0.2 0.1 0.7
v -0.4 0.1 0.6
v -0.2 0.1 0.6
v 0.2 0.1 0.6
v 0.4 0.1 0.6
v -0.5 0.1 0.5
v -0.4 0.1 0.5
v -0.3 0.1 0.5
v -0.2 0.1 0.5
v -0.1 0.1 0.5
v 0.1 0.1 0.5
v 0.2 0.1 0.5
v 0.4 0.1 0.5
v 0.5 0.1 0.5
v -0.6 0.1 0.4
v -0.5 0.1 0.4
v -0.4 0.1 0.4
v -0.3 0.1 0.4
v -0.2 0.1 0.4
v -0.1 0.1 0.4
v 0.1 0.1 0.4
v 0.2 0.1 0.4
v 0.5 0.1 0.4
v 0.6 0.1 0.4
v -0.5 0.1 0.3
v -0.4 0.1 0.3
v -0.3 0.1 0.3
v -0.2 0.1 0.3
v 0.2 0.1 0.3
v 0.3 0.1 0.3
v -0.7 0.1 0.2
v -0.6 0.1 0.2
v -0.5 0.1 0.2
v -0.4 0.1 0.2
v -0.3 0.1 0.2
v 0.3 0.1 0.2
v 0.4 0.1 0.2
v 0.6 0.1 0.2
v 0.7 0.1 0.2
v -0.4 0.1 0.1
v -0.7 0.1 -0.2
v -0.6 0.1 -0.2
v -0.4 0.1 -0.2
v -0.3 0.1 -0.2
v 0.3 0.1 -0.2
v 0.4 0.1 -0.2
v 0.6 0.1 -0.2
v 0.7 0.1 -0.2
v -0.3 0.1 -0.3
v -0.2 0.1 -0.3
v 0.2 0.1 -0.3
v 0.3 0.1 -0.3
v -0.6 0.1 -0.4
v -0.5 0.1 -0.4
v -0.4 0.1 -0.4
v -0.2 0.1 -0.4
v 0.2 0.1 -0.4
v 0.5 0.1 -0.4
v 0.6 0.1 -0.4
v -0.5 0.1 -0.5
v -0.4 0.1 -0.5
v 0.4 0.1 -0.5
v 0.5 0.1 -0.5
v -0.4 0.1 -0.6
v -0.2 0.1 -0.6
v 0.2 0.1 -0.6
v 0.4 0.1 -0.6
v -0.2 0.1 -0.7
v 0.2 0.1 -0.7
v -0.1 0.2 0.9
v 0.1 0.2 0.9
v -0.4 0.2 0.8
v -0.1 0.2 0.8
v 0.1 0.2 0.8
v 0.4 0.2 0.8
v -0.6 0.2 0.7
v -0.4 0.2 0.7
v -0.2 0.2 0.7
v 0.1 0.2 0.7
v 0.2 0.2 0.7
v 0.4 0.2 0.7
v 0.6 0.2 0.7
v -0.7 0.2 0.6
v -0.6 0.2 0.6
v -0.4 0.2 0.6
v -0.2 0.2 0.6
v 0.2 0.2 0.6
v 0.4 0.2 0.6
v 0.6 0.2 0.6
v 0.7 0.2 0.6
v -0.5 0.2 0.5
v -0.4 0.2 0.5
v 0.4 0.2 0.5
v 0.5 0.2 0.5
v 0.7 0.2 0.5
v -0.8 0.2 0.4
v -0.7 0.2 0.4
v -0.6 0.2 0.4
v -0.5 0.2 0.4
v 0.5 0.2 0.4
v 0.6 0.2 0.4
v 0.7 0.2 0.4
v 0.8 0.2 0.4
v -0.7 0.2 0.2
v -0.6 0.2 0.2
v 0.6 0.2 0.2
v 0.7 0.2 0.2
v -0.9 0.2 0.1
v -0.8 0.2 0.1
v 0.8 0.2 0.1
v 0.9 0.2 0.1
v -0.9 0.2 -0.1
v -0.8 0.2 -0.1
v 0.8 0.2 -0.1
v 0.9 0.2 -0.1
v -0.7 0.2 -0.2
v -0.6 0.2 -0.2
v 0.6 0.2 -0.2
v 0.7 0.2 -0.2
v -0.8 0.2 -0.4
v -0.7 0.2 -0.4
v -0.6 0.2 -0.4
v -0.5 0.2 -0.4
v 0.5 0.2 -0.4
v 0.6 0.2 -0.4
v 0.7 0.2 -0.4
v 0.8 0.2 -0.4
v -0.5 0.2 -0.5
v -0.4 0.2 -0.5
v 0.4 0.2 -0.5
v 0.5 0.2 -0.5
v -0.7 0.2 -0.6
v -0.6 0.2 -0.6
v -0.4 0.2 -0.6
v -0.2 0.2 -0.6
v 0.2 0.2 -0.6
v 0.3 0.2 -0.6
v 0.4 0.2 -0.6
v 0.6 0.2 -0.6
v 0.7 0.2 -0.6
v -0.6 0.2 -0.7
v -0.4 0.2 -0.7
v -0.3 0.2 -0.7
v -0.2 0.2 -0.7
v 0.2 0.2 -0.7
v 0.4 0.2 -0.7
v 0.6 0.2 -0.7
v -0.4 0.2 -0.8
v -0.3 0.2 -0.8
v -0.1 0.2 -0.8
v 0.1 0.2 -0.8
v 0.3 0.2 -0.8
v 0.4 0.2 -0.8
v -0.1 0.2 -0.9
v 0.1 0.2 -0.9
v -0.3 0.3 1
v 0.3 0.3 1
v -0.5 0.3 0.9
v -0.3 0.3 0.9
v -0.1 0.3 0.9
v 0.1 0.3 0.9
v 0.3 0.3 0.9
v 0.4 0.3 0.9
v 0.5 0.3 0.9
v -0.7 0.3 0.8
v -0.5 0.3 0.8
v -0.4 0.3 0.8
v -0.1 0.3 0.8
v 0.1 0.3 0.8
v 0.4 0.3 0.8
v 0.5 0.3 0.8
v 0.6 0.3 0.8
v 0.7 0.3 0.8
v -0.8 0.3 0.7
v -0.7 0.3 0.7
v -0.6 0.3 0.7
v -0.4 0.3 0.7
v 0.4 0.3 0.7
v 0.6 0.3 0.7
v 0.7 0.3 0.7
v 0.8 0.3 0.7
v -0.7 0.3 0.6
v -0.6 0.3 0.6
v 0.6 0.3 0.6
v 0.7 0.3 0.6
v 0.8 0.3 0.6
v -0.9 0.3 0.5
v -0.8 0.3 0.5
v 0.7 0.3 0.5
v 0.8 0.3 0.5
v 0.9 0.3 0.5
v -0.8 0.3 0.4
v -0.7 0.3 0.4
v 0.7 0.3 0.4
v 0.8 0.3 0.4
v -1 0.3 0.3
v -0.9 0.3 0.3
v 0.9 0.3 0.3
v 1 0.3 0.3
v -0.9 0.3 0.1
v -0.8 0.3 0.1
v 0.8 0.3 0.1
v 0.9 0.3 0.1
v -0.9 0.3 -0.1
v -0.8 0.3 -0.1
v 0.8 0.3 -0.1
v 0.9 0.3 -0.1
v -1 0.3 -0.2
v -0.9 0.3 -0.2
v -1 0.3 -0.3
v -0.9 0.3 -0.3
v -0.8 0.3 -0.3
v 0.9 0.3 -0.3
v 1 0.3 -0.3
v -0.8 0.3 -0.4
v -0.7 0.3 -0.4
v 0.7 0.3 -0.4
v 0.8 0.3 -0.4
v -0.9 0.3 -0.5
v -0.8 0.3 -0.5
v 0.8 0.3 -0.5
v 0.9 0.3 -0.5
v -0.7 0.3 -0.6
v -0.6 0.3 -0.6
v 0.6 0.3 -0.6
v 0.7 0.3 -0.6
v 0.8 0.3 -0.6
v -0.8 0.3 -0.7
v -0.7 0.3 -0.7
v -0.6 0.3 -0.7
v -0.5 0.3 -0.7
v -0.4 0.3 -0.7
v 0.4 0.3 -0.7
v 0.5 0.3 -0.7
v 0.6 0.3 -0.7
v 0.7 0.3 -0.7
v 0.8 0.3 -0.7
v -0.7 0.3 -0.8
v -0.5 0.3 -0.8
v -0.4 0.3 -0.8
v -0.3 0.3 -0.8
v -0.1 0.3 -0.8
v 0.1 0.3 -0.8
v 0.3 0.3 -0.8
v 0.4 0.3 -0.8
v 0.5 0.3 -0.8
v 0.7 0.3 -0.8
v -0.5 0.3 -0.9
v -0.3 0.3 -0.9
v -0.2 0.3 -0.9
v -0.1 0.3 -0.9
v 0.1 0.3 -0.9
v 0.2 0.3 -0.9
v 0.3 0.3 -0.9
v 0.5 0.3 -0.9
v -0.3 0.3 -1
v -0.2 0.3 -1
v 0.2 0.3 -1
v 0.3 0.3 -1
v -0.4 0.4 1.1
v 0.4 0.4 1.1
v -0.6 0.4 1
v -0.4 0.4 1
v -0.3 0.4 1
v 0.3 0.4 1
v 0.4 0.4 1
v 0.6 0.4 1
v -0.7 0.4 0.9
v -0.6 0.4 0.9
v -0.5 0.4 0.9
v -0.3 0.4 0.9
v 0.3 0.4 0.9
v 0.4 0.4 0.9
v 0.5 0.4 0.9
v 0.6 0.4 0.9
v 0.7 0.4 0.9
v -0.8 0.4 0.8
v -0.7 0.4 0.8
v -0.5 0.4 0.8
v 0.5 0.4 0.8
v 0.6 0.4 0.8
v 0.7 0.4 0.8
v 0.8 0.4 0.8
v -0.9 0.4 0.7
v -0.8 0.4 0.7
v -0.7 0.4 0.7
v 0.7 0.4 0.7
v 0.8 0.4 0.7
v 0.9 0.4 0.7
v -1 0.4 0.6
v -0.9 0.4 0.6
v 0.8 0.4 0.6
v 0.9 0.4 0.6
v 1 0.4 0.6
v -0.9 0.4 0.5
v -0.8 0.4 0.5
v 0.8 0.4 0.5
v 0.9 0.4 0.5
v -1.1 0.4 0.4
v -1 0.4 0.4
v 0.9 0.4 0.4
v 1 0.4 0.4
v 1.1 0.4 0.4
v -1.1 0.4 0.3
v -1 0.4 0.3
v -0.9 0.4 0.3
v 0.9 0.4 0.3
v 1 0.4 0.3
v -1 0.4 -0.2
v -1 0.4 -0.3
v -0.9 0.4 -0.3
v 0.9 0.4 -0.3
v 1 0.4 -0.3
v -1.1 0.4 -0.4
v -1 0.4 -0.4
v 1 0.4 -0.4
v 1.1 0.4 -0.4
v -0.9 0.4 -0.5
v -0.8 0.4 -0.5
v 0.8 0.4 -0.5
v 0.9 0.4 -0.5
v -1 0.4 -0.6
v -0.9 0.4 -0.6
v 0.8 0.4 -0.6
v 0.9 0.4 -0.6
v 1 0.4 -0.6
v -0.9 0.4 -0.7
v -0.8 0.4 -0.7
v -0.7 0.4 -0.7
v 0.7 0.4 -0.7
v 0.8 0.4 -0.7
v 0.9 0.4 -0.7
v -0.8 0.4 -0.8
v -0.7 0.4 -0.8
v -0.5 0.4 -0.8
v 0.5 0.4 -0.8
v 0.7 0.4 -0.8
v 0.8 0.4 -0.8
v -0.7 0.4 -0.9
v -0.6 0.4 -0.9
v -0.5 0.4 -0.9
v -0.3 0.4 -0.9
v 0.3 0.4 -0.9
v 0.5 0.4 -0.9
v 0.6 0.4 -0.9
v 0.7 0.4 -0.9
v -0.6 0.4 -1
v -0.4 0.4 -1
v -0.3 0.4 -1
v -0.2 0.4 -1
v 0.2 0.4 -1
v 0.3 0.4 -1
v 0.4 0.4 -1
v 0.6 0.4 -1
v -0.4 0.4 -1.1
v 0.4 0.4 -1.1
v -0.4 0.5 1.2
v 0.4 0.5 1.2
v -0.6 0.5 1.1
v -0.4 0.5 1.1
v 0.4 0.5 1.1
v 0.6 0.5 1.1
v -0.7 0.5 1
v -0.6 0.5 1
v -0.4 0.5 1
v 0.4 0.5 1
v 0.6 0.5 1
v 0.7 0.5 1
v -0.9 0.5 0.9
v -0.7 0.5 0.9
v -0.6 0.5 0.9
v 0.6 0.5 0.9
v 0.7 0.5 0.9
v 0.9 0.5 0.9
v -0.8 0.5 0.8
v -0.7 0.5 0.8
v 0.7 0.5 0.8
v 0.8 0.5 0.8
v -1 0.5 0.7
v -0.9 0.5 0.7
v -0.8 0.5 0.7
v 0.8 0.5 0.7
v 0.9 0.5 0.7
v 1 0.5 0.7
v -1.1 0.5 0.6
v -1 0.5 0.6
v -0.9 0.5 0.6
v 0.9 0.5 0.6
v 1 0.5 0.6
v 1.1 0.5 0.6
v -1.2 0.5 0.4
v -1.1 0.5 0.4
v -1 0.5 0.4
v 1 0.5 0.4
v 1.1 0.5 0.4
v 1.2 0.5 0.4
v -1.2 0.5 0.3
v -1.1 0.5 0.3
v 1.1 0.5 0.3
v 1.2 0.5 0.3
v 1.1 0.5 0.1
v 1.2 0.5 0.1
v -1.2 0.5 -0.4
v -1.1 0.5 -0.4
v -1 0.5 -0.4
v 1 0.5 -0.4
v 1.1 0.5 -0.4
v 1.2 0.5 -0.4
v -1.1 0.5 -0.6
v -1 0.5 -0.6
v -0.9 0.5 -0.6
v 0.9 0.5 -0.6
v 1 0.5 -0.6
v 1.1 0.5 -0.6
v -1 0.5 -0.7
v -0.9 0.5 -0.7
v -0.8 0.5 -0.7
v 0.8 0.5 -0.7
v 0.9 0.5 -0.7
v 1 0.5 -0.7
v -0.8 0.5 -0.8
v -0.7 0.5 -0.8
v 0.7 0.5 -0.8
v 0.8 0.5 -0.8
v -0.9 0.5 -0.9
v -0.7 0.5 -0.9
v -0.6 0.5 -0.9
v 0.6 0.5 -0.9
v 0.7 0.5 -0.9
v 0.9 0.5 -0.9
v -0.7 0.5 -1
v -0.6 0.5 -1
v -0.5 0.5 -1
v -0.4 0.5 -1
v 0.4 0.5 -1
v 0.6 0.5 -1
v 0.7 0.5 -1
v -0.6 0.5 -1.1
v -0.5 0.5 -1.1
v -0.4 0.5 -1.1
v 0.4 0.5 -1.1
v 0.6 0.5 -1.1
v -0.4 0.5 -1.2
v 0.4 0.5 -1.2
v -0.3 0.6 1.3
v -0.2 0.6 1.3
v 0.3 0.6 1.3
v -0.6 0.6 1.2
v -0.4 0.6 1.2
v -0.3 0.6 1.2
v -0.2 0.6 1.2
v 0.3 0.6 1.2
v 0.4 0.6 1.2
v 0.6 0.6 1.2
v -0.7 0.6 1.1
v -0.6 0.6 1.1
v -0.4 0.6 1.1
v 0.4 0.6 1.1
v 0.6 0.6 1.1
v 0.7 0.6 1.1
v -0.9 0.6 1
v -0.7 0.6 1
v -0.6 0.6 1
v 0.6 0.6 1
v 0.7 0.6 1
v 0.9 0.6 1
v -1 0.6 0.9
v -0.9 0.6 0.9
v -0.7 0.6 0.9
v 0.7 0.6 0.9
v 0.9 0.6 0.9
v 1 0.6 0.9
v -1.1 0.6 0.7
v -1 0.6 0.7
v -0.9 0.6 0.7
v 0.9 0.6 0.7
v 1 0.6 0.7
v 1.1 0.6 0.7
v -1.2 0.6 0.6
v -1.1 0.6 0.6
v -1 0.6 0.6
v 1 0.6 0.6
v 1.1 0.6 0.6
v 1.2 0.6 0.6
v -1.2 0.6 0.4
v -1.1 0.6 0.4
v 1.1 0.6 0.4
v 1.2 0.6 0.4
v -1.3 0.6 0.3
v -1.2 0.6 0.3
v 1.2 0.6 0.3
v 1.3 0.6 0.3
v 1.2 0.6 0.1
v 1.2 0.6 -0.1
v 1.3 0.6 -0.1
v -1.3 0.6 -0.3
v -1.2 0.6 -0.3
v 1.2 0.6 -0.3
v 1.3 0.6 -0.3
v -1.2 0.6 -0.4
v -1.1 0.6 -0.4
v 1.1 0.6 -0.4
v 1.2 0.6 -0.4
v -1.2 0.6 -0.6
v -1.1 0.6 -0.6
v -1 0.6 -0.6
v 1 0.6 -0.6
v 1.1 0.6 -0.6
v 1.2 0.6 -0.6
v -1.1 0.6 -0.7
v -1 0.6 -0.7
v -0.9 0.6 -0.7
v 0.9 0.6 -0.7
v 1 0.6 -0.7
v 1.1 0.6 -0.7
v -1 0.6 -0.9
v -0.9 0.6 -0.9
v -0.7 0.6 -0.9
v 0.7 0.6 -0.9
v 0.9 0.6 -0.9
v 1 0.6 -0.9
v -0.9 0.6 -1
v -0.7 0.6 -1
v -0.6 0.6 -1
v 0.6 0.6 -1
v 0.7 0.6 -1
v 0.9 0.6 -1
v -0.7 0.6 -1.1
v -0.6 0.6 -1.1
v -0.5 0.6 -1.1
v -0.4 0.6 -1.1
v 0.4 0.6 -1.1
v 0.6 0.6 -1.1
v 0.7 0.6 -1.1
v -0.6 0.6 -1.2
v -0.4 0.6 -1.2
v -0.3 0.6 -1.2
v 0.3 0.6 -1.2
v 0.4 0.6 -1.2
v 0.6 0.6 -1.2
v -0.3 0.6 -1.3
v 0.3 0.6 -1.3
v -0.1 0.7 1.4
v 0.1 0.7 1.4
v -0.5 0.7 1.3
v -0.3 0.7 1.3
v -0.1 0.7 1.3
v 0.1 0.7 1.3
v 0.3 0.7 1.3
v 0.5 0.7 1.3
v -0.7 0.7 1.2
v -0.6 0.7 1.2
v -0.5 0.7 1.2
v -0.3 0.7 1.2
v 0.3 0.7 1.2
v 0.5 0.7 1.2
v 0.6 0.7 1.2
v 0.7 0.7 1.2
v -0.9 0.7 1.1
v -0.7 0.7 1.1
v -0.6 0.7 1.1
v 0.6 0.7 1.1
v 0.7 0.7 1.1
v 0.9 0.7 1.1
v -1 0.7 1
v -0.9 0.7 1
v -0.7 0.7 1
v 0.7 0.7 1
v 0.9 0.7 1
v 1 0.7 1
v -1.1 0.7 0.9
v -1 0.7 0.9
v -0.9 0.7 0.9
v 0.9 0.7 0.9
v 1 0.7 0.9
v 1.1 0.7 0.9
v -1.2 0.7 0.7
v -1.1 0.7 0.7
v -1 0.7 0.7
v 1 0.7 0.7
v 1.1 0.7 0.7
v 1.2 0.7 0.7
v -1.2 0.7 0.6
v -1.1 0.7 0.6
v 1.1 0.7 0.6
v 1.2 0.7 0.6
v -1.3 0.7 0.5
v -1.2 0.7 0.5
v 1.2 0.7 0.5
v 1.3 0.7 0.5
v -1.3 0.7 0.3
v -1.2 0.7 0.3
v 1.2 0.7 0.3
v 1.3 0.7 0.3
v -1.4 0.7 0.1
v -1.3 0.7 0.1
v 1.3 0.7 0.1
v 1.4 0.7 0.1
v -1.4 0.7 -0.1
v -1.3 0.7 -0.1
v 1.3 0.7 -0.1
v 1.4 0.7 -0.1
v -1.3 0.7 -0.3
v -1.2 0.7 -0.3
v 1.2 0.7 -0.3
v 1.3 0.7 -0.3
v -1.3 0.7 -0.5
v -1.2 0.7 -0.5
v 1.2 0.7 -0.5
v 1.3 0.7 -0.5
v -1.2 0.7 -0.6
v -1.1 0.7 -0.6
v 1.1 0.7 -0.6
v 1.2 0.7 -0.6
v -1.2 0.7 -0.7
v -1.1 0.7 -0.7
v -1 0.7 -0.7
v 1 0.7 -0.7
v 1.1 0.7 -0.7
v 1.2 0.7 -0.7
v -1.1 0.7 -0.9
v -1 0.7 -0.9
v -0.9 0.7 -0.9
v 0.9 0.7 -0.9
v 1 0.7 -0.9
v 1.1 0.7 -0.9
v -1 0.7 -1
v -0.9 0.7 -1
v -0.7 0.7 -1
v 0.7 0.7 -1
v 0.9 0.7 -1
v 1 0.7 -1
v -0.9 0.7 -1.1
v -0.7 0.7 -1.1
v -0.6 0.7 -1.1
v 0.6 0.7 -1.1
v 0.7 0.7 -1.1
v 0.9 0.7 -1.1
v -0.7 0.7 -1.2
v -0.6 0.7 -1.2
v -0.5 0.7 -1.2
v -0.4 0.7 -1.2
v -0.3 0.7 -1.2
v 0.3 0.7 -1.2
v 0.5 0.7 -1.2
v 0.6 0.7 -1.2
v 0.7 0.7 -1.2
v -0.5 0.7 -1.3
v -0.4 0.7 -1.3
v -0.3 0.7 -1.3
v -0.1 0.7 -1.3
v 0.1 0.7 -1.3
v 0.3 0.7 -1.3
v 0.5 0.7 -1.3
v -0.1 0.7 -1.4
v 0.1 0.7 -1.4
v -0.4 0.8 1.4
v -0.1 0.8 1.4
v 0.1 0.8 1.4
v 0.4 0.8 1.4
v -0.7 0.8 1.3
v -0.5 0.8 1.3
v -0.4 0.8 1.3
v -0.1 0.8 1.3
v 0.1 0.8 1.3
v 0.4 0.8 1.3
v 0.5 0.8 1.3
v 0.7 0.8 1.3
v -0.8 0.8 1.2
v -0.7 0.8 1.2
v -0.5 0.8 1.2
v 0.5 0.8 1.2
v 0.7 0.8 1.2
v 0.8 0.8 1.2
v -0.8 0.8 1.1
v -0.7 0.8 1.1
v 0.7 0.8 1.1
v 0.8 0.8 1.1
v -1.2 0.8 0.8
v -1.1 0.8 0.8
v 1.1 0.8 0.8
v 1.2 0.8 0.8
v -1.3 0.8 0.7
v -1.2 0.8 0.7
v -1.1 0.8 0.7
v 1.1 0.8 0.7
v 1.2 0.8 0.7
v 1.3 0.8 0.7
v -1.3 0.8 0.5
v -1.2 0.8 0.5
v 1.2 0.8 0.5
v 1.3 0.8 0.5
v -1.4 0.8 0.4
v -1.3 0.8 0.4
v 1.3 0.8 0.4
v 1.4 0.8 0.4
v -1.4 0.8 0.2
v -1.3 0.8 0.2
v -1.4 0.8 0.1
v -1.3 0.8 0.1
v 1.3 0.8 0.1
v 1.4 0.8 0.1
v -1.4 0.8 -0.1
v -1.3 0.8 -0.1
v 1.3 0.8 -0.1
v 1.4 0.8 -0.1
v 1.3 0.8 -0.3
v 1.4 0.8 -0.3
v -1.4 0.8 -0.4
v -1.3 0.8 -0.4
v 1.3 0.8 -0.4
v 1.4 0.8 -0.4
v -1.3 0.8 -0.5
v -1.2 0.8 -0.5
v 1.2 0.8 -0.5
v 1.3 0.8 -0.5
v -1.3 0.8 -0.7
v -1.2 0.8 -0.7
v -1.1 0.8 -0.7
v 1.1 0.8 -0.7
v 1.2 0.8 -0.7
v 1.3 0.8 -0.7
v -1.2 0.8 -0.8
v -1.1 0.8 -0.8
v 1.1 0.8 -0.8
v 1.2 0.8 -0.8
v -0.8 0.8 -1.1
v -0.7 0.8 -1.1
v 0.7 0.8 -1.1
v 0.8 0.8 -1.1
v -0.8 0.8 -1.2
v -0.7 0.8 -1.2
v -0.5 0.8 -1.2
v 0.5 0.8 -1.2
v 0.7 0.8 -1.2
v 0.8 0.8 -1.2
v -0.7 0.8 -1.3
v -0.5 0.8 -1.3
v -0.4 0.8 -1.3
v -0.1 0.8 -1.3
v 0.1 0.8 -1.3
v 0.4 0.8 -1.3
v 0.5 0.8 -1.3
v 0.7 0.8 -1.3
v -0.4 0.8 -1.4
v -0.1 0.8 -1.4
v 0.1 0.8 -1.4
v 0.4 0.8 -1.4
v -0.2 0.9 1.5
v 0.1 0.9 1.5
v 0.2 0.9 1.5
v -0.6 0.9 1.4
v -0.4 0.9 1.4
v -0.2 0.9 1.4
v 0.1 0.9 1.4
v 0.2 0.9 1.4
v 0.4 0.9 1.4
v 0.6 0.9 1.4
v -0.8 0.9 1.3
v -0.7 0.9 1.3
v -0.6 0.9 1.3
v -0.4 0.9 1.3
v 0.4 0.9 1.3
v 0.6 0.9 1.3
v 0.7 0.9 1.3
v 0.8 0.9 1.3
v -0.9 0.9 1.2
v -0.8 0.9 1.2
v -0.7 0.9 1.2
v 0.7 0.9 1.2
v 0.8 0.9 1.2
v 0.9 0.9 1.2
v -1 0.9 1.1
v -0.9 0.9 1.1
v -0.8 0.9 1.1
v 0.8 0.9 1.1
v 0.9 0.9 1.1
v 1 0.9 1.1
v -1.1 0.9 1
v -1 0.9 1
v -0.9 0.9 1
v 0.9 0.9 1
v 1 0.9 1
v 1.1 0.9 1
v -1.2 0.9 0.9
v -1.1 0.9 0.9
v -1 0.9 0.9
v 1 0.9 0.9
v 1.1 0.9 0.9
v 1.2 0.9 0.9
v -1.3 0.9 0.8
v -1.2 0.9 0.8
v -1.1 0.9 0.8
v 1.1 0.9 0.8
v 1.2 0.9 0.8
v 1.3 0.9 0.8
v -1.3 0.9 0.7
v -1.2 0.9 0.7
v 1.2 0.9 0.7
v 1.3 0.9 0.7
v -1.4 0.9 0.6
v -1.3 0.9 0.6
v 1.3 0.9 0.6
v 1.4 0.9 0.6
v -1.4 0.9 0.4
v -1.3 0.9 0.4
v 1.3 0.9 0.4
v 1.4 0.9 0.4
v -1.5 0.9 0.2
v -1.4 0.9 0.2
v 1.4 0.9 0.2
v 1.5 0.9 0.2
v -1.5 0.9 0.1
v -1.4 0.9 0.1
v -1.5 0.9 -0.2
v -1.4 0.9 -0.2
v 1.4 0.9 -0.2
v 1.5 0.9 -0.2
v -1.4 0.9 -0.4
v -1.3 0.9 -0.4
v 1.3 0.9 -0.4
v 1.4 0.9 -0.4
v -1.4 0.9 -0.6
v -1.3 0.9 -0.6
v 1.3 0.9 -0.6
v 1.4 0.9 -0.6
v -1.3 0.9 -0.7
v -1.2 0.9 -0.7
v 1.2 0.9 -0.7
v 1.3 0.9 -0.7
v -1.3 0.9 -0.8
v -1.2 0.9 -0.8
v -1.1 0.9 -0.8
v 1.1 0.9 -0.8
v 1.2 0.9 -0.8
v 1.3 0.9 -0.8
v -1.2 0.9 -0.9
v -1.1 0.9 -0.9
v -1 0.9 -0.9
v 1 0.9 -0.9
v 1.1 0.9 -0.9
v 1.2 0.9 -0.9
v -1.1 0.9 -1
v -1 0.9 -1
v -0.9 0.9 -1
v 0.9 0.9 -1
v 1 0.9 -1
v 1.1 0.9 -1
v -1 0.9 -1.1
v -0.9 0.9 -1.1
v -0.8 0.9 -1.1
v 0.8 0.9 -1.1
v 0.9 0.9 -1.1
v 1 0.9 -1.1
v -0.9 0.9 -1.2
v -0.8 0.9 -1.2
v -0.7 0.9 -1.2
v 0.7 0.9 -1.2
v 0.8 0.9 -1.2
v 0.9 0.9 -1.2
v -0.8 0.9 -1.3
v -0.7 0.9 -1.3
v -0.6 0.9 -1.3
v -0.5 0.9 -1.3
v -0.4 0.9 -1.3
v 0.4 0.9 -1.3
v 0.5 0.9 -1.3
v 0.6 0.9 -1.3
v 0.7 0.9 -1.3
v 0.8 0.9 -1.3
v -0.6 0.9 -1.4
v -0.5 0.9 -1.4
v -0.4 0.9 -1.4
v -0.2 0.9 -1.4
v 0.2 0.9 -1.4
v 0.4 0.9 -1.4
v 0.5 0.9 -1.4
v 0.6 0.9 -1.4
v -0.2 0.9 -1.5
v 0.2 0.9 -1.5
v -0.4 1 1.5
v -0.3 1 1.5
v -0.2 1 1.5
v 0.2 1 1.5
v 0.4 1 1.5
v -0.7 1 1.4
v -0.6 1 1.4
v -0.4 1 1.4
v -0.3 1 1.4
v -0.2 1 1.4
v 0.2 1 1.4
v 0.4 1 1.4
v 0.6 1 1.4
v 0.7 1 1.4
v -0.7 1 1.3
v -0.6 1 1.3
v 0.6 1 1.3
v 0.7 1 1.3
v -1 1 1.2
v -0.9 1 1.2
v 0.9 1 1.2
v 1 1 1.2
v -1.1 1 1.1
v -1 1 1.1
v -0.9 1 1.1
v 0.9 1 1.1
v 1 1 1.1
v 1.1 1 1.1
v -1.2 1 1
v -1.1 1 1
v -1 1 1
v 1 1 1
v 1.1 1 1
v 1.2 1 1
v -1.2 1 0.9
v -1.1 1 0.9
v 1.1 1 0.9
v 1.2 1 0.9
v -1.4 1 0.7
v -1.3 1 0.7
v 1.3 1 0.7
v 1.4 1 0.7
v -1.4 1 0.6
v -1.3 1 0.6
v 1.3 1 0.6
v 1.4 1 0.6
v -1.5 1 0.4
v -1.4 1 0.4
v 1.4 1 0.4
v 1.5 1 0.4
v -1.5 1 0.2
v -1.4 1 0.2
v 1.4 1 0.2
v 1.5 1 0.2
v -1.5 1 -0.2
v -1.4 1 -0.2
v 1.4 1 -0.2
v 1.5 1 -0.2
v 1.4 1 -0.3
v 1.5 1 -0.3
v -1.5 1 -0.4
v -1.4 1 -0.4
v 1.4 1 -0.4
v 1.5 1 -0.4
v -1.4 1 -0.6
v -1.3 1 -0.6
v 1.3 1 -0.6
v 1.4 1 -0.6
v -1.4 1 -0.7
v -1.3 1 -0.7
v 1.3 1 -0.7
v 1.4 1 -0.7
v -1.2 1 -0.9
v -1.1 1 -0.9
v 1.1 1 -0.9
v 1.2 1 -0.9
v -1.2 1 -1
v -1.1 1 -1
v -1 1 -1
v 1 1 -1
v 1.1 1 -1
v 1.2 1 -1
v -1.1 1 -1.1
v -1 1 -1.1
v -0.9 1 -1.1
v 0.9 1 -1.1
v 1 1 -1.1
v 1.1 1 -1.1
v -1 1 -1.2
v -0.9 1 -1.2
v 0.9 1 -1.2
v 1 1 -1.2
v -0.7 1 -1.3
v -0.6 1 -1.3
v 0.6 1 -1.3
v 0.7 1 -1.3
v -0.7 1 -1.4
v -0.6 1 -1.4
v -0.4 1 -1.4
v -0.2 1 -1.4
v 0.2 1 -1.4
v 0.3 1 -1.4
v 0.4 1 -1.4
v 0.6 1 -1.4
v 0.7 1 -1.4
v -0.4 1 -1.5
v -0.2 1 -1.5
v 0.2 1 -1.5
v 0.3 1 -1.5
v 0.4 1 -1.5
v -0.5 1.1 1.5
v -0.4 1.1 1.5
v 0.4 1.1 1.5
v 0.5 1.1 1.5
v -0.5 1.1 1.4
v -0.4 1.1 1.4
v 0.4 1.1 1.4
v 0.5 1.1 1.4
v -0.9 1.1 1.3
v -0.8 1.1 1.3
v 0.8 1.1 1.3
v 0.9 1.1 1.3
v -0.9 1.1 1.2
v -0.8 1.1 1.2
v 0.8 1.1 1.2
v 0.9 1.1 1.2
v -1.3 1.1 0.9
v -1.2 1.1 0.9
v 1.2 1.1 0.9
v 1.3 1.1 0.9
v -1.3 1.1 0.8
v -1.2 1.1 0.8
v 1.2 1.1 0.8
v 1.3 1.1 0.8
v -1.5 1.1 0.5
v -1.4 1.1 0.5
v 1.4 1.1 0.5
v 1.5 1.1 0.5
v -1.5 1.1 0.4
v -1.4 1.1 0.4
v 1.4 1.1 0.4
v 1.5 1.1 0.4
v -1.5 1.1 -0.4
v -1.4 1.1 -0.4
v 1.4 1.1 -0.4
v 1.5 1.1 -0.4
v -1.5 1.1 -0.5
v -1.4 1.1 -0.5
v 1.4 1.1 -0.5
v 1.5 1.1 -0.5
v -1.3 1.1 -0.8
v -1.2 1.1 -0.8
v 1.2 1.1 -0.8
v 1.3 1.1 -0.8
v -1.3 1.1 -0.9
v -1.2 1.1 -0.9
v 1.2 1.1 -0.9
v 1.3 1.1 -0.9
v -0.9 1.1 -1.2
v -0.8 1.1 -1.2
v 0.8 1.1 -1.2
v 0.9 1.1 -1.2
v -0.9 1.1 -1.3
v -0.8 1.1 -1.3
v 0.8 1.1 -1.3
v 0.9 1.1 -1.3
v -0.5 1.1 -1.4
v -0.4 1.1 -1.4
v 0.4 1.1 -1.4
v 0.5 1.1 -1.4
v -0.5 1.1 -1.5
v -0.4 1.1 -1.5
v 0.4 1.1 -1.5
v 0.5 1.1 -1.5
v -0.2 1.2 1.6
v 0.1 1.2 1.6
v 0.2 1.2 1.6
v -0.6 1.2 1.5
v -0.5 1.2 1.5
v -0.2 1.2 1.5
v 0.1 1.2 1.5
v 0.2 1.2 1.5
v 0.5 1.2 1.5
v 0.6 1.2 1.5
v -0.8 1.2 1.4
v -0.7 1.2 1.4
v -0.6 1.2 1.4
v -0.5 1.2 1.4
v 0.5 1.2 1.4
v 0.6 1.2 1.4
v 0.7 1.2 1.4
v 0.8 1.2 1.4
v -0.8 1.2 1.3
v -0.7 1.2 1.3
v 0.7 1.2 1.3
v 0.8 1.2 1.3
v -1.1 1.2 1.2
v -1 1.2 1.2
v 1 1.2 1.2
v 1.1 1.2 1.2
v -1.2 1.2 1.1
v -1.1 1.2 1.1
v -1 1.2 1.1
v 1 1.2 1.1
v 1.1 1.2 1.1
v 1.2 1.2 1.1
v -1.2 1.2 1
v -1.1 1.2 1
v 1.1 1.2 1
v 1.2 1.2 1
v -1.4 1.2 0.8
v -1.3 1.2 0.8
v 1.3 1.2 0.8
v 1.4 1.2 0.8
v -1.4 1.2 0.7
v -1.3 1.2 0.7
v 1.3 1.2 0.7
v 1.4 1.2 0.7
v -1.5 1.2 0.6
v -1.4 1.2 0.6
v 1.4 1.2 0.6
v 1.5 1.2 0.6
v -1.5 1.2 0.5
v -1.4 1.2 0.5
v 1.4 1.2 0.5
v 1.5 1.2 0.5
v -1.6 1.2 0.2
v -1.5 1.2 0.2
v 1.5 1.2 0.2
v 1.6 1.2 0.2
v -1.6 1.2 0.1
v -1.5 1.2 0.1
v -1.5 1.2 -0.1
v -1.6 1.2 -0.2
v -1.5 1.2 -0.2
v 1.5 1.2 -0.2
v 1.6 1.2 -0.2
v -1.5 1.2 -0.5
v -1.4 1.2 -0.5
v 1.4 1.2 -0.5
v 1.5 1.2 -0.5
v -1.5 1.2 -0.6
v -1.4 1.2 -0.6
v 1.4 1.2 -0.6
v 1.5 1.2 -0.6
v -1.4 1.2 -0.7
v -1.3 1.2 -0.7
v 1.3 1.2 -0.7
v 1.4 1.2 -0.7
v -1.4 1.2 -0.8
v -1.3 1.2 -0.8
v 1.3 1.2 -0.8
v 1.4 1.2 -0.8
v -1.2 1.2 -1
v -1.1 1.2 -1
v 1.1 1.2 -1
v 1.2 1.2 -1
v -1.2 1.2 -1.1
v -1.1 1.2 -1.1
v -1 1.2 -1.1
v 1 1.2 -1.1
v 1.1 1.2 -1.1
v 1.2 1.2 -1.1
v -1.1 1.2 -1.2
v -1 1.2 -1.2
v 1 1.2 -1.2
v 1.1 1.2 -1.2
v -0.8 1.2 -1.3
v -0.7 1.2 -1.3
v 0.7 1.2 -1.3
v 0.8 1.2 -1.3
v -0.8 1.2 -1.4
v -0.7 1.2 -1.4
v -0.6 1.2 -1.4
v -0.5 1.2 -1.4
v 0.5 1.2 -1.4
v 0.6 1.2 -1.4
v 0.7 1.2 -1.4
v 0.8 1.2 -1.4
v -0.6 1.2 -1.5
v -0.5 1.2 -1.5
v -0.2 1.2 -1.5
v 0.2 1.2 -1.5
v 0.5 1.2 -1.5
v 0.6 1.2 -1.5
v -0.2 1.2 -1.6
v 0.2 1.2 -1.6
v -0.3 1.3 1.6
v -0.2 1.3 1.6
v 0.2 1.3 1.6
v 0.3 1.3 1.6
v -0.3 1.3 1.5
v -0.2 1.3 1.5
v 0.2 1.3 1.5
v 0.3 1.3 1.5
v -1 1.3 1.3
v -0.9 1.3 1.3
v 0.9 1.3 1.3
v 1 1.3 1.3
v -1 1.3 1.2
v -0.9 1.3 1.2
v 0.9 1.3 1.2
v 1 1.3 1.2
v -1.3 1.3 1
v -1.2 1.3 1
v 1.2 1.3 1
v 1.3 1.3 1
v -1.3 1.3 0.9
v -1.2 1.3 0.9
v 1.2 1.3 0.9
v 1.3 1.3 0.9
v -1.6 1.3 0.3
v -1.5 1.3 0.3
v 1.5 1.3 0.3
v 1.6 1.3 0.3
v -1.6 1.3 0.2
v -1.5 1.3 0.2
v 1.5 1.3 0.2
v 1.6 1.3 0.2
v -1.6 1.3 -0.2
v -1.5 1.3 -0.2
v 1.5 1.3 -0.2
v 1.6 1.3 -0.2
v -1.6 1.3 -0.3
v -1.5 1.3 -0.3
v 1.5 1.3 -0.3
v 1.6 1.3 -0.3
v -1.3 1.3 -0.9
v -1.2 1.3 -0.9
v 1.2 1.3 -0.9
v 1.3 1.3 -0.9
v -1.3 1.3 -1
v -1.2 1.3 -1
v 1.2 1.3 -1
v 1.3 1.3 -1
v -1 1.3 -1.2
v -0.9 1.3 -1.2
v 0.9 1.3 -1.2
v 1 1.3 -1.2
v -1 1.3 -1.3
v -0.9 1.3 -1.3
v 0.9 1.3 -1.3
v 1 1.3 -1.3
v -0.3 1.3 -1.5
v -0.2 1.3 -1.5
v 0.2 1.3 -1.5
v 0.3 1.3 -1.5
v -0.3 1.3 -1.6
v -0.2 1.3 -1.6
v 0.2 1.3 -1.6
v 0.3 1.3 -1.6
v -0.4 1.4 1.6
v -0.3 1.4 1.6
v 0.3 1.4 1.6
v 0.4 1.4 1.6
v -0.7 1.4 1.5
v -0.6 1.4 1.5
v -0.4 1.4 1.5
v -0.3 1.4 1.5
v 0.3 1.4 1.5
v 0.4 1.4 1.5
v 0.6 1.4 1.5
v 0.7 1.4 1.5
v -0.7 1.4 1.4
v -0.6 1.4 1.4
v 0.6 1.4 1.4
v 0.7 1.4 1.4
v -1.5 1.4 0.7
v -1.4 1.4 0.7
v 1.4 1.4 0.7
v 1.5 1.4 0.7
v -1.5 1.4 0.6
v -1.4 1.4 0.6
v 1.4 1.4 0.6
v 1.5 1.4 0.6
v -1.6 1.4 0.4
v -1.5 1.4 0.4
v 1.5 1.4 0.4
v 1.6 1.4 0.4
v -1.6 1.4 0.3
v -1.5 1.4 0.3
v 1.5 1.4 0.3
v 1.6 1.4 0.3
v -1.6 1.4 -0.3
v -1.5 1.4 -0.3
v 1.5 1.4 -0.3
v 1.6 1.4 -0.3
v -1.6 1.4 -0.4
v -1.5 1.4 -0.4
v 1.5 1.4 -0.4
v 1.6 1.4 -0.4
v -1.5 1.4 -0.6
v -1.4 1.4 -0.6
v 1.4 1.4 -0.6
v 1.5 1.4 -0.6
v -1.5 1.4 -0.7
v -1.4 1.4 -0.7
v 1.4 1.4 -0.7
v 1.5 1.4 -0.7
v -0.7 1.4 -1.4
v -0.6 1.4 -1.4
v 0.6 1.4 -1.4
v 0.7 1.4 -1.4
v -0.7 1.4 -1.5
v -0.6 1.4 -1.5
v -0.4 1.4 -1.5
v -0.3 1.4 -1.5
v 0.3 1.4 -1.5
v 0.4 1.4 -1.5
v 0.6 1.4 -1.5
v 0.7 1.4 -1.5
v -0.4 1.4 -1.6
v -0.3 1.4 -1.6
v 0.3 1.4 -1.6
v 0.4 1.4 -1.6
v -0.9 1.5 1.4
v -0.8 1.5 1.4
v 0.8 1.5 1.4
v 0.9 1.5 1.4
v -0.9 1.5 1.3
v -0.8 1.5 1.3
v 0.8 1.5 1.3
v 0.9 1.5 1.3
v -1.4 1.5 0.9
v -1.3 1.5 0.9
v 1.3 1.5 0.9
v 1.4 1.5 0.9
v -1.4 1.5 0.8
v -1.3 1.5 0.8
v 1.3 1.5 0.8
v 1.4 1.5 0.8
v -1.4 1.5 -0.8
v -1.3 1.5 -0.8
v 1.3 1.5 -0.8
v 1.4 1.5 -0.8
v -1.4 1.5 -0.9
v -1.3 1.5 -0.9
v 1.3 1.5 -0.9
v 1.4 1.5 -0.9
v -0.9 1.5 -1.3
v -0.8 1.5 -1.3
v 0.8 1.5 -1.3
v 0.9 1.5 -1.3
v -0.9 1.5 -1.4
v -0.8 1.5 -1.4
v 0.8 1.5 -1.4
v 0.9 1.5 -1.4
v -0.9 1.7 1.4
v -0.8 1.7 1.4
v 0.8 1.7 1.4
v 0.9 1.7 1.4
v -0.9 1.7 1.3
v -0.8 1.7 1.3
v 0.8 1.7 1.3
v 0.9 1.7 1.3
v -1.4 1.7 0.9
v -1.3 1.7 0.9
v 1.3 1.7 0.9
v 1.4 1.7 0.9
v -1.4 1.7 0.8
v -1.3 1.7 0.8
v 1.3 1.7 0.8
v 1.4 1.7 0.8
v -1.4 1.7 -0.8
v -1.3 1.7 -0.8
v 1.3 1.7 -0.8
v 1.4 1.7 -0.8
v -1.4 1.7 -0.9
v -1.3 1.7 -0.9
v 1.3 1.7 -0.9
v 1.4 1.7 -0.9
v -0.9 1.7 -1.3
v -0.8 1.7 -1.3
v 0.8 1.7 -1.3
v 0.9 1.7 -1.3
v -0.9 1.7 -1.4
v -0.8 1.7 -1.4
v 0.8 1.7 -1.4
v 0.9 1.7 -1.4
v -0.4 1.8 1.6
v -0.3 1.8 1.6
v 0.3 1.8 1.6
v 0.4 1.8 1.6
v -0.7 1.8 1.5
v -0.6 1.8 1.5
v -0.4 1.8 1.5
v -0.3 1.8 1.5
v 0.3 1.8 1.5
v 0.4 1.8 1.5
v 0.6 1.8 1.5
v 0.7 1.8 1.5
v -0.7 1.8 1.4
v -0.6 1.8 1.4
v 0.6 1.8 1.4
v 0.7 1.8 1.4
v -1.5 1.8 0.7
v -1.4 1.8 0.7
v 1.4 1.8 0.7
v 1.5 1.8 0.7
v -1.5 1.8 0.6
v -1.4 1.8 0.6
v 1.4 1.8 0.6
v 1.5 1.8 0.6
v -1.6 1.8 0.4
v -1.5 1.8 0.4
v 1.5 1.8 0.4
v 1.6 1.8 0.4
v -1.6 1.8 0.3
v -1.5 1.8 0.3
v 1.5 1.8 0.3
v 1.6 1.8 0.3
v -1.6 1.8 -0.3
v -1.5 1.8 -0.3
v 1.5 1.8 -0.3
v 1.6 1.8 -0.3
v -1.6 1.8 -0.4
v -1.5 1.8 -0.4
v 1.5 1.8 -0.4
v 1.6 1.8 -0.4
v -1.5 1.8 -0.6
v -1.4 1.8 -0.6
v 1.4 1.8 -0.6
v 1.5 1.8 -0.6
v -1.5 1.8 -0.7
v -1.4 1.8 -0.7
v 1.4 1.8 -0.7
v 1.5 1.8 -0.7
v -0.7 1.8 -1.4
v -0.6 1.8 -1.4
v 0.6 1.8 -1.4
v 0.7 1.8 -1.4
v -0.7 1.8 -1.5
v -0.6 1.8 -1.5
v -0.4 1.8 -1.5
v -0.3 1.8 -1.5
v 0.3 1.8 -1.5
v 0.4 1.8 -1.5
v 0.6 1.8 -1.5
v 0.7 1.8 -1.5
v -0.4 1.8 -1.6
v -0.3 1.8 -1.6
v 0.3 1.8 -1.6
v 0.4 1.8 -1.6
v -0.3 1.9 1.6
v -0.2 1.9 1.6
v 0.2 1.9 1.6
v 0.3 1.9 1.6
v -0.3 1.9 1.5
v -0.2 1.9 1.5
v 0.2 1.9 1.5
v 0.3 1.9 1.5
v -1 1.9 1.3
v -0.9 1.9 1.3
v 0.9 1.9 1.3
v 1 1.9 1.3
v -1 1.9 1.2
v -0.9 1.9 1.2
v 0.9 1.9 1.2
v 1 1.9 1.2
v -1.3 1.9 1
v -1.2 1.9 1
v 1.2 1.9 1
v 1.3 1.9 1
v -1.3 1.9 0.9
v -1.2 1.9 0.9
v 1.2 1.9 0.9
v 1.3 1.9 0.9
v -1.6 1.9 0.3
v -1.5 1.9 0.3
v 1.5 1.9 0.3
v 1.6 1.9 0.3
v -1.6 1.9 0.2
v -1.5 1.9 0.2
v 1.5 1.9 0.2
v 1.6 1.9 0.2
v -1.6 1.9 -0.2
v -1.5 1.9 -0.2
v 1.5 1.9 -0.2
v 1.6 1.9 -0.2
v -1.6 1.9 -0.3
v -1.5 1.9 -0.3
v 1.5 1.9 -0.3
v 1.6 1.9 -0.3
v -1.3 1.9 -0.9
v -1.2 1.9 -0.9
v 1.2 1.9 -0.9
v 1.3 1.9 -0.9
v -1.3 1.9 -1
v -1.2 1.9 -1
v 1.2 1.9 -1
v 1.3 1.9 -1
v -1 1.9 -1.2
v -0.9 1.9 -1.2
v 0.9 1.9 -1.2
v 1 1.9 -1.2
v -1 1.9 -1.3
v -0.9 1.9 -1.3
v 0.9 1.9 -1.3
v 1 1.9 -1.3
v -0.3 1.9 -1.5
v -0.2 1.9 -1.5
v 0.2 1.9 -1.5
v 0.3 1.9 -1.5
v -0.3 1.9 -1.6
v -0.2 1.9 -1.6
v 0.2 1.9 -1.6
v 0.3 1.9 -1.6
v -0.2 2 1.6
v 0.2 2 1.6
v -0.6 2 1.5
v -0.5 2 1.5
v -0.2 2 1.5
v 0.2 2 1.5
v 0.5 2 1.5
v 0.6 2 1.5
v -0.8 2 1.4
v -0.7 2 1.4
v -0.6 2 1.4
v -0.5 2 1.4
v 0.5 2 1.4
v 0.6 2 1.4
v 0.7 2 1.4
v 0.8 2 1.4
v -0.8 2 1.3
v -0.7 2 1.3
v 0.7 2 1.3
v 0.8 2 1.3
v -1.1 2 1.2
v -1 2 1.2
v 1 2 1.2
v 1.1 2 1.2
v -1.2 2 1.1
v -1.1 2 1.1
v -1 2 1.1
v 1 2 1.1
v 1.1 2 1.1
v 1.2 2 1.1
v -1.2 2 1
v -1.1 2 1
v 1.1 2 1
v 1.2 2 1
v -1.4 2 0.8
v -1.3 2 0.8
v 1.3 2 0.8
v 1.4 2 0.8
v -1.4 2 0.7
v -1.3 2 0.7
v 1.3 2 0.7
v 1.4 2 0.7
v -1.5 2 0.6
v -1.4 2 0.6
v 1.4 2 0.6
v 1.5 2 0.6
v -1.5 2 0.5
v -1.4 2 0.5
v 1.4 2 0.5
v 1.5 2 0.5
v -1.6 2 0.2
v -1.5 2 0.2
v 1.5 2 0.2
v 1.6 2 0.2
v -1.6 2 0
v -1.5 2 0
v -1.6 2 -0.2
v -1.5 2 -0.2
v 1.5 2 -0.2
v 1.6 2 -0.2
v -1.5 2 -0.5
v -1.4 2 -0.5
v 1.4 2 -0.5
v 1.5 2 -0.5
v -1.5 2 -0.6
v -1.4 2 -0.6
v 1.4 2 -0.6
v 1.5 2 -0.6
v -1.4 2 -0.7
v -1.3 2 -0.7
v 1.3 2 -0.7
v 1.4 2 -0.7
v -1.4 2 -0.8
v -1.3 2 -0.8
v 1.3 2 -0.8
v 1.4 2 -0.8
v -1.2 2 -1
v -1.1 2 -1
v 1.1 2 -1
v 1.2 2 -1
v -1.2 2 -1.1
v -1.1 2 -1.1
v -1 2 -1.1
v 1 2 -1.1
v 1.1 2 -1.1
v 1.2 2 -1.1
v -1.1 2 -1.2
v -1 2 -1.2
v 1 2 -1.2
v 1.1 2 -1.2
v -0.8 2 -1.3
v -0.7 2 -1.3
v 0.7 2 -1.3
v 0.8 2 -1.3
v -0.8 2 -1.4
v -0.7 2 -1.4
v -0.6 2 -1.4
v -0.5 2 -1.4
v 0.5 2 -1.4
v 0.6 2 -1.4
v 0.7 2 -1.4
v 0.8 2 -1.4
v -0.6 2 -1.5
v -0.5 2 -1.5
v -0.2 2 -1.5
v 0.2 2 -1.5
v 0.5 2 -1.5
v 0.6 2 -1.5
v -0.2 2 -1.6
v 0.2 2 -1.6
v -0.5 2.1 1.5
v -0.4 2.1 1.5
v 0.4 2.1 1.5
v 0.5 2.1 1.5
v -0.5 2.1 1.4
v -0.4 2.1 1.4
v 0.4 2.1 1.4
v 0.5 2.1 1.4
v -0.9 2.1 1.3
v -0.8 2.1 1.3
v 0.8 2.1 1.3
v 0.9 2.1 1.3
v -0.9 2.1 1.2
v -0.8 2.1 1.2
v 0.8 2.1 1.2
v 0.9 2.1 1.2
v -1.3 2.1 0.9
v -1.2 2.1 0.9
v 1.2 2.1 0.9
v 1.3 2.1 0.9
v -1.3 2.1 0.8
v -1.2 2.1 0.8
v 1.2 2.1 0.8
v 1.3 2.1 0.8
v -1.5 2.1 0.5
v -1.4 2.1 0.5
v 1.4 2.1 0.5
v 1.5 2.1 0.5
v -1.5 2.1 0.4
v -1.4 2.1 0.4
v 1.4 2.1 0.4
v 1.5 2.1 0.4
v -1.5 2.1 -0.4
v -1.4 2.1 -0.4
v 1.4 2.1 -0.4
v 1.5 2.1 -0.4
v -1.5 2.1 -0.5
v -1.4 2.1 -0.5
v 1.4 2.1 -0.5
v 1.5 2.1 -0.5
v -1.3 2.1 -0.8
v -1.2 2.1 -0.8
v 1.2 2.1 -0.8
v 1.3 2.1 -0.8
v -1.3 2.1 -0.9
v -1.2 2.1 -0.9
v 1.2 2.1 -0.9
v 1.3 2.1 -0.9
v -0.9 2.1 -1.2
v -0.8 2.1 -1.2
v 0.8 2.1 -1.2
v 0.9 2.1 -1.2
v -0.9 2.1 -1.3
v -0.8 2.1 -1.3
v 0.8 2.1 -1.3
v 0.9 2.1 -1.3
v -0.5 2.1 -1.4
v -0.4 2.1 -1.4
v 0.4 2.1 -1.4
v 0.5 2.1 -1.4
v -0.5 2.1 -1.5
v -0.4 2.1 -1.5
v 0.4 2.1 -1.5
v 0.5 2.1 -1.5
v -0.4 2.2 1.5
v -0.2 2.2 1.5
v 0.2 2.2 1.5
v 0.4 2.2 1.5
v -0.7 2.2 1.4
v -0.6 2.2 1.4
v -0.4 2.2 1.4
v -0.2 2.2 1.4
v 0.2 2.2 1.4
v 0.4 2.2 1.4
v 0.6 2.2 1.4
v 0.7 2.2 1.4
v -0.7 2.2 1.3
v -0.6 2.2 1.3
v 0.6 2.2 1.3
v 0.7 2.2 1.3
v -1 2.2 1.2
v -0.9 2.2 1.2
v 0.9 2.2 1.2
v 1 2.2 1.2
v -1.1 2.2 1.1
v -1 2.2 1.1
v -0.9 2.2 1.1
v 0.9 2.2 1.1
v 1 2.2 1.1
v 1.1 2.2 1.1
v -1.2 2.2 1
v -1.1 2.2 1
v -1 2.2 1
v 1 2.2 1
v 1.1 2.2 1
v 1.2 2.2 1
v -1.2 2.2 0.9
v -1.1 2.2 0.9
v 1.1 2.2 0.9
v 1.2 2.2 0.9
v -1.4 2.2 0.7
v -1.3 2.2 0.7
v 1.3 2.2 0.7
v 1.4 2.2 0.7
v -1.4 2.2 0.6
v -1.3 2.2 0.6
v 1.3 2.2 0.6
v 1.4 2.2 0.6
v -1.5 2.2 0.4
v -1.4 2.2 0.4
v 1.4 2.2 0.4
v 1.5 2.2 0.4
v -1.5 2.2 0.2
v -1.4 2.2 0.2
v 1.4 2.2 0.2
v 1.5 2.2 0.2
v -1.5 2.2 -0.2
v -1.4 2.2 -0.2
v 1.4 2.2 -0.2
v 1.5 2.2 -0.2
v -1.5 2.2 -0.4
v -1.4 2.2 -0.4
v 1.4 2.2 -0.4
v 1.5 2.2 -0.4
v -1.4 2.2 -0.6
v -1.3 2.2 -0.6
v 1.3 2.2 -0.6
v 1.4 2.2 -0.6
v -1.4 2.2 -0.7
v -1.3 2.2 -0.7
v 1.3 2.2 -0.7
v 1.4 2.2 -0.7
v -1.2 2.2 -0.9
v -1.1 2.2 -0.9
v 1.1 2.2 -0.9
v 1.2 2.2 -0.9
v -1.2 2.2 -1
v -1.1 2.2 -1
v -1 2.2 -1
v 1 2.2 -1
v 1.1 2.2 -1
v 1.2 2.2 -1
v -1.1 2.2 -1.1
v -1 2.2 -1.1
v -0.9 2.2 -1.1
v 0.9 2.2 -1.1
v 1 2.2 -1.1
v 1.1 2.2 -1.1
v -1 2.2 -1.2
v -0.9 2.2 -1.2
v 0.9 2.2 -1.2
v 1 2.2 -1.2
v -0.7 2.2 -1.3
v -0.6 2.2 -1.3
v 0.6 2.2 -1.3
v 0.7 2.2 -1.3
v -0.7 2.2 -1.4
v -0.6 2.2 -1.4
v -0.4 2.2 -1.4
v -0.2 2.2 -1.4
v 0.2 2.2 -1.4
v 0.4 2.2 -1.4
v 0.6 2.2 -1.4
v 0.7 2.2 -1.4
v -0.4 2.2 -1.5
v -0.2 2.2 -1.5
v 0.2 2.2 -1.5
v 0.4 2.2 -1.5
v -0.2 2.3 1.5
v 0.2 2.3 1.5
v -0.6 2.3 1.4
v -0.4 2.3 1.4
v -0.2 2.3 1.4
v 0.2 2.3 1.4
v 0.4 2.3 1.4
v 0.6 2.3 1.4
v -0.8 2.3 1.3
v -0.7 2.3 1.3
v -0.6 2.3 1.3
v -0.4 2.3 1.3
v 0.4 2.3 1.3
v 0.6 2.3 1.3
v 0.7 2.3 1.3
v 0.8 2.3 1.3
v -0.9 2.3 1.2
v -0.8 2.3 1.2
v -0.7 2.3 1.2
v 0.7 2.3 1.2
v 0.8 2.3 1.2
v 0.9 2.3 1.2
v -1 2.3 1.1
v -0.9 2.3 1.1
v -0.8 2.3 1.1
v 0.8 2.3 1.1
v 0.9 2.3 1.1
v 1 2.3 1.1
v -1.1 2.3 1
v -1 2.3 1
v -0.9 2.3 1
v 0.9 2.3 1
v 1 2.3 1
v 1.1 2.3 1
v -1.2 2.3 0.9
v -1.1 2.3 0.9
v -1 2.3 0.9
v 1 2.3 0.9
v 1.1 2.3 0.9
v 1.2 2.3 0.9
v -1.3 2.3 0.8
v -1.2 2.3 0.8
v -1.1 2.3 0.8
v 1.1 2.3 0.8
v 1.2 2.3 0.8
v 1.3 2.3 0.8
v -1.3 2.3 0.7
v -1.2 2.3 0.7
v 1.2 2.3 0.7
v 1.3 2.3 0.7
v -1.4 2.3 0.6
v -1.3 2.3 0.6
v 1.3 2.3 0.6
v 1.4 2.3 0.6
v 1.3 2.3 0.5
v 1.4 2.3 0.5
v -1.4 2.3 0.4
v -1.3 2.3 0.4
v 1.3 2.3 0.4
v 1.4 2.3 0.4
v -1.5 2.3 0.2
v -1.4 2.3 0.2
v 1.4 2.3 0.2
v 1.5 2.3 0.2
v -1.4 2.3 0.1
v -1.5 2.3 -0.2
v -1.4 2.3 -0.2
v 1.4 2.3 -0.2
v 1.5 2.3 -0.2
v -1.4 2.3 -0.4
v -1.3 2.3 -0.4
v 1.3 2.3 -0.4
v 1.4 2.3 -0.4
v -1.4 2.3 -0.6
v -1.3 2.3 -0.6
v 1.3 2.3 -0.6
v 1.4 2.3 -0.6
v -1.3 2.3 -0.7
v -1.2 2.3 -0.7
v 1.2 2.3 -0.7
v 1.3 2.3 -0.7
v -1.3 2.3 -0.8
v -1.2 2.3 -0.8
v -1.1 2.3 -0.8
v 1.1 2.3 -0.8
v 1.2 2.3 -0.8
v 1.3 2.3 -0.8
v -1.2 2.3 -0.9
v -1.1 2.3 -0.9
v -1 2.3 -0.9
v 1 2.3 -0.9
v 1.1 2.3 -0.9
v 1.2 2.3 -0.9
v -1.1 2.3 -1
v -1 2.3 -1
v -0.9 2.3 -1
v 0.9 2.3 -1
v 1 2.3 -1
v 1.1 2.3 -1
v -1 2.3 -1.1
v -0.9 2.3 -1.1
v -0.8 2.3 -1.1
v 0.8 2.3 -1.1
v 0.9 2.3 -1.1
v 1 2.3 -1.1
v -0.9 2.3 -1.2
v -0.8 2.3 -1.2
v -0.7 2.3 -1.2
v 0.7 2.3 -1.2
v 0.8 2.3 -1.2
v 0.9 2.3 -1.2
v -0.8 2.3 -1.3
v -0.7 2.3 -1.3
v -0.6 2.3 -1.3
v -0.4 2.3 -1.3
v 0.4 2.3 -1.3
v 0.5 2.3 -1.3
v 0.6 2.3 -1.3
v 0.7 2.3 -1.3
v 0.8 2.3 -1.3
v -0.6 2.3 -1.4
v -0.4 2.3 -1.4
v -0.2 2.3 -1.4
v 0.2 2.3 -1.4
v 0.4 2.3 -1.4
v 0.5 2.3 -1.4
v 0.6 2.3 -1.4
v -0.2 2.3 -1.5
v 0.2 2.3 -1.5
v -0.4 2.4 1.4
v -0.1 2.4 1.4
v 0.1 2.4 1.4
v 0.4 2.4 1.4
v -0.7 2.4 1.3
v -0.5 2.4 1.3
v -0.4 2.4 1.3
v -0.1 2.4 1.3
v 0.1 2.4 1.3
v 0.2 2.4 1.3
v 0.4 2.4 1.3
v 0.5 2.4 1.3
v 0.7 2.4 1.3
v -0.8 2.4 1.2
v -0.7 2.4 1.2
v -0.5 2.4 1.2
v 0.5 2.4 1.2
v 0.6 2.4 1.2
v 0.7 2.4 1.2
v 0.8 2.4 1.2
v -0.8 2.4 1.1
v -0.7 2.4 1.1
v 0.7 2.4 1.1
v 0.8 2.4 1.1
v -1.2 2.4 0.8
v -1.1 2.4 0.8
v 1.1 2.4 0.8
v 1.2 2.4 0.8
v -1.3 2.4 0.7
v -1.2 2.4 0.7
v -1.1 2.4 0.7
v 1.1 2.4 0.7
v 1.2 2.4 0.7
v 1.3 2.4 0.7
v -1.3 2.4 0.5
v -1.2 2.4 0.5
v 1.2 2.4 0.5
v 1.3 2.4 0.5
v -1.4 2.4 0.4
v -1.3 2.4 0.4
v 1.3 2.4 0.4
v 1.4 2.4 0.4
v -1.4 2.4 0.1
v -1.3 2.4 0.1
v 1.3 2.4 0.1
v 1.4 2.4 0.1
v -1.4 2.4 -0.1
v -1.3 2.4 -0.1
v 1.3 2.4 -0.1
v 1.4 2.4 -0.1
v -1.4 2.4 -0.4
v -1.3 2.4 -0.4
v 1.3 2.4 -0.4
v 1.4 2.4 -0.4
v -1.3 2.4 -0.5
v -1.2 2.4 -0.5
v 1.2 2.4 -0.5
v 1.3 2.4 -0.5
v -1.3 2.4 -0.7
v -1.2 2.4 -0.7
v -1.1 2.4 -0.7
v 1.1 2.4 -0.7
v 1.2 2.4 -0.7
v 1.3 2.4 -0.7
v -1.2 2.4 -0.8
v -1.1 2.4 -0.8
v 1.1 2.4 -0.8
v 1.2 2.4 -0.8
v -0.8 2.4 -1.1
v -0.7 2.4 -1.1
v 0.7 2.4 -1.1
v 0.8 2.4 -1.1
v -0.8 2.4 -1.2
v -0.7 2.4 -1.2
v -0.5 2.4 -1.2
v 0.5 2.4 -1.2
v 0.6 2.4 -1.2
v 0.7 2.4 -1.2
v 0.8 2.4 -1.2
v -0.7 2.4 -1.3
v -0.5 2.4 -1.3
v -0.4 2.4 -1.3
v -0.1 2.4 -1.3
v 0.1 2.4 -1.3
v 0.4 2.4 -1.3
v 0.5 2.4 -1.3
v 0.6 2.4 -1.3
v 0.7 2.4 -1.3
v -0.4 2.4 -1.4
v -0.1 2.4 -1.4
v 0.1 2.4 -1.4
v 0.4 2.4 -1.4
v -0.1 2.5 1.4
v 0.1 2.5 1.4
v -0.5 2.5 1.3
v -0.3 2.5 1.3
v -0.1 2.5 1.3
v 0.1 2.5 1.3
v 0.3 2.5 1.3
v 0.5 2.5 1.3
v -0.7 2.5 1.2
v -0.6 2.5 1.2
v -0.5 2.5 1.2
v -0.3 2.5 1.2
v 0.3 2.5 1.2
v 0.5 2.5 1.2
v 0.6 2.5 1.2
v 0.7 2.5 1.2
v -0.9 2.5 1.1
v -0.7 2.5 1.1
v -0.6 2.5 1.1
v 0.6 2.5 1.1
v 0.7 2.5 1.1
v 0.9 2.5 1.1
v -1 2.5 1
v -0.9 2.5 1
v -0.7 2.5 1
v 0.7 2.5 1
v 0.9 2.5 1
v 1 2.5 1
v -1.1 2.5 0.9
v -1 2.5 0.9
v -0.9 2.5 0.9
v 0.9 2.5 0.9
v 1 2.5 0.9
v 1.1 2.5 0.9
v -1.2 2.5 0.7
v -1.1 2.5 0.7
v -1 2.5 0.7
v 1 2.5 0.7
v 1.1 2.5 0.7
v 1.2 2.5 0.7
v -1.2 2.5 0.6
v -1.1 2.5 0.6
v 1.1 2.5 0.6
v 1.2 2.5 0.6
v -1.3 2.5 0.5
v -1.2 2.5 0.5
v 1.2 2.5 0.5
v 1.3 2.5 0.5
v 1.2 2.5 0.4
v 1.3 2.5 0.4
v -1.3 2.5 0.3
v -1.2 2.5 0.3
v 1.2 2.5 0.3
v 1.3 2.5 0.3
v -1.4 2.5 0.1
v -1.3 2.5 0.1
v 1.3 2.5 0.1
v 1.4 2.5 0.1
v -1.4 2.5 -0.1
v -1.3 2.5 -0.1
v 1.3 2.5 -0.1
v 1.4 2.5 -0.1
v -1.3 2.5 -0.3
v -1.2 2.5 -0.3
v 1.2 2.5 -0.3
v 1.3 2.5 -0.3
v -1.3 2.5 -0.5
v -1.2 2.5 -0.5
v 1.2 2.5 -0.5
v 1.3 2.5 -0.5
v -1.2 2.5 -0.6
v -1.1 2.5 -0.6
v 1.1 2.5 -0.6
v 1.2 2.5 -0.6
v -1.2 2.5 -0.7
v -1.1 2.5 -0.7
v -1 2.5 -0.7
v 1 2.5 -0.7
v 1.1 2.5 -0.7
v 1.2 2.5 -0.7
v -1.1 2.5 -0.9
v -1 2.5 -0.9
v -0.9 2.5 -0.9
v 0.9 2.5 -0.9
v 1 2.5 -0.9
v 1.1 2.5 -0.9
v -1 2.5 -1
v -0.9 2.5 -1
v -0.7 2.5 -1
v 0.7 2.5 -1
v 0.9 2.5 -1
v 1 2.5 -1
v -0.9 2.5 -1.1
v -0.7 2.5 -1.1
v -0.6 2.5 -1.1
v 0.6 2.5 -1.1
v 0.7 2.5 -1.1
v 0.9 2.5 -1.1
v -0.7 2.5 -1.2
v -0.6 2.5 -1.2
v -0.5 2.5 -1.2
v -0.4 2.5 -1.2
v -0.3 2.5 -1.2
v 0.3 2.5 -1.2
v 0.4 2.5 -1.2
v 0.5 2.5 -1.2
v 0.6 2.5 -1.2
v 0.7 2.5 -1.2
v -0.5 2.5 -1.3
v -0.4 2.5 -1.3
v -0.3 2.5 -1.3
v -0.1 2.5 -1.3
v 0.1 2.5 -1.3
v 0.3 2.5 -1.3
v 0.4 2.5 -1.3
v 0.5 2.5 -1.3
v -0.1 2.5 -1.4
v 0.1 2.5 -1.4
v -0.3 2.6 1.3
v -0.1 2.6 1.3
v 0.3 2.6 1.3
v -0.6 2.6 1.2
v -0.4 2.6 1.2
v -0.3 2.6 1.2
v -0.1 2.6 1.2
v 0.3 2.6 1.2
v 0.4 2.6 1.2
v 0.6 2.6 1.2
v -0.7 2.6 1.1
v -0.6 2.6 1.1
v -0.4 2.6 1.1
v 0.4 2.6 1.1
v 0.5 2.6 1.1
v 0.6 2.6 1.1
v 0.7 2.6 1.1
v -0.9 2.6 1
v -0.7 2.6 1
v -0.6 2.6 1
v 0.6 2.6 1
v 0.7 2.6 1
v 0.9 2.6 1
v -1 2.6 0.9
v -0.9 2.6 0.9
v -0.7 2.6 0.9
v 0.7 2.6 0.9
v 0.9 2.6 0.9
v 1 2.6 0.9
v -1.1 2.6 0.7
v -1 2.6 0.7
v -0.9 2.6 0.7
v 0.9 2.6 0.7
v 1 2.6 0.7
v 1.1 2.6 0.7
v -1.2 2.6 0.6
v -1.1 2.6 0.6
v -1 2.6 0.6
v 1 2.6 0.6
v 1.1 2.6 0.6
v 1.2 2.6 0.6
v -1.2 2.6 0.4
v -1.1 2.6 0.4
v 1.1 2.6 0.4
v 1.2 2.6 0.4
v -1.3 2.6 0.3
v -1.2 2.6 0.3
v 1.2 2.6 0.3
v 1.3 2.6 0.3
v -1.3 2.6 -0.1
v -1.2 2.6 -0.1
v -1.2 2.6 -0.2
v -1.3 2.6 -0.3
v -1.2 2.6 -0.3
v 1.2 2.6 -0.3
v 1.3 2.6 -0.3
v -1.2 2.6 -0.4
v -1.1 2.6 -0.4
v 1.1 2.6 -0.4
v 1.2 2.6 -0.4
v -1.2 2.6 -0.6
v -1.1 2.6 -0.6
v -1 2.6 -0.6
v 1 2.6 -0.6
v 1.1 2.6 -0.6
v 1.2 2.6 -0.6
v -1.1 2.6 -0.7
v -1 2.6 -0.7
v -0.9 2.6 -0.7
v 0.9 2.6 -0.7
v 1 2.6 -0.7
v 1.1 2.6 -0.7
v -1 2.6 -0.9
v -0.9 2.6 -0.9
v -0.7 2.6 -0.9
v 0.7 2.6 -0.9
v 0.9 2.6 -0.9
v 1 2.6 -0.9
v -0.9 2.6 -1
v -0.7 2.6 -1
v -0.6 2.6 -1
v 0.6 2.6 -1
v 0.7 2.6 -1
v 0.9 2.6 -1
v -0.7 2.6 -1.1
v -0.6 2.6 -1.1
v -0.4 2.6 -1.1
v 0.4 2.6 -1.1
v 0.5 2.6 -1.1
v 0.6 2.6 -1.1
v 0.7 2.6 -1.1
v -0.6 2.6 -1.2
v -0.4 2.6 -1.2
v -0.3 2.6 -1.2
v 0.2 2.6 -1.2
v 0.3 2.6 -1.2
v 0.4 2.6 -1.2
v 0.5 2.6 -1.2
v 0.6 2.6 -1.2
v -0.3 2.6 -1.3
v 0.3 2.6 -1.3
v -0.4 2.7 1.2
v 0.4 2.7 1.2
v -0.6 2.7 1.1
v -0.4 2.7 1.1
v 0.4 2.7 1.1
v 0.5 2.7 1.1
v 0.6 2.7 1.1
v -0.7 2.7 1
v -0.6 2.7 1
v -0.4 2.7 1
v 0.4 2.7 1
v 0.5 2.7 1
v 0.6 2.7 1
v 0.7 2.7 1
v -0.9 2.7 0.9
v -0.7 2.7 0.9
v -0.6 2.7 0.9
v 0.6 2.7 0.9
v 0.7 2.7 0.9
v 0.9 2.7 0.9
v -0.8 2.7 0.8
v -0.7 2.7 0.8
v 0.7 2.7 0.8
v 0.8 2.7 0.8
v -1 2.7 0.7
v -0.9 2.7 0.7
v -0.8 2.7 0.7
v 0.8 2.7 0.7
v 0.9 2.7 0.7
v 1 2.7 0.7
v -1.1 2.7 0.6
v -1 2.7 0.6
v -0.9 2.7 0.6
v 0.9 2.7 0.6
v 1 2.7 0.6
v 1.1 2.7 0.6
v -1.2 2.7 0.4
v -1.1 2.7 0.4
v -1 2.7 0.4
v 1 2.7 0.4
v 1.1 2.7 0.4
v 1.2 2.7 0.4
v 1.1 2.7 0.3
v 1.2 2.7 0.3
v 1.1 2.7 0.2
v -1.2 2.7 -0.2
v -1.1 2.7 -0.2
v -1.2 2.7 -0.4
v -1.1 2.7 -0.4
v -1 2.7 -0.4
v 1 2.7 -0.4
v 1.1 2.7 -0.4
v 1.2 2.7 -0.4
v -1.1 2.7 -0.6
v -1 2.7 -0.6
v -0.9 2.7 -0.6
v 0.9 2.7 -0.6
v 1 2.7 -0.6
v 1.1 2.7 -0.6
v -1 2.7 -0.7
v -0.9 2.7 -0.7
v -0.8 2.7 -0.7
v 0.8 2.7 -0.7
v 0.9 2.7 -0.7
v 1 2.7 -0.7
v -0.8 2.7 -0.8
v -0.7 2.7 -0.8
v 0.7 2.7 -0.8
v 0.8 2.7 -0.8
v -0.9 2.7 -0.9
v -0.7 2.7 -0.9
v -0.6 2.7 -0.9
v 0.6 2.7 -0.9
v 0.7 2.7 -0.9
v 0.9 2.7 -0.9
v -0.7 2.7 -1
v -0.6 2.7 -1
v -0.4 2.7 -1
v 0.4 2.7 -1
v 0.6 2.7 -1
v 0.7 2.7 -1
v -0.6 2.7 -1.1
v -0.4 2.7 -1.1
v -0.1 2.7 -1.1
v 0.2 2.7 -1.1
v 0.4 2.7 -1.1
v 0.6 2.7 -1.1
v -0.4 2.7 -1.2
v 0.2 2.7 -1.2
v 0.4 2.7 -1.2
v -0.4 2.8 1.1
v 0.4 2.8 1.1
v -0.6 2.8 1
v -0.4 2.8 1
v -0.3 2.8 1
v 0.2 2.8 1
v 0.3 2.8 1
v 0.4 2.8 1
v 0.6 2.8 1
v -0.7 2.8 0.9
v -0.6 2.8 0.9
v -0.5 2.8 0.9
v -0.4 2.8 0.9
v -0.3 2.8 0.9
v 0.3 2.8 0.9
v 0.5 2.8 0.9
v 0.6 2.8 0.9
v 0.7 2.8 0.9
v -0.8 2.8 0.8
v -0.7 2.8 0.8
v -0.5 2.8 0.8
v 0.5 2.8 0.8
v 0.7 2.8 0.8
v 0.8 2.8 0.8
v -0.9 2.8 0.7
v -0.8 2.8 0.7
v -0.7 2.8 0.7
v 0.7 2.8 0.7
v 0.8 2.8 0.7
v 0.9 2.8 0.7
v -1 2.8 0.6
v -0.9 2.8 0.6
v 0.9 2.8 0.6
v 1 2.8 0.6
v -0.9 2.8 0.5
v -0.8 2.8 0.5
v 0.8 2.8 0.5
v 0.9 2.8 0.5
v -1.1 2.8 0.4
v -1 2.8 0.4
v 0.9 2.8 0.4
v 1 2.8 0.4
v 1.1 2.8 0.4
v -1 2.8 0.3
v -0.9 2.8 0.3
v 0.9 2.8 0.3
v 1 2.8 0.3
v 1 2.8 0.2
v 1.1 2.8 0.2
v -1 2.8 -0.3
v -0.9 2.8 -0.3
v 0.9 2.8 -0.3
v 1 2.8 -0.3
v -1.1 2.8 -0.4
v -1 2.8 -0.4
v 1 2.8 -0.4
v 1.1 2.8 -0.4
v -0.9 2.8 -0.5
v -0.8 2.8 -0.5
v 0.8 2.8 -0.5
v 0.9 2.8 -0.5
v -1 2.8 -0.6
v -0.9 2.8 -0.6
v 0.9 2.8 -0.6
v 1 2.8 -0.6
v -0.9 2.8 -0.7
v -0.8 2.8 -0.7
v -0.7 2.8 -0.7
v 0.7 2.8 -0.7
v 0.8 2.8 -0.7
v 0.9 2.8 -0.7
v -0.8 2.8 -0.8
v -0.7 2.8 -0.8
v -0.5 2.8 -0.8
v 0.5 2.8 -0.8
v 0.7 2.8 -0.8
v 0.8 2.8 -0.8
v -0.7 2.8 -0.9
v -0.6 2.8 -0.9
v -0.5 2.8 -0.9
v -0.4 2.8 -0.9
v -0.3 2.8 -0.9
v 0.3 2.8 -0.9
v 0.4 2.8 -0.9
v 0.5 2.8 -0.9
v 0.6 2.8 -0.9
v 0.7 2.8 -0.9
v -0.6 2.8 -1
v -0.4 2.8 -1
v -0.3 2.8 -1
v -0.2 2.8 -1
v -0.1 2.8 -1
v 0.3 2.8 -1
v 0.4 2.8 -1
v 0.6 2.8 -1
v -0.4 2.8 -1.1
v -0.1 2.8 -1.1
v 0.4 2.8 -1.1
v -0.3 2.9 1
v 0.2 2.9 1
v 0.3 2.9 1
v -0.5 2.9 0.9
v -0.4 2.9 0.9
v -0.3 2.9 0.9
v -0.1 2.9 0.9
v 0.1 2.9 0.9
v 0.3 2.9 0.9
v 0.5 2.9 0.9
v -0.7 2.9 0.8
v -0.5 2.9 0.8
v -0.4 2.9 0.8
v -0.1 2.9 0.8
v 0.1 2.9 0.8
v 0.2 2.9 0.8
v 0.4 2.9 0.8
v 0.5 2.9 0.8
v 0.7 2.9 0.8
v -0.8 2.9 0.7
v -0.7 2.9 0.7
v -0.6 2.9 0.7
v -0.5 2.9 0.7
v -0.4 2.9 0.7
v 0.4 2.9 0.7
v 0.6 2.9 0.7
v 0.7 2.9 0.7
v 0.8 2.9 0.7
v -0.7 2.9 0.6
v -0.6 2.9 0.6
v 0.6 2.9 0.6
v 0.7 2.9 0.6
v -0.9 2.9 0.5
v -0.8 2.9 0.5
v -0.7 2.9 0.5
v 0.8 2.9 0.5
v 0.9 2.9 0.5
v -0.8 2.9 0.4
v -0.7 2.9 0.4
v 0.7 2.9 0.4
v 0.8 2.9 0.4
v 0.9 2.9 0.4
v -1 2.9 0.3
v -0.9 2.9 0.3
v 0.9 2.9 0.3
v 1 2.9 0.3
v -0.9 2.9 0.1
v -0.8 2.9 0.1
v 0.8 2.9 0.1
v 0.9 2.9 0.1
v -0.9 2.9 -0.1
v -0.8 2.9 -0.1
v 0.8 2.9 -0.1
v 0.9 2.9 -0.1
v -1 2.9 -0.3
v -0.9 2.9 -0.3
v 0.9 2.9 -0.3
v 1 2.9 -0.3
v -0.8 2.9 -0.4
v -0.7 2.9 -0.4
v 0.7 2.9 -0.4
v 0.8 2.9 -0.4
v -0.9 2.9 -0.5
v -0.8 2.9 -0.5
v 0.8 2.9 -0.5
v 0.9 2.9 -0.5
v -0.7 2.9 -0.6
v -0.6 2.9 -0.6
v 0.6 2.9 -0.6
v 0.7 2.9 -0.6
v -0.8 2.9 -0.7
v -0.7 2.9 -0.7
v -0.6 2.9 -0.7
v -0.5 2.9 -0.7
v -0.4 2.9 -0.7
v 0.4 2.9 -0.7
v 0.6 2.9 -0.7
v 0.7 2.9 -0.7
v 0.8 2.9 -0.7
v -0.7 2.9 -0.8
v -0.5 2.9 -0.8
v -0.4 2.9 -0.8
v -0.3 2.9 -0.8
v -0.1 2.9 -0.8
v 0.1 2.9 -0.8
v 0.4 2.9 -0.8
v 0.5 2.9 -0.8
v 0.7 2.9 -0.8
v -0.5 2.9 -0.9
v -0.4 2.9 -0.9
v -0.3 2.9 -0.9
v -0.2 2.9 -0.9
v -0.1 2.9 -0.9
v 0.1 2.9 -0.9
v 0.3 2.9 -0.9
v 0.4 2.9 -0.9
v 0.5 2.9 -0.9
v -0.3 2.9 -1
v -0.2 2.9 -1
v 0.3 2.9 -1
v -0.1 3 0.9
v 0.1 3 0.9
v -0.4 3 0.8
v -0.1 3 0.8
v 0.1 3 0.8
v 0.2 3 0.8
v 0.4 3 0.8
v -0.6 3 0.7
v -0.4 3 0.7
v -0.2 3 0.7
v 0.2 3 0.7
v 0.4 3 0.7
v 0.6 3 0.7
v -0.7 3 0.6
v -0.6 3 0.6
v -0.4 3 0.6
v -0.2 3 0.6
v 0.2 3 0.6
v 0.4 3 0.6
v 0.6 3 0.6
v 0.7 3 0.6
v -0.5 3 0.5
v -0.4 3 0.5
v 0.4 3 0.5
v 0.5 3 0.5
v -0.8 3 0.4
v -0.7 3 0.4
v -0.6 3 0.4
v -0.5 3 0.4
v 0.5 3 0.4
v 0.6 3 0.4
v 0.7 3 0.4
v 0.8 3 0.4
v -0.7 3 0.3
v -0.6 3 0.3
v 0.6 3 0.3
v -0.7 3 0.2
v -0.6 3 0.2
v 0.6 3 0.2
v 0.7 3 0.2
v -0.9 3 0.1
v -0.8 3 0.1
v 0.8 3 0.1
v 0.9 3 0.1
v -0.9 3 -0.1
v -0.8 3 -0.1
v 0.8 3 -0.1
v 0.9 3 -0.1
v -0.7 3 -0.2
v -0.6 3 -0.2
v 0.6 3 -0.2
v 0.7 3 -0.2
v 0.6 3 -0.3
v -0.8 3 -0.4
v -0.7 3 -0.4
v -0.6 3 -0.4
v -0.5 3 -0.4
v 0.5 3 -0.4
v 0.6 3 -0.4
v 0.7 3 -0.4
v 0.8 3 -0.4
v -0.5 3 -0.5
v -0.4 3 -0.5
v 0.4 3 -0.5
v 0.5 3 -0.5
v 0.6 3 -0.5
v -0.7 3 -0.6
v -0.6 3 -0.6
v -0.4 3 -0.6
v -0.2 3 -0.6
v 0.2 3 -0.6
v 0.4 3 -0.6
v 0.5 3 -0.6
v 0.6 3 -0.6
v 0.7 3 -0.6
v -0.6 3 -0.7
v -0.5 3 -0.7
v -0.4 3 -0.7
v -0.2 3 -0.7
v 0.2 3 -0.7
v 0.4 3 -0.7
v 0.6 3 -0.7
v -0.4 3 -0.8
v -0.1 3 -0.8
v 0.1 3 -0.8
v 0.4 3 -0.8
v -0.1 3 -0.9
v 0.1 3 -0.9
v -0.2 3.1 0.7
v 0.2 3.1 0.7
v -0.4 3.1 0.6
v -0.2 3.1 0.6
v 0.2 3.1 0.6
v 0.4 3.1 0.6
v -0.5 3.1 0.5
v -0.4 3.1 0.5
v 0.4 3.1 0.5
v 0.5 3.1 0.5
v -0.6 3.1 0.4
v -0.5 3.1 0.4
v -0.2 3.1 0.4
v 0.2 3.1 0.4
v 0.5 3.1 0.4
v 0.6 3.1 0.4
v -0.3 3.1 0.3
v -0.2 3.1 0.3
v 0.2 3.1 0.3
v 0.3 3.1 0.3
v 0.5 3.1 0.3
v 0.6 3.1 0.3
v -0.7 3.1 0.2
v -0.6 3.1 0.2
v -0.4 3.1 0.2
v -0.3 3.1 0.2
v 0.3 3.1 0.2
v 0.4 3.1 0.2
v 0.6 3.1 0.2
v 0.7 3.1 0.2
v 0.4 3.1 0.1
v -0.6 3.1 0
v -0.5 3.1 0
v 0.4 3.1 -0.1
v 0.5 3.1 -0.1
v -0.7 3.1 -0.2
v -0.6 3.1 -0.2
v -0.4 3.1 -0.2
v -0.3 3.1 -0.2
v 0.3 3.1 -0.2
v 0.4 3.1 -0.2
v 0.6 3.1 -0.2
v 0.7 3.1 -0.2
v -0.3 3.1 -0.3
v -0.2 3.1 -0.3
v 0.2 3.1 -0.3
v 0.3 3.1 -0.3
v 0.4 3.1 -0.3
v 0.6 3.1 -0.3
v -0.6 3.1 -0.4
v -0.5 3.1 -0.4
v -0.4 3.1 -0.4
v -0.3 3.1 -0.4
v -0.2 3.1 -0.4
v 0.2 3.1 -0.4
v 0.3 3.1 -0.4
v 0.4 3.1 -0.4
v 0.5 3.1 -0.4
v 0.6 3.1 -0.4
v -0.5 3.1 -0.5
v -0.4 3.1 -0.5
v -0.3 3.1 -0.5
v -0.2 3.1 -0.5
v 0.1 3.1 -0.5
v 0.3 3.1 -0.5
v 0.4 3.1 -0.5
v 0.5 3.1 -0.5
v -0.4 3.1 -0.6
v -0.2 3.1 -0.6
v 0.1 3.1 -0.6
v 0.2 3.1 -0.6
v 0.4 3.1 -0.6
v -0.2 3.1 -0.7
v 0.2 3.1 -0.7
v -0.2 3.2 0.4
v 0.2 3.2 0.4
v -0.3 3.2 0.3
v -0.2 3.2 0.3
v 0.2 3.2 0.3
v 0.3 3.2 0.3
v -0.4 3.2 0.2
v -0.3 3.2 0.2
v 0.3 3.2 0.2
v 0.4 3.2 0.2
v 0.2 3.2 0.1
v 0.4 3.2 0.1
v -0.4 3.2 -0.2
v -0.3 3.2 -0.2
v 0.3 3.2 -0.2
v 0.4 3.2 -0.2
v -0.3 3.2 -0.3
v -0.2 3.2 -0.3
v 0.2 3.2 -0.3
v 0.3 3.2 -0.3
v -0.2 3.2 -0.4
v 0.2 3.2 -0.4

# faces
f 5/1/1 2/1/1 1/1/1
f 6/2/1 3/2/1 2/2/1
f 9/1/1 5/1/1 4/1/1
f 10/2/1 7/2/1 6/2/1
f 12/1/1 9/1/1 8/1/1
f 13/1/1 5/1/1 9/1/1
f 13/1/1 9/1/1 12/1/1
f 14/2/1 11/2/1 10/2/1
f 14/2/1 10/2/1 6/2/1
f 15/2/1 11/2/1 14/2/1
f 16/1/1 5/1/1 13/1/1
f 17/1/1 2/1/1 5/1/1
f 17/1/1 5/1/1 16/1/1
f 18/2/1 6/2/1 2/2/1
f 18/1/1 2/1/1 17/1/1
f 18/2/1 14/2/1 6/2/1
f 19/2/1 14/2/1 18/2/1
f 20/2/1 14/2/1 19/2/1
f 21/2/1 14/2/1 20/2/1
f 22/1/1 18/1/1 17/1/1
f 22/1/1 19/1/1 18/1/1
f 23/2/1 20/2/1 19/2/1
f 23/1/1 19/1/1 22/1/1
f 24/2/1 20/2/1 23/2/1
f 29/2/1 26/2/1 25/2/1
f 30/1/1 27/1/1 26/1/1
f 30/2/1 26/2/1 29/2/1
f 31/1/1 27/1/1 30/1/1
f 32/1/1 27/1/1 31/1/1
f 35/2/1 29/2/1 28/2/1
f 35/2/1 30/2/1 29/2/1
f 35/2/1 31/2/1 30/2/1
f 36/2/1 31/2/1 35/2/1
f 37/1/1 33/1/1 32/1/1
f 37/2/1 31/2/1 36/2/1
f 37/1/1 32/1/1 31/1/1
f 38/1/1 33/1/1 37/1/1
f 39/1/1 33/1/1 38/1/1
f 42/1/1 36/1/1 35/1/1
f 42/1/1 35/1/1 34/1/1
f 43/2/1 37/2/1 36/2/1
f 43/2/1 38/2/1 37/2/1
f 43/1/1 36/1/1 42/1/1
f 44/2/1 38/2/1 43/2/1
f 45/2/1 38/2/1 44/2/1
f 46/1/1 40/1/1 39/1/1
f 46/2/1 38/2/1 45/2/1
f 46/1/1 39/1/1 38/1/1
f 47/1/1 40/1/1 46/1/1
f 48/1/1 40/1/1 47/1/1
f 50/1/1 44/1/1 43/1/1
f 50/1/1 42/1/1 41/1/1
f 50/1/1 43/1/1 42/1/1
f 51/1/1 44/1/1 50/1/1
f 52/1/1 49/1/1 48/1/1
f 52/1/1 48/1/1 47/1/1
f 53/1/1 49/1/1 52/1/1
f 54/1/1 49/1/1 53/1/1
f 56/1/1 50/1/1 41/1/1
f 57/1/1 50/1/1 56/1/1
f 58/1/1 50/1/1 57/1/1
f 59/2/1 54/2/1 53/2/1
f 60/1/1 49/1/1 54/1/1
f 60/2/1 54/2/1 59/2/1
f 61/1/1 49/1/1 60/1/1
f 62/1/1 49/1/1 61/1/1
f 64/1/1 63/1/1 62/1/1
f 64/1/1 62/1/1 61/1/1
f 64/2/1 61/2/1 60/2/1
f 65/1/1 63/1/1 64/1/1
f 66/2/1 65/2/1 64/2/1
f 66/1/1 63/1/1 65/1/1
f 67/1/1 63/1/1 66/1/1
f 68/1/1 57/1/1 56/1/1
f 68/1/1 56/1/1 55/1/1
f 69/1/1 57/1/1 68/1/1
f 70/1/1 57/1/1 69/1/1
f 73/2/1 67/2/1 66/2/1
f 73/2/1 64/2/1 60/2/1
f 73/2/1 66/2/1 64/2/1
f 74/2/1 67/2/1 73/2/1
f 75/2/1 67/2/1 74/2/1
f 76/1/1 71/1/1 70/1/1
f 76/1/1 70/1/1 69/1/1
f 79/2/1 74/2/1 73/2/1
f 79/2/1 73/2/1 72/2/1
f 80/1/1 77/1/1 76/1/1
f 80/1/1 76/1/1 69/1/1
f 81/1/1 77/1/1 80/1/1
f 82/1/1 77/1/1 81/1/1
f 84/2/1 79/2/1 78/2/1
f 85/2/1 74/2/1 79/2/1
f 85/2/1 79/2/1 84/2/1
f 86/2/1 74/2/1 85/2/1
f 87/1/1 83/1/1 82/1/1
f 87/1/1 84/1/1 83/1/1
f 87/1/1 85/1/1 84/1/1
f 87/1/1 82/1/1 81/1/1
f 88/1/1 85/1/1 87/1/1
f 89/1/1 85/1/1 88/1/1
f 90/1/1 85/1/1 89/1/1
f 91/1/1 89/1/1 88/1/1
f 92/1/1 89/1/1 91/1/1
f 93/1/1 89/1/1 92/1/1
f 94/1/1 89/1/1 93/1/1
f 95/1/1 93/1/1 92/1/1
f 96/1/1 93/1/1 95/1/1
f 101/1/1 98/1/1 97/1/1
f 102/1/1 98/1/1 101/1/1
f 105/2/1 100/2/1 99/2/1
f 106/1/1 103/1/1 102/1/1
f 106/1/1 101/1/1 100/1/1
f 106/2/1 100/2/1 105/2/1
f 106/1/1 102/1/1 101/1/1
f 107/1/1 103/1/1 106/1/1
f 108/1/1 103/1/1 107/1/1
f 109/1/1 103/1/1 108/1/1
f 112/2/1 105/2/1 104/2/1
f 112/2/1 106/2/1 105/2/1
f 113/2/1 106/2/1 112/2/1
f 114/2/1 106/2/1 113/2/1
f 115/1/1 109/1/1 108/1/1
f 115/1/1 110/1/1 109/1/1
f 116/1/1 110/1/1 115/1/1
f 117/1/1 110/1/1 116/1/1
f 119/2/1 113/2/1 112/2/1
f 119/2/1 112/2/1 111/2/1
f 120/2/1 113/2/1 119/2/1
f 121/1/1 118/1/1 117/1/1
f 121/1/1 117/1/1 116/1/1
f 122/1/1 118/1/1 121/1/1
f 124/2/1 119/2/1 111/2/1
f 125/2/1 119/2/1 124/2/1
f 126/2/1 119/2/1 125/2/1
f 127/1/1 118/1/1 122/1/1
f 128/1/1 118/1/1 127/1/1
f 129/1/1 118/1/1 128/1/1
f 131/2/1 124/2/1 123/2/1
f 131/2/1 125/2/1 124/2/1
f 132/2/1 125/2/1 131/2/1
f 133/2/1 125/2/1 132/2/1
f 134/1/1 130/1/1 129/1/1
f 134/1/1 129/1/1 128/1/1
f 135/1/1 130/1/1 134/1/1
f 137/1/1 132/1/1 131/1/1
f 138/1/1 130/1/1 135/1/1
f 140/1/1 138/1/1 135/1/1
f 140/1/1 139/1/1 138/1/1
f 141/1/1 137/1/1 136/1/1
f 142/1/1 132/1/1 137/1/1
f 142/1/1 137/1/1 141/1/1
f 143/1/1 139/1/1 140/1/1
f 144/1/1 139/1/1 143/1/1
f 145/1/1 132/1/1 142/1/1
f 148/1/1 143/1/1 140/1/1
f 149/1/1 143/1/1 148/1/1
f 150/1/1 146/1/1 145/1/1
f 150/1/1 145/1/1 142/1/1
f 151/1/1 146/1/1 150/1/1
f 152/2/1 151/2/1 150/2/1
f 153/1/1 146/1/1 151/1/1
f 153/2/1 151/2/1 152/2/1
f 154/1/1 146/1/1 153/1/1
f 157/2/1 149/2/1 148/2/1
f 157/2/1 148/2/1 147/2/1
f 158/2/1 149/2/1 157/2/1
f 159/2/1 149/2/1 158/2/1
f 160/1/1 155/1/1 154/1/1
f 160/1/1 154/1/1 153/1/1
f 161/1/1 155/1/1 160/1/1
f 164/1/1 158/1/1 157/1/1
f 164/1/1 157/1/1 156/1/1
f 165/4/1 162/4/1 161/4/1
f 165/4/1 161/4/1 160/4/1
f 166/4/1 162/4/1 165/4/1
f 167/4/1 162/4/1 166/4/1
f 170/1/1 164/1/1 163/1/1
f 171/1/1 158/1/1 164/1/1
f 171/1/1 164/1/1 170/1/1
f 172/1/1 158/1/1 171/1/1
f 173/4/1 168/4/1 167/4/1
f 173/4/1 167/4/1 166/4/1
f 174/4/1 168/4/1 173/4/1
f 175/4/1 168/4/1 174/4/1
f 177/1/1 170/1/1 169/1/1
f 177/1/1 171/1/1 170/1/1
f 178/1/1 171/1/1 177/1/1
f 179/1/1 171/1/1 178/1/1
f 180/4/1 176/4/1 175/4/1
f 180/4/1 175/4/1 174/4/1
f 181/1/1 178/1/1 177/1/1
f 181/4/1 176/4/1 180/4/1
f 181/1/1 177/1/1 176/1/1
f 182/1/1 178/1/1 181/1/1
f 183/1/1 178/1/1 182/1/1
f 184/1/1 182/1/1 181/1/1
f 185/1/1 182/1/1 184/1/1
f 189/1/1 187/1/1 186/1/1
f 190/1/1 187/1/1 189/1/1
f 191/1/1 187/1/1 190/1/1
f 192/1/1 187/1/1 191/1/1
f 193/1/1 187/1/1 192/1/1
f 196/2/1 189/2/1 188/2/1
f 196/2/1 190/2/1 189/2/1
f 197/2/1 190/2/1 196/2/1
f 198/1/1 191/1/1 190/1/1
f 198/2/1 190/2/1 197/2/1
f 199/1/1 191/1/1 198/1/1
f 200/1/1 193/1/1 192/1/1
f 200/1/1 194/1/1 193/1/1
f 201/1/1 194/1/1 200/1/1
f 202/1/1 194/1/1 201/1/1
f 205/2/1 197/2/1 196/2/1
f 205/2/1 196/2/1 195/2/1
f 206/2/1 197/2/1 205/2/1
f 207/2/1 197/2/1 206/2/1
f 208/1/1 203/1/1 202/1/1
f 208/1/1 202/1/1 201/1/1
f 209/1/1 203/1/1 208/1/1
f 210/1/1 203/1/1 209/1/1
f 212/2/1 206/2/1 205/2/1
f 212/2/1 205/2/1 204/2/1
f 213/2/1 206/2/1 212/2/1
f 214/1/1 211/1/1 210/1/1
f 214/1/1 210/1/1 209/1/1
f 215/1/1 211/1/1 214/1/1
f 217/2/1 212/2/1 204/2/1
f 218/1/1 211/1/1 215/1/1
f 220/2/1 217/2/1 216/2/1
f 220/2/1 212/2/1 217/2/1
f 221/2/1 212/2/1 220/2/1
f 222/1/1 219/1/1 218/1/1
f 222/1/1 218/1/1 215/1/1
f 223/1/1 219/1/1 222/1/1
f 225/2/1 220/2/1 216/2/1
f 226/2/1 220/2/1 225/2/1
f 227/1/1 219/1/1 223/1/1
f 229/1/1 226/1/1 225/1/1
f 229/1/1 225/1/1 224/1/1
f 230/1/1 229/1/1 224/1/1
f 231/1/1 229/1/1 230/1/1
f 232/1/1 228/1/1 227/1/1
f 232/1/1 227/1/1 223/1/1
f 233/1/1 228/1/1 232/1/1
f 234/1/1 230/1/1 224/1/1
f 237/1/1 228/1/1 233/1/1
f 238/1/1 237/1/1 236/1/1
f 239/1/1 228/1/1 237/1/1
f 239/1/1 237/1/1 238/1/1
f 240/1/1 235/1/1 234/1/1
f 240/1/1 234/1/1 224/1/1
f 241/1/1 235/1/1 240/1/1
f 242/1/1 235/1/1 241/1/1
f 243/2/1 239/2/1 238/2/1
f 244/2/1 239/2/1 243/2/1
f 245/2/1 239/2/1 244/2/1
f 246/2/1 242/2/1 241/2/1
f 249/1/1 244/1/1 243/1/1
f 250/2/1 247/2/1 246/2/1
f 250/2/1 246/2/1 241/2/1
f 251/2/1 247/2/1 250/2/1
f 252/2/1 247/2/1 251/2/1
f 253/1/1 249/1/1 248/1/1
f 253/1/1 244/1/1 249/1/1
f 254/1/1 244/1/1 253/1/1
f 255/4/1 252/4/1 251/4/1
f 258/1/1 253/1/1 248/1/1
f 259/4/1 256/4/1 255/4/1
f 259/4/1 255/4/1 251/4/1
f 260/4/1 256/4/1 259/4/1
f 261/4/1 256/4/1 260/4/1
f 264/1/1 258/1/1 257/1/1
f 265/1/1 253/1/1 258/1/1
f 265/1/1 258/1/1 264/1/1
f 266/1/1 253/1/1 265/1/1
f 267/4/1 262/4/1 261/4/1
f 267/4/1 261/4/1 260/4/1
f 268/4/1 262/4/1 267/4/1
f 269/4/1 262/4/1 268/4/1
f 272/1/1 264/1/1 263/1/1
f 272/1/1 265/1/1 264/1/1
f 273/1/1 265/1/1 272/1/1
f 274/1/1 265/1/1 273/1/1
f 275/4/1 270/4/1 269/4/1
f 275/4/1 269/4/1 268/4/1
f 276/4/1 270/4/1 275/4/1
f 277/4/1 270/4/1 276/4/1
f 278/1/1 273/1/1 272/1/1
f 278/1/1 272/1/1 271/1/1
f 279/1/1 273/1/1 278/1/1
f 280/1/1 273/1/1 279/1/1
f 281/4/1 277/4/1 276/4/1
f 281/4/1 278/4/1 277/4/1
f 282/1/1 279/1/1 278/1/1
f 282/4/1 278/4/1 281/4/1
f 283/1/1 279/1/1 282/1/1
f 288/2/1 285/2/1 284/2/1
f 289/1/1 286/1/1 285/1/1
f 289/2/1 285/2/1 288/2/1
f 290/1/1 286/1/1 289/1/1
f 291/1/1 286/1/1 290/1/1
f 294/2/1 288/2/1 287/2/1
f 294/2/1 289/2/1 288/2/1
f 295/2/1 289/2/1 294/2/1
f 296/2/1 289/2/1 295/2/1
f 297/1/1 291/1/1 290/1/1
f 297/1/1 292/1/1 291/1/1
f 298/1/1 292/1/1 297/1/1
f 299/1/1 292/1/1 298/1/1
f 302/2/1 295/2/1 294/2/1
f 302/2/1 294/2/1 293/2/1
f 303/2/1 295/2/1 302/2/1
f 304/1/1 300/1/1 299/1/1
f 304/1/1 299/1/1 298/1/1
f 305/1/1 300/1/1 304/1/1
f 308/2/1 302/2/1 301/2/1
f 309/2/1 302/2/1 308/2/1
f 310/1/1 306/1/1 305/1/1
f 311/1/1 306/1/1 310/1/1
f 314/2/1 308/2/1 307/2/1
f 315/1/1 312/1/1 311/1/1
f 317/2/1 314/2/1 313/2/1
f 317/2/1 308/2/1 314/2/1
f 318/2/1 308/2/1 317/2/1
f 319/1/1 316/1/1 315/1/1
f 319/1/1 315/1/1 311/1/1
f 320/1/1 316/1/1 319/1/1
f 322/2/1 317/2/1 313/2/1
f 323/1/1 316/1/1 320/1/1
f 325/2/1 322/2/1 321/2/1
f 326/2/1 317/2/1 322/2/1
f 326/2/1 322/2/1 325/2/1
f 327/2/1 317/2/1 326/2/1
f 328/1/1 324/1/1 323/1/1
f 328/1/1 323/1/1 320/1/1
f 329/1/1 324/1/1 328/1/1
f 330/1/1 324/1/1 329/1/1
f 331/1/1 324/1/1 330/1/1
f 332/2/1 331/2/1 330/2/1
f 333/2/1 331/2/1 332/2/1
f 334/1/1 326/1/1 325/1/1
f 335/1/1 326/1/1 334/1/1
f 338/1/1 333/1/1 332/1/1
f 339/2/1 336/2/1 335/2/1
f 339/2/1 335/2/1 334/2/1
f 340/2/1 336/2/1 339/2/1
f 341/1/1 338/1/1 337/1/1
f 341/1/1 333/1/1 338/1/1
f 342/1/1 333/1/1 341/1/1
f 343/2/1 336/2/1 340/2/1
f 344/2/1 336/2/1 343/2/1
f 347/1/1 341/1/1 337/1/1
f 348/4/1 345/4/1 344/4/1
f 348/4/1 344/4/1 343/4/1
f 349/4/1 345/4/1 348/4/1
f 350/1/1 347/1/1 346/1/1
f 350/1/1 341/1/1 347/1/1
f 351/1/1 341/1/1 350/1/1
f 352/4/1 345/4/1 349/4/1
f 353/4/1 345/4/1 352/4/1
f 356/1/1 350/1/1 346/1/1
f 357/1/1 350/1/1 356/1/1
f 358/4/1 354/4/1 353/4/1
f 359/4/1 354/4/1 358/4/1
f 362/1/1 356/1/1 355/1/1
f 363/1/1 356/1/1 362/1/1
f 364/4/1 360/4/1 359/4/1
f 365/4/1 360/4/1 364/4/1
f 366/4/1 360/4/1 365/4/1
f 369/1/1 362/1/1 361/1/1
f 370/1/1 362/1/1 369/1/1
f 371/1/1 362/1/1 370/1/1
f 372/4/1 367/4/1 366/4/1
f 372/4/1 366/4/1 365/4/1
f 373/4/1 367/4/1 372/4/1
f 374/4/1 367/4/1 373/4/1
f 377/1/1 370/1/1 369/1/1
f 377/1/1 369/1/1 368/1/1
f 378/1/1 370/1/1 377/1/1
f 379/1/1 370/1/1 378/1/1
f 380/4/1 376/4/1 375/4/1
f 380/4/1 375/4/1 374/4/1
f 380/4/1 374/4/1 373/4/1
f 381/1/1 378/1/1 377/1/1
f 381/4/1 376/4/1 380/4/1
f 381/1/1 377/1/1 376/1/1
f 382/1/1 378/1/1 381/1/1
f 387/2/1 384/2/1 383/2/1
f 388/1/1 385/1/1 384/1/1
f 388/2/1 384/2/1 387/2/1
f 389/1/1 385/1/1 388/1/1
f 392/2/1 387/2/1 386/2/1
f 393/2/1 387/2/1 392/2/1
f 394/1/1 390/1/1 389/1/1
f 395/1/1 390/1/1 394/1/1
f 398/2/1 392/2/1 391/2/1
f 399/2/1 392/2/1 398/2/1
f 400/1/1 396/1/1 395/1/1
f 401/1/1 396/1/1 400/1/1
f 403/2/1 398/2/1 397/2/1
f 404/2/1 398/2/1 403/2/1
f 405/1/1 402/1/1 401/1/1
f 406/1/1 402/1/1 405/1/1
f 408/2/1 403/2/1 397/2/1
f 409/2/1 403/2/1 408/2/1
f 410/1/1 402/1/1 406/1/1
f 411/1/1 402/1/1 410/1/1
f 414/2/1 408/2/1 407/2/1
f 415/2/1 408/2/1 414/2/1
f 416/1/1 412/1/1 411/1/1
f 417/1/1 412/1/1 416/1/1
f 420/2/1 414/2/1 413/2/1
f 421/2/1 414/2/1 420/2/1
f 422/2/1 418/2/1 417/2/1
f 423/2/1 418/2/1 422/2/1
f 425/2/1 420/2/1 419/2/1
f 426/2/1 425/2/1 419/2/1
f 427/2/1 425/2/1 426/2/1
f 428/2/1 424/2/1 423/2/1
f 429/2/1 424/2/1 428/2/1
f 430/1/1 427/1/1 426/1/1
f 431/1/1 427/1/1 430/1/1
f 432/1/1 429/1/1 428/1/1
f 433/1/1 429/1/1 432/1/1
f 434/2/1 431/2/1 430/2/1
f 435/2/1 434/2/1 430/2/1
f 436/2/1 434/2/1 435/2/1
f 439/1/1 429/1/1 433/1/1
f 440/1/1 429/1/1 439/1/1
f 441/2/1 437/2/1 436/2/1
f 442/2/1 437/2/1 441/2/1
f 443/4/1 442/4/1 441/4/1
f 444/4/1 442/4/1 443/4/1
f 447/1/1 439/1/1 438/1/1
f 448/1/1 439/1/1 447/1/1
f 449/4/1 445/4/1 444/4/1
f 450/4/1 445/4/1 449/4/1
f 453/1/1 447/1/1 446/1/1
f 454/1/1 447/1/1 453/1/1
f 455/4/1 451/4/1 450/4/1
f 458/1/1 453/1/1 452/1/1
f 459/4/1 456/4/1 455/4/1
f 459/4/1 455/4/1 450/4/1
f 460/4/1 456/4/1 459/4/1
f 463/1/1 458/1/1 457/1/1
f 464/1/1 453/1/1 458/1/1
f 464/1/1 458/1/1 463/1/1
f 465/4/1 461/4/1 460/4/1
f 466/4/1 461/4/1 465/4/1
f 469/1/1 463/1/1 462/1/1
f 470/1/1 463/1/1 469/1/1
f 471/4/1 467/4/1 466/4/1
f 472/4/1 467/4/1 471/4/1
f 474/1/1 469/1/1 468/1/1
f 475/1/1 469/1/1 474/1/1
f 476/4/1 473/4/1 472/4/1
f 476/4/1 474/4/1 473/4/1
f 477/4/1 474/4/1 476/4/1
f 483/4/1 479/4/1 478/4/1
f 484/1/1 480/1/1 479/1/1
f 484/4/1 479/4/1 483/4/1
f 485/1/1 480/1/1 484/1/1
f 489/4/1 482/4/1 481/4/1
f 490/4/1 482/4/1 489/4/1
f 491/1/1 487/1/1 486/1/1
f 492/1/1 487/1/1 491/1/1
f 495/2/1 489/2/1 488/2/1
f 496/2/1 489/2/1 495/2/1
f 497/1/1 493/1/1 492/1/1
f 498/1/1 493/1/1 497/1/1
f 501/2/1 495/2/1 494/2/1
f 502/2/1 495/2/1 501/2/1
f 503/1/1 499/1/1 498/1/1
f 504/1/1 499/1/1 503/1/1
f 507/2/1 501/2/1 500/2/1
f 508/2/1 501/2/1 507/2/1
f 509/1/1 505/1/1 504/1/1
f 510/1/1 505/1/1 509/1/1
f 513/2/1 507/2/1 506/2/1
f 514/2/1 507/2/1 513/2/1
f 515/2/1 511/2/1 510/2/1
f 516/2/1 511/2/1 515/2/1
f 518/2/1 513/2/1 512/2/1
f 519/2/1 513/2/1 518/2/1
f 520/2/1 517/2/1 516/2/1
f 521/2/1 517/2/1 520/2/1
f 526/1/1 523/1/1 522/1/1
f 527/2/1 525/2/1 524/2/1
f 528/2/1 525/2/1 527/2/1
f 529/1/1 526/1/1 522/1/1
f 530/1/1 528/1/1 527/1/1
f 531/1/1 528/1/1 530/1/1
f 532/1/1 529/1/1 522/1/1
f 533/1/1 529/1/1 532/1/1
f 534/2/1 533/2/1 532/2/1
f 535/2/1 533/2/1 534/2/1
f 536/4/1 531/4/1 530/4/1
f 537/4/1 531/4/1 536/4/1
f 542/2/1 539/2/1 538/2/1
f 543/2/1 539/2/1 542/2/1
f 544/1/1 541/1/1 540/1/1
f 545/1/1 541/1/1 544/1/1
f 546/4/1 543/4/1 542/4/1
f 547/4/1 543/4/1 546/4/1
f 550/4/1 545/4/1 544/4/1
f 551/4/1 545/4/1 550/4/1
f 552/4/1 548/4/1 547/4/1
f 553/4/1 548/4/1 552/4/1
f 556/1/1 550/1/1 549/1/1
f 557/1/1 550/1/1 556/1/1
f 558/1/1 556/1/1 555/1/1
f 559/1/1 556/1/1 558/1/1
f 560/4/1 554/4/1 553/4/1
f 561/4/1 554/4/1 560/4/1
f 564/4/1 559/4/1 558/4/1
f 565/4/1 559/4/1 564/4/1
f 566/4/1 562/4/1 561/4/1
f 567/4/1 562/4/1 566/4/1
f 570/4/1 564/4/1 563/4/1
f 571/4/1 564/4/1 570/4/1
f 572/4/1 568/4/1 567/4/1
f 573/4/1 568/4/1 572/4/1
f 576/4/1 570/4/1 569/4/1
f 577/4/1 570/4/1 576/4/1
f 578/4/1 574/4/1 573/4/1
f 579/4/1 574/4/1 578/4/1
f 582/4/1 576/4/1 575/4/1
f 583/4/1 576/4/1 582/4/1
f 584/4/1 581/4/1 580/4/1
f 585/4/1 581/4/1 584/4/1
f 590/4/1 587/4/1 586/4/1
f 591/4/1 587/4/1 590/4/1
f 596/4/1 589/4/1 588/4/1
f 597/4/1 589/4/1 596/4/1
f 598/2/1 593/2/1 592/2/1
f 599/2/1 593/2/1 598/2/1
f 603/4/1 595/4/1 594/4/1
f 604/4/1 595/4/1 603/4/1
f 605/2/1 601/2/1 600/2/1
f 606/2/1 601/2/1 605/2/1
f 609/2/1 603/2/1 602/2/1
f 610/2/1 603/2/1 609/2/1
f 611/2/1 607/2/1 606/2/1
f 612/2/1 607/2/1 611/2/1
f 615/2/1 609/2/1 608/2/1
f 616/2/1 609/2/1 615/2/1
f 617/2/1 613/2/1 612/2/1
f 618/2/1 613/2/1 617/2/1
f 621/2/1 615/2/1 614/2/1
f 622/2/1 615/2/1 621/2/1
f 623/2/1 619/2/1 618/2/1
f 624/2/1 619/2/1 623/2/1
f 626/2/1 621/2/1 620/2/1
f 627/2/1 621/2/1 626/2/1
f 628/2/1 625/2/1 624/2/1
f 629/2/1 625/2/1 628/2/1
f 634/1/1 631/1/1 630/1/1
f 635/1/1 631/1/1 634/1/1
f 636/2/1 633/2/1 632/2/1
f 637/2/1 633/2/1 636/2/1
f 642/4/1 641/4/1 640/4/1
f 643/1/1 639/1/1 638/1/1
f 644/1/1 639/1/1 643/1/1
f 645/4/1 641/4/1 642/4/1
f 646/4/1 641/4/1 645/4/1
f 651/2/1 648/2/1 647/2/1
f 652/2/1 648/2/1 651/2/1
f 653/4/1 650/4/1 649/4/1
f 654/4/1 650/4/1 653/4/1
f 659/4/1 656/4/1 655/4/1
f 660/4/1 656/4/1 659/4/1
f 663/4/1 658/4/1 657/4/1
f 664/4/1 658/4/1 663/4/1
f 665/4/1 663/4/1 662/4/1
f 666/4/1 661/4/1 660/4/1
f 667/4/1 661/4/1 666/4/1
f 670/4/1 663/4/1 665/4/1
f 671/4/1 663/4/1 670/4/1
f 672/4/1 668/4/1 667/4/1
f 673/4/1 668/4/1 672/4/1
f 676/4/1 670/4/1 669/4/1
f 677/4/1 670/4/1 676/4/1
f 678/4/1 674/4/1 673/4/1
f 679/4/1 674/4/1 678/4/1
f 682/4/1 676/4/1 675/4/1
f 683/4/1 676/4/1 682/4/1
f 684/4/1 680/4/1 679/4/1
f 685/4/1 680/4/1 684/4/1
f 690/4/1 682/4/1 681/4/1
f 691/4/1 682/4/1 690/4/1
f 692/4/1 687/4/1 686/4/1
f 693/4/1 687/4/1 692/4/1
f 696/4/1 689/4/1 688/4/1
f 697/4/1 689/4/1 696/4/1
f 698/4/1 695/4/1 694/4/1
f 699/4/1 695/4/1 698/4/1
f 706/4/1 701/4/1 700/4/1
f 707/4/1 701/4/1 706/4/1
f 708/4/1 703/4/1 702/4/1
f 709/4/1 703/4/1 708/4/1
f 710/4/1 703/4/1 709/4/1
f 714/4/1 705/4/1 704/4/1
f 715/4/1 705/4/1 714/4/1
f 716/2/1 712/2/1 711/2/1
f 717/2/1 712/2/1 716/2/1
f 719/4/1 714/4/1 713/4/1
f 720/4/1 714/4/1 719/4/1
f 721/2/1 718/2/1 717/2/1
f 722/2/1 718/2/1 721/2/1
f 728/2/1 724/2/1 723/2/1
f 729/2/1 724/2/1 728/2/1
f 730/2/1 726/2/1 725/2/1
f 731/2/1 726/2/1 730/2/1
f 733/2/1 728/2/1 727/2/1
f 734/2/1 728/2/1 733/2/1
f 735/1/1 734/1/1 733/1/1
f 736/1/1 734/1/1 735/1/1
f 737/2/1 732/2/1 731/2/1
f 738/2/1 732/2/1 737/2/1
f 743/4/1 742/4/1 741/4/1
f 744/1/1 740/1/1 739/1/1
f 745/1/1 740/1/1 744/1/1
f 746/4/1 742/4/1 743/4/1
f 747/4/1 742/4/1 746/4/1
f 752/1/1 749/1/1 748/1/1
f 753/1/1 752/1/1 748/1/1
f 754/1/1 752/1/1 753/1/1
f 755/4/1 751/4/1 750/4/1
f 756/4/1 751/4/1 755/4/1
f 761/4/1 758/4/1 757/4/1
f 762/4/1 758/4/1 761/4/1
f 765/4/1 760/4/1 759/4/1
f 766/4/1 760/4/1 765/4/1
f 767/4/1 763/4/1 762/4/1
f 768/4/1 763/4/1 767/4/1
f 769/4/1 765/4/1 764/4/1
f 770/4/1 765/4/1 769/4/1
f 775/4/1 772/4/1 771/4/1
f 776/4/1 772/4/1 775/4/1
f 779/4/1 774/4/1 773/4/1
f 780/4/1 774/4/1 779/4/1
f 781/4/1 777/4/1 776/4/1
f 782/4/1 777/4/1 781/4/1
f 787/4/1 779/4/1 778/4/1
f 788/4/1 779/4/1 787/4/1
f 789/4/1 784/4/1 783/4/1
f 790/4/1 784/4/1 789/4/1
f 791/4/1 786/4/1 785/4/1
f 792/4/1 786/4/1 791/4/1
f 797/4/1 794/4/1 793/4/1
f 798/4/1 794/4/1 797/4/1
f 803/4/1 796/4/1 795/4/1
f 804/4/1 796/4/1 803/4/1
f 805/2/1 800/2/1 799/2/1
f 806/2/1 800/2/1 805/2/1
f 810/4/1 802/4/1 801/4/1
f 811/4/1 802/4/1 810/4/1
f 812/2/1 808/2/1 807/2/1
f 813/2/1 808/2/1 812/2/1
f 816/4/1 810/4/1 809/4/1
f 817/4/1 810/4/1 816/4/1
f 818/2/1 814/2/1 813/2/1
f 819/2/1 814/2/1 818/2/1
f 822/4/1 816/4/1 815/4/1
f 823/4/1 816/4/1 822/4/1
f 824/2/1 820/2/1 819/2/1
f 825/2/1 820/2/1 824/2/1
f 828/2/1 822/2/1 821/2/1
f 829/2/1 822/2/1 828/2/1
f 830/2/1 826/2/1 825/2/1
f 831/2/1 826/2/1 830/2/1
f 834/2/1 828/2/1 827/2/1
f 835/2/1 828/2/1 834/2/1
f 836/2/1 832/2/1 831/2/1
f 837/2/1 832/2/1 836/2/1
f 839/2/1 834/2/1 833/2/1
f 840/2/1 834/2/1 839/2/1
f 841/2/1 838/2/1 837/2/1
f 842/2/1 838/2/1 841/2/1
f 847/2/1 846/2/1 845/2/1
f 848/2/1 846/2/1 847/2/1
f 849/1/1 844/1/1 843/1/1
f 850/1/1 844/1/1 849/1/1
f 851/4/1 848/4/1 847/4/1
f 852/4/1 848/4/1 851/4/1
f 857/1/1 854/1/1 853/1/1
f 858/1/1 854/1/1 857/1/1
f 859/4/1 856/4/1 855/4/1
f 860/4/1 856/4/1 859/4/1
f 865/1/1 862/1/1 861/1/1
f 866/1/1 862/1/1 865/1/1
f 867/4/1 866/4/1 865/4/1
f 868/4/1 866/4/1 867/4/1
f 869/4/1 864/4/1 863/4/1
f 870/4/1 864/4/1 869/4/1
f 875/4/1 872/4/1 871/4/1
f 876/4/1 872/4/1 875/4/1
f 879/4/1 874/4/1 873/4/1
f 880/4/1 874/4/1 879/4/1
f 881/4/1 877/4/1 876/4/1
f 882/4/1 877/4/1 881/4/1
f 885/4/1 879/4/1 878/4/1
f 886/4/1 879/4/1 885/4/1
f 887/4/1 883/4/1 882/4/1
f 888/4/1 883/4/1 887/4/1
f 891/4/1 885/4/1 884/4/1
f 892/4/1 885/4/1 891/4/1
f 893/4/1 889/4/1 888/4/1
f 894/4/1 889/4/1 893/4/1
f 897/4/1 891/4/1 890/4/1
f 898/4/1 891/4/1 897/4/1
f 899/4/1 895/4/1 894/4/1
f 900/4/1 895/4/1 899/4/1
f 903/4/1 897/4/1 896/4/1
f 904/4/1 897/4/1 903/4/1
f 905/4/1 901/4/1 900/4/1
f 906/4/1 901/4/1 905/4/1
f 912/4/1 903/4/1 902/4/1
f 913/4/1 903/4/1 912/4/1
f 914/2/1 908/2/1 907/2/1
f 914/2/1 909/2/1 908/2/1
f 915/2/1 909/2/1 914/2/1
f 918/4/1 911/4/1 910/4/1
f 919/4/1 911/4/1 918/4/1
f 920/4/1 917/4/1 916/4/1
f 921/4/1 917/4/1 920/4/1
f 928/4/1 923/4/1 922/4/1
f 929/4/1 923/4/1 928/4/1
f 930/4/1 925/4/1 924/4/1
f 931/4/1 925/4/1 930/4/1
f 934/4/1 927/4/1 926/4/1
f 935/4/1 927/4/1 934/4/1
f 936/2/1 933/2/1 932/2/1
f 937/2/1 933/2/1 936/2/1
f 943/4/1 939/4/1 938/4/1
f 944/4/1 939/4/1 943/4/1
f 945/1/1 941/1/1 940/1/1
f 946/1/1 941/1/1 945/1/1
f 949/4/1 943/4/1 942/4/1
f 950/4/1 943/4/1 949/4/1
f 951/2/1 947/2/1 946/2/1
f 952/2/1 947/2/1 951/2/1
f 954/2/1 949/2/1 948/2/1
f 955/2/1 949/2/1 954/2/1
f 956/2/1 953/2/1 952/2/1
f 957/2/1 953/2/1 956/2/1
f 962/2/1 959/2/1 958/2/1
f 963/2/1 959/2/1 962/2/1
f 964/2/1 961/2/1 960/2/1
f 965/2/1 961/2/1 964/2/1
f 970/1/1 967/1/1 966/1/1
f 971/1/1 967/1/1 970/1/1
f 972/4/1 969/4/1 968/4/1
f 973/4/1 969/4/1 972/4/1
f 978/1/1 975/1/1 974/1/1
f 979/1/1 975/1/1 978/1/1
f 980/4/1 977/4/1 976/4/1
f 981/4/1 977/4/1 980/4/1
f 986/4/1 983/4/1 982/4/1
f 987/4/1 983/4/1 986/4/1
f 988/4/1 985/4/1 984/4/1
f 989/4/1 985/4/1 988/4/1
f 994/4/1 991/4/1 990/4/1
f 995/4/1 991/4/1 994/4/1
f 998/4/1 993/4/1 992/4/1
f 999/4/1 993/4/1 998/4/1
f 1000/4/1 996/4/1 995/4/1
f 1001/4/1 996/4/1 1000/4/1
f 1004/4/1 998/4/1 997/4/1
f 1005/4/1 998/4/1 1004/4/1
f 1006/4/1 1002/4/1 1001/4/1
f 1007/4/1 1002/4/1 1006/4/1
f 1008/4/1 1004/4/1 1003/4/1
f 1009/4/1 1004/4/1 1008/4/1
f 1014/2/1 1011/2/1 1010/2/1
f 1015/2/1 1011/2/1 1014/2/1
f 1021/4/1 1013/4/1 1012/4/1
f 1022/4/1 1013/4/1 1021/4/1
f 1023/2/1 1017/2/1 1016/2/1
f 1023/2/1 1018/2/1 1017/2/1
f 1024/2/1 1018/2/1 1023/2/1
f 1025/4/1 1020/4/1 1019/4/1
f 1026/4/1 1020/4/1 1025/4/1
f 1031/4/1 1028/4/1 1027/4/1
f 1032/4/1 1028/4/1 1031/4/1
f 1033/2/1 1030/2/1 1029/2/1
f 1034/2/1 1030/2/1 1033/2/1
f 1039/4/1 1036/4/1 1035/4/1
f 1040/4/1 1036/4/1 1039/4/1
f 1041/1/1 1038/1/1 1037/1/1
f 1042/1/1 1038/1/1 1041/1/1
f 1047/2/1 1044/2/1 1043/2/1
f 1048/2/1 1044/2/1 1047/2/1
f 1049/2/1 1046/2/1 1045/2/1
f 1050/2/1 1046/2/1 1049/2/1
f 1055/1/1 1052/1/1 1051/1/1
f 1056/1/1 1052/1/1 1055/1/1
f 1057/1/1 1054/1/1 1053/1/1
f 1058/1/1 1054/1/1 1057/1/1
f 1063/1/1 1060/1/1 1059/1/1
f 1064/1/1 1060/1/1 1063/1/1
f 1065/4/1 1062/4/1 1061/4/1
f 1066/4/1 1062/4/1 1065/4/1
f 1071/4/1 1068/4/1 1067/4/1
f 1072/4/1 1068/4/1 1071/4/1
f 1073/4/1 1070/4/1 1069/4/1
f 1074/4/1 1070/4/1 1073/4/1
f 1079/4/1 1076/4/1 1075/4/1
f 1080/4/1 1076/4/1 1079/4/1
f 1081/4/1 1078/4/1 1077/4/1
f 1082/4/1 1078/4/1 1081/4/1
f 1087/2/1 1084/2/1 1083/2/1
f 1088/2/1 1084/2/1 1087/2/1
f 1089/2/1 1086/2/1 1085/2/1
f 1090/2/1 1086/2/1 1089/2/1
f 1096/2/1 1092/2/1 1091/2/1
f 1097/4/1 1093/4/1 1092/4/1
f 1097/2/1 1092/2/1 1096/2/1
f 1098/4/1 1093/4/1 1097/4/1
f 1103/4/1 1095/4/1 1094/4/1
f 1104/4/1 1095/4/1 1103/4/1
f 1105/4/1 1100/4/1 1099/4/1
f 1106/4/1 1100/4/1 1105/4/1
f 1109/4/1 1102/4/1 1101/4/1
f 1110/4/1 1102/4/1 1109/4/1
f 1111/1/1 1108/1/1 1107/1/1
f 1112/1/1 1108/1/1 1111/1/1
f 1118/4/1 1114/4/1 1113/4/1
f 1119/4/1 1114/4/1 1118/4/1
f 1120/1/1 1116/1/1 1115/1/1
f 1121/1/1 1116/1/1 1120/1/1
f 1123/4/1 1118/4/1 1117/4/1
f 1124/4/1 1118/4/1 1123/4/1
f 1125/1/1 1122/1/1 1121/1/1
f 1126/1/1 1122/1/1 1125/1/1
f 1131/2/1 1128/2/1 1127/2/1
f 1132/2/1 1128/2/1 1131/2/1
f 1133/1/1 1130/1/1 1129/1/1
f 1134/1/1 1130/1/1 1133/1/1
f 1139/1/1 1136/1/1 1135/1/1
f 1140/1/1 1136/1/1 1139/1/1
f 1141/1/1 1138/1/1 1137/1/1
f 1142/1/1 1138/1/1 1141/1/1
f 1147/1/1 1144/1/1 1143/1/1
f 1148/1/1 1144/1/1 1147/1/1
f 1149/2/1 1146/2/1 1145/2/1
f 1150/2/1 1146/2/1 1149/2/1
f 1155/4/1 1152/4/1 1151/4/1
f 1156/4/1 1152/4/1 1155/4/1
f 1157/1/1 1154/1/1 1153/1/1
f 1158/1/1 1154/1/1 1157/1/1
f 1163/4/1 1160/4/1 1159/4/1
f 1164/4/1 1160/4/1 1163/4/1
f 1165/1/1 1162/1/1 1161/1/1
f 1166/1/1 1162/1/1 1165/1/1
f 1171/1/1 1168/1/1 1167/1/1
f 1172/1/1 1168/1/1 1171/1/1
f 1175/1/1 1170/1/1 1169/1/1
f 1176/1/1 1170/1/1 1175/1/1
f 1177/1/1 1173/1/1 1172/1/1
f 1178/1/1 1173/1/1 1177/1/1
f 1179/1/1 1175/1/1 1174/1/1
f 1180/1/1 1175/1/1 1179/1/1
f 1185/1/1 1182/1/1 1181/1/1
f 1186/1/1 1182/1/1 1185/1/1
f 1191/2/1 1184/2/1 1183/2/1
f 1192/2/1 1184/2/1 1191/2/1
f 1193/1/1 1188/1/1 1187/1/1
f 1194/1/1 1188/1/1 1193/1/1
f 1197/2/1 1190/2/1 1189/2/1
f 1198/2/1 1190/2/1 1197/2/1
f 1199/1/1 1196/1/1 1195/1/1
f 1200/1/1 1196/1/1 1199/1/1
f 1205/4/1 1202/4/1 1201/4/1
f 1206/4/1 1202/4/1 1205/4/1
f 1207/4/1 1204/4/1 1203/4/1
f 1208/4/1 1204/4/1 1207/4/1
f 1213/4/1 1210/4/1 1209/4/1
f 1214/4/1 1210/4/1 1213/4/1
f 1215/1/1 1212/1/1 1211/1/1
f 1216/1/1 1212/1/1 1215/1/1
f 1221/2/1 1218/2/1 1217/2/1
f 1222/2/1 1218/2/1 1221/2/1
f 1223/1/1 1220/1/1 1219/1/1
f 1224/1/1 1220/1/1 1223/1/1
f 1229/1/1 1226/1/1 1225/1/1
f 1230/1/1 1226/1/1 1229/1/1
f 1231/1/1 1228/1/1 1227/1/1
f 1232/1/1 1228/1/1 1231/1/1
f 1237/1/1 1234/1/1 1233/1/1
f 1238/1/1 1234/1/1 1237/1/1
f 1239/1/1 1236/1/1 1235/1/1
f 1240/1/1 1236/1/1 1239/1/1
f 1245/4/1 1242/4/1 1241/4/1
f 1246/4/1 1242/4/1 1245/4/1
f 1247/1/1 1244/1/1 1243/1/1
f 1248/1/1 1244/1/1 1247/1/1
f 1253/1/1 1250/1/1 1249/1/1
f 1254/1/1 1250/1/1 1253/1/1
f 1255/1/1 1252/1/1 1251/1/1
f 1256/1/1 1252/1/1 1255/1/1
f 1261/1/1 1258/1/1 1257/1/1
f 1262/1/1 1258/1/1 1261/1/1
f 1263/1/1 1260/1/1 1259/1/1
f 1264/1/1 1260/1/1 1263/1/1
f 1271/4/1 1266/4/1 1265/4/1
f 1272/4/1 1266/4/1 1271/4/1
f 1273/4/1 1268/4/1 1267/4/1
f 1274/4/1 1268/4/1 1273/4/1
f 1277/1/1 1270/1/1 1269/1/1
f 1278/1/1 1270/1/1 1277/1/1
f 1279/4/1 1276/4/1 1275/4/1
f 1280/4/1 1276/4/1 1279/4/1
f 1285/2/1 1282/2/1 1281/2/1
f 1286/2/1 1282/2/1 1285/2/1
f 1287/1/1 1284/1/1 1283/1/1
f 1288/1/1 1284/1/1 1287/1/1
f 1293/1/1 1290/1/1 1289/1/1
f 1294/1/1 1290/1/1 1293/1/1
f 1295/1/1 1292/1/1 1291/1/1
f 1296/1/1 1292/1/1 1295/1/1
f 1301/1/1 1298/1/1 1297/1/1
f 1302/1/1 1298/1/1 1301/1/1
f 1303/1/1 1300/1/1 1299/1/1
f 1304/1/1 1300/1/1 1303/1/1
f 1309/4/1 1306/4/1 1305/4/1
f 1310/4/1 1306/4/1 1309/4/1
f 1311/1/1 1308/1/1 1307/1/1
f 1312/1/1 1308/1/1 1311/1/1
f 1317/1/1 1314/1/1 1313/1/1
f 1318/1/1 1314/1/1 1317/1/1
f 1323/2/1 1316/2/1 1315/2/1
f 1324/2/1 1316/2/1 1323/2/1
f 1325/1/1 1320/1/1 1319/1/1
f 1326/1/1 1320/1/1 1325/1/1
f 1327/1/1 1322/1/1 1321/1/1
f 1328/1/1 1322/1/1 1327/1/1
f 1333/4/1 1330/4/1 1329/4/1
f 1334/4/1 1330/4/1 1333/4/1
f 1335/4/1 1332/4/1 1331/4/1
f 1336/4/1 1332/4/1 1335/4/1
f 1341/2/1 1338/2/1 1337/2/1
f 1342/2/1 1338/2/1 1341/2/1
f 1343/1/1 1340/1/1 1339/1/1
f 1344/1/1 1340/1/1 1343/1/1
f 1349/4/1 1346/4/1 1345/4/1
f 1350/4/1 1346/4/1 1349/4/1
f 1351/1/1 1348/1/1 1347/1/1
f 1352/1/1 1348/1/1 1351/1/1
f 1357/1/1 1354/1/1 1353/1/1
f 1358/1/1 1354/1/1 1357/1/1
f 1359/2/1 1356/2/1 1355/2/1
f 1360/2/1 1356/2/1 1359/2/1
f 1361/4/2 1362/4/2 1365/4/2
f 1365/4/2 1362/4/2 1366/4/2
f 1363/4/2 1364/4/2 1367/4/2
f 1367/4/2 1364/4/2 1368/4/2
f 1369/2/2 1370/2/2 1373/2/2
f 1373/2/2 1370/2/2 1374/2/2
f 1371/1/2 1372/1/2 1375/1/2
f 1375/1/2 1372/1/2 1376/1/2
f 1377/4/2 1378/4/2 1381/4/2
f 1381/4/2 1378/4/2 1382/4/2
f 1379/1/2 1380/1/2 1383/1/2
f 1383/1/2 1380/1/2 1384/1/2
f 1385/1/2 1386/1/2 1389/1/2
f 1389/1/2 1386/1/2 1390/1/2
f 1387/2/2 1388/2/2 1391/2/2
f 1391/2/2 1388/2/2 1392/2/2
f 1393/4/2 1394/4/2 1399/4/2
f 1399/4/2 1394/4/2 1400/4/2
f 1395/4/2 1396/4/2 1401/4/2
f 1401/4/2 1396/4/2 1402/4/2
f 1397/1/2 1398/1/2 1405/1/2
f 1405/1/2 1398/1/2 1406/1/2
f 1403/4/2 1404/4/2 1407/4/2
f 1407/4/2 1404/4/2 1408/4/2
f 1409/4/2 1410/4/2 1413/4/2
f 1413/4/2 1410/4/2 1414/4/2
f 1411/1/2 1412/1/2 1415/1/2
f 1415/1/2 1412/1/2 1416/1/2
f 1417/4/2 1418/4/2 1421/4/2
f 1421/4/2 1418/4/2 1422/4/2
f 1419/1/2 1420/1/2 1423/1/2
f 1423/1/2 1420/1/2 1424/1/2
f 1425/1/2 1426/1/2 1429/1/2
f 1429/1/2 1426/1/2 1430/1/2
f 1427/1/2 1428/1/2 1431/1/2
f 1431/1/2 1428/1/2 1432/1/2
f 1433/4/2 1434/4/2 1437/4/2
f 1437/4/2 1434/4/2 1438/4/2
f 1435/1/2 1436/1/2 1439/1/2
f 1439/1/2 1436/1/2 1440/1/2
f 1441/1/2 1442/1/2 1445/1/2
f 1445/1/2 1442/1/2 1446/1/2
f 1443/2/2 1444/2/2 1451/2/2
f 1451/2/2 1444/2/2 1452/2/2
f 1447/1/2 1448/1/2 1453/1/2
f 1453/1/2 1448/1/2 1454/1/2
f 1449/1/2 1450/1/2 1455/1/2
f 1455/1/2 1450/1/2 1456/1/2
f 1457/4/2 1458/4/2 1461/4/2
f 1461/4/2 1458/4/2 1462/4/2
f 1459/4/2 1460/4/2 1463/4/2
f 1463/4/2 1460/4/2 1464/4/2
f 1465/4/2 1466/4/2 1469/4/2
f 1469/4/2 1466/4/2 1470/4/2
f 1467/1/2 1468/1/2 1471/1/2
f 1471/1/2 1468/1/2 1472/1/2
f 1473/4/2 1474/4/2 1477/4/2
f 1477/4/2 1474/4/2 1478/4/2
f 1475/1/2 1476/1/2 1479/1/2
f 1479/1/2 1476/1/2 1480/1/2
f 1481/4/2 1482/4/2 1485/4/2
f 1485/4/2 1482/4/2 1486/4/2
f 1483/1/2 1484/1/2 1487/1/2
f 1487/1/2 1484/1/2 1488/1/2
f 1489/1/2 1490/1/2 1493/1/2
f 1493/1/2 1490/1/2 1494/1/2
f 1491/1/2 1492/1/2 1495/1/2
f 1495/1/2 1492/1/2 1496/1/2
f 1497/1/2 1498/1/2 1501/1/2
f 1501/1/2 1498/1/2 1502/1/2
f 1499/1/2 1500/1/2 1503/1/2
f 1503/1/2 1500/1/2 1504/1/2
f 1505/2/2 1506/2/2 1509/2/2
f 1509/2/2 1506/2/2 1510/2/2
f 1507/2/2 1508/2/2 1511/2/2
f 1511/2/2 1508/2/2 1512/2/2
f 1513/2/2 1514/2/2 1517/2/2
f 1517/2/2 1514/2/2 1518/2/2
f 1515/1/2 1516/1/2 1519/1/2
f 1519/1/2 1516/1/2 1520/1/2
f 1521/2/2 1522/2/2 1525/2/2
f 1525/2/2 1522/2/2 1526/2/2
f 1523/2/2 1524/2/2 1531/2/2
f 1531/2/2 1524/2/2 1532/2/2
f 1527/2/2 1528/2/2 1533/2/2
f 1533/2/2 1528/2/2 1534/2/2
f 1529/1/2 1530/1/2 1537/1/2
f 1537/1/2 1530/1/2 1538/1/2
f 1535/2/2 1536/2/2 1539/2/2
f 1539/2/2 1536/2/2 1540/2/2
f 1541/4/2 1542/4/2 1546/4/2
f 1546/4/2 1542/4/2 1547/4/2
f 1543/1/2 1544/1/2 1548/1/2
f 1548/1/2 1544/1/2 1549/1/2
f 1545/4/2 1546/4/2 1551/4/2
f 1551/4/2 1546/4/2 1552/4/2
f 1549/1/2 1550/1/2 1553/1/2
f 1553/1/2 1550/1/2 1554/1/2
f 1555/4/2 1556/4/2 1559/4/2
f 1559/4/2 1556/4/2 1560/4/2
f 1557/1/2 1558/1/2 1561/1/2
f 1561/1/2 1558/1/2 1562/1/2
f 1563/4/2 1564/4/2 1567/4/2
f 1567/4/2 1564/4/2 1568/4/2
f 1565/2/2 1566/2/2 1569/2/2
f 1569/2/2 1566/2/2 1570/2/2
f 1573/1/2 1574/1/2 1575/1/2
f 1571/4/2 1572/4/2 1576/4/2
f 1576/4/2 1572/4/2 1577/4/2
f 1575/1/2 1574/1/2 1578/1/2
f 1578/1/2 1574/1/2 1579/1/2
f 1580/4/2 1581/4/2 1584/4/2
f 1584/4/2 1581/4/2 1585/4/2
f 1582/2/2 1583/2/2 1586/2/2
f 1586/2/2 1583/2/2 1587/2/2
f 1588/4/2 1589/4/2 1592/4/2
f 1592/4/2 1589/4/2 1593/4/2
f 1590/1/2 1591/1/2 1594/1/2
f 1594/1/2 1591/1/2 1595/1/2
f 1596/1/2 1597/1/2 1600/1/2
f 1600/1/2 1597/1/2 1601/1/2
f 1598/2/2 1599/2/2 1604/2/2
f 1604/2/2 1599/2/2 1605/2/2
f 1601/1/2 1602/1/2 1606/1/2
f 1606/1/2 1602/1/2 1607/1/2
f 1603/2/2 1604/2/2 1608/2/2
f 1608/2/2 1604/2/2 1609/2/2
f 1610/2/2 1611/2/2 1614/2/2
f 1614/2/2 1611/2/2 1615/2/2
f 1612/2/2 1613/2/2 1620/2/2
f 1620/2/2 1613/2/2 1621/2/2
f 1616/2/2 1617/2/2 1622/2/2
f 1622/2/2 1617/2/2 1623/2/2
f 1618/2/2 1619/2/2 1628/2/2
f 1628/2/2 1619/2/2 1629/2/2
f 1624/2/2 1625/2/2 1630/2/2
f 1626/1/2 1627/1/2 1631/1/2
f 1630/2/2 1625/2/2 1631/2/2
f 1625/1/2 1626/1/2 1631/1/2
f 1631/1/2 1627/1/2 1632/1/2
f 1633/2/2 1634/2/2 1637/2/2
f 1637/2/2 1634/2/2 1638/2/2
f 1635/2/2 1636/2/2 1639/2/2
f 1639/2/2 1636/2/2 1640/2/2
f 1641/1/2 1642/1/2 1645/1/2
f 1645/1/2 1642/1/2 1646/1/2
f 1643/1/2 1644/1/2 1647/1/2
f 1647/1/2 1644/1/2 1648/1/2
f 1649/4/2 1650/4/2 1653/4/2
f 1653/4/2 1650/4/2 1654/4/2
f 1651/1/2 1652/1/2 1655/1/2
f 1655/1/2 1652/1/2 1656/1/2
f 1657/4/2 1658/4/2 1661/4/2
f 1661/4/2 1658/4/2 1662/4/2
f 1659/2/2 1660/2/2 1663/2/2
f 1663/2/2 1660/2/2 1664/2/2
f 1665/4/2 1666/4/2 1669/4/2
f 1669/4/2 1666/4/2 1670/4/2
f 1667/1/2 1668/1/2 1671/1/2
f 1671/1/2 1668/1/2 1672/1/2
f 1673/4/2 1674/4/2 1677/4/2
f 1677/4/2 1674/4/2 1678/4/2
f 1675/2/2 1676/2/2 1679/2/2
f 1679/2/2 1676/2/2 1680/2/2
f 1681/2/2 1682/2/2 1685/2/2
f 1685/2/2 1682/2/2 1686/2/2
f 1683/1/2 1684/1/2 1687/1/2
f 1687/1/2 1684/1/2 1688/1/2
f 1689/2/2 1690/2/2 1693/2/2
f 1693/2/2 1690/2/2 1694/2/2
f 1691/2/2 1692/2/2 1695/2/2
f 1695/2/2 1692/2/2 1696/2/2
f 1697/2/2 1698/2/2 1703/2/2
f 1703/2/2 1698/2/2 1704/2/2
f 1699/2/2 1700/2/2 1705/2/2
f 1705/2/2 1700/2/2 1706/2/2
f 1701/1/2 1702/1/2 1709/1/2
f 1709/1/2 1702/1/2 1710/1/2
f 1707/2/2 1708/2/2 1711/2/2
f 1711/2/2 1708/2/2 1712/2/2
f 1713/4/2 1714/4/2 1718/4/2
f 1718/4/2 1714/4/2 1719/4/2
f 1715/1/2 1716/1/2 1720/1/2
f 1720/1/2 1716/1/2 1721/1/2
f 1717/4/2 1718/4/2 1724/4/2
f 1724/4/2 1718/4/2 1725/4/2
f 1721/1/2 1722/1/2 1726/1/2
f 1726/1/2 1722/1/2 1727/1/2
f 1723/4/2 1724/4/2 1729/4/2
f 1729/4/2 1724/4/2 1730/4/2
f 1727/1/2 1728/1/2 1731/1/2
f 1731/1/2 1728/1/2 1732/1/2
f 1733/4/2 1734/4/2 1737/4/2
f 1737/4/2 1734/4/2 1738/4/2
f 1735/4/2 1736/4/2 1739/4/2
f 1739/4/2 1736/4/2 1740/4/2
f 1741/4/2 1742/4/2 1745/4/2
f 1745/4/2 1742/4/2 1746/4/2
f 1743/2/2 1744/2/2 1747/2/2
f 1747/2/2 1744/2/2 1748/2/2
f 1749/4/2 1750/4/2 1753/4/2
f 1753/4/2 1750/4/2 1754/4/2
f 1751/1/2 1752/1/2 1755/1/2
f 1755/1/2 1752/1/2 1756/1/2
f 1757/4/2 1758/4/2 1761/4/2
f 1761/4/2 1758/4/2 1762/4/2
f 1759/1/2 1760/1/2 1763/1/2
f 1763/1/2 1760/1/2 1764/1/2
f 1765/1/2 1766/1/2 1769/1/2
f 1769/1/2 1766/1/2 1770/1/2
f 1767/1/2 1768/1/2 1773/1/2
f 1773/1/2 1768/1/2 1774/1/2
f 1770/2/2 1771/2/2 1775/2/2
f 1775/2/2 1771/2/2 1776/2/2
f 1772/1/2 1773/1/2 1779/1/2
f 1779/1/2 1773/1/2 1780/1/2
f 1776/2/2 1777/2/2 1781/2/2
f 1781/2/2 1777/2/2 1782/2/2
f 1778/1/2 1779/1/2 1783/1/2
f 1783/1/2 1779/1/2 1784/1/2
f 1785/2/2 1786/2/2 1789/2/2
f 1789/2/2 1786/2/2 1790/2/2
f 1787/1/2 1788/1/2 1797/1/2
f 1797/1/2 1788/1/2 1798/1/2
f 1791/2/2 1792/2/2 1799/2/2
f 1792/1/2 1793/1/2 1800/1/2
f 1799/2/2 1792/2/2 1800/2/2
f 1800/1/2 1793/1/2 1801/1/2
f 1794/1/2 1795/1/2 1802/1/2
f 1795/2/2 1796/2/2 1803/2/2
f 1802/1/2 1795/1/2 1803/1/2
f 1803/2/2 1796/2/2 1804/2/2
f 1805/2/2 1806/2/2 1810/2/2
f 1810/2/2 1806/2/2 1811/2/2
f 1807/1/2 1808/1/2 1816/1/2
f 1808/2/2 1809/2/2 1817/2/2
f 1816/1/2 1808/1/2 1817/1/2
f 1817/2/2 1809/2/2 1818/2/2
f 1812/2/2 1813/2/2 1819/2/2
f 1819/2/2 1813/2/2 1820/2/2
f 1814/4/2 1815/4/2 1824/4/2
f 1824/4/2 1815/4/2 1825/4/2
f 1821/1/2 1822/1/2 1826/1/2
f 1826/1/2 1822/1/2 1827/1/2
f 1823/4/2 1824/4/2 1830/4/2
f 1830/4/2 1824/4/2 1831/4/2
f 1827/1/2 1828/1/2 1832/1/2
f 1832/1/2 1828/1/2 1833/1/2
f 1829/4/2 1830/4/2 1836/4/2
f 1836/4/2 1830/4/2 1837/4/2
f 1833/1/2 1834/1/2 1838/1/2
f 1838/1/2 1834/1/2 1839/1/2
f 1835/4/2 1836/4/2 1842/4/2
f 1842/4/2 1836/4/2 1843/4/2
f 1839/1/2 1840/1/2 1844/1/2
f 1844/1/2 1840/1/2 1845/1/2
f 1841/4/2 1842/4/2 1848/4/2
f 1848/4/2 1842/4/2 1849/4/2
f 1845/1/2 1846/1/2 1850/1/2
f 1850/1/2 1846/1/2 1851/1/2
f 1847/4/2 1848/4/2 1853/4/2
f 1853/4/2 1848/4/2 1854/4/2
f 1851/2/2 1852/2/2 1855/2/2
f 1855/2/2 1852/2/2 1856/2/2
f 1857/4/2 1858/4/2 1861/4/2
f 1861/4/2 1858/4/2 1862/4/2
f 1859/2/2 1860/2/2 1863/2/2
f 1863/2/2 1860/2/2 1864/2/2
f 1867/2/2 1868/2/2 1869/2/2
f 1869/2/2 1868/2/2 1870/2/2
f 1865/4/2 1866/4/2 1871/4/2
f 1871/4/2 1866/4/2 1872/4/2
f 1869/1/2 1870/1/2 1873/1/2
f 1873/1/2 1870/1/2 1874/1/2
f 1875/4/2 1876/4/2 1879/4/2
f 1879/4/2 1876/4/2 1880/4/2
f 1877/1/2 1878/1/2 1881/1/2
f 1881/1/2 1878/1/2 1882/1/2
f 1883/4/2 1884/4/2 1887/4/2
f 1887/4/2 1884/4/2 1888/4/2
f 1885/1/2 1886/1/2 1891/1/2
f 1891/1/2 1886/1/2 1892/1/2
f 1888/4/2 1889/4/2 1893/4/2
f 1893/4/2 1889/4/2 1894/4/2
f 1890/1/2 1891/1/2 1897/1/2
f 1897/1/2 1891/1/2 1898/1/2
f 1894/2/2 1895/2/2 1899/2/2
f 1899/2/2 1895/2/2 1900/2/2
f 1896/1/2 1897/1/2 1903/1/2
f 1903/1/2 1897/1/2 1904/1/2
f 1900/2/2 1901/2/2 1905/2/2
f 1905/2/2 1901/2/2 1906/2/2
f 1902/1/2 1903/1/2 1909/1/2
f 1909/1/2 1903/1/2 1910/1/2
f 1906/2/2 1907/2/2 1911/2/2
f 1911/2/2 1907/2/2 1912/2/2
f 1908/1/2 1909/1/2 1915/1/2
f 1915/1/2 1909/1/2 1916/1/2
f 1912/2/2 1913/2/2 1917/2/2
f 1917/2/2 1913/2/2 1918/2/2
f 1914/1/2 1915/1/2 1923/1/2
f 1923/1/2 1915/1/2 1924/1/2
f 1919/2/2 1920/2/2 1925/2/2
f 1925/2/2 1920/2/2 1926/2/2
f 1921/1/2 1922/1/2 1929/1/2
f 1929/1/2 1922/1/2 1930/1/2
f 1927/1/2 1928/1/2 1931/1/2
f 1931/1/2 1928/1/2 1932/1/2
f 1933/2/2 1934/2/2 1940/2/2
f 1940/2/2 1934/2/2 1941/2/2
f 1935/2/2 1936/2/2 1942/2/2
f 1942/2/2 1936/2/2 1943/2/2
f 1937/4/2 1938/4/2 1948/4/2
f 1938/2/2 1939/2/2 1949/2/2
f 1948/4/2 1938/4/2 1949/4/2
f 1949/2/2 1939/2/2 1950/2/2
f 1944/2/2 1945/2/2 1951/2/2
f 1945/1/2 1946/1/2 1952/1/2
f 1951/2/2 1945/2/2 1952/2/2
f 1952/1/2 1946/1/2 1953/1/2
f 1947/4/2 1948/4/2 1955/4/2
f 1955/4/2 1948/4/2 1956/4/2
f 1953/1/2 1954/1/2 1957/1/2
f 1957/1/2 1954/1/2 1958/1/2
f 1959/4/2 1960/4/2 1964/4/2
f 1964/4/2 1960/4/2 1965/4/2
f 1961/1/2 1962/1/2 1966/1/2
f 1966/1/2 1962/1/2 1967/1/2
f 1963/4/2 1964/4/2 1969/4/2
f 1969/4/2 1964/4/2 1970/4/2
f 1967/2/2 1968/2/2 1971/2/2
f 1971/2/2 1968/2/2 1972/2/2
f 1973/4/2 1974/4/2 1977/4/2
f 1977/4/2 1974/4/2 1978/4/2
f 1975/2/2 1976/2/2 1979/2/2
f 1979/2/2 1976/2/2 1980/2/2
f 1981/4/2 1982/4/2 1985/4/2
f 1985/4/2 1982/4/2 1986/4/2
f 1983/1/2 1984/1/2 1987/1/2
f 1987/1/2 1984/1/2 1988/1/2
f 1989/4/2 1990/4/2 1993/4/2
f 1993/4/2 1990/4/2 1994/4/2
f 1991/1/2 1992/1/2 1997/1/2
f 1997/1/2 1992/1/2 1998/1/2
f 1994/4/2 1995/4/2 1999/4/2
f 1999/4/2 1995/4/2 2000/4/2
f 1996/1/2 1997/1/2 2001/1/2
f 2001/1/2 1997/1/2 2002/1/2
f 2003/2/2 2004/2/2 2007/2/2
f 2007/2/2 2004/2/2 2008/2/2
f 2005/1/2 2006/1/2 2011/1/2
f 2011/1/2 2006/1/2 2012/1/2
f 2008/2/2 2009/2/2 2013/2/2
f 2013/2/2 2009/2/2 2014/2/2
f 2010/1/2 2011/1/2 2019/1/2
f 2019/1/2 2011/1/2 2020/1/2
f 2015/1/2 2016/1/2 2021/1/2
f 2021/1/2 2016/1/2 2022/1/2
f 2017/1/2 2018/1/2 2023/1/2
f 2023/1/2 2018/1/2 2024/1/2
f 2025/2/2 2026/2/2 2029/2/2
f 2029/2/2 2026/2/2 2030/2/2
f 2027/2/2 2028/2/2 2035/2/2
f 2035/2/2 2028/2/2 2036/2/2
f 2036/2/2 2028/2/2 2037/2/2
f 2031/2/2 2032/2/2 2038/2/2
f 2038/2/2 2032/2/2 2039/2/2
f 2033/4/2 2034/4/2 2043/4/2
f 2043/4/2 2034/4/2 2044/4/2
f 2040/1/2 2041/1/2 2045/1/2
f 2045/1/2 2041/1/2 2046/1/2
f 2042/4/2 2043/4/2 2049/4/2
f 2049/4/2 2043/4/2 2050/4/2
f 2046/1/2 2047/1/2 2051/1/2
f 2051/1/2 2047/1/2 2052/1/2
f 2048/4/2 2049/4/2 2055/4/2
f 2055/4/2 2049/4/2 2056/4/2
f 2052/1/2 2053/1/2 2057/1/2
f 2057/1/2 2053/1/2 2058/1/2
f 2054/4/2 2055/4/2 2061/4/2
f 2061/4/2 2055/4/2 2062/4/2
f 2058/1/2 2059/1/2 2063/1/2
f 2063/1/2 2059/1/2 2064/1/2
f 2060/4/2 2061/4/2 2066/4/2
f 2066/4/2 2061/4/2 2067/4/2
f 2064/2/2 2065/2/2 2068/2/2
f 2068/2/2 2065/2/2 2069/2/2
f 2070/4/2 2071/4/2 2074/4/2
f 2074/4/2 2071/4/2 2075/4/2
f 2072/2/2 2073/2/2 2076/2/2
f 2076/2/2 2073/2/2 2077/2/2
f 2080/2/2 2081/2/2 2082/2/2
f 2082/2/2 2081/2/2 2083/2/2
f 2078/4/2 2079/4/2 2084/4/2
f 2084/4/2 2079/4/2 2085/4/2
f 2082/1/2 2083/1/2 2086/1/2
f 2086/1/2 2083/1/2 2087/1/2
f 2088/4/2 2089/4/2 2092/4/2
f 2092/4/2 2089/4/2 2093/4/2
f 2090/1/2 2091/1/2 2094/1/2
f 2094/1/2 2091/1/2 2095/1/2
f 2096/4/2 2097/4/2 2100/4/2
f 2100/4/2 2097/4/2 2101/4/2
f 2098/1/2 2099/1/2 2104/1/2
f 2104/1/2 2099/1/2 2105/1/2
f 2101/4/2 2102/4/2 2106/4/2
f 2106/4/2 2102/4/2 2107/4/2
f 2106/2/2 2107/2/2 2108/2/2
f 2108/2/2 2107/2/2 2109/2/2
f 2103/1/2 2104/1/2 2112/1/2
f 2112/1/2 2104/1/2 2113/1/2
f 2109/2/2 2110/2/2 2114/2/2
f 2114/2/2 2110/2/2 2115/2/2
f 2111/1/2 2112/1/2 2118/1/2
f 2118/1/2 2112/1/2 2119/1/2
f 2115/2/2 2116/2/2 2120/2/2
f 2120/2/2 2116/2/2 2121/2/2
f 2117/1/2 2118/1/2 2124/1/2
f 2124/1/2 2118/1/2 2125/1/2
f 2121/2/2 2122/2/2 2126/2/2
f 2126/2/2 2122/2/2 2127/2/2
f 2123/1/2 2124/1/2 2133/1/2
f 2133/1/2 2124/1/2 2134/1/2
f 2128/2/2 2129/2/2 2135/2/2
f 2129/1/2 2130/1/2 2136/1/2
f 2135/2/2 2129/2/2 2136/2/2
f 2136/1/2 2130/1/2 2137/1/2
f 2131/1/2 2132/1/2 2140/1/2
f 2140/1/2 2132/1/2 2141/1/2
f 2138/1/2 2139/1/2 2142/1/2
f 2142/1/2 2139/1/2 2143/1/2
f 2144/2/2 2145/2/2 2148/2/2
f 2148/2/2 2145/2/2 2149/2/2
f 2146/1/2 2147/1/2 2153/1/2
f 2153/1/2 2147/1/2 2154/1/2
f 2150/2/2 2151/2/2 2155/2/2
f 2155/2/2 2151/2/2 2156/2/2
f 2152/4/2 2153/4/2 2159/4/2
f 2159/4/2 2153/4/2 2160/4/2
f 2156/2/2 2157/2/2 2161/2/2
f 2161/2/2 2157/2/2 2162/2/2
f 2158/4/2 2159/4/2 2165/4/2
f 2165/4/2 2159/4/2 2166/4/2
f 2162/1/2 2163/1/2 2167/1/2
f 2167/1/2 2163/1/2 2168/1/2
f 2164/4/2 2165/4/2 2171/4/2
f 2171/4/2 2165/4/2 2172/4/2
f 2168/1/2 2169/1/2 2173/1/2
f 2173/1/2 2169/1/2 2174/1/2
f 2170/4/2 2171/4/2 2177/4/2
f 2177/4/2 2171/4/2 2178/4/2
f 2174/2/2 2175/2/2 2179/2/2
f 2179/2/2 2175/2/2 2180/2/2
f 2176/4/2 2177/4/2 2182/4/2
f 2182/4/2 2177/4/2 2183/4/2
f 2180/2/2 2181/2/2 2184/2/2
f 2184/2/2 2181/2/2 2185/2/2
f 2188/2/2 2189/2/2 2190/2/2
f 2190/2/2 2189/2/2 2191/2/2
f 2190/1/2 2191/1/2 2192/1/2
f 2186/4/2 2187/4/2 2193/4/2
f 2193/4/2 2187/4/2 2194/4/2
f 2192/1/2 2191/1/2 2195/1/2
f 2195/1/2 2191/1/2 2196/1/2
f 2197/4/2 2198/4/2 2201/4/2
f 2201/4/2 2198/4/2 2202/4/2
f 2199/1/2 2200/1/2 2205/1/2
f 2205/1/2 2200/1/2 2206/1/2
f 2202/4/2 2203/4/2 2207/4/2
f 2207/4/2 2203/4/2 2208/4/2
f 2204/1/2 2205/1/2 2211/1/2
f 2211/1/2 2205/1/2 2212/1/2
f 2208/4/2 2209/4/2 2213/4/2
f 2213/4/2 2209/4/2 2214/4/2
f 2213/2/2 2214/2/2 2215/2/2
f 2215/2/2 2214/2/2 2216/2/2
f 2210/1/2 2211/1/2 2219/1/2
f 2219/1/2 2211/1/2 2220/1/2
f 2216/2/2 2217/2/2 2221/2/2
f 2221/2/2 2217/2/2 2222/2/2
f 2218/1/2 2219/1/2 2225/1/2
f 2225/1/2 2219/1/2 2226/1/2
f 2222/2/2 2223/2/2 2227/2/2
f 2227/2/2 2223/2/2 2228/2/2
f 2224/1/2 2225/1/2 2231/1/2
f 2231/1/2 2225/1/2 2232/1/2
f 2228/2/2 2229/2/2 2233/2/2
f 2233/2/2 2229/2/2 2234/2/2
f 2230/1/2 2231/1/2 2238/1/2
f 2238/1/2 2231/1/2 2239/1/2
f 2236/1/2 2237/1/2 2240/1/2
f 2235/1/2 2236/1/2 2240/1/2
f 2240/1/2 2237/1/2 2241/1/2
f 2242/2/2 2243/2/2 2245/2/2
f 2245/2/2 2243/2/2 2246/2/2
f 2246/2/2 2243/2/2 2247/2/2
f 2247/2/2 2243/2/2 2248/2/2
f 2244/1/2 2245/1/2 2251/1/2
f 2251/1/2 2245/1/2 2252/1/2
f 2248/2/2 2249/2/2 2253/2/2
f 2253/2/2 2249/2/2 2254/2/2
f 2250/1/2 2251/1/2 2257/1/2
f 2257/1/2 2251/1/2 2258/1/2
f 2254/2/2 2255/2/2 2259/2/2
f 2259/2/2 2255/2/2 2260/2/2
f 2256/1/2 2257/1/2 2262/1/2
f 2262/1/2 2257/1/2 2263/1/2
f 2260/2/2 2261/2/2 2264/2/2
f 2264/2/2 2261/2/2 2265/2/2
f 2256/1/2 2262/1/2 2267/1/2
f 2267/1/2 2262/1/2 2268/1/2
f 2265/2/2 2261/2/2 2269/2/2
f 2269/2/2 2261/2/2 2270/2/2
f 2266/4/2 2267/4/2 2273/4/2
f 2273/4/2 2267/4/2 2274/4/2
f 2270/2/2 2271/2/2 2275/2/2
f 2275/2/2 2271/2/2 2276/2/2
f 2272/4/2 2273/4/2 2279/4/2
f 2279/4/2 2273/4/2 2280/4/2
f 2276/2/2 2277/2/2 2281/2/2
f 2281/2/2 2277/2/2 2282/2/2
f 2278/4/2 2279/4/2 2284/4/2
f 2278/4/2 2284/4/2 2285/4/2
f 2282/2/2 2283/2/2 2286/2/2
f 2286/2/2 2283/2/2 2287/2/2
f 2278/4/2 2285/4/2 2288/4/2
f 2288/4/2 2285/4/2 2289/4/2
f 2286/1/2 2287/1/2 2292/1/2
f 2292/1/2 2287/1/2 2293/1/2
f 2289/4/2 2290/4/2 2294/4/2
f 2294/4/2 2290/4/2 2295/4/2
f 2291/1/2 2292/1/2 2298/1/2
f 2298/1/2 2292/1/2 2299/1/2
f 2295/4/2 2296/4/2 2300/4/2
f 2300/4/2 2296/4/2 2301/4/2
f 2297/1/2 2298/1/2 2304/1/2
f 2304/1/2 2298/1/2 2305/1/2
f 2301/2/2 2302/2/2 2306/2/2
f 2303/1/2 2304/1/2 2309/1/2
f 2306/2/2 2307/2/2 2310/2/2
f 2301/2/2 2306/2/2 2310/2/2
f 2310/2/2 2307/2/2 2311/2/2
f 2308/1/2 2309/1/2 2314/1/2
f 2309/1/2 2304/1/2 2315/1/2
f 2314/1/2 2309/1/2 2315/1/2
f 2311/2/2 2312/2/2 2316/2/2
f 2316/2/2 2312/2/2 2317/2/2
f 2313/1/2 2314/1/2 2320/1/2
f 2320/1/2 2314/1/2 2321/1/2
f 2317/2/2 2318/2/2 2322/2/2
f 2322/2/2 2318/2/2 2323/2/2
f 2319/1/2 2320/1/2 2326/1/2
f 2326/1/2 2320/1/2 2327/1/2
f 2324/2/2 2325/2/2 2328/2/2
f 2323/2/2 2324/2/2 2328/2/2
f 2325/1/2 2326/1/2 2329/1/2
f 2328/2/2 2325/2/2 2329/2/2
f 2329/1/2 2326/1/2 2330/1/2
f 2331/2/2 2332/2/2 2336/2/2
f 2332/1/2 2333/1/2 2337/1/2
f 2336/2/2 2332/2/2 2337/2/2
f 2333/2/2 2334/2/2 2338/2/2
f 2337/1/2 2333/1/2 2338/1/2
f 2338/2/2 2334/2/2 2339/2/2
f 2339/2/2 2334/2/2 2340/2/2
f 2340/2/2 2334/2/2 2341/2/2
f 2336/1/2 2337/1/2 2344/1/2
f 2335/1/2 2336/1/2 2344/1/2
f 2344/1/2 2337/1/2 2345/1/2
f 2345/1/2 2337/1/2 2346/1/2
f 2340/2/2 2341/2/2 2347/2/2
f 2341/2/2 2342/2/2 2347/2/2
f 2347/2/2 2342/2/2 2348/2/2
f 2348/2/2 2342/2/2 2349/2/2
f 2344/1/2 2345/1/2 2352/1/2
f 2343/1/2 2344/1/2 2352/1/2
f 2352/1/2 2345/1/2 2353/1/2
f 2349/2/2 2350/2/2 2354/2/2
f 2348/2/2 2349/2/2 2354/2/2
f 2354/2/2 2350/2/2 2355/2/2
f 2351/1/2 2352/1/2 2358/1/2
f 2358/1/2 2352/1/2 2359/1/2
f 2355/2/2 2356/2/2 2360/2/2
f 2360/2/2 2356/2/2 2361/2/2
f 2357/1/2 2358/1/2 2364/1/2
f 2364/1/2 2358/1/2 2365/1/2
f 2361/2/2 2362/2/2 2366/2/2
f 2364/4/2 2365/4/2 2368/4/2
f 2363/4/2 2364/4/2 2368/4/2
f 2368/4/2 2365/4/2 2369/4/2
f 2366/2/2 2367/2/2 2370/2/2
f 2361/2/2 2366/2/2 2370/2/2
f 2370/2/2 2367/2/2 2371/2/2
f 2363/4/2 2368/4/2 2373/4/2
f 2371/2/2 2367/2/2 2374/2/2
f 2372/4/2 2373/4/2 2376/4/2
f 2373/4/2 2368/4/2 2376/4/2
f 2376/4/2 2368/4/2 2377/4/2
f 2374/2/2 2375/2/2 2378/2/2
f 2371/2/2 2374/2/2 2378/2/2
f 2378/2/2 2375/2/2 2379/2/2
f 2372/4/2 2376/4/2 2380/4/2
f 2380/4/2 2376/4/2 2381/4/2
f 2380/2/2 2381/2/2 2382/2/2
f 2382/2/2 2381/2/2 2383/2/2
f 2379/2/2 2375/2/2 2384/2/2
f 2384/2/2 2375/2/2 2385/2/2
f 2382/4/2 2383/4/2 2386/4/2
f 2384/1/2 2385/1/2 2389/1/2
f 2386/4/2 2387/4/2 2390/4/2
f 2382/4/2 2386/4/2 2390/4/2
f 2390/4/2 2387/4/2 2391/4/2
f 2388/1/2 2389/1/2 2392/1/2
f 2389/1/2 2385/1/2 2392/1/2
f 2392/1/2 2385/1/2 2393/1/2
f 2391/4/2 2387/4/2 2394/4/2
f 2388/1/2 2392/1/2 2397/1/2
f 2394/4/2 2395/4/2 2398/4/2
f 2391/4/2 2394/4/2 2398/4/2
f 2398/4/2 2395/4/2 2399/4/2
f 2396/1/2 2397/1/2 2400/1/2
f 2397/1/2 2392/1/2 2400/1/2
f 2400/1/2 2392/1/2 2401/1/2
f 2399/4/2 2395/4/2 2402/4/2
f 2402/4/2 2395/4/2 2403/4/2
f 2396/1/2 2400/1/2 2406/1/2
f 2406/1/2 2400/1/2 2407/1/2
f 2403/2/2 2404/2/2 2408/2/2
f 2408/2/2 2404/2/2 2409/2/2
f 2405/1/2 2406/1/2 2412/1/2
f 2412/1/2 2406/1/2 2413/1/2
f 2409/2/2 2410/2/2 2414/2/2
f 2414/2/2 2410/2/2 2415/2/2
f 2415/2/2 2410/2/2 2416/2/2
f 2411/1/2 2412/1/2 2420/1/2
f 2420/1/2 2412/1/2 2421/1/2
f 2421/1/2 2412/1/2 2422/1/2
f 2415/2/2 2416/2/2 2423/2/2
f 2416/2/2 2417/2/2 2423/2/2
f 2417/1/2 2418/1/2 2424/1/2
f 2423/2/2 2417/2/2 2424/2/2
f 2424/1/2 2418/1/2 2425/1/2
f 2420/1/2 2421/1/2 2426/1/2
f 2419/1/2 2420/1/2 2426/1/2
f 2426/1/2 2421/1/2 2427/1/2
f 2427/1/2 2421/1/2 2428/1/2
f 2424/2/2 2425/2/2 2429/2/2
f 2426/1/2 2427/1/2 2430/1/2
f 2429/2/2 2425/2/2 2430/2/2
f 2425/1/2 2426/1/2 2430/1/2
f 2430/1/2 2427/1/2 2431/1/2
f 2432/1/2 2433/1/2 2436/1/2
f 2436/1/2 2433/1/2 2437/1/2
f 2433/2/2 2434/2/2 2438/2/2
f 2437/1/2 2433/1/2 2438/1/2
f 2438/2/2 2434/2/2 2439/2/2
f 2436/1/2 2437/1/2 2442/1/2
f 2435/1/2 2436/1/2 2442/1/2
f 2442/1/2 2437/1/2 2443/1/2
f 2443/1/2 2437/1/2 2444/1/2
f 2438/2/2 2439/2/2 2445/2/2
f 2439/2/2 2440/2/2 2445/2/2
f 2445/2/2 2440/2/2 2446/2/2
f 2446/2/2 2440/2/2 2447/2/2
f 2447/2/2 2440/2/2 2448/2/2
f 2442/1/2 2443/1/2 2451/1/2
f 2441/1/2 2442/1/2 2451/1/2
f 2451/1/2 2443/1/2 2452/1/2
f 2452/1/2 2443/1/2 2453/1/2
f 2448/2/2 2449/2/2 2454/2/2
f 2447/2/2 2448/2/2 2454/2/2
f 2454/2/2 2449/2/2 2455/2/2
f 2455/2/2 2449/2/2 2456/2/2
f 2451/1/2 2452/1/2 2458/1/2
f 2450/1/2 2451/1/2 2458/1/2
f 2458/1/2 2452/1/2 2459/1/2
f 2456/2/2 2457/2/2 2460/2/2
f 2455/2/2 2456/2/2 2460/2/2
f 2460/2/2 2457/2/2 2461/2/2
f 2450/1/2 2458/1/2 2463/1/2
f 2463/1/2 2458/1/2 2464/1/2
f 2461/2/2 2457/2/2 2465/2/2
f 2463/2/2 2464/2/2 2467/2/2
f 2462/2/2 2463/2/2 2467/2/2
f 2467/2/2 2464/2/2 2468/2/2
f 2465/2/2 2466/2/2 2469/2/2
f 2461/2/2 2465/2/2 2469/2/2
f 2469/2/2 2466/2/2 2470/2/2
f 2462/2/2 2467/2/2 2472/2/2
f 2470/2/2 2466/2/2 2473/2/2
f 2470/2/2 2473/2/2 2475/2/2
f 2473/2/2 2474/2/2 2475/2/2
f 2471/2/2 2472/2/2 2476/2/2
f 2472/2/2 2467/2/2 2476/2/2
f 2476/2/2 2467/2/2 2477/2/2
f 2475/2/2 2474/2/2 2478/2/2
f 2478/2/2 2474/2/2 2479/2/2
f 2471/2/2 2476/2/2 2480/2/2
f 2480/2/2 2476/2/2 2481/2/2
f 2479/2/2 2474/2/2 2484/2/2
f 2481/2/2 2482/2/2 2485/2/2
f 2480/4/2 2481/4/2 2485/4/2
f 2485/2/2 2482/2/2 2486/2/2
f 2480/4/2 2485/4/2 2487/4/2
f 2485/4/2 2486/4/2 2487/4/2
f 2487/4/2 2486/4/2 2488/4/2
f 2483/2/2 2484/2/2 2489/2/2
f 2484/2/2 2474/2/2 2490/2/2
f 2489/2/2 2484/2/2 2490/2/2
f 2490/2/2 2474/2/2 2491/2/2
f 2488/4/2 2486/4/2 2492/4/2
f 2489/1/2 2490/1/2 2495/1/2
f 2492/4/2 2493/4/2 2496/4/2
f 2488/4/2 2492/4/2 2496/4/2
f 2496/4/2 2493/4/2 2497/4/2
f 2497/4/2 2493/4/2 2498/4/2
f 2494/1/2 2495/1/2 2499/1/2
f 2495/1/2 2490/1/2 2499/1/2
f 2499/1/2 2490/1/2 2500/1/2
f 2497/2/2 2498/2/2 2501/2/2
f 2494/1/2 2499/1/2 2504/1/2
f 2501/2/2 2502/2/2 2505/2/2
f 2497/2/2 2501/2/2 2505/2/2
f 2505/2/2 2502/2/2 2506/2/2
f 2506/2/2 2502/2/2 2507/2/2
f 2503/1/2 2504/1/2 2511/1/2
f 2504/1/2 2499/1/2 2512/1/2
f 2511/1/2 2504/1/2 2512/1/2
f 2512/1/2 2499/1/2 2513/1/2
f 2506/2/2 2507/2/2 2514/2/2
f 2507/2/2 2508/2/2 2514/2/2
f 2508/1/2 2509/1/2 2515/1/2
f 2514/2/2 2508/2/2 2515/2/2
f 2515/1/2 2509/1/2 2516/1/2
f 2510/1/2 2511/1/2 2519/1/2
f 2511/1/2 2512/1/2 2519/1/2
f 2519/1/2 2512/1/2 2520/1/2
f 2520/1/2 2512/1/2 2521/1/2
f 2515/2/2 2516/2/2 2522/2/2
f 2516/1/2 2517/1/2 2523/1/2
f 2522/2/2 2516/2/2 2523/2/2
f 2523/1/2 2517/1/2 2524/1/2
f 2524/1/2 2517/1/2 2525/1/2
f 2519/1/2 2520/1/2 2526/1/2
f 2518/1/2 2519/1/2 2526/1/2
f 2526/1/2 2520/1/2 2527/1/2
f 2527/1/2 2520/1/2 2528/1/2
f 2524/1/2 2525/1/2 2529/1/2
f 2526/1/2 2527/1/2 2529/1/2
f 2525/1/2 2526/1/2 2529/1/2
f 2529/1/2 2527/1/2 2530/1/2
f 2531/1/2 2532/1/2 2534/1/2
f 2534/1/2 2532/1/2 2535/1/2
f 2533/1/2 2534/1/2 2539/1/2
f 2534/1/2 2535/1/2 2539/1/2
f 2535/1/2 2536/1/2 2539/1/2
f 2539/1/2 2536/1/2 2540/1/2
f 2540/1/2 2536/1/2 2541/1/2
f 2536/2/2 2537/2/2 2542/2/2
f 2538/1/2 2539/1/2 2545/1/2
f 2539/1/2 2540/1/2 2545/1/2
f 2545/1/2 2540/1/2 2546/1/2
f 2546/1/2 2540/1/2 2547/1/2
f 2541/1/2 2536/1/2 2548/1/2
f 2536/2/2 2542/2/2 2549/2/2
f 2548/1/2 2536/1/2 2549/1/2
f 2542/2/2 2543/2/2 2549/2/2
f 2549/2/2 2543/2/2 2550/2/2
f 2550/2/2 2543/2/2 2551/2/2
f 2545/1/2 2546/1/2 2553/1/2
f 2544/1/2 2545/1/2 2553/1/2
f 2553/1/2 2546/1/2 2554/1/2
f 2554/1/2 2546/1/2 2555/1/2
f 2551/2/2 2552/2/2 2556/2/2
f 2550/2/2 2551/2/2 2556/2/2
f 2556/2/2 2552/2/2 2557/2/2
f 2553/2/2 2554/2/2 2559/2/2
f 2559/2/2 2554/2/2 2560/2/2
f 2560/2/2 2554/2/2 2561/2/2
f 2557/2/2 2552/2/2 2562/2/2
f 2562/2/2 2552/2/2 2563/2/2
f 2563/2/2 2552/2/2 2564/2/2
f 2564/2/2 2565/2/2 2566/2/2
f 2563/2/2 2564/2/2 2566/2/2
f 2566/2/2 2565/2/2 2567/2/2
f 2558/2/2 2559/2/2 2568/2/2
f 2559/2/2 2560/2/2 2568/2/2
f 2568/2/2 2560/2/2 2569/2/2
f 2566/1/2 2567/1/2 2570/1/2
f 2567/2/2 2565/2/2 2571/2/2
f 2570/1/2 2567/1/2 2571/1/2
f 2571/2/2 2565/2/2 2572/2/2
f 2558/2/2 2568/2/2 2574/2/2
f 2571/1/2 2572/1/2 2575/1/2
f 2573/2/2 2574/2/2 2577/2/2
f 2574/2/2 2568/2/2 2578/2/2
f 2577/2/2 2574/2/2 2578/2/2
f 2571/1/2 2575/1/2 2579/1/2
f 2575/2/2 2576/2/2 2580/2/2
f 2579/1/2 2575/1/2 2580/1/2
f 2580/2/2 2576/2/2 2581/2/2
f 2578/2/2 2568/2/2 2582/2/2
f 2579/2/2 2580/2/2 2585/2/2
f 2584/1/2 2585/1/2 2586/1/2
f 2585/2/2 2580/2/2 2587/2/2
f 2586/1/2 2585/1/2 2587/1/2
f 2582/2/2 2583/2/2 2588/2/2
f 2578/2/2 2582/2/2 2588/2/2
f 2588/2/2 2583/2/2 2589/2/2
f 2589/2/2 2583/2/2 2590/2/2
f 2586/2/2 2587/2/2 2593/2/2
f 2587/2/2 2580/2/2 2594/2/2
f 2593/2/2 2587/2/2 2594/2/2
f 2594/2/2 2580/2/2 2595/2/2
f 2590/2/2 2591/2/2 2596/2/2
f 2589/2/2 2590/2/2 2596/2/2
f 2592/1/2 2593/1/2 2599/1/2
f 2593/1/2 2594/1/2 2599/1/2
f 2589/2/2 2596/2/2 2600/2/2
f 2600/2/2 2596/2/2 2601/2/2
f 2596/1/2 2597/1/2 2602/1/2
f 2598/1/2 2599/1/2 2605/1/2
f 2599/1/2 2594/1/2 2606/1/2
f 2605/1/2 2599/1/2 2606/1/2
f 2606/1/2 2594/1/2 2607/1/2
f 2601/2/2 2596/2/2 2608/2/2
f 2602/1/2 2603/1/2 2609/1/2
f 2608/2/2 2596/2/2 2609/2/2
f 2596/1/2 2602/1/2 2609/1/2
f 2609/1/2 2603/1/2 2610/1/2
f 2610/1/2 2603/1/2 2611/1/2
f 2604/1/2 2605/1/2 2612/1/2
f 2605/1/2 2606/1/2 2612/1/2
f 2612/1/2 2606/1/2 2613/1/2
f 2613/1/2 2606/1/2 2614/1/2
f 2610/1/2 2611/1/2 2615/1/2
f 2612/1/2 2613/1/2 2615/1/2
f 2611/1/2 2612/1/2 2615/1/2
f 2615/1/2 2613/1/2 2616/1/2
f 2616/1/2 2613/1/2 2617/1/2
f 2617/1/2 2613/1/2 2618/1/2
f 2616/1/2 2617/1/2 2619/1/2
f 2619/1/2 2617/1/2 2620/1/2
f 2621/1/2 2622/1/2 2624/1/2
f 2624/1/2 2622/1/2 2625/1/2
f 2623/1/2 2624/1/2 2629/1/2
f 2624/1/2 2625/1/2 2629/1/2
f 2625/1/2 2626/1/2 2629/1/2
f 2629/1/2 2626/1/2 2630/1/2
f 2626/2/2 2627/2/2 2631/2/2
f 2630/1/2 2626/1/2 2631/1/2
f 2631/2/2 2627/2/2 2632/2/2
f 2628/2/2 2629/2/2 2635/2/2
f 2629/1/2 2630/1/2 2636/1/2
f 2635/2/2 2629/2/2 2636/2/2
f 2636/1/2 2630/1/2 2637/1/2
f 2632/2/2 2633/2/2 2638/2/2
f 2637/1/2 2630/1/2 2638/1/2
f 2630/2/2 2631/2/2 2638/2/2
f 2631/2/2 2632/2/2 2638/2/2
f 2638/2/2 2633/2/2 2639/2/2
f 2639/2/2 2633/2/2 2640/2/2
f 2634/2/2 2635/2/2 2642/2/2
f 2636/2/2 2637/2/2 2642/2/2
f 2635/2/2 2636/2/2 2642/2/2
f 2642/2/2 2637/2/2 2643/2/2
f 2638/2/2 2639/2/2 2644/2/2
f 2640/1/2 2641/1/2 2645/1/2
f 2644/2/2 2639/2/2 2645/2/2
f 2639/1/2 2640/1/2 2645/1/2
f 2634/2/2 2642/2/2 2647/2/2
f 2647/2/2 2642/2/2 2648/2/2
f 2648/2/2 2642/2/2 2649/2/2
f 2645/1/2 2641/1/2 2650/1/2
f 2650/1/2 2641/1/2 2651/1/2
f 2651/1/2 2641/1/2 2652/1/2
f 2646/2/2 2647/2/2 2654/2/2
f 2647/2/2 2648/2/2 2654/2/2
f 2654/2/2 2648/2/2 2655/2/2
f 2655/2/2 2648/2/2 2656/2/2
f 2652/1/2 2653/1/2 2659/1/2
f 2651/1/2 2652/1/2 2659/1/2
f 2659/1/2 2653/1/2 2660/1/2
f 2660/1/2 2653/1/2 2661/1/2
f 2656/1/2 2657/1/2 2662/1/2
f 2659/1/2 2660/1/2 2665/1/2
f 2658/1/2 2659/1/2 2665/1/2
f 2655/2/2 2656/2/2 2666/2/2
f 2666/2/2 2656/2/2 2667/2/2
f 2662/1/2 2663/1/2 2668/1/2
f 2667/2/2 2656/2/2 2668/2/2
f 2656/1/2 2662/1/2 2668/1/2
f 2668/1/2 2663/1/2 2669/1/2
f 2664/1/2 2665/1/2 2670/1/2
f 2665/1/2 2660/1/2 2671/1/2
f 2670/1/2 2665/1/2 2671/1/2
f 2671/1/2 2660/1/2 2672/1/2
f 2668/1/2 2669/1/2 2673/1/2
f 2670/1/2 2671/1/2 2673/1/2
f 2669/1/2 2670/1/2 2673/1/2
f 2667/1/2 2668/1/2 2673/1/2
f 2673/1/2 2671/1/2 2674/1/2
f 2674/1/2 2671/1/2 2675/1/2
f 2675/1/2 2671/1/2 2676/1/2
f 2674/1/2 2675/1/2 2677/1/2
f 2677/1/2 2675/1/2 2678/1/2
f 2678/1/2 2675/1/2 2679/1/2
f 2679/1/2 2675/1/2 2680/1/2
f 2678/1/2 2679/1/2 2681/1/2
f 2681/1/2 2679/1/2 2682/1/2
f 2683/2/2 2684/2/2 2686/2/2
f 2686/2/2 2684/2/2 2687/2/2
f 2685/2/2 2686/2/2 2690/2/2
f 2686/2/2 2687/2/2 2690/2/2
f 2687/1/2 2688/1/2 2691/1/2
f 2689/2/2 2690/2/2 2693/2/2
f 2690/2/2 2687/2/2 2693/2/2
f 2691/1/2 2692/1/2 2694/1/2
f 2693/2/2 2687/2/2 2694/2/2
f 2687/1/2 2691/1/2 2694/1/2
f 2689/2/2 2693/2/2 2695/2/2
f 2693/1/2 2694/1/2 2696/1/2
f 2695/2/2 2693/2/2 2696/2/2
f 2689/2/2 2695/2/2 2697/2/2
f 2695/1/2 2696/1/2 2698/1/2
f 2697/2/2 2695/2/2 2698/2/2
f 2689/2/2 2697/2/2 2699/2/2
f 2697/1/2 2698/1/2 2700/1/2
f 2699/2/2 2697/2/2 2700/2/2
f 2694/1/2 2692/1/2 2701/1/2
f 2700/1/2 2698/1/2 2701/1/2
f 2696/1/2 2694/1/2 2701/1/2
f 2698/1/2 2696/1/2 2701/1/2
f 2701/1/2 2692/1/2 2702/1/2
f 2700/1/2 2701/1/2 2703/1/2
f 2703/1/2 2701/1/2 2704/1/2
f 2704/1/2 2701/1/2 2705/1/2
f 2705/1/2 2701/1/2 2706/1/2
f 2704/1/2 2705/1/2 2707/1/2
f 2707/1/2 2705/1/2 2708/1/2
f 2712/1/3 2710/1/3 2709/1/3
f 2713/1/3 2710/1/3 2712/1/3
f 2716/1/3 2712/1/3 2711/1/3
f 2716/1/3 2714/1/3 2713/1/3
f 2716/1/3 2713/1/3 2712/1/3
f 2717/1/3 2714/1/3 2716/1/3
f 2719/1/3 2716/1/3 2715/1/3
f 2719/1/3 2718/1/3 2717/1/3
f 2719/1/3 2717/1/3 2716/1/3
f 2720/1/3 2718/1/3 2719/1/3
f 2721/4/3 2720/4/3 2719/4/3
f 2722/1/3 2718/1/3 2720/1/3
f 2722/4/3 2720/4/3 2721/4/3
f 2723/1/3 2718/1/3 2722/1/3
f 2724/1/3 2718/1/3 2723/1/3
f 2725/1/3 2718/1/3 2724/1/3
f 2726/4/3 2723/4/3 2722/4/3
f 2727/4/3 2723/4/3 2726/4/3
f 2728/1/3 2724/1/3 2723/1/3
f 2728/4/3 2723/4/3 2727/4/3
f 2729/1/3 2724/1/3 2728/1/3
f 2730/4/3 2728/4/3 2727/4/3
f 2731/4/3 2728/4/3 2730/4/3
f 2735/1/3 2733/1/3 2732/1/3
f 2736/1/3 2733/1/3 2735/1/3
f 2739/1/3 2735/1/3 2734/1/3
f 2739/1/3 2737/1/3 2736/1/3
f 2739/1/3 2736/1/3 2735/1/3
f 2740/1/3 2737/1/3 2739/1/3
f 2743/1/3 2739/1/3 2738/1/3
f 2743/1/3 2741/1/3 2740/1/3
f 2743/1/3 2740/1/3 2739/1/3
f 2744/1/3 2741/1/3 2743/1/3
f 2745/1/3 2741/1/3 2744/1/3
f 2746/1/3 2741/1/3 2745/1/3
f 2747/1/3 2741/1/3 2746/1/3
f 2749/1/3 2743/1/3 2742/1/3
f 2749/1/3 2744/1/3 2743/1/3
f 2750/1/3 2744/1/3 2749/1/3
f 2751/1/3 2744/1/3 2750/1/3
f 2752/1/3 2744/1/3 2751/1/3
f 2753/1/3 2746/1/3 2745/1/3
f 2754/1/3 2746/1/3 2753/1/3
f 2756/2/3 2750/2/3 2749/2/3
f 2757/1/3 2751/1/3 2750/1/3
f 2758/1/3 2751/1/3 2757/1/3
f 2759/1/3 2746/1/3 2754/1/3
f 2760/4/3 2748/4/3 2747/4/3
f 2760/1/3 2746/1/3 2759/1/3
f 2760/4/3 2747/4/3 2746/4/3
f 2761/4/3 2748/4/3 2760/4/3
f 2763/2/3 2756/2/3 2755/2/3
f 2764/1/3 2757/1/3 2750/1/3
f 2764/2/3 2756/2/3 2763/2/3
f 2764/2/3 2750/2/3 2756/2/3
f 2765/1/3 2757/1/3 2764/1/3
f 2766/4/3 2764/4/3 2763/4/3
f 2766/4/3 2765/4/3 2764/4/3
f 2767/4/3 2765/4/3 2766/4/3
f 2768/4/3 2765/4/3 2767/4/3
f 2771/4/3 2762/4/3 2761/4/3
f 2771/4/3 2761/4/3 2760/4/3
f 2772/4/3 2762/4/3 2771/4/3
f 2773/4/3 2762/4/3 2772/4/3
f 2774/4/3 2769/4/3 2768/4/3
f 2774/4/3 2768/4/3 2767/4/3
f 2777/4/3 2772/4/3 2771/4/3
f 2777/4/3 2771/4/3 2770/4/3
f 2778/4/3 2775/4/3 2774/4/3
f 2778/4/3 2774/4/3 2767/4/3
f 2779/4/3 2775/4/3 2778/4/3
f 2780/4/3 2775/4/3 2779/4/3
f 2781/4/3 2777/4/3 2776/4/3
f 2782/4/3 2772/4/3 2777/4/3
f 2782/4/3 2777/4/3 2781/4/3
f 2783/4/3 2772/4/3 2782/4/3
f 2784/4/3 2780/4/3 2779/4/3
f 2784/4/3 2781/4/3 2780/4/3
f 2784/4/3 2782/4/3 2781/4/3
f 2785/4/3 2782/4/3 2784/4/3
f 2786/4/3 2782/4/3 2785/4/3
f 2787/4/3 2782/4/3 2786/4/3
f 2788/4/3 2786/4/3 2785/4/3
f 2789/4/3 2786/4/3 2788/4/3
f 2790/4/3 2786/4/3 2789/4/3
f 2791/4/3 2786/4/3 2790/4/3
f 2792/4/3 2790/4/3 2789/4/3
f 2793/4/3 2790/4/3 2792/4/3
f 2797/1/3 2795/1/3 2794/1/3
f 2798/1/3 2795/1/3 2797/1/3
f 2801/1/3 2797/1/3 2796/1/3
f 2801/1/3 2799/1/3 2798/1/3
f 2801/1/3 2798/1/3 2797/1/3
f 2802/1/3 2799/1/3 2801/1/3
f 2803/1/3 2799/1/3 2802/1/3
f 2804/1/3 2799/1/3 2803/1/3
f 2808/1/3 2801/1/3 2800/1/3
f 2808/1/3 2802/1/3 2801/1/3
f 2809/1/3 2802/1/3 2808/1/3
f 2810/1/3 2802/1/3 2809/1/3
f 2811/1/3 2805/1/3 2804/1/3
f 2811/1/3 2804/1/3 2803/1/3
f 2812/1/3 2805/1/3 2811/1/3
f 2813/4/3 2806/4/3 2805/4/3
f 2815/1/3 2809/1/3 2808/1/3
f 2816/1/3 2809/1/3 2815/1/3
f 2817/1/3 2805/1/3 2812/1/3
f 2818/4/3 2814/4/3 2813/4/3
f 2818/1/3 2805/1/3 2817/1/3
f 2818/4/3 2813/4/3 2805/4/3
f 2820/2/3 2808/2/3 2807/2/3
f 2821/1/3 2815/1/3 2808/1/3
f 2821/2/3 2808/2/3 2820/2/3
f 2822/1/3 2815/1/3 2821/1/3
f 2823/4/3 2814/4/3 2818/4/3
f 2824/4/3 2814/4/3 2823/4/3
f 2825/4/3 2814/4/3 2824/4/3
f 2827/2/3 2820/2/3 2819/2/3
f 2827/2/3 2821/2/3 2820/2/3
f 2828/2/3 2827/2/3 2819/2/3
f 2829/2/3 2827/2/3 2828/2/3
f 2830/4/3 2826/4/3 2825/4/3
f 2830/4/3 2825/4/3 2824/4/3
f 2831/4/3 2826/4/3 2830/4/3
f 2833/2/3 2828/2/3 2819/2/3
f 2834/4/3 2826/4/3 2831/4/3
f 2836/2/3 2833/2/3 2832/2/3
f 2837/2/3 2828/2/3 2833/2/3
f 2837/2/3 2833/2/3 2836/2/3
f 2838/2/3 2828/2/3 2837/2/3
f 2839/4/3 2835/4/3 2834/4/3
f 2839/4/3 2834/4/3 2831/4/3
f 2840/4/3 2835/4/3 2839/4/3
f 2841/4/3 2838/4/3 2837/4/3
f 2844/4/3 2839/4/3 2831/4/3
f 2845/4/3 2842/4/3 2841/4/3
f 2845/4/3 2841/4/3 2837/4/3
f 2846/4/3 2842/4/3 2845/4/3
f 2847/4/3 2842/4/3 2846/4/3
f 2850/4/3 2844/4/3 2843/4/3
f 2851/4/3 2839/4/3 2844/4/3
f 2851/4/3 2844/4/3 2850/4/3
f 2852/4/3 2839/4/3 2851/4/3
f 2853/4/3 2848/4/3 2847/4/3
f 2853/4/3 2847/4/3 2846/4/3
f 2856/4/3 2850/4/3 2849/4/3
f 2856/4/3 2851/4/3 2850/4/3
f 2857/4/3 2854/4/3 2853/4/3
f 2857/4/3 2853/4/3 2846/4/3
f 2858/4/3 2854/4/3 2857/4/3
f 2859/4/3 2854/4/3 2858/4/3
f 2862/4/3 2856/4/3 2855/4/3
f 2863/4/3 2851/4/3 2856/4/3
f 2863/4/3 2856/4/3 2862/4/3
f 2864/4/3 2851/4/3 2863/4/3
f 2865/4/3 2860/4/3 2859/4/3
f 2865/4/3 2859/4/3 2858/4/3
f 2866/4/3 2860/4/3 2865/4/3
f 2867/4/3 2860/4/3 2866/4/3
f 2868/4/3 2862/4/3 2861/4/3
f 2868/4/3 2863/4/3 2862/4/3
f 2869/4/3 2863/4/3 2868/4/3
f 2870/4/3 2863/4/3 2869/4/3
f 2871/4/3 2867/4/3 2866/4/3
f 2871/4/3 2869/4/3 2868/4/3
f 2871/4/3 2868/4/3 2867/4/3
f 2872/4/3 2869/4/3 2871/4/3
f 2873/4/3 2869/4/3 2872/4/3
f 2874/4/3 2869/4/3 2873/4/3
f 2875/4/3 2873/4/3 2872/4/3
f 2876/4/3 2873/4/3 2875/4/3
f 2881/1/3 2878/1/3 2877/1/3
f 2882/1/3 2878/1/3 2881/1/3
f 2883/1/3 2878/1/3 2882/1/3
f 2884/2/3 2879/2/3 2878/2/3
f 2884/1/3 2878/1/3 2883/1/3
f 2885/2/3 2879/2/3 2884/2/3
f 2889/1/3 2881/1/3 2880/1/3
f 2889/1/3 2882/1/3 2881/1/3
f 2890/1/3 2882/1/3 2889/1/3
f 2891/1/3 2882/1/3 2890/1/3
f 2892/1/3 2885/1/3 2884/1/3
f 2892/1/3 2884/1/3 2883/1/3
f 2893/2/3 2886/2/3 2885/2/3
f 2893/1/3 2885/1/3 2892/1/3
f 2894/2/3 2886/2/3 2893/2/3
f 2895/2/3 2886/2/3 2894/2/3
f 2898/2/3 2888/2/3 2887/2/3
f 2899/1/3 2890/1/3 2889/1/3
f 2899/1/3 2889/1/3 2888/1/3
f 2899/2/3 2888/2/3 2898/2/3
f 2900/1/3 2890/1/3 2899/1/3
f 2901/2/3 2895/2/3 2894/2/3
f 2902/4/3 2896/4/3 2895/4/3
f 2902/2/3 2895/2/3 2901/2/3
f 2903/4/3 2896/4/3 2902/4/3
f 2904/4/3 2896/4/3 2903/4/3
f 2906/2/3 2898/2/3 2897/2/3
f 2906/2/3 2899/2/3 2898/2/3
f 2907/2/3 2899/2/3 2906/2/3
f 2908/4/3 2905/4/3 2904/4/3
f 2908/4/3 2904/4/3 2903/4/3
f 2909/4/3 2905/4/3 2908/4/3
f 2911/2/3 2906/2/3 2897/2/3
f 2912/4/3 2905/4/3 2909/4/3
f 2914/2/3 2911/2/3 2910/2/3
f 2914/2/3 2906/2/3 2911/2/3
f 2915/2/3 2906/2/3 2914/2/3
f 2916/4/3 2913/4/3 2912/4/3
f 2916/4/3 2912/4/3 2909/4/3
f 2917/4/3 2913/4/3 2916/4/3
f 2919/2/3 2914/2/3 2910/2/3
f 2920/4/3 2913/4/3 2917/4/3
f 2922/2/3 2919/2/3 2918/2/3
f 2923/2/3 2914/2/3 2919/2/3
f 2923/2/3 2919/2/3 2922/2/3
f 2924/4/3 2923/4/3 2922/4/3
f 2924/2/3 2914/2/3 2923/2/3
f 2925/2/3 2914/2/3 2924/2/3
f 2926/4/3 2921/4/3 2920/4/3
f 2926/4/3 2920/4/3 2917/4/3
f 2927/4/3 2921/4/3 2926/4/3
f 2928/4/3 2921/4/3 2927/4/3
f 2929/4/3 2924/4/3 2922/4/3
f 2932/1/3 2928/1/3 2927/1/3
f 2933/1/3 2932/1/3 2931/1/3
f 2934/1/3 2928/1/3 2932/1/3
f 2934/1/3 2932/1/3 2933/1/3
f 2935/4/3 2930/4/3 2929/4/3
f 2935/4/3 2929/4/3 2922/4/3
f 2936/4/3 2930/4/3 2935/4/3
f 2937/1/3 2928/1/3 2934/1/3
f 2937/4/3 2934/4/3 2933/4/3
f 2938/1/3 2928/1/3 2937/1/3
f 2939/4/3 2930/4/3 2936/4/3
f 2942/4/3 2937/4/3 2933/4/3
f 2943/4/3 2940/4/3 2939/4/3
f 2943/4/3 2939/4/3 2936/4/3
f 2944/4/3 2940/4/3 2943/4/3
f 2945/4/3 2942/4/3 2941/4/3
f 2945/4/3 2937/4/3 2942/4/3
f 2946/4/3 2937/4/3 2945/4/3
f 2947/4/3 2940/4/3 2944/4/3
f 2950/4/3 2945/4/3 2941/4/3
f 2951/4/3 2948/4/3 2947/4/3
f 2951/4/3 2947/4/3 2944/4/3
f 2952/4/3 2948/4/3 2951/4/3
f 2953/4/3 2948/4/3 2952/4/3
f 2956/4/3 2950/4/3 2949/4/3
f 2957/4/3 2945/4/3 2950/4/3
f 2957/4/3 2950/4/3 2956/4/3
f 2958/4/3 2945/4/3 2957/4/3
f 2959/4/3 2954/4/3 2953/4/3
f 2959/4/3 2953/4/3 2952/4/3
f 2960/4/3 2954/4/3 2959/4/3
f 2961/4/3 2954/4/3 2960/4/3
f 2964/4/3 2956/4/3 2955/4/3
f 2964/4/3 2957/4/3 2956/4/3
f 2965/4/3 2957/4/3 2964/4/3
f 2966/4/3 2957/4/3 2965/4/3
f 2967/4/3 2962/4/3 2961/4/3
f 2967/4/3 2961/4/3 2960/4/3
f 2968/4/3 2962/4/3 2967/4/3
f 2969/4/3 2962/4/3 2968/4/3
f 2970/4/3 2965/4/3 2964/4/3
f 2970/4/3 2964/4/3 2963/4/3
f 2971/4/3 2965/4/3 2970/4/3
f 2972/4/3 2965/4/3 2971/4/3
f 2973/4/3 2969/4/3 2968/4/3
f 2973/4/3 2971/4/3 2970/4/3
f 2973/4/3 2970/4/3 2969/4/3
f 2974/4/3 2971/4/3 2973/4/3
f 2980/2/3 2976/2/3 2975/2/3
f 2981/2/3 2976/2/3 2980/2/3
f 2982/1/3 2977/1/3 2976/1/3
f 2982/2/3 2976/2/3 2981/2/3
f 2983/2/3 2978/2/3 2977/2/3
f 2983/1/3 2977/1/3 2982/1/3
f 2984/2/3 2978/2/3 2983/2/3
f 2985/2/3 2978/2/3 2984/2/3
f 2986/2/3 2978/2/3 2985/2/3
f 2990/2/3 2981/2/3 2980/2/3
f 2990/2/3 2980/2/3 2979/2/3
f 2991/2/3 2981/2/3 2990/2/3
f 2992/2/3 2981/2/3 2991/2/3
f 2993/2/3 2986/2/3 2985/2/3
f 2993/2/3 2987/2/3 2986/2/3
f 2994/4/3 2988/4/3 2987/4/3
f 2994/2/3 2987/2/3 2993/2/3
f 2995/4/3 2988/4/3 2994/4/3
f 2998/2/3 2991/2/3 2990/2/3
f 2998/2/3 2990/2/3 2989/2/3
f 2999/2/3 2991/2/3 2998/2/3
f 3000/2/3 2991/2/3 2999/2/3
f 3001/4/3 2996/4/3 2995/4/3
f 3001/4/3 2995/4/3 2994/4/3
f 3002/4/3 2996/4/3 3001/4/3
f 3005/2/3 2998/2/3 2997/2/3
f 3006/2/3 2998/2/3 3005/2/3
f 3007/4/3 3003/4/3 3002/4/3
f 3008/4/3 3003/4/3 3007/4/3
f 3011/2/3 3005/2/3 3004/2/3
f 3012/4/3 3009/4/3 3008/4/3
f 3014/2/3 3011/2/3 3010/2/3
f 3014/2/3 3005/2/3 3011/2/3
f 3015/2/3 3005/2/3 3014/2/3
f 3016/4/3 3013/4/3 3012/4/3
f 3016/4/3 3012/4/3 3008/4/3
f 3017/4/3 3013/4/3 3016/4/3
f 3019/2/3 3014/2/3 3010/2/3
f 3020/4/3 3013/4/3 3017/4/3
f 3022/4/3 3019/4/3 3018/4/3
f 3022/2/3 3014/2/3 3019/2/3
f 3023/2/3 3014/2/3 3022/2/3
f 3024/4/3 3020/4/3 3017/4/3
f 3025/1/3 3021/1/3 3020/1/3
f 3025/4/3 3020/4/3 3024/4/3
f 3026/4/3 3022/4/3 3018/4/3
f 3027/1/3 3021/1/3 3025/1/3
f 3028/4/3 3026/4/3 3018/4/3
f 3031/1/3 3021/1/3 3027/1/3
f 3032/4/3 3029/4/3 3028/4/3
f 3032/4/3 3028/4/3 3018/4/3
f 3033/4/3 3029/4/3 3032/4/3
f 3034/1/3 3031/1/3 3030/1/3
f 3034/1/3 3021/1/3 3031/1/3
f 3035/1/3 3021/1/3 3034/1/3
f 3036/4/3 3029/4/3 3033/4/3
f 3039/1/3 3034/1/3 3030/1/3
f 3040/4/3 3037/4/3 3036/4/3
f 3040/4/3 3036/4/3 3033/4/3
f 3041/4/3 3037/4/3 3040/4/3
f 3042/1/3 3039/1/3 3038/1/3
f 3043/1/3 3034/1/3 3039/1/3
f 3043/1/3 3039/1/3 3042/1/3
f 3044/1/3 3034/1/3 3043/1/3
f 3045/4/3 3037/4/3 3041/4/3
f 3046/4/3 3037/4/3 3045/4/3
f 3049/4/3 3043/4/3 3042/4/3
f 3050/4/3 3043/4/3 3049/4/3
f 3051/4/3 3047/4/3 3046/4/3
f 3052/4/3 3047/4/3 3051/4/3
f 3055/4/3 3049/4/3 3048/4/3
f 3056/4/3 3049/4/3 3055/4/3
f 3057/4/3 3053/4/3 3052/4/3
f 3058/4/3 3053/4/3 3057/4/3
f 3059/4/3 3053/4/3 3058/4/3
f 3062/4/3 3055/4/3 3054/4/3
f 3063/4/3 3055/4/3 3062/4/3
f 3064/4/3 3055/4/3 3063/4/3
f 3065/4/3 3060/4/3 3059/4/3
f 3065/4/3 3059/4/3 3058/4/3
f 3066/4/3 3060/4/3 3065/4/3
f 3067/4/3 3060/4/3 3066/4/3
f 3068/4/3 3063/4/3 3062/4/3
f 3068/4/3 3062/4/3 3061/4/3
f 3069/4/3 3063/4/3 3068/4/3
f 3070/4/3 3063/4/3 3069/4/3
f 3071/4/3 3067/4/3 3066/4/3
f 3071/4/3 3069/4/3 3068/4/3
f 3071/4/3 3068/4/3 3067/4/3
f 3072/4/3 3069/4/3 3071/4/3
f 3078/2/3 3074/2/3 3073/2/3
f 3079/1/3 3075/1/3 3074/1/3
f 3079/2/3 3074/2/3 3078/2/3
f 3080/1/3 3075/1/3 3079/1/3
f 3081/1/3 3075/1/3 3080/1/3
f 3082/2/3 3076/2/3 3075/2/3
f 3082/1/3 3075/1/3 3081/1/3
f 3083/2/3 3076/2/3 3082/2/3
f 3087/2/3 3078/2/3 3077/2/3
f 3088/2/3 3078/2/3 3087/2/3
f 3089/2/3 3084/2/3 3083/2/3
f 3090/4/3 3085/4/3 3084/4/3
f 3090/2/3 3084/2/3 3089/2/3
f 3091/4/3 3085/4/3 3090/4/3
f 3094/2/3 3087/2/3 3086/2/3
f 3095/2/3 3087/2/3 3094/2/3
f 3096/4/3 3092/4/3 3091/4/3
f 3097/4/3 3092/4/3 3096/4/3
f 3099/2/3 3094/2/3 3093/2/3
f 3100/2/3 3094/2/3 3099/2/3
f 3101/4/3 3098/4/3 3097/4/3
f 3102/4/3 3098/4/3 3101/4/3
f 3104/2/3 3099/2/3 3093/2/3
f 3105/2/3 3099/2/3 3104/2/3
f 3106/4/3 3098/4/3 3102/4/3
f 3107/4/3 3098/4/3 3106/4/3
f 3110/2/3 3104/2/3 3103/2/3
f 3111/2/3 3104/2/3 3110/2/3
f 3112/4/3 3108/4/3 3107/4/3
f 3113/4/3 3108/4/3 3112/4/3
f 3116/4/3 3110/4/3 3109/4/3
f 3117/4/3 3110/4/3 3116/4/3
f 3118/4/3 3114/4/3 3113/4/3
f 3119/4/3 3114/4/3 3118/4/3
f 3121/4/3 3116/4/3 3115/4/3
f 3122/4/3 3116/4/3 3121/4/3
f 3125/1/3 3120/1/3 3119/1/3
f 3126/1/3 3120/1/3 3125/1/3
f 3127/1/3 3125/1/3 3124/1/3
f 3128/1/3 3125/1/3 3127/1/3
f 3129/4/3 3123/4/3 3122/4/3
f 3130/4/3 3123/4/3 3129/4/3
f 3133/2/3 3128/2/3 3127/2/3
f 3134/2/3 3128/2/3 3133/2/3
f 3135/4/3 3131/4/3 3130/4/3
f 3136/4/3 3131/4/3 3135/4/3
f 3139/2/3 3133/2/3 3132/2/3
f 3140/2/3 3133/2/3 3139/2/3
f 3141/4/3 3137/4/3 3136/4/3
f 3144/2/3 3139/2/3 3138/2/3
f 3145/4/3 3142/4/3 3141/4/3
f 3145/4/3 3141/4/3 3136/4/3
f 3146/4/3 3142/4/3 3145/4/3
f 3149/4/3 3144/4/3 3143/4/3
f 3150/2/3 3139/2/3 3144/2/3
f 3150/4/3 3144/4/3 3149/4/3
f 3151/2/3 3139/2/3 3150/2/3
f 3152/4/3 3147/4/3 3146/4/3
f 3153/4/3 3147/4/3 3152/4/3
f 3156/4/3 3149/4/3 3148/4/3
f 3157/4/3 3149/4/3 3156/4/3
f 3158/4/3 3154/4/3 3153/4/3
f 3159/4/3 3154/4/3 3158/4/3
f 3162/4/3 3156/4/3 3155/4/3
f 3163/4/3 3156/4/3 3162/4/3
f 3164/4/3 3160/4/3 3159/4/3
f 3165/2/3 3161/2/3 3160/2/3
f 3165/4/3 3160/4/3 3164/4/3
f 3166/4/3 3162/4/3 3161/4/3
f 3166/2/3 3161/2/3 3165/2/3
f 3167/4/3 3162/4/3 3166/4/3
f 3172/1/3 3169/1/3 3168/1/3
f 3173/1/3 3169/1/3 3172/1/3
f 3178/2/3 3171/2/3 3170/2/3
f 3179/2/3 3171/2/3 3178/2/3
f 3180/2/3 3175/2/3 3174/2/3
f 3181/4/3 3176/4/3 3175/4/3
f 3181/2/3 3175/2/3 3180/2/3
f 3182/4/3 3176/4/3 3181/4/3
f 3185/2/3 3178/2/3 3177/2/3
f 3186/2/3 3178/2/3 3185/2/3
f 3187/4/3 3183/4/3 3182/4/3
f 3188/4/3 3183/4/3 3187/4/3
f 3191/2/3 3185/2/3 3184/2/3
f 3192/2/3 3185/2/3 3191/2/3
f 3193/4/3 3189/4/3 3188/4/3
f 3194/4/3 3189/4/3 3193/4/3
f 3197/2/3 3191/2/3 3190/2/3
f 3198/2/3 3191/2/3 3197/2/3
f 3199/4/3 3195/4/3 3194/4/3
f 3200/4/3 3195/4/3 3199/4/3
f 3203/4/3 3197/4/3 3196/4/3
f 3204/4/3 3197/4/3 3203/4/3
f 3205/4/3 3201/4/3 3200/4/3
f 3206/4/3 3201/4/3 3205/4/3
f 3208/4/3 3203/4/3 3202/4/3
f 3209/4/3 3203/4/3 3208/4/3
f 3210/4/3 3207/4/3 3206/4/3
f 3211/4/3 3207/4/3 3210/4/3
f 3216/1/3 3215/1/3 3214/1/3
f 3217/1/3 3215/1/3 3216/1/3
f 3218/4/3 3213/4/3 3212/4/3
f 3219/4/3 3213/4/3 3218/4/3
f 3220/2/3 3217/2/3 3216/2/3
f 3221/2/3 3217/2/3 3220/2/3
f 3226/2/3 3225/2/3 3224/2/3
f 3227/4/3 3223/4/3 3222/4/3
f 3228/4/3 3223/4/3 3227/4/3
f 3231/2/3 3225/2/3 3226/2/3
f 3232/2/3 3225/2/3 3231/2/3
f 3233/4/3 3229/4/3 3228/4/3
f 3234/4/3 3229/4/3 3233/4/3
f 3237/2/3 3231/2/3 3230/2/3
f 3238/2/3 3231/2/3 3237/2/3
f 3239/4/3 3235/4/3 3234/4/3
f 3240/4/3 3235/4/3 3239/4/3
f 3244/2/3 3237/2/3 3236/2/3
f 3245/2/3 3237/2/3 3244/2/3
f 3246/4/3 3241/4/3 3240/4/3
f 3247/4/3 3241/4/3 3246/4/3
f 3250/4/3 3243/4/3 3242/4/3
f 3251/2/3 3244/2/3 3243/2/3
f 3251/4/3 3243/4/3 3250/4/3
f 3252/2/3 3244/2/3 3251/2/3
f 3253/4/3 3248/4/3 3247/4/3
f 3254/4/3 3248/4/3 3253/4/3
f 3257/4/3 3250/4/3 3249/4/3
f 3258/4/3 3250/4/3 3257/4/3
f 3259/4/3 3255/4/3 3254/4/3
f 3260/4/3 3255/4/3 3259/4/3
f 3265/4/3 3257/4/3 3256/4/3
f 3266/4/3 3257/4/3 3265/4/3
f 3267/2/3 3262/2/3 3261/2/3
f 3267/2/3 3263/2/3 3262/2/3
f 3268/4/3 3264/4/3 3263/4/3
f 3268/2/3 3263/2/3 3267/2/3
f 3269/4/3 3264/4/3 3268/4/3
f 3274/1/3 3271/1/3 3270/1/3
f 3275/1/3 3271/1/3 3274/1/3
f 3280/2/3 3273/2/3 3272/2/3
f 3281/2/3 3273/2/3 3280/2/3
f 3282/2/3 3277/2/3 3276/2/3
f 3283/2/3 3277/2/3 3282/2/3
f 3287/2/3 3279/2/3 3278/2/3
f 3288/2/3 3279/2/3 3287/2/3
f 3289/4/3 3285/4/3 3284/4/3
f 3290/4/3 3285/4/3 3289/4/3
f 3293/2/3 3287/2/3 3286/2/3
f 3294/2/3 3287/2/3 3293/2/3
f 3295/4/3 3291/4/3 3290/4/3
f 3296/4/3 3291/4/3 3295/4/3
f 3299/2/3 3293/2/3 3292/2/3
f 3300/2/3 3293/2/3 3299/2/3
f 3301/4/3 3297/4/3 3296/4/3
f 3302/4/3 3297/4/3 3301/4/3
f 3305/2/3 3299/2/3 3298/2/3
f 3306/2/3 3299/2/3 3305/2/3
f 3307/4/3 3303/4/3 3302/4/3
f 3308/4/3 3303/4/3 3307/4/3
f 3310/4/3 3305/4/3 3304/4/3
f 3311/4/3 3305/4/3 3310/4/3
f 3312/4/3 3309/4/3 3308/4/3
f 3313/4/3 3309/4/3 3312/4/3
f 3318/4/3 3317/4/3 3316/4/3
f 3319/4/3 3317/4/3 3318/4/3
f 3320/4/3 3315/4/3 3314/4/3
f 3321/4/3 3315/4/3 3320/4/3
f 3322/1/3 3319/1/3 3318/1/3
f 3323/1/3 3319/1/3 3322/1/3
f 3328/4/3 3325/4/3 3324/4/3
f 3329/4/3 3325/4/3 3328/4/3
f 3330/1/3 3327/1/3 3326/1/3
f 3331/1/3 3327/1/3 3330/1/3
f 3336/4/3 3333/4/3 3332/4/3
f 3337/4/3 3333/4/3 3336/4/3
f 3338/1/3 3337/1/3 3336/1/3
f 3339/1/3 3337/1/3 3338/1/3
f 3340/2/3 3335/2/3 3334/2/3
f 3341/2/3 3335/2/3 3340/2/3
f 3346/4/3 3343/4/3 3342/4/3
f 3347/4/3 3343/4/3 3346/4/3
f 3350/2/3 3345/2/3 3344/2/3
f 3351/2/3 3345/2/3 3350/2/3
f 3352/4/3 3348/4/3 3347/4/3
f 3353/4/3 3348/4/3 3352/4/3
f 3356/2/3 3350/2/3 3349/2/3
f 3357/2/3 3350/2/3 3356/2/3
f 3358/4/3 3354/4/3 3353/4/3
f 3359/4/3 3354/4/3 3358/4/3
f 3363/2/3 3356/2/3 3355/2/3
f 3364/2/3 3356/2/3 3363/2/3
f 3365/1/3 3360/1/3 3359/1/3
f 3366/1/3 3360/1/3 3365/1/3
f 3369/2/3 3362/2/3 3361/2/3
f 3369/2/3 3363/2/3 3362/2/3
f 3370/2/3 3363/2/3 3369/2/3
f 3371/1/3 3367/1/3 3366/1/3
f 3372/1/3 3367/1/3 3371/1/3
f 3377/4/3 3369/4/3 3368/4/3
f 3378/4/3 3369/4/3 3377/4/3
f 3379/2/3 3374/2/3 3373/2/3
f 3380/2/3 3374/2/3 3379/2/3
f 3383/4/3 3376/4/3 3375/4/3
f 3384/4/3 3376/4/3 3383/4/3
f 3385/2/3 3382/2/3 3381/2/3
f 3386/2/3 3382/2/3 3385/2/3
f 3395/2/3 3388/2/3 3387/2/3
f 3396/2/3 3388/2/3 3395/2/3
f 3397/1/3 3389/1/3 3388/1/3
f 3397/2/3 3388/2/3 3396/2/3
f 3398/1/3 3389/1/3 3397/1/3
f 3399/1/3 3391/1/3 3390/1/3
f 3400/2/3 3392/2/3 3391/2/3
f 3400/1/3 3391/1/3 3399/1/3
f 3401/2/3 3392/2/3 3400/2/3
f 3405/2/3 3394/2/3 3393/2/3
f 3406/2/3 3394/2/3 3405/2/3
f 3407/4/3 3403/4/3 3402/4/3
f 3408/4/3 3403/4/3 3407/4/3
f 3410/2/3 3405/2/3 3404/2/3
f 3411/2/3 3405/2/3 3410/2/3
f 3412/4/3 3409/4/3 3408/4/3
f 3413/4/3 3409/4/3 3412/4/3
f 3419/4/3 3415/4/3 3414/4/3
f 3420/4/3 3415/4/3 3419/4/3
f 3421/4/3 3417/4/3 3416/4/3
f 3422/4/3 3417/4/3 3421/4/3
f 3424/4/3 3419/4/3 3418/4/3
f 3425/4/3 3419/4/3 3424/4/3
f 3426/4/3 3423/4/3 3422/4/3
f 3427/4/3 3423/4/3 3426/4/3
f 3432/4/3 3429/4/3 3428/4/3
f 3433/4/3 3429/4/3 3432/4/3
f 3434/1/3 3431/1/3 3430/1/3
f 3435/1/3 3431/1/3 3434/1/3
f 3440/1/3 3439/1/3 3438/1/3
f 3441/1/3 3439/1/3 3440/1/3
f 3442/1/3 3437/1/3 3436/1/3
f 3443/1/3 3437/1/3 3442/1/3
f 3444/2/3 3441/2/3 3440/2/3
f 3445/2/3 3441/2/3 3444/2/3
f 3450/1/3 3447/1/3 3446/1/3
f 3451/1/3 3447/1/3 3450/1/3
f 3452/4/3 3451/4/3 3450/4/3
f 3453/4/3 3451/4/3 3452/4/3
f 3456/2/3 3449/2/3 3448/2/3
f 3457/2/3 3449/2/3 3456/2/3
f 3458/4/3 3454/4/3 3453/4/3
f 3459/4/3 3454/4/3 3458/4/3
f 3460/2/3 3456/2/3 3455/2/3
f 3461/2/3 3456/2/3 3460/2/3
f 3466/1/3 3463/1/3 3462/1/3
f 3467/1/3 3463/1/3 3466/1/3
f 3471/2/3 3465/2/3 3464/2/3
f 3472/2/3 3465/2/3 3471/2/3
f 3473/1/3 3469/1/3 3468/1/3
f 3473/1/3 3468/1/3 3467/1/3
f 3474/1/3 3469/1/3 3473/1/3
f 3480/2/3 3471/2/3 3470/2/3
f 3481/2/3 3471/2/3 3480/2/3
f 3482/2/3 3476/2/3 3475/2/3
f 3483/2/3 3476/2/3 3482/2/3
f 3484/2/3 3479/2/3 3478/2/3
f 3484/2/3 3478/2/3 3477/2/3
f 3485/2/3 3479/2/3 3484/2/3
f 3490/1/3 3487/1/3 3486/1/3
f 3491/1/3 3487/1/3 3490/1/3
f 3497/2/3 3489/2/3 3488/2/3
f 3498/2/3 3489/2/3 3497/2/3
f 3499/1/3 3493/1/3 3492/1/3
f 3500/4/3 3494/4/3 3493/4/3
f 3500/1/3 3493/1/3 3499/1/3
f 3501/4/3 3494/4/3 3500/4/3
f 3505/2/3 3496/2/3 3495/2/3
f 3506/2/3 3496/2/3 3505/2/3
f 3507/4/3 3503/4/3 3502/4/3
f 3508/4/3 3503/4/3 3507/4/3
f 3511/2/3 3505/2/3 3504/2/3
f 3512/2/3 3505/2/3 3511/2/3
f 3513/4/3 3509/4/3 3508/4/3
f 3514/4/3 3509/4/3 3513/4/3
f 3517/2/3 3511/2/3 3510/2/3
f 3518/2/3 3511/2/3 3517/2/3
f 3519/4/3 3515/4/3 3514/4/3
f 3520/4/3 3515/4/3 3519/4/3
f 3523/2/3 3517/2/3 3516/2/3
f 3524/2/3 3517/2/3 3523/2/3
f 3525/4/3 3521/4/3 3520/4/3
f 3526/4/3 3521/4/3 3525/4/3
f 3529/4/3 3523/4/3 3522/4/3
f 3530/4/3 3523/4/3 3529/4/3
f 3531/4/3 3527/4/3 3526/4/3
f 3532/4/3 3527/4/3 3531/4/3
f 3534/4/3 3529/4/3 3528/4/3
f 3535/4/3 3529/4/3 3534/4/3
f 3536/4/3 3533/4/3 3532/4/3
f 3537/4/3 3533/4/3 3536/4/3
f 3542/2/3 3541/2/3 3540/2/3
f 3543/4/3 3539/4/3 3538/4/3
f 3544/4/3 3539/4/3 3543/4/3
f 3545/2/3 3541/2/3 3542/2/3
f 3546/2/3 3541/2/3 3545/2/3
f 3551/1/3 3548/1/3 3547/1/3
f 3552/1/3 3551/1/3 3547/1/3
f 3553/1/3 3551/1/3 3552/1/3
f 3554/1/3 3550/1/3 3549/1/3
f 3555/1/3 3550/1/3 3554/1/3
f 3560/1/3 3557/1/3 3556/1/3
f 3561/1/3 3557/1/3 3560/1/3
f 3562/2/3 3559/2/3 3558/2/3
f 3563/2/3 3559/2/3 3562/2/3
f 3568/4/3 3565/4/3 3564/4/3
f 3569/4/3 3565/4/3 3568/4/3
f 3572/2/3 3567/2/3 3566/2/3
f 3573/2/3 3567/2/3 3572/2/3
f 3574/4/3 3570/4/3 3569/4/3
f 3575/4/3 3570/4/3 3574/4/3
f 3578/2/3 3572/2/3 3571/2/3
f 3579/2/3 3572/2/3 3578/2/3
f 3580/4/3 3576/4/3 3575/4/3
f 3581/4/3 3576/4/3 3580/4/3
f 3584/2/3 3578/2/3 3577/2/3
f 3585/2/3 3578/2/3 3584/2/3
f 3586/1/3 3582/1/3 3581/1/3
f 3587/1/3 3582/1/3 3586/1/3
f 3590/2/3 3584/2/3 3583/2/3
f 3591/2/3 3584/2/3 3590/2/3
f 3592/1/3 3588/1/3 3587/1/3
f 3593/1/3 3588/1/3 3592/1/3
f 3596/2/3 3590/2/3 3589/2/3
f 3597/2/3 3590/2/3 3596/2/3
f 3598/1/3 3594/1/3 3593/1/3
f 3599/1/3 3594/1/3 3598/1/3
f 3606/2/3 3596/2/3 3595/2/3
f 3607/2/3 3596/2/3 3606/2/3
f 3608/1/3 3601/1/3 3600/1/3
f 3609/2/3 3602/2/3 3601/2/3
f 3609/1/3 3601/1/3 3608/1/3
f 3610/2/3 3602/2/3 3609/2/3
f 3613/2/3 3605/2/3 3604/2/3
f 3613/2/3 3604/2/3 3603/2/3
f 3614/2/3 3605/2/3 3613/2/3
f 3615/2/3 3612/2/3 3611/2/3
f 3616/2/3 3612/2/3 3615/2/3
f 3623/1/3 3618/1/3 3617/1/3
f 3624/1/3 3618/1/3 3623/1/3
f 3625/1/3 3620/1/3 3619/1/3
f 3626/1/3 3620/1/3 3625/1/3
f 3629/2/3 3622/2/3 3621/2/3
f 3630/2/3 3622/2/3 3629/2/3
f 3631/4/3 3628/4/3 3627/4/3
f 3632/4/3 3628/4/3 3631/4/3
f 3638/2/3 3634/2/3 3633/2/3
f 3639/2/3 3634/2/3 3638/2/3
f 3640/4/3 3636/4/3 3635/4/3
f 3641/4/3 3636/4/3 3640/4/3
f 3644/2/3 3638/2/3 3637/2/3
f 3645/2/3 3638/2/3 3644/2/3
f 3646/4/3 3642/4/3 3641/4/3
f 3647/4/3 3642/4/3 3646/4/3
f 3649/4/3 3644/4/3 3643/4/3
f 3650/4/3 3644/4/3 3649/4/3
f 3651/4/3 3648/4/3 3647/4/3
f 3652/4/3 3648/4/3 3651/4/3
f 3657/4/3 3654/4/3 3653/4/3
f 3658/4/3 3654/4/3 3657/4/3
f 3659/2/3 3656/2/3 3655/2/3
f 3660/2/3 3656/2/3 3659/2/3
f 3665/4/3 3662/4/3 3661/4/3
f 3666/4/3 3662/4/3 3665/4/3
f 3667/1/3 3664/1/3 3663/1/3
f 3668/1/3 3664/1/3 3667/1/3
f 3673/2/3 3670/2/3 3669/2/3
f 3674/2/3 3670/2/3 3673/2/3
f 3675/2/3 3672/2/3 3671/2/3
f 3676/2/3 3672/2/3 3675/2/3
f 3681/1/3 3678/1/3 3677/1/3
f 3682/1/3 3678/1/3 3681/1/3
f 3683/2/3 3680/2/3 3679/2/3
f 3684/2/3 3680/2/3 3683/2/3
f 3689/1/3 3686/1/3 3685/1/3
f 3690/1/3 3686/1/3 3689/1/3
f 3693/2/3 3688/2/3 3687/2/3
f 3694/2/3 3688/2/3 3693/2/3
f 3695/1/3 3691/1/3 3690/1/3
f 3696/1/3 3691/1/3 3695/1/3
f 3699/2/3 3693/2/3 3692/2/3
f 3700/2/3 3693/2/3 3699/2/3
f 3701/1/3 3697/1/3 3696/1/3
f 3702/1/3 3697/1/3 3701/1/3
f 3703/2/3 3699/2/3 3698/2/3
f 3704/2/3 3699/2/3 3703/2/3
f 3709/1/3 3706/1/3 3705/1/3
f 3710/1/3 3706/1/3 3709/1/3
f 3715/2/3 3708/2/3 3707/2/3
f 3716/2/3 3708/2/3 3715/2/3
f 3717/2/3 3712/2/3 3711/2/3
f 3718/2/3 3712/2/3 3717/2/3
f 3719/2/3 3714/2/3 3713/2/3
f 3720/2/3 3714/2/3 3719/2/3
f 3725/1/3 3722/1/3 3721/1/3
f 3726/1/3 3722/1/3 3725/1/3
f 3727/1/3 3724/1/3 3723/1/3
f 3728/1/3 3724/1/3 3727/1/3
f 3733/2/3 3730/2/3 3729/2/3
f 3734/2/3 3730/2/3 3733/2/3
f 3735/4/3 3732/4/3 3731/4/3
f 3736/4/3 3732/4/3 3735/4/3
f 3741/4/3 3738/4/3 3737/4/3
f 3742/4/3 3738/4/3 3741/4/3
f 3743/4/3 3740/4/3 3739/4/3
f 3744/4/3 3740/4/3 3743/4/3
f 3749/4/3 3746/4/3 3745/4/3
f 3750/4/3 3746/4/3 3749/4/3
f 3751/2/3 3748/2/3 3747/2/3
f 3752/2/3 3748/2/3 3751/2/3
f 3757/2/3 3754/2/3 3753/2/3
f 3758/2/3 3754/2/3 3757/2/3
f 3759/2/3 3756/2/3 3755/2/3
f 3760/2/3 3756/2/3 3759/2/3
f 3765/2/3 3762/2/3 3761/2/3
f 3766/2/3 3762/2/3 3765/2/3
f 3767/2/3 3764/2/3 3763/2/3
f 3768/2/3 3764/2/3 3767/2/3
f 3773/1/3 3770/1/3 3769/1/3
f 3774/1/3 3770/1/3 3773/1/3
f 3775/2/3 3772/2/3 3771/2/3
f 3776/2/3 3772/2/3 3775/2/3
f 3781/2/3 3778/2/3 3777/2/3
f 3782/2/3 3778/2/3 3781/2/3
f 3783/1/3 3780/1/3 3779/1/3
f 3784/1/3 3780/1/3 3783/1/3
f 3789/1/3 3786/1/3 3785/1/3
f 3790/1/3 3786/1/3 3789/1/3
f 3795/2/3 3788/2/3 3787/2/3
f 3796/2/3 3788/2/3 3795/2/3
f 3797/1/3 3792/1/3 3791/1/3
f 3798/1/3 3792/1/3 3797/1/3
f 3801/2/3 3794/2/3 3793/2/3
f 3802/2/3 3794/2/3 3801/2/3
f 3803/4/3 3800/4/3 3799/4/3
f 3804/4/3 3800/4/3 3803/4/3
f 3810/2/3 3806/2/3 3805/2/3
f 3811/2/3 3806/2/3 3810/2/3
f 3812/4/3 3808/4/3 3807/4/3
f 3813/4/3 3808/4/3 3812/4/3
f 3815/2/3 3810/2/3 3809/2/3
f 3816/2/3 3810/2/3 3815/2/3
f 3817/4/3 3814/4/3 3813/4/3
f 3818/4/3 3814/4/3 3817/4/3
f 3823/4/3 3820/4/3 3819/4/3
f 3824/4/3 3820/4/3 3823/4/3
f 3825/4/3 3822/4/3 3821/4/3
f 3826/4/3 3822/4/3 3825/4/3
f 3831/4/3 3828/4/3 3827/4/3
f 3832/4/3 3828/4/3 3831/4/3
f 3833/2/3 3830/2/3 3829/2/3
f 3834/2/3 3830/2/3 3833/2/3
f 3839/4/3 3836/4/3 3835/4/3
f 3840/4/3 3839/4/3 3835/4/3
f 3841/4/3 3840/4/3 3835/4/3
f 3842/4/3 3840/4/3 3841/4/3
f 3843/1/3 3838/1/3 3837/1/3
f 3844/1/3 3838/1/3 3843/1/3
f 3849/2/3 3846/2/3 3845/2/3
f 3850/2/3 3846/2/3 3849/2/3
f 3851/2/3 3848/2/3 3847/2/3
f 3852/2/3 3848/2/3 3851/2/3
f 3857/2/3 3854/2/3 3853/2/3
f 3858/2/3 3854/2/3 3857/2/3
f 3859/1/3 3856/1/3 3855/1/3
f 3860/1/3 3856/1/3 3859/1/3
f 3865/2/3 3862/2/3 3861/2/3
f 3866/2/3 3862/2/3 3865/2/3
f 3869/2/3 3864/2/3 3863/2/3
f 3870/2/3 3864/2/3 3869/2/3
f 3871/2/3 3867/2/3 3866/2/3
f 3872/2/3 3867/2/3 3871/2/3
f 3873/2/3 3869/2/3 3868/2/3
f 3874/2/3 3869/2/3 3873/2/3
f 3879/1/3 3876/1/3 3875/1/3
f 3880/1/3 3876/1/3 3879/1/3
f 3885/1/3 3878/1/3 3877/1/3
f 3886/1/3 3878/1/3 3885/1/3
f 3887/1/3 3882/1/3 3881/1/3
f 3888/1/3 3882/1/3 3887/1/3
f 3891/1/3 3884/1/3 3883/1/3
f 3892/1/3 3884/1/3 3891/1/3
f 3893/2/3 3890/2/3 3889/2/3
f 3894/2/3 3890/2/3 3893/2/3
f 3899/1/3 3896/1/3 3895/1/3
f 3900/1/3 3896/1/3 3899/1/3
f 3901/1/3 3898/1/3 3897/1/3
f 3902/1/3 3898/1/3 3901/1/3
f 3907/1/3 3904/1/3 3903/1/3
f 3908/1/3 3904/1/3 3907/1/3
f 3909/4/3 3906/4/3 3905/4/3
f 3910/4/3 3906/4/3 3909/4/3
f 3915/4/3 3912/4/3 3911/4/3
f 3916/4/3 3912/4/3 3915/4/3
f 3917/4/3 3914/4/3 3913/4/3
f 3918/4/3 3914/4/3 3917/4/3
f 3923/4/3 3920/4/3 3919/4/3
f 3924/4/3 3920/4/3 3923/4/3
f 3925/1/3 3922/1/3 3921/1/3
f 3926/1/3 3922/1/3 3925/1/3
f 3931/4/3 3928/4/3 3927/4/3
f 3932/4/3 3928/4/3 3931/4/3
f 3933/2/3 3930/2/3 3929/2/3
f 3934/2/3 3930/2/3 3933/2/3
f 3939/2/3 3936/2/3 3935/2/3
f 3940/2/3 3936/2/3 3939/2/3
f 3941/1/3 3938/1/3 3937/1/3
f 3942/1/3 3938/1/3 3941/1/3
f 3947/1/3 3944/1/3 3943/1/3
f 3948/1/3 3944/1/3 3947/1/3
f 3949/1/3 3946/1/3 3945/1/3
f 3950/1/3 3946/1/3 3949/1/3
f 3955/2/3 3952/2/3 3951/2/3
f 3956/2/3 3952/2/3 3955/2/3
f 3957/1/3 3954/1/3 3953/1/3
f 3958/1/3 3954/1/3 3957/1/3
f 3965/1/3 3960/1/3 3959/1/3
f 3966/1/3 3960/1/3 3965/1/3
f 3967/1/3 3962/1/3 3961/1/3
f 3968/1/3 3962/1/3 3967/1/3
f 3971/2/3 3964/2/3 3963/2/3
f 3972/2/3 3964/2/3 3971/2/3
f 3973/1/3 3970/1/3 3969/1/3
f 3974/1/3 3970/1/3 3973/1/3
f 3979/4/3 3976/4/3 3975/4/3
f 3980/4/3 3976/4/3 3979/4/3
f 3981/4/3 3978/4/3 3977/4/3
f 3982/4/3 3978/4/3 3981/4/3
f 3987/2/3 3984/2/3 3983/2/3
f 3988/2/3 3984/2/3 3987/2/3
f 3989/1/3 3986/1/3 3985/1/3
f 3990/1/3 3986/1/3 3989/1/3
f 3995/2/3 3992/2/3 3991/2/3
f 3996/2/3 3992/2/3 3995/2/3
f 3997/2/3 3994/2/3 3993/2/3
f 3998/2/3 3994/2/3 3997/2/3
f 4003/2/3 4000/2/3 3999/2/3
f 4004/2/3 4000/2/3 4003/2/3
f 4005/1/3 4002/1/3 4001/1/3
f 4006/1/3 4002/1/3 4005/1/3
f 4011/1/3 4008/1/3 4007/1/3
f 4012/1/3 4008/1/3 4011/1/3
f 4017/1/3 4010/1/3 4009/1/3
f 4018/1/3 4010/1/3 4017/1/3
f 4019/2/3 4014/2/3 4013/2/3
f 4020/2/3 4014/2/3 4019/2/3
f 4021/1/3 4016/1/3 4015/1/3
f 4022/1/3 4016/1/3 4021/1/3
f 4027/1/3 4024/1/3 4023/1/3
f 4028/1/3 4024/1/3 4027/1/3
f 4029/1/3 4026/1/3 4025/1/3
f 4030/1/3 4026/1/3 4029/1/3
f 4035/4/3 4032/4/3 4031/4/3
f 4036/4/3 4032/4/3 4035/4/3
f 4037/4/3 4034/4/3 4033/4/3
f 4038/4/3 4034/4/3 4037/4/3
f 4043/2/3 4040/2/3 4039/2/3
f 4044/2/3 4040/2/3 4043/2/3
f 4045/1/3 4042/1/3 4041/1/3
f 4046/1/3 4042/1/3 4045/1/3
f 4051/1/3 4048/1/3 4047/1/3
f 4052/1/3 4048/1/3 4051/1/3
f 4053/1/3 4050/1/3 4049/1/3
f 4054/1/3 4050/1/3 4053/1/3
f 4055/1/4 4056/1/4 4059/1/4
f 4059/1/4 4056/1/4 4060/1/4
f 4057/1/4 4058/1/4 4061/1/4
f 4061/1/4 4058/1/4 4062/1/4
f 4063/4/4 4064/4/4 4067/4/4
f 4067/4/4 4064/4/4 4068/4/4
f 4065/4/4 4066/4/4 4069/4/4
f 4069/4/4 4066/4/4 4070/4/4
f 4071/2/4 4072/2/4 4075/2/4
f 4075/2/4 4072/2/4 4076/2/4
f 4073/1/4 4074/1/4 4077/1/4
f 4077/1/4 4074/1/4 4078/1/4
f 4079/1/4 4080/1/4 4083/1/4
f 4083/1/4 4080/1/4 4084/1/4
f 4081/1/4 4082/1/4 4085/1/4
f 4085/1/4 4082/1/4 4086/1/4
f 4087/2/4 4088/2/4 4093/2/4
f 4093/2/4 4088/2/4 4094/2/4
f 4089/2/4 4090/2/4 4095/2/4
f 4095/2/4 4090/2/4 4096/2/4
f 4091/1/4 4092/1/4 4099/1/4
f 4099/1/4 4092/1/4 4100/1/4
f 4097/1/4 4098/1/4 4101/1/4
f 4101/1/4 4098/1/4 4102/1/4
f 4103/4/4 4104/4/4 4107/4/4
f 4107/4/4 4104/4/4 4108/4/4
f 4105/4/4 4106/4/4 4109/4/4
f 4109/4/4 4106/4/4 4110/4/4
f 4111/4/4 4112/4/4 4115/4/4
f 4115/4/4 4112/4/4 4116/4/4
f 4113/1/4 4114/1/4 4117/1/4
f 4117/1/4 4114/1/4 4118/1/4
f 4119/2/4 4120/2/4 4123/2/4
f 4123/2/4 4120/2/4 4124/2/4
f 4121/1/4 4122/1/4 4125/1/4
f 4125/1/4 4122/1/4 4126/1/4
f 4127/2/4 4128/2/4 4131/2/4
f 4131/2/4 4128/2/4 4132/2/4
f 4129/1/4 4130/1/4 4133/1/4
f 4133/1/4 4130/1/4 4134/1/4
f 4135/1/4 4136/1/4 4139/1/4
f 4139/1/4 4136/1/4 4140/1/4
f 4137/1/4 4138/1/4 4145/1/4
f 4145/1/4 4138/1/4 4146/1/4
f 4141/2/4 4142/2/4 4147/2/4
f 4147/2/4 4142/2/4 4148/2/4
f 4143/1/4 4144/1/4 4149/1/4
f 4149/1/4 4144/1/4 4150/1/4
f 4151/2/4 4152/2/4 4155/2/4
f 4155/2/4 4152/2/4 4156/2/4
f 4153/2/4 4154/2/4 4157/2/4
f 4157/2/4 4154/2/4 4158/2/4
f 4159/1/4 4160/1/4 4163/1/4
f 4163/1/4 4160/1/4 4164/1/4
f 4161/1/4 4162/1/4 4165/1/4
f 4165/1/4 4162/1/4 4166/1/4
f 4167/1/4 4168/1/4 4171/1/4
f 4171/1/4 4168/1/4 4172/1/4
f 4169/4/4 4170/4/4 4173/4/4
f 4173/4/4 4170/4/4 4174/4/4
f 4175/4/4 4176/4/4 4179/4/4
f 4179/4/4 4176/4/4 4180/4/4
f 4177/1/4 4178/1/4 4181/1/4
f 4181/1/4 4178/1/4 4182/1/4
f 4183/4/4 4184/4/4 4187/4/4
f 4187/4/4 4184/4/4 4188/4/4
f 4185/1/4 4186/1/4 4189/1/4
f 4189/1/4 4186/1/4 4190/1/4
f 4191/2/4 4192/2/4 4195/2/4
f 4195/2/4 4192/2/4 4196/2/4
f 4193/1/4 4194/1/4 4197/1/4
f 4197/1/4 4194/1/4 4198/1/4
f 4199/2/4 4200/2/4 4203/2/4
f 4203/2/4 4200/2/4 4204/2/4
f 4201/1/4 4202/1/4 4205/1/4
f 4205/1/4 4202/1/4 4206/1/4
f 4207/1/4 4208/1/4 4211/1/4
f 4211/1/4 4208/1/4 4212/1/4
f 4209/1/4 4210/1/4 4213/1/4
f 4213/1/4 4210/1/4 4214/1/4
f 4215/2/4 4216/2/4 4219/2/4
f 4219/2/4 4216/2/4 4220/2/4
f 4217/1/4 4218/1/4 4225/1/4
f 4225/1/4 4218/1/4 4226/1/4
f 4221/1/4 4222/1/4 4227/1/4
f 4227/1/4 4222/1/4 4228/1/4
f 4223/1/4 4224/1/4 4231/1/4
f 4231/1/4 4224/1/4 4232/1/4
f 4229/1/4 4230/1/4 4233/1/4
f 4233/1/4 4230/1/4 4234/1/4
f 4235/1/4 4236/1/4 4240/1/4
f 4240/1/4 4236/1/4 4241/1/4
f 4237/1/4 4238/1/4 4242/1/4
f 4242/1/4 4238/1/4 4243/1/4
f 4239/1/4 4240/1/4 4245/1/4
f 4245/1/4 4240/1/4 4246/1/4
f 4243/4/4 4244/4/4 4247/4/4
f 4247/4/4 4244/4/4 4248/4/4
f 4249/4/4 4250/4/4 4253/4/4
f 4253/4/4 4250/4/4 4254/4/4
f 4251/4/4 4252/4/4 4255/4/4
f 4255/4/4 4252/4/4 4256/4/4
f 4257/4/4 4258/4/4 4261/4/4
f 4261/4/4 4258/4/4 4262/4/4
f 4259/4/4 4260/4/4 4263/4/4
f 4263/4/4 4260/4/4 4264/4/4
f 4265/4/4 4266/4/4 4269/4/4
f 4269/4/4 4266/4/4 4270/4/4
f 4267/1/4 4268/1/4 4271/1/4
f 4271/1/4 4268/1/4 4272/1/4
f 4273/2/4 4274/2/4 4277/2/4
f 4277/2/4 4274/2/4 4278/2/4
f 4275/2/4 4276/2/4 4279/2/4
f 4279/2/4 4276/2/4 4280/2/4
f 4281/2/4 4282/2/4 4285/2/4
f 4285/2/4 4282/2/4 4286/2/4
f 4283/1/4 4284/1/4 4287/1/4
f 4287/1/4 4284/1/4 4288/1/4
f 4289/2/4 4290/2/4 4293/2/4
f 4293/2/4 4290/2/4 4294/2/4
f 4291/1/4 4292/1/4 4297/1/4
f 4297/1/4 4292/1/4 4298/1/4
f 4294/2/4 4295/2/4 4299/2/4
f 4299/2/4 4295/2/4 4300/2/4
f 4296/1/4 4297/1/4 4301/1/4
f 4301/1/4 4297/1/4 4302/1/4
f 4303/2/4 4304/2/4 4307/2/4
f 4307/2/4 4304/2/4 4308/2/4
f 4305/1/4 4306/1/4 4313/1/4
f 4313/1/4 4306/1/4 4314/1/4
f 4309/2/4 4310/2/4 4315/2/4
f 4315/2/4 4310/2/4 4316/2/4
f 4311/1/4 4312/1/4 4319/1/4
f 4319/1/4 4312/1/4 4320/1/4
f 4317/1/4 4318/1/4 4321/1/4
f 4321/1/4 4318/1/4 4322/1/4
f 4323/1/4 4324/1/4 4327/1/4
f 4327/1/4 4324/1/4 4328/1/4
f 4325/1/4 4326/1/4 4329/1/4
f 4329/1/4 4326/1/4 4330/1/4
f 4331/1/4 4332/1/4 4335/1/4
f 4335/1/4 4332/1/4 4336/1/4
f 4333/1/4 4334/1/4 4337/1/4
f 4337/1/4 4334/1/4 4338/1/4
f 4339/2/4 4340/2/4 4343/2/4
f 4343/2/4 4340/2/4 4344/2/4
f 4341/4/4 4342/4/4 4345/4/4
f 4345/4/4 4342/4/4 4346/4/4
f 4347/2/4 4348/2/4 4351/2/4
f 4351/2/4 4348/2/4 4352/2/4
f 4349/2/4 4350/2/4 4353/2/4
f 4353/2/4 4350/2/4 4354/2/4
f 4355/2/4 4356/2/4 4359/2/4
f 4359/2/4 4356/2/4 4360/2/4
f 4357/2/4 4358/2/4 4361/2/4
f 4361/2/4 4358/2/4 4362/2/4
f 4363/2/4 4364/2/4 4367/2/4
f 4367/2/4 4364/2/4 4368/2/4
f 4365/1/4 4366/1/4 4369/1/4
f 4369/1/4 4366/1/4 4370/1/4
f 4371/2/4 4372/2/4 4375/2/4
f 4375/2/4 4372/2/4 4376/2/4
f 4373/1/4 4374/1/4 4377/1/4
f 4377/1/4 4374/1/4 4378/1/4
f 4379/2/4 4380/2/4 4383/2/4
f 4383/2/4 4380/2/4 4384/2/4
f 4381/1/4 4382/1/4 4385/1/4
f 4385/1/4 4382/1/4 4386/1/4
f 4387/1/4 4388/1/4 4393/1/4
f 4393/1/4 4388/1/4 4394/1/4
f 4389/2/4 4390/2/4 4395/2/4
f 4395/2/4 4390/2/4 4396/2/4
f 4391/1/4 4392/1/4 4399/1/4
f 4399/1/4 4392/1/4 4400/1/4
f 4397/1/4 4398/1/4 4401/1/4
f 4401/1/4 4398/1/4 4402/1/4
f 4403/1/4 4404/1/4 4408/1/4
f 4408/1/4 4404/1/4 4409/1/4
f 4405/1/4 4406/1/4 4410/1/4
f 4410/1/4 4406/1/4 4411/1/4
f 4407/1/4 4408/1/4 4414/1/4
f 4414/1/4 4408/1/4 4415/1/4
f 4411/1/4 4412/1/4 4416/1/4
f 4416/1/4 4412/1/4 4417/1/4
f 4413/1/4 4414/1/4 4419/1/4
f 4419/1/4 4414/1/4 4420/1/4
f 4417/4/4 4418/4/4 4421/4/4
f 4421/4/4 4418/4/4 4422/4/4
f 4423/2/4 4424/2/4 4427/2/4
f 4427/2/4 4424/2/4 4428/2/4
f 4425/4/4 4426/4/4 4429/4/4
f 4429/4/4 4426/4/4 4430/4/4
f 4431/4/4 4432/4/4 4435/4/4
f 4435/4/4 4432/4/4 4436/4/4
f 4433/2/4 4434/2/4 4437/2/4
f 4437/2/4 4434/2/4 4438/2/4
f 4439/2/4 4440/2/4 4443/2/4
f 4439/2/4 4443/2/4 4444/2/4
f 4444/2/4 4443/2/4 4445/2/4
f 4441/2/4 4442/2/4 4446/2/4
f 4446/2/4 4442/2/4 4447/2/4
f 4448/2/4 4449/2/4 4452/2/4
f 4452/2/4 4449/2/4 4453/2/4
f 4450/1/4 4451/1/4 4454/1/4
f 4454/1/4 4451/1/4 4455/1/4
f 4456/2/4 4457/2/4 4460/2/4
f 4460/2/4 4457/2/4 4461/2/4
f 4458/1/4 4459/1/4 4464/1/4
f 4464/1/4 4459/1/4 4465/1/4
f 4461/2/4 4462/2/4 4466/2/4
f 4466/2/4 4462/2/4 4467/2/4
f 4463/1/4 4464/1/4 4470/1/4
f 4470/1/4 4464/1/4 4471/1/4
f 4467/2/4 4468/2/4 4472/2/4
f 4472/2/4 4468/2/4 4473/2/4
f 4469/1/4 4470/1/4 4474/1/4
f 4474/1/4 4470/1/4 4475/1/4
f 4476/2/4 4477/2/4 4480/2/4
f 4480/2/4 4477/2/4 4481/2/4
f 4478/1/4 4479/1/4 4488/1/4
f 4488/1/4 4479/1/4 4489/1/4
f 4482/1/4 4483/1/4 4490/1/4
f 4483/1/4 4484/1/4 4490/1/4
f 4490/1/4 4484/1/4 4491/1/4
f 4486/1/4 4487/1/4 4492/1/4
f 4485/1/4 4486/1/4 4492/1/4
f 4492/1/4 4487/1/4 4493/1/4
f 4494/1/4 4495/1/4 4499/1/4
f 4495/2/4 4496/2/4 4500/2/4
f 4499/1/4 4495/1/4 4500/1/4
f 4500/2/4 4496/2/4 4501/2/4
f 4497/1/4 4498/1/4 4506/1/4
f 4506/1/4 4498/1/4 4507/1/4
f 4502/1/4 4503/1/4 4508/1/4
f 4508/1/4 4503/1/4 4509/1/4
f 4504/1/4 4505/1/4 4513/1/4
f 4513/1/4 4505/1/4 4514/1/4
f 4510/1/4 4511/1/4 4515/1/4
f 4515/1/4 4511/1/4 4516/1/4
f 4512/1/4 4513/1/4 4519/1/4
f 4519/1/4 4513/1/4 4520/1/4
f 4516/1/4 4517/1/4 4521/1/4
f 4521/1/4 4517/1/4 4522/1/4
f 4518/1/4 4519/1/4 4525/1/4
f 4525/1/4 4519/1/4 4526/1/4
f 4522/1/4 4523/1/4 4527/1/4
f 4527/1/4 4523/1/4 4528/1/4
f 4524/1/4 4525/1/4 4531/1/4
f 4531/1/4 4525/1/4 4532/1/4
f 4528/4/4 4529/4/4 4533/4/4
f 4533/4/4 4529/4/4 4534/4/4
f 4530/2/4 4531/2/4 4537/2/4
f 4537/2/4 4531/2/4 4538/2/4
f 4534/4/4 4535/4/4 4539/4/4
f 4539/4/4 4535/4/4 4540/4/4
f 4536/2/4 4537/2/4 4542/2/4
f 4542/2/4 4537/2/4 4543/2/4
f 4540/4/4 4541/4/4 4544/4/4
f 4544/4/4 4541/4/4 4545/4/4
f 4546/2/4 4547/2/4 4550/2/4
f 4548/4/4 4549/4/4 4551/4/4
f 4551/4/4 4549/4/4 4552/4/4
f 4546/2/4 4550/2/4 4553/2/4
f 4553/2/4 4550/2/4 4554/2/4
f 4551/2/4 4552/2/4 4555/2/4
f 4555/2/4 4552/2/4 4556/2/4
f 4557/4/4 4558/4/4 4561/4/4
f 4561/4/4 4558/4/4 4562/4/4
f 4559/2/4 4560/2/4 4563/2/4
f 4563/2/4 4560/2/4 4564/2/4
f 4565/2/4 4566/2/4 4569/2/4
f 4565/2/4 4569/2/4 4570/2/4
f 4570/2/4 4569/2/4 4571/2/4
f 4567/1/4 4568/1/4 4572/1/4
f 4572/1/4 4568/1/4 4573/1/4
f 4574/1/4 4575/1/4 4578/1/4
f 4578/1/4 4575/1/4 4579/1/4
f 4576/1/4 4577/1/4 4582/1/4
f 4582/1/4 4577/1/4 4583/1/4
f 4579/1/4 4580/1/4 4584/1/4
f 4584/1/4 4580/1/4 4585/1/4
f 4581/1/4 4582/1/4 4588/1/4
f 4588/1/4 4582/1/4 4589/1/4
f 4585/2/4 4586/2/4 4590/2/4
f 4590/2/4 4586/2/4 4591/2/4
f 4587/1/4 4588/1/4 4594/1/4
f 4594/1/4 4588/1/4 4595/1/4
f 4591/2/4 4592/2/4 4596/2/4
f 4596/2/4 4592/2/4 4597/2/4
f 4593/1/4 4594/1/4 4600/1/4
f 4600/1/4 4594/1/4 4601/1/4
f 4597/2/4 4598/2/4 4602/2/4
f 4602/2/4 4598/2/4 4603/2/4
f 4599/1/4 4600/1/4 4606/1/4
f 4606/1/4 4600/1/4 4607/1/4
f 4603/2/4 4604/2/4 4608/2/4
f 4608/2/4 4604/2/4 4609/2/4
f 4605/1/4 4606/1/4 4614/1/4
f 4614/1/4 4606/1/4 4615/1/4
f 4610/2/4 4611/2/4 4616/2/4
f 4616/2/4 4611/2/4 4617/2/4
f 4612/1/4 4613/1/4 4621/1/4
f 4621/1/4 4613/1/4 4622/1/4
f 4619/1/4 4620/1/4 4623/1/4
f 4618/1/4 4619/1/4 4623/1/4
f 4623/1/4 4620/1/4 4624/1/4
f 4625/1/4 4626/1/4 4632/1/4
f 4632/1/4 4626/1/4 4633/1/4
f 4627/1/4 4628/1/4 4634/1/4
f 4628/2/4 4629/2/4 4635/2/4
f 4634/1/4 4628/1/4 4635/1/4
f 4635/2/4 4629/2/4 4636/2/4
f 4636/2/4 4629/2/4 4637/2/4
f 4630/1/4 4631/1/4 4641/1/4
f 4641/1/4 4631/1/4 4642/1/4
f 4638/1/4 4639/1/4 4643/1/4
f 4643/1/4 4639/1/4 4644/1/4
f 4640/1/4 4641/1/4 4646/1/4
f 4646/1/4 4641/1/4 4647/1/4
f 4644/1/4 4645/1/4 4648/1/4
f 4648/1/4 4645/1/4 4649/1/4
f 4650/2/4 4651/2/4 4655/2/4
f 4655/2/4 4651/2/4 4656/2/4
f 4652/4/4 4653/4/4 4657/4/4
f 4657/4/4 4653/4/4 4658/4/4
f 4654/2/4 4655/2/4 4660/2/4
f 4660/2/4 4655/2/4 4661/2/4
f 4658/4/4 4659/4/4 4662/4/4
f 4662/4/4 4659/4/4 4663/4/4
f 4664/1/4 4665/1/4 4668/1/4
f 4668/1/4 4665/1/4 4669/1/4
f 4666/2/4 4667/2/4 4670/2/4
f 4668/4/4 4669/4/4 4671/4/4
f 4671/4/4 4669/4/4 4672/4/4
f 4670/2/4 4667/2/4 4673/2/4
f 4673/2/4 4667/2/4 4674/2/4
f 4675/4/4 4676/4/4 4679/4/4
f 4679/4/4 4676/4/4 4680/4/4
f 4679/2/4 4680/2/4 4681/2/4
f 4681/2/4 4680/2/4 4682/2/4
f 4677/2/4 4678/2/4 4683/2/4
f 4683/2/4 4678/2/4 4684/2/4
f 4685/1/4 4686/1/4 4689/1/4
f 4689/1/4 4686/1/4 4690/1/4
f 4687/1/4 4688/1/4 4693/1/4
f 4693/1/4 4688/1/4 4694/1/4
f 4690/1/4 4691/1/4 4695/1/4
f 4695/1/4 4691/1/4 4696/1/4
f 4692/1/4 4693/1/4 4697/1/4
f 4697/1/4 4693/1/4 4698/1/4
f 4699/2/4 4700/2/4 4703/2/4
f 4703/2/4 4700/2/4 4704/2/4
f 4701/1/4 4702/1/4 4707/1/4
f 4707/1/4 4702/1/4 4708/1/4
f 4704/2/4 4705/2/4 4709/2/4
f 4709/2/4 4705/2/4 4710/2/4
f 4706/1/4 4707/1/4 4717/1/4
f 4717/1/4 4707/1/4 4718/1/4
f 4711/2/4 4712/2/4 4719/2/4
f 4712/1/4 4713/1/4 4720/1/4
f 4719/2/4 4712/2/4 4720/2/4
f 4720/1/4 4713/1/4 4721/1/4
f 4715/2/4 4716/2/4 4722/2/4
f 4714/2/4 4715/2/4 4722/2/4
f 4722/2/4 4716/2/4 4723/2/4
f 4724/1/4 4725/1/4 4728/1/4
f 4728/1/4 4725/1/4 4729/1/4
f 4726/1/4 4727/1/4 4734/1/4
f 4734/1/4 4727/1/4 4735/1/4
f 4730/1/4 4731/1/4 4736/1/4
f 4736/1/4 4731/1/4 4737/1/4
f 4732/1/4 4733/1/4 4741/1/4
f 4741/1/4 4733/1/4 4742/1/4
f 4738/1/4 4739/1/4 4743/1/4
f 4743/1/4 4739/1/4 4744/1/4
f 4740/1/4 4741/1/4 4747/1/4
f 4747/1/4 4741/1/4 4748/1/4
f 4744/1/4 4745/1/4 4749/1/4
f 4749/1/4 4745/1/4 4750/1/4
f 4750/1/4 4745/1/4 4751/1/4
f 4746/1/4 4747/1/4 4754/1/4
f 4754/1/4 4747/1/4 4755/1/4
f 4751/4/4 4752/4/4 4756/4/4
f 4756/4/4 4752/4/4 4757/4/4
f 4753/2/4 4754/2/4 4760/2/4
f 4760/2/4 4754/2/4 4761/2/4
f 4757/4/4 4758/4/4 4762/4/4
f 4762/4/4 4758/4/4 4763/4/4
f 4759/2/4 4760/2/4 4765/2/4
f 4765/2/4 4760/2/4 4766/2/4
f 4763/4/4 4764/4/4 4767/4/4
f 4767/4/4 4764/4/4 4768/4/4
f 4771/4/4 4772/4/4 4773/4/4
f 4773/4/4 4772/4/4 4774/4/4
f 4769/1/4 4770/1/4 4775/1/4
f 4775/1/4 4770/1/4 4776/1/4
f 4773/1/4 4774/1/4 4777/1/4
f 4777/1/4 4774/1/4 4778/1/4
f 4779/4/4 4780/4/4 4783/4/4
f 4783/4/4 4780/4/4 4784/4/4
f 4781/2/4 4782/2/4 4785/2/4
f 4785/2/4 4782/2/4 4786/2/4
f 4789/2/4 4790/2/4 4791/2/4
f 4791/2/4 4790/2/4 4792/2/4
f 4787/1/4 4788/1/4 4793/1/4
f 4793/1/4 4788/1/4 4794/1/4
f 4791/1/4 4792/1/4 4795/1/4
f 4795/1/4 4792/1/4 4796/1/4
f 4797/1/4 4798/1/4 4801/1/4
f 4801/1/4 4798/1/4 4802/1/4
f 4799/1/4 4800/1/4 4805/1/4
f 4805/1/4 4800/1/4 4806/1/4
f 4802/1/4 4803/1/4 4807/1/4
f 4807/1/4 4803/1/4 4808/1/4
f 4804/1/4 4805/1/4 4811/1/4
f 4811/1/4 4805/1/4 4812/1/4
f 4808/1/4 4809/1/4 4813/1/4
f 4813/1/4 4809/1/4 4814/1/4
f 4810/1/4 4811/1/4 4817/1/4
f 4817/1/4 4811/1/4 4818/1/4
f 4814/2/4 4815/2/4 4819/2/4
f 4819/2/4 4815/2/4 4820/2/4
f 4816/1/4 4817/1/4 4823/1/4
f 4823/1/4 4817/1/4 4824/1/4
f 4820/2/4 4821/2/4 4825/2/4
f 4825/2/4 4821/2/4 4826/2/4
f 4822/1/4 4823/1/4 4831/1/4
f 4831/1/4 4823/1/4 4832/1/4
f 4827/2/4 4828/2/4 4833/2/4
f 4833/2/4 4828/2/4 4834/2/4
f 4829/1/4 4830/1/4 4837/1/4
f 4837/1/4 4830/1/4 4838/1/4
f 4835/2/4 4836/2/4 4839/2/4
f 4839/2/4 4836/2/4 4840/2/4
f 4841/1/4 4842/1/4 4846/1/4
f 4846/1/4 4842/1/4 4847/1/4
f 4842/2/4 4843/2/4 4848/2/4
f 4847/1/4 4842/1/4 4848/1/4
f 4848/2/4 4843/2/4 4849/2/4
f 4844/1/4 4845/1/4 4853/1/4
f 4853/1/4 4845/1/4 4854/1/4
f 4850/1/4 4851/1/4 4855/1/4
f 4855/1/4 4851/1/4 4856/1/4
f 4852/1/4 4853/1/4 4859/1/4
f 4859/1/4 4853/1/4 4860/1/4
f 4856/1/4 4857/1/4 4861/1/4
f 4861/1/4 4857/1/4 4862/1/4
f 4858/1/4 4859/1/4 4866/1/4
f 4866/1/4 4859/1/4 4867/1/4
f 4862/1/4 4863/1/4 4868/1/4
f 4863/4/4 4864/4/4 4869/4/4
f 4868/1/4 4863/1/4 4869/1/4
f 4869/4/4 4864/4/4 4870/4/4
f 4865/2/4 4866/2/4 4873/2/4
f 4873/2/4 4866/2/4 4874/2/4
f 4870/4/4 4871/4/4 4875/4/4
f 4875/4/4 4871/4/4 4876/4/4
f 4872/2/4 4873/2/4 4879/2/4
f 4879/2/4 4873/2/4 4880/2/4
f 4876/4/4 4877/4/4 4881/4/4
f 4881/4/4 4877/4/4 4882/4/4
f 4878/1/4 4879/1/4 4884/1/4
f 4878/1/4 4884/1/4 4885/1/4
f 4885/1/4 4884/1/4 4886/1/4
f 4882/4/4 4883/4/4 4887/4/4
f 4887/4/4 4883/4/4 4888/4/4
f 4889/1/4 4890/1/4 4893/1/4
f 4893/1/4 4890/1/4 4894/1/4
f 4891/1/4 4892/1/4 4895/1/4
f 4895/1/4 4892/1/4 4896/1/4
f 4895/2/4 4896/2/4 4897/2/4
f 4893/4/4 4894/4/4 4898/4/4
f 4898/4/4 4894/4/4 4899/4/4
f 4898/1/4 4899/1/4 4900/1/4
f 4900/1/4 4899/1/4 4901/1/4
f 4897/2/4 4896/2/4 4902/2/4
f 4902/2/4 4896/2/4 4903/2/4
f 4904/1/4 4905/1/4 4908/1/4
f 4908/1/4 4905/1/4 4909/1/4
f 4906/1/4 4907/1/4 4912/1/4
f 4912/1/4 4907/1/4 4913/1/4
f 4909/1/4 4910/1/4 4914/1/4
f 4914/1/4 4910/1/4 4915/1/4
f 4911/1/4 4912/1/4 4918/1/4
f 4918/1/4 4912/1/4 4919/1/4
f 4915/1/4 4916/1/4 4920/1/4
f 4920/1/4 4916/1/4 4921/1/4
f 4917/1/4 4918/1/4 4924/1/4
f 4924/1/4 4918/1/4 4925/1/4
f 4921/1/4 4922/1/4 4926/1/4
f 4926/1/4 4922/1/4 4927/1/4
f 4923/1/4 4924/1/4 4930/1/4
f 4930/1/4 4924/1/4 4931/1/4
f 4927/2/4 4928/2/4 4932/2/4
f 4932/2/4 4928/2/4 4933/2/4
f 4929/1/4 4930/1/4 4936/1/4
f 4936/1/4 4930/1/4 4937/1/4
f 4933/2/4 4934/2/4 4938/2/4
f 4938/2/4 4934/2/4 4939/2/4
f 4935/1/4 4936/1/4 4943/1/4
f 4943/1/4 4936/1/4 4944/1/4
f 4941/2/4 4942/2/4 4945/2/4
f 4940/2/4 4941/2/4 4945/2/4
f 4945/2/4 4942/2/4 4946/2/4
f 4947/1/4 4948/1/4 4952/1/4
f 4952/1/4 4948/1/4 4953/1/4
f 4948/2/4 4949/2/4 4954/2/4
f 4953/1/4 4948/1/4 4954/1/4
f 4949/1/4 4950/1/4 4955/1/4
f 4954/2/4 4949/2/4 4955/2/4
f 4955/1/4 4950/1/4 4956/1/4
f 4951/2/4 4952/2/4 4959/2/4
f 4959/2/4 4952/2/4 4960/2/4
f 4956/1/4 4957/1/4 4961/1/4
f 4961/1/4 4957/1/4 4962/1/4
f 4962/1/4 4957/1/4 4963/1/4
f 4958/2/4 4959/2/4 4966/2/4
f 4966/2/4 4959/2/4 4967/2/4
f 4963/1/4 4964/1/4 4968/1/4
f 4968/1/4 4964/1/4 4969/1/4
f 4965/2/4 4966/2/4 4971/2/4
f 4971/2/4 4966/2/4 4972/2/4
f 4969/4/4 4970/4/4 4973/4/4
f 4973/4/4 4970/4/4 4974/4/4
f 4965/2/4 4971/2/4 4976/2/4
f 4976/2/4 4971/2/4 4977/2/4
f 4974/4/4 4970/4/4 4978/4/4
f 4978/4/4 4970/4/4 4979/4/4
f 4975/2/4 4976/2/4 4982/2/4
f 4982/2/4 4976/2/4 4983/2/4
f 4979/4/4 4980/4/4 4984/4/4
f 4984/4/4 4980/4/4 4985/4/4
f 4981/2/4 4982/2/4 4987/2/4
f 4987/2/4 4982/2/4 4988/2/4
f 4987/1/4 4988/1/4 4990/1/4
f 4990/1/4 4988/1/4 4991/1/4
f 4985/4/4 4986/4/4 4992/4/4
f 4992/4/4 4986/4/4 4993/4/4
f 4993/1/4 4994/1/4 4995/1/4
f 4995/1/4 4994/1/4 4996/1/4
f 4995/2/4 4996/2/4 4997/2/4
f 4989/1/4 4990/1/4 4998/1/4
f 4998/1/4 4990/1/4 4999/1/4
f 4997/2/4 4996/2/4 5002/2/4
f 5002/2/4 4996/2/4 5003/2/4
f 5001/1/4 5002/1/4 5004/1/4
f 4999/1/4 5000/1/4 5005/1/4
f 5005/1/4 5000/1/4 5006/1/4
f 5004/1/4 5002/1/4 5009/1/4
f 5009/1/4 5002/1/4 5010/1/4
f 5006/1/4 5007/1/4 5011/1/4
f 5011/1/4 5007/1/4 5012/1/4
f 5008/1/4 5009/1/4 5015/1/4
f 5015/1/4 5009/1/4 5016/1/4
f 5012/1/4 5013/1/4 5017/1/4
f 5014/1/4 5015/1/4 5020/1/4
f 5017/1/4 5018/1/4 5021/1/4
f 5012/1/4 5017/1/4 5021/1/4
f 5021/1/4 5018/1/4 5022/1/4
f 5019/1/4 5020/1/4 5025/1/4
f 5020/1/4 5015/1/4 5026/1/4
f 5025/1/4 5020/1/4 5026/1/4
f 5022/2/4 5023/2/4 5027/2/4
f 5027/2/4 5023/2/4 5028/2/4
f 5024/1/4 5025/1/4 5031/1/4
f 5031/1/4 5025/1/4 5032/1/4
f 5028/2/4 5029/2/4 5033/2/4
f 5033/2/4 5029/2/4 5034/2/4
f 5030/1/4 5031/1/4 5036/1/4
f 5036/1/4 5031/1/4 5037/1/4
f 5034/2/4 5035/2/4 5038/2/4
f 5035/1/4 5036/1/4 5039/1/4
f 5038/2/4 5035/2/4 5039/2/4
f 5039/1/4 5036/1/4 5040/1/4
f 5041/2/4 5042/2/4 5045/2/4
f 5045/2/4 5042/2/4 5046/2/4
f 5042/1/4 5043/1/4 5047/1/4
f 5046/2/4 5042/2/4 5047/2/4
f 5047/1/4 5043/1/4 5048/1/4
f 5048/1/4 5043/1/4 5049/1/4
f 5049/1/4 5043/1/4 5050/1/4
f 5045/2/4 5046/2/4 5054/2/4
f 5044/2/4 5045/2/4 5054/2/4
f 5054/2/4 5046/2/4 5055/2/4
f 5055/2/4 5046/2/4 5056/2/4
f 5049/1/4 5050/1/4 5057/1/4
f 5050/1/4 5051/1/4 5057/1/4
f 5051/4/4 5052/4/4 5058/4/4
f 5057/1/4 5051/1/4 5058/1/4
f 5058/4/4 5052/4/4 5059/4/4
f 5054/2/4 5055/2/4 5062/2/4
f 5053/2/4 5054/2/4 5062/2/4
f 5062/2/4 5055/2/4 5063/2/4
f 5059/4/4 5060/4/4 5064/4/4
f 5058/4/4 5059/4/4 5064/4/4
f 5064/4/4 5060/4/4 5065/4/4
f 5061/2/4 5062/2/4 5068/2/4
f 5068/2/4 5062/2/4 5069/2/4
f 5065/4/4 5066/4/4 5070/4/4
f 5070/4/4 5066/4/4 5071/4/4
f 5067/2/4 5068/2/4 5074/2/4
f 5071/4/4 5072/4/4 5075/4/4
f 5073/2/4 5074/2/4 5077/2/4
f 5074/2/4 5068/2/4 5077/2/4
f 5077/2/4 5068/2/4 5078/2/4
f 5075/4/4 5076/4/4 5079/4/4
f 5071/4/4 5075/4/4 5079/4/4
f 5079/4/4 5076/4/4 5080/4/4
f 5073/2/4 5077/2/4 5082/2/4
f 5082/2/4 5077/2/4 5083/2/4
f 5080/4/4 5076/4/4 5084/4/4
f 5084/4/4 5076/4/4 5085/4/4
f 5082/2/4 5083/2/4 5087/2/4
f 5081/1/4 5082/1/4 5087/1/4
f 5087/2/4 5083/2/4 5088/2/4
f 5085/1/4 5086/1/4 5089/1/4
f 5084/1/4 5085/1/4 5089/1/4
f 5089/1/4 5086/1/4 5090/1/4
f 5090/1/4 5086/1/4 5091/1/4
f 5091/1/4 5086/1/4 5092/1/4
f 5081/1/4 5087/1/4 5093/1/4
f 5091/2/4 5092/2/4 5096/2/4
f 5093/1/4 5094/1/4 5097/1/4
f 5081/1/4 5093/1/4 5097/1/4
f 5097/1/4 5094/1/4 5098/1/4
f 5095/2/4 5096/2/4 5099/2/4
f 5096/2/4 5092/2/4 5100/2/4
f 5099/2/4 5096/2/4 5100/2/4
f 5100/2/4 5092/2/4 5101/2/4
f 5098/1/4 5094/1/4 5102/1/4
f 5099/2/4 5100/2/4 5105/2/4
f 5105/2/4 5100/2/4 5106/2/4
f 5102/1/4 5103/1/4 5107/1/4
f 5098/1/4 5102/1/4 5107/1/4
f 5107/1/4 5103/1/4 5108/1/4
f 5105/1/4 5106/1/4 5109/1/4
f 5104/1/4 5105/1/4 5109/1/4
f 5109/1/4 5106/1/4 5110/1/4
f 5110/1/4 5106/1/4 5111/1/4
f 5108/1/4 5103/1/4 5112/1/4
f 5112/1/4 5103/1/4 5113/1/4
f 5109/1/4 5110/1/4 5116/1/4
f 5116/1/4 5110/1/4 5117/1/4
f 5113/1/4 5114/1/4 5118/1/4
f 5118/1/4 5114/1/4 5119/1/4
f 5115/1/4 5116/1/4 5122/1/4
f 5122/1/4 5116/1/4 5123/1/4
f 5119/2/4 5120/2/4 5124/2/4
f 5124/2/4 5120/2/4 5125/2/4
f 5125/2/4 5120/2/4 5126/2/4
f 5121/1/4 5122/1/4 5129/1/4
f 5129/1/4 5122/1/4 5130/1/4
f 5130/1/4 5122/1/4 5131/1/4
f 5126/2/4 5127/2/4 5132/2/4
f 5125/2/4 5126/2/4 5132/2/4
f 5132/2/4 5127/2/4 5133/2/4
f 5133/2/4 5127/2/4 5134/2/4
f 5129/1/4 5130/1/4 5137/1/4
f 5128/1/4 5129/1/4 5137/1/4
f 5137/1/4 5130/1/4 5138/1/4
f 5138/1/4 5130/1/4 5139/1/4
f 5135/2/4 5136/2/4 5140/2/4
f 5134/2/4 5135/2/4 5140/2/4
f 5133/2/4 5134/2/4 5140/2/4
f 5137/1/4 5138/1/4 5141/1/4
f 5140/2/4 5136/2/4 5141/2/4
f 5136/1/4 5137/1/4 5141/1/4
f 5141/1/4 5138/1/4 5142/1/4
f 5143/2/4 5144/2/4 5148/2/4
f 5148/2/4 5144/2/4 5149/2/4
f 5144/1/4 5145/1/4 5150/1/4
f 5149/2/4 5144/2/4 5150/2/4
f 5145/4/4 5146/4/4 5151/4/4
f 5150/1/4 5145/1/4 5151/1/4
f 5151/4/4 5146/4/4 5152/4/4
f 5147/2/4 5148/2/4 5155/2/4
f 5155/2/4 5148/2/4 5156/2/4
f 5148/4/4 5149/4/4 5157/4/4
f 5156/2/4 5148/2/4 5157/2/4
f 5157/4/4 5149/4/4 5158/4/4
f 5152/4/4 5153/4/4 5159/4/4
f 5151/4/4 5152/4/4 5159/4/4
f 5159/4/4 5153/4/4 5160/4/4
f 5160/4/4 5153/4/4 5161/4/4
f 5155/2/4 5156/2/4 5164/2/4
f 5154/2/4 5155/2/4 5164/2/4
f 5164/2/4 5156/2/4 5165/2/4
f 5165/2/4 5156/2/4 5166/2/4
f 5166/2/4 5156/2/4 5167/2/4
f 5161/4/4 5162/4/4 5168/4/4
f 5160/4/4 5161/4/4 5168/4/4
f 5168/4/4 5162/4/4 5169/4/4
f 5169/4/4 5162/4/4 5170/4/4
f 5163/2/4 5164/2/4 5172/2/4
f 5164/2/4 5165/2/4 5172/2/4
f 5172/2/4 5165/2/4 5173/2/4
f 5170/4/4 5171/4/4 5174/4/4
f 5169/4/4 5170/4/4 5174/4/4
f 5174/4/4 5171/4/4 5175/4/4
f 5163/2/4 5172/2/4 5177/2/4
f 5177/2/4 5172/2/4 5178/2/4
f 5175/4/4 5171/4/4 5179/4/4
f 5177/2/4 5178/2/4 5181/2/4
f 5176/2/4 5177/2/4 5181/2/4
f 5181/2/4 5178/2/4 5182/2/4
f 5182/2/4 5178/2/4 5183/2/4
f 5179/4/4 5180/4/4 5184/4/4
f 5175/4/4 5179/4/4 5184/4/4
f 5184/4/4 5180/4/4 5185/4/4
f 5185/4/4 5180/4/4 5186/4/4
f 5181/1/4 5182/1/4 5188/1/4
f 5185/1/4 5186/1/4 5189/1/4
f 5187/1/4 5188/1/4 5191/1/4
f 5188/1/4 5182/1/4 5191/1/4
f 5191/1/4 5182/1/4 5192/1/4
f 5185/1/4 5189/1/4 5193/1/4
f 5189/1/4 5190/1/4 5193/1/4
f 5193/1/4 5190/1/4 5194/1/4
f 5187/1/4 5191/1/4 5195/1/4
f 5194/1/4 5190/1/4 5198/1/4
f 5195/1/4 5196/1/4 5199/1/4
f 5187/1/4 5195/1/4 5199/1/4
f 5199/1/4 5196/1/4 5200/1/4
f 5197/1/4 5198/1/4 5201/1/4
f 5198/1/4 5190/1/4 5201/1/4
f 5201/1/4 5190/1/4 5202/1/4
f 5200/1/4 5196/1/4 5203/1/4
f 5197/1/4 5201/1/4 5206/1/4
f 5206/1/4 5201/1/4 5207/1/4
f 5203/1/4 5204/1/4 5208/1/4
f 5200/1/4 5203/1/4 5208/1/4
f 5208/1/4 5204/1/4 5209/1/4
f 5209/1/4 5204/1/4 5210/1/4
f 5206/2/4 5207/2/4 5211/2/4
f 5205/2/4 5206/2/4 5211/2/4
f 5211/2/4 5207/2/4 5212/2/4
f 5212/2/4 5207/2/4 5213/2/4
f 5209/2/4 5210/2/4 5214/2/4
f 5211/2/4 5212/2/4 5217/2/4
f 5217/2/4 5212/2/4 5218/2/4
f 5214/2/4 5215/2/4 5219/2/4
f 5209/2/4 5214/2/4 5219/2/4
f 5219/2/4 5215/2/4 5220/2/4
f 5220/2/4 5215/2/4 5221/2/4
f 5217/1/4 5218/1/4 5224/1/4
f 5216/1/4 5217/1/4 5224/1/4
f 5224/1/4 5218/1/4 5225/1/4
f 5225/1/4 5218/1/4 5226/1/4
f 5221/2/4 5222/2/4 5227/2/4
f 5220/2/4 5221/2/4 5227/2/4
f 5227/2/4 5222/2/4 5228/2/4
f 5228/2/4 5222/2/4 5229/2/4
f 5224/1/4 5225/1/4 5232/1/4
f 5223/1/4 5224/1/4 5232/1/4
f 5232/1/4 5225/1/4 5233/1/4
f 5233/1/4 5225/1/4 5234/1/4
f 5229/2/4 5230/2/4 5235/2/4
f 5228/2/4 5229/2/4 5235/2/4
f 5235/2/4 5230/2/4 5236/2/4
f 5236/2/4 5230/2/4 5237/2/4
f 5232/1/4 5233/1/4 5239/1/4
f 5231/1/4 5232/1/4 5239/1/4
f 5239/1/4 5233/1/4 5240/1/4
f 5240/1/4 5233/1/4 5241/1/4
f 5237/2/4 5238/2/4 5242/2/4
f 5236/2/4 5237/2/4 5242/2/4
f 5238/2/4 5239/2/4 5242/2/4
f 5239/1/4 5240/1/4 5243/1/4
f 5242/2/4 5239/2/4 5243/2/4
f 5243/1/4 5240/1/4 5244/1/4
f 5245/4/4 5246/4/4 5248/4/4
f 5248/4/4 5246/4/4 5249/4/4
f 5247/4/4 5248/4/4 5253/4/4
f 5248/4/4 5249/4/4 5253/4/4
f 5249/4/4 5250/4/4 5253/4/4
f 5253/4/4 5250/4/4 5254/4/4
f 5254/4/4 5250/4/4 5255/4/4
f 5255/4/4 5250/4/4 5256/4/4
f 5251/2/4 5252/2/4 5259/2/4
f 5252/4/4 5253/4/4 5260/4/4
f 5253/4/4 5254/4/4 5260/4/4
f 5259/2/4 5252/2/4 5260/2/4
f 5260/4/4 5254/4/4 5261/4/4
f 5261/4/4 5254/4/4 5262/4/4
f 5255/4/4 5256/4/4 5263/4/4
f 5256/4/4 5257/4/4 5263/4/4
f 5263/4/4 5257/4/4 5264/4/4
f 5264/4/4 5257/4/4 5265/4/4
f 5258/2/4 5259/2/4 5267/2/4
f 5260/2/4 5261/2/4 5267/2/4
f 5259/2/4 5260/2/4 5267/2/4
f 5267/2/4 5261/2/4 5268/2/4
f 5268/2/4 5261/2/4 5269/2/4
f 5265/4/4 5266/4/4 5270/4/4
f 5264/4/4 5265/4/4 5270/4/4
f 5270/4/4 5266/4/4 5271/4/4
f 5267/1/4 5268/1/4 5273/1/4
f 5273/1/4 5268/1/4 5274/1/4
f 5274/1/4 5268/1/4 5275/1/4
f 5271/4/4 5266/4/4 5276/4/4
f 5276/4/4 5266/4/4 5277/4/4
f 5277/4/4 5266/4/4 5278/4/4
f 5272/1/4 5273/1/4 5280/1/4
f 5273/1/4 5274/1/4 5280/1/4
f 5280/1/4 5274/1/4 5281/1/4
f 5278/1/4 5279/1/4 5282/1/4
f 5277/1/4 5278/1/4 5282/1/4
f 5282/1/4 5279/1/4 5283/1/4
f 5272/1/4 5280/1/4 5285/1/4
f 5283/1/4 5279/1/4 5286/1/4
f 5284/1/4 5285/1/4 5288/1/4
f 5285/1/4 5280/1/4 5289/1/4
f 5288/1/4 5285/1/4 5289/1/4
f 5286/1/4 5287/1/4 5290/1/4
f 5283/1/4 5286/1/4 5290/1/4
f 5290/1/4 5287/1/4 5291/1/4
f 5289/1/4 5280/1/4 5292/1/4
f 5283/1/4 5290/1/4 5295/1/4
f 5292/1/4 5293/1/4 5296/1/4
f 5289/1/4 5292/1/4 5297/1/4
f 5292/1/4 5296/1/4 5297/1/4
f 5297/1/4 5296/1/4 5298/1/4
f 5298/1/4 5296/1/4 5299/1/4
f 5294/1/4 5295/1/4 5302/1/4
f 5295/1/4 5290/1/4 5303/1/4
f 5302/1/4 5295/1/4 5303/1/4
f 5303/1/4 5290/1/4 5304/1/4
f 5299/2/4 5300/2/4 5305/2/4
f 5298/2/4 5299/2/4 5305/2/4
f 5305/2/4 5300/2/4 5306/2/4
f 5306/2/4 5300/2/4 5307/2/4
f 5301/1/4 5302/1/4 5310/1/4
f 5302/2/4 5303/2/4 5311/2/4
f 5310/1/4 5302/1/4 5311/1/4
f 5311/2/4 5303/2/4 5312/2/4
f 5305/4/4 5306/4/4 5313/4/4
f 5307/2/4 5308/2/4 5314/2/4
f 5313/4/4 5306/4/4 5314/4/4
f 5306/2/4 5307/2/4 5314/2/4
f 5314/2/4 5308/2/4 5315/2/4
f 5309/1/4 5310/1/4 5318/1/4
f 5311/1/4 5312/1/4 5318/1/4
f 5310/1/4 5311/1/4 5318/1/4
f 5318/1/4 5312/1/4 5319/1/4
f 5319/1/4 5312/1/4 5320/1/4
f 5315/2/4 5316/2/4 5321/2/4
f 5314/2/4 5315/2/4 5321/2/4
f 5321/2/4 5316/2/4 5322/2/4
f 5322/2/4 5316/2/4 5323/2/4
f 5318/1/4 5319/1/4 5325/1/4
f 5317/1/4 5318/1/4 5325/1/4
f 5325/1/4 5319/1/4 5326/1/4
f 5326/1/4 5319/1/4 5327/1/4
f 5323/2/4 5324/2/4 5328/2/4
f 5322/2/4 5323/2/4 5328/2/4
f 5328/2/4 5324/2/4 5329/2/4
f 5325/1/4 5326/1/4 5330/1/4
f 5324/1/4 5325/1/4 5330/1/4
f 5330/1/4 5326/1/4 5331/1/4
f 5329/2/4 5324/2/4 5332/2/4
f 5324/1/4 5330/1/4 5333/1/4
f 5332/2/4 5324/2/4 5333/2/4
f 5333/1/4 5330/1/4 5334/1/4
f 5335/4/4 5336/4/4 5338/4/4
f 5338/4/4 5336/4/4 5339/4/4
f 5337/4/4 5338/4/4 5342/4/4
f 5339/4/4 5340/4/4 5342/4/4
f 5338/4/4 5339/4/4 5342/4/4
f 5342/4/4 5340/4/4 5343/4/4
f 5341/1/4 5342/1/4 5346/1/4
f 5343/4/4 5344/4/4 5347/4/4
f 5342/4/4 5343/4/4 5347/4/4
f 5346/1/4 5342/1/4 5347/1/4
f 5347/4/4 5344/4/4 5348/4/4
f 5348/4/4 5344/4/4 5349/4/4
f 5349/4/4 5344/4/4 5350/4/4
f 5350/4/4 5344/4/4 5351/4/4
f 5345/1/4 5346/1/4 5353/1/4
f 5346/1/4 5347/1/4 5353/1/4
f 5347/1/4 5348/1/4 5353/1/4
f 5348/2/4 5349/2/4 5353/2/4
f 5353/2/4 5349/2/4 5354/2/4
f 5351/1/4 5352/1/4 5355/1/4
f 5350/1/4 5351/1/4 5355/1/4
f 5355/1/4 5352/1/4 5356/1/4
f 5345/1/4 5353/1/4 5358/1/4
f 5358/1/4 5353/1/4 5359/1/4
f 5359/1/4 5353/1/4 5360/1/4
f 5356/1/4 5352/1/4 5361/1/4
f 5361/1/4 5352/1/4 5362/1/4
f 5362/1/4 5352/1/4 5363/1/4
f 5357/1/4 5358/1/4 5365/1/4
f 5358/1/4 5359/1/4 5365/1/4
f 5365/1/4 5359/1/4 5366/1/4
f 5366/1/4 5359/1/4 5367/1/4
f 5363/1/4 5364/1/4 5370/1/4
f 5362/1/4 5363/1/4 5370/1/4
f 5370/1/4 5364/1/4 5371/1/4
f 5371/1/4 5364/1/4 5372/1/4
f 5367/1/4 5368/1/4 5373/1/4
f 5366/1/4 5367/1/4 5373/1/4
f 5373/1/4 5368/1/4 5374/1/4
f 5374/1/4 5368/1/4 5375/1/4
f 5369/1/4 5370/1/4 5378/1/4
f 5370/2/4 5371/2/4 5379/2/4
f 5378/1/4 5370/1/4 5379/1/4
f 5373/2/4 5374/2/4 5380/2/4
f 5375/1/4 5376/1/4 5381/1/4
f 5380/2/4 5374/2/4 5381/2/4
f 5374/1/4 5375/1/4 5381/1/4
f 5381/1/4 5376/1/4 5382/1/4
f 5377/1/4 5378/1/4 5384/1/4
f 5378/2/4 5379/2/4 5385/2/4
f 5384/1/4 5378/1/4 5385/1/4
f 5379/2/4 5371/2/4 5386/2/4
f 5385/2/4 5379/2/4 5386/2/4
f 5386/2/4 5371/2/4 5387/2/4
f 5382/2/4 5383/2/4 5388/2/4
f 5381/2/4 5382/2/4 5388/2/4
f 5388/2/4 5383/2/4 5389/2/4
f 5389/2/4 5383/2/4 5390/2/4
f 5384/1/4 5385/1/4 5391/1/4
f 5390/2/4 5383/2/4 5391/2/4
f 5383/1/4 5384/1/4 5391/1/4
f 5385/1/4 5386/1/4 5391/1/4
f 5391/1/4 5386/1/4 5392/1/4
f 5392/1/4 5386/1/4 5393/1/4
f 5389/2/4 5390/2/4 5394/2/4
f 5394/2/4 5390/2/4 5395/2/4
f 5391/1/4 5392/1/4 5396/1/4
f 5390/1/4 5391/1/4 5396/1/4
f 5396/1/4 5392/1/4 5397/1/4
f 5395/2/4 5390/2/4 5398/2/4
f 5390/1/4 5396/1/4 5399/1/4
f 5398/2/4 5390/2/4 5399/2/4
f 5399/1/4 5396/1/4 5400/1/4
f 5401/2/4 5402/2/4 5404/2/4
f 5404/2/4 5402/2/4 5405/2/4
f 5405/2/4 5402/2/4 5406/2/4
f 5403/1/4 5404/1/4 5409/1/4
f 5404/2/4 5405/2/4 5410/2/4
f 5409/1/4 5404/1/4 5410/1/4
f 5406/1/4 5407/1/4 5411/1/4
f 5410/2/4 5405/2/4 5411/2/4
f 5405/1/4 5406/1/4 5411/1/4
f 5411/1/4 5407/1/4 5412/1/4
f 5409/1/4 5410/1/4 5414/1/4
f 5412/1/4 5413/1/4 5414/1/4
f 5411/1/4 5412/1/4 5414/1/4
f 5410/1/4 5411/1/4 5414/1/4
f 5408/1/4 5409/1/4 5414/1/4
f 5414/1/4 5413/1/4 5415/1/4
f 5415/1/4 5413/1/4 5416/1/4
f 5416/1/4 5413/1/4 5417/1/4
f 5415/1/4 5416/1/4 5418/1/4
f 5418/1/4 5416/1/4 5419/1/4
f 5419/1/4 5416/1/4 5420/1/4
f 5420/1/4 5416/1/4 5421/1/4
f 5419/1/4 5420/1/4 5422/1/4
f 5422/1/4 5420/1/4 5423/1/4
f 5427/4/5 5425/4/5 5424/4/5
f 5428/4/5 5425/4/5 5427/4/5
f 5431/4/5 5427/4/5 5426/4/5
f 5431/4/5 5429/4/5 5428/4/5
f 5431/4/5 5428/4/5 5427/4/5
f 5432/4/5 5429/4/5 5431/4/5
f 5434/2/5 5431/2/5 5430/2/5
f 5435/4/5 5432/4/5 5431/4/5
f 5435/2/5 5431/2/5 5434/2/5
f 5436/4/5 5435/4/5 5434/4/5
f 5437/4/5 5432/4/5 5435/4/5
f 5437/4/5 5435/4/5 5436/4/5
f 5438/2/5 5433/2/5 5432/2/5
f 5438/4/5 5432/4/5 5437/4/5
f 5439/2/5 5433/2/5 5438/2/5
f 5440/4/5 5438/4/5 5437/4/5
f 5441/4/5 5438/4/5 5440/4/5
f 5442/4/5 5438/4/5 5441/4/5
f 5443/4/5 5438/4/5 5442/4/5
f 5444/4/5 5442/4/5 5441/4/5
f 5445/4/5 5442/4/5 5444/4/5
f 5449/1/5 5447/1/5 5446/1/5
f 5450/1/5 5447/1/5 5449/1/5
f 5453/4/5 5449/4/5 5448/4/5
f 5454/4/5 5449/4/5 5453/4/5
f 5455/1/5 5450/1/5 5449/1/5
f 5455/4/5 5449/4/5 5454/4/5
f 5456/1/5 5450/1/5 5455/1/5
f 5457/1/5 5450/1/5 5456/1/5
f 5458/2/5 5451/2/5 5450/2/5
f 5458/1/5 5450/1/5 5457/1/5
f 5459/2/5 5451/2/5 5458/2/5
f 5462/4/5 5454/4/5 5453/4/5
f 5462/4/5 5453/4/5 5452/4/5
f 5463/4/5 5454/4/5 5462/4/5
f 5464/2/5 5455/2/5 5454/2/5
f 5464/4/5 5454/4/5 5463/4/5
f 5464/2/5 5456/2/5 5455/2/5
f 5465/2/5 5456/2/5 5464/2/5
f 5466/4/5 5457/4/5 5456/4/5
f 5466/2/5 5456/2/5 5465/2/5
f 5467/2/5 5460/2/5 5459/2/5
f 5467/4/5 5457/4/5 5466/4/5
f 5467/2/5 5459/2/5 5458/2/5
f 5467/2/5 5458/2/5 5457/2/5
f 5468/2/5 5460/2/5 5467/2/5
f 5469/2/5 5460/2/5 5468/2/5
f 5471/4/5 5463/4/5 5462/4/5
f 5471/4/5 5462/4/5 5461/4/5
f 5472/2/5 5465/2/5 5464/2/5
f 5472/4/5 5463/4/5 5471/4/5
f 5472/2/5 5464/2/5 5463/2/5
f 5473/2/5 5465/2/5 5472/2/5
f 5474/2/5 5465/2/5 5473/2/5
f 5475/2/5 5470/2/5 5469/2/5
f 5475/2/5 5469/2/5 5468/2/5
f 5476/2/5 5470/2/5 5475/2/5
f 5478/4/5 5471/4/5 5461/4/5
f 5479/2/5 5473/2/5 5472/2/5
f 5479/2/5 5472/2/5 5471/2/5
f 5479/4/5 5471/4/5 5478/4/5
f 5480/2/5 5473/2/5 5479/2/5
f 5481/2/5 5473/2/5 5480/2/5
f 5482/2/5 5470/2/5 5476/2/5
f 5483/2/5 5470/2/5 5482/2/5
f 5484/2/5 5470/2/5 5483/2/5
f 5486/4/5 5478/4/5 5477/4/5
f 5486/4/5 5479/4/5 5478/4/5
f 5486/4/5 5480/4/5 5479/4/5
f 5487/4/5 5486/4/5 5477/4/5
f 5488/4/5 5486/4/5 5487/4/5
f 5489/4/5 5486/4/5 5488/4/5
f 5492/2/5 5485/2/5 5484/2/5
f 5492/2/5 5484/2/5 5483/2/5
f 5493/2/5 5485/2/5 5492/2/5
f 5494/2/5 5485/2/5 5493/2/5
f 5495/4/5 5490/4/5 5489/4/5
f 5495/4/5 5489/4/5 5488/4/5
f 5498/2/5 5493/2/5 5492/2/5
f 5498/2/5 5492/2/5 5491/2/5
f 5499/4/5 5496/4/5 5495/4/5
f 5499/4/5 5495/4/5 5488/4/5
f 5500/4/5 5496/4/5 5499/4/5
f 5501/4/5 5496/4/5 5500/4/5
f 5502/4/5 5496/4/5 5501/4/5
f 5503/2/5 5498/2/5 5497/2/5
f 5504/2/5 5493/2/5 5498/2/5
f 5504/2/5 5498/2/5 5503/2/5
f 5505/2/5 5493/2/5 5504/2/5
f 5506/2/5 5501/2/5 5500/2/5
f 5507/4/5 5502/4/5 5501/4/5
f 5507/2/5 5501/2/5 5506/2/5
f 5507/4/5 5503/4/5 5502/4/5
f 5508/2/5 5504/2/5 5503/2/5
f 5509/2/5 5504/2/5 5508/2/5
f 5510/4/5 5503/4/5 5507/4/5
f 5511/4/5 5503/4/5 5510/4/5
f 5512/2/5 5508/2/5 5503/2/5
f 5512/4/5 5503/4/5 5511/4/5
f 5513/2/5 5508/2/5 5512/2/5
f 5514/4/5 5512/4/5 5511/4/5
f 5515/4/5 5512/4/5 5514/4/5
f 5519/4/5 5517/4/5 5516/4/5
f 5520/4/5 5517/4/5 5519/4/5
f 5523/4/5 5519/4/5 5518/4/5
f 5523/4/5 5520/4/5 5519/4/5
f 5524/4/5 5520/4/5 5523/4/5
f 5525/1/5 5521/1/5 5520/1/5
f 5525/4/5 5520/4/5 5524/4/5
f 5526/1/5 5521/1/5 5525/1/5
f 5527/1/5 5521/1/5 5526/1/5
f 5530/4/5 5524/4/5 5523/4/5
f 5530/4/5 5523/4/5 5522/4/5
f 5531/4/5 5524/4/5 5530/4/5
f 5532/4/5 5524/4/5 5531/4/5
f 5533/1/5 5527/1/5 5526/1/5
f 5533/1/5 5528/1/5 5527/1/5
f 5534/1/5 5528/1/5 5533/1/5
f 5535/1/5 5528/1/5 5534/1/5
f 5537/4/5 5531/4/5 5530/4/5
f 5537/4/5 5530/4/5 5529/4/5
f 5538/4/5 5531/4/5 5537/4/5
f 5539/1/5 5536/1/5 5535/1/5
f 5539/1/5 5535/1/5 5534/1/5
f 5540/1/5 5536/1/5 5539/1/5
f 5541/1/5 5536/1/5 5540/1/5
f 5543/4/5 5537/4/5 5529/4/5
f 5544/4/5 5537/4/5 5543/4/5
f 5545/4/5 5537/4/5 5544/4/5
f 5546/2/5 5541/2/5 5540/2/5
f 5547/2/5 5541/2/5 5546/2/5
f 5548/2/5 5541/2/5 5547/2/5
f 5550/4/5 5543/4/5 5542/4/5
f 5550/4/5 5544/4/5 5543/4/5
f 5551/4/5 5544/4/5 5550/4/5
f 5552/2/5 5548/2/5 5547/2/5
f 5552/2/5 5549/2/5 5548/2/5
f 5553/2/5 5549/2/5 5552/2/5
f 5555/4/5 5550/4/5 5542/4/5
f 5556/2/5 5549/2/5 5553/2/5
f 5558/4/5 5555/4/5 5554/4/5
f 5559/4/5 5550/4/5 5555/4/5
f 5559/4/5 5555/4/5 5558/4/5
f 5560/2/5 5557/2/5 5556/2/5
f 5560/2/5 5556/2/5 5553/2/5
f 5561/2/5 5557/2/5 5560/2/5
f 5562/4/5 5550/4/5 5559/4/5
f 5565/2/5 5560/2/5 5553/2/5
f 5566/4/5 5563/4/5 5562/4/5
f 5566/4/5 5562/4/5 5559/4/5
f 5567/4/5 5563/4/5 5566/4/5
f 5568/4/5 5563/4/5 5567/4/5
f 5571/2/5 5565/2/5 5564/2/5
f 5572/2/5 5560/2/5 5565/2/5
f 5572/2/5 5565/2/5 5571/2/5
f 5573/2/5 5560/2/5 5572/2/5
f 5574/2/5 5569/2/5 5568/2/5
f 5574/2/5 5568/2/5 5567/2/5
f 5577/2/5 5571/2/5 5570/2/5
f 5577/2/5 5572/2/5 5571/2/5
f 5578/2/5 5575/2/5 5574/2/5
f 5578/2/5 5574/2/5 5567/2/5
f 5579/2/5 5575/2/5 5578/2/5
f 5580/2/5 5575/2/5 5579/2/5
f 5584/2/5 5577/2/5 5576/2/5
f 5585/2/5 5572/2/5 5577/2/5
f 5585/2/5 5577/2/5 5584/2/5
f 5586/2/5 5572/2/5 5585/2/5
f 5587/2/5 5580/2/5 5579/2/5
f 5588/4/5 5581/4/5 5580/4/5
f 5588/2/5 5580/2/5 5587/2/5
f 5589/4/5 5581/4/5 5588/4/5
f 5590/4/5 5581/4/5 5589/4/5
f 5591/4/5 5583/4/5 5582/4/5
f 5592/2/5 5584/2/5 5583/2/5
f 5592/2/5 5585/2/5 5584/2/5
f 5593/2/5 5585/2/5 5592/2/5
f 5594/1/5 5589/1/5 5588/1/5
f 5595/4/5 5590/4/5 5589/4/5
f 5595/1/5 5589/1/5 5594/1/5
f 5595/4/5 5591/4/5 5590/4/5
f 5596/4/5 5591/4/5 5595/4/5
f 5597/4/5 5591/4/5 5596/4/5
f 5598/4/5 5583/4/5 5591/4/5
f 5598/4/5 5591/4/5 5597/4/5
f 5598/2/5 5592/2/5 5583/2/5
f 5599/2/5 5592/2/5 5598/2/5
f 5600/4/5 5597/4/5 5596/4/5
f 5601/4/5 5597/4/5 5600/4/5
f 5605/4/5 5603/4/5 5602/4/5
f 5606/4/5 5603/4/5 5605/4/5
f 5607/4/5 5603/4/5 5606/4/5
f 5608/4/5 5603/4/5 5607/4/5
f 5612/4/5 5605/4/5 5604/4/5
f 5612/4/5 5606/4/5 5605/4/5
f 5613/4/5 5606/4/5 5612/4/5
f 5614/4/5 5606/4/5 5613/4/5
f 5615/4/5 5609/4/5 5608/4/5
f 5615/4/5 5608/4/5 5607/4/5
f 5616/1/5 5610/1/5 5609/1/5
f 5616/4/5 5609/4/5 5615/4/5
f 5617/1/5 5610/1/5 5616/1/5
f 5621/4/5 5613/4/5 5612/4/5
f 5621/4/5 5612/4/5 5611/4/5
f 5622/4/5 5613/4/5 5621/4/5
f 5623/4/5 5613/4/5 5622/4/5
f 5624/1/5 5617/1/5 5616/1/5
f 5624/1/5 5618/1/5 5617/1/5
f 5625/4/5 5619/4/5 5618/4/5
f 5625/1/5 5618/1/5 5624/1/5
f 5626/4/5 5619/4/5 5625/4/5
f 5628/4/5 5622/4/5 5621/4/5
f 5628/4/5 5621/4/5 5620/4/5
f 5629/4/5 5622/4/5 5628/4/5
f 5630/1/5 5626/1/5 5625/1/5
f 5631/4/5 5627/4/5 5626/4/5
f 5631/1/5 5626/1/5 5630/1/5
f 5632/4/5 5627/4/5 5631/4/5
f 5634/4/5 5628/4/5 5620/4/5
f 5635/2/5 5632/2/5 5631/2/5
f 5636/2/5 5632/2/5 5635/2/5
f 5638/4/5 5634/4/5 5633/4/5
f 5638/4/5 5628/4/5 5634/4/5
f 5639/4/5 5628/4/5 5638/4/5
f 5640/2/5 5636/2/5 5635/2/5
f 5640/2/5 5637/2/5 5636/2/5
f 5641/2/5 5637/2/5 5640/2/5
f 5643/4/5 5638/4/5 5633/4/5
f 5644/2/5 5637/2/5 5641/2/5
f 5646/4/5 5643/4/5 5642/4/5
f 5646/4/5 5638/4/5 5643/4/5
f 5647/4/5 5638/4/5 5646/4/5
f 5648/2/5 5645/2/5 5644/2/5
f 5648/2/5 5644/2/5 5641/2/5
f 5649/2/5 5645/2/5 5648/2/5
f 5650/4/5 5646/4/5 5642/4/5
f 5653/2/5 5645/2/5 5649/2/5
f 5654/4/5 5651/4/5 5650/4/5
f 5654/4/5 5650/4/5 5642/4/5
f 5655/4/5 5651/4/5 5654/4/5
f 5656/1/5 5655/1/5 5654/1/5
f 5657/4/5 5651/4/5 5655/4/5
f 5657/1/5 5655/1/5 5656/1/5
f 5658/4/5 5651/4/5 5657/4/5
f 5659/2/5 5653/2/5 5652/2/5
f 5659/2/5 5645/2/5 5653/2/5
f 5660/2/5 5645/2/5 5659/2/5
f 5661/2/5 5658/2/5 5657/2/5
f 5664/2/5 5659/2/5 5652/2/5
f 5665/2/5 5662/2/5 5661/2/5
f 5665/2/5 5661/2/5 5657/2/5
f 5666/2/5 5662/2/5 5665/2/5
f 5667/2/5 5664/2/5 5663/2/5
f 5667/2/5 5659/2/5 5664/2/5
f 5668/2/5 5659/2/5 5667/2/5
f 5669/2/5 5662/2/5 5666/2/5
f 5672/2/5 5667/2/5 5663/2/5
f 5673/2/5 5667/2/5 5672/2/5
f 5674/2/5 5670/2/5 5669/2/5
f 5674/2/5 5669/2/5 5666/2/5
f 5675/2/5 5670/2/5 5674/2/5
f 5676/2/5 5670/2/5 5675/2/5
f 5681/1/5 5673/1/5 5672/1/5
f 5681/1/5 5672/1/5 5671/1/5
f 5682/1/5 5673/1/5 5681/1/5
f 5683/1/5 5673/1/5 5682/1/5
f 5684/2/5 5676/2/5 5675/2/5
f 5684/2/5 5677/2/5 5676/2/5
f 5685/1/5 5678/1/5 5677/1/5
f 5685/2/5 5677/2/5 5684/2/5
f 5686/1/5 5678/1/5 5685/1/5
f 5691/2/5 5680/2/5 5679/2/5
f 5692/1/5 5682/1/5 5681/1/5
f 5692/1/5 5681/1/5 5680/1/5
f 5692/2/5 5680/2/5 5691/2/5
f 5693/1/5 5682/1/5 5692/1/5
f 5694/1/5 5686/1/5 5685/1/5
f 5694/1/5 5687/1/5 5686/1/5
f 5695/4/5 5688/4/5 5687/4/5
f 5695/1/5 5687/1/5 5694/1/5
f 5696/4/5 5688/4/5 5695/4/5
f 5697/4/5 5688/4/5 5696/4/5
f 5698/4/5 5690/4/5 5689/4/5
f 5699/4/5 5690/4/5 5698/4/5
f 5700/1/5 5691/1/5 5690/1/5
f 5700/4/5 5690/4/5 5699/4/5
f 5700/1/5 5692/1/5 5691/1/5
f 5701/1/5 5692/1/5 5700/1/5
f 5702/1/5 5696/1/5 5695/1/5
f 5703/4/5 5697/4/5 5696/4/5
f 5703/1/5 5696/1/5 5702/1/5
f 5703/4/5 5699/4/5 5698/4/5
f 5703/4/5 5698/4/5 5697/4/5
f 5704/1/5 5700/1/5 5699/1/5
f 5704/4/5 5699/4/5 5703/4/5
f 5705/1/5 5700/1/5 5704/1/5
f 5709/4/5 5707/4/5 5706/4/5
f 5710/4/5 5707/4/5 5709/4/5
f 5711/4/5 5707/4/5 5710/4/5
f 5712/4/5 5707/4/5 5711/4/5
f 5715/4/5 5709/4/5 5708/4/5
f 5715/4/5 5710/4/5 5709/4/5
f 5716/4/5 5710/4/5 5715/4/5
f 5717/4/5 5710/4/5 5716/4/5
f 5718/4/5 5712/4/5 5711/4/5
f 5718/4/5 5713/4/5 5712/4/5
f 5719/4/5 5713/4/5 5718/4/5
f 5720/4/5 5713/4/5 5719/4/5
f 5721/4/5 5713/4/5 5720/4/5
f 5724/4/5 5716/4/5 5715/4/5
f 5724/4/5 5715/4/5 5714/4/5
f 5725/4/5 5716/4/5 5724/4/5
f 5726/4/5 5722/4/5 5721/4/5
f 5726/4/5 5721/4/5 5720/4/5
f 5727/4/5 5722/4/5 5726/4/5
f 5728/4/5 5722/4/5 5727/4/5
f 5731/4/5 5724/4/5 5723/4/5
f 5732/4/5 5724/4/5 5731/4/5
f 5733/4/5 5729/4/5 5728/4/5
f 5734/4/5 5729/4/5 5733/4/5
f 5737/4/5 5731/4/5 5730/4/5
f 5738/4/5 5735/4/5 5734/4/5
f 5739/4/5 5735/4/5 5738/4/5
f 5741/4/5 5737/4/5 5736/4/5
f 5741/4/5 5731/4/5 5737/4/5
f 5742/4/5 5731/4/5 5741/4/5
f 5743/1/5 5740/1/5 5739/1/5
f 5743/1/5 5739/1/5 5738/1/5
f 5744/1/5 5740/1/5 5743/1/5
f 5746/4/5 5741/4/5 5736/4/5
f 5747/1/5 5740/1/5 5744/1/5
f 5748/1/5 5740/1/5 5747/1/5
f 5750/2/5 5746/2/5 5745/2/5
f 5751/4/5 5741/4/5 5746/4/5
f 5751/2/5 5746/2/5 5750/2/5
f 5752/4/5 5741/4/5 5751/4/5
f 5753/2/5 5749/2/5 5748/2/5
f 5753/2/5 5748/2/5 5747/2/5
f 5754/2/5 5749/2/5 5753/2/5
f 5755/1/5 5751/1/5 5750/1/5
f 5756/1/5 5755/1/5 5750/1/5
f 5759/2/5 5749/2/5 5754/2/5
f 5760/1/5 5757/1/5 5756/1/5
f 5760/1/5 5756/1/5 5750/1/5
f 5761/1/5 5757/1/5 5760/1/5
f 5762/2/5 5759/2/5 5758/2/5
f 5762/2/5 5749/2/5 5759/2/5
f 5763/2/5 5749/2/5 5762/2/5
f 5764/1/5 5757/1/5 5761/1/5
f 5767/2/5 5762/2/5 5758/2/5
f 5768/1/5 5764/1/5 5761/1/5
f 5769/2/5 5765/2/5 5764/2/5
f 5769/1/5 5764/1/5 5768/1/5
f 5770/2/5 5767/2/5 5766/2/5
f 5771/2/5 5762/2/5 5767/2/5
f 5771/2/5 5767/2/5 5770/2/5
f 5772/2/5 5762/2/5 5771/2/5
f 5773/2/5 5765/2/5 5769/2/5
f 5774/2/5 5765/2/5 5773/2/5
f 5777/1/5 5771/1/5 5770/1/5
f 5778/1/5 5771/1/5 5777/1/5
f 5779/2/5 5775/2/5 5774/2/5
f 5780/2/5 5775/2/5 5779/2/5
f 5783/1/5 5777/1/5 5776/1/5
f 5784/1/5 5777/1/5 5783/1/5
f 5785/2/5 5781/2/5 5780/2/5
f 5786/2/5 5781/2/5 5785/2/5
f 5787/2/5 5781/2/5 5786/2/5
f 5790/1/5 5783/1/5 5782/1/5
f 5791/1/5 5783/1/5 5790/1/5
f 5792/1/5 5783/1/5 5791/1/5
f 5793/1/5 5788/1/5 5787/1/5
f 5793/1/5 5787/1/5 5786/1/5
f 5794/1/5 5788/1/5 5793/1/5
f 5795/1/5 5788/1/5 5794/1/5
f 5798/1/5 5791/1/5 5790/1/5
f 5798/1/5 5790/1/5 5789/1/5
f 5799/1/5 5791/1/5 5798/1/5
f 5800/1/5 5791/1/5 5799/1/5
f 5801/1/5 5797/1/5 5796/1/5
f 5801/1/5 5796/1/5 5795/1/5
f 5801/1/5 5799/1/5 5798/1/5
f 5801/1/5 5798/1/5 5797/1/5
f 5801/1/5 5795/1/5 5794/1/5
f 5802/1/5 5799/1/5 5801/1/5
f 5806/4/5 5804/4/5 5803/4/5
f 5807/4/5 5804/4/5 5806/4/5
f 5810/4/5 5806/4/5 5805/4/5
f 5811/4/5 5806/4/5 5810/4/5
f 5812/4/5 5808/4/5 5807/4/5
f 5813/4/5 5808/4/5 5812/4/5
f 5816/4/5 5810/4/5 5809/4/5
f 5817/4/5 5810/4/5 5816/4/5
f 5818/4/5 5814/4/5 5813/4/5
f 5819/4/5 5814/4/5 5818/4/5
f 5821/2/5 5816/2/5 5815/2/5
f 5822/2/5 5816/2/5 5821/2/5
f 5823/4/5 5820/4/5 5819/4/5
f 5824/4/5 5820/4/5 5823/4/5
f 5826/2/5 5821/2/5 5815/2/5
f 5827/2/5 5821/2/5 5826/2/5
f 5828/4/5 5820/4/5 5824/4/5
f 5829/4/5 5820/4/5 5828/4/5
f 5832/2/5 5826/2/5 5825/2/5
f 5833/2/5 5826/2/5 5832/2/5
f 5834/4/5 5830/4/5 5829/4/5
f 5835/4/5 5830/4/5 5834/4/5
f 5838/2/5 5832/2/5 5831/2/5
f 5839/2/5 5832/2/5 5838/2/5
f 5840/1/5 5836/1/5 5835/1/5
f 5841/1/5 5836/1/5 5840/1/5
f 5843/2/5 5838/2/5 5837/2/5
f 5844/2/5 5838/2/5 5843/2/5
f 5845/2/5 5842/2/5 5841/2/5
f 5846/2/5 5842/2/5 5845/2/5
f 5847/1/5 5846/1/5 5845/1/5
f 5848/1/5 5846/1/5 5847/1/5
f 5849/1/5 5844/1/5 5843/1/5
f 5850/1/5 5844/1/5 5849/1/5
f 5853/2/5 5848/2/5 5847/2/5
f 5854/2/5 5848/2/5 5853/2/5
f 5855/1/5 5851/1/5 5850/1/5
f 5856/1/5 5851/1/5 5855/1/5
f 5859/2/5 5853/2/5 5852/2/5
f 5860/2/5 5853/2/5 5859/2/5
f 5861/1/5 5857/1/5 5856/1/5
f 5862/1/5 5857/1/5 5861/1/5
f 5865/2/5 5859/2/5 5858/2/5
f 5866/2/5 5859/2/5 5865/2/5
f 5867/2/5 5863/2/5 5862/2/5
f 5870/1/5 5865/1/5 5864/1/5
f 5871/2/5 5868/2/5 5867/2/5
f 5871/2/5 5867/2/5 5862/2/5
f 5872/2/5 5868/2/5 5871/2/5
f 5875/1/5 5870/1/5 5869/1/5
f 5876/1/5 5865/1/5 5870/1/5
f 5876/1/5 5870/1/5 5875/1/5
f 5877/2/5 5873/2/5 5872/2/5
f 5878/2/5 5873/2/5 5877/2/5
f 5882/1/5 5875/1/5 5874/1/5
f 5883/1/5 5875/1/5 5882/1/5
f 5884/2/5 5879/2/5 5878/2/5
f 5885/1/5 5880/1/5 5879/1/5
f 5885/2/5 5879/2/5 5884/2/5
f 5886/1/5 5880/1/5 5885/1/5
f 5887/1/5 5882/1/5 5881/1/5
f 5888/1/5 5882/1/5 5887/1/5
f 5889/1/5 5887/1/5 5886/1/5
f 5890/1/5 5887/1/5 5889/1/5
f 5896/2/5 5892/2/5 5891/2/5
f 5897/4/5 5893/4/5 5892/4/5
f 5897/2/5 5892/2/5 5896/2/5
f 5898/4/5 5893/4/5 5897/4/5
f 5902/2/5 5895/2/5 5894/2/5
f 5903/2/5 5895/2/5 5902/2/5
f 5904/4/5 5900/4/5 5899/4/5
f 5905/4/5 5900/4/5 5904/4/5
f 5908/2/5 5902/2/5 5901/2/5
f 5909/2/5 5902/2/5 5908/2/5
f 5910/4/5 5906/4/5 5905/4/5
f 5911/4/5 5906/4/5 5910/4/5
f 5914/2/5 5908/2/5 5907/2/5
f 5915/2/5 5908/2/5 5914/2/5
f 5916/4/5 5912/4/5 5911/4/5
f 5917/4/5 5912/4/5 5916/4/5
f 5920/2/5 5914/2/5 5913/2/5
f 5921/2/5 5914/2/5 5920/2/5
f 5922/4/5 5918/4/5 5917/4/5
f 5923/4/5 5918/4/5 5922/4/5
f 5926/2/5 5920/2/5 5919/2/5
f 5927/2/5 5920/2/5 5926/2/5
f 5928/1/5 5924/1/5 5923/1/5
f 5929/1/5 5924/1/5 5928/1/5
f 5931/2/5 5926/2/5 5925/2/5
f 5932/2/5 5926/2/5 5931/2/5
f 5933/1/5 5930/1/5 5929/1/5
f 5934/1/5 5930/1/5 5933/1/5
f 5939/1/5 5938/1/5 5937/1/5
f 5940/1/5 5938/1/5 5939/1/5
f 5941/1/5 5938/1/5 5940/1/5
f 5942/1/5 5936/1/5 5935/1/5
f 5943/1/5 5936/1/5 5942/1/5
f 5944/2/5 5941/2/5 5940/2/5
f 5945/2/5 5941/2/5 5944/2/5
f 5950/1/5 5947/1/5 5946/1/5
f 5951/1/5 5947/1/5 5950/1/5
f 5954/2/5 5949/2/5 5948/2/5
f 5955/2/5 5949/2/5 5954/2/5
f 5956/1/5 5952/1/5 5951/1/5
f 5957/1/5 5952/1/5 5956/1/5
f 5960/2/5 5954/2/5 5953/2/5
f 5961/2/5 5954/2/5 5960/2/5
f 5962/1/5 5958/1/5 5957/1/5
f 5963/1/5 5958/1/5 5962/1/5
f 5966/1/5 5960/1/5 5959/1/5
f 5967/1/5 5960/1/5 5966/1/5
f 5968/2/5 5964/2/5 5963/2/5
f 5969/2/5 5964/2/5 5968/2/5
f 5972/1/5 5966/1/5 5965/1/5
f 5973/1/5 5966/1/5 5972/1/5
f 5974/2/5 5970/2/5 5969/2/5
f 5975/2/5 5970/2/5 5974/2/5
f 5979/1/5 5972/1/5 5971/1/5
f 5980/1/5 5972/1/5 5979/1/5
f 5981/2/5 5977/2/5 5976/2/5
f 5981/2/5 5976/2/5 5975/2/5
f 5982/2/5 5977/2/5 5981/2/5
f 5985/1/5 5979/1/5 5978/1/5
f 5986/1/5 5979/1/5 5985/1/5
f 5987/1/5 5984/1/5 5983/1/5
f 5988/1/5 5984/1/5 5987/1/5
f 5993/2/5 5990/2/5 5989/2/5
f 5994/2/5 5990/2/5 5993/2/5
f 5999/2/5 5992/2/5 5991/2/5
f 6000/2/5 5992/2/5 5999/2/5
f 6001/4/5 5996/4/5 5995/4/5
f 6002/4/5 5996/4/5 6001/4/5
f 6006/2/5 5998/2/5 5997/2/5
f 6007/2/5 5998/2/5 6006/2/5
f 6008/4/5 6004/4/5 6003/4/5
f 6009/4/5 6004/4/5 6008/4/5
f 6012/2/5 6006/2/5 6005/2/5
f 6013/2/5 6006/2/5 6012/2/5
f 6014/4/5 6010/4/5 6009/4/5
f 6015/4/5 6010/4/5 6014/4/5
f 6018/2/5 6012/2/5 6011/2/5
f 6019/2/5 6012/2/5 6018/2/5
f 6020/4/5 6016/4/5 6015/4/5
f 6021/4/5 6016/4/5 6020/4/5
f 6024/2/5 6018/2/5 6017/2/5
f 6025/2/5 6018/2/5 6024/2/5
f 6026/1/5 6022/1/5 6021/1/5
f 6027/1/5 6022/1/5 6026/1/5
f 6029/2/5 6024/2/5 6023/2/5
f 6030/2/5 6024/2/5 6029/2/5
f 6031/1/5 6028/1/5 6027/1/5
f 6032/1/5 6028/1/5 6031/1/5
f 6037/2/5 6034/2/5 6033/2/5
f 6038/2/5 6034/2/5 6037/2/5
f 6039/1/5 6036/1/5 6035/1/5
f 6040/1/5 6036/1/5 6039/1/5
f 6045/1/5 6042/1/5 6041/1/5
f 6046/1/5 6042/1/5 6045/1/5
f 6047/1/5 6044/1/5 6043/1/5
f 6048/1/5 6044/1/5 6047/1/5
f 6053/1/5 6050/1/5 6049/1/5
f 6054/1/5 6050/1/5 6053/1/5
f 6055/2/5 6052/2/5 6051/2/5
f 6056/2/5 6052/2/5 6055/2/5
f 6061/1/5 6058/1/5 6057/1/5
f 6062/1/5 6058/1/5 6061/1/5
f 6065/2/5 6060/2/5 6059/2/5
f 6066/2/5 6060/2/5 6065/2/5
f 6067/1/5 6063/1/5 6062/1/5
f 6068/1/5 6063/1/5 6067/1/5
f 6071/2/5 6065/2/5 6064/2/5
f 6072/2/5 6065/2/5 6071/2/5
f 6073/1/5 6069/1/5 6068/1/5
f 6074/1/5 6069/1/5 6073/1/5
f 6077/1/5 6071/1/5 6070/1/5
f 6078/1/5 6071/1/5 6077/1/5
f 6079/2/5 6075/2/5 6074/2/5
f 6080/2/5 6075/2/5 6079/2/5
f 6083/1/5 6077/1/5 6076/1/5
f 6084/1/5 6077/1/5 6083/1/5
f 6085/2/5 6081/2/5 6080/2/5
f 6086/2/5 6081/2/5 6085/2/5
f 6092/1/5 6083/1/5 6082/1/5
f 6093/1/5 6083/1/5 6092/1/5
f 6094/2/5 6088/2/5 6087/2/5
f 6095/1/5 6089/1/5 6088/1/5
f 6095/2/5 6088/2/5 6094/2/5
f 6096/1/5 6089/1/5 6095/1/5
f 6099/1/5 6091/1/5 6090/1/5
f 6100/1/5 6091/1/5 6099/1/5
f 6101/1/5 6098/1/5 6097/1/5
f 6102/1/5 6098/1/5 6101/1/5
f 6109/2/5 6104/2/5 6103/2/5
f 6110/2/5 6104/2/5 6109/2/5
f 6111/4/5 6106/4/5 6105/4/5
f 6112/4/5 6106/4/5 6111/4/5
f 6116/2/5 6108/2/5 6107/2/5
f 6117/2/5 6108/2/5 6116/2/5
f 6118/4/5 6114/4/5 6113/4/5
f 6119/4/5 6114/4/5 6118/4/5
f 6121/2/5 6116/2/5 6115/2/5
f 6122/2/5 6116/2/5 6121/2/5
f 6123/4/5 6120/4/5 6119/4/5
f 6124/4/5 6120/4/5 6123/4/5
f 6130/2/5 6126/2/5 6125/2/5
f 6131/2/5 6126/2/5 6130/2/5
f 6132/1/5 6128/1/5 6127/1/5
f 6133/1/5 6128/1/5 6132/1/5
f 6135/2/5 6130/2/5 6129/2/5
f 6136/2/5 6130/2/5 6135/2/5
f 6137/1/5 6134/1/5 6133/1/5
f 6138/1/5 6134/1/5 6137/1/5
f 6143/2/5 6140/2/5 6139/2/5
f 6144/2/5 6140/2/5 6143/2/5
f 6145/1/5 6144/1/5 6143/1/5
f 6146/1/5 6144/1/5 6145/1/5
f 6147/1/5 6142/1/5 6141/1/5
f 6148/1/5 6142/1/5 6147/1/5
f 6153/1/5 6152/1/5 6151/1/5
f 6154/1/5 6152/1/5 6153/1/5
f 6155/1/5 6150/1/5 6149/1/5
f 6156/1/5 6150/1/5 6155/1/5
f 6157/2/5 6154/2/5 6153/2/5
f 6158/2/5 6154/2/5 6157/2/5
f 6163/1/5 6160/1/5 6159/1/5
f 6164/1/5 6160/1/5 6163/1/5
f 6167/2/5 6162/2/5 6161/2/5
f 6168/2/5 6162/2/5 6167/2/5
f 6169/1/5 6165/1/5 6164/1/5
f 6170/1/5 6165/1/5 6169/1/5
f 6171/2/5 6167/2/5 6166/2/5
f 6172/2/5 6167/2/5 6171/2/5
f 6177/2/5 6174/2/5 6173/2/5
f 6178/2/5 6174/2/5 6177/2/5
f 6181/1/5 6176/1/5 6175/1/5
f 6182/1/5 6176/1/5 6181/1/5
f 6183/2/5 6179/2/5 6178/2/5
f 6184/2/5 6179/2/5 6183/2/5
f 6189/2/5 6181/2/5 6180/2/5
f 6190/2/5 6181/2/5 6189/2/5
f 6191/1/5 6186/1/5 6185/1/5
f 6192/1/5 6186/1/5 6191/1/5
f 6193/1/5 6188/1/5 6187/1/5
f 6194/1/5 6188/1/5 6193/1/5
f 6200/2/5 6196/2/5 6195/2/5
f 6201/4/5 6197/4/5 6196/4/5
f 6201/2/5 6196/2/5 6200/2/5
f 6202/4/5 6197/4/5 6201/4/5
f 6207/2/5 6199/2/5 6198/2/5
f 6208/2/5 6199/2/5 6207/2/5
f 6209/4/5 6204/4/5 6203/4/5
f 6210/4/5 6204/4/5 6209/4/5
f 6214/2/5 6206/2/5 6205/2/5
f 6215/2/5 6206/2/5 6214/2/5
f 6216/4/5 6212/4/5 6211/4/5
f 6217/4/5 6212/4/5 6216/4/5
f 6220/2/5 6214/2/5 6213/2/5
f 6221/2/5 6214/2/5 6220/2/5
f 6222/4/5 6218/4/5 6217/4/5
f 6223/4/5 6218/4/5 6222/4/5
f 6226/2/5 6220/2/5 6219/2/5
f 6227/2/5 6220/2/5 6226/2/5
f 6228/4/5 6224/4/5 6223/4/5
f 6229/4/5 6224/4/5 6228/4/5
f 6232/2/5 6226/2/5 6225/2/5
f 6233/2/5 6226/2/5 6232/2/5
f 6234/4/5 6230/4/5 6229/4/5
f 6235/4/5 6230/4/5 6234/4/5
f 6238/2/5 6232/2/5 6231/2/5
f 6239/2/5 6232/2/5 6238/2/5
f 6240/1/5 6236/1/5 6235/1/5
f 6241/1/5 6236/1/5 6240/1/5
f 6243/2/5 6238/2/5 6237/2/5
f 6244/2/5 6238/2/5 6243/2/5
f 6245/1/5 6242/1/5 6241/1/5
f 6246/1/5 6242/1/5 6245/1/5
f 6251/2/5 6248/2/5 6247/2/5
f 6252/2/5 6248/2/5 6251/2/5
f 6253/1/5 6250/1/5 6249/1/5
f 6254/1/5 6250/1/5 6253/1/5
f 6259/2/5 6256/2/5 6255/2/5
f 6260/2/5 6256/2/5 6259/2/5
f 6261/1/5 6260/1/5 6259/1/5
f 6262/1/5 6260/1/5 6261/1/5
f 6263/1/5 6258/1/5 6257/1/5
f 6264/1/5 6258/1/5 6263/1/5
f 6269/1/5 6266/1/5 6265/1/5
f 6270/1/5 6266/1/5 6269/1/5
f 6271/2/5 6268/2/5 6267/2/5
f 6272/2/5 6268/2/5 6271/2/5
f 6277/1/5 6274/1/5 6273/1/5
f 6278/1/5 6274/1/5 6277/1/5
f 6281/2/5 6276/2/5 6275/2/5
f 6282/2/5 6276/2/5 6281/2/5
f 6283/1/5 6279/1/5 6278/1/5
f 6284/1/5 6279/1/5 6283/1/5
f 6287/2/5 6281/2/5 6280/2/5
f 6288/2/5 6281/2/5 6287/2/5
f 6289/1/5 6285/1/5 6284/1/5
f 6290/1/5 6285/1/5 6289/1/5
f 6293/2/5 6287/2/5 6286/2/5
f 6294/2/5 6287/2/5 6293/2/5
f 6295/2/5 6291/2/5 6290/2/5
f 6296/2/5 6291/2/5 6295/2/5
f 6299/2/5 6293/2/5 6292/2/5
f 6300/2/5 6293/2/5 6299/2/5
f 6301/2/5 6297/2/5 6296/2/5
f 6302/2/5 6297/2/5 6301/2/5
f 6305/2/5 6299/2/5 6298/2/5
f 6306/2/5 6299/2/5 6305/2/5
f 6307/2/5 6303/2/5 6302/2/5
f 6308/2/5 6303/2/5 6307/2/5
f 6315/2/5 6305/2/5 6304/2/5
f 6316/2/5 6305/2/5 6315/2/5
f 6317/2/5 6310/2/5 6309/2/5
f 6318/1/5 6311/1/5 6310/1/5
f 6318/2/5 6310/2/5 6317/2/5
f 6319/1/5 6311/1/5 6318/1/5
f 6322/2/5 6313/2/5 6312/2/5
f 6323/4/5 6314/4/5 6313/4/5
f 6323/2/5 6313/2/5 6322/2/5
f 6324/4/5 6314/4/5 6323/4/5
f 6325/1/5 6321/1/5 6320/1/5
f 6326/1/5 6321/1/5 6325/1/5
f 6334/1/5 6328/1/5 6327/1/5
f 6335/2/5 6329/2/5 6328/2/5
f 6335/1/5 6328/1/5 6334/1/5
f 6336/2/5 6329/2/5 6335/2/5
f 6337/4/5 6331/4/5 6330/4/5
f 6338/4/5 6331/4/5 6337/4/5
f 6341/1/5 6333/1/5 6332/1/5
f 6342/1/5 6333/1/5 6341/1/5
f 6343/4/5 6340/4/5 6339/4/5
f 6344/4/5 6340/4/5 6343/4/5
f 6350/2/5 6346/2/5 6345/2/5
f 6351/2/5 6346/2/5 6350/2/5
f 6352/4/5 6348/4/5 6347/4/5
f 6353/4/5 6348/4/5 6352/4/5
f 6356/2/5 6350/2/5 6349/2/5
f 6357/2/5 6350/2/5 6356/2/5
f 6358/4/5 6354/4/5 6353/4/5
f 6359/4/5 6354/4/5 6358/4/5
f 6361/2/5 6356/2/5 6355/2/5
f 6362/2/5 6356/2/5 6361/2/5
f 6363/4/5 6360/4/5 6359/4/5
f 6364/4/5 6360/4/5 6363/4/5
f 6369/2/5 6366/2/5 6365/2/5
f 6370/2/5 6366/2/5 6369/2/5
f 6371/1/5 6368/1/5 6367/1/5
f 6372/1/5 6368/1/5 6371/1/5
f 6377/2/5 6374/2/5 6373/2/5
f 6378/2/5 6374/2/5 6377/2/5
f 6379/1/5 6376/1/5 6375/1/5
f 6380/1/5 6376/1/5 6379/1/5
f 6385/1/5 6384/1/5 6383/1/5
f 6386/1/5 6384/1/5 6385/1/5
f 6387/1/5 6382/1/5 6381/1/5
f 6388/1/5 6382/1/5 6387/1/5
f 6389/2/5 6386/2/5 6385/2/5
f 6390/2/5 6386/2/5 6389/2/5
f 6395/1/5 6392/1/5 6391/1/5
f 6396/1/5 6392/1/5 6395/1/5
f 6397/2/5 6394/2/5 6393/2/5
f 6398/2/5 6394/2/5 6397/2/5
f 6403/1/5 6400/1/5 6399/1/5
f 6404/1/5 6400/1/5 6403/1/5
f 6407/2/5 6402/2/5 6401/2/5
f 6408/2/5 6402/2/5 6407/2/5
f 6409/2/5 6405/2/5 6404/2/5
f 6410/2/5 6405/2/5 6409/2/5
f 6413/2/5 6407/2/5 6406/2/5
f 6414/2/5 6407/2/5 6413/2/5
f 6415/2/5 6411/2/5 6410/2/5
f 6416/2/5 6411/2/5 6415/2/5
f 6417/2/5 6413/2/5 6412/2/5
f 6418/2/5 6413/2/5 6417/2/5
f 6423/2/5 6420/2/5 6419/2/5
f 6424/2/5 6420/2/5 6423/2/5
f 6430/2/5 6422/2/5 6421/2/5
f 6431/2/5 6422/2/5 6430/2/5
f 6432/1/5 6426/1/5 6425/1/5
f 6433/1/5 6426/1/5 6432/1/5
f 6434/1/5 6428/1/5 6427/1/5
f 6435/2/5 6429/2/5 6428/2/5
f 6435/1/5 6428/1/5 6434/1/5
f 6436/2/5 6429/2/5 6435/2/5
f 6441/1/5 6438/1/5 6437/1/5
f 6442/1/5 6438/1/5 6441/1/5
f 6443/4/5 6440/4/5 6439/4/5
f 6444/4/5 6440/4/5 6443/4/5
f 6449/1/5 6446/1/5 6445/1/5
f 6450/1/5 6446/1/5 6449/1/5
f 6451/4/5 6448/4/5 6447/4/5
f 6452/4/5 6448/4/5 6451/4/5
f 6457/2/5 6454/2/5 6453/2/5
f 6458/2/5 6454/2/5 6457/2/5
f 6459/2/5 6456/2/5 6455/2/5
f 6460/2/5 6456/2/5 6459/2/5
f 6465/1/5 6462/1/5 6461/1/5
f 6466/1/5 6462/1/5 6465/1/5
f 6467/2/5 6464/2/5 6463/2/5
f 6468/2/5 6464/2/5 6467/2/5
f 6473/1/5 6470/1/5 6469/1/5
f 6474/1/5 6470/1/5 6473/1/5
f 6475/2/5 6472/2/5 6471/2/5
f 6476/2/5 6472/2/5 6475/2/5
f 6481/1/5 6478/1/5 6477/1/5
f 6482/1/5 6478/1/5 6481/1/5
f 6483/2/5 6480/2/5 6479/2/5
f 6484/2/5 6480/2/5 6483/2/5
f 6489/2/5 6486/2/5 6485/2/5
f 6490/2/5 6486/2/5 6489/2/5
f 6491/2/5 6488/2/5 6487/2/5
f 6492/2/5 6488/2/5 6491/2/5
f 6497/1/5 6494/1/5 6493/1/5
f 6498/1/5 6494/1/5 6497/1/5
f 6499/2/5 6496/2/5 6495/2/5
f 6500/2/5 6496/2/5 6499/2/5
f 6506/1/5 6502/1/5 6501/1/5
f 6507/4/5 6503/4/5 6502/4/5
f 6507/1/5 6502/1/5 6506/1/5
f 6508/4/5 6503/4/5 6507/4/5
f 6513/1/5 6505/1/5 6504/1/5
f 6514/1/5 6505/1/5 6513/1/5
f 6515/4/5 6510/4/5 6509/4/5
f 6516/4/5 6510/4/5 6515/4/5
f 6519/1/5 6512/1/5 6511/1/5
f 6520/1/5 6512/1/5 6519/1/5
f 6521/4/5 6518/4/5 6517/4/5
f 6522/4/5 6518/4/5 6521/4/5
f 6528/2/5 6524/2/5 6523/2/5
f 6529/2/5 6524/2/5 6528/2/5
f 6530/4/5 6526/4/5 6525/4/5
f 6531/4/5 6526/4/5 6530/4/5
f 6533/2/5 6528/2/5 6527/2/5
f 6534/2/5 6528/2/5 6533/2/5
f 6535/4/5 6532/4/5 6531/4/5
f 6536/4/5 6532/4/5 6535/4/5
f 6541/2/5 6538/2/5 6537/2/5
f 6542/2/5 6538/2/5 6541/2/5
f 6543/2/5 6540/2/5 6539/2/5
f 6544/2/5 6540/2/5 6543/2/5
f 6549/1/5 6546/1/5 6545/1/5
f 6550/1/5 6546/1/5 6549/1/5
f 6551/2/5 6548/2/5 6547/2/5
f 6552/2/5 6548/2/5 6551/2/5
f 6557/1/5 6554/1/5 6553/1/5
f 6558/1/5 6554/1/5 6557/1/5
f 6559/2/5 6558/2/5 6557/2/5
f 6560/2/5 6559/2/5 6557/2/5
f 6561/2/5 6559/2/5 6560/2/5
f 6562/2/5 6556/2/5 6555/2/5
f 6563/2/5 6556/2/5 6562/2/5
f 6568/1/5 6565/1/5 6564/1/5
f 6569/1/5 6565/1/5 6568/1/5
f 6570/1/5 6567/1/5 6566/1/5
f 6571/1/5 6567/1/5 6570/1/5
f 6576/1/5 6573/1/5 6572/1/5
f 6577/1/5 6573/1/5 6576/1/5
f 6578/2/5 6575/2/5 6574/2/5
f 6579/2/5 6575/2/5 6578/2/5
f 6584/1/5 6581/1/5 6580/1/5
f 6585/1/5 6581/1/5 6584/1/5
f 6588/2/5 6583/2/5 6582/2/5
f 6589/2/5 6583/2/5 6588/2/5
f 6590/2/5 6586/2/5 6585/2/5
f 6591/2/5 6586/2/5 6590/2/5
f 6592/2/5 6588/2/5 6587/2/5
f 6593/2/5 6588/2/5 6592/2/5
f 6598/4/5 6595/4/5 6594/4/5
f 6599/4/5 6595/4/5 6598/4/5
f 6604/2/5 6597/2/5 6596/2/5
f 6605/2/5 6597/2/5 6604/2/5
f 6606/4/5 6601/4/5 6600/4/5
f 6607/4/5 6601/4/5 6606/4/5
f 6610/2/5 6603/2/5 6602/2/5
f 6611/2/5 6603/2/5 6610/2/5
f 6612/1/5 6609/1/5 6608/1/5
f 6613/1/5 6609/1/5 6612/1/5
f 6618/1/5 6615/1/5 6614/1/5
f 6619/1/5 6615/1/5 6618/1/5
f 6620/4/5 6617/4/5 6616/4/5
f 6621/4/5 6617/4/5 6620/4/5
f 6626/1/5 6623/1/5 6622/1/5
f 6627/1/5 6623/1/5 6626/1/5
f 6628/4/5 6625/4/5 6624/4/5
f 6629/4/5 6625/4/5 6628/4/5
f 6634/1/5 6631/1/5 6630/1/5
f 6635/1/5 6631/1/5 6634/1/5
f 6636/2/5 6633/2/5 6632/2/5
f 6637/2/5 6633/2/5 6636/2/5
f 6642/1/5 6639/1/5 6638/1/5
f 6643/1/5 6639/1/5 6642/1/5
f 6644/2/5 6641/2/5 6640/2/5
f 6645/2/5 6641/2/5 6644/2/5
f 6650/2/5 6647/2/5 6646/2/5
f 6651/2/5 6647/2/5 6650/2/5
f 6652/1/5 6649/1/5 6648/1/5
f 6653/1/5 6649/1/5 6652/1/5
f 6658/1/5 6655/1/5 6654/1/5
f 6659/1/5 6655/1/5 6658/1/5
f 6660/2/5 6657/2/5 6656/2/5
f 6661/2/5 6657/2/5 6660/2/5
f 6666/2/5 6663/2/5 6662/2/5
f 6667/2/5 6663/2/5 6666/2/5
f 6668/2/5 6665/2/5 6664/2/5
f 6669/2/5 6665/2/5 6668/2/5
f 6674/1/5 6671/1/5 6670/1/5
f 6675/1/5 6671/1/5 6674/1/5
f 6676/1/5 6673/1/5 6672/1/5
f 6677/1/5 6673/1/5 6676/1/5
f 6684/1/5 6679/1/5 6678/1/5
f 6685/1/5 6679/1/5 6684/1/5
f 6686/4/5 6681/4/5 6680/4/5
f 6687/4/5 6681/4/5 6686/4/5
f 6690/1/5 6683/1/5 6682/1/5
f 6691/1/5 6683/1/5 6690/1/5
f 6692/4/5 6689/4/5 6688/4/5
f 6693/4/5 6689/4/5 6692/4/5
f 6698/1/5 6695/1/5 6694/1/5
f 6699/1/5 6695/1/5 6698/1/5
f 6700/2/5 6697/2/5 6696/2/5
f 6701/2/5 6697/2/5 6700/2/5
f 6706/1/5 6703/1/5 6702/1/5
f 6707/1/5 6703/1/5 6706/1/5
f 6708/2/5 6705/2/5 6704/2/5
f 6709/2/5 6705/2/5 6708/2/5
f 6714/2/5 6711/2/5 6710/2/5
f 6715/2/5 6711/2/5 6714/2/5
f 6716/1/5 6713/1/5 6712/1/5
f 6717/1/5 6713/1/5 6716/1/5
f 6722/1/5 6719/1/5 6718/1/5
f 6723/1/5 6719/1/5 6722/1/5
f 6724/1/5 6721/1/5 6720/1/5
f 6725/1/5 6721/1/5 6724/1/5
f 6730/4/5 6727/4/5 6726/4/5
f 6731/4/5 6727/4/5 6730/4/5
f 6736/2/5 6729/2/5 6728/2/5
f 6737/2/5 6729/2/5 6736/2/5
f 6738/2/5 6733/2/5 6732/2/5
f 6739/2/5 6733/2/5 6738/2/5
f 6740/1/5 6735/1/5 6734/1/5
f 6741/1/5 6735/1/5 6740/1/5
f 6746/1/5 6743/1/5 6742/1/5
f 6747/1/5 6743/1/5 6746/1/5
f 6748/4/5 6745/4/5 6744/4/5
f 6749/4/5 6745/4/5 6748/4/5
f 6754/1/5 6751/1/5 6750/1/5
f 6755/1/5 6751/1/5 6754/1/5
f 6756/2/5 6753/2/5 6752/2/5
f 6757/2/5 6753/2/5 6756/2/5
f 6762/1/5 6759/1/5 6758/1/5
f 6763/1/5 6759/1/5 6762/1/5
f 6764/2/5 6761/2/5 6760/2/5
f 6765/2/5 6761/2/5 6764/2/5
f 6770/4/5 6767/4/5 6766/4/5
f 6771/4/5 6767/4/5 6770/4/5
f 6772/2/5 6769/2/5 6768/2/5
f 6773/2/5 6769/2/5 6772/2/5
f 6774/1/6 6775/1/6 6778/1/6
f 6778/1/6 6775/1/6 6779/1/6
f 6776/4/6 6777/4/6 6780/4/6
f 6780/4/6 6777/4/6 6781/4/6
f 6782/1/6 6783/1/6 6786/1/6
f 6786/1/6 6783/1/6 6787/1/6
f 6784/2/6 6785/2/6 6788/2/6
f 6788/2/6 6785/2/6 6789/2/6
f 6790/1/6 6791/1/6 6794/1/6
f 6794/1/6 6791/1/6 6795/1/6
f 6792/2/6 6793/2/6 6796/2/6
f 6796/2/6 6793/2/6 6797/2/6
f 6798/4/6 6799/4/6 6802/4/6
f 6802/4/6 6799/4/6 6803/4/6
f 6800/1/6 6801/1/6 6804/1/6
f 6804/1/6 6801/1/6 6805/1/6
f 6806/1/6 6807/1/6 6812/1/6
f 6812/1/6 6807/1/6 6813/1/6
f 6808/4/6 6809/4/6 6814/4/6
f 6814/4/6 6809/4/6 6815/4/6
f 6810/1/6 6811/1/6 6818/1/6
f 6818/1/6 6811/1/6 6819/1/6
f 6816/4/6 6817/4/6 6820/4/6
f 6820/4/6 6817/4/6 6821/4/6
f 6822/1/6 6823/1/6 6826/1/6
f 6826/1/6 6823/1/6 6827/1/6
f 6824/2/6 6825/2/6 6828/2/6
f 6828/2/6 6825/2/6 6829/2/6
f 6830/1/6 6831/1/6 6834/1/6
f 6834/1/6 6831/1/6 6835/1/6
f 6832/2/6 6833/2/6 6836/2/6
f 6836/2/6 6833/2/6 6837/2/6
f 6838/2/6 6839/2/6 6842/2/6
f 6842/2/6 6839/2/6 6843/2/6
f 6840/1/6 6841/1/6 6844/1/6
f 6844/1/6 6841/1/6 6845/1/6
f 6846/2/6 6847/2/6 6850/2/6
f 6850/2/6 6847/2/6 6851/2/6
f 6848/1/6 6849/1/6 6852/1/6
f 6852/1/6 6849/1/6 6853/1/6
f 6854/4/6 6855/4/6 6858/4/6
f 6858/4/6 6855/4/6 6859/4/6
f 6856/1/6 6857/1/6 6864/1/6
f 6864/1/6 6857/1/6 6865/1/6
f 6860/2/6 6861/2/6 6866/2/6
f 6866/2/6 6861/2/6 6867/2/6
f 6862/1/6 6863/1/6 6868/1/6
f 6868/1/6 6863/1/6 6869/1/6
f 6870/1/6 6871/1/6 6874/1/6
f 6874/1/6 6871/1/6 6875/1/6
f 6872/1/6 6873/1/6 6876/1/6
f 6876/1/6 6873/1/6 6877/1/6
f 6878/2/6 6879/2/6 6882/2/6
f 6882/2/6 6879/2/6 6883/2/6
f 6880/4/6 6881/4/6 6884/4/6
f 6884/4/6 6881/4/6 6885/4/6
f 6886/1/6 6887/1/6 6890/1/6
f 6890/1/6 6887/1/6 6891/1/6
f 6888/4/6 6889/4/6 6892/4/6
f 6892/4/6 6889/4/6 6893/4/6
f 6894/1/6 6895/1/6 6898/1/6
f 6898/1/6 6895/1/6 6899/1/6
f 6896/1/6 6897/1/6 6900/1/6
f 6900/1/6 6897/1/6 6901/1/6
f 6902/2/6 6903/2/6 6906/2/6
f 6906/2/6 6903/2/6 6907/2/6
f 6904/1/6 6905/1/6 6908/1/6
f 6908/1/6 6905/1/6 6909/1/6
f 6910/2/6 6911/2/6 6914/2/6
f 6914/2/6 6911/2/6 6915/2/6
f 6912/2/6 6913/2/6 6916/2/6
f 6916/2/6 6913/2/6 6917/2/6
f 6918/4/6 6919/4/6 6922/4/6
f 6922/4/6 6919/4/6 6923/4/6
f 6920/1/6 6921/1/6 6924/1/6
f 6924/1/6 6921/1/6 6925/1/6
f 6926/1/6 6927/1/6 6930/1/6
f 6930/1/6 6927/1/6 6931/1/6
f 6928/1/6 6929/1/6 6932/1/6
f 6932/1/6 6929/1/6 6933/1/6
f 6934/1/6 6935/1/6 6938/1/6
f 6938/1/6 6935/1/6 6939/1/6
f 6936/1/6 6937/1/6 6944/1/6
f 6944/1/6 6937/1/6 6945/1/6
f 6940/4/6 6941/4/6 6946/4/6
f 6946/4/6 6941/4/6 6947/4/6
f 6942/1/6 6943/1/6 6950/1/6
f 6950/1/6 6943/1/6 6951/1/6
f 6948/4/6 6949/4/6 6952/4/6
f 6952/4/6 6949/4/6 6953/4/6
f 6954/2/6 6955/2/6 6959/2/6
f 6959/2/6 6955/2/6 6960/2/6
f 6956/4/6 6957/4/6 6961/4/6
f 6961/4/6 6957/4/6 6962/4/6
f 6958/2/6 6959/2/6 6964/2/6
f 6964/2/6 6959/2/6 6965/2/6
f 6962/4/6 6963/4/6 6966/4/6
f 6966/4/6 6963/4/6 6967/4/6
f 6968/2/6 6969/2/6 6972/2/6
f 6972/2/6 6969/2/6 6973/2/6
f 6970/2/6 6971/2/6 6974/2/6
f 6974/2/6 6971/2/6 6975/2/6
f 6976/1/6 6977/1/6 6980/1/6
f 6980/1/6 6977/1/6 6981/1/6
f 6978/2/6 6979/2/6 6982/2/6
f 6982/2/6 6979/2/6 6983/2/6
f 6984/1/6 6985/1/6 6988/1/6
f 6988/1/6 6985/1/6 6989/1/6
f 6988/2/6 6989/2/6 6990/2/6
f 6990/2/6 6989/2/6 6991/2/6
f 6986/1/6 6987/1/6 6992/1/6
f 6992/1/6 6987/1/6 6993/1/6
f 6994/2/6 6995/2/6 6998/2/6
f 6998/2/6 6995/2/6 6999/2/6
f 6996/1/6 6997/1/6 7000/1/6
f 7000/1/6 6997/1/6 7001/1/6
f 7002/2/6 7003/2/6 7006/2/6
f 7006/2/6 7003/2/6 7007/2/6
f 7004/2/6 7005/2/6 7008/2/6
f 7008/2/6 7005/2/6 7009/2/6
f 7010/1/6 7011/1/6 7014/1/6
f 7014/1/6 7011/1/6 7015/1/6
f 7012/1/6 7013/1/6 7018/1/6
f 7018/1/6 7013/1/6 7019/1/6
f 7015/1/6 7016/1/6 7020/1/6
f 7020/1/6 7016/1/6 7021/1/6
f 7017/1/6 7018/1/6 7022/1/6
f 7022/1/6 7018/1/6 7023/1/6
f 7024/4/6 7025/4/6 7028/4/6
f 7028/4/6 7025/4/6 7029/4/6
f 7026/1/6 7027/1/6 7034/1/6
f 7034/1/6 7027/1/6 7035/1/6
f 7030/4/6 7031/4/6 7036/4/6
f 7036/4/6 7031/4/6 7037/4/6
f 7032/1/6 7033/1/6 7040/1/6
f 7040/1/6 7033/1/6 7041/1/6
f 7038/1/6 7039/1/6 7042/1/6
f 7042/1/6 7039/1/6 7043/1/6
f 7044/1/6 7045/1/6 7048/1/6
f 7048/1/6 7045/1/6 7049/1/6
f 7046/4/6 7047/4/6 7050/4/6
f 7050/4/6 7047/4/6 7051/4/6
f 7052/2/6 7053/2/6 7056/2/6
f 7056/2/6 7053/2/6 7057/2/6
f 7054/4/6 7055/4/6 7058/4/6
f 7058/4/6 7055/4/6 7059/4/6
f 7060/2/6 7061/2/6 7064/2/6
f 7064/2/6 7061/2/6 7065/2/6
f 7062/4/6 7063/4/6 7066/4/6
f 7066/4/6 7063/4/6 7067/4/6
f 7068/1/6 7069/1/6 7072/1/6
f 7072/1/6 7069/1/6 7073/1/6
f 7070/1/6 7071/1/6 7074/1/6
f 7074/1/6 7071/1/6 7075/1/6
f 7076/1/6 7077/1/6 7080/1/6
f 7080/1/6 7077/1/6 7081/1/6
f 7078/1/6 7079/1/6 7082/1/6
f 7082/1/6 7079/1/6 7083/1/6
f 7084/1/6 7085/1/6 7088/1/6
f 7088/1/6 7085/1/6 7089/1/6
f 7086/1/6 7087/1/6 7090/1/6
f 7090/1/6 7087/1/6 7091/1/6
f 7092/4/6 7093/4/6 7096/4/6
f 7096/4/6 7093/4/6 7097/4/6
f 7094/1/6 7095/1/6 7098/1/6
f 7098/1/6 7095/1/6 7099/1/6
f 7100/4/6 7101/4/6 7104/4/6
f 7104/4/6 7101/4/6 7105/4/6
f 7102/1/6 7103/1/6 7106/1/6
f 7106/1/6 7103/1/6 7107/1/6
f 7108/4/6 7109/4/6 7114/4/6
f 7114/4/6 7109/4/6 7115/4/6
f 7110/4/6 7111/4/6 7116/4/6
f 7116/4/6 7111/4/6 7117/4/6
f 7112/4/6 7113/4/6 7120/4/6
f 7120/4/6 7113/4/6 7121/4/6
f 7118/4/6 7119/4/6 7122/4/6
f 7122/4/6 7119/4/6 7123/4/6
f 7124/4/6 7125/4/6 7129/4/6
f 7129/4/6 7125/4/6 7130/4/6
f 7126/4/6 7127/4/6 7131/4/6
f 7131/4/6 7127/4/6 7132/4/6
f 7128/4/6 7129/4/6 7135/4/6
f 7135/4/6 7129/4/6 7136/4/6
f 7132/4/6 7133/4/6 7137/4/6
f 7137/4/6 7133/4/6 7138/4/6
f 7134/4/6 7135/4/6 7140/4/6
f 7140/4/6 7135/4/6 7141/4/6
f 7138/4/6 7139/4/6 7142/4/6
f 7142/4/6 7139/4/6 7143/4/6
f 7144/4/6 7145/4/6 7148/4/6
f 7148/4/6 7145/4/6 7149/4/6
f 7146/2/6 7147/2/6 7150/2/6
f 7150/2/6 7147/2/6 7151/2/6
f 7152/1/6 7153/1/6 7156/1/6
f 7156/1/6 7153/1/6 7157/1/6
f 7154/1/6 7155/1/6 7158/1/6
f 7158/1/6 7155/1/6 7159/1/6
f 7160/1/6 7161/1/6 7164/1/6
f 7164/1/6 7161/1/6 7165/1/6
f 7162/1/6 7163/1/6 7166/1/6
f 7166/1/6 7163/1/6 7167/1/6
f 7168/1/6 7169/1/6 7172/1/6
f 7172/1/6 7169/1/6 7173/1/6
f 7170/1/6 7171/1/6 7174/1/6
f 7174/1/6 7171/1/6 7175/1/6
f 7176/1/6 7177/1/6 7180/1/6
f 7180/1/6 7177/1/6 7181/1/6
f 7178/1/6 7179/1/6 7184/1/6
f 7184/1/6 7179/1/6 7185/1/6
f 7181/1/6 7182/1/6 7186/1/6
f 7186/1/6 7182/1/6 7187/1/6
f 7183/1/6 7184/1/6 7190/1/6
f 7190/1/6 7184/1/6 7191/1/6
f 7187/4/6 7188/4/6 7192/4/6
f 7192/4/6 7188/4/6 7193/4/6
f 7189/1/6 7190/1/6 7194/1/6
f 7194/1/6 7190/1/6 7195/1/6
f 7196/4/6 7197/4/6 7200/4/6
f 7200/4/6 7197/4/6 7201/4/6
f 7198/1/6 7199/1/6 7206/1/6
f 7206/1/6 7199/1/6 7207/1/6
f 7202/1/6 7203/1/6 7208/1/6
f 7208/1/6 7203/1/6 7209/1/6
f 7204/2/6 7205/2/6 7210/2/6
f 7210/2/6 7205/2/6 7211/2/6
f 7212/4/6 7213/4/6 7216/4/6
f 7216/4/6 7213/4/6 7217/4/6
f 7214/4/6 7215/4/6 7222/4/6
f 7222/4/6 7215/4/6 7223/4/6
f 7218/4/6 7219/4/6 7224/4/6
f 7224/4/6 7219/4/6 7225/4/6
f 7220/4/6 7221/4/6 7229/4/6
f 7229/4/6 7221/4/6 7230/4/6
f 7226/4/6 7227/4/6 7231/4/6
f 7231/4/6 7227/4/6 7232/4/6
f 7228/4/6 7229/4/6 7235/4/6
f 7235/4/6 7229/4/6 7236/4/6
f 7232/4/6 7233/4/6 7237/4/6
f 7237/4/6 7233/4/6 7238/4/6
f 7234/4/6 7235/4/6 7241/4/6
f 7241/4/6 7235/4/6 7242/4/6
f 7238/4/6 7239/4/6 7243/4/6
f 7243/4/6 7239/4/6 7244/4/6
f 7240/4/6 7241/4/6 7247/4/6
f 7247/4/6 7241/4/6 7248/4/6
f 7244/4/6 7245/4/6 7249/4/6
f 7249/4/6 7245/4/6 7250/4/6
f 7246/4/6 7247/4/6 7253/4/6
f 7253/4/6 7247/4/6 7254/4/6
f 7250/4/6 7251/4/6 7255/4/6
f 7255/4/6 7251/4/6 7256/4/6
f 7252/4/6 7253/4/6 7258/4/6
f 7258/4/6 7253/4/6 7259/4/6
f 7256/2/6 7257/2/6 7260/2/6
f 7260/2/6 7257/2/6 7261/2/6
f 7264/2/6 7265/2/6 7266/2/6
f 7266/2/6 7265/2/6 7267/2/6
f 7262/4/6 7263/4/6 7268/4/6
f 7268/4/6 7263/4/6 7269/4/6
f 7266/1/6 7267/1/6 7270/1/6
f 7270/1/6 7267/1/6 7271/1/6
f 7272/1/6 7273/1/6 7276/1/6
f 7272/1/6 7276/1/6 7277/1/6
f 7277/1/6 7276/1/6 7278/1/6
f 7274/1/6 7275/1/6 7279/1/6
f 7279/1/6 7275/1/6 7280/1/6
f 7281/1/6 7282/1/6 7285/1/6
f 7285/1/6 7282/1/6 7286/1/6
f 7283/1/6 7284/1/6 7287/1/6
f 7287/1/6 7284/1/6 7288/1/6
f 7289/1/6 7290/1/6 7293/1/6
f 7293/1/6 7290/1/6 7294/1/6
f 7291/1/6 7292/1/6 7297/1/6
f 7297/1/6 7292/1/6 7298/1/6
f 7294/1/6 7295/1/6 7299/1/6
f 7299/1/6 7295/1/6 7300/1/6
f 7296/1/6 7297/1/6 7303/1/6
f 7303/1/6 7297/1/6 7304/1/6
f 7300/1/6 7301/1/6 7305/1/6
f 7305/1/6 7301/1/6 7306/1/6
f 7302/1/6 7303/1/6 7309/1/6
f 7309/1/6 7303/1/6 7310/1/6
f 7306/1/6 7307/1/6 7311/1/6
f 7311/1/6 7307/1/6 7312/1/6
f 7308/1/6 7309/1/6 7315/1/6
f 7315/1/6 7309/1/6 7316/1/6
f 7312/4/6 7313/4/6 7317/4/6
f 7317/4/6 7313/4/6 7318/4/6
f 7314/1/6 7315/1/6 7321/1/6
f 7321/1/6 7315/1/6 7322/1/6
f 7318/4/6 7319/4/6 7323/4/6
f 7323/4/6 7319/4/6 7324/4/6
f 7320/1/6 7321/1/6 7330/1/6
f 7330/1/6 7321/1/6 7331/1/6
f 7325/4/6 7326/4/6 7332/4/6
f 7332/4/6 7326/4/6 7333/4/6
f 7327/2/6 7328/2/6 7336/2/6
f 7328/1/6 7329/1/6 7337/1/6
f 7336/2/6 7328/2/6 7337/2/6
f 7337/1/6 7329/1/6 7338/1/6
f 7334/1/6 7335/1/6 7339/1/6
f 7339/1/6 7335/1/6 7340/1/6
f 7341/4/6 7342/4/6 7347/4/6
f 7347/4/6 7342/4/6 7348/4/6
f 7343/4/6 7344/4/6 7349/4/6
f 7349/4/6 7344/4/6 7350/4/6
f 7350/4/6 7344/4/6 7351/4/6
f 7345/4/6 7346/4/6 7355/4/6
f 7355/4/6 7346/4/6 7356/4/6
f 7352/4/6 7353/4/6 7357/4/6
f 7357/4/6 7353/4/6 7358/4/6
f 7358/4/6 7353/4/6 7359/4/6
f 7354/4/6 7355/4/6 7361/4/6
f 7361/4/6 7355/4/6 7362/4/6
f 7359/4/6 7360/4/6 7363/4/6
f 7363/4/6 7360/4/6 7364/4/6
f 7365/4/6 7366/4/6 7370/4/6
f 7370/4/6 7366/4/6 7371/4/6
f 7367/2/6 7368/2/6 7372/2/6
f 7372/2/6 7368/2/6 7373/2/6
f 7369/4/6 7370/4/6 7375/4/6
f 7375/4/6 7370/4/6 7376/4/6
f 7373/2/6 7374/2/6 7377/2/6
f 7377/2/6 7374/2/6 7378/2/6
f 7379/4/6 7380/4/6 7383/4/6
f 7383/4/6 7380/4/6 7384/4/6
f 7381/1/6 7382/1/6 7385/1/6
f 7385/1/6 7382/1/6 7386/1/6
f 7387/1/6 7388/1/6 7391/1/6
f 7391/1/6 7388/1/6 7392/1/6
f 7389/1/6 7390/1/6 7393/1/6
f 7393/1/6 7390/1/6 7394/1/6
f 7395/1/6 7396/1/6 7399/1/6
f 7399/1/6 7396/1/6 7400/1/6
f 7397/1/6 7398/1/6 7403/1/6
f 7403/1/6 7398/1/6 7404/1/6
f 7400/1/6 7401/1/6 7405/1/6
f 7405/1/6 7401/1/6 7406/1/6
f 7402/1/6 7403/1/6 7407/1/6
f 7407/1/6 7403/1/6 7408/1/6
f 7409/4/6 7410/4/6 7413/4/6
f 7413/4/6 7410/4/6 7414/4/6
f 7411/1/6 7412/1/6 7418/1/6
f 7418/1/6 7412/1/6 7419/1/6
f 7414/4/6 7415/4/6 7420/4/6
f 7420/4/6 7415/4/6 7421/4/6
f 7416/2/6 7417/2/6 7426/2/6
f 7417/1/6 7418/1/6 7427/1/6
f 7426/2/6 7417/2/6 7427/2/6
f 7427/1/6 7418/1/6 7428/1/6
f 7422/1/6 7423/1/6 7429/1/6
f 7429/1/6 7423/1/6 7430/1/6
f 7424/1/6 7425/1/6 7431/1/6
f 7431/1/6 7425/1/6 7432/1/6
f 7433/4/6 7434/4/6 7437/4/6
f 7437/4/6 7434/4/6 7438/4/6
f 7435/4/6 7436/4/6 7443/4/6
f 7443/4/6 7436/4/6 7444/4/6
f 7439/4/6 7440/4/6 7445/4/6
f 7445/4/6 7440/4/6 7446/4/6
f 7441/4/6 7442/4/6 7450/4/6
f 7450/4/6 7442/4/6 7451/4/6
f 7447/4/6 7448/4/6 7452/4/6
f 7452/4/6 7448/4/6 7453/4/6
f 7449/4/6 7450/4/6 7456/4/6
f 7456/4/6 7450/4/6 7457/4/6
f 7453/2/6 7454/2/6 7458/2/6
f 7458/2/6 7454/2/6 7459/2/6
f 7455/4/6 7456/4/6 7462/4/6
f 7462/4/6 7456/4/6 7463/4/6
f 7459/2/6 7460/2/6 7464/2/6
f 7464/2/6 7460/2/6 7465/2/6
f 7461/4/6 7462/4/6 7468/4/6
f 7468/4/6 7462/4/6 7469/4/6
f 7465/2/6 7466/2/6 7470/2/6
f 7470/2/6 7466/2/6 7471/2/6
f 7467/4/6 7468/4/6 7473/4/6
f 7473/4/6 7468/4/6 7474/4/6
f 7471/2/6 7472/2/6 7475/2/6
f 7475/2/6 7472/2/6 7476/2/6
f 7479/2/6 7480/2/6 7481/2/6
f 7481/2/6 7480/2/6 7482/2/6
f 7477/4/6 7478/4/6 7483/4/6
f 7483/4/6 7478/4/6 7484/4/6
f 7481/1/6 7482/1/6 7485/1/6
f 7485/1/6 7482/1/6 7486/1/6
f 7487/1/6 7488/1/6 7491/1/6
f 7491/1/6 7488/1/6 7492/1/6
f 7489/1/6 7490/1/6 7493/1/6
f 7493/1/6 7490/1/6 7494/1/6
f 7495/1/6 7496/1/6 7499/1/6
f 7499/1/6 7496/1/6 7500/1/6
f 7497/1/6 7498/1/6 7501/1/6
f 7501/1/6 7498/1/6 7502/1/6
f 7503/1/6 7504/1/6 7507/1/6
f 7507/1/6 7504/1/6 7508/1/6
f 7505/1/6 7506/1/6 7511/1/6
f 7511/1/6 7506/1/6 7512/1/6
f 7508/1/6 7509/1/6 7513/1/6
f 7513/1/6 7509/1/6 7514/1/6
f 7510/1/6 7511/1/6 7517/1/6
f 7517/1/6 7511/1/6 7518/1/6
f 7514/4/6 7515/4/6 7519/4/6
f 7519/4/6 7515/4/6 7520/4/6
f 7516/1/6 7517/1/6 7523/1/6
f 7523/1/6 7517/1/6 7524/1/6
f 7520/4/6 7521/4/6 7525/4/6
f 7525/4/6 7521/4/6 7526/4/6
f 7522/1/6 7523/1/6 7529/1/6
f 7529/1/6 7523/1/6 7530/1/6
f 7526/4/6 7527/4/6 7531/4/6
f 7531/4/6 7527/4/6 7532/4/6
f 7528/1/6 7529/1/6 7539/1/6
f 7539/1/6 7529/1/6 7540/1/6
f 7533/4/6 7534/4/6 7541/4/6
f 7534/1/6 7535/1/6 7542/1/6
f 7541/4/6 7534/4/6 7542/4/6
f 7542/1/6 7535/1/6 7543/1/6
f 7536/1/6 7537/1/6 7546/1/6
f 7537/2/6 7538/2/6 7547/2/6
f 7546/1/6 7537/1/6 7547/1/6
f 7547/2/6 7538/2/6 7548/2/6
f 7544/1/6 7545/1/6 7549/1/6
f 7549/1/6 7545/1/6 7550/1/6
f 7551/4/6 7552/4/6 7556/4/6
f 7552/1/6 7553/1/6 7557/1/6
f 7556/4/6 7552/4/6 7557/4/6
f 7557/1/6 7553/1/6 7558/1/6
f 7554/4/6 7555/4/6 7562/4/6
f 7562/4/6 7555/4/6 7563/4/6
f 7559/1/6 7560/1/6 7564/1/6
f 7564/1/6 7560/1/6 7565/1/6
f 7565/1/6 7560/1/6 7566/1/6
f 7561/4/6 7562/4/6 7569/4/6
f 7569/4/6 7562/4/6 7570/4/6
f 7566/2/6 7567/2/6 7571/2/6
f 7571/2/6 7567/2/6 7572/2/6
f 7568/4/6 7569/4/6 7575/4/6
f 7575/4/6 7569/4/6 7576/4/6
f 7572/2/6 7573/2/6 7577/2/6
f 7577/2/6 7573/2/6 7578/2/6
f 7574/4/6 7575/4/6 7581/4/6
f 7581/4/6 7575/4/6 7582/4/6
f 7578/2/6 7579/2/6 7583/2/6
f 7583/2/6 7579/2/6 7584/2/6
f 7580/4/6 7581/4/6 7587/4/6
f 7587/4/6 7581/4/6 7588/4/6
f 7584/2/6 7585/2/6 7589/2/6
f 7589/2/6 7585/2/6 7590/2/6
f 7586/4/6 7587/4/6 7592/4/6
f 7592/4/6 7587/4/6 7593/4/6
f 7590/2/6 7591/2/6 7594/2/6
f 7594/2/6 7591/2/6 7595/2/6
f 7596/4/6 7597/4/6 7600/4/6
f 7600/4/6 7597/4/6 7601/4/6
f 7600/1/6 7601/1/6 7602/1/6
f 7600/1/6 7602/1/6 7603/1/6
f 7603/1/6 7602/1/6 7604/1/6
f 7598/1/6 7599/1/6 7605/1/6
f 7605/1/6 7599/1/6 7606/1/6
f 7607/1/6 7608/1/6 7611/1/6
f 7611/1/6 7608/1/6 7612/1/6
f 7609/1/6 7610/1/6 7615/1/6
f 7615/1/6 7610/1/6 7616/1/6
f 7612/1/6 7613/1/6 7617/1/6
f 7617/1/6 7613/1/6 7618/1/6
f 7614/1/6 7615/1/6 7621/1/6
f 7621/1/6 7615/1/6 7622/1/6
f 7618/4/6 7619/4/6 7623/4/6
f 7623/4/6 7619/4/6 7624/4/6
f 7620/1/6 7621/1/6 7627/1/6
f 7627/1/6 7621/1/6 7628/1/6
f 7624/4/6 7625/4/6 7629/4/6
f 7629/4/6 7625/4/6 7630/4/6
f 7626/1/6 7627/1/6 7633/1/6
f 7633/1/6 7627/1/6 7634/1/6
f 7630/4/6 7631/4/6 7635/4/6
f 7635/4/6 7631/4/6 7636/4/6
f 7632/1/6 7633/1/6 7640/1/6
f 7640/1/6 7633/1/6 7641/1/6
f 7636/4/6 7637/4/6 7642/4/6
f 7642/4/6 7637/4/6 7643/4/6
f 7638/2/6 7639/2/6 7647/2/6
f 7639/1/6 7640/1/6 7648/1/6
f 7647/2/6 7639/2/6 7648/2/6
f 7648/1/6 7640/1/6 7649/1/6
f 7645/1/6 7646/1/6 7650/1/6
f 7644/1/6 7645/1/6 7650/1/6
f 7650/1/6 7646/1/6 7651/1/6
f 7652/1/6 7653/1/6 7655/1/6
f 7655/1/6 7653/1/6 7656/1/6
f 7654/4/6 7655/4/6 7660/4/6
f 7660/4/6 7655/4/6 7661/4/6
f 7656/1/6 7657/1/6 7662/1/6
f 7657/2/6 7658/2/6 7663/2/6
f 7662/1/6 7657/1/6 7663/1/6
f 7663/2/6 7658/2/6 7664/2/6
f 7659/4/6 7660/4/6 7667/4/6
f 7667/4/6 7660/4/6 7668/4/6
f 7664/2/6 7665/2/6 7669/2/6
f 7669/2/6 7665/2/6 7670/2/6
f 7666/4/6 7667/4/6 7672/4/6
f 7672/4/6 7667/4/6 7673/4/6
f 7670/2/6 7671/2/6 7674/2/6
f 7674/2/6 7671/2/6 7675/2/6
f 7666/4/6 7672/4/6 7677/4/6
f 7677/4/6 7672/4/6 7678/4/6
f 7675/2/6 7671/2/6 7679/2/6
f 7679/2/6 7671/2/6 7680/2/6
f 7676/4/6 7677/4/6 7683/4/6
f 7683/4/6 7677/4/6 7684/4/6
f 7680/2/6 7681/2/6 7685/2/6
f 7685/2/6 7681/2/6 7686/2/6
f 7682/4/6 7683/4/6 7689/4/6
f 7689/4/6 7683/4/6 7690/4/6
f 7686/2/6 7687/2/6 7691/2/6
f 7691/2/6 7687/2/6 7692/2/6
f 7692/2/6 7693/2/6 7694/2/6
f 7694/2/6 7693/2/6 7695/2/6
f 7694/1/6 7695/1/6 7696/1/6
f 7688/4/6 7689/4/6 7697/4/6
f 7697/4/6 7689/4/6 7698/4/6
f 7697/1/6 7698/1/6 7699/1/6
f 7699/1/6 7698/1/6 7700/1/6
f 7696/1/6 7695/1/6 7703/1/6
f 7703/1/6 7695/1/6 7704/1/6
f 7700/1/6 7701/1/6 7705/1/6
f 7705/1/6 7701/1/6 7706/1/6
f 7702/1/6 7703/1/6 7709/1/6
f 7709/1/6 7703/1/6 7710/1/6
f 7706/4/6 7707/4/6 7711/4/6
f 7711/4/6 7707/4/6 7712/4/6
f 7708/1/6 7709/1/6 7715/1/6
f 7715/1/6 7709/1/6 7716/1/6
f 7712/4/6 7713/4/6 7717/4/6
f 7714/1/6 7715/1/6 7720/1/6
f 7717/4/6 7718/4/6 7721/4/6
f 7712/4/6 7717/4/6 7721/4/6
f 7721/4/6 7718/4/6 7722/4/6
f 7719/1/6 7720/1/6 7725/1/6
f 7720/1/6 7715/1/6 7726/1/6
f 7725/1/6 7720/1/6 7726/1/6
f 7722/4/6 7723/4/6 7727/4/6
f 7727/4/6 7723/4/6 7728/4/6
f 7724/1/6 7725/1/6 7731/1/6
f 7731/1/6 7725/1/6 7732/1/6
f 7728/4/6 7729/4/6 7733/4/6
f 7733/4/6 7729/4/6 7734/4/6
f 7730/1/6 7731/1/6 7737/1/6
f 7737/1/6 7731/1/6 7738/1/6
f 7735/1/6 7736/1/6 7739/1/6
f 7734/1/6 7735/1/6 7739/1/6
f 7736/2/6 7737/2/6 7740/2/6
f 7739/1/6 7736/1/6 7740/1/6
f 7740/2/6 7737/2/6 7741/2/6
f 7742/1/6 7743/1/6 7745/1/6
f 7745/1/6 7743/1/6 7746/1/6
f 7746/1/6 7743/1/6 7747/1/6
f 7747/1/6 7743/1/6 7748/1/6
f 7748/1/6 7743/1/6 7749/1/6
f 7744/4/6 7745/4/6 7752/4/6
f 7752/4/6 7745/4/6 7753/4/6
f 7745/1/6 7746/1/6 7754/1/6
f 7753/4/6 7745/4/6 7754/4/6
f 7754/1/6 7746/1/6 7755/1/6
f 7748/2/6 7749/2/6 7756/2/6
f 7749/2/6 7750/2/6 7756/2/6
f 7756/2/6 7750/2/6 7757/2/6
f 7757/2/6 7750/2/6 7758/2/6
f 7752/4/6 7753/4/6 7761/4/6
f 7751/4/6 7752/4/6 7761/4/6
f 7761/4/6 7753/4/6 7762/4/6
f 7758/2/6 7759/2/6 7763/2/6
f 7757/2/6 7758/2/6 7763/2/6
f 7763/2/6 7759/2/6 7764/2/6
f 7760/4/6 7761/4/6 7767/4/6
f 7767/4/6 7761/4/6 7768/4/6
f 7764/2/6 7765/2/6 7769/2/6
f 7769/2/6 7765/2/6 7770/2/6
f 7766/4/6 7767/4/6 7773/4/6
f 7770/2/6 7771/2/6 7774/2/6
f 7772/4/6 7773/4/6 7776/4/6
f 7773/4/6 7767/4/6 7776/4/6
f 7776/4/6 7767/4/6 7777/4/6
f 7774/2/6 7775/2/6 7778/2/6
f 7770/2/6 7774/2/6 7778/2/6
f 7778/2/6 7775/2/6 7779/2/6
f 7772/4/6 7776/4/6 7781/4/6
f 7779/2/6 7775/2/6 7782/2/6
f 7782/2/6 7775/2/6 7783/2/6
f 7780/4/6 7781/4/6 7785/4/6
f 7781/4/6 7776/4/6 7785/4/6
f 7785/4/6 7776/4/6 7786/4/6
f 7783/2/6 7784/2/6 7787/2/6
f 7782/2/6 7783/2/6 7787/2/6
f 7787/2/6 7784/2/6 7788/2/6
f 7788/2/6 7784/2/6 7789/2/6
f 7789/2/6 7784/2/6 7790/2/6
f 7780/4/6 7785/4/6 7791/4/6
f 7789/1/6 7790/1/6 7794/1/6
f 7791/4/6 7792/4/6 7795/4/6
f 7780/4/6 7791/4/6 7795/4/6
f 7795/4/6 7792/4/6 7796/4/6
f 7793/1/6 7794/1/6 7797/1/6
f 7794/1/6 7790/1/6 7797/1/6
f 7797/1/6 7790/1/6 7798/1/6
f 7796/4/6 7792/4/6 7799/4/6
f 7793/1/6 7797/1/6 7802/1/6
f 7799/4/6 7800/4/6 7803/4/6
f 7796/4/6 7799/4/6 7803/4/6
f 7803/4/6 7800/4/6 7804/4/6
f 7801/1/6 7802/1/6 7805/1/6
f 7802/1/6 7797/1/6 7805/1/6
f 7805/1/6 7797/1/6 7806/1/6
f 7804/4/6 7800/4/6 7807/4/6
f 7807/4/6 7800/4/6 7808/4/6
f 7801/1/6 7805/1/6 7811/1/6
f 7811/1/6 7805/1/6 7812/1/6
f 7808/4/6 7809/4/6 7813/4/6
f 7813/4/6 7809/4/6 7814/4/6
f 7810/1/6 7811/1/6 7817/1/6
f 7817/1/6 7811/1/6 7818/1/6
f 7814/4/6 7815/4/6 7819/4/6
f 7819/4/6 7815/4/6 7820/4/6
f 7820/4/6 7815/4/6 7821/4/6
f 7816/1/6 7817/1/6 7826/1/6
f 7826/1/6 7817/1/6 7827/1/6
f 7827/1/6 7817/1/6 7828/1/6
f 7820/4/6 7821/4/6 7829/4/6
f 7821/4/6 7822/4/6 7829/4/6
f 7822/1/6 7823/1/6 7830/1/6
f 7829/4/6 7822/4/6 7830/4/6
f 7830/1/6 7823/1/6 7831/1/6
f 7824/2/6 7825/2/6 7834/2/6
f 7826/1/6 7827/1/6 7835/1/6
f 7825/1/6 7826/1/6 7835/1/6
f 7834/2/6 7825/2/6 7835/2/6
f 7835/1/6 7827/1/6 7836/1/6
f 7832/1/6 7833/1/6 7837/1/6
f 7830/1/6 7831/1/6 7837/1/6
f 7831/1/6 7832/1/6 7837/1/6
f 7833/2/6 7834/2/6 7838/2/6
f 7837/1/6 7833/1/6 7838/1/6
f 7834/2/6 7835/2/6 7838/2/6
f 7838/2/6 7835/2/6 7839/2/6
f 7840/1/6 7841/1/6 7845/1/6
f 7845/1/6 7841/1/6 7846/1/6
f 7846/1/6 7841/1/6 7847/1/6
f 7841/2/6 7842/2/6 7848/2/6
f 7843/4/6 7844/4/6 7851/4/6
f 7844/1/6 7845/1/6 7852/1/6
f 7845/1/6 7846/1/6 7852/1/6
f 7851/4/6 7844/4/6 7852/4/6
f 7852/1/6 7846/1/6 7853/1/6
f 7847/1/6 7841/1/6 7854/1/6
f 7841/2/6 7848/2/6 7855/2/6
f 7854/1/6 7841/1/6 7855/1/6
f 7848/2/6 7849/2/6 7855/2/6
f 7855/2/6 7849/2/6 7856/2/6
f 7856/2/6 7849/2/6 7857/2/6
f 7850/4/6 7851/4/6 7860/4/6
f 7860/4/6 7851/4/6 7861/4/6
f 7851/2/6 7852/2/6 7862/2/6
f 7861/4/6 7851/4/6 7862/4/6
f 7862/2/6 7852/2/6 7863/2/6
f 7857/2/6 7858/2/6 7864/2/6
f 7856/2/6 7857/2/6 7864/2/6
f 7864/2/6 7858/2/6 7865/2/6
f 7865/2/6 7858/2/6 7866/2/6
f 7860/4/6 7861/4/6 7868/4/6
f 7859/4/6 7860/4/6 7868/4/6
f 7868/4/6 7861/4/6 7869/4/6
f 7866/2/6 7867/2/6 7870/2/6
f 7865/2/6 7866/2/6 7870/2/6
f 7870/2/6 7867/2/6 7871/2/6
f 7859/4/6 7868/4/6 7873/4/6
f 7873/4/6 7868/4/6 7874/4/6
f 7871/2/6 7867/2/6 7875/2/6
f 7873/2/6 7874/2/6 7877/2/6
f 7872/4/6 7873/4/6 7877/4/6
f 7877/2/6 7874/2/6 7878/2/6
f 7875/2/6 7876/2/6 7879/2/6
f 7871/2/6 7875/2/6 7879/2/6
f 7879/2/6 7876/2/6 7880/2/6
f 7880/2/6 7876/2/6 7881/2/6
f 7872/4/6 7877/4/6 7883/4/6
f 7880/1/6 7881/1/6 7884/1/6
f 7882/4/6 7883/4/6 7886/4/6
f 7883/4/6 7877/4/6 7886/4/6
f 7886/4/6 7877/4/6 7887/4/6
f 7880/1/6 7884/1/6 7888/1/6
f 7884/1/6 7885/1/6 7888/1/6
f 7888/1/6 7885/1/6 7889/1/6
f 7882/4/6 7886/4/6 7890/4/6
f 7889/1/6 7885/1/6 7893/1/6
f 7890/4/6 7891/4/6 7894/4/6
f 7882/4/6 7890/4/6 7894/4/6
f 7894/4/6 7891/4/6 7895/4/6
f 7892/1/6 7893/1/6 7896/1/6
f 7893/1/6 7885/1/6 7896/1/6
f 7896/1/6 7885/1/6 7897/1/6
f 7895/4/6 7891/4/6 7898/4/6
f 7892/1/6 7896/1/6 7901/1/6
f 7898/4/6 7899/4/6 7902/4/6
f 7895/4/6 7898/4/6 7902/4/6
f 7902/4/6 7899/4/6 7903/4/6
f 7900/1/6 7901/1/6 7904/1/6
f 7901/1/6 7896/1/6 7904/1/6
f 7904/1/6 7896/1/6 7905/1/6
f 7903/4/6 7899/4/6 7906/4/6
f 7900/1/6 7904/1/6 7909/1/6
f 7906/4/6 7907/4/6 7910/4/6
f 7903/4/6 7906/4/6 7910/4/6
f 7910/4/6 7907/4/6 7911/4/6
f 7911/4/6 7907/4/6 7912/4/6
f 7908/1/6 7909/1/6 7916/1/6
f 7909/1/6 7904/1/6 7917/1/6
f 7916/1/6 7909/1/6 7917/1/6
f 7917/1/6 7904/1/6 7918/1/6
f 7913/4/6 7914/4/6 7919/4/6
f 7911/4/6 7912/4/6 7919/4/6
f 7912/4/6 7913/4/6 7919/4/6
f 7919/4/6 7914/4/6 7920/4/6
f 7920/4/6 7914/4/6 7921/4/6
f 7915/1/6 7916/1/6 7925/1/6
f 7916/1/6 7917/1/6 7925/1/6
f 7925/1/6 7917/1/6 7926/1/6
f 7926/1/6 7917/1/6 7927/1/6
f 7920/4/6 7921/4/6 7928/4/6
f 7921/1/6 7922/1/6 7929/1/6
f 7928/4/6 7921/4/6 7929/4/6
f 7922/2/6 7923/2/6 7930/2/6
f 7929/1/6 7922/1/6 7930/1/6
f 7930/2/6 7923/2/6 7931/2/6
f 7931/2/6 7923/2/6 7932/2/6
f 7924/2/6 7925/2/6 7933/2/6
f 7933/2/6 7925/2/6 7934/2/6
f 7925/1/6 7926/1/6 7935/1/6
f 7934/2/6 7925/2/6 7935/2/6
f 7935/1/6 7926/1/6 7936/1/6
f 7930/1/6 7931/1/6 7937/1/6
f 7933/2/6 7934/2/6 7938/2/6
f 7937/1/6 7931/1/6 7938/1/6
f 7931/2/6 7932/2/6 7938/2/6
f 7932/2/6 7933/2/6 7938/2/6
f 7938/2/6 7934/2/6 7939/2/6
f 7940/1/6 7941/1/6 7943/1/6
f 7943/1/6 7941/1/6 7944/1/6
f 7942/1/6 7943/1/6 7948/1/6
f 7943/1/6 7944/1/6 7948/1/6
f 7944/1/6 7945/1/6 7948/1/6
f 7948/1/6 7945/1/6 7949/1/6
f 7945/2/6 7946/2/6 7950/2/6
f 7949/1/6 7945/1/6 7950/1/6
f 7950/2/6 7946/2/6 7951/2/6
f 7947/2/6 7948/2/6 7954/2/6
f 7948/1/6 7949/1/6 7955/1/6
f 7954/2/6 7948/2/6 7955/2/6
f 7955/1/6 7949/1/6 7956/1/6
f 7950/2/6 7951/2/6 7957/2/6
f 7951/2/6 7952/2/6 7957/2/6
f 7957/2/6 7952/2/6 7958/2/6
f 7958/2/6 7952/2/6 7959/2/6
f 7953/2/6 7954/2/6 7961/2/6
f 7954/2/6 7955/2/6 7961/2/6
f 7961/2/6 7955/2/6 7962/2/6
f 7959/2/6 7960/2/6 7963/2/6
f 7958/2/6 7959/2/6 7963/2/6
f 7963/2/6 7960/2/6 7964/2/6
f 7953/2/6 7961/2/6 7966/2/6
f 7966/2/6 7961/2/6 7967/2/6
f 7967/2/6 7961/2/6 7968/2/6
f 7964/2/6 7960/2/6 7969/2/6
f 7969/2/6 7960/2/6 7970/2/6
f 7970/2/6 7960/2/6 7971/2/6
f 7965/4/6 7966/4/6 7973/4/6
f 7966/2/6 7967/2/6 7973/2/6
f 7973/2/6 7967/2/6 7974/2/6
f 7971/1/6 7972/1/6 7975/1/6
f 7970/1/6 7971/1/6 7975/1/6
f 7973/4/6 7974/4/6 7976/4/6
f 7965/4/6 7973/4/6 7976/4/6
f 7976/4/6 7974/4/6 7977/4/6
f 7975/1/6 7972/1/6 7978/1/6
f 7978/1/6 7972/1/6 7979/1/6
f 7965/4/6 7976/4/6 7981/4/6
f 7979/1/6 7972/1/6 7982/1/6
f 7980/4/6 7981/4/6 7984/4/6
f 7981/4/6 7976/4/6 7985/4/6
f 7984/4/6 7981/4/6 7985/4/6
f 7982/1/6 7983/1/6 7986/1/6
f 7979/1/6 7982/1/6 7986/1/6
f 7986/1/6 7983/1/6 7987/1/6
f 7985/4/6 7976/4/6 7988/4/6
f 7979/1/6 7986/1/6 7991/1/6
f 7990/1/6 7991/1/6 7992/1/6
f 7988/4/6 7989/4/6 7993/4/6
f 7985/4/6 7988/4/6 7993/4/6
f 7993/4/6 7989/4/6 7994/4/6
f 7994/4/6 7989/4/6 7995/4/6
f 7992/1/6 7991/1/6 7998/1/6
f 7991/1/6 7986/1/6 7999/1/6
f 7998/1/6 7991/1/6 7999/1/6
f 7999/1/6 7986/1/6 8000/1/6
f 7995/4/6 7996/4/6 8001/4/6
f 7994/4/6 7995/4/6 8001/4/6
f 7997/2/6 7998/2/6 8004/2/6
f 7998/1/6 7999/1/6 8005/1/6
f 8004/2/6 7998/2/6 8005/2/6
f 7994/4/6 8001/4/6 8006/4/6
f 8006/4/6 8001/4/6 8007/4/6
f 8001/2/6 8002/2/6 8008/2/6
f 8003/2/6 8004/2/6 8011/2/6
f 8004/1/6 8005/1/6 8012/1/6
f 8011/2/6 8004/2/6 8012/2/6
f 8005/1/6 7999/1/6 8013/1/6
f 8012/1/6 8005/1/6 8013/1/6
f 8013/1/6 7999/1/6 8014/1/6
f 8007/4/6 8001/4/6 8015/4/6
f 8008/2/6 8009/2/6 8016/2/6
f 8015/4/6 8001/4/6 8016/4/6
f 8001/2/6 8008/2/6 8016/2/6
f 8016/2/6 8009/2/6 8017/2/6
f 8017/2/6 8009/2/6 8018/2/6
f 8010/2/6 8011/2/6 8019/2/6
f 8011/1/6 8012/1/6 8020/1/6
f 8012/1/6 8013/1/6 8020/1/6
f 8019/2/6 8011/2/6 8020/2/6
f 8020/1/6 8013/1/6 8021/1/6
f 8018/2/6 8019/2/6 8022/2/6
f 8017/2/6 8018/2/6 8022/2/6
f 8019/2/6 8020/2/6 8022/2/6
f 8022/2/6 8020/2/6 8023/2/6
f 8023/2/6 8020/2/6 8024/2/6
f 8024/2/6 8020/2/6 8025/2/6
f 8023/2/6 8024/2/6 8026/2/6
f 8026/2/6 8024/2/6 8027/2/6
f 8028/1/6 8029/1/6 8031/1/6
f 8031/1/6 8029/1/6 8032/1/6
f 8030/1/6 8031/1/6 8035/1/6
f 8031/1/6 8032/1/6 8035/1/6
f 8032/2/6 8033/2/6 8036/2/6
f 8034/2/6 8035/2/6 8039/2/6
f 8035/1/6 8032/1/6 8040/1/6
f 8036/2/6 8037/2/6 8041/2/6
f 8040/1/6 8032/1/6 8041/1/6
f 8032/2/6 8036/2/6 8041/2/6
f 8041/2/6 8037/2/6 8042/2/6
f 8035/1/6 8040/1/6 8044/1/6
f 8044/1/6 8040/1/6 8045/1/6
f 8042/2/6 8043/2/6 8046/2/6
f 8041/2/6 8042/2/6 8046/2/6
f 8046/2/6 8043/2/6 8047/2/6
f 8047/2/6 8043/2/6 8048/2/6
f 8048/2/6 8043/2/6 8049/2/6
f 8038/2/6 8039/2/6 8051/2/6
f 8039/2/6 8035/2/6 8052/2/6
f 8035/1/6 8044/1/6 8052/1/6
f 8051/2/6 8039/2/6 8052/2/6
f 8052/1/6 8044/1/6 8053/1/6
f 8047/2/6 8048/2/6 8054/2/6
f 8054/2/6 8048/2/6 8055/2/6
f 8048/1/6 8049/1/6 8056/1/6
f 8055/2/6 8048/2/6 8058/2/6
f 8050/4/6 8051/4/6 8059/4/6
f 8051/2/6 8052/2/6 8059/2/6
f 8059/2/6 8052/2/6 8060/2/6
f 8058/2/6 8048/2/6 8061/2/6
f 8048/1/6 8056/1/6 8062/1/6
f 8061/2/6 8048/2/6 8062/2/6
f 8056/1/6 8057/1/6 8062/1/6
f 8059/4/6 8060/4/6 8063/4/6
f 8050/4/6 8059/4/6 8063/4/6
f 8063/4/6 8060/4/6 8064/4/6
f 8060/2/6 8052/2/6 8065/2/6
f 8061/1/6 8062/1/6 8068/1/6
f 8062/1/6 8057/1/6 8069/1/6
f 8068/1/6 8062/1/6 8069/1/6
f 8069/1/6 8057/1/6 8070/1/6
f 8065/1/6 8066/1/6 8071/1/6
f 8067/1/6 8068/1/6 8074/1/6
f 8068/1/6 8069/1/6 8074/1/6
f 8074/1/6 8069/1/6 8075/1/6
f 8075/1/6 8069/1/6 8076/1/6
f 8064/4/6 8060/4/6 8077/4/6
f 8060/2/6 8065/2/6 8078/2/6
f 8077/4/6 8060/4/6 8078/4/6
f 8071/1/6 8072/1/6 8079/1/6
f 8078/2/6 8065/2/6 8079/2/6
f 8065/1/6 8071/1/6 8079/1/6
f 8079/1/6 8072/1/6 8080/1/6
f 8080/1/6 8072/1/6 8081/1/6
f 8073/1/6 8074/1/6 8082/1/6
f 8074/1/6 8075/1/6 8082/1/6
f 8082/1/6 8075/1/6 8083/1/6
f 8075/2/6 8076/2/6 8084/2/6
f 8083/1/6 8075/1/6 8084/1/6
f 8084/2/6 8076/2/6 8085/2/6
f 8085/2/6 8076/2/6 8086/2/6
f 8079/2/6 8080/2/6 8087/2/6
f 8078/2/6 8079/2/6 8087/2/6
f 8087/2/6 8080/2/6 8088/2/6
f 8082/1/6 8083/1/6 8089/1/6
f 8088/2/6 8080/2/6 8089/2/6
f 8080/1/6 8081/1/6 8089/1/6
f 8081/1/6 8082/1/6 8089/1/6
f 8089/1/6 8083/1/6 8090/1/6
f 8090/1/6 8083/1/6 8091/1/6
f 8084/2/6 8085/2/6 8092/2/6
f 8091/1/6 8083/1/6 8092/1/6
f 8083/2/6 8084/2/6 8092/2/6
f 8092/2/6 8085/2/6 8093/2/6
f 8093/2/6 8085/2/6 8094/2/6
f 8089/2/6 8090/2/6 8095/2/6
f 8088/2/6 8089/2/6 8095/2/6
f 8090/1/6 8091/1/6 8096/1/6
f 8095/2/6 8090/2/6 8096/2/6
f 8092/2/6 8093/2/6 8097/2/6
f 8096/1/6 8091/1/6 8097/1/6
f 8091/2/6 8092/2/6 8097/2/6
f 8097/2/6 8093/2/6 8098/2/6
f 8098/2/6 8093/2/6 8099/2/6
f 8096/2/6 8097/2/6 8100/2/6
f 8097/2/6 8098/2/6 8100/2/6
f 8100/2/6 8098/2/6 8101/2/6
f 8102/1/6 8103/1/6 8105/1/6
f 8105/1/6 8103/1/6 8106/1/6
f 8104/1/6 8105/1/6 8109/1/6
f 8105/1/6 8106/1/6 8109/1/6
f 8106/2/6 8107/2/6 8110/2/6
f 8108/1/6 8109/1/6 8112/1/6
f 8110/2/6 8111/2/6 8112/2/6
f 8106/2/6 8110/2/6 8112/2/6
f 8109/1/6 8106/1/6 8112/1/6
f 8112/2/6 8111/2/6 8113/2/6
f 8108/1/6 8112/1/6 8114/1/6
f 8112/1/6 8113/1/6 8114/1/6
f 8114/1/6 8113/1/6 8115/1/6
f 8115/1/6 8113/1/6 8116/1/6
f 8116/1/6 8113/1/6 8117/1/6
f 8115/1/6 8116/1/6 8118/1/6
f 8118/1/6 8116/1/6 8119/1/6
f 8119/1/6 8116/1/6 8120/1/6
f 8120/1/6 8116/1/6 8121/1/6
f 8119/1/6 8120/1/6 8122/1/6
f 8122/1/6 8120/1/6 8123/1/6
