# MagicaVoxel @ Ephtracy

# group
o 

# material
mtllib planet2.mtl
usemtl palette

# normals
vn -1 0 0
vn 1 0 0
vn 0 0 1
vn 0 0 -1
vn 0 -1 0
vn 0 1 0

# texcoords
vt 0.427734 0.5
vt 0.455078 0.5
vt 0.611328 0.5

# verts
v -1.6 1.2 0.2
v -1.6 1.2 -0.2
v -1.6 1.3 0.3
v -1.6 1.3 0.2
v -1.6 1.3 -0.2
v -1.6 1.3 -0.3
v -1.6 1.4 0.4
v -1.6 1.4 0.3
v -1.6 1.4 -0.3
v -1.6 1.4 -0.4
v -1.6 1.7 0.4
v -1.6 1.7 -0.1
v -1.6 1.8 0.4
v -1.6 1.8 0.3
v -1.6 1.8 -0.1
v -1.6 1.8 -0.2
v -1.6 1.8 -0.3
v -1.6 1.8 -0.4
v -1.6 1.9 0.3
v -1.6 1.9 0.2
v -1.6 1.9 -0.2
v -1.6 1.9 -0.3
v -1.6 2 0.2
v -1.6 2 -0.2
v -1.5 0.9 0.2
v -1.5 0.9 -0.2
v -1.5 1 0.4
v -1.5 1 0.2
v -1.5 1 -0.2
v -1.5 1 -0.4
v -1.5 1.1 0.5
v -1.5 1.1 0.4
v -1.5 1.1 0.3
v -1.5 1.1 0.2
v -1.5 1.1 -0.4
v -1.5 1.1 -0.5
v -1.5 1.2 0.6
v -1.5 1.2 0.5
v -1.5 1.2 0.3
v -1.5 1.2 0.2
v -1.5 1.2 -0.2
v -1.5 1.2 -0.5
v -1.5 1.2 -0.6
v -1.5 1.3 0.3
v -1.5 1.3 0.2
v -1.5 1.3 -0.2
v -1.5 1.3 -0.3
v -1.5 1.4 0.7
v -1.5 1.4 0.6
v -1.5 1.4 0.4
v -1.5 1.4 0.3
v -1.5 1.4 -0.3
v -1.5 1.4 -0.4
v -1.5 1.4 -0.5
v -1.5 1.4 -0.6
v -1.5 1.4 -0.7
v -1.5 1.5 -0.4
v -1.5 1.5 -0.5
v -1.5 1.7 0.4
v -1.5 1.8 0.7
v -1.5 1.8 0.6
v -1.5 1.8 0.4
v -1.5 1.8 0.3
v -1.5 1.8 -0.3
v -1.5 1.8 -0.4
v -1.5 1.8 -0.6
v -1.5 1.8 -0.7
v -1.5 1.9 0.5
v -1.5 1.9 0.4
v -1.5 1.9 0.3
v -1.5 1.9 0.2
v -1.5 1.9 -0.2
v -1.5 1.9 -0.3
v -1.5 1.9 -0.4
v -1.5 1.9 -0.5
v -1.5 2 0.6
v -1.5 2 0.5
v -1.5 2 0.2
v -1.5 2 -0.2
v -1.5 2 -0.5
v -1.5 2 -0.6
v -1.5 2.1 0.5
v -1.5 2.1 0.4
v -1.5 2.1 -0.4
v -1.5 2.1 -0.5
v -1.5 2.2 0.4
v -1.5 2.2 0.2
v -1.5 2.2 -0.2
v -1.5 2.2 -0.4
v -1.5 2.3 0.2
v -1.5 2.3 -0.2
v -1.4 0.7 0.1
v -1.4 0.7 -0.1
v -1.4 0.8 0.4
v -1.4 0.8 0.2
v -1.4 0.8 0.1
v -1.4 0.8 -0.1
v -1.4 0.8 -0.4
v -1.4 0.9 0.6
v -1.4 0.9 0.4
v -1.4 0.9 0.2
v -1.4 0.9 -0.2
v -1.4 0.9 -0.4
v -1.4 0.9 -0.6
v -1.4 1 0.7
v -1.4 1 0.6
v -1.4 1 0.4
v -1.4 1 0.2
v -1.4 1 -0.2
v -1.4 1 -0.4
v -1.4 1 -0.6
v -1.4 1 -0.7
v -1.4 1.1 0.5
v -1.4 1.1 0.4
v -1.4 1.1 -0.4
v -1.4 1.1 -0.5
v -1.4 1.2 0.8
v -1.4 1.2 0.7
v -1.4 1.2 0.6
v -1.4 1.2 0.5
v -1.4 1.2 -0.5
v -1.4 1.2 -0.6
v -1.4 1.2 -0.7
v -1.4 1.2 -0.8
v -1.4 1.3 -0.7
v -1.4 1.3 -0.8
v -1.4 1.4 0.7
v -1.4 1.4 0.6
v -1.4 1.4 -0.6
v -1.4 1.4 -0.7
v -1.4 1.5 0.9
v -1.4 1.5 0.8
v -1.4 1.5 -0.8
v -1.4 1.5 -0.9
v -1.4 1.7 0.9
v -1.4 1.7 0.8
v -1.4 1.7 -0.8
v -1.4 1.7 -0.9
v -1.4 1.8 0.7
v -1.4 1.8 0.6
v -1.4 1.8 -0.6
v -1.4 1.8 -0.7
v -1.4 2 0.8
v -1.4 2 0.7
v -1.4 2 0.6
v -1.4 2 0.5
v -1.4 2 -0.5
v -1.4 2 -0.6
v -1.4 2 -0.7
v -1.4 2 -0.8
v -1.4 2.1 0.5
v -1.4 2.1 0.4
v -1.4 2.1 -0.4
v -1.4 2.1 -0.5
v -1.4 2.2 0.7
v -1.4 2.2 0.6
v -1.4 2.2 0.5
v -1.4 2.2 0.4
v -1.4 2.2 0.2
v -1.4 2.2 -0.2
v -1.4 2.2 -0.4
v -1.4 2.2 -0.6
v -1.4 2.2 -0.7
v -1.4 2.3 0.6
v -1.4 2.3 0.4
v -1.4 2.3 0.2
v -1.4 2.3 -0.2
v -1.4 2.3 -0.3
v -1.4 2.3 -0.4
v -1.4 2.3 -0.6
v -1.4 2.4 0.4
v -1.4 2.4 0.1
v -1.4 2.4 -0.1
v -1.4 2.4 -0.3
v -1.4 2.4 -0.4
v -1.4 2.5 0.1
v -1.4 2.5 -0.1
v -1.3 0.6 0.3
v -1.3 0.6 -0.2
v -1.3 0.6 -0.3
v -1.3 0.7 0.5
v -1.3 0.7 0.3
v -1.3 0.7 0.1
v -1.3 0.7 -0.1
v -1.3 0.7 -0.2
v -1.3 0.7 -0.3
v -1.3 0.7 -0.5
v -1.3 0.8 0.7
v -1.3 0.8 0.5
v -1.3 0.8 0.4
v -1.3 0.8 0.3
v -1.3 0.8 0.2
v -1.3 0.8 0.1
v -1.3 0.8 -0.1
v -1.3 0.8 -0.3
v -1.3 0.8 -0.4
v -1.3 0.8 -0.5
v -1.3 0.8 -0.7
v -1.3 0.9 0.8
v -1.3 0.9 0.7
v -1.3 0.9 0.6
v -1.3 0.9 0.4
v -1.3 0.9 -0.4
v -1.3 0.9 -0.6
v -1.3 0.9 -0.7
v -1.3 0.9 -0.8
v -1.3 1 0.7
v -1.3 1 0.6
v -1.3 1 -0.6
v -1.3 1 -0.7
v -1.3 1.1 0.9
v -1.3 1.1 0.8
v -1.3 1.1 0.7
v -1.3 1.1 -0.8
v -1.3 1.1 -0.9
v -1.3 1.2 0.8
v -1.3 1.2 0.7
v -1.3 1.2 -0.7
v -1.3 1.2 -0.8
v -1.3 1.3 1
v -1.3 1.3 0.9
v -1.3 1.3 -0.8
v -1.3 1.3 -0.9
v -1.3 1.3 -1
v -1.3 1.5 0.9
v -1.3 1.5 0.8
v -1.3 1.5 -0.8
v -1.3 1.5 -0.9
v -1.3 1.7 0.9
v -1.3 1.7 0.8
v -1.3 1.7 -0.8
v -1.3 1.7 -0.9
v -1.3 1.9 1
v -1.3 1.9 0.9
v -1.3 1.9 -0.9
v -1.3 1.9 -1
v -1.3 2 0.8
v -1.3 2 0.7
v -1.3 2 -0.7
v -1.3 2 -0.8
v -1.3 2 -0.9
v -1.3 2.1 0.9
v -1.3 2.1 0.8
v -1.3 2.1 -0.8
v -1.3 2.1 -0.9
v -1.3 2.2 0.8
v -1.3 2.2 0.7
v -1.3 2.2 0.6
v -1.3 2.2 -0.6
v -1.3 2.2 -0.7
v -1.3 2.3 0.8
v -1.3 2.3 0.7
v -1.3 2.3 0.6
v -1.3 2.3 0.4
v -1.3 2.3 -0.4
v -1.3 2.3 -0.6
v -1.3 2.3 -0.7
v -1.3 2.3 -0.8
v -1.3 2.4 0.7
v -1.3 2.4 0.5
v -1.3 2.4 0.4
v -1.3 2.4 0.1
v -1.3 2.4 -0.1
v -1.3 2.4 -0.3
v -1.3 2.4 -0.4
v -1.3 2.4 -0.5
v -1.3 2.4 -0.7
v -1.3 2.5 0.5
v -1.3 2.5 0.3
v -1.3 2.5 0.1
v -1.3 2.5 -0.1
v -1.3 2.5 -0.3
v -1.3 2.5 -0.5
v -1.3 2.6 0.3
v -1.3 2.6 -0.3
v -1.2 0.5 0.4
v -1.2 0.5 -0.1
v -1.2 0.5 -0.4
v -1.2 0.6 0.6
v -1.2 0.6 0.4
v -1.2 0.6 0.3
v -1.2 0.6 -0.1
v -1.2 0.6 -0.2
v -1.2 0.6 -0.3
v -1.2 0.6 -0.4
v -1.2 0.6 -0.6
v -1.2 0.7 0.7
v -1.2 0.7 0.6
v -1.2 0.7 0.5
v -1.2 0.7 0.4
v -1.2 0.7 0.3
v -1.2 0.7 -0.3
v -1.2 0.7 -0.5
v -1.2 0.7 -0.6
v -1.2 0.7 -0.7
v -1.2 0.8 0.8
v -1.2 0.8 0.7
v -1.2 0.8 0.5
v -1.2 0.8 -0.5
v -1.2 0.8 -0.6
v -1.2 0.8 -0.7
v -1.2 0.8 -0.8
v -1.2 0.9 0.9
v -1.2 0.9 0.8
v -1.2 0.9 0.7
v -1.2 0.9 -0.7
v -1.2 0.9 -0.8
v -1.2 0.9 -0.9
v -1.2 1 1
v -1.2 1 0.9
v -1.2 1 0.8
v -1.2 1 -0.9
v -1.2 1 -1
v -1.2 1.1 0.9
v -1.2 1.1 0.8
v -1.2 1.1 -0.8
v -1.2 1.1 -0.9
v -1.2 1.2 1.1
v -1.2 1.2 1
v -1.2 1.2 -1
v -1.2 1.2 -1.1
v -1.2 1.3 1
v -1.2 1.3 0.9
v -1.2 1.3 -0.9
v -1.2 1.3 -1
v -1.2 1.3 -1.1
v -1.2 1.8 -1
v -1.2 1.8 -1.1
v -1.2 1.9 1
v -1.2 1.9 0.9
v -1.2 1.9 -0.9
v -1.2 1.9 -1
v -1.2 2 1.1
v -1.2 2 1
v -1.2 2 -0.9
v -1.2 2 -1
v -1.2 2 -1.1
v -1.2 2.1 0.9
v -1.2 2.1 0.8
v -1.2 2.1 -0.8
v -1.2 2.1 -0.9
v -1.2 2.2 1
v -1.2 2.2 0.9
v -1.2 2.2 0.8
v -1.2 2.2 -0.9
v -1.2 2.2 -1
v -1.2 2.3 0.9
v -1.2 2.3 0.8
v -1.2 2.3 0.7
v -1.2 2.3 -0.7
v -1.2 2.3 -0.8
v -1.2 2.3 -0.9
v -1.2 2.4 0.8
v -1.2 2.4 0.7
v -1.2 2.4 0.5
v -1.2 2.4 -0.5
v -1.2 2.4 -0.7
v -1.2 2.4 -0.8
v -1.2 2.5 0.7
v -1.2 2.5 0.6
v -1.2 2.5 0.5
v -1.2 2.5 0.3
v -1.2 2.5 -0.3
v -1.2 2.5 -0.5
v -1.2 2.5 -0.6
v -1.2 2.5 -0.7
v -1.2 2.6 0.6
v -1.2 2.6 0.4
v -1.2 2.6 0.3
v -1.2 2.6 -0.2
v -1.2 2.6 -0.3
v -1.2 2.6 -0.4
v -1.2 2.6 -0.5
v -1.2 2.6 -0.6
v -1.2 2.7 0.4
v -1.2 2.7 -0.2
v -1.2 2.7 -0.4
v -1.1 0.4 0.4
v -1.1 0.4 -0.1
v -1.1 0.4 -0.4
v -1.1 0.5 0.6
v -1.1 0.5 0.5
v -1.1 0.5 0.4
v -1.1 0.5 -0.1
v -1.1 0.5 -0.4
v -1.1 0.5 -0.6
v -1.1 0.6 0.7
v -1.1 0.6 0.6
v -1.1 0.6 0.5
v -1.1 0.6 0.4
v -1.1 0.6 -0.4
v -1.1 0.6 -0.6
v -1.1 0.6 -0.7
v -1.1 0.7 0.9
v -1.1 0.7 0.7
v -1.1 0.7 0.6
v -1.1 0.7 -0.6
v -1.1 0.7 -0.7
v -1.1 0.7 -0.9
v -1.1 0.8 0.8
v -1.1 0.8 0.7
v -1.1 0.8 -0.7
v -1.1 0.8 -0.8
v -1.1 0.9 1
v -1.1 0.9 0.9
v -1.1 0.9 0.8
v -1.1 0.9 -0.8
v -1.1 0.9 -0.9
v -1.1 0.9 -1
v -1.1 1 1.1
v -1.1 1 1
v -1.1 1 0.9
v -1.1 1 -0.9
v -1.1 1 -1
v -1.1 1 -1.1
v -1.1 1.2 1.2
v -1.1 1.2 1.1
v -1.1 1.2 1
v -1.1 1.2 -1
v -1.1 1.2 -1.1
v -1.1 1.2 -1.2
v -1.1 1.3 -1.1
v -1.1 1.6 -1.1
v -1.1 1.6 -1.2
v -1.1 1.8 1.2
v -1.1 1.8 1.1
v -1.1 1.8 -1.1
v -1.1 2 1.2
v -1.1 2 1.1
v -1.1 2 1
v -1.1 2 -1
v -1.1 2 -1.1
v -1.1 2 -1.2
v -1.1 2.1 -1
v -1.1 2.1 -1.1
v -1.1 2.2 1.1
v -1.1 2.2 1
v -1.1 2.2 0.9
v -1.1 2.2 -0.9
v -1.1 2.2 -1
v -1.1 2.2 -1.1
v -1.1 2.3 1
v -1.1 2.3 0.9
v -1.1 2.3 0.8
v -1.1 2.3 -0.8
v -1.1 2.3 -0.9
v -1.1 2.3 -1
v -1.1 2.4 0.8
v -1.1 2.4 0.7
v -1.1 2.4 -0.7
v -1.1 2.4 -0.8
v -1.1 2.5 0.9
v -1.1 2.5 0.7
v -1.1 2.5 0.6
v -1.1 2.5 -0.6
v -1.1 2.5 -0.7
v -1.1 2.5 -0.9
v -1.1 2.6 0.7
v -1.1 2.6 0.6
v -1.1 2.6 0.4
v -1.1 2.6 -0.4
v -1.1 2.6 -0.5
v -1.1 2.6 -0.6
v -1.1 2.6 -0.7
v -1.1 2.7 0.6
v -1.1 2.7 0.4
v -1.1 2.7 0.3
v -1.1 2.7 -0.1
v -1.1 2.7 -0.2
v -1.1 2.7 -0.4
v -1.1 2.7 -0.6
v -1.1 2.8 0.4
v -1.1 2.8 0.3
v -1.1 2.8 -0.1
v -1.1 2.8 -0.4
v -1 0.3 0.3
v -1 0.3 -0.1
v -1 0.3 -0.3
v -1 0.4 0.6
v -1 0.4 0.4
v -1 0.4 0.3
v -1 0.4 -0.1
v -1 0.4 -0.3
v -1 0.4 -0.4
v -1 0.4 -0.6
v -1 0.5 0.7
v -1 0.5 0.6
v -1 0.5 0.5
v -1 0.5 0.4
v -1 0.5 -0.4
v -1 0.5 -0.6
v -1 0.5 -0.7
v -1 0.6 0.9
v -1 0.6 0.7
v -1 0.6 0.6
v -1 0.6 -0.6
v -1 0.6 -0.7
v -1 0.6 -0.8
v -1 0.6 -0.9
v -1 0.7 1
v -1 0.7 0.9
v -1 0.7 0.7
v -1 0.7 -0.7
v -1 0.7 -0.8
v -1 0.7 -0.9
v -1 0.7 -1
v -1 0.9 1.1
v -1 0.9 1
v -1 0.9 0.9
v -1 0.9 -0.9
v -1 0.9 -1
v -1 0.9 -1.1
v -1 1 1.2
v -1 1 1.1
v -1 1 1
v -1 1 -1
v -1 1 -1.1
v -1 1 -1.2
v -1 1.2 1.2
v -1 1.2 1.1
v -1 1.2 -1.1
v -1 1.2 -1.2
v -1 1.3 1.3
v -1 1.3 1.2
v -1 1.3 -1.2
v -1 1.3 -1.3
v -1 1.6 -1.2
v -1 1.6 -1.3
v -1 1.7 1.3
v -1 1.7 1.2
v -1 1.8 1.3
v -1 1.8 1.2
v -1 1.9 1.3
v -1 1.9 1.2
v -1 1.9 -1.2
v -1 1.9 -1.3
v -1 2 1.2
v -1 2 1.1
v -1 2 -1.1
v -1 2 -1.2
v -1 2.1 -1.1
v -1 2.2 1.2
v -1 2.2 1.1
v -1 2.2 1
v -1 2.2 -1
v -1 2.2 -1.1
v -1 2.2 -1.2
v -1 2.3 1.1
v -1 2.3 1
v -1 2.3 0.9
v -1 2.3 -0.9
v -1 2.3 -1
v -1 2.3 -1.1
v -1 2.5 1
v -1 2.5 0.9
v -1 2.5 0.7
v -1 2.5 -0.7
v -1 2.5 -0.9
v -1 2.5 -1
v -1 2.6 0.9
v -1 2.6 0.7
v -1 2.6 0.6
v -1 2.6 -0.6
v -1 2.6 -0.7
v -1 2.6 -0.9
v -1 2.7 0.7
v -1 2.7 0.6
v -1 2.7 0.4
v -1 2.7 -0.4
v -1 2.7 -0.6
v -1 2.7 -0.7
v -1 2.8 0.6
v -1 2.8 0.4
v -1 2.8 0.3
v -1 2.8 -0.1
v -1 2.8 -0.3
v -1 2.8 -0.4
v -1 2.8 -0.6
v -1 2.9 0.3
v -1 2.9 -0.1
v -1 2.9 -0.3
v -0.9 0.2 0.1
v -0.9 0.2 -0.1
v -0.9 0.3 0.5
v -0.9 0.3 0.3
v -0.9 0.3 0.1
v -0.9 0.3 -0.1
v -0.9 0.3 -0.3
v -0.9 0.3 -0.5
v -0.9 0.4 0.7
v -0.9 0.4 0.6
v -0.9 0.4 0.5
v -0.9 0.4 0.3
v -0.9 0.4 -0.3
v -0.9 0.4 -0.5
v -0.9 0.4 -0.6
v -0.9 0.4 -0.7
v -0.9 0.5 0.9
v -0.9 0.5 0.7
v -0.9 0.5 0.6
v -0.9 0.5 -0.6
v -0.9 0.5 -0.7
v -0.9 0.5 -0.8
v -0.9 0.5 -0.9
v -0.9 0.6 1
v -0.9 0.6 0.9
v -0.9 0.6 0.7
v -0.9 0.6 -0.7
v -0.9 0.6 -0.8
v -0.9 0.6 -0.9
v -0.9 0.6 -1
v -0.9 0.7 1.1
v -0.9 0.7 1
v -0.9 0.7 0.9
v -0.9 0.7 -0.9
v -0.9 0.7 -1
v -0.9 0.7 -1.1
v -0.9 0.9 1.2
v -0.9 0.9 1.1
v -0.9 0.9 1
v -0.9 0.9 -1
v -0.9 0.9 -1.1
v -0.9 0.9 -1.2
v -0.9 1 1.2
v -0.9 1 1.1
v -0.9 1 -1.1
v -0.9 1 -1.2
v -0.9 1.1 1.3
v -0.9 1.1 1.2
v -0.9 1.1 -1.2
v -0.9 1.1 -1.3
v -0.9 1.2 -1.2
v -0.9 1.3 1.3
v -0.9 1.3 1.2
v -0.9 1.3 -1.2
v -0.9 1.3 -1.3
v -0.9 1.5 1.4
v -0.9 1.5 1.3
v -0.9 1.5 -1.3
v -0.9 1.5 -1.4
v -0.9 1.6 1.4
v -0.9 1.6 1.3
v -0.9 1.6 -1.3
v -0.9 1.6 -1.4
v -0.9 1.7 1.4
v -0.9 1.7 1.3
v -0.9 1.7 -1.3
v -0.9 1.7 -1.4
v -0.9 1.9 1.3
v -0.9 1.9 1.2
v -0.9 1.9 -1.2
v -0.9 1.9 -1.3
v -0.9 2.1 1.3
v -0.9 2.1 1.2
v -0.9 2.1 -1.2
v -0.9 2.1 -1.3
v -0.9 2.2 1.2
v -0.9 2.2 1.1
v -0.9 2.2 -1.1
v -0.9 2.2 -1.2
v -0.9 2.3 1.2
v -0.9 2.3 1.1
v -0.9 2.3 1
v -0.9 2.3 -1
v -0.9 2.3 -1.1
v -0.9 2.3 -1.2
v -0.9 2.5 1.1
v -0.9 2.5 1
v -0.9 2.5 0.9
v -0.9 2.5 -0.9
v -0.9 2.5 -1
v -0.9 2.5 -1.1
v -0.9 2.6 1
v -0.9 2.6 0.9
v -0.9 2.6 0.7
v -0.9 2.6 -0.7
v -0.9 2.6 -0.9
v -0.9 2.6 -1
v -0.9 2.7 0.9
v -0.9 2.7 0.7
v -0.9 2.7 0.6
v -0.9 2.7 -0.6
v -0.9 2.7 -0.7
v -0.9 2.7 -0.9
v -0.9 2.8 0.7
v -0.9 2.8 0.6
v -0.9 2.8 0.5
v -0.9 2.8 0.3
v -0.9 2.8 -0.3
v -0.9 2.8 -0.5
v -0.9 2.8 -0.6
v -0.9 2.8 -0.7
v -0.9 2.9 0.5
v -0.9 2.9 0.3
v -0.9 2.9 0.1
v -0.9 2.9 -0.1
v -0.9 2.9 -0.3
v -0.9 2.9 -0.5
v -0.9 3 0.1
v -0.9 3 -0.1
v -0.8 0.2 0.4
v -0.8 0.2 0.1
v -0.8 0.2 -0.1
v -0.8 0.2 -0.2
v -0.8 0.2 -0.4
v -0.8 0.3 0.7
v -0.8 0.3 0.5
v -0.8 0.3 0.4
v -0.8 0.3 0.2
v -0.8 0.3 0.1
v -0.8 0.3 -0.1
v -0.8 0.3 -0.2
v -0.8 0.3 -0.4
v -0.8 0.3 -0.5
v -0.8 0.3 -0.7
v -0.8 0.4 0.8
v -0.8 0.4 0.7
v -0.8 0.4 0.5
v -0.8 0.4 -0.5
v -0.8 0.4 -0.7
v -0.8 0.4 -0.8
v -0.8 0.5 0.8
v -0.8 0.5 0.7
v -0.8 0.5 -0.7
v -0.8 0.5 -0.8
v -0.8 0.8 1.2
v -0.8 0.8 1.1
v -0.8 0.8 -1.1
v -0.8 0.8 -1.2
v -0.8 0.9 1.3
v -0.8 0.9 1.2
v -0.8 0.9 1.1
v -0.8 0.9 -1.1
v -0.8 0.9 -1.2
v -0.8 0.9 -1.3
v -0.8 1 -1.2
v -0.8 1 -1.3
v -0.8 1.1 1.3
v -0.8 1.1 1.2
v -0.8 1.1 -1.2
v -0.8 1.1 -1.3
v -0.8 1.2 1.4
v -0.8 1.2 1.3
v -0.8 1.2 -1.3
v -0.8 1.2 -1.4
v -0.8 1.5 1.4
v -0.8 1.5 1.3
v -0.8 1.5 -1.3
v -0.8 1.5 -1.4
v -0.8 1.7 1.4
v -0.8 1.7 1.3
v -0.8 1.7 -1.3
v -0.8 1.7 -1.4
v -0.8 2 1.4
v -0.8 2 1.3
v -0.8 2 -1.3
v -0.8 2 -1.4
v -0.8 2.1 1.3
v -0.8 2.1 1.2
v -0.8 2.1 -1.2
v -0.8 2.1 -1.3
v -0.8 2.2 -1.2
v -0.8 2.2 -1.3
v -0.8 2.3 1.3
v -0.8 2.3 1.2
v -0.8 2.3 1.1
v -0.8 2.3 -1.1
v -0.8 2.3 -1.2
v -0.8 2.3 -1.3
v -0.8 2.4 1.2
v -0.8 2.4 1.1
v -0.8 2.4 -1.1
v -0.8 2.4 -1.2
v -0.8 2.7 0.8
v -0.8 2.7 0.7
v -0.8 2.7 -0.7
v -0.8 2.7 -0.8
v -0.8 2.8 0.8
v -0.8 2.8 0.7
v -0.8 2.8 0.5
v -0.8 2.8 -0.5
v -0.8 2.8 -0.6
v -0.8 2.8 -0.7
v -0.8 2.8 -0.8
v -0.8 2.9 0.7
v -0.8 2.9 0.5
v -0.8 2.9 0.4
v -0.8 2.9 0.1
v -0.8 2.9 -0.1
v -0.8 2.9 -0.3
v -0.8 2.9 -0.4
v -0.8 2.9 -0.5
v -0.8 2.9 -0.6
v -0.8 2.9 -0.7
v -0.8 3 0.4
v -0.8 3 0.1
v -0.8 3 -0.1
v -0.8 3 -0.3
v -0.8 3 -0.4
v -0.7 0.1 0.2
v -0.7 0.1 -0.2
v -0.7 0.2 0.6
v -0.7 0.2 0.4
v -0.7 0.2 0.2
v -0.7 0.2 -0.2
v -0.7 0.2 -0.4
v -0.7 0.2 -0.6
v -0.7 0.3 0.8
v -0.7 0.3 0.7
v -0.7 0.3 0.6
v -0.7 0.3 0.4
v -0.7 0.3 -0.4
v -0.7 0.3 -0.6
v -0.7 0.3 -0.7
v -0.7 0.3 -0.8
v -0.7 0.4 0.9
v -0.7 0.4 0.8
v -0.7 0.4 0.7
v -0.7 0.4 -0.7
v -0.7 0.4 -0.8
v -0.7 0.4 -0.9
v -0.7 0.5 1
v -0.7 0.5 0.9
v -0.7 0.5 0.8
v -0.7 0.5 -0.8
v -0.7 0.5 -0.9
v -0.7 0.5 -1
v -0.7 0.6 1.1
v -0.7 0.6 1
v -0.7 0.6 0.9
v -0.7 0.6 -0.9
v -0.7 0.6 -1
v -0.7 0.6 -1.1
v -0.7 0.7 1.2
v -0.7 0.7 1.1
v -0.7 0.7 1
v -0.7 0.7 -1
v -0.7 0.7 -1.1
v -0.7 0.7 -1.2
v -0.7 0.8 1.3
v -0.7 0.8 1.2
v -0.7 0.8 1.1
v -0.7 0.8 -1.1
v -0.7 0.8 -1.2
v -0.7 0.8 -1.3
v -0.7 0.9 1.3
v -0.7 0.9 1.2
v -0.7 0.9 -1.2
v -0.7 0.9 -1.3
v -0.7 1 1.4
v -0.7 1 1.3
v -0.7 1 -1.3
v -0.7 1 -1.4
v -0.7 1.1 1.3
v -0.7 1.1 -1.3
v -0.7 1.1 -1.4
v -0.7 1.2 1.4
v -0.7 1.2 1.3
v -0.7 1.2 -1.3
v -0.7 1.2 -1.4
v -0.7 1.4 1.5
v -0.7 1.4 1.4
v -0.7 1.4 -1.4
v -0.7 1.4 -1.5
v -0.7 1.5 1.5
v -0.7 1.5 1.4
v -0.7 1.6 1.4
v -0.7 1.7 -1.4
v -0.7 1.8 1.5
v -0.7 1.8 1.4
v -0.7 1.8 -1.4
v -0.7 1.8 -1.5
v -0.7 2 1.4
v -0.7 2 1.3
v -0.7 2 -1.3
v -0.7 2 -1.4
v -0.7 2.2 1.4
v -0.7 2.2 1.3
v -0.7 2.2 -1.3
v -0.7 2.2 -1.4
v -0.7 2.3 1.3
v -0.7 2.3 1.2
v -0.7 2.3 -1.2
v -0.7 2.3 -1.3
v -0.7 2.4 1.3
v -0.7 2.4 1.2
v -0.7 2.4 1.1
v -0.7 2.4 -1.1
v -0.7 2.4 -1.2
v -0.7 2.4 -1.3
v -0.7 2.5 1.2
v -0.7 2.5 1.1
v -0.7 2.5 1
v -0.7 2.5 -1
v -0.7 2.5 -1.1
v -0.7 2.5 -1.2
v -0.7 2.6 1.1
v -0.7 2.6 1
v -0.7 2.6 0.9
v -0.7 2.6 -0.9
v -0.7 2.6 -1
v -0.7 2.6 -1.1
v -0.7 2.7 1
v -0.7 2.7 0.9
v -0.7 2.7 0.8
v -0.7 2.7 -0.8
v -0.7 2.7 -0.9
v -0.7 2.7 -1
v -0.7 2.8 0.9
v -0.7 2.8 0.8
v -0.7 2.8 0.7
v -0.7 2.8 -0.7
v -0.7 2.8 -0.8
v -0.7 2.8 -0.9
v -0.7 2.9 0.8
v -0.7 2.9 0.7
v -0.7 2.9 0.6
v -0.7 2.9 0.4
v -0.7 2.9 -0.4
v -0.7 2.9 -0.6
v -0.7 2.9 -0.7
v -0.7 2.9 -0.8
v -0.7 3 0.6
v -0.7 3 0.4
v -0.7 3 0.2
v -0.7 3 -0.2
v -0.7 3 -0.4
v -0.7 3 -0.6
v -0.7 3.1 0.2
v -0.7 3.1 -0.2
v -0.6 0.1 0.4
v -0.6 0.1 0.2
v -0.6 0.1 -0.2
v -0.6 0.1 -0.4
v -0.6 0.2 0.7
v -0.6 0.2 0.6
v -0.6 0.2 0.4
v -0.6 0.2 0.2
v -0.6 0.2 -0.2
v -0.6 0.2 -0.4
v -0.6 0.2 -0.6
v -0.6 0.2 -0.7
v -0.6 0.3 0.7
v -0.6 0.3 0.6
v -0.6 0.3 -0.6
v -0.6 0.3 -0.7
v -0.6 0.4 1
v -0.6 0.4 0.9
v -0.6 0.4 -0.9
v -0.6 0.4 -1
v -0.6 0.5 1.1
v -0.6 0.5 1
v -0.6 0.5 0.9
v -0.6 0.5 -0.9
v -0.6 0.5 -1
v -0.6 0.5 -1.1
v -0.6 0.6 1.2
v -0.6 0.6 1.1
v -0.6 0.6 1
v -0.6 0.6 -1
v -0.6 0.6 -1.1
v -0.6 0.6 -1.2
v -0.6 0.7 1.2
v -0.6 0.7 1.1
v -0.6 0.7 -1.1
v -0.6 0.7 -1.2
v -0.6 0.9 1.4
v -0.6 0.9 1.3
v -0.6 0.9 -1.3
v -0.6 0.9 -1.4
v -0.6 1 1.4
v -0.6 1 1.3
v -0.6 1 -1.3
v -0.6 1 -1.4
v -0.6 1.2 1.5
v -0.6 1.2 1.4
v -0.6 1.2 -1.4
v -0.6 1.2 -1.5
v -0.6 1.4 1.5
v -0.6 1.4 1.4
v -0.6 1.4 -1.4
v -0.6 1.4 -1.5
v -0.6 1.8 1.5
v -0.6 1.8 1.4
v -0.6 1.8 -1.4
v -0.6 1.8 -1.5
v -0.6 2 1.5
v -0.6 2 1.4
v -0.6 2 -1.4
v -0.6 2 -1.5
v -0.6 2.2 1.4
v -0.6 2.2 1.3
v -0.6 2.2 -1.3
v -0.6 2.2 -1.4
v -0.6 2.3 1.4
v -0.6 2.3 1.3
v -0.6 2.3 -1.3
v -0.6 2.3 -1.4
v -0.6 2.5 1.2
v -0.6 2.5 1.1
v -0.6 2.5 -1.1
v -0.6 2.5 -1.2
v -0.6 2.6 1.2
v -0.6 2.6 1.1
v -0.6 2.6 1
v -0.6 2.6 -1
v -0.6 2.6 -1.1
v -0.6 2.6 -1.2
v -0.6 2.7 1.1
v -0.6 2.7 1
v -0.6 2.7 0.9
v -0.6 2.7 -0.9
v -0.6 2.7 -1
v -0.6 2.7 -1.1
v -0.6 2.8 1
v -0.6 2.8 0.9
v -0.6 2.8 -0.9
v -0.6 2.8 -1
v -0.6 2.9 0.7
v -0.6 2.9 0.6
v -0.6 2.9 -0.6
v -0.6 2.9 -0.7
v -0.6 3 0.7
v -0.6 3 0.6
v -0.6 3 0.4
v -0.6 3 0.2
v -0.6 3 -0.2
v -0.6 3 -0.3
v -0.6 3 -0.4
v -0.6 3 -0.6
v -0.6 3 -0.7
v -0.6 3.1 0.4
v -0.6 3.1 0.2
v -0.6 3.1 -0.2
v -0.6 3.1 -0.3
v -0.6 3.1 -0.4
v -0.5 0.1 0.5
v -0.5 0.1 0.4
v -0.5 0.1 -0.4
v -0.5 0.1 -0.5
v -0.5 0.2 0.5
v -0.5 0.2 0.4
v -0.5 0.2 -0.4
v -0.5 0.2 -0.5
v -0.5 0.3 0.9
v -0.5 0.3 0.8
v -0.5 0.3 -0.8
v -0.5 0.3 -0.9
v -0.5 0.4 0.9
v -0.5 0.4 0.8
v -0.5 0.4 -0.8
v -0.5 0.4 -0.9
v -0.5 0.7 1.3
v -0.5 0.7 1.2
v -0.5 0.7 -1.2
v -0.5 0.7 -1.3
v -0.5 0.8 1.3
v -0.5 0.8 1.2
v -0.5 0.8 -1.2
v -0.5 0.8 -1.3
v -0.5 1.1 1.5
v -0.5 1.1 1.4
v -0.5 1.1 -1.4
v -0.5 1.1 -1.5
v -0.5 1.2 1.5
v -0.5 1.2 1.4
v -0.5 1.2 -1.4
v -0.5 1.2 -1.5
v -0.5 2 1.5
v -0.5 2 1.4
v -0.5 2 -1.4
v -0.5 2 -1.5
v -0.5 2.1 1.5
v -0.5 2.1 1.4
v -0.5 2.1 -1.4
v -0.5 2.1 -1.5
v -0.5 2.4 1.3
v -0.5 2.4 1.2
v -0.5 2.4 -1.2
v -0.5 2.4 -1.3
v -0.5 2.5 1.3
v -0.5 2.5 1.2
v -0.5 2.5 -1.2
v -0.5 2.5 -1.3
v -0.5 2.8 0.9
v -0.5 2.8 0.8
v -0.5 2.8 -0.8
v -0.5 2.8 -0.9
v -0.5 2.9 0.9
v -0.5 2.9 0.8
v -0.5 2.9 -0.8
v -0.5 2.9 -0.9
v -0.5 3 0.5
v -0.5 3 0.4
v -0.5 3 -0.4
v -0.5 3 -0.5
v -0.5 3.1 0.5
v -0.5 3.1 0.4
v -0.5 3.1 -0.4
v -0.5 3.1 -0.5
v -0.4 0 0.2
v -0.4 0 -0.1
v -0.4 0 -0.2
v -0.4 0.1 0.6
v -0.4 0.1 0.5
v -0.4 0.1 0.2
v -0.4 0.1 -0.1
v -0.4 0.1 -0.2
v -0.4 0.1 -0.5
v -0.4 0.1 -0.6
v -0.4 0.2 0.8
v -0.4 0.2 0.7
v -0.4 0.2 0.6
v -0.4 0.2 0.5
v -0.4 0.2 -0.5
v -0.4 0.2 -0.6
v -0.4 0.2 -0.7
v -0.4 0.2 -0.8
v -0.4 0.3 0.8
v -0.4 0.3 0.7
v -0.4 0.3 -0.7
v -0.4 0.3 -0.8
v -0.4 0.4 1.1
v -0.4 0.4 1
v -0.4 0.4 -1
v -0.4 0.4 -1.1
v -0.4 0.5 1.2
v -0.4 0.5 1.1
v -0.4 0.5 1
v -0.4 0.5 -1
v -0.4 0.5 -1.1
v -0.4 0.5 -1.2
v -0.4 0.6 1.2
v -0.4 0.6 1.1
v -0.4 0.6 -1.1
v -0.4 0.6 -1.2
v -0.4 0.8 1.4
v -0.4 0.8 1.3
v -0.4 0.8 -1.3
v -0.4 0.8 -1.4
v -0.4 0.9 1.4
v -0.4 0.9 1.3
v -0.4 0.9 -1.3
v -0.4 0.9 -1.4
v -0.4 1 1.5
v -0.4 1 1.4
v -0.4 1 -1.4
v -0.4 1 -1.5
v -0.4 1.1 1.5
v -0.4 1.1 1.4
v -0.4 1.1 -1.4
v -0.4 1.1 -1.5
v -0.4 1.4 1.6
v -0.4 1.4 1.5
v -0.4 1.4 -1.5
v -0.4 1.4 -1.6
v -0.4 1.5 1.6
v -0.4 1.5 1.5
v -0.4 1.8 1.6
v -0.4 1.8 1.5
v -0.4 1.8 -1.5
v -0.4 1.8 -1.6
v -0.4 2.1 1.5
v -0.4 2.1 1.4
v -0.4 2.1 -1.4
v -0.4 2.1 -1.5
v -0.4 2.2 1.5
v -0.4 2.2 1.4
v -0.4 2.2 -1.4
v -0.4 2.2 -1.5
v -0.4 2.3 1.4
v -0.4 2.3 1.3
v -0.4 2.3 -1.3
v -0.4 2.3 -1.4
v -0.4 2.4 1.4
v -0.4 2.4 1.3
v -0.4 2.4 -1.3
v -0.4 2.4 -1.4
v -0.4 2.6 1.2
v -0.4 2.6 1.1
v -0.4 2.6 -1.1
v -0.4 2.6 -1.2
v -0.4 2.7 1.2
v -0.4 2.7 1.1
v -0.4 2.7 1
v -0.4 2.7 -1
v -0.4 2.7 -1.1
v -0.4 2.7 -1.2
v -0.4 2.8 1.1
v -0.4 2.8 1
v -0.4 2.8 -1
v -0.4 2.8 -1.1
v -0.4 2.9 0.8
v -0.4 2.9 0.7
v -0.4 2.9 -0.7
v -0.4 2.9 -0.8
v -0.4 3 0.8
v -0.4 3 0.7
v -0.4 3 0.6
v -0.4 3 0.5
v -0.4 3 -0.5
v -0.4 3 -0.6
v -0.4 3 -0.7
v -0.4 3 -0.8
v -0.4 3.1 0.6
v -0.4 3.1 0.5
v -0.4 3.1 0.2
v -0.4 3.1 -0.2
v -0.4 3.1 -0.5
v -0.4 3.1 -0.6
v -0.4 3.2 0.2
v -0.4 3.2 -0.2
v -0.3 0 0.3
v -0.3 0 0.2
v -0.3 0 -0.2
v -0.3 0 -0.3
v -0.3 0.1 0.3
v -0.3 0.1 0.2
v -0.3 0.1 -0.2
v -0.3 0.1 -0.3
v -0.3 0.3 1
v -0.3 0.3 0.9
v -0.3 0.3 -0.9
v -0.3 0.3 -1
v -0.3 0.4 1
v -0.3 0.4 0.9
v -0.3 0.4 -0.9
v -0.3 0.4 -1
v -0.3 0.6 1.3
v -0.3 0.6 1.2
v -0.3 0.6 -1.2
v -0.3 0.6 -1.3
v -0.3 0.7 1.3
v -0.3 0.7 1.2
v -0.3 0.7 -1.2
v -0.3 0.7 -1.3
v -0.3 1.3 1.6
v -0.3 1.3 1.5
v -0.3 1.3 -1.5
v -0.3 1.3 -1.6
v -0.3 1.4 1.6
v -0.3 1.4 1.5
v -0.3 1.4 -1.5
v -0.3 1.4 -1.6
v -0.3 1.8 1.6
v -0.3 1.8 1.5
v -0.3 1.8 -1.5
v -0.3 1.8 -1.6
v -0.3 1.9 1.6
v -0.3 1.9 1.5
v -0.3 1.9 -1.5
v -0.3 1.9 -1.6
v -0.3 2.5 1.3
v -0.3 2.5 1.2
v -0.3 2.5 -1.2
v -0.3 2.5 -1.3
v -0.3 2.6 1.3
v -0.3 2.6 1.2
v -0.3 2.6 -1.2
v -0.3 2.6 -1.3
v -0.3 2.8 1
v -0.3 2.8 0.9
v -0.3 2.8 -0.9
v -0.3 2.8 -1
v -0.3 2.9 1
v -0.3 2.9 0.9
v -0.3 2.9 -0.9
v -0.3 2.9 -1
v -0.3 3.1 0.3
v -0.3 3.1 0.2
v -0.3 3.1 -0.2
v -0.3 3.1 -0.3
v -0.3 3.2 0.3
v -0.3 3.2 0.2
v -0.3 3.2 -0.2
v -0.3 3.2 -0.3
v -0.2 0 0.4
v -0.2 0 0.3
v -0.2 0 -0.3
v -0.2 0 -0.4
v -0.2 0.1 0.7
v -0.2 0.1 0.6
v -0.2 0.1 0.4
v -0.2 0.1 0.3
v -0.2 0.1 -0.3
v -0.2 0.1 -0.4
v -0.2 0.1 -0.6
v -0.2 0.1 -0.7
v -0.2 0.2 0.7
v -0.2 0.2 0.6
v -0.2 0.2 -0.6
v -0.2 0.2 -0.7
v -0.2 0.9 1.5
v -0.2 0.9 1.4
v -0.2 0.9 -1.4
v -0.2 0.9 -1.5
v -0.2 1 1.5
v -0.2 1 1.4
v -0.2 1 -1.4
v -0.2 1 -1.5
v -0.2 1.2 1.6
v -0.2 1.2 1.5
v -0.2 1.2 -1.5
v -0.2 1.2 -1.6
v -0.2 1.3 1.6
v -0.2 1.3 1.5
v -0.2 1.3 -1.5
v -0.2 1.3 -1.6
v -0.2 1.9 1.6
v -0.2 1.9 1.5
v -0.2 1.9 -1.5
v -0.2 1.9 -1.6
v -0.2 2 1.6
v -0.2 2 1.5
v -0.2 2 -1.5
v -0.2 2 -1.6
v -0.2 2.2 1.5
v -0.2 2.2 1.4
v -0.2 2.2 -1.4
v -0.2 2.2 -1.5
v -0.2 2.3 1.5
v -0.2 2.3 1.4
v -0.2 2.3 -1.4
v -0.2 2.3 -1.5
v -0.2 3 0.7
v -0.2 3 0.6
v -0.2 3 -0.6
v -0.2 3 -0.7
v -0.2 3.1 0.7
v -0.2 3.1 0.6
v -0.2 3.1 0.4
v -0.2 3.1 0.3
v -0.2 3.1 -0.3
v -0.2 3.1 -0.4
v -0.2 3.1 -0.6
v -0.2 3.1 -0.7
v -0.2 3.2 0.4
v -0.2 3.2 0.3
v -0.2 3.2 -0.3
v -0.2 3.2 -0.4
v -0.1 0.2 0.9
v -0.1 0.2 0.8
v -0.1 0.2 -0.8
v -0.1 0.2 -0.9
v -0.1 0.3 0.9
v -0.1 0.3 0.8
v -0.1 0.3 -0.8
v -0.1 0.3 -0.9
v -0.1 0.7 1.4
v -0.1 0.7 1.3
v -0.1 0.7 -1.3
v -0.1 0.7 -1.4
v -0.1 0.8 1.4
v -0.1 0.8 1.3
v -0.1 0.8 -1.3
v -0.1 0.8 -1.4
v -0.1 2.4 1.4
v -0.1 2.4 1.3
v -0.1 2.4 -1.3
v -0.1 2.4 -1.4
v -0.1 2.5 1.4
v -0.1 2.5 1.3
v -0.1 2.5 -1.3
v -0.1 2.5 -1.4
v -0.1 2.9 0.9
v -0.1 2.9 0.8
v -0.1 2.9 -0.8
v -0.1 2.9 -0.9
v -0.1 3 0.9
v -0.1 3 0.8
v -0.1 3 -0.8
v -0.1 3 -0.9
v 0.1 0.2 0.9
v 0.1 0.2 0.8
v 0.1 0.2 -0.8
v 0.1 0.2 -0.9
v 0.1 0.3 0.9
v 0.1 0.3 0.8
v 0.1 0.3 -0.8
v 0.1 0.3 -0.9
v 0.1 0.7 1.4
v 0.1 0.7 1.3
v 0.1 0.7 -1.3
v 0.1 0.7 -1.4
v 0.1 0.8 1.4
v 0.1 0.8 1.3
v 0.1 0.8 -1.3
v 0.1 0.8 -1.4
v 0.1 2.4 1.4
v 0.1 2.4 1.3
v 0.1 2.4 -1.3
v 0.1 2.4 -1.4
v 0.1 2.5 1.4
v 0.1 2.5 1.3
v 0.1 2.5 -1.3
v 0.1 2.5 -1.4
v 0.1 2.9 0.9
v 0.1 2.9 0.8
v 0.1 2.9 -0.8
v 0.1 2.9 -0.9
v 0.1 3 0.9
v 0.1 3 0.8
v 0.1 3 -0.8
v 0.1 3 -0.9
v 0.2 0 0.4
v 0.2 0 0.3
v 0.2 0 -0.3
v 0.2 0 -0.4
v 0.2 0.1 0.7
v 0.2 0.1 0.6
v 0.2 0.1 0.4
v 0.2 0.1 0.3
v 0.2 0.1 -0.3
v 0.2 0.1 -0.4
v 0.2 0.1 -0.6
v 0.2 0.1 -0.7
v 0.2 0.2 0.7
v 0.2 0.2 0.6
v 0.2 0.2 -0.6
v 0.2 0.2 -0.7
v 0.2 0.9 1.5
v 0.2 0.9 1.4
v 0.2 0.9 -1.4
v 0.2 0.9 -1.5
v 0.2 1 1.5
v 0.2 1 1.4
v 0.2 1 -1.4
v 0.2 1 -1.5
v 0.2 1.2 1.6
v 0.2 1.2 1.5
v 0.2 1.2 -1.5
v 0.2 1.2 -1.6
v 0.2 1.3 1.6
v 0.2 1.3 1.5
v 0.2 1.3 -1.5
v 0.2 1.3 -1.6
v 0.2 1.9 1.6
v 0.2 1.9 1.5
v 0.2 1.9 -1.5
v 0.2 1.9 -1.6
v 0.2 2 1.6
v 0.2 2 1.5
v 0.2 2 -1.5
v 0.2 2 -1.6
v 0.2 2.2 1.5
v 0.2 2.2 1.4
v 0.2 2.2 -1.4
v 0.2 2.2 -1.5
v 0.2 2.3 1.5
v 0.2 2.3 1.4
v 0.2 2.3 -1.4
v 0.2 2.3 -1.5
v 0.2 3 0.7
v 0.2 3 0.6
v 0.2 3 -0.6
v 0.2 3 -0.7
v 0.2 3.1 0.7
v 0.2 3.1 0.6
v 0.2 3.1 0.4
v 0.2 3.1 0.3
v 0.2 3.1 -0.3
v 0.2 3.1 -0.4
v 0.2 3.1 -0.6
v 0.2 3.1 -0.7
v 0.2 3.2 0.4
v 0.2 3.2 0.3
v 0.2 3.2 -0.3
v 0.2 3.2 -0.4
v 0.3 0 0.3
v 0.3 0 0.2
v 0.3 0 -0.2
v 0.3 0 -0.3
v 0.3 0.1 0.3
v 0.3 0.1 0.2
v 0.3 0.1 -0.2
v 0.3 0.1 -0.3
v 0.3 0.3 1
v 0.3 0.3 0.9
v 0.3 0.3 -0.9
v 0.3 0.3 -1
v 0.3 0.4 1
v 0.3 0.4 0.9
v 0.3 0.4 -0.9
v 0.3 0.4 -1
v 0.3 0.6 1.3
v 0.3 0.6 1.2
v 0.3 0.6 -1.2
v 0.3 0.6 -1.3
v 0.3 0.7 1.3
v 0.3 0.7 1.2
v 0.3 0.7 -1.2
v 0.3 0.7 -1.3
v 0.3 1.3 1.6
v 0.3 1.3 1.5
v 0.3 1.3 -1.5
v 0.3 1.3 -1.6
v 0.3 1.4 1.6
v 0.3 1.4 1.5
v 0.3 1.4 -1.5
v 0.3 1.4 -1.6
v 0.3 1.8 1.6
v 0.3 1.8 1.5
v 0.3 1.8 -1.5
v 0.3 1.8 -1.6
v 0.3 1.9 1.6
v 0.3 1.9 1.5
v 0.3 1.9 -1.5
v 0.3 1.9 -1.6
v 0.3 2.5 1.3
v 0.3 2.5 1.2
v 0.3 2.5 -1.2
v 0.3 2.5 -1.3
v 0.3 2.6 1.3
v 0.3 2.6 1.2
v 0.3 2.6 -1.2
v 0.3 2.6 -1.3
v 0.3 2.8 1
v 0.3 2.8 0.9
v 0.3 2.8 -0.9
v 0.3 2.8 -1
v 0.3 2.9 1
v 0.3 2.9 0.9
v 0.3 2.9 -0.9
v 0.3 2.9 -1
v 0.3 3.1 0.3
v 0.3 3.1 0.2
v 0.3 3.1 -0.2
v 0.3 3.1 -0.3
v 0.3 3.2 0.3
v 0.3 3.2 0.2
v 0.3 3.2 -0.2
v 0.3 3.2 -0.3
v 0.4 0 0.2
v 0.4 0 0
v 0.4 0 -0.2
v 0.4 0.1 0.6
v 0.4 0.1 0.5
v 0.4 0.1 0.2
v 0.4 0.1 0
v 0.4 0.1 -0.2
v 0.4 0.1 -0.5
v 0.4 0.1 -0.6
v 0.4 0.2 0.8
v 0.4 0.2 0.7
v 0.4 0.2 0.6
v 0.4 0.2 0.5
v 0.4 0.2 -0.5
v 0.4 0.2 -0.6
v 0.4 0.2 -0.7
v 0.4 0.2 -0.8
v 0.4 0.3 0.8
v 0.4 0.3 0.7
v 0.4 0.3 -0.7
v 0.4 0.3 -0.8
v 0.4 0.4 1.1
v 0.4 0.4 1
v 0.4 0.4 -1
v 0.4 0.4 -1.1
v 0.4 0.5 1.2
v 0.4 0.5 1.1
v 0.4 0.5 1
v 0.4 0.5 -1
v 0.4 0.5 -1.1
v 0.4 0.5 -1.2
v 0.4 0.6 1.2
v 0.4 0.6 1.1
v 0.4 0.6 -1.1
v 0.4 0.6 -1.2
v 0.4 0.8 1.4
v 0.4 0.8 1.3
v 0.4 0.8 -1.3
v 0.4 0.8 -1.4
v 0.4 0.9 1.4
v 0.4 0.9 1.3
v 0.4 0.9 -1.3
v 0.4 0.9 -1.4
v 0.4 1 1.5
v 0.4 1 1.4
v 0.4 1 -1.4
v 0.4 1 -1.5
v 0.4 1.1 1.5
v 0.4 1.1 1.4
v 0.4 1.1 -1.4
v 0.4 1.1 -1.5
v 0.4 1.4 1.6
v 0.4 1.4 1.5
v 0.4 1.4 -1.5
v 0.4 1.4 -1.6
v 0.4 1.8 1.6
v 0.4 1.8 1.5
v 0.4 1.8 -1.5
v 0.4 1.8 -1.6
v 0.4 2.1 1.5
v 0.4 2.1 1.4
v 0.4 2.1 -1.4
v 0.4 2.1 -1.5
v 0.4 2.2 1.5
v 0.4 2.2 1.4
v 0.4 2.2 -1.4
v 0.4 2.2 -1.5
v 0.4 2.3 1.4
v 0.4 2.3 1.3
v 0.4 2.3 -1.3
v 0.4 2.3 -1.4
v 0.4 2.4 1.4
v 0.4 2.4 1.3
v 0.4 2.4 -1.3
v 0.4 2.4 -1.4
v 0.4 2.6 1.2
v 0.4 2.6 1.1
v 0.4 2.6 -1.1
v 0.4 2.6 -1.2
v 0.4 2.7 1.2
v 0.4 2.7 1.1
v 0.4 2.7 1
v 0.4 2.7 -1
v 0.4 2.7 -1.1
v 0.4 2.7 -1.2
v 0.4 2.8 1.1
v 0.4 2.8 1
v 0.4 2.8 -1
v 0.4 2.8 -1.1
v 0.4 2.9 0.8
v 0.4 2.9 0.7
v 0.4 2.9 -0.7
v 0.4 2.9 -0.8
v 0.4 3 0.8
v 0.4 3 0.7
v 0.4 3 0.6
v 0.4 3 0.5
v 0.4 3 -0.5
v 0.4 3 -0.6
v 0.4 3 -0.7
v 0.4 3 -0.8
v 0.4 3.1 0.6
v 0.4 3.1 0.5
v 0.4 3.1 0.2
v 0.4 3.1 -0.2
v 0.4 3.1 -0.5
v 0.4 3.1 -0.6
v 0.4 3.2 0.2
v 0.4 3.2 -0.2
v 0.5 0.1 0.5
v 0.5 0.1 0.4
v 0.5 0.1 -0.4
v 0.5 0.1 -0.5
v 0.5 0.2 0.5
v 0.5 0.2 0.4
v 0.5 0.2 -0.4
v 0.5 0.2 -0.5
v 0.5 0.3 0.9
v 0.5 0.3 0.8
v 0.5 0.3 -0.8
v 0.5 0.3 -0.9
v 0.5 0.4 0.9
v 0.5 0.4 0.8
v 0.5 0.4 -0.8
v 0.5 0.4 -0.9
v 0.5 0.7 1.3
v 0.5 0.7 1.2
v 0.5 0.7 -1.2
v 0.5 0.7 -1.3
v 0.5 0.8 1.3
v 0.5 0.8 1.2
v 0.5 0.8 -1.2
v 0.5 0.8 -1.3
v 0.5 1.1 1.5
v 0.5 1.1 1.4
v 0.5 1.1 -1.4
v 0.5 1.1 -1.5
v 0.5 1.2 1.5
v 0.5 1.2 1.4
v 0.5 1.2 -1.4
v 0.5 1.2 -1.5
v 0.5 2 1.5
v 0.5 2 1.4
v 0.5 2 -1.4
v 0.5 2 -1.5
v 0.5 2.1 1.5
v 0.5 2.1 1.4
v 0.5 2.1 -1.4
v 0.5 2.1 -1.5
v 0.5 2.4 1.3
v 0.5 2.4 1.2
v 0.5 2.4 -1.2
v 0.5 2.4 -1.3
v 0.5 2.5 1.3
v 0.5 2.5 1.2
v 0.5 2.5 -1.2
v 0.5 2.5 -1.3
v 0.5 2.8 0.9
v 0.5 2.8 0.8
v 0.5 2.8 -0.8
v 0.5 2.8 -0.9
v 0.5 2.9 0.9
v 0.5 2.9 0.8
v 0.5 2.9 -0.8
v 0.5 2.9 -0.9
v 0.5 3 0.5
v 0.5 3 0.4
v 0.5 3 -0.4
v 0.5 3 -0.5
v 0.5 3.1 0.5
v 0.5 3.1 0.4
v 0.5 3.1 -0.4
v 0.5 3.1 -0.5
v 0.6 0.1 0.4
v 0.6 0.1 0.3
v 0.6 0.1 0.2
v 0.6 0.1 -0.2
v 0.6 0.1 -0.4
v 0.6 0.2 0.7
v 0.6 0.2 0.6
v 0.6 0.2 0.4
v 0.6 0.2 0.3
v 0.6 0.2 0.2
v 0.6 0.2 -0.2
v 0.6 0.2 -0.4
v 0.6 0.2 -0.6
v 0.6 0.2 -0.7
v 0.6 0.3 0.7
v 0.6 0.3 0.6
v 0.6 0.3 -0.6
v 0.6 0.3 -0.7
v 0.6 0.4 1
v 0.6 0.4 0.9
v 0.6 0.4 -0.9
v 0.6 0.4 -1
v 0.6 0.5 1.1
v 0.6 0.5 1
v 0.6 0.5 0.9
v 0.6 0.5 -0.9
v 0.6 0.5 -1
v 0.6 0.5 -1.1
v 0.6 0.6 1.2
v 0.6 0.6 1.1
v 0.6 0.6 1
v 0.6 0.6 -1
v 0.6 0.6 -1.1
v 0.6 0.6 -1.2
v 0.6 0.7 1.2
v 0.6 0.7 1.1
v 0.6 0.7 -1.1
v 0.6 0.7 -1.2
v 0.6 0.9 1.4
v 0.6 0.9 1.3
v 0.6 0.9 -1.3
v 0.6 0.9 -1.4
v 0.6 1 1.4
v 0.6 1 1.3
v 0.6 1 -1.3
v 0.6 1 -1.4
v 0.6 1.2 1.5
v 0.6 1.2 1.4
v 0.6 1.2 -1.4
v 0.6 1.2 -1.5
v 0.6 1.4 1.5
v 0.6 1.4 1.4
v 0.6 1.4 -1.4
v 0.6 1.4 -1.5
v 0.6 1.8 1.5
v 0.6 1.8 1.4
v 0.6 1.8 -1.4
v 0.6 1.8 -1.5
v 0.6 2 1.5
v 0.6 2 1.4
v 0.6 2 -1.4
v 0.6 2 -1.5
v 0.6 2.2 1.4
v 0.6 2.2 1.3
v 0.6 2.2 -1.3
v 0.6 2.2 -1.4
v 0.6 2.3 1.4
v 0.6 2.3 1.3
v 0.6 2.3 -1.3
v 0.6 2.3 -1.4
v 0.6 2.5 1.2
v 0.6 2.5 1.1
v 0.6 2.5 -1.1
v 0.6 2.5 -1.2
v 0.6 2.6 1.2
v 0.6 2.6 1.1
v 0.6 2.6 1
v 0.6 2.6 -1
v 0.6 2.6 -1.1
v 0.6 2.6 -1.2
v 0.6 2.7 1.1
v 0.6 2.7 1
v 0.6 2.7 0.9
v 0.6 2.7 -0.9
v 0.6 2.7 -1
v 0.6 2.7 -1.1
v 0.6 2.8 1
v 0.6 2.8 0.9
v 0.6 2.8 -0.9
v 0.6 2.8 -1
v 0.6 2.9 0.7
v 0.6 2.9 0.6
v 0.6 2.9 -0.6
v 0.6 2.9 -0.7
v 0.6 3 0.7
v 0.6 3 0.6
v 0.6 3 0.4
v 0.6 3 0.3
v 0.6 3 0.2
v 0.6 3 -0.2
v 0.6 3 -0.4
v 0.6 3 -0.6
v 0.6 3 -0.7
v 0.6 3.1 0.4
v 0.6 3.1 0.2
v 0.6 3.1 -0.2
v 0.6 3.1 -0.4
v 0.7 0.1 0.2
v 0.7 0.1 -0.2
v 0.7 0.2 0.6
v 0.7 0.2 0.4
v 0.7 0.2 0.2
v 0.7 0.2 -0.2
v 0.7 0.2 -0.4
v 0.7 0.2 -0.6
v 0.7 0.3 0.8
v 0.7 0.3 0.7
v 0.7 0.3 0.6
v 0.7 0.3 0.4
v 0.7 0.3 -0.4
v 0.7 0.3 -0.6
v 0.7 0.3 -0.7
v 0.7 0.3 -0.8
v 0.7 0.4 0.9
v 0.7 0.4 0.8
v 0.7 0.4 0.7
v 0.7 0.4 -0.7
v 0.7 0.4 -0.8
v 0.7 0.4 -0.9
v 0.7 0.5 1
v 0.7 0.5 0.9
v 0.7 0.5 0.8
v 0.7 0.5 -0.8
v 0.7 0.5 -0.9
v 0.7 0.5 -1
v 0.7 0.6 1.1
v 0.7 0.6 1
v 0.7 0.6 0.9
v 0.7 0.6 -0.9
v 0.7 0.6 -1
v 0.7 0.6 -1.1
v 0.7 0.7 1.2
v 0.7 0.7 1.1
v 0.7 0.7 1
v 0.7 0.7 -1
v 0.7 0.7 -1.1
v 0.7 0.7 -1.2
v 0.7 0.8 1.3
v 0.7 0.8 1.2
v 0.7 0.8 1.1
v 0.7 0.8 -1.1
v 0.7 0.8 -1.2
v 0.7 0.8 -1.3
v 0.7 0.9 1.3
v 0.7 0.9 1.2
v 0.7 0.9 -1.2
v 0.7 0.9 -1.3
v 0.7 1 1.4
v 0.7 1 1.3
v 0.7 1 -1.3
v 0.7 1 -1.4
v 0.7 1.2 1.4
v 0.7 1.2 1.3
v 0.7 1.2 -1.3
v 0.7 1.2 -1.4
v 0.7 1.4 1.5
v 0.7 1.4 1.4
v 0.7 1.4 -1.4
v 0.7 1.4 -1.5
v 0.7 1.8 1.5
v 0.7 1.8 1.4
v 0.7 1.8 -1.4
v 0.7 1.8 -1.5
v 0.7 2 1.4
v 0.7 2 1.3
v 0.7 2 -1.3
v 0.7 2 -1.4
v 0.7 2.1 1.4
v 0.7 2.1 1.3
v 0.7 2.2 1.4
v 0.7 2.2 1.3
v 0.7 2.2 -1.3
v 0.7 2.2 -1.4
v 0.7 2.3 1.3
v 0.7 2.3 1.2
v 0.7 2.3 -1.2
v 0.7 2.3 -1.3
v 0.7 2.4 1.3
v 0.7 2.4 1.2
v 0.7 2.4 1.1
v 0.7 2.4 -1.1
v 0.7 2.4 -1.2
v 0.7 2.4 -1.3
v 0.7 2.5 1.2
v 0.7 2.5 1.1
v 0.7 2.5 1
v 0.7 2.5 -1
v 0.7 2.5 -1.1
v 0.7 2.5 -1.2
v 0.7 2.6 1.1
v 0.7 2.6 1
v 0.7 2.6 0.9
v 0.7 2.6 -0.9
v 0.7 2.6 -1
v 0.7 2.6 -1.1
v 0.7 2.7 1
v 0.7 2.7 0.9
v 0.7 2.7 0.8
v 0.7 2.7 -0.8
v 0.7 2.7 -0.9
v 0.7 2.7 -1
v 0.7 2.8 0.9
v 0.7 2.8 0.8
v 0.7 2.8 0.7
v 0.7 2.8 -0.7
v 0.7 2.8 -0.8
v 0.7 2.8 -0.9
v 0.7 2.9 0.8
v 0.7 2.9 0.7
v 0.7 2.9 0.6
v 0.7 2.9 0.4
v 0.7 2.9 -0.4
v 0.7 2.9 -0.6
v 0.7 2.9 -0.7
v 0.7 2.9 -0.8
v 0.7 3 0.6
v 0.7 3 0.4
v 0.7 3 0.2
v 0.7 3 0
v 0.7 3 -0.2
v 0.7 3 -0.4
v 0.7 3 -0.6
v 0.7 3.1 0.2
v 0.7 3.1 -0.2
v 0.8 0.2 0.4
v 0.8 0.2 0.2
v 0.8 0.2 0.1
v 0.8 0.2 -0.1
v 0.8 0.2 -0.4
v 0.8 0.3 0.7
v 0.8 0.3 0.5
v 0.8 0.3 0.4
v 0.8 0.3 0.2
v 0.8 0.3 0.1
v 0.8 0.3 -0.1
v 0.8 0.3 -0.4
v 0.8 0.3 -0.5
v 0.8 0.3 -0.6
v 0.8 0.3 -0.7
v 0.8 0.4 0.8
v 0.8 0.4 0.7
v 0.8 0.4 0.5
v 0.8 0.4 -0.5
v 0.8 0.4 -0.6
v 0.8 0.4 -0.7
v 0.8 0.4 -0.8
v 0.8 0.5 0.8
v 0.8 0.5 0.7
v 0.8 0.5 -0.7
v 0.8 0.5 -0.8
v 0.8 0.8 1.2
v 0.8 0.8 1.1
v 0.8 0.8 -1.1
v 0.8 0.8 -1.2
v 0.8 0.9 1.3
v 0.8 0.9 1.2
v 0.8 0.9 1.1
v 0.8 0.9 -1.1
v 0.8 0.9 -1.2
v 0.8 0.9 -1.3
v 0.8 1.1 1.3
v 0.8 1.1 1.2
v 0.8 1.1 -1.2
v 0.8 1.1 -1.3
v 0.8 1.2 1.4
v 0.8 1.2 1.3
v 0.8 1.2 -1.3
v 0.8 1.2 -1.4
v 0.8 1.5 1.4
v 0.8 1.5 1.3
v 0.8 1.5 -1.3
v 0.8 1.5 -1.4
v 0.8 1.7 1.4
v 0.8 1.7 1.3
v 0.8 1.7 -1.3
v 0.8 1.7 -1.4
v 0.8 1.9 1.3
v 0.8 1.9 -1.3
v 0.8 2 1.4
v 0.8 2 1.3
v 0.8 2 -1.3
v 0.8 2 -1.4
v 0.8 2.1 1.3
v 0.8 2.1 1.2
v 0.8 2.1 -1.2
v 0.8 2.1 -1.3
v 0.8 2.3 1.3
v 0.8 2.3 1.2
v 0.8 2.3 1.1
v 0.8 2.3 -1.1
v 0.8 2.3 -1.2
v 0.8 2.3 -1.3
v 0.8 2.4 1.2
v 0.8 2.4 1.1
v 0.8 2.4 -1.1
v 0.8 2.4 -1.2
v 0.8 2.7 0.8
v 0.8 2.7 0.7
v 0.8 2.7 -0.7
v 0.8 2.7 -0.8
v 0.8 2.8 0.8
v 0.8 2.8 0.7
v 0.8 2.8 0.6
v 0.8 2.8 0.5
v 0.8 2.8 -0.5
v 0.8 2.8 -0.6
v 0.8 2.8 -0.7
v 0.8 2.8 -0.8
v 0.8 2.9 0.7
v 0.8 2.9 0.6
v 0.8 2.9 0.5
v 0.8 2.9 0.4
v 0.8 2.9 0.2
v 0.8 2.9 0.1
v 0.8 2.9 -0.1
v 0.8 2.9 -0.4
v 0.8 2.9 -0.5
v 0.8 2.9 -0.7
v 0.8 3 0.4
v 0.8 3 0.2
v 0.8 3 0.1
v 0.8 3 -0.1
v 0.8 3 -0.4
v 0.9 0.2 0.1
v 0.9 0.2 -0.1
v 0.9 0.3 0.5
v 0.9 0.3 0.3
v 0.9 0.3 0.1
v 0.9 0.3 -0.1
v 0.9 0.3 -0.3
v 0.9 0.3 -0.5
v 0.9 0.4 0.7
v 0.9 0.4 0.6
v 0.9 0.4 0.5
v 0.9 0.4 0.3
v 0.9 0.4 -0.3
v 0.9 0.4 -0.5
v 0.9 0.4 -0.6
v 0.9 0.4 -0.7
v 0.9 0.5 0.9
v 0.9 0.5 0.8
v 0.9 0.5 0.7
v 0.9 0.5 0.6
v 0.9 0.5 -0.6
v 0.9 0.5 -0.7
v 0.9 0.5 -0.9
v 0.9 0.6 1
v 0.9 0.6 0.9
v 0.9 0.6 0.8
v 0.9 0.6 0.7
v 0.9 0.6 -0.7
v 0.9 0.6 -0.9
v 0.9 0.6 -1
v 0.9 0.7 1.1
v 0.9 0.7 1
v 0.9 0.7 0.9
v 0.9 0.7 -0.9
v 0.9 0.7 -1
v 0.9 0.7 -1.1
v 0.9 0.9 1.2
v 0.9 0.9 1.1
v 0.9 0.9 1
v 0.9 0.9 -1
v 0.9 0.9 -1.1
v 0.9 0.9 -1.2
v 0.9 1 1.2
v 0.9 1 1.1
v 0.9 1 -1.1
v 0.9 1 -1.2
v 0.9 1.1 1.3
v 0.9 1.1 1.2
v 0.9 1.1 -1.2
v 0.9 1.1 -1.3
v 0.9 1.3 1.3
v 0.9 1.3 1.2
v 0.9 1.3 -1.2
v 0.9 1.3 -1.3
v 0.9 1.5 1.4
v 0.9 1.5 1.3
v 0.9 1.5 -1.3
v 0.9 1.5 -1.4
v 0.9 1.7 1.4
v 0.9 1.7 1.3
v 0.9 1.7 -1.3
v 0.9 1.7 -1.4
v 0.9 1.9 1.3
v 0.9 1.9 1.2
v 0.9 1.9 -1.2
v 0.9 1.9 -1.3
v 0.9 2.1 1.3
v 0.9 2.1 1.2
v 0.9 2.1 -1.2
v 0.9 2.1 -1.3
v 0.9 2.2 1.2
v 0.9 2.2 1.1
v 0.9 2.2 -1.1
v 0.9 2.2 -1.2
v 0.9 2.3 1.2
v 0.9 2.3 1.1
v 0.9 2.3 1
v 0.9 2.3 -1
v 0.9 2.3 -1.1
v 0.9 2.3 -1.2
v 0.9 2.5 1.1
v 0.9 2.5 1
v 0.9 2.5 0.9
v 0.9 2.5 -0.9
v 0.9 2.5 -1
v 0.9 2.5 -1.1
v 0.9 2.6 1
v 0.9 2.6 0.9
v 0.9 2.6 0.8
v 0.9 2.6 0.7
v 0.9 2.6 -0.7
v 0.9 2.6 -0.9
v 0.9 2.6 -1
v 0.9 2.7 0.9
v 0.9 2.7 0.7
v 0.9 2.7 0.6
v 0.9 2.7 -0.6
v 0.9 2.7 -0.7
v 0.9 2.7 -0.9
v 0.9 2.8 0.7
v 0.9 2.8 0.6
v 0.9 2.8 0.5
v 0.9 2.8 0.4
v 0.9 2.8 0.3
v 0.9 2.8 -0.3
v 0.9 2.8 -0.5
v 0.9 2.8 -0.6
v 0.9 2.8 -0.7
v 0.9 2.9 0.5
v 0.9 2.9 0.3
v 0.9 2.9 0.1
v 0.9 2.9 -0.1
v 0.9 2.9 -0.3
v 0.9 2.9 -0.5
v 0.9 3 0.1
v 0.9 3 -0.1
v 1 0.3 0.3
v 1 0.3 0.2
v 1 0.3 -0.3
v 1 0.4 0.6
v 1 0.4 0.4
v 1 0.4 0.3
v 1 0.4 0.2
v 1 0.4 -0.3
v 1 0.4 -0.4
v 1 0.4 -0.6
v 1 0.5 0.7
v 1 0.5 0.6
v 1 0.5 0.4
v 1 0.5 -0.4
v 1 0.5 -0.6
v 1 0.5 -0.7
v 1 0.6 0.9
v 1 0.6 0.7
v 1 0.6 0.6
v 1 0.6 -0.6
v 1 0.6 -0.7
v 1 0.6 -0.9
v 1 0.7 1
v 1 0.7 0.9
v 1 0.7 0.7
v 1 0.7 -0.7
v 1 0.7 -0.9
v 1 0.7 -1
v 1 0.9 1.1
v 1 0.9 1
v 1 0.9 0.9
v 1 0.9 -0.9
v 1 0.9 -1
v 1 0.9 -1.1
v 1 1 1.2
v 1 1 1.1
v 1 1 1
v 1 1 -1
v 1 1 -1.1
v 1 1 -1.2
v 1 1.2 1.2
v 1 1.2 1.1
v 1 1.2 -1.1
v 1 1.2 -1.2
v 1 1.3 1.3
v 1 1.3 1.2
v 1 1.3 -1.2
v 1 1.3 -1.3
v 1 1.7 1.2
v 1 1.8 1.3
v 1 1.8 1.2
v 1 1.9 1.3
v 1 1.9 1.2
v 1 1.9 -1.2
v 1 1.9 -1.3
v 1 2 1.2
v 1 2 1.1
v 1 2 -1.1
v 1 2 -1.2
v 1 2.2 1.2
v 1 2.2 1.1
v 1 2.2 1
v 1 2.2 -1
v 1 2.2 -1.1
v 1 2.2 -1.2
v 1 2.3 1.1
v 1 2.3 1
v 1 2.3 0.9
v 1 2.3 -0.9
v 1 2.3 -1
v 1 2.3 -1.1
v 1 2.4 0.9
v 1 2.5 1
v 1 2.5 0.9
v 1 2.5 0.8
v 1 2.5 0.7
v 1 2.5 -0.7
v 1 2.5 -0.9
v 1 2.5 -1
v 1 2.6 0.9
v 1 2.6 0.8
v 1 2.6 0.7
v 1 2.6 0.6
v 1 2.6 -0.6
v 1 2.6 -0.7
v 1 2.6 -0.9
v 1 2.7 0.7
v 1 2.7 0.6
v 1 2.7 0.4
v 1 2.7 -0.4
v 1 2.7 -0.5
v 1 2.7 -0.6
v 1 2.7 -0.7
v 1 2.8 0.6
v 1 2.8 0.4
v 1 2.8 0.3
v 1 2.8 -0.3
v 1 2.8 -0.4
v 1 2.8 -0.5
v 1 2.8 -0.6
v 1 2.9 0.3
v 1 2.9 -0.3
v 1.1 0.4 0.4
v 1.1 0.4 -0.4
v 1.1 0.5 0.6
v 1.1 0.5 0.4
v 1.1 0.5 0.2
v 1.1 0.5 -0.2
v 1.1 0.5 -0.4
v 1.1 0.5 -0.6
v 1.1 0.6 0.7
v 1.1 0.6 0.6
v 1.1 0.6 0.4
v 1.1 0.6 -0.4
v 1.1 0.6 -0.6
v 1.1 0.6 -0.7
v 1.1 0.7 0.9
v 1.1 0.7 0.7
v 1.1 0.7 0.6
v 1.1 0.7 -0.6
v 1.1 0.7 -0.7
v 1.1 0.7 -0.9
v 1.1 0.8 0.8
v 1.1 0.8 0.7
v 1.1 0.8 -0.7
v 1.1 0.8 -0.8
v 1.1 0.9 1
v 1.1 0.9 0.9
v 1.1 0.9 0.8
v 1.1 0.9 -0.8
v 1.1 0.9 -0.9
v 1.1 0.9 -1
v 1.1 1 1.1
v 1.1 1 1
v 1.1 1 0.9
v 1.1 1 -0.9
v 1.1 1 -1
v 1.1 1 -1.1
v 1.1 1.2 1.2
v 1.1 1.2 1.1
v 1.1 1.2 1
v 1.1 1.2 -1
v 1.1 1.2 -1.1
v 1.1 1.2 -1.2
v 1.1 1.6 1.1
v 1.1 1.7 1.2
v 1.1 1.7 1.1
v 1.1 1.9 -1.1
v 1.1 1.9 -1.2
v 1.1 2 1.2
v 1.1 2 1.1
v 1.1 2 1
v 1.1 2 -1
v 1.1 2 -1.1
v 1.1 2 -1.2
v 1.1 2.1 -1
v 1.1 2.2 1.1
v 1.1 2.2 1
v 1.1 2.2 0.9
v 1.1 2.2 -0.9
v 1.1 2.2 -1
v 1.1 2.2 -1.1
v 1.1 2.3 1
v 1.1 2.3 0.9
v 1.1 2.3 0.8
v 1.1 2.3 -0.8
v 1.1 2.3 -0.9
v 1.1 2.3 -1
v 1.1 2.4 0.9
v 1.1 2.4 0.8
v 1.1 2.4 0.7
v 1.1 2.4 -0.7
v 1.1 2.4 -0.8
v 1.1 2.5 0.9
v 1.1 2.5 0.7
v 1.1 2.5 0.6
v 1.1 2.5 -0.6
v 1.1 2.5 -0.7
v 1.1 2.5 -0.9
v 1.1 2.6 0.7
v 1.1 2.6 0.6
v 1.1 2.6 0.4
v 1.1 2.6 -0.4
v 1.1 2.6 -0.6
v 1.1 2.6 -0.7
v 1.1 2.7 0.6
v 1.1 2.7 0.4
v 1.1 2.7 0.3
v 1.1 2.7 0.1
v 1.1 2.7 -0.4
v 1.1 2.7 -0.6
v 1.1 2.8 0.4
v 1.1 2.8 0.3
v 1.1 2.8 -0.4
v 1.2 0.5 0.4
v 1.2 0.5 0.2
v 1.2 0.5 -0.2
v 1.2 0.5 -0.4
v 1.2 0.6 0.6
v 1.2 0.6 0.4
v 1.2 0.6 0.3
v 1.2 0.6 0.2
v 1.2 0.6 -0.2
v 1.2 0.6 -0.3
v 1.2 0.6 -0.4
v 1.2 0.6 -0.6
v 1.2 0.7 0.7
v 1.2 0.7 0.6
v 1.2 0.7 0.5
v 1.2 0.7 0.3
v 1.2 0.7 -0.3
v 1.2 0.7 -0.5
v 1.2 0.7 -0.6
v 1.2 0.7 -0.7
v 1.2 0.8 0.8
v 1.2 0.8 0.7
v 1.2 0.8 0.5
v 1.2 0.8 -0.5
v 1.2 0.8 -0.7
v 1.2 0.8 -0.8
v 1.2 0.9 0.9
v 1.2 0.9 0.8
v 1.2 0.9 0.7
v 1.2 0.9 -0.7
v 1.2 0.9 -0.8
v 1.2 0.9 -0.9
v 1.2 1 1
v 1.2 1 0.9
v 1.2 1 -0.9
v 1.2 1 -1
v 1.2 1.1 0.9
v 1.2 1.1 0.8
v 1.2 1.1 -0.8
v 1.2 1.1 -0.9
v 1.2 1.2 1.1
v 1.2 1.2 1
v 1.2 1.2 -1
v 1.2 1.2 -1.1
v 1.2 1.3 1
v 1.2 1.3 0.9
v 1.2 1.3 -0.9
v 1.2 1.3 -1
v 1.2 1.5 1
v 1.2 1.6 1.1
v 1.2 1.6 1
v 1.2 1.9 1
v 1.2 1.9 0.9
v 1.2 1.9 -0.9
v 1.2 1.9 -1
v 1.2 2 1.1
v 1.2 2 1
v 1.2 2 -1
v 1.2 2 -1.1
v 1.2 2.1 0.9
v 1.2 2.1 0.8
v 1.2 2.1 -0.8
v 1.2 2.1 -0.9
v 1.2 2.1 -1
v 1.2 2.2 1
v 1.2 2.2 0.9
v 1.2 2.2 0.8
v 1.2 2.2 -0.9
v 1.2 2.2 -1
v 1.2 2.3 0.9
v 1.2 2.3 0.8
v 1.2 2.3 0.7
v 1.2 2.3 -0.7
v 1.2 2.3 -0.8
v 1.2 2.3 -0.9
v 1.2 2.4 0.8
v 1.2 2.4 0.7
v 1.2 2.4 0.5
v 1.2 2.4 -0.5
v 1.2 2.4 -0.7
v 1.2 2.4 -0.8
v 1.2 2.5 0.7
v 1.2 2.5 0.6
v 1.2 2.5 0.5
v 1.2 2.5 0.3
v 1.2 2.5 -0.3
v 1.2 2.5 -0.5
v 1.2 2.5 -0.6
v 1.2 2.5 -0.7
v 1.2 2.6 0.6
v 1.2 2.6 0.4
v 1.2 2.6 0.3
v 1.2 2.6 0.1
v 1.2 2.6 -0.1
v 1.2 2.6 -0.3
v 1.2 2.6 -0.4
v 1.2 2.6 -0.6
v 1.2 2.7 0.4
v 1.2 2.7 0.1
v 1.2 2.7 -0.4
v 1.3 0.6 0.3
v 1.3 0.6 -0.3
v 1.3 0.7 0.5
v 1.3 0.7 0.3
v 1.3 0.7 0.1
v 1.3 0.7 -0.1
v 1.3 0.7 -0.3
v 1.3 0.7 -0.5
v 1.3 0.8 0.7
v 1.3 0.8 0.5
v 1.3 0.8 0.4
v 1.3 0.8 0.3
v 1.3 0.8 0.1
v 1.3 0.8 -0.1
v 1.3 0.8 -0.3
v 1.3 0.8 -0.4
v 1.3 0.8 -0.5
v 1.3 0.8 -0.7
v 1.3 0.9 0.8
v 1.3 0.9 0.7
v 1.3 0.9 0.6
v 1.3 0.9 0.4
v 1.3 0.9 -0.4
v 1.3 0.9 -0.6
v 1.3 0.9 -0.7
v 1.3 0.9 -0.8
v 1.3 1 0.7
v 1.3 1 0.6
v 1.3 1 -0.6
v 1.3 1 -0.7
v 1.3 1.1 0.9
v 1.3 1.1 0.8
v 1.3 1.1 -0.8
v 1.3 1.1 -0.9
v 1.3 1.2 0.8
v 1.3 1.2 0.7
v 1.3 1.2 -0.7
v 1.3 1.2 -0.8
v 1.3 1.3 1
v 1.3 1.3 0.9
v 1.3 1.3 -0.9
v 1.3 1.3 -1
v 1.3 1.5 1
v 1.3 1.5 0.9
v 1.3 1.5 0.8
v 1.3 1.5 -0.8
v 1.3 1.5 -0.9
v 1.3 1.7 0.9
v 1.3 1.7 0.8
v 1.3 1.7 -0.8
v 1.3 1.7 -0.9
v 1.3 1.9 1
v 1.3 1.9 0.9
v 1.3 1.9 0.8
v 1.3 1.9 -0.9
v 1.3 1.9 -1
v 1.3 2 0.8
v 1.3 2 0.7
v 1.3 2 -0.7
v 1.3 2 -0.8
v 1.3 2.1 0.9
v 1.3 2.1 0.8
v 1.3 2.1 -0.8
v 1.3 2.1 -0.9
v 1.3 2.2 0.8
v 1.3 2.2 0.7
v 1.3 2.2 0.6
v 1.3 2.2 -0.6
v 1.3 2.2 -0.7
v 1.3 2.3 0.8
v 1.3 2.3 0.7
v 1.3 2.3 0.6
v 1.3 2.3 0.4
v 1.3 2.3 -0.4
v 1.3 2.3 -0.6
v 1.3 2.3 -0.7
v 1.3 2.3 -0.8
v 1.3 2.4 0.7
v 1.3 2.4 0.5
v 1.3 2.4 0.4
v 1.3 2.4 0.1
v 1.3 2.4 -0.1
v 1.3 2.4 -0.2
v 1.3 2.4 -0.4
v 1.3 2.4 -0.5
v 1.3 2.4 -0.7
v 1.3 2.5 0.5
v 1.3 2.5 0.3
v 1.3 2.5 0.1
v 1.3 2.5 -0.1
v 1.3 2.5 -0.2
v 1.3 2.5 -0.3
v 1.3 2.5 -0.5
v 1.3 2.6 0.3
v 1.3 2.6 -0.1
v 1.3 2.6 -0.3
v 1.4 0.7 0.1
v 1.4 0.7 -0.1
v 1.4 0.8 0.4
v 1.4 0.8 0.3
v 1.4 0.8 0.1
v 1.4 0.8 -0.1
v 1.4 0.8 -0.3
v 1.4 0.8 -0.4
v 1.4 0.9 0.6
v 1.4 0.9 0.4
v 1.4 0.9 0.3
v 1.4 0.9 0.2
v 1.4 0.9 0.1
v 1.4 0.9 -0.1
v 1.4 0.9 -0.2
v 1.4 0.9 -0.3
v 1.4 0.9 -0.4
v 1.4 0.9 -0.6
v 1.4 1 0.7
v 1.4 1 0.6
v 1.4 1 0.4
v 1.4 1 0.2
v 1.4 1 -0.2
v 1.4 1 -0.4
v 1.4 1 -0.6
v 1.4 1 -0.7
v 1.4 1.1 0.5
v 1.4 1.1 0.4
v 1.4 1.1 -0.4
v 1.4 1.1 -0.5
v 1.4 1.2 0.8
v 1.4 1.2 0.7
v 1.4 1.2 0.6
v 1.4 1.2 0.5
v 1.4 1.2 -0.5
v 1.4 1.2 -0.6
v 1.4 1.2 -0.7
v 1.4 1.2 -0.8
v 1.4 1.4 0.7
v 1.4 1.4 0.6
v 1.4 1.4 -0.6
v 1.4 1.4 -0.7
v 1.4 1.5 0.9
v 1.4 1.5 0.8
v 1.4 1.5 0.7
v 1.4 1.5 -0.8
v 1.4 1.5 -0.9
v 1.4 1.7 0.9
v 1.4 1.7 0.8
v 1.4 1.7 0.7
v 1.4 1.7 -0.8
v 1.4 1.7 -0.9
v 1.4 1.8 0.7
v 1.4 1.8 0.6
v 1.4 1.8 -0.6
v 1.4 1.8 -0.7
v 1.4 1.9 0.8
v 1.4 1.9 0.7
v 1.4 1.9 -0.6
v 1.4 1.9 -0.7
v 1.4 2 0.8
v 1.4 2 0.7
v 1.4 2 0.6
v 1.4 2 0.5
v 1.4 2 -0.5
v 1.4 2 -0.6
v 1.4 2 -0.7
v 1.4 2 -0.8
v 1.4 2.1 0.5
v 1.4 2.1 0.4
v 1.4 2.1 -0.4
v 1.4 2.1 -0.5
v 1.4 2.2 0.7
v 1.4 2.2 0.6
v 1.4 2.2 0.4
v 1.4 2.2 0.2
v 1.4 2.2 -0.2
v 1.4 2.2 -0.4
v 1.4 2.2 -0.6
v 1.4 2.2 -0.7
v 1.4 2.3 0.6
v 1.4 2.3 0.4
v 1.4 2.3 0.2
v 1.4 2.3 0
v 1.4 2.3 -0.1
v 1.4 2.3 -0.2
v 1.4 2.3 -0.4
v 1.4 2.3 -0.6
v 1.4 2.4 0.4
v 1.4 2.4 0.1
v 1.4 2.4 -0.1
v 1.4 2.4 -0.2
v 1.4 2.4 -0.4
v 1.4 2.5 0.1
v 1.4 2.5 -0.1
v 1.5 0.9 0.2
v 1.5 0.9 0.1
v 1.5 0.9 -0.1
v 1.5 0.9 -0.2
v 1.5 1 0.4
v 1.5 1 0.2
v 1.5 1 0.1
v 1.5 1 -0.1
v 1.5 1 -0.2
v 1.5 1 -0.4
v 1.5 1.1 0.5
v 1.5 1.1 0.4
v 1.5 1.1 -0.4
v 1.5 1.1 -0.5
v 1.5 1.2 0.6
v 1.5 1.2 0.5
v 1.5 1.2 0.2
v 1.5 1.2 -0.2
v 1.5 1.2 -0.5
v 1.5 1.2 -0.6
v 1.5 1.3 0.3
v 1.5 1.3 0.2
v 1.5 1.3 -0.2
v 1.5 1.3 -0.3
v 1.5 1.4 0.7
v 1.5 1.4 0.6
v 1.5 1.4 0.4
v 1.5 1.4 0.3
v 1.5 1.4 -0.3
v 1.5 1.4 -0.4
v 1.5 1.4 -0.6
v 1.5 1.4 -0.7
v 1.5 1.5 0.7
v 1.5 1.5 0.6
v 1.5 1.6 0.6
v 1.5 1.6 0.4
v 1.5 1.7 0.7
v 1.5 1.7 0.6
v 1.5 1.8 0.7
v 1.5 1.8 0.6
v 1.5 1.8 0.4
v 1.5 1.8 0.3
v 1.5 1.8 -0.3
v 1.5 1.8 -0.4
v 1.5 1.8 -0.6
v 1.5 1.8 -0.7
v 1.5 1.9 0.3
v 1.5 1.9 0.2
v 1.5 1.9 -0.2
v 1.5 1.9 -0.3
v 1.5 1.9 -0.6
v 1.5 2 0.6
v 1.5 2 0.5
v 1.5 2 0.2
v 1.5 2 0.1
v 1.5 2 -0.2
v 1.5 2 -0.3
v 1.5 2 -0.5
v 1.5 2 -0.6
v 1.5 2.1 0.5
v 1.5 2.1 0.4
v 1.5 2.1 -0.4
v 1.5 2.1 -0.5
v 1.5 2.2 0.4
v 1.5 2.2 0.2
v 1.5 2.2 0.1
v 1.5 2.2 0
v 1.5 2.2 -0.2
v 1.5 2.2 -0.4
v 1.5 2.3 0.2
v 1.5 2.3 0
v 1.5 2.3 -0.2
v 1.6 1.2 0.2
v 1.6 1.2 -0.2
v 1.6 1.3 0.3
v 1.6 1.3 0.2
v 1.6 1.3 -0.2
v 1.6 1.3 -0.3
v 1.6 1.4 0.4
v 1.6 1.4 0.3
v 1.6 1.4 0.2
v 1.6 1.4 -0.3
v 1.6 1.4 -0.4
v 1.6 1.5 0.2
v 1.6 1.5 0.1
v 1.6 1.6 0.4
v 1.6 1.6 0.2
v 1.6 1.7 0.2
v 1.6 1.7 0.1
v 1.6 1.8 0.4
v 1.6 1.8 0.3
v 1.6 1.8 -0.3
v 1.6 1.8 -0.4
v 1.6 1.9 0.3
v 1.6 1.9 0.2
v 1.6 1.9 -0.2
v 1.6 1.9 -0.3
v 1.6 2 0.2
v 1.6 2 0.1
v 1.6 2 -0.2
v -0.4 1.4 1.6
v -0.4 1.5 1.6
v -0.4 1.8 1.6
v -0.3 1.3 1.6
v -0.3 1.4 1.6
v -0.3 1.5 1.6
v -0.3 1.8 1.6
v -0.3 1.9 1.6
v -0.2 1.2 1.6
v -0.2 1.3 1.6
v -0.2 1.4 1.6
v -0.2 1.9 1.6
v -0.2 2 1.6
v 0.2 1.2 1.6
v 0.2 1.3 1.6
v 0.2 1.9 1.6
v 0.2 2 1.6
v 0.3 1.3 1.6
v 0.3 1.4 1.6
v 0.3 1.8 1.6
v 0.3 1.9 1.6
v 0.4 1.4 1.6
v 0.4 1.8 1.6
v -0.7 1.4 1.5
v -0.7 1.5 1.5
v -0.7 1.8 1.5
v -0.6 1.2 1.5
v -0.6 1.4 1.5
v -0.6 1.8 1.5
v -0.6 2 1.5
v -0.5 1.1 1.5
v -0.5 1.2 1.5
v -0.5 2 1.5
v -0.5 2.1 1.5
v -0.4 1 1.5
v -0.4 1.1 1.5
v -0.4 1.4 1.5
v -0.4 1.5 1.5
v -0.4 1.8 1.5
v -0.4 2.1 1.5
v -0.4 2.2 1.5
v -0.3 1.3 1.5
v -0.3 1.4 1.5
v -0.3 1.8 1.5
v -0.3 1.9 1.5
v -0.3 2.1 1.5
v -0.3 2.2 1.5
v -0.2 0.9 1.5
v -0.2 1 1.5
v -0.2 1.2 1.5
v -0.2 1.3 1.5
v -0.2 1.9 1.5
v -0.2 2 1.5
v -0.2 2.1 1.5
v -0.2 2.2 1.5
v -0.2 2.3 1.5
v 0.2 0.9 1.5
v 0.2 1 1.5
v 0.2 1.1 1.5
v 0.2 1.2 1.5
v 0.2 1.3 1.5
v 0.2 1.9 1.5
v 0.2 2 1.5
v 0.2 2.1 1.5
v 0.2 2.2 1.5
v 0.2 2.3 1.5
v 0.3 1 1.5
v 0.3 1.1 1.5
v 0.3 1.3 1.5
v 0.3 1.4 1.5
v 0.3 1.8 1.5
v 0.3 1.9 1.5
v 0.3 2.1 1.5
v 0.3 2.2 1.5
v 0.4 1 1.5
v 0.4 1.1 1.5
v 0.4 1.4 1.5
v 0.4 1.8 1.5
v 0.4 2.1 1.5
v 0.4 2.2 1.5
v 0.5 1.1 1.5
v 0.5 1.2 1.5
v 0.5 2 1.5
v 0.5 2.1 1.5
v 0.6 1.2 1.5
v 0.6 1.4 1.5
v 0.6 1.8 1.5
v 0.6 2 1.5
v 0.7 1.4 1.5
v 0.7 1.8 1.5
v -0.9 1.5 1.4
v -0.9 1.6 1.4
v -0.9 1.7 1.4
v -0.8 1.2 1.4
v -0.8 1.5 1.4
v -0.8 1.7 1.4
v -0.8 2 1.4
v -0.7 1 1.4
v -0.7 1.2 1.4
v -0.7 1.4 1.4
v -0.7 1.5 1.4
v -0.7 1.6 1.4
v -0.7 1.8 1.4
v -0.7 2 1.4
v -0.7 2.2 1.4
v -0.6 0.9 1.4
v -0.6 1 1.4
v -0.6 1.2 1.4
v -0.6 1.4 1.4
v -0.6 1.8 1.4
v -0.6 2 1.4
v -0.6 2.2 1.4
v -0.6 2.3 1.4
v -0.5 1.1 1.4
v -0.5 1.2 1.4
v -0.5 2 1.4
v -0.5 2.1 1.4
v -0.5 2.2 1.4
v -0.5 2.3 1.4
v -0.4 0.8 1.4
v -0.4 0.9 1.4
v -0.4 1 1.4
v -0.4 1.1 1.4
v -0.4 2.1 1.4
v -0.4 2.2 1.4
v -0.4 2.3 1.4
v -0.4 2.4 1.4
v -0.3 2.2 1.4
v -0.2 0.9 1.4
v -0.2 1 1.4
v -0.2 2.2 1.4
v -0.2 2.3 1.4
v -0.1 0.7 1.4
v -0.1 0.8 1.4
v -0.1 2.4 1.4
v -0.1 2.5 1.4
v 0.1 0.7 1.4
v 0.1 0.8 1.4
v 0.1 2.4 1.4
v 0.1 2.5 1.4
v 0.2 0.9 1.4
v 0.2 1 1.4
v 0.2 2.2 1.4
v 0.2 2.3 1.4
v 0.3 0.9 1.4
v 0.3 1 1.4
v 0.3 2.2 1.4
v 0.4 0.8 1.4
v 0.4 0.9 1.4
v 0.4 1 1.4
v 0.4 1.1 1.4
v 0.4 2.1 1.4
v 0.4 2.2 1.4
v 0.4 2.3 1.4
v 0.4 2.4 1.4
v 0.5 1.1 1.4
v 0.5 1.2 1.4
v 0.5 2 1.4
v 0.5 2.1 1.4
v 0.6 0.9 1.4
v 0.6 1 1.4
v 0.6 1.2 1.4
v 0.6 1.4 1.4
v 0.6 1.8 1.4
v 0.6 2 1.4
v 0.6 2.1 1.4
v 0.6 2.2 1.4
v 0.6 2.3 1.4
v 0.7 1 1.4
v 0.7 1.2 1.4
v 0.7 1.4 1.4
v 0.7 1.8 1.4
v 0.7 2 1.4
v 0.7 2.1 1.4
v 0.7 2.2 1.4
v 0.8 1.2 1.4
v 0.8 1.5 1.4
v 0.8 1.7 1.4
v 0.8 2 1.4
v 0.9 1.5 1.4
v 0.9 1.7 1.4
v -1 1.3 1.3
v -1 1.7 1.3
v -1 1.8 1.3
v -1 1.9 1.3
v -0.9 1.1 1.3
v -0.9 1.3 1.3
v -0.9 1.5 1.3
v -0.9 1.6 1.3
v -0.9 1.7 1.3
v -0.9 1.8 1.3
v -0.9 1.9 1.3
v -0.9 2.1 1.3
v -0.8 0.9 1.3
v -0.8 1.1 1.3
v -0.8 1.2 1.3
v -0.8 1.5 1.3
v -0.8 1.7 1.3
v -0.8 2 1.3
v -0.8 2.1 1.3
v -0.8 2.3 1.3
v -0.7 0.8 1.3
v -0.7 0.9 1.3
v -0.7 1 1.3
v -0.7 1.1 1.3
v -0.7 1.2 1.3
v -0.7 2 1.3
v -0.7 2.2 1.3
v -0.7 2.3 1.3
v -0.7 2.4 1.3
v -0.6 0.9 1.3
v -0.6 1 1.3
v -0.6 2.2 1.3
v -0.6 2.3 1.3
v -0.5 0.7 1.3
v -0.5 0.8 1.3
v -0.5 2.3 1.3
v -0.5 2.4 1.3
v -0.5 2.5 1.3
v -0.4 0.8 1.3
v -0.4 0.9 1.3
v -0.4 2.3 1.3
v -0.4 2.4 1.3
v -0.3 0.6 1.3
v -0.3 0.7 1.3
v -0.3 0.8 1.3
v -0.3 2.5 1.3
v -0.3 2.6 1.3
v -0.1 0.7 1.3
v -0.1 0.8 1.3
v -0.1 2.4 1.3
v -0.1 2.5 1.3
v 0.1 0.7 1.3
v 0.1 0.8 1.3
v 0.1 2.4 1.3
v 0.1 2.5 1.3
v 0.2 0.6 1.3
v 0.2 0.7 1.3
v 0.3 0.6 1.3
v 0.3 0.7 1.3
v 0.3 0.8 1.3
v 0.3 2.5 1.3
v 0.3 2.6 1.3
v 0.4 0.8 1.3
v 0.4 0.9 1.3
v 0.4 2.3 1.3
v 0.4 2.4 1.3
v 0.5 0.7 1.3
v 0.5 0.8 1.3
v 0.5 2.4 1.3
v 0.5 2.5 1.3
v 0.6 0.9 1.3
v 0.6 1 1.3
v 0.6 2.2 1.3
v 0.6 2.3 1.3
v 0.7 0.8 1.3
v 0.7 0.9 1.3
v 0.7 1 1.3
v 0.7 1.2 1.3
v 0.7 2 1.3
v 0.7 2.1 1.3
v 0.7 2.2 1.3
v 0.7 2.3 1.3
v 0.7 2.4 1.3
v 0.8 0.9 1.3
v 0.8 1.1 1.3
v 0.8 1.2 1.3
v 0.8 1.5 1.3
v 0.8 1.7 1.3
v 0.8 1.9 1.3
v 0.8 2 1.3
v 0.8 2.1 1.3
v 0.8 2.3 1.3
v 0.9 1.1 1.3
v 0.9 1.3 1.3
v 0.9 1.5 1.3
v 0.9 1.7 1.3
v 0.9 1.8 1.3
v 0.9 1.9 1.3
v 0.9 2.1 1.3
v 1 1.3 1.3
v 1 1.8 1.3
v 1 1.9 1.3
v -1.1 1.2 1.2
v -1.1 1.8 1.2
v -1.1 2 1.2
v -1 1 1.2
v -1 1.2 1.2
v -1 1.3 1.2
v -1 1.7 1.2
v -1 1.8 1.2
v -1 1.9 1.2
v -1 2 1.2
v -1 2.2 1.2
v -0.9 0.9 1.2
v -0.9 1 1.2
v -0.9 1.1 1.2
v -0.9 1.3 1.2
v -0.9 1.9 1.2
v -0.9 2.1 1.2
v -0.9 2.2 1.2
v -0.9 2.3 1.2
v -0.8 0.8 1.2
v -0.8 0.9 1.2
v -0.8 1.1 1.2
v -0.8 2.1 1.2
v -0.8 2.3 1.2
v -0.8 2.4 1.2
v -0.7 0.7 1.2
v -0.7 0.8 1.2
v -0.7 0.9 1.2
v -0.7 2.3 1.2
v -0.7 2.4 1.2
v -0.7 2.5 1.2
v -0.6 0.6 1.2
v -0.6 0.7 1.2
v -0.6 2.5 1.2
v -0.6 2.6 1.2
v -0.5 0.7 1.2
v -0.5 0.8 1.2
v -0.5 2.4 1.2
v -0.5 2.5 1.2
v -0.4 0.5 1.2
v -0.4 0.6 1.2
v -0.4 2.6 1.2
v -0.4 2.7 1.2
v -0.3 0.6 1.2
v -0.3 0.7 1.2
v -0.3 2.5 1.2
v -0.3 2.6 1.2
v -0.2 0.5 1.2
v -0.2 0.6 1.2
v 0 0.5 1.2
v 0 0.6 1.2
v 0.2 0.6 1.2
v 0.3 0.6 1.2
v 0.3 0.7 1.2
v 0.3 2.5 1.2
v 0.3 2.6 1.2
v 0.4 0.5 1.2
v 0.4 0.6 1.2
v 0.4 2.6 1.2
v 0.4 2.7 1.2
v 0.5 0.7 1.2
v 0.5 0.8 1.2
v 0.5 2.4 1.2
v 0.5 2.5 1.2
v 0.6 0.6 1.2
v 0.6 0.7 1.2
v 0.6 0.8 1.2
v 0.6 2.5 1.2
v 0.6 2.6 1.2
v 0.7 0.7 1.2
v 0.7 0.8 1.2
v 0.7 0.9 1.2
v 0.7 2.3 1.2
v 0.7 2.4 1.2
v 0.7 2.5 1.2
v 0.8 0.8 1.2
v 0.8 0.9 1.2
v 0.8 1.1 1.2
v 0.8 2.1 1.2
v 0.8 2.3 1.2
v 0.8 2.4 1.2
v 0.9 0.9 1.2
v 0.9 1 1.2
v 0.9 1.1 1.2
v 0.9 1.3 1.2
v 0.9 1.9 1.2
v 0.9 2.1 1.2
v 0.9 2.2 1.2
v 0.9 2.3 1.2
v 1 1 1.2
v 1 1.2 1.2
v 1 1.3 1.2
v 1 1.7 1.2
v 1 1.8 1.2
v 1 1.9 1.2
v 1 2 1.2
v 1 2.2 1.2
v 1.1 1.2 1.2
v 1.1 1.7 1.2
v 1.1 2 1.2
v -1.2 1.2 1.1
v -1.2 2 1.1
v -1.1 1 1.1
v -1.1 1.2 1.1
v -1.1 1.8 1.1
v -1.1 2 1.1
v -1.1 2.2 1.1
v -1 0.9 1.1
v -1 1 1.1
v -1 1.2 1.1
v -1 2 1.1
v -1 2.2 1.1
v -1 2.3 1.1
v -0.9 0.7 1.1
v -0.9 0.9 1.1
v -0.9 1 1.1
v -0.9 2.2 1.1
v -0.9 2.3 1.1
v -0.9 2.5 1.1
v -0.8 0.8 1.1
v -0.8 0.9 1.1
v -0.8 2.3 1.1
v -0.8 2.4 1.1
v -0.7 0.6 1.1
v -0.7 0.7 1.1
v -0.7 0.8 1.1
v -0.7 2.4 1.1
v -0.7 2.5 1.1
v -0.7 2.6 1.1
v -0.6 0.5 1.1
v -0.6 0.6 1.1
v -0.6 0.7 1.1
v -0.6 2.5 1.1
v -0.6 2.6 1.1
v -0.6 2.7 1.1
v -0.4 0.4 1.1
v -0.4 0.5 1.1
v -0.4 0.6 1.1
v -0.4 2.6 1.1
v -0.4 2.7 1.1
v -0.4 2.8 1.1
v -0.2 0.5 1.1
v 0 0.4 1.1
v 0 0.5 1.1
v 0.4 0.4 1.1
v 0.4 0.5 1.1
v 0.4 0.6 1.1
v 0.4 2.6 1.1
v 0.4 2.7 1.1
v 0.4 2.8 1.1
v 0.6 0.5 1.1
v 0.6 0.6 1.1
v 0.6 0.7 1.1
v 0.6 2.5 1.1
v 0.6 2.6 1.1
v 0.6 2.7 1.1
v 0.7 0.6 1.1
v 0.7 0.7 1.1
v 0.7 0.8 1.1
v 0.7 2.4 1.1
v 0.7 2.5 1.1
v 0.7 2.6 1.1
v 0.8 0.8 1.1
v 0.8 0.9 1.1
v 0.8 2.3 1.1
v 0.8 2.4 1.1
v 0.9 0.7 1.1
v 0.9 0.9 1.1
v 0.9 1 1.1
v 0.9 2.2 1.1
v 0.9 2.3 1.1
v 0.9 2.5 1.1
v 1 0.9 1.1
v 1 1 1.1
v 1 1.2 1.1
v 1 2 1.1
v 1 2.2 1.1
v 1 2.3 1.1
v 1.1 1 1.1
v 1.1 1.2 1.1
v 1.1 1.6 1.1
v 1.1 1.7 1.1
v 1.1 2 1.1
v 1.1 2.2 1.1
v 1.2 1.2 1.1
v 1.2 1.6 1.1
v 1.2 2 1.1
v -1.3 1.3 1
v -1.3 1.9 1
v -1.2 1 1
v -1.2 1.2 1
v -1.2 1.3 1
v -1.2 1.9 1
v -1.2 2 1
v -1.2 2.2 1
v -1.1 0.9 1
v -1.1 1 1
v -1.1 1.2 1
v -1.1 2 1
v -1.1 2.2 1
v -1.1 2.3 1
v -1 0.7 1
v -1 0.9 1
v -1 1 1
v -1 2.2 1
v -1 2.3 1
v -1 2.5 1
v -0.9 0.6 1
v -0.9 0.7 1
v -0.9 0.9 1
v -0.9 2.3 1
v -0.9 2.5 1
v -0.9 2.6 1
v -0.8 0.6 1
v -0.8 0.7 1
v -0.7 0.5 1
v -0.7 0.6 1
v -0.7 0.7 1
v -0.7 2.5 1
v -0.7 2.6 1
v -0.7 2.7 1
v -0.6 0.4 1
v -0.6 0.5 1
v -0.6 0.6 1
v -0.6 2.6 1
v -0.6 2.7 1
v -0.6 2.8 1
v -0.4 0.4 1
v -0.4 0.5 1
v -0.4 2.7 1
v -0.4 2.8 1
v -0.3 0.3 1
v -0.3 0.4 1
v -0.3 2.8 1
v -0.3 2.9 1
v 0 0.3 1
v 0 0.4 1
v 0.3 0.3 1
v 0.3 0.4 1
v 0.3 2.8 1
v 0.3 2.9 1
v 0.4 0.4 1
v 0.4 0.5 1
v 0.4 2.7 1
v 0.4 2.8 1
v 0.6 0.4 1
v 0.6 0.5 1
v 0.6 0.6 1
v 0.6 2.6 1
v 0.6 2.7 1
v 0.6 2.8 1
v 0.7 0.5 1
v 0.7 0.6 1
v 0.7 0.7 1
v 0.7 2.5 1
v 0.7 2.6 1
v 0.7 2.7 1
v 0.9 0.6 1
v 0.9 0.7 1
v 0.9 0.9 1
v 0.9 2.3 1
v 0.9 2.5 1
v 0.9 2.6 1
v 1 0.7 1
v 1 0.9 1
v 1 1 1
v 1 2.2 1
v 1 2.3 1
v 1 2.5 1
v 1.1 0.9 1
v 1.1 1 1
v 1.1 1.2 1
v 1.1 2 1
v 1.1 2.2 1
v 1.1 2.3 1
v 1.2 1 1
v 1.2 1.2 1
v 1.2 1.3 1
v 1.2 1.5 1
v 1.2 1.6 1
v 1.2 1.9 1
v 1.2 2 1
v 1.2 2.2 1
v 1.3 1.3 1
v 1.3 1.5 1
v 1.3 1.9 1
v -1.4 1.5 0.9
v -1.4 1.7 0.9
v -1.3 1.1 0.9
v -1.3 1.3 0.9
v -1.3 1.5 0.9
v -1.3 1.7 0.9
v -1.3 1.9 0.9
v -1.3 2.1 0.9
v -1.2 0.9 0.9
v -1.2 1 0.9
v -1.2 1.1 0.9
v -1.2 1.3 0.9
v -1.2 1.9 0.9
v -1.2 2.1 0.9
v -1.2 2.2 0.9
v -1.2 2.3 0.9
v -1.1 0.7 0.9
v -1.1 0.9 0.9
v -1.1 1 0.9
v -1.1 2.2 0.9
v -1.1 2.3 0.9
v -1.1 2.5 0.9
v -1 0.6 0.9
v -1 0.7 0.9
v -1 0.9 0.9
v -1 2.3 0.9
v -1 2.5 0.9
v -1 2.6 0.9
v -0.9 0.5 0.9
v -0.9 0.6 0.9
v -0.9 0.7 0.9
v -0.9 2.5 0.9
v -0.9 2.6 0.9
v -0.9 2.7 0.9
v -0.8 0.5 0.9
v -0.8 0.6 0.9
v -0.7 0.4 0.9
v -0.7 0.5 0.9
v -0.7 0.6 0.9
v -0.7 2.6 0.9
v -0.7 2.7 0.9
v -0.7 2.8 0.9
v -0.6 0.4 0.9
v -0.6 0.5 0.9
v -0.6 2.7 0.9
v -0.6 2.8 0.9
v -0.5 0.3 0.9
v -0.5 0.4 0.9
v -0.5 2.8 0.9
v -0.5 2.9 0.9
v -0.3 0.3 0.9
v -0.3 0.4 0.9
v -0.3 2.8 0.9
v -0.3 2.9 0.9
v -0.1 0.2 0.9
v -0.1 0.3 0.9
v -0.1 2.9 0.9
v -0.1 3 0.9
v 0 0.3 0.9
v 0.1 0.2 0.9
v 0.1 0.3 0.9
v 0.1 2.9 0.9
v 0.1 3 0.9
v 0.3 0.3 0.9
v 0.3 0.4 0.9
v 0.3 2.8 0.9
v 0.3 2.9 0.9
v 0.5 0.3 0.9
v 0.5 0.4 0.9
v 0.5 2.8 0.9
v 0.5 2.9 0.9
v 0.6 0.4 0.9
v 0.6 0.5 0.9
v 0.6 2.7 0.9
v 0.6 2.8 0.9
v 0.7 0.4 0.9
v 0.7 0.5 0.9
v 0.7 0.6 0.9
v 0.7 2.6 0.9
v 0.7 2.7 0.9
v 0.7 2.8 0.9
v 0.8 0.5 0.9
v 0.8 0.6 0.9
v 0.9 0.5 0.9
v 0.9 0.6 0.9
v 0.9 0.7 0.9
v 0.9 2.5 0.9
v 0.9 2.6 0.9
v 0.9 2.7 0.9
v 1 0.6 0.9
v 1 0.7 0.9
v 1 0.9 0.9
v 1 2.3 0.9
v 1 2.4 0.9
v 1 2.5 0.9
v 1 2.6 0.9
v 1.1 0.7 0.9
v 1.1 0.9 0.9
v 1.1 1 0.9
v 1.1 2.2 0.9
v 1.1 2.3 0.9
v 1.1 2.4 0.9
v 1.1 2.5 0.9
v 1.2 0.9 0.9
v 1.2 1 0.9
v 1.2 1.1 0.9
v 1.2 1.3 0.9
v 1.2 1.9 0.9
v 1.2 2.1 0.9
v 1.2 2.2 0.9
v 1.2 2.3 0.9
v 1.3 1.1 0.9
v 1.3 1.3 0.9
v 1.3 1.5 0.9
v 1.3 1.7 0.9
v 1.3 1.9 0.9
v 1.3 2.1 0.9
v 1.4 1.5 0.9
v 1.4 1.7 0.9
v -1.4 1.2 0.8
v -1.4 1.5 0.8
v -1.4 1.7 0.8
v -1.4 2 0.8
v -1.3 0.9 0.8
v -1.3 1.1 0.8
v -1.3 1.2 0.8
v -1.3 1.5 0.8
v -1.3 1.7 0.8
v -1.3 2 0.8
v -1.3 2.1 0.8
v -1.3 2.2 0.8
v -1.3 2.3 0.8
v -1.2 0.8 0.8
v -1.2 0.9 0.8
v -1.2 1 0.8
v -1.2 1.1 0.8
v -1.2 2.1 0.8
v -1.2 2.2 0.8
v -1.2 2.3 0.8
v -1.2 2.4 0.8
v -1.1 0.8 0.8
v -1.1 0.9 0.8
v -1.1 2.3 0.8
v -1.1 2.4 0.8
v -0.8 0.4 0.8
v -0.8 0.5 0.8
v -0.8 2.7 0.8
v -0.8 2.8 0.8
v -0.7 0.3 0.8
v -0.7 0.4 0.8
v -0.7 0.5 0.8
v -0.7 2.7 0.8
v -0.7 2.8 0.8
v -0.7 2.9 0.8
v -0.5 0.3 0.8
v -0.5 0.4 0.8
v -0.5 2.8 0.8
v -0.5 2.9 0.8
v -0.4 0.2 0.8
v -0.4 0.3 0.8
v -0.4 2.9 0.8
v -0.4 3 0.8
v -0.3 2.9 0.8
v -0.3 3 0.8
v -0.1 0.2 0.8
v -0.1 0.3 0.8
v -0.1 2.9 0.8
v -0.1 3 0.8
v 0.1 0.2 0.8
v 0.1 0.3 0.8
v 0.1 2.9 0.8
v 0.1 3 0.8
v 0.2 0.2 0.8
v 0.2 0.3 0.8
v 0.3 0.2 0.8
v 0.3 0.3 0.8
v 0.4 0.2 0.8
v 0.4 0.3 0.8
v 0.4 2.9 0.8
v 0.4 3 0.8
v 0.5 0.3 0.8
v 0.5 0.4 0.8
v 0.5 2.8 0.8
v 0.5 2.9 0.8
v 0.7 0.3 0.8
v 0.7 0.4 0.8
v 0.7 0.5 0.8
v 0.7 2.7 0.8
v 0.7 2.8 0.8
v 0.7 2.9 0.8
v 0.8 0.4 0.8
v 0.8 0.5 0.8
v 0.8 2.7 0.8
v 0.8 2.8 0.8
v 1.1 0.8 0.8
v 1.1 0.9 0.8
v 1.1 2.3 0.8
v 1.1 2.4 0.8
v 1.2 0.8 0.8
v 1.2 0.9 0.8
v 1.2 1.1 0.8
v 1.2 2.1 0.8
v 1.2 2.2 0.8
v 1.2 2.3 0.8
v 1.2 2.4 0.8
v 1.3 0.9 0.8
v 1.3 1.1 0.8
v 1.3 1.2 0.8
v 1.3 1.5 0.8
v 1.3 1.7 0.8
v 1.3 1.9 0.8
v 1.3 2 0.8
v 1.3 2.1 0.8
v 1.3 2.2 0.8
v 1.3 2.3 0.8
v 1.4 1.2 0.8
v 1.4 1.5 0.8
v 1.4 1.7 0.8
v 1.4 1.9 0.8
v 1.4 2 0.8
v -1.5 1.4 0.7
v -1.5 1.8 0.7
v -1.4 1 0.7
v -1.4 1.2 0.7
v -1.4 1.4 0.7
v -1.4 1.8 0.7
v -1.4 2 0.7
v -1.4 2.2 0.7
v -1.3 0.8 0.7
v -1.3 0.9 0.7
v -1.3 1 0.7
v -1.3 1.1 0.7
v -1.3 1.2 0.7
v -1.3 2 0.7
v -1.3 2.2 0.7
v -1.3 2.3 0.7
v -1.3 2.4 0.7
v -1.2 0.7 0.7
v -1.2 0.8 0.7
v -1.2 0.9 0.7
v -1.2 2.3 0.7
v -1.2 2.4 0.7
v -1.2 2.5 0.7
v -1.1 0.6 0.7
v -1.1 0.7 0.7
v -1.1 0.8 0.7
v -1.1 2.4 0.7
v -1.1 2.5 0.7
v -1.1 2.6 0.7
v -1 0.5 0.7
v -1 0.6 0.7
v -1 0.7 0.7
v -1 2.5 0.7
v -1 2.6 0.7
v -1 2.7 0.7
v -0.9 0.4 0.7
v -0.9 0.5 0.7
v -0.9 0.6 0.7
v -0.9 2.6 0.7
v -0.9 2.7 0.7
v -0.9 2.8 0.7
v -0.8 0.3 0.7
v -0.8 0.4 0.7
v -0.8 0.5 0.7
v -0.8 2.7 0.7
v -0.8 2.8 0.7
v -0.8 2.9 0.7
v -0.7 0.3 0.7
v -0.7 0.4 0.7
v -0.7 2.8 0.7
v -0.7 2.9 0.7
v -0.6 0.2 0.7
v -0.6 0.3 0.7
v -0.6 2.9 0.7
v -0.6 3 0.7
v -0.4 0.2 0.7
v -0.4 0.3 0.7
v -0.4 2.9 0.7
v -0.4 3 0.7
v -0.2 0.1 0.7
v -0.2 0.2 0.7
v -0.2 3 0.7
v -0.2 3.1 0.7
v 0 0.2 0.7
v 0 3 0.7
v 0.1 0.1 0.7
v 0.1 0.2 0.7
v 0.2 0.1 0.7
v 0.2 0.2 0.7
v 0.2 3 0.7
v 0.2 3.1 0.7
v 0.4 0.2 0.7
v 0.4 0.3 0.7
v 0.4 2.9 0.7
v 0.4 3 0.7
v 0.6 0.2 0.7
v 0.6 0.3 0.7
v 0.6 2.9 0.7
v 0.6 3 0.7
v 0.7 0.3 0.7
v 0.7 0.4 0.7
v 0.7 2.8 0.7
v 0.7 2.9 0.7
v 0.8 0.3 0.7
v 0.8 0.4 0.7
v 0.8 0.5 0.7
v 0.8 2.7 0.7
v 0.8 2.8 0.7
v 0.8 2.9 0.7
v 0.9 0.4 0.7
v 0.9 0.5 0.7
v 0.9 0.6 0.7
v 0.9 2.6 0.7
v 0.9 2.7 0.7
v 0.9 2.8 0.7
v 1 0.5 0.7
v 1 0.6 0.7
v 1 0.7 0.7
v 1 2.5 0.7
v 1 2.6 0.7
v 1 2.7 0.7
v 1.1 0.6 0.7
v 1.1 0.7 0.7
v 1.1 0.8 0.7
v 1.1 2.4 0.7
v 1.1 2.5 0.7
v 1.1 2.6 0.7
v 1.2 0.7 0.7
v 1.2 0.8 0.7
v 1.2 0.9 0.7
v 1.2 2.3 0.7
v 1.2 2.4 0.7
v 1.2 2.5 0.7
v 1.3 0.8 0.7
v 1.3 0.9 0.7
v 1.3 1 0.7
v 1.3 1.2 0.7
v 1.3 2 0.7
v 1.3 2.2 0.7
v 1.3 2.3 0.7
v 1.3 2.4 0.7
v 1.4 1 0.7
v 1.4 1.2 0.7
v 1.4 1.4 0.7
v 1.4 1.5 0.7
v 1.4 1.7 0.7
v 1.4 1.8 0.7
v 1.4 2 0.7
v 1.4 2.2 0.7
v 1.5 1.4 0.7
v 1.5 1.5 0.7
v 1.5 1.7 0.7
v 1.5 1.8 0.7
v -1.5 1.2 0.6
v -1.5 1.4 0.6
v -1.5 1.8 0.6
v -1.5 2 0.6
v -1.4 0.9 0.6
v -1.4 1 0.6
v -1.4 1.2 0.6
v -1.4 1.4 0.6
v -1.4 1.8 0.6
v -1.4 2 0.6
v -1.4 2.2 0.6
v -1.4 2.3 0.6
v -1.3 0.9 0.6
v -1.3 1 0.6
v -1.3 2.2 0.6
v -1.3 2.3 0.6
v -1.2 0.6 0.6
v -1.2 0.7 0.6
v -1.2 2.5 0.6
v -1.2 2.6 0.6
v -1.1 0.5 0.6
v -1.1 0.6 0.6
v -1.1 0.7 0.6
v -1.1 2.5 0.6
v -1.1 2.6 0.6
v -1.1 2.7 0.6
v -1 0.4 0.6
v -1 0.5 0.6
v -1 0.6 0.6
v -1 2.6 0.6
v -1 2.7 0.6
v -1 2.8 0.6
v -0.9 0.4 0.6
v -0.9 0.5 0.6
v -0.9 2.7 0.6
v -0.9 2.8 0.6
v -0.7 0.2 0.6
v -0.7 0.3 0.6
v -0.7 2.9 0.6
v -0.7 3 0.6
v -0.6 0.2 0.6
v -0.6 0.3 0.6
v -0.6 2.9 0.6
v -0.6 3 0.6
v -0.4 0.1 0.6
v -0.4 0.2 0.6
v -0.4 3 0.6
v -0.4 3.1 0.6
v -0.2 0.1 0.6
v -0.2 0.2 0.6
v -0.2 3 0.6
v -0.2 3.1 0.6
v 0.2 0.1 0.6
v 0.2 0.2 0.6
v 0.2 3 0.6
v 0.2 3.1 0.6
v 0.4 0.1 0.6
v 0.4 0.2 0.6
v 0.4 3 0.6
v 0.4 3.1 0.6
v 0.6 0.2 0.6
v 0.6 0.3 0.6
v 0.6 2.9 0.6
v 0.6 3 0.6
v 0.7 0.2 0.6
v 0.7 0.3 0.6
v 0.7 2.9 0.6
v 0.7 3 0.6
v 0.9 0.4 0.6
v 0.9 0.5 0.6
v 0.9 2.7 0.6
v 0.9 2.8 0.6
v 1 0.4 0.6
v 1 0.5 0.6
v 1 0.6 0.6
v 1 2.6 0.6
v 1 2.7 0.6
v 1 2.8 0.6
v 1.1 0.5 0.6
v 1.1 0.6 0.6
v 1.1 0.7 0.6
v 1.1 2.5 0.6
v 1.1 2.6 0.6
v 1.1 2.7 0.6
v 1.2 0.6 0.6
v 1.2 0.7 0.6
v 1.2 2.5 0.6
v 1.2 2.6 0.6
v 1.3 0.9 0.6
v 1.3 1 0.6
v 1.3 2.2 0.6
v 1.3 2.3 0.6
v 1.4 0.9 0.6
v 1.4 1 0.6
v 1.4 1.2 0.6
v 1.4 1.4 0.6
v 1.4 1.8 0.6
v 1.4 2 0.6
v 1.4 2.2 0.6
v 1.4 2.3 0.6
v 1.5 1.2 0.6
v 1.5 1.4 0.6
v 1.5 1.8 0.6
v 1.5 2 0.6
v -1.5 1.1 0.5
v -1.5 1.2 0.5
v -1.5 2 0.5
v -1.5 2.1 0.5
v -1.4 1.1 0.5
v -1.4 1.2 0.5
v -1.4 2 0.5
v -1.4 2.1 0.5
v -1.3 0.7 0.5
v -1.3 0.8 0.5
v -1.3 2.4 0.5
v -1.3 2.5 0.5
v -1.2 0.7 0.5
v -1.2 0.8 0.5
v -1.2 2.4 0.5
v -1.2 2.5 0.5
v -0.9 0.3 0.5
v -0.9 0.4 0.5
v -0.9 2.8 0.5
v -0.9 2.9 0.5
v -0.8 0.3 0.5
v -0.8 0.4 0.5
v -0.8 2.8 0.5
v -0.8 2.9 0.5
v -0.5 0.1 0.5
v -0.5 0.2 0.5
v -0.5 3 0.5
v -0.5 3.1 0.5
v -0.4 0.1 0.5
v -0.4 0.2 0.5
v -0.4 3 0.5
v -0.4 3.1 0.5
v 0.4 0.1 0.5
v 0.4 0.2 0.5
v 0.4 3 0.5
v 0.4 3.1 0.5
v 0.5 0.1 0.5
v 0.5 0.2 0.5
v 0.5 3 0.5
v 0.5 3.1 0.5
v 0.8 0.3 0.5
v 0.8 0.4 0.5
v 0.8 2.8 0.5
v 0.8 2.9 0.5
v 0.9 0.3 0.5
v 0.9 0.4 0.5
v 0.9 2.8 0.5
v 0.9 2.9 0.5
v 1.2 0.7 0.5
v 1.2 0.8 0.5
v 1.2 2.4 0.5
v 1.2 2.5 0.5
v 1.3 0.7 0.5
v 1.3 0.8 0.5
v 1.3 2.4 0.5
v 1.3 2.5 0.5
v 1.4 1.1 0.5
v 1.4 1.2 0.5
v 1.4 2 0.5
v 1.4 2.1 0.5
v 1.5 1.1 0.5
v 1.5 1.2 0.5
v 1.5 2 0.5
v 1.5 2.1 0.5
v -1.6 1.4 0.4
v -1.6 1.7 0.4
v -1.6 1.8 0.4
v -1.5 1 0.4
v -1.5 1.1 0.4
v -1.5 1.4 0.4
v -1.5 1.7 0.4
v -1.5 1.8 0.4
v -1.5 2.1 0.4
v -1.5 2.2 0.4
v -1.4 0.8 0.4
v -1.4 0.9 0.4
v -1.4 1 0.4
v -1.4 1.1 0.4
v -1.4 2.1 0.4
v -1.4 2.2 0.4
v -1.4 2.3 0.4
v -1.4 2.4 0.4
v -1.3 0.8 0.4
v -1.3 0.9 0.4
v -1.3 2.3 0.4
v -1.3 2.4 0.4
v -1.2 0.5 0.4
v -1.2 0.6 0.4
v -1.2 2.6 0.4
v -1.2 2.7 0.4
v -1.1 0.4 0.4
v -1.1 0.5 0.4
v -1.1 0.6 0.4
v -1.1 2.6 0.4
v -1.1 2.7 0.4
v -1.1 2.8 0.4
v -1 0.4 0.4
v -1 0.5 0.4
v -1 2.7 0.4
v -1 2.8 0.4
v -0.8 0.2 0.4
v -0.8 0.3 0.4
v -0.8 2.9 0.4
v -0.8 3 0.4
v -0.7 0.2 0.4
v -0.7 0.3 0.4
v -0.7 2.9 0.4
v -0.7 3 0.4
v -0.6 0.1 0.4
v -0.6 0.2 0.4
v -0.6 3 0.4
v -0.6 3.1 0.4
v -0.5 0.1 0.4
v -0.5 0.2 0.4
v -0.5 3 0.4
v -0.5 3.1 0.4
v -0.2 0 0.4
v -0.2 0.1 0.4
v -0.2 3.1 0.4
v -0.2 3.2 0.4
v 0 0 0.4
v 0 0.1 0.4
v 0.1 0.1 0.4
v 0.2 0 0.4
v 0.2 0.1 0.4
v 0.2 3.1 0.4
v 0.2 3.2 0.4
v 0.5 0.1 0.4
v 0.5 0.2 0.4
v 0.5 3 0.4
v 0.5 3.1 0.4
v 0.6 0.1 0.4
v 0.6 0.2 0.4
v 0.6 3 0.4
v 0.6 3.1 0.4
v 0.7 0.2 0.4
v 0.7 0.3 0.4
v 0.7 2.9 0.4
v 0.7 3 0.4
v 0.8 0.2 0.4
v 0.8 0.3 0.4
v 0.8 2.9 0.4
v 0.8 3 0.4
v 1 0.4 0.4
v 1 0.5 0.4
v 1 2.7 0.4
v 1 2.8 0.4
v 1.1 0.4 0.4
v 1.1 0.5 0.4
v 1.1 0.6 0.4
v 1.1 2.6 0.4
v 1.1 2.7 0.4
v 1.1 2.8 0.4
v 1.2 0.5 0.4
v 1.2 0.6 0.4
v 1.2 2.6 0.4
v 1.2 2.7 0.4
v 1.3 0.8 0.4
v 1.3 0.9 0.4
v 1.3 2.3 0.4
v 1.3 2.4 0.4
v 1.4 0.8 0.4
v 1.4 0.9 0.4
v 1.4 1 0.4
v 1.4 1.1 0.4
v 1.4 2.1 0.4
v 1.4 2.2 0.4
v 1.4 2.3 0.4
v 1.4 2.4 0.4
v 1.5 1 0.4
v 1.5 1.1 0.4
v 1.5 1.4 0.4
v 1.5 1.6 0.4
v 1.5 1.8 0.4
v 1.5 2.1 0.4
v 1.5 2.2 0.4
v 1.6 1.4 0.4
v 1.6 1.6 0.4
v 1.6 1.8 0.4
v -1.6 1.3 0.3
v -1.6 1.4 0.3
v -1.6 1.8 0.3
v -1.6 1.9 0.3
v -1.5 1.3 0.3
v -1.5 1.4 0.3
v -1.5 1.8 0.3
v -1.5 1.9 0.3
v -1.3 0.6 0.3
v -1.3 0.7 0.3
v -1.3 2.5 0.3
v -1.3 2.6 0.3
v -1.2 0.6 0.3
v -1.2 0.7 0.3
v -1.2 2.5 0.3
v -1.2 2.6 0.3
v -1 0.3 0.3
v -1 0.4 0.3
v -1 2.8 0.3
v -1 2.9 0.3
v -0.9 0.3 0.3
v -0.9 0.4 0.3
v -0.9 2.8 0.3
v -0.9 2.9 0.3
v -0.3 0 0.3
v -0.3 0.1 0.3
v -0.3 3.1 0.3
v -0.3 3.2 0.3
v -0.2 0 0.3
v -0.2 0.1 0.3
v -0.2 3.1 0.3
v -0.2 3.2 0.3
v 0.2 0 0.3
v 0.2 0.1 0.3
v 0.2 3.1 0.3
v 0.2 3.2 0.3
v 0.3 0 0.3
v 0.3 0.1 0.3
v 0.3 3.1 0.3
v 0.3 3.2 0.3
v 0.9 0.3 0.3
v 0.9 0.4 0.3
v 0.9 2.8 0.3
v 0.9 2.9 0.3
v 1 0.3 0.3
v 1 0.4 0.3
v 1 2.8 0.3
v 1 2.9 0.3
v 1.2 0.6 0.3
v 1.2 0.7 0.3
v 1.2 2.5 0.3
v 1.2 2.6 0.3
v 1.3 0.6 0.3
v 1.3 0.7 0.3
v 1.3 2.5 0.3
v 1.3 2.6 0.3
v 1.5 1.3 0.3
v 1.5 1.4 0.3
v 1.5 1.8 0.3
v 1.5 1.9 0.3
v 1.6 1.3 0.3
v 1.6 1.4 0.3
v 1.6 1.8 0.3
v 1.6 1.9 0.3
v -1.6 1.2 0.2
v -1.6 1.3 0.2
v -1.6 1.9 0.2
v -1.6 2 0.2
v -1.5 0.9 0.2
v -1.5 1 0.2
v -1.5 1.2 0.2
v -1.5 1.3 0.2
v -1.5 1.9 0.2
v -1.5 2 0.2
v -1.5 2.2 0.2
v -1.5 2.3 0.2
v -1.4 0.9 0.2
v -1.4 1 0.2
v -1.4 2.2 0.2
v -1.4 2.3 0.2
v -0.7 0.1 0.2
v -0.7 0.2 0.2
v -0.7 3 0.2
v -0.7 3.1 0.2
v -0.6 0.1 0.2
v -0.6 0.2 0.2
v -0.6 3 0.2
v -0.6 3.1 0.2
v -0.4 0 0.2
v -0.4 0.1 0.2
v -0.4 3.1 0.2
v -0.4 3.2 0.2
v -0.3 0 0.2
v -0.3 0.1 0.2
v -0.3 3.1 0.2
v -0.3 3.2 0.2
v 0.3 0 0.2
v 0.3 0.1 0.2
v 0.3 3.1 0.2
v 0.3 3.2 0.2
v 0.4 0 0.2
v 0.4 0.1 0.2
v 0.4 3.1 0.2
v 0.4 3.2 0.2
v 0.6 0.1 0.2
v 0.6 0.2 0.2
v 0.6 3 0.2
v 0.6 3.1 0.2
v 0.7 0.1 0.2
v 0.7 0.2 0.2
v 0.7 3 0.2
v 0.7 3.1 0.2
v 1.4 0.9 0.2
v 1.4 1 0.2
v 1.4 2.2 0.2
v 1.4 2.3 0.2
v 1.5 0.9 0.2
v 1.5 1 0.2
v 1.5 1.2 0.2
v 1.5 1.3 0.2
v 1.5 1.9 0.2
v 1.5 2 0.2
v 1.5 2.2 0.2
v 1.5 2.3 0.2
v 1.6 1.2 0.2
v 1.6 1.3 0.2
v 1.6 1.9 0.2
v 1.6 2 0.2
v -1.4 0.7 0.1
v -1.4 0.8 0.1
v -1.4 2.4 0.1
v -1.4 2.5 0.1
v -1.3 0.7 0.1
v -1.3 0.8 0.1
v -1.3 2.4 0.1
v -1.3 2.5 0.1
v -0.9 0.2 0.1
v -0.9 0.3 0.1
v -0.9 2.9 0.1
v -0.9 3 0.1
v -0.8 0.2 0.1
v -0.8 0.3 0.1
v -0.8 2.9 0.1
v -0.8 3 0.1
v 0.8 0.2 0.1
v 0.8 0.3 0.1
v 0.8 2.9 0.1
v 0.8 3 0.1
v 0.9 0.2 0.1
v 0.9 0.3 0.1
v 0.9 2.9 0.1
v 0.9 3 0.1
v 1.3 0.7 0.1
v 1.3 0.8 0.1
v 1.3 2.4 0.1
v 1.3 2.5 0.1
v 1.4 0.7 0.1
v 1.4 0.8 0.1
v 1.4 2.4 0.1
v 1.4 2.5 0.1
v -1.4 0.7 -0.1
v -1.4 0.8 -0.1
v -1.4 2.4 -0.1
v -1.4 2.5 -0.1
v -1.3 0.7 -0.1
v -1.3 0.8 -0.1
v -1.3 2.4 -0.1
v -1.3 2.5 -0.1
v -0.9 0.2 -0.1
v -0.9 0.3 -0.1
v -0.9 2.9 -0.1
v -0.9 3 -0.1
v -0.8 0.2 -0.1
v -0.8 0.3 -0.1
v -0.8 2.9 -0.1
v -0.8 3 -0.1
v 0.8 0.2 -0.1
v 0.8 0.3 -0.1
v 0.8 2.9 -0.1
v 0.8 3 -0.1
v 0.9 0.2 -0.1
v 0.9 0.3 -0.1
v 0.9 2.9 -0.1
v 0.9 3 -0.1
v 1.3 0.7 -0.1
v 1.3 0.8 -0.1
v 1.3 2.4 -0.1
v 1.3 2.5 -0.1
v 1.4 0.7 -0.1
v 1.4 0.8 -0.1
v 1.4 2.4 -0.1
v 1.4 2.5 -0.1
v -1.6 1.2 -0.2
v -1.6 1.3 -0.2
v -1.6 1.9 -0.2
v -1.6 2 -0.2
v -1.5 0.9 -0.2
v -1.5 1 -0.2
v -1.5 1.2 -0.2
v -1.5 1.3 -0.2
v -1.5 1.9 -0.2
v -1.5 2 -0.2
v -1.5 2.2 -0.2
v -1.5 2.3 -0.2
v -1.4 0.9 -0.2
v -1.4 1 -0.2
v -1.4 2.2 -0.2
v -1.4 2.3 -0.2
v -0.7 0.1 -0.2
v -0.7 0.2 -0.2
v -0.7 3 -0.2
v -0.7 3.1 -0.2
v -0.6 0.1 -0.2
v -0.6 0.2 -0.2
v -0.6 3 -0.2
v -0.6 3.1 -0.2
v -0.4 0 -0.2
v -0.4 0.1 -0.2
v -0.4 3.1 -0.2
v -0.4 3.2 -0.2
v -0.3 0 -0.2
v -0.3 0.1 -0.2
v -0.3 3.1 -0.2
v -0.3 3.2 -0.2
v 0.3 0 -0.2
v 0.3 0.1 -0.2
v 0.3 3.1 -0.2
v 0.3 3.2 -0.2
v 0.4 0 -0.2
v 0.4 0.1 -0.2
v 0.4 3.1 -0.2
v 0.4 3.2 -0.2
v 0.6 0.1 -0.2
v 0.6 0.2 -0.2
v 0.6 3 -0.2
v 0.6 3.1 -0.2
v 0.7 0.1 -0.2
v 0.7 0.2 -0.2
v 0.7 3 -0.2
v 0.7 3.1 -0.2
v 1.4 0.9 -0.2
v 1.4 1 -0.2
v 1.4 2.2 -0.2
v 1.4 2.3 -0.2
v 1.5 0.9 -0.2
v 1.5 1 -0.2
v 1.5 1.2 -0.2
v 1.5 1.3 -0.2
v 1.5 1.9 -0.2
v 1.5 2 -0.2
v 1.5 2.2 -0.2
v 1.5 2.3 -0.2
v 1.6 1.2 -0.2
v 1.6 1.3 -0.2
v 1.6 1.9 -0.2
v 1.6 2 -0.2
v -1.6 1.3 -0.3
v -1.6 1.4 -0.3
v -1.6 1.8 -0.3
v -1.6 1.9 -0.3
v -1.5 1.3 -0.3
v -1.5 1.4 -0.3
v -1.5 1.8 -0.3
v -1.5 1.9 -0.3
v -1.3 0.6 -0.3
v -1.3 0.7 -0.3
v -1.3 2.5 -0.3
v -1.3 2.6 -0.3
v -1.2 0.6 -0.3
v -1.2 0.7 -0.3
v -1.2 2.5 -0.3
v -1.2 2.6 -0.3
v -1 0.3 -0.3
v -1 0.4 -0.3
v -1 2.8 -0.3
v -1 2.9 -0.3
v -0.9 0.3 -0.3
v -0.9 0.4 -0.3
v -0.9 2.8 -0.3
v -0.9 2.9 -0.3
v -0.3 0 -0.3
v -0.3 0.1 -0.3
v -0.3 3.1 -0.3
v -0.3 3.2 -0.3
v -0.2 0 -0.3
v -0.2 0.1 -0.3
v -0.2 3.1 -0.3
v -0.2 3.2 -0.3
v 0.2 0 -0.3
v 0.2 0.1 -0.3
v 0.2 3.1 -0.3
v 0.2 3.2 -0.3
v 0.3 0 -0.3
v 0.3 0.1 -0.3
v 0.3 3.1 -0.3
v 0.3 3.2 -0.3
v 0.9 0.3 -0.3
v 0.9 0.4 -0.3
v 0.9 2.8 -0.3
v 0.9 2.9 -0.3
v 1 0.3 -0.3
v 1 0.4 -0.3
v 1 2.8 -0.3
v 1 2.9 -0.3
v 1.2 0.6 -0.3
v 1.2 0.7 -0.3
v 1.2 2.5 -0.3
v 1.2 2.6 -0.3
v 1.3 0.6 -0.3
v 1.3 0.7 -0.3
v 1.3 2.5 -0.3
v 1.3 2.6 -0.3
v 1.5 1.3 -0.3
v 1.5 1.4 -0.3
v 1.5 1.8 -0.3
v 1.5 1.9 -0.3
v 1.6 1.3 -0.3
v 1.6 1.4 -0.3
v 1.6 1.8 -0.3
v 1.6 1.9 -0.3
v -1.6 1.4 -0.4
v -1.6 1.8 -0.4
v -1.5 1 -0.4
v -1.5 1.1 -0.4
v -1.5 1.4 -0.4
v -1.5 1.5 -0.4
v -1.5 1.8 -0.4
v -1.5 2.1 -0.4
v -1.5 2.2 -0.4
v -1.4 0.8 -0.4
v -1.4 0.9 -0.4
v -1.4 1 -0.4
v -1.4 1.1 -0.4
v -1.4 2.1 -0.4
v -1.4 2.2 -0.4
v -1.4 2.3 -0.4
v -1.4 2.4 -0.4
v -1.3 0.8 -0.4
v -1.3 0.9 -0.4
v -1.3 2.3 -0.4
v -1.3 2.4 -0.4
v -1.2 0.5 -0.4
v -1.2 0.6 -0.4
v -1.2 2.6 -0.4
v -1.2 2.7 -0.4
v -1.1 0.4 -0.4
v -1.1 0.5 -0.4
v -1.1 0.6 -0.4
v -1.1 2.6 -0.4
v -1.1 2.7 -0.4
v -1.1 2.8 -0.4
v -1 0.4 -0.4
v -1 0.5 -0.4
v -1 2.7 -0.4
v -1 2.8 -0.4
v -0.8 0.2 -0.4
v -0.8 0.3 -0.4
v -0.8 2.9 -0.4
v -0.8 3 -0.4
v -0.7 0.2 -0.4
v -0.7 0.3 -0.4
v -0.7 2.9 -0.4
v -0.7 3 -0.4
v -0.6 0.1 -0.4
v -0.6 0.2 -0.4
v -0.6 3 -0.4
v -0.6 3.1 -0.4
v -0.5 0.1 -0.4
v -0.5 0.2 -0.4
v -0.5 3 -0.4
v -0.5 3.1 -0.4
v -0.2 0 -0.4
v -0.2 0.1 -0.4
v -0.2 3.1 -0.4
v -0.2 3.2 -0.4
v -0.1 3.1 -0.4
v 0.1 0 -0.4
v 0.1 0.1 -0.4
v 0.1 3.1 -0.4
v 0.1 3.2 -0.4
v 0.2 0 -0.4
v 0.2 0.1 -0.4
v 0.2 3.1 -0.4
v 0.2 3.2 -0.4
v 0.5 0.1 -0.4
v 0.5 0.2 -0.4
v 0.5 3 -0.4
v 0.5 3.1 -0.4
v 0.6 0.1 -0.4
v 0.6 0.2 -0.4
v 0.6 3 -0.4
v 0.6 3.1 -0.4
v 0.7 0.2 -0.4
v 0.7 0.3 -0.4
v 0.7 2.9 -0.4
v 0.7 3 -0.4
v 0.8 0.2 -0.4
v 0.8 0.3 -0.4
v 0.8 2.9 -0.4
v 0.8 3 -0.4
v 1 0.4 -0.4
v 1 0.5 -0.4
v 1 2.7 -0.4
v 1 2.8 -0.4
v 1.1 0.4 -0.4
v 1.1 0.5 -0.4
v 1.1 0.6 -0.4
v 1.1 2.6 -0.4
v 1.1 2.7 -0.4
v 1.1 2.8 -0.4
v 1.2 0.5 -0.4
v 1.2 0.6 -0.4
v 1.2 2.6 -0.4
v 1.2 2.7 -0.4
v 1.3 0.8 -0.4
v 1.3 0.9 -0.4
v 1.3 2.3 -0.4
v 1.3 2.4 -0.4
v 1.4 0.8 -0.4
v 1.4 0.9 -0.4
v 1.4 1 -0.4
v 1.4 1.1 -0.4
v 1.4 2.1 -0.4
v 1.4 2.2 -0.4
v 1.4 2.3 -0.4
v 1.4 2.4 -0.4
v 1.5 1 -0.4
v 1.5 1.1 -0.4
v 1.5 1.4 -0.4
v 1.5 1.8 -0.4
v 1.5 2.1 -0.4
v 1.5 2.2 -0.4
v 1.6 1.4 -0.4
v 1.6 1.8 -0.4
v -1.5 1.1 -0.5
v -1.5 1.2 -0.5
v -1.5 2 -0.5
v -1.5 2.1 -0.5
v -1.4 1.1 -0.5
v -1.4 1.2 -0.5
v -1.4 2 -0.5
v -1.4 2.1 -0.5
v -1.3 0.7 -0.5
v -1.3 0.8 -0.5
v -1.3 2.4 -0.5
v -1.3 2.5 -0.5
v -1.2 0.7 -0.5
v -1.2 0.8 -0.5
v -1.2 2.4 -0.5
v -1.2 2.5 -0.5
v -0.9 0.3 -0.5
v -0.9 0.4 -0.5
v -0.9 2.8 -0.5
v -0.9 2.9 -0.5
v -0.8 0.3 -0.5
v -0.8 0.4 -0.5
v -0.8 2.8 -0.5
v -0.8 2.9 -0.5
v -0.5 0.1 -0.5
v -0.5 0.2 -0.5
v -0.5 3 -0.5
v -0.5 3.1 -0.5
v -0.4 0.1 -0.5
v -0.4 0.2 -0.5
v -0.4 3 -0.5
v -0.4 3.1 -0.5
v 0.4 0.1 -0.5
v 0.4 0.2 -0.5
v 0.4 3 -0.5
v 0.4 3.1 -0.5
v 0.5 0.1 -0.5
v 0.5 0.2 -0.5
v 0.5 3 -0.5
v 0.5 3.1 -0.5
v 0.8 0.3 -0.5
v 0.8 0.4 -0.5
v 0.8 2.8 -0.5
v 0.8 2.9 -0.5
v 0.9 0.3 -0.5
v 0.9 0.4 -0.5
v 0.9 2.8 -0.5
v 0.9 2.9 -0.5
v 1.2 0.7 -0.5
v 1.2 0.8 -0.5
v 1.2 2.4 -0.5
v 1.2 2.5 -0.5
v 1.3 0.7 -0.5
v 1.3 0.8 -0.5
v 1.3 2.4 -0.5
v 1.3 2.5 -0.5
v 1.4 1.1 -0.5
v 1.4 1.2 -0.5
v 1.4 2 -0.5
v 1.4 2.1 -0.5
v 1.5 1.1 -0.5
v 1.5 1.2 -0.5
v 1.5 2 -0.5
v 1.5 2.1 -0.5
v -1.5 1.2 -0.6
v -1.5 1.4 -0.6
v -1.5 1.8 -0.6
v -1.5 2 -0.6
v -1.4 0.9 -0.6
v -1.4 1 -0.6
v -1.4 1.2 -0.6
v -1.4 1.4 -0.6
v -1.4 1.8 -0.6
v -1.4 2 -0.6
v -1.4 2.2 -0.6
v -1.4 2.3 -0.6
v -1.3 0.9 -0.6
v -1.3 1 -0.6
v -1.3 2.2 -0.6
v -1.3 2.3 -0.6
v -1.2 0.6 -0.6
v -1.2 0.7 -0.6
v -1.2 2.5 -0.6
v -1.2 2.6 -0.6
v -1.1 0.5 -0.6
v -1.1 0.6 -0.6
v -1.1 0.7 -0.6
v -1.1 2.5 -0.6
v -1.1 2.6 -0.6
v -1.1 2.7 -0.6
v -1 0.4 -0.6
v -1 0.5 -0.6
v -1 0.6 -0.6
v -1 2.6 -0.6
v -1 2.7 -0.6
v -1 2.8 -0.6
v -0.9 0.4 -0.6
v -0.9 0.5 -0.6
v -0.9 2.7 -0.6
v -0.9 2.8 -0.6
v -0.7 0.2 -0.6
v -0.7 0.3 -0.6
v -0.7 2.9 -0.6
v -0.7 3 -0.6
v -0.6 0.2 -0.6
v -0.6 0.3 -0.6
v -0.6 2.9 -0.6
v -0.6 3 -0.6
v -0.4 0.1 -0.6
v -0.4 0.2 -0.6
v -0.4 3 -0.6
v -0.4 3.1 -0.6
v -0.2 0.1 -0.6
v -0.2 0.2 -0.6
v -0.2 3 -0.6
v -0.2 3.1 -0.6
v 0.2 0.1 -0.6
v 0.2 0.2 -0.6
v 0.2 3 -0.6
v 0.2 3.1 -0.6
v 0.3 0.2 -0.6
v 0.4 0.1 -0.6
v 0.4 0.2 -0.6
v 0.4 3 -0.6
v 0.4 3.1 -0.6
v 0.6 0.2 -0.6
v 0.6 0.3 -0.6
v 0.6 2.9 -0.6
v 0.6 3 -0.6
v 0.7 0.2 -0.6
v 0.7 0.3 -0.6
v 0.7 2.9 -0.6
v 0.7 3 -0.6
v 0.9 0.4 -0.6
v 0.9 0.5 -0.6
v 0.9 2.7 -0.6
v 0.9 2.8 -0.6
v 1 0.4 -0.6
v 1 0.5 -0.6
v 1 0.6 -0.6
v 1 2.6 -0.6
v 1 2.7 -0.6
v 1 2.8 -0.6
v 1.1 0.5 -0.6
v 1.1 0.6 -0.6
v 1.1 0.7 -0.6
v 1.1 2.5 -0.6
v 1.1 2.6 -0.6
v 1.1 2.7 -0.6
v 1.2 0.6 -0.6
v 1.2 0.7 -0.6
v 1.2 2.5 -0.6
v 1.2 2.6 -0.6
v 1.3 0.9 -0.6
v 1.3 1 -0.6
v 1.3 2.2 -0.6
v 1.3 2.3 -0.6
v 1.4 0.9 -0.6
v 1.4 1 -0.6
v 1.4 1.2 -0.6
v 1.4 1.4 -0.6
v 1.4 1.8 -0.6
v 1.4 1.9 -0.6
v 1.4 2 -0.6
v 1.4 2.2 -0.6
v 1.4 2.3 -0.6
v 1.5 1.2 -0.6
v 1.5 1.4 -0.6
v 1.5 1.8 -0.6
v 1.5 1.9 -0.6
v 1.5 2 -0.6
v -1.5 1.4 -0.7
v -1.5 1.8 -0.7
v -1.4 1 -0.7
v -1.4 1.2 -0.7
v -1.4 1.4 -0.7
v -1.4 1.8 -0.7
v -1.4 2 -0.7
v -1.4 2.2 -0.7
v -1.3 0.8 -0.7
v -1.3 0.9 -0.7
v -1.3 1 -0.7
v -1.3 1.2 -0.7
v -1.3 2 -0.7
v -1.3 2.2 -0.7
v -1.3 2.3 -0.7
v -1.3 2.4 -0.7
v -1.2 0.7 -0.7
v -1.2 0.8 -0.7
v -1.2 0.9 -0.7
v -1.2 2.3 -0.7
v -1.2 2.4 -0.7
v -1.2 2.5 -0.7
v -1.1 0.6 -0.7
v -1.1 0.7 -0.7
v -1.1 0.8 -0.7
v -1.1 2.4 -0.7
v -1.1 2.5 -0.7
v -1.1 2.6 -0.7
v -1 0.5 -0.7
v -1 0.6 -0.7
v -1 0.7 -0.7
v -1 2.5 -0.7
v -1 2.6 -0.7
v -1 2.7 -0.7
v -0.9 0.4 -0.7
v -0.9 0.5 -0.7
v -0.9 0.6 -0.7
v -0.9 2.6 -0.7
v -0.9 2.7 -0.7
v -0.9 2.8 -0.7
v -0.8 0.3 -0.7
v -0.8 0.4 -0.7
v -0.8 0.5 -0.7
v -0.8 2.7 -0.7
v -0.8 2.8 -0.7
v -0.8 2.9 -0.7
v -0.7 0.3 -0.7
v -0.7 0.4 -0.7
v -0.7 2.8 -0.7
v -0.7 2.9 -0.7
v -0.6 0.2 -0.7
v -0.6 0.3 -0.7
v -0.6 2.9 -0.7
v -0.6 3 -0.7
v -0.4 0.2 -0.7
v -0.4 0.3 -0.7
v -0.4 2.9 -0.7
v -0.4 3 -0.7
v -0.2 0.1 -0.7
v -0.2 0.2 -0.7
v -0.2 3 -0.7
v -0.2 3.1 -0.7
v 0.1 0.2 -0.7
v 0.2 0.1 -0.7
v 0.2 0.2 -0.7
v 0.2 3 -0.7
v 0.2 3.1 -0.7
v 0.4 0.2 -0.7
v 0.4 0.3 -0.7
v 0.4 2.9 -0.7
v 0.4 3 -0.7
v 0.6 0.2 -0.7
v 0.6 0.3 -0.7
v 0.6 2.9 -0.7
v 0.6 3 -0.7
v 0.7 0.3 -0.7
v 0.7 0.4 -0.7
v 0.7 2.8 -0.7
v 0.7 2.9 -0.7
v 0.8 0.3 -0.7
v 0.8 0.4 -0.7
v 0.8 0.5 -0.7
v 0.8 2.7 -0.7
v 0.8 2.8 -0.7
v 0.8 2.9 -0.7
v 0.9 0.4 -0.7
v 0.9 0.5 -0.7
v 0.9 0.6 -0.7
v 0.9 2.6 -0.7
v 0.9 2.7 -0.7
v 0.9 2.8 -0.7
v 1 0.5 -0.7
v 1 0.6 -0.7
v 1 0.7 -0.7
v 1 2.5 -0.7
v 1 2.6 -0.7
v 1 2.7 -0.7
v 1.1 0.6 -0.7
v 1.1 0.7 -0.7
v 1.1 0.8 -0.7
v 1.1 2.4 -0.7
v 1.1 2.5 -0.7
v 1.1 2.6 -0.7
v 1.2 0.7 -0.7
v 1.2 0.8 -0.7
v 1.2 0.9 -0.7
v 1.2 2.3 -0.7
v 1.2 2.4 -0.7
v 1.2 2.5 -0.7
v 1.3 0.8 -0.7
v 1.3 0.9 -0.7
v 1.3 1 -0.7
v 1.3 1.2 -0.7
v 1.3 2 -0.7
v 1.3 2.2 -0.7
v 1.3 2.3 -0.7
v 1.3 2.4 -0.7
v 1.4 1 -0.7
v 1.4 1.2 -0.7
v 1.4 1.4 -0.7
v 1.4 1.8 -0.7
v 1.4 2 -0.7
v 1.4 2.2 -0.7
v 1.5 1.4 -0.7
v 1.5 1.8 -0.7
v -1.4 1.2 -0.8
v -1.4 1.3 -0.8
v -1.4 1.5 -0.8
v -1.4 1.7 -0.8
v -1.4 2 -0.8
v -1.3 0.9 -0.8
v -1.3 1.1 -0.8
v -1.3 1.2 -0.8
v -1.3 1.3 -0.8
v -1.3 1.5 -0.8
v -1.3 1.7 -0.8
v -1.3 2 -0.8
v -1.3 2.1 -0.8
v -1.3 2.3 -0.8
v -1.2 0.8 -0.8
v -1.2 0.9 -0.8
v -1.2 1.1 -0.8
v -1.2 2.1 -0.8
v -1.2 2.3 -0.8
v -1.2 2.4 -0.8
v -1.1 0.8 -0.8
v -1.1 0.9 -0.8
v -1.1 2.3 -0.8
v -1.1 2.4 -0.8
v -0.8 0.4 -0.8
v -0.8 0.5 -0.8
v -0.8 2.7 -0.8
v -0.8 2.8 -0.8
v -0.7 0.3 -0.8
v -0.7 0.4 -0.8
v -0.7 0.5 -0.8
v -0.7 2.7 -0.8
v -0.7 2.8 -0.8
v -0.7 2.9 -0.8
v -0.5 0.3 -0.8
v -0.5 0.4 -0.8
v -0.5 2.8 -0.8
v -0.5 2.9 -0.8
v -0.4 0.2 -0.8
v -0.4 0.3 -0.8
v -0.4 2.9 -0.8
v -0.4 3 -0.8
v -0.2 0.3 -0.8
v -0.1 0.2 -0.8
v -0.1 0.3 -0.8
v -0.1 2.9 -0.8
v -0.1 3 -0.8
v 0.1 0.2 -0.8
v 0.1 0.3 -0.8
v 0.1 2.9 -0.8
v 0.1 3 -0.8
v 0.2 0.2 -0.8
v 0.2 0.3 -0.8
v 0.4 0.2 -0.8
v 0.4 0.3 -0.8
v 0.4 2.9 -0.8
v 0.4 3 -0.8
v 0.5 0.3 -0.8
v 0.5 0.4 -0.8
v 0.5 2.8 -0.8
v 0.5 2.9 -0.8
v 0.7 0.3 -0.8
v 0.7 0.4 -0.8
v 0.7 0.5 -0.8
v 0.7 2.7 -0.8
v 0.7 2.8 -0.8
v 0.7 2.9 -0.8
v 0.8 0.4 -0.8
v 0.8 0.5 -0.8
v 0.8 2.7 -0.8
v 0.8 2.8 -0.8
v 1.1 0.8 -0.8
v 1.1 0.9 -0.8
v 1.1 2.3 -0.8
v 1.1 2.4 -0.8
v 1.2 0.8 -0.8
v 1.2 0.9 -0.8
v 1.2 1.1 -0.8
v 1.2 2.1 -0.8
v 1.2 2.3 -0.8
v 1.2 2.4 -0.8
v 1.3 0.9 -0.8
v 1.3 1.1 -0.8
v 1.3 1.2 -0.8
v 1.3 1.5 -0.8
v 1.3 1.7 -0.8
v 1.3 2 -0.8
v 1.3 2.1 -0.8
v 1.3 2.3 -0.8
v 1.4 1.2 -0.8
v 1.4 1.5 -0.8
v 1.4 1.7 -0.8
v 1.4 2 -0.8
v -1.4 1.5 -0.9
v -1.4 1.7 -0.9
v -1.3 1.1 -0.9
v -1.3 1.3 -0.9
v -1.3 1.5 -0.9
v -1.3 1.7 -0.9
v -1.3 1.9 -0.9
v -1.3 2 -0.9
v -1.3 2.1 -0.9
v -1.2 0.9 -0.9
v -1.2 1 -0.9
v -1.2 1.1 -0.9
v -1.2 1.3 -0.9
v -1.2 1.9 -0.9
v -1.2 2 -0.9
v -1.2 2.1 -0.9
v -1.2 2.2 -0.9
v -1.2 2.3 -0.9
v -1.1 0.7 -0.9
v -1.1 0.9 -0.9
v -1.1 1 -0.9
v -1.1 2.2 -0.9
v -1.1 2.3 -0.9
v -1.1 2.5 -0.9
v -1 0.6 -0.9
v -1 0.7 -0.9
v -1 0.9 -0.9
v -1 2.3 -0.9
v -1 2.5 -0.9
v -1 2.6 -0.9
v -0.9 0.5 -0.9
v -0.9 0.6 -0.9
v -0.9 0.7 -0.9
v -0.9 2.5 -0.9
v -0.9 2.6 -0.9
v -0.9 2.7 -0.9
v -0.7 0.4 -0.9
v -0.7 0.5 -0.9
v -0.7 0.6 -0.9
v -0.7 2.6 -0.9
v -0.7 2.7 -0.9
v -0.7 2.8 -0.9
v -0.6 0.4 -0.9
v -0.6 0.5 -0.9
v -0.6 2.7 -0.9
v -0.6 2.8 -0.9
v -0.5 0.3 -0.9
v -0.5 0.4 -0.9
v -0.5 2.8 -0.9
v -0.5 2.9 -0.9
v -0.4 2.8 -0.9
v -0.4 2.9 -0.9
v -0.3 0.3 -0.9
v -0.3 0.4 -0.9
v -0.3 2.8 -0.9
v -0.3 2.9 -0.9
v -0.1 0.2 -0.9
v -0.1 0.3 -0.9
v -0.1 2.9 -0.9
v -0.1 3 -0.9
v 0 0.2 -0.9
v 0 0.3 -0.9
v 0.1 0.2 -0.9
v 0.1 0.3 -0.9
v 0.1 2.9 -0.9
v 0.1 3 -0.9
v 0.3 0.3 -0.9
v 0.3 0.4 -0.9
v 0.3 2.8 -0.9
v 0.3 2.9 -0.9
v 0.5 0.3 -0.9
v 0.5 0.4 -0.9
v 0.5 2.8 -0.9
v 0.5 2.9 -0.9
v 0.6 0.4 -0.9
v 0.6 0.5 -0.9
v 0.6 2.7 -0.9
v 0.6 2.8 -0.9
v 0.7 0.4 -0.9
v 0.7 0.5 -0.9
v 0.7 0.6 -0.9
v 0.7 2.6 -0.9
v 0.7 2.7 -0.9
v 0.7 2.8 -0.9
v 0.8 0.5 -0.9
v 0.8 0.6 -0.9
v 0.9 0.5 -0.9
v 0.9 0.6 -0.9
v 0.9 0.7 -0.9
v 0.9 2.5 -0.9
v 0.9 2.6 -0.9
v 0.9 2.7 -0.9
v 1 0.6 -0.9
v 1 0.7 -0.9
v 1 0.9 -0.9
v 1 2.3 -0.9
v 1 2.5 -0.9
v 1 2.6 -0.9
v 1.1 0.7 -0.9
v 1.1 0.9 -0.9
v 1.1 1 -0.9
v 1.1 2.2 -0.9
v 1.1 2.3 -0.9
v 1.1 2.5 -0.9
v 1.2 0.9 -0.9
v 1.2 1 -0.9
v 1.2 1.1 -0.9
v 1.2 1.3 -0.9
v 1.2 1.9 -0.9
v 1.2 2.1 -0.9
v 1.2 2.2 -0.9
v 1.2 2.3 -0.9
v 1.3 1.1 -0.9
v 1.3 1.3 -0.9
v 1.3 1.5 -0.9
v 1.3 1.7 -0.9
v 1.3 1.9 -0.9
v 1.3 2.1 -0.9
v 1.4 1.5 -0.9
v 1.4 1.7 -0.9
v -1.3 1.3 -1
v -1.3 1.9 -1
v -1.2 1 -1
v -1.2 1.2 -1
v -1.2 1.3 -1
v -1.2 1.8 -1
v -1.2 1.9 -1
v -1.2 2 -1
v -1.2 2.2 -1
v -1.1 0.9 -1
v -1.1 1 -1
v -1.1 1.2 -1
v -1.1 2 -1
v -1.1 2.1 -1
v -1.1 2.2 -1
v -1.1 2.3 -1
v -1 0.7 -1
v -1 0.9 -1
v -1 1 -1
v -1 2.2 -1
v -1 2.3 -1
v -1 2.5 -1
v -0.9 0.6 -1
v -0.9 0.7 -1
v -0.9 0.9 -1
v -0.9 2.3 -1
v -0.9 2.5 -1
v -0.9 2.6 -1
v -0.7 0.5 -1
v -0.7 0.6 -1
v -0.7 0.7 -1
v -0.7 2.5 -1
v -0.7 2.6 -1
v -0.7 2.7 -1
v -0.6 0.4 -1
v -0.6 0.5 -1
v -0.6 0.6 -1
v -0.6 2.6 -1
v -0.6 2.7 -1
v -0.6 2.8 -1
v -0.5 0.5 -1
v -0.5 2.7 -1
v -0.4 0.4 -1
v -0.4 0.5 -1
v -0.4 2.7 -1
v -0.4 2.8 -1
v -0.3 0.3 -1
v -0.3 0.4 -1
v -0.3 2.8 -1
v -0.3 2.9 -1
v 0.2 0.3 -1
v 0.2 0.4 -1
v 0.3 0.3 -1
v 0.3 0.4 -1
v 0.3 2.8 -1
v 0.3 2.9 -1
v 0.4 0.4 -1
v 0.4 0.5 -1
v 0.4 2.7 -1
v 0.4 2.8 -1
v 0.6 0.4 -1
v 0.6 0.5 -1
v 0.6 0.6 -1
v 0.6 2.6 -1
v 0.6 2.7 -1
v 0.6 2.8 -1
v 0.7 0.5 -1
v 0.7 0.6 -1
v 0.7 0.7 -1
v 0.7 2.5 -1
v 0.7 2.6 -1
v 0.7 2.7 -1
v 0.9 0.6 -1
v 0.9 0.7 -1
v 0.9 0.9 -1
v 0.9 2.3 -1
v 0.9 2.5 -1
v 0.9 2.6 -1
v 1 0.7 -1
v 1 0.9 -1
v 1 1 -1
v 1 2.2 -1
v 1 2.3 -1
v 1 2.5 -1
v 1.1 0.9 -1
v 1.1 1 -1
v 1.1 1.2 -1
v 1.1 2 -1
v 1.1 2.1 -1
v 1.1 2.2 -1
v 1.1 2.3 -1
v 1.2 1 -1
v 1.2 1.2 -1
v 1.2 1.3 -1
v 1.2 1.9 -1
v 1.2 2 -1
v 1.2 2.1 -1
v 1.2 2.2 -1
v 1.3 1.3 -1
v 1.3 1.9 -1
v -1.2 1.2 -1.1
v -1.2 1.3 -1.1
v -1.2 1.8 -1.1
v -1.2 2 -1.1
v -1.1 1 -1.1
v -1.1 1.2 -1.1
v -1.1 1.3 -1.1
v -1.1 1.6 -1.1
v -1.1 1.8 -1.1
v -1.1 2 -1.1
v -1.1 2.1 -1.1
v -1.1 2.2 -1.1
v -1 0.9 -1.1
v -1 1 -1.1
v -1 1.2 -1.1
v -1 2 -1.1
v -1 2.1 -1.1
v -1 2.2 -1.1
v -1 2.3 -1.1
v -0.9 0.7 -1.1
v -0.9 0.9 -1.1
v -0.9 1 -1.1
v -0.9 2.2 -1.1
v -0.9 2.3 -1.1
v -0.9 2.5 -1.1
v -0.8 0.8 -1.1
v -0.8 0.9 -1.1
v -0.8 2.3 -1.1
v -0.8 2.4 -1.1
v -0.7 0.6 -1.1
v -0.7 0.7 -1.1
v -0.7 0.8 -1.1
v -0.7 2.4 -1.1
v -0.7 2.5 -1.1
v -0.7 2.6 -1.1
v -0.6 0.5 -1.1
v -0.6 0.6 -1.1
v -0.6 0.7 -1.1
v -0.6 2.5 -1.1
v -0.6 2.6 -1.1
v -0.6 2.7 -1.1
v -0.5 0.5 -1.1
v -0.5 0.6 -1.1
v -0.5 2.6 -1.1
v -0.5 2.7 -1.1
v -0.4 0.4 -1.1
v -0.4 0.5 -1.1
v -0.4 0.6 -1.1
v -0.4 2.6 -1.1
v -0.4 2.7 -1.1
v -0.4 2.8 -1.1
v 0.3 0.4 -1.1
v 0.3 0.5 -1.1
v 0.4 0.4 -1.1
v 0.4 0.5 -1.1
v 0.4 0.6 -1.1
v 0.4 2.6 -1.1
v 0.4 2.7 -1.1
v 0.4 2.8 -1.1
v 0.6 0.5 -1.1
v 0.6 0.6 -1.1
v 0.6 0.7 -1.1
v 0.6 2.5 -1.1
v 0.6 2.6 -1.1
v 0.6 2.7 -1.1
v 0.7 0.6 -1.1
v 0.7 0.7 -1.1
v 0.7 0.8 -1.1
v 0.7 2.4 -1.1
v 0.7 2.5 -1.1
v 0.7 2.6 -1.1
v 0.8 0.8 -1.1
v 0.8 0.9 -1.1
v 0.8 2.3 -1.1
v 0.8 2.4 -1.1
v 0.9 0.7 -1.1
v 0.9 0.9 -1.1
v 0.9 1 -1.1
v 0.9 2.2 -1.1
v 0.9 2.3 -1.1
v 0.9 2.5 -1.1
v 1 0.9 -1.1
v 1 1 -1.1
v 1 1.2 -1.1
v 1 2 -1.1
v 1 2.2 -1.1
v 1 2.3 -1.1
v 1.1 1 -1.1
v 1.1 1.2 -1.1
v 1.1 1.9 -1.1
v 1.1 2 -1.1
v 1.1 2.2 -1.1
v 1.2 1.2 -1.1
v 1.2 2 -1.1
v -1.1 1.2 -1.2
v -1.1 1.6 -1.2
v -1.1 2 -1.2
v -1 1 -1.2
v -1 1.2 -1.2
v -1 1.3 -1.2
v -1 1.6 -1.2
v -1 1.9 -1.2
v -1 2 -1.2
v -1 2.2 -1.2
v -0.9 0.9 -1.2
v -0.9 1 -1.2
v -0.9 1.1 -1.2
v -0.9 1.2 -1.2
v -0.9 1.3 -1.2
v -0.9 1.9 -1.2
v -0.9 2.1 -1.2
v -0.9 2.2 -1.2
v -0.9 2.3 -1.2
v -0.8 0.8 -1.2
v -0.8 0.9 -1.2
v -0.8 1 -1.2
v -0.8 1.1 -1.2
v -0.8 2.1 -1.2
v -0.8 2.2 -1.2
v -0.8 2.3 -1.2
v -0.8 2.4 -1.2
v -0.7 0.7 -1.2
v -0.7 0.8 -1.2
v -0.7 0.9 -1.2
v -0.7 2.3 -1.2
v -0.7 2.4 -1.2
v -0.7 2.5 -1.2
v -0.6 0.6 -1.2
v -0.6 0.7 -1.2
v -0.6 0.8 -1.2
v -0.6 2.5 -1.2
v -0.6 2.6 -1.2
v -0.5 0.6 -1.2
v -0.5 0.7 -1.2
v -0.5 0.8 -1.2
v -0.5 2.4 -1.2
v -0.5 2.5 -1.2
v -0.4 0.5 -1.2
v -0.4 0.6 -1.2
v -0.4 2.5 -1.2
v -0.4 2.6 -1.2
v -0.4 2.7 -1.2
v -0.3 0.6 -1.2
v -0.3 0.7 -1.2
v -0.3 2.5 -1.2
v -0.3 2.6 -1.2
v 0.3 0.6 -1.2
v 0.3 0.7 -1.2
v 0.3 2.5 -1.2
v 0.3 2.6 -1.2
v 0.4 0.5 -1.2
v 0.4 0.6 -1.2
v 0.4 2.6 -1.2
v 0.4 2.7 -1.2
v 0.5 0.7 -1.2
v 0.5 0.8 -1.2
v 0.5 2.4 -1.2
v 0.5 2.5 -1.2
v 0.6 0.6 -1.2
v 0.6 0.7 -1.2
v 0.6 2.5 -1.2
v 0.6 2.6 -1.2
v 0.7 0.7 -1.2
v 0.7 0.8 -1.2
v 0.7 0.9 -1.2
v 0.7 2.3 -1.2
v 0.7 2.4 -1.2
v 0.7 2.5 -1.2
v 0.8 0.8 -1.2
v 0.8 0.9 -1.2
v 0.8 1.1 -1.2
v 0.8 2.1 -1.2
v 0.8 2.3 -1.2
v 0.8 2.4 -1.2
v 0.9 0.9 -1.2
v 0.9 1 -1.2
v 0.9 1.1 -1.2
v 0.9 1.3 -1.2
v 0.9 1.9 -1.2
v 0.9 2.1 -1.2
v 0.9 2.2 -1.2
v 0.9 2.3 -1.2
v 1 1 -1.2
v 1 1.2 -1.2
v 1 1.3 -1.2
v 1 1.9 -1.2
v 1 2 -1.2
v 1 2.2 -1.2
v 1.1 1.2 -1.2
v 1.1 1.9 -1.2
v 1.1 2 -1.2
v -1 1.3 -1.3
v -1 1.6 -1.3
v -1 1.9 -1.3
v -0.9 1.1 -1.3
v -0.9 1.3 -1.3
v -0.9 1.5 -1.3
v -0.9 1.6 -1.3
v -0.9 1.7 -1.3
v -0.9 1.9 -1.3
v -0.9 2.1 -1.3
v -0.8 0.9 -1.3
v -0.8 1 -1.3
v -0.8 1.1 -1.3
v -0.8 1.2 -1.3
v -0.8 1.5 -1.3
v -0.8 1.7 -1.3
v -0.8 2 -1.3
v -0.8 2.1 -1.3
v -0.8 2.2 -1.3
v -0.8 2.3 -1.3
v -0.7 0.8 -1.3
v -0.7 0.9 -1.3
v -0.7 1 -1.3
v -0.7 1.1 -1.3
v -0.7 1.2 -1.3
v -0.7 2 -1.3
v -0.7 2.2 -1.3
v -0.7 2.3 -1.3
v -0.7 2.4 -1.3
v -0.6 0.8 -1.3
v -0.6 0.9 -1.3
v -0.6 1 -1.3
v -0.6 2.2 -1.3
v -0.6 2.3 -1.3
v -0.5 0.7 -1.3
v -0.5 0.8 -1.3
v -0.5 2.4 -1.3
v -0.5 2.5 -1.3
v -0.4 0.8 -1.3
v -0.4 0.9 -1.3
v -0.4 2.3 -1.3
v -0.4 2.4 -1.3
v -0.4 2.5 -1.3
v -0.3 0.6 -1.3
v -0.3 0.7 -1.3
v -0.3 2.5 -1.3
v -0.3 2.6 -1.3
v -0.2 2.4 -1.3
v -0.1 0.7 -1.3
v -0.1 0.8 -1.3
v -0.1 2.4 -1.3
v -0.1 2.5 -1.3
v 0.1 0.7 -1.3
v 0.1 0.8 -1.3
v 0.1 2.4 -1.3
v 0.1 2.5 -1.3
v 0.3 0.6 -1.3
v 0.3 0.7 -1.3
v 0.3 2.5 -1.3
v 0.3 2.6 -1.3
v 0.4 0.8 -1.3
v 0.4 0.9 -1.3
v 0.4 2.3 -1.3
v 0.4 2.4 -1.3
v 0.5 0.7 -1.3
v 0.5 0.8 -1.3
v 0.5 2.4 -1.3
v 0.5 2.5 -1.3
v 0.6 0.9 -1.3
v 0.6 1 -1.3
v 0.6 2.2 -1.3
v 0.6 2.3 -1.3
v 0.7 0.8 -1.3
v 0.7 0.9 -1.3
v 0.7 1 -1.3
v 0.7 1.2 -1.3
v 0.7 2 -1.3
v 0.7 2.2 -1.3
v 0.7 2.3 -1.3
v 0.7 2.4 -1.3
v 0.8 0.9 -1.3
v 0.8 1.1 -1.3
v 0.8 1.2 -1.3
v 0.8 1.5 -1.3
v 0.8 1.7 -1.3
v 0.8 1.9 -1.3
v 0.8 2 -1.3
v 0.8 2.1 -1.3
v 0.8 2.3 -1.3
v 0.9 1.1 -1.3
v 0.9 1.3 -1.3
v 0.9 1.5 -1.3
v 0.9 1.7 -1.3
v 0.9 1.9 -1.3
v 0.9 2.1 -1.3
v 1 1.3 -1.3
v 1 1.9 -1.3
v -0.9 1.5 -1.4
v -0.9 1.6 -1.4
v -0.9 1.7 -1.4
v -0.8 1.2 -1.4
v -0.8 1.5 -1.4
v -0.8 1.6 -1.4
v -0.8 1.7 -1.4
v -0.8 2 -1.4
v -0.7 1 -1.4
v -0.7 1.1 -1.4
v -0.7 1.2 -1.4
v -0.7 1.4 -1.4
v -0.7 1.7 -1.4
v -0.7 1.8 -1.4
v -0.7 2 -1.4
v -0.7 2.2 -1.4
v -0.6 0.9 -1.4
v -0.6 1 -1.4
v -0.6 1.1 -1.4
v -0.6 1.2 -1.4
v -0.6 1.4 -1.4
v -0.6 1.8 -1.4
v -0.6 2 -1.4
v -0.6 2.2 -1.4
v -0.6 2.3 -1.4
v -0.5 1.1 -1.4
v -0.5 1.2 -1.4
v -0.5 2 -1.4
v -0.5 2.1 -1.4
v -0.4 0.8 -1.4
v -0.4 0.9 -1.4
v -0.4 1 -1.4
v -0.4 1.1 -1.4
v -0.4 2.1 -1.4
v -0.4 2.2 -1.4
v -0.4 2.3 -1.4
v -0.4 2.4 -1.4
v -0.2 0.9 -1.4
v -0.2 1 -1.4
v -0.2 2.2 -1.4
v -0.2 2.3 -1.4
v -0.2 2.4 -1.4
v -0.1 0.7 -1.4
v -0.1 0.8 -1.4
v -0.1 2.3 -1.4
v -0.1 2.4 -1.4
v -0.1 2.5 -1.4
v 0.1 0.7 -1.4
v 0.1 0.8 -1.4
v 0.1 2.4 -1.4
v 0.1 2.5 -1.4
v 0.2 0.9 -1.4
v 0.2 1 -1.4
v 0.2 2.2 -1.4
v 0.2 2.3 -1.4
v 0.4 0.8 -1.4
v 0.4 0.9 -1.4
v 0.4 1 -1.4
v 0.4 1.1 -1.4
v 0.4 2.1 -1.4
v 0.4 2.2 -1.4
v 0.4 2.3 -1.4
v 0.4 2.4 -1.4
v 0.5 1.1 -1.4
v 0.5 1.2 -1.4
v 0.5 2 -1.4
v 0.5 2.1 -1.4
v 0.6 0.9 -1.4
v 0.6 1 -1.4
v 0.6 1.2 -1.4
v 0.6 1.4 -1.4
v 0.6 1.8 -1.4
v 0.6 2 -1.4
v 0.6 2.2 -1.4
v 0.6 2.3 -1.4
v 0.7 1 -1.4
v 0.7 1.2 -1.4
v 0.7 1.4 -1.4
v 0.7 1.8 -1.4
v 0.7 2 -1.4
v 0.7 2.2 -1.4
v 0.8 1.2 -1.4
v 0.8 1.5 -1.4
v 0.8 1.7 -1.4
v 0.8 2 -1.4
v 0.9 1.5 -1.4
v 0.9 1.7 -1.4
v -0.7 1.4 -1.5
v -0.7 1.8 -1.5
v -0.6 1.2 -1.5
v -0.6 1.4 -1.5
v -0.6 1.8 -1.5
v -0.6 2 -1.5
v -0.5 1.1 -1.5
v -0.5 1.2 -1.5
v -0.5 2 -1.5
v -0.5 2.1 -1.5
v -0.4 1 -1.5
v -0.4 1.1 -1.5
v -0.4 1.4 -1.5
v -0.4 1.8 -1.5
v -0.4 2.1 -1.5
v -0.4 2.2 -1.5
v -0.3 1.3 -1.5
v -0.3 1.4 -1.5
v -0.3 1.8 -1.5
v -0.3 1.9 -1.5
v -0.2 0.9 -1.5
v -0.2 1 -1.5
v -0.2 1.2 -1.5
v -0.2 1.3 -1.5
v -0.2 1.9 -1.5
v -0.2 2 -1.5
v -0.2 2.2 -1.5
v -0.2 2.3 -1.5
v -0.1 1 -1.5
v -0.1 1.1 -1.5
v -0.1 2.2 -1.5
v -0.1 2.3 -1.5
v 0 1.1 -1.5
v 0 1.2 -1.5
v 0 2.1 -1.5
v 0 2.2 -1.5
v 0.1 1.2 -1.5
v 0.1 2 -1.5
v 0.1 2.1 -1.5
v 0.2 0.9 -1.5
v 0.2 1 -1.5
v 0.2 1.2 -1.5
v 0.2 1.3 -1.5
v 0.2 1.9 -1.5
v 0.2 2 -1.5
v 0.2 2.2 -1.5
v 0.2 2.3 -1.5
v 0.3 1.3 -1.5
v 0.3 1.4 -1.5
v 0.3 1.8 -1.5
v 0.3 1.9 -1.5
v 0.4 1 -1.5
v 0.4 1.1 -1.5
v 0.4 1.4 -1.5
v 0.4 1.8 -1.5
v 0.4 2.1 -1.5
v 0.4 2.2 -1.5
v 0.5 1.1 -1.5
v 0.5 1.2 -1.5
v 0.5 2 -1.5
v 0.5 2.1 -1.5
v 0.6 1.2 -1.5
v 0.6 1.4 -1.5
v 0.6 1.8 -1.5
v 0.6 2 -1.5
v 0.7 1.4 -1.5
v 0.7 1.8 -1.5
v -0.4 1.4 -1.6
v -0.4 1.8 -1.6
v -0.3 1.3 -1.6
v -0.3 1.4 -1.6
v -0.3 1.8 -1.6
v -0.3 1.9 -1.6
v -0.2 1.2 -1.6
v -0.2 1.3 -1.6
v -0.2 1.9 -1.6
v -0.2 2 -1.6
v 0.1 1.2 -1.6
v 0.1 2 -1.6
v 0.2 1.2 -1.6
v 0.2 1.3 -1.6
v 0.2 1.9 -1.6
v 0.2 2 -1.6
v 0.3 1.3 -1.6
v 0.3 1.4 -1.6
v 0.3 1.8 -1.6
v 0.3 1.9 -1.6
v 0.4 1.4 -1.6
v 0.4 1.8 -1.6
v -0.2 0 0.4
v 0 0 0.4
v 0.2 0 0.4
v -0.3 0 0.3
v -0.2 0 0.3
v -0.1 0 0.3
v 0 0 0.3
v 0.2 0 0.3
v 0.3 0 0.3
v -0.4 0 0.2
v -0.3 0 0.2
v -0.1 0 0.2
v 0.3 0 0.2
v 0.4 0 0.2
v 0.1 0 0
v 0.4 0 0
v -0.4 0 -0.1
v -0.3 0 -0.1
v -0.4 0 -0.2
v -0.3 0 -0.2
v 0.3 0 -0.2
v 0.4 0 -0.2
v -0.3 0 -0.3
v -0.2 0 -0.3
v 0.2 0 -0.3
v 0.3 0 -0.3
v -0.2 0 -0.4
v 0.1 0 -0.4
v 0.2 0 -0.4
v -0.2 0.1 0.7
v 0.1 0.1 0.7
v 0.2 0.1 0.7
v -0.4 0.1 0.6
v -0.2 0.1 0.6
v 0.2 0.1 0.6
v 0.4 0.1 0.6
v -0.5 0.1 0.5
v -0.4 0.1 0.5
v 0.4 0.1 0.5
v 0.5 0.1 0.5
v -0.6 0.1 0.4
v -0.5 0.1 0.4
v -0.2 0.1 0.4
v 0 0.1 0.4
v 0.1 0.1 0.4
v 0.2 0.1 0.4
v 0.5 0.1 0.4
v 0.6 0.1 0.4
v -0.3 0.1 0.3
v -0.2 0.1 0.3
v 0.2 0.1 0.3
v 0.3 0.1 0.3
v 0.5 0.1 0.3
v 0.6 0.1 0.3
v -0.7 0.1 0.2
v -0.6 0.1 0.2
v -0.4 0.1 0.2
v -0.3 0.1 0.2
v 0.3 0.1 0.2
v 0.4 0.1 0.2
v 0.5 0.1 0.2
v 0.6 0.1 0.2
v 0.7 0.1 0.2
v 0.4 0.1 0
v -0.4 0.1 -0.1
v -0.7 0.1 -0.2
v -0.6 0.1 -0.2
v -0.4 0.1 -0.2
v -0.3 0.1 -0.2
v 0.3 0.1 -0.2
v 0.4 0.1 -0.2
v 0.6 0.1 -0.2
v 0.7 0.1 -0.2
v -0.3 0.1 -0.3
v -0.2 0.1 -0.3
v 0.2 0.1 -0.3
v 0.3 0.1 -0.3
v -0.6 0.1 -0.4
v -0.5 0.1 -0.4
v -0.2 0.1 -0.4
v 0.1 0.1 -0.4
v 0.2 0.1 -0.4
v 0.5 0.1 -0.4
v 0.6 0.1 -0.4
v -0.5 0.1 -0.5
v -0.4 0.1 -0.5
v 0.4 0.1 -0.5
v 0.5 0.1 -0.5
v -0.4 0.1 -0.6
v -0.2 0.1 -0.6
v 0.2 0.1 -0.6
v 0.4 0.1 -0.6
v -0.2 0.1 -0.7
v 0.2 0.1 -0.7
v -0.1 0.2 0.9
v 0.1 0.2 0.9
v -0.4 0.2 0.8
v -0.1 0.2 0.8
v 0 0.2 0.8
v 0.1 0.2 0.8
v 0.2 0.2 0.8
v 0.3 0.2 0.8
v 0.4 0.2 0.8
v -0.6 0.2 0.7
v -0.4 0.2 0.7
v -0.2 0.2 0.7
v 0 0.2 0.7
v 0.1 0.2 0.7
v 0.2 0.2 0.7
v 0.3 0.2 0.7
v 0.4 0.2 0.7
v 0.6 0.2 0.7
v -0.7 0.2 0.6
v -0.6 0.2 0.6
v -0.4 0.2 0.6
v -0.2 0.2 0.6
v 0.2 0.2 0.6
v 0.4 0.2 0.6
v 0.6 0.2 0.6
v 0.7 0.2 0.6
v -0.5 0.2 0.5
v -0.4 0.2 0.5
v 0.4 0.2 0.5
v 0.5 0.2 0.5
v -0.8 0.2 0.4
v -0.7 0.2 0.4
v -0.6 0.2 0.4
v -0.5 0.2 0.4
v 0.5 0.2 0.4
v 0.6 0.2 0.4
v 0.7 0.2 0.4
v 0.8 0.2 0.4
v 0.6 0.2 0.3
v -0.7 0.2 0.2
v -0.6 0.2 0.2
v 0.6 0.2 0.2
v 0.7 0.2 0.2
v 0.8 0.2 0.2
v -0.9 0.2 0.1
v -0.8 0.2 0.1
v 0.8 0.2 0.1
v 0.9 0.2 0.1
v -0.9 0.2 -0.1
v -0.8 0.2 -0.1
v 0.8 0.2 -0.1
v 0.9 0.2 -0.1
v -0.8 0.2 -0.2
v -0.7 0.2 -0.2
v -0.6 0.2 -0.2
v 0.6 0.2 -0.2
v 0.7 0.2 -0.2
v -0.8 0.2 -0.4
v -0.7 0.2 -0.4
v -0.6 0.2 -0.4
v -0.5 0.2 -0.4
v 0.5 0.2 -0.4
v 0.6 0.2 -0.4
v 0.7 0.2 -0.4
v 0.8 0.2 -0.4
v -0.5 0.2 -0.5
v -0.4 0.2 -0.5
v 0.4 0.2 -0.5
v 0.5 0.2 -0.5
v 0.6 0.2 -0.5
v -0.7 0.2 -0.6
v -0.6 0.2 -0.6
v -0.4 0.2 -0.6
v -0.2 0.2 -0.6
v 0.2 0.2 -0.6
v 0.3 0.2 -0.6
v 0.4 0.2 -0.6
v 0.6 0.2 -0.6
v 0.7 0.2 -0.6
v -0.6 0.2 -0.7
v -0.4 0.2 -0.7
v -0.2 0.2 -0.7
v 0.1 0.2 -0.7
v 0.2 0.2 -0.7
v 0.3 0.2 -0.7
v 0.4 0.2 -0.7
v 0.6 0.2 -0.7
v -0.4 0.2 -0.8
v -0.1 0.2 -0.8
v 0 0.2 -0.8
v 0.1 0.2 -0.8
v 0.2 0.2 -0.8
v 0.4 0.2 -0.8
v -0.1 0.2 -0.9
v 0 0.2 -0.9
v 0.1 0.2 -0.9
v -0.3 0.3 1
v 0 0.3 1
v 0.3 0.3 1
v -0.5 0.3 0.9
v -0.3 0.3 0.9
v -0.1 0.3 0.9
v 0 0.3 0.9
v 0.1 0.3 0.9
v 0.3 0.3 0.9
v 0.5 0.3 0.9
v -0.7 0.3 0.8
v -0.5 0.3 0.8
v -0.4 0.3 0.8
v -0.1 0.3 0.8
v 0.1 0.3 0.8
v 0.2 0.3 0.8
v 0.3 0.3 0.8
v 0.4 0.3 0.8
v 0.5 0.3 0.8
v 0.7 0.3 0.8
v -0.8 0.3 0.7
v -0.7 0.3 0.7
v -0.6 0.3 0.7
v -0.4 0.3 0.7
v 0.4 0.3 0.7
v 0.6 0.3 0.7
v 0.7 0.3 0.7
v 0.8 0.3 0.7
v -0.7 0.3 0.6
v -0.6 0.3 0.6
v 0.6 0.3 0.6
v 0.7 0.3 0.6
v -0.9 0.3 0.5
v -0.8 0.3 0.5
v 0.8 0.3 0.5
v 0.9 0.3 0.5
v -0.8 0.3 0.4
v -0.7 0.3 0.4
v 0.7 0.3 0.4
v 0.8 0.3 0.4
v -1 0.3 0.3
v -0.9 0.3 0.3
v 0.9 0.3 0.3
v 1 0.3 0.3
v -0.9 0.3 0.2
v -0.8 0.3 0.2
v 0.8 0.3 0.2
v 1 0.3 0.2
v -0.9 0.3 0.1
v -0.8 0.3 0.1
v 0.8 0.3 0.1
v 0.9 0.3 0.1
v -1 0.3 -0.1
v -0.9 0.3 -0.1
v -0.8 0.3 -0.1
v 0.8 0.3 -0.1
v 0.9 0.3 -0.1
v -0.8 0.3 -0.2
v -1 0.3 -0.3
v -0.9 0.3 -0.3
v 0.9 0.3 -0.3
v 1 0.3 -0.3
v -0.8 0.3 -0.4
v -0.7 0.3 -0.4
v 0.7 0.3 -0.4
v 0.8 0.3 -0.4
v -0.9 0.3 -0.5
v -0.8 0.3 -0.5
v 0.8 0.3 -0.5
v 0.9 0.3 -0.5
v -0.7 0.3 -0.6
v -0.6 0.3 -0.6
v 0.6 0.3 -0.6
v 0.7 0.3 -0.6
v 0.8 0.3 -0.6
v -0.8 0.3 -0.7
v -0.7 0.3 -0.7
v -0.6 0.3 -0.7
v -0.4 0.3 -0.7
v 0.4 0.3 -0.7
v 0.6 0.3 -0.7
v 0.7 0.3 -0.7
v 0.8 0.3 -0.7
v -0.7 0.3 -0.8
v -0.5 0.3 -0.8
v -0.4 0.3 -0.8
v -0.2 0.3 -0.8
v -0.1 0.3 -0.8
v 0.1 0.3 -0.8
v 0.2 0.3 -0.8
v 0.4 0.3 -0.8
v 0.5 0.3 -0.8
v 0.7 0.3 -0.8
v -0.5 0.3 -0.9
v -0.3 0.3 -0.9
v -0.2 0.3 -0.9
v -0.1 0.3 -0.9
v 0 0.3 -0.9
v 0.1 0.3 -0.9
v 0.3 0.3 -0.9
v 0.5 0.3 -0.9
v -0.3 0.3 -1
v 0.2 0.3 -1
v 0.3 0.3 -1
v -0.4 0.4 1.1
v 0 0.4 1.1
v 0.4 0.4 1.1
v -0.6 0.4 1
v -0.4 0.4 1
v -0.3 0.4 1
v 0 0.4 1
v 0.3 0.4 1
v 0.4 0.4 1
v 0.6 0.4 1
v -0.7 0.4 0.9
v -0.6 0.4 0.9
v -0.5 0.4 0.9
v -0.3 0.4 0.9
v 0.3 0.4 0.9
v 0.5 0.4 0.9
v 0.6 0.4 0.9
v 0.7 0.4 0.9
v -0.8 0.4 0.8
v -0.7 0.4 0.8
v -0.5 0.4 0.8
v 0.5 0.4 0.8
v 0.7 0.4 0.8
v 0.8 0.4 0.8
v -0.9 0.4 0.7
v -0.8 0.4 0.7
v -0.7 0.4 0.7
v 0.7 0.4 0.7
v 0.8 0.4 0.7
v 0.9 0.4 0.7
v -1 0.4 0.6
v -0.9 0.4 0.6
v 0.9 0.4 0.6
v 1 0.4 0.6
v -0.9 0.4 0.5
v -0.8 0.4 0.5
v 0.8 0.4 0.5
v 0.9 0.4 0.5
v -1.1 0.4 0.4
v -1 0.4 0.4
v 1 0.4 0.4
v 1.1 0.4 0.4
v -1 0.4 0.3
v -0.9 0.4 0.3
v 0.9 0.4 0.3
v 1 0.4 0.3
v 1 0.4 0.2
v -1.1 0.4 -0.1
v -1 0.4 -0.1
v -1 0.4 -0.3
v -0.9 0.4 -0.3
v 0.9 0.4 -0.3
v 1 0.4 -0.3
v -1.1 0.4 -0.4
v -1 0.4 -0.4
v 1 0.4 -0.4
v 1.1 0.4 -0.4
v -0.9 0.4 -0.5
v -0.8 0.4 -0.5
v 0.8 0.4 -0.5
v 0.9 0.4 -0.5
v -1 0.4 -0.6
v -0.9 0.4 -0.6
v 0.8 0.4 -0.6
v 0.9 0.4 -0.6
v 1 0.4 -0.6
v -0.9 0.4 -0.7
v -0.8 0.4 -0.7
v -0.7 0.4 -0.7
v 0.7 0.4 -0.7
v 0.8 0.4 -0.7
v 0.9 0.4 -0.7
v -0.8 0.4 -0.8
v -0.7 0.4 -0.8
v -0.5 0.4 -0.8
v 0.5 0.4 -0.8
v 0.7 0.4 -0.8
v 0.8 0.4 -0.8
v -0.7 0.4 -0.9
v -0.6 0.4 -0.9
v -0.5 0.4 -0.9
v -0.3 0.4 -0.9
v 0.3 0.4 -0.9
v 0.5 0.4 -0.9
v 0.6 0.4 -0.9
v 0.7 0.4 -0.9
v -0.6 0.4 -1
v -0.4 0.4 -1
v -0.3 0.4 -1
v 0.2 0.4 -1
v 0.3 0.4 -1
v 0.4 0.4 -1
v 0.6 0.4 -1
v -0.4 0.4 -1.1
v 0.3 0.4 -1.1
v 0.4 0.4 -1.1
v -0.4 0.5 1.2
v -0.2 0.5 1.2
v 0 0.5 1.2
v 0.4 0.5 1.2
v -0.6 0.5 1.1
v -0.4 0.5 1.1
v -0.2 0.5 1.1
v 0 0.5 1.1
v 0.4 0.5 1.1
v 0.6 0.5 1.1
v -0.7 0.5 1
v -0.6 0.5 1
v -0.4 0.5 1
v 0.4 0.5 1
v 0.6 0.5 1
v 0.7 0.5 1
v -0.9 0.5 0.9
v -0.8 0.5 0.9
v -0.7 0.5 0.9
v -0.6 0.5 0.9
v 0.6 0.5 0.9
v 0.7 0.5 0.9
v 0.8 0.5 0.9
v 0.9 0.5 0.9
v -0.8 0.5 0.8
v -0.7 0.5 0.8
v 0.7 0.5 0.8
v 0.8 0.5 0.8
v 0.9 0.5 0.8
v -1 0.5 0.7
v -0.9 0.5 0.7
v -0.8 0.5 0.7
v 0.8 0.5 0.7
v 0.9 0.5 0.7
v 1 0.5 0.7
v -1.1 0.5 0.6
v -1 0.5 0.6
v -0.9 0.5 0.6
v 0.9 0.5 0.6
v 1 0.5 0.6
v 1.1 0.5 0.6
v -1.1 0.5 0.5
v -1 0.5 0.5
v -1.2 0.5 0.4
v -1.1 0.5 0.4
v -1 0.5 0.4
v 1 0.5 0.4
v 1.1 0.5 0.4
v 1.2 0.5 0.4
v 1.1 0.5 0.2
v 1.2 0.5 0.2
v -1.2 0.5 -0.1
v -1.1 0.5 -0.1
v 1.1 0.5 -0.2
v 1.2 0.5 -0.2
v -1.2 0.5 -0.4
v -1.1 0.5 -0.4
v -1 0.5 -0.4
v 1 0.5 -0.4
v 1.1 0.5 -0.4
v 1.2 0.5 -0.4
v -1.1 0.5 -0.6
v -1 0.5 -0.6
v -0.9 0.5 -0.6
v 0.9 0.5 -0.6
v 1 0.5 -0.6
v 1.1 0.5 -0.6
v -1 0.5 -0.7
v -0.9 0.5 -0.7
v -0.8 0.5 -0.7
v 0.8 0.5 -0.7
v 0.9 0.5 -0.7
v 1 0.5 -0.7
v -0.9 0.5 -0.8
v -0.8 0.5 -0.8
v -0.7 0.5 -0.8
v 0.7 0.5 -0.8
v 0.8 0.5 -0.8
v -0.9 0.5 -0.9
v -0.7 0.5 -0.9
v -0.6 0.5 -0.9
v 0.6 0.5 -0.9
v 0.7 0.5 -0.9
v 0.8 0.5 -0.9
v 0.9 0.5 -0.9
v -0.7 0.5 -1
v -0.6 0.5 -1
v -0.5 0.5 -1
v -0.4 0.5 -1
v 0.4 0.5 -1
v 0.6 0.5 -1
v 0.7 0.5 -1
v -0.6 0.5 -1.1
v -0.5 0.5 -1.1
v -0.4 0.5 -1.1
v 0.3 0.5 -1.1
v 0.4 0.5 -1.1
v 0.6 0.5 -1.1
v -0.4 0.5 -1.2
v 0.4 0.5 -1.2
v -0.3 0.6 1.3
v 0.2 0.6 1.3
v 0.3 0.6 1.3
v -0.6 0.6 1.2
v -0.4 0.6 1.2
v -0.3 0.6 1.2
v -0.2 0.6 1.2
v 0 0.6 1.2
v 0.2 0.6 1.2
v 0.3 0.6 1.2
v 0.4 0.6 1.2
v 0.6 0.6 1.2
v -0.7 0.6 1.1
v -0.6 0.6 1.1
v -0.4 0.6 1.1
v 0.4 0.6 1.1
v 0.6 0.6 1.1
v 0.7 0.6 1.1
v -0.9 0.6 1
v -0.8 0.6 1
v -0.7 0.6 1
v -0.6 0.6 1
v 0.6 0.6 1
v 0.7 0.6 1
v 0.9 0.6 1
v -1 0.6 0.9
v -0.9 0.6 0.9
v -0.8 0.6 0.9
v -0.7 0.6 0.9
v 0.7 0.6 0.9
v 0.8 0.6 0.9
v 0.9 0.6 0.9
v 1 0.6 0.9
v 0.9 0.6 0.8
v -1.1 0.6 0.7
v -1 0.6 0.7
v -0.9 0.6 0.7
v 0.9 0.6 0.7
v 1 0.6 0.7
v 1.1 0.6 0.7
v -1.2 0.6 0.6
v -1.1 0.6 0.6
v -1 0.6 0.6
v 1 0.6 0.6
v 1.1 0.6 0.6
v 1.2 0.6 0.6
v -1.1 0.6 0.5
v -1.2 0.6 0.4
v -1.1 0.6 0.4
v 1.1 0.6 0.4
v 1.2 0.6 0.4
v -1.3 0.6 0.3
v -1.2 0.6 0.3
v 1.2 0.6 0.3
v 1.3 0.6 0.3
v 1.2 0.6 0.2
v -1.2 0.6 -0.1
v -1.3 0.6 -0.2
v -1.2 0.6 -0.2
v 1.2 0.6 -0.2
v -1.3 0.6 -0.3
v -1.2 0.6 -0.3
v 1.2 0.6 -0.3
v 1.3 0.6 -0.3
v -1.2 0.6 -0.4
v -1.1 0.6 -0.4
v 1.1 0.6 -0.4
v 1.2 0.6 -0.4
v -1.2 0.6 -0.6
v -1.1 0.6 -0.6
v -1 0.6 -0.6
v 1 0.6 -0.6
v 1.1 0.6 -0.6
v 1.2 0.6 -0.6
v -1.1 0.6 -0.7
v -1 0.6 -0.7
v -0.9 0.6 -0.7
v 0.9 0.6 -0.7
v 1 0.6 -0.7
v 1.1 0.6 -0.7
v -1 0.6 -0.8
v -0.9 0.6 -0.8
v -1 0.6 -0.9
v -0.9 0.6 -0.9
v -0.7 0.6 -0.9
v 0.7 0.6 -0.9
v 0.8 0.6 -0.9
v 0.9 0.6 -0.9
v 1 0.6 -0.9
v -0.9 0.6 -1
v -0.7 0.6 -1
v -0.6 0.6 -1
v 0.6 0.6 -1
v 0.7 0.6 -1
v 0.9 0.6 -1
v -0.7 0.6 -1.1
v -0.6 0.6 -1.1
v -0.5 0.6 -1.1
v -0.4 0.6 -1.1
v 0.4 0.6 -1.1
v 0.6 0.6 -1.1
v 0.7 0.6 -1.1
v -0.6 0.6 -1.2
v -0.5 0.6 -1.2
v -0.4 0.6 -1.2
v -0.3 0.6 -1.2
v 0.3 0.6 -1.2
v 0.4 0.6 -1.2
v 0.6 0.6 -1.2
v -0.3 0.6 -1.3
v 0.3 0.6 -1.3
v -0.1 0.7 1.4
v 0.1 0.7 1.4
v -0.5 0.7 1.3
v -0.3 0.7 1.3
v -0.1 0.7 1.3
v 0.1 0.7 1.3
v 0.3 0.7 1.3
v 0.5 0.7 1.3
v -0.7 0.7 1.2
v -0.6 0.7 1.2
v -0.5 0.7 1.2
v -0.3 0.7 1.2
v 0.3 0.7 1.2
v 0.5 0.7 1.2
v 0.6 0.7 1.2
v 0.7 0.7 1.2
v -0.9 0.7 1.1
v -0.7 0.7 1.1
v -0.6 0.7 1.1
v 0.6 0.7 1.1
v 0.7 0.7 1.1
v 0.9 0.7 1.1
v -1 0.7 1
v -0.9 0.7 1
v -0.8 0.7 1
v -0.7 0.7 1
v 0.7 0.7 1
v 0.9 0.7 1
v 1 0.7 1
v -1.1 0.7 0.9
v -1 0.7 0.9
v -0.9 0.7 0.9
v 0.9 0.7 0.9
v 1 0.7 0.9
v 1.1 0.7 0.9
v -1.2 0.7 0.7
v -1.1 0.7 0.7
v -1 0.7 0.7
v 1 0.7 0.7
v 1.1 0.7 0.7
v 1.2 0.7 0.7
v -1.2 0.7 0.6
v -1.1 0.7 0.6
v 1.1 0.7 0.6
v 1.2 0.7 0.6
v -1.3 0.7 0.5
v -1.2 0.7 0.5
v 1.2 0.7 0.5
v 1.3 0.7 0.5
v -1.2 0.7 0.4
v -1.3 0.7 0.3
v -1.2 0.7 0.3
v 1.2 0.7 0.3
v 1.3 0.7 0.3
v -1.4 0.7 0.1
v -1.3 0.7 0.1
v 1.3 0.7 0.1
v 1.4 0.7 0.1
v -1.4 0.7 -0.1
v -1.3 0.7 -0.1
v 1.3 0.7 -0.1
v 1.4 0.7 -0.1
v -1.3 0.7 -0.3
v -1.2 0.7 -0.3
v 1.2 0.7 -0.3
v 1.3 0.7 -0.3
v -1.3 0.7 -0.5
v -1.2 0.7 -0.5
v 1.2 0.7 -0.5
v 1.3 0.7 -0.5
v -1.2 0.7 -0.6
v -1.1 0.7 -0.6
v 1.1 0.7 -0.6
v 1.2 0.7 -0.6
v -1.2 0.7 -0.7
v -1.1 0.7 -0.7
v -1 0.7 -0.7
v 1 0.7 -0.7
v 1.1 0.7 -0.7
v 1.2 0.7 -0.7
v -1 0.7 -0.8
v -1.1 0.7 -0.9
v -1 0.7 -0.9
v -0.9 0.7 -0.9
v 0.9 0.7 -0.9
v 1 0.7 -0.9
v 1.1 0.7 -0.9
v -1 0.7 -1
v -0.9 0.7 -1
v -0.7 0.7 -1
v 0.7 0.7 -1
v 0.9 0.7 -1
v 1 0.7 -1
v -0.9 0.7 -1.1
v -0.7 0.7 -1.1
v -0.6 0.7 -1.1
v 0.6 0.7 -1.1
v 0.7 0.7 -1.1
v 0.9 0.7 -1.1
v -0.7 0.7 -1.2
v -0.6 0.7 -1.2
v -0.5 0.7 -1.2
v -0.3 0.7 -1.2
v 0.3 0.7 -1.2
v 0.5 0.7 -1.2
v 0.6 0.7 -1.2
v 0.7 0.7 -1.2
v -0.5 0.7 -1.3
v -0.3 0.7 -1.3
v -0.1 0.7 -1.3
v 0.1 0.7 -1.3
v 0.3 0.7 -1.3
v 0.5 0.7 -1.3
v -0.1 0.7 -1.4
v 0.1 0.7 -1.4
v -0.4 0.8 1.4
v -0.1 0.8 1.4
v 0.1 0.8 1.4
v 0.4 0.8 1.4
v -0.7 0.8 1.3
v -0.5 0.8 1.3
v -0.4 0.8 1.3
v -0.3 0.8 1.3
v -0.1 0.8 1.3
v 0.1 0.8 1.3
v 0.3 0.8 1.3
v 0.4 0.8 1.3
v 0.5 0.8 1.3
v 0.7 0.8 1.3
v -0.8 0.8 1.2
v -0.7 0.8 1.2
v -0.5 0.8 1.2
v 0.5 0.8 1.2
v 0.6 0.8 1.2
v 0.7 0.8 1.2
v 0.8 0.8 1.2
v -0.8 0.8 1.1
v -0.7 0.8 1.1
v 0.7 0.8 1.1
v 0.8 0.8 1.1
v -1.2 0.8 0.8
v -1.1 0.8 0.8
v 1.1 0.8 0.8
v 1.2 0.8 0.8
v -1.3 0.8 0.7
v -1.2 0.8 0.7
v -1.1 0.8 0.7
v 1.1 0.8 0.7
v 1.2 0.8 0.7
v 1.3 0.8 0.7
v -1.3 0.8 0.5
v -1.2 0.8 0.5
v 1.2 0.8 0.5
v 1.3 0.8 0.5
v -1.4 0.8 0.4
v -1.3 0.8 0.4
v 1.3 0.8 0.4
v 1.4 0.8 0.4
v -1.3 0.8 0.3
v 1.3 0.8 0.3
v 1.4 0.8 0.3
v -1.4 0.8 0.2
v -1.3 0.8 0.2
v -1.4 0.8 0.1
v -1.3 0.8 0.1
v 1.3 0.8 0.1
v 1.4 0.8 0.1
v -1.4 0.8 -0.1
v -1.3 0.8 -0.1
v 1.3 0.8 -0.1
v 1.4 0.8 -0.1
v -1.3 0.8 -0.3
v 1.3 0.8 -0.3
v 1.4 0.8 -0.3
v -1.4 0.8 -0.4
v -1.3 0.8 -0.4
v 1.3 0.8 -0.4
v 1.4 0.8 -0.4
v -1.3 0.8 -0.5
v -1.2 0.8 -0.5
v 1.2 0.8 -0.5
v 1.3 0.8 -0.5
v -1.2 0.8 -0.6
v -1.3 0.8 -0.7
v -1.2 0.8 -0.7
v -1.1 0.8 -0.7
v 1.1 0.8 -0.7
v 1.2 0.8 -0.7
v 1.3 0.8 -0.7
v -1.2 0.8 -0.8
v -1.1 0.8 -0.8
v 1.1 0.8 -0.8
v 1.2 0.8 -0.8
v -0.8 0.8 -1.1
v -0.7 0.8 -1.1
v 0.7 0.8 -1.1
v 0.8 0.8 -1.1
v -0.8 0.8 -1.2
v -0.7 0.8 -1.2
v -0.6 0.8 -1.2
v -0.5 0.8 -1.2
v 0.5 0.8 -1.2
v 0.7 0.8 -1.2
v 0.8 0.8 -1.2
v -0.7 0.8 -1.3
v -0.6 0.8 -1.3
v -0.5 0.8 -1.3
v -0.4 0.8 -1.3
v -0.1 0.8 -1.3
v 0.1 0.8 -1.3
v 0.4 0.8 -1.3
v 0.5 0.8 -1.3
v 0.7 0.8 -1.3
v -0.4 0.8 -1.4
v -0.1 0.8 -1.4
v 0.1 0.8 -1.4
v 0.4 0.8 -1.4
v -0.2 0.9 1.5
v 0.2 0.9 1.5
v -0.6 0.9 1.4
v -0.4 0.9 1.4
v -0.2 0.9 1.4
v 0.2 0.9 1.4
v 0.4 0.9 1.4
v 0.6 0.9 1.4
v -0.8 0.9 1.3
v -0.7 0.9 1.3
v -0.6 0.9 1.3
v -0.4 0.9 1.3
v 0.4 0.9 1.3
v 0.6 0.9 1.3
v 0.7 0.9 1.3
v 0.8 0.9 1.3
v -0.9 0.9 1.2
v -0.8 0.9 1.2
v -0.7 0.9 1.2
v 0.7 0.9 1.2
v 0.8 0.9 1.2
v 0.9 0.9 1.2
v -1 0.9 1.1
v -0.9 0.9 1.1
v -0.8 0.9 1.1
v 0.8 0.9 1.1
v 0.9 0.9 1.1
v 1 0.9 1.1
v -1.1 0.9 1
v -1 0.9 1
v -0.9 0.9 1
v 0.9 0.9 1
v 1 0.9 1
v 1.1 0.9 1
v -1.2 0.9 0.9
v -1.1 0.9 0.9
v -1 0.9 0.9
v 1 0.9 0.9
v 1.1 0.9 0.9
v 1.2 0.9 0.9
v -1.3 0.9 0.8
v -1.2 0.9 0.8
v -1.1 0.9 0.8
v 1.1 0.9 0.8
v 1.2 0.9 0.8
v 1.3 0.9 0.8
v -1.3 0.9 0.7
v -1.2 0.9 0.7
v 1.2 0.9 0.7
v 1.3 0.9 0.7
v -1.4 0.9 0.6
v -1.3 0.9 0.6
v 1.3 0.9 0.6
v 1.4 0.9 0.6
v -1.4 0.9 0.4
v -1.3 0.9 0.4
v 1.3 0.9 0.4
v 1.4 0.9 0.4
v -1.5 0.9 0.2
v -1.4 0.9 0.2
v 1.4 0.9 0.2
v 1.5 0.9 0.2
v 1.4 0.9 0.1
v 1.5 0.9 0.1
v 1.4 0.9 -0.1
v 1.5 0.9 -0.1
v -1.5 0.9 -0.2
v -1.4 0.9 -0.2
v 1.4 0.9 -0.2
v 1.5 0.9 -0.2
v -1.4 0.9 -0.4
v -1.3 0.9 -0.4
v 1.3 0.9 -0.4
v 1.4 0.9 -0.4
v -1.4 0.9 -0.6
v -1.3 0.9 -0.6
v 1.3 0.9 -0.6
v 1.4 0.9 -0.6
v -1.3 0.9 -0.7
v -1.2 0.9 -0.7
v 1.2 0.9 -0.7
v 1.3 0.9 -0.7
v -1.3 0.9 -0.8
v -1.2 0.9 -0.8
v -1.1 0.9 -0.8
v 1.1 0.9 -0.8
v 1.2 0.9 -0.8
v 1.3 0.9 -0.8
v -1.2 0.9 -0.9
v -1.1 0.9 -0.9
v -1 0.9 -0.9
v 1 0.9 -0.9
v 1.1 0.9 -0.9
v 1.2 0.9 -0.9
v -1.1 0.9 -1
v -1 0.9 -1
v -0.9 0.9 -1
v 0.9 0.9 -1
v 1 0.9 -1
v 1.1 0.9 -1
v -1 0.9 -1.1
v -0.9 0.9 -1.1
v -0.8 0.9 -1.1
v 0.8 0.9 -1.1
v 0.9 0.9 -1.1
v 1 0.9 -1.1
v -0.9 0.9 -1.2
v -0.8 0.9 -1.2
v -0.7 0.9 -1.2
v 0.7 0.9 -1.2
v 0.8 0.9 -1.2
v 0.9 0.9 -1.2
v -0.8 0.9 -1.3
v -0.7 0.9 -1.3
v -0.6 0.9 -1.3
v -0.4 0.9 -1.3
v 0.4 0.9 -1.3
v 0.6 0.9 -1.3
v 0.7 0.9 -1.3
v 0.8 0.9 -1.3
v -0.6 0.9 -1.4
v -0.4 0.9 -1.4
v -0.2 0.9 -1.4
v 0.2 0.9 -1.4
v 0.4 0.9 -1.4
v 0.6 0.9 -1.4
v -0.2 0.9 -1.5
v 0.2 0.9 -1.5
v -0.4 1 1.5
v -0.2 1 1.5
v 0.2 1 1.5
v 0.3 1 1.5
v 0.4 1 1.5
v -0.7 1 1.4
v -0.6 1 1.4
v -0.4 1 1.4
v -0.2 1 1.4
v 0.2 1 1.4
v 0.3 1 1.4
v 0.4 1 1.4
v 0.6 1 1.4
v 0.7 1 1.4
v -0.7 1 1.3
v -0.6 1 1.3
v 0.6 1 1.3
v 0.7 1 1.3
v -1 1 1.2
v -0.9 1 1.2
v 0.9 1 1.2
v 1 1 1.2
v -1.1 1 1.1
v -1 1 1.1
v -0.9 1 1.1
v 0.9 1 1.1
v 1 1 1.1
v 1.1 1 1.1
v -1.2 1 1
v -1.1 1 1
v -1 1 1
v 1 1 1
v 1.1 1 1
v 1.2 1 1
v -1.2 1 0.9
v -1.1 1 0.9
v 1.1 1 0.9
v 1.2 1 0.9
v -1.4 1 0.7
v -1.3 1 0.7
v 1.3 1 0.7
v 1.4 1 0.7
v -1.4 1 0.6
v -1.3 1 0.6
v 1.3 1 0.6
v 1.4 1 0.6
v -1.5 1 0.4
v -1.4 1 0.4
v 1.4 1 0.4
v 1.5 1 0.4
v -1.5 1 0.2
v -1.4 1 0.2
v 1.4 1 0.2
v 1.5 1 0.2
v -1.5 1 -0.2
v -1.4 1 -0.2
v 1.4 1 -0.2
v 1.5 1 -0.2
v -1.5 1 -0.4
v -1.4 1 -0.4
v 1.4 1 -0.4
v 1.5 1 -0.4
v -1.4 1 -0.6
v -1.3 1 -0.6
v 1.3 1 -0.6
v 1.4 1 -0.6
v -1.4 1 -0.7
v -1.3 1 -0.7
v 1.3 1 -0.7
v 1.4 1 -0.7
v -1.2 1 -0.9
v -1.1 1 -0.9
v 1.1 1 -0.9
v 1.2 1 -0.9
v -1.2 1 -1
v -1.1 1 -1
v -1 1 -1
v 1 1 -1
v 1.1 1 -1
v 1.2 1 -1
v -1.1 1 -1.1
v -1 1 -1.1
v -0.9 1 -1.1
v 0.9 1 -1.1
v 1 1 -1.1
v 1.1 1 -1.1
v -1 1 -1.2
v -0.9 1 -1.2
v 0.9 1 -1.2
v 1 1 -1.2
v -0.7 1 -1.3
v -0.6 1 -1.3
v 0.6 1 -1.3
v 0.7 1 -1.3
v -0.7 1 -1.4
v -0.6 1 -1.4
v -0.4 1 -1.4
v -0.2 1 -1.4
v 0.2 1 -1.4
v 0.4 1 -1.4
v 0.6 1 -1.4
v 0.7 1 -1.4
v -0.4 1 -1.5
v -0.2 1 -1.5
v 0.2 1 -1.5
v 0.4 1 -1.5
v -0.5 1.1 1.5
v -0.4 1.1 1.5
v 0.4 1.1 1.5
v 0.5 1.1 1.5
v -0.5 1.1 1.4
v -0.4 1.1 1.4
v 0.4 1.1 1.4
v 0.5 1.1 1.4
v -0.9 1.1 1.3
v -0.8 1.1 1.3
v 0.8 1.1 1.3
v 0.9 1.1 1.3
v -0.9 1.1 1.2
v -0.8 1.1 1.2
v 0.8 1.1 1.2
v 0.9 1.1 1.2
v -1.3 1.1 0.9
v -1.2 1.1 0.9
v 1.2 1.1 0.9
v 1.3 1.1 0.9
v -1.3 1.1 0.8
v -1.2 1.1 0.8
v 1.2 1.1 0.8
v 1.3 1.1 0.8
v -1.5 1.1 0.5
v -1.4 1.1 0.5
v 1.4 1.1 0.5
v 1.5 1.1 0.5
v -1.5 1.1 0.4
v -1.4 1.1 0.4
v 1.4 1.1 0.4
v 1.5 1.1 0.4
v -1.5 1.1 -0.4
v -1.4 1.1 -0.4
v 1.4 1.1 -0.4
v 1.5 1.1 -0.4
v -1.5 1.1 -0.5
v -1.4 1.1 -0.5
v 1.4 1.1 -0.5
v 1.5 1.1 -0.5
v -1.3 1.1 -0.8
v -1.2 1.1 -0.8
v 1.2 1.1 -0.8
v 1.3 1.1 -0.8
v -1.3 1.1 -0.9
v -1.2 1.1 -0.9
v 1.2 1.1 -0.9
v 1.3 1.1 -0.9
v -0.9 1.1 -1.2
v -0.8 1.1 -1.2
v 0.8 1.1 -1.2
v 0.9 1.1 -1.2
v -0.9 1.1 -1.3
v -0.8 1.1 -1.3
v 0.8 1.1 -1.3
v 0.9 1.1 -1.3
v -0.5 1.1 -1.4
v -0.4 1.1 -1.4
v 0.4 1.1 -1.4
v 0.5 1.1 -1.4
v -0.5 1.1 -1.5
v -0.4 1.1 -1.5
v 0.4 1.1 -1.5
v 0.5 1.1 -1.5
v -0.2 1.2 1.6
v 0.2 1.2 1.6
v -0.6 1.2 1.5
v -0.5 1.2 1.5
v -0.2 1.2 1.5
v 0.2 1.2 1.5
v 0.5 1.2 1.5
v 0.6 1.2 1.5
v -0.8 1.2 1.4
v -0.7 1.2 1.4
v -0.6 1.2 1.4
v -0.5 1.2 1.4
v 0.5 1.2 1.4
v 0.6 1.2 1.4
v 0.7 1.2 1.4
v 0.8 1.2 1.4
v -0.8 1.2 1.3
v -0.7 1.2 1.3
v 0.7 1.2 1.3
v 0.8 1.2 1.3
v -1.1 1.2 1.2
v -1 1.2 1.2
v 1 1.2 1.2
v 1.1 1.2 1.2
v -1.2 1.2 1.1
v -1.1 1.2 1.1
v -1 1.2 1.1
v 1 1.2 1.1
v 1.1 1.2 1.1
v 1.2 1.2 1.1
v -1.2 1.2 1
v -1.1 1.2 1
v 1.1 1.2 1
v 1.2 1.2 1
v -1.4 1.2 0.8
v -1.3 1.2 0.8
v 1.3 1.2 0.8
v 1.4 1.2 0.8
v -1.4 1.2 0.7
v -1.3 1.2 0.7
v 1.3 1.2 0.7
v 1.4 1.2 0.7
v -1.5 1.2 0.6
v -1.4 1.2 0.6
v 1.4 1.2 0.6
v 1.5 1.2 0.6
v -1.5 1.2 0.5
v -1.4 1.2 0.5
v 1.4 1.2 0.5
v 1.5 1.2 0.5
v -1.6 1.2 0.2
v -1.5 1.2 0.2
v 1.5 1.2 0.2
v 1.6 1.2 0.2
v -1.6 1.2 -0.2
v -1.5 1.2 -0.2
v 1.5 1.2 -0.2
v 1.6 1.2 -0.2
v -1.5 1.2 -0.5
v -1.4 1.2 -0.5
v 1.4 1.2 -0.5
v 1.5 1.2 -0.5
v -1.5 1.2 -0.6
v -1.4 1.2 -0.6
v 1.4 1.2 -0.6
v 1.5 1.2 -0.6
v -1.4 1.2 -0.7
v -1.3 1.2 -0.7
v 1.3 1.2 -0.7
v 1.4 1.2 -0.7
v -1.4 1.2 -0.8
v -1.3 1.2 -0.8
v 1.3 1.2 -0.8
v 1.4 1.2 -0.8
v -1.2 1.2 -1
v -1.1 1.2 -1
v 1.1 1.2 -1
v 1.2 1.2 -1
v -1.2 1.2 -1.1
v -1.1 1.2 -1.1
v -1 1.2 -1.1
v 1 1.2 -1.1
v 1.1 1.2 -1.1
v 1.2 1.2 -1.1
v -1.1 1.2 -1.2
v -1 1.2 -1.2
v 1 1.2 -1.2
v 1.1 1.2 -1.2
v -0.8 1.2 -1.3
v -0.7 1.2 -1.3
v 0.7 1.2 -1.3
v 0.8 1.2 -1.3
v -0.8 1.2 -1.4
v -0.7 1.2 -1.4
v -0.6 1.2 -1.4
v -0.5 1.2 -1.4
v 0.5 1.2 -1.4
v 0.6 1.2 -1.4
v 0.7 1.2 -1.4
v 0.8 1.2 -1.4
v -0.6 1.2 -1.5
v -0.5 1.2 -1.5
v -0.2 1.2 -1.5
v 0 1.2 -1.5
v 0.1 1.2 -1.5
v 0.2 1.2 -1.5
v 0.5 1.2 -1.5
v 0.6 1.2 -1.5
v -0.2 1.2 -1.6
v 0.1 1.2 -1.6
v 0.2 1.2 -1.6
v -0.3 1.3 1.6
v -0.2 1.3 1.6
v 0.2 1.3 1.6
v 0.3 1.3 1.6
v -0.3 1.3 1.5
v -0.2 1.3 1.5
v 0.2 1.3 1.5
v 0.3 1.3 1.5
v -1 1.3 1.3
v -0.9 1.3 1.3
v 0.9 1.3 1.3
v 1 1.3 1.3
v -1 1.3 1.2
v -0.9 1.3 1.2
v 0.9 1.3 1.2
v 1 1.3 1.2
v -1.3 1.3 1
v -1.2 1.3 1
v 1.2 1.3 1
v 1.3 1.3 1
v -1.3 1.3 0.9
v -1.2 1.3 0.9
v 1.2 1.3 0.9
v 1.3 1.3 0.9
v -1.6 1.3 0.3
v -1.5 1.3 0.3
v 1.5 1.3 0.3
v 1.6 1.3 0.3
v -1.6 1.3 0.2
v -1.5 1.3 0.2
v 1.5 1.3 0.2
v 1.6 1.3 0.2
v -1.6 1.3 -0.2
v -1.5 1.3 -0.2
v 1.5 1.3 -0.2
v 1.6 1.3 -0.2
v -1.6 1.3 -0.3
v -1.5 1.3 -0.3
v 1.5 1.3 -0.3
v 1.6 1.3 -0.3
v -1.3 1.3 -0.9
v -1.2 1.3 -0.9
v 1.2 1.3 -0.9
v 1.3 1.3 -0.9
v -1.3 1.3 -1
v -1.2 1.3 -1
v 1.2 1.3 -1
v 1.3 1.3 -1
v -1 1.3 -1.2
v -0.9 1.3 -1.2
v 0.9 1.3 -1.2
v 1 1.3 -1.2
v -1 1.3 -1.3
v -0.9 1.3 -1.3
v 0.9 1.3 -1.3
v 1 1.3 -1.3
v -0.3 1.3 -1.5
v -0.2 1.3 -1.5
v 0.2 1.3 -1.5
v 0.3 1.3 -1.5
v -0.3 1.3 -1.6
v -0.2 1.3 -1.6
v 0.2 1.3 -1.6
v 0.3 1.3 -1.6
v -0.4 1.4 1.6
v -0.3 1.4 1.6
v 0.3 1.4 1.6
v 0.4 1.4 1.6
v -0.7 1.4 1.5
v -0.6 1.4 1.5
v -0.4 1.4 1.5
v -0.3 1.4 1.5
v 0.3 1.4 1.5
v 0.4 1.4 1.5
v 0.6 1.4 1.5
v 0.7 1.4 1.5
v -0.7 1.4 1.4
v -0.6 1.4 1.4
v 0.6 1.4 1.4
v 0.7 1.4 1.4
v -1.5 1.4 0.7
v -1.4 1.4 0.7
v 1.4 1.4 0.7
v 1.5 1.4 0.7
v -1.5 1.4 0.6
v -1.4 1.4 0.6
v 1.4 1.4 0.6
v 1.5 1.4 0.6
v -1.6 1.4 0.4
v -1.5 1.4 0.4
v 1.5 1.4 0.4
v 1.6 1.4 0.4
v -1.6 1.4 0.3
v -1.5 1.4 0.3
v 1.5 1.4 0.3
v 1.6 1.4 0.3
v -1.6 1.4 -0.3
v -1.5 1.4 -0.3
v 1.5 1.4 -0.3
v 1.6 1.4 -0.3
v -1.6 1.4 -0.4
v -1.5 1.4 -0.4
v 1.5 1.4 -0.4
v 1.6 1.4 -0.4
v -1.5 1.4 -0.6
v -1.4 1.4 -0.6
v 1.4 1.4 -0.6
v 1.5 1.4 -0.6
v -1.5 1.4 -0.7
v -1.4 1.4 -0.7
v 1.4 1.4 -0.7
v 1.5 1.4 -0.7
v -0.7 1.4 -1.4
v -0.6 1.4 -1.4
v 0.6 1.4 -1.4
v 0.7 1.4 -1.4
v -0.7 1.4 -1.5
v -0.6 1.4 -1.5
v -0.4 1.4 -1.5
v -0.3 1.4 -1.5
v 0.3 1.4 -1.5
v 0.4 1.4 -1.5
v 0.6 1.4 -1.5
v 0.7 1.4 -1.5
v -0.4 1.4 -1.6
v -0.3 1.4 -1.6
v 0.3 1.4 -1.6
v 0.4 1.4 -1.6
v -0.9 1.5 1.4
v -0.8 1.5 1.4
v 0.8 1.5 1.4
v 0.9 1.5 1.4
v -0.9 1.5 1.3
v -0.8 1.5 1.3
v 0.8 1.5 1.3
v 0.9 1.5 1.3
v -1.4 1.5 0.9
v -1.3 1.5 0.9
v 1.3 1.5 0.9
v 1.4 1.5 0.9
v -1.4 1.5 0.8
v -1.3 1.5 0.8
v 1.3 1.5 0.8
v 1.4 1.5 0.8
v -1.4 1.5 -0.8
v -1.3 1.5 -0.8
v 1.3 1.5 -0.8
v 1.4 1.5 -0.8
v -1.4 1.5 -0.9
v -1.3 1.5 -0.9
v 1.3 1.5 -0.9
v 1.4 1.5 -0.9
v -0.9 1.5 -1.3
v -0.8 1.5 -1.3
v 0.8 1.5 -1.3
v 0.9 1.5 -1.3
v -0.9 1.5 -1.4
v -0.8 1.5 -1.4
v 0.8 1.5 -1.4
v 0.9 1.5 -1.4
v -0.9 1.7 1.4
v -0.8 1.7 1.4
v 0.8 1.7 1.4
v 0.9 1.7 1.4
v -0.9 1.7 1.3
v -0.8 1.7 1.3
v 0.8 1.7 1.3
v 0.9 1.7 1.3
v -1.4 1.7 0.9
v -1.3 1.7 0.9
v 1.3 1.7 0.9
v 1.4 1.7 0.9
v -1.4 1.7 0.8
v -1.3 1.7 0.8
v 1.3 1.7 0.8
v 1.4 1.7 0.8
v -1.4 1.7 -0.8
v -1.3 1.7 -0.8
v 1.3 1.7 -0.8
v 1.4 1.7 -0.8
v -1.4 1.7 -0.9
v -1.3 1.7 -0.9
v 1.3 1.7 -0.9
v 1.4 1.7 -0.9
v -0.9 1.7 -1.3
v -0.8 1.7 -1.3
v 0.8 1.7 -1.3
v 0.9 1.7 -1.3
v -0.9 1.7 -1.4
v -0.8 1.7 -1.4
v 0.8 1.7 -1.4
v 0.9 1.7 -1.4
v -0.4 1.8 1.6
v -0.3 1.8 1.6
v 0.3 1.8 1.6
v 0.4 1.8 1.6
v -0.7 1.8 1.5
v -0.6 1.8 1.5
v -0.4 1.8 1.5
v -0.3 1.8 1.5
v 0.3 1.8 1.5
v 0.4 1.8 1.5
v 0.6 1.8 1.5
v 0.7 1.8 1.5
v -0.7 1.8 1.4
v -0.6 1.8 1.4
v 0.6 1.8 1.4
v 0.7 1.8 1.4
v -1.5 1.8 0.7
v -1.4 1.8 0.7
v 1.4 1.8 0.7
v 1.5 1.8 0.7
v -1.5 1.8 0.6
v -1.4 1.8 0.6
v 1.4 1.8 0.6
v 1.5 1.8 0.6
v -1.6 1.8 0.4
v -1.5 1.8 0.4
v 1.5 1.8 0.4
v 1.6 1.8 0.4
v -1.6 1.8 0.3
v -1.5 1.8 0.3
v 1.5 1.8 0.3
v 1.6 1.8 0.3
v -1.6 1.8 -0.3
v -1.5 1.8 -0.3
v 1.5 1.8 -0.3
v 1.6 1.8 -0.3
v -1.6 1.8 -0.4
v -1.5 1.8 -0.4
v 1.5 1.8 -0.4
v 1.6 1.8 -0.4
v -1.5 1.8 -0.6
v -1.4 1.8 -0.6
v 1.4 1.8 -0.6
v 1.5 1.8 -0.6
v -1.5 1.8 -0.7
v -1.4 1.8 -0.7
v 1.4 1.8 -0.7
v 1.5 1.8 -0.7
v -0.7 1.8 -1.4
v -0.6 1.8 -1.4
v 0.6 1.8 -1.4
v 0.7 1.8 -1.4
v -0.7 1.8 -1.5
v -0.6 1.8 -1.5
v -0.4 1.8 -1.5
v -0.3 1.8 -1.5
v 0.3 1.8 -1.5
v 0.4 1.8 -1.5
v 0.6 1.8 -1.5
v 0.7 1.8 -1.5
v -0.4 1.8 -1.6
v -0.3 1.8 -1.6
v 0.3 1.8 -1.6
v 0.4 1.8 -1.6
v -0.3 1.9 1.6
v -0.2 1.9 1.6
v 0.2 1.9 1.6
v 0.3 1.9 1.6
v -0.3 1.9 1.5
v -0.2 1.9 1.5
v 0.2 1.9 1.5
v 0.3 1.9 1.5
v -1 1.9 1.3
v -0.9 1.9 1.3
v 0.9 1.9 1.3
v 1 1.9 1.3
v -1 1.9 1.2
v -0.9 1.9 1.2
v 0.9 1.9 1.2
v 1 1.9 1.2
v -1.3 1.9 1
v -1.2 1.9 1
v 1.2 1.9 1
v 1.3 1.9 1
v -1.3 1.9 0.9
v -1.2 1.9 0.9
v 1.2 1.9 0.9
v 1.3 1.9 0.9
v -1.6 1.9 0.3
v -1.5 1.9 0.3
v 1.5 1.9 0.3
v 1.6 1.9 0.3
v -1.6 1.9 0.2
v -1.5 1.9 0.2
v 1.5 1.9 0.2
v 1.6 1.9 0.2
v -1.6 1.9 -0.2
v -1.5 1.9 -0.2
v 1.5 1.9 -0.2
v 1.6 1.9 -0.2
v -1.6 1.9 -0.3
v -1.5 1.9 -0.3
v 1.5 1.9 -0.3
v 1.6 1.9 -0.3
v -1.3 1.9 -0.9
v -1.2 1.9 -0.9
v 1.2 1.9 -0.9
v 1.3 1.9 -0.9
v -1.3 1.9 -1
v -1.2 1.9 -1
v 1.2 1.9 -1
v 1.3 1.9 -1
v -1 1.9 -1.2
v -0.9 1.9 -1.2
v 0.9 1.9 -1.2
v 1 1.9 -1.2
v -1 1.9 -1.3
v -0.9 1.9 -1.3
v 0.9 1.9 -1.3
v 1 1.9 -1.3
v -0.3 1.9 -1.5
v -0.2 1.9 -1.5
v 0.2 1.9 -1.5
v 0.3 1.9 -1.5
v -0.3 1.9 -1.6
v -0.2 1.9 -1.6
v 0.2 1.9 -1.6
v 0.3 1.9 -1.6
v -0.2 2 1.6
v 0.2 2 1.6
v -0.6 2 1.5
v -0.5 2 1.5
v -0.2 2 1.5
v 0.2 2 1.5
v 0.5 2 1.5
v 0.6 2 1.5
v -0.8 2 1.4
v -0.7 2 1.4
v -0.6 2 1.4
v -0.5 2 1.4
v 0.5 2 1.4
v 0.6 2 1.4
v 0.7 2 1.4
v 0.8 2 1.4
v -0.8 2 1.3
v -0.7 2 1.3
v 0.7 2 1.3
v 0.8 2 1.3
v -1.1 2 1.2
v -1 2 1.2
v 1 2 1.2
v 1.1 2 1.2
v -1.2 2 1.1
v -1.1 2 1.1
v -1 2 1.1
v 1 2 1.1
v 1.1 2 1.1
v 1.2 2 1.1
v -1.2 2 1
v -1.1 2 1
v 1.1 2 1
v 1.2 2 1
v -1.4 2 0.8
v -1.3 2 0.8
v 1.3 2 0.8
v 1.4 2 0.8
v -1.4 2 0.7
v -1.3 2 0.7
v 1.3 2 0.7
v 1.4 2 0.7
v -1.5 2 0.6
v -1.4 2 0.6
v 1.4 2 0.6
v 1.5 2 0.6
v -1.5 2 0.5
v -1.4 2 0.5
v 1.4 2 0.5
v 1.5 2 0.5
v -1.6 2 0.2
v -1.5 2 0.2
v 1.5 2 0.2
v 1.6 2 0.2
v 1.5 2 0.1
v 1.6 2 0.1
v -1.6 2 -0.2
v -1.5 2 -0.2
v 1.5 2 -0.2
v 1.6 2 -0.2
v -1.5 2 -0.5
v -1.4 2 -0.5
v 1.4 2 -0.5
v 1.5 2 -0.5
v -1.5 2 -0.6
v -1.4 2 -0.6
v 1.4 2 -0.6
v 1.5 2 -0.6
v -1.4 2 -0.7
v -1.3 2 -0.7
v 1.3 2 -0.7
v 1.4 2 -0.7
v -1.4 2 -0.8
v -1.3 2 -0.8
v 1.3 2 -0.8
v 1.4 2 -0.8
v -1.2 2 -1
v -1.1 2 -1
v 1.1 2 -1
v 1.2 2 -1
v -1.2 2 -1.1
v -1.1 2 -1.1
v -1 2 -1.1
v 1 2 -1.1
v 1.1 2 -1.1
v 1.2 2 -1.1
v -1.1 2 -1.2
v -1 2 -1.2
v 1 2 -1.2
v 1.1 2 -1.2
v -0.8 2 -1.3
v -0.7 2 -1.3
v 0.7 2 -1.3
v 0.8 2 -1.3
v -0.8 2 -1.4
v -0.7 2 -1.4
v -0.6 2 -1.4
v -0.5 2 -1.4
v 0.5 2 -1.4
v 0.6 2 -1.4
v 0.7 2 -1.4
v 0.8 2 -1.4
v -0.6 2 -1.5
v -0.5 2 -1.5
v -0.2 2 -1.5
v 0.1 2 -1.5
v 0.2 2 -1.5
v 0.5 2 -1.5
v 0.6 2 -1.5
v -0.2 2 -1.6
v 0.1 2 -1.6
v 0.2 2 -1.6
v -0.5 2.1 1.5
v -0.4 2.1 1.5
v 0.4 2.1 1.5
v 0.5 2.1 1.5
v -0.5 2.1 1.4
v -0.4 2.1 1.4
v 0.4 2.1 1.4
v 0.5 2.1 1.4
v -0.9 2.1 1.3
v -0.8 2.1 1.3
v 0.8 2.1 1.3
v 0.9 2.1 1.3
v -0.9 2.1 1.2
v -0.8 2.1 1.2
v 0.8 2.1 1.2
v 0.9 2.1 1.2
v -1.3 2.1 0.9
v -1.2 2.1 0.9
v 1.2 2.1 0.9
v 1.3 2.1 0.9
v -1.3 2.1 0.8
v -1.2 2.1 0.8
v 1.2 2.1 0.8
v 1.3 2.1 0.8
v -1.5 2.1 0.5
v -1.4 2.1 0.5
v 1.4 2.1 0.5
v 1.5 2.1 0.5
v -1.5 2.1 0.4
v -1.4 2.1 0.4
v 1.4 2.1 0.4
v 1.5 2.1 0.4
v -1.5 2.1 -0.4
v -1.4 2.1 -0.4
v 1.4 2.1 -0.4
v 1.5 2.1 -0.4
v -1.5 2.1 -0.5
v -1.4 2.1 -0.5
v 1.4 2.1 -0.5
v 1.5 2.1 -0.5
v -1.3 2.1 -0.8
v -1.2 2.1 -0.8
v 1.2 2.1 -0.8
v 1.3 2.1 -0.8
v -1.3 2.1 -0.9
v -1.2 2.1 -0.9
v 1.2 2.1 -0.9
v 1.3 2.1 -0.9
v -0.9 2.1 -1.2
v -0.8 2.1 -1.2
v 0.8 2.1 -1.2
v 0.9 2.1 -1.2
v -0.9 2.1 -1.3
v -0.8 2.1 -1.3
v 0.8 2.1 -1.3
v 0.9 2.1 -1.3
v -0.5 2.1 -1.4
v -0.4 2.1 -1.4
v 0.4 2.1 -1.4
v 0.5 2.1 -1.4
v -0.5 2.1 -1.5
v -0.4 2.1 -1.5
v 0.4 2.1 -1.5
v 0.5 2.1 -1.5
v -0.4 2.2 1.5
v -0.3 2.2 1.5
v -0.2 2.2 1.5
v 0.2 2.2 1.5
v 0.3 2.2 1.5
v 0.4 2.2 1.5
v -0.7 2.2 1.4
v -0.6 2.2 1.4
v -0.4 2.2 1.4
v -0.3 2.2 1.4
v -0.2 2.2 1.4
v 0.2 2.2 1.4
v 0.3 2.2 1.4
v 0.4 2.2 1.4
v 0.6 2.2 1.4
v 0.7 2.2 1.4
v -0.7 2.2 1.3
v -0.6 2.2 1.3
v 0.6 2.2 1.3
v 0.7 2.2 1.3
v -1 2.2 1.2
v -0.9 2.2 1.2
v 0.9 2.2 1.2
v 1 2.2 1.2
v -1.1 2.2 1.1
v -1 2.2 1.1
v -0.9 2.2 1.1
v 0.9 2.2 1.1
v 1 2.2 1.1
v 1.1 2.2 1.1
v -1.2 2.2 1
v -1.1 2.2 1
v -1 2.2 1
v 1 2.2 1
v 1.1 2.2 1
v 1.2 2.2 1
v -1.2 2.2 0.9
v -1.1 2.2 0.9
v 1.1 2.2 0.9
v 1.2 2.2 0.9
v -1.4 2.2 0.7
v -1.3 2.2 0.7
v 1.3 2.2 0.7
v 1.4 2.2 0.7
v -1.4 2.2 0.6
v -1.3 2.2 0.6
v 1.3 2.2 0.6
v 1.4 2.2 0.6
v -1.5 2.2 0.4
v -1.4 2.2 0.4
v 1.4 2.2 0.4
v 1.5 2.2 0.4
v -1.5 2.2 0.2
v -1.4 2.2 0.2
v 1.4 2.2 0.2
v 1.5 2.2 0.2
v -1.5 2.2 -0.2
v -1.4 2.2 -0.2
v 1.4 2.2 -0.2
v 1.5 2.2 -0.2
v -1.5 2.2 -0.4
v -1.4 2.2 -0.4
v 1.4 2.2 -0.4
v 1.5 2.2 -0.4
v -1.4 2.2 -0.6
v -1.3 2.2 -0.6
v 1.3 2.2 -0.6
v 1.4 2.2 -0.6
v -1.4 2.2 -0.7
v -1.3 2.2 -0.7
v 1.3 2.2 -0.7
v 1.4 2.2 -0.7
v -1.2 2.2 -0.9
v -1.1 2.2 -0.9
v 1.1 2.2 -0.9
v 1.2 2.2 -0.9
v -1.2 2.2 -1
v -1.1 2.2 -1
v -1 2.2 -1
v 1 2.2 -1
v 1.1 2.2 -1
v 1.2 2.2 -1
v -1.1 2.2 -1.1
v -1 2.2 -1.1
v -0.9 2.2 -1.1
v 0.9 2.2 -1.1
v 1 2.2 -1.1
v 1.1 2.2 -1.1
v -1 2.2 -1.2
v -0.9 2.2 -1.2
v 0.9 2.2 -1.2
v 1 2.2 -1.2
v -0.7 2.2 -1.3
v -0.6 2.2 -1.3
v 0.6 2.2 -1.3
v 0.7 2.2 -1.3
v -0.7 2.2 -1.4
v -0.6 2.2 -1.4
v -0.4 2.2 -1.4
v -0.2 2.2 -1.4
v 0.2 2.2 -1.4
v 0.4 2.2 -1.4
v 0.6 2.2 -1.4
v 0.7 2.2 -1.4
v -0.4 2.2 -1.5
v -0.2 2.2 -1.5
v 0.2 2.2 -1.5
v 0.4 2.2 -1.5
v -0.2 2.3 1.5
v 0.2 2.3 1.5
v -0.6 2.3 1.4
v -0.5 2.3 1.4
v -0.4 2.3 1.4
v -0.2 2.3 1.4
v 0.2 2.3 1.4
v 0.4 2.3 1.4
v 0.6 2.3 1.4
v -0.8 2.3 1.3
v -0.7 2.3 1.3
v -0.6 2.3 1.3
v -0.5 2.3 1.3
v -0.4 2.3 1.3
v 0.4 2.3 1.3
v 0.6 2.3 1.3
v 0.7 2.3 1.3
v 0.8 2.3 1.3
v -0.9 2.3 1.2
v -0.8 2.3 1.2
v -0.7 2.3 1.2
v 0.7 2.3 1.2
v 0.8 2.3 1.2
v 0.9 2.3 1.2
v -1 2.3 1.1
v -0.9 2.3 1.1
v -0.8 2.3 1.1
v 0.8 2.3 1.1
v 0.9 2.3 1.1
v 1 2.3 1.1
v -1.1 2.3 1
v -1 2.3 1
v -0.9 2.3 1
v 0.9 2.3 1
v 1 2.3 1
v 1.1 2.3 1
v -1.2 2.3 0.9
v -1.1 2.3 0.9
v -1 2.3 0.9
v 1 2.3 0.9
v 1.1 2.3 0.9
v 1.2 2.3 0.9
v -1.3 2.3 0.8
v -1.2 2.3 0.8
v -1.1 2.3 0.8
v 1.1 2.3 0.8
v 1.2 2.3 0.8
v 1.3 2.3 0.8
v -1.3 2.3 0.7
v -1.2 2.3 0.7
v 1.2 2.3 0.7
v 1.3 2.3 0.7
v -1.4 2.3 0.6
v -1.3 2.3 0.6
v 1.3 2.3 0.6
v 1.4 2.3 0.6
v -1.4 2.3 0.4
v -1.3 2.3 0.4
v 1.3 2.3 0.4
v 1.4 2.3 0.4
v -1.5 2.3 0.2
v -1.4 2.3 0.2
v 1.4 2.3 0.2
v 1.5 2.3 0.2
v 1.4 2.3 0
v 1.5 2.3 0
v 1.4 2.3 -0.1
v -1.5 2.3 -0.2
v -1.4 2.3 -0.2
v 1.4 2.3 -0.2
v 1.5 2.3 -0.2
v -1.4 2.3 -0.4
v -1.3 2.3 -0.4
v 1.3 2.3 -0.4
v 1.4 2.3 -0.4
v -1.4 2.3 -0.6
v -1.3 2.3 -0.6
v 1.3 2.3 -0.6
v 1.4 2.3 -0.6
v -1.3 2.3 -0.7
v -1.2 2.3 -0.7
v 1.2 2.3 -0.7
v 1.3 2.3 -0.7
v -1.3 2.3 -0.8
v -1.2 2.3 -0.8
v -1.1 2.3 -0.8
v 1.1 2.3 -0.8
v 1.2 2.3 -0.8
v 1.3 2.3 -0.8
v -1.2 2.3 -0.9
v -1.1 2.3 -0.9
v -1 2.3 -0.9
v 1 2.3 -0.9
v 1.1 2.3 -0.9
v 1.2 2.3 -0.9
v -1.1 2.3 -1
v -1 2.3 -1
v -0.9 2.3 -1
v 0.9 2.3 -1
v 1 2.3 -1
v 1.1 2.3 -1
v -1 2.3 -1.1
v -0.9 2.3 -1.1
v -0.8 2.3 -1.1
v 0.8 2.3 -1.1
v 0.9 2.3 -1.1
v 1 2.3 -1.1
v -0.9 2.3 -1.2
v -0.8 2.3 -1.2
v -0.7 2.3 -1.2
v 0.7 2.3 -1.2
v 0.8 2.3 -1.2
v 0.9 2.3 -1.2
v -0.8 2.3 -1.3
v -0.7 2.3 -1.3
v -0.6 2.3 -1.3
v -0.4 2.3 -1.3
v 0.4 2.3 -1.3
v 0.6 2.3 -1.3
v 0.7 2.3 -1.3
v 0.8 2.3 -1.3
v -0.6 2.3 -1.4
v -0.4 2.3 -1.4
v -0.2 2.3 -1.4
v -0.1 2.3 -1.4
v 0.2 2.3 -1.4
v 0.4 2.3 -1.4
v 0.6 2.3 -1.4
v -0.2 2.3 -1.5
v -0.1 2.3 -1.5
v 0.2 2.3 -1.5
v -0.4 2.4 1.4
v -0.1 2.4 1.4
v 0.1 2.4 1.4
v 0.4 2.4 1.4
v -0.7 2.4 1.3
v -0.5 2.4 1.3
v -0.4 2.4 1.3
v -0.1 2.4 1.3
v 0.1 2.4 1.3
v 0.4 2.4 1.3
v 0.5 2.4 1.3
v 0.7 2.4 1.3
v -0.8 2.4 1.2
v -0.7 2.4 1.2
v -0.5 2.4 1.2
v 0.5 2.4 1.2
v 0.7 2.4 1.2
v 0.8 2.4 1.2
v -0.8 2.4 1.1
v -0.7 2.4 1.1
v 0.7 2.4 1.1
v 0.8 2.4 1.1
v -1.2 2.4 0.8
v -1.1 2.4 0.8
v 1.1 2.4 0.8
v 1.2 2.4 0.8
v -1.3 2.4 0.7
v -1.2 2.4 0.7
v -1.1 2.4 0.7
v 1.1 2.4 0.7
v 1.2 2.4 0.7
v 1.3 2.4 0.7
v -1.3 2.4 0.5
v -1.2 2.4 0.5
v 1.2 2.4 0.5
v 1.3 2.4 0.5
v -1.4 2.4 0.4
v -1.3 2.4 0.4
v 1.3 2.4 0.4
v 1.4 2.4 0.4
v -1.4 2.4 0.1
v -1.3 2.4 0.1
v 1.3 2.4 0.1
v 1.4 2.4 0.1
v -1.4 2.4 -0.1
v -1.3 2.4 -0.1
v 1.3 2.4 -0.1
v 1.4 2.4 -0.1
v 1.3 2.4 -0.2
v 1.4 2.4 -0.2
v -1.4 2.4 -0.3
v -1.3 2.4 -0.3
v -1.4 2.4 -0.4
v -1.3 2.4 -0.4
v 1.3 2.4 -0.4
v 1.4 2.4 -0.4
v -1.3 2.4 -0.5
v -1.2 2.4 -0.5
v 1.2 2.4 -0.5
v 1.3 2.4 -0.5
v -1.3 2.4 -0.7
v -1.2 2.4 -0.7
v -1.1 2.4 -0.7
v 1.1 2.4 -0.7
v 1.2 2.4 -0.7
v 1.3 2.4 -0.7
v -1.2 2.4 -0.8
v -1.1 2.4 -0.8
v 1.1 2.4 -0.8
v 1.2 2.4 -0.8
v -0.8 2.4 -1.1
v -0.7 2.4 -1.1
v 0.7 2.4 -1.1
v 0.8 2.4 -1.1
v -0.8 2.4 -1.2
v -0.7 2.4 -1.2
v -0.5 2.4 -1.2
v 0.5 2.4 -1.2
v 0.7 2.4 -1.2
v 0.8 2.4 -1.2
v -0.7 2.4 -1.3
v -0.5 2.4 -1.3
v -0.4 2.4 -1.3
v -0.2 2.4 -1.3
v -0.1 2.4 -1.3
v 0.1 2.4 -1.3
v 0.4 2.4 -1.3
v 0.5 2.4 -1.3
v 0.7 2.4 -1.3
v -0.4 2.4 -1.4
v -0.2 2.4 -1.4
v -0.1 2.4 -1.4
v 0.1 2.4 -1.4
v 0.4 2.4 -1.4
v -0.1 2.5 1.4
v 0.1 2.5 1.4
v -0.5 2.5 1.3
v -0.3 2.5 1.3
v -0.1 2.5 1.3
v 0.1 2.5 1.3
v 0.3 2.5 1.3
v 0.5 2.5 1.3
v -0.7 2.5 1.2
v -0.6 2.5 1.2
v -0.5 2.5 1.2
v -0.3 2.5 1.2
v 0.3 2.5 1.2
v 0.5 2.5 1.2
v 0.6 2.5 1.2
v 0.7 2.5 1.2
v -0.9 2.5 1.1
v -0.7 2.5 1.1
v -0.6 2.5 1.1
v 0.6 2.5 1.1
v 0.7 2.5 1.1
v 0.9 2.5 1.1
v -1 2.5 1
v -0.9 2.5 1
v -0.7 2.5 1
v 0.7 2.5 1
v 0.9 2.5 1
v 1 2.5 1
v -1.1 2.5 0.9
v -1 2.5 0.9
v -0.9 2.5 0.9
v 0.9 2.5 0.9
v 1 2.5 0.9
v 1.1 2.5 0.9
v 1 2.5 0.8
v -1.2 2.5 0.7
v -1.1 2.5 0.7
v -1 2.5 0.7
v 1 2.5 0.7
v 1.1 2.5 0.7
v 1.2 2.5 0.7
v -1.2 2.5 0.6
v -1.1 2.5 0.6
v 1.1 2.5 0.6
v 1.2 2.5 0.6
v -1.3 2.5 0.5
v -1.2 2.5 0.5
v 1.2 2.5 0.5
v 1.3 2.5 0.5
v -1.3 2.5 0.3
v -1.2 2.5 0.3
v 1.2 2.5 0.3
v 1.3 2.5 0.3
v -1.4 2.5 0.1
v -1.3 2.5 0.1
v 1.3 2.5 0.1
v 1.4 2.5 0.1
v -1.4 2.5 -0.1
v -1.3 2.5 -0.1
v 1.3 2.5 -0.1
v 1.4 2.5 -0.1
v -1.3 2.5 -0.3
v -1.2 2.5 -0.3
v 1.2 2.5 -0.3
v 1.3 2.5 -0.3
v -1.3 2.5 -0.5
v -1.2 2.5 -0.5
v 1.2 2.5 -0.5
v 1.3 2.5 -0.5
v -1.2 2.5 -0.6
v -1.1 2.5 -0.6
v 1.1 2.5 -0.6
v 1.2 2.5 -0.6
v -1.2 2.5 -0.7
v -1.1 2.5 -0.7
v -1 2.5 -0.7
v 1 2.5 -0.7
v 1.1 2.5 -0.7
v 1.2 2.5 -0.7
v -1.1 2.5 -0.9
v -1 2.5 -0.9
v -0.9 2.5 -0.9
v 0.9 2.5 -0.9
v 1 2.5 -0.9
v 1.1 2.5 -0.9
v -1 2.5 -1
v -0.9 2.5 -1
v -0.7 2.5 -1
v 0.7 2.5 -1
v 0.9 2.5 -1
v 1 2.5 -1
v -0.9 2.5 -1.1
v -0.7 2.5 -1.1
v -0.6 2.5 -1.1
v 0.6 2.5 -1.1
v 0.7 2.5 -1.1
v 0.9 2.5 -1.1
v -0.7 2.5 -1.2
v -0.6 2.5 -1.2
v -0.5 2.5 -1.2
v -0.4 2.5 -1.2
v -0.3 2.5 -1.2
v 0.3 2.5 -1.2
v 0.5 2.5 -1.2
v 0.6 2.5 -1.2
v 0.7 2.5 -1.2
v -0.5 2.5 -1.3
v -0.4 2.5 -1.3
v -0.3 2.5 -1.3
v -0.1 2.5 -1.3
v 0.1 2.5 -1.3
v 0.3 2.5 -1.3
v 0.5 2.5 -1.3
v -0.1 2.5 -1.4
v 0.1 2.5 -1.4
v -0.3 2.6 1.3
v 0.3 2.6 1.3
v -0.6 2.6 1.2
v -0.4 2.6 1.2
v -0.3 2.6 1.2
v 0.3 2.6 1.2
v 0.4 2.6 1.2
v 0.6 2.6 1.2
v -0.7 2.6 1.1
v -0.6 2.6 1.1
v -0.4 2.6 1.1
v 0.4 2.6 1.1
v 0.6 2.6 1.1
v 0.7 2.6 1.1
v -0.9 2.6 1
v -0.7 2.6 1
v -0.6 2.6 1
v 0.6 2.6 1
v 0.7 2.6 1
v 0.9 2.6 1
v -1 2.6 0.9
v -0.9 2.6 0.9
v -0.7 2.6 0.9
v 0.7 2.6 0.9
v 0.9 2.6 0.9
v 1 2.6 0.9
v 0.9 2.6 0.8
v 1 2.6 0.8
v -1.1 2.6 0.7
v -1 2.6 0.7
v -0.9 2.6 0.7
v 0.9 2.6 0.7
v 1 2.6 0.7
v 1.1 2.6 0.7
v -1.2 2.6 0.6
v -1.1 2.6 0.6
v -1 2.6 0.6
v 1 2.6 0.6
v 1.1 2.6 0.6
v 1.2 2.6 0.6
v -1.2 2.6 0.4
v -1.1 2.6 0.4
v 1.1 2.6 0.4
v 1.2 2.6 0.4
v -1.3 2.6 0.3
v -1.2 2.6 0.3
v 1.2 2.6 0.3
v 1.3 2.6 0.3
v 1.2 2.6 0.1
v 1.2 2.6 -0.1
v 1.3 2.6 -0.1
v -1.2 2.6 -0.2
v -1.3 2.6 -0.3
v -1.2 2.6 -0.3
v 1.2 2.6 -0.3
v 1.3 2.6 -0.3
v -1.2 2.6 -0.4
v -1.1 2.6 -0.4
v 1.1 2.6 -0.4
v 1.2 2.6 -0.4
v -1.2 2.6 -0.5
v -1.1 2.6 -0.5
v -1.2 2.6 -0.6
v -1.1 2.6 -0.6
v -1 2.6 -0.6
v 1 2.6 -0.6
v 1.1 2.6 -0.6
v 1.2 2.6 -0.6
v -1.1 2.6 -0.7
v -1 2.6 -0.7
v -0.9 2.6 -0.7
v 0.9 2.6 -0.7
v 1 2.6 -0.7
v 1.1 2.6 -0.7
v -1 2.6 -0.9
v -0.9 2.6 -0.9
v -0.7 2.6 -0.9
v 0.7 2.6 -0.9
v 0.9 2.6 -0.9
v 1 2.6 -0.9
v -0.9 2.6 -1
v -0.7 2.6 -1
v -0.6 2.6 -1
v 0.6 2.6 -1
v 0.7 2.6 -1
v 0.9 2.6 -1
v -0.7 2.6 -1.1
v -0.6 2.6 -1.1
v -0.5 2.6 -1.1
v -0.4 2.6 -1.1
v 0.4 2.6 -1.1
v 0.6 2.6 -1.1
v 0.7 2.6 -1.1
v -0.6 2.6 -1.2
v -0.4 2.6 -1.2
v -0.3 2.6 -1.2
v 0.3 2.6 -1.2
v 0.4 2.6 -1.2
v 0.6 2.6 -1.2
v -0.3 2.6 -1.3
v 0.3 2.6 -1.3
v -0.4 2.7 1.2
v 0.4 2.7 1.2
v -0.6 2.7 1.1
v -0.4 2.7 1.1
v 0.4 2.7 1.1
v 0.6 2.7 1.1
v -0.7 2.7 1
v -0.6 2.7 1
v -0.4 2.7 1
v 0.4 2.7 1
v 0.6 2.7 1
v 0.7 2.7 1
v -0.9 2.7 0.9
v -0.7 2.7 0.9
v -0.6 2.7 0.9
v 0.6 2.7 0.9
v 0.7 2.7 0.9
v 0.9 2.7 0.9
v -0.8 2.7 0.8
v -0.7 2.7 0.8
v 0.7 2.7 0.8
v 0.8 2.7 0.8
v -1 2.7 0.7
v -0.9 2.7 0.7
v -0.8 2.7 0.7
v 0.8 2.7 0.7
v 0.9 2.7 0.7
v 1 2.7 0.7
v -1.1 2.7 0.6
v -1 2.7 0.6
v -0.9 2.7 0.6
v 0.9 2.7 0.6
v 1 2.7 0.6
v 1.1 2.7 0.6
v -1.2 2.7 0.4
v -1.1 2.7 0.4
v -1 2.7 0.4
v 1 2.7 0.4
v 1.1 2.7 0.4
v 1.2 2.7 0.4
v -1.1 2.7 0.3
v 1.1 2.7 0.3
v 1.1 2.7 0.1
v 1.2 2.7 0.1
v -1.1 2.7 -0.1
v -1.2 2.7 -0.2
v -1.1 2.7 -0.2
v -1.2 2.7 -0.4
v -1.1 2.7 -0.4
v -1 2.7 -0.4
v 1 2.7 -0.4
v 1.1 2.7 -0.4
v 1.2 2.7 -0.4
v 1 2.7 -0.5
v -1.1 2.7 -0.6
v -1 2.7 -0.6
v -0.9 2.7 -0.6
v 0.9 2.7 -0.6
v 1 2.7 -0.6
v 1.1 2.7 -0.6
v -1 2.7 -0.7
v -0.9 2.7 -0.7
v -0.8 2.7 -0.7
v 0.8 2.7 -0.7
v 0.9 2.7 -0.7
v 1 2.7 -0.7
v -0.8 2.7 -0.8
v -0.7 2.7 -0.8
v 0.7 2.7 -0.8
v 0.8 2.7 -0.8
v -0.9 2.7 -0.9
v -0.7 2.7 -0.9
v -0.6 2.7 -0.9
v 0.6 2.7 -0.9
v 0.7 2.7 -0.9
v 0.9 2.7 -0.9
v -0.7 2.7 -1
v -0.6 2.7 -1
v -0.5 2.7 -1
v -0.4 2.7 -1
v 0.4 2.7 -1
v 0.6 2.7 -1
v 0.7 2.7 -1
v -0.6 2.7 -1.1
v -0.5 2.7 -1.1
v -0.4 2.7 -1.1
v 0.4 2.7 -1.1
v 0.6 2.7 -1.1
v -0.4 2.7 -1.2
v 0.4 2.7 -1.2
v -0.4 2.8 1.1
v 0.4 2.8 1.1
v -0.6 2.8 1
v -0.4 2.8 1
v -0.3 2.8 1
v 0.3 2.8 1
v 0.4 2.8 1
v 0.6 2.8 1
v -0.7 2.8 0.9
v -0.6 2.8 0.9
v -0.5 2.8 0.9
v -0.3 2.8 0.9
v 0.3 2.8 0.9
v 0.5 2.8 0.9
v 0.6 2.8 0.9
v 0.7 2.8 0.9
v -0.8 2.8 0.8
v -0.7 2.8 0.8
v -0.5 2.8 0.8
v 0.5 2.8 0.8
v 0.7 2.8 0.8
v 0.8 2.8 0.8
v -0.9 2.8 0.7
v -0.8 2.8 0.7
v -0.7 2.8 0.7
v 0.7 2.8 0.7
v 0.8 2.8 0.7
v 0.9 2.8 0.7
v -1 2.8 0.6
v -0.9 2.8 0.6
v 0.8 2.8 0.6
v 0.9 2.8 0.6
v 1 2.8 0.6
v -0.9 2.8 0.5
v -0.8 2.8 0.5
v 0.8 2.8 0.5
v 0.9 2.8 0.5
v -1.1 2.8 0.4
v -1 2.8 0.4
v 0.9 2.8 0.4
v 1 2.8 0.4
v 1.1 2.8 0.4
v -1.1 2.8 0.3
v -1 2.8 0.3
v -0.9 2.8 0.3
v 0.9 2.8 0.3
v 1 2.8 0.3
v 1.1 2.8 0.3
v -1.1 2.8 -0.1
v -1 2.8 -0.1
v -1 2.8 -0.3
v -0.9 2.8 -0.3
v 0.9 2.8 -0.3
v 1 2.8 -0.3
v -1.1 2.8 -0.4
v -1 2.8 -0.4
v 1 2.8 -0.4
v 1.1 2.8 -0.4
v -0.9 2.8 -0.5
v -0.8 2.8 -0.5
v 0.8 2.8 -0.5
v 0.9 2.8 -0.5
v 1 2.8 -0.5
v -1 2.8 -0.6
v -0.9 2.8 -0.6
v -0.8 2.8 -0.6
v 0.8 2.8 -0.6
v 0.9 2.8 -0.6
v 1 2.8 -0.6
v -0.9 2.8 -0.7
v -0.8 2.8 -0.7
v -0.7 2.8 -0.7
v 0.7 2.8 -0.7
v 0.8 2.8 -0.7
v 0.9 2.8 -0.7
v -0.8 2.8 -0.8
v -0.7 2.8 -0.8
v -0.5 2.8 -0.8
v 0.5 2.8 -0.8
v 0.7 2.8 -0.8
v 0.8 2.8 -0.8
v -0.7 2.8 -0.9
v -0.6 2.8 -0.9
v -0.5 2.8 -0.9
v -0.4 2.8 -0.9
v -0.3 2.8 -0.9
v 0.3 2.8 -0.9
v 0.5 2.8 -0.9
v 0.6 2.8 -0.9
v 0.7 2.8 -0.9
v -0.6 2.8 -1
v -0.4 2.8 -1
v -0.3 2.8 -1
v 0.3 2.8 -1
v 0.4 2.8 -1
v 0.6 2.8 -1
v -0.4 2.8 -1.1
v 0.4 2.8 -1.1
v -0.3 2.9 1
v 0.3 2.9 1
v -0.5 2.9 0.9
v -0.3 2.9 0.9
v -0.1 2.9 0.9
v 0.1 2.9 0.9
v 0.3 2.9 0.9
v 0.5 2.9 0.9
v -0.7 2.9 0.8
v -0.5 2.9 0.8
v -0.4 2.9 0.8
v -0.3 2.9 0.8
v -0.1 2.9 0.8
v 0.1 2.9 0.8
v 0.4 2.9 0.8
v 0.5 2.9 0.8
v 0.7 2.9 0.8
v -0.8 2.9 0.7
v -0.7 2.9 0.7
v -0.6 2.9 0.7
v -0.4 2.9 0.7
v 0.4 2.9 0.7
v 0.6 2.9 0.7
v 0.7 2.9 0.7
v 0.8 2.9 0.7
v -0.7 2.9 0.6
v -0.6 2.9 0.6
v 0.6 2.9 0.6
v 0.7 2.9 0.6
v 0.8 2.9 0.6
v -0.9 2.9 0.5
v -0.8 2.9 0.5
v 0.8 2.9 0.5
v 0.9 2.9 0.5
v -0.8 2.9 0.4
v -0.7 2.9 0.4
v 0.7 2.9 0.4
v 0.8 2.9 0.4
v -1 2.9 0.3
v -0.9 2.9 0.3
v 0.9 2.9 0.3
v 1 2.9 0.3
v 0.8 2.9 0.2
v -0.9 2.9 0.1
v -0.8 2.9 0.1
v 0.8 2.9 0.1
v 0.9 2.9 0.1
v -1 2.9 -0.1
v -0.9 2.9 -0.1
v -0.8 2.9 -0.1
v 0.8 2.9 -0.1
v 0.9 2.9 -0.1
v -1 2.9 -0.3
v -0.9 2.9 -0.3
v -0.8 2.9 -0.3
v 0.9 2.9 -0.3
v 1 2.9 -0.3
v -0.8 2.9 -0.4
v -0.7 2.9 -0.4
v 0.7 2.9 -0.4
v 0.8 2.9 -0.4
v -0.9 2.9 -0.5
v -0.8 2.9 -0.5
v 0.8 2.9 -0.5
v 0.9 2.9 -0.5
v -0.8 2.9 -0.6
v -0.7 2.9 -0.6
v -0.6 2.9 -0.6
v 0.6 2.9 -0.6
v 0.7 2.9 -0.6
v -0.8 2.9 -0.7
v -0.7 2.9 -0.7
v -0.6 2.9 -0.7
v -0.4 2.9 -0.7
v 0.4 2.9 -0.7
v 0.6 2.9 -0.7
v 0.7 2.9 -0.7
v 0.8 2.9 -0.7
v -0.7 2.9 -0.8
v -0.5 2.9 -0.8
v -0.4 2.9 -0.8
v -0.1 2.9 -0.8
v 0.1 2.9 -0.8
v 0.4 2.9 -0.8
v 0.5 2.9 -0.8
v 0.7 2.9 -0.8
v -0.5 2.9 -0.9
v -0.4 2.9 -0.9
v -0.3 2.9 -0.9
v -0.1 2.9 -0.9
v 0.1 2.9 -0.9
v 0.3 2.9 -0.9
v 0.5 2.9 -0.9
v -0.3 2.9 -1
v 0.3 2.9 -1
v -0.1 3 0.9
v 0.1 3 0.9
v -0.4 3 0.8
v -0.3 3 0.8
v -0.1 3 0.8
v 0 3 0.8
v 0.1 3 0.8
v 0.4 3 0.8
v -0.6 3 0.7
v -0.4 3 0.7
v -0.3 3 0.7
v -0.2 3 0.7
v 0 3 0.7
v 0.2 3 0.7
v 0.4 3 0.7
v 0.6 3 0.7
v -0.7 3 0.6
v -0.6 3 0.6
v -0.4 3 0.6
v -0.2 3 0.6
v 0.2 3 0.6
v 0.4 3 0.6
v 0.6 3 0.6
v 0.7 3 0.6
v -0.5 3 0.5
v -0.4 3 0.5
v 0.4 3 0.5
v 0.5 3 0.5
v -0.8 3 0.4
v -0.7 3 0.4
v -0.6 3 0.4
v -0.5 3 0.4
v 0.5 3 0.4
v 0.6 3 0.4
v 0.7 3 0.4
v 0.8 3 0.4
v 0.6 3 0.3
v 0.7 3 0.3
v -0.7 3 0.2
v -0.6 3 0.2
v 0.6 3 0.2
v 0.7 3 0.2
v 0.8 3 0.2
v -0.9 3 0.1
v -0.8 3 0.1
v 0.8 3 0.1
v 0.9 3 0.1
v 0.7 3 0
v 0.8 3 0
v -0.9 3 -0.1
v -0.8 3 -0.1
v 0.8 3 -0.1
v 0.9 3 -0.1
v -0.7 3 -0.2
v -0.6 3 -0.2
v 0.6 3 -0.2
v 0.7 3 -0.2
v -0.8 3 -0.3
v -0.7 3 -0.3
v -0.6 3 -0.3
v -0.8 3 -0.4
v -0.7 3 -0.4
v -0.6 3 -0.4
v -0.5 3 -0.4
v 0.5 3 -0.4
v 0.6 3 -0.4
v 0.7 3 -0.4
v 0.8 3 -0.4
v -0.5 3 -0.5
v -0.4 3 -0.5
v 0.4 3 -0.5
v 0.5 3 -0.5
v -0.7 3 -0.6
v -0.6 3 -0.6
v -0.4 3 -0.6
v -0.2 3 -0.6
v 0.2 3 -0.6
v 0.4 3 -0.6
v 0.6 3 -0.6
v 0.7 3 -0.6
v -0.6 3 -0.7
v -0.4 3 -0.7
v -0.2 3 -0.7
v 0.2 3 -0.7
v 0.4 3 -0.7
v 0.6 3 -0.7
v -0.4 3 -0.8
v -0.1 3 -0.8
v 0.1 3 -0.8
v 0.4 3 -0.8
v -0.1 3 -0.9
v 0.1 3 -0.9
v -0.2 3.1 0.7
v 0.2 3.1 0.7
v -0.4 3.1 0.6
v -0.2 3.1 0.6
v 0.2 3.1 0.6
v 0.4 3.1 0.6
v -0.5 3.1 0.5
v -0.4 3.1 0.5
v 0.4 3.1 0.5
v 0.5 3.1 0.5
v -0.6 3.1 0.4
v -0.5 3.1 0.4
v -0.2 3.1 0.4
v 0.2 3.1 0.4
v 0.3 3.1 0.4
v 0.5 3.1 0.4
v 0.6 3.1 0.4
v -0.4 3.1 0.3
v -0.3 3.1 0.3
v -0.2 3.1 0.3
v 0.2 3.1 0.3
v 0.3 3.1 0.3
v -0.7 3.1 0.2
v -0.6 3.1 0.2
v -0.5 3.1 0.2
v -0.4 3.1 0.2
v -0.3 3.1 0.2
v 0.3 3.1 0.2
v 0.4 3.1 0.2
v 0.6 3.1 0.2
v 0.7 3.1 0.2
v -0.6 3.1 0.1
v -0.5 3.1 0.1
v -0.7 3.1 -0.2
v -0.6 3.1 -0.2
v -0.4 3.1 -0.2
v -0.3 3.1 -0.2
v 0.3 3.1 -0.2
v 0.4 3.1 -0.2
v 0.6 3.1 -0.2
v 0.7 3.1 -0.2
v -0.6 3.1 -0.3
v -0.5 3.1 -0.3
v -0.3 3.1 -0.3
v -0.2 3.1 -0.3
v 0.2 3.1 -0.3
v 0.3 3.1 -0.3
v -0.6 3.1 -0.4
v -0.5 3.1 -0.4
v -0.4 3.1 -0.4
v -0.2 3.1 -0.4
v -0.1 3.1 -0.4
v 0.1 3.1 -0.4
v 0.2 3.1 -0.4
v 0.5 3.1 -0.4
v 0.6 3.1 -0.4
v -0.5 3.1 -0.5
v -0.4 3.1 -0.5
v -0.1 3.1 -0.5
v 0.4 3.1 -0.5
v 0.5 3.1 -0.5
v -0.4 3.1 -0.6
v -0.2 3.1 -0.6
v 0.2 3.1 -0.6
v 0.4 3.1 -0.6
v -0.2 3.1 -0.7
v 0.2 3.1 -0.7
v -0.2 3.2 0.4
v 0.2 3.2 0.4
v -0.3 3.2 0.3
v -0.2 3.2 0.3
v -0.1 3.2 0.3
v 0 3.2 0.3
v 0.2 3.2 0.3
v 0.3 3.2 0.3
v -0.4 3.2 0.2
v -0.3 3.2 0.2
v -0.1 3.2 0.2
v 0 3.2 0.2
v 0.3 3.2 0.2
v 0.4 3.2 0.2
v 0 3.2 0.1
v 0.1 3.2 0.1
v 0.2 3.2 -0.1
v 0.3 3.2 -0.1
v -0.4 3.2 -0.2
v -0.3 3.2 -0.2
v 0.3 3.2 -0.2
v 0.4 3.2 -0.2
v -0.3 3.2 -0.3
v -0.2 3.2 -0.3
v 0.1 3.2 -0.3
v 0.2 3.2 -0.3
v 0.3 3.2 -0.3
v -0.2 3.2 -0.4
v 0.1 3.2 -0.4
v 0.2 3.2 -0.4

# faces
f 4/3/1 2/3/1 1/3/1
f 5/3/1 2/3/1 4/3/1
f 8/3/1 4/3/1 3/3/1
f 8/3/1 6/3/1 5/3/1
f 8/3/1 5/3/1 4/3/1
f 9/3/1 6/3/1 8/3/1
f 11/3/1 8/3/1 7/3/1
f 11/3/1 10/3/1 9/3/1
f 11/3/1 9/3/1 8/3/1
f 12/3/1 10/3/1 11/3/1
f 13/1/1 12/1/1 11/1/1
f 14/1/1 12/1/1 13/1/1
f 15/3/1 10/3/1 12/3/1
f 15/1/1 12/1/1 14/1/1
f 16/3/1 10/3/1 15/3/1
f 17/3/1 10/3/1 16/3/1
f 18/3/1 10/3/1 17/3/1
f 19/1/1 15/1/1 14/1/1
f 19/1/1 16/1/1 15/1/1
f 20/1/1 16/1/1 19/1/1
f 21/3/1 17/3/1 16/3/1
f 21/1/1 16/1/1 20/1/1
f 22/3/1 17/3/1 21/3/1
f 23/1/1 21/1/1 20/1/1
f 24/1/1 21/1/1 23/1/1
f 28/3/1 26/3/1 25/3/1
f 29/3/1 26/3/1 28/3/1
f 32/1/1 28/1/1 27/1/1
f 33/1/1 28/1/1 32/1/1
f 34/3/1 30/3/1 29/3/1
f 34/1/1 28/1/1 33/1/1
f 34/3/1 29/3/1 28/3/1
f 35/3/1 30/3/1 34/3/1
f 38/1/1 33/1/1 32/1/1
f 38/1/1 32/1/1 31/1/1
f 39/3/1 36/3/1 35/3/1
f 39/3/1 35/3/1 34/3/1
f 39/1/1 33/1/1 38/1/1
f 39/3/1 34/3/1 33/3/1
f 40/3/1 36/3/1 39/3/1
f 41/3/1 36/3/1 40/3/1
f 42/3/1 36/3/1 41/3/1
f 44/3/1 38/3/1 37/3/1
f 44/3/1 39/3/1 38/3/1
f 44/3/1 40/3/1 39/3/1
f 45/3/1 40/3/1 44/3/1
f 46/3/1 43/3/1 42/3/1
f 46/3/1 42/3/1 41/3/1
f 47/3/1 43/3/1 46/3/1
f 49/3/1 44/3/1 37/3/1
f 50/3/1 44/3/1 49/3/1
f 51/3/1 44/3/1 50/3/1
f 52/3/1 43/3/1 47/3/1
f 53/3/1 43/3/1 52/3/1
f 54/3/1 43/3/1 53/3/1
f 55/3/1 43/3/1 54/3/1
f 57/3/1 54/3/1 53/3/1
f 58/1/1 56/1/1 55/1/1
f 58/3/1 54/3/1 57/3/1
f 58/1/1 55/1/1 54/1/1
f 59/3/1 49/3/1 48/3/1
f 59/3/1 50/3/1 49/3/1
f 60/3/1 59/3/1 48/3/1
f 61/3/1 59/3/1 60/3/1
f 62/3/1 59/3/1 61/3/1
f 65/1/1 58/1/1 57/1/1
f 66/1/1 56/1/1 58/1/1
f 66/1/1 58/1/1 65/1/1
f 67/1/1 56/1/1 66/1/1
f 68/3/1 62/3/1 61/3/1
f 69/1/1 63/1/1 62/1/1
f 69/3/1 62/3/1 68/3/1
f 70/1/1 63/1/1 69/1/1
f 73/3/1 65/3/1 64/3/1
f 74/1/1 66/1/1 65/1/1
f 74/3/1 65/3/1 73/3/1
f 75/1/1 66/1/1 74/1/1
f 76/3/1 68/3/1 61/3/1
f 77/1/1 71/1/1 70/1/1
f 77/3/1 68/3/1 76/3/1
f 77/1/1 69/1/1 68/1/1
f 77/1/1 70/1/1 69/1/1
f 78/1/1 71/1/1 77/1/1
f 79/3/1 73/3/1 72/3/1
f 79/3/1 75/3/1 74/3/1
f 79/3/1 74/3/1 73/3/1
f 80/1/1 66/1/1 75/1/1
f 80/3/1 75/3/1 79/3/1
f 81/1/1 66/1/1 80/1/1
f 82/1/1 79/1/1 78/1/1
f 82/1/1 78/1/1 77/1/1
f 83/1/1 79/1/1 82/1/1
f 84/3/1 80/3/1 79/3/1
f 85/3/1 80/3/1 84/3/1
f 86/1/1 79/1/1 83/1/1
f 87/1/1 79/1/1 86/1/1
f 88/3/1 84/3/1 79/3/1
f 88/1/1 79/1/1 87/1/1
f 89/3/1 84/3/1 88/3/1
f 90/1/1 88/1/1 87/1/1
f 91/1/1 88/1/1 90/1/1
f 96/3/1 93/3/1 92/3/1
f 97/3/1 93/3/1 96/3/1
f 100/1/1 95/1/1 94/1/1
f 101/3/1 98/3/1 97/3/1
f 101/3/1 96/3/1 95/3/1
f 101/1/1 95/1/1 100/1/1
f 101/3/1 97/3/1 96/3/1
f 102/3/1 98/3/1 101/3/1
f 103/3/1 98/3/1 102/3/1
f 106/1/1 100/1/1 99/1/1
f 106/1/1 101/1/1 100/1/1
f 107/1/1 101/1/1 106/1/1
f 108/1/1 101/1/1 107/1/1
f 109/3/1 103/3/1 102/3/1
f 109/3/1 104/3/1 103/3/1
f 110/3/1 104/3/1 109/3/1
f 111/3/1 104/3/1 110/3/1
f 113/1/1 107/1/1 106/1/1
f 113/1/1 106/1/1 105/1/1
f 114/1/1 107/1/1 113/1/1
f 115/3/1 112/3/1 111/3/1
f 115/3/1 111/3/1 110/3/1
f 116/3/1 112/3/1 115/3/1
f 118/1/1 113/1/1 105/1/1
f 119/1/1 113/1/1 118/1/1
f 120/1/1 113/1/1 119/1/1
f 121/3/1 112/3/1 116/3/1
f 122/3/1 112/3/1 121/3/1
f 123/3/1 112/3/1 122/3/1
f 125/3/1 124/3/1 123/3/1
f 125/3/1 123/3/1 122/3/1
f 126/3/1 124/3/1 125/3/1
f 127/3/1 118/3/1 117/3/1
f 127/3/1 119/3/1 118/3/1
f 128/3/1 119/3/1 127/3/1
f 129/3/1 125/3/1 122/3/1
f 130/1/1 126/1/1 125/1/1
f 130/3/1 125/3/1 129/3/1
f 132/3/1 127/3/1 117/3/1
f 133/1/1 126/1/1 130/1/1
f 135/3/1 132/3/1 131/3/1
f 136/3/1 127/3/1 132/3/1
f 136/3/1 132/3/1 135/3/1
f 137/1/1 133/1/1 130/1/1
f 137/1/1 134/1/1 133/1/1
f 138/1/1 134/1/1 137/1/1
f 139/3/1 127/3/1 136/3/1
f 142/1/1 137/1/1 130/1/1
f 143/3/1 140/3/1 139/3/1
f 143/3/1 139/3/1 136/3/1
f 144/3/1 140/3/1 143/3/1
f 145/3/1 140/3/1 144/3/1
f 148/1/1 142/1/1 141/1/1
f 149/1/1 137/1/1 142/1/1
f 149/1/1 142/1/1 148/1/1
f 150/1/1 137/1/1 149/1/1
f 151/3/1 146/3/1 145/3/1
f 151/3/1 145/3/1 144/3/1
f 154/3/1 148/3/1 147/3/1
f 154/3/1 149/3/1 148/3/1
f 155/3/1 151/3/1 144/3/1
f 156/3/1 151/3/1 155/3/1
f 157/1/1 152/1/1 151/1/1
f 157/3/1 151/3/1 156/3/1
f 158/1/1 152/1/1 157/1/1
f 161/3/1 154/3/1 153/3/1
f 162/3/1 149/3/1 154/3/1
f 162/3/1 154/3/1 161/3/1
f 163/3/1 149/3/1 162/3/1
f 164/1/1 159/1/1 158/1/1
f 164/1/1 157/1/1 156/1/1
f 164/1/1 158/1/1 157/1/1
f 165/1/1 159/1/1 164/1/1
f 166/1/1 159/1/1 165/1/1
f 167/3/1 162/3/1 161/3/1
f 167/3/1 161/3/1 160/3/1
f 168/3/1 162/3/1 167/3/1
f 169/3/1 162/3/1 168/3/1
f 170/3/1 162/3/1 169/3/1
f 171/1/1 166/1/1 165/1/1
f 171/1/1 167/1/1 166/1/1
f 171/1/1 168/1/1 167/1/1
f 172/1/1 168/1/1 171/1/1
f 173/1/1 168/1/1 172/1/1
f 174/3/1 169/3/1 168/3/1
f 174/1/1 168/1/1 173/1/1
f 175/3/1 169/3/1 174/3/1
f 176/1/1 173/1/1 172/1/1
f 177/1/1 173/1/1 176/1/1
f 182/3/1 179/3/1 178/3/1
f 183/3/1 179/3/1 182/3/1
f 184/3/1 179/3/1 183/3/1
f 185/1/1 180/1/1 179/1/1
f 185/3/1 179/3/1 184/3/1
f 186/1/1 180/1/1 185/1/1
f 189/1/1 182/1/1 181/1/1
f 190/1/1 182/1/1 189/1/1
f 191/3/1 183/3/1 182/3/1
f 191/1/1 182/1/1 190/1/1
f 192/3/1 183/3/1 191/3/1
f 193/3/1 183/3/1 192/3/1
f 194/3/1 186/3/1 185/3/1
f 194/3/1 185/3/1 184/3/1
f 195/1/1 187/1/1 186/1/1
f 195/3/1 186/3/1 194/3/1
f 196/1/1 187/1/1 195/1/1
f 197/1/1 187/1/1 196/1/1
f 200/1/1 190/1/1 189/1/1
f 200/1/1 189/1/1 188/1/1
f 201/1/1 190/1/1 200/1/1
f 202/1/1 190/1/1 201/1/1
f 203/3/1 198/3/1 197/3/1
f 203/3/1 197/3/1 196/3/1
f 204/3/1 198/3/1 203/3/1
f 205/3/1 198/3/1 204/3/1
f 207/1/1 201/1/1 200/1/1
f 207/1/1 200/1/1 199/1/1
f 208/1/1 201/1/1 207/1/1
f 209/3/1 206/3/1 205/3/1
f 209/3/1 205/3/1 204/3/1
f 210/3/1 206/3/1 209/3/1
f 212/1/1 207/1/1 199/1/1
f 213/1/1 207/1/1 212/1/1
f 214/3/1 206/3/1 210/3/1
f 216/3/1 213/3/1 212/3/1
f 216/3/1 212/3/1 211/3/1
f 217/3/1 213/3/1 216/3/1
f 218/3/1 215/3/1 214/3/1
f 218/3/1 214/3/1 210/3/1
f 219/3/1 215/3/1 218/3/1
f 221/3/1 216/3/1 211/3/1
f 222/3/1 215/3/1 219/3/1
f 223/3/1 215/3/1 222/3/1
f 225/3/1 221/3/1 220/3/1
f 225/3/1 216/3/1 221/3/1
f 226/3/1 216/3/1 225/3/1
f 227/1/1 224/1/1 223/1/1
f 227/1/1 223/1/1 222/1/1
f 228/1/1 224/1/1 227/1/1
f 229/3/1 225/3/1 220/3/1
f 232/1/1 224/1/1 228/1/1
f 233/3/1 230/3/1 229/3/1
f 233/3/1 229/3/1 220/3/1
f 234/3/1 230/3/1 233/3/1
f 235/1/1 232/1/1 231/1/1
f 235/1/1 224/1/1 232/1/1
f 236/1/1 224/1/1 235/1/1
f 237/3/1 230/3/1 234/3/1
f 240/1/1 235/1/1 231/1/1
f 241/1/1 235/1/1 240/1/1
f 242/3/1 238/3/1 237/3/1
f 242/3/1 237/3/1 234/3/1
f 243/3/1 238/3/1 242/3/1
f 244/3/1 241/3/1 240/3/1
f 244/3/1 240/3/1 239/3/1
f 245/3/1 241/3/1 244/3/1
f 246/3/1 238/3/1 243/3/1
f 247/3/1 238/3/1 246/3/1
f 250/3/1 244/3/1 239/3/1
f 251/1/1 248/1/1 247/1/1
f 251/1/1 247/1/1 246/1/1
f 252/1/1 248/1/1 251/1/1
f 253/1/1 248/1/1 252/1/1
f 256/3/1 250/3/1 249/3/1
f 257/3/1 244/3/1 250/3/1
f 257/3/1 250/3/1 256/3/1
f 258/3/1 244/3/1 257/3/1
f 259/1/1 254/1/1 253/1/1
f 259/1/1 253/1/1 252/1/1
f 260/1/1 254/1/1 259/1/1
f 261/1/1 254/1/1 260/1/1
f 265/3/1 256/3/1 255/3/1
f 265/3/1 257/3/1 256/3/1
f 266/3/1 257/3/1 265/3/1
f 267/3/1 257/3/1 266/3/1
f 268/1/1 262/1/1 261/1/1
f 268/1/1 261/1/1 260/1/1
f 269/1/1 262/1/1 268/1/1
f 270/1/1 262/1/1 269/1/1
f 271/1/1 264/1/1 263/1/1
f 272/3/1 266/3/1 265/3/1
f 272/3/1 265/3/1 264/3/1
f 272/1/1 264/1/1 271/1/1
f 273/3/1 266/3/1 272/3/1
f 274/1/1 270/1/1 269/1/1
f 274/1/1 271/1/1 270/1/1
f 274/1/1 272/1/1 271/1/1
f 275/1/1 272/1/1 274/1/1
f 280/3/1 277/3/1 276/3/1
f 281/3/1 277/3/1 280/3/1
f 282/1/1 278/1/1 277/1/1
f 282/3/1 277/3/1 281/3/1
f 283/1/1 278/1/1 282/1/1
f 284/1/1 278/1/1 283/1/1
f 285/1/1 278/1/1 284/1/1
f 288/1/1 280/1/1 279/1/1
f 289/1/1 280/1/1 288/1/1
f 290/3/1 281/3/1 280/3/1
f 290/1/1 280/1/1 289/1/1
f 291/3/1 281/3/1 290/3/1
f 292/1/1 285/1/1 284/1/1
f 292/1/1 286/1/1 285/1/1
f 293/1/1 286/1/1 292/1/1
f 294/1/1 286/1/1 293/1/1
f 297/1/1 289/1/1 288/1/1
f 297/1/1 288/1/1 287/1/1
f 298/1/1 289/1/1 297/1/1
f 299/1/1 294/1/1 293/1/1
f 300/3/1 295/3/1 294/3/1
f 300/1/1 294/1/1 299/1/1
f 301/3/1 295/3/1 300/3/1
f 304/1/1 297/1/1 296/1/1
f 305/1/1 297/1/1 304/1/1
f 306/3/1 302/3/1 301/3/1
f 307/3/1 302/3/1 306/3/1
f 310/1/1 304/1/1 303/1/1
f 311/1/1 304/1/1 310/1/1
f 312/3/1 308/3/1 307/3/1
f 314/3/1 311/3/1 310/3/1
f 314/3/1 310/3/1 309/3/1
f 315/3/1 311/3/1 314/3/1
f 316/3/1 313/3/1 312/3/1
f 316/3/1 312/3/1 307/3/1
f 317/3/1 313/3/1 316/3/1
f 319/3/1 314/3/1 309/3/1
f 320/3/1 313/3/1 317/3/1
f 322/3/1 319/3/1 318/3/1
f 322/3/1 314/3/1 319/3/1
f 323/3/1 314/3/1 322/3/1
f 324/3/1 321/3/1 320/3/1
f 324/3/1 320/3/1 317/3/1
f 325/3/1 321/3/1 324/3/1
f 326/3/1 321/3/1 325/3/1
f 327/1/1 326/1/1 325/1/1
f 328/1/1 326/1/1 327/1/1
f 329/3/1 322/3/1 318/3/1
f 332/2/1 328/2/1 327/2/1
f 333/3/1 330/3/1 329/3/1
f 333/3/1 329/3/1 318/3/1
f 334/3/1 330/3/1 333/3/1
f 335/3/1 332/3/1 331/3/1
f 336/2/1 328/2/1 332/2/1
f 336/3/1 332/3/1 335/3/1
f 337/2/1 328/2/1 336/2/1
f 338/3/1 330/3/1 334/3/1
f 341/3/1 336/3/1 335/3/1
f 342/3/1 339/3/1 338/3/1
f 342/3/1 338/3/1 334/3/1
f 343/3/1 339/3/1 342/3/1
f 344/3/1 339/3/1 343/3/1
f 345/3/1 341/3/1 340/3/1
f 345/3/1 336/3/1 341/3/1
f 346/3/1 336/3/1 345/3/1
f 347/1/1 344/1/1 343/1/1
f 348/1/1 344/1/1 347/1/1
f 351/3/1 345/3/1 340/3/1
f 352/3/1 345/3/1 351/3/1
f 353/1/1 349/1/1 348/1/1
f 354/1/1 349/1/1 353/1/1
f 357/3/1 351/3/1 350/3/1
f 358/3/1 351/3/1 357/3/1
f 359/1/1 355/1/1 354/1/1
f 360/1/1 355/1/1 359/1/1
f 361/1/1 355/1/1 360/1/1
f 364/3/1 357/3/1 356/3/1
f 365/3/1 357/3/1 364/3/1
f 366/3/1 357/3/1 365/3/1
f 367/1/1 362/1/1 361/1/1
f 367/1/1 361/1/1 360/1/1
f 368/1/1 362/1/1 367/1/1
f 369/1/1 362/1/1 368/1/1
f 371/2/1 364/2/1 363/2/1
f 372/2/1 364/2/1 371/2/1
f 373/3/1 365/3/1 364/3/1
f 373/2/1 364/2/1 372/2/1
f 374/3/1 365/3/1 373/3/1
f 375/1/1 370/1/1 369/1/1
f 375/1/1 369/1/1 368/1/1
f 376/2/1 372/2/1 371/2/1
f 376/1/1 370/1/1 375/1/1
f 376/2/1 371/2/1 370/2/1
f 377/2/1 372/2/1 376/2/1
f 383/3/1 379/3/1 378/3/1
f 384/1/1 380/1/1 379/1/1
f 384/3/1 379/3/1 383/3/1
f 385/1/1 380/1/1 384/1/1
f 388/1/1 382/1/1 381/1/1
f 389/3/1 383/3/1 382/3/1
f 389/1/1 382/1/1 388/1/1
f 390/3/1 383/3/1 389/3/1
f 391/1/1 386/1/1 385/1/1
f 392/1/1 386/1/1 391/1/1
f 395/1/1 388/1/1 387/1/1
f 396/1/1 388/1/1 395/1/1
f 397/1/1 393/1/1 392/1/1
f 398/1/1 393/1/1 397/1/1
f 400/1/1 395/1/1 394/1/1
f 401/1/1 395/1/1 400/1/1
f 402/3/1 399/3/1 398/3/1
f 403/3/1 399/3/1 402/3/1
f 405/1/1 400/1/1 394/1/1
f 406/1/1 400/1/1 405/1/1
f 407/3/1 399/3/1 403/3/1
f 408/3/1 399/3/1 407/3/1
f 411/1/1 405/1/1 404/1/1
f 412/1/1 405/1/1 411/1/1
f 413/3/1 409/3/1 408/3/1
f 414/3/1 409/3/1 413/3/1
f 417/3/1 411/3/1 410/3/1
f 418/3/1 411/3/1 417/3/1
f 419/3/1 415/3/1 414/3/1
f 420/3/1 415/3/1 419/3/1
f 422/1/1 421/1/1 420/1/1
f 423/1/1 421/1/1 422/1/1
f 424/1/1 421/1/1 423/1/1
f 425/3/1 417/3/1 416/3/1
f 426/3/1 417/3/1 425/3/1
f 427/2/1 424/2/1 423/2/1
f 428/1/1 426/1/1 425/1/1
f 429/1/1 426/1/1 428/1/1
f 432/2/1 424/2/1 427/2/1
f 433/2/1 424/2/1 432/2/1
f 434/2/1 432/2/1 431/2/1
f 435/2/1 432/2/1 434/2/1
f 436/1/1 430/1/1 429/1/1
f 437/1/1 430/1/1 436/1/1
f 440/3/1 435/3/1 434/3/1
f 441/3/1 435/3/1 440/3/1
f 442/1/1 438/1/1 437/1/1
f 443/1/1 438/1/1 442/1/1
f 446/1/1 440/1/1 439/1/1
f 447/1/1 440/1/1 446/1/1
f 448/1/1 444/1/1 443/1/1
f 451/1/1 446/1/1 445/1/1
f 452/1/1 449/1/1 448/1/1
f 452/1/1 448/1/1 443/1/1
f 453/1/1 449/1/1 452/1/1
f 456/1/1 451/1/1 450/1/1
f 457/1/1 446/1/1 451/1/1
f 457/1/1 451/1/1 456/1/1
f 458/1/1 454/1/1 453/1/1
f 459/1/1 454/1/1 458/1/1
f 463/3/1 456/3/1 455/3/1
f 464/3/1 456/3/1 463/3/1
f 465/1/1 460/1/1 459/1/1
f 466/1/1 460/1/1 465/1/1
f 470/2/1 462/2/1 461/2/1
f 470/2/1 463/2/1 462/2/1
f 471/2/1 463/2/1 470/2/1
f 472/1/1 467/1/1 466/1/1
f 473/3/1 468/3/1 467/3/1
f 473/1/1 467/1/1 472/1/1
f 474/2/1 469/2/1 468/2/1
f 474/3/1 468/3/1 473/3/1
f 474/2/1 470/2/1 469/2/1
f 475/2/1 470/2/1 474/2/1
f 481/3/1 477/3/1 476/3/1
f 482/1/1 478/1/1 477/1/1
f 482/3/1 477/3/1 481/3/1
f 483/1/1 478/1/1 482/1/1
f 487/3/1 480/3/1 479/3/1
f 488/3/1 480/3/1 487/3/1
f 489/3/1 480/3/1 488/3/1
f 490/1/1 485/1/1 484/1/1
f 491/1/1 485/1/1 490/1/1
f 494/1/1 487/1/1 486/1/1
f 495/1/1 487/1/1 494/1/1
f 496/1/1 492/1/1 491/1/1
f 497/1/1 492/1/1 496/1/1
f 501/1/1 494/1/1 493/1/1
f 502/1/1 494/1/1 501/1/1
f 503/3/1 498/3/1 497/3/1
f 504/2/1 499/2/1 498/2/1
f 504/3/1 498/3/1 503/3/1
f 505/2/1 499/2/1 504/2/1
f 508/1/1 501/1/1 500/1/1
f 509/1/1 501/1/1 508/1/1
f 510/2/1 506/2/1 505/2/1
f 511/2/1 506/2/1 510/2/1
f 514/3/1 508/3/1 507/3/1
f 515/3/1 508/3/1 514/3/1
f 516/2/1 512/2/1 511/2/1
f 517/2/1 512/2/1 516/2/1
f 519/3/1 514/3/1 513/3/1
f 520/3/1 514/3/1 519/3/1
f 521/3/1 518/3/1 517/3/1
f 522/3/1 518/3/1 521/3/1
f 527/1/1 526/1/1 525/1/1
f 528/1/1 526/1/1 527/1/1
f 529/3/1 524/3/1 523/3/1
f 530/3/1 524/3/1 529/3/1
f 531/1/1 530/1/1 529/1/1
f 532/1/1 530/1/1 531/1/1
f 533/2/1 532/2/1 531/2/1
f 534/2/1 532/2/1 533/2/1
f 535/2/1 528/2/1 527/2/1
f 536/2/1 528/2/1 535/2/1
f 541/2/1 540/2/1 539/2/1
f 542/1/1 538/1/1 537/1/1
f 543/1/1 538/1/1 542/1/1
f 546/2/1 540/2/1 541/2/1
f 547/2/1 540/2/1 546/2/1
f 548/1/1 544/1/1 543/1/1
f 549/1/1 544/1/1 548/1/1
f 552/1/1 546/1/1 545/1/1
f 553/1/1 546/1/1 552/1/1
f 554/1/1 550/1/1 549/1/1
f 555/1/1 550/1/1 554/1/1
f 558/1/1 552/1/1 551/1/1
f 559/1/1 552/1/1 558/1/1
f 560/1/1 556/1/1 555/1/1
f 561/1/1 556/1/1 560/1/1
f 564/1/1 558/1/1 557/1/1
f 565/1/1 558/1/1 564/1/1
f 566/1/1 562/1/1 561/1/1
f 567/1/1 562/1/1 566/1/1
f 570/2/1 564/2/1 563/2/1
f 571/2/1 564/2/1 570/2/1
f 572/3/1 568/3/1 567/3/1
f 573/3/1 568/3/1 572/3/1
f 577/2/1 570/2/1 569/2/1
f 578/2/1 570/2/1 577/2/1
f 579/3/1 575/3/1 574/3/1
f 580/2/1 576/2/1 575/2/1
f 580/3/1 575/3/1 579/3/1
f 581/2/1 576/2/1 580/2/1
f 586/2/1 583/2/1 582/2/1
f 587/2/1 583/2/1 586/2/1
f 592/3/1 585/3/1 584/3/1
f 593/3/1 585/3/1 592/3/1
f 594/1/1 589/1/1 588/1/1
f 595/1/1 589/1/1 594/1/1
f 599/3/1 591/3/1 590/3/1
f 600/3/1 591/3/1 599/3/1
f 601/1/1 597/1/1 596/1/1
f 602/1/1 597/1/1 601/1/1
f 606/1/1 599/1/1 598/1/1
f 607/1/1 599/1/1 606/1/1
f 608/1/1 603/1/1 602/1/1
f 609/2/1 604/2/1 603/2/1
f 609/1/1 603/1/1 608/1/1
f 610/2/1 604/2/1 609/2/1
f 613/1/1 606/1/1 605/1/1
f 614/1/1 606/1/1 613/1/1
f 615/2/1 611/2/1 610/2/1
f 616/2/1 611/2/1 615/2/1
f 619/3/1 613/3/1 612/3/1
f 620/3/1 613/3/1 619/3/1
f 621/2/1 617/2/1 616/2/1
f 622/2/1 617/2/1 621/2/1
f 624/3/1 619/3/1 618/3/1
f 625/3/1 619/3/1 624/3/1
f 626/2/1 623/2/1 622/2/1
f 627/2/1 623/2/1 626/2/1
f 632/1/1 631/1/1 630/1/1
f 633/3/1 629/3/1 628/3/1
f 634/3/1 629/3/1 633/3/1
f 635/1/1 631/1/1 632/1/1
f 636/1/1 631/1/1 635/1/1
f 641/1/1 638/1/1 637/1/1
f 642/1/1 638/1/1 641/1/1
f 643/1/1 640/1/1 639/1/1
f 644/1/1 640/1/1 643/1/1
f 645/2/1 642/2/1 641/2/1
f 646/2/1 642/2/1 645/2/1
f 647/2/1 644/2/1 643/2/1
f 648/2/1 644/2/1 647/2/1
f 653/2/1 650/2/1 649/2/1
f 654/2/1 650/2/1 653/2/1
f 655/2/1 652/2/1 651/2/1
f 656/2/1 652/2/1 655/2/1
f 661/1/1 658/1/1 657/1/1
f 662/1/1 658/1/1 661/1/1
f 665/1/1 660/1/1 659/1/1
f 666/1/1 660/1/1 665/1/1
f 667/1/1 663/1/1 662/1/1
f 668/1/1 663/1/1 667/1/1
f 671/1/1 665/1/1 664/1/1
f 672/1/1 665/1/1 671/1/1
f 673/1/1 669/1/1 668/1/1
f 674/1/1 669/1/1 673/1/1
f 677/1/1 671/1/1 670/1/1
f 678/1/1 671/1/1 677/1/1
f 679/1/1 675/1/1 674/1/1
f 680/1/1 675/1/1 679/1/1
f 683/1/1 677/1/1 676/1/1
f 684/1/1 677/1/1 683/1/1
f 685/3/1 681/3/1 680/3/1
f 686/3/1 681/3/1 685/3/1
f 691/2/1 683/2/1 682/2/1
f 692/2/1 683/2/1 691/2/1
f 693/3/1 688/3/1 687/3/1
f 694/3/1 688/3/1 693/3/1
f 697/2/1 690/2/1 689/2/1
f 698/2/1 690/2/1 697/2/1
f 699/3/1 696/3/1 695/3/1
f 700/3/1 696/3/1 699/3/1
f 708/2/1 702/2/1 701/2/1
f 709/2/1 702/2/1 708/2/1
f 710/2/1 702/2/1 709/2/1
f 711/2/1 704/2/1 703/2/1
f 712/1/1 705/1/1 704/1/1
f 712/2/1 704/2/1 711/2/1
f 713/1/1 705/1/1 712/1/1
f 717/3/1 707/3/1 706/3/1
f 718/3/1 707/3/1 717/3/1
f 719/1/1 715/1/1 714/1/1
f 720/1/1 715/1/1 719/1/1
f 722/3/1 717/3/1 716/3/1
f 723/3/1 717/3/1 722/3/1
f 724/1/1 721/1/1 720/1/1
f 725/1/1 721/1/1 724/1/1
f 731/3/1 727/3/1 726/3/1
f 732/3/1 727/3/1 731/3/1
f 733/2/1 729/2/1 728/2/1
f 734/2/1 729/2/1 733/2/1
f 736/2/1 735/2/1 734/2/1
f 737/2/1 735/2/1 736/2/1
f 738/3/1 731/3/1 730/3/1
f 739/3/1 731/3/1 738/3/1
f 740/3/1 737/3/1 736/3/1
f 741/3/1 737/3/1 740/3/1
f 746/1/1 743/1/1 742/1/1
f 747/1/1 743/1/1 746/1/1
f 748/1/1 745/1/1 744/1/1
f 749/1/1 745/1/1 748/1/1
f 754/2/1 751/2/1 750/2/1
f 755/2/1 751/2/1 754/2/1
f 756/2/1 753/2/1 752/2/1
f 757/2/1 753/2/1 756/2/1
f 762/2/1 761/2/1 760/2/1
f 763/2/1 761/2/1 762/2/1
f 764/2/1 759/2/1 758/2/1
f 765/2/1 759/2/1 764/2/1
f 768/1/1 763/1/1 762/1/1
f 769/1/1 763/1/1 768/1/1
f 770/1/1 766/1/1 765/1/1
f 771/1/1 766/1/1 770/1/1
f 772/1/1 768/1/1 767/1/1
f 773/1/1 768/1/1 772/1/1
f 778/3/1 775/3/1 774/3/1
f 779/3/1 775/3/1 778/3/1
f 783/1/1 777/1/1 776/1/1
f 784/1/1 777/1/1 783/1/1
f 785/3/1 780/3/1 779/3/1
f 786/3/1 780/3/1 785/3/1
f 792/2/1 782/2/1 781/2/1
f 793/1/1 783/1/1 782/1/1
f 793/2/1 782/2/1 792/2/1
f 794/1/1 783/1/1 793/1/1
f 795/3/1 788/3/1 787/3/1
f 796/3/1 788/3/1 795/3/1
f 797/3/1 790/3/1 789/3/1
f 798/2/1 791/2/1 790/2/1
f 798/3/1 790/3/1 797/3/1
f 799/2/1 791/2/1 798/2/1
f 804/2/1 801/2/1 800/2/1
f 805/2/1 801/2/1 804/2/1
f 810/2/1 803/2/1 802/2/1
f 811/2/1 803/2/1 810/2/1
f 812/1/1 807/1/1 806/1/1
f 813/1/1 807/1/1 812/1/1
f 817/3/1 809/3/1 808/3/1
f 818/3/1 809/3/1 817/3/1
f 819/1/1 815/1/1 814/1/1
f 820/1/1 815/1/1 819/1/1
f 823/3/1 817/3/1 816/3/1
f 824/3/1 817/3/1 823/3/1
f 825/3/1 821/3/1 820/3/1
f 826/3/1 821/3/1 825/3/1
f 829/3/1 823/3/1 822/3/1
f 830/3/1 823/3/1 829/3/1
f 831/2/1 827/2/1 826/2/1
f 832/2/1 827/2/1 831/2/1
f 835/3/1 829/3/1 828/3/1
f 836/3/1 829/3/1 835/3/1
f 837/2/1 833/2/1 832/2/1
f 838/2/1 833/2/1 837/2/1
f 841/3/1 835/3/1 834/3/1
f 842/3/1 835/3/1 841/3/1
f 843/2/1 839/2/1 838/2/1
f 844/2/1 839/2/1 843/2/1
f 846/3/1 841/3/1 840/3/1
f 847/3/1 841/3/1 846/3/1
f 848/2/1 845/2/1 844/2/1
f 849/2/1 845/2/1 848/2/1
f 854/1/1 851/1/1 850/1/1
f 855/3/1 853/3/1 852/3/1
f 856/3/1 853/3/1 855/3/1
f 857/1/1 854/1/1 850/1/1
f 858/1/1 854/1/1 857/1/1
f 859/1/1 856/1/1 855/1/1
f 860/1/1 856/1/1 859/1/1
f 865/1/1 862/1/1 861/1/1
f 866/1/1 862/1/1 865/1/1
f 867/2/1 866/2/1 865/2/1
f 868/1/1 864/1/1 863/1/1
f 869/2/1 867/2/1 865/2/1
f 870/2/1 867/2/1 869/2/1
f 871/1/1 864/1/1 868/1/1
f 872/1/1 864/1/1 871/1/1
f 877/2/1 874/2/1 873/2/1
f 878/2/1 874/2/1 877/2/1
f 879/1/1 876/1/1 875/1/1
f 880/1/1 876/1/1 879/1/1
f 885/1/1 882/1/1 881/1/1
f 886/1/1 882/1/1 885/1/1
f 889/1/1 884/1/1 883/1/1
f 890/1/1 884/1/1 889/1/1
f 891/1/1 887/1/1 886/1/1
f 892/1/1 887/1/1 891/1/1
f 895/1/1 889/1/1 888/1/1
f 896/1/1 889/1/1 895/1/1
f 897/1/1 893/1/1 892/1/1
f 898/1/1 893/1/1 897/1/1
f 901/1/1 895/1/1 894/1/1
f 902/1/1 895/1/1 901/1/1
f 903/1/1 899/1/1 898/1/1
f 904/1/1 899/1/1 903/1/1
f 907/1/1 901/1/1 900/1/1
f 908/1/1 901/1/1 907/1/1
f 909/3/1 905/3/1 904/3/1
f 910/3/1 905/3/1 909/3/1
f 913/1/1 907/1/1 906/1/1
f 914/1/1 907/1/1 913/1/1
f 915/3/1 911/3/1 910/3/1
f 916/3/1 911/3/1 915/3/1
f 921/1/1 913/1/1 912/1/1
f 922/1/1 913/1/1 921/1/1
f 923/3/1 918/3/1 917/3/1
f 924/3/1 918/3/1 923/3/1
f 927/3/1 920/3/1 919/3/1
f 928/3/1 920/3/1 927/3/1
f 929/3/1 926/3/1 925/3/1
f 930/3/1 926/3/1 929/3/1
f 937/2/1 932/2/1 931/2/1
f 938/2/1 932/2/1 937/2/1
f 939/1/1 934/1/1 933/1/1
f 940/1/1 934/1/1 939/1/1
f 943/2/1 936/2/1 935/2/1
f 944/2/1 936/2/1 943/2/1
f 945/1/1 942/1/1 941/1/1
f 946/1/1 942/1/1 945/1/1
f 952/3/1 948/3/1 947/3/1
f 953/3/1 948/3/1 952/3/1
f 954/3/1 950/3/1 949/3/1
f 955/3/1 950/3/1 954/3/1
f 958/3/1 952/3/1 951/3/1
f 959/3/1 952/3/1 958/3/1
f 960/2/1 956/2/1 955/2/1
f 961/2/1 956/2/1 960/2/1
f 963/3/1 958/3/1 957/3/1
f 964/3/1 958/3/1 963/3/1
f 965/2/1 962/2/1 961/2/1
f 966/2/1 962/2/1 965/2/1
f 971/1/1 968/1/1 967/1/1
f 972/1/1 968/1/1 971/1/1
f 973/3/1 970/3/1 969/3/1
f 974/3/1 970/3/1 973/3/1
f 979/1/1 976/1/1 975/1/1
f 980/1/1 976/1/1 979/1/1
f 981/1/1 978/1/1 977/1/1
f 982/1/1 978/1/1 981/1/1
f 987/2/1 984/2/1 983/2/1
f 988/2/1 984/2/1 987/2/1
f 989/1/1 986/1/1 985/1/1
f 990/1/1 986/1/1 989/1/1
f 995/2/1 992/2/1 991/2/1
f 996/2/1 992/2/1 995/2/1
f 997/1/1 994/1/1 993/1/1
f 998/1/1 994/1/1 997/1/1
f 1003/1/1 1000/1/1 999/1/1
f 1004/1/1 1000/1/1 1003/1/1
f 1007/1/1 1002/1/1 1001/1/1
f 1008/1/1 1002/1/1 1007/1/1
f 1009/1/1 1005/1/1 1004/1/1
f 1010/1/1 1005/1/1 1009/1/1
f 1013/1/1 1007/1/1 1006/1/1
f 1014/1/1 1007/1/1 1013/1/1
f 1015/1/1 1011/1/1 1010/1/1
f 1016/1/1 1011/1/1 1015/1/1
f 1017/1/1 1013/1/1 1012/1/1
f 1018/1/1 1013/1/1 1017/1/1
f 1023/3/1 1020/3/1 1019/3/1
f 1024/3/1 1020/3/1 1023/3/1
f 1030/3/1 1022/3/1 1021/3/1
f 1031/3/1 1022/3/1 1030/3/1
f 1032/3/1 1026/3/1 1025/3/1
f 1033/3/1 1026/3/1 1032/3/1
f 1034/2/1 1028/2/1 1027/2/1
f 1035/3/1 1029/3/1 1028/3/1
f 1035/2/1 1028/2/1 1034/2/1
f 1036/3/1 1029/3/1 1035/3/1
f 1041/2/1 1038/2/1 1037/2/1
f 1042/2/1 1038/2/1 1041/2/1
f 1043/1/1 1040/1/1 1039/1/1
f 1044/1/1 1040/1/1 1043/1/1
f 1049/3/1 1046/3/1 1045/3/1
f 1050/3/1 1046/3/1 1049/3/1
f 1051/1/1 1048/1/1 1047/1/1
f 1052/1/1 1048/1/1 1051/1/1
f 1057/3/1 1054/3/1 1053/3/1
f 1058/3/1 1054/3/1 1057/3/1
f 1059/3/1 1056/3/1 1055/3/1
f 1060/3/1 1056/3/1 1059/3/1
f 1065/1/1 1062/1/1 1061/1/1
f 1066/1/1 1062/1/1 1065/1/1
f 1067/1/1 1064/1/1 1063/1/1
f 1068/1/1 1064/1/1 1067/1/1
f 1073/2/1 1070/2/1 1069/2/1
f 1074/2/1 1070/2/1 1073/2/1
f 1075/1/1 1072/1/1 1071/1/1
f 1076/1/1 1072/1/1 1075/1/1
f 1081/1/1 1078/1/1 1077/1/1
f 1082/1/1 1078/1/1 1081/1/1
f 1083/1/1 1080/1/1 1079/1/1
f 1084/1/1 1080/1/1 1083/1/1
f 1089/1/1 1086/1/1 1085/1/1
f 1090/1/1 1086/1/1 1089/1/1
f 1091/1/1 1088/1/1 1087/1/1
f 1092/1/1 1088/1/1 1091/1/1
f 1097/3/1 1094/3/1 1093/3/1
f 1098/3/1 1094/3/1 1097/3/1
f 1099/3/1 1096/3/1 1095/3/1
f 1100/3/1 1096/3/1 1099/3/1
f 1106/2/1 1102/2/1 1101/2/1
f 1107/1/1 1103/1/1 1102/1/1
f 1107/2/1 1102/2/1 1106/2/1
f 1108/1/1 1103/1/1 1107/1/1
f 1113/2/1 1105/2/1 1104/2/1
f 1114/2/1 1105/2/1 1113/2/1
f 1115/1/1 1110/1/1 1109/1/1
f 1116/1/1 1110/1/1 1115/1/1
f 1119/2/1 1112/2/1 1111/2/1
f 1120/2/1 1112/2/1 1119/2/1
f 1121/1/1 1118/1/1 1117/1/1
f 1122/1/1 1118/1/1 1121/1/1
f 1128/3/1 1124/3/1 1123/3/1
f 1129/3/1 1124/3/1 1128/3/1
f 1130/3/1 1126/3/1 1125/3/1
f 1131/3/1 1126/3/1 1130/3/1
f 1133/3/1 1128/3/1 1127/3/1
f 1134/3/1 1128/3/1 1133/3/1
f 1135/3/1 1132/3/1 1131/3/1
f 1136/3/1 1132/3/1 1135/3/1
f 1141/1/1 1138/1/1 1137/1/1
f 1142/1/1 1138/1/1 1141/1/1
f 1143/3/1 1140/3/1 1139/3/1
f 1144/3/1 1140/3/1 1143/3/1
f 1149/1/1 1146/1/1 1145/1/1
f 1150/1/1 1146/1/1 1149/1/1
f 1151/1/1 1148/1/1 1147/1/1
f 1152/1/1 1148/1/1 1151/1/1
f 1157/1/1 1154/1/1 1153/1/1
f 1158/1/1 1154/1/1 1157/1/1
f 1159/2/1 1158/2/1 1157/2/1
f 1160/2/1 1158/2/1 1159/2/1
f 1161/1/1 1156/1/1 1155/1/1
f 1162/1/1 1156/1/1 1161/1/1
f 1167/2/1 1164/2/1 1163/2/1
f 1168/2/1 1164/2/1 1167/2/1
f 1169/1/1 1166/1/1 1165/1/1
f 1170/1/1 1166/1/1 1169/1/1
f 1175/1/1 1172/1/1 1171/1/1
f 1176/1/1 1172/1/1 1175/1/1
f 1177/1/1 1174/1/1 1173/1/1
f 1178/1/1 1174/1/1 1177/1/1
f 1183/1/1 1180/1/1 1179/1/1
f 1184/1/1 1180/1/1 1183/1/1
f 1187/3/1 1182/3/1 1181/3/1
f 1188/3/1 1182/3/1 1187/3/1
f 1189/1/1 1185/1/1 1184/1/1
f 1190/1/1 1185/1/1 1189/1/1
f 1191/3/1 1187/3/1 1186/3/1
f 1192/3/1 1187/3/1 1191/3/1
f 1197/3/1 1194/3/1 1193/3/1
f 1198/3/1 1194/3/1 1197/3/1
f 1203/3/1 1196/3/1 1195/3/1
f 1204/3/1 1196/3/1 1203/3/1
f 1205/3/1 1200/3/1 1199/3/1
f 1206/3/1 1200/3/1 1205/3/1
f 1209/3/1 1202/3/1 1201/3/1
f 1210/3/1 1202/3/1 1209/3/1
f 1211/2/1 1208/2/1 1207/2/1
f 1212/2/1 1208/2/1 1211/2/1
f 1217/2/1 1214/2/1 1213/2/1
f 1218/2/1 1214/2/1 1217/2/1
f 1219/1/1 1216/1/1 1215/1/1
f 1220/1/1 1216/1/1 1219/1/1
f 1225/3/1 1222/3/1 1221/3/1
f 1226/3/1 1222/3/1 1225/3/1
f 1227/3/1 1224/3/1 1223/3/1
f 1228/3/1 1224/3/1 1227/3/1
f 1233/1/1 1230/1/1 1229/1/1
f 1234/1/1 1230/1/1 1233/1/1
f 1235/3/1 1232/3/1 1231/3/1
f 1236/3/1 1232/3/1 1235/3/1
f 1241/1/1 1238/1/1 1237/1/1
f 1242/1/1 1238/1/1 1241/1/1
f 1243/1/1 1240/1/1 1239/1/1
f 1244/1/1 1240/1/1 1243/1/1
f 1249/2/1 1246/2/1 1245/2/1
f 1250/2/1 1246/2/1 1249/2/1
f 1251/1/1 1248/1/1 1247/1/1
f 1252/1/1 1248/1/1 1251/1/1
f 1257/1/1 1254/1/1 1253/1/1
f 1258/1/1 1254/1/1 1257/1/1
f 1259/3/1 1256/3/1 1255/3/1
f 1260/3/1 1256/3/1 1259/3/1
f 1265/1/1 1262/1/1 1261/1/1
f 1266/1/1 1262/1/1 1265/1/1
f 1267/3/1 1264/3/1 1263/3/1
f 1268/3/1 1264/3/1 1267/3/1
f 1273/2/1 1270/2/1 1269/2/1
f 1274/2/1 1270/2/1 1273/2/1
f 1275/2/1 1272/2/1 1271/2/1
f 1276/2/1 1272/2/1 1275/2/1
f 1283/2/1 1278/2/1 1277/2/1
f 1284/2/1 1278/2/1 1283/2/1
f 1285/1/1 1280/1/1 1279/1/1
f 1286/1/1 1280/1/1 1285/1/1
f 1289/2/1 1282/2/1 1281/2/1
f 1290/2/1 1282/2/1 1289/2/1
f 1291/1/1 1288/1/1 1287/1/1
f 1292/1/1 1288/1/1 1291/1/1
f 1297/1/1 1294/1/1 1293/1/1
f 1298/1/1 1294/1/1 1297/1/1
f 1299/3/1 1296/3/1 1295/3/1
f 1300/3/1 1296/3/1 1299/3/1
f 1305/1/1 1302/1/1 1301/1/1
f 1306/1/1 1302/1/1 1305/1/1
f 1307/1/1 1304/1/1 1303/1/1
f 1308/1/1 1304/1/1 1307/1/1
f 1313/1/1 1310/1/1 1309/1/1
f 1314/1/1 1310/1/1 1313/1/1
f 1315/1/1 1312/1/1 1311/1/1
f 1316/1/1 1312/1/1 1315/1/1
f 1321/1/1 1318/1/1 1317/1/1
f 1322/1/1 1318/1/1 1321/1/1
f 1323/1/1 1320/1/1 1319/1/1
f 1324/1/1 1320/1/1 1323/1/1
f 1329/3/1 1326/3/1 1325/3/1
f 1330/3/1 1326/3/1 1329/3/1
f 1335/3/1 1328/3/1 1327/3/1
f 1336/3/1 1328/3/1 1335/3/1
f 1337/3/1 1332/3/1 1331/3/1
f 1338/3/1 1332/3/1 1337/3/1
f 1339/2/1 1334/2/1 1333/2/1
f 1340/2/1 1334/2/1 1339/2/1
f 1345/3/1 1342/3/1 1341/3/1
f 1346/3/1 1342/3/1 1345/3/1
f 1347/1/1 1344/1/1 1343/1/1
f 1348/1/1 1344/1/1 1347/1/1
f 1353/1/1 1350/1/1 1349/1/1
f 1354/1/1 1350/1/1 1353/1/1
f 1355/3/1 1352/3/1 1351/3/1
f 1356/3/1 1352/3/1 1355/3/1
f 1361/1/1 1358/1/1 1357/1/1
f 1362/1/1 1358/1/1 1361/1/1
f 1363/3/1 1360/3/1 1359/3/1
f 1364/3/1 1360/3/1 1363/3/1
f 1369/1/1 1366/1/1 1365/1/1
f 1370/1/1 1366/1/1 1369/1/1
f 1371/3/1 1368/3/1 1367/3/1
f 1372/3/1 1368/3/1 1371/3/1
f 1373/3/2 1374/3/2 1377/3/2
f 1377/3/2 1374/3/2 1378/3/2
f 1375/3/2 1376/3/2 1379/3/2
f 1379/3/2 1376/3/2 1380/3/2
f 1381/1/2 1382/1/2 1385/1/2
f 1385/1/2 1382/1/2 1386/1/2
f 1383/3/2 1384/3/2 1387/3/2
f 1387/3/2 1384/3/2 1388/3/2
f 1389/1/2 1390/1/2 1393/1/2
f 1393/1/2 1390/1/2 1394/1/2
f 1391/3/2 1392/3/2 1395/3/2
f 1395/3/2 1392/3/2 1396/3/2
f 1397/1/2 1398/1/2 1401/1/2
f 1401/1/2 1398/1/2 1402/1/2
f 1399/3/2 1400/3/2 1403/3/2
f 1403/3/2 1400/3/2 1404/3/2
f 1405/1/2 1406/1/2 1411/1/2
f 1411/1/2 1406/1/2 1412/1/2
f 1407/3/2 1408/3/2 1413/3/2
f 1413/3/2 1408/3/2 1414/3/2
f 1409/1/2 1410/1/2 1417/1/2
f 1417/1/2 1410/1/2 1418/1/2
f 1415/1/2 1416/1/2 1419/1/2
f 1419/1/2 1416/1/2 1420/1/2
f 1421/1/2 1422/1/2 1425/1/2
f 1425/1/2 1422/1/2 1426/1/2
f 1423/3/2 1424/3/2 1427/3/2
f 1427/3/2 1424/3/2 1428/3/2
f 1429/1/2 1430/1/2 1433/1/2
f 1433/1/2 1430/1/2 1434/1/2
f 1431/3/2 1432/3/2 1435/3/2
f 1435/3/2 1432/3/2 1436/3/2
f 1437/1/2 1438/1/2 1441/1/2
f 1441/1/2 1438/1/2 1442/1/2
f 1439/3/2 1440/3/2 1443/3/2
f 1443/3/2 1440/3/2 1444/3/2
f 1445/1/2 1446/1/2 1449/1/2
f 1449/1/2 1446/1/2 1450/1/2
f 1447/3/2 1448/3/2 1451/3/2
f 1451/3/2 1448/3/2 1452/3/2
f 1453/3/2 1454/3/2 1457/3/2
f 1457/3/2 1454/3/2 1458/3/2
f 1455/3/2 1456/3/2 1463/3/2
f 1463/3/2 1456/3/2 1464/3/2
f 1459/3/2 1460/3/2 1465/3/2
f 1465/3/2 1460/3/2 1466/3/2
f 1461/3/2 1462/3/2 1467/3/2
f 1467/3/2 1462/3/2 1468/3/2
f 1469/1/2 1470/1/2 1473/1/2
f 1473/1/2 1470/1/2 1474/1/2
f 1471/3/2 1472/3/2 1475/3/2
f 1475/3/2 1472/3/2 1476/3/2
f 1477/2/2 1478/2/2 1481/2/2
f 1481/2/2 1478/2/2 1482/2/2
f 1479/1/2 1480/1/2 1483/1/2
f 1483/1/2 1480/1/2 1484/1/2
f 1485/2/2 1486/2/2 1489/2/2
f 1489/2/2 1486/2/2 1490/2/2
f 1487/3/2 1488/3/2 1491/3/2
f 1491/3/2 1488/3/2 1492/3/2
f 1493/2/2 1494/2/2 1497/2/2
f 1497/2/2 1494/2/2 1498/2/2
f 1495/3/2 1496/3/2 1499/3/2
f 1499/3/2 1496/3/2 1500/3/2
f 1501/2/2 1502/2/2 1505/2/2
f 1505/2/2 1502/2/2 1506/2/2
f 1503/3/2 1504/3/2 1507/3/2
f 1507/3/2 1504/3/2 1508/3/2
f 1509/1/2 1510/1/2 1513/1/2
f 1513/1/2 1510/1/2 1514/1/2
f 1511/3/2 1512/3/2 1515/3/2
f 1515/3/2 1512/3/2 1516/3/2
f 1517/1/2 1518/1/2 1521/1/2
f 1521/1/2 1518/1/2 1522/1/2
f 1519/3/2 1520/3/2 1523/3/2
f 1523/3/2 1520/3/2 1524/3/2
f 1525/2/2 1526/2/2 1529/2/2
f 1529/2/2 1526/2/2 1530/2/2
f 1527/1/2 1528/1/2 1531/1/2
f 1531/1/2 1528/1/2 1532/1/2
f 1533/1/2 1534/1/2 1538/1/2
f 1534/3/2 1535/3/2 1539/3/2
f 1538/1/2 1534/1/2 1539/1/2
f 1539/3/2 1535/3/2 1540/3/2
f 1536/1/2 1537/1/2 1545/1/2
f 1545/1/2 1537/1/2 1546/1/2
f 1541/3/2 1542/3/2 1547/3/2
f 1547/3/2 1542/3/2 1548/3/2
f 1543/2/2 1544/2/2 1551/2/2
f 1551/2/2 1544/2/2 1552/2/2
f 1549/1/2 1550/1/2 1553/1/2
f 1553/1/2 1550/1/2 1554/1/2
f 1555/2/2 1556/2/2 1560/2/2
f 1560/2/2 1556/2/2 1561/2/2
f 1557/1/2 1558/1/2 1562/1/2
f 1562/1/2 1558/1/2 1563/1/2
f 1559/2/2 1560/2/2 1565/2/2
f 1565/2/2 1560/2/2 1566/2/2
f 1563/3/2 1564/3/2 1567/3/2
f 1567/3/2 1564/3/2 1568/3/2
f 1569/1/2 1570/1/2 1573/1/2
f 1573/1/2 1570/1/2 1574/1/2
f 1571/3/2 1572/3/2 1575/3/2
f 1575/3/2 1572/3/2 1576/3/2
f 1577/3/2 1578/3/2 1581/3/2
f 1581/3/2 1578/3/2 1582/3/2
f 1579/3/2 1580/3/2 1583/3/2
f 1583/3/2 1580/3/2 1584/3/2
f 1585/2/2 1586/2/2 1589/2/2
f 1589/2/2 1586/2/2 1590/2/2
f 1587/3/2 1588/3/2 1591/3/2
f 1591/3/2 1588/3/2 1592/3/2
f 1593/3/2 1594/3/2 1597/3/2
f 1597/3/2 1594/3/2 1598/3/2
f 1595/3/2 1596/3/2 1599/3/2
f 1599/3/2 1596/3/2 1600/3/2
f 1601/1/2 1602/1/2 1605/1/2
f 1605/1/2 1602/1/2 1606/1/2
f 1603/3/2 1604/3/2 1607/3/2
f 1607/3/2 1604/3/2 1608/3/2
f 1609/1/2 1610/1/2 1613/1/2
f 1613/1/2 1610/1/2 1614/1/2
f 1611/3/2 1612/3/2 1617/3/2
f 1617/3/2 1612/3/2 1618/3/2
f 1614/1/2 1615/1/2 1619/1/2
f 1619/1/2 1615/1/2 1620/1/2
f 1616/3/2 1617/3/2 1621/3/2
f 1621/3/2 1617/3/2 1622/3/2
f 1623/3/2 1624/3/2 1627/3/2
f 1627/3/2 1624/3/2 1628/3/2
f 1625/3/2 1626/3/2 1633/3/2
f 1633/3/2 1626/3/2 1634/3/2
f 1629/3/2 1630/3/2 1635/3/2
f 1635/3/2 1630/3/2 1636/3/2
f 1631/3/2 1632/3/2 1639/3/2
f 1639/3/2 1632/3/2 1640/3/2
f 1637/2/2 1638/2/2 1641/2/2
f 1641/2/2 1638/2/2 1642/2/2
f 1643/1/2 1644/1/2 1647/1/2
f 1647/1/2 1644/1/2 1648/1/2
f 1645/3/2 1646/3/2 1649/3/2
f 1649/3/2 1646/3/2 1650/3/2
f 1651/2/2 1652/2/2 1655/2/2
f 1655/2/2 1652/2/2 1656/2/2
f 1653/1/2 1654/1/2 1657/1/2
f 1657/1/2 1654/1/2 1658/1/2
f 1659/2/2 1660/2/2 1663/2/2
f 1663/2/2 1660/2/2 1664/2/2
f 1661/3/2 1662/3/2 1665/3/2
f 1665/3/2 1662/3/2 1666/3/2
f 1667/3/2 1668/3/2 1671/3/2
f 1671/3/2 1668/3/2 1672/3/2
f 1669/3/2 1670/3/2 1673/3/2
f 1673/3/2 1670/3/2 1674/3/2
f 1675/3/2 1676/3/2 1679/3/2
f 1679/3/2 1676/3/2 1680/3/2
f 1677/3/2 1678/3/2 1681/3/2
f 1681/3/2 1678/3/2 1682/3/2
f 1683/1/2 1684/1/2 1687/1/2
f 1687/1/2 1684/1/2 1688/1/2
f 1685/3/2 1686/3/2 1689/3/2
f 1689/3/2 1686/3/2 1690/3/2
f 1691/1/2 1692/1/2 1695/1/2
f 1695/1/2 1692/1/2 1696/1/2
f 1693/3/2 1694/3/2 1697/3/2
f 1697/3/2 1694/3/2 1698/3/2
f 1699/3/2 1700/3/2 1703/3/2
f 1703/3/2 1700/3/2 1704/3/2
f 1701/3/2 1702/3/2 1705/3/2
f 1705/3/2 1702/3/2 1706/3/2
f 1707/1/2 1708/1/2 1714/1/2
f 1708/3/2 1709/3/2 1715/3/2
f 1714/1/2 1708/1/2 1715/1/2
f 1715/3/2 1709/3/2 1716/3/2
f 1710/3/2 1711/3/2 1717/3/2
f 1717/3/2 1711/3/2 1718/3/2
f 1712/2/2 1713/2/2 1721/2/2
f 1721/2/2 1713/2/2 1722/2/2
f 1719/1/2 1720/1/2 1723/1/2
f 1723/1/2 1720/1/2 1724/1/2
f 1725/2/2 1726/2/2 1730/2/2
f 1730/2/2 1726/2/2 1731/2/2
f 1727/1/2 1728/1/2 1732/1/2
f 1732/1/2 1728/1/2 1733/1/2
f 1729/2/2 1730/2/2 1736/2/2
f 1736/2/2 1730/2/2 1737/2/2
f 1733/1/2 1734/1/2 1738/1/2
f 1738/1/2 1734/1/2 1739/1/2
f 1735/2/2 1736/2/2 1741/2/2
f 1741/2/2 1736/2/2 1742/2/2
f 1739/3/2 1740/3/2 1743/3/2
f 1743/3/2 1740/3/2 1744/3/2
f 1745/3/2 1746/3/2 1749/3/2
f 1749/3/2 1746/3/2 1750/3/2
f 1747/3/2 1748/3/2 1751/3/2
f 1751/3/2 1748/3/2 1752/3/2
f 1753/3/2 1754/3/2 1757/3/2
f 1757/3/2 1754/3/2 1758/3/2
f 1755/3/2 1756/3/2 1759/3/2
f 1759/3/2 1756/3/2 1760/3/2
f 1761/3/2 1762/3/2 1765/3/2
f 1765/3/2 1762/3/2 1766/3/2
f 1763/3/2 1764/3/2 1767/3/2
f 1767/3/2 1764/3/2 1768/3/2
f 1769/1/2 1770/1/2 1773/1/2
f 1773/1/2 1770/1/2 1774/1/2
f 1771/3/2 1772/3/2 1775/3/2
f 1775/3/2 1772/3/2 1776/3/2
f 1777/1/2 1778/1/2 1781/1/2
f 1781/1/2 1778/1/2 1782/1/2
f 1779/3/2 1780/3/2 1785/3/2
f 1785/3/2 1780/3/2 1786/3/2
f 1782/1/2 1783/1/2 1787/1/2
f 1787/1/2 1783/1/2 1788/1/2
f 1784/3/2 1785/3/2 1791/3/2
f 1791/3/2 1785/3/2 1792/3/2
f 1788/1/2 1789/1/2 1793/1/2
f 1793/1/2 1789/1/2 1794/1/2
f 1790/3/2 1791/3/2 1795/3/2
f 1795/3/2 1791/3/2 1796/3/2
f 1797/3/2 1798/3/2 1801/3/2
f 1801/3/2 1798/3/2 1802/3/2
f 1799/3/2 1800/3/2 1808/3/2
f 1808/3/2 1800/3/2 1809/3/2
f 1803/2/2 1804/2/2 1810/2/2
f 1804/2/2 1805/2/2 1810/2/2
f 1810/2/2 1805/2/2 1811/2/2
f 1806/3/2 1807/3/2 1812/3/2
f 1812/3/2 1807/3/2 1813/3/2
f 1814/3/2 1815/3/2 1818/3/2
f 1818/3/2 1815/3/2 1819/3/2
f 1816/2/2 1817/2/2 1824/2/2
f 1824/2/2 1817/2/2 1825/2/2
f 1820/3/2 1821/3/2 1826/3/2
f 1826/3/2 1821/3/2 1827/3/2
f 1822/2/2 1823/2/2 1831/2/2
f 1831/2/2 1823/2/2 1832/2/2
f 1828/1/2 1829/1/2 1833/1/2
f 1833/1/2 1829/1/2 1834/1/2
f 1830/2/2 1831/2/2 1837/2/2
f 1837/2/2 1831/2/2 1838/2/2
f 1834/1/2 1835/1/2 1839/1/2
f 1839/1/2 1835/1/2 1840/1/2
f 1836/2/2 1837/2/2 1843/2/2
f 1843/2/2 1837/2/2 1844/2/2
f 1840/1/2 1841/1/2 1845/1/2
f 1845/1/2 1841/1/2 1846/1/2
f 1842/2/2 1843/2/2 1849/2/2
f 1849/2/2 1843/2/2 1850/2/2
f 1846/3/2 1847/3/2 1851/3/2
f 1851/3/2 1847/3/2 1852/3/2
f 1848/3/2 1849/3/2 1855/3/2
f 1855/3/2 1849/3/2 1856/3/2
f 1852/3/2 1853/3/2 1857/3/2
f 1857/3/2 1853/3/2 1858/3/2
f 1854/3/2 1855/3/2 1860/3/2
f 1860/3/2 1855/3/2 1861/3/2
f 1858/3/2 1859/3/2 1862/3/2
f 1862/3/2 1859/3/2 1863/3/2
f 1864/3/2 1865/3/2 1868/3/2
f 1868/3/2 1865/3/2 1869/3/2
f 1866/3/2 1867/3/2 1870/3/2
f 1870/3/2 1867/3/2 1871/3/2
f 1872/3/2 1873/3/2 1876/3/2
f 1876/3/2 1873/3/2 1877/3/2
f 1874/3/2 1875/3/2 1878/3/2
f 1878/3/2 1875/3/2 1879/3/2
f 1880/3/2 1881/3/2 1884/3/2
f 1884/3/2 1881/3/2 1885/3/2
f 1884/1/2 1885/1/2 1886/1/2
f 1886/1/2 1885/1/2 1887/1/2
f 1882/3/2 1883/3/2 1888/3/2
f 1888/3/2 1883/3/2 1889/3/2
f 1890/1/2 1891/1/2 1894/1/2
f 1894/1/2 1891/1/2 1895/1/2
f 1892/3/2 1893/3/2 1898/3/2
f 1898/3/2 1893/3/2 1899/3/2
f 1895/1/2 1896/1/2 1900/1/2
f 1900/1/2 1896/1/2 1901/1/2
f 1897/3/2 1898/3/2 1904/3/2
f 1904/3/2 1898/3/2 1905/3/2
f 1901/1/2 1902/1/2 1906/1/2
f 1906/1/2 1902/1/2 1907/1/2
f 1903/1/2 1904/1/2 1910/1/2
f 1910/1/2 1904/1/2 1911/1/2
f 1907/1/2 1908/1/2 1912/1/2
f 1912/1/2 1908/1/2 1913/1/2
f 1909/1/2 1910/1/2 1916/1/2
f 1916/1/2 1910/1/2 1917/1/2
f 1913/1/2 1914/1/2 1918/1/2
f 1918/1/2 1914/1/2 1919/1/2
f 1915/3/2 1916/3/2 1922/3/2
f 1922/3/2 1916/3/2 1923/3/2
f 1919/1/2 1920/1/2 1924/1/2
f 1924/1/2 1920/1/2 1925/1/2
f 1921/3/2 1922/3/2 1930/3/2
f 1930/3/2 1922/3/2 1931/3/2
f 1926/3/2 1927/3/2 1932/3/2
f 1932/3/2 1927/3/2 1933/3/2
f 1928/3/2 1929/3/2 1937/3/2
f 1937/3/2 1929/3/2 1938/3/2
f 1935/2/2 1936/2/2 1939/2/2
f 1934/2/2 1935/2/2 1939/2/2
f 1939/2/2 1936/2/2 1940/2/2
f 1941/2/2 1942/2/2 1948/2/2
f 1942/3/2 1943/3/2 1949/3/2
f 1948/2/2 1942/2/2 1949/2/2
f 1949/3/2 1943/3/2 1950/3/2
f 1944/3/2 1945/3/2 1951/3/2
f 1951/3/2 1945/3/2 1952/3/2
f 1946/2/2 1947/2/2 1957/2/2
f 1957/2/2 1947/2/2 1958/2/2
f 1953/3/2 1954/3/2 1959/3/2
f 1954/1/2 1955/1/2 1960/1/2
f 1959/3/2 1954/3/2 1960/3/2
f 1960/1/2 1955/1/2 1961/1/2
f 1956/2/2 1957/2/2 1963/2/2
f 1963/2/2 1957/2/2 1964/2/2
f 1961/1/2 1962/1/2 1965/1/2
f 1965/1/2 1962/1/2 1966/1/2
f 1967/3/2 1968/3/2 1972/3/2
f 1972/3/2 1968/3/2 1973/3/2
f 1969/3/2 1970/3/2 1974/3/2
f 1974/3/2 1970/3/2 1975/3/2
f 1971/3/2 1972/3/2 1977/3/2
f 1977/3/2 1972/3/2 1978/3/2
f 1975/3/2 1976/3/2 1979/3/2
f 1979/3/2 1976/3/2 1980/3/2
f 1981/3/2 1982/3/2 1985/3/2
f 1985/3/2 1982/3/2 1986/3/2
f 1983/3/2 1984/3/2 1987/3/2
f 1987/3/2 1984/3/2 1988/3/2
f 1989/3/2 1990/3/2 1993/3/2
f 1991/3/2 1992/3/2 1994/3/2
f 1989/3/2 1993/3/2 1995/3/2
f 1995/3/2 1993/3/2 1996/3/2
f 1994/3/2 1992/3/2 1997/3/2
f 1997/3/2 1992/3/2 1998/3/2
f 1999/1/2 2000/1/2 2003/1/2
f 2003/1/2 2000/1/2 2004/1/2
f 2001/1/2 2002/1/2 2007/1/2
f 2007/1/2 2002/1/2 2008/1/2
f 2004/1/2 2005/1/2 2009/1/2
f 2009/1/2 2005/1/2 2010/1/2
f 2006/1/2 2007/1/2 2011/1/2
f 2011/1/2 2007/1/2 2012/1/2
f 2013/1/2 2014/1/2 2017/1/2
f 2017/1/2 2014/1/2 2018/1/2
f 2015/3/2 2016/3/2 2023/3/2
f 2023/3/2 2016/3/2 2024/3/2
f 2018/1/2 2019/1/2 2025/1/2
f 2019/3/2 2020/3/2 2026/3/2
f 2025/1/2 2019/1/2 2026/1/2
f 2026/3/2 2020/3/2 2027/3/2
f 2021/3/2 2022/3/2 2033/3/2
f 2022/3/2 2023/3/2 2033/3/2
f 2033/3/2 2023/3/2 2034/3/2
f 2028/3/2 2029/3/2 2035/3/2
f 2029/2/2 2030/2/2 2036/2/2
f 2035/3/2 2029/3/2 2036/3/2
f 2036/2/2 2030/2/2 2037/2/2
f 2031/3/2 2032/3/2 2038/3/2
f 2038/3/2 2032/3/2 2039/3/2
f 2040/3/2 2041/3/2 2044/3/2
f 2044/3/2 2041/3/2 2045/3/2
f 2042/2/2 2043/2/2 2050/2/2
f 2050/2/2 2043/2/2 2051/2/2
f 2046/3/2 2047/3/2 2052/3/2
f 2052/3/2 2047/3/2 2053/3/2
f 2048/2/2 2049/2/2 2058/2/2
f 2058/2/2 2049/2/2 2059/2/2
f 2054/3/2 2055/3/2 2060/3/2
f 2060/3/2 2055/3/2 2061/3/2
f 2056/3/2 2057/3/2 2064/3/2
f 2057/2/2 2058/2/2 2065/2/2
f 2064/3/2 2057/3/2 2065/3/2
f 2065/2/2 2058/2/2 2066/2/2
f 2061/3/2 2062/3/2 2067/3/2
f 2067/3/2 2062/3/2 2068/3/2
f 2063/3/2 2064/3/2 2071/3/2
f 2071/3/2 2064/3/2 2072/3/2
f 2068/3/2 2069/3/2 2073/3/2
f 2073/3/2 2069/3/2 2074/3/2
f 2070/3/2 2071/3/2 2077/3/2
f 2077/3/2 2071/3/2 2078/3/2
f 2074/3/2 2075/3/2 2079/3/2
f 2079/3/2 2075/3/2 2080/3/2
f 2076/3/2 2077/3/2 2082/3/2
f 2082/3/2 2077/3/2 2083/3/2
f 2080/3/2 2081/3/2 2084/3/2
f 2084/3/2 2081/3/2 2085/3/2
f 2086/3/2 2087/3/2 2090/3/2
f 2090/3/2 2087/3/2 2091/3/2
f 2088/3/2 2089/3/2 2092/3/2
f 2092/3/2 2089/3/2 2093/3/2
f 2094/3/2 2095/3/2 2098/3/2
f 2098/3/2 2095/3/2 2099/3/2
f 2096/3/2 2097/3/2 2100/3/2
f 2100/3/2 2097/3/2 2101/3/2
f 2102/1/2 2103/1/2 2106/1/2
f 2106/1/2 2103/1/2 2107/1/2
f 2104/1/2 2105/1/2 2108/1/2
f 2108/1/2 2105/1/2 2109/1/2
f 2110/1/2 2111/1/2 2114/1/2
f 2114/1/2 2111/1/2 2115/1/2
f 2112/1/2 2113/1/2 2118/1/2
f 2118/1/2 2113/1/2 2119/1/2
f 2115/1/2 2116/1/2 2120/1/2
f 2120/1/2 2116/1/2 2121/1/2
f 2117/1/2 2118/1/2 2124/1/2
f 2124/1/2 2118/1/2 2125/1/2
f 2121/1/2 2122/1/2 2126/1/2
f 2126/1/2 2122/1/2 2127/1/2
f 2123/1/2 2124/1/2 2131/1/2
f 2131/1/2 2124/1/2 2132/1/2
f 2128/1/2 2129/1/2 2133/1/2
f 2127/1/2 2128/1/2 2133/1/2
f 2133/1/2 2129/1/2 2134/1/2
f 2130/1/2 2131/1/2 2137/1/2
f 2137/1/2 2131/1/2 2138/1/2
f 2134/1/2 2135/1/2 2139/1/2
f 2139/1/2 2135/1/2 2140/1/2
f 2136/1/2 2137/1/2 2146/1/2
f 2146/1/2 2137/1/2 2147/1/2
f 2141/3/2 2142/3/2 2148/3/2
f 2142/3/2 2143/3/2 2148/3/2
f 2148/3/2 2143/3/2 2149/3/2
f 2144/3/2 2145/3/2 2152/3/2
f 2152/3/2 2145/3/2 2153/3/2
f 2150/3/2 2151/3/2 2154/3/2
f 2154/3/2 2151/3/2 2155/3/2
f 2156/2/2 2157/2/2 2161/2/2
f 2157/3/2 2158/3/2 2162/3/2
f 2161/2/2 2157/2/2 2162/2/2
f 2162/3/2 2158/3/2 2163/3/2
f 2159/2/2 2160/2/2 2167/2/2
f 2167/2/2 2160/2/2 2168/2/2
f 2164/3/2 2165/3/2 2169/3/2
f 2169/3/2 2165/3/2 2170/3/2
f 2166/3/2 2167/3/2 2173/3/2
f 2173/3/2 2167/3/2 2174/3/2
f 2170/3/2 2171/3/2 2175/3/2
f 2175/3/2 2171/3/2 2176/3/2
f 2172/3/2 2173/3/2 2179/3/2
f 2179/3/2 2173/3/2 2180/3/2
f 2176/3/2 2177/3/2 2181/3/2
f 2181/3/2 2177/3/2 2182/3/2
f 2178/3/2 2179/3/2 2185/3/2
f 2185/3/2 2179/3/2 2186/3/2
f 2182/3/2 2183/3/2 2187/3/2
f 2187/3/2 2183/3/2 2188/3/2
f 2184/3/2 2185/3/2 2191/3/2
f 2191/3/2 2185/3/2 2192/3/2
f 2188/3/2 2189/3/2 2193/3/2
f 2193/3/2 2189/3/2 2194/3/2
f 2190/3/2 2191/3/2 2196/3/2
f 2196/3/2 2191/3/2 2197/3/2
f 2194/3/2 2195/3/2 2198/3/2
f 2198/3/2 2195/3/2 2199/3/2
f 2200/3/2 2201/3/2 2204/3/2
f 2200/3/2 2204/3/2 2205/3/2
f 2205/3/2 2204/3/2 2206/3/2
f 2205/1/2 2206/1/2 2207/1/2
f 2207/1/2 2206/1/2 2208/1/2
f 2202/3/2 2203/3/2 2209/3/2
f 2209/3/2 2203/3/2 2210/3/2
f 2211/1/2 2212/1/2 2215/1/2
f 2215/1/2 2212/1/2 2216/1/2
f 2213/1/2 2214/1/2 2219/1/2
f 2219/1/2 2214/1/2 2220/1/2
f 2216/1/2 2217/1/2 2221/1/2
f 2221/1/2 2217/1/2 2222/1/2
f 2218/1/2 2219/1/2 2225/1/2
f 2225/1/2 2219/1/2 2226/1/2
f 2222/1/2 2223/1/2 2227/1/2
f 2222/1/2 2227/1/2 2228/1/2
f 2228/1/2 2227/1/2 2229/1/2
f 2224/1/2 2225/1/2 2233/1/2
f 2233/1/2 2225/1/2 2234/1/2
f 2229/1/2 2230/1/2 2235/1/2
f 2230/2/2 2231/2/2 2236/2/2
f 2235/1/2 2230/1/2 2236/1/2
f 2236/2/2 2231/2/2 2237/2/2
f 2232/1/2 2233/1/2 2240/1/2
f 2240/1/2 2233/1/2 2241/1/2
f 2237/2/2 2238/2/2 2242/2/2
f 2242/2/2 2238/2/2 2243/2/2
f 2239/1/2 2240/1/2 2247/1/2
f 2247/1/2 2240/1/2 2248/1/2
f 2243/1/2 2244/1/2 2249/1/2
f 2249/1/2 2244/1/2 2250/1/2
f 2245/3/2 2246/3/2 2253/3/2
f 2246/1/2 2247/1/2 2254/1/2
f 2253/3/2 2246/3/2 2254/3/2
f 2254/1/2 2247/1/2 2255/1/2
f 2251/3/2 2252/3/2 2256/3/2
f 2256/3/2 2252/3/2 2257/3/2
f 2258/3/2 2259/3/2 2261/3/2
f 2261/3/2 2259/3/2 2262/3/2
f 2262/3/2 2259/3/2 2263/3/2
f 2263/3/2 2259/3/2 2264/3/2
f 2260/3/2 2261/3/2 2267/3/2
f 2267/3/2 2261/3/2 2268/3/2
f 2264/3/2 2265/3/2 2269/3/2
f 2269/3/2 2265/3/2 2270/3/2
f 2266/3/2 2267/3/2 2273/3/2
f 2273/3/2 2267/3/2 2274/3/2
f 2270/3/2 2271/3/2 2275/3/2
f 2275/3/2 2271/3/2 2276/3/2
f 2272/3/2 2273/3/2 2278/3/2
f 2278/3/2 2273/3/2 2279/3/2
f 2276/3/2 2277/3/2 2280/3/2
f 2280/3/2 2277/3/2 2281/3/2
f 2272/3/2 2278/3/2 2283/3/2
f 2283/3/2 2278/3/2 2284/3/2
f 2281/3/2 2277/3/2 2285/3/2
f 2285/3/2 2277/3/2 2286/3/2
f 2282/3/2 2283/3/2 2289/3/2
f 2289/3/2 2283/3/2 2290/3/2
f 2286/3/2 2287/3/2 2291/3/2
f 2291/3/2 2287/3/2 2292/3/2
f 2288/3/2 2289/3/2 2295/3/2
f 2295/3/2 2289/3/2 2296/3/2
f 2292/3/2 2293/3/2 2297/3/2
f 2297/3/2 2293/3/2 2298/3/2
f 2294/3/2 2295/3/2 2300/3/2
f 2294/3/2 2300/3/2 2301/3/2
f 2301/3/2 2300/3/2 2302/3/2
f 2298/3/2 2299/3/2 2303/3/2
f 2303/3/2 2299/3/2 2304/3/2
f 2301/1/2 2302/1/2 2305/1/2
f 2305/1/2 2302/1/2 2306/1/2
f 2303/1/2 2304/1/2 2309/1/2
f 2309/1/2 2304/1/2 2310/1/2
f 2308/1/2 2309/1/2 2311/1/2
f 2306/1/2 2307/1/2 2312/1/2
f 2312/1/2 2307/1/2 2313/1/2
f 2311/1/2 2309/1/2 2316/1/2
f 2316/1/2 2309/1/2 2317/1/2
f 2313/1/2 2314/1/2 2318/1/2
f 2318/1/2 2314/1/2 2319/1/2
f 2315/1/2 2316/1/2 2322/1/2
f 2322/1/2 2316/1/2 2323/1/2
f 2319/1/2 2320/1/2 2324/1/2
f 2324/1/2 2320/1/2 2325/1/2
f 2321/1/2 2322/1/2 2328/1/2
f 2325/2/2 2326/2/2 2329/2/2
f 2324/2/2 2325/2/2 2329/2/2
f 2329/2/2 2326/2/2 2330/2/2
f 2327/1/2 2328/1/2 2333/1/2
f 2328/1/2 2322/1/2 2334/1/2
f 2333/1/2 2328/1/2 2334/1/2
f 2330/2/2 2331/2/2 2335/2/2
f 2335/2/2 2331/2/2 2336/2/2
f 2332/1/2 2333/1/2 2339/1/2
f 2339/1/2 2333/1/2 2340/1/2
f 2336/2/2 2337/2/2 2341/2/2
f 2341/2/2 2337/2/2 2342/2/2
f 2338/1/2 2339/1/2 2345/1/2
f 2345/1/2 2339/1/2 2346/1/2
f 2342/2/2 2343/2/2 2347/2/2
f 2343/3/2 2344/3/2 2348/3/2
f 2347/2/2 2343/2/2 2348/2/2
f 2344/3/2 2345/3/2 2348/3/2
f 2348/3/2 2345/3/2 2349/3/2
f 2350/3/2 2351/3/2 2355/3/2
f 2355/3/2 2351/3/2 2356/3/2
f 2351/1/2 2352/1/2 2357/1/2
f 2356/3/2 2351/3/2 2357/3/2
f 2352/3/2 2353/3/2 2358/3/2
f 2357/1/2 2352/1/2 2358/1/2
f 2358/3/2 2353/3/2 2359/3/2
f 2359/3/2 2353/3/2 2360/3/2
f 2355/3/2 2356/3/2 2363/3/2
f 2354/3/2 2355/3/2 2363/3/2
f 2363/3/2 2356/3/2 2364/3/2
f 2364/3/2 2356/3/2 2365/3/2
f 2360/3/2 2361/3/2 2366/3/2
f 2359/3/2 2360/3/2 2366/3/2
f 2366/3/2 2361/3/2 2367/3/2
f 2367/3/2 2361/3/2 2368/3/2
f 2363/3/2 2364/3/2 2371/3/2
f 2362/3/2 2363/3/2 2371/3/2
f 2371/3/2 2364/3/2 2372/3/2
f 2368/3/2 2369/3/2 2373/3/2
f 2367/3/2 2368/3/2 2373/3/2
f 2373/3/2 2369/3/2 2374/3/2
f 2370/3/2 2371/3/2 2377/3/2
f 2377/3/2 2371/3/2 2378/3/2
f 2374/3/2 2375/3/2 2379/3/2
f 2379/3/2 2375/3/2 2380/3/2
f 2376/3/2 2377/3/2 2383/3/2
f 2380/3/2 2381/3/2 2384/3/2
f 2382/3/2 2383/3/2 2386/3/2
f 2383/3/2 2377/3/2 2386/3/2
f 2386/3/2 2377/3/2 2387/3/2
f 2384/3/2 2385/3/2 2388/3/2
f 2380/3/2 2384/3/2 2388/3/2
f 2388/3/2 2385/3/2 2389/3/2
f 2382/3/2 2386/3/2 2391/3/2
f 2389/3/2 2385/3/2 2392/3/2
f 2390/3/2 2391/3/2 2394/3/2
f 2391/3/2 2386/3/2 2394/3/2
f 2394/3/2 2386/3/2 2395/3/2
f 2392/3/2 2393/3/2 2396/3/2
f 2389/3/2 2392/3/2 2396/3/2
f 2396/3/2 2393/3/2 2397/3/2
f 2390/3/2 2394/3/2 2398/3/2
f 2390/3/2 2398/3/2 2399/3/2
f 2399/3/2 2398/3/2 2400/3/2
f 2399/1/2 2400/1/2 2401/1/2
f 2397/3/2 2393/3/2 2404/3/2
f 2401/1/2 2402/1/2 2405/1/2
f 2399/1/2 2401/1/2 2405/1/2
f 2405/1/2 2402/1/2 2406/1/2
f 2403/3/2 2404/3/2 2407/3/2
f 2404/3/2 2393/3/2 2407/3/2
f 2407/3/2 2393/3/2 2408/3/2
f 2406/1/2 2402/1/2 2409/1/2
f 2403/3/2 2407/3/2 2412/3/2
f 2412/3/2 2407/3/2 2413/3/2
f 2409/1/2 2410/1/2 2414/1/2
f 2406/1/2 2409/1/2 2414/1/2
f 2414/1/2 2410/1/2 2415/1/2
f 2415/1/2 2410/1/2 2416/1/2
f 2412/1/2 2413/1/2 2417/1/2
f 2411/1/2 2412/1/2 2417/1/2
f 2417/1/2 2413/1/2 2418/1/2
f 2415/1/2 2416/1/2 2419/1/2
f 2419/1/2 2416/1/2 2420/1/2
f 2411/1/2 2417/1/2 2423/1/2
f 2423/1/2 2417/1/2 2424/1/2
f 2420/2/2 2421/2/2 2425/2/2
f 2425/2/2 2421/2/2 2426/2/2
f 2422/1/2 2423/1/2 2429/1/2
f 2429/1/2 2423/1/2 2430/1/2
f 2426/2/2 2427/2/2 2431/2/2
f 2431/2/2 2427/2/2 2432/2/2
f 2432/2/2 2427/2/2 2433/2/2
f 2428/1/2 2429/1/2 2436/1/2
f 2436/1/2 2429/1/2 2437/1/2
f 2437/1/2 2429/1/2 2438/1/2
f 2433/2/2 2434/2/2 2439/2/2
f 2432/2/2 2433/2/2 2439/2/2
f 2439/2/2 2434/2/2 2440/2/2
f 2440/2/2 2434/2/2 2441/2/2
f 2436/1/2 2437/1/2 2444/1/2
f 2435/1/2 2436/1/2 2444/1/2
f 2444/1/2 2437/1/2 2445/1/2
f 2445/1/2 2437/1/2 2446/1/2
f 2441/2/2 2442/2/2 2447/2/2
f 2440/2/2 2441/2/2 2447/2/2
f 2442/3/2 2443/3/2 2448/3/2
f 2447/2/2 2442/2/2 2448/2/2
f 2444/3/2 2445/3/2 2448/3/2
f 2443/3/2 2444/3/2 2448/3/2
f 2448/3/2 2445/3/2 2449/3/2
f 2450/1/2 2451/1/2 2453/1/2
f 2453/1/2 2451/1/2 2454/1/2
f 2454/1/2 2451/1/2 2455/1/2
f 2455/1/2 2451/1/2 2456/1/2
f 2452/3/2 2453/3/2 2459/3/2
f 2459/3/2 2453/3/2 2460/3/2
f 2453/1/2 2454/1/2 2461/1/2
f 2460/3/2 2453/3/2 2461/3/2
f 2461/1/2 2454/1/2 2462/1/2
f 2455/1/2 2456/1/2 2463/1/2
f 2456/3/2 2457/3/2 2464/3/2
f 2463/1/2 2456/1/2 2464/1/2
f 2464/3/2 2457/3/2 2465/3/2
f 2465/3/2 2457/3/2 2466/3/2
f 2459/3/2 2460/3/2 2469/3/2
f 2458/3/2 2459/3/2 2469/3/2
f 2469/3/2 2460/3/2 2470/3/2
f 2470/3/2 2460/3/2 2471/3/2
f 2466/3/2 2467/3/2 2472/3/2
f 2465/3/2 2466/3/2 2472/3/2
f 2472/3/2 2467/3/2 2473/3/2
f 2473/3/2 2467/3/2 2474/3/2
f 2469/3/2 2470/3/2 2476/3/2
f 2468/3/2 2469/3/2 2476/3/2
f 2476/3/2 2470/3/2 2477/3/2
f 2474/3/2 2475/3/2 2478/3/2
f 2473/3/2 2474/3/2 2478/3/2
f 2478/3/2 2475/3/2 2479/3/2
f 2468/3/2 2476/3/2 2481/3/2
f 2479/3/2 2475/3/2 2482/3/2
f 2480/3/2 2481/3/2 2484/3/2
f 2481/3/2 2476/3/2 2484/3/2
f 2484/3/2 2476/3/2 2485/3/2
f 2482/3/2 2483/3/2 2486/3/2
f 2479/3/2 2482/3/2 2486/3/2
f 2486/3/2 2483/3/2 2487/3/2
f 2480/3/2 2484/3/2 2489/3/2
f 2487/3/2 2483/3/2 2490/3/2
f 2488/3/2 2489/3/2 2492/3/2
f 2489/3/2 2484/3/2 2493/3/2
f 2492/3/2 2489/3/2 2493/3/2
f 2493/3/2 2484/3/2 2494/3/2
f 2490/3/2 2491/3/2 2495/3/2
f 2487/3/2 2490/3/2 2495/3/2
f 2495/3/2 2491/3/2 2496/3/2
f 2492/1/2 2493/1/2 2497/1/2
f 2496/3/2 2491/3/2 2500/3/2
f 2497/1/2 2498/1/2 2501/1/2
f 2492/1/2 2497/1/2 2501/1/2
f 2501/1/2 2498/1/2 2502/1/2
f 2502/1/2 2498/1/2 2503/1/2
f 2499/3/2 2500/3/2 2504/3/2
f 2500/3/2 2491/3/2 2504/3/2
f 2504/3/2 2491/3/2 2505/3/2
f 2502/1/2 2503/1/2 2506/1/2
f 2499/3/2 2504/3/2 2509/3/2
f 2506/1/2 2507/1/2 2510/1/2
f 2502/1/2 2506/1/2 2510/1/2
f 2510/1/2 2507/1/2 2511/1/2
f 2508/1/2 2509/1/2 2512/1/2
f 2509/3/2 2504/3/2 2512/3/2
f 2512/3/2 2504/3/2 2513/3/2
f 2511/1/2 2507/1/2 2514/1/2
f 2514/1/2 2507/1/2 2515/1/2
f 2508/1/2 2512/1/2 2518/1/2
f 2515/2/2 2516/2/2 2519/2/2
f 2514/2/2 2515/2/2 2519/2/2
f 2519/2/2 2516/2/2 2520/2/2
f 2520/2/2 2516/2/2 2521/2/2
f 2517/1/2 2518/1/2 2524/1/2
f 2518/1/2 2512/1/2 2525/1/2
f 2524/1/2 2518/1/2 2525/1/2
f 2525/1/2 2512/1/2 2526/1/2
f 2521/2/2 2522/2/2 2527/2/2
f 2520/2/2 2521/2/2 2527/2/2
f 2527/2/2 2522/2/2 2528/2/2
f 2528/2/2 2522/2/2 2529/2/2
f 2523/1/2 2524/1/2 2533/1/2
f 2524/1/2 2525/1/2 2533/1/2
f 2533/1/2 2525/1/2 2534/1/2
f 2534/1/2 2525/1/2 2535/1/2
f 2529/2/2 2530/2/2 2536/2/2
f 2528/2/2 2529/2/2 2536/2/2
f 2536/2/2 2530/2/2 2537/2/2
f 2537/2/2 2530/2/2 2538/2/2
f 2531/3/2 2532/3/2 2539/3/2
f 2533/1/2 2534/1/2 2540/1/2
f 2532/1/2 2533/1/2 2540/1/2
f 2539/3/2 2532/3/2 2540/3/2
f 2540/1/2 2534/1/2 2541/1/2
f 2541/1/2 2534/1/2 2542/1/2
f 2537/2/2 2538/2/2 2543/2/2
f 2538/2/2 2539/2/2 2543/2/2
f 2540/3/2 2541/3/2 2544/3/2
f 2543/2/2 2539/2/2 2544/2/2
f 2539/3/2 2540/3/2 2544/3/2
f 2544/3/2 2541/3/2 2545/3/2
f 2546/1/2 2547/1/2 2550/1/2
f 2550/1/2 2547/1/2 2551/1/2
f 2548/3/2 2549/3/2 2555/3/2
f 2549/1/2 2550/1/2 2556/1/2
f 2550/1/2 2551/1/2 2556/1/2
f 2555/3/2 2549/3/2 2556/3/2
f 2551/1/2 2552/1/2 2556/1/2
f 2556/1/2 2552/1/2 2557/1/2
f 2557/1/2 2552/1/2 2558/1/2
f 2558/1/2 2552/1/2 2559/1/2
f 2559/1/2 2552/1/2 2560/1/2
f 2552/3/2 2553/3/2 2561/3/2
f 2560/1/2 2552/1/2 2561/1/2
f 2561/3/2 2553/3/2 2562/3/2
f 2554/3/2 2555/3/2 2565/3/2
f 2555/3/2 2556/3/2 2565/3/2
f 2556/3/2 2557/3/2 2565/3/2
f 2565/3/2 2557/3/2 2566/3/2
f 2566/3/2 2557/3/2 2567/3/2
f 2562/3/2 2563/3/2 2568/3/2
f 2560/3/2 2561/3/2 2568/3/2
f 2561/3/2 2562/3/2 2568/3/2
f 2568/3/2 2563/3/2 2569/3/2
f 2569/3/2 2563/3/2 2570/3/2
f 2565/3/2 2566/3/2 2572/3/2
f 2564/3/2 2565/3/2 2572/3/2
f 2572/3/2 2566/3/2 2573/3/2
f 2570/3/2 2571/3/2 2574/3/2
f 2569/3/2 2570/3/2 2574/3/2
f 2574/3/2 2571/3/2 2575/3/2
f 2564/3/2 2572/3/2 2577/3/2
f 2577/3/2 2572/3/2 2578/3/2
f 2578/3/2 2572/3/2 2579/3/2
f 2575/3/2 2571/3/2 2580/3/2
f 2580/3/2 2571/3/2 2581/3/2
f 2581/3/2 2571/3/2 2582/3/2
f 2576/3/2 2577/3/2 2584/3/2
f 2577/3/2 2578/3/2 2584/3/2
f 2584/3/2 2578/3/2 2585/3/2
f 2582/3/2 2583/3/2 2586/3/2
f 2581/3/2 2582/3/2 2586/3/2
f 2586/3/2 2583/3/2 2587/3/2
f 2576/3/2 2584/3/2 2589/3/2
f 2589/3/2 2584/3/2 2590/3/2
f 2587/3/2 2583/3/2 2591/3/2
f 2589/1/2 2590/1/2 2593/1/2
f 2588/1/2 2589/1/2 2593/1/2
f 2593/1/2 2590/1/2 2594/1/2
f 2594/1/2 2590/1/2 2595/1/2
f 2591/3/2 2592/3/2 2596/3/2
f 2587/3/2 2591/3/2 2596/3/2
f 2596/3/2 2592/3/2 2597/3/2
f 2594/1/2 2595/1/2 2598/1/2
f 2587/3/2 2596/3/2 2601/3/2
f 2594/1/2 2598/1/2 2602/1/2
f 2598/2/2 2599/2/2 2603/2/2
f 2602/1/2 2598/1/2 2603/1/2
f 2600/3/2 2601/3/2 2604/3/2
f 2601/3/2 2596/3/2 2605/3/2
f 2604/3/2 2601/3/2 2605/3/2
f 2602/2/2 2603/2/2 2606/2/2
f 2603/2/2 2599/2/2 2607/2/2
f 2606/2/2 2603/2/2 2607/2/2
f 2607/2/2 2599/2/2 2608/2/2
f 2604/1/2 2605/1/2 2611/1/2
f 2605/3/2 2596/3/2 2612/3/2
f 2611/1/2 2605/1/2 2612/1/2
f 2612/3/2 2596/3/2 2613/3/2
f 2608/2/2 2609/2/2 2614/2/2
f 2607/2/2 2608/2/2 2614/2/2
f 2610/1/2 2611/1/2 2617/1/2
f 2611/1/2 2612/1/2 2617/1/2
f 2614/2/2 2615/2/2 2618/2/2
f 2607/2/2 2614/2/2 2618/2/2
f 2618/2/2 2615/2/2 2619/2/2
f 2619/2/2 2615/2/2 2620/2/2
f 2616/1/2 2617/1/2 2623/1/2
f 2617/1/2 2612/1/2 2624/1/2
f 2623/1/2 2617/1/2 2624/1/2
f 2624/1/2 2612/1/2 2625/1/2
f 2620/2/2 2621/2/2 2626/2/2
f 2619/2/2 2620/2/2 2626/2/2
f 2626/2/2 2621/2/2 2627/2/2
f 2627/2/2 2621/2/2 2628/2/2
f 2622/1/2 2623/1/2 2631/1/2
f 2623/1/2 2624/1/2 2631/1/2
f 2631/1/2 2624/1/2 2632/1/2
f 2632/1/2 2624/1/2 2633/1/2
f 2629/2/2 2630/2/2 2634/2/2
f 2628/2/2 2629/2/2 2634/2/2
f 2627/2/2 2628/2/2 2634/2/2
f 2634/2/2 2630/2/2 2635/2/2
f 2630/3/2 2631/3/2 2636/3/2
f 2635/2/2 2630/2/2 2636/2/2
f 2631/1/2 2632/1/2 2637/1/2
f 2636/3/2 2631/3/2 2637/3/2
f 2637/1/2 2632/1/2 2638/1/2
f 2635/2/2 2636/2/2 2639/2/2
f 2639/2/2 2636/2/2 2640/2/2
f 2641/3/2 2642/3/2 2646/3/2
f 2642/1/2 2643/1/2 2647/1/2
f 2646/3/2 2642/3/2 2647/3/2
f 2643/3/2 2644/3/2 2648/3/2
f 2647/1/2 2643/1/2 2648/1/2
f 2648/3/2 2644/3/2 2649/3/2
f 2646/3/2 2647/3/2 2652/3/2
f 2649/3/2 2650/3/2 2652/3/2
f 2648/3/2 2649/3/2 2652/3/2
f 2647/3/2 2648/3/2 2652/3/2
f 2645/3/2 2646/3/2 2652/3/2
f 2652/3/2 2650/3/2 2653/3/2
f 2651/3/2 2652/3/2 2656/3/2
f 2653/3/2 2654/3/2 2656/3/2
f 2652/3/2 2653/3/2 2656/3/2
f 2656/3/2 2654/3/2 2657/3/2
f 2657/3/2 2654/3/2 2658/3/2
f 2658/3/2 2654/3/2 2659/3/2
f 2655/3/2 2656/3/2 2661/3/2
f 2656/3/2 2657/3/2 2661/3/2
f 2661/3/2 2657/3/2 2662/3/2
f 2659/3/2 2660/3/2 2663/3/2
f 2658/3/2 2659/3/2 2663/3/2
f 2663/3/2 2660/3/2 2664/3/2
f 2655/3/2 2661/3/2 2666/3/2
f 2666/3/2 2661/3/2 2667/3/2
f 2667/3/2 2661/3/2 2668/3/2
f 2664/3/2 2660/3/2 2669/3/2
f 2669/3/2 2660/3/2 2670/3/2
f 2670/3/2 2660/3/2 2671/3/2
f 2665/3/2 2666/3/2 2673/3/2
f 2666/1/2 2667/1/2 2674/1/2
f 2673/3/2 2666/3/2 2674/3/2
f 2673/1/2 2674/1/2 2675/1/2
f 2674/1/2 2667/1/2 2675/1/2
f 2675/1/2 2667/1/2 2676/1/2
f 2673/1/2 2675/1/2 2677/1/2
f 2675/2/2 2676/2/2 2678/2/2
f 2677/1/2 2675/1/2 2678/1/2
f 2677/2/2 2678/2/2 2679/2/2
f 2678/2/2 2676/2/2 2680/2/2
f 2679/2/2 2678/2/2 2680/2/2
f 2680/2/2 2676/2/2 2681/2/2
f 2671/3/2 2672/3/2 2684/3/2
f 2670/3/2 2671/3/2 2684/3/2
f 2684/3/2 2672/3/2 2685/3/2
f 2685/3/2 2672/3/2 2686/3/2
f 2681/2/2 2682/2/2 2687/2/2
f 2680/2/2 2681/2/2 2687/2/2
f 2684/3/2 2685/3/2 2690/3/2
f 2683/3/2 2684/3/2 2690/3/2
f 2690/3/2 2685/3/2 2691/3/2
f 2687/2/2 2688/2/2 2692/2/2
f 2680/2/2 2687/2/2 2692/2/2
f 2692/2/2 2688/2/2 2693/2/2
f 2693/2/2 2688/2/2 2694/2/2
f 2689/3/2 2690/3/2 2696/3/2
f 2690/1/2 2691/1/2 2697/1/2
f 2696/3/2 2690/3/2 2697/3/2
f 2697/1/2 2691/1/2 2698/1/2
f 2698/1/2 2691/1/2 2699/1/2
f 2694/2/2 2695/2/2 2700/2/2
f 2693/2/2 2694/2/2 2700/2/2
f 2700/2/2 2695/2/2 2701/2/2
f 2697/1/2 2698/1/2 2702/1/2
f 2696/1/2 2697/1/2 2702/1/2
f 2702/1/2 2698/1/2 2703/1/2
f 2701/2/2 2695/2/2 2704/2/2
f 2704/2/2 2695/2/2 2705/2/2
f 2695/3/2 2696/3/2 2706/3/2
f 2705/2/2 2695/2/2 2706/2/2
f 2706/3/2 2696/3/2 2707/3/2
f 2696/1/2 2702/1/2 2708/1/2
f 2707/3/2 2696/3/2 2708/3/2
f 2708/1/2 2702/1/2 2709/1/2
f 2706/2/2 2707/2/2 2710/2/2
f 2705/2/2 2706/2/2 2710/2/2
f 2707/3/2 2708/3/2 2711/3/2
f 2710/2/2 2707/2/2 2711/2/2
f 2711/3/2 2708/3/2 2712/3/2
f 2713/3/2 2714/3/2 2716/3/2
f 2716/3/2 2714/3/2 2717/3/2
f 2715/3/2 2716/3/2 2720/3/2
f 2717/3/2 2718/3/2 2720/3/2
f 2716/3/2 2717/3/2 2720/3/2
f 2720/3/2 2718/3/2 2721/3/2
f 2721/3/2 2718/3/2 2722/3/2
f 2719/1/2 2720/1/2 2724/1/2
f 2722/3/2 2723/3/2 2724/3/2
f 2721/3/2 2722/3/2 2724/3/2
f 2720/1/2 2721/1/2 2724/1/2
f 2724/3/2 2723/3/2 2725/3/2
f 2719/1/2 2724/1/2 2726/1/2
f 2724/1/2 2725/1/2 2726/1/2
f 2726/1/2 2725/1/2 2727/1/2
f 2726/2/2 2727/2/2 2728/2/2
f 2727/1/2 2725/1/2 2728/1/2
f 2725/3/2 2723/3/2 2729/3/2
f 2728/1/2 2725/1/2 2729/1/2
f 2726/2/2 2728/2/2 2730/2/2
f 2728/2/2 2729/2/2 2730/2/2
f 2730/2/2 2729/2/2 2731/2/2
f 2729/3/2 2723/3/2 2732/3/2
f 2732/3/2 2723/3/2 2733/3/2
f 2731/2/2 2729/2/2 2734/2/2
f 2734/2/2 2729/2/2 2735/2/2
f 2729/3/2 2732/3/2 2736/3/2
f 2736/3/2 2732/3/2 2737/3/2
f 2735/2/2 2729/2/2 2738/2/2
f 2729/3/2 2736/3/2 2739/3/2
f 2738/2/2 2729/2/2 2739/2/2
f 2739/3/2 2736/3/2 2740/3/2
f 2745/1/3 2742/1/3 2741/1/3
f 2746/2/3 2743/2/3 2742/2/3
f 2746/1/3 2742/1/3 2745/1/3
f 2747/2/3 2743/2/3 2746/2/3
f 2750/1/3 2745/1/3 2744/1/3
f 2751/2/3 2748/2/3 2747/2/3
f 2751/2/3 2746/2/3 2745/2/3
f 2751/1/3 2745/1/3 2750/1/3
f 2751/2/3 2747/2/3 2746/2/3
f 2752/2/3 2748/2/3 2751/2/3
f 2754/1/3 2750/1/3 2749/1/3
f 2755/2/3 2751/2/3 2750/2/3
f 2755/1/3 2750/1/3 2754/1/3
f 2755/2/3 2752/2/3 2751/2/3
f 2756/1/3 2753/1/3 2752/1/3
f 2756/2/3 2752/2/3 2755/2/3
f 2757/1/3 2753/1/3 2756/1/3
f 2758/2/3 2756/2/3 2755/2/3
f 2759/2/3 2756/2/3 2758/2/3
f 2760/2/3 2756/2/3 2759/2/3
f 2761/2/3 2756/2/3 2760/2/3
f 2762/2/3 2760/2/3 2759/2/3
f 2763/2/3 2760/2/3 2762/2/3
f 2768/1/3 2765/1/3 2764/1/3
f 2769/2/3 2766/2/3 2765/2/3
f 2772/1/3 2768/1/3 2767/1/3
f 2773/2/3 2770/2/3 2769/2/3
f 2776/1/3 2772/1/3 2771/1/3
f 2777/1/3 2765/1/3 2768/1/3
f 2777/1/3 2768/1/3 2772/1/3
f 2777/1/3 2772/1/3 2776/1/3
f 2778/2/3 2774/2/3 2773/2/3
f 2778/1/3 2765/1/3 2777/1/3
f 2778/2/3 2769/2/3 2765/2/3
f 2778/2/3 2773/2/3 2769/2/3
f 2779/2/3 2774/2/3 2778/2/3
f 2780/2/3 2774/2/3 2779/2/3
f 2782/1/3 2777/1/3 2776/1/3
f 2782/1/3 2776/1/3 2775/1/3
f 2783/1/3 2777/1/3 2782/1/3
f 2784/2/3 2781/2/3 2780/2/3
f 2784/2/3 2780/2/3 2779/2/3
f 2785/2/3 2781/2/3 2784/2/3
f 2786/2/3 2781/2/3 2785/2/3
f 2787/2/3 2781/2/3 2786/2/3
f 2789/1/3 2782/1/3 2775/1/3
f 2790/1/3 2782/1/3 2789/1/3
f 2791/1/3 2782/1/3 2790/1/3
f 2792/2/3 2786/2/3 2785/2/3
f 2793/2/3 2786/2/3 2792/2/3
f 2794/1/3 2787/1/3 2786/1/3
f 2794/2/3 2786/2/3 2793/2/3
f 2795/1/3 2787/1/3 2794/1/3
f 2797/1/3 2789/1/3 2788/1/3
f 2797/1/3 2790/1/3 2789/1/3
f 2798/1/3 2790/1/3 2797/1/3
f 2799/1/3 2790/1/3 2798/1/3
f 2800/1/3 2790/1/3 2799/1/3
f 2803/1/3 2795/1/3 2794/1/3
f 2803/1/3 2796/1/3 2795/1/3
f 2803/1/3 2794/1/3 2793/1/3
f 2804/1/3 2796/1/3 2803/1/3
f 2805/1/3 2796/1/3 2804/1/3
f 2806/1/3 2796/1/3 2805/1/3
f 2807/1/3 2799/1/3 2798/1/3
f 2808/3/3 2801/3/3 2800/3/3
f 2808/1/3 2799/1/3 2807/1/3
f 2808/3/3 2800/3/3 2799/3/3
f 2809/3/3 2801/3/3 2808/3/3
f 2812/3/3 2804/3/3 2803/3/3
f 2812/3/3 2803/3/3 2802/3/3
f 2813/1/3 2805/1/3 2804/1/3
f 2813/3/3 2804/3/3 2812/3/3
f 2814/1/3 2805/1/3 2813/1/3
f 2815/3/3 2810/3/3 2809/3/3
f 2815/3/3 2809/3/3 2808/3/3
f 2815/3/3 2808/3/3 2807/3/3
f 2816/3/3 2810/3/3 2815/3/3
f 2817/3/3 2810/3/3 2816/3/3
f 2818/3/3 2812/3/3 2811/3/3
f 2818/3/3 2814/3/3 2813/3/3
f 2818/3/3 2813/3/3 2812/3/3
f 2819/3/3 2814/3/3 2818/3/3
f 2820/3/3 2814/3/3 2819/3/3
f 2821/3/3 2817/3/3 2816/3/3
f 2821/3/3 2819/3/3 2818/3/3
f 2821/3/3 2818/3/3 2817/3/3
f 2822/3/3 2819/3/3 2821/3/3
f 2823/3/3 2819/3/3 2822/3/3
f 2824/3/3 2819/3/3 2823/3/3
f 2825/3/3 2823/3/3 2822/3/3
f 2826/3/3 2823/3/3 2825/3/3
f 2827/3/3 2823/3/3 2826/3/3
f 2828/3/3 2823/3/3 2827/3/3
f 2829/3/3 2827/3/3 2826/3/3
f 2830/3/3 2827/3/3 2829/3/3
f 2835/1/3 2832/1/3 2831/1/3
f 2836/2/3 2833/2/3 2832/2/3
f 2839/1/3 2835/1/3 2834/1/3
f 2840/1/3 2835/1/3 2839/1/3
f 2841/1/3 2832/1/3 2835/1/3
f 2841/1/3 2835/1/3 2840/1/3
f 2842/2/3 2837/2/3 2836/2/3
f 2842/1/3 2832/1/3 2841/1/3
f 2842/2/3 2836/2/3 2832/2/3
f 2843/2/3 2837/2/3 2842/2/3
f 2844/2/3 2837/2/3 2843/2/3
f 2847/1/3 2840/1/3 2839/1/3
f 2847/1/3 2839/1/3 2838/1/3
f 2848/1/3 2840/1/3 2847/1/3
f 2849/1/3 2840/1/3 2848/1/3
f 2850/2/3 2845/2/3 2844/2/3
f 2850/2/3 2844/2/3 2843/2/3
f 2851/2/3 2845/2/3 2850/2/3
f 2852/2/3 2845/2/3 2851/2/3
f 2854/1/3 2848/1/3 2847/1/3
f 2854/1/3 2847/1/3 2846/1/3
f 2855/1/3 2848/1/3 2854/1/3
f 2856/2/3 2853/2/3 2852/2/3
f 2856/2/3 2852/2/3 2851/2/3
f 2857/2/3 2853/2/3 2856/2/3
f 2858/2/3 2853/2/3 2857/2/3
f 2859/2/3 2853/2/3 2858/2/3
f 2861/1/3 2854/1/3 2846/1/3
f 2862/1/3 2854/1/3 2861/1/3
f 2863/1/3 2854/1/3 2862/1/3
f 2864/2/3 2858/2/3 2857/2/3
f 2865/1/3 2859/1/3 2858/1/3
f 2865/2/3 2858/2/3 2864/2/3
f 2866/1/3 2859/1/3 2865/1/3
f 2868/1/3 2866/1/3 2865/1/3
f 2868/1/3 2867/1/3 2866/1/3
f 2869/1/3 2862/1/3 2861/1/3
f 2869/1/3 2861/1/3 2860/1/3
f 2870/1/3 2862/1/3 2869/1/3
f 2871/1/3 2867/1/3 2868/1/3
f 2872/1/3 2867/1/3 2871/1/3
f 2874/1/3 2869/1/3 2860/1/3
f 2875/1/3 2867/1/3 2872/1/3
f 2877/1/3 2874/1/3 2873/1/3
f 2878/1/3 2869/1/3 2874/1/3
f 2878/1/3 2874/1/3 2877/1/3
f 2879/1/3 2876/1/3 2875/1/3
f 2879/1/3 2875/1/3 2872/1/3
f 2880/1/3 2876/1/3 2879/1/3
f 2881/1/3 2869/1/3 2878/1/3
f 2884/1/3 2879/1/3 2872/1/3
f 2885/1/3 2882/1/3 2881/1/3
f 2885/1/3 2881/1/3 2878/1/3
f 2886/1/3 2882/1/3 2885/1/3
f 2887/1/3 2884/1/3 2883/1/3
f 2888/1/3 2885/1/3 2878/1/3
f 2889/3/3 2886/3/3 2885/3/3
f 2889/1/3 2885/1/3 2888/1/3
f 2890/3/3 2886/3/3 2889/3/3
f 2893/1/3 2884/1/3 2887/1/3
f 2894/1/3 2879/1/3 2884/1/3
f 2894/1/3 2884/1/3 2893/1/3
f 2895/1/3 2879/1/3 2894/1/3
f 2896/3/3 2891/3/3 2890/3/3
f 2896/3/3 2890/3/3 2889/3/3
f 2899/3/3 2893/3/3 2892/3/3
f 2900/3/3 2897/3/3 2896/3/3
f 2900/3/3 2896/3/3 2889/3/3
f 2901/3/3 2897/3/3 2900/3/3
f 2902/3/3 2897/3/3 2901/3/3
f 2905/3/3 2899/3/3 2898/3/3
f 2906/3/3 2893/3/3 2899/3/3
f 2906/3/3 2899/3/3 2905/3/3
f 2907/1/3 2894/1/3 2893/1/3
f 2907/3/3 2893/3/3 2906/3/3
f 2908/1/3 2894/1/3 2907/1/3
f 2909/3/3 2903/3/3 2902/3/3
f 2909/3/3 2902/3/3 2901/3/3
f 2910/3/3 2903/3/3 2909/3/3
f 2911/3/3 2903/3/3 2910/3/3
f 2912/3/3 2906/3/3 2905/3/3
f 2912/3/3 2905/3/3 2904/3/3
f 2913/3/3 2906/3/3 2912/3/3
f 2914/1/3 2907/1/3 2906/1/3
f 2914/3/3 2906/3/3 2913/3/3
f 2915/1/3 2907/1/3 2914/1/3
f 2916/3/3 2911/3/3 2910/3/3
f 2916/3/3 2912/3/3 2911/3/3
f 2916/3/3 2913/3/3 2912/3/3
f 2917/3/3 2913/3/3 2916/3/3
f 2918/3/3 2913/3/3 2917/3/3
f 2919/3/3 2913/3/3 2918/3/3
f 2920/3/3 2918/3/3 2917/3/3
f 2921/3/3 2918/3/3 2920/3/3
f 2927/3/3 2923/3/3 2922/3/3
f 2928/3/3 2923/3/3 2927/3/3
f 2929/3/3 2923/3/3 2928/3/3
f 2930/1/3 2924/1/3 2923/1/3
f 2930/3/3 2923/3/3 2929/3/3
f 2931/2/3 2925/2/3 2924/2/3
f 2931/1/3 2924/1/3 2930/1/3
f 2932/2/3 2925/2/3 2931/2/3
f 2935/3/3 2927/3/3 2926/3/3
f 2935/3/3 2928/3/3 2927/3/3
f 2936/3/3 2928/3/3 2935/3/3
f 2937/3/3 2928/3/3 2936/3/3
f 2938/2/3 2933/2/3 2932/2/3
f 2938/2/3 2932/2/3 2931/2/3
f 2938/2/3 2931/2/3 2930/2/3
f 2939/2/3 2933/2/3 2938/2/3
f 2940/2/3 2933/2/3 2939/2/3
f 2943/3/3 2935/3/3 2934/3/3
f 2944/3/3 2935/3/3 2943/3/3
f 2945/1/3 2936/1/3 2935/1/3
f 2945/3/3 2935/3/3 2944/3/3
f 2946/1/3 2936/1/3 2945/1/3
f 2947/2/3 2941/2/3 2940/2/3
f 2947/2/3 2940/2/3 2939/2/3
f 2948/2/3 2941/2/3 2947/2/3
f 2949/2/3 2941/2/3 2948/2/3
f 2951/3/3 2944/3/3 2943/3/3
f 2951/3/3 2943/3/3 2942/3/3
f 2952/3/3 2944/3/3 2951/3/3
f 2953/2/3 2949/2/3 2948/2/3
f 2954/1/3 2950/1/3 2949/1/3
f 2954/2/3 2949/2/3 2953/2/3
f 2956/3/3 2951/3/3 2942/3/3
f 2957/1/3 2950/1/3 2954/1/3
f 2958/1/3 2950/1/3 2957/1/3
f 2960/3/3 2956/3/3 2955/3/3
f 2960/3/3 2951/3/3 2956/3/3
f 2961/3/3 2951/3/3 2960/3/3
f 2962/1/3 2959/1/3 2958/1/3
f 2962/1/3 2958/1/3 2957/1/3
f 2963/1/3 2959/1/3 2962/1/3
f 2965/3/3 2960/3/3 2955/3/3
f 2966/3/3 2960/3/3 2965/3/3
f 2967/1/3 2959/1/3 2963/1/3
f 2969/1/3 2966/1/3 2965/1/3
f 2969/1/3 2965/1/3 2964/1/3
f 2970/1/3 2966/1/3 2969/1/3
f 2971/1/3 2968/1/3 2967/1/3
f 2971/1/3 2967/1/3 2963/1/3
f 2972/1/3 2968/1/3 2971/1/3
f 2973/1/3 2969/1/3 2964/1/3
f 2976/1/3 2968/1/3 2972/1/3
f 2977/1/3 2974/1/3 2973/1/3
f 2977/1/3 2973/1/3 2964/1/3
f 2978/1/3 2974/1/3 2977/1/3
f 2979/2/3 2978/2/3 2977/2/3
f 2980/1/3 2974/1/3 2978/1/3
f 2980/2/3 2978/2/3 2979/2/3
f 2981/1/3 2974/1/3 2980/1/3
f 2982/1/3 2976/1/3 2975/1/3
f 2982/1/3 2968/1/3 2976/1/3
f 2983/1/3 2968/1/3 2982/1/3
f 2984/2/3 2981/2/3 2980/2/3
f 2987/1/3 2982/1/3 2975/1/3
f 2988/2/3 2984/2/3 2980/2/3
f 2989/3/3 2985/3/3 2984/3/3
f 2989/2/3 2984/2/3 2988/2/3
f 2990/1/3 2987/1/3 2986/1/3
f 2990/1/3 2982/1/3 2987/1/3
f 2991/1/3 2982/1/3 2990/1/3
f 2992/3/3 2985/3/3 2989/3/3
f 2995/1/3 2990/1/3 2986/1/3
f 2996/3/3 2993/3/3 2992/3/3
f 2996/3/3 2992/3/3 2989/3/3
f 2997/3/3 2993/3/3 2996/3/3
f 2998/3/3 2993/3/3 2997/3/3
f 3002/1/3 2995/1/3 2994/1/3
f 3003/1/3 2990/1/3 2995/1/3
f 3003/1/3 2995/1/3 3002/1/3
f 3004/1/3 2990/1/3 3003/1/3
f 3005/3/3 2998/3/3 2997/3/3
f 3005/3/3 2999/3/3 2998/3/3
f 3006/3/3 2999/3/3 3005/3/3
f 3007/3/3 2999/3/3 3006/3/3
f 3011/1/3 3001/1/3 3000/1/3
f 3011/1/3 3002/1/3 3001/1/3
f 3011/1/3 3003/1/3 3002/1/3
f 3012/1/3 3003/1/3 3011/1/3
f 3013/1/3 3003/1/3 3012/1/3
f 3014/3/3 3008/3/3 3007/3/3
f 3014/3/3 3007/3/3 3006/3/3
f 3015/3/3 3008/3/3 3014/3/3
f 3016/3/3 3008/3/3 3015/3/3
f 3017/3/3 3010/3/3 3009/3/3
f 3018/3/3 3010/3/3 3017/3/3
f 3019/1/3 3012/1/3 3011/1/3
f 3019/3/3 3010/3/3 3018/3/3
f 3019/1/3 3011/1/3 3010/1/3
f 3020/1/3 3012/1/3 3019/1/3
f 3021/3/3 3016/3/3 3015/3/3
f 3021/3/3 3018/3/3 3017/3/3
f 3021/3/3 3017/3/3 3016/3/3
f 3022/1/3 3019/1/3 3018/1/3
f 3022/3/3 3018/3/3 3021/3/3
f 3023/1/3 3019/1/3 3022/1/3
f 3028/3/3 3025/3/3 3024/3/3
f 3029/3/3 3025/3/3 3028/3/3
f 3030/3/3 3025/3/3 3029/3/3
f 3031/1/3 3026/1/3 3025/1/3
f 3031/3/3 3025/3/3 3030/3/3
f 3032/1/3 3026/1/3 3031/1/3
f 3033/1/3 3026/1/3 3032/1/3
f 3036/3/3 3028/3/3 3027/3/3
f 3036/3/3 3029/3/3 3028/3/3
f 3037/3/3 3029/3/3 3036/3/3
f 3038/3/3 3029/3/3 3037/3/3
f 3039/1/3 3034/1/3 3033/1/3
f 3039/1/3 3033/1/3 3032/1/3
f 3040/1/3 3034/1/3 3039/1/3
f 3041/1/3 3034/1/3 3040/1/3
f 3044/3/3 3037/3/3 3036/3/3
f 3044/3/3 3036/3/3 3035/3/3
f 3045/3/3 3037/3/3 3044/3/3
f 3046/1/3 3042/1/3 3041/1/3
f 3046/1/3 3041/1/3 3040/1/3
f 3047/1/3 3042/1/3 3046/1/3
f 3050/3/3 3044/3/3 3043/3/3
f 3051/3/3 3044/3/3 3050/3/3
f 3052/1/3 3048/1/3 3047/1/3
f 3053/1/3 3048/1/3 3052/1/3
f 3056/3/3 3050/3/3 3049/3/3
f 3057/1/3 3054/1/3 3053/1/3
f 3059/3/3 3056/3/3 3055/3/3
f 3059/3/3 3050/3/3 3056/3/3
f 3060/3/3 3050/3/3 3059/3/3
f 3061/1/3 3058/1/3 3057/1/3
f 3061/1/3 3057/1/3 3053/1/3
f 3062/1/3 3058/1/3 3061/1/3
f 3064/3/3 3059/3/3 3055/3/3
f 3065/1/3 3058/1/3 3062/1/3
f 3067/3/3 3064/3/3 3063/3/3
f 3067/3/3 3059/3/3 3064/3/3
f 3068/3/3 3059/3/3 3067/3/3
f 3069/1/3 3066/1/3 3065/1/3
f 3069/1/3 3065/1/3 3062/1/3
f 3070/1/3 3066/1/3 3069/1/3
f 3071/3/3 3067/3/3 3063/3/3
f 3072/3/3 3067/3/3 3071/3/3
f 3073/1/3 3072/1/3 3071/1/3
f 3074/1/3 3072/1/3 3073/1/3
f 3075/2/3 3074/2/3 3073/2/3
f 3076/2/3 3075/2/3 3073/2/3
f 3079/1/3 3066/1/3 3070/1/3
f 3080/2/3 3077/2/3 3076/2/3
f 3080/2/3 3076/2/3 3073/2/3
f 3081/2/3 3077/2/3 3080/2/3
f 3082/1/3 3079/1/3 3078/1/3
f 3082/1/3 3066/1/3 3079/1/3
f 3083/1/3 3066/1/3 3082/1/3
f 3084/2/3 3077/2/3 3081/2/3
f 3087/1/3 3082/1/3 3078/1/3
f 3088/2/3 3085/2/3 3084/2/3
f 3088/2/3 3084/2/3 3081/2/3
f 3089/2/3 3085/2/3 3088/2/3
f 3090/2/3 3085/2/3 3089/2/3
f 3091/1/3 3087/1/3 3086/1/3
f 3091/1/3 3082/1/3 3087/1/3
f 3092/1/3 3082/1/3 3091/1/3
f 3093/3/3 3090/3/3 3089/3/3
f 3094/3/3 3090/3/3 3093/3/3
f 3097/1/3 3091/1/3 3086/1/3
f 3098/1/3 3091/1/3 3097/1/3
f 3099/3/3 3095/3/3 3094/3/3
f 3100/3/3 3095/3/3 3099/3/3
f 3103/1/3 3097/1/3 3096/1/3
f 3104/1/3 3097/1/3 3103/1/3
f 3105/3/3 3101/3/3 3100/3/3
f 3106/3/3 3101/3/3 3105/3/3
f 3107/3/3 3101/3/3 3106/3/3
f 3110/1/3 3103/1/3 3102/1/3
f 3111/1/3 3103/1/3 3110/1/3
f 3112/1/3 3103/1/3 3111/1/3
f 3113/3/3 3108/3/3 3107/3/3
f 3113/3/3 3107/3/3 3106/3/3
f 3114/3/3 3108/3/3 3113/3/3
f 3115/3/3 3108/3/3 3114/3/3
f 3118/1/3 3111/1/3 3110/1/3
f 3118/1/3 3110/1/3 3109/1/3
f 3119/1/3 3111/1/3 3118/1/3
f 3120/1/3 3111/1/3 3119/1/3
f 3121/3/3 3116/3/3 3115/3/3
f 3121/3/3 3115/3/3 3114/3/3
f 3122/1/3 3117/1/3 3116/1/3
f 3122/3/3 3116/3/3 3121/3/3
f 3122/1/3 3119/1/3 3118/1/3
f 3122/1/3 3118/1/3 3117/1/3
f 3123/1/3 3119/1/3 3122/1/3
f 3127/3/3 3125/3/3 3124/3/3
f 3128/3/3 3125/3/3 3127/3/3
f 3129/3/3 3125/3/3 3128/3/3
f 3132/3/3 3127/3/3 3126/3/3
f 3133/3/3 3127/3/3 3132/3/3
f 3134/1/3 3130/1/3 3129/1/3
f 3135/1/3 3130/1/3 3134/1/3
f 3138/3/3 3132/3/3 3131/3/3
f 3139/3/3 3132/3/3 3138/3/3
f 3140/1/3 3136/1/3 3135/1/3
f 3141/1/3 3136/1/3 3140/1/3
f 3143/3/3 3138/3/3 3137/3/3
f 3144/3/3 3138/3/3 3143/3/3
f 3145/1/3 3142/1/3 3141/1/3
f 3146/1/3 3142/1/3 3145/1/3
f 3148/3/3 3143/3/3 3137/3/3
f 3149/3/3 3143/3/3 3148/3/3
f 3150/1/3 3142/1/3 3146/1/3
f 3151/1/3 3142/1/3 3150/1/3
f 3154/3/3 3148/3/3 3147/3/3
f 3155/3/3 3148/3/3 3154/3/3
f 3156/1/3 3152/1/3 3151/1/3
f 3157/1/3 3152/1/3 3156/1/3
f 3160/3/3 3154/3/3 3153/3/3
f 3161/3/3 3154/3/3 3160/3/3
f 3162/1/3 3158/1/3 3157/1/3
f 3163/1/3 3158/1/3 3162/1/3
f 3165/3/3 3160/3/3 3159/3/3
f 3166/3/3 3165/3/3 3159/3/3
f 3167/3/3 3165/3/3 3166/3/3
f 3168/2/3 3167/2/3 3166/2/3
f 3169/2/3 3167/2/3 3168/2/3
f 3172/1/3 3164/1/3 3163/1/3
f 3173/1/3 3164/1/3 3172/1/3
f 3174/2/3 3170/2/3 3169/2/3
f 3175/2/3 3170/2/3 3174/2/3
f 3178/1/3 3172/1/3 3171/1/3
f 3179/1/3 3172/1/3 3178/1/3
f 3180/2/3 3176/2/3 3175/2/3
f 3181/2/3 3176/2/3 3180/2/3
f 3184/1/3 3178/1/3 3177/1/3
f 3185/1/3 3178/1/3 3184/1/3
f 3186/3/3 3182/3/3 3181/3/3
f 3189/1/3 3184/1/3 3183/1/3
f 3190/3/3 3187/3/3 3186/3/3
f 3190/3/3 3186/3/3 3181/3/3
f 3191/3/3 3187/3/3 3190/3/3
f 3194/1/3 3189/1/3 3188/1/3
f 3195/1/3 3184/1/3 3189/1/3
f 3195/1/3 3189/1/3 3194/1/3
f 3196/3/3 3192/3/3 3191/3/3
f 3197/3/3 3192/3/3 3196/3/3
f 3200/1/3 3194/1/3 3193/1/3
f 3201/1/3 3194/1/3 3200/1/3
f 3202/3/3 3198/3/3 3197/3/3
f 3203/3/3 3198/3/3 3202/3/3
f 3206/1/3 3200/1/3 3199/1/3
f 3207/1/3 3200/1/3 3206/1/3
f 3208/3/3 3204/3/3 3203/3/3
f 3209/1/3 3205/1/3 3204/1/3
f 3209/3/3 3204/3/3 3208/3/3
f 3209/1/3 3206/1/3 3205/1/3
f 3210/1/3 3206/1/3 3209/1/3
f 3215/3/3 3212/3/3 3211/3/3
f 3216/3/3 3212/3/3 3215/3/3
f 3220/3/3 3214/3/3 3213/3/3
f 3221/3/3 3214/3/3 3220/3/3
f 3222/3/3 3218/3/3 3217/3/3
f 3223/3/3 3218/3/3 3222/3/3
f 3226/1/3 3220/1/3 3219/1/3
f 3227/1/3 3220/1/3 3226/1/3
f 3228/1/3 3224/1/3 3223/1/3
f 3229/1/3 3224/1/3 3228/1/3
f 3232/1/3 3226/1/3 3225/1/3
f 3233/1/3 3226/1/3 3232/1/3
f 3234/1/3 3230/1/3 3229/1/3
f 3235/1/3 3230/1/3 3234/1/3
f 3237/1/3 3232/1/3 3231/1/3
f 3238/1/3 3232/1/3 3237/1/3
f 3240/3/3 3238/3/3 3237/3/3
f 3241/3/3 3238/3/3 3240/3/3
f 3242/1/3 3236/1/3 3235/1/3
f 3243/1/3 3236/1/3 3242/1/3
f 3246/3/3 3240/3/3 3239/3/3
f 3247/3/3 3240/3/3 3246/3/3
f 3248/1/3 3244/1/3 3243/1/3
f 3249/1/3 3244/1/3 3248/1/3
f 3251/3/3 3246/3/3 3245/3/3
f 3252/3/3 3246/3/3 3251/3/3
f 3253/1/3 3250/1/3 3249/1/3
f 3254/1/3 3250/1/3 3253/1/3
f 3259/3/3 3256/3/3 3255/3/3
f 3260/3/3 3256/3/3 3259/3/3
f 3261/2/3 3260/2/3 3259/2/3
f 3262/2/3 3260/2/3 3261/2/3
f 3263/1/3 3258/1/3 3257/1/3
f 3264/1/3 3258/1/3 3263/1/3
f 3269/2/3 3266/2/3 3265/2/3
f 3270/2/3 3266/2/3 3269/2/3
f 3273/1/3 3268/1/3 3267/1/3
f 3274/1/3 3268/1/3 3273/1/3
f 3275/2/3 3271/2/3 3270/2/3
f 3276/2/3 3271/2/3 3275/2/3
f 3279/1/3 3273/1/3 3272/1/3
f 3280/1/3 3273/1/3 3279/1/3
f 3281/3/3 3277/3/3 3276/3/3
f 3282/3/3 3277/3/3 3281/3/3
f 3285/1/3 3279/1/3 3278/1/3
f 3286/1/3 3279/1/3 3285/1/3
f 3287/3/3 3283/3/3 3282/3/3
f 3288/3/3 3283/3/3 3287/3/3
f 3291/1/3 3285/1/3 3284/1/3
f 3292/1/3 3285/1/3 3291/1/3
f 3293/3/3 3289/3/3 3288/3/3
f 3294/3/3 3289/3/3 3293/3/3
f 3297/1/3 3291/1/3 3290/1/3
f 3298/1/3 3291/1/3 3297/1/3
f 3299/3/3 3295/3/3 3294/3/3
f 3300/3/3 3295/3/3 3299/3/3
f 3305/1/3 3297/1/3 3296/1/3
f 3306/1/3 3297/1/3 3305/1/3
f 3307/3/3 3302/3/3 3301/3/3
f 3308/1/3 3304/1/3 3303/1/3
f 3308/3/3 3302/3/3 3307/3/3
f 3308/1/3 3303/1/3 3302/1/3
f 3309/1/3 3304/1/3 3308/1/3
f 3314/3/3 3311/3/3 3310/3/3
f 3315/3/3 3311/3/3 3314/3/3
f 3320/3/3 3313/3/3 3312/3/3
f 3321/3/3 3313/3/3 3320/3/3
f 3322/3/3 3317/3/3 3316/3/3
f 3323/3/3 3317/3/3 3322/3/3
f 3327/1/3 3319/1/3 3318/1/3
f 3328/1/3 3319/1/3 3327/1/3
f 3329/1/3 3325/1/3 3324/1/3
f 3330/1/3 3325/1/3 3329/1/3
f 3333/1/3 3327/1/3 3326/1/3
f 3334/1/3 3327/1/3 3333/1/3
f 3335/1/3 3331/1/3 3330/1/3
f 3336/1/3 3331/1/3 3335/1/3
f 3339/1/3 3333/1/3 3332/1/3
f 3340/1/3 3333/1/3 3339/1/3
f 3341/1/3 3337/1/3 3336/1/3
f 3342/1/3 3337/1/3 3341/1/3
f 3344/1/3 3339/1/3 3338/1/3
f 3345/1/3 3339/1/3 3344/1/3
f 3347/3/3 3345/3/3 3344/3/3
f 3348/3/3 3345/3/3 3347/3/3
f 3349/1/3 3343/1/3 3342/1/3
f 3350/1/3 3343/1/3 3349/1/3
f 3352/3/3 3347/3/3 3346/3/3
f 3353/3/3 3347/3/3 3352/3/3
f 3354/3/3 3351/3/3 3350/3/3
f 3355/3/3 3351/3/3 3354/3/3
f 3360/3/3 3357/3/3 3356/3/3
f 3361/3/3 3357/3/3 3360/3/3
f 3362/1/3 3359/1/3 3358/1/3
f 3363/1/3 3359/1/3 3362/1/3
f 3368/3/3 3365/3/3 3364/3/3
f 3369/3/3 3368/3/3 3364/3/3
f 3370/3/3 3368/3/3 3369/3/3
f 3371/1/3 3367/1/3 3366/1/3
f 3372/1/3 3367/1/3 3371/1/3
f 3377/2/3 3374/2/3 3373/2/3
f 3378/2/3 3374/2/3 3377/2/3
f 3379/1/3 3376/1/3 3375/1/3
f 3380/1/3 3376/1/3 3379/1/3
f 3385/2/3 3382/2/3 3381/2/3
f 3386/2/3 3382/2/3 3385/2/3
f 3389/1/3 3384/1/3 3383/1/3
f 3390/1/3 3384/1/3 3389/1/3
f 3391/2/3 3387/2/3 3386/2/3
f 3392/2/3 3387/2/3 3391/2/3
f 3393/3/3 3392/3/3 3391/3/3
f 3394/3/3 3392/3/3 3393/3/3
f 3397/1/3 3389/1/3 3388/1/3
f 3398/1/3 3389/1/3 3397/1/3
f 3399/3/3 3395/3/3 3394/3/3
f 3400/3/3 3395/3/3 3399/3/3
f 3404/1/3 3397/1/3 3396/1/3
f 3405/1/3 3397/1/3 3404/1/3
f 3406/3/3 3401/3/3 3400/3/3
f 3407/3/3 3401/3/3 3406/3/3
f 3410/1/3 3403/1/3 3402/1/3
f 3411/2/3 3404/2/3 3403/2/3
f 3411/1/3 3403/1/3 3410/1/3
f 3412/2/3 3404/2/3 3411/2/3
f 3413/3/3 3408/3/3 3407/3/3
f 3414/3/3 3408/3/3 3413/3/3
f 3419/1/3 3410/1/3 3409/1/3
f 3420/1/3 3410/1/3 3419/1/3
f 3421/3/3 3416/3/3 3415/3/3
f 3422/3/3 3416/3/3 3421/3/3
f 3425/1/3 3418/1/3 3417/1/3
f 3426/1/3 3418/1/3 3425/1/3
f 3427/1/3 3424/1/3 3423/1/3
f 3428/1/3 3424/1/3 3427/1/3
f 3435/3/3 3430/3/3 3429/3/3
f 3436/3/3 3430/3/3 3435/3/3
f 3437/3/3 3432/3/3 3431/3/3
f 3438/3/3 3432/3/3 3437/3/3
f 3443/1/3 3434/1/3 3433/1/3
f 3444/1/3 3434/1/3 3443/1/3
f 3445/1/3 3434/1/3 3444/1/3
f 3446/3/3 3440/3/3 3439/3/3
f 3447/1/3 3441/1/3 3440/1/3
f 3447/3/3 3440/3/3 3446/3/3
f 3448/1/3 3441/1/3 3447/1/3
f 3450/1/3 3443/1/3 3442/1/3
f 3451/1/3 3443/1/3 3450/1/3
f 3452/1/3 3449/1/3 3448/1/3
f 3453/1/3 3449/1/3 3452/1/3
f 3459/3/3 3455/3/3 3454/3/3
f 3460/3/3 3455/3/3 3459/3/3
f 3461/3/3 3457/3/3 3456/3/3
f 3462/3/3 3457/3/3 3461/3/3
f 3464/3/3 3459/3/3 3458/3/3
f 3465/3/3 3459/3/3 3464/3/3
f 3466/3/3 3463/3/3 3462/3/3
f 3467/3/3 3463/3/3 3466/3/3
f 3472/3/3 3471/3/3 3470/3/3
f 3473/3/3 3471/3/3 3472/3/3
f 3474/2/3 3469/2/3 3468/2/3
f 3475/2/3 3469/2/3 3474/2/3
f 3476/1/3 3473/1/3 3472/1/3
f 3477/1/3 3473/1/3 3476/1/3
f 3482/3/3 3479/3/3 3478/3/3
f 3483/3/3 3479/3/3 3482/3/3
f 3484/1/3 3483/1/3 3482/1/3
f 3485/1/3 3483/1/3 3484/1/3
f 3486/2/3 3485/2/3 3484/2/3
f 3487/2/3 3485/2/3 3486/2/3
f 3488/3/3 3481/3/3 3480/3/3
f 3489/3/3 3481/3/3 3488/3/3
f 3494/2/3 3491/2/3 3490/2/3
f 3495/2/3 3491/2/3 3494/2/3
f 3498/1/3 3493/1/3 3492/1/3
f 3499/1/3 3493/1/3 3498/1/3
f 3500/2/3 3496/2/3 3495/2/3
f 3501/2/3 3496/2/3 3500/2/3
f 3502/1/3 3498/1/3 3497/1/3
f 3503/1/3 3498/1/3 3502/1/3
f 3508/3/3 3505/3/3 3504/3/3
f 3509/3/3 3505/3/3 3508/3/3
f 3513/2/3 3507/2/3 3506/2/3
f 3514/2/3 3507/2/3 3513/2/3
f 3515/3/3 3510/3/3 3509/3/3
f 3516/3/3 3510/3/3 3515/3/3
f 3522/1/3 3512/1/3 3511/1/3
f 3523/2/3 3513/2/3 3512/2/3
f 3523/1/3 3512/1/3 3522/1/3
f 3524/2/3 3513/2/3 3523/2/3
f 3525/3/3 3518/3/3 3517/3/3
f 3526/3/3 3518/3/3 3525/3/3
f 3527/1/3 3520/1/3 3519/1/3
f 3528/2/3 3521/2/3 3520/2/3
f 3528/1/3 3520/1/3 3527/1/3
f 3529/2/3 3521/2/3 3528/2/3
f 3534/3/3 3531/3/3 3530/3/3
f 3535/3/3 3531/3/3 3534/3/3
f 3540/1/3 3533/1/3 3532/1/3
f 3541/1/3 3533/1/3 3540/1/3
f 3542/1/3 3533/1/3 3541/1/3
f 3543/3/3 3537/3/3 3536/3/3
f 3544/3/3 3537/3/3 3543/3/3
f 3548/1/3 3539/1/3 3538/1/3
f 3549/1/3 3539/1/3 3548/1/3
f 3550/1/3 3546/1/3 3545/1/3
f 3551/1/3 3546/1/3 3550/1/3
f 3554/1/3 3548/1/3 3547/1/3
f 3555/1/3 3548/1/3 3554/1/3
f 3556/1/3 3552/1/3 3551/1/3
f 3557/1/3 3552/1/3 3556/1/3
f 3560/1/3 3554/1/3 3553/1/3
f 3561/1/3 3554/1/3 3560/1/3
f 3562/1/3 3558/1/3 3557/1/3
f 3563/1/3 3558/1/3 3562/1/3
f 3566/1/3 3560/1/3 3559/1/3
f 3567/1/3 3560/1/3 3566/1/3
f 3568/1/3 3564/1/3 3563/1/3
f 3569/1/3 3564/1/3 3568/1/3
f 3572/3/3 3566/3/3 3565/3/3
f 3573/3/3 3566/3/3 3572/3/3
f 3574/3/3 3570/3/3 3569/3/3
f 3575/3/3 3570/3/3 3574/3/3
f 3577/3/3 3572/3/3 3571/3/3
f 3578/3/3 3572/3/3 3577/3/3
f 3579/3/3 3576/3/3 3575/3/3
f 3580/3/3 3576/3/3 3579/3/3
f 3585/2/3 3582/2/3 3581/2/3
f 3586/2/3 3582/2/3 3585/2/3
f 3587/3/3 3584/3/3 3583/3/3
f 3588/3/3 3584/3/3 3587/3/3
f 3593/2/3 3590/2/3 3589/2/3
f 3594/3/3 3592/3/3 3591/3/3
f 3595/2/3 3593/2/3 3589/2/3
f 3596/2/3 3593/2/3 3595/2/3
f 3597/1/3 3596/1/3 3595/1/3
f 3598/1/3 3596/1/3 3597/1/3
f 3599/3/3 3592/3/3 3594/3/3
f 3600/3/3 3592/3/3 3599/3/3
f 3605/2/3 3602/2/3 3601/2/3
f 3606/2/3 3602/2/3 3605/2/3
f 3607/3/3 3604/3/3 3603/3/3
f 3608/3/3 3604/3/3 3607/3/3
f 3613/2/3 3610/2/3 3609/2/3
f 3614/2/3 3610/2/3 3613/2/3
f 3617/1/3 3612/1/3 3611/1/3
f 3618/1/3 3612/1/3 3617/1/3
f 3619/2/3 3615/2/3 3614/2/3
f 3620/2/3 3615/2/3 3619/2/3
f 3623/1/3 3617/1/3 3616/1/3
f 3624/1/3 3617/1/3 3623/1/3
f 3625/3/3 3621/3/3 3620/3/3
f 3626/3/3 3621/3/3 3625/3/3
f 3629/2/3 3623/2/3 3622/2/3
f 3630/2/3 3623/2/3 3629/2/3
f 3631/3/3 3627/3/3 3626/3/3
f 3632/3/3 3627/3/3 3631/3/3
f 3635/2/3 3629/2/3 3628/2/3
f 3636/2/3 3629/2/3 3635/2/3
f 3637/3/3 3633/3/3 3632/3/3
f 3638/3/3 3633/3/3 3637/3/3
f 3641/2/3 3635/2/3 3634/2/3
f 3642/2/3 3635/2/3 3641/2/3
f 3643/3/3 3639/3/3 3638/3/3
f 3644/3/3 3639/3/3 3643/3/3
f 3649/2/3 3641/2/3 3640/2/3
f 3650/2/3 3641/2/3 3649/2/3
f 3651/3/3 3646/3/3 3645/3/3
f 3652/3/3 3646/3/3 3651/3/3
f 3657/2/3 3648/2/3 3647/2/3
f 3658/2/3 3648/2/3 3657/2/3
f 3659/3/3 3654/3/3 3653/3/3
f 3660/1/3 3655/1/3 3654/1/3
f 3660/3/3 3654/3/3 3659/3/3
f 3661/2/3 3656/2/3 3655/2/3
f 3661/1/3 3655/1/3 3660/1/3
f 3662/2/3 3656/2/3 3661/2/3
f 3669/3/3 3664/3/3 3663/3/3
f 3670/3/3 3664/3/3 3669/3/3
f 3671/3/3 3666/3/3 3665/3/3
f 3672/3/3 3666/3/3 3671/3/3
f 3675/1/3 3668/1/3 3667/1/3
f 3676/1/3 3668/1/3 3675/1/3
f 3677/1/3 3674/1/3 3673/1/3
f 3678/1/3 3674/1/3 3677/1/3
f 3684/1/3 3680/1/3 3679/1/3
f 3685/1/3 3680/1/3 3684/1/3
f 3686/1/3 3682/1/3 3681/1/3
f 3687/1/3 3682/1/3 3686/1/3
f 3690/1/3 3684/1/3 3683/1/3
f 3691/1/3 3684/1/3 3690/1/3
f 3692/1/3 3688/1/3 3687/1/3
f 3693/1/3 3688/1/3 3692/1/3
f 3695/3/3 3690/3/3 3689/3/3
f 3696/3/3 3690/3/3 3695/3/3
f 3697/3/3 3694/3/3 3693/3/3
f 3698/3/3 3694/3/3 3697/3/3
f 3703/2/3 3700/2/3 3699/2/3
f 3704/2/3 3700/2/3 3703/2/3
f 3705/3/3 3702/3/3 3701/3/3
f 3706/3/3 3702/3/3 3705/3/3
f 3711/2/3 3708/2/3 3707/2/3
f 3712/2/3 3708/2/3 3711/2/3
f 3713/3/3 3710/3/3 3709/3/3
f 3714/3/3 3710/3/3 3713/3/3
f 3719/1/3 3716/1/3 3715/1/3
f 3720/1/3 3716/1/3 3719/1/3
f 3721/3/3 3718/3/3 3717/3/3
f 3722/3/3 3718/3/3 3721/3/3
f 3727/2/3 3724/2/3 3723/2/3
f 3728/2/3 3724/2/3 3727/2/3
f 3729/3/3 3726/3/3 3725/3/3
f 3730/3/3 3726/3/3 3729/3/3
f 3735/2/3 3732/2/3 3731/2/3
f 3736/2/3 3732/2/3 3735/2/3
f 3739/1/3 3734/1/3 3733/1/3
f 3740/1/3 3734/1/3 3739/1/3
f 3741/3/3 3737/3/3 3736/3/3
f 3742/3/3 3737/3/3 3741/3/3
f 3745/2/3 3739/2/3 3738/2/3
f 3746/2/3 3739/2/3 3745/2/3
f 3747/3/3 3743/3/3 3742/3/3
f 3748/3/3 3743/3/3 3747/3/3
f 3749/2/3 3745/2/3 3744/2/3
f 3750/2/3 3745/2/3 3749/2/3
f 3755/3/3 3752/3/3 3751/3/3
f 3756/3/3 3752/3/3 3755/3/3
f 3761/2/3 3754/2/3 3753/2/3
f 3762/2/3 3754/2/3 3761/2/3
f 3763/3/3 3758/3/3 3757/3/3
f 3764/3/3 3758/3/3 3763/3/3
f 3765/2/3 3760/2/3 3759/2/3
f 3766/2/3 3760/2/3 3765/2/3
f 3771/1/3 3768/1/3 3767/1/3
f 3772/1/3 3768/1/3 3771/1/3
f 3773/1/3 3770/1/3 3769/1/3
f 3774/1/3 3770/1/3 3773/1/3
f 3779/1/3 3776/1/3 3775/1/3
f 3780/1/3 3776/1/3 3779/1/3
f 3781/1/3 3778/1/3 3777/1/3
f 3782/1/3 3778/1/3 3781/1/3
f 3787/3/3 3784/3/3 3783/3/3
f 3788/3/3 3784/3/3 3787/3/3
f 3789/3/3 3786/3/3 3785/3/3
f 3790/3/3 3786/3/3 3789/3/3
f 3795/2/3 3792/2/3 3791/2/3
f 3796/2/3 3792/2/3 3795/2/3
f 3797/3/3 3794/3/3 3793/3/3
f 3798/3/3 3794/3/3 3797/3/3
f 3803/1/3 3800/1/3 3799/1/3
f 3804/1/3 3800/1/3 3803/1/3
f 3805/3/3 3802/3/3 3801/3/3
f 3806/3/3 3802/3/3 3805/3/3
f 3811/2/3 3808/2/3 3807/2/3
f 3812/2/3 3808/2/3 3811/2/3
f 3813/3/3 3810/3/3 3809/3/3
f 3814/3/3 3810/3/3 3813/3/3
f 3819/3/3 3816/3/3 3815/3/3
f 3820/3/3 3816/3/3 3819/3/3
f 3821/2/3 3818/2/3 3817/2/3
f 3822/2/3 3818/2/3 3821/2/3
f 3827/3/3 3824/3/3 3823/3/3
f 3828/3/3 3824/3/3 3827/3/3
f 3829/2/3 3826/2/3 3825/2/3
f 3830/2/3 3826/2/3 3829/2/3
f 3836/3/3 3832/3/3 3831/3/3
f 3837/1/3 3833/1/3 3832/1/3
f 3837/3/3 3832/3/3 3836/3/3
f 3838/1/3 3833/1/3 3837/1/3
f 3843/1/3 3835/1/3 3834/1/3
f 3844/1/3 3835/1/3 3843/1/3
f 3845/1/3 3840/1/3 3839/1/3
f 3846/1/3 3840/1/3 3845/1/3
f 3849/1/3 3842/1/3 3841/1/3
f 3850/1/3 3842/1/3 3849/1/3
f 3851/1/3 3848/1/3 3847/1/3
f 3852/1/3 3848/1/3 3851/1/3
f 3858/3/3 3854/3/3 3853/3/3
f 3859/3/3 3854/3/3 3858/3/3
f 3860/1/3 3856/1/3 3855/1/3
f 3861/1/3 3856/1/3 3860/1/3
f 3863/3/3 3858/3/3 3857/3/3
f 3864/3/3 3858/3/3 3863/3/3
f 3865/1/3 3862/1/3 3861/1/3
f 3866/1/3 3862/1/3 3865/1/3
f 3871/2/3 3868/2/3 3867/2/3
f 3872/2/3 3868/2/3 3871/2/3
f 3873/3/3 3870/3/3 3869/3/3
f 3874/3/3 3870/3/3 3873/3/3
f 3879/2/3 3876/2/3 3875/2/3
f 3880/2/3 3876/2/3 3879/2/3
f 3881/3/3 3878/3/3 3877/3/3
f 3882/3/3 3878/3/3 3881/3/3
f 3887/2/3 3884/2/3 3883/2/3
f 3888/2/3 3884/2/3 3887/2/3
f 3889/1/3 3888/1/3 3887/1/3
f 3890/1/3 3889/1/3 3887/1/3
f 3891/1/3 3889/1/3 3890/1/3
f 3892/3/3 3886/3/3 3885/3/3
f 3893/3/3 3886/3/3 3892/3/3
f 3898/1/3 3895/1/3 3894/1/3
f 3899/1/3 3895/1/3 3898/1/3
f 3900/2/3 3897/2/3 3896/2/3
f 3901/2/3 3897/2/3 3900/2/3
f 3906/2/3 3903/2/3 3902/2/3
f 3907/2/3 3903/2/3 3906/2/3
f 3908/3/3 3905/3/3 3904/3/3
f 3909/3/3 3905/3/3 3908/3/3
f 3914/3/3 3911/3/3 3910/3/3
f 3915/3/3 3911/3/3 3914/3/3
f 3918/2/3 3913/2/3 3912/2/3
f 3919/2/3 3913/2/3 3918/2/3
f 3920/3/3 3916/3/3 3915/3/3
f 3921/3/3 3916/3/3 3920/3/3
f 3922/2/3 3918/2/3 3917/2/3
f 3923/2/3 3918/2/3 3922/2/3
f 3928/3/3 3925/3/3 3924/3/3
f 3929/3/3 3925/3/3 3928/3/3
f 3934/2/3 3927/2/3 3926/2/3
f 3935/2/3 3927/2/3 3934/2/3
f 3936/3/3 3931/3/3 3930/3/3
f 3937/3/3 3931/3/3 3936/3/3
f 3941/2/3 3933/2/3 3932/2/3
f 3942/2/3 3933/2/3 3941/2/3
f 3943/1/3 3939/1/3 3938/1/3
f 3944/2/3 3940/2/3 3939/2/3
f 3944/1/3 3939/1/3 3943/1/3
f 3945/2/3 3940/2/3 3944/2/3
f 3950/3/3 3947/3/3 3946/3/3
f 3951/3/3 3947/3/3 3950/3/3
f 3952/1/3 3949/1/3 3948/1/3
f 3953/1/3 3949/1/3 3952/1/3
f 3958/3/3 3955/3/3 3954/3/3
f 3959/3/3 3955/3/3 3958/3/3
f 3960/1/3 3957/1/3 3956/1/3
f 3961/1/3 3957/1/3 3960/1/3
f 3966/3/3 3963/3/3 3962/3/3
f 3967/3/3 3963/3/3 3966/3/3
f 3968/3/3 3965/3/3 3964/3/3
f 3969/3/3 3965/3/3 3968/3/3
f 3974/2/3 3971/2/3 3970/2/3
f 3975/2/3 3971/2/3 3974/2/3
f 3976/2/3 3973/2/3 3972/2/3
f 3977/2/3 3973/2/3 3976/2/3
f 3982/1/3 3979/1/3 3978/1/3
f 3983/1/3 3979/1/3 3982/1/3
f 3984/2/3 3981/2/3 3980/2/3
f 3985/2/3 3981/2/3 3984/2/3
f 3990/2/3 3987/2/3 3986/2/3
f 3991/2/3 3987/2/3 3990/2/3
f 3992/3/3 3989/3/3 3988/3/3
f 3993/3/3 3989/3/3 3992/3/3
f 3998/1/3 3995/1/3 3994/1/3
f 3999/1/3 3995/1/3 3998/1/3
f 4000/2/3 3997/2/3 3996/2/3
f 4001/2/3 3997/2/3 4000/2/3
f 4006/3/3 4003/3/3 4002/3/3
f 4007/3/3 4003/3/3 4006/3/3
f 4008/2/3 4005/2/3 4004/2/3
f 4009/2/3 4005/2/3 4008/2/3
f 4016/3/3 4011/3/3 4010/3/3
f 4017/3/3 4011/3/3 4016/3/3
f 4018/1/3 4013/1/3 4012/1/3
f 4019/1/3 4013/1/3 4018/1/3
f 4022/3/3 4015/3/3 4014/3/3
f 4023/3/3 4015/3/3 4022/3/3
f 4024/1/3 4021/1/3 4020/1/3
f 4025/1/3 4021/1/3 4024/1/3
f 4030/2/3 4027/2/3 4026/2/3
f 4031/2/3 4027/2/3 4030/2/3
f 4032/3/3 4029/3/3 4028/3/3
f 4033/3/3 4029/3/3 4032/3/3
f 4038/2/3 4035/2/3 4034/2/3
f 4039/2/3 4035/2/3 4038/2/3
f 4040/2/3 4037/2/3 4036/2/3
f 4041/2/3 4037/2/3 4040/2/3
f 4046/1/3 4043/1/3 4042/1/3
f 4047/1/3 4043/1/3 4046/1/3
f 4048/2/3 4045/2/3 4044/2/3
f 4049/2/3 4045/2/3 4048/2/3
f 4054/3/3 4051/3/3 4050/3/3
f 4055/3/3 4051/3/3 4054/3/3
f 4056/2/3 4053/2/3 4052/2/3
f 4057/2/3 4053/2/3 4056/2/3
f 4062/3/3 4059/3/3 4058/3/3
f 4063/3/3 4059/3/3 4062/3/3
f 4068/2/3 4061/2/3 4060/2/3
f 4069/2/3 4061/2/3 4068/2/3
f 4070/3/3 4065/3/3 4064/3/3
f 4071/3/3 4065/3/3 4070/3/3
f 4072/2/3 4067/2/3 4066/2/3
f 4073/2/3 4067/2/3 4072/2/3
f 4078/3/3 4075/3/3 4074/3/3
f 4079/3/3 4075/3/3 4078/3/3
f 4080/1/3 4077/1/3 4076/1/3
f 4081/1/3 4077/1/3 4080/1/3
f 4086/2/3 4083/2/3 4082/2/3
f 4087/2/3 4083/2/3 4086/2/3
f 4088/3/3 4085/3/3 4084/3/3
f 4089/3/3 4085/3/3 4088/3/3
f 4094/3/3 4091/3/3 4090/3/3
f 4095/3/3 4091/3/3 4094/3/3
f 4096/3/3 4093/3/3 4092/3/3
f 4097/3/3 4093/3/3 4096/3/3
f 4102/1/3 4099/1/3 4098/1/3
f 4103/1/3 4099/1/3 4102/1/3
f 4104/2/3 4101/2/3 4100/2/3
f 4105/2/3 4101/2/3 4104/2/3
f 4106/3/4 4107/3/4 4110/3/4
f 4110/3/4 4107/3/4 4111/3/4
f 4108/1/4 4109/1/4 4112/1/4
f 4112/1/4 4109/1/4 4113/1/4
f 4114/2/4 4115/2/4 4118/2/4
f 4118/2/4 4115/2/4 4119/2/4
f 4116/3/4 4117/3/4 4120/3/4
f 4120/3/4 4117/3/4 4121/3/4
f 4122/3/4 4123/3/4 4126/3/4
f 4126/3/4 4123/3/4 4127/3/4
f 4124/3/4 4125/3/4 4128/3/4
f 4128/3/4 4125/3/4 4129/3/4
f 4130/1/4 4131/1/4 4134/1/4
f 4134/1/4 4131/1/4 4135/1/4
f 4132/2/4 4133/2/4 4136/2/4
f 4136/2/4 4133/2/4 4137/2/4
f 4138/3/4 4139/3/4 4144/3/4
f 4144/3/4 4139/3/4 4145/3/4
f 4140/1/4 4141/1/4 4146/1/4
f 4146/1/4 4141/1/4 4147/1/4
f 4142/3/4 4143/3/4 4150/3/4
f 4150/3/4 4143/3/4 4151/3/4
f 4148/1/4 4149/1/4 4152/1/4
f 4152/1/4 4149/1/4 4153/1/4
f 4154/2/4 4155/2/4 4158/2/4
f 4158/2/4 4155/2/4 4159/2/4
f 4156/3/4 4157/3/4 4160/3/4
f 4160/3/4 4157/3/4 4161/3/4
f 4162/1/4 4163/1/4 4166/1/4
f 4166/1/4 4163/1/4 4167/1/4
f 4164/2/4 4165/2/4 4168/2/4
f 4168/2/4 4165/2/4 4169/2/4
f 4170/3/4 4171/3/4 4174/3/4
f 4174/3/4 4171/3/4 4175/3/4
f 4172/2/4 4173/2/4 4176/2/4
f 4176/2/4 4173/2/4 4177/2/4
f 4178/3/4 4179/3/4 4182/3/4
f 4182/3/4 4179/3/4 4183/3/4
f 4180/2/4 4181/2/4 4184/2/4
f 4184/2/4 4181/2/4 4185/2/4
f 4186/3/4 4187/3/4 4190/3/4
f 4190/3/4 4187/3/4 4191/3/4
f 4188/3/4 4189/3/4 4196/3/4
f 4196/3/4 4189/3/4 4197/3/4
f 4192/3/4 4193/3/4 4198/3/4
f 4198/3/4 4193/3/4 4199/3/4
f 4194/3/4 4195/3/4 4200/3/4
f 4200/3/4 4195/3/4 4201/3/4
f 4202/3/4 4203/3/4 4206/3/4
f 4206/3/4 4203/3/4 4207/3/4
f 4204/3/4 4205/3/4 4208/3/4
f 4208/3/4 4205/3/4 4209/3/4
f 4210/1/4 4211/1/4 4214/1/4
f 4214/1/4 4211/1/4 4215/1/4
f 4212/1/4 4213/1/4 4216/1/4
f 4216/1/4 4213/1/4 4217/1/4
f 4218/1/4 4219/1/4 4222/1/4
f 4222/1/4 4219/1/4 4223/1/4
f 4220/2/4 4221/2/4 4224/2/4
f 4224/2/4 4221/2/4 4225/2/4
f 4226/1/4 4227/1/4 4230/1/4
f 4230/1/4 4227/1/4 4231/1/4
f 4228/2/4 4229/2/4 4232/2/4
f 4232/2/4 4229/2/4 4233/2/4
f 4234/3/4 4235/3/4 4238/3/4
f 4238/3/4 4235/3/4 4239/3/4
f 4236/1/4 4237/1/4 4240/1/4
f 4240/1/4 4237/1/4 4241/1/4
f 4242/3/4 4243/3/4 4246/3/4
f 4246/3/4 4243/3/4 4247/3/4
f 4244/3/4 4245/3/4 4248/3/4
f 4248/3/4 4245/3/4 4249/3/4
f 4250/1/4 4251/1/4 4254/1/4
f 4254/1/4 4251/1/4 4255/1/4
f 4252/3/4 4253/3/4 4256/3/4
f 4256/3/4 4253/3/4 4257/3/4
f 4258/3/4 4259/3/4 4262/3/4
f 4262/3/4 4259/3/4 4263/3/4
f 4260/3/4 4261/3/4 4264/3/4
f 4264/3/4 4261/3/4 4265/3/4
f 4266/3/4 4267/3/4 4270/3/4
f 4270/3/4 4267/3/4 4271/3/4
f 4271/3/4 4267/3/4 4272/3/4
f 4268/3/4 4269/3/4 4277/3/4
f 4277/3/4 4269/3/4 4278/3/4
f 4273/3/4 4274/3/4 4279/3/4
f 4279/3/4 4274/3/4 4280/3/4
f 4275/3/4 4276/3/4 4283/3/4
f 4283/3/4 4276/3/4 4284/3/4
f 4281/3/4 4282/3/4 4285/3/4
f 4285/3/4 4282/3/4 4286/3/4
f 4287/1/4 4288/1/4 4292/1/4
f 4292/1/4 4288/1/4 4293/1/4
f 4289/2/4 4290/2/4 4294/2/4
f 4294/2/4 4290/2/4 4295/2/4
f 4291/1/4 4292/1/4 4297/1/4
f 4297/1/4 4292/1/4 4298/1/4
f 4295/2/4 4296/2/4 4299/2/4
f 4299/2/4 4296/2/4 4300/2/4
f 4301/1/4 4302/1/4 4305/1/4
f 4305/1/4 4302/1/4 4306/1/4
f 4303/2/4 4304/2/4 4307/2/4
f 4307/2/4 4304/2/4 4308/2/4
f 4309/1/4 4310/1/4 4313/1/4
f 4313/1/4 4310/1/4 4314/1/4
f 4311/3/4 4312/3/4 4315/3/4
f 4315/3/4 4312/3/4 4316/3/4
f 4319/2/4 4320/2/4 4321/2/4
f 4317/1/4 4318/1/4 4322/1/4
f 4322/1/4 4318/1/4 4323/1/4
f 4321/2/4 4320/2/4 4324/2/4
f 4324/2/4 4320/2/4 4325/2/4
f 4322/3/4 4323/3/4 4326/3/4
f 4326/3/4 4323/3/4 4327/3/4
f 4324/3/4 4325/3/4 4328/3/4
f 4328/3/4 4325/3/4 4329/3/4
f 4330/3/4 4331/3/4 4334/3/4
f 4334/3/4 4331/3/4 4335/3/4
f 4332/3/4 4333/3/4 4336/3/4
f 4336/3/4 4333/3/4 4337/3/4
f 4338/3/4 4339/3/4 4342/3/4
f 4342/3/4 4339/3/4 4343/3/4
f 4340/3/4 4341/3/4 4344/3/4
f 4344/3/4 4341/3/4 4345/3/4
f 4346/3/4 4347/3/4 4350/3/4
f 4350/3/4 4347/3/4 4351/3/4
f 4348/3/4 4349/3/4 4354/3/4
f 4354/3/4 4349/3/4 4355/3/4
f 4351/3/4 4352/3/4 4356/3/4
f 4356/3/4 4352/3/4 4357/3/4
f 4353/3/4 4354/3/4 4358/3/4
f 4358/3/4 4354/3/4 4359/3/4
f 4360/3/4 4361/3/4 4364/3/4
f 4364/3/4 4361/3/4 4365/3/4
f 4362/1/4 4363/1/4 4370/1/4
f 4370/1/4 4363/1/4 4371/1/4
f 4366/3/4 4367/3/4 4372/3/4
f 4372/3/4 4367/3/4 4373/3/4
f 4368/1/4 4369/1/4 4376/1/4
f 4376/1/4 4369/1/4 4377/1/4
f 4374/3/4 4375/3/4 4378/3/4
f 4378/3/4 4375/3/4 4379/3/4
f 4380/3/4 4381/3/4 4384/3/4
f 4384/3/4 4381/3/4 4385/3/4
f 4382/3/4 4383/3/4 4386/3/4
f 4386/3/4 4383/3/4 4387/3/4
f 4388/1/4 4389/1/4 4392/1/4
f 4392/1/4 4389/1/4 4393/1/4
f 4390/3/4 4391/3/4 4394/3/4
f 4394/3/4 4391/3/4 4395/3/4
f 4396/1/4 4397/1/4 4400/1/4
f 4400/1/4 4397/1/4 4401/1/4
f 4398/2/4 4399/2/4 4402/2/4
f 4402/2/4 4399/2/4 4403/2/4
f 4404/1/4 4405/1/4 4408/1/4
f 4408/1/4 4405/1/4 4409/1/4
f 4406/3/4 4407/3/4 4410/3/4
f 4410/3/4 4407/3/4 4411/3/4
f 4412/3/4 4413/3/4 4416/3/4
f 4416/3/4 4413/3/4 4417/3/4
f 4414/3/4 4415/3/4 4418/3/4
f 4418/3/4 4415/3/4 4419/3/4
f 4420/3/4 4421/3/4 4424/3/4
f 4424/3/4 4421/3/4 4425/3/4
f 4422/3/4 4423/3/4 4426/3/4
f 4426/3/4 4423/3/4 4427/3/4
f 4428/3/4 4429/3/4 4432/3/4
f 4432/3/4 4429/3/4 4433/3/4
f 4430/1/4 4431/1/4 4434/1/4
f 4434/1/4 4431/1/4 4435/1/4
f 4436/3/4 4437/3/4 4440/3/4
f 4440/3/4 4437/3/4 4441/3/4
f 4438/1/4 4439/1/4 4442/1/4
f 4442/1/4 4439/1/4 4443/1/4
f 4444/3/4 4445/3/4 4450/3/4
f 4450/3/4 4445/3/4 4451/3/4
f 4446/1/4 4447/1/4 4452/1/4
f 4452/1/4 4447/1/4 4453/1/4
f 4448/3/4 4449/3/4 4456/3/4
f 4456/3/4 4449/3/4 4457/3/4
f 4454/3/4 4455/3/4 4458/3/4
f 4458/3/4 4455/3/4 4459/3/4
f 4460/1/4 4461/1/4 4465/1/4
f 4465/1/4 4461/1/4 4466/1/4
f 4462/3/4 4463/3/4 4467/3/4
f 4467/3/4 4463/3/4 4468/3/4
f 4464/1/4 4465/1/4 4471/1/4
f 4471/1/4 4465/1/4 4472/1/4
f 4468/2/4 4469/2/4 4473/2/4
f 4473/2/4 4469/2/4 4474/2/4
f 4470/1/4 4471/1/4 4476/1/4
f 4476/1/4 4471/1/4 4477/1/4
f 4474/2/4 4475/2/4 4478/2/4
f 4478/2/4 4475/2/4 4479/2/4
f 4480/1/4 4481/1/4 4484/1/4
f 4484/1/4 4481/1/4 4485/1/4
f 4482/3/4 4483/3/4 4486/3/4
f 4486/3/4 4483/3/4 4487/3/4
f 4488/1/4 4489/1/4 4492/1/4
f 4492/1/4 4489/1/4 4493/1/4
f 4490/3/4 4491/3/4 4494/3/4
f 4494/3/4 4491/3/4 4495/3/4
f 4496/3/4 4497/3/4 4500/3/4
f 4496/3/4 4500/3/4 4501/3/4
f 4501/3/4 4500/3/4 4502/3/4
f 4498/3/4 4499/3/4 4503/3/4
f 4503/3/4 4499/3/4 4504/3/4
f 4505/3/4 4506/3/4 4509/3/4
f 4509/3/4 4506/3/4 4510/3/4
f 4507/3/4 4508/3/4 4511/3/4
f 4511/3/4 4508/3/4 4512/3/4
f 4513/3/4 4514/3/4 4517/3/4
f 4517/3/4 4514/3/4 4518/3/4
f 4515/1/4 4516/1/4 4521/1/4
f 4521/1/4 4516/1/4 4522/1/4
f 4518/3/4 4519/3/4 4523/3/4
f 4523/3/4 4519/3/4 4524/3/4
f 4520/1/4 4521/1/4 4527/1/4
f 4527/1/4 4521/1/4 4528/1/4
f 4524/3/4 4525/3/4 4529/3/4
f 4529/3/4 4525/3/4 4530/3/4
f 4526/1/4 4527/1/4 4531/1/4
f 4531/1/4 4527/1/4 4532/1/4
f 4533/3/4 4534/3/4 4537/3/4
f 4537/3/4 4534/3/4 4538/3/4
f 4535/1/4 4536/1/4 4544/1/4
f 4544/1/4 4536/1/4 4545/1/4
f 4539/3/4 4540/3/4 4546/3/4
f 4546/3/4 4540/3/4 4547/3/4
f 4541/3/4 4542/3/4 4548/3/4
f 4542/1/4 4543/1/4 4549/1/4
f 4548/3/4 4542/3/4 4549/3/4
f 4549/1/4 4543/1/4 4550/1/4
f 4551/1/4 4552/1/4 4555/1/4
f 4555/1/4 4552/1/4 4556/1/4
f 4553/3/4 4554/3/4 4561/3/4
f 4561/3/4 4554/3/4 4562/3/4
f 4557/3/4 4558/3/4 4563/3/4
f 4563/3/4 4558/3/4 4564/3/4
f 4559/3/4 4560/3/4 4568/3/4
f 4568/3/4 4560/3/4 4569/3/4
f 4565/3/4 4566/3/4 4570/3/4
f 4570/3/4 4566/3/4 4571/3/4
f 4567/3/4 4568/3/4 4574/3/4
f 4574/3/4 4568/3/4 4575/3/4
f 4571/3/4 4572/3/4 4576/3/4
f 4576/3/4 4572/3/4 4577/3/4
f 4573/1/4 4574/1/4 4580/1/4
f 4580/1/4 4574/1/4 4581/1/4
f 4577/3/4 4578/3/4 4582/3/4
f 4582/3/4 4578/3/4 4583/3/4
f 4579/1/4 4580/1/4 4586/1/4
f 4586/1/4 4580/1/4 4587/1/4
f 4583/2/4 4584/2/4 4588/2/4
f 4588/2/4 4584/2/4 4589/2/4
f 4585/1/4 4586/1/4 4592/1/4
f 4592/1/4 4586/1/4 4593/1/4
f 4589/2/4 4590/2/4 4594/2/4
f 4594/2/4 4590/2/4 4595/2/4
f 4591/1/4 4592/1/4 4597/1/4
f 4597/1/4 4592/1/4 4598/1/4
f 4595/1/4 4596/1/4 4599/1/4
f 4599/1/4 4596/1/4 4600/1/4
f 4601/1/4 4602/1/4 4605/1/4
f 4605/1/4 4602/1/4 4606/1/4
f 4603/3/4 4604/3/4 4607/3/4
f 4607/3/4 4604/3/4 4608/3/4
f 4609/1/4 4610/1/4 4613/1/4
f 4609/1/4 4613/1/4 4614/1/4
f 4614/1/4 4613/1/4 4615/1/4
f 4611/3/4 4612/3/4 4616/3/4
f 4616/3/4 4612/3/4 4617/3/4
f 4618/1/4 4619/1/4 4622/1/4
f 4622/1/4 4619/1/4 4623/1/4
f 4620/3/4 4621/3/4 4624/3/4
f 4624/3/4 4621/3/4 4625/3/4
f 4626/1/4 4627/1/4 4630/1/4
f 4630/1/4 4627/1/4 4631/1/4
f 4628/3/4 4629/3/4 4634/3/4
f 4634/3/4 4629/3/4 4635/3/4
f 4631/3/4 4632/3/4 4636/3/4
f 4636/3/4 4632/3/4 4637/3/4
f 4633/1/4 4634/1/4 4640/1/4
f 4640/1/4 4634/1/4 4641/1/4
f 4637/3/4 4638/3/4 4642/3/4
f 4642/3/4 4638/3/4 4643/3/4
f 4639/1/4 4640/1/4 4646/1/4
f 4646/1/4 4640/1/4 4647/1/4
f 4643/3/4 4644/3/4 4648/3/4
f 4648/3/4 4644/3/4 4649/3/4
f 4645/1/4 4646/1/4 4652/1/4
f 4652/1/4 4646/1/4 4653/1/4
f 4649/3/4 4650/3/4 4654/3/4
f 4654/3/4 4650/3/4 4655/3/4
f 4651/1/4 4652/1/4 4658/1/4
f 4658/1/4 4652/1/4 4659/1/4
f 4655/3/4 4656/3/4 4660/3/4
f 4660/3/4 4656/3/4 4661/3/4
f 4657/1/4 4658/1/4 4666/1/4
f 4666/1/4 4658/1/4 4667/1/4
f 4662/3/4 4663/3/4 4668/3/4
f 4668/3/4 4663/3/4 4669/3/4
f 4664/1/4 4665/1/4 4672/1/4
f 4672/1/4 4665/1/4 4673/1/4
f 4670/3/4 4671/3/4 4674/3/4
f 4674/3/4 4671/3/4 4675/3/4
f 4676/3/4 4677/3/4 4683/3/4
f 4677/1/4 4678/1/4 4684/1/4
f 4683/3/4 4677/3/4 4684/3/4
f 4684/1/4 4678/1/4 4685/1/4
f 4679/1/4 4680/1/4 4686/1/4
f 4686/1/4 4680/1/4 4687/1/4
f 4681/3/4 4682/3/4 4691/3/4
f 4691/3/4 4682/3/4 4692/3/4
f 4688/3/4 4689/3/4 4693/3/4
f 4693/3/4 4689/3/4 4694/3/4
f 4690/3/4 4691/3/4 4696/3/4
f 4696/3/4 4691/3/4 4697/3/4
f 4694/3/4 4695/3/4 4698/3/4
f 4698/3/4 4695/3/4 4699/3/4
f 4700/1/4 4701/1/4 4705/1/4
f 4705/1/4 4701/1/4 4706/1/4
f 4702/1/4 4703/1/4 4707/1/4
f 4707/1/4 4703/1/4 4708/1/4
f 4704/1/4 4705/1/4 4710/1/4
f 4710/1/4 4705/1/4 4711/1/4
f 4708/1/4 4709/1/4 4712/1/4
f 4712/1/4 4709/1/4 4713/1/4
f 4714/1/4 4715/1/4 4718/1/4
f 4714/1/4 4718/1/4 4719/1/4
f 4719/1/4 4718/1/4 4720/1/4
f 4716/3/4 4717/3/4 4721/3/4
f 4721/3/4 4717/3/4 4722/3/4
f 4723/3/4 4724/3/4 4727/3/4
f 4727/3/4 4724/3/4 4728/3/4
f 4727/1/4 4728/1/4 4729/1/4
f 4729/1/4 4728/1/4 4730/1/4
f 4725/3/4 4726/3/4 4731/3/4
f 4731/3/4 4726/3/4 4732/3/4
f 4733/1/4 4734/1/4 4737/1/4
f 4737/1/4 4734/1/4 4738/1/4
f 4735/3/4 4736/3/4 4741/3/4
f 4741/3/4 4736/3/4 4742/3/4
f 4738/1/4 4739/1/4 4743/1/4
f 4743/1/4 4739/1/4 4744/1/4
f 4740/3/4 4741/3/4 4745/3/4
f 4745/3/4 4741/3/4 4746/3/4
f 4747/3/4 4748/3/4 4751/3/4
f 4751/3/4 4748/3/4 4752/3/4
f 4749/1/4 4750/1/4 4755/1/4
f 4755/1/4 4750/1/4 4756/1/4
f 4752/3/4 4753/3/4 4757/3/4
f 4757/3/4 4753/3/4 4758/3/4
f 4754/1/4 4755/1/4 4763/1/4
f 4763/1/4 4755/1/4 4764/1/4
f 4759/3/4 4760/3/4 4765/3/4
f 4765/3/4 4760/3/4 4766/3/4
f 4761/3/4 4762/3/4 4767/3/4
f 4767/3/4 4762/3/4 4768/3/4
f 4769/1/4 4770/1/4 4773/1/4
f 4773/1/4 4770/1/4 4774/1/4
f 4771/3/4 4772/3/4 4780/3/4
f 4780/3/4 4772/3/4 4781/3/4
f 4775/1/4 4776/1/4 4782/1/4
f 4776/3/4 4777/3/4 4783/3/4
f 4782/1/4 4776/1/4 4783/1/4
f 4783/3/4 4777/3/4 4784/3/4
f 4778/3/4 4779/3/4 4788/3/4
f 4788/3/4 4779/3/4 4789/3/4
f 4785/3/4 4786/3/4 4790/3/4
f 4790/3/4 4786/3/4 4791/3/4
f 4787/3/4 4788/3/4 4794/3/4
f 4794/3/4 4788/3/4 4795/3/4
f 4791/1/4 4792/1/4 4796/1/4
f 4796/1/4 4792/1/4 4797/1/4
f 4793/2/4 4794/2/4 4800/2/4
f 4800/2/4 4794/2/4 4801/2/4
f 4797/1/4 4798/1/4 4802/1/4
f 4802/1/4 4798/1/4 4803/1/4
f 4799/2/4 4800/2/4 4806/2/4
f 4806/2/4 4800/2/4 4807/2/4
f 4803/1/4 4804/1/4 4808/1/4
f 4808/1/4 4804/1/4 4809/1/4
f 4805/3/4 4806/3/4 4811/3/4
f 4811/3/4 4806/3/4 4812/3/4
f 4809/1/4 4810/1/4 4813/1/4
f 4813/1/4 4810/1/4 4814/1/4
f 4817/1/4 4818/1/4 4819/1/4
f 4819/1/4 4818/1/4 4820/1/4
f 4815/1/4 4816/1/4 4821/1/4
f 4821/1/4 4816/1/4 4822/1/4
f 4819/3/4 4820/3/4 4823/3/4
f 4823/3/4 4820/3/4 4824/3/4
f 4825/1/4 4826/1/4 4829/1/4
f 4829/1/4 4826/1/4 4830/1/4
f 4829/3/4 4830/3/4 4831/3/4
f 4831/3/4 4830/3/4 4832/3/4
f 4827/3/4 4828/3/4 4833/3/4
f 4833/3/4 4828/3/4 4834/3/4
f 4835/1/4 4836/1/4 4839/1/4
f 4839/1/4 4836/1/4 4840/1/4
f 4837/3/4 4838/3/4 4841/3/4
f 4841/3/4 4838/3/4 4842/3/4
f 4843/1/4 4844/1/4 4847/1/4
f 4847/1/4 4844/1/4 4848/1/4
f 4845/3/4 4846/3/4 4851/3/4
f 4851/3/4 4846/3/4 4852/3/4
f 4848/1/4 4849/1/4 4853/1/4
f 4853/1/4 4849/1/4 4854/1/4
f 4853/3/4 4854/3/4 4855/3/4
f 4855/3/4 4854/3/4 4856/3/4
f 4850/1/4 4851/1/4 4859/1/4
f 4859/1/4 4851/1/4 4860/1/4
f 4856/3/4 4857/3/4 4861/3/4
f 4861/3/4 4857/3/4 4862/3/4
f 4858/1/4 4859/1/4 4865/1/4
f 4865/1/4 4859/1/4 4866/1/4
f 4862/3/4 4863/3/4 4867/3/4
f 4867/3/4 4863/3/4 4868/3/4
f 4864/1/4 4865/1/4 4871/1/4
f 4871/1/4 4865/1/4 4872/1/4
f 4868/3/4 4869/3/4 4873/3/4
f 4873/3/4 4869/3/4 4874/3/4
f 4870/1/4 4871/1/4 4879/1/4
f 4879/1/4 4871/1/4 4880/1/4
f 4875/3/4 4876/3/4 4881/3/4
f 4881/3/4 4876/3/4 4882/3/4
f 4877/3/4 4878/3/4 4885/3/4
f 4885/3/4 4878/3/4 4886/3/4
f 4883/3/4 4884/3/4 4887/3/4
f 4887/3/4 4884/3/4 4888/3/4
f 4889/1/4 4890/1/4 4893/1/4
f 4893/1/4 4890/1/4 4894/1/4
f 4894/1/4 4890/1/4 4895/1/4
f 4891/3/4 4892/3/4 4899/3/4
f 4899/3/4 4892/3/4 4900/3/4
f 4896/3/4 4897/3/4 4901/3/4
f 4901/3/4 4897/3/4 4902/3/4
f 4902/3/4 4897/3/4 4903/3/4
f 4898/3/4 4899/3/4 4906/3/4
f 4906/3/4 4899/3/4 4907/3/4
f 4903/1/4 4904/1/4 4908/1/4
f 4908/1/4 4904/1/4 4909/1/4
f 4905/2/4 4906/2/4 4912/2/4
f 4912/2/4 4906/2/4 4913/2/4
f 4909/1/4 4910/1/4 4914/1/4
f 4914/1/4 4910/1/4 4915/1/4
f 4911/2/4 4912/2/4 4918/2/4
f 4918/2/4 4912/2/4 4919/2/4
f 4915/1/4 4916/1/4 4920/1/4
f 4920/1/4 4916/1/4 4921/1/4
f 4917/2/4 4918/2/4 4924/2/4
f 4924/2/4 4918/2/4 4925/2/4
f 4921/1/4 4922/1/4 4926/1/4
f 4926/1/4 4922/1/4 4927/1/4
f 4923/3/4 4924/3/4 4929/3/4
f 4927/1/4 4928/1/4 4930/1/4
f 4923/3/4 4929/3/4 4931/3/4
f 4931/3/4 4929/3/4 4932/3/4
f 4930/1/4 4928/1/4 4933/1/4
f 4933/1/4 4928/1/4 4934/1/4
f 4935/3/4 4936/3/4 4939/3/4
f 4939/3/4 4936/3/4 4940/3/4
f 4939/1/4 4940/1/4 4941/1/4
f 4941/1/4 4940/1/4 4942/1/4
f 4937/3/4 4938/3/4 4943/3/4
f 4943/3/4 4938/3/4 4944/3/4
f 4945/1/4 4946/1/4 4949/1/4
f 4949/1/4 4946/1/4 4950/1/4
f 4947/3/4 4948/3/4 4953/3/4
f 4953/3/4 4948/3/4 4954/3/4
f 4950/1/4 4951/1/4 4955/1/4
f 4955/1/4 4951/1/4 4956/1/4
f 4952/1/4 4953/1/4 4959/1/4
f 4959/1/4 4953/1/4 4960/1/4
f 4956/3/4 4957/3/4 4961/3/4
f 4961/3/4 4957/3/4 4962/3/4
f 4958/1/4 4959/1/4 4965/1/4
f 4965/1/4 4959/1/4 4966/1/4
f 4962/3/4 4963/3/4 4967/3/4
f 4967/3/4 4963/3/4 4968/3/4
f 4964/1/4 4965/1/4 4971/1/4
f 4971/1/4 4965/1/4 4972/1/4
f 4968/3/4 4969/3/4 4973/3/4
f 4973/3/4 4969/3/4 4974/3/4
f 4970/1/4 4971/1/4 4978/1/4
f 4978/1/4 4971/1/4 4979/1/4
f 4974/3/4 4975/3/4 4980/3/4
f 4980/3/4 4975/3/4 4981/3/4
f 4976/3/4 4977/3/4 4984/3/4
f 4977/1/4 4978/1/4 4985/1/4
f 4984/3/4 4977/3/4 4985/3/4
f 4985/1/4 4978/1/4 4986/1/4
f 4982/3/4 4983/3/4 4987/3/4
f 4987/3/4 4983/3/4 4988/3/4
f 4989/3/4 4990/3/4 4994/3/4
f 4990/1/4 4991/1/4 4995/1/4
f 4994/3/4 4990/3/4 4995/3/4
f 4995/1/4 4991/1/4 4996/1/4
f 4991/2/4 4992/2/4 4997/2/4
f 4996/1/4 4991/1/4 4997/1/4
f 4997/2/4 4992/2/4 4998/2/4
f 4993/3/4 4994/3/4 5002/3/4
f 5002/3/4 4994/3/4 5003/3/4
f 4998/2/4 4999/2/4 5004/2/4
f 4999/3/4 5000/3/4 5005/3/4
f 5004/2/4 4999/2/4 5005/2/4
f 5005/3/4 5000/3/4 5006/3/4
f 5001/2/4 5002/2/4 5009/2/4
f 5009/2/4 5002/2/4 5010/2/4
f 5006/1/4 5007/1/4 5011/1/4
f 5011/1/4 5007/1/4 5012/1/4
f 5008/2/4 5009/2/4 5014/2/4
f 5014/2/4 5009/2/4 5015/2/4
f 5012/1/4 5013/1/4 5016/1/4
f 5016/1/4 5013/1/4 5017/1/4
f 5008/2/4 5014/2/4 5019/2/4
f 5019/2/4 5014/2/4 5020/2/4
f 5017/1/4 5013/1/4 5021/1/4
f 5021/1/4 5013/1/4 5022/1/4
f 5018/2/4 5019/2/4 5025/2/4
f 5025/2/4 5019/2/4 5026/2/4
f 5022/1/4 5023/1/4 5027/1/4
f 5027/1/4 5023/1/4 5028/1/4
f 5024/2/4 5025/2/4 5030/2/4
f 5030/2/4 5025/2/4 5031/2/4
f 5028/1/4 5029/1/4 5032/1/4
f 5032/1/4 5029/1/4 5033/1/4
f 5030/3/4 5031/3/4 5035/3/4
f 5035/3/4 5031/3/4 5036/3/4
f 5032/3/4 5033/3/4 5037/3/4
f 5037/3/4 5033/3/4 5038/3/4
f 5034/3/4 5035/3/4 5040/3/4
f 5040/3/4 5035/3/4 5041/3/4
f 5040/1/4 5041/1/4 5042/1/4
f 5042/1/4 5041/1/4 5043/1/4
f 5038/3/4 5039/3/4 5046/3/4
f 5046/3/4 5039/3/4 5047/3/4
f 5043/1/4 5044/1/4 5048/1/4
f 5048/1/4 5044/1/4 5049/1/4
f 5045/3/4 5046/3/4 5052/3/4
f 5052/3/4 5046/3/4 5053/3/4
f 5049/3/4 5050/3/4 5054/3/4
f 5054/3/4 5050/3/4 5055/3/4
f 5051/1/4 5052/1/4 5058/1/4
f 5058/1/4 5052/1/4 5059/1/4
f 5055/3/4 5056/3/4 5060/3/4
f 5057/1/4 5058/1/4 5063/1/4
f 5060/3/4 5061/3/4 5064/3/4
f 5055/3/4 5060/3/4 5064/3/4
f 5064/3/4 5061/3/4 5065/3/4
f 5062/1/4 5063/1/4 5068/1/4
f 5063/1/4 5058/1/4 5069/1/4
f 5068/1/4 5063/1/4 5069/1/4
f 5065/3/4 5066/3/4 5070/3/4
f 5070/3/4 5066/3/4 5071/3/4
f 5067/1/4 5068/1/4 5074/1/4
f 5074/1/4 5068/1/4 5075/1/4
f 5071/3/4 5072/3/4 5076/3/4
f 5076/3/4 5072/3/4 5077/3/4
f 5073/1/4 5074/1/4 5079/1/4
f 5079/1/4 5074/1/4 5080/1/4
f 5077/3/4 5078/3/4 5081/3/4
f 5078/3/4 5079/3/4 5081/3/4
f 5081/3/4 5079/3/4 5082/3/4
f 5083/1/4 5084/1/4 5087/1/4
f 5087/1/4 5084/1/4 5088/1/4
f 5084/2/4 5085/2/4 5089/2/4
f 5088/1/4 5084/1/4 5089/1/4
f 5089/2/4 5085/2/4 5090/2/4
f 5090/2/4 5085/2/4 5091/2/4
f 5086/3/4 5087/3/4 5094/3/4
f 5094/3/4 5087/3/4 5095/3/4
f 5087/1/4 5088/1/4 5096/1/4
f 5095/3/4 5087/3/4 5096/3/4
f 5096/1/4 5088/1/4 5097/1/4
f 5090/2/4 5091/2/4 5098/2/4
f 5091/2/4 5092/2/4 5098/2/4
f 5098/2/4 5092/2/4 5099/2/4
f 5099/2/4 5092/2/4 5100/2/4
f 5093/2/4 5094/2/4 5103/2/4
f 5094/3/4 5095/3/4 5104/3/4
f 5103/2/4 5094/2/4 5104/2/4
f 5104/3/4 5095/3/4 5105/3/4
f 5099/2/4 5100/2/4 5106/2/4
f 5100/1/4 5101/1/4 5107/1/4
f 5106/2/4 5100/2/4 5107/2/4
f 5107/1/4 5101/1/4 5108/1/4
f 5102/2/4 5103/2/4 5111/2/4
f 5111/2/4 5103/2/4 5112/2/4
f 5108/1/4 5109/1/4 5113/1/4
f 5113/1/4 5109/1/4 5114/1/4
f 5110/2/4 5111/2/4 5117/2/4
f 5117/2/4 5111/2/4 5118/2/4
f 5114/1/4 5115/1/4 5119/1/4
f 5117/2/4 5118/2/4 5121/2/4
f 5116/2/4 5117/2/4 5121/2/4
f 5121/2/4 5118/2/4 5122/2/4
f 5122/2/4 5118/2/4 5123/2/4
f 5119/1/4 5120/1/4 5124/1/4
f 5114/1/4 5119/1/4 5124/1/4
f 5124/1/4 5120/1/4 5125/1/4
f 5121/3/4 5122/3/4 5127/3/4
f 5125/1/4 5120/1/4 5128/1/4
f 5128/1/4 5120/1/4 5129/1/4
f 5126/3/4 5127/3/4 5131/3/4
f 5127/3/4 5122/3/4 5131/3/4
f 5131/3/4 5122/3/4 5132/3/4
f 5129/3/4 5130/3/4 5133/3/4
f 5128/3/4 5129/3/4 5133/3/4
f 5133/3/4 5130/3/4 5134/3/4
f 5126/3/4 5131/3/4 5135/3/4
f 5134/3/4 5130/3/4 5138/3/4
f 5135/3/4 5136/3/4 5139/3/4
f 5126/3/4 5135/3/4 5139/3/4
f 5139/3/4 5136/3/4 5140/3/4
f 5137/3/4 5138/3/4 5141/3/4
f 5138/3/4 5130/3/4 5141/3/4
f 5141/3/4 5130/3/4 5142/3/4
f 5140/3/4 5136/3/4 5143/3/4
f 5137/3/4 5141/3/4 5146/3/4
f 5143/3/4 5144/3/4 5147/3/4
f 5140/3/4 5143/3/4 5147/3/4
f 5147/3/4 5144/3/4 5148/3/4
f 5145/3/4 5146/3/4 5149/3/4
f 5146/3/4 5141/3/4 5149/3/4
f 5149/3/4 5141/3/4 5150/3/4
f 5148/3/4 5144/3/4 5151/3/4
f 5151/3/4 5144/3/4 5152/3/4
f 5145/3/4 5149/3/4 5155/3/4
f 5155/3/4 5149/3/4 5156/3/4
f 5152/3/4 5153/3/4 5157/3/4
f 5157/3/4 5153/3/4 5158/3/4
f 5154/1/4 5155/1/4 5161/1/4
f 5161/1/4 5155/1/4 5162/1/4
f 5158/3/4 5159/3/4 5163/3/4
f 5163/3/4 5159/3/4 5164/3/4
f 5164/3/4 5159/3/4 5165/3/4
f 5160/1/4 5161/1/4 5168/1/4
f 5168/1/4 5161/1/4 5169/1/4
f 5169/1/4 5161/1/4 5170/1/4
f 5165/3/4 5166/3/4 5171/3/4
f 5164/3/4 5165/3/4 5171/3/4
f 5171/3/4 5166/3/4 5172/3/4
f 5172/3/4 5166/3/4 5173/3/4
f 5168/1/4 5169/1/4 5174/1/4
f 5167/1/4 5168/1/4 5174/1/4
f 5174/1/4 5169/1/4 5175/1/4
f 5175/1/4 5169/1/4 5176/1/4
f 5172/3/4 5173/3/4 5177/3/4
f 5173/3/4 5174/3/4 5177/3/4
f 5174/1/4 5175/1/4 5178/1/4
f 5177/3/4 5174/3/4 5178/3/4
f 5178/1/4 5175/1/4 5179/1/4
f 5180/1/4 5181/1/4 5184/1/4
f 5184/1/4 5181/1/4 5185/1/4
f 5181/2/4 5182/2/4 5186/2/4
f 5185/1/4 5181/1/4 5186/1/4
f 5186/2/4 5182/2/4 5187/2/4
f 5187/2/4 5182/2/4 5188/2/4
f 5184/1/4 5185/1/4 5192/1/4
f 5183/1/4 5184/1/4 5192/1/4
f 5192/1/4 5185/1/4 5193/1/4
f 5193/1/4 5185/1/4 5194/1/4
f 5187/2/4 5188/2/4 5195/2/4
f 5188/2/4 5189/2/4 5195/2/4
f 5195/2/4 5189/2/4 5196/2/4
f 5196/2/4 5189/2/4 5197/2/4
f 5190/2/4 5191/2/4 5201/2/4
f 5191/3/4 5192/3/4 5202/3/4
f 5201/2/4 5191/2/4 5202/2/4
f 5192/1/4 5193/1/4 5203/1/4
f 5202/3/4 5192/3/4 5203/3/4
f 5203/1/4 5193/1/4 5204/1/4
f 5196/2/4 5197/2/4 5205/2/4
f 5197/2/4 5198/2/4 5205/2/4
f 5198/1/4 5199/1/4 5206/1/4
f 5205/2/4 5198/2/4 5206/2/4
f 5206/1/4 5199/1/4 5207/1/4
f 5200/2/4 5201/2/4 5209/2/4
f 5201/3/4 5202/3/4 5210/3/4
f 5209/2/4 5201/2/4 5210/2/4
f 5210/3/4 5202/3/4 5211/3/4
f 5207/1/4 5208/1/4 5212/1/4
f 5206/1/4 5207/1/4 5212/1/4
f 5212/1/4 5208/1/4 5213/1/4
f 5209/3/4 5210/3/4 5215/3/4
f 5213/1/4 5208/1/4 5216/1/4
f 5214/3/4 5215/3/4 5218/3/4
f 5215/3/4 5210/3/4 5218/3/4
f 5218/3/4 5210/3/4 5219/3/4
f 5216/1/4 5217/1/4 5220/1/4
f 5213/1/4 5216/1/4 5220/1/4
f 5220/1/4 5217/1/4 5221/1/4
f 5221/1/4 5217/1/4 5222/1/4
f 5214/3/4 5218/3/4 5224/3/4
f 5221/3/4 5222/3/4 5225/3/4
f 5221/3/4 5225/3/4 5227/3/4
f 5225/3/4 5226/3/4 5227/3/4
f 5224/3/4 5218/3/4 5228/3/4
f 5223/3/4 5224/3/4 5228/3/4
f 5228/3/4 5218/3/4 5229/3/4
f 5227/3/4 5226/3/4 5230/3/4
f 5230/3/4 5226/3/4 5231/3/4
f 5223/3/4 5228/3/4 5232/3/4
f 5231/3/4 5226/3/4 5235/3/4
f 5232/3/4 5233/3/4 5236/3/4
f 5223/3/4 5232/3/4 5236/3/4
f 5236/3/4 5233/3/4 5237/3/4
f 5234/3/4 5235/3/4 5238/3/4
f 5235/3/4 5226/3/4 5238/3/4
f 5238/3/4 5226/3/4 5239/3/4
f 5237/3/4 5233/3/4 5240/3/4
f 5234/3/4 5238/3/4 5243/3/4
f 5240/3/4 5241/3/4 5244/3/4
f 5237/3/4 5240/3/4 5244/3/4
f 5244/3/4 5241/3/4 5245/3/4
f 5242/3/4 5243/3/4 5246/3/4
f 5243/3/4 5238/3/4 5246/3/4
f 5246/3/4 5238/3/4 5247/3/4
f 5245/3/4 5241/3/4 5248/3/4
f 5242/3/4 5246/3/4 5251/3/4
f 5248/3/4 5249/3/4 5252/3/4
f 5245/3/4 5248/3/4 5252/3/4
f 5252/3/4 5249/3/4 5253/3/4
f 5253/3/4 5249/3/4 5254/3/4
f 5250/1/4 5251/1/4 5257/1/4
f 5251/3/4 5246/3/4 5258/3/4
f 5257/1/4 5251/1/4 5258/1/4
f 5258/3/4 5246/3/4 5259/3/4
f 5254/3/4 5255/3/4 5260/3/4
f 5253/3/4 5254/3/4 5260/3/4
f 5260/3/4 5255/3/4 5261/3/4
f 5261/3/4 5255/3/4 5262/3/4
f 5256/1/4 5257/1/4 5266/1/4
f 5257/1/4 5258/1/4 5266/1/4
f 5266/1/4 5258/1/4 5267/1/4
f 5267/1/4 5258/1/4 5268/1/4
f 5262/3/4 5263/3/4 5269/3/4
f 5261/3/4 5262/3/4 5269/3/4
f 5269/3/4 5263/3/4 5270/3/4
f 5270/3/4 5263/3/4 5271/3/4
f 5264/3/4 5265/3/4 5272/3/4
f 5266/1/4 5267/1/4 5273/1/4
f 5265/1/4 5266/1/4 5273/1/4
f 5272/3/4 5265/3/4 5273/3/4
f 5273/1/4 5267/1/4 5274/1/4
f 5270/3/4 5271/3/4 5275/3/4
f 5271/3/4 5272/3/4 5275/3/4
f 5272/3/4 5273/3/4 5275/3/4
f 5275/3/4 5273/3/4 5276/3/4
f 5277/1/4 5278/1/4 5281/1/4
f 5278/2/4 5279/2/4 5282/2/4
f 5281/1/4 5278/1/4 5282/1/4
f 5282/2/4 5279/2/4 5283/2/4
f 5280/1/4 5281/1/4 5287/1/4
f 5281/1/4 5282/1/4 5287/1/4
f 5282/1/4 5283/1/4 5287/1/4
f 5287/1/4 5283/1/4 5288/1/4
f 5283/2/4 5284/2/4 5289/2/4
f 5288/1/4 5283/1/4 5289/1/4
f 5289/2/4 5284/2/4 5290/2/4
f 5290/2/4 5284/2/4 5291/2/4
f 5285/3/4 5286/3/4 5294/3/4
f 5287/1/4 5288/1/4 5295/1/4
f 5286/1/4 5287/1/4 5295/1/4
f 5294/3/4 5286/3/4 5295/3/4
f 5295/1/4 5288/1/4 5296/1/4
f 5296/1/4 5288/1/4 5297/1/4
f 5290/2/4 5291/2/4 5298/2/4
f 5291/1/4 5292/1/4 5299/1/4
f 5298/2/4 5291/2/4 5299/2/4
f 5299/1/4 5292/1/4 5300/1/4
f 5294/1/4 5295/1/4 5302/1/4
f 5295/1/4 5296/1/4 5302/1/4
f 5302/1/4 5296/1/4 5303/1/4
f 5300/1/4 5301/1/4 5304/1/4
f 5299/1/4 5300/1/4 5304/1/4
f 5304/1/4 5301/1/4 5305/1/4
f 5293/3/4 5294/3/4 5307/3/4
f 5294/1/4 5302/1/4 5308/1/4
f 5307/3/4 5294/3/4 5308/3/4
f 5308/1/4 5302/1/4 5309/1/4
f 5305/1/4 5301/1/4 5310/1/4
f 5310/1/4 5301/1/4 5311/1/4
f 5311/1/4 5301/1/4 5312/1/4
f 5306/3/4 5307/3/4 5314/3/4
f 5307/3/4 5308/3/4 5314/3/4
f 5314/3/4 5308/3/4 5315/3/4
f 5312/1/4 5313/1/4 5316/1/4
f 5311/1/4 5312/1/4 5316/1/4
f 5316/1/4 5313/1/4 5317/1/4
f 5317/1/4 5313/1/4 5318/1/4
f 5306/3/4 5314/3/4 5320/3/4
f 5317/3/4 5318/3/4 5321/3/4
f 5321/3/4 5318/3/4 5322/3/4
f 5319/3/4 5320/3/4 5324/3/4
f 5320/3/4 5314/3/4 5325/3/4
f 5324/3/4 5320/3/4 5325/3/4
f 5321/3/4 5322/3/4 5326/3/4
f 5322/3/4 5323/3/4 5326/3/4
f 5326/3/4 5323/3/4 5327/3/4
f 5325/3/4 5314/3/4 5328/3/4
f 5321/3/4 5326/3/4 5331/3/4
f 5328/3/4 5329/3/4 5332/3/4
f 5325/3/4 5328/3/4 5332/3/4
f 5332/3/4 5329/3/4 5333/3/4
f 5333/3/4 5329/3/4 5334/3/4
f 5330/3/4 5331/3/4 5337/3/4
f 5331/3/4 5326/3/4 5338/3/4
f 5337/3/4 5331/3/4 5338/3/4
f 5338/3/4 5326/3/4 5339/3/4
f 5334/3/4 5335/3/4 5340/3/4
f 5333/3/4 5334/3/4 5340/3/4
f 5336/3/4 5337/3/4 5343/3/4
f 5337/3/4 5338/3/4 5343/3/4
f 5340/3/4 5341/3/4 5344/3/4
f 5333/3/4 5340/3/4 5344/3/4
f 5344/3/4 5341/3/4 5345/3/4
f 5345/3/4 5341/3/4 5346/3/4
f 5342/3/4 5343/3/4 5349/3/4
f 5343/3/4 5338/3/4 5350/3/4
f 5349/3/4 5343/3/4 5350/3/4
f 5350/3/4 5338/3/4 5351/3/4
f 5346/3/4 5347/3/4 5352/3/4
f 5345/3/4 5346/3/4 5352/3/4
f 5352/3/4 5347/3/4 5353/3/4
f 5353/3/4 5347/3/4 5354/3/4
f 5348/3/4 5349/3/4 5355/3/4
f 5349/3/4 5350/3/4 5355/3/4
f 5355/3/4 5350/3/4 5356/3/4
f 5356/3/4 5350/3/4 5357/3/4
f 5353/3/4 5354/3/4 5358/3/4
f 5355/3/4 5356/3/4 5358/3/4
f 5354/3/4 5355/3/4 5358/3/4
f 5358/3/4 5356/3/4 5359/3/4
f 5359/3/4 5356/3/4 5360/3/4
f 5360/3/4 5356/3/4 5361/3/4
f 5359/3/4 5360/3/4 5362/3/4
f 5362/3/4 5360/3/4 5363/3/4
f 5364/1/4 5365/1/4 5367/1/4
f 5367/1/4 5365/1/4 5368/1/4
f 5366/1/4 5367/1/4 5371/1/4
f 5368/1/4 5369/1/4 5371/1/4
f 5367/1/4 5368/1/4 5371/1/4
f 5371/1/4 5369/1/4 5372/1/4
f 5370/1/4 5371/1/4 5375/1/4
f 5372/1/4 5373/1/4 5375/1/4
f 5371/1/4 5372/1/4 5375/1/4
f 5375/1/4 5373/1/4 5376/1/4
f 5376/1/4 5373/1/4 5377/1/4
f 5377/1/4 5373/1/4 5378/1/4
f 5374/1/4 5375/1/4 5380/1/4
f 5375/1/4 5376/1/4 5380/1/4
f 5380/1/4 5376/1/4 5381/1/4
f 5378/1/4 5379/1/4 5382/1/4
f 5377/1/4 5378/1/4 5382/1/4
f 5382/1/4 5379/1/4 5383/1/4
f 5374/1/4 5380/1/4 5385/1/4
f 5385/1/4 5380/1/4 5386/1/4
f 5386/1/4 5380/1/4 5387/1/4
f 5383/1/4 5379/1/4 5388/1/4
f 5388/1/4 5379/1/4 5389/1/4
f 5389/1/4 5379/1/4 5390/1/4
f 5384/3/4 5385/3/4 5392/3/4
f 5385/1/4 5386/1/4 5392/1/4
f 5392/1/4 5386/1/4 5393/1/4
f 5390/1/4 5391/1/4 5394/1/4
f 5389/1/4 5390/1/4 5394/1/4
f 5394/1/4 5391/1/4 5395/1/4
f 5393/1/4 5386/1/4 5396/1/4
f 5392/3/4 5393/3/4 5396/3/4
f 5396/1/4 5386/1/4 5397/1/4
f 5389/1/4 5394/1/4 5398/1/4
f 5394/3/4 5395/3/4 5399/3/4
f 5398/1/4 5394/1/4 5399/1/4
f 5396/3/4 5397/3/4 5400/3/4
f 5389/1/4 5398/1/4 5401/1/4
f 5398/3/4 5399/3/4 5402/3/4
f 5401/1/4 5398/1/4 5402/1/4
f 5396/3/4 5400/3/4 5403/3/4
f 5384/3/4 5392/3/4 5403/3/4
f 5392/3/4 5396/3/4 5403/3/4
f 5403/3/4 5400/3/4 5404/3/4
f 5404/3/4 5400/3/4 5405/3/4
f 5401/3/4 5402/3/4 5408/3/4
f 5402/3/4 5399/3/4 5409/3/4
f 5399/3/4 5395/3/4 5409/3/4
f 5408/3/4 5402/3/4 5409/3/4
f 5409/3/4 5395/3/4 5410/3/4
f 5405/3/4 5406/3/4 5411/3/4
f 5404/3/4 5405/3/4 5411/3/4
f 5407/3/4 5408/3/4 5414/3/4
f 5408/3/4 5409/3/4 5414/3/4
f 5411/3/4 5412/3/4 5415/3/4
f 5404/3/4 5411/3/4 5415/3/4
f 5415/3/4 5412/3/4 5416/3/4
f 5416/3/4 5412/3/4 5417/3/4
f 5413/3/4 5414/3/4 5418/3/4
f 5414/3/4 5409/3/4 5419/3/4
f 5418/3/4 5414/3/4 5419/3/4
f 5419/3/4 5409/3/4 5420/3/4
f 5416/3/4 5417/3/4 5421/3/4
f 5417/3/4 5418/3/4 5421/3/4
f 5418/3/4 5419/3/4 5421/3/4
f 5421/3/4 5419/3/4 5422/3/4
f 5422/3/4 5419/3/4 5423/3/4
f 5423/3/4 5419/3/4 5424/3/4
f 5422/3/4 5423/3/4 5425/3/4
f 5425/3/4 5423/3/4 5426/3/4
f 5426/3/4 5423/3/4 5427/3/4
f 5427/3/4 5423/3/4 5428/3/4
f 5426/3/4 5427/3/4 5429/3/4
f 5429/3/4 5427/3/4 5430/3/4
f 5431/1/4 5432/1/4 5434/1/4
f 5434/1/4 5432/1/4 5435/1/4
f 5433/1/4 5434/1/4 5438/1/4
f 5435/1/4 5436/1/4 5438/1/4
f 5434/1/4 5435/1/4 5438/1/4
f 5438/1/4 5436/1/4 5439/1/4
f 5437/1/4 5438/1/4 5441/1/4
f 5439/1/4 5440/1/4 5441/1/4
f 5438/1/4 5439/1/4 5441/1/4
f 5441/1/4 5440/1/4 5442/1/4
f 5441/3/4 5442/3/4 5443/3/4
f 5443/3/4 5442/3/4 5444/3/4
f 5444/3/4 5442/3/4 5445/3/4
f 5445/3/4 5442/3/4 5446/3/4
f 5444/3/4 5445/3/4 5447/3/4
f 5447/3/4 5445/3/4 5448/3/4
f 5448/3/4 5445/3/4 5449/3/4
f 5449/3/4 5445/3/4 5450/3/4
f 5448/3/4 5449/3/4 5451/3/4
f 5451/3/4 5449/3/4 5452/3/4
f 5457/2/5 5454/2/5 5453/2/5
f 5458/2/5 5454/2/5 5457/2/5
f 5459/1/5 5455/1/5 5454/1/5
f 5459/2/5 5454/2/5 5458/2/5
f 5460/1/5 5455/1/5 5459/1/5
f 5463/2/5 5458/2/5 5457/2/5
f 5463/2/5 5457/2/5 5456/2/5
f 5464/1/5 5461/1/5 5460/1/5
f 5464/1/5 5460/1/5 5459/1/5
f 5464/2/5 5458/2/5 5463/2/5
f 5464/1/5 5459/1/5 5458/1/5
f 5465/1/5 5461/1/5 5464/1/5
f 5467/1/5 5464/1/5 5463/1/5
f 5467/1/5 5466/1/5 5465/1/5
f 5467/1/5 5465/1/5 5464/1/5
f 5468/1/5 5466/1/5 5467/1/5
f 5469/2/5 5463/2/5 5462/2/5
f 5470/1/5 5467/1/5 5463/1/5
f 5470/2/5 5463/2/5 5469/2/5
f 5471/1/5 5470/1/5 5469/1/5
f 5472/1/5 5467/1/5 5470/1/5
f 5472/1/5 5470/1/5 5471/1/5
f 5473/3/5 5468/3/5 5467/3/5
f 5474/3/5 5468/3/5 5473/3/5
f 5475/1/5 5467/1/5 5472/1/5
f 5476/1/5 5467/1/5 5475/1/5
f 5477/3/5 5473/3/5 5467/3/5
f 5478/3/5 5473/3/5 5477/3/5
f 5479/1/5 5467/1/5 5476/1/5
f 5480/3/5 5477/3/5 5467/3/5
f 5480/1/5 5467/1/5 5479/1/5
f 5481/3/5 5477/3/5 5480/3/5
f 5486/2/5 5483/2/5 5482/2/5
f 5487/1/5 5484/1/5 5483/1/5
f 5490/2/5 5486/2/5 5485/2/5
f 5491/1/5 5488/1/5 5487/1/5
f 5494/2/5 5490/2/5 5489/2/5
f 5495/2/5 5483/2/5 5486/2/5
f 5495/2/5 5486/2/5 5490/2/5
f 5495/2/5 5490/2/5 5494/2/5
f 5496/2/5 5483/2/5 5495/2/5
f 5497/1/5 5492/1/5 5491/1/5
f 5497/2/5 5483/2/5 5496/2/5
f 5497/1/5 5487/1/5 5483/1/5
f 5497/1/5 5491/1/5 5487/1/5
f 5498/1/5 5492/1/5 5497/1/5
f 5499/1/5 5492/1/5 5498/1/5
f 5501/2/5 5494/2/5 5493/2/5
f 5501/2/5 5495/2/5 5494/2/5
f 5502/2/5 5495/2/5 5501/2/5
f 5503/1/5 5500/1/5 5499/1/5
f 5503/1/5 5499/1/5 5498/1/5
f 5504/1/5 5500/1/5 5503/1/5
f 5505/1/5 5500/1/5 5504/1/5
f 5506/1/5 5500/1/5 5505/1/5
f 5508/2/5 5501/2/5 5493/2/5
f 5509/2/5 5501/2/5 5508/2/5
f 5510/2/5 5501/2/5 5509/2/5
f 5511/1/5 5505/1/5 5504/1/5
f 5512/1/5 5505/1/5 5511/1/5
f 5513/3/5 5506/3/5 5505/3/5
f 5513/1/5 5505/1/5 5512/1/5
f 5514/3/5 5506/3/5 5513/3/5
f 5516/3/5 5514/3/5 5513/3/5
f 5516/3/5 5515/3/5 5514/3/5
f 5516/3/5 5513/3/5 5512/3/5
f 5517/2/5 5509/2/5 5508/2/5
f 5517/2/5 5508/2/5 5507/2/5
f 5518/2/5 5517/2/5 5507/2/5
f 5519/2/5 5517/2/5 5518/2/5
f 5520/2/5 5517/2/5 5519/2/5
f 5523/3/5 5515/3/5 5516/3/5
f 5524/3/5 5515/3/5 5523/3/5
f 5525/3/5 5515/3/5 5524/3/5
f 5526/1/5 5521/1/5 5520/1/5
f 5526/1/5 5520/1/5 5519/1/5
f 5529/3/5 5524/3/5 5523/3/5
f 5529/3/5 5523/3/5 5522/3/5
f 5530/1/5 5527/1/5 5526/1/5
f 5530/1/5 5526/1/5 5519/1/5
f 5531/1/5 5527/1/5 5530/1/5
f 5532/1/5 5527/1/5 5531/1/5
f 5534/3/5 5529/3/5 5528/3/5
f 5535/3/5 5524/3/5 5529/3/5
f 5535/3/5 5529/3/5 5534/3/5
f 5536/3/5 5524/3/5 5535/3/5
f 5537/1/5 5533/1/5 5532/1/5
f 5537/1/5 5534/1/5 5533/1/5
f 5537/1/5 5532/1/5 5531/1/5
f 5538/1/5 5534/1/5 5537/1/5
f 5539/3/5 5535/3/5 5534/3/5
f 5540/3/5 5535/3/5 5539/3/5
f 5541/1/5 5534/1/5 5538/1/5
f 5542/1/5 5534/1/5 5541/1/5
f 5543/3/5 5539/3/5 5534/3/5
f 5543/1/5 5534/1/5 5542/1/5
f 5544/3/5 5539/3/5 5543/3/5
f 5545/1/5 5543/1/5 5542/1/5
f 5546/1/5 5543/1/5 5545/1/5
f 5550/3/5 5548/3/5 5547/3/5
f 5551/3/5 5548/3/5 5550/3/5
f 5552/3/5 5548/3/5 5551/3/5
f 5557/2/5 5550/2/5 5549/2/5
f 5557/2/5 5551/2/5 5550/2/5
f 5558/2/5 5551/2/5 5557/2/5
f 5559/3/5 5552/3/5 5551/3/5
f 5559/2/5 5551/2/5 5558/2/5
f 5559/3/5 5553/3/5 5552/3/5
f 5560/3/5 5553/3/5 5559/3/5
f 5561/1/5 5554/1/5 5553/1/5
f 5561/3/5 5553/3/5 5560/3/5
f 5562/2/5 5555/2/5 5554/2/5
f 5562/1/5 5554/1/5 5561/1/5
f 5563/2/5 5555/2/5 5562/2/5
f 5566/2/5 5558/2/5 5557/2/5
f 5566/2/5 5557/2/5 5556/2/5
f 5567/2/5 5558/2/5 5566/2/5
f 5568/2/5 5558/2/5 5567/2/5
f 5569/1/5 5563/1/5 5562/1/5
f 5569/1/5 5562/1/5 5561/1/5
f 5570/2/5 5564/2/5 5563/2/5
f 5570/1/5 5563/1/5 5569/1/5
f 5571/2/5 5564/2/5 5570/2/5
f 5573/2/5 5567/2/5 5566/2/5
f 5573/2/5 5566/2/5 5565/2/5
f 5574/2/5 5567/2/5 5573/2/5
f 5575/2/5 5572/2/5 5571/2/5
f 5575/2/5 5571/2/5 5570/2/5
f 5576/2/5 5572/2/5 5575/2/5
f 5578/2/5 5573/2/5 5565/2/5
f 5579/2/5 5573/2/5 5578/2/5
f 5580/2/5 5573/2/5 5579/2/5
f 5581/2/5 5572/2/5 5576/2/5
f 5582/2/5 5572/2/5 5581/2/5
f 5583/2/5 5572/2/5 5582/2/5
f 5585/2/5 5584/2/5 5583/2/5
f 5585/2/5 5583/2/5 5582/2/5
f 5586/2/5 5578/2/5 5577/2/5
f 5586/2/5 5579/2/5 5578/2/5
f 5587/2/5 5579/2/5 5586/2/5
f 5588/2/5 5584/2/5 5585/2/5
f 5589/2/5 5584/2/5 5588/2/5
f 5590/2/5 5584/2/5 5589/2/5
f 5592/2/5 5586/2/5 5577/2/5
f 5593/3/5 5590/3/5 5589/3/5
f 5595/2/5 5592/2/5 5591/2/5
f 5596/2/5 5586/2/5 5592/2/5
f 5596/2/5 5592/2/5 5595/2/5
f 5597/3/5 5593/3/5 5589/3/5
f 5597/3/5 5594/3/5 5593/3/5
f 5598/3/5 5594/3/5 5597/3/5
f 5599/2/5 5586/2/5 5596/2/5
f 5600/2/5 5586/2/5 5599/2/5
f 5603/3/5 5597/3/5 5589/3/5
f 5604/1/5 5601/1/5 5600/1/5
f 5604/1/5 5600/1/5 5599/1/5
f 5605/1/5 5601/1/5 5604/1/5
f 5606/1/5 5601/1/5 5605/1/5
f 5609/3/5 5603/3/5 5602/3/5
f 5610/3/5 5597/3/5 5603/3/5
f 5610/3/5 5603/3/5 5609/3/5
f 5611/3/5 5597/3/5 5610/3/5
f 5612/1/5 5607/1/5 5606/1/5
f 5612/1/5 5606/1/5 5605/1/5
f 5615/3/5 5609/3/5 5608/3/5
f 5615/3/5 5610/3/5 5609/3/5
f 5616/3/5 5610/3/5 5615/3/5
f 5617/1/5 5613/1/5 5612/1/5
f 5617/1/5 5612/1/5 5605/1/5
f 5618/1/5 5613/1/5 5617/1/5
f 5619/1/5 5613/1/5 5618/1/5
f 5623/1/5 5616/1/5 5615/1/5
f 5623/1/5 5615/1/5 5614/1/5
f 5624/3/5 5610/3/5 5616/3/5
f 5624/1/5 5616/1/5 5623/1/5
f 5625/3/5 5610/3/5 5624/3/5
f 5626/1/5 5620/1/5 5619/1/5
f 5626/1/5 5619/1/5 5618/1/5
f 5627/1/5 5620/1/5 5626/1/5
f 5628/1/5 5620/1/5 5627/1/5
f 5630/3/5 5622/3/5 5621/3/5
f 5631/1/5 5623/1/5 5622/1/5
f 5631/1/5 5624/1/5 5623/1/5
f 5631/3/5 5622/3/5 5630/3/5
f 5632/1/5 5624/1/5 5631/1/5
f 5633/1/5 5624/1/5 5632/1/5
f 5634/1/5 5629/1/5 5628/1/5
f 5634/1/5 5628/1/5 5627/1/5
f 5635/1/5 5629/1/5 5634/1/5
f 5636/1/5 5629/1/5 5635/1/5
f 5637/3/5 5630/3/5 5629/3/5
f 5637/1/5 5629/1/5 5636/1/5
f 5638/1/5 5632/1/5 5631/1/5
f 5638/3/5 5630/3/5 5637/3/5
f 5638/1/5 5631/1/5 5630/1/5
f 5639/1/5 5632/1/5 5638/1/5
f 5640/1/5 5636/1/5 5635/1/5
f 5641/3/5 5637/3/5 5636/3/5
f 5641/1/5 5636/1/5 5640/1/5
f 5642/3/5 5637/3/5 5641/3/5
f 5647/3/5 5644/3/5 5643/3/5
f 5648/3/5 5644/3/5 5647/3/5
f 5649/2/5 5645/2/5 5644/2/5
f 5649/3/5 5644/3/5 5648/3/5
f 5650/2/5 5645/2/5 5649/2/5
f 5651/2/5 5645/2/5 5650/2/5
f 5654/3/5 5648/3/5 5647/3/5
f 5654/3/5 5647/3/5 5646/3/5
f 5655/3/5 5648/3/5 5654/3/5
f 5656/3/5 5648/3/5 5655/3/5
f 5657/2/5 5651/2/5 5650/2/5
f 5657/2/5 5652/2/5 5651/2/5
f 5658/2/5 5652/2/5 5657/2/5
f 5659/2/5 5652/2/5 5658/2/5
f 5660/2/5 5652/2/5 5659/2/5
f 5661/2/5 5652/2/5 5660/2/5
f 5664/3/5 5655/3/5 5654/3/5
f 5664/3/5 5654/3/5 5653/3/5
f 5665/3/5 5655/3/5 5664/3/5
f 5666/3/5 5655/3/5 5665/3/5
f 5667/2/5 5662/2/5 5661/2/5
f 5667/2/5 5661/2/5 5660/2/5
f 5668/2/5 5662/2/5 5667/2/5
f 5669/2/5 5662/2/5 5668/2/5
f 5671/3/5 5665/3/5 5664/3/5
f 5671/3/5 5664/3/5 5663/3/5
f 5672/3/5 5665/3/5 5671/3/5
f 5673/2/5 5670/2/5 5669/2/5
f 5673/2/5 5669/2/5 5668/2/5
f 5674/2/5 5670/2/5 5673/2/5
f 5676/3/5 5671/3/5 5663/3/5
f 5677/2/5 5670/2/5 5674/2/5
f 5679/3/5 5676/3/5 5675/3/5
f 5679/3/5 5671/3/5 5676/3/5
f 5680/3/5 5671/3/5 5679/3/5
f 5681/2/5 5678/2/5 5677/2/5
f 5681/2/5 5677/2/5 5674/2/5
f 5682/2/5 5678/2/5 5681/2/5
f 5684/3/5 5679/3/5 5675/3/5
f 5685/2/5 5678/2/5 5682/2/5
f 5687/3/5 5684/3/5 5683/3/5
f 5687/3/5 5679/3/5 5684/3/5
f 5688/3/5 5679/3/5 5687/3/5
f 5689/2/5 5686/2/5 5685/2/5
f 5689/2/5 5685/2/5 5682/2/5
f 5690/2/5 5686/2/5 5689/2/5
f 5691/2/5 5688/2/5 5687/2/5
f 5691/3/5 5687/3/5 5683/3/5
f 5692/2/5 5688/2/5 5691/2/5
f 5693/3/5 5690/3/5 5689/3/5
f 5694/3/5 5690/3/5 5693/3/5
f 5695/3/5 5691/3/5 5683/3/5
f 5696/3/5 5691/3/5 5695/3/5
f 5699/3/5 5690/3/5 5694/3/5
f 5700/1/5 5697/1/5 5696/1/5
f 5700/1/5 5696/1/5 5695/1/5
f 5701/1/5 5700/1/5 5695/1/5
f 5702/1/5 5700/1/5 5701/1/5
f 5703/3/5 5699/3/5 5698/3/5
f 5703/3/5 5690/3/5 5699/3/5
f 5704/3/5 5690/3/5 5703/3/5
f 5705/1/5 5700/1/5 5702/1/5
f 5708/3/5 5703/3/5 5698/3/5
f 5709/1/5 5706/1/5 5705/1/5
f 5709/1/5 5705/1/5 5702/1/5
f 5710/1/5 5706/1/5 5709/1/5
f 5711/3/5 5708/3/5 5707/3/5
f 5711/3/5 5703/3/5 5708/3/5
f 5712/3/5 5703/3/5 5711/3/5
f 5713/1/5 5706/1/5 5710/1/5
f 5716/3/5 5711/3/5 5707/3/5
f 5717/3/5 5711/3/5 5716/3/5
f 5718/1/5 5714/1/5 5713/1/5
f 5718/1/5 5713/1/5 5710/1/5
f 5719/1/5 5714/1/5 5718/1/5
f 5720/1/5 5714/1/5 5719/1/5
f 5723/1/5 5717/1/5 5716/1/5
f 5723/1/5 5716/1/5 5715/1/5
f 5724/1/5 5717/1/5 5723/1/5
f 5725/1/5 5717/1/5 5724/1/5
f 5726/1/5 5721/1/5 5720/1/5
f 5726/1/5 5720/1/5 5719/1/5
f 5727/1/5 5721/1/5 5726/1/5
f 5728/1/5 5721/1/5 5727/1/5
f 5733/1/5 5724/1/5 5723/1/5
f 5733/1/5 5723/1/5 5722/1/5
f 5734/1/5 5724/1/5 5733/1/5
f 5735/1/5 5724/1/5 5734/1/5
f 5736/1/5 5728/1/5 5727/1/5
f 5736/1/5 5729/1/5 5728/1/5
f 5737/1/5 5729/1/5 5736/1/5
f 5738/3/5 5730/3/5 5729/3/5
f 5738/1/5 5729/1/5 5737/1/5
f 5739/3/5 5730/3/5 5738/3/5
f 5741/3/5 5732/3/5 5731/3/5
f 5742/1/5 5734/1/5 5733/1/5
f 5742/1/5 5733/1/5 5732/1/5
f 5743/1/5 5734/1/5 5742/1/5
f 5744/3/5 5740/3/5 5739/3/5
f 5744/3/5 5741/3/5 5740/3/5
f 5744/3/5 5738/3/5 5737/3/5
f 5744/3/5 5739/3/5 5738/3/5
f 5745/1/5 5742/1/5 5732/1/5
f 5745/3/5 5741/3/5 5744/3/5
f 5745/3/5 5732/3/5 5741/3/5
f 5746/1/5 5742/1/5 5745/1/5
f 5751/3/5 5748/3/5 5747/3/5
f 5752/3/5 5748/3/5 5751/3/5
f 5753/2/5 5749/2/5 5748/2/5
f 5753/3/5 5748/3/5 5752/3/5
f 5754/2/5 5749/2/5 5753/2/5
f 5755/2/5 5749/2/5 5754/2/5
f 5758/3/5 5752/3/5 5751/3/5
f 5758/3/5 5751/3/5 5750/3/5
f 5759/3/5 5752/3/5 5758/3/5
f 5760/3/5 5752/3/5 5759/3/5
f 5761/2/5 5755/2/5 5754/2/5
f 5761/2/5 5756/2/5 5755/2/5
f 5762/2/5 5756/2/5 5761/2/5
f 5763/2/5 5756/2/5 5762/2/5
f 5766/3/5 5759/3/5 5758/3/5
f 5766/3/5 5758/3/5 5757/3/5
f 5767/3/5 5759/3/5 5766/3/5
f 5768/2/5 5764/2/5 5763/2/5
f 5768/2/5 5763/2/5 5762/2/5
f 5769/2/5 5764/2/5 5768/2/5
f 5772/3/5 5766/3/5 5765/3/5
f 5773/3/5 5766/3/5 5772/3/5
f 5774/2/5 5770/2/5 5769/2/5
f 5775/2/5 5770/2/5 5774/2/5
f 5778/3/5 5772/3/5 5771/3/5
f 5779/2/5 5776/2/5 5775/2/5
f 5781/3/5 5778/3/5 5777/3/5
f 5781/3/5 5772/3/5 5778/3/5
f 5782/3/5 5772/3/5 5781/3/5
f 5783/2/5 5780/2/5 5779/2/5
f 5783/2/5 5779/2/5 5775/2/5
f 5784/2/5 5780/2/5 5783/2/5
f 5786/3/5 5781/3/5 5777/3/5
f 5787/2/5 5780/2/5 5784/2/5
f 5789/3/5 5786/3/5 5785/3/5
f 5789/3/5 5781/3/5 5786/3/5
f 5790/3/5 5781/3/5 5789/3/5
f 5791/2/5 5787/2/5 5784/2/5
f 5792/3/5 5788/3/5 5787/3/5
f 5792/2/5 5787/2/5 5791/2/5
f 5793/3/5 5788/3/5 5792/3/5
f 5794/3/5 5789/3/5 5785/3/5
f 5795/3/5 5789/3/5 5794/3/5
f 5796/1/5 5795/1/5 5794/1/5
f 5799/3/5 5788/3/5 5793/3/5
f 5800/1/5 5797/1/5 5796/1/5
f 5800/1/5 5796/1/5 5794/1/5
f 5801/1/5 5797/1/5 5800/1/5
f 5802/3/5 5799/3/5 5798/3/5
f 5802/3/5 5788/3/5 5799/3/5
f 5803/3/5 5788/3/5 5802/3/5
f 5804/1/5 5797/1/5 5801/1/5
f 5807/3/5 5802/3/5 5798/3/5
f 5808/1/5 5805/1/5 5804/1/5
f 5808/1/5 5804/1/5 5801/1/5
f 5809/1/5 5805/1/5 5808/1/5
f 5810/3/5 5807/3/5 5806/3/5
f 5811/3/5 5802/3/5 5807/3/5
f 5811/3/5 5807/3/5 5810/3/5
f 5812/3/5 5802/3/5 5811/3/5
f 5813/1/5 5805/1/5 5809/1/5
f 5814/1/5 5805/1/5 5813/1/5
f 5817/3/5 5811/3/5 5810/3/5
f 5818/3/5 5811/3/5 5817/3/5
f 5819/1/5 5815/1/5 5814/1/5
f 5820/1/5 5815/1/5 5819/1/5
f 5823/1/5 5817/1/5 5816/1/5
f 5824/1/5 5817/1/5 5823/1/5
f 5825/3/5 5821/3/5 5820/3/5
f 5826/3/5 5821/3/5 5825/3/5
f 5827/3/5 5821/3/5 5826/3/5
f 5830/1/5 5823/1/5 5822/1/5
f 5831/1/5 5823/1/5 5830/1/5
f 5832/1/5 5823/1/5 5831/1/5
f 5833/3/5 5828/3/5 5827/3/5
f 5833/3/5 5827/3/5 5826/3/5
f 5834/3/5 5828/3/5 5833/3/5
f 5835/3/5 5828/3/5 5834/3/5
f 5837/1/5 5831/1/5 5830/1/5
f 5837/1/5 5830/1/5 5829/1/5
f 5838/1/5 5831/1/5 5837/1/5
f 5839/1/5 5831/1/5 5838/1/5
f 5840/3/5 5836/3/5 5835/3/5
f 5840/3/5 5835/3/5 5834/3/5
f 5840/3/5 5837/3/5 5836/3/5
f 5841/1/5 5838/1/5 5837/1/5
f 5841/3/5 5837/3/5 5840/3/5
f 5842/1/5 5838/1/5 5841/1/5
f 5848/3/5 5844/3/5 5843/3/5
f 5849/1/5 5845/1/5 5844/1/5
f 5849/3/5 5844/3/5 5848/3/5
f 5850/2/5 5846/2/5 5845/2/5
f 5850/1/5 5845/1/5 5849/1/5
f 5851/2/5 5846/2/5 5850/2/5
f 5854/3/5 5848/3/5 5847/3/5
f 5855/3/5 5848/3/5 5854/3/5
f 5856/2/5 5852/2/5 5851/2/5
f 5857/2/5 5852/2/5 5856/2/5
f 5861/3/5 5854/3/5 5853/3/5
f 5862/3/5 5854/3/5 5861/3/5
f 5863/2/5 5858/2/5 5857/2/5
f 5864/2/5 5858/2/5 5863/2/5
f 5867/1/5 5860/1/5 5859/1/5
f 5867/3/5 5861/3/5 5860/3/5
f 5868/3/5 5861/3/5 5867/3/5
f 5869/2/5 5865/2/5 5864/2/5
f 5870/3/5 5866/3/5 5865/3/5
f 5870/2/5 5865/2/5 5869/2/5
f 5871/3/5 5866/3/5 5870/3/5
f 5873/1/5 5867/1/5 5859/1/5
f 5874/1/5 5867/1/5 5873/1/5
f 5875/2/5 5871/2/5 5870/2/5
f 5876/2/5 5871/2/5 5875/2/5
f 5879/1/5 5873/1/5 5872/1/5
f 5880/1/5 5873/1/5 5879/1/5
f 5881/3/5 5877/3/5 5876/3/5
f 5882/3/5 5877/3/5 5881/3/5
f 5884/1/5 5879/1/5 5878/1/5
f 5885/1/5 5879/1/5 5884/1/5
f 5887/3/5 5885/3/5 5884/3/5
f 5888/3/5 5885/3/5 5887/3/5
f 5889/3/5 5883/3/5 5882/3/5
f 5890/3/5 5883/3/5 5889/3/5
f 5892/3/5 5891/3/5 5890/3/5
f 5893/3/5 5891/3/5 5892/3/5
f 5894/3/5 5887/3/5 5886/3/5
f 5895/3/5 5887/3/5 5894/3/5
f 5896/1/5 5893/1/5 5892/1/5
f 5897/1/5 5893/1/5 5896/1/5
f 5898/1/5 5895/1/5 5894/1/5
f 5899/1/5 5895/1/5 5898/1/5
f 5902/3/5 5897/3/5 5896/3/5
f 5903/3/5 5897/3/5 5902/3/5
f 5904/1/5 5900/1/5 5899/1/5
f 5905/1/5 5900/1/5 5904/1/5
f 5908/3/5 5902/3/5 5901/3/5
f 5909/3/5 5902/3/5 5908/3/5
f 5910/1/5 5906/1/5 5905/1/5
f 5911/1/5 5906/1/5 5910/1/5
f 5914/3/5 5908/3/5 5907/3/5
f 5915/3/5 5908/3/5 5914/3/5
f 5916/1/5 5912/1/5 5911/1/5
f 5917/1/5 5912/1/5 5916/1/5
f 5920/3/5 5914/3/5 5913/3/5
f 5921/2/5 5918/2/5 5917/2/5
f 5921/2/5 5917/2/5 5916/2/5
f 5922/2/5 5918/2/5 5921/2/5
f 5925/1/5 5920/1/5 5919/1/5
f 5926/3/5 5914/3/5 5920/3/5
f 5926/1/5 5920/1/5 5925/1/5
f 5927/3/5 5914/3/5 5926/3/5
f 5928/2/5 5923/2/5 5922/2/5
f 5929/2/5 5923/2/5 5928/2/5
f 5933/1/5 5925/1/5 5924/1/5
f 5934/1/5 5925/1/5 5933/1/5
f 5935/2/5 5930/2/5 5929/2/5
f 5936/3/5 5931/3/5 5930/3/5
f 5936/2/5 5930/2/5 5935/2/5
f 5937/3/5 5931/3/5 5936/3/5
f 5939/1/5 5933/1/5 5932/1/5
f 5940/1/5 5933/1/5 5939/1/5
f 5941/3/5 5938/3/5 5937/3/5
f 5941/3/5 5939/3/5 5938/3/5
f 5942/3/5 5939/3/5 5941/3/5
f 5948/1/5 5944/1/5 5943/1/5
f 5949/1/5 5944/1/5 5948/1/5
f 5950/1/5 5944/1/5 5949/1/5
f 5951/2/5 5945/2/5 5944/2/5
f 5951/1/5 5944/1/5 5950/1/5
f 5952/2/5 5945/2/5 5951/2/5
f 5956/3/5 5947/3/5 5946/3/5
f 5957/3/5 5947/3/5 5956/3/5
f 5958/2/5 5954/2/5 5953/2/5
f 5959/2/5 5954/2/5 5958/2/5
f 5963/3/5 5956/3/5 5955/3/5
f 5964/3/5 5956/3/5 5963/3/5
f 5965/2/5 5960/2/5 5959/2/5
f 5966/2/5 5960/2/5 5965/2/5
f 5969/1/5 5962/1/5 5961/1/5
f 5970/3/5 5963/3/5 5962/3/5
f 5970/1/5 5962/1/5 5969/1/5
f 5971/3/5 5963/3/5 5970/3/5
f 5972/3/5 5967/3/5 5966/3/5
f 5973/3/5 5967/3/5 5972/3/5
f 5974/3/5 5967/3/5 5973/3/5
f 5976/3/5 5975/3/5 5974/3/5
f 5978/1/5 5969/1/5 5968/1/5
f 5979/1/5 5969/1/5 5978/1/5
f 5980/3/5 5975/3/5 5976/3/5
f 5981/3/5 5975/3/5 5980/3/5
f 5984/1/5 5978/1/5 5977/1/5
f 5985/1/5 5978/1/5 5984/1/5
f 5986/3/5 5982/3/5 5981/3/5
f 5987/3/5 5982/3/5 5986/3/5
f 5989/1/5 5984/1/5 5983/1/5
f 5990/1/5 5989/1/5 5983/1/5
f 5991/1/5 5989/1/5 5990/1/5
f 5992/3/5 5988/3/5 5987/3/5
f 5993/3/5 5988/3/5 5992/3/5
f 5998/1/5 5997/1/5 5996/1/5
f 5999/3/5 5995/3/5 5994/3/5
f 6000/3/5 5999/3/5 5994/3/5
f 6001/3/5 5999/3/5 6000/3/5
f 6002/1/5 5997/1/5 5998/1/5
f 6003/1/5 6001/1/5 6000/1/5
f 6004/1/5 6001/1/5 6003/1/5
f 6005/1/5 5997/1/5 6002/1/5
f 6006/1/5 5997/1/5 6005/1/5
f 6011/1/5 6008/1/5 6007/1/5
f 6012/1/5 6008/1/5 6011/1/5
f 6015/3/5 6010/3/5 6009/3/5
f 6016/3/5 6010/3/5 6015/3/5
f 6017/1/5 6013/1/5 6012/1/5
f 6018/1/5 6013/1/5 6017/1/5
f 6021/3/5 6015/3/5 6014/3/5
f 6022/3/5 6015/3/5 6021/3/5
f 6023/3/5 6019/3/5 6018/3/5
f 6024/3/5 6019/3/5 6023/3/5
f 6025/2/5 6024/2/5 6023/2/5
f 6026/2/5 6024/2/5 6025/2/5
f 6030/3/5 6021/3/5 6020/3/5
f 6031/3/5 6021/3/5 6030/3/5
f 6032/2/5 6027/2/5 6026/2/5
f 6033/2/5 6027/2/5 6032/2/5
f 6036/3/5 6029/3/5 6028/3/5
f 6036/3/5 6030/3/5 6029/3/5
f 6037/3/5 6030/3/5 6036/3/5
f 6038/2/5 6034/2/5 6033/2/5
f 6039/2/5 6034/2/5 6038/2/5
f 6043/3/5 6036/3/5 6035/3/5
f 6044/3/5 6036/3/5 6043/3/5
f 6045/2/5 6040/2/5 6039/2/5
f 6046/3/5 6041/3/5 6040/3/5
f 6046/2/5 6040/2/5 6045/2/5
f 6047/3/5 6041/3/5 6046/3/5
f 6050/3/5 6043/3/5 6042/3/5
f 6051/3/5 6043/3/5 6050/3/5
f 6052/3/5 6049/3/5 6048/3/5
f 6053/3/5 6049/3/5 6052/3/5
f 6058/1/5 6055/1/5 6054/1/5
f 6059/1/5 6055/1/5 6058/1/5
f 6064/3/5 6057/3/5 6056/3/5
f 6065/3/5 6057/3/5 6064/3/5
f 6066/2/5 6061/2/5 6060/2/5
f 6067/2/5 6061/2/5 6066/2/5
f 6071/3/5 6063/3/5 6062/3/5
f 6072/3/5 6063/3/5 6071/3/5
f 6073/3/5 6069/3/5 6068/3/5
f 6074/3/5 6069/3/5 6073/3/5
f 6077/3/5 6071/3/5 6070/3/5
f 6078/3/5 6071/3/5 6077/3/5
f 6079/3/5 6071/3/5 6078/3/5
f 6080/3/5 6075/3/5 6074/3/5
f 6081/3/5 6075/3/5 6080/3/5
f 6084/1/5 6077/1/5 6076/1/5
f 6085/1/5 6077/1/5 6084/1/5
f 6086/3/5 6082/3/5 6081/3/5
f 6087/3/5 6082/3/5 6086/3/5
f 6090/1/5 6084/1/5 6083/1/5
f 6091/1/5 6084/1/5 6090/1/5
f 6092/3/5 6088/3/5 6087/3/5
f 6093/3/5 6088/3/5 6092/3/5
f 6095/1/5 6090/1/5 6089/1/5
f 6096/1/5 6090/1/5 6095/1/5
f 6097/3/5 6094/3/5 6093/3/5
f 6098/3/5 6094/3/5 6097/3/5
f 6103/1/5 6100/1/5 6099/1/5
f 6104/1/5 6103/1/5 6099/1/5
f 6105/1/5 6103/1/5 6104/1/5
f 6106/3/5 6102/3/5 6101/3/5
f 6107/3/5 6102/3/5 6106/3/5
f 6112/3/5 6109/3/5 6108/3/5
f 6113/3/5 6109/3/5 6112/3/5
f 6114/1/5 6111/1/5 6110/1/5
f 6115/1/5 6111/1/5 6114/1/5
f 6120/1/5 6117/1/5 6116/1/5
f 6121/1/5 6117/1/5 6120/1/5
f 6122/3/5 6119/3/5 6118/3/5
f 6123/3/5 6119/3/5 6122/3/5
f 6128/3/5 6125/3/5 6124/3/5
f 6129/3/5 6125/3/5 6128/3/5
f 6132/3/5 6127/3/5 6126/3/5
f 6133/3/5 6127/3/5 6132/3/5
f 6134/3/5 6130/3/5 6129/3/5
f 6135/3/5 6134/3/5 6129/3/5
f 6136/3/5 6134/3/5 6135/3/5
f 6139/3/5 6132/3/5 6131/3/5
f 6140/3/5 6132/3/5 6139/3/5
f 6141/2/5 6137/2/5 6136/2/5
f 6142/2/5 6137/2/5 6141/2/5
f 6145/3/5 6139/3/5 6138/3/5
f 6146/3/5 6139/3/5 6145/3/5
f 6147/2/5 6143/2/5 6142/2/5
f 6148/2/5 6143/2/5 6147/2/5
f 6151/3/5 6145/3/5 6144/3/5
f 6152/3/5 6145/3/5 6151/3/5
f 6153/2/5 6149/2/5 6148/2/5
f 6154/2/5 6149/2/5 6153/2/5
f 6159/3/5 6151/3/5 6150/3/5
f 6160/3/5 6151/3/5 6159/3/5
f 6161/3/5 6156/3/5 6155/3/5
f 6162/3/5 6156/3/5 6161/3/5
f 6165/3/5 6158/3/5 6157/3/5
f 6166/3/5 6158/3/5 6165/3/5
f 6167/3/5 6164/3/5 6163/3/5
f 6168/3/5 6164/3/5 6167/3/5
f 6175/1/5 6170/1/5 6169/1/5
f 6176/1/5 6170/1/5 6175/1/5
f 6177/1/5 6170/1/5 6176/1/5
f 6178/1/5 6172/1/5 6171/1/5
f 6179/1/5 6172/1/5 6178/1/5
f 6180/1/5 6172/1/5 6179/1/5
f 6184/3/5 6174/3/5 6173/3/5
f 6185/3/5 6174/3/5 6184/3/5
f 6186/3/5 6182/3/5 6181/3/5
f 6187/3/5 6182/3/5 6186/3/5
f 6188/3/5 6182/3/5 6187/3/5
f 6190/3/5 6184/3/5 6183/3/5
f 6191/3/5 6184/3/5 6190/3/5
f 6192/3/5 6189/3/5 6188/3/5
f 6193/3/5 6189/3/5 6192/3/5
f 6199/1/5 6195/1/5 6194/1/5
f 6200/1/5 6195/1/5 6199/1/5
f 6201/3/5 6197/3/5 6196/3/5
f 6202/3/5 6197/3/5 6201/3/5
f 6204/1/5 6199/1/5 6198/1/5
f 6205/1/5 6199/1/5 6204/1/5
f 6206/3/5 6203/3/5 6202/3/5
f 6207/3/5 6203/3/5 6206/3/5
f 6212/1/5 6209/1/5 6208/1/5
f 6213/3/5 6211/3/5 6210/3/5
f 6214/3/5 6211/3/5 6213/3/5
f 6215/1/5 6212/1/5 6208/1/5
f 6216/1/5 6212/1/5 6215/1/5
f 6217/3/5 6216/3/5 6215/3/5
f 6218/3/5 6216/3/5 6217/3/5
f 6219/1/5 6214/1/5 6213/1/5
f 6220/1/5 6214/1/5 6219/1/5
f 6225/3/5 6222/3/5 6221/3/5
f 6226/1/5 6224/1/5 6223/1/5
f 6227/1/5 6224/1/5 6226/1/5
f 6228/3/5 6225/3/5 6221/3/5
f 6229/3/5 6225/3/5 6228/3/5
f 6230/3/5 6227/3/5 6226/3/5
f 6231/3/5 6227/3/5 6230/3/5
f 6236/3/5 6233/3/5 6232/3/5
f 6237/3/5 6236/3/5 6232/3/5
f 6238/3/5 6236/3/5 6237/3/5
f 6241/3/5 6235/3/5 6234/3/5
f 6242/3/5 6235/3/5 6241/3/5
f 6243/3/5 6239/3/5 6238/3/5
f 6244/3/5 6239/3/5 6243/3/5
f 6245/3/5 6241/3/5 6240/3/5
f 6246/3/5 6241/3/5 6245/3/5
f 6251/2/5 6248/2/5 6247/2/5
f 6252/2/5 6248/2/5 6251/2/5
f 6256/3/5 6250/3/5 6249/3/5
f 6257/3/5 6250/3/5 6256/3/5
f 6258/2/5 6253/2/5 6252/2/5
f 6259/3/5 6254/3/5 6253/3/5
f 6259/2/5 6253/2/5 6258/2/5
f 6260/3/5 6254/3/5 6259/3/5
f 6265/3/5 6256/3/5 6255/3/5
f 6266/3/5 6256/3/5 6265/3/5
f 6267/3/5 6262/3/5 6261/3/5
f 6268/3/5 6262/3/5 6267/3/5
f 6269/3/5 6264/3/5 6263/3/5
f 6270/3/5 6264/3/5 6269/3/5
f 6275/1/5 6272/1/5 6271/1/5
f 6276/1/5 6272/1/5 6275/1/5
f 6281/1/5 6274/1/5 6273/1/5
f 6282/1/5 6274/1/5 6281/1/5
f 6283/3/5 6278/3/5 6277/3/5
f 6284/3/5 6278/3/5 6283/3/5
f 6288/3/5 6280/3/5 6279/3/5
f 6289/3/5 6280/3/5 6288/3/5
f 6290/3/5 6286/3/5 6285/3/5
f 6291/3/5 6286/3/5 6290/3/5
f 6294/3/5 6288/3/5 6287/3/5
f 6295/3/5 6288/3/5 6294/3/5
f 6296/3/5 6292/3/5 6291/3/5
f 6297/3/5 6292/3/5 6296/3/5
f 6300/3/5 6294/3/5 6293/3/5
f 6301/3/5 6294/3/5 6300/3/5
f 6302/3/5 6298/3/5 6297/3/5
f 6303/3/5 6298/3/5 6302/3/5
f 6306/1/5 6300/1/5 6299/1/5
f 6307/1/5 6300/1/5 6306/1/5
f 6308/3/5 6304/3/5 6303/3/5
f 6309/3/5 6304/3/5 6308/3/5
f 6312/1/5 6306/1/5 6305/1/5
f 6313/1/5 6306/1/5 6312/1/5
f 6314/3/5 6310/3/5 6309/3/5
f 6315/3/5 6310/3/5 6314/3/5
f 6317/1/5 6312/1/5 6311/1/5
f 6318/1/5 6312/1/5 6317/1/5
f 6319/3/5 6316/3/5 6315/3/5
f 6320/3/5 6316/3/5 6319/3/5
f 6325/1/5 6322/1/5 6321/1/5
f 6326/1/5 6322/1/5 6325/1/5
f 6327/3/5 6324/3/5 6323/3/5
f 6328/3/5 6324/3/5 6327/3/5
f 6333/3/5 6332/3/5 6331/3/5
f 6334/3/5 6332/3/5 6333/3/5
f 6335/1/5 6334/1/5 6333/1/5
f 6336/1/5 6334/1/5 6335/1/5
f 6337/3/5 6330/3/5 6329/3/5
f 6338/3/5 6330/3/5 6337/3/5
f 6339/3/5 6336/3/5 6335/3/5
f 6340/3/5 6336/3/5 6339/3/5
f 6345/3/5 6342/3/5 6341/3/5
f 6346/3/5 6342/3/5 6345/3/5
f 6347/3/5 6344/3/5 6343/3/5
f 6348/3/5 6344/3/5 6347/3/5
f 6353/3/5 6350/3/5 6349/3/5
f 6354/3/5 6350/3/5 6353/3/5
f 6357/3/5 6352/3/5 6351/3/5
f 6358/3/5 6352/3/5 6357/3/5
f 6359/3/5 6355/3/5 6354/3/5
f 6360/3/5 6355/3/5 6359/3/5
f 6363/3/5 6357/3/5 6356/3/5
f 6364/3/5 6357/3/5 6363/3/5
f 6365/3/5 6361/3/5 6360/3/5
f 6366/3/5 6361/3/5 6365/3/5
f 6369/3/5 6363/3/5 6362/3/5
f 6370/3/5 6363/3/5 6369/3/5
f 6371/2/5 6367/2/5 6366/2/5
f 6372/2/5 6367/2/5 6371/2/5
f 6375/3/5 6369/3/5 6368/3/5
f 6376/3/5 6369/3/5 6375/3/5
f 6377/2/5 6373/2/5 6372/2/5
f 6378/2/5 6373/2/5 6377/2/5
f 6381/3/5 6375/3/5 6374/3/5
f 6382/3/5 6375/3/5 6381/3/5
f 6383/2/5 6379/2/5 6378/2/5
f 6384/2/5 6379/2/5 6383/2/5
f 6389/3/5 6381/3/5 6380/3/5
f 6390/3/5 6381/3/5 6389/3/5
f 6391/3/5 6386/3/5 6385/3/5
f 6392/3/5 6386/3/5 6391/3/5
f 6395/3/5 6388/3/5 6387/3/5
f 6396/3/5 6388/3/5 6395/3/5
f 6397/3/5 6394/3/5 6393/3/5
f 6398/3/5 6394/3/5 6397/3/5
f 6406/1/5 6400/1/5 6399/1/5
f 6407/1/5 6400/1/5 6406/1/5
f 6408/1/5 6402/1/5 6401/1/5
f 6409/3/5 6403/3/5 6402/3/5
f 6409/1/5 6402/1/5 6408/1/5
f 6410/3/5 6403/3/5 6409/3/5
f 6413/1/5 6405/1/5 6404/1/5
f 6414/1/5 6405/1/5 6413/1/5
f 6415/3/5 6412/3/5 6411/3/5
f 6416/3/5 6412/3/5 6415/3/5
f 6422/3/5 6418/3/5 6417/3/5
f 6423/3/5 6418/3/5 6422/3/5
f 6424/3/5 6420/3/5 6419/3/5
f 6425/3/5 6420/3/5 6424/3/5
f 6428/3/5 6422/3/5 6421/3/5
f 6429/3/5 6422/3/5 6428/3/5
f 6430/3/5 6426/3/5 6425/3/5
f 6431/3/5 6426/3/5 6430/3/5
f 6433/3/5 6428/3/5 6427/3/5
f 6434/3/5 6428/3/5 6433/3/5
f 6435/3/5 6432/3/5 6431/3/5
f 6436/3/5 6432/3/5 6435/3/5
f 6441/1/5 6438/1/5 6437/1/5
f 6442/1/5 6438/1/5 6441/1/5
f 6443/3/5 6440/3/5 6439/3/5
f 6444/3/5 6440/3/5 6443/3/5
f 6449/1/5 6446/1/5 6445/1/5
f 6450/1/5 6446/1/5 6449/1/5
f 6451/3/5 6448/3/5 6447/3/5
f 6452/3/5 6448/3/5 6451/3/5
f 6457/3/5 6454/3/5 6453/3/5
f 6458/3/5 6454/3/5 6457/3/5
f 6459/3/5 6456/3/5 6455/3/5
f 6460/3/5 6456/3/5 6459/3/5
f 6465/3/5 6462/3/5 6461/3/5
f 6466/3/5 6462/3/5 6465/3/5
f 6467/3/5 6464/3/5 6463/3/5
f 6468/3/5 6464/3/5 6467/3/5
f 6473/3/5 6470/3/5 6469/3/5
f 6474/3/5 6470/3/5 6473/3/5
f 6477/3/5 6472/3/5 6471/3/5
f 6478/3/5 6472/3/5 6477/3/5
f 6479/3/5 6475/3/5 6474/3/5
f 6480/3/5 6475/3/5 6479/3/5
f 6483/3/5 6477/3/5 6476/3/5
f 6484/3/5 6477/3/5 6483/3/5
f 6485/3/5 6481/3/5 6480/3/5
f 6486/3/5 6481/3/5 6485/3/5
f 6487/3/5 6483/3/5 6482/3/5
f 6488/3/5 6483/3/5 6487/3/5
f 6493/3/5 6490/3/5 6489/3/5
f 6494/3/5 6490/3/5 6493/3/5
f 6499/3/5 6492/3/5 6491/3/5
f 6500/3/5 6492/3/5 6499/3/5
f 6501/1/5 6496/1/5 6495/1/5
f 6502/1/5 6496/1/5 6501/1/5
f 6503/3/5 6498/3/5 6497/3/5
f 6504/3/5 6498/3/5 6503/3/5
f 6509/1/5 6506/1/5 6505/1/5
f 6510/1/5 6506/1/5 6509/1/5
f 6511/3/5 6508/3/5 6507/3/5
f 6512/3/5 6508/3/5 6511/3/5
f 6517/3/5 6514/3/5 6513/3/5
f 6518/3/5 6514/3/5 6517/3/5
f 6519/3/5 6516/3/5 6515/3/5
f 6520/3/5 6516/3/5 6519/3/5
f 6525/3/5 6522/3/5 6521/3/5
f 6526/3/5 6522/3/5 6525/3/5
f 6527/3/5 6524/3/5 6523/3/5
f 6528/3/5 6524/3/5 6527/3/5
f 6533/1/5 6530/1/5 6529/1/5
f 6534/1/5 6530/1/5 6533/1/5
f 6535/3/5 6532/3/5 6531/3/5
f 6536/3/5 6532/3/5 6535/3/5
f 6541/3/5 6538/3/5 6537/3/5
f 6542/3/5 6538/3/5 6541/3/5
f 6543/3/5 6540/3/5 6539/3/5
f 6544/3/5 6540/3/5 6543/3/5
f 6549/3/5 6546/3/5 6545/3/5
f 6550/3/5 6546/3/5 6549/3/5
f 6551/3/5 6548/3/5 6547/3/5
f 6552/3/5 6548/3/5 6551/3/5
f 6557/1/5 6554/1/5 6553/1/5
f 6558/1/5 6554/1/5 6557/1/5
f 6559/3/5 6556/3/5 6555/3/5
f 6560/3/5 6556/3/5 6559/3/5
f 6565/1/5 6562/1/5 6561/1/5
f 6566/1/5 6562/1/5 6565/1/5
f 6567/3/5 6564/3/5 6563/3/5
f 6568/3/5 6564/3/5 6567/3/5
f 6573/1/5 6570/1/5 6569/1/5
f 6574/1/5 6570/1/5 6573/1/5
f 6579/1/5 6572/1/5 6571/1/5
f 6580/1/5 6572/1/5 6579/1/5
f 6581/3/5 6576/3/5 6575/3/5
f 6582/3/5 6576/3/5 6581/3/5
f 6585/1/5 6578/1/5 6577/1/5
f 6586/1/5 6578/1/5 6585/1/5
f 6587/3/5 6584/3/5 6583/3/5
f 6588/3/5 6584/3/5 6587/3/5
f 6594/3/5 6590/3/5 6589/3/5
f 6595/3/5 6590/3/5 6594/3/5
f 6596/3/5 6592/3/5 6591/3/5
f 6597/3/5 6592/3/5 6596/3/5
f 6599/3/5 6594/3/5 6593/3/5
f 6600/3/5 6594/3/5 6599/3/5
f 6601/3/5 6598/3/5 6597/3/5
f 6602/3/5 6598/3/5 6601/3/5
f 6607/3/5 6604/3/5 6603/3/5
f 6608/3/5 6604/3/5 6607/3/5
f 6609/3/5 6606/3/5 6605/3/5
f 6610/3/5 6606/3/5 6609/3/5
f 6615/3/5 6612/3/5 6611/3/5
f 6616/3/5 6612/3/5 6615/3/5
f 6617/3/5 6614/3/5 6613/3/5
f 6618/3/5 6614/3/5 6617/3/5
f 6623/3/5 6620/3/5 6619/3/5
f 6624/3/5 6620/3/5 6623/3/5
f 6625/3/5 6622/3/5 6621/3/5
f 6626/3/5 6622/3/5 6625/3/5
f 6631/3/5 6628/3/5 6627/3/5
f 6632/3/5 6628/3/5 6631/3/5
f 6633/3/5 6630/3/5 6629/3/5
f 6634/3/5 6630/3/5 6633/3/5
f 6639/3/5 6636/3/5 6635/3/5
f 6640/3/5 6636/3/5 6639/3/5
f 6641/3/5 6638/3/5 6637/3/5
f 6642/3/5 6638/3/5 6641/3/5
f 6647/3/5 6644/3/5 6643/3/5
f 6648/3/5 6644/3/5 6647/3/5
f 6651/3/5 6646/3/5 6645/3/5
f 6652/3/5 6646/3/5 6651/3/5
f 6653/1/5 6649/1/5 6648/1/5
f 6654/1/5 6649/1/5 6653/1/5
f 6655/3/5 6651/3/5 6650/3/5
f 6656/3/5 6651/3/5 6655/3/5
f 6661/1/5 6658/1/5 6657/1/5
f 6662/1/5 6658/1/5 6661/1/5
f 6667/3/5 6660/3/5 6659/3/5
f 6668/3/5 6660/3/5 6667/3/5
f 6669/1/5 6664/1/5 6663/1/5
f 6670/1/5 6664/1/5 6669/1/5
f 6675/3/5 6666/3/5 6665/3/5
f 6676/3/5 6666/3/5 6675/3/5
f 6677/1/5 6672/1/5 6671/1/5
f 6677/1/5 6673/1/5 6672/1/5
f 6678/3/5 6674/3/5 6673/3/5
f 6678/1/5 6673/1/5 6677/1/5
f 6679/3/5 6674/3/5 6678/3/5
f 6684/1/5 6681/1/5 6680/1/5
f 6685/1/5 6681/1/5 6684/1/5
f 6686/2/5 6683/2/5 6682/2/5
f 6687/2/5 6683/2/5 6686/2/5
f 6692/3/5 6689/3/5 6688/3/5
f 6693/3/5 6689/3/5 6692/3/5
f 6694/3/5 6691/3/5 6690/3/5
f 6695/3/5 6691/3/5 6694/3/5
f 6700/3/5 6697/3/5 6696/3/5
f 6701/3/5 6697/3/5 6700/3/5
f 6702/3/5 6699/3/5 6698/3/5
f 6703/3/5 6699/3/5 6702/3/5
f 6708/3/5 6705/3/5 6704/3/5
f 6709/3/5 6705/3/5 6708/3/5
f 6710/3/5 6707/3/5 6706/3/5
f 6711/3/5 6707/3/5 6710/3/5
f 6716/3/5 6713/3/5 6712/3/5
f 6717/3/5 6713/3/5 6716/3/5
f 6718/3/5 6715/3/5 6714/3/5
f 6719/3/5 6715/3/5 6718/3/5
f 6724/1/5 6721/1/5 6720/1/5
f 6725/1/5 6721/1/5 6724/1/5
f 6726/3/5 6723/3/5 6722/3/5
f 6727/3/5 6723/3/5 6726/3/5
f 6732/1/5 6729/1/5 6728/1/5
f 6733/1/5 6729/1/5 6732/1/5
f 6734/3/5 6731/3/5 6730/3/5
f 6735/3/5 6731/3/5 6734/3/5
f 6740/1/5 6737/1/5 6736/1/5
f 6741/1/5 6737/1/5 6740/1/5
f 6742/3/5 6739/3/5 6738/3/5
f 6743/3/5 6739/3/5 6742/3/5
f 6750/1/5 6745/1/5 6744/1/5
f 6751/1/5 6745/1/5 6750/1/5
f 6752/2/5 6747/2/5 6746/2/5
f 6753/2/5 6747/2/5 6752/2/5
f 6756/1/5 6749/1/5 6748/1/5
f 6757/1/5 6749/1/5 6756/1/5
f 6758/3/5 6755/3/5 6754/3/5
f 6759/3/5 6755/3/5 6758/3/5
f 6764/3/5 6761/3/5 6760/3/5
f 6765/3/5 6761/3/5 6764/3/5
f 6766/3/5 6763/3/5 6762/3/5
f 6767/3/5 6763/3/5 6766/3/5
f 6772/3/5 6769/3/5 6768/3/5
f 6773/3/5 6769/3/5 6772/3/5
f 6774/1/5 6771/1/5 6770/1/5
f 6775/1/5 6771/1/5 6774/1/5
f 6780/3/5 6777/3/5 6776/3/5
f 6781/3/5 6777/3/5 6780/3/5
f 6782/3/5 6779/3/5 6778/3/5
f 6783/3/5 6779/3/5 6782/3/5
f 6788/1/5 6785/1/5 6784/1/5
f 6789/1/5 6785/1/5 6788/1/5
f 6790/3/5 6787/3/5 6786/3/5
f 6791/3/5 6787/3/5 6790/3/5
f 6796/1/5 6793/1/5 6792/1/5
f 6797/1/5 6793/1/5 6796/1/5
f 6802/3/5 6795/3/5 6794/3/5
f 6803/3/5 6795/3/5 6802/3/5
f 6804/1/5 6799/1/5 6798/1/5
f 6805/1/5 6799/1/5 6804/1/5
f 6806/3/5 6801/3/5 6800/3/5
f 6807/3/5 6801/3/5 6806/3/5
f 6812/1/5 6809/1/5 6808/1/5
f 6813/1/5 6809/1/5 6812/1/5
f 6814/3/5 6811/3/5 6810/3/5
f 6815/3/5 6811/3/5 6814/3/5
f 6820/3/5 6817/3/5 6816/3/5
f 6821/3/5 6817/3/5 6820/3/5
f 6822/1/5 6819/1/5 6818/1/5
f 6823/1/5 6819/1/5 6822/1/5
f 6828/1/5 6825/1/5 6824/1/5
f 6829/1/5 6825/1/5 6828/1/5
f 6830/3/5 6827/3/5 6826/3/5
f 6831/3/5 6827/3/5 6830/3/5
f 6836/1/5 6833/1/5 6832/1/5
f 6837/1/5 6833/1/5 6836/1/5
f 6838/3/5 6835/3/5 6834/3/5
f 6839/3/5 6835/3/5 6838/3/5
f 6840/2/6 6841/2/6 6844/2/6
f 6844/2/6 6841/2/6 6845/2/6
f 6842/3/6 6843/3/6 6846/3/6
f 6846/3/6 6843/3/6 6847/3/6
f 6848/3/6 6849/3/6 6852/3/6
f 6852/3/6 6849/3/6 6853/3/6
f 6850/1/6 6851/1/6 6854/1/6
f 6854/1/6 6851/1/6 6855/1/6
f 6856/1/6 6857/1/6 6860/1/6
f 6860/1/6 6857/1/6 6861/1/6
f 6858/3/6 6859/3/6 6862/3/6
f 6862/3/6 6859/3/6 6863/3/6
f 6864/2/6 6865/2/6 6868/2/6
f 6868/2/6 6865/2/6 6869/2/6
f 6866/3/6 6867/3/6 6870/3/6
f 6870/3/6 6867/3/6 6871/3/6
f 6872/2/6 6873/2/6 6878/2/6
f 6878/2/6 6873/2/6 6879/2/6
f 6874/2/6 6875/2/6 6880/2/6
f 6880/2/6 6875/2/6 6881/2/6
f 6876/2/6 6877/2/6 6884/2/6
f 6884/2/6 6877/2/6 6885/2/6
f 6882/3/6 6883/3/6 6886/3/6
f 6886/3/6 6883/3/6 6887/3/6
f 6888/3/6 6889/3/6 6892/3/6
f 6892/3/6 6889/3/6 6893/3/6
f 6890/2/6 6891/2/6 6894/2/6
f 6894/2/6 6891/2/6 6895/2/6
f 6896/1/6 6897/1/6 6900/1/6
f 6900/1/6 6897/1/6 6901/1/6
f 6898/2/6 6899/2/6 6902/2/6
f 6902/2/6 6899/2/6 6903/2/6
f 6904/3/6 6905/3/6 6908/3/6
f 6908/3/6 6905/3/6 6909/3/6
f 6906/3/6 6907/3/6 6910/3/6
f 6910/3/6 6907/3/6 6911/3/6
f 6912/1/6 6913/1/6 6916/1/6
f 6916/1/6 6913/1/6 6917/1/6
f 6914/3/6 6915/3/6 6918/3/6
f 6918/3/6 6915/3/6 6919/3/6
f 6920/1/6 6921/1/6 6924/1/6
f 6924/1/6 6921/1/6 6925/1/6
f 6922/3/6 6923/3/6 6930/3/6
f 6930/3/6 6923/3/6 6931/3/6
f 6926/1/6 6927/1/6 6932/1/6
f 6932/1/6 6927/1/6 6933/1/6
f 6928/3/6 6929/3/6 6934/3/6
f 6934/3/6 6929/3/6 6935/3/6
f 6936/2/6 6937/2/6 6940/2/6
f 6940/2/6 6937/2/6 6941/2/6
f 6938/2/6 6939/2/6 6942/2/6
f 6942/2/6 6939/2/6 6943/2/6
f 6944/2/6 6945/2/6 6948/2/6
f 6948/2/6 6945/2/6 6949/2/6
f 6946/1/6 6947/1/6 6950/1/6
f 6950/1/6 6947/1/6 6951/1/6
f 6952/3/6 6953/3/6 6956/3/6
f 6956/3/6 6953/3/6 6957/3/6
f 6954/1/6 6955/1/6 6958/1/6
f 6958/1/6 6955/1/6 6959/1/6
f 6960/1/6 6961/1/6 6964/1/6
f 6964/1/6 6961/1/6 6965/1/6
f 6962/2/6 6963/2/6 6966/2/6
f 6966/2/6 6963/2/6 6967/2/6
f 6968/3/6 6969/3/6 6972/3/6
f 6972/3/6 6969/3/6 6973/3/6
f 6970/3/6 6971/3/6 6974/3/6
f 6974/3/6 6971/3/6 6975/3/6
f 6976/1/6 6977/1/6 6980/1/6
f 6980/1/6 6977/1/6 6981/1/6
f 6978/3/6 6979/3/6 6982/3/6
f 6982/3/6 6979/3/6 6983/3/6
f 6984/2/6 6985/2/6 6988/2/6
f 6988/2/6 6985/2/6 6989/2/6
f 6986/3/6 6987/3/6 6990/3/6
f 6990/3/6 6987/3/6 6991/3/6
f 6992/1/6 6993/1/6 6996/1/6
f 6996/1/6 6993/1/6 6997/1/6
f 6994/3/6 6995/3/6 6998/3/6
f 6998/3/6 6995/3/6 6999/3/6
f 7000/1/6 7001/1/6 7004/1/6
f 7004/1/6 7001/1/6 7005/1/6
f 7002/2/6 7003/2/6 7010/2/6
f 7010/2/6 7003/2/6 7011/2/6
f 7006/3/6 7007/3/6 7012/3/6
f 7012/3/6 7007/3/6 7013/3/6
f 7008/2/6 7009/2/6 7016/2/6
f 7016/2/6 7009/2/6 7017/2/6
f 7014/3/6 7015/3/6 7018/3/6
f 7018/3/6 7015/3/6 7019/3/6
f 7020/1/6 7021/1/6 7025/1/6
f 7025/1/6 7021/1/6 7026/1/6
f 7022/1/6 7023/1/6 7027/1/6
f 7027/1/6 7023/1/6 7028/1/6
f 7024/3/6 7025/3/6 7030/3/6
f 7030/3/6 7025/3/6 7031/3/6
f 7028/1/6 7029/1/6 7032/1/6
f 7032/1/6 7029/1/6 7033/1/6
f 7034/3/6 7035/3/6 7038/3/6
f 7038/3/6 7035/3/6 7039/3/6
f 7036/2/6 7037/2/6 7040/2/6
f 7040/2/6 7037/2/6 7041/2/6
f 7042/3/6 7043/3/6 7046/3/6
f 7046/3/6 7043/3/6 7047/3/6
f 7044/2/6 7045/2/6 7048/2/6
f 7048/2/6 7045/2/6 7049/2/6
f 7052/2/6 7053/2/6 7054/2/6
f 7054/2/6 7053/2/6 7055/2/6
f 7050/1/6 7051/1/6 7056/1/6
f 7056/1/6 7051/1/6 7057/1/6
f 7054/3/6 7055/3/6 7058/3/6
f 7058/3/6 7055/3/6 7059/3/6
f 7060/1/6 7061/1/6 7064/1/6
f 7064/1/6 7061/1/6 7065/1/6
f 7062/1/6 7063/1/6 7066/1/6
f 7066/1/6 7063/1/6 7067/1/6
f 7068/1/6 7069/1/6 7072/1/6
f 7072/1/6 7069/1/6 7073/1/6
f 7070/3/6 7071/3/6 7074/3/6
f 7074/3/6 7071/3/6 7075/3/6
f 7076/2/6 7077/2/6 7080/2/6
f 7080/2/6 7077/2/6 7081/2/6
f 7078/3/6 7079/3/6 7084/3/6
f 7084/3/6 7079/3/6 7085/3/6
f 7081/2/6 7082/2/6 7086/2/6
f 7086/2/6 7082/2/6 7087/2/6
f 7083/1/6 7084/1/6 7088/1/6
f 7088/1/6 7084/1/6 7089/1/6
f 7090/2/6 7091/2/6 7094/2/6
f 7094/2/6 7091/2/6 7095/2/6
f 7092/3/6 7093/3/6 7100/3/6
f 7100/3/6 7093/3/6 7101/3/6
f 7096/1/6 7097/1/6 7102/1/6
f 7102/1/6 7097/1/6 7103/1/6
f 7098/3/6 7099/3/6 7107/3/6
f 7107/3/6 7099/3/6 7108/3/6
f 7104/1/6 7105/1/6 7109/1/6
f 7105/3/6 7106/3/6 7110/3/6
f 7109/1/6 7105/1/6 7110/1/6
f 7110/3/6 7106/3/6 7111/3/6
f 7112/2/6 7113/2/6 7116/2/6
f 7116/2/6 7113/2/6 7117/2/6
f 7114/3/6 7115/3/6 7118/3/6
f 7118/3/6 7115/3/6 7119/3/6
f 7120/2/6 7121/2/6 7124/2/6
f 7124/2/6 7121/2/6 7125/2/6
f 7122/1/6 7123/1/6 7126/1/6
f 7126/1/6 7123/1/6 7127/1/6
f 7128/3/6 7129/3/6 7132/3/6
f 7132/3/6 7129/3/6 7133/3/6
f 7130/1/6 7131/1/6 7134/1/6
f 7134/1/6 7131/1/6 7135/1/6
f 7136/1/6 7137/1/6 7140/1/6
f 7140/1/6 7137/1/6 7141/1/6
f 7138/2/6 7139/2/6 7142/2/6
f 7142/2/6 7139/2/6 7143/2/6
f 7144/3/6 7145/3/6 7148/3/6
f 7148/3/6 7145/3/6 7149/3/6
f 7146/1/6 7147/1/6 7150/1/6
f 7150/1/6 7147/1/6 7151/1/6
f 7152/3/6 7153/3/6 7156/3/6
f 7156/3/6 7153/3/6 7157/3/6
f 7154/3/6 7155/3/6 7158/3/6
f 7158/3/6 7155/3/6 7159/3/6
f 7160/2/6 7161/2/6 7164/2/6
f 7164/2/6 7161/2/6 7165/2/6
f 7162/1/6 7163/1/6 7166/1/6
f 7166/1/6 7163/1/6 7167/1/6
f 7168/1/6 7169/1/6 7172/1/6
f 7172/1/6 7169/1/6 7173/1/6
f 7170/3/6 7171/3/6 7174/3/6
f 7174/3/6 7171/3/6 7175/3/6
f 7176/2/6 7177/2/6 7184/2/6
f 7177/1/6 7178/1/6 7185/1/6
f 7184/2/6 7177/2/6 7185/2/6
f 7185/1/6 7178/1/6 7186/1/6
f 7179/1/6 7180/1/6 7187/1/6
f 7180/3/6 7181/3/6 7188/3/6
f 7187/1/6 7180/1/6 7188/1/6
f 7188/3/6 7181/3/6 7189/3/6
f 7182/2/6 7183/2/6 7192/2/6
f 7192/2/6 7183/2/6 7193/2/6
f 7190/1/6 7191/1/6 7194/1/6
f 7194/1/6 7191/1/6 7195/1/6
f 7196/1/6 7197/1/6 7201/1/6
f 7201/1/6 7197/1/6 7202/1/6
f 7198/1/6 7199/1/6 7203/1/6
f 7203/1/6 7199/1/6 7204/1/6
f 7200/1/6 7201/1/6 7207/1/6
f 7207/1/6 7201/1/6 7208/1/6
f 7204/1/6 7205/1/6 7209/1/6
f 7209/1/6 7205/1/6 7210/1/6
f 7206/3/6 7207/3/6 7212/3/6
f 7212/3/6 7207/3/6 7213/3/6
f 7210/1/6 7211/1/6 7214/1/6
f 7214/1/6 7211/1/6 7215/1/6
f 7216/3/6 7217/3/6 7220/3/6
f 7220/3/6 7217/3/6 7221/3/6
f 7218/2/6 7219/2/6 7222/2/6
f 7222/2/6 7219/2/6 7223/2/6
f 7224/1/6 7225/1/6 7228/1/6
f 7228/1/6 7225/1/6 7229/1/6
f 7226/2/6 7227/2/6 7230/2/6
f 7230/2/6 7227/2/6 7231/2/6
f 7232/3/6 7233/3/6 7236/3/6
f 7236/3/6 7233/3/6 7237/3/6
f 7234/1/6 7235/1/6 7238/1/6
f 7238/1/6 7235/1/6 7239/1/6
f 7240/3/6 7241/3/6 7244/3/6
f 7244/3/6 7241/3/6 7245/3/6
f 7242/1/6 7243/1/6 7246/1/6
f 7246/1/6 7243/1/6 7247/1/6
f 7248/3/6 7249/3/6 7252/3/6
f 7252/3/6 7249/3/6 7253/3/6
f 7250/1/6 7251/1/6 7256/1/6
f 7256/1/6 7251/1/6 7257/1/6
f 7253/3/6 7254/3/6 7258/3/6
f 7258/3/6 7254/3/6 7259/3/6
f 7255/1/6 7256/1/6 7262/1/6
f 7262/1/6 7256/1/6 7263/1/6
f 7259/2/6 7260/2/6 7264/2/6
f 7264/2/6 7260/2/6 7265/2/6
f 7261/1/6 7262/1/6 7266/1/6
f 7266/1/6 7262/1/6 7267/1/6
f 7268/1/6 7269/1/6 7272/1/6
f 7272/1/6 7269/1/6 7273/1/6
f 7270/3/6 7271/3/6 7278/3/6
f 7278/3/6 7271/3/6 7279/3/6
f 7274/1/6 7275/1/6 7280/1/6
f 7280/1/6 7275/1/6 7281/1/6
f 7276/3/6 7277/3/6 7282/3/6
f 7282/3/6 7277/3/6 7283/3/6
f 7284/1/6 7285/1/6 7289/1/6
f 7289/1/6 7285/1/6 7290/1/6
f 7286/2/6 7287/2/6 7295/2/6
f 7287/1/6 7288/1/6 7296/1/6
f 7295/2/6 7287/2/6 7296/2/6
f 7296/1/6 7288/1/6 7297/1/6
f 7291/1/6 7292/1/6 7298/1/6
f 7298/1/6 7292/1/6 7299/1/6
f 7293/2/6 7294/2/6 7303/2/6
f 7303/2/6 7294/2/6 7304/2/6
f 7300/1/6 7301/1/6 7305/1/6
f 7305/1/6 7301/1/6 7306/1/6
f 7302/1/6 7303/1/6 7309/1/6
f 7309/1/6 7303/1/6 7310/1/6
f 7306/1/6 7307/1/6 7311/1/6
f 7311/1/6 7307/1/6 7312/1/6
f 7308/1/6 7309/1/6 7315/1/6
f 7315/1/6 7309/1/6 7316/1/6
f 7312/1/6 7313/1/6 7317/1/6
f 7317/1/6 7313/1/6 7318/1/6
f 7314/1/6 7315/1/6 7321/1/6
f 7321/1/6 7315/1/6 7322/1/6
f 7318/1/6 7319/1/6 7323/1/6
f 7323/1/6 7319/1/6 7324/1/6
f 7320/1/6 7321/1/6 7327/1/6
f 7327/1/6 7321/1/6 7328/1/6
f 7324/1/6 7325/1/6 7329/1/6
f 7329/1/6 7325/1/6 7330/1/6
f 7326/1/6 7327/1/6 7332/1/6
f 7332/1/6 7327/1/6 7333/1/6
f 7330/2/6 7331/2/6 7334/2/6
f 7334/2/6 7331/2/6 7335/2/6
f 7336/1/6 7337/1/6 7340/1/6
f 7340/1/6 7337/1/6 7341/1/6
f 7338/2/6 7339/2/6 7342/2/6
f 7342/2/6 7339/2/6 7343/2/6
f 7346/2/6 7347/2/6 7348/2/6
f 7348/2/6 7347/2/6 7349/2/6
f 7348/3/6 7349/3/6 7350/3/6
f 7344/1/6 7345/1/6 7351/1/6
f 7351/1/6 7345/1/6 7352/1/6
f 7350/3/6 7349/3/6 7353/3/6
f 7353/3/6 7349/3/6 7354/3/6
f 7355/3/6 7356/3/6 7359/3/6
f 7359/3/6 7356/3/6 7360/3/6
f 7357/1/6 7358/1/6 7361/1/6
f 7361/1/6 7358/1/6 7362/1/6
f 7363/3/6 7364/3/6 7367/3/6
f 7367/3/6 7364/3/6 7368/3/6
f 7365/1/6 7366/1/6 7371/1/6
f 7371/1/6 7366/1/6 7372/1/6
f 7368/3/6 7369/3/6 7373/3/6
f 7373/3/6 7369/3/6 7374/3/6
f 7370/1/6 7371/1/6 7377/1/6
f 7377/1/6 7371/1/6 7378/1/6
f 7374/1/6 7375/1/6 7379/1/6
f 7379/1/6 7375/1/6 7380/1/6
f 7376/1/6 7377/1/6 7383/1/6
f 7383/1/6 7377/1/6 7384/1/6
f 7380/1/6 7381/1/6 7385/1/6
f 7385/1/6 7381/1/6 7386/1/6
f 7382/1/6 7383/1/6 7389/1/6
f 7389/1/6 7383/1/6 7390/1/6
f 7386/1/6 7387/1/6 7391/1/6
f 7391/1/6 7387/1/6 7392/1/6
f 7388/1/6 7389/1/6 7395/1/6
f 7395/1/6 7389/1/6 7396/1/6
f 7392/1/6 7393/1/6 7397/1/6
f 7397/1/6 7393/1/6 7398/1/6
f 7394/1/6 7395/1/6 7403/1/6
f 7403/1/6 7395/1/6 7404/1/6
f 7399/1/6 7400/1/6 7405/1/6
f 7405/1/6 7400/1/6 7406/1/6
f 7401/3/6 7402/3/6 7410/3/6
f 7410/3/6 7402/3/6 7411/3/6
f 7407/1/6 7408/1/6 7412/1/6
f 7408/3/6 7409/3/6 7413/3/6
f 7412/1/6 7408/1/6 7413/1/6
f 7413/3/6 7409/3/6 7414/3/6
f 7415/1/6 7416/1/6 7421/1/6
f 7421/1/6 7416/1/6 7422/1/6
f 7417/1/6 7418/1/6 7423/1/6
f 7423/1/6 7418/1/6 7424/1/6
f 7419/1/6 7420/1/6 7428/1/6
f 7428/1/6 7420/1/6 7429/1/6
f 7425/1/6 7426/1/6 7430/1/6
f 7430/1/6 7426/1/6 7431/1/6
f 7427/1/6 7428/1/6 7433/1/6
f 7433/1/6 7428/1/6 7434/1/6
f 7431/1/6 7432/1/6 7435/1/6
f 7435/1/6 7432/1/6 7436/1/6
f 7437/1/6 7438/1/6 7442/1/6
f 7442/1/6 7438/1/6 7443/1/6
f 7439/2/6 7440/2/6 7444/2/6
f 7444/2/6 7440/2/6 7445/2/6
f 7441/1/6 7442/1/6 7447/1/6
f 7447/1/6 7442/1/6 7448/1/6
f 7445/2/6 7446/2/6 7449/2/6
f 7449/2/6 7446/2/6 7450/2/6
f 7451/1/6 7452/1/6 7455/1/6
f 7455/1/6 7452/1/6 7456/1/6
f 7453/2/6 7454/2/6 7457/2/6
f 7457/2/6 7454/2/6 7458/2/6
f 7461/3/6 7462/3/6 7463/3/6
f 7463/3/6 7462/3/6 7464/3/6
f 7459/1/6 7460/1/6 7465/1/6
f 7465/1/6 7460/1/6 7466/1/6
f 7465/3/6 7466/3/6 7467/3/6
f 7467/3/6 7466/3/6 7468/3/6
f 7463/1/6 7464/1/6 7469/1/6
f 7469/1/6 7464/1/6 7470/1/6
f 7471/3/6 7472/3/6 7475/3/6
f 7475/3/6 7472/3/6 7476/3/6
f 7473/1/6 7474/1/6 7479/1/6
f 7479/1/6 7474/1/6 7480/1/6
f 7476/3/6 7477/3/6 7481/3/6
f 7481/3/6 7477/3/6 7482/3/6
f 7478/1/6 7479/1/6 7483/1/6
f 7483/1/6 7479/1/6 7484/1/6
f 7485/1/6 7486/1/6 7489/1/6
f 7489/1/6 7486/1/6 7490/1/6
f 7487/1/6 7488/1/6 7493/1/6
f 7493/1/6 7488/1/6 7494/1/6
f 7490/1/6 7491/1/6 7495/1/6
f 7495/1/6 7491/1/6 7496/1/6
f 7492/3/6 7493/3/6 7502/3/6
f 7502/3/6 7493/3/6 7503/3/6
f 7497/1/6 7498/1/6 7504/1/6
f 7498/3/6 7499/3/6 7505/3/6
f 7504/1/6 7498/1/6 7505/1/6
f 7505/3/6 7499/3/6 7506/3/6
f 7500/3/6 7501/3/6 7507/3/6
f 7507/3/6 7501/3/6 7508/3/6
f 7509/1/6 7510/1/6 7513/1/6
f 7513/1/6 7510/1/6 7514/1/6
f 7511/1/6 7512/1/6 7519/1/6
f 7519/1/6 7512/1/6 7520/1/6
f 7515/1/6 7516/1/6 7521/1/6
f 7521/1/6 7516/1/6 7522/1/6
f 7517/1/6 7518/1/6 7526/1/6
f 7526/1/6 7518/1/6 7527/1/6
f 7523/1/6 7524/1/6 7528/1/6
f 7528/1/6 7524/1/6 7529/1/6
f 7525/1/6 7526/1/6 7532/1/6
f 7532/1/6 7526/1/6 7533/1/6
f 7529/1/6 7530/1/6 7534/1/6
f 7534/1/6 7530/1/6 7535/1/6
f 7531/1/6 7532/1/6 7538/1/6
f 7538/1/6 7532/1/6 7539/1/6
f 7535/1/6 7536/1/6 7540/1/6
f 7540/1/6 7536/1/6 7541/1/6
f 7541/2/6 7542/2/6 7543/2/6
f 7537/1/6 7538/1/6 7545/1/6
f 7545/1/6 7538/1/6 7546/1/6
f 7543/2/6 7542/2/6 7547/2/6
f 7547/2/6 7542/2/6 7548/2/6
f 7544/1/6 7545/1/6 7550/1/6
f 7550/1/6 7545/1/6 7551/1/6
f 7548/2/6 7549/2/6 7552/2/6
f 7552/2/6 7549/2/6 7553/2/6
f 7554/1/6 7555/1/6 7558/1/6
f 7558/1/6 7555/1/6 7559/1/6
f 7556/2/6 7557/2/6 7560/2/6
f 7560/2/6 7557/2/6 7561/2/6
f 7562/1/6 7563/1/6 7566/1/6
f 7566/1/6 7563/1/6 7567/1/6
f 7564/2/6 7565/2/6 7568/2/6
f 7568/2/6 7565/2/6 7569/2/6
f 7570/3/6 7571/3/6 7574/3/6
f 7574/3/6 7571/3/6 7575/3/6
f 7572/1/6 7573/1/6 7576/1/6
f 7576/1/6 7573/1/6 7577/1/6
f 7578/3/6 7579/3/6 7582/3/6
f 7582/3/6 7579/3/6 7583/3/6
f 7580/1/6 7581/1/6 7586/1/6
f 7586/1/6 7581/1/6 7587/1/6
f 7583/1/6 7584/1/6 7588/1/6
f 7588/1/6 7584/1/6 7589/1/6
f 7585/1/6 7586/1/6 7592/1/6
f 7592/1/6 7586/1/6 7593/1/6
f 7589/1/6 7590/1/6 7594/1/6
f 7594/1/6 7590/1/6 7595/1/6
f 7591/1/6 7592/1/6 7598/1/6
f 7598/1/6 7592/1/6 7599/1/6
f 7595/1/6 7596/1/6 7600/1/6
f 7600/1/6 7596/1/6 7601/1/6
f 7597/1/6 7598/1/6 7604/1/6
f 7604/1/6 7598/1/6 7605/1/6
f 7601/1/6 7602/1/6 7606/1/6
f 7606/1/6 7602/1/6 7607/1/6
f 7603/3/6 7604/3/6 7613/3/6
f 7613/3/6 7604/3/6 7614/3/6
f 7608/1/6 7609/1/6 7615/1/6
f 7609/3/6 7610/3/6 7616/3/6
f 7615/1/6 7609/1/6 7616/1/6
f 7616/3/6 7610/3/6 7617/3/6
f 7611/3/6 7612/3/6 7620/3/6
f 7620/3/6 7612/3/6 7621/3/6
f 7618/3/6 7619/3/6 7622/3/6
f 7622/3/6 7619/3/6 7623/3/6
f 7624/1/6 7625/1/6 7628/1/6
f 7628/1/6 7625/1/6 7629/1/6
f 7626/1/6 7627/1/6 7633/1/6
f 7633/1/6 7627/1/6 7634/1/6
f 7630/1/6 7631/1/6 7635/1/6
f 7635/1/6 7631/1/6 7636/1/6
f 7632/1/6 7633/1/6 7639/1/6
f 7639/1/6 7633/1/6 7640/1/6
f 7636/1/6 7637/1/6 7641/1/6
f 7641/1/6 7637/1/6 7642/1/6
f 7638/1/6 7639/1/6 7645/1/6
f 7645/1/6 7639/1/6 7646/1/6
f 7642/1/6 7643/1/6 7647/1/6
f 7647/1/6 7643/1/6 7648/1/6
f 7648/1/6 7649/1/6 7650/1/6
f 7650/1/6 7649/1/6 7651/1/6
f 7644/1/6 7645/1/6 7653/1/6
f 7653/1/6 7645/1/6 7654/1/6
f 7650/2/6 7651/2/6 7655/2/6
f 7655/2/6 7651/2/6 7656/2/6
f 7652/1/6 7653/1/6 7659/1/6
f 7659/1/6 7653/1/6 7660/1/6
f 7656/2/6 7657/2/6 7661/2/6
f 7661/2/6 7657/2/6 7662/2/6
f 7658/1/6 7659/1/6 7664/1/6
f 7664/1/6 7659/1/6 7665/1/6
f 7662/2/6 7663/2/6 7666/2/6
f 7666/2/6 7663/2/6 7667/2/6
f 7670/2/6 7671/2/6 7672/2/6
f 7672/2/6 7671/2/6 7673/2/6
f 7673/2/6 7671/2/6 7674/2/6
f 7668/1/6 7669/1/6 7675/1/6
f 7668/1/6 7675/1/6 7676/1/6
f 7676/1/6 7675/1/6 7677/1/6
f 7673/3/6 7674/3/6 7678/3/6
f 7678/3/6 7674/3/6 7679/3/6
f 7680/2/6 7681/2/6 7684/2/6
f 7684/2/6 7681/2/6 7685/2/6
f 7684/3/6 7685/3/6 7686/3/6
f 7686/3/6 7685/3/6 7687/3/6
f 7682/1/6 7683/1/6 7690/1/6
f 7690/1/6 7683/1/6 7691/1/6
f 7687/3/6 7688/3/6 7692/3/6
f 7692/3/6 7688/3/6 7693/3/6
f 7689/1/6 7690/1/6 7696/1/6
f 7696/1/6 7690/1/6 7697/1/6
f 7693/1/6 7694/1/6 7698/1/6
f 7698/1/6 7694/1/6 7699/1/6
f 7695/1/6 7696/1/6 7702/1/6
f 7702/1/6 7696/1/6 7703/1/6
f 7699/1/6 7700/1/6 7704/1/6
f 7704/1/6 7700/1/6 7705/1/6
f 7701/1/6 7702/1/6 7708/1/6
f 7708/1/6 7702/1/6 7709/1/6
f 7705/1/6 7706/1/6 7710/1/6
f 7710/1/6 7706/1/6 7711/1/6
f 7707/1/6 7708/1/6 7715/1/6
f 7715/1/6 7708/1/6 7716/1/6
f 7712/1/6 7713/1/6 7717/1/6
f 7711/1/6 7712/1/6 7717/1/6
f 7717/1/6 7713/1/6 7718/1/6
f 7714/3/6 7715/3/6 7721/3/6
f 7721/3/6 7715/3/6 7722/3/6
f 7719/3/6 7720/3/6 7723/3/6
f 7723/3/6 7720/3/6 7724/3/6
f 7725/1/6 7726/1/6 7728/1/6
f 7728/1/6 7726/1/6 7729/1/6
f 7727/1/6 7728/1/6 7732/1/6
f 7732/1/6 7728/1/6 7733/1/6
f 7729/1/6 7730/1/6 7734/1/6
f 7734/1/6 7730/1/6 7735/1/6
f 7731/1/6 7732/1/6 7738/1/6
f 7738/1/6 7732/1/6 7739/1/6
f 7735/1/6 7736/1/6 7740/1/6
f 7740/1/6 7736/1/6 7741/1/6
f 7737/1/6 7738/1/6 7743/1/6
f 7743/1/6 7738/1/6 7744/1/6
f 7741/1/6 7742/1/6 7745/1/6
f 7745/1/6 7742/1/6 7746/1/6
f 7737/1/6 7743/1/6 7748/1/6
f 7748/1/6 7743/1/6 7749/1/6
f 7746/1/6 7742/1/6 7750/1/6
f 7750/1/6 7742/1/6 7751/1/6
f 7747/1/6 7748/1/6 7754/1/6
f 7754/1/6 7748/1/6 7755/1/6
f 7751/2/6 7752/2/6 7756/2/6
f 7756/2/6 7752/2/6 7757/2/6
f 7753/1/6 7754/1/6 7760/1/6
f 7760/1/6 7754/1/6 7761/1/6
f 7757/2/6 7758/2/6 7762/2/6
f 7762/2/6 7758/2/6 7763/2/6
f 7759/1/6 7760/1/6 7765/1/6
f 7763/2/6 7764/2/6 7766/2/6
f 7766/2/6 7764/2/6 7767/2/6
f 7767/2/6 7764/2/6 7768/2/6
f 7759/1/6 7765/1/6 7769/1/6
f 7759/1/6 7769/1/6 7770/1/6
f 7770/1/6 7769/1/6 7771/1/6
f 7770/2/6 7771/2/6 7772/2/6
f 7772/2/6 7771/2/6 7773/2/6
f 7767/3/6 7768/3/6 7776/3/6
f 7776/3/6 7768/3/6 7777/3/6
f 7775/1/6 7776/1/6 7778/1/6
f 7773/2/6 7774/2/6 7779/2/6
f 7779/2/6 7774/2/6 7780/2/6
f 7778/1/6 7776/1/6 7783/1/6
f 7783/1/6 7776/1/6 7784/1/6
f 7780/2/6 7781/2/6 7785/2/6
f 7785/2/6 7781/2/6 7786/2/6
f 7782/1/6 7783/1/6 7789/1/6
f 7789/1/6 7783/1/6 7790/1/6
f 7786/1/6 7787/1/6 7791/1/6
f 7788/1/6 7789/1/6 7794/1/6
f 7791/1/6 7792/1/6 7795/1/6
f 7786/1/6 7791/1/6 7795/1/6
f 7795/1/6 7792/1/6 7796/1/6
f 7793/1/6 7794/1/6 7799/1/6
f 7794/1/6 7789/1/6 7800/1/6
f 7799/1/6 7794/1/6 7800/1/6
f 7796/1/6 7797/1/6 7801/1/6
f 7801/1/6 7797/1/6 7802/1/6
f 7798/1/6 7799/1/6 7806/1/6
f 7806/1/6 7799/1/6 7807/1/6
f 7802/1/6 7803/1/6 7808/1/6
f 7803/3/6 7804/3/6 7809/3/6
f 7808/1/6 7803/1/6 7809/1/6
f 7809/3/6 7804/3/6 7810/3/6
f 7805/3/6 7806/3/6 7811/3/6
f 7811/3/6 7806/3/6 7812/3/6
f 7810/3/6 7811/3/6 7813/3/6
f 7813/3/6 7811/3/6 7814/3/6
f 7815/1/6 7816/1/6 7818/1/6
f 7818/1/6 7816/1/6 7819/1/6
f 7819/1/6 7816/1/6 7820/1/6
f 7820/1/6 7816/1/6 7821/1/6
f 7817/1/6 7818/1/6 7824/1/6
f 7818/1/6 7819/1/6 7824/1/6
f 7824/1/6 7819/1/6 7825/1/6
f 7825/1/6 7819/1/6 7826/1/6
f 7820/1/6 7821/1/6 7827/1/6
f 7821/1/6 7822/1/6 7827/1/6
f 7827/1/6 7822/1/6 7828/1/6
f 7828/1/6 7822/1/6 7829/1/6
f 7824/3/6 7825/3/6 7832/3/6
f 7823/3/6 7824/3/6 7832/3/6
f 7832/3/6 7825/3/6 7833/3/6
f 7829/1/6 7830/1/6 7834/1/6
f 7828/1/6 7829/1/6 7834/1/6
f 7834/1/6 7830/1/6 7835/1/6
f 7831/3/6 7832/3/6 7838/3/6
f 7838/3/6 7832/3/6 7839/3/6
f 7835/1/6 7836/1/6 7840/1/6
f 7840/1/6 7836/1/6 7841/1/6
f 7837/3/6 7838/3/6 7844/3/6
f 7841/1/6 7842/1/6 7845/1/6
f 7845/1/6 7842/1/6 7846/1/6
f 7843/3/6 7844/3/6 7848/3/6
f 7844/3/6 7838/3/6 7848/3/6
f 7848/3/6 7838/3/6 7849/3/6
f 7846/1/6 7847/1/6 7850/1/6
f 7845/1/6 7846/1/6 7850/1/6
f 7850/1/6 7847/1/6 7851/1/6
f 7843/3/6 7848/3/6 7853/3/6
f 7851/1/6 7847/1/6 7854/1/6
f 7854/1/6 7847/1/6 7855/1/6
f 7852/1/6 7853/1/6 7857/1/6
f 7853/3/6 7848/3/6 7858/3/6
f 7857/1/6 7853/1/6 7858/1/6
f 7858/3/6 7848/3/6 7859/3/6
f 7854/3/6 7855/3/6 7860/3/6
f 7855/2/6 7856/2/6 7861/2/6
f 7860/3/6 7855/3/6 7861/3/6
f 7861/2/6 7856/2/6 7862/2/6
f 7857/3/6 7858/3/6 7863/3/6
f 7863/3/6 7858/3/6 7864/3/6
f 7863/2/6 7864/2/6 7865/2/6
f 7861/3/6 7862/3/6 7868/3/6
f 7865/2/6 7866/2/6 7869/2/6
f 7863/2/6 7865/2/6 7869/2/6
f 7869/2/6 7866/2/6 7870/2/6
f 7867/3/6 7868/3/6 7871/3/6
f 7868/3/6 7862/3/6 7871/3/6
f 7871/3/6 7862/3/6 7872/3/6
f 7870/2/6 7866/2/6 7873/2/6
f 7867/3/6 7871/3/6 7876/3/6
f 7876/3/6 7871/3/6 7877/3/6
f 7873/2/6 7874/2/6 7878/2/6
f 7870/2/6 7873/2/6 7878/2/6
f 7878/2/6 7874/2/6 7879/2/6
f 7879/2/6 7874/2/6 7880/2/6
f 7875/3/6 7876/3/6 7881/3/6
f 7876/1/6 7877/1/6 7882/1/6
f 7881/3/6 7876/3/6 7882/3/6
f 7882/1/6 7877/1/6 7883/1/6
f 7879/2/6 7880/2/6 7884/2/6
f 7884/2/6 7880/2/6 7885/2/6
f 7881/1/6 7882/1/6 7888/1/6
f 7888/1/6 7882/1/6 7889/1/6
f 7885/1/6 7886/1/6 7890/1/6
f 7890/1/6 7886/1/6 7891/1/6
f 7887/3/6 7888/3/6 7894/3/6
f 7894/3/6 7888/3/6 7895/3/6
f 7891/1/6 7892/1/6 7896/1/6
f 7896/1/6 7892/1/6 7897/1/6
f 7897/1/6 7892/1/6 7898/1/6
f 7893/3/6 7894/3/6 7902/3/6
f 7902/3/6 7894/3/6 7903/3/6
f 7903/3/6 7894/3/6 7904/3/6
f 7897/1/6 7898/1/6 7905/1/6
f 7898/1/6 7899/1/6 7905/1/6
f 7899/3/6 7900/3/6 7906/3/6
f 7905/1/6 7899/1/6 7906/1/6
f 7906/3/6 7900/3/6 7907/3/6
f 7902/3/6 7903/3/6 7908/3/6
f 7901/3/6 7902/3/6 7908/3/6
f 7908/3/6 7903/3/6 7909/3/6
f 7909/3/6 7903/3/6 7910/3/6
f 7906/3/6 7907/3/6 7911/3/6
f 7908/3/6 7909/3/6 7911/3/6
f 7907/3/6 7908/3/6 7911/3/6
f 7911/3/6 7909/3/6 7912/3/6
f 7913/1/6 7914/1/6 7916/1/6
f 7916/1/6 7914/1/6 7917/1/6
f 7917/1/6 7914/1/6 7918/1/6
f 7918/1/6 7914/1/6 7919/1/6
f 7915/1/6 7916/1/6 7922/1/6
f 7916/1/6 7917/1/6 7922/1/6
f 7922/1/6 7917/1/6 7923/1/6
f 7923/1/6 7917/1/6 7924/1/6
f 7924/1/6 7917/1/6 7925/1/6
f 7918/1/6 7919/1/6 7926/1/6
f 7919/1/6 7920/1/6 7926/1/6
f 7926/1/6 7920/1/6 7927/1/6
f 7927/1/6 7920/1/6 7928/1/6
f 7921/3/6 7922/3/6 7931/3/6
f 7922/3/6 7923/3/6 7931/3/6
f 7931/3/6 7923/3/6 7932/3/6
f 7932/3/6 7923/3/6 7933/3/6
f 7928/1/6 7929/1/6 7934/1/6
f 7927/1/6 7928/1/6 7934/1/6
f 7934/1/6 7929/1/6 7935/1/6
f 7935/1/6 7929/1/6 7936/1/6
f 7931/3/6 7932/3/6 7938/3/6
f 7930/3/6 7931/3/6 7938/3/6
f 7938/3/6 7932/3/6 7939/3/6
f 7936/1/6 7937/1/6 7940/1/6
f 7935/1/6 7936/1/6 7940/1/6
f 7940/1/6 7937/1/6 7941/1/6
f 7941/1/6 7937/1/6 7942/1/6
f 7930/3/6 7938/3/6 7944/3/6
f 7941/3/6 7942/3/6 7945/3/6
f 7943/3/6 7944/3/6 7947/3/6
f 7944/3/6 7938/3/6 7947/3/6
f 7947/3/6 7938/3/6 7948/3/6
f 7941/3/6 7945/3/6 7949/3/6
f 7945/3/6 7946/3/6 7949/3/6
f 7949/3/6 7946/3/6 7950/3/6
f 7943/3/6 7947/3/6 7952/3/6
f 7950/3/6 7946/3/6 7953/3/6
f 7950/3/6 7953/3/6 7955/3/6
f 7953/3/6 7954/3/6 7955/3/6
f 7951/3/6 7952/3/6 7956/3/6
f 7952/3/6 7947/3/6 7956/3/6
f 7956/3/6 7947/3/6 7957/3/6
f 7955/3/6 7954/3/6 7958/3/6
f 7958/3/6 7954/3/6 7959/3/6
f 7951/3/6 7956/3/6 7960/3/6
f 7960/3/6 7956/3/6 7961/3/6
f 7959/3/6 7954/3/6 7964/3/6
f 7961/2/6 7962/2/6 7965/2/6
f 7960/2/6 7961/2/6 7965/2/6
f 7965/2/6 7962/2/6 7966/2/6
f 7966/2/6 7962/2/6 7967/2/6
f 7963/3/6 7964/3/6 7968/3/6
f 7964/3/6 7954/3/6 7968/3/6
f 7968/3/6 7954/3/6 7969/3/6
f 7966/2/6 7967/2/6 7970/2/6
f 7963/3/6 7968/3/6 7973/3/6
f 7970/2/6 7971/2/6 7974/2/6
f 7966/2/6 7970/2/6 7974/2/6
f 7974/2/6 7971/2/6 7975/2/6
f 7972/3/6 7973/3/6 7976/3/6
f 7973/3/6 7968/3/6 7976/3/6
f 7976/3/6 7968/3/6 7977/3/6
f 7975/2/6 7971/2/6 7978/2/6
f 7978/2/6 7971/2/6 7979/2/6
f 7972/3/6 7976/3/6 7982/3/6
f 7979/1/6 7980/1/6 7983/1/6
f 7978/1/6 7979/1/6 7983/1/6
f 7983/1/6 7980/1/6 7984/1/6
f 7984/1/6 7980/1/6 7985/1/6
f 7981/3/6 7982/3/6 7988/3/6
f 7982/3/6 7976/3/6 7989/3/6
f 7988/3/6 7982/3/6 7989/3/6
f 7989/3/6 7976/3/6 7990/3/6
f 7985/1/6 7986/1/6 7991/1/6
f 7984/1/6 7985/1/6 7991/1/6
f 7991/1/6 7986/1/6 7992/1/6
f 7992/1/6 7986/1/6 7993/1/6
f 7987/3/6 7988/3/6 7996/3/6
f 7988/3/6 7989/3/6 7996/3/6
f 7996/3/6 7989/3/6 7997/3/6
f 7997/3/6 7989/3/6 7998/3/6
f 7992/1/6 7993/1/6 7999/1/6
f 7993/3/6 7994/3/6 8000/3/6
f 7999/1/6 7993/1/6 8000/1/6
f 8000/3/6 7994/3/6 8001/3/6
f 8001/3/6 7994/3/6 8002/3/6
f 7996/3/6 7997/3/6 8003/3/6
f 7995/3/6 7996/3/6 8003/3/6
f 8003/3/6 7997/3/6 8004/3/6
f 8004/3/6 7997/3/6 8005/3/6
f 8001/3/6 8002/3/6 8006/3/6
f 8003/3/6 8004/3/6 8006/3/6
f 8002/3/6 8003/3/6 8006/3/6
f 8006/3/6 8004/3/6 8007/3/6
f 8008/1/6 8009/1/6 8012/1/6
f 8012/1/6 8009/1/6 8013/1/6
f 8013/1/6 8009/1/6 8014/1/6
f 8010/3/6 8011/3/6 8017/3/6
f 8011/1/6 8012/1/6 8018/1/6
f 8012/1/6 8013/1/6 8018/1/6
f 8017/3/6 8011/3/6 8018/3/6
f 8018/1/6 8013/1/6 8019/1/6
f 8014/3/6 8015/3/6 8020/3/6
f 8019/1/6 8013/1/6 8020/1/6
f 8013/3/6 8014/3/6 8020/3/6
f 8020/3/6 8015/3/6 8021/3/6
f 8021/3/6 8015/3/6 8022/3/6
f 8018/3/6 8019/3/6 8025/3/6
f 8016/3/6 8017/3/6 8025/3/6
f 8017/3/6 8018/3/6 8025/3/6
f 8025/3/6 8019/3/6 8026/3/6
f 8026/3/6 8019/3/6 8027/3/6
f 8021/3/6 8022/3/6 8028/3/6
f 8022/3/6 8023/3/6 8028/3/6
f 8028/3/6 8023/3/6 8029/3/6
f 8029/3/6 8023/3/6 8030/3/6
f 8025/3/6 8026/3/6 8032/3/6
f 8024/3/6 8025/3/6 8032/3/6
f 8032/3/6 8026/3/6 8033/3/6
f 8030/3/6 8031/3/6 8034/3/6
f 8029/3/6 8030/3/6 8034/3/6
f 8034/3/6 8031/3/6 8035/3/6
f 8024/3/6 8032/3/6 8037/3/6
f 8037/3/6 8032/3/6 8038/3/6
f 8038/3/6 8032/3/6 8039/3/6
f 8035/3/6 8031/3/6 8040/3/6
f 8040/3/6 8031/3/6 8041/3/6
f 8041/3/6 8031/3/6 8042/3/6
f 8042/3/6 8043/3/6 8044/3/6
f 8041/3/6 8042/3/6 8044/3/6
f 8044/3/6 8043/3/6 8045/3/6
f 8036/3/6 8037/3/6 8046/3/6
f 8037/3/6 8038/3/6 8046/3/6
f 8046/3/6 8038/3/6 8047/3/6
f 8044/2/6 8045/2/6 8048/2/6
f 8045/3/6 8043/3/6 8049/3/6
f 8048/2/6 8045/2/6 8049/2/6
f 8049/3/6 8043/3/6 8050/3/6
f 8036/3/6 8046/3/6 8052/3/6
f 8049/2/6 8050/2/6 8053/2/6
f 8049/2/6 8053/2/6 8055/2/6
f 8053/3/6 8054/3/6 8056/3/6
f 8055/2/6 8053/2/6 8056/2/6
f 8051/3/6 8052/3/6 8057/3/6
f 8052/3/6 8046/3/6 8058/3/6
f 8057/3/6 8052/3/6 8058/3/6
f 8056/3/6 8054/3/6 8059/3/6
f 8055/3/6 8056/3/6 8059/3/6
f 8059/3/6 8054/3/6 8060/3/6
f 8058/3/6 8046/3/6 8061/3/6
f 8055/3/6 8059/3/6 8064/3/6
f 8061/3/6 8062/3/6 8065/3/6
f 8058/3/6 8061/3/6 8065/3/6
f 8065/3/6 8062/3/6 8066/3/6
f 8066/3/6 8062/3/6 8067/3/6
f 8065/2/6 8066/2/6 8068/2/6
f 8066/3/6 8067/3/6 8069/3/6
f 8068/2/6 8066/2/6 8069/2/6
f 8069/3/6 8067/3/6 8070/3/6
f 8063/3/6 8064/3/6 8073/3/6
f 8064/3/6 8059/3/6 8074/3/6
f 8073/3/6 8064/3/6 8074/3/6
f 8074/3/6 8059/3/6 8075/3/6
f 8070/3/6 8071/3/6 8076/3/6
f 8069/3/6 8070/3/6 8076/3/6
f 8072/3/6 8073/3/6 8079/3/6
f 8073/3/6 8074/3/6 8079/3/6
f 8076/3/6 8077/3/6 8080/3/6
f 8069/3/6 8076/3/6 8080/3/6
f 8080/3/6 8077/3/6 8081/3/6
f 8081/3/6 8077/3/6 8082/3/6
f 8078/3/6 8079/3/6 8085/3/6
f 8079/3/6 8074/3/6 8086/3/6
f 8085/3/6 8079/3/6 8086/3/6
f 8086/3/6 8074/3/6 8087/3/6
f 8082/3/6 8083/3/6 8088/3/6
f 8081/3/6 8082/3/6 8088/3/6
f 8088/3/6 8083/3/6 8089/3/6
f 8089/3/6 8083/3/6 8090/3/6
f 8084/3/6 8085/3/6 8091/3/6
f 8085/3/6 8086/3/6 8091/3/6
f 8091/3/6 8086/3/6 8092/3/6
f 8092/3/6 8086/3/6 8093/3/6
f 8089/3/6 8090/3/6 8094/3/6
f 8091/3/6 8092/3/6 8094/3/6
f 8090/3/6 8091/3/6 8094/3/6
f 8094/3/6 8092/3/6 8095/3/6
f 8095/3/6 8092/3/6 8096/3/6
f 8096/3/6 8092/3/6 8097/3/6
f 8095/3/6 8096/3/6 8098/3/6
f 8098/3/6 8096/3/6 8099/3/6
f 8100/3/6 8101/3/6 8103/3/6
f 8103/3/6 8101/3/6 8104/3/6
f 8102/3/6 8103/3/6 8107/3/6
f 8104/3/6 8105/3/6 8107/3/6
f 8103/3/6 8104/3/6 8107/3/6
f 8107/3/6 8105/3/6 8108/3/6
f 8106/3/6 8107/3/6 8111/3/6
f 8108/3/6 8109/3/6 8111/3/6
f 8107/3/6 8108/3/6 8111/3/6
f 8111/3/6 8109/3/6 8112/3/6
f 8112/3/6 8109/3/6 8113/3/6
f 8113/3/6 8109/3/6 8114/3/6
f 8114/3/6 8109/3/6 8115/3/6
f 8110/3/6 8111/3/6 8117/3/6
f 8111/3/6 8112/3/6 8117/3/6
f 8117/3/6 8112/3/6 8118/3/6
f 8118/3/6 8112/3/6 8119/3/6
f 8113/3/6 8114/3/6 8120/3/6
f 8115/2/6 8116/2/6 8121/2/6
f 8120/3/6 8114/3/6 8121/3/6
f 8114/2/6 8115/2/6 8121/2/6
f 8110/3/6 8117/3/6 8123/3/6
f 8123/3/6 8117/3/6 8124/3/6
f 8117/2/6 8118/2/6 8125/2/6
f 8124/3/6 8117/3/6 8125/3/6
f 8125/2/6 8118/2/6 8126/2/6
f 8121/2/6 8116/2/6 8127/2/6
f 8127/2/6 8116/2/6 8128/2/6
f 8128/2/6 8116/2/6 8129/2/6
f 8123/3/6 8124/3/6 8131/3/6
f 8122/3/6 8123/3/6 8131/3/6
f 8124/2/6 8125/2/6 8132/2/6
f 8131/3/6 8124/3/6 8132/3/6
f 8122/3/6 8131/3/6 8133/3/6
f 8131/2/6 8132/2/6 8134/2/6
f 8133/3/6 8131/3/6 8134/3/6
f 8132/2/6 8125/2/6 8135/2/6
f 8134/2/6 8132/2/6 8135/2/6
f 8129/2/6 8130/2/6 8138/2/6
f 8128/2/6 8129/2/6 8138/2/6
f 8138/2/6 8130/2/6 8139/2/6
f 8139/2/6 8130/2/6 8140/2/6
f 8135/2/6 8136/2/6 8141/2/6
f 8134/2/6 8135/2/6 8141/2/6
f 8141/2/6 8136/2/6 8142/2/6
f 8142/2/6 8136/2/6 8143/2/6
f 8138/3/6 8139/3/6 8146/3/6
f 8137/3/6 8138/3/6 8146/3/6
f 8141/3/6 8142/3/6 8147/3/6
f 8143/2/6 8144/2/6 8148/2/6
f 8147/3/6 8142/3/6 8148/3/6
f 8142/2/6 8143/2/6 8148/2/6
f 8148/2/6 8144/2/6 8149/2/6
f 8149/2/6 8144/2/6 8150/2/6
f 8145/3/6 8146/3/6 8153/3/6
f 8146/3/6 8139/3/6 8154/3/6
f 8153/3/6 8146/3/6 8154/3/6
f 8154/3/6 8139/3/6 8155/3/6
f 8148/3/6 8149/3/6 8156/3/6
f 8149/2/6 8150/2/6 8157/2/6
f 8156/3/6 8149/3/6 8157/3/6
f 8150/2/6 8151/2/6 8157/2/6
f 8152/3/6 8153/3/6 8158/3/6
f 8157/2/6 8151/2/6 8158/2/6
f 8151/3/6 8152/3/6 8158/3/6
f 8153/3/6 8154/3/6 8158/3/6
f 8158/3/6 8154/3/6 8159/3/6
f 8159/3/6 8154/3/6 8160/3/6
f 8157/3/6 8158/3/6 8161/3/6
f 8158/3/6 8159/3/6 8161/3/6
f 8161/3/6 8159/3/6 8162/3/6
f 8162/3/6 8159/3/6 8163/3/6
f 8163/3/6 8159/3/6 8164/3/6
f 8162/3/6 8163/3/6 8165/3/6
f 8165/3/6 8163/3/6 8166/3/6
f 8167/3/6 8168/3/6 8170/3/6
f 8170/3/6 8168/3/6 8171/3/6
f 8171/3/6 8168/3/6 8172/3/6
f 8172/3/6 8168/3/6 8173/3/6
f 8169/2/6 8170/2/6 8176/2/6
f 8170/2/6 8171/2/6 8176/2/6
f 8171/3/6 8172/3/6 8177/3/6
f 8176/2/6 8171/2/6 8177/2/6
f 8172/1/6 8173/1/6 8178/1/6
f 8177/3/6 8172/3/6 8178/3/6
f 8173/2/6 8174/2/6 8179/2/6
f 8178/1/6 8173/1/6 8181/1/6
f 8176/2/6 8177/2/6 8181/2/6
f 8175/2/6 8176/2/6 8181/2/6
f 8177/2/6 8178/2/6 8181/2/6
f 8181/1/6 8173/1/6 8182/1/6
f 8179/2/6 8180/2/6 8183/2/6
f 8182/1/6 8173/1/6 8183/1/6
f 8173/2/6 8179/2/6 8183/2/6
f 8183/2/6 8180/2/6 8184/2/6
f 8181/2/6 8182/2/6 8185/2/6
f 8175/2/6 8181/2/6 8185/2/6
f 8185/2/6 8182/2/6 8186/2/6
f 8184/2/6 8180/2/6 8187/2/6
f 8183/1/6 8184/1/6 8187/1/6
f 8187/2/6 8180/2/6 8188/2/6
f 8186/2/6 8182/2/6 8189/2/6
f 8189/2/6 8182/2/6 8190/2/6
f 8183/1/6 8187/1/6 8191/1/6
f 8190/2/6 8182/2/6 8191/2/6
f 8182/1/6 8183/1/6 8191/1/6
f 8191/1/6 8187/1/6 8192/1/6
f 8192/1/6 8187/1/6 8193/1/6
f 8190/2/6 8191/2/6 8194/2/6
f 8191/3/6 8192/3/6 8195/3/6
f 8194/2/6 8191/2/6 8195/2/6
f 8195/3/6 8192/3/6 8196/3/6
