# MagicaVoxel @ Ephtracy

# group
o 

# material
mtllib weaponBox.mtl
usemtl palette

# normals
vn -1 0 0
vn 1 0 0
vn 0 0 1
vn 0 0 -1
vn 0 -1 0
vn 0 1 0

# texcoords
vt 0.857422 0.5
vt 0.904297 0.5
vt 0.958984 0.5
vt 0.970703 0.5
vt 0.978516 0.5
vt 0.994141 0.5

# verts
v -3.8 0.3 1.3
v -3.8 0.3 0.1
v -3.8 0.5 1.3
v -3.8 0.5 0.1
v -3.8 2.6 -1.7
v -3.8 2.6 -1.8
v -3.8 3.7 -1.7
v -3.8 3.7 -1.8
v -3.7 0.3 1.4
v -3.7 0.3 1.3
v -3.7 0.3 0.1
v -3.7 0.3 0
v -3.7 0.5 1.4
v -3.7 0.5 1.3
v -3.7 0.5 0.1
v -3.7 0.5 0
v -3.7 2.5 -1.7
v -3.7 2.5 -1.8
v -3.7 2.6 -1.4
v -3.7 2.6 -1.5
v -3.7 2.6 -1.7
v -3.7 2.6 -1.8
v -3.7 3.4 -1.4
v -3.7 3.4 -1.5
v -3.7 3.7 -1.7
v -3.7 3.7 -1.8
v -3.7 3.8 -1.7
v -3.7 3.8 -1.8
v -3.6 0.3 1.5
v -3.6 0.3 1.4
v -3.6 0.3 0
v -3.6 0.3 -0.0999999
v -3.6 0.5 1.5
v -3.6 0.5 1.4
v -3.6 0.5 0
v -3.6 0.5 -0.0999999
v -3.6 2.5 -1.4
v -3.6 2.5 -1.5
v -3.6 2.6 -1.4
v -3.6 2.6 -1.5
v -3.6 3.4 -1.4
v -3.6 3.4 -1.5
v -3.6 3.5 -1.4
v -3.6 3.5 -1.5
v -3.5 -0.1 2
v -3.5 -0.1 -2.2
v -3.5 0 2
v -3.5 0 -2.2
v -3.5 0.1 2
v -3.5 0.1 1.9
v -3.5 0.1 1.8
v -3.5 0.1 -2
v -3.5 0.1 -2.1
v -3.5 0.1 -2.2
v -3.5 0.3 1.6
v -3.5 0.3 1.5
v -3.5 0.3 -0.0999999
v -3.5 0.3 -0.2
v -3.5 0.4 -1
v -3.5 0.4 -1.1
v -3.5 0.4 -1.6
v -3.5 0.4 -1.7
v -3.5 0.5 1.6
v -3.5 0.5 1.5
v -3.5 0.5 -0.0999999
v -3.5 0.5 -0.2
v -3.5 0.5 -0.9
v -3.5 0.5 -1
v -3.5 0.5 -1.1
v -3.5 0.5 -1.2
v -3.5 0.5 -1.5
v -3.5 0.5 -1.6
v -3.5 0.5 -1.7
v -3.5 0.5 -1.8
v -3.5 0.6 -0.9
v -3.5 0.6 -1
v -3.5 0.6 -1.1
v -3.5 0.6 -1.2
v -3.5 0.6 -1.5
v -3.5 0.6 -1.6
v -3.5 0.6 -1.7
v -3.5 0.6 -1.8
v -3.5 0.7 -1
v -3.5 0.7 -1.1
v -3.5 0.7 -1.6
v -3.5 0.7 -1.7
v -3.5 0.8 -1.3
v -3.5 0.8 -1.4
v -3.5 0.9 -1.2
v -3.5 0.9 -1.3
v -3.5 0.9 -1.4
v -3.5 0.9 -1.5
v -3.5 1 -1.2
v -3.5 1 -1.3
v -3.5 1 -1.4
v -3.5 1 -1.5
v -3.5 1.1 -1.3
v -3.5 1.1 -1.4
v -3.5 3.8 2
v -3.5 3.8 1.9
v -3.5 3.8 1.8
v -3.5 3.8 -1.7
v -3.5 3.8 -1.8
v -3.5 3.8 -2
v -3.5 3.8 -2.1
v -3.5 3.8 -2.2
v -3.5 3.9 2
v -3.5 3.9 -2.2
v -3.5 4 2
v -3.5 4 -2.2
v -3.4 0.1 1.8
v -3.4 0.1 -2
v -3.4 0.3 1.6
v -3.4 0.3 1.2
v -3.4 0.3 0.2
v -3.4 0.3 -0.2
v -3.4 0.4 -1
v -3.4 0.4 -1.1
v -3.4 0.4 -1.6
v -3.4 0.4 -1.7
v -3.4 0.5 1.6
v -3.4 0.5 1.2
v -3.4 0.5 0.2
v -3.4 0.5 -0.2
v -3.4 0.5 -0.9
v -3.4 0.5 -1
v -3.4 0.5 -1.1
v -3.4 0.5 -1.2
v -3.4 0.5 -1.5
v -3.4 0.5 -1.6
v -3.4 0.5 -1.7
v -3.4 0.5 -1.8
v -3.4 0.6 -0.9
v -3.4 0.6 -1
v -3.4 0.6 -1.1
v -3.4 0.6 -1.2
v -3.4 0.6 -1.5
v -3.4 0.6 -1.6
v -3.4 0.6 -1.7
v -3.4 0.6 -1.8
v -3.4 0.7 -1
v -3.4 0.7 -1.1
v -3.4 0.7 -1.6
v -3.4 0.7 -1.7
v -3.4 0.8 -1.3
v -3.4 0.8 -1.4
v -3.4 0.9 -1.2
v -3.4 0.9 -1.3
v -3.4 0.9 -1.4
v -3.4 0.9 -1.5
v -3.4 1 -1.2
v -3.4 1 -1.3
v -3.4 1 -1.4
v -3.4 1 -1.5
v -3.4 1.1 -1.3
v -3.4 1.1 -1.4
v -3.4 1.4 0.2
v -3.4 1.4 -0.4
v -3.4 1.5 0.3
v -3.4 1.5 0.2
v -3.4 1.5 -0.4
v -3.4 1.5 -0.5
v -3.4 1.6 0.4
v -3.4 1.6 0.3
v -3.4 1.6 -0.5
v -3.4 1.6 -0.6
v -3.4 1.7 0.5
v -3.4 1.7 0.4
v -3.4 1.7 -0.6
v -3.4 1.7 -0.7
v -3.4 2.2 0.5
v -3.4 2.2 0.4
v -3.4 2.2 -0.6
v -3.4 2.2 -0.7
v -3.4 2.3 0.4
v -3.4 2.3 0.3
v -3.4 2.3 -0.5
v -3.4 2.3 -0.6
v -3.4 2.4 0.3
v -3.4 2.4 0.2
v -3.4 2.4 -0.4
v -3.4 2.4 -0.5
v -3.4 2.5 0.2
v -3.4 2.5 -0.4
v -3.4 2.5 -1.4
v -3.4 2.5 -1.5
v -3.4 2.5 -1.7
v -3.4 2.5 -1.8
v -3.4 2.6 -1.4
v -3.4 2.6 -1.5
v -3.4 2.6 -1.7
v -3.4 2.6 -1.8
v -3.4 3.4 -1.4
v -3.4 3.4 -1.5
v -3.4 3.5 -1.4
v -3.4 3.5 -1.5
v -3.4 3.7 -1.7
v -3.4 3.7 -1.8
v -3.4 3.8 1.8
v -3.4 3.8 -1.7
v -3.4 3.8 -1.8
v -3.4 3.8 -2
v -3.3 1.4 0.2
v -3.3 1.4 -0.4
v -3.3 1.5 0.3
v -3.3 1.5 0.2
v -3.3 1.5 -0.4
v -3.3 1.5 -0.5
v -3.3 1.6 0.4
v -3.3 1.6 0.3
v -3.3 1.6 0.2
v -3.3 1.6 -0.4
v -3.3 1.6 -0.5
v -3.3 1.6 -0.6
v -3.3 1.7 0.5
v -3.3 1.7 0.4
v -3.3 1.7 0.3
v -3.3 1.7 -0.5
v -3.3 1.7 -0.6
v -3.3 1.7 -0.7
v -3.3 2.2 0.5
v -3.3 2.2 0.4
v -3.3 2.2 0.3
v -3.3 2.2 -0.5
v -3.3 2.2 -0.6
v -3.3 2.2 -0.7
v -3.3 2.3 0.4
v -3.3 2.3 0.3
v -3.3 2.3 0.2
v -3.3 2.3 -0.4
v -3.3 2.3 -0.5
v -3.3 2.3 -0.6
v -3.3 2.4 0.3
v -3.3 2.4 0.2
v -3.3 2.4 -0.4
v -3.3 2.4 -0.5
v -3.3 2.5 0.2
v -3.3 2.5 -0.4
v -3.2 1.5 0.2
v -3.2 1.5 -0.4
v -3.2 1.6 0.3
v -3.2 1.6 0.2
v -3.2 1.6 -0.4
v -3.2 1.6 -0.5
v -3.2 1.7 0.4
v -3.2 1.7 0.3
v -3.2 1.7 0.2
v -3.2 1.7 -0.4
v -3.2 1.7 -0.5
v -3.2 1.7 -0.6
v -3.2 2.2 0.4
v -3.2 2.2 0.3
v -3.2 2.2 -0.4
v -3.2 2.2 -0.5
v -3.2 2.2 -0.6
v -3.2 2.3 0.2
v -3.2 2.3 -0.4
v -3.2 2.3 -0.5
v -3.2 2.4 0.2
v -3.2 2.4 -0.4
v -3.1 -0.1 1.6
v -3.1 -0.1 1.4
v -3.1 0 1.6
v -3.1 0 1.4
v -3.1 0.3 -2.1
v -3.1 0.3 -2.2
v -3.1 0.5 2
v -3.1 0.5 1.9
v -3.1 0.5 -2.1
v -3.1 0.5 -2.2
v -3.1 0.6 2
v -3.1 0.6 1.9
v -3.1 1.6 0.2
v -3.1 1.6 -0.4
v -3.1 1.7 0.3
v -3.1 1.7 0.2
v -3.1 1.7 -0.4
v -3.1 1.7 -0.5
v -3.1 2.2 -0.4
v -3.1 2.2 -0.5
v -3.1 2.3 0.3
v -3.1 2.3 -0.4
v -3.1 2.5 2.2
v -3.1 2.5 1.9
v -3.1 2.6 2.3
v -3.1 2.6 2.2
v -3.1 2.6 2.1
v -3.1 2.6 1.9
v -3.1 2.7 2.2
v -3.1 2.7 2.1
v -3.1 3.6 2.2
v -3.1 3.6 2.1
v -3.1 3.7 2.3
v -3.1 3.7 2.2
v -3.1 3.7 2.1
v -3.1 3.7 1.9
v -3.1 3.8 2.2
v -3.1 3.8 2
v -3.1 3.8 1.9
v -3 -0.2 1.6
v -3 -0.2 1.4
v -3 -0.1 1.6
v -3 -0.1 1.4
v -3 0.3 -2.2
v -3 0.3 -2.3
v -3 0.4 2
v -3 0.4 1.9
v -3 0.5 2
v -3 0.5 1.9
v -3 0.5 -2.2
v -3 0.5 -2.3
v -3 0.6 2
v -3 0.6 1.9
v -3 0.7 2
v -3 0.7 1.9
v -3 1.4 0.2
v -3 1.4 -0.4
v -3 1.5 0.2
v -3 1.5 -0.4
v -3 1.7 0.5
v -3 1.7 0.3
v -3 1.7 -0.5
v -3 1.7 -0.7
v -3 1.8 -0.6
v -3 1.8 -0.7
v -3 1.9 -0.6
v -3 1.9 -0.7
v -3 2.2 0.5
v -3 2.2 0.4
v -3 2.2 -0.4
v -3 2.2 -0.5
v -3 2.2 -0.6
v -3 2.2 -0.7
v -3 2.3 0.4
v -3 2.3 0.3
v -3 2.3 -0.4
v -3 2.3 -0.5
v -3 2.3 -0.6
v -3 2.4 0.3
v -3 2.4 0.2
v -3 2.4 -0.4
v -3 2.4 -0.5
v -3 2.5 0.2
v -3 2.5 -0.4
v -2.9 -0.3 1.6
v -2.9 -0.3 1.4
v -2.9 -0.2 1.6
v -2.9 -0.2 1.4
v -2.9 0.3 -2.3
v -2.9 0.3 -2.4
v -2.9 0.5 -2.3
v -2.9 0.5 -2.4
v -2.8 -0.4 1.6
v -2.8 -0.4 1.4
v -2.8 -0.3 1.6
v -2.8 -0.3 1.4
v -2.8 0.3 -2.4
v -2.8 0.3 -2.5
v -2.8 0.5 -2.4
v -2.8 0.5 -2.5
v -2.8 0.9 2
v -2.8 0.9 1.9
v -2.8 1 2
v -2.8 1 1.9
v -2.8 2.5 2.1
v -2.8 2.5 1.9
v -2.8 2.6 2.2
v -2.8 2.6 2.1
v -2.8 2.6 2
v -2.8 2.6 1.9
v -2.8 2.7 2.1
v -2.8 2.7 2
v -2.8 3.3 2.1
v -2.8 3.3 2
v -2.8 3.4 2.2
v -2.8 3.4 2.1
v -2.8 3.4 2
v -2.8 3.4 1.9
v -2.8 3.5 2.1
v -2.8 3.5 1.9
v -2.7 0.8 2
v -2.7 0.8 1.9
v -2.7 0.9 2
v -2.7 0.9 1.9
v -2.7 1 2
v -2.7 1 1.9
v -2.7 1.1 2
v -2.7 1.1 1.9
v -2.5 0.5 2
v -2.5 0.5 1.9
v -2.5 0.6 2
v -2.5 0.6 1.9
v -2.4 0.4 2
v -2.4 0.4 1.9
v -2.4 0.5 2
v -2.4 0.5 1.9
v -2.4 0.6 2
v -2.4 0.6 1.9
v -2.4 0.7 2
v -2.4 0.7 1.9
v -2.4 1.4 0.2
v -2.4 1.4 -0.4
v -2.4 1.5 0.3
v -2.4 1.5 0.2
v -2.4 1.5 -0.4
v -2.4 1.5 -0.5
v -2.4 1.6 0.4
v -2.4 1.6 0.3
v -2.4 1.6 -0.5
v -2.4 1.6 -0.6
v -2.4 1.7 0.5
v -2.4 1.7 0.4
v -2.4 1.7 -0.6
v -2.4 1.7 -0.7
v -2.4 2.2 0.5
v -2.4 2.2 0.4
v -2.4 2.2 -0.6
v -2.4 2.2 -0.7
v -2.4 2.3 0.4
v -2.4 2.3 0.3
v -2.4 2.3 -0.5
v -2.4 2.3 -0.6
v -2.4 2.4 0.3
v -2.4 2.4 0.2
v -2.4 2.4 -0.4
v -2.4 2.4 -0.5
v -2.4 2.5 0.2
v -2.4 2.5 -0.4
v -1.9 0.2 0.1
v -1.9 0.2 -0.4
v -1.9 0.3 0.1
v -1.9 0.3 -0.4
v -1.8 -0.2 1.6
v -1.8 -0.2 1.4
v -1.8 -0.1 1.6
v -1.8 -0.1 1.4
v -1.8 0.2 -0.4
v -1.8 0.2 -0.5
v -1.8 0.3 -0.4
v -1.8 0.3 -0.5
v -1.8 0.3 -2.2
v -1.8 0.3 -2.3
v -1.8 0.5 -2.2
v -1.8 0.5 -2.3
v -1.7 -0.1 1.6
v -1.7 -0.1 1.4
v -1.7 0 1.6
v -1.7 0 1.4
v -1.7 0.2 -0.5
v -1.7 0.2 -0.6
v -1.7 0.3 -0.5
v -1.7 0.3 -0.6
v -1.7 0.3 -2.1
v -1.7 0.3 -2.2
v -1.7 0.5 -2.1
v -1.7 0.5 -2.2
v -1.5 0.3 2
v -1.5 0.3 1.9
v -1.5 0.5 2
v -1.5 0.5 1.9
v -1.4 0.2 0.4
v -1.4 0.2 0.3
v -1.4 0.3 2.1
v -1.4 0.3 2
v -1.4 0.3 0.4
v -1.4 0.3 0.3
v -1.4 0.5 2.1
v -1.4 0.5 2
v -1.3 0.3 2.2
v -1.3 0.3 2.1
v -1.3 0.5 2.2
v -1.3 0.5 2.1
v -1.2 0 0.4
v -1.2 0 0.3
v -1.2 0 -0.6
v -1.2 0 -0.7
v -1.2 0.1 0.4
v -1.2 0.1 0.3
v -1.2 0.1 0.2
v -1.2 0.1 -0.5
v -1.2 0.1 -0.6
v -1.2 0.1 -0.7
v -1.2 0.2 0.3
v -1.2 0.2 0.2
v -1.2 0.2 0.1
v -1.2 0.2 -0.4
v -1.2 0.2 -0.5
v -1.2 0.2 -0.6
v -1.2 0.2 -0.7
v -1.2 0.3 2.3
v -1.2 0.3 2.2
v -1.2 0.3 0.4
v -1.2 0.3 0.3
v -1.2 0.3 0.2
v -1.2 0.3 0.1
v -1.2 0.3 -0.4
v -1.2 0.3 -0.5
v -1.2 0.3 -0.6
v -1.2 0.4 0.4
v -1.2 0.4 0.3
v -1.2 0.4 -0.6
v -1.2 0.4 -0.7
v -1.2 0.5 2.3
v -1.2 0.5 2.2
v -1.2 1.4 1.9
v -1.2 1.4 1.7
v -1.2 1.4 -1.9
v -1.2 1.4 -2.1
v -1.2 1.5 1.9
v -1.2 1.5 1.7
v -1.2 1.5 1.6
v -1.2 1.5 -1.8
v -1.2 1.5 -1.9
v -1.2 1.5 -2.1
v -1.2 1.6 1.7
v -1.2 1.6 1.6
v -1.2 1.6 1.5
v -1.2 1.6 -1.7
v -1.2 1.6 -1.8
v -1.2 1.6 -1.9
v -1.2 1.7 1.6
v -1.2 1.7 1.5
v -1.2 1.7 -1.7
v -1.2 1.7 -1.8
v -1.2 2.2 1.6
v -1.2 2.2 1.5
v -1.2 2.2 -1.7
v -1.2 2.2 -1.8
v -1.2 2.3 1.7
v -1.2 2.3 1.6
v -1.2 2.3 1.5
v -1.2 2.3 -1.7
v -1.2 2.3 -1.8
v -1.2 2.3 -1.9
v -1.2 2.4 1.9
v -1.2 2.4 1.7
v -1.2 2.4 1.6
v -1.2 2.4 -1.8
v -1.2 2.4 -1.9
v -1.2 2.4 -2.1
v -1.2 2.5 1.9
v -1.2 2.5 1.7
v -1.2 2.5 -1.9
v -1.2 2.5 -2.1
v -1.1 0 0.3
v -1.1 0 0.2
v -1.1 0 -0.5
v -1.1 0 -0.6
v -1.1 0.1 0.3
v -1.1 0.1 0.2
v -1.1 0.1 0.1
v -1.1 0.1 -0.4
v -1.1 0.1 -0.5
v -1.1 0.1 -0.6
v -1.1 0.2 0.2
v -1.1 0.2 0.1
v -1.1 0.2 -0.4
v -1.1 0.2 -0.5
v -1.1 0.2 -0.6
v -1.1 0.3 0.3
v -1.1 0.3 0.2
v -1.1 0.3 0.1
v -1.1 0.3 -0.4
v -1.1 0.3 -0.5
v -1.1 0.4 0.3
v -1.1 0.4 0.2
v -1.1 0.4 -0.5
v -1.1 0.4 -0.6
v -1.1 1.5 1.9
v -1.1 1.5 1.7
v -1.1 1.5 -1.9
v -1.1 1.5 -2.1
v -1.1 1.6 1.9
v -1.1 1.6 1.7
v -1.1 1.6 1.6
v -1.1 1.6 -1.8
v -1.1 1.6 -1.9
v -1.1 1.6 -2.1
v -1.1 1.7 1.7
v -1.1 1.7 1.6
v -1.1 1.7 1.5
v -1.1 1.7 -1.7
v -1.1 1.7 -1.8
v -1.1 1.7 -1.9
v -1.1 2.2 1.7
v -1.1 2.2 1.6
v -1.1 2.2 1.5
v -1.1 2.2 -1.7
v -1.1 2.2 -1.8
v -1.1 2.2 -1.9
v -1.1 2.3 1.9
v -1.1 2.3 1.7
v -1.1 2.3 1.6
v -1.1 2.3 -1.8
v -1.1 2.3 -1.9
v -1.1 2.3 -2.1
v -1.1 2.4 1.9
v -1.1 2.4 1.7
v -1.1 2.4 -1.9
v -1.1 2.4 -2.1
v -1 0 0.2
v -1 0 0.1
v -1 0 -0.4
v -1 0 -0.5
v -1 0.1 0.2
v -1 0.1 0.1
v -1 0.1 -0.4
v -1 0.1 -0.5
v -1 0.2 0.1
v -1 0.2 -0.4
v -1 0.2 -0.5
v -1 0.3 0.2
v -1 0.3 0.1
v -1 0.3 -0.4
v -1 0.4 0.2
v -1 0.4 0.1
v -1 0.4 -0.4
v -1 0.4 -0.5
v -1 1.6 1.9
v -1 1.6 1.7
v -1 1.6 -1.9
v -1 1.6 -2.1
v -1 1.7 1.9
v -1 1.7 1.7
v -1 1.7 1.6
v -1 1.7 -1.8
v -1 1.7 -1.9
v -1 1.7 -2.1
v -1 2.2 1.9
v -1 2.2 1.7
v -1 2.2 1.6
v -1 2.2 -1.8
v -1 2.2 -1.9
v -1 2.2 -2.1
v -1 2.3 1.9
v -1 2.3 1.7
v -1 2.3 -1.9
v -1 2.3 -2.1
v -0.9 0 0.1
v -0.9 0 -0.4
v -0.9 0.1 0.1
v -0.9 0.1 -0.4
v -0.9 0.2 0.1
v -0.9 0.2 -0.4
v -0.9 0.4 0.1
v -0.9 0.4 -0.4
v -0.9 1.7 1.9
v -0.9 1.7 1.7
v -0.9 1.7 -1.9
v -0.9 1.7 -2.1
v -0.9 2.2 1.9
v -0.9 2.2 1.7
v -0.9 2.2 -1.9
v -0.9 2.2 -2.1
v -0.7 -0.1 1.4
v -0.7 -0.1 1.3
v -0.7 0 1.4
v -0.7 0 1.3
v -0.7 0.5 -2.1
v -0.7 0.5 -2.2
v -0.7 0.6 -2.1
v -0.7 0.6 -2.2
v -0.6 -0.1 1.5
v -0.6 -0.1 1.4
v -0.6 -0.1 1.3
v -0.6 -0.1 1.2
v -0.6 0 1.5
v -0.6 0 1.4
v -0.6 0 1.3
v -0.6 0 1.2
v -0.6 0.4 -2.1
v -0.6 0.4 -2.2
v -0.6 0.5 -2.1
v -0.6 0.5 -2.2
v -0.6 0.6 -2.1
v -0.6 0.6 -2.2
v -0.6 0.7 -2.1
v -0.6 0.7 -2.2
v -0.4 -0.1 1
v -0.4 -0.1 0.9
v -0.4 0 1
v -0.4 0 0.9
v -0.4 0.9 -2.1
v -0.4 0.9 -2.2
v -0.4 1 -2.1
v -0.4 1 -2.2
v -0.4 2 -0.6
v -0.4 2 -0.7
v -0.4 2.1 -0.6
v -0.4 2.1 -0.7
v -0.3 -0.1 1.1
v -0.3 -0.1 1
v -0.3 -0.1 0.9
v -0.3 -0.1 0.8
v -0.3 0 1.1
v -0.3 0 1
v -0.3 0 0.9
v -0.3 0 0.8
v -0.3 0.8 -2.1
v -0.3 0.8 -2.2
v -0.3 0.9 -2.1
v -0.3 0.9 -2.2
v -0.3 1 -2.1
v -0.3 1 -2.2
v -0.3 1.1 -2.1
v -0.3 1.1 -2.2
v -0.2 -0.3 -0.8
v -0.2 -0.3 -1.6
v -0.2 -0.2 -0.7
v -0.2 -0.2 -0.8
v -0.2 -0.2 -0.9
v -0.2 -0.2 -1.5
v -0.2 -0.2 -1.6
v -0.2 -0.2 -1.7
v -0.2 -0.1 -0.8
v -0.2 -0.1 -0.9
v -0.2 -0.1 -1.5
v -0.2 -0.1 -1.6
v -0.2 0 -0.7
v -0.2 0 -0.8
v -0.2 0 -1.6
v -0.2 0 -1.7
v -0.2 0.3 2.1
v -0.2 0.3 2
v -0.2 0.5 2.1
v -0.2 0.5 2
v -0.2 2.1 -0.6
v -0.2 2.1 -0.7
v -0.2 2.2 -0.6
v -0.2 2.2 -0.7
v -0.2 2.5 -2.1
v -0.2 2.5 -2.3
v -0.2 2.6 -2.1
v -0.2 2.6 -2.2
v -0.2 2.6 -2.3
v -0.2 2.6 -2.4
v -0.2 2.7 -2.2
v -0.2 2.7 -2.3
v -0.2 3.3 -2.2
v -0.2 3.3 -2.3
v -0.2 3.4 -2.1
v -0.2 3.4 -2.2
v -0.2 3.4 -2.3
v -0.2 3.4 -2.4
v -0.2 3.5 -2.1
v -0.2 3.5 -2.3
v -0.1 -0.1 1.4
v -0.1 -0.1 1.3
v -0.1 0 1.4
v -0.1 0 1.3
v -0.1 0.3 2
v -0.1 0.3 1.9
v -0.1 0.5 2
v -0.1 0.5 1.9
v -0.1 0.5 -2.1
v -0.1 0.5 -2.2
v -0.1 0.6 -2.1
v -0.1 0.6 -2.2
v 0 -0.1 1.5
v 0 -0.1 1.4
v 0 -0.1 1.3
v 0 -0.1 1.2
v 0 0 1.5
v 0 0 1.4
v 0 0 1.3
v 0 0 1.2
v 0 0.4 -2.1
v 0 0.4 -2.2
v 0 0.5 -2.1
v 0 0.5 -2.2
v 0 0.6 -2.1
v 0 0.6 -2.2
v 0 0.7 -2.1
v 0 0.7 -2.2
v 0 1.5 -0.4
v 0 1.5 -0.5
v 0 1.6 -0.4
v 0 1.6 -0.5
v 0.0999999 -0.4 -0.8
v 0.0999999 -0.4 -1.9
v 0.0999999 -0.3 -0.7
v 0.0999999 -0.3 -0.8
v 0.0999999 -0.3 -0.9
v 0.0999999 -0.3 -1.8
v 0.0999999 -0.3 -1.9
v 0.0999999 -0.3 -2
v 0.0999999 -0.2 -0.8
v 0.0999999 -0.2 -0.9
v 0.0999999 -0.2 -1.8
v 0.0999999 -0.2 -1.9
v 0.0999999 -0.1 -2
v 0.0999999 0 -0.7
v 0.0999999 0 -0.8
v 0.0999999 0 -1.9
v 0.0999999 0 -2
v 0.0999999 1.4 0.2
v 0.0999999 1.4 0
v 0.0999999 1.5 0.3
v 0.0999999 1.5 0.2
v 0.0999999 1.5 0
v 0.0999999 1.5 -0.4
v 0.0999999 1.6 0.4
v 0.0999999 1.6 0.3
v 0.0999999 1.6 -0.4
v 0.0999999 1.6 -0.6
v 0.0999999 1.7 0.5
v 0.0999999 1.7 0.4
v 0.0999999 1.7 -0.6
v 0.0999999 1.7 -0.7
v 0.0999999 2.2 0.5
v 0.0999999 2.2 0.4
v 0.0999999 2.2 -0.6
v 0.0999999 2.2 -0.7
v 0.0999999 2.3 0.4
v 0.0999999 2.3 0.3
v 0.0999999 2.3 -0.5
v 0.0999999 2.3 -0.6
v 0.0999999 2.4 0.3
v 0.0999999 2.4 0.2
v 0.0999999 2.4 -0.4
v 0.0999999 2.4 -0.5
v 0.0999999 2.5 0.2
v 0.0999999 2.5 -0.4
v 0.0999999 2.5 -2.1
v 0.0999999 2.5 -2.4
v 0.0999999 2.6 -2.1
v 0.0999999 2.6 -2.3
v 0.0999999 2.6 -2.4
v 0.0999999 2.6 -2.5
v 0.0999999 2.7 -2.3
v 0.0999999 2.7 -2.4
v 0.0999999 3.6 -2.3
v 0.0999999 3.6 -2.4
v 0.0999999 3.7 -2.1
v 0.0999999 3.7 -2.3
v 0.0999999 3.7 -2.4
v 0.0999999 3.7 -2.5
v 0.0999999 3.8 -2.1
v 0.0999999 3.8 -2.2
v 0.0999999 3.8 -2.4
v 0.2 1.4 0
v 0.2 1.4 -0.4
v 0.2 1.5 0
v 0.2 1.5 -0.4
v 0.3 1.6 0.4
v 0.3 1.6 0.3
v 0.3 1.6 -0.5
v 0.3 1.6 -0.6
v 0.3 1.7 0.5
v 0.3 1.7 0.4
v 0.3 1.7 0.3
v 0.3 1.7 -0.5
v 0.3 1.7 -0.6
v 0.3 1.7 -0.7
v 0.3 2.2 0.5
v 0.3 2.2 0.4
v 0.3 2.2 0.3
v 0.3 2.2 -0.5
v 0.3 2.2 -0.6
v 0.3 2.2 -0.7
v 0.3 2.3 0.4
v 0.3 2.3 0.3
v 0.3 2.3 0.2
v 0.3 2.3 -0.4
v 0.3 2.3 -0.5
v 0.3 2.3 -0.6
v 0.3 2.4 0.3
v 0.3 2.4 0.2
v 0.3 2.4 -0.4
v 0.3 2.4 -0.5
v 0.3 2.5 0.2
v 0.3 2.5 -0.4
v 0.4 -0.1 1.8
v 0.4 -0.1 -2
v 0.4 0 1.8
v 0.4 0 -2
v 0.4 0.1 2
v 0.4 0.1 1.9
v 0.4 0.1 -2.1
v 0.4 0.1 -2.2
v 0.4 3.8 2
v 0.4 3.8 1.9
v 0.4 3.8 -2.1
v 0.4 3.8 -2.2
v 0.6 0.3 -0.4
v 0.6 0.3 -0.5
v 0.6 0.3 -1.3
v 0.6 0.3 -1.4
v 0.6 0.5 -0.4
v 0.6 0.5 -0.5
v 0.6 0.5 -1.3
v 0.6 0.5 -1.4
v 0.6 2.6 1.3
v 0.6 2.6 1.2
v 0.6 2.7 1.3
v 0.6 2.7 1.2
v 0.6 3.3 1.3
v 0.6 3.3 1.2
v 0.6 3.4 1.3
v 0.6 3.4 1.2
v 0.7 0.3 -0.5
v 0.7 0.3 -1.3
v 0.7 0.5 -0.5
v 0.7 0.5 -1.3
v 0.7 2.6 1.6
v 0.7 2.6 1.5
v 0.7 2.7 1.6
v 0.7 2.7 1.5
v 0.7 2.7 1.3
v 0.7 2.7 1.2
v 0.7 3.3 1.3
v 0.7 3.3 1.2
v 0.7 3.6 1.6
v 0.7 3.6 1.5
v 0.7 3.7 1.6
v 0.7 3.7 1.5
v 0.8 2.7 1.6
v 0.8 2.7 1.5
v 0.8 3.6 1.6
v 0.8 3.6 1.5
v -3.7 2.7 -1.7
v -3.7 2.7 -1.8
v -3.7 3.6 -1.7
v -3.7 3.6 -1.8
v -3.6 0.3 1.1
v -3.6 0.3 0.3
v -3.6 0.5 1.1
v -3.6 0.5 0.3
v -3.6 2.6 -1.7
v -3.6 2.6 -1.8
v -3.6 2.7 -1.4
v -3.6 2.7 -1.5
v -3.6 2.7 -1.7
v -3.6 2.7 -1.8
v -3.6 3.3 -1.4
v -3.6 3.3 -1.5
v -3.6 3.6 -1.7
v -3.6 3.6 -1.8
v -3.6 3.7 -1.7
v -3.6 3.7 -1.8
v -3.5 0.3 1.2
v -3.5 0.3 1.1
v -3.5 0.3 0.3
v -3.5 0.3 0.2
v -3.5 0.5 1.2
v -3.5 0.5 1.1
v -3.5 0.5 0.3
v -3.5 0.5 0.2
v -3.5 2.6 -1.4
v -3.5 2.6 -1.5
v -3.5 2.7 -1.4
v -3.5 2.7 -1.5
v -3.5 3.3 -1.4
v -3.5 3.3 -1.5
v -3.5 3.4 -1.4
v -3.5 3.4 -1.5
v -3.3 -0.1 1.8
v -3.3 -0.1 -2
v -3.3 0 1.8
v -3.3 0 -2
v -3.3 0.1 2
v -3.3 0.1 1.9
v -3.3 0.1 -2.1
v -3.3 0.1 -2.2
v -3.3 3.8 2
v -3.3 3.8 1.9
v -3.3 3.8 -2.1
v -3.3 3.8 -2.2
v -3.2 1.8 0.5
v -3.2 1.8 0.4
v -3.2 2.2 0.5
v -3.2 2.2 0.4
v -3.2 2.4 0.2
v -3.2 2.4 -0.3
v -3.2 2.5 0.2
v -3.2 2.5 -0.3
v -3.1 1.4 0.2
v -3.1 1.4 -0.4
v -3.1 1.5 0.2
v -3.1 1.5 -0.4
v -3.1 1.7 0.5
v -3.1 1.7 0.3
v -3.1 1.7 -0.5
v -3.1 1.7 -0.7
v -3.1 1.8 0.5
v -3.1 1.8 0.4
v -3.1 1.8 -0.6
v -3.1 1.8 -0.7
v -3.1 1.9 -0.6
v -3.1 1.9 -0.7
v -3.1 2.2 0.4
v -3.1 2.2 -0.4
v -3.1 2.2 -0.5
v -3.1 2.2 -0.6
v -3.1 2.2 -0.7
v -3.1 2.3 0.4
v -3.1 2.3 0.3
v -3.1 2.3 -0.4
v -3.1 2.3 -0.5
v -3.1 2.3 -0.6
v -3.1 2.4 0.3
v -3.1 2.4 0.2
v -3.1 2.4 -0.3
v -3.1 2.4 -0.4
v -3.1 2.4 -0.5
v -3.1 2.5 -0.3
v -3.1 2.5 -0.4
v -3 2.5 2.2
v -3 2.5 1.9
v -3 2.6 2.3
v -3 2.6 2.2
v -3 2.6 2.1
v -3 2.6 1.9
v -3 2.7 2.2
v -3 2.7 2.1
v -3 3.6 2.2
v -3 3.6 2.1
v -3 3.7 2.3
v -3 3.7 2.2
v -3 3.7 2.1
v -3 3.7 1.9
v -3 3.8 2.2
v -3 3.8 2
v -3 3.8 1.9
v -2.9 0.4 2
v -2.9 0.4 1.9
v -2.9 0.5 2
v -2.9 0.5 1.9
v -2.9 0.6 2
v -2.9 0.6 1.9
v -2.9 0.7 2
v -2.9 0.7 1.9
v -2.9 1.4 0.2
v -2.9 1.4 -0.4
v -2.9 1.5 0.3
v -2.9 1.5 0.2
v -2.9 1.5 -0.4
v -2.9 1.5 -0.5
v -2.9 1.6 0.4
v -2.9 1.6 0.3
v -2.9 1.6 -0.5
v -2.9 1.6 -0.6
v -2.9 1.7 0.5
v -2.9 1.7 0.4
v -2.9 1.7 -0.6
v -2.9 1.7 -0.7
v -2.9 2.2 0.5
v -2.9 2.2 0.4
v -2.9 2.2 -0.6
v -2.9 2.2 -0.7
v -2.9 2.3 0.4
v -2.9 2.3 0.3
v -2.9 2.3 -0.5
v -2.9 2.3 -0.6
v -2.9 2.4 0.3
v -2.9 2.4 0.2
v -2.9 2.4 -0.4
v -2.9 2.4 -0.5
v -2.9 2.5 0.2
v -2.9 2.5 -0.4
v -2.8 0.5 2
v -2.8 0.5 1.9
v -2.8 0.6 2
v -2.8 0.6 1.9
v -2.7 -0.1 1.6
v -2.7 -0.1 1.4
v -2.7 0 1.6
v -2.7 0 1.4
v -2.7 0.3 -2.1
v -2.7 0.3 -2.2
v -2.7 0.5 -2.1
v -2.7 0.5 -2.2
v -2.7 2.5 2.1
v -2.7 2.5 1.9
v -2.7 2.6 2.2
v -2.7 2.6 2.1
v -2.7 2.6 2
v -2.7 2.6 1.9
v -2.7 2.7 2.1
v -2.7 2.7 2
v -2.7 3.3 2.1
v -2.7 3.3 2
v -2.7 3.4 2.2
v -2.7 3.4 2.1
v -2.7 3.4 2
v -2.7 3.4 1.9
v -2.7 3.5 2.1
v -2.7 3.5 1.9
v -2.6 -0.2 1.6
v -2.6 -0.2 1.4
v -2.6 -0.1 1.6
v -2.6 -0.1 1.4
v -2.6 0.3 -2.2
v -2.6 0.3 -2.3
v -2.6 0.5 -2.2
v -2.6 0.5 -2.3
v -2.6 0.8 2
v -2.6 0.8 1.9
v -2.6 0.9 2
v -2.6 0.9 1.9
v -2.6 1 2
v -2.6 1 1.9
v -2.6 1.1 2
v -2.6 1.1 1.9
v -2.5 0.9 2
v -2.5 0.9 1.9
v -2.5 1 2
v -2.5 1 1.9
v -2.3 0.4 2
v -2.3 0.4 1.9
v -2.3 0.5 2
v -2.3 0.5 1.9
v -2.3 0.6 2
v -2.3 0.6 1.9
v -2.3 0.7 2
v -2.3 0.7 1.9
v -2.2 0.5 2
v -2.2 0.5 1.9
v -2.2 0.6 2
v -2.2 0.6 1.9
v -2 0 0.1
v -2 0 -0.4
v -2 0.1 0.1
v -2 0.1 -0.4
v -2 0.2 0.1
v -2 0.2 -0.4
v -2 0.4 0.1
v -2 0.4 -0.4
v -2 1.7 1.9
v -2 1.7 1.7
v -2 1.7 -1.9
v -2 1.7 -2.1
v -2 2.2 1.9
v -2 2.2 1.7
v -2 2.2 -1.9
v -2 2.2 -2.1
v -1.9 0 0.2
v -1.9 0 0.1
v -1.9 0 -0.4
v -1.9 0 -0.5
v -1.9 0.1 0.2
v -1.9 0.1 0.1
v -1.9 0.1 -0.4
v -1.9 0.1 -0.5
v -1.9 0.2 0.1
v -1.9 0.2 -0.4
v -1.9 0.2 -0.5
v -1.9 0.3 0.2
v -1.9 0.3 0.1
v -1.9 0.3 -0.4
v -1.9 0.4 0.2
v -1.9 0.4 0.1
v -1.9 0.4 -0.4
v -1.9 0.4 -0.5
v -1.9 1.6 1.9
v -1.9 1.6 1.7
v -1.9 1.6 -1.9
v -1.9 1.6 -2.1
v -1.9 1.7 1.9
v -1.9 1.7 1.7
v -1.9 1.7 1.6
v -1.9 1.7 -1.8
v -1.9 1.7 -1.9
v -1.9 1.7 -2.1
v -1.9 2.2 1.9
v -1.9 2.2 1.7
v -1.9 2.2 1.6
v -1.9 2.2 -1.8
v -1.9 2.2 -1.9
v -1.9 2.2 -2.1
v -1.9 2.3 1.9
v -1.9 2.3 1.7
v -1.9 2.3 -1.9
v -1.9 2.3 -2.1
v -1.8 0 0.3
v -1.8 0 0.2
v -1.8 0 -0.5
v -1.8 0 -0.6
v -1.8 0.1 0.3
v -1.8 0.1 0.2
v -1.8 0.1 0.1
v -1.8 0.1 -0.4
v -1.8 0.1 -0.5
v -1.8 0.1 -0.6
v -1.8 0.2 0.2
v -1.8 0.2 0.1
v -1.8 0.2 -0.4
v -1.8 0.2 -0.5
v -1.8 0.2 -0.6
v -1.8 0.3 0.3
v -1.8 0.3 0.2
v -1.8 0.3 0.1
v -1.8 0.3 -0.4
v -1.8 0.3 -0.5
v -1.8 0.4 0.3
v -1.8 0.4 0.2
v -1.8 0.4 -0.5
v -1.8 0.4 -0.6
v -1.8 1.5 1.9
v -1.8 1.5 1.7
v -1.8 1.5 -1.9
v -1.8 1.5 -2.1
v -1.8 1.6 1.9
v -1.8 1.6 1.7
v -1.8 1.6 1.6
v -1.8 1.6 -1.8
v -1.8 1.6 -1.9
v -1.8 1.6 -2.1
v -1.8 1.7 1.7
v -1.8 1.7 1.6
v -1.8 1.7 1.5
v -1.8 1.7 -1.7
v -1.8 1.7 -1.8
v -1.8 1.7 -1.9
v -1.8 2.2 1.7
v -1.8 2.2 1.6
v -1.8 2.2 1.5
v -1.8 2.2 -1.7
v -1.8 2.2 -1.8
v -1.8 2.2 -1.9
v -1.8 2.3 1.9
v -1.8 2.3 1.7
v -1.8 2.3 1.6
v -1.8 2.3 -1.8
v -1.8 2.3 -1.9
v -1.8 2.3 -2.1
v -1.8 2.4 1.9
v -1.8 2.4 1.7
v -1.8 2.4 -1.9
v -1.8 2.4 -2.1
v -1.7 0 0.4
v -1.7 0 0.3
v -1.7 0 -0.6
v -1.7 0 -0.7
v -1.7 0.1 0.4
v -1.7 0.1 0.3
v -1.7 0.1 0.2
v -1.7 0.1 -0.5
v -1.7 0.1 -0.6
v -1.7 0.1 -0.7
v -1.7 0.2 0.4
v -1.7 0.2 0.3
v -1.7 0.2 0.2
v -1.7 0.2 0.1
v -1.7 0.2 -0.4
v -1.7 0.2 -0.5
v -1.7 0.2 -0.6
v -1.7 0.2 -0.7
v -1.7 0.3 0.3
v -1.7 0.3 0.2
v -1.7 0.3 0.1
v -1.7 0.3 -0.4
v -1.7 0.3 -0.5
v -1.7 0.3 -0.6
v -1.7 0.4 0.4
v -1.7 0.4 0.3
v -1.7 0.4 -0.6
v -1.7 0.4 -0.7
v -1.7 1.4 1.9
v -1.7 1.4 1.7
v -1.7 1.4 -1.9
v -1.7 1.4 -2.1
v -1.7 1.5 1.9
v -1.7 1.5 1.7
v -1.7 1.5 1.6
v -1.7 1.5 -1.8
v -1.7 1.5 -1.9
v -1.7 1.5 -2.1
v -1.7 1.6 1.7
v -1.7 1.6 1.6
v -1.7 1.6 1.5
v -1.7 1.6 -1.7
v -1.7 1.6 -1.8
v -1.7 1.6 -1.9
v -1.7 1.7 1.6
v -1.7 1.7 1.5
v -1.7 1.7 -1.7
v -1.7 1.7 -1.8
v -1.7 2.2 1.6
v -1.7 2.2 1.5
v -1.7 2.2 -1.7
v -1.7 2.2 -1.8
v -1.7 2.3 1.7
v -1.7 2.3 1.6
v -1.7 2.3 1.5
v -1.7 2.3 -1.7
v -1.7 2.3 -1.8
v -1.7 2.3 -1.9
v -1.7 2.4 1.9
v -1.7 2.4 1.7
v -1.7 2.4 1.6
v -1.7 2.4 -1.8
v -1.7 2.4 -1.9
v -1.7 2.4 -2.1
v -1.7 2.5 1.9
v -1.7 2.5 1.7
v -1.7 2.5 -1.9
v -1.7 2.5 -2.1
v -1.6 -0.4 1.6
v -1.6 -0.4 1.4
v -1.6 -0.3 1.6
v -1.6 -0.3 1.4
v -1.6 0.3 -2.4
v -1.6 0.3 -2.5
v -1.6 0.5 -2.4
v -1.6 0.5 -2.5
v -1.5 -0.3 1.6
v -1.5 -0.3 1.4
v -1.5 -0.2 1.6
v -1.5 -0.2 1.4
v -1.5 0.3 -2.3
v -1.5 0.3 -2.4
v -1.5 0.5 -2.3
v -1.5 0.5 -2.4
v -1.4 -0.2 1.6
v -1.4 -0.2 1.4
v -1.4 -0.1 1.6
v -1.4 -0.1 1.4
v -1.4 0.3 -2.2
v -1.4 0.3 -2.3
v -1.4 0.5 -2.2
v -1.4 0.5 -2.3
v -1.3 -0.1 1.6
v -1.3 -0.1 1.4
v -1.3 0 1.6
v -1.3 0 1.4
v -1.3 0.3 -2.1
v -1.3 0.3 -2.2
v -1.3 0.5 -2.1
v -1.3 0.5 -2.2
v -1.2 0.2 -0.5
v -1.2 0.2 -0.6
v -1.2 0.3 -0.5
v -1.2 0.3 -0.6
v -1.1 0.2 -0.4
v -1.1 0.2 -0.5
v -1.1 0.3 2
v -1.1 0.3 1.9
v -1.1 0.3 -0.4
v -1.1 0.3 -0.5
v -1.1 0.5 2
v -1.1 0.5 1.9
v -1 0.2 0.1
v -1 0.2 -0.4
v -1 0.3 2.1
v -1 0.3 2
v -1 0.3 0.1
v -1 0.3 -0.4
v -1 0.5 2.1
v -1 0.5 2
v -0.5 -0.1 1.5
v -0.5 -0.1 1.4
v -0.5 -0.1 1.3
v -0.5 -0.1 1.2
v -0.5 0 1.5
v -0.5 0 1.4
v -0.5 0 1.3
v -0.5 0 1.2
v -0.5 0.4 -2.1
v -0.5 0.4 -2.2
v -0.5 0.5 -2.1
v -0.5 0.5 -2.2
v -0.5 0.6 -2.1
v -0.5 0.6 -2.2
v -0.5 0.7 -2.1
v -0.5 0.7 -2.2
v -0.5 1.4 0.2
v -0.5 1.4 -0.4
v -0.5 1.5 0.3
v -0.5 1.5 0.2
v -0.5 1.5 -0.4
v -0.5 1.5 -0.5
v -0.5 1.6 0.4
v -0.5 1.6 0.3
v -0.5 1.6 -0.5
v -0.5 1.6 -0.6
v -0.5 1.7 0.5
v -0.5 1.7 0.4
v -0.5 1.7 -0.6
v -0.5 1.7 -0.7
v -0.5 2.2 0.5
v -0.5 2.2 0.4
v -0.5 2.2 -0.6
v -0.5 2.2 -0.7
v -0.5 2.3 0.4
v -0.5 2.3 0.3
v -0.5 2.3 -0.5
v -0.5 2.3 -0.6
v -0.5 2.4 0.3
v -0.5 2.4 0.2
v -0.5 2.4 -0.4
v -0.5 2.4 -0.5
v -0.5 2.5 0.2
v -0.5 2.5 -0.4
v -0.4 -0.1 1.4
v -0.4 -0.1 1.3
v -0.4 0 1.4
v -0.4 0 1.3
v -0.4 0.5 -2.1
v -0.4 0.5 -2.2
v -0.4 0.6 -2.1
v -0.4 0.6 -2.2
v -0.2 -0.1 1.1
v -0.2 -0.1 1
v -0.2 -0.1 0.9
v -0.2 -0.1 0.8
v -0.2 0 1.1
v -0.2 0 1
v -0.2 0 0.9
v -0.2 0 0.8
v -0.2 0.8 -2.1
v -0.2 0.8 -2.2
v -0.2 0.9 -2.1
v -0.2 0.9 -2.2
v -0.2 1 -2.1
v -0.2 1 -2.2
v -0.2 1.1 -2.1
v -0.2 1.1 -2.2
v -0.1 -0.3 -0.8
v -0.1 -0.3 -1.6
v -0.1 -0.2 -0.7
v -0.1 -0.2 -0.8
v -0.1 -0.2 -0.9
v -0.1 -0.2 -1.5
v -0.1 -0.2 -1.6
v -0.1 -0.2 -1.7
v -0.1 -0.1 1
v -0.1 -0.1 0.9
v -0.1 -0.1 -0.8
v -0.1 -0.1 -0.9
v -0.1 -0.1 -1.5
v -0.1 -0.1 -1.6
v -0.1 0 1
v -0.1 0 0.9
v -0.1 0 -0.7
v -0.1 0 -0.8
v -0.1 0 -1.6
v -0.1 0 -1.7
v -0.1 0.9 -2.1
v -0.1 0.9 -2.2
v -0.1 1 -2.1
v -0.1 1 -2.2
v -0.1 2 -0.6
v -0.1 2 -0.7
v -0.1 2.2 -0.6
v -0.1 2.2 -0.7
v -0.1 2.5 -2.1
v -0.1 2.5 -2.3
v -0.1 2.6 -2.1
v -0.1 2.6 -2.2
v -0.1 2.6 -2.3
v -0.1 2.6 -2.4
v -0.1 2.7 -2.2
v -0.1 2.7 -2.3
v -0.1 3.3 -2.2
v -0.1 3.3 -2.3
v -0.1 3.4 -2.1
v -0.1 3.4 -2.2
v -0.1 3.4 -2.3
v -0.1 3.4 -2.4
v -0.1 3.5 -2.1
v -0.1 3.5 -2.3
v 0 0.3 2.3
v 0 0.3 2.2
v 0 0.5 2.3
v 0 0.5 2.2
v 0.0999999 -0.1 1.5
v 0.0999999 -0.1 1.4
v 0.0999999 -0.1 1.3
v 0.0999999 -0.1 1.2
v 0.0999999 0 1.5
v 0.0999999 0 1.4
v 0.0999999 0 1.3
v 0.0999999 0 1.2
v 0.0999999 0.3 2.2
v 0.0999999 0.3 2.1
v 0.0999999 0.4 -2.1
v 0.0999999 0.4 -2.2
v 0.0999999 0.5 2.2
v 0.0999999 0.5 2.1
v 0.0999999 0.5 -2.1
v 0.0999999 0.5 -2.2
v 0.0999999 0.6 -2.1
v 0.0999999 0.6 -2.2
v 0.0999999 0.7 -2.1
v 0.0999999 0.7 -2.2
v 0.2 -0.4 -0.8
v 0.2 -0.4 -1.9
v 0.2 -0.3 -0.7
v 0.2 -0.3 -0.8
v 0.2 -0.3 -0.9
v 0.2 -0.3 -1.8
v 0.2 -0.3 -1.9
v 0.2 -0.3 -2
v 0.2 -0.2 -0.8
v 0.2 -0.2 -0.9
v 0.2 -0.2 -1.8
v 0.2 -0.2 -1.9
v 0.2 -0.1 1.4
v 0.2 -0.1 1.3
v 0.2 -0.1 -2
v 0.2 0 1.4
v 0.2 0 1.3
v 0.2 0 -0.7
v 0.2 0 -0.8
v 0.2 0 -1.9
v 0.2 0 -2
v 0.2 0.3 2.1
v 0.2 0.3 2
v 0.2 0.5 2.1
v 0.2 0.5 2
v 0.2 0.5 -2.1
v 0.2 0.5 -2.2
v 0.2 0.6 -2.1
v 0.2 0.6 -2.2
v 0.2 1.6 0.4
v 0.2 1.6 0.3
v 0.2 1.6 0.2
v 0.2 1.6 -0.4
v 0.2 1.6 -0.5
v 0.2 1.6 -0.6
v 0.2 1.7 0.5
v 0.2 1.7 0.4
v 0.2 1.7 0.3
v 0.2 1.7 0.2
v 0.2 1.7 -0.4
v 0.2 1.7 -0.5
v 0.2 1.7 -0.6
v 0.2 1.7 -0.7
v 0.2 2.2 0.5
v 0.2 2.2 0.4
v 0.2 2.2 0.3
v 0.2 2.2 0.2
v 0.2 2.2 -0.4
v 0.2 2.2 -0.5
v 0.2 2.2 -0.6
v 0.2 2.2 -0.7
v 0.2 2.3 0.4
v 0.2 2.3 0.3
v 0.2 2.3 0.2
v 0.2 2.3 -0.4
v 0.2 2.3 -0.5
v 0.2 2.3 -0.6
v 0.2 2.4 0.3
v 0.2 2.4 0.2
v 0.2 2.4 -0.4
v 0.2 2.4 -0.5
v 0.2 2.5 0.2
v 0.2 2.5 -0.4
v 0.2 2.5 -2.1
v 0.2 2.5 -2.4
v 0.2 2.6 -2.1
v 0.2 2.6 -2.3
v 0.2 2.6 -2.4
v 0.2 2.6 -2.5
v 0.2 2.7 -2.3
v 0.2 2.7 -2.4
v 0.2 3.6 -2.3
v 0.2 3.6 -2.4
v 0.2 3.7 -2.1
v 0.2 3.7 -2.3
v 0.2 3.7 -2.4
v 0.2 3.7 -2.5
v 0.2 3.8 -2.1
v 0.2 3.8 -2.2
v 0.2 3.8 -2.4
v 0.3 0.3 2
v 0.3 0.3 1.9
v 0.3 0.5 2
v 0.3 0.5 1.9
v 0.3 1.5 0.2
v 0.3 1.5 -0.4
v 0.3 1.6 0.3
v 0.3 1.6 0.2
v 0.3 1.6 -0.4
v 0.3 1.6 -0.5
v 0.3 1.7 0.4
v 0.3 1.7 0.3
v 0.3 1.7 0.2
v 0.3 1.7 -0.4
v 0.3 1.7 -0.5
v 0.3 1.7 -0.6
v 0.3 2.2 0.4
v 0.3 2.2 0.3
v 0.3 2.2 0.2
v 0.3 2.2 -0.4
v 0.3 2.2 -0.5
v 0.3 2.2 -0.6
v 0.3 2.3 0.3
v 0.3 2.3 0.2
v 0.3 2.3 -0.4
v 0.3 2.3 -0.5
v 0.3 2.4 0.2
v 0.3 2.4 -0.4
v 0.4 1.4 0.2
v 0.4 1.4 -0.4
v 0.4 1.5 0.3
v 0.4 1.5 0.2
v 0.4 1.5 -0.4
v 0.4 1.5 -0.5
v 0.4 1.6 0.4
v 0.4 1.6 0.3
v 0.4 1.6 0.2
v 0.4 1.6 -0.4
v 0.4 1.6 -0.5
v 0.4 1.6 -0.6
v 0.4 1.7 0.5
v 0.4 1.7 0.4
v 0.4 1.7 0.3
v 0.4 1.7 -0.5
v 0.4 1.7 -0.6
v 0.4 1.7 -0.7
v 0.4 2.2 0.5
v 0.4 2.2 0.4
v 0.4 2.2 0.3
v 0.4 2.2 -0.5
v 0.4 2.2 -0.6
v 0.4 2.2 -0.7
v 0.4 2.3 0.4
v 0.4 2.3 0.3
v 0.4 2.3 0.2
v 0.4 2.3 -0.4
v 0.4 2.3 -0.5
v 0.4 2.3 -0.6
v 0.4 2.4 0.3
v 0.4 2.4 0.2
v 0.4 2.4 -0.4
v 0.4 2.4 -0.5
v 0.4 2.5 0.2
v 0.4 2.5 -0.4
v 0.5 0.1 1.8
v 0.5 0.1 -2
v 0.5 0.3 0
v 0.5 0.3 -0.4
v 0.5 0.3 -1.4
v 0.5 0.3 -1.8
v 0.5 0.4 1.5
v 0.5 0.4 1.4
v 0.5 0.4 0.9
v 0.5 0.4 0.8
v 0.5 0.5 1.6
v 0.5 0.5 1.5
v 0.5 0.5 1.4
v 0.5 0.5 1.3
v 0.5 0.5 1
v 0.5 0.5 0.9
v 0.5 0.5 0.8
v 0.5 0.5 0.7
v 0.5 0.5 0
v 0.5 0.5 -0.4
v 0.5 0.5 -1.4
v 0.5 0.5 -1.8
v 0.5 0.6 1.6
v 0.5 0.6 1.5
v 0.5 0.6 1.4
v 0.5 0.6 1.3
v 0.5 0.6 1
v 0.5 0.6 0.9
v 0.5 0.6 0.8
v 0.5 0.6 0.7
v 0.5 0.7 1.5
v 0.5 0.7 1.4
v 0.5 0.7 0.9
v 0.5 0.7 0.8
v 0.5 0.8 1.2
v 0.5 0.8 1.1
v 0.5 0.9 1.3
v 0.5 0.9 1.2
v 0.5 0.9 1.1
v 0.5 0.9 1
v 0.5 1 1.3
v 0.5 1 1.2
v 0.5 1 1.1
v 0.5 1 1
v 0.5 1.1 1.2
v 0.5 1.1 1.1
v 0.5 1.4 0.2
v 0.5 1.4 -0.4
v 0.5 1.5 0.3
v 0.5 1.5 0.2
v 0.5 1.5 -0.4
v 0.5 1.5 -0.5
v 0.5 1.6 0.4
v 0.5 1.6 0.3
v 0.5 1.6 -0.5
v 0.5 1.6 -0.6
v 0.5 1.7 0.5
v 0.5 1.7 0.4
v 0.5 1.7 -0.6
v 0.5 1.7 -0.7
v 0.5 2.2 0.5
v 0.5 2.2 0.4
v 0.5 2.2 -0.6
v 0.5 2.2 -0.7
v 0.5 2.3 0.4
v 0.5 2.3 0.3
v 0.5 2.3 -0.5
v 0.5 2.3 -0.6
v 0.5 2.4 0.3
v 0.5 2.4 0.2
v 0.5 2.4 -0.4
v 0.5 2.4 -0.5
v 0.5 2.5 1.6
v 0.5 2.5 1.5
v 0.5 2.5 1.3
v 0.5 2.5 1.2
v 0.5 2.5 0.2
v 0.5 2.5 -0.4
v 0.5 2.6 1.6
v 0.5 2.6 1.5
v 0.5 2.6 1.3
v 0.5 2.6 1.2
v 0.5 3.4 1.3
v 0.5 3.4 1.2
v 0.5 3.5 1.3
v 0.5 3.5 1.2
v 0.5 3.7 1.6
v 0.5 3.7 1.5
v 0.5 3.8 1.8
v 0.5 3.8 1.6
v 0.5 3.8 1.5
v 0.5 3.8 -2
v 0.6 -0.1 2
v 0.6 -0.1 -2.2
v 0.6 0 2
v 0.6 0 -2.2
v 0.6 0.1 2
v 0.6 0.1 1.9
v 0.6 0.1 1.8
v 0.6 0.1 -2
v 0.6 0.1 -2.1
v 0.6 0.1 -2.2
v 0.6 0.3 0
v 0.6 0.3 -0.0999999
v 0.6 0.3 -1.7
v 0.6 0.3 -1.8
v 0.6 0.4 1.5
v 0.6 0.4 1.4
v 0.6 0.4 0.9
v 0.6 0.4 0.8
v 0.6 0.5 1.6
v 0.6 0.5 1.5
v 0.6 0.5 1.4
v 0.6 0.5 1.3
v 0.6 0.5 1
v 0.6 0.5 0.9
v 0.6 0.5 0.8
v 0.6 0.5 0.7
v 0.6 0.5 0
v 0.6 0.5 -0.0999999
v 0.6 0.5 -1.7
v 0.6 0.5 -1.8
v 0.6 0.6 1.6
v 0.6 0.6 1.5
v 0.6 0.6 1.4
v 0.6 0.6 1.3
v 0.6 0.6 1
v 0.6 0.6 0.9
v 0.6 0.6 0.8
v 0.6 0.6 0.7
v 0.6 0.7 1.5
v 0.6 0.7 1.4
v 0.6 0.7 0.9
v 0.6 0.7 0.8
v 0.6 0.8 1.2
v 0.6 0.8 1.1
v 0.6 0.9 1.3
v 0.6 0.9 1.2
v 0.6 0.9 1.1
v 0.6 0.9 1
v 0.6 1 1.3
v 0.6 1 1.2
v 0.6 1 1.1
v 0.6 1 1
v 0.6 1.1 1.2
v 0.6 1.1 1.1
v 0.6 3.8 2
v 0.6 3.8 1.9
v 0.6 3.8 1.8
v 0.6 3.8 1.6
v 0.6 3.8 1.5
v 0.6 3.8 -2
v 0.6 3.8 -2.1
v 0.6 3.8 -2.2
v 0.6 3.9 2
v 0.6 3.9 -2.2
v 0.6 4 2
v 0.6 4 -2.2
v 0.7 0.3 -0.0999999
v 0.7 0.3 -0.2
v 0.7 0.3 -1.6
v 0.7 0.3 -1.7
v 0.7 0.5 -0.0999999
v 0.7 0.5 -0.2
v 0.7 0.5 -1.6
v 0.7 0.5 -1.7
v 0.7 2.5 1.3
v 0.7 2.5 1.2
v 0.7 2.6 1.3
v 0.7 2.6 1.2
v 0.7 3.4 1.3
v 0.7 3.4 1.2
v 0.7 3.5 1.3
v 0.7 3.5 1.2
v 0.8 0.3 -0.2
v 0.8 0.3 -0.3
v 0.8 0.3 -1.5
v 0.8 0.3 -1.6
v 0.8 0.5 -0.2
v 0.8 0.5 -0.3
v 0.8 0.5 -1.5
v 0.8 0.5 -1.6
v 0.8 2.5 1.6
v 0.8 2.5 1.5
v 0.8 2.6 1.6
v 0.8 2.6 1.5
v 0.8 2.6 1.3
v 0.8 2.6 1.2
v 0.8 3.4 1.3
v 0.8 3.4 1.2
v 0.8 3.7 1.6
v 0.8 3.7 1.5
v 0.8 3.8 1.6
v 0.8 3.8 1.5
v 0.9 0.3 -0.3
v 0.9 0.3 -1.5
v 0.9 0.5 -0.3
v 0.9 0.5 -1.5
v 0.9 2.6 1.6
v 0.9 2.6 1.5
v 0.9 3.7 1.6
v 0.9 3.7 1.5
v -3.1 2.6 2.3
v -3.1 3.7 2.3
v -3 2.6 2.3
v -3 3.7 2.3
v -1.2 0.3 2.3
v -1.2 0.5 2.3
v 0 0.3 2.3
v 0 0.5 2.3
v -3.1 2.5 2.2
v -3.1 2.6 2.2
v -3.1 3.7 2.2
v -3.1 3.8 2.2
v -3 2.5 2.2
v -3 2.6 2.2
v -3 3.7 2.2
v -3 3.8 2.2
v -2.8 2.6 2.2
v -2.8 3.4 2.2
v -2.7 2.6 2.2
v -2.7 3.4 2.2
v -1.3 0.3 2.2
v -1.3 0.5 2.2
v -1.2 0.3 2.2
v -1.2 0.5 2.2
v 0 0.3 2.2
v 0 0.5 2.2
v 0.0999999 0.3 2.2
v 0.0999999 0.5 2.2
v -2.8 2.5 2.1
v -2.8 2.6 2.1
v -2.8 3.4 2.1
v -2.8 3.5 2.1
v -2.7 2.5 2.1
v -2.7 2.6 2.1
v -2.7 3.4 2.1
v -2.7 3.5 2.1
v -1.4 0.3 2.1
v -1.4 0.5 2.1
v -1.3 0.3 2.1
v -1.3 0.5 2.1
v 0.0999999 0.3 2.1
v 0.0999999 0.5 2.1
v 0.2 0.3 2.1
v 0.2 0.5 2.1
v -3.5 -0.1 2
v -3.5 0 2
v -3.5 0.1 2
v -3.5 3.8 2
v -3.5 3.9 2
v -3.5 4 2
v -3.4 0.1 2
v -3.4 3.8 2
v -3.3 0.1 2
v -3.3 3.8 2
v -3.1 0.5 2
v -3.1 0.6 2
v -3.1 3.8 2
v -3 0.4 2
v -3 0.5 2
v -3 0.6 2
v -3 0.7 2
v -3 3.8 2
v -2.9 0.4 2
v -2.9 0.5 2
v -2.9 0.6 2
v -2.9 0.7 2
v -2.8 0.5 2
v -2.8 0.6 2
v -2.8 0.9 2
v -2.8 1 2
v -2.7 0.8 2
v -2.7 0.9 2
v -2.7 1 2
v -2.7 1.1 2
v -2.6 0.8 2
v -2.6 0.9 2
v -2.6 1 2
v -2.6 1.1 2
v -2.5 0.5 2
v -2.5 0.6 2
v -2.5 0.9 2
v -2.5 1 2
v -2.4 0.4 2
v -2.4 0.5 2
v -2.4 0.6 2
v -2.4 0.7 2
v -2.3 0.4 2
v -2.3 0.5 2
v -2.3 0.6 2
v -2.3 0.7 2
v -2.2 0.5 2
v -2.2 0.6 2
v -1.5 0.3 2
v -1.5 0.5 2
v -1.4 0.3 2
v -1.4 0.5 2
v 0.2 0.3 2
v 0.2 0.5 2
v 0.3 0.3 2
v 0.3 0.5 2
v 0.4 0.1 2
v 0.4 3.8 2
v 0.5 0.1 2
v 0.5 3.8 2
v 0.6 -0.1 2
v 0.6 0 2
v 0.6 0.1 2
v 0.6 3.8 2
v 0.6 3.9 2
v 0.6 4 2
v -3.3 0.1 1.9
v -3.3 3.8 1.9
v -3.1 0.5 1.9
v -3.1 0.6 1.9
v -3.1 2.5 1.9
v -3.1 2.6 1.9
v -3.1 3.7 1.9
v -3.1 3.8 1.9
v -3 0.4 1.9
v -3 0.5 1.9
v -3 0.6 1.9
v -3 0.7 1.9
v -3 2.5 1.9
v -3 2.6 1.9
v -3 3.7 1.9
v -3 3.8 1.9
v -2.9 0.4 1.9
v -2.9 0.5 1.9
v -2.9 0.6 1.9
v -2.9 0.7 1.9
v -2.8 0.5 1.9
v -2.8 0.6 1.9
v -2.8 0.9 1.9
v -2.8 1 1.9
v -2.8 2.5 1.9
v -2.8 2.6 1.9
v -2.8 3.4 1.9
v -2.8 3.5 1.9
v -2.7 0.8 1.9
v -2.7 0.9 1.9
v -2.7 1 1.9
v -2.7 1.1 1.9
v -2.7 2.5 1.9
v -2.7 2.6 1.9
v -2.7 3.4 1.9
v -2.7 3.5 1.9
v -2.6 0.8 1.9
v -2.6 0.9 1.9
v -2.6 1 1.9
v -2.6 1.1 1.9
v -2.5 0.5 1.9
v -2.5 0.6 1.9
v -2.5 0.9 1.9
v -2.5 1 1.9
v -2.4 0.4 1.9
v -2.4 0.5 1.9
v -2.4 0.6 1.9
v -2.4 0.7 1.9
v -2.3 0.4 1.9
v -2.3 0.5 1.9
v -2.3 0.6 1.9
v -2.3 0.7 1.9
v -2.2 0.5 1.9
v -2.2 0.6 1.9
v -2 1.7 1.9
v -2 2.2 1.9
v -1.9 1.6 1.9
v -1.9 1.7 1.9
v -1.9 2.2 1.9
v -1.9 2.3 1.9
v -1.8 1.5 1.9
v -1.8 1.6 1.9
v -1.8 2.3 1.9
v -1.8 2.4 1.9
v -1.7 1.4 1.9
v -1.7 1.5 1.9
v -1.7 2.4 1.9
v -1.7 2.5 1.9
v -1.5 0.3 1.9
v -1.5 0.5 1.9
v -1.2 1.4 1.9
v -1.2 1.5 1.9
v -1.2 2.4 1.9
v -1.2 2.5 1.9
v -1.1 0.3 1.9
v -1.1 0.5 1.9
v -1.1 1.5 1.9
v -1.1 1.6 1.9
v -1.1 2.3 1.9
v -1.1 2.4 1.9
v -1 1.6 1.9
v -1 1.7 1.9
v -1 2.2 1.9
v -1 2.3 1.9
v -0.9 1.7 1.9
v -0.9 2.2 1.9
v -0.1 0.3 1.9
v -0.1 0.5 1.9
v 0.3 0.3 1.9
v 0.3 0.5 1.9
v 0.4 0.1 1.9
v 0.4 3.8 1.9
v -2 1.7 1.7
v -2 2.2 1.7
v -1.9 1.6 1.7
v -1.9 1.7 1.7
v -1.9 2.2 1.7
v -1.9 2.3 1.7
v -1.8 1.5 1.7
v -1.8 1.6 1.7
v -1.8 1.7 1.7
v -1.8 2.2 1.7
v -1.8 2.3 1.7
v -1.8 2.4 1.7
v -1.7 1.4 1.7
v -1.7 1.5 1.7
v -1.7 1.6 1.7
v -1.7 2.3 1.7
v -1.7 2.4 1.7
v -1.7 2.5 1.7
v -1.2 1.4 1.7
v -1.2 1.5 1.7
v -1.2 1.6 1.7
v -1.2 2.3 1.7
v -1.2 2.4 1.7
v -1.2 2.5 1.7
v -1.1 1.5 1.7
v -1.1 1.6 1.7
v -1.1 1.7 1.7
v -1.1 2.2 1.7
v -1.1 2.3 1.7
v -1.1 2.4 1.7
v -1 1.6 1.7
v -1 1.7 1.7
v -1 2.2 1.7
v -1 2.3 1.7
v -0.9 1.7 1.7
v -0.9 2.2 1.7
v -3.5 0.3 1.6
v -3.5 0.5 1.6
v -3.4 0.3 1.6
v -3.4 0.5 1.6
v -3.1 -0.1 1.6
v -3.1 0 1.6
v -3 -0.2 1.6
v -3 -0.1 1.6
v -2.9 -0.3 1.6
v -2.9 -0.2 1.6
v -2.8 -0.4 1.6
v -2.8 -0.3 1.6
v -2.7 -0.1 1.6
v -2.7 0 1.6
v -2.6 -0.2 1.6
v -2.6 -0.1 1.6
v -1.9 1.7 1.6
v -1.9 2.2 1.6
v -1.8 -0.2 1.6
v -1.8 -0.1 1.6
v -1.8 1.6 1.6
v -1.8 1.7 1.6
v -1.8 2.2 1.6
v -1.8 2.3 1.6
v -1.7 -0.1 1.6
v -1.7 0 1.6
v -1.7 1.5 1.6
v -1.7 1.6 1.6
v -1.7 1.7 1.6
v -1.7 2.2 1.6
v -1.7 2.3 1.6
v -1.7 2.4 1.6
v -1.6 -0.4 1.6
v -1.6 -0.3 1.6
v -1.5 -0.3 1.6
v -1.5 -0.2 1.6
v -1.4 -0.2 1.6
v -1.4 -0.1 1.6
v -1.3 -0.1 1.6
v -1.3 0 1.6
v -1.2 1.5 1.6
v -1.2 1.6 1.6
v -1.2 1.7 1.6
v -1.2 2.2 1.6
v -1.2 2.3 1.6
v -1.2 2.4 1.6
v -1.1 1.6 1.6
v -1.1 1.7 1.6
v -1.1 2.2 1.6
v -1.1 2.3 1.6
v -1 1.7 1.6
v -1 2.2 1.6
v 0.5 0.5 1.6
v 0.5 0.6 1.6
v 0.5 2.5 1.6
v 0.5 2.6 1.6
v 0.5 3.7 1.6
v 0.5 3.8 1.6
v 0.6 0.5 1.6
v 0.6 0.6 1.6
v 0.6 3.8 1.6
v 0.7 2.6 1.6
v 0.7 2.7 1.6
v 0.7 3.6 1.6
v 0.7 3.7 1.6
v 0.8 2.5 1.6
v 0.8 2.6 1.6
v 0.8 2.7 1.6
v 0.8 3.6 1.6
v 0.8 3.7 1.6
v 0.8 3.8 1.6
v 0.9 2.6 1.6
v 0.9 3.7 1.6
v -3.6 0.3 1.5
v -3.6 0.5 1.5
v -3.5 0.3 1.5
v -3.5 0.5 1.5
v -1.8 1.7 1.5
v -1.8 2.2 1.5
v -1.7 1.6 1.5
v -1.7 1.7 1.5
v -1.7 2.2 1.5
v -1.7 2.3 1.5
v -1.2 1.6 1.5
v -1.2 1.7 1.5
v -1.2 2.2 1.5
v -1.2 2.3 1.5
v -1.1 1.7 1.5
v -1.1 2.2 1.5
v -0.6 -0.1 1.5
v -0.6 0 1.5
v -0.5 -0.1 1.5
v -0.5 0 1.5
v 0 -0.1 1.5
v 0 0 1.5
v 0.0999999 -0.1 1.5
v 0.0999999 0 1.5
v 0.5 0.4 1.5
v 0.5 0.5 1.5
v 0.5 0.6 1.5
v 0.5 0.7 1.5
v 0.6 0.4 1.5
v 0.6 0.5 1.5
v 0.6 0.6 1.5
v 0.6 0.7 1.5
v -3.7 0.3 1.4
v -3.7 0.5 1.4
v -3.6 0.3 1.4
v -3.6 0.5 1.4
v -0.7 -0.1 1.4
v -0.7 0 1.4
v -0.6 -0.1 1.4
v -0.6 0 1.4
v -0.5 -0.1 1.4
v -0.5 0 1.4
v -0.4 -0.1 1.4
v -0.4 0 1.4
v -0.1 -0.1 1.4
v -0.1 0 1.4
v 0 -0.1 1.4
v 0 0 1.4
v 0.0999999 -0.1 1.4
v 0.0999999 0 1.4
v 0.2 -0.1 1.4
v 0.2 0 1.4
v -3.8 0.3 1.3
v -3.8 0.5 1.3
v -3.7 0.3 1.3
v -3.7 0.5 1.3
v 0.5 0.9 1.3
v 0.5 1 1.3
v 0.5 2.5 1.3
v 0.5 2.6 1.3
v 0.5 3.4 1.3
v 0.5 3.5 1.3
v 0.6 0.9 1.3
v 0.6 1 1.3
v 0.6 2.6 1.3
v 0.6 2.7 1.3
v 0.6 3.3 1.3
v 0.6 3.4 1.3
v 0.7 2.5 1.3
v 0.7 2.6 1.3
v 0.7 2.7 1.3
v 0.7 3.3 1.3
v 0.7 3.4 1.3
v 0.7 3.5 1.3
v 0.8 2.6 1.3
v 0.8 3.4 1.3
v 0.5 0.8 1.2
v 0.5 0.9 1.2
v 0.5 1 1.2
v 0.5 1.1 1.2
v 0.6 0.8 1.2
v 0.6 0.9 1.2
v 0.6 1 1.2
v 0.6 1.1 1.2
v -0.3 -0.1 1.1
v -0.3 0 1.1
v -0.2 -0.1 1.1
v -0.2 0 1.1
v -0.4 -0.1 1
v -0.4 0 1
v -0.3 -0.1 1
v -0.3 0 1
v -0.2 -0.1 1
v -0.2 0 1
v -0.1 -0.1 1
v -0.1 0 1
v 0.5 0.5 1
v 0.5 0.6 1
v 0.6 0.5 1
v 0.6 0.6 1
v 0.5 0.4 0.9
v 0.5 0.5 0.9
v 0.5 0.6 0.9
v 0.5 0.7 0.9
v 0.6 0.4 0.9
v 0.6 0.5 0.9
v 0.6 0.6 0.9
v 0.6 0.7 0.9
v -3.2 1.8 0.4
v -3.2 2.2 0.4
v -3.1 1.8 0.4
v -3.1 2.2 0.4
v 0.2 1.7 0.4
v 0.2 2.2 0.4
v 0.3 1.7 0.4
v 0.3 2.2 0.4
v -3.6 0.3 0.3
v -3.6 0.5 0.3
v -3.5 0.3 0.3
v -3.5 0.5 0.3
v -3.1 1.7 0.3
v -3.1 2.3 0.3
v -3 1.7 0.3
v -3 2.3 0.3
v -1.7 0.2 0.3
v -1.7 0.3 0.3
v -1.4 0.2 0.3
v -1.4 0.3 0.3
v 0.2 1.6 0.3
v 0.2 1.7 0.3
v 0.2 2.2 0.3
v 0.2 2.3 0.3
v 0.3 1.6 0.3
v 0.3 1.7 0.3
v 0.3 2.2 0.3
v 0.3 2.3 0.3
v -3.5 0.3 0.2
v -3.5 0.5 0.2
v -3.4 0.3 0.2
v -3.4 0.5 0.2
v 0.2 2.3 0.2
v 0.2 2.4 0.2
v 0.3 2.3 0.2
v 0.3 2.4 0.2
v 0.5 0.3 0
v 0.5 0.5 0
v 0.6 0.3 0
v 0.6 0.5 0
v 0.6 0.3 -0.0999999
v 0.6 0.5 -0.0999999
v 0.7 0.3 -0.0999999
v 0.7 0.5 -0.0999999
v 0.7 0.3 -0.2
v 0.7 0.5 -0.2
v 0.8 0.3 -0.2
v 0.8 0.5 -0.2
v -3.2 2.4 -0.3
v -3.2 2.5 -0.3
v -3.1 2.4 -0.3
v -3.1 2.5 -0.3
v 0.8 0.3 -0.3
v 0.8 0.5 -0.3
v 0.9 0.3 -0.3
v 0.9 0.5 -0.3
v -3.4 1.4 -0.4
v -3.4 1.5 -0.4
v -3.4 2.4 -0.4
v -3.4 2.5 -0.4
v -3.3 1.4 -0.4
v -3.3 1.5 -0.4
v -3.3 1.6 -0.4
v -3.3 2.3 -0.4
v -3.3 2.4 -0.4
v -3.3 2.5 -0.4
v -3.2 1.5 -0.4
v -3.2 1.6 -0.4
v -3.2 1.7 -0.4
v -3.2 2.2 -0.4
v -3.2 2.3 -0.4
v -3.2 2.4 -0.4
v -3.1 1.4 -0.4
v -3.1 1.5 -0.4
v -3.1 1.6 -0.4
v -3.1 1.7 -0.4
v -3.1 2.2 -0.4
v -3.1 2.3 -0.4
v -3.1 2.4 -0.4
v -3.1 2.5 -0.4
v -3 1.4 -0.4
v -3 1.5 -0.4
v -3 2.4 -0.4
v -3 2.5 -0.4
v -2.9 1.4 -0.4
v -2.9 1.5 -0.4
v -2.9 2.4 -0.4
v -2.9 2.5 -0.4
v -2.4 1.4 -0.4
v -2.4 1.5 -0.4
v -2.4 2.4 -0.4
v -2.4 2.5 -0.4
v -2 0 -0.4
v -2 0.1 -0.4
v -2 0.2 -0.4
v -2 0.4 -0.4
v -1.9 0 -0.4
v -1.9 0.1 -0.4
v -1.9 0.2 -0.4
v -1.9 0.3 -0.4
v -1.9 0.4 -0.4
v -1.8 0.1 -0.4
v -1.8 0.2 -0.4
v -1.8 0.3 -0.4
v -1.7 0.2 -0.4
v -1.7 0.3 -0.4
v -1.2 0.2 -0.4
v -1.2 0.3 -0.4
v -1.1 0.1 -0.4
v -1.1 0.2 -0.4
v -1.1 0.3 -0.4
v -1 0 -0.4
v -1 0.1 -0.4
v -1 0.2 -0.4
v -1 0.3 -0.4
v -1 0.4 -0.4
v -0.9 0 -0.4
v -0.9 0.1 -0.4
v -0.9 0.2 -0.4
v -0.9 0.4 -0.4
v -0.5 1.4 -0.4
v -0.5 1.5 -0.4
v -0.5 2.4 -0.4
v -0.5 2.5 -0.4
v 0 1.5 -0.4
v 0 1.6 -0.4
v 0.0999999 1.5 -0.4
v 0.0999999 1.6 -0.4
v 0.0999999 2.4 -0.4
v 0.0999999 2.5 -0.4
v 0.2 1.4 -0.4
v 0.2 1.5 -0.4
v 0.2 1.6 -0.4
v 0.2 1.7 -0.4
v 0.2 2.2 -0.4
v 0.2 2.3 -0.4
v 0.2 2.4 -0.4
v 0.2 2.5 -0.4
v 0.3 1.5 -0.4
v 0.3 1.6 -0.4
v 0.3 1.7 -0.4
v 0.3 2.2 -0.4
v 0.3 2.3 -0.4
v 0.3 2.4 -0.4
v 0.3 2.5 -0.4
v 0.4 1.4 -0.4
v 0.4 1.5 -0.4
v 0.4 1.6 -0.4
v 0.4 2.3 -0.4
v 0.4 2.4 -0.4
v 0.4 2.5 -0.4
v 0.5 1.4 -0.4
v 0.5 1.5 -0.4
v 0.5 2.4 -0.4
v 0.5 2.5 -0.4
v -3.4 1.5 -0.5
v -3.4 1.6 -0.5
v -3.4 2.3 -0.5
v -3.4 2.4 -0.5
v -3.3 1.5 -0.5
v -3.3 1.6 -0.5
v -3.3 1.7 -0.5
v -3.3 2.2 -0.5
v -3.3 2.3 -0.5
v -3.3 2.4 -0.5
v -3.2 1.6 -0.5
v -3.2 1.7 -0.5
v -3.2 2.2 -0.5
v -3.2 2.3 -0.5
v -3.1 1.7 -0.5
v -3.1 2.2 -0.5
v -3.1 2.3 -0.5
v -3.1 2.4 -0.5
v -3 2.3 -0.5
v -3 2.4 -0.5
v -2.9 1.5 -0.5
v -2.9 1.6 -0.5
v -2.9 2.3 -0.5
v -2.9 2.4 -0.5
v -2.4 1.5 -0.5
v -2.4 1.6 -0.5
v -2.4 2.3 -0.5
v -2.4 2.4 -0.5
v -1.9 0 -0.5
v -1.9 0.1 -0.5
v -1.9 0.2 -0.5
v -1.9 0.4 -0.5
v -1.8 0 -0.5
v -1.8 0.1 -0.5
v -1.8 0.2 -0.5
v -1.8 0.3 -0.5
v -1.8 0.4 -0.5
v -1.7 0.1 -0.5
v -1.7 0.2 -0.5
v -1.7 0.3 -0.5
v -1.2 0.1 -0.5
v -1.2 0.2 -0.5
v -1.2 0.3 -0.5
v -1.1 0 -0.5
v -1.1 0.1 -0.5
v -1.1 0.2 -0.5
v -1.1 0.3 -0.5
v -1.1 0.4 -0.5
v -1 0 -0.5
v -1 0.1 -0.5
v -1 0.2 -0.5
v -1 0.4 -0.5
v -0.5 1.5 -0.5
v -0.5 1.6 -0.5
v -0.5 2.3 -0.5
v -0.5 2.4 -0.5
v 0 1.5 -0.5
v 0 1.6 -0.5
v 0.0999999 2.3 -0.5
v 0.0999999 2.4 -0.5
v 0.2 1.7 -0.5
v 0.2 2.2 -0.5
v 0.2 2.3 -0.5
v 0.2 2.4 -0.5
v 0.3 1.6 -0.5
v 0.3 1.7 -0.5
v 0.3 2.2 -0.5
v 0.3 2.3 -0.5
v 0.3 2.4 -0.5
v 0.4 1.5 -0.5
v 0.4 1.6 -0.5
v 0.4 1.7 -0.5
v 0.4 2.2 -0.5
v 0.4 2.3 -0.5
v 0.4 2.4 -0.5
v 0.5 1.5 -0.5
v 0.5 1.6 -0.5
v 0.5 2.3 -0.5
v 0.5 2.4 -0.5
v -3.4 1.6 -0.6
v -3.4 1.7 -0.6
v -3.4 2.2 -0.6
v -3.4 2.3 -0.6
v -3.3 1.6 -0.6
v -3.3 1.7 -0.6
v -3.3 2.2 -0.6
v -3.3 2.3 -0.6
v -3.2 1.7 -0.6
v -3.2 2.2 -0.6
v -3.1 1.8 -0.6
v -3.1 1.9 -0.6
v -3.1 2.2 -0.6
v -3.1 2.3 -0.6
v -3 1.8 -0.6
v -3 1.9 -0.6
v -3 2.2 -0.6
v -3 2.3 -0.6
v -2.9 1.6 -0.6
v -2.9 1.7 -0.6
v -2.9 2.2 -0.6
v -2.9 2.3 -0.6
v -2.4 1.6 -0.6
v -2.4 1.7 -0.6
v -2.4 2.2 -0.6
v -2.4 2.3 -0.6
v -1.8 0 -0.6
v -1.8 0.1 -0.6
v -1.8 0.2 -0.6
v -1.8 0.4 -0.6
v -1.7 0 -0.6
v -1.7 0.1 -0.6
v -1.7 0.2 -0.6
v -1.7 0.3 -0.6
v -1.7 0.4 -0.6
v -1.2 0 -0.6
v -1.2 0.1 -0.6
v -1.2 0.2 -0.6
v -1.2 0.3 -0.6
v -1.2 0.4 -0.6
v -1.1 0 -0.6
v -1.1 0.1 -0.6
v -1.1 0.2 -0.6
v -1.1 0.4 -0.6
v -0.5 1.6 -0.6
v -0.5 1.7 -0.6
v -0.5 2.2 -0.6
v -0.5 2.3 -0.6
v -0.4 2 -0.6
v -0.4 2.1 -0.6
v -0.2 2.1 -0.6
v -0.2 2.2 -0.6
v -0.1 2 -0.6
v -0.1 2.2 -0.6
v 0.0999999 1.6 -0.6
v 0.0999999 1.7 -0.6
v 0.0999999 2.2 -0.6
v 0.0999999 2.3 -0.6
v 0.2 1.6 -0.6
v 0.2 1.7 -0.6
v 0.2 2.2 -0.6
v 0.2 2.3 -0.6
v 0.3 1.6 -0.6
v 0.3 1.7 -0.6
v 0.3 2.2 -0.6
v 0.3 2.3 -0.6
v 0.4 1.6 -0.6
v 0.4 1.7 -0.6
v 0.4 2.2 -0.6
v 0.4 2.3 -0.6
v 0.5 1.6 -0.6
v 0.5 1.7 -0.6
v 0.5 2.2 -0.6
v 0.5 2.3 -0.6
v -3.4 1.7 -0.7
v -3.4 2.2 -0.7
v -3.3 1.7 -0.7
v -3.3 2.2 -0.7
v -3.1 1.7 -0.7
v -3.1 1.8 -0.7
v -3.1 1.9 -0.7
v -3.1 2.2 -0.7
v -3 1.7 -0.7
v -3 1.8 -0.7
v -3 1.9 -0.7
v -3 2.2 -0.7
v -2.9 1.7 -0.7
v -2.9 2.2 -0.7
v -2.4 1.7 -0.7
v -2.4 2.2 -0.7
v -1.7 0 -0.7
v -1.7 0.1 -0.7
v -1.7 0.2 -0.7
v -1.7 0.4 -0.7
v -1.2 0 -0.7
v -1.2 0.1 -0.7
v -1.2 0.2 -0.7
v -1.2 0.4 -0.7
v -0.5 1.7 -0.7
v -0.5 2.2 -0.7
v -0.4 2 -0.7
v -0.4 2.1 -0.7
v -0.2 -0.2 -0.7
v -0.2 0 -0.7
v -0.2 2.1 -0.7
v -0.2 2.2 -0.7
v -0.1 -0.2 -0.7
v -0.1 0 -0.7
v -0.1 2 -0.7
v -0.1 2.2 -0.7
v 0.0999999 -0.3 -0.7
v 0.0999999 0 -0.7
v 0.0999999 1.7 -0.7
v 0.0999999 2.2 -0.7
v 0.2 -0.3 -0.7
v 0.2 0 -0.7
v 0.2 1.7 -0.7
v 0.2 2.2 -0.7
v 0.3 1.7 -0.7
v 0.3 2.2 -0.7
v 0.4 1.7 -0.7
v 0.4 2.2 -0.7
v 0.5 1.7 -0.7
v 0.5 2.2 -0.7
v -0.2 -0.3 -0.8
v -0.2 -0.2 -0.8
v -0.1 -0.3 -0.8
v -0.1 -0.2 -0.8
v 0.0999999 -0.4 -0.8
v 0.0999999 -0.3 -0.8
v 0.2 -0.4 -0.8
v 0.2 -0.3 -0.8
v -3.5 0.5 -0.9
v -3.5 0.6 -0.9
v -3.4 0.5 -0.9
v -3.4 0.6 -0.9
v -3.5 0.4 -1
v -3.5 0.5 -1
v -3.5 0.6 -1
v -3.5 0.7 -1
v -3.4 0.4 -1
v -3.4 0.5 -1
v -3.4 0.6 -1
v -3.4 0.7 -1
v -3.5 0.9 -1.2
v -3.5 1 -1.2
v -3.4 0.9 -1.2
v -3.4 1 -1.2
v -3.5 0.8 -1.3
v -3.5 0.9 -1.3
v -3.5 1 -1.3
v -3.5 1.1 -1.3
v -3.4 0.8 -1.3
v -3.4 0.9 -1.3
v -3.4 1 -1.3
v -3.4 1.1 -1.3
v 0.6 0.3 -1.3
v 0.6 0.5 -1.3
v 0.7 0.3 -1.3
v 0.7 0.5 -1.3
v -3.7 2.6 -1.4
v -3.7 3.4 -1.4
v -3.6 2.5 -1.4
v -3.6 2.6 -1.4
v -3.6 2.7 -1.4
v -3.6 3.3 -1.4
v -3.6 3.4 -1.4
v -3.6 3.5 -1.4
v -3.5 2.6 -1.4
v -3.5 2.7 -1.4
v -3.5 3.3 -1.4
v -3.5 3.4 -1.4
v -3.4 2.5 -1.4
v -3.4 2.6 -1.4
v -3.4 3.4 -1.4
v -3.4 3.5 -1.4
v 0.5 0.3 -1.4
v 0.5 0.5 -1.4
v 0.6 0.3 -1.4
v 0.6 0.5 -1.4
v -3.5 0.5 -1.5
v -3.5 0.6 -1.5
v -3.4 0.5 -1.5
v -3.4 0.6 -1.5
v -0.2 -0.2 -1.5
v -0.2 -0.1 -1.5
v -0.1 -0.2 -1.5
v -0.1 -0.1 -1.5
v -3.5 0.4 -1.6
v -3.5 0.5 -1.6
v -3.5 0.6 -1.6
v -3.5 0.7 -1.6
v -3.4 0.4 -1.6
v -3.4 0.5 -1.6
v -3.4 0.6 -1.6
v -3.4 0.7 -1.6
v -0.2 -0.1 -1.6
v -0.2 0 -1.6
v -0.1 -0.1 -1.6
v -0.1 0 -1.6
v -3.8 2.6 -1.7
v -3.8 3.7 -1.7
v -3.7 2.5 -1.7
v -3.7 2.6 -1.7
v -3.7 2.7 -1.7
v -3.7 3.6 -1.7
v -3.7 3.7 -1.7
v -3.7 3.8 -1.7
v -3.6 2.6 -1.7
v -3.6 2.7 -1.7
v -3.6 3.6 -1.7
v -3.6 3.7 -1.7
v -3.5 3.8 -1.7
v -3.4 2.5 -1.7
v -3.4 2.6 -1.7
v -3.4 3.7 -1.7
v -3.4 3.8 -1.7
v 0.0999999 -0.3 -1.8
v 0.0999999 -0.2 -1.8
v 0.2 -0.3 -1.8
v 0.2 -0.2 -1.8
v 0.0999999 -0.2 -1.9
v 0.0999999 0 -1.9
v 0.2 -0.2 -1.9
v 0.2 0 -1.9
v -3.5 0.1 -2
v -3.5 3.8 -2
v -3.4 0.1 -2
v -3.4 3.8 -2
v -3.3 -0.1 -2
v -3.3 0 -2
v 0.0999999 -0.1 -2
v 0.0999999 0 -2
v 0.2 -0.1 -2
v 0.2 0 -2
v 0.4 -0.1 -2
v 0.4 0 -2
v 0.5 0.1 -2
v 0.5 3.8 -2
v 0.6 0.1 -2
v 0.6 3.8 -2
v -2.7 0.3 -2.2
v -2.7 0.5 -2.2
v -2.6 0.3 -2.2
v -2.6 0.5 -2.2
v -1.8 0.3 -2.2
v -1.8 0.5 -2.2
v -1.7 0.3 -2.2
v -1.7 0.5 -2.2
v -0.2 2.6 -2.2
v -0.2 2.7 -2.2
v -0.2 3.3 -2.2
v -0.2 3.4 -2.2
v -0.1 2.6 -2.2
v -0.1 2.7 -2.2
v -0.1 3.3 -2.2
v -0.1 3.4 -2.2
v -2.6 0.3 -2.3
v -2.6 0.5 -2.3
v -1.8 0.3 -2.3
v -1.8 0.5 -2.3
v -0.2 2.7 -2.3
v -0.2 3.3 -2.3
v -0.1 2.7 -2.3
v -0.1 3.3 -2.3
v 0.0999999 2.6 -2.3
v 0.0999999 2.7 -2.3
v 0.0999999 3.6 -2.3
v 0.0999999 3.7 -2.3
v 0.2 2.6 -2.3
v 0.2 2.7 -2.3
v 0.2 3.6 -2.3
v 0.2 3.7 -2.3
v 0.0999999 2.7 -2.4
v 0.0999999 3.6 -2.4
v 0.2 2.7 -2.4
v 0.2 3.6 -2.4
v -3.1 2.7 2.2
v -3.1 3.6 2.2
v -3 2.7 2.2
v -3 3.6 2.2
v -3.1 2.6 2.1
v -3.1 2.7 2.1
v -3.1 3.6 2.1
v -3.1 3.7 2.1
v -3 2.6 2.1
v -3 2.7 2.1
v -3 3.6 2.1
v -3 3.7 2.1
v -2.8 2.7 2.1
v -2.8 3.3 2.1
v -2.7 2.7 2.1
v -2.7 3.3 2.1
v -1 0.3 2.1
v -1 0.5 2.1
v -0.2 0.3 2.1
v -0.2 0.5 2.1
v -2.8 2.6 2
v -2.8 2.7 2
v -2.8 3.3 2
v -2.8 3.4 2
v -2.7 2.6 2
v -2.7 2.7 2
v -2.7 3.3 2
v -2.7 3.4 2
v -1.1 0.3 2
v -1.1 0.5 2
v -1 0.3 2
v -1 0.5 2
v -0.2 0.3 2
v -0.2 0.5 2
v -0.1 0.3 2
v -0.1 0.5 2
v -3.5 0.1 1.8
v -3.5 3.8 1.8
v -3.4 0.1 1.8
v -3.4 3.8 1.8
v -3.3 -0.1 1.8
v -3.3 0 1.8
v 0.4 -0.1 1.8
v 0.4 0 1.8
v 0.5 0.1 1.8
v 0.5 3.8 1.8
v 0.6 0.1 1.8
v 0.6 3.8 1.8
v 0.5 2.5 1.5
v 0.5 2.6 1.5
v 0.5 3.7 1.5
v 0.5 3.8 1.5
v 0.6 3.8 1.5
v 0.7 2.6 1.5
v 0.7 2.7 1.5
v 0.7 3.6 1.5
v 0.7 3.7 1.5
v 0.8 2.5 1.5
v 0.8 2.6 1.5
v 0.8 2.7 1.5
v 0.8 3.6 1.5
v 0.8 3.7 1.5
v 0.8 3.8 1.5
v 0.9 2.6 1.5
v 0.9 3.7 1.5
v -3.1 -0.1 1.4
v -3.1 0 1.4
v -3 -0.2 1.4
v -3 -0.1 1.4
v -2.9 -0.3 1.4
v -2.9 -0.2 1.4
v -2.8 -0.4 1.4
v -2.8 -0.3 1.4
v -2.7 -0.1 1.4
v -2.7 0 1.4
v -2.6 -0.2 1.4
v -2.6 -0.1 1.4
v -1.8 -0.2 1.4
v -1.8 -0.1 1.4
v -1.7 -0.1 1.4
v -1.7 0 1.4
v -1.6 -0.4 1.4
v -1.6 -0.3 1.4
v -1.5 -0.3 1.4
v -1.5 -0.2 1.4
v -1.4 -0.2 1.4
v -1.4 -0.1 1.4
v -1.3 -0.1 1.4
v -1.3 0 1.4
v 0.5 0.4 1.4
v 0.5 0.5 1.4
v 0.5 0.6 1.4
v 0.5 0.7 1.4
v 0.6 0.4 1.4
v 0.6 0.5 1.4
v 0.6 0.6 1.4
v 0.6 0.7 1.4
v -0.7 -0.1 1.3
v -0.7 0 1.3
v -0.6 -0.1 1.3
v -0.6 0 1.3
v -0.5 -0.1 1.3
v -0.5 0 1.3
v -0.4 -0.1 1.3
v -0.4 0 1.3
v -0.1 -0.1 1.3
v -0.1 0 1.3
v 0 -0.1 1.3
v 0 0 1.3
v 0.0999999 -0.1 1.3
v 0.0999999 0 1.3
v 0.2 -0.1 1.3
v 0.2 0 1.3
v 0.5 0.5 1.3
v 0.5 0.6 1.3
v 0.6 0.5 1.3
v 0.6 0.6 1.3
v -3.5 0.3 1.2
v -3.5 0.5 1.2
v -3.4 0.3 1.2
v -3.4 0.5 1.2
v -0.6 -0.1 1.2
v -0.6 0 1.2
v -0.5 -0.1 1.2
v -0.5 0 1.2
v 0 -0.1 1.2
v 0 0 1.2
v 0.0999999 -0.1 1.2
v 0.0999999 0 1.2
v 0.5 2.5 1.2
v 0.5 2.6 1.2
v 0.5 3.4 1.2
v 0.5 3.5 1.2
v 0.6 2.6 1.2
v 0.6 2.7 1.2
v 0.6 3.3 1.2
v 0.6 3.4 1.2
v 0.7 2.5 1.2
v 0.7 2.6 1.2
v 0.7 2.7 1.2
v 0.7 3.3 1.2
v 0.7 3.4 1.2
v 0.7 3.5 1.2
v 0.8 2.6 1.2
v 0.8 3.4 1.2
v -3.6 0.3 1.1
v -3.6 0.5 1.1
v -3.5 0.3 1.1
v -3.5 0.5 1.1
v 0.5 0.8 1.1
v 0.5 0.9 1.1
v 0.5 1 1.1
v 0.5 1.1 1.1
v 0.6 0.8 1.1
v 0.6 0.9 1.1
v 0.6 1 1.1
v 0.6 1.1 1.1
v 0.5 0.9 1
v 0.5 1 1
v 0.6 0.9 1
v 0.6 1 1
v -0.4 -0.1 0.9
v -0.4 0 0.9
v -0.3 -0.1 0.9
v -0.3 0 0.9
v -0.2 -0.1 0.9
v -0.2 0 0.9
v -0.1 -0.1 0.9
v -0.1 0 0.9
v -0.3 -0.1 0.8
v -0.3 0 0.8
v -0.2 -0.1 0.8
v -0.2 0 0.8
v 0.5 0.4 0.8
v 0.5 0.5 0.8
v 0.5 0.6 0.8
v 0.5 0.7 0.8
v 0.6 0.4 0.8
v 0.6 0.5 0.8
v 0.6 0.6 0.8
v 0.6 0.7 0.8
v 0.5 0.5 0.7
v 0.5 0.6 0.7
v 0.6 0.5 0.7
v 0.6 0.6 0.7
v -3.4 1.7 0.5
v -3.4 2.2 0.5
v -3.3 1.7 0.5
v -3.3 2.2 0.5
v -3.2 1.8 0.5
v -3.2 2.2 0.5
v -3.1 1.7 0.5
v -3.1 1.8 0.5
v -3 1.7 0.5
v -3 2.2 0.5
v -2.9 1.7 0.5
v -2.9 2.2 0.5
v -2.4 1.7 0.5
v -2.4 2.2 0.5
v -0.5 1.7 0.5
v -0.5 2.2 0.5
v 0.0999999 1.7 0.5
v 0.0999999 2.2 0.5
v 0.2 1.7 0.5
v 0.2 2.2 0.5
v 0.3 1.7 0.5
v 0.3 2.2 0.5
v 0.4 1.7 0.5
v 0.4 2.2 0.5
v 0.5 1.7 0.5
v 0.5 2.2 0.5
v -3.4 1.6 0.4
v -3.4 1.7 0.4
v -3.4 2.2 0.4
v -3.4 2.3 0.4
v -3.3 1.6 0.4
v -3.3 1.7 0.4
v -3.3 2.2 0.4
v -3.3 2.3 0.4
v -3.2 1.7 0.4
v -3.2 2.2 0.4
v -3.1 2.2 0.4
v -3.1 2.3 0.4
v -3 2.2 0.4
v -3 2.3 0.4
v -2.9 1.6 0.4
v -2.9 1.7 0.4
v -2.9 2.2 0.4
v -2.9 2.3 0.4
v -2.4 1.6 0.4
v -2.4 1.7 0.4
v -2.4 2.2 0.4
v -2.4 2.3 0.4
v -1.7 0 0.4
v -1.7 0.1 0.4
v -1.7 0.2 0.4
v -1.7 0.4 0.4
v -1.4 0.2 0.4
v -1.4 0.3 0.4
v -1.2 0 0.4
v -1.2 0.1 0.4
v -1.2 0.3 0.4
v -1.2 0.4 0.4
v -0.5 1.6 0.4
v -0.5 1.7 0.4
v -0.5 2.2 0.4
v -0.5 2.3 0.4
v 0.0999999 1.6 0.4
v 0.0999999 1.7 0.4
v 0.0999999 2.2 0.4
v 0.0999999 2.3 0.4
v 0.2 1.6 0.4
v 0.2 1.7 0.4
v 0.2 2.2 0.4
v 0.2 2.3 0.4
v 0.3 1.6 0.4
v 0.3 1.7 0.4
v 0.3 2.2 0.4
v 0.3 2.3 0.4
v 0.4 1.6 0.4
v 0.4 1.7 0.4
v 0.4 2.2 0.4
v 0.4 2.3 0.4
v 0.5 1.6 0.4
v 0.5 1.7 0.4
v 0.5 2.2 0.4
v 0.5 2.3 0.4
v -3.4 1.5 0.3
v -3.4 1.6 0.3
v -3.4 2.3 0.3
v -3.4 2.4 0.3
v -3.3 1.5 0.3
v -3.3 1.6 0.3
v -3.3 1.7 0.3
v -3.3 2.2 0.3
v -3.3 2.3 0.3
v -3.3 2.4 0.3
v -3.2 1.6 0.3
v -3.2 1.7 0.3
v -3.2 2.2 0.3
v -3.1 1.7 0.3
v -3.1 2.3 0.3
v -3.1 2.4 0.3
v -3 2.3 0.3
v -3 2.4 0.3
v -2.9 1.5 0.3
v -2.9 1.6 0.3
v -2.9 2.3 0.3
v -2.9 2.4 0.3
v -2.4 1.5 0.3
v -2.4 1.6 0.3
v -2.4 2.3 0.3
v -2.4 2.4 0.3
v -1.8 0 0.3
v -1.8 0.1 0.3
v -1.8 0.3 0.3
v -1.8 0.4 0.3
v -1.7 0 0.3
v -1.7 0.1 0.3
v -1.7 0.2 0.3
v -1.7 0.3 0.3
v -1.7 0.4 0.3
v -1.2 0 0.3
v -1.2 0.1 0.3
v -1.2 0.2 0.3
v -1.2 0.3 0.3
v -1.2 0.4 0.3
v -1.1 0 0.3
v -1.1 0.1 0.3
v -1.1 0.3 0.3
v -1.1 0.4 0.3
v -0.5 1.5 0.3
v -0.5 1.6 0.3
v -0.5 2.3 0.3
v -0.5 2.4 0.3
v 0.0999999 1.5 0.3
v 0.0999999 1.6 0.3
v 0.0999999 2.3 0.3
v 0.0999999 2.4 0.3
v 0.2 1.7 0.3
v 0.2 2.2 0.3
v 0.2 2.3 0.3
v 0.2 2.4 0.3
v 0.3 1.6 0.3
v 0.3 1.7 0.3
v 0.3 2.2 0.3
v 0.3 2.3 0.3
v 0.3 2.4 0.3
v 0.4 1.5 0.3
v 0.4 1.6 0.3
v 0.4 1.7 0.3
v 0.4 2.2 0.3
v 0.4 2.3 0.3
v 0.4 2.4 0.3
v 0.5 1.5 0.3
v 0.5 1.6 0.3
v 0.5 2.3 0.3
v 0.5 2.4 0.3
v -3.4 1.4 0.2
v -3.4 1.5 0.2
v -3.4 2.4 0.2
v -3.4 2.5 0.2
v -3.3 1.4 0.2
v -3.3 1.5 0.2
v -3.3 1.6 0.2
v -3.3 2.3 0.2
v -3.3 2.4 0.2
v -3.3 2.5 0.2
v -3.2 1.5 0.2
v -3.2 1.6 0.2
v -3.2 1.7 0.2
v -3.2 2.3 0.2
v -3.2 2.4 0.2
v -3.2 2.5 0.2
v -3.1 1.4 0.2
v -3.1 1.5 0.2
v -3.1 1.6 0.2
v -3.1 1.7 0.2
v -3.1 2.4 0.2
v -3 1.4 0.2
v -3 1.5 0.2
v -3 2.4 0.2
v -3 2.5 0.2
v -2.9 1.4 0.2
v -2.9 1.5 0.2
v -2.9 2.4 0.2
v -2.9 2.5 0.2
v -2.4 1.4 0.2
v -2.4 1.5 0.2
v -2.4 2.4 0.2
v -2.4 2.5 0.2
v -1.9 0 0.2
v -1.9 0.1 0.2
v -1.9 0.3 0.2
v -1.9 0.4 0.2
v -1.8 0 0.2
v -1.8 0.1 0.2
v -1.8 0.2 0.2
v -1.8 0.3 0.2
v -1.8 0.4 0.2
v -1.7 0.1 0.2
v -1.7 0.2 0.2
v -1.7 0.3 0.2
v -1.2 0.1 0.2
v -1.2 0.2 0.2
v -1.2 0.3 0.2
v -1.1 0 0.2
v -1.1 0.1 0.2
v -1.1 0.2 0.2
v -1.1 0.3 0.2
v -1.1 0.4 0.2
v -1 0 0.2
v -1 0.1 0.2
v -1 0.3 0.2
v -1 0.4 0.2
v -0.5 1.4 0.2
v -0.5 1.5 0.2
v -0.5 2.4 0.2
v -0.5 2.5 0.2
v 0.0999999 1.4 0.2
v 0.0999999 1.5 0.2
v 0.0999999 2.4 0.2
v 0.0999999 2.5 0.2
v 0.2 1.6 0.2
v 0.2 1.7 0.2
v 0.2 2.2 0.2
v 0.2 2.3 0.2
v 0.2 2.4 0.2
v 0.2 2.5 0.2
v 0.3 1.5 0.2
v 0.3 1.6 0.2
v 0.3 1.7 0.2
v 0.3 2.2 0.2
v 0.3 2.3 0.2
v 0.3 2.4 0.2
v 0.3 2.5 0.2
v 0.4 1.4 0.2
v 0.4 1.5 0.2
v 0.4 1.6 0.2
v 0.4 2.3 0.2
v 0.4 2.4 0.2
v 0.4 2.5 0.2
v 0.5 1.4 0.2
v 0.5 1.5 0.2
v 0.5 2.4 0.2
v 0.5 2.5 0.2
v -3.8 0.3 0.1
v -3.8 0.5 0.1
v -3.7 0.3 0.1
v -3.7 0.5 0.1
v -2 0 0.1
v -2 0.1 0.1
v -2 0.2 0.1
v -2 0.4 0.1
v -1.9 0 0.1
v -1.9 0.1 0.1
v -1.9 0.2 0.1
v -1.9 0.3 0.1
v -1.9 0.4 0.1
v -1.8 0.1 0.1
v -1.8 0.2 0.1
v -1.8 0.3 0.1
v -1.7 0.2 0.1
v -1.7 0.3 0.1
v -1.2 0.2 0.1
v -1.2 0.3 0.1
v -1.1 0.1 0.1
v -1.1 0.2 0.1
v -1.1 0.3 0.1
v -1 0 0.1
v -1 0.1 0.1
v -1 0.2 0.1
v -1 0.3 0.1
v -1 0.4 0.1
v -0.9 0 0.1
v -0.9 0.1 0.1
v -0.9 0.2 0.1
v -0.9 0.4 0.1
v -3.7 0.3 0
v -3.7 0.5 0
v -3.6 0.3 0
v -3.6 0.5 0
v 0.0999999 1.4 0
v 0.0999999 1.5 0
v 0.2 1.4 0
v 0.2 1.5 0
v -3.6 0.3 -0.0999999
v -3.6 0.5 -0.0999999
v -3.5 0.3 -0.0999999
v -3.5 0.5 -0.0999999
v -3.5 0.3 -0.2
v -3.5 0.5 -0.2
v -3.4 0.3 -0.2
v -3.4 0.5 -0.2
v -3.1 2.2 -0.4
v -3.1 2.3 -0.4
v -3 2.2 -0.4
v -3 2.3 -0.4
v -1.9 0.2 -0.4
v -1.9 0.3 -0.4
v -1.8 0.2 -0.4
v -1.8 0.3 -0.4
v -1.1 0.2 -0.4
v -1.1 0.3 -0.4
v -1 0.2 -0.4
v -1 0.3 -0.4
v 0.2 2.3 -0.4
v 0.2 2.4 -0.4
v 0.3 2.3 -0.4
v 0.3 2.4 -0.4
v 0.5 0.3 -0.4
v 0.5 0.5 -0.4
v 0.6 0.3 -0.4
v 0.6 0.5 -0.4
v -3.1 1.7 -0.5
v -3.1 2.2 -0.5
v -3 1.7 -0.5
v -3 2.2 -0.5
v -1.8 0.2 -0.5
v -1.8 0.3 -0.5
v -1.7 0.2 -0.5
v -1.7 0.3 -0.5
v -1.2 0.2 -0.5
v -1.2 0.3 -0.5
v -1.1 0.2 -0.5
v -1.1 0.3 -0.5
v 0.2 1.6 -0.5
v 0.2 1.7 -0.5
v 0.2 2.2 -0.5
v 0.2 2.3 -0.5
v 0.3 1.6 -0.5
v 0.3 1.7 -0.5
v 0.3 2.2 -0.5
v 0.3 2.3 -0.5
v 0.6 0.3 -0.5
v 0.6 0.5 -0.5
v 0.7 0.3 -0.5
v 0.7 0.5 -0.5
v -1.7 0.2 -0.6
v -1.7 0.3 -0.6
v -1.2 0.2 -0.6
v -1.2 0.3 -0.6
v 0.2 1.7 -0.6
v 0.2 2.2 -0.6
v 0.3 1.7 -0.6
v 0.3 2.2 -0.6
v -0.2 -0.1 -0.8
v -0.2 0 -0.8
v -0.1 -0.1 -0.8
v -0.1 0 -0.8
v 0.0999999 -0.2 -0.8
v 0.0999999 0 -0.8
v 0.2 -0.2 -0.8
v 0.2 0 -0.8
v -0.2 -0.2 -0.9
v -0.2 -0.1 -0.9
v -0.1 -0.2 -0.9
v -0.1 -0.1 -0.9
v 0.0999999 -0.3 -0.9
v 0.0999999 -0.2 -0.9
v 0.2 -0.3 -0.9
v 0.2 -0.2 -0.9
v -3.5 0.4 -1.1
v -3.5 0.5 -1.1
v -3.5 0.6 -1.1
v -3.5 0.7 -1.1
v -3.4 0.4 -1.1
v -3.4 0.5 -1.1
v -3.4 0.6 -1.1
v -3.4 0.7 -1.1
v -3.5 0.5 -1.2
v -3.5 0.6 -1.2
v -3.4 0.5 -1.2
v -3.4 0.6 -1.2
v -3.5 0.8 -1.4
v -3.5 0.9 -1.4
v -3.5 1 -1.4
v -3.5 1.1 -1.4
v -3.4 0.8 -1.4
v -3.4 0.9 -1.4
v -3.4 1 -1.4
v -3.4 1.1 -1.4
v -3.7 2.6 -1.5
v -3.7 3.4 -1.5
v -3.6 2.5 -1.5
v -3.6 2.6 -1.5
v -3.6 2.7 -1.5
v -3.6 3.3 -1.5
v -3.6 3.4 -1.5
v -3.6 3.5 -1.5
v -3.5 0.9 -1.5
v -3.5 1 -1.5
v -3.5 2.6 -1.5
v -3.5 2.7 -1.5
v -3.5 3.3 -1.5
v -3.5 3.4 -1.5
v -3.4 0.9 -1.5
v -3.4 1 -1.5
v -3.4 2.5 -1.5
v -3.4 2.6 -1.5
v -3.4 3.4 -1.5
v -3.4 3.5 -1.5
v 0.8 0.3 -1.5
v 0.8 0.5 -1.5
v 0.9 0.3 -1.5
v 0.9 0.5 -1.5
v -0.2 -0.3 -1.6
v -0.2 -0.2 -1.6
v -0.1 -0.3 -1.6
v -0.1 -0.2 -1.6
v 0.7 0.3 -1.6
v 0.7 0.5 -1.6
v 0.8 0.3 -1.6
v 0.8 0.5 -1.6
v -3.5 0.4 -1.7
v -3.5 0.5 -1.7
v -3.5 0.6 -1.7
v -3.5 0.7 -1.7
v -3.4 0.4 -1.7
v -3.4 0.5 -1.7
v -3.4 0.6 -1.7
v -3.4 0.7 -1.7
v -1.8 1.7 -1.7
v -1.8 2.2 -1.7
v -1.7 1.6 -1.7
v -1.7 1.7 -1.7
v -1.7 2.2 -1.7
v -1.7 2.3 -1.7
v -1.2 1.6 -1.7
v -1.2 1.7 -1.7
v -1.2 2.2 -1.7
v -1.2 2.3 -1.7
v -1.1 1.7 -1.7
v -1.1 2.2 -1.7
v -0.2 -0.2 -1.7
v -0.2 0 -1.7
v -0.1 -0.2 -1.7
v -0.1 0 -1.7
v 0.6 0.3 -1.7
v 0.6 0.5 -1.7
v 0.7 0.3 -1.7
v 0.7 0.5 -1.7
v -3.8 2.6 -1.8
v -3.8 3.7 -1.8
v -3.7 2.5 -1.8
v -3.7 2.6 -1.8
v -3.7 2.7 -1.8
v -3.7 3.6 -1.8
v -3.7 3.7 -1.8
v -3.7 3.8 -1.8
v -3.6 2.6 -1.8
v -3.6 2.7 -1.8
v -3.6 3.6 -1.8
v -3.6 3.7 -1.8
v -3.5 0.5 -1.8
v -3.5 0.6 -1.8
v -3.5 3.8 -1.8
v -3.4 0.5 -1.8
v -3.4 0.6 -1.8
v -3.4 2.5 -1.8
v -3.4 2.6 -1.8
v -3.4 3.7 -1.8
v -3.4 3.8 -1.8
v -1.9 1.7 -1.8
v -1.9 2.2 -1.8
v -1.8 1.6 -1.8
v -1.8 1.7 -1.8
v -1.8 2.2 -1.8
v -1.8 2.3 -1.8
v -1.7 1.5 -1.8
v -1.7 1.6 -1.8
v -1.7 1.7 -1.8
v -1.7 2.2 -1.8
v -1.7 2.3 -1.8
v -1.7 2.4 -1.8
v -1.2 1.5 -1.8
v -1.2 1.6 -1.8
v -1.2 1.7 -1.8
v -1.2 2.2 -1.8
v -1.2 2.3 -1.8
v -1.2 2.4 -1.8
v -1.1 1.6 -1.8
v -1.1 1.7 -1.8
v -1.1 2.2 -1.8
v -1.1 2.3 -1.8
v -1 1.7 -1.8
v -1 2.2 -1.8
v 0.5 0.3 -1.8
v 0.5 0.5 -1.8
v 0.6 0.3 -1.8
v 0.6 0.5 -1.8
v -2 1.7 -1.9
v -2 2.2 -1.9
v -1.9 1.6 -1.9
v -1.9 1.7 -1.9
v -1.9 2.2 -1.9
v -1.9 2.3 -1.9
v -1.8 1.5 -1.9
v -1.8 1.6 -1.9
v -1.8 1.7 -1.9
v -1.8 2.2 -1.9
v -1.8 2.3 -1.9
v -1.8 2.4 -1.9
v -1.7 1.4 -1.9
v -1.7 1.5 -1.9
v -1.7 1.6 -1.9
v -1.7 2.3 -1.9
v -1.7 2.4 -1.9
v -1.7 2.5 -1.9
v -1.2 1.4 -1.9
v -1.2 1.5 -1.9
v -1.2 1.6 -1.9
v -1.2 2.3 -1.9
v -1.2 2.4 -1.9
v -1.2 2.5 -1.9
v -1.1 1.5 -1.9
v -1.1 1.6 -1.9
v -1.1 1.7 -1.9
v -1.1 2.2 -1.9
v -1.1 2.3 -1.9
v -1.1 2.4 -1.9
v -1 1.6 -1.9
v -1 1.7 -1.9
v -1 2.2 -1.9
v -1 2.3 -1.9
v -0.9 1.7 -1.9
v -0.9 2.2 -1.9
v 0.0999999 -0.4 -1.9
v 0.0999999 -0.3 -1.9
v 0.2 -0.4 -1.9
v 0.2 -0.3 -1.9
v 0.0999999 -0.3 -2
v 0.0999999 -0.1 -2
v 0.2 -0.3 -2
v 0.2 -0.1 -2
v -3.3 0.1 -2.1
v -3.3 3.8 -2.1
v -3.1 0.3 -2.1
v -3.1 0.5 -2.1
v -2.7 0.3 -2.1
v -2.7 0.5 -2.1
v -2 1.7 -2.1
v -2 2.2 -2.1
v -1.9 1.6 -2.1
v -1.9 1.7 -2.1
v -1.9 2.2 -2.1
v -1.9 2.3 -2.1
v -1.8 1.5 -2.1
v -1.8 1.6 -2.1
v -1.8 2.3 -2.1
v -1.8 2.4 -2.1
v -1.7 0.3 -2.1
v -1.7 0.5 -2.1
v -1.7 1.4 -2.1
v -1.7 1.5 -2.1
v -1.7 2.4 -2.1
v -1.7 2.5 -2.1
v -1.3 0.3 -2.1
v -1.3 0.5 -2.1
v -1.2 1.4 -2.1
v -1.2 1.5 -2.1
v -1.2 2.4 -2.1
v -1.2 2.5 -2.1
v -1.1 1.5 -2.1
v -1.1 1.6 -2.1
v -1.1 2.3 -2.1
v -1.1 2.4 -2.1
v -1 1.6 -2.1
v -1 1.7 -2.1
v -1 2.2 -2.1
v -1 2.3 -2.1
v -0.9 1.7 -2.1
v -0.9 2.2 -2.1
v -0.7 0.5 -2.1
v -0.7 0.6 -2.1
v -0.6 0.4 -2.1
v -0.6 0.5 -2.1
v -0.6 0.6 -2.1
v -0.6 0.7 -2.1
v -0.5 0.4 -2.1
v -0.5 0.5 -2.1
v -0.5 0.6 -2.1
v -0.5 0.7 -2.1
v -0.4 0.5 -2.1
v -0.4 0.6 -2.1
v -0.4 0.9 -2.1
v -0.4 1 -2.1
v -0.3 0.8 -2.1
v -0.3 0.9 -2.1
v -0.3 1 -2.1
v -0.3 1.1 -2.1
v -0.2 0.8 -2.1
v -0.2 0.9 -2.1
v -0.2 1 -2.1
v -0.2 1.1 -2.1
v -0.2 2.5 -2.1
v -0.2 2.6 -2.1
v -0.2 3.4 -2.1
v -0.2 3.5 -2.1
v -0.1 0.5 -2.1
v -0.1 0.6 -2.1
v -0.1 0.9 -2.1
v -0.1 1 -2.1
v -0.1 2.5 -2.1
v -0.1 2.6 -2.1
v -0.1 3.4 -2.1
v -0.1 3.5 -2.1
v 0 0.4 -2.1
v 0 0.5 -2.1
v 0 0.6 -2.1
v 0 0.7 -2.1
v 0.0999999 0.4 -2.1
v 0.0999999 0.5 -2.1
v 0.0999999 0.6 -2.1
v 0.0999999 0.7 -2.1
v 0.0999999 2.5 -2.1
v 0.0999999 2.6 -2.1
v 0.0999999 3.7 -2.1
v 0.0999999 3.8 -2.1
v 0.2 0.5 -2.1
v 0.2 0.6 -2.1
v 0.2 2.5 -2.1
v 0.2 2.6 -2.1
v 0.2 3.7 -2.1
v 0.2 3.8 -2.1
v 0.4 0.1 -2.1
v 0.4 3.8 -2.1
v -3.5 -0.1 -2.2
v -3.5 0 -2.2
v -3.5 0.1 -2.2
v -3.5 3.8 -2.2
v -3.5 3.9 -2.2
v -3.5 4 -2.2
v -3.4 0.1 -2.2
v -3.4 3.8 -2.2
v -3.3 0.1 -2.2
v -3.3 3.8 -2.2
v -3.1 0.3 -2.2
v -3.1 0.5 -2.2
v -3 0.3 -2.2
v -3 0.5 -2.2
v -1.4 0.3 -2.2
v -1.4 0.5 -2.2
v -1.3 0.3 -2.2
v -1.3 0.5 -2.2
v -0.7 0.5 -2.2
v -0.7 0.6 -2.2
v -0.6 0.4 -2.2
v -0.6 0.5 -2.2
v -0.6 0.6 -2.2
v -0.6 0.7 -2.2
v -0.5 0.4 -2.2
v -0.5 0.5 -2.2
v -0.5 0.6 -2.2
v -0.5 0.7 -2.2
v -0.4 0.5 -2.2
v -0.4 0.6 -2.2
v -0.4 0.9 -2.2
v -0.4 1 -2.2
v -0.3 0.8 -2.2
v -0.3 0.9 -2.2
v -0.3 1 -2.2
v -0.3 1.1 -2.2
v -0.2 0.8 -2.2
v -0.2 0.9 -2.2
v -0.2 1 -2.2
v -0.2 1.1 -2.2
v -0.1 0.5 -2.2
v -0.1 0.6 -2.2
v -0.1 0.9 -2.2
v -0.1 1 -2.2
v 0 0.4 -2.2
v 0 0.5 -2.2
v 0 0.6 -2.2
v 0 0.7 -2.2
v 0.0999999 0.4 -2.2
v 0.0999999 0.5 -2.2
v 0.0999999 0.6 -2.2
v 0.0999999 0.7 -2.2
v 0.0999999 3.8 -2.2
v 0.2 0.5 -2.2
v 0.2 0.6 -2.2
v 0.2 3.8 -2.2
v 0.4 0.1 -2.2
v 0.4 3.8 -2.2
v 0.5 0.1 -2.2
v 0.5 3.8 -2.2
v 0.6 -0.1 -2.2
v 0.6 0 -2.2
v 0.6 0.1 -2.2
v 0.6 3.8 -2.2
v 0.6 3.9 -2.2
v 0.6 4 -2.2
v -3 0.3 -2.3
v -3 0.5 -2.3
v -2.9 0.3 -2.3
v -2.9 0.5 -2.3
v -1.5 0.3 -2.3
v -1.5 0.5 -2.3
v -1.4 0.3 -2.3
v -1.4 0.5 -2.3
v -0.2 2.5 -2.3
v -0.2 2.6 -2.3
v -0.2 3.4 -2.3
v -0.2 3.5 -2.3
v -0.1 2.5 -2.3
v -0.1 2.6 -2.3
v -0.1 3.4 -2.3
v -0.1 3.5 -2.3
v -2.9 0.3 -2.4
v -2.9 0.5 -2.4
v -2.8 0.3 -2.4
v -2.8 0.5 -2.4
v -1.6 0.3 -2.4
v -1.6 0.5 -2.4
v -1.5 0.3 -2.4
v -1.5 0.5 -2.4
v -0.2 2.6 -2.4
v -0.2 3.4 -2.4
v -0.1 2.6 -2.4
v -0.1 3.4 -2.4
v 0.0999999 2.5 -2.4
v 0.0999999 2.6 -2.4
v 0.0999999 3.7 -2.4
v 0.0999999 3.8 -2.4
v 0.2 2.5 -2.4
v 0.2 2.6 -2.4
v 0.2 3.7 -2.4
v 0.2 3.8 -2.4
v -2.8 0.3 -2.5
v -2.8 0.5 -2.5
v -1.6 0.3 -2.5
v -1.6 0.5 -2.5
v 0.0999999 2.6 -2.5
v 0.0999999 3.7 -2.5
v 0.2 2.6 -2.5
v 0.2 3.7 -2.5
v -2.8 -0.4 1.6
v -1.6 -0.4 1.6
v -2.8 -0.4 1.4
v -1.6 -0.4 1.4
v 0.0999999 -0.4 -0.8
v 0.2 -0.4 -0.8
v 0.0999999 -0.4 -1.9
v 0.2 -0.4 -1.9
v -2.9 -0.3 1.6
v -2.8 -0.3 1.6
v -1.6 -0.3 1.6
v -1.5 -0.3 1.6
v -2.9 -0.3 1.4
v -2.8 -0.3 1.4
v -1.6 -0.3 1.4
v -1.5 -0.3 1.4
v 0.0999999 -0.3 -0.7
v 0.2 -0.3 -0.7
v -0.2 -0.3 -0.8
v -0.1 -0.3 -0.8
v 0.0999999 -0.3 -0.8
v 0.2 -0.3 -0.8
v -0.2 -0.3 -1.6
v -0.1 -0.3 -1.6
v 0.0999999 -0.3 -1.9
v 0.2 -0.3 -1.9
v 0.0999999 -0.3 -2
v 0.2 -0.3 -2
v -3 -0.2 1.6
v -2.9 -0.2 1.6
v -1.5 -0.2 1.6
v -1.4 -0.2 1.6
v -3 -0.2 1.4
v -2.9 -0.2 1.4
v -1.5 -0.2 1.4
v -1.4 -0.2 1.4
v -0.2 -0.2 -0.7
v -0.1 -0.2 -0.7
v -0.2 -0.2 -0.8
v -0.1 -0.2 -0.8
v -0.2 -0.2 -1.6
v -0.1 -0.2 -1.6
v -0.2 -0.2 -1.7
v -0.1 -0.2 -1.7
v -3.5 -0.1 2
v 0.6 -0.1 2
v -3.4 -0.1 1.9
v 0.5 -0.1 1.9
v -3.3 -0.1 1.8
v 0.4 -0.1 1.8
v -3.1 -0.1 1.6
v -3 -0.1 1.6
v -1.4 -0.1 1.6
v -1.3 -0.1 1.6
v -0.6 -0.1 1.5
v -0.5 -0.1 1.5
v 0 -0.1 1.5
v 0.0999999 -0.1 1.5
v -3.1 -0.1 1.4
v -3 -0.1 1.4
v -1.4 -0.1 1.4
v -1.3 -0.1 1.4
v -0.7 -0.1 1.4
v -0.6 -0.1 1.4
v -0.5 -0.1 1.4
v -0.4 -0.1 1.4
v -0.1 -0.1 1.4
v 0 -0.1 1.4
v 0.0999999 -0.1 1.4
v 0.2 -0.1 1.4
v -0.7 -0.1 1.3
v -0.6 -0.1 1.3
v -0.5 -0.1 1.3
v -0.4 -0.1 1.3
v -0.1 -0.1 1.3
v 0 -0.1 1.3
v 0.0999999 -0.1 1.3
v 0.2 -0.1 1.3
v -0.6 -0.1 1.2
v -0.5 -0.1 1.2
v 0 -0.1 1.2
v 0.0999999 -0.1 1.2
v -0.3 -0.1 1.1
v -0.2 -0.1 1.1
v -0.4 -0.1 1
v -0.3 -0.1 1
v -0.2 -0.1 1
v -0.1 -0.1 1
v -0.4 -0.1 0.9
v -0.3 -0.1 0.9
v -0.2 -0.1 0.9
v -0.1 -0.1 0.9
v -0.3 -0.1 0.8
v -0.2 -0.1 0.8
v -3.3 -0.1 -2
v 0.0999999 -0.1 -2
v 0.2 -0.1 -2
v 0.4 -0.1 -2
v -3.4 -0.1 -2.1
v 0.5 -0.1 -2.1
v -3.5 -0.1 -2.2
v 0.6 -0.1 -2.2
v -3.3 0 1.8
v 0.4 0 1.8
v -3.1 0 1.6
v -2.7 0 1.6
v -1.7 0 1.6
v -1.3 0 1.6
v -0.6 0 1.5
v -0.5 0 1.5
v 0 0 1.5
v 0.0999999 0 1.5
v -3.1 0 1.4
v -2.7 0 1.4
v -1.7 0 1.4
v -1.3 0 1.4
v -0.7 0 1.4
v -0.6 0 1.4
v -0.5 0 1.4
v -0.4 0 1.4
v -0.1 0 1.4
v 0 0 1.4
v 0.0999999 0 1.4
v 0.2 0 1.4
v -0.7 0 1.3
v -0.6 0 1.3
v -0.5 0 1.3
v -0.4 0 1.3
v -0.1 0 1.3
v 0 0 1.3
v 0.0999999 0 1.3
v 0.2 0 1.3
v -0.6 0 1.2
v -0.5 0 1.2
v 0 0 1.2
v 0.0999999 0 1.2
v -0.3 0 1.1
v -0.2 0 1.1
v -0.4 0 1
v -0.3 0 1
v -0.2 0 1
v -0.1 0 1
v -0.4 0 0.9
v -0.3 0 0.9
v -0.2 0 0.9
v -0.1 0 0.9
v -0.3 0 0.8
v -0.2 0 0.8
v -1.7 0 0.4
v -1.2 0 0.4
v -1.8 0 0.3
v -1.7 0 0.3
v -1.2 0 0.3
v -1.1 0 0.3
v -1.9 0 0.2
v -1.8 0 0.2
v -1.1 0 0.2
v -1 0 0.2
v -2 0 0.1
v -1.9 0 0.1
v -1 0 0.1
v -0.9 0 0.1
v -2 0 -0.4
v -1.9 0 -0.4
v -1 0 -0.4
v -0.9 0 -0.4
v -1.9 0 -0.5
v -1.8 0 -0.5
v -1.1 0 -0.5
v -1 0 -0.5
v -1.8 0 -0.6
v -1.7 0 -0.6
v -1.2 0 -0.6
v -1.1 0 -0.6
v -1.7 0 -0.7
v -1.2 0 -0.7
v -0.2 0 -0.7
v -0.1 0 -0.7
v 0.0999999 0 -0.7
v 0.2 0 -0.7
v -0.2 0 -0.8
v -0.1 0 -0.8
v 0.0999999 0 -0.8
v 0.2 0 -0.8
v -0.2 0 -1.6
v -0.1 0 -1.6
v -0.2 0 -1.7
v -0.1 0 -1.7
v 0.0999999 0 -1.9
v 0.2 0 -1.9
v -3.3 0 -2
v 0.0999999 0 -2
v 0.2 0 -2
v 0.4 0 -2
v -1.7 0.1 0.4
v -1.2 0.1 0.4
v -1.8 0.1 0.3
v -1.7 0.1 0.3
v -1.2 0.1 0.3
v -1.1 0.1 0.3
v -1.9 0.1 0.2
v -1.8 0.1 0.2
v -1.7 0.1 0.2
v -1.2 0.1 0.2
v -1.1 0.1 0.2
v -1 0.1 0.2
v -2 0.1 0.1
v -1.9 0.1 0.1
v -1.8 0.1 0.1
v -1.1 0.1 0.1
v -1 0.1 0.1
v -0.9 0.1 0.1
v -2 0.1 -0.4
v -1.9 0.1 -0.4
v -1.8 0.1 -0.4
v -1.1 0.1 -0.4
v -1 0.1 -0.4
v -0.9 0.1 -0.4
v -1.9 0.1 -0.5
v -1.8 0.1 -0.5
v -1.7 0.1 -0.5
v -1.2 0.1 -0.5
v -1.1 0.1 -0.5
v -1 0.1 -0.5
v -1.8 0.1 -0.6
v -1.7 0.1 -0.6
v -1.2 0.1 -0.6
v -1.1 0.1 -0.6
v -1.7 0.1 -0.7
v -1.2 0.1 -0.7
v -1.7 0.2 0.3
v -1.2 0.2 0.3
v -1.8 0.2 0.2
v -1.7 0.2 0.2
v -1.2 0.2 0.2
v -1.1 0.2 0.2
v -1.9 0.2 0.1
v -1.8 0.2 0.1
v -1.7 0.2 0.1
v -1.2 0.2 0.1
v -1.1 0.2 0.1
v -1 0.2 0.1
v -1.9 0.2 -0.4
v -1.8 0.2 -0.4
v -1.7 0.2 -0.4
v -1.2 0.2 -0.4
v -1.1 0.2 -0.4
v -1 0.2 -0.4
v -1.8 0.2 -0.5
v -1.7 0.2 -0.5
v -1.2 0.2 -0.5
v -1.1 0.2 -0.5
v -1.7 0.2 -0.6
v -1.2 0.2 -0.6
v -1.2 0.3 2.3
v 0 0.3 2.3
v -1.3 0.3 2.2
v -1.2 0.3 2.2
v 0 0.3 2.2
v 0.0999999 0.3 2.2
v -1.4 0.3 2.1
v -1.3 0.3 2.1
v -1 0.3 2.1
v -0.2 0.3 2.1
v 0.0999999 0.3 2.1
v 0.2 0.3 2.1
v -1.5 0.3 2
v -1.4 0.3 2
v -1.1 0.3 2
v -1 0.3 2
v -0.2 0.3 2
v -0.1 0.3 2
v 0.2 0.3 2
v 0.3 0.3 2
v -1.5 0.3 1.9
v -1.1 0.3 1.9
v -0.1 0.3 1.9
v 0.3 0.3 1.9
v -3.5 0.3 1.6
v -3.4 0.3 1.6
v -3.6 0.3 1.5
v -3.5 0.3 1.5
v -3.7 0.3 1.4
v -3.6 0.3 1.4
v -3.8 0.3 1.3
v -3.7 0.3 1.3
v -3.5 0.3 1.2
v -3.4 0.3 1.2
v -3.6 0.3 1.1
v -3.5 0.3 1.1
v -3.6 0.3 0.3
v -3.5 0.3 0.3
v -3.5 0.3 0.2
v -3.4 0.3 0.2
v -3.8 0.3 0.1
v -3.7 0.3 0.1
v -3.7 0.3 0
v -3.6 0.3 0
v 0.5 0.3 0
v 0.6 0.3 0
v -3.6 0.3 -0.0999999
v -3.5 0.3 -0.0999999
v 0.6 0.3 -0.0999999
v 0.7 0.3 -0.0999999
v -3.5 0.3 -0.2
v -3.4 0.3 -0.2
v 0.7 0.3 -0.2
v 0.8 0.3 -0.2
v 0.8 0.3 -0.3
v 0.9 0.3 -0.3
v 0.5 0.3 -0.4
v 0.6 0.3 -0.4
v 0.6 0.3 -0.5
v 0.7 0.3 -0.5
v 0.6 0.3 -1.3
v 0.7 0.3 -1.3
v 0.5 0.3 -1.4
v 0.6 0.3 -1.4
v 0.8 0.3 -1.5
v 0.9 0.3 -1.5
v 0.7 0.3 -1.6
v 0.8 0.3 -1.6
v 0.6 0.3 -1.7
v 0.7 0.3 -1.7
v 0.5 0.3 -1.8
v 0.6 0.3 -1.8
v -3.1 0.3 -2.1
v -2.7 0.3 -2.1
v -1.7 0.3 -2.1
v -1.3 0.3 -2.1
v -3.1 0.3 -2.2
v -3 0.3 -2.2
v -2.7 0.3 -2.2
v -2.6 0.3 -2.2
v -1.8 0.3 -2.2
v -1.7 0.3 -2.2
v -1.4 0.3 -2.2
v -1.3 0.3 -2.2
v -3 0.3 -2.3
v -2.9 0.3 -2.3
v -2.6 0.3 -2.3
v -1.8 0.3 -2.3
v -1.5 0.3 -2.3
v -1.4 0.3 -2.3
v -2.9 0.3 -2.4
v -2.8 0.3 -2.4
v -1.6 0.3 -2.4
v -1.5 0.3 -2.4
v -2.8 0.3 -2.5
v -1.6 0.3 -2.5
v -3 0.4 2
v -2.9 0.4 2
v -2.4 0.4 2
v -2.3 0.4 2
v -3 0.4 1.9
v -2.9 0.4 1.9
v -2.4 0.4 1.9
v -2.3 0.4 1.9
v 0.5 0.4 1.5
v 0.6 0.4 1.5
v 0.5 0.4 1.4
v 0.6 0.4 1.4
v 0.5 0.4 0.9
v 0.6 0.4 0.9
v 0.5 0.4 0.8
v 0.6 0.4 0.8
v -1.7 0.4 0.4
v -1.2 0.4 0.4
v -1.8 0.4 0.3
v -1.7 0.4 0.3
v -1.2 0.4 0.3
v -1.1 0.4 0.3
v -1.9 0.4 0.2
v -1.8 0.4 0.2
v -1.1 0.4 0.2
v -1 0.4 0.2
v -2 0.4 0.1
v -1.9 0.4 0.1
v -1 0.4 0.1
v -0.9 0.4 0.1
v -2 0.4 -0.4
v -1.9 0.4 -0.4
v -1 0.4 -0.4
v -0.9 0.4 -0.4
v -1.9 0.4 -0.5
v -1.8 0.4 -0.5
v -1.1 0.4 -0.5
v -1 0.4 -0.5
v -1.8 0.4 -0.6
v -1.7 0.4 -0.6
v -1.2 0.4 -0.6
v -1.1 0.4 -0.6
v -1.7 0.4 -0.7
v -1.2 0.4 -0.7
v -3.5 0.4 -1
v -3.4 0.4 -1
v -3.5 0.4 -1.1
v -3.4 0.4 -1.1
v -3.5 0.4 -1.6
v -3.4 0.4 -1.6
v -3.5 0.4 -1.7
v -3.4 0.4 -1.7
v -0.6 0.4 -2.1
v -0.5 0.4 -2.1
v 0 0.4 -2.1
v 0.0999999 0.4 -2.1
v -0.6 0.4 -2.2
v -0.5 0.4 -2.2
v 0 0.4 -2.2
v 0.0999999 0.4 -2.2
v -3.1 0.5 2
v -3 0.5 2
v -2.9 0.5 2
v -2.8 0.5 2
v -2.5 0.5 2
v -2.4 0.5 2
v -2.3 0.5 2
v -2.2 0.5 2
v -3.1 0.5 1.9
v -3 0.5 1.9
v -2.9 0.5 1.9
v -2.8 0.5 1.9
v -2.5 0.5 1.9
v -2.4 0.5 1.9
v -2.3 0.5 1.9
v -2.2 0.5 1.9
v 0.5 0.5 1.6
v 0.6 0.5 1.6
v 0.5 0.5 1.5
v 0.6 0.5 1.5
v 0.5 0.5 1.4
v 0.6 0.5 1.4
v 0.5 0.5 1.3
v 0.6 0.5 1.3
v 0.5 0.5 1
v 0.6 0.5 1
v 0.5 0.5 0.9
v 0.6 0.5 0.9
v 0.5 0.5 0.8
v 0.6 0.5 0.8
v 0.5 0.5 0.7
v 0.6 0.5 0.7
v -3.5 0.5 -0.9
v -3.4 0.5 -0.9
v -3.5 0.5 -1
v -3.4 0.5 -1
v -3.5 0.5 -1.1
v -3.4 0.5 -1.1
v -3.5 0.5 -1.2
v -3.4 0.5 -1.2
v -3.5 0.5 -1.5
v -3.4 0.5 -1.5
v -3.5 0.5 -1.6
v -3.4 0.5 -1.6
v -3.5 0.5 -1.7
v -3.4 0.5 -1.7
v -3.5 0.5 -1.8
v -3.4 0.5 -1.8
v -0.7 0.5 -2.1
v -0.6 0.5 -2.1
v -0.5 0.5 -2.1
v -0.4 0.5 -2.1
v -0.1 0.5 -2.1
v 0 0.5 -2.1
v 0.0999999 0.5 -2.1
v 0.2 0.5 -2.1
v -0.7 0.5 -2.2
v -0.6 0.5 -2.2
v -0.5 0.5 -2.2
v -0.4 0.5 -2.2
v -0.1 0.5 -2.2
v 0 0.5 -2.2
v 0.0999999 0.5 -2.2
v 0.2 0.5 -2.2
v -2.7 0.8 2
v -2.6 0.8 2
v -2.7 0.8 1.9
v -2.6 0.8 1.9
v 0.5 0.8 1.2
v 0.6 0.8 1.2
v 0.5 0.8 1.1
v 0.6 0.8 1.1
v -3.5 0.8 -1.3
v -3.4 0.8 -1.3
v -3.5 0.8 -1.4
v -3.4 0.8 -1.4
v -0.3 0.8 -2.1
v -0.2 0.8 -2.1
v -0.3 0.8 -2.2
v -0.2 0.8 -2.2
v -2.8 0.9 2
v -2.7 0.9 2
v -2.6 0.9 2
v -2.5 0.9 2
v -2.8 0.9 1.9
v -2.7 0.9 1.9
v -2.6 0.9 1.9
v -2.5 0.9 1.9
v 0.5 0.9 1.3
v 0.6 0.9 1.3
v 0.5 0.9 1.2
v 0.6 0.9 1.2
v 0.5 0.9 1.1
v 0.6 0.9 1.1
v 0.5 0.9 1
v 0.6 0.9 1
v -3.5 0.9 -1.2
v -3.4 0.9 -1.2
v -3.5 0.9 -1.3
v -3.4 0.9 -1.3
v -3.5 0.9 -1.4
v -3.4 0.9 -1.4
v -3.5 0.9 -1.5
v -3.4 0.9 -1.5
v -0.4 0.9 -2.1
v -0.3 0.9 -2.1
v -0.2 0.9 -2.1
v -0.1 0.9 -2.1
v -0.4 0.9 -2.2
v -0.3 0.9 -2.2
v -0.2 0.9 -2.2
v -0.1 0.9 -2.2
v -3.1 1.5 0.2
v -3 1.5 0.2
v 0.0999999 1.5 0
v 0.2 1.5 0
v -3.1 1.5 -0.4
v -3 1.5 -0.4
v 0.0999999 1.5 -0.4
v 0.2 1.5 -0.4
v 0.2 1.7 0.4
v 0.3 1.7 0.4
v 0.2 1.7 0.3
v 0.3 1.7 0.3
v 0.2 1.7 -0.5
v 0.3 1.7 -0.5
v 0.2 1.7 -0.6
v 0.3 1.7 -0.6
v -3.1 1.8 -0.6
v -3 1.8 -0.6
v -3.1 1.8 -0.7
v -3 1.8 -0.7
v -0.4 2 -0.6
v -0.1 2 -0.6
v -0.4 2 -0.7
v -0.1 2 -0.7
v -2 2.2 1.9
v -1.9 2.2 1.9
v -1 2.2 1.9
v -0.9 2.2 1.9
v -2 2.2 1.7
v -1.9 2.2 1.7
v -1.8 2.2 1.7
v -1.1 2.2 1.7
v -1 2.2 1.7
v -0.9 2.2 1.7
v -1.9 2.2 1.6
v -1.8 2.2 1.6
v -1.7 2.2 1.6
v -1.2 2.2 1.6
v -1.1 2.2 1.6
v -1 2.2 1.6
v -1.8 2.2 1.5
v -1.7 2.2 1.5
v -1.2 2.2 1.5
v -1.1 2.2 1.5
v -3.4 2.2 0.5
v -3.3 2.2 0.5
v -3.2 2.2 0.5
v -3 2.2 0.5
v -2.9 2.2 0.5
v -2.4 2.2 0.5
v -0.5 2.2 0.5
v 0.0999999 2.2 0.5
v 0.2 2.2 0.5
v 0.3 2.2 0.5
v 0.4 2.2 0.5
v 0.5 2.2 0.5
v -3.4 2.2 0.4
v -3.3 2.2 0.4
v -3.2 2.2 0.4
v -3.1 2.2 0.4
v -3 2.2 0.4
v -2.9 2.2 0.4
v -2.4 2.2 0.4
v -0.5 2.2 0.4
v 0.0999999 2.2 0.4
v 0.2 2.2 0.4
v 0.3 2.2 0.4
v 0.4 2.2 0.4
v 0.5 2.2 0.4
v -3.3 2.2 0.3
v -3.2 2.2 0.3
v 0.2 2.2 0.3
v 0.3 2.2 0.3
v 0.4 2.2 0.3
v 0.2 2.2 0.2
v 0.3 2.2 0.2
v -3.2 2.2 -0.4
v -3.1 2.2 -0.4
v 0.2 2.2 -0.4
v 0.3 2.2 -0.4
v -3.3 2.2 -0.5
v -3.2 2.2 -0.5
v -3.1 2.2 -0.5
v 0.2 2.2 -0.5
v 0.3 2.2 -0.5
v 0.4 2.2 -0.5
v -3.4 2.2 -0.6
v -3.3 2.2 -0.6
v -3.2 2.2 -0.6
v -3.1 2.2 -0.6
v -3 2.2 -0.6
v -2.9 2.2 -0.6
v -2.4 2.2 -0.6
v -0.5 2.2 -0.6
v -0.2 2.2 -0.6
v -0.1 2.2 -0.6
v 0.0999999 2.2 -0.6
v 0.2 2.2 -0.6
v 0.3 2.2 -0.6
v 0.4 2.2 -0.6
v 0.5 2.2 -0.6
v -3.4 2.2 -0.7
v -3.3 2.2 -0.7
v -3.1 2.2 -0.7
v -3 2.2 -0.7
v -2.9 2.2 -0.7
v -2.4 2.2 -0.7
v -0.5 2.2 -0.7
v -0.2 2.2 -0.7
v -0.1 2.2 -0.7
v 0.0999999 2.2 -0.7
v 0.2 2.2 -0.7
v 0.3 2.2 -0.7
v 0.4 2.2 -0.7
v 0.5 2.2 -0.7
v -1.8 2.2 -1.7
v -1.7 2.2 -1.7
v -1.2 2.2 -1.7
v -1.1 2.2 -1.7
v -1.9 2.2 -1.8
v -1.8 2.2 -1.8
v -1.7 2.2 -1.8
v -1.2 2.2 -1.8
v -1.1 2.2 -1.8
v -1 2.2 -1.8
v -2 2.2 -1.9
v -1.9 2.2 -1.9
v -1.8 2.2 -1.9
v -1.1 2.2 -1.9
v -1 2.2 -1.9
v -0.9 2.2 -1.9
v -2 2.2 -2.1
v -1.9 2.2 -2.1
v -1 2.2 -2.1
v -0.9 2.2 -2.1
v -1.9 2.3 1.9
v -1.8 2.3 1.9
v -1.1 2.3 1.9
v -1 2.3 1.9
v -1.9 2.3 1.7
v -1.8 2.3 1.7
v -1.7 2.3 1.7
v -1.2 2.3 1.7
v -1.1 2.3 1.7
v -1 2.3 1.7
v -1.8 2.3 1.6
v -1.7 2.3 1.6
v -1.2 2.3 1.6
v -1.1 2.3 1.6
v -1.7 2.3 1.5
v -1.2 2.3 1.5
v -3.4 2.3 0.4
v -3.3 2.3 0.4
v -3.1 2.3 0.4
v -3 2.3 0.4
v -2.9 2.3 0.4
v -2.4 2.3 0.4
v -0.5 2.3 0.4
v 0.0999999 2.3 0.4
v 0.2 2.3 0.4
v 0.3 2.3 0.4
v 0.4 2.3 0.4
v 0.5 2.3 0.4
v -3.4 2.3 0.3
v -3.3 2.3 0.3
v -3.1 2.3 0.3
v -3 2.3 0.3
v -2.9 2.3 0.3
v -2.4 2.3 0.3
v -0.5 2.3 0.3
v 0.0999999 2.3 0.3
v 0.2 2.3 0.3
v 0.3 2.3 0.3
v 0.4 2.3 0.3
v 0.5 2.3 0.3
v -3.3 2.3 0.2
v -3.2 2.3 0.2
v 0.2 2.3 0.2
v 0.3 2.3 0.2
v 0.4 2.3 0.2
v -3.3 2.3 -0.4
v -3.2 2.3 -0.4
v -3.1 2.3 -0.4
v 0.2 2.3 -0.4
v 0.3 2.3 -0.4
v 0.4 2.3 -0.4
v -3.4 2.3 -0.5
v -3.3 2.3 -0.5
v -3.2 2.3 -0.5
v -3.1 2.3 -0.5
v -3 2.3 -0.5
v -2.9 2.3 -0.5
v -2.4 2.3 -0.5
v -0.5 2.3 -0.5
v 0.0999999 2.3 -0.5
v 0.2 2.3 -0.5
v 0.3 2.3 -0.5
v 0.4 2.3 -0.5
v 0.5 2.3 -0.5
v -3.4 2.3 -0.6
v -3.3 2.3 -0.6
v -3.1 2.3 -0.6
v -3 2.3 -0.6
v -2.9 2.3 -0.6
v -2.4 2.3 -0.6
v -0.5 2.3 -0.6
v 0.0999999 2.3 -0.6
v 0.2 2.3 -0.6
v 0.3 2.3 -0.6
v 0.4 2.3 -0.6
v 0.5 2.3 -0.6
v -1.7 2.3 -1.7
v -1.2 2.3 -1.7
v -1.8 2.3 -1.8
v -1.7 2.3 -1.8
v -1.2 2.3 -1.8
v -1.1 2.3 -1.8
v -1.9 2.3 -1.9
v -1.8 2.3 -1.9
v -1.7 2.3 -1.9
v -1.2 2.3 -1.9
v -1.1 2.3 -1.9
v -1 2.3 -1.9
v -1.9 2.3 -2.1
v -1.8 2.3 -2.1
v -1.1 2.3 -2.1
v -1 2.3 -2.1
v -1.8 2.4 1.9
v -1.7 2.4 1.9
v -1.2 2.4 1.9
v -1.1 2.4 1.9
v -1.8 2.4 1.7
v -1.7 2.4 1.7
v -1.2 2.4 1.7
v -1.1 2.4 1.7
v -1.7 2.4 1.6
v -1.2 2.4 1.6
v -3.4 2.4 0.3
v -3.3 2.4 0.3
v -3.1 2.4 0.3
v -3 2.4 0.3
v -2.9 2.4 0.3
v -2.4 2.4 0.3
v -0.5 2.4 0.3
v 0.0999999 2.4 0.3
v 0.2 2.4 0.3
v 0.3 2.4 0.3
v 0.4 2.4 0.3
v 0.5 2.4 0.3
v -3.4 2.4 0.2
v -3.3 2.4 0.2
v -3.2 2.4 0.2
v -3.1 2.4 0.2
v -3 2.4 0.2
v -2.9 2.4 0.2
v -2.4 2.4 0.2
v -0.5 2.4 0.2
v 0.0999999 2.4 0.2
v 0.2 2.4 0.2
v 0.3 2.4 0.2
v 0.4 2.4 0.2
v 0.5 2.4 0.2
v -3.4 2.4 -0.4
v -3.3 2.4 -0.4
v -3.2 2.4 -0.4
v -3.1 2.4 -0.4
v -3 2.4 -0.4
v -2.9 2.4 -0.4
v -2.4 2.4 -0.4
v -0.5 2.4 -0.4
v 0.0999999 2.4 -0.4
v 0.2 2.4 -0.4
v 0.3 2.4 -0.4
v 0.4 2.4 -0.4
v 0.5 2.4 -0.4
v -3.4 2.4 -0.5
v -3.3 2.4 -0.5
v -3.1 2.4 -0.5
v -3 2.4 -0.5
v -2.9 2.4 -0.5
v -2.4 2.4 -0.5
v -0.5 2.4 -0.5
v 0.0999999 2.4 -0.5
v 0.2 2.4 -0.5
v 0.3 2.4 -0.5
v 0.4 2.4 -0.5
v 0.5 2.4 -0.5
v -1.7 2.4 -1.8
v -1.2 2.4 -1.8
v -1.8 2.4 -1.9
v -1.7 2.4 -1.9
v -1.2 2.4 -1.9
v -1.1 2.4 -1.9
v -1.8 2.4 -2.1
v -1.7 2.4 -2.1
v -1.2 2.4 -2.1
v -1.1 2.4 -2.1
v -3.1 2.5 2.2
v -3 2.5 2.2
v -2.8 2.5 2.1
v -2.7 2.5 2.1
v -3.1 2.5 1.9
v -3 2.5 1.9
v -2.8 2.5 1.9
v -2.7 2.5 1.9
v -1.7 2.5 1.9
v -1.2 2.5 1.9
v -1.7 2.5 1.7
v -1.2 2.5 1.7
v 0.5 2.5 1.6
v 0.8 2.5 1.6
v 0.5 2.5 1.5
v 0.8 2.5 1.5
v 0.5 2.5 1.3
v 0.7 2.5 1.3
v 0.5 2.5 1.2
v 0.7 2.5 1.2
v -3.4 2.5 0.2
v -3.3 2.5 0.2
v -3.2 2.5 0.2
v -3 2.5 0.2
v -2.9 2.5 0.2
v -2.4 2.5 0.2
v -0.5 2.5 0.2
v 0.0999999 2.5 0.2
v 0.2 2.5 0.2
v 0.3 2.5 0.2
v 0.4 2.5 0.2
v 0.5 2.5 0.2
v -3.2 2.5 -0.3
v -3.1 2.5 -0.3
v -3.4 2.5 -0.4
v -3.3 2.5 -0.4
v -3.1 2.5 -0.4
v -3 2.5 -0.4
v -2.9 2.5 -0.4
v -2.4 2.5 -0.4
v -0.5 2.5 -0.4
v 0.0999999 2.5 -0.4
v 0.2 2.5 -0.4
v 0.3 2.5 -0.4
v 0.4 2.5 -0.4
v 0.5 2.5 -0.4
v -3.6 2.5 -1.4
v -3.4 2.5 -1.4
v -3.6 2.5 -1.5
v -3.4 2.5 -1.5
v -3.7 2.5 -1.7
v -3.4 2.5 -1.7
v -3.7 2.5 -1.8
v -3.4 2.5 -1.8
v -1.7 2.5 -1.9
v -1.2 2.5 -1.9
v -1.7 2.5 -2.1
v -1.2 2.5 -2.1
v -0.2 2.5 -2.1
v -0.1 2.5 -2.1
v 0.0999999 2.5 -2.1
v 0.2 2.5 -2.1
v -0.2 2.5 -2.3
v -0.1 2.5 -2.3
v 0.0999999 2.5 -2.4
v 0.2 2.5 -2.4
v -3.1 2.6 2.3
v -3 2.6 2.3
v -3.1 2.6 2.2
v -3 2.6 2.2
v -2.8 2.6 2.2
v -2.7 2.6 2.2
v -2.8 2.6 2.1
v -2.7 2.6 2.1
v 0.8 2.6 1.6
v 0.9 2.6 1.6
v 0.8 2.6 1.5
v 0.9 2.6 1.5
v 0.7 2.6 1.3
v 0.8 2.6 1.3
v 0.7 2.6 1.2
v 0.8 2.6 1.2
v -3.7 2.6 -1.4
v -3.6 2.6 -1.4
v -3.7 2.6 -1.5
v -3.6 2.6 -1.5
v -3.8 2.6 -1.7
v -3.7 2.6 -1.7
v -3.8 2.6 -1.8
v -3.7 2.6 -1.8
v -0.2 2.6 -2.3
v -0.1 2.6 -2.3
v -0.2 2.6 -2.4
v -0.1 2.6 -2.4
v 0.0999999 2.6 -2.4
v 0.2 2.6 -2.4
v 0.0999999 2.6 -2.5
v 0.2 2.6 -2.5
v -2.8 3.3 2.1
v -2.7 3.3 2.1
v -2.8 3.3 2
v -2.7 3.3 2
v 0.6 3.3 1.3
v 0.7 3.3 1.3
v 0.6 3.3 1.2
v 0.7 3.3 1.2
v -3.6 3.3 -1.4
v -3.5 3.3 -1.4
v -3.6 3.3 -1.5
v -3.5 3.3 -1.5
v -0.2 3.3 -2.2
v -0.1 3.3 -2.2
v -0.2 3.3 -2.3
v -0.1 3.3 -2.3
v -2.8 3.4 2
v -2.7 3.4 2
v -2.8 3.4 1.9
v -2.7 3.4 1.9
v 0.5 3.4 1.3
v 0.6 3.4 1.3
v 0.5 3.4 1.2
v 0.6 3.4 1.2
v -3.5 3.4 -1.4
v -3.4 3.4 -1.4
v -3.5 3.4 -1.5
v -3.4 3.4 -1.5
v -0.2 3.4 -2.1
v -0.1 3.4 -2.1
v -0.2 3.4 -2.2
v -0.1 3.4 -2.2
v -3.1 3.6 2.2
v -3 3.6 2.2
v -3.1 3.6 2.1
v -3 3.6 2.1
v 0.7 3.6 1.6
v 0.8 3.6 1.6
v 0.7 3.6 1.5
v 0.8 3.6 1.5
v -3.7 3.6 -1.7
v -3.6 3.6 -1.7
v -3.7 3.6 -1.8
v -3.6 3.6 -1.8
v 0.0999999 3.6 -2.3
v 0.2 3.6 -2.3
v 0.0999999 3.6 -2.4
v 0.2 3.6 -2.4
v -3.1 3.7 2.1
v -3 3.7 2.1
v -3.1 3.7 1.9
v -3 3.7 1.9
v 0.5 3.7 1.6
v 0.7 3.7 1.6
v 0.5 3.7 1.5
v 0.7 3.7 1.5
v -3.6 3.7 -1.7
v -3.4 3.7 -1.7
v -3.6 3.7 -1.8
v -3.4 3.7 -1.8
v 0.0999999 3.7 -2.1
v 0.2 3.7 -2.1
v 0.0999999 3.7 -2.3
v 0.2 3.7 -2.3
v -3.3 3.8 2
v -3.1 3.8 2
v -3 3.8 2
v 0.4 3.8 2
v -3.3 3.8 1.9
v -3.1 3.8 1.9
v -3 3.8 1.9
v 0.4 3.8 1.9
v -3.5 3.8 1.8
v -3.4 3.8 1.8
v 0.5 3.8 1.8
v 0.6 3.8 1.8
v 0.5 3.8 1.6
v 0.6 3.8 1.6
v 0.5 3.8 1.5
v 0.6 3.8 1.5
v -3.5 3.8 -1.7
v -3.4 3.8 -1.7
v -3.5 3.8 -1.8
v -3.4 3.8 -1.8
v -3.5 3.8 -2
v -3.4 3.8 -2
v 0.5 3.8 -2
v 0.6 3.8 -2
v -3.3 3.8 -2.1
v 0.0999999 3.8 -2.1
v 0.2 3.8 -2.1
v 0.4 3.8 -2.1
v -3.3 3.8 -2.2
v 0.0999999 3.8 -2.2
v 0.2 3.8 -2.2
v 0.4 3.8 -2.2
v 0.0999999 -0.3 -0.9
v 0.2 -0.3 -0.9
v 0.0999999 -0.3 -1.8
v 0.2 -0.3 -1.8
v -2.6 -0.2 1.6
v -1.8 -0.2 1.6
v -2.6 -0.2 1.4
v -1.8 -0.2 1.4
v 0.0999999 -0.2 -0.8
v 0.2 -0.2 -0.8
v -0.2 -0.2 -0.9
v -0.1 -0.2 -0.9
v 0.0999999 -0.2 -0.9
v 0.2 -0.2 -0.9
v -0.2 -0.2 -1.5
v -0.1 -0.2 -1.5
v 0.0999999 -0.2 -1.8
v 0.2 -0.2 -1.8
v 0.0999999 -0.2 -1.9
v 0.2 -0.2 -1.9
v -2.7 -0.1 1.6
v -2.6 -0.1 1.6
v -1.8 -0.1 1.6
v -1.7 -0.1 1.6
v -2.7 -0.1 1.4
v -2.6 -0.1 1.4
v -1.8 -0.1 1.4
v -1.7 -0.1 1.4
v -0.2 -0.1 -0.8
v -0.1 -0.1 -0.8
v -0.2 -0.1 -0.9
v -0.1 -0.1 -0.9
v -0.2 -0.1 -1.5
v -0.1 -0.1 -1.5
v -0.2 -0.1 -1.6
v -0.1 -0.1 -1.6
v -3.3 0.1 2
v 0.4 0.1 2
v -3.3 0.1 1.9
v 0.4 0.1 1.9
v -3.5 0.1 1.8
v -3.4 0.1 1.8
v 0.5 0.1 1.8
v 0.6 0.1 1.8
v -3.5 0.1 -2
v -3.4 0.1 -2
v 0.5 0.1 -2
v 0.6 0.1 -2
v -3.3 0.1 -2.1
v 0.4 0.1 -2.1
v -3.3 0.1 -2.2
v 0.4 0.1 -2.2
v -1.7 0.2 0.4
v -1.4 0.2 0.4
v -1.7 0.2 0.3
v -1.4 0.2 0.3
v -2 0.2 0.1
v -1.9 0.2 0.1
v -1 0.2 0.1
v -0.9 0.2 0.1
v -2 0.2 -0.4
v -1.9 0.2 -0.4
v -1.8 0.2 -0.4
v -1.1 0.2 -0.4
v -1 0.2 -0.4
v -0.9 0.2 -0.4
v -1.9 0.2 -0.5
v -1.8 0.2 -0.5
v -1.7 0.2 -0.5
v -1.2 0.2 -0.5
v -1.1 0.2 -0.5
v -1 0.2 -0.5
v -1.8 0.2 -0.6
v -1.7 0.2 -0.6
v -1.2 0.2 -0.6
v -1.1 0.2 -0.6
v -1.7 0.2 -0.7
v -1.2 0.2 -0.7
v -1.4 0.3 0.4
v -1.2 0.3 0.4
v -1.8 0.3 0.3
v -1.7 0.3 0.3
v -1.4 0.3 0.3
v -1.2 0.3 0.3
v -1.1 0.3 0.3
v -1.9 0.3 0.2
v -1.8 0.3 0.2
v -1.7 0.3 0.2
v -1.2 0.3 0.2
v -1.1 0.3 0.2
v -1 0.3 0.2
v -1.9 0.3 0.1
v -1.8 0.3 0.1
v -1.7 0.3 0.1
v -1.2 0.3 0.1
v -1.1 0.3 0.1
v -1 0.3 0.1
v -1.9 0.3 -0.4
v -1.8 0.3 -0.4
v -1.7 0.3 -0.4
v -1.2 0.3 -0.4
v -1.1 0.3 -0.4
v -1 0.3 -0.4
v -1.8 0.3 -0.5
v -1.7 0.3 -0.5
v -1.2 0.3 -0.5
v -1.1 0.3 -0.5
v -1.7 0.3 -0.6
v -1.2 0.3 -0.6
v -1.2 0.5 2.3
v 0 0.5 2.3
v -1.3 0.5 2.2
v -1.2 0.5 2.2
v 0 0.5 2.2
v 0.0999999 0.5 2.2
v -1.4 0.5 2.1
v -1.3 0.5 2.1
v -1 0.5 2.1
v -0.2 0.5 2.1
v 0.0999999 0.5 2.1
v 0.2 0.5 2.1
v -1.5 0.5 2
v -1.4 0.5 2
v -1.1 0.5 2
v -1 0.5 2
v -0.2 0.5 2
v -0.1 0.5 2
v 0.2 0.5 2
v 0.3 0.5 2
v -1.5 0.5 1.9
v -1.1 0.5 1.9
v -0.1 0.5 1.9
v 0.3 0.5 1.9
v -3.5 0.5 1.6
v -3.4 0.5 1.6
v -3.6 0.5 1.5
v -3.5 0.5 1.5
v -3.7 0.5 1.4
v -3.6 0.5 1.4
v -3.8 0.5 1.3
v -3.7 0.5 1.3
v -3.5 0.5 1.2
v -3.4 0.5 1.2
v -3.6 0.5 1.1
v -3.5 0.5 1.1
v -3.6 0.5 0.3
v -3.5 0.5 0.3
v -3.5 0.5 0.2
v -3.4 0.5 0.2
v -3.8 0.5 0.1
v -3.7 0.5 0.1
v -3.7 0.5 0
v -3.6 0.5 0
v 0.5 0.5 0
v 0.6 0.5 0
v -3.6 0.5 -0.0999999
v -3.5 0.5 -0.0999999
v 0.6 0.5 -0.0999999
v 0.7 0.5 -0.0999999
v -3.5 0.5 -0.2
v -3.4 0.5 -0.2
v 0.7 0.5 -0.2
v 0.8 0.5 -0.2
v 0.8 0.5 -0.3
v 0.9 0.5 -0.3
v 0.5 0.5 -0.4
v 0.6 0.5 -0.4
v 0.6 0.5 -0.5
v 0.7 0.5 -0.5
v 0.6 0.5 -1.3
v 0.7 0.5 -1.3
v 0.5 0.5 -1.4
v 0.6 0.5 -1.4
v 0.8 0.5 -1.5
v 0.9 0.5 -1.5
v 0.7 0.5 -1.6
v 0.8 0.5 -1.6
v 0.6 0.5 -1.7
v 0.7 0.5 -1.7
v 0.5 0.5 -1.8
v 0.6 0.5 -1.8
v -3.1 0.5 -2.1
v -2.7 0.5 -2.1
v -1.7 0.5 -2.1
v -1.3 0.5 -2.1
v -3.1 0.5 -2.2
v -3 0.5 -2.2
v -2.7 0.5 -2.2
v -2.6 0.5 -2.2
v -1.8 0.5 -2.2
v -1.7 0.5 -2.2
v -1.4 0.5 -2.2
v -1.3 0.5 -2.2
v -3 0.5 -2.3
v -2.9 0.5 -2.3
v -2.6 0.5 -2.3
v -1.8 0.5 -2.3
v -1.5 0.5 -2.3
v -1.4 0.5 -2.3
v -2.9 0.5 -2.4
v -2.8 0.5 -2.4
v -1.6 0.5 -2.4
v -1.5 0.5 -2.4
v -2.8 0.5 -2.5
v -1.6 0.5 -2.5
v -3.1 0.6 2
v -3 0.6 2
v -2.9 0.6 2
v -2.8 0.6 2
v -2.5 0.6 2
v -2.4 0.6 2
v -2.3 0.6 2
v -2.2 0.6 2
v -3.1 0.6 1.9
v -3 0.6 1.9
v -2.9 0.6 1.9
v -2.8 0.6 1.9
v -2.5 0.6 1.9
v -2.4 0.6 1.9
v -2.3 0.6 1.9
v -2.2 0.6 1.9
v 0.5 0.6 1.6
v 0.6 0.6 1.6
v 0.5 0.6 1.5
v 0.6 0.6 1.5
v 0.5 0.6 1.4
v 0.6 0.6 1.4
v 0.5 0.6 1.3
v 0.6 0.6 1.3
v 0.5 0.6 1
v 0.6 0.6 1
v 0.5 0.6 0.9
v 0.6 0.6 0.9
v 0.5 0.6 0.8
v 0.6 0.6 0.8
v 0.5 0.6 0.7
v 0.6 0.6 0.7
v -3.5 0.6 -0.9
v -3.4 0.6 -0.9
v -3.5 0.6 -1
v -3.4 0.6 -1
v -3.5 0.6 -1.1
v -3.4 0.6 -1.1
v -3.5 0.6 -1.2
v -3.4 0.6 -1.2
v -3.5 0.6 -1.5
v -3.4 0.6 -1.5
v -3.5 0.6 -1.6
v -3.4 0.6 -1.6
v -3.5 0.6 -1.7
v -3.4 0.6 -1.7
v -3.5 0.6 -1.8
v -3.4 0.6 -1.8
v -0.7 0.6 -2.1
v -0.6 0.6 -2.1
v -0.5 0.6 -2.1
v -0.4 0.6 -2.1
v -0.1 0.6 -2.1
v 0 0.6 -2.1
v 0.0999999 0.6 -2.1
v 0.2 0.6 -2.1
v -0.7 0.6 -2.2
v -0.6 0.6 -2.2
v -0.5 0.6 -2.2
v -0.4 0.6 -2.2
v -0.1 0.6 -2.2
v 0 0.6 -2.2
v 0.0999999 0.6 -2.2
v 0.2 0.6 -2.2
v -3 0.7 2
v -2.9 0.7 2
v -2.4 0.7 2
v -2.3 0.7 2
v -3 0.7 1.9
v -2.9 0.7 1.9
v -2.4 0.7 1.9
v -2.3 0.7 1.9
v 0.5 0.7 1.5
v 0.6 0.7 1.5
v 0.5 0.7 1.4
v 0.6 0.7 1.4
v 0.5 0.7 0.9
v 0.6 0.7 0.9
v 0.5 0.7 0.8
v 0.6 0.7 0.8
v -3.5 0.7 -1
v -3.4 0.7 -1
v -3.5 0.7 -1.1
v -3.4 0.7 -1.1
v -3.5 0.7 -1.6
v -3.4 0.7 -1.6
v -3.5 0.7 -1.7
v -3.4 0.7 -1.7
v -0.6 0.7 -2.1
v -0.5 0.7 -2.1
v 0 0.7 -2.1
v 0.0999999 0.7 -2.1
v -0.6 0.7 -2.2
v -0.5 0.7 -2.2
v 0 0.7 -2.2
v 0.0999999 0.7 -2.2
v -2.8 1 2
v -2.7 1 2
v -2.6 1 2
v -2.5 1 2
v -2.8 1 1.9
v -2.7 1 1.9
v -2.6 1 1.9
v -2.5 1 1.9
v 0.5 1 1.3
v 0.6 1 1.3
v 0.5 1 1.2
v 0.6 1 1.2
v 0.5 1 1.1
v 0.6 1 1.1
v 0.5 1 1
v 0.6 1 1
v -3.5 1 -1.2
v -3.4 1 -1.2
v -3.5 1 -1.3
v -3.4 1 -1.3
v -3.5 1 -1.4
v -3.4 1 -1.4
v -3.5 1 -1.5
v -3.4 1 -1.5
v -0.4 1 -2.1
v -0.3 1 -2.1
v -0.2 1 -2.1
v -0.1 1 -2.1
v -0.4 1 -2.2
v -0.3 1 -2.2
v -0.2 1 -2.2
v -0.1 1 -2.2
v -2.7 1.1 2
v -2.6 1.1 2
v -2.7 1.1 1.9
v -2.6 1.1 1.9
v 0.5 1.1 1.2
v 0.6 1.1 1.2
v 0.5 1.1 1.1
v 0.6 1.1 1.1
v -3.5 1.1 -1.3
v -3.4 1.1 -1.3
v -3.5 1.1 -1.4
v -3.4 1.1 -1.4
v -0.3 1.1 -2.1
v -0.2 1.1 -2.1
v -0.3 1.1 -2.2
v -0.2 1.1 -2.2
v -1.7 1.4 1.9
v -1.2 1.4 1.9
v -1.7 1.4 1.7
v -1.2 1.4 1.7
v -3.4 1.4 0.2
v -3.3 1.4 0.2
v -3.1 1.4 0.2
v -3 1.4 0.2
v -2.9 1.4 0.2
v -2.4 1.4 0.2
v -0.5 1.4 0.2
v 0.0999999 1.4 0.2
v 0.4 1.4 0.2
v 0.5 1.4 0.2
v 0.0999999 1.4 0
v 0.2 1.4 0
v -3.4 1.4 -0.4
v -3.3 1.4 -0.4
v -3.1 1.4 -0.4
v -3 1.4 -0.4
v -2.9 1.4 -0.4
v -2.4 1.4 -0.4
v -0.5 1.4 -0.4
v 0.2 1.4 -0.4
v 0.4 1.4 -0.4
v 0.5 1.4 -0.4
v -1.7 1.4 -1.9
v -1.2 1.4 -1.9
v -1.7 1.4 -2.1
v -1.2 1.4 -2.1
v -1.8 1.5 1.9
v -1.7 1.5 1.9
v -1.2 1.5 1.9
v -1.1 1.5 1.9
v -1.8 1.5 1.7
v -1.7 1.5 1.7
v -1.2 1.5 1.7
v -1.1 1.5 1.7
v -1.7 1.5 1.6
v -1.2 1.5 1.6
v -3.4 1.5 0.3
v -3.3 1.5 0.3
v -2.9 1.5 0.3
v -2.4 1.5 0.3
v -0.5 1.5 0.3
v 0.0999999 1.5 0.3
v 0.4 1.5 0.3
v 0.5 1.5 0.3
v -3.4 1.5 0.2
v -3.3 1.5 0.2
v -3.2 1.5 0.2
v -2.9 1.5 0.2
v -2.4 1.5 0.2
v -0.5 1.5 0.2
v 0.0999999 1.5 0.2
v 0.3 1.5 0.2
v 0.4 1.5 0.2
v 0.5 1.5 0.2
v -3.4 1.5 -0.4
v -3.3 1.5 -0.4
v -3.2 1.5 -0.4
v -2.9 1.5 -0.4
v -2.4 1.5 -0.4
v -0.5 1.5 -0.4
v 0 1.5 -0.4
v 0.3 1.5 -0.4
v 0.4 1.5 -0.4
v 0.5 1.5 -0.4
v -3.4 1.5 -0.5
v -3.3 1.5 -0.5
v -2.9 1.5 -0.5
v -2.4 1.5 -0.5
v -0.5 1.5 -0.5
v 0 1.5 -0.5
v 0.4 1.5 -0.5
v 0.5 1.5 -0.5
v -1.7 1.5 -1.8
v -1.2 1.5 -1.8
v -1.8 1.5 -1.9
v -1.7 1.5 -1.9
v -1.2 1.5 -1.9
v -1.1 1.5 -1.9
v -1.8 1.5 -2.1
v -1.7 1.5 -2.1
v -1.2 1.5 -2.1
v -1.1 1.5 -2.1
v -1.9 1.6 1.9
v -1.8 1.6 1.9
v -1.1 1.6 1.9
v -1 1.6 1.9
v -1.9 1.6 1.7
v -1.8 1.6 1.7
v -1.7 1.6 1.7
v -1.2 1.6 1.7
v -1.1 1.6 1.7
v -1 1.6 1.7
v -1.8 1.6 1.6
v -1.7 1.6 1.6
v -1.2 1.6 1.6
v -1.1 1.6 1.6
v -1.7 1.6 1.5
v -1.2 1.6 1.5
v -3.4 1.6 0.4
v -3.3 1.6 0.4
v -2.9 1.6 0.4
v -2.4 1.6 0.4
v -0.5 1.6 0.4
v 0.0999999 1.6 0.4
v 0.2 1.6 0.4
v 0.3 1.6 0.4
v 0.4 1.6 0.4
v 0.5 1.6 0.4
v -3.4 1.6 0.3
v -3.3 1.6 0.3
v -3.2 1.6 0.3
v -2.9 1.6 0.3
v -2.4 1.6 0.3
v -0.5 1.6 0.3
v 0.0999999 1.6 0.3
v 0.2 1.6 0.3
v 0.3 1.6 0.3
v 0.4 1.6 0.3
v 0.5 1.6 0.3
v -3.3 1.6 0.2
v -3.2 1.6 0.2
v -3.1 1.6 0.2
v 0.2 1.6 0.2
v 0.3 1.6 0.2
v 0.4 1.6 0.2
v -3.3 1.6 -0.4
v -3.2 1.6 -0.4
v -3.1 1.6 -0.4
v 0 1.6 -0.4
v 0.0999999 1.6 -0.4
v 0.2 1.6 -0.4
v 0.3 1.6 -0.4
v 0.4 1.6 -0.4
v -3.4 1.6 -0.5
v -3.3 1.6 -0.5
v -3.2 1.6 -0.5
v -2.9 1.6 -0.5
v -2.4 1.6 -0.5
v -0.5 1.6 -0.5
v 0 1.6 -0.5
v 0.2 1.6 -0.5
v 0.3 1.6 -0.5
v 0.4 1.6 -0.5
v 0.5 1.6 -0.5
v -3.4 1.6 -0.6
v -3.3 1.6 -0.6
v -2.9 1.6 -0.6
v -2.4 1.6 -0.6
v -0.5 1.6 -0.6
v 0.0999999 1.6 -0.6
v 0.2 1.6 -0.6
v 0.3 1.6 -0.6
v 0.4 1.6 -0.6
v 0.5 1.6 -0.6
v -1.7 1.6 -1.7
v -1.2 1.6 -1.7
v -1.8 1.6 -1.8
v -1.7 1.6 -1.8
v -1.2 1.6 -1.8
v -1.1 1.6 -1.8
v -1.9 1.6 -1.9
v -1.8 1.6 -1.9
v -1.7 1.6 -1.9
v -1.2 1.6 -1.9
v -1.1 1.6 -1.9
v -1 1.6 -1.9
v -1.9 1.6 -2.1
v -1.8 1.6 -2.1
v -1.1 1.6 -2.1
v -1 1.6 -2.1
v -2 1.7 1.9
v -1.9 1.7 1.9
v -1 1.7 1.9
v -0.9 1.7 1.9
v -2 1.7 1.7
v -1.9 1.7 1.7
v -1.8 1.7 1.7
v -1.1 1.7 1.7
v -1 1.7 1.7
v -0.9 1.7 1.7
v -1.9 1.7 1.6
v -1.8 1.7 1.6
v -1.7 1.7 1.6
v -1.2 1.7 1.6
v -1.1 1.7 1.6
v -1 1.7 1.6
v -1.8 1.7 1.5
v -1.7 1.7 1.5
v -1.2 1.7 1.5
v -1.1 1.7 1.5
v -3.4 1.7 0.5
v -3.3 1.7 0.5
v -3.1 1.7 0.5
v -3 1.7 0.5
v -2.9 1.7 0.5
v -2.4 1.7 0.5
v -0.5 1.7 0.5
v 0.0999999 1.7 0.5
v 0.2 1.7 0.5
v 0.3 1.7 0.5
v 0.4 1.7 0.5
v 0.5 1.7 0.5
v -3.4 1.7 0.4
v -3.3 1.7 0.4
v -3.2 1.7 0.4
v -2.9 1.7 0.4
v -2.4 1.7 0.4
v -0.5 1.7 0.4
v 0.0999999 1.7 0.4
v 0.2 1.7 0.4
v 0.3 1.7 0.4
v 0.4 1.7 0.4
v 0.5 1.7 0.4
v -3.3 1.7 0.3
v -3.2 1.7 0.3
v -3.1 1.7 0.3
v -3 1.7 0.3
v 0.2 1.7 0.3
v 0.3 1.7 0.3
v 0.4 1.7 0.3
v -3.2 1.7 0.2
v -3.1 1.7 0.2
v 0.2 1.7 0.2
v 0.3 1.7 0.2
v -3.2 1.7 -0.4
v -3.1 1.7 -0.4
v 0.2 1.7 -0.4
v 0.3 1.7 -0.4
v -3.3 1.7 -0.5
v -3.2 1.7 -0.5
v -3.1 1.7 -0.5
v -3 1.7 -0.5
v 0.2 1.7 -0.5
v 0.3 1.7 -0.5
v 0.4 1.7 -0.5
v -3.4 1.7 -0.6
v -3.3 1.7 -0.6
v -3.2 1.7 -0.6
v -2.9 1.7 -0.6
v -2.4 1.7 -0.6
v -0.5 1.7 -0.6
v 0.0999999 1.7 -0.6
v 0.2 1.7 -0.6
v 0.3 1.7 -0.6
v 0.4 1.7 -0.6
v 0.5 1.7 -0.6
v -3.4 1.7 -0.7
v -3.3 1.7 -0.7
v -3.1 1.7 -0.7
v -3 1.7 -0.7
v -2.9 1.7 -0.7
v -2.4 1.7 -0.7
v -0.5 1.7 -0.7
v 0.0999999 1.7 -0.7
v 0.2 1.7 -0.7
v 0.3 1.7 -0.7
v 0.4 1.7 -0.7
v 0.5 1.7 -0.7
v -1.8 1.7 -1.7
v -1.7 1.7 -1.7
v -1.2 1.7 -1.7
v -1.1 1.7 -1.7
v -1.9 1.7 -1.8
v -1.8 1.7 -1.8
v -1.7 1.7 -1.8
v -1.2 1.7 -1.8
v -1.1 1.7 -1.8
v -1 1.7 -1.8
v -2 1.7 -1.9
v -1.9 1.7 -1.9
v -1.8 1.7 -1.9
v -1.1 1.7 -1.9
v -1 1.7 -1.9
v -0.9 1.7 -1.9
v -2 1.7 -2.1
v -1.9 1.7 -2.1
v -1 1.7 -2.1
v -0.9 1.7 -2.1
v -3.2 1.8 0.5
v -3.1 1.8 0.5
v -3.2 1.8 0.4
v -3.1 1.8 0.4
v -3.1 1.9 -0.6
v -3 1.9 -0.6
v -3.1 1.9 -0.7
v -3 1.9 -0.7
v -0.4 2.1 -0.6
v -0.2 2.1 -0.6
v -0.4 2.1 -0.7
v -0.2 2.1 -0.7
v 0.2 2.2 0.4
v 0.3 2.2 0.4
v 0.2 2.2 0.3
v 0.3 2.2 0.3
v -3.1 2.2 -0.4
v -3 2.2 -0.4
v -3.1 2.2 -0.5
v -3 2.2 -0.5
v 0.2 2.2 -0.5
v 0.3 2.2 -0.5
v 0.2 2.2 -0.6
v 0.3 2.2 -0.6
v -3.1 2.3 0.3
v -3 2.3 0.3
v 0.2 2.3 0.3
v 0.3 2.3 0.3
v 0.2 2.3 0.2
v 0.3 2.3 0.2
v -3.1 2.3 -0.4
v -3 2.3 -0.4
v 0.2 2.3 -0.4
v 0.3 2.3 -0.4
v 0.2 2.3 -0.5
v 0.3 2.3 -0.5
v -3.2 2.4 0.2
v -3.1 2.4 0.2
v 0.2 2.4 0.2
v 0.3 2.4 0.2
v -3.2 2.4 -0.3
v -3.1 2.4 -0.3
v 0.2 2.4 -0.4
v 0.3 2.4 -0.4
v -3.1 2.6 2.1
v -3 2.6 2.1
v -2.8 2.6 2
v -2.7 2.6 2
v -3.1 2.6 1.9
v -3 2.6 1.9
v -2.8 2.6 1.9
v -2.7 2.6 1.9
v 0.5 2.6 1.6
v 0.7 2.6 1.6
v 0.5 2.6 1.5
v 0.7 2.6 1.5
v 0.5 2.6 1.3
v 0.6 2.6 1.3
v 0.5 2.6 1.2
v 0.6 2.6 1.2
v -3.5 2.6 -1.4
v -3.4 2.6 -1.4
v -3.5 2.6 -1.5
v -3.4 2.6 -1.5
v -3.6 2.6 -1.7
v -3.4 2.6 -1.7
v -3.6 2.6 -1.8
v -3.4 2.6 -1.8
v -0.2 2.6 -2.1
v -0.1 2.6 -2.1
v 0.0999999 2.6 -2.1
v 0.2 2.6 -2.1
v -0.2 2.6 -2.2
v -0.1 2.6 -2.2
v 0.0999999 2.6 -2.3
v 0.2 2.6 -2.3
v -3.1 2.7 2.2
v -3 2.7 2.2
v -3.1 2.7 2.1
v -3 2.7 2.1
v -2.8 2.7 2.1
v -2.7 2.7 2.1
v -2.8 2.7 2
v -2.7 2.7 2
v 0.7 2.7 1.6
v 0.8 2.7 1.6
v 0.7 2.7 1.5
v 0.8 2.7 1.5
v 0.6 2.7 1.3
v 0.7 2.7 1.3
v 0.6 2.7 1.2
v 0.7 2.7 1.2
v -3.6 2.7 -1.4
v -3.5 2.7 -1.4
v -3.6 2.7 -1.5
v -3.5 2.7 -1.5
v -3.7 2.7 -1.7
v -3.6 2.7 -1.7
v -3.7 2.7 -1.8
v -3.6 2.7 -1.8
v -0.2 2.7 -2.2
v -0.1 2.7 -2.2
v -0.2 2.7 -2.3
v -0.1 2.7 -2.3
v 0.0999999 2.7 -2.3
v 0.2 2.7 -2.3
v 0.0999999 2.7 -2.4
v 0.2 2.7 -2.4
v -2.8 3.4 2.2
v -2.7 3.4 2.2
v -2.8 3.4 2.1
v -2.7 3.4 2.1
v 0.7 3.4 1.3
v 0.8 3.4 1.3
v 0.7 3.4 1.2
v 0.8 3.4 1.2
v -3.7 3.4 -1.4
v -3.6 3.4 -1.4
v -3.7 3.4 -1.5
v -3.6 3.4 -1.5
v -0.2 3.4 -2.3
v -0.1 3.4 -2.3
v -0.2 3.4 -2.4
v -0.1 3.4 -2.4
v -2.8 3.5 2.1
v -2.7 3.5 2.1
v -2.8 3.5 1.9
v -2.7 3.5 1.9
v 0.5 3.5 1.3
v 0.7 3.5 1.3
v 0.5 3.5 1.2
v 0.7 3.5 1.2
v -3.6 3.5 -1.4
v -3.4 3.5 -1.4
v -3.6 3.5 -1.5
v -3.4 3.5 -1.5
v -0.2 3.5 -2.1
v -0.1 3.5 -2.1
v -0.2 3.5 -2.3
v -0.1 3.5 -2.3
v -3.1 3.7 2.3
v -3 3.7 2.3
v -3.1 3.7 2.2
v -3 3.7 2.2
v 0.8 3.7 1.6
v 0.9 3.7 1.6
v 0.8 3.7 1.5
v 0.9 3.7 1.5
v -3.8 3.7 -1.7
v -3.7 3.7 -1.7
v -3.8 3.7 -1.8
v -3.7 3.7 -1.8
v 0.0999999 3.7 -2.4
v 0.2 3.7 -2.4
v 0.0999999 3.7 -2.5
v 0.2 3.7 -2.5
v -3.1 3.8 2.2
v -3 3.8 2.2
v -3.1 3.8 2
v -3 3.8 2
v 0.6 3.8 1.6
v 0.8 3.8 1.6
v 0.6 3.8 1.5
v 0.8 3.8 1.5
v -3.7 3.8 -1.7
v -3.5 3.8 -1.7
v -3.7 3.8 -1.8
v -3.5 3.8 -1.8
v 0.0999999 3.8 -2.2
v 0.2 3.8 -2.2
v 0.0999999 3.8 -2.4
v 0.2 3.8 -2.4
v -3.5 4 2
v 0.6 4 2
v -3.4 4 1.9
v 0.5 4 1.9
v -3.4 4 -2.1
v 0.5 4 -2.1
v -3.5 4 -2.2
v 0.6 4 -2.2

# faces
f 3/6/1 2/6/1 1/6/1
f 4/6/1 2/6/1 3/6/1
f 7/2/1 6/2/1 5/2/1
f 8/2/1 6/2/1 7/2/1
f 13/6/1 10/6/1 9/6/1
f 14/6/1 10/6/1 13/6/1
f 15/6/1 12/6/1 11/6/1
f 16/6/1 12/6/1 15/6/1
f 21/2/1 18/2/1 17/2/1
f 22/2/1 18/2/1 21/2/1
f 23/1/1 20/1/1 19/1/1
f 24/1/1 20/1/1 23/1/1
f 27/2/1 26/2/1 25/2/1
f 28/2/1 26/2/1 27/2/1
f 33/6/1 30/6/1 29/6/1
f 34/6/1 30/6/1 33/6/1
f 35/6/1 32/6/1 31/6/1
f 36/6/1 32/6/1 35/6/1
f 39/1/1 38/1/1 37/1/1
f 40/1/1 38/1/1 39/1/1
f 43/1/1 42/1/1 41/1/1
f 44/1/1 42/1/1 43/1/1
f 47/5/1 46/5/1 45/5/1
f 48/5/1 46/5/1 47/5/1
f 49/6/1 48/6/1 47/6/1
f 50/6/1 48/6/1 49/6/1
f 51/6/1 48/6/1 50/6/1
f 52/6/1 48/6/1 51/6/1
f 53/6/1 48/6/1 52/6/1
f 54/6/1 48/6/1 53/6/1
f 63/6/1 56/6/1 55/6/1
f 64/6/1 56/6/1 63/6/1
f 65/6/1 58/6/1 57/6/1
f 66/6/1 58/6/1 65/6/1
f 68/4/1 60/4/1 59/4/1
f 69/4/1 60/4/1 68/4/1
f 72/4/1 62/4/1 61/4/1
f 73/4/1 62/4/1 72/4/1
f 75/4/1 68/4/1 67/4/1
f 76/6/1 69/6/1 68/6/1
f 76/4/1 68/4/1 75/4/1
f 77/4/1 70/4/1 69/4/1
f 77/6/1 69/6/1 76/6/1
f 78/4/1 70/4/1 77/4/1
f 79/4/1 72/4/1 71/4/1
f 80/6/1 73/6/1 72/6/1
f 80/4/1 72/4/1 79/4/1
f 81/4/1 74/4/1 73/4/1
f 81/6/1 73/6/1 80/6/1
f 82/4/1 74/4/1 81/4/1
f 83/4/1 77/4/1 76/4/1
f 84/4/1 77/4/1 83/4/1
f 85/4/1 81/4/1 80/4/1
f 86/4/1 81/4/1 85/4/1
f 90/4/1 88/4/1 87/4/1
f 91/4/1 88/4/1 90/4/1
f 93/4/1 90/4/1 89/4/1
f 94/6/1 91/6/1 90/6/1
f 94/4/1 90/4/1 93/4/1
f 95/4/1 92/4/1 91/4/1
f 95/6/1 91/6/1 94/6/1
f 96/4/1 92/4/1 95/4/1
f 97/4/1 95/4/1 94/4/1
f 98/4/1 95/4/1 97/4/1
f 99/5/1 50/5/1 49/5/1
f 100/6/1 51/6/1 50/6/1
f 100/5/1 50/5/1 99/5/1
f 101/6/1 51/6/1 100/6/1
f 104/6/1 53/6/1 52/6/1
f 105/5/1 54/5/1 53/5/1
f 105/6/1 53/6/1 104/6/1
f 106/5/1 54/5/1 105/5/1
f 107/6/1 101/6/1 100/6/1
f 107/6/1 103/6/1 102/6/1
f 107/6/1 106/6/1 105/6/1
f 107/6/1 105/6/1 104/6/1
f 107/6/1 104/6/1 103/6/1
f 107/6/1 102/6/1 101/6/1
f 107/6/1 100/6/1 99/6/1
f 108/6/1 106/6/1 107/6/1
f 109/5/1 108/5/1 107/5/1
f 110/5/1 108/5/1 109/5/1
f 113/3/1 112/3/1 111/3/1
f 114/3/1 112/3/1 113/3/1
f 115/3/1 112/3/1 114/3/1
f 116/3/1 112/3/1 115/3/1
f 117/3/1 112/3/1 116/3/1
f 118/3/1 112/3/1 117/3/1
f 119/3/1 112/3/1 118/3/1
f 120/3/1 112/3/1 119/3/1
f 121/3/1 113/3/1 111/3/1
f 122/3/1 115/3/1 114/3/1
f 123/3/1 115/3/1 122/3/1
f 124/3/1 117/3/1 116/3/1
f 125/3/1 117/3/1 124/3/1
f 126/3/1 117/3/1 125/3/1
f 127/3/1 119/3/1 118/3/1
f 128/3/1 119/3/1 127/3/1
f 129/3/1 119/3/1 128/3/1
f 130/3/1 119/3/1 129/3/1
f 131/3/1 112/3/1 120/3/1
f 132/3/1 112/3/1 131/3/1
f 133/3/1 123/3/1 122/3/1
f 133/3/1 122/3/1 121/3/1
f 133/3/1 124/3/1 123/3/1
f 133/3/1 125/3/1 124/3/1
f 136/3/1 129/3/1 128/3/1
f 137/3/1 129/3/1 136/3/1
f 140/3/1 112/3/1 132/3/1
f 141/3/1 134/3/1 133/3/1
f 142/3/1 138/3/1 137/3/1
f 142/3/1 136/3/1 135/3/1
f 142/3/1 137/3/1 136/3/1
f 143/3/1 138/3/1 142/3/1
f 144/3/1 140/3/1 139/3/1
f 145/3/1 143/3/1 142/3/1
f 145/3/1 144/3/1 143/3/1
f 145/3/1 142/3/1 141/3/1
f 146/3/1 144/3/1 145/3/1
f 147/3/1 145/3/1 141/3/1
f 148/3/1 145/3/1 147/3/1
f 149/3/1 144/3/1 146/3/1
f 150/3/1 144/3/1 149/3/1
f 151/3/1 147/3/1 141/3/1
f 154/3/1 144/3/1 150/3/1
f 155/3/1 152/3/1 151/3/1
f 156/3/1 154/3/1 153/3/1
f 157/3/1 141/3/1 133/3/1
f 157/3/1 156/3/1 155/3/1
f 157/3/1 133/3/1 121/3/1
f 157/3/1 155/3/1 151/3/1
f 157/3/1 151/3/1 141/3/1
f 158/3/1 156/3/1 157/3/1
f 159/3/1 157/3/1 121/3/1
f 160/3/1 157/3/1 159/3/1
f 161/3/1 156/3/1 158/3/1
f 162/3/1 156/3/1 161/3/1
f 163/3/1 159/3/1 121/3/1
f 164/3/1 159/3/1 163/3/1
f 165/3/1 156/3/1 162/3/1
f 166/3/1 156/3/1 165/3/1
f 167/3/1 163/3/1 121/3/1
f 168/3/1 163/3/1 167/3/1
f 169/3/1 156/3/1 166/3/1
f 170/3/1 156/3/1 169/3/1
f 171/3/1 167/3/1 121/3/1
f 174/3/1 156/3/1 170/3/1
f 175/3/1 172/3/1 171/3/1
f 178/3/1 174/3/1 173/3/1
f 179/3/1 176/3/1 175/3/1
f 182/3/1 178/3/1 177/3/1
f 183/3/1 180/3/1 179/3/1
f 184/3/1 182/3/1 181/3/1
f 185/3/1 154/3/1 156/3/1
f 185/3/1 156/3/1 174/3/1
f 185/3/1 182/3/1 184/3/1
f 185/3/1 174/3/1 178/3/1
f 185/3/1 178/3/1 182/3/1
f 186/3/1 144/3/1 154/3/1
f 186/3/1 154/3/1 185/3/1
f 187/3/1 140/3/1 144/3/1
f 187/3/1 144/3/1 186/3/1
f 188/3/1 112/3/1 140/3/1
f 188/3/1 140/3/1 187/3/1
f 189/3/1 184/3/1 183/3/1
f 189/3/1 185/3/1 184/3/1
f 190/3/1 187/3/1 186/3/1
f 191/3/1 187/3/1 190/3/1
f 192/3/1 112/3/1 188/3/1
f 193/3/1 191/3/1 190/3/1
f 193/3/1 192/3/1 191/3/1
f 193/3/1 189/3/1 183/3/1
f 193/3/1 190/3/1 189/3/1
f 194/3/1 192/3/1 193/3/1
f 195/3/1 193/3/1 183/3/1
f 196/3/1 192/3/1 194/3/1
f 197/3/1 192/3/1 196/3/1
f 197/3/1 196/3/1 195/3/1
f 198/3/1 112/3/1 192/3/1
f 198/3/1 192/3/1 197/3/1
f 199/3/1 197/3/1 195/3/1
f 199/3/1 121/3/1 111/3/1
f 199/3/1 179/3/1 175/3/1
f 199/3/1 195/3/1 183/3/1
f 199/3/1 183/3/1 179/3/1
f 199/3/1 171/3/1 121/3/1
f 199/3/1 175/3/1 171/3/1
f 200/3/1 197/3/1 199/3/1
f 201/3/1 112/3/1 198/3/1
f 202/3/1 112/3/1 201/3/1
f 206/3/1 204/3/1 203/3/1
f 207/3/1 204/3/1 206/3/1
f 210/3/1 206/3/1 205/3/1
f 211/3/1 206/3/1 210/3/1
f 212/3/1 208/3/1 207/3/1
f 213/3/1 208/3/1 212/3/1
f 216/3/1 210/3/1 209/3/1
f 217/3/1 210/3/1 216/3/1
f 218/3/1 214/3/1 213/3/1
f 219/3/1 214/3/1 218/3/1
f 221/3/1 216/3/1 215/3/1
f 222/3/1 216/3/1 221/3/1
f 225/3/1 220/3/1 219/3/1
f 226/3/1 220/3/1 225/3/1
f 227/3/1 223/3/1 222/3/1
f 228/3/1 223/3/1 227/3/1
f 231/3/1 225/3/1 224/3/1
f 232/3/1 225/3/1 231/3/1
f 233/3/1 229/3/1 228/3/1
f 234/3/1 229/3/1 233/3/1
f 235/3/1 231/3/1 230/3/1
f 236/3/1 231/3/1 235/3/1
f 237/3/1 235/3/1 234/3/1
f 238/3/1 235/3/1 237/3/1
f 242/3/1 240/3/1 239/3/1
f 243/3/1 240/3/1 242/3/1
f 246/3/1 242/3/1 241/3/1
f 247/3/1 242/3/1 246/3/1
f 248/3/1 244/3/1 243/3/1
f 249/3/1 244/3/1 248/3/1
f 251/3/1 246/3/1 245/3/1
f 252/3/1 246/3/1 251/3/1
f 254/3/1 250/3/1 249/3/1
f 255/3/1 250/3/1 254/3/1
f 257/3/1 254/3/1 253/3/1
f 258/3/1 254/3/1 257/3/1
f 259/3/1 257/3/1 256/3/1
f 260/3/1 257/3/1 259/3/1
f 263/6/1 262/6/1 261/6/1
f 264/6/1 262/6/1 263/6/1
f 269/6/1 266/6/1 265/6/1
f 270/6/1 266/6/1 269/6/1
f 271/4/1 268/4/1 267/4/1
f 272/4/1 268/4/1 271/4/1
f 276/3/1 274/3/1 273/3/1
f 277/3/1 274/3/1 276/3/1
f 279/3/1 276/3/1 275/3/1
f 279/3/1 278/3/1 277/3/1
f 279/3/1 277/3/1 276/3/1
f 280/3/1 278/3/1 279/3/1
f 281/3/1 279/3/1 275/3/1
f 282/3/1 279/3/1 281/3/1
f 286/2/1 284/2/1 283/2/1
f 287/2/1 284/2/1 286/2/1
f 288/2/1 284/2/1 287/2/1
f 289/2/1 286/2/1 285/2/1
f 289/2/1 287/2/1 286/2/1
f 290/2/1 287/2/1 289/2/1
f 291/2/1 289/2/1 285/2/1
f 293/2/1 291/2/1 285/2/1
f 293/2/1 292/2/1 291/2/1
f 294/2/1 292/2/1 293/2/1
f 295/2/1 292/2/1 294/2/1
f 297/2/1 295/2/1 294/2/1
f 297/2/1 296/2/1 295/2/1
f 298/2/1 296/2/1 297/2/1
f 299/2/1 296/2/1 298/2/1
f 302/6/1 301/6/1 300/6/1
f 303/6/1 301/6/1 302/6/1
f 308/4/1 307/4/1 306/4/1
f 309/4/1 307/4/1 308/4/1
f 310/6/1 305/6/1 304/6/1
f 311/6/1 305/6/1 310/6/1
f 314/4/1 313/4/1 312/4/1
f 315/4/1 313/4/1 314/4/1
f 318/3/1 317/3/1 316/3/1
f 319/3/1 317/3/1 318/3/1
f 324/3/1 323/3/1 322/3/1
f 325/3/1 323/3/1 324/3/1
f 326/3/1 324/3/1 322/3/1
f 328/3/1 321/3/1 320/3/1
f 329/3/1 321/3/1 328/3/1
f 331/3/1 327/3/1 326/3/1
f 331/3/1 326/3/1 322/3/1
f 332/3/1 327/3/1 331/3/1
f 333/3/1 327/3/1 332/3/1
f 334/3/1 321/3/1 329/3/1
f 335/3/1 321/3/1 334/3/1
f 336/3/1 332/3/1 331/3/1
f 336/3/1 331/3/1 330/3/1
f 337/3/1 332/3/1 336/3/1
f 338/3/1 332/3/1 337/3/1
f 339/3/1 336/3/1 335/3/1
f 339/3/1 337/3/1 336/3/1
f 340/3/1 337/3/1 339/3/1
f 341/3/1 337/3/1 340/3/1
f 342/3/1 337/3/1 341/3/1
f 343/3/1 341/3/1 340/3/1
f 344/3/1 341/3/1 343/3/1
f 347/6/1 346/6/1 345/6/1
f 348/6/1 346/6/1 347/6/1
f 351/6/1 350/6/1 349/6/1
f 352/6/1 350/6/1 351/6/1
f 355/6/1 354/6/1 353/6/1
f 356/6/1 354/6/1 355/6/1
f 359/6/1 358/6/1 357/6/1
f 360/6/1 358/6/1 359/6/1
f 363/4/1 362/4/1 361/4/1
f 364/4/1 362/4/1 363/4/1
f 368/1/1 366/1/1 365/1/1
f 369/1/1 366/1/1 368/1/1
f 370/1/1 366/1/1 369/1/1
f 371/1/1 368/1/1 367/1/1
f 371/1/1 369/1/1 368/1/1
f 372/1/1 369/1/1 371/1/1
f 373/1/1 371/1/1 367/1/1
f 375/1/1 373/1/1 367/1/1
f 375/1/1 374/1/1 373/1/1
f 376/1/1 374/1/1 375/1/1
f 377/1/1 374/1/1 376/1/1
f 379/1/1 377/1/1 376/1/1
f 379/1/1 378/1/1 377/1/1
f 380/1/1 378/1/1 379/1/1
f 383/4/1 382/4/1 381/4/1
f 384/4/1 382/4/1 383/4/1
f 387/4/1 386/4/1 385/4/1
f 388/4/1 386/4/1 387/4/1
f 391/4/1 390/4/1 389/4/1
f 392/4/1 390/4/1 391/4/1
f 395/4/1 394/4/1 393/4/1
f 396/4/1 394/4/1 395/4/1
f 399/4/1 398/4/1 397/4/1
f 400/4/1 398/4/1 399/4/1
f 404/3/1 402/3/1 401/3/1
f 405/3/1 402/3/1 404/3/1
f 408/3/1 404/3/1 403/3/1
f 408/3/1 406/3/1 405/3/1
f 408/3/1 405/3/1 404/3/1
f 409/3/1 406/3/1 408/3/1
f 412/3/1 408/3/1 407/3/1
f 412/3/1 410/3/1 409/3/1
f 412/3/1 409/3/1 408/3/1
f 413/3/1 410/3/1 412/3/1
f 415/3/1 412/3/1 411/3/1
f 415/3/1 414/3/1 413/3/1
f 415/3/1 413/3/1 412/3/1
f 416/3/1 414/3/1 415/3/1
f 417/3/1 414/3/1 416/3/1
f 418/3/1 414/3/1 417/3/1
f 419/3/1 417/3/1 416/3/1
f 420/3/1 417/3/1 419/3/1
f 421/3/1 417/3/1 420/3/1
f 422/3/1 417/3/1 421/3/1
f 423/3/1 421/3/1 420/3/1
f 424/3/1 421/3/1 423/3/1
f 425/3/1 421/3/1 424/3/1
f 426/3/1 421/3/1 425/3/1
f 427/3/1 425/3/1 424/3/1
f 428/3/1 425/3/1 427/3/1
f 431/3/1 430/3/1 429/3/1
f 432/3/1 430/3/1 431/3/1
f 435/6/1 434/6/1 433/6/1
f 436/6/1 434/6/1 435/6/1
f 439/3/1 438/3/1 437/3/1
f 440/3/1 438/3/1 439/3/1
f 443/6/1 442/6/1 441/6/1
f 444/6/1 442/6/1 443/6/1
f 447/6/1 446/6/1 445/6/1
f 448/6/1 446/6/1 447/6/1
f 451/3/1 450/3/1 449/3/1
f 452/3/1 450/3/1 451/3/1
f 455/6/1 454/6/1 453/6/1
f 456/6/1 454/6/1 455/6/1
f 459/6/1 458/6/1 457/6/1
f 460/6/1 458/6/1 459/6/1
f 465/3/1 462/3/1 461/3/1
f 466/3/1 462/3/1 465/3/1
f 467/6/1 464/6/1 463/6/1
f 468/6/1 464/6/1 467/6/1
f 471/6/1 470/6/1 469/6/1
f 472/6/1 470/6/1 471/6/1
f 477/3/1 474/3/1 473/3/1
f 478/3/1 474/3/1 477/3/1
f 481/3/1 476/3/1 475/3/1
f 482/3/1 476/3/1 481/3/1
f 483/3/1 479/3/1 478/3/1
f 484/3/1 479/3/1 483/3/1
f 487/3/1 481/3/1 480/3/1
f 488/3/1 481/3/1 487/3/1
f 494/3/1 485/3/1 484/3/1
f 495/3/1 485/3/1 494/3/1
f 496/3/1 487/3/1 486/3/1
f 497/3/1 487/3/1 496/3/1
f 498/3/1 489/3/1 488/3/1
f 499/3/1 493/3/1 492/3/1
f 500/3/1 493/3/1 499/3/1
f 501/3/1 489/3/1 498/3/1
f 502/3/1 489/3/1 501/3/1
f 503/6/1 491/6/1 490/6/1
f 504/6/1 491/6/1 503/6/1
f 509/3/1 506/3/1 505/3/1
f 510/3/1 506/3/1 509/3/1
f 513/3/1 508/3/1 507/3/1
f 514/3/1 508/3/1 513/3/1
f 515/3/1 511/3/1 510/3/1
f 516/3/1 511/3/1 515/3/1
f 519/3/1 513/3/1 512/3/1
f 520/3/1 513/3/1 519/3/1
f 521/3/1 517/3/1 516/3/1
f 522/3/1 517/3/1 521/3/1
f 523/3/1 519/3/1 518/3/1
f 524/3/1 519/3/1 523/3/1
f 530/3/1 526/3/1 525/3/1
f 531/3/1 526/3/1 530/3/1
f 532/3/1 528/3/1 527/3/1
f 533/3/1 528/3/1 532/3/1
f 536/3/1 530/3/1 529/3/1
f 537/3/1 530/3/1 536/3/1
f 538/3/1 534/3/1 533/3/1
f 539/3/1 534/3/1 538/3/1
f 541/3/1 536/3/1 535/3/1
f 542/3/1 536/3/1 541/3/1
f 543/3/1 540/3/1 539/3/1
f 544/3/1 540/3/1 543/3/1
f 549/3/1 546/3/1 545/3/1
f 550/3/1 546/3/1 549/3/1
f 553/3/1 548/3/1 547/3/1
f 554/3/1 548/3/1 553/3/1
f 555/3/1 551/3/1 550/3/1
f 556/3/1 551/3/1 555/3/1
f 557/3/1 553/3/1 552/3/1
f 558/3/1 553/3/1 557/3/1
f 562/3/1 557/3/1 556/3/1
f 563/3/1 557/3/1 562/3/1
f 564/3/1 559/3/1 558/3/1
f 565/3/1 561/3/1 560/3/1
f 566/3/1 561/3/1 565/3/1
f 567/3/1 559/3/1 564/3/1
f 568/3/1 559/3/1 567/3/1
f 573/3/1 570/3/1 569/3/1
f 574/3/1 570/3/1 573/3/1
f 577/3/1 572/3/1 571/3/1
f 578/3/1 572/3/1 577/3/1
f 579/3/1 575/3/1 574/3/1
f 580/3/1 575/3/1 579/3/1
f 583/3/1 577/3/1 576/3/1
f 584/3/1 577/3/1 583/3/1
f 586/3/1 581/3/1 580/3/1
f 587/3/1 581/3/1 586/3/1
f 588/3/1 583/3/1 582/3/1
f 589/3/1 583/3/1 588/3/1
f 592/3/1 586/3/1 585/3/1
f 593/3/1 586/3/1 592/3/1
f 594/3/1 590/3/1 589/3/1
f 595/3/1 590/3/1 594/3/1
f 597/3/1 592/3/1 591/3/1
f 598/3/1 592/3/1 597/3/1
f 599/3/1 596/3/1 595/3/1
f 600/3/1 596/3/1 599/3/1
f 605/3/1 602/3/1 601/3/1
f 606/3/1 602/3/1 605/3/1
f 607/3/1 604/3/1 603/3/1
f 608/3/1 604/3/1 607/3/1
f 609/3/1 607/3/1 606/3/1
f 610/3/1 607/3/1 609/3/1
f 614/3/1 611/3/1 610/3/1
f 615/3/1 613/3/1 612/3/1
f 616/3/1 613/3/1 615/3/1
f 617/3/1 611/3/1 614/3/1
f 618/3/1 611/3/1 617/3/1
f 623/3/1 620/3/1 619/3/1
f 624/3/1 620/3/1 623/3/1
f 627/3/1 622/3/1 621/3/1
f 628/3/1 622/3/1 627/3/1
f 630/3/1 625/3/1 624/3/1
f 631/3/1 625/3/1 630/3/1
f 632/3/1 627/3/1 626/3/1
f 633/3/1 627/3/1 632/3/1
f 635/3/1 630/3/1 629/3/1
f 636/3/1 630/3/1 635/3/1
f 637/3/1 634/3/1 633/3/1
f 638/3/1 634/3/1 637/3/1
f 641/3/1 640/3/1 639/3/1
f 642/3/1 640/3/1 641/3/1
f 645/3/1 644/3/1 643/3/1
f 646/3/1 644/3/1 645/3/1
f 651/3/1 648/3/1 647/3/1
f 652/3/1 648/3/1 651/3/1
f 653/3/1 650/3/1 649/3/1
f 654/3/1 650/3/1 653/3/1
f 657/4/1 656/4/1 655/4/1
f 658/4/1 656/4/1 657/4/1
f 661/4/1 660/4/1 659/4/1
f 662/4/1 660/4/1 661/4/1
f 667/4/1 664/4/1 663/4/1
f 668/4/1 664/4/1 667/4/1
f 669/4/1 666/4/1 665/4/1
f 670/4/1 666/4/1 669/4/1
f 673/4/1 672/4/1 671/4/1
f 674/4/1 672/4/1 673/4/1
f 677/4/1 676/4/1 675/4/1
f 678/4/1 676/4/1 677/4/1
f 681/4/1 680/4/1 679/4/1
f 682/4/1 680/4/1 681/4/1
f 685/4/1 684/4/1 683/4/1
f 686/4/1 684/4/1 685/4/1
f 689/3/1 688/3/1 687/3/1
f 690/3/1 688/3/1 689/3/1
f 695/4/1 692/4/1 691/4/1
f 696/4/1 692/4/1 695/4/1
f 697/4/1 694/4/1 693/4/1
f 698/4/1 694/4/1 697/4/1
f 701/4/1 700/4/1 699/4/1
f 702/4/1 700/4/1 701/4/1
f 705/4/1 704/4/1 703/4/1
f 706/4/1 704/4/1 705/4/1
f 710/1/1 708/1/1 707/1/1
f 711/1/1 708/1/1 710/1/1
f 712/1/1 708/1/1 711/1/1
f 713/1/1 708/1/1 712/1/1
f 715/1/1 710/1/1 709/1/1
f 715/1/1 711/1/1 710/1/1
f 716/1/1 711/1/1 715/1/1
f 717/1/1 714/1/1 713/1/1
f 717/1/1 713/1/1 712/1/1
f 718/1/1 714/1/1 717/1/1
f 719/1/1 715/1/1 709/1/1
f 720/1/1 715/1/1 719/1/1
f 721/1/1 714/1/1 718/1/1
f 722/1/1 714/1/1 721/1/1
f 725/6/1 724/6/1 723/6/1
f 726/6/1 724/6/1 725/6/1
f 729/3/1 728/3/1 727/3/1
f 730/3/1 728/3/1 729/3/1
f 733/1/1 732/1/1 731/1/1
f 734/1/1 732/1/1 733/1/1
f 735/1/1 732/1/1 734/1/1
f 737/1/1 736/1/1 735/1/1
f 737/1/1 735/1/1 734/1/1
f 738/1/1 736/1/1 737/1/1
f 740/1/1 736/1/1 738/1/1
f 742/1/1 740/1/1 739/1/1
f 743/1/1 736/1/1 740/1/1
f 743/1/1 740/1/1 742/1/1
f 744/1/1 736/1/1 743/1/1
f 745/1/1 742/1/1 741/1/1
f 745/1/1 743/1/1 742/1/1
f 746/1/1 743/1/1 745/1/1
f 749/4/1 748/4/1 747/4/1
f 750/4/1 748/4/1 749/4/1
f 753/6/1 752/6/1 751/6/1
f 754/6/1 752/6/1 753/6/1
f 757/4/1 756/4/1 755/4/1
f 758/4/1 756/4/1 757/4/1
f 763/4/1 760/4/1 759/4/1
f 764/4/1 760/4/1 763/4/1
f 765/4/1 762/4/1 761/4/1
f 766/4/1 762/4/1 765/4/1
f 769/4/1 768/4/1 767/4/1
f 770/4/1 768/4/1 769/4/1
f 773/4/1 772/4/1 771/4/1
f 774/4/1 772/4/1 773/4/1
f 777/3/1 776/3/1 775/3/1
f 778/3/1 776/3/1 777/3/1
f 782/2/1 780/2/1 779/2/1
f 783/2/1 780/2/1 782/2/1
f 784/2/1 780/2/1 783/2/1
f 785/2/1 780/2/1 784/2/1
f 787/2/1 782/2/1 781/2/1
f 787/2/1 783/2/1 782/2/1
f 788/2/1 783/2/1 787/2/1
f 789/2/1 786/2/1 785/2/1
f 789/2/1 785/2/1 784/2/1
f 790/2/1 786/2/1 789/2/1
f 791/2/1 786/2/1 790/2/1
f 792/2/1 787/2/1 781/2/1
f 793/2/1 787/2/1 792/2/1
f 794/2/1 791/2/1 790/2/1
f 795/2/1 791/2/1 794/2/1
f 799/3/1 797/3/1 796/3/1
f 800/3/1 797/3/1 799/3/1
f 803/3/1 799/3/1 798/3/1
f 803/3/1 801/3/1 800/3/1
f 803/3/1 800/3/1 799/3/1
f 804/3/1 801/3/1 803/3/1
f 807/3/1 803/3/1 802/3/1
f 807/3/1 805/3/1 804/3/1
f 807/3/1 804/3/1 803/3/1
f 808/3/1 805/3/1 807/3/1
f 810/3/1 807/3/1 806/3/1
f 810/3/1 809/3/1 808/3/1
f 810/3/1 808/3/1 807/3/1
f 811/3/1 809/3/1 810/3/1
f 812/3/1 809/3/1 811/3/1
f 813/3/1 809/3/1 812/3/1
f 814/3/1 812/3/1 811/3/1
f 815/3/1 812/3/1 814/3/1
f 816/3/1 812/3/1 815/3/1
f 817/3/1 812/3/1 816/3/1
f 818/3/1 816/3/1 815/3/1
f 819/3/1 816/3/1 818/3/1
f 820/3/1 816/3/1 819/3/1
f 821/3/1 816/3/1 820/3/1
f 822/3/1 820/3/1 819/3/1
f 823/3/1 820/3/1 822/3/1
f 826/2/1 825/2/1 824/2/1
f 827/2/1 825/2/1 826/2/1
f 828/2/1 825/2/1 827/2/1
f 830/2/1 829/2/1 828/2/1
f 830/2/1 828/2/1 827/2/1
f 831/2/1 829/2/1 830/2/1
f 833/2/1 829/2/1 831/2/1
f 835/2/1 833/2/1 832/2/1
f 836/2/1 829/2/1 833/2/1
f 836/2/1 833/2/1 835/2/1
f 837/2/1 829/2/1 836/2/1
f 838/2/1 835/2/1 834/2/1
f 838/2/1 836/2/1 835/2/1
f 839/2/1 836/2/1 838/2/1
f 840/2/1 836/2/1 839/2/1
f 843/3/1 842/3/1 841/3/1
f 844/3/1 842/3/1 843/3/1
f 850/3/1 846/3/1 845/3/1
f 851/3/1 846/3/1 850/3/1
f 852/3/1 848/3/1 847/3/1
f 853/3/1 848/3/1 852/3/1
f 855/3/1 850/3/1 849/3/1
f 856/3/1 850/3/1 855/3/1
f 859/3/1 854/3/1 853/3/1
f 860/3/1 854/3/1 859/3/1
f 861/3/1 857/3/1 856/3/1
f 862/3/1 857/3/1 861/3/1
f 865/3/1 859/3/1 858/3/1
f 866/3/1 859/3/1 865/3/1
f 867/3/1 863/3/1 862/3/1
f 868/3/1 863/3/1 867/3/1
f 869/3/1 865/3/1 864/3/1
f 870/3/1 865/3/1 869/3/1
f 871/3/1 869/3/1 868/3/1
f 872/3/1 869/3/1 871/3/1
f 875/6/1 874/6/1 873/6/1
f 876/6/1 874/6/1 875/6/1
f 881/6/1 878/6/1 877/6/1
f 882/6/1 878/6/1 881/6/1
f 883/6/1 880/6/1 879/6/1
f 884/6/1 880/6/1 883/6/1
f 889/6/1 886/6/1 885/6/1
f 890/6/1 886/6/1 889/6/1
f 891/6/1 888/6/1 887/6/1
f 892/6/1 888/6/1 891/6/1
f 895/1/1 894/1/1 893/1/1
f 896/1/1 894/1/1 895/1/1
f 899/1/1 898/1/1 897/1/1
f 900/1/1 898/1/1 899/1/1
f 903/6/1 902/6/1 901/6/1
f 904/6/1 902/6/1 903/6/1
f 907/2/1 906/2/1 905/2/1
f 908/2/1 906/2/1 907/2/1
f 911/1/1 910/1/1 909/1/1
f 912/1/1 910/1/1 911/1/1
f 915/2/1 914/2/1 913/2/1
f 916/2/1 914/2/1 915/2/1
f 919/2/1 918/2/1 917/2/1
f 920/2/1 918/2/1 919/2/1
f 921/2/2 922/2/2 923/2/2
f 923/2/2 922/2/2 924/2/2
f 925/6/2 926/6/2 927/6/2
f 927/6/2 926/6/2 928/6/2
f 929/2/2 930/2/2 933/2/2
f 933/2/2 930/2/2 934/2/2
f 931/1/2 932/1/2 935/1/2
f 935/1/2 932/1/2 936/1/2
f 937/2/2 938/2/2 939/2/2
f 939/2/2 938/2/2 940/2/2
f 941/6/2 942/6/2 945/6/2
f 945/6/2 942/6/2 946/6/2
f 943/6/2 944/6/2 947/6/2
f 947/6/2 944/6/2 948/6/2
f 949/1/2 950/1/2 951/1/2
f 951/1/2 950/1/2 952/1/2
f 953/1/2 954/1/2 955/1/2
f 955/1/2 954/1/2 956/1/2
f 957/6/2 958/6/2 959/6/2
f 959/6/2 958/6/2 960/6/2
f 961/6/2 962/6/2 965/6/2
f 965/6/2 962/6/2 966/6/2
f 963/6/2 964/6/2 967/6/2
f 967/6/2 964/6/2 968/6/2
f 969/3/2 970/3/2 971/3/2
f 971/3/2 970/3/2 972/3/2
f 973/3/2 974/3/2 975/3/2
f 975/3/2 974/3/2 976/3/2
f 977/3/2 978/3/2 979/3/2
f 979/3/2 978/3/2 980/3/2
f 981/3/2 982/3/2 985/3/2
f 985/3/2 982/3/2 986/3/2
f 983/3/2 984/3/2 987/3/2
f 987/3/2 984/3/2 988/3/2
f 983/3/2 987/3/2 989/3/2
f 986/3/2 982/3/2 991/3/2
f 989/3/2 990/3/2 993/3/2
f 983/3/2 989/3/2 993/3/2
f 993/3/2 990/3/2 994/3/2
f 994/3/2 990/3/2 995/3/2
f 991/3/2 982/3/2 996/3/2
f 996/3/2 982/3/2 997/3/2
f 992/3/2 993/3/2 998/3/2
f 993/3/2 994/3/2 998/3/2
f 998/3/2 994/3/2 999/3/2
f 999/3/2 994/3/2 1000/3/2
f 997/3/2 998/3/2 1001/3/2
f 998/3/2 999/3/2 1001/3/2
f 1001/3/2 999/3/2 1002/3/2
f 1002/3/2 999/3/2 1003/3/2
f 1003/3/2 999/3/2 1004/3/2
f 1004/3/2 999/3/2 1005/3/2
f 1003/3/2 1004/3/2 1006/3/2
f 1006/3/2 1004/3/2 1007/3/2
f 1008/2/2 1009/2/2 1011/2/2
f 1011/2/2 1009/2/2 1012/2/2
f 1012/2/2 1009/2/2 1013/2/2
f 1010/2/2 1011/2/2 1014/2/2
f 1011/2/2 1012/2/2 1014/2/2
f 1014/2/2 1012/2/2 1015/2/2
f 1010/2/2 1014/2/2 1016/2/2
f 1010/2/2 1016/2/2 1018/2/2
f 1016/2/2 1017/2/2 1018/2/2
f 1018/2/2 1017/2/2 1019/2/2
f 1019/2/2 1017/2/2 1020/2/2
f 1019/2/2 1020/2/2 1022/2/2
f 1020/2/2 1021/2/2 1022/2/2
f 1022/2/2 1021/2/2 1023/2/2
f 1023/2/2 1021/2/2 1024/2/2
f 1025/4/2 1026/4/2 1027/4/2
f 1027/4/2 1026/4/2 1028/4/2
f 1029/4/2 1030/4/2 1031/4/2
f 1031/4/2 1030/4/2 1032/4/2
f 1033/3/2 1034/3/2 1036/3/2
f 1036/3/2 1034/3/2 1037/3/2
f 1035/3/2 1036/3/2 1040/3/2
f 1037/3/2 1038/3/2 1040/3/2
f 1036/3/2 1037/3/2 1040/3/2
f 1040/3/2 1038/3/2 1041/3/2
f 1039/3/2 1040/3/2 1044/3/2
f 1041/3/2 1042/3/2 1044/3/2
f 1040/3/2 1041/3/2 1044/3/2
f 1044/3/2 1042/3/2 1045/3/2
f 1043/3/2 1044/3/2 1047/3/2
f 1045/3/2 1046/3/2 1047/3/2
f 1044/3/2 1045/3/2 1047/3/2
f 1047/3/2 1046/3/2 1048/3/2
f 1048/3/2 1046/3/2 1049/3/2
f 1049/3/2 1046/3/2 1050/3/2
f 1048/3/2 1049/3/2 1051/3/2
f 1051/3/2 1049/3/2 1052/3/2
f 1052/3/2 1049/3/2 1053/3/2
f 1053/3/2 1049/3/2 1054/3/2
f 1052/3/2 1053/3/2 1055/3/2
f 1055/3/2 1053/3/2 1056/3/2
f 1056/3/2 1053/3/2 1057/3/2
f 1057/3/2 1053/3/2 1058/3/2
f 1056/3/2 1057/3/2 1059/3/2
f 1059/3/2 1057/3/2 1060/3/2
f 1061/4/2 1062/4/2 1063/4/2
f 1063/4/2 1062/4/2 1064/4/2
f 1065/6/2 1066/6/2 1067/6/2
f 1067/6/2 1066/6/2 1068/6/2
f 1069/6/2 1070/6/2 1071/6/2
f 1071/6/2 1070/6/2 1072/6/2
f 1073/1/2 1074/1/2 1076/1/2
f 1076/1/2 1074/1/2 1077/1/2
f 1077/1/2 1074/1/2 1078/1/2
f 1075/1/2 1076/1/2 1079/1/2
f 1076/1/2 1077/1/2 1079/1/2
f 1079/1/2 1077/1/2 1080/1/2
f 1075/1/2 1079/1/2 1081/1/2
f 1075/1/2 1081/1/2 1083/1/2
f 1081/1/2 1082/1/2 1083/1/2
f 1083/1/2 1082/1/2 1084/1/2
f 1084/1/2 1082/1/2 1085/1/2
f 1084/1/2 1085/1/2 1087/1/2
f 1085/1/2 1086/1/2 1087/1/2
f 1087/1/2 1086/1/2 1088/1/2
f 1089/6/2 1090/6/2 1091/6/2
f 1091/6/2 1090/6/2 1092/6/2
f 1093/6/2 1094/6/2 1095/6/2
f 1095/6/2 1094/6/2 1096/6/2
f 1097/4/2 1098/4/2 1099/4/2
f 1099/4/2 1098/4/2 1100/4/2
f 1101/4/2 1102/4/2 1103/4/2
f 1103/4/2 1102/4/2 1104/4/2
f 1105/4/2 1106/4/2 1107/4/2
f 1107/4/2 1106/4/2 1108/4/2
f 1109/4/2 1110/4/2 1111/4/2
f 1111/4/2 1110/4/2 1112/4/2
f 1113/4/2 1114/4/2 1115/4/2
f 1115/4/2 1114/4/2 1116/4/2
f 1117/4/2 1118/4/2 1119/4/2
f 1119/4/2 1118/4/2 1120/4/2
f 1121/3/2 1122/3/2 1123/3/2
f 1123/3/2 1122/3/2 1124/3/2
f 1125/3/2 1126/3/2 1127/3/2
f 1127/3/2 1126/3/2 1128/3/2
f 1129/3/2 1130/3/2 1133/3/2
f 1133/3/2 1130/3/2 1134/3/2
f 1131/3/2 1132/3/2 1135/3/2
f 1135/3/2 1132/3/2 1136/3/2
f 1137/3/2 1138/3/2 1141/3/2
f 1141/3/2 1138/3/2 1142/3/2
f 1139/3/2 1140/3/2 1143/3/2
f 1143/3/2 1140/3/2 1144/3/2
f 1142/3/2 1143/3/2 1145/3/2
f 1145/3/2 1143/3/2 1146/3/2
f 1146/3/2 1147/3/2 1150/3/2
f 1148/3/2 1149/3/2 1151/3/2
f 1151/3/2 1149/3/2 1152/3/2
f 1150/3/2 1147/3/2 1153/3/2
f 1153/3/2 1147/3/2 1154/3/2
f 1155/3/2 1156/3/2 1159/3/2
f 1159/3/2 1156/3/2 1160/3/2
f 1157/3/2 1158/3/2 1163/3/2
f 1163/3/2 1158/3/2 1164/3/2
f 1160/3/2 1161/3/2 1166/3/2
f 1166/3/2 1161/3/2 1167/3/2
f 1162/3/2 1163/3/2 1168/3/2
f 1168/3/2 1163/3/2 1169/3/2
f 1165/3/2 1166/3/2 1171/3/2
f 1171/3/2 1166/3/2 1172/3/2
f 1169/3/2 1170/3/2 1173/3/2
f 1173/3/2 1170/3/2 1174/3/2
f 1175/3/2 1176/3/2 1179/3/2
f 1179/3/2 1176/3/2 1180/3/2
f 1177/3/2 1178/3/2 1183/3/2
f 1183/3/2 1178/3/2 1184/3/2
f 1180/3/2 1181/3/2 1185/3/2
f 1185/3/2 1181/3/2 1186/3/2
f 1182/3/2 1183/3/2 1187/3/2
f 1187/3/2 1183/3/2 1188/3/2
f 1186/3/2 1187/3/2 1192/3/2
f 1192/3/2 1187/3/2 1193/3/2
f 1188/3/2 1189/3/2 1194/3/2
f 1190/3/2 1191/3/2 1195/3/2
f 1195/3/2 1191/3/2 1196/3/2
f 1194/3/2 1189/3/2 1197/3/2
f 1197/3/2 1189/3/2 1198/3/2
f 1199/3/2 1200/3/2 1203/3/2
f 1203/3/2 1200/3/2 1204/3/2
f 1201/3/2 1202/3/2 1207/3/2
f 1207/3/2 1202/3/2 1208/3/2
f 1204/3/2 1205/3/2 1209/3/2
f 1209/3/2 1205/3/2 1210/3/2
f 1206/3/2 1207/3/2 1213/3/2
f 1213/3/2 1207/3/2 1214/3/2
f 1210/3/2 1211/3/2 1216/3/2
f 1216/3/2 1211/3/2 1217/3/2
f 1212/3/2 1213/3/2 1218/3/2
f 1218/3/2 1213/3/2 1219/3/2
f 1215/3/2 1216/3/2 1222/3/2
f 1222/3/2 1216/3/2 1223/3/2
f 1219/3/2 1220/3/2 1224/3/2
f 1224/3/2 1220/3/2 1225/3/2
f 1221/3/2 1222/3/2 1227/3/2
f 1227/3/2 1222/3/2 1228/3/2
f 1225/3/2 1226/3/2 1229/3/2
f 1229/3/2 1226/3/2 1230/3/2
f 1231/3/2 1232/3/2 1235/3/2
f 1235/3/2 1232/3/2 1236/3/2
f 1233/3/2 1234/3/2 1239/3/2
f 1239/3/2 1234/3/2 1240/3/2
f 1236/3/2 1237/3/2 1242/3/2
f 1242/3/2 1237/3/2 1243/3/2
f 1238/3/2 1239/3/2 1246/3/2
f 1246/3/2 1239/3/2 1247/3/2
f 1241/3/2 1242/3/2 1249/3/2
f 1243/3/2 1244/3/2 1250/3/2
f 1250/3/2 1244/3/2 1251/3/2
f 1245/3/2 1246/3/2 1252/3/2
f 1252/3/2 1246/3/2 1253/3/2
f 1247/3/2 1248/3/2 1254/3/2
f 1241/3/2 1249/3/2 1255/3/2
f 1255/3/2 1249/3/2 1256/3/2
f 1254/3/2 1248/3/2 1257/3/2
f 1257/3/2 1248/3/2 1258/3/2
f 1259/3/2 1260/3/2 1263/3/2
f 1263/3/2 1260/3/2 1264/3/2
f 1261/3/2 1262/3/2 1267/3/2
f 1267/3/2 1262/3/2 1268/3/2
f 1264/3/2 1265/3/2 1269/3/2
f 1269/3/2 1265/3/2 1270/3/2
f 1266/3/2 1267/3/2 1273/3/2
f 1273/3/2 1267/3/2 1274/3/2
f 1270/3/2 1271/3/2 1275/3/2
f 1275/3/2 1271/3/2 1276/3/2
f 1272/3/2 1273/3/2 1277/3/2
f 1277/3/2 1273/3/2 1278/3/2
f 1279/3/2 1280/3/2 1284/3/2
f 1284/3/2 1280/3/2 1285/3/2
f 1281/3/2 1282/3/2 1286/3/2
f 1286/3/2 1282/3/2 1287/3/2
f 1283/3/2 1284/3/2 1290/3/2
f 1290/3/2 1284/3/2 1291/3/2
f 1287/3/2 1288/3/2 1292/3/2
f 1292/3/2 1288/3/2 1293/3/2
f 1289/3/2 1290/3/2 1295/3/2
f 1295/3/2 1290/3/2 1296/3/2
f 1293/3/2 1294/3/2 1297/3/2
f 1297/3/2 1294/3/2 1298/3/2
f 1299/6/2 1300/6/2 1301/6/2
f 1301/6/2 1300/6/2 1302/6/2
f 1303/6/2 1304/6/2 1305/6/2
f 1305/6/2 1304/6/2 1306/6/2
f 1307/6/2 1308/6/2 1309/6/2
f 1309/6/2 1308/6/2 1310/6/2
f 1311/6/2 1312/6/2 1313/6/2
f 1313/6/2 1312/6/2 1314/6/2
f 1315/6/2 1316/6/2 1317/6/2
f 1317/6/2 1316/6/2 1318/6/2
f 1319/6/2 1320/6/2 1321/6/2
f 1321/6/2 1320/6/2 1322/6/2
f 1323/6/2 1324/6/2 1325/6/2
f 1325/6/2 1324/6/2 1326/6/2
f 1327/6/2 1328/6/2 1329/6/2
f 1329/6/2 1328/6/2 1330/6/2
f 1331/3/2 1332/3/2 1333/3/2
f 1333/3/2 1332/3/2 1334/3/2
f 1335/3/2 1336/3/2 1339/3/2
f 1339/3/2 1336/3/2 1340/3/2
f 1337/6/2 1338/6/2 1341/6/2
f 1341/6/2 1338/6/2 1342/6/2
f 1343/3/2 1344/3/2 1347/3/2
f 1347/3/2 1344/3/2 1348/3/2
f 1345/6/2 1346/6/2 1349/6/2
f 1349/6/2 1346/6/2 1350/6/2
f 1351/4/2 1352/4/2 1355/4/2
f 1355/4/2 1352/4/2 1356/4/2
f 1353/4/2 1354/4/2 1357/4/2
f 1357/4/2 1354/4/2 1358/4/2
f 1359/4/2 1360/4/2 1361/4/2
f 1361/4/2 1360/4/2 1362/4/2
f 1363/4/2 1364/4/2 1365/4/2
f 1365/4/2 1364/4/2 1366/4/2
f 1367/3/2 1368/3/2 1370/3/2
f 1370/3/2 1368/3/2 1371/3/2
f 1369/3/2 1370/3/2 1374/3/2
f 1371/3/2 1372/3/2 1374/3/2
f 1370/3/2 1371/3/2 1374/3/2
f 1374/3/2 1372/3/2 1375/3/2
f 1373/3/2 1374/3/2 1378/3/2
f 1375/3/2 1376/3/2 1378/3/2
f 1374/3/2 1375/3/2 1378/3/2
f 1378/3/2 1376/3/2 1379/3/2
f 1377/3/2 1378/3/2 1381/3/2
f 1379/3/2 1380/3/2 1381/3/2
f 1378/3/2 1379/3/2 1381/3/2
f 1381/3/2 1380/3/2 1382/3/2
f 1382/3/2 1380/3/2 1383/3/2
f 1383/3/2 1380/3/2 1384/3/2
f 1382/3/2 1383/3/2 1385/3/2
f 1385/3/2 1383/3/2 1386/3/2
f 1386/3/2 1383/3/2 1387/3/2
f 1387/3/2 1383/3/2 1388/3/2
f 1386/3/2 1387/3/2 1389/3/2
f 1389/3/2 1387/3/2 1390/3/2
f 1390/3/2 1387/3/2 1391/3/2
f 1391/3/2 1387/3/2 1392/3/2
f 1390/3/2 1391/3/2 1393/3/2
f 1393/3/2 1391/3/2 1394/3/2
f 1395/4/2 1396/4/2 1397/4/2
f 1397/4/2 1396/4/2 1398/4/2
f 1399/4/2 1400/4/2 1401/4/2
f 1401/4/2 1400/4/2 1402/4/2
f 1403/4/2 1404/4/2 1407/4/2
f 1407/4/2 1404/4/2 1408/4/2
f 1405/4/2 1406/4/2 1409/4/2
f 1409/4/2 1406/4/2 1410/4/2
f 1411/4/2 1412/4/2 1413/4/2
f 1413/4/2 1412/4/2 1414/4/2
f 1415/4/2 1416/4/2 1417/4/2
f 1417/4/2 1416/4/2 1418/4/2
f 1419/1/2 1420/1/2 1422/1/2
f 1422/1/2 1420/1/2 1423/1/2
f 1423/1/2 1420/1/2 1424/1/2
f 1424/1/2 1420/1/2 1425/1/2
f 1421/1/2 1422/1/2 1429/1/2
f 1422/1/2 1423/1/2 1429/1/2
f 1429/1/2 1423/1/2 1430/1/2
f 1424/1/2 1425/1/2 1431/1/2
f 1425/1/2 1426/1/2 1431/1/2
f 1431/1/2 1426/1/2 1432/1/2
f 1427/4/2 1428/4/2 1433/4/2
f 1433/4/2 1428/4/2 1434/4/2
f 1421/1/2 1429/1/2 1435/1/2
f 1435/1/2 1429/1/2 1436/1/2
f 1432/1/2 1426/1/2 1437/1/2
f 1437/1/2 1426/1/2 1438/1/2
f 1439/4/2 1440/4/2 1441/4/2
f 1441/4/2 1440/4/2 1442/4/2
f 1443/3/2 1444/3/2 1445/3/2
f 1445/3/2 1444/3/2 1446/3/2
f 1447/1/2 1448/1/2 1449/1/2
f 1449/1/2 1448/1/2 1450/1/2
f 1450/1/2 1448/1/2 1451/1/2
f 1451/1/2 1452/1/2 1453/1/2
f 1450/1/2 1451/1/2 1453/1/2
f 1453/1/2 1452/1/2 1454/1/2
f 1454/1/2 1452/1/2 1456/1/2
f 1455/1/2 1456/1/2 1458/1/2
f 1456/1/2 1452/1/2 1459/1/2
f 1458/1/2 1456/1/2 1459/1/2
f 1459/1/2 1452/1/2 1460/1/2
f 1457/1/2 1458/1/2 1461/1/2
f 1458/1/2 1459/1/2 1461/1/2
f 1461/1/2 1459/1/2 1462/1/2
f 1463/6/2 1464/6/2 1465/6/2
f 1465/6/2 1464/6/2 1466/6/2
f 1467/4/2 1468/4/2 1471/4/2
f 1471/4/2 1468/4/2 1472/4/2
f 1469/4/2 1470/4/2 1473/4/2
f 1473/4/2 1470/4/2 1474/4/2
f 1475/6/2 1476/6/2 1479/6/2
f 1479/6/2 1476/6/2 1480/6/2
f 1477/4/2 1478/4/2 1481/4/2
f 1481/4/2 1478/4/2 1482/4/2
f 1483/4/2 1484/4/2 1485/4/2
f 1485/4/2 1484/4/2 1486/4/2
f 1487/2/2 1488/2/2 1490/2/2
f 1490/2/2 1488/2/2 1491/2/2
f 1491/2/2 1488/2/2 1492/2/2
f 1492/2/2 1488/2/2 1493/2/2
f 1489/2/2 1490/2/2 1495/2/2
f 1490/2/2 1491/2/2 1495/2/2
f 1495/2/2 1491/2/2 1496/2/2
f 1493/2/2 1494/2/2 1497/2/2
f 1492/2/2 1493/2/2 1497/2/2
f 1497/2/2 1494/2/2 1498/2/2
f 1498/2/2 1494/2/2 1501/2/2
f 1499/4/2 1500/4/2 1502/4/2
f 1502/4/2 1500/4/2 1503/4/2
f 1489/2/2 1495/2/2 1504/2/2
f 1504/2/2 1495/2/2 1505/2/2
f 1498/2/2 1501/2/2 1506/2/2
f 1506/2/2 1501/2/2 1507/2/2
f 1508/6/2 1509/6/2 1510/6/2
f 1510/6/2 1509/6/2 1511/6/2
f 1512/4/2 1513/4/2 1514/4/2
f 1514/4/2 1513/4/2 1515/4/2
f 1516/3/2 1517/3/2 1523/3/2
f 1523/3/2 1517/3/2 1524/3/2
f 1518/3/2 1519/3/2 1525/3/2
f 1525/3/2 1519/3/2 1526/3/2
f 1520/3/2 1521/3/2 1527/3/2
f 1527/3/2 1521/3/2 1528/3/2
f 1522/3/2 1523/3/2 1530/3/2
f 1530/3/2 1523/3/2 1531/3/2
f 1525/3/2 1526/3/2 1532/3/2
f 1526/3/2 1527/3/2 1532/3/2
f 1524/3/2 1525/3/2 1532/3/2
f 1532/3/2 1527/3/2 1533/3/2
f 1533/3/2 1527/3/2 1534/3/2
f 1534/3/2 1527/3/2 1535/3/2
f 1528/3/2 1529/3/2 1536/3/2
f 1536/3/2 1529/3/2 1537/3/2
f 1531/3/2 1532/3/2 1538/3/2
f 1538/3/2 1532/3/2 1539/3/2
f 1533/3/2 1534/3/2 1540/3/2
f 1540/3/2 1534/3/2 1541/3/2
f 1535/3/2 1536/3/2 1542/3/2
f 1542/3/2 1536/3/2 1543/3/2
f 1539/3/2 1540/3/2 1544/3/2
f 1544/3/2 1540/3/2 1545/3/2
f 1541/3/2 1542/3/2 1546/3/2
f 1546/3/2 1542/3/2 1547/3/2
f 1545/3/2 1546/3/2 1548/3/2
f 1548/3/2 1546/3/2 1549/3/2
f 1550/2/2 1551/2/2 1552/2/2
f 1552/2/2 1551/2/2 1553/2/2
f 1553/2/2 1551/2/2 1554/2/2
f 1554/2/2 1555/2/2 1556/2/2
f 1553/2/2 1554/2/2 1556/2/2
f 1556/2/2 1555/2/2 1557/2/2
f 1557/2/2 1555/2/2 1559/2/2
f 1558/2/2 1559/2/2 1561/2/2
f 1559/2/2 1555/2/2 1562/2/2
f 1561/2/2 1559/2/2 1562/2/2
f 1562/2/2 1555/2/2 1563/2/2
f 1560/2/2 1561/2/2 1564/2/2
f 1561/2/2 1562/2/2 1564/2/2
f 1564/2/2 1562/2/2 1565/2/2
f 1565/2/2 1562/2/2 1566/2/2
f 1567/6/2 1568/6/2 1569/6/2
f 1569/6/2 1568/6/2 1570/6/2
f 1571/3/2 1572/3/2 1574/3/2
f 1574/3/2 1572/3/2 1575/3/2
f 1573/3/2 1574/3/2 1578/3/2
f 1578/3/2 1574/3/2 1579/3/2
f 1575/3/2 1576/3/2 1580/3/2
f 1580/3/2 1576/3/2 1581/3/2
f 1577/3/2 1578/3/2 1583/3/2
f 1583/3/2 1578/3/2 1584/3/2
f 1581/3/2 1582/3/2 1587/3/2
f 1587/3/2 1582/3/2 1588/3/2
f 1584/3/2 1585/3/2 1589/3/2
f 1589/3/2 1585/3/2 1590/3/2
f 1586/3/2 1587/3/2 1591/3/2
f 1591/3/2 1587/3/2 1592/3/2
f 1590/3/2 1591/3/2 1593/3/2
f 1593/3/2 1591/3/2 1594/3/2
f 1595/3/2 1596/3/2 1598/3/2
f 1598/3/2 1596/3/2 1599/3/2
f 1597/3/2 1598/3/2 1602/3/2
f 1602/3/2 1598/3/2 1603/3/2
f 1599/3/2 1600/3/2 1604/3/2
f 1604/3/2 1600/3/2 1605/3/2
f 1601/3/2 1602/3/2 1608/3/2
f 1608/3/2 1602/3/2 1609/3/2
f 1605/3/2 1606/3/2 1610/3/2
f 1610/3/2 1606/3/2 1611/3/2
f 1607/3/2 1608/3/2 1613/3/2
f 1613/3/2 1608/3/2 1614/3/2
f 1611/3/2 1612/3/2 1617/3/2
f 1617/3/2 1612/3/2 1618/3/2
f 1614/3/2 1615/3/2 1619/3/2
f 1619/3/2 1615/3/2 1620/3/2
f 1616/3/2 1617/3/2 1623/3/2
f 1623/3/2 1617/3/2 1624/3/2
f 1620/3/2 1621/3/2 1625/3/2
f 1625/3/2 1621/3/2 1626/3/2
f 1622/3/2 1623/3/2 1627/3/2
f 1627/3/2 1623/3/2 1628/3/2
f 1626/3/2 1627/3/2 1629/3/2
f 1629/3/2 1627/3/2 1630/3/2
f 1631/3/2 1632/3/2 1633/3/2
f 1633/3/2 1632/3/2 1634/3/2
f 1634/3/2 1632/3/2 1635/3/2
f 1635/3/2 1632/3/2 1636/3/2
f 1631/3/2 1633/3/2 1637/3/2
f 1637/3/2 1633/3/2 1638/3/2
f 1638/3/2 1633/3/2 1639/3/2
f 1639/3/2 1633/3/2 1640/3/2
f 1631/3/2 1637/3/2 1641/3/2
f 1641/3/2 1637/3/2 1642/3/2
f 1638/3/2 1639/3/2 1643/3/2
f 1643/3/2 1639/3/2 1644/3/2
f 1644/3/2 1639/3/2 1645/3/2
f 1645/3/2 1639/3/2 1646/3/2
f 1640/3/2 1633/3/2 1647/3/2
f 1647/3/2 1633/3/2 1648/3/2
f 1648/3/2 1633/3/2 1649/3/2
f 1634/3/2 1635/3/2 1650/3/2
f 1650/3/2 1635/3/2 1651/3/2
f 1636/3/2 1632/3/2 1652/3/2
f 1631/3/2 1641/3/2 1653/3/2
f 1644/3/2 1645/3/2 1656/3/2
f 1656/3/2 1645/3/2 1657/3/2
f 1650/3/2 1651/3/2 1660/3/2
f 1648/3/2 1649/3/2 1660/3/2
f 1651/3/2 1652/3/2 1660/3/2
f 1649/3/2 1650/3/2 1660/3/2
f 1653/3/2 1654/3/2 1661/3/2
f 1657/3/2 1658/3/2 1662/3/2
f 1656/3/2 1657/3/2 1662/3/2
f 1655/3/2 1656/3/2 1662/3/2
f 1662/3/2 1658/3/2 1663/3/2
f 1659/3/2 1660/3/2 1664/3/2
f 1662/3/2 1663/3/2 1665/3/2
f 1663/3/2 1664/3/2 1665/3/2
f 1661/3/2 1662/3/2 1665/3/2
f 1665/3/2 1664/3/2 1666/3/2
f 1661/3/2 1665/3/2 1667/3/2
f 1667/3/2 1665/3/2 1668/3/2
f 1666/3/2 1664/3/2 1669/3/2
f 1669/3/2 1664/3/2 1670/3/2
f 1661/3/2 1667/3/2 1671/3/2
f 1670/3/2 1664/3/2 1674/3/2
f 1671/3/2 1672/3/2 1675/3/2
f 1673/3/2 1674/3/2 1676/3/2
f 1660/3/2 1652/3/2 1677/3/2
f 1675/3/2 1676/3/2 1677/3/2
f 1676/3/2 1674/3/2 1677/3/2
f 1664/3/2 1660/3/2 1677/3/2
f 1674/3/2 1664/3/2 1677/3/2
f 1677/3/2 1652/3/2 1678/3/2
f 1675/3/2 1677/3/2 1679/3/2
f 1679/3/2 1677/3/2 1680/3/2
f 1678/3/2 1652/3/2 1681/3/2
f 1681/3/2 1652/3/2 1682/3/2
f 1675/3/2 1679/3/2 1683/3/2
f 1683/3/2 1679/3/2 1684/3/2
f 1682/3/2 1652/3/2 1685/3/2
f 1685/3/2 1652/3/2 1686/3/2
f 1675/3/2 1683/3/2 1687/3/2
f 1687/3/2 1683/3/2 1688/3/2
f 1686/3/2 1652/3/2 1689/3/2
f 1689/3/2 1652/3/2 1690/3/2
f 1675/3/2 1687/3/2 1691/3/2
f 1690/3/2 1652/3/2 1694/3/2
f 1691/3/2 1692/3/2 1695/3/2
f 1693/3/2 1694/3/2 1698/3/2
f 1695/3/2 1696/3/2 1699/3/2
f 1697/3/2 1698/3/2 1702/3/2
f 1653/3/2 1661/3/2 1703/3/2
f 1631/3/2 1653/3/2 1703/3/2
f 1671/3/2 1675/3/2 1703/3/2
f 1661/3/2 1671/3/2 1703/3/2
f 1695/3/2 1699/3/2 1703/3/2
f 1699/3/2 1700/3/2 1703/3/2
f 1675/3/2 1691/3/2 1703/3/2
f 1691/3/2 1695/3/2 1703/3/2
f 1703/3/2 1700/3/2 1704/3/2
f 1704/3/2 1700/3/2 1705/3/2
f 1705/3/2 1700/3/2 1706/3/2
f 1706/3/2 1700/3/2 1707/3/2
f 1701/3/2 1702/3/2 1708/3/2
f 1631/3/2 1703/3/2 1709/3/2
f 1704/3/2 1705/3/2 1710/3/2
f 1710/3/2 1705/3/2 1711/3/2
f 1706/3/2 1707/3/2 1712/3/2
f 1707/3/2 1708/3/2 1712/3/2
f 1710/3/2 1711/3/2 1713/3/2
f 1711/3/2 1712/3/2 1713/3/2
f 1709/3/2 1710/3/2 1713/3/2
f 1712/3/2 1708/3/2 1714/3/2
f 1713/3/2 1712/3/2 1714/3/2
f 1709/3/2 1713/3/2 1715/3/2
f 1714/3/2 1708/3/2 1716/3/2
f 1709/3/2 1715/3/2 1717/3/2
f 1715/3/2 1716/3/2 1717/3/2
f 1631/3/2 1709/3/2 1717/3/2
f 1717/3/2 1716/3/2 1718/3/2
f 1631/3/2 1717/3/2 1719/3/2
f 1719/3/2 1717/3/2 1720/3/2
f 1718/3/2 1716/3/2 1721/3/2
f 1716/3/2 1708/3/2 1722/3/2
f 1721/3/2 1716/3/2 1722/3/2
f 1652/3/2 1632/3/2 1722/3/2
f 1702/3/2 1698/3/2 1722/3/2
f 1698/3/2 1694/3/2 1722/3/2
f 1694/3/2 1652/3/2 1722/3/2
f 1708/3/2 1702/3/2 1722/3/2
f 1723/5/2 1724/5/2 1725/5/2
f 1725/5/2 1724/5/2 1726/5/2
f 1725/6/2 1726/6/2 1727/6/2
f 1727/6/2 1726/6/2 1728/6/2
f 1728/6/2 1726/6/2 1729/6/2
f 1729/6/2 1726/6/2 1730/6/2
f 1730/6/2 1726/6/2 1731/6/2
f 1731/6/2 1726/6/2 1732/6/2
f 1737/4/2 1738/4/2 1742/4/2
f 1742/4/2 1738/4/2 1743/4/2
f 1739/4/2 1740/4/2 1746/4/2
f 1746/4/2 1740/4/2 1747/4/2
f 1733/6/2 1734/6/2 1749/6/2
f 1749/6/2 1734/6/2 1750/6/2
f 1735/6/2 1736/6/2 1751/6/2
f 1751/6/2 1736/6/2 1752/6/2
f 1741/4/2 1742/4/2 1753/4/2
f 1742/6/2 1743/6/2 1754/6/2
f 1753/4/2 1742/4/2 1754/4/2
f 1743/4/2 1744/4/2 1755/4/2
f 1754/6/2 1743/6/2 1755/6/2
f 1755/4/2 1744/4/2 1756/4/2
f 1745/4/2 1746/4/2 1757/4/2
f 1746/6/2 1747/6/2 1758/6/2
f 1757/4/2 1746/4/2 1758/4/2
f 1747/4/2 1748/4/2 1759/4/2
f 1758/6/2 1747/6/2 1759/6/2
f 1759/4/2 1748/4/2 1760/4/2
f 1754/4/2 1755/4/2 1761/4/2
f 1761/4/2 1755/4/2 1762/4/2
f 1758/4/2 1759/4/2 1763/4/2
f 1763/4/2 1759/4/2 1764/4/2
f 1765/4/2 1766/4/2 1768/4/2
f 1768/4/2 1766/4/2 1769/4/2
f 1767/4/2 1768/4/2 1771/4/2
f 1768/6/2 1769/6/2 1772/6/2
f 1771/4/2 1768/4/2 1772/4/2
f 1769/4/2 1770/4/2 1773/4/2
f 1772/6/2 1769/6/2 1773/6/2
f 1773/4/2 1770/4/2 1774/4/2
f 1772/4/2 1773/4/2 1775/4/2
f 1775/4/2 1773/4/2 1776/4/2
f 1727/5/2 1728/5/2 1777/5/2
f 1728/6/2 1729/6/2 1778/6/2
f 1777/5/2 1728/5/2 1778/5/2
f 1778/6/2 1729/6/2 1779/6/2
f 1730/6/2 1731/6/2 1782/6/2
f 1731/5/2 1732/5/2 1783/5/2
f 1782/6/2 1731/6/2 1783/6/2
f 1783/5/2 1732/5/2 1784/5/2
f 1780/6/2 1781/6/2 1785/6/2
f 1779/6/2 1780/6/2 1785/6/2
f 1783/6/2 1784/6/2 1785/6/2
f 1782/6/2 1783/6/2 1785/6/2
f 1781/6/2 1782/6/2 1785/6/2
f 1778/6/2 1779/6/2 1785/6/2
f 1777/6/2 1778/6/2 1785/6/2
f 1785/6/2 1784/6/2 1786/6/2
f 1785/5/2 1786/5/2 1787/5/2
f 1787/5/2 1786/5/2 1788/5/2
f 1789/6/2 1790/6/2 1793/6/2
f 1793/6/2 1790/6/2 1794/6/2
f 1791/6/2 1792/6/2 1795/6/2
f 1795/6/2 1792/6/2 1796/6/2
f 1797/1/2 1798/1/2 1799/1/2
f 1799/1/2 1798/1/2 1800/1/2
f 1801/1/2 1802/1/2 1803/1/2
f 1803/1/2 1802/1/2 1804/1/2
f 1805/6/2 1806/6/2 1809/6/2
f 1809/6/2 1806/6/2 1810/6/2
f 1807/6/2 1808/6/2 1811/6/2
f 1811/6/2 1808/6/2 1812/6/2
f 1813/2/2 1814/2/2 1815/2/2
f 1815/2/2 1814/2/2 1816/2/2
f 1817/1/2 1818/1/2 1819/1/2
f 1819/1/2 1818/1/2 1820/1/2
f 1821/2/2 1822/2/2 1823/2/2
f 1823/2/2 1822/2/2 1824/2/2
f 1825/6/2 1826/6/2 1827/6/2
f 1827/6/2 1826/6/2 1828/6/2
f 1829/2/2 1830/2/2 1831/2/2
f 1831/2/2 1830/2/2 1832/2/2
f 1835/2/3 1834/2/3 1833/2/3
f 1836/2/3 1834/2/3 1835/2/3
f 1839/6/3 1838/6/3 1837/6/3
f 1840/6/3 1838/6/3 1839/6/3
f 1845/2/3 1842/2/3 1841/2/3
f 1846/2/3 1842/2/3 1845/2/3
f 1847/2/3 1844/2/3 1843/2/3
f 1848/2/3 1844/2/3 1847/2/3
f 1851/1/3 1850/1/3 1849/1/3
f 1852/1/3 1850/1/3 1851/1/3
f 1855/6/3 1854/6/3 1853/6/3
f 1856/6/3 1854/6/3 1855/6/3
f 1859/6/3 1858/6/3 1857/6/3
f 1860/6/3 1858/6/3 1859/6/3
f 1865/1/3 1862/1/3 1861/1/3
f 1866/1/3 1862/1/3 1865/1/3
f 1867/1/3 1864/1/3 1863/1/3
f 1868/1/3 1864/1/3 1867/1/3
f 1871/6/3 1870/6/3 1869/6/3
f 1872/6/3 1870/6/3 1871/6/3
f 1875/6/3 1874/6/3 1873/6/3
f 1876/6/3 1874/6/3 1875/6/3
f 1883/6/3 1879/6/3 1878/6/3
f 1883/5/3 1880/5/3 1879/5/3
f 1884/6/3 1881/6/3 1880/6/3
f 1884/5/3 1880/5/3 1883/5/3
f 1885/6/3 1883/6/3 1878/6/3
f 1885/6/3 1884/6/3 1883/6/3
f 1886/6/3 1881/6/3 1884/6/3
f 1886/6/3 1884/6/3 1885/6/3
f 1889/6/3 1881/6/3 1886/6/3
f 1891/4/3 1888/4/3 1887/4/3
f 1892/4/3 1888/4/3 1891/4/3
f 1894/6/3 1881/6/3 1889/6/3
f 1895/4/3 1891/4/3 1890/4/3
f 1896/6/3 1892/6/3 1891/6/3
f 1896/4/3 1891/4/3 1895/4/3
f 1897/4/3 1893/4/3 1892/4/3
f 1897/6/3 1892/6/3 1896/6/3
f 1898/4/3 1893/4/3 1897/4/3
f 1899/4/3 1897/4/3 1896/4/3
f 1900/4/3 1897/4/3 1899/4/3
f 1904/4/3 1902/4/3 1901/4/3
f 1905/4/3 1902/4/3 1904/4/3
f 1907/4/3 1904/4/3 1903/4/3
f 1908/6/3 1905/6/3 1904/6/3
f 1908/4/3 1904/4/3 1907/4/3
f 1909/4/3 1906/4/3 1905/4/3
f 1909/6/3 1905/6/3 1908/6/3
f 1910/4/3 1906/4/3 1909/4/3
f 1913/4/3 1909/4/3 1908/4/3
f 1914/4/3 1909/4/3 1913/4/3
f 1916/4/3 1912/4/3 1911/4/3
f 1917/4/3 1912/4/3 1916/4/3
f 1919/4/3 1916/4/3 1915/4/3
f 1920/6/3 1917/6/3 1916/6/3
f 1920/4/3 1916/4/3 1919/4/3
f 1921/4/3 1918/4/3 1917/4/3
f 1921/6/3 1917/6/3 1920/6/3
f 1922/4/3 1918/4/3 1921/4/3
f 1923/4/3 1921/4/3 1920/4/3
f 1924/4/3 1921/4/3 1923/4/3
f 1927/6/3 1926/6/3 1925/6/3
f 1928/6/3 1926/6/3 1927/6/3
f 1931/6/3 1930/6/3 1929/6/3
f 1932/6/3 1930/6/3 1931/6/3
f 1933/6/3 1885/6/3 1878/6/3
f 1934/6/3 1881/6/3 1894/6/3
f 1935/6/3 1933/6/3 1878/6/3
f 1935/6/3 1934/6/3 1933/6/3
f 1936/6/3 1881/6/3 1934/6/3
f 1936/6/3 1934/6/3 1935/6/3
f 1937/5/3 1878/5/3 1877/5/3
f 1938/6/3 1935/6/3 1878/6/3
f 1938/5/3 1878/5/3 1937/5/3
f 1939/5/3 1936/5/3 1935/5/3
f 1939/6/3 1935/6/3 1938/6/3
f 1940/6/3 1881/6/3 1936/6/3
f 1940/5/3 1936/5/3 1939/5/3
f 1941/5/3 1882/5/3 1881/5/3
f 1941/6/3 1881/6/3 1940/6/3
f 1942/5/3 1882/5/3 1941/5/3
f 1945/3/3 1944/3/3 1943/3/3
f 1946/3/3 1944/3/3 1945/3/3
f 1947/3/3 1944/3/3 1946/3/3
f 1948/3/3 1944/3/3 1947/3/3
f 1949/3/3 1944/3/3 1948/3/3
f 1950/3/3 1944/3/3 1949/3/3
f 1951/3/3 1945/3/3 1943/3/3
f 1952/3/3 1945/3/3 1951/3/3
f 1953/3/3 1947/3/3 1946/3/3
f 1954/3/3 1947/3/3 1953/3/3
f 1955/3/3 1947/3/3 1954/3/3
f 1956/3/3 1949/3/3 1948/3/3
f 1957/3/3 1949/3/3 1956/3/3
f 1959/3/3 1951/3/3 1943/3/3
f 1962/3/3 1955/3/3 1954/3/3
f 1962/3/3 1958/3/3 1957/3/3
f 1962/3/3 1957/3/3 1956/3/3
f 1962/3/3 1956/3/3 1955/3/3
f 1963/3/3 1960/3/3 1959/3/3
f 1964/3/3 1962/3/3 1961/3/3
f 1965/3/3 1958/3/3 1962/3/3
f 1965/3/3 1962/3/3 1964/3/3
f 1966/3/3 1958/3/3 1965/3/3
f 1967/3/3 1958/3/3 1966/3/3
f 1968/3/3 1958/3/3 1967/3/3
f 1969/3/3 1958/3/3 1968/3/3
f 1970/3/3 1958/3/3 1969/3/3
f 1971/3/3 1964/3/3 1963/3/3
f 1971/3/3 1965/3/3 1964/3/3
f 1972/3/3 1965/3/3 1971/3/3
f 1973/3/3 1967/3/3 1966/3/3
f 1974/3/3 1967/3/3 1973/3/3
f 1975/3/3 1967/3/3 1974/3/3
f 1976/3/3 1969/3/3 1968/3/3
f 1977/3/3 1969/3/3 1976/3/3
f 1978/3/3 1958/3/3 1970/3/3
f 1979/3/3 1971/3/3 1963/3/3
f 1982/3/3 1977/3/3 1976/3/3
f 1982/3/3 1975/3/3 1974/3/3
f 1982/3/3 1978/3/3 1977/3/3
f 1982/3/3 1976/3/3 1975/3/3
f 1983/3/3 1963/3/3 1959/3/3
f 1983/3/3 1980/3/3 1979/3/3
f 1983/3/3 1979/3/3 1963/3/3
f 1984/3/3 1980/3/3 1983/3/3
f 1985/3/3 1980/3/3 1984/3/3
f 1986/3/3 1982/3/3 1981/3/3
f 1987/3/3 1959/3/3 1943/3/3
f 1987/3/3 1983/3/3 1959/3/3
f 1988/3/3 1983/3/3 1987/3/3
f 1989/3/3 1985/3/3 1984/3/3
f 1989/3/3 1986/3/3 1985/3/3
f 1990/3/3 1986/3/3 1989/3/3
f 1991/3/3 1987/3/3 1943/3/3
f 1994/3/3 1986/3/3 1990/3/3
f 1995/3/3 1992/3/3 1991/3/3
f 1996/3/3 1994/3/3 1993/3/3
f 1997/3/3 1978/3/3 1982/3/3
f 1997/3/3 1996/3/3 1995/3/3
f 1997/3/3 1994/3/3 1996/3/3
f 1997/3/3 1982/3/3 1986/3/3
f 1997/3/3 1986/3/3 1994/3/3
f 1998/3/3 1978/3/3 1997/3/3
f 1999/3/3 1997/3/3 1995/3/3
f 2000/3/3 1997/3/3 1999/3/3
f 2001/3/3 1978/3/3 1998/3/3
f 2002/3/3 1978/3/3 2001/3/3
f 2003/3/3 1999/3/3 1995/3/3
f 2004/3/3 1999/3/3 2003/3/3
f 2005/3/3 1978/3/3 2002/3/3
f 2006/3/3 1978/3/3 2005/3/3
f 2007/3/3 2003/3/3 1995/3/3
f 2008/3/3 2003/3/3 2007/3/3
f 2009/3/3 1978/3/3 2006/3/3
f 2010/3/3 1978/3/3 2009/3/3
f 2011/3/3 1995/3/3 1991/3/3
f 2011/3/3 1991/3/3 1943/3/3
f 2011/3/3 2007/3/3 1995/3/3
f 2012/3/3 2007/3/3 2011/3/3
f 2013/3/3 2007/3/3 2012/3/3
f 2016/3/3 1978/3/3 2010/3/3
f 2017/3/3 2011/3/3 1943/3/3
f 2018/3/3 2014/3/3 2013/3/3
f 2018/3/3 2013/3/3 2012/3/3
f 2019/3/3 2014/3/3 2018/3/3
f 2022/3/3 2016/3/3 2015/3/3
f 2023/3/3 2020/3/3 2019/3/3
f 2023/3/3 2018/3/3 2017/3/3
f 2023/3/3 2019/3/3 2018/3/3
f 2026/3/3 2022/3/3 2021/3/3
f 2027/3/3 2024/3/3 2023/3/3
f 2028/3/3 2026/3/3 2025/3/3
f 2029/3/3 2017/3/3 1943/3/3
f 2029/3/3 2028/3/3 2027/3/3
f 2029/3/3 2027/3/3 2023/3/3
f 2029/3/3 2023/3/3 2017/3/3
f 2030/3/3 2028/3/3 2029/3/3
f 2031/3/3 2029/3/3 1943/3/3
f 2032/3/3 2028/3/3 2030/3/3
f 2033/3/3 2031/3/3 1943/3/3
f 2033/3/3 2032/3/3 2031/3/3
f 2034/3/3 2026/3/3 2028/3/3
f 2034/3/3 2032/3/3 2033/3/3
f 2034/3/3 1958/3/3 1978/3/3
f 2034/3/3 1978/3/3 2016/3/3
f 2034/3/3 2028/3/3 2032/3/3
f 2034/3/3 2016/3/3 2022/3/3
f 2034/3/3 2022/3/3 2026/3/3
f 2038/3/3 2036/3/3 2035/3/3
f 2039/3/3 2036/3/3 2038/3/3
f 2042/3/3 2038/3/3 2037/3/3
f 2043/3/3 2038/3/3 2042/3/3
f 2044/3/3 2040/3/3 2039/3/3
f 2045/3/3 2040/3/3 2044/3/3
f 2048/3/3 2042/3/3 2041/3/3
f 2049/3/3 2042/3/3 2048/3/3
f 2050/3/3 2046/3/3 2045/3/3
f 2051/3/3 2046/3/3 2050/3/3
f 2053/3/3 2048/3/3 2047/3/3
f 2054/3/3 2048/3/3 2053/3/3
f 2057/3/3 2052/3/3 2051/3/3
f 2058/3/3 2052/3/3 2057/3/3
f 2059/3/3 2055/3/3 2054/3/3
f 2060/3/3 2055/3/3 2059/3/3
f 2063/3/3 2057/3/3 2056/3/3
f 2064/3/3 2057/3/3 2063/3/3
f 2065/3/3 2061/3/3 2060/3/3
f 2066/3/3 2061/3/3 2065/3/3
f 2067/3/3 2063/3/3 2062/3/3
f 2068/3/3 2063/3/3 2067/3/3
f 2069/3/3 2067/3/3 2066/3/3
f 2070/3/3 2067/3/3 2069/3/3
f 2073/6/3 2072/6/3 2071/6/3
f 2074/6/3 2072/6/3 2073/6/3
f 2078/6/3 2076/6/3 2075/6/3
f 2080/6/3 2078/6/3 2077/6/3
f 2082/6/3 2080/6/3 2079/6/3
f 2083/6/3 2076/6/3 2078/6/3
f 2083/6/3 2082/6/3 2081/6/3
f 2083/6/3 2080/6/3 2082/6/3
f 2083/6/3 2078/6/3 2080/6/3
f 2084/6/3 2076/6/3 2083/6/3
f 2085/6/3 2083/6/3 2081/6/3
f 2086/6/3 2083/6/3 2085/6/3
f 2089/6/3 2085/6/3 2081/6/3
f 2092/3/3 2088/3/3 2087/3/3
f 2093/3/3 2088/3/3 2092/3/3
f 2095/6/3 2090/6/3 2089/6/3
f 2098/3/3 2092/3/3 2091/3/3
f 2099/3/3 2092/3/3 2098/3/3
f 2100/3/3 2094/3/3 2093/3/3
f 2101/3/3 2094/3/3 2100/3/3
f 2103/6/3 2089/6/3 2081/6/3
f 2103/6/3 2096/6/3 2095/6/3
f 2103/6/3 2095/6/3 2089/6/3
f 2104/6/3 2096/6/3 2103/6/3
f 2105/6/3 2096/6/3 2104/6/3
f 2106/6/3 2096/6/3 2105/6/3
f 2107/6/3 2096/6/3 2106/6/3
f 2108/6/3 2096/6/3 2107/6/3
f 2109/6/3 2096/6/3 2108/6/3
f 2110/6/3 2096/6/3 2109/6/3
f 2111/3/3 2098/3/3 2097/3/3
f 2112/3/3 2098/3/3 2111/3/3
f 2115/3/3 2102/3/3 2101/3/3
f 2116/3/3 2102/3/3 2115/3/3
f 2117/3/3 2113/3/3 2112/3/3
f 2118/3/3 2113/3/3 2117/3/3
f 2119/3/3 2115/3/3 2114/3/3
f 2120/3/3 2115/3/3 2119/3/3
f 2121/3/3 2119/3/3 2118/3/3
f 2122/3/3 2119/3/3 2121/3/3
f 2129/4/3 2124/4/3 2123/4/3
f 2130/4/3 2124/4/3 2129/4/3
f 2131/2/3 2128/2/3 2127/2/3
f 2132/2/3 2126/2/3 2125/2/3
f 2135/2/3 2131/2/3 2127/2/3
f 2136/2/3 2133/2/3 2132/2/3
f 2136/2/3 2132/2/3 2125/2/3
f 2137/2/3 2133/2/3 2136/2/3
f 2138/2/3 2133/2/3 2137/2/3
f 2139/2/3 2135/2/3 2134/2/3
f 2140/2/3 2131/2/3 2135/2/3
f 2140/2/3 2135/2/3 2139/2/3
f 2141/2/3 2131/2/3 2140/2/3
f 2142/2/3 2138/2/3 2137/2/3
f 2142/2/3 2139/2/3 2138/2/3
f 2142/2/3 2140/2/3 2139/2/3
f 2143/2/3 2140/2/3 2142/2/3
f 2146/6/3 2145/6/3 2144/6/3
f 2147/6/3 2145/6/3 2146/6/3
f 2151/3/3 2149/3/3 2148/3/3
f 2152/3/3 2149/3/3 2151/3/3
f 2154/3/3 2151/3/3 2150/3/3
f 2154/3/3 2153/3/3 2152/3/3
f 2154/3/3 2152/3/3 2151/3/3
f 2155/3/3 2153/3/3 2154/3/3
f 2156/3/3 2153/3/3 2155/3/3
f 2157/3/3 2153/3/3 2156/3/3
f 2158/3/3 2156/3/3 2155/3/3
f 2159/3/3 2156/3/3 2158/3/3
f 2162/4/3 2161/4/3 2160/4/3
f 2163/4/3 2161/4/3 2162/4/3
f 2166/4/3 2165/4/3 2164/4/3
f 2167/4/3 2165/4/3 2166/4/3
f 2172/4/3 2169/4/3 2168/4/3
f 2173/4/3 2169/4/3 2172/4/3
f 2174/4/3 2171/4/3 2170/4/3
f 2175/4/3 2171/4/3 2174/4/3
f 2178/6/3 2177/6/3 2176/6/3
f 2179/6/3 2177/6/3 2178/6/3
f 2182/4/3 2181/4/3 2180/4/3
f 2183/4/3 2181/4/3 2182/4/3
f 2186/4/3 2185/4/3 2184/4/3
f 2187/4/3 2185/4/3 2186/4/3
f 2190/4/3 2189/4/3 2188/4/3
f 2191/4/3 2189/4/3 2190/4/3
f 2194/4/3 2193/4/3 2192/4/3
f 2195/4/3 2193/4/3 2194/4/3
f 2198/6/3 2197/6/3 2196/6/3
f 2199/6/3 2197/6/3 2198/6/3
f 2206/4/3 2201/4/3 2200/4/3
f 2207/4/3 2201/4/3 2206/4/3
f 2208/1/3 2203/1/3 2202/1/3
f 2211/1/3 2205/1/3 2204/1/3
f 2212/1/3 2209/1/3 2208/1/3
f 2212/1/3 2208/1/3 2202/1/3
f 2213/1/3 2209/1/3 2212/1/3
f 2214/1/3 2209/1/3 2213/1/3
f 2215/1/3 2211/1/3 2210/1/3
f 2216/1/3 2205/1/3 2211/1/3
f 2216/1/3 2211/1/3 2215/1/3
f 2217/1/3 2205/1/3 2216/1/3
f 2218/1/3 2214/1/3 2213/1/3
f 2218/1/3 2215/1/3 2214/1/3
f 2218/1/3 2216/1/3 2215/1/3
f 2219/1/3 2216/1/3 2218/1/3
f 2224/4/3 2221/4/3 2220/4/3
f 2225/4/3 2221/4/3 2224/4/3
f 2226/4/3 2223/4/3 2222/4/3
f 2227/4/3 2223/4/3 2226/4/3
f 2230/4/3 2229/4/3 2228/4/3
f 2231/4/3 2229/4/3 2230/4/3
f 2234/4/3 2233/4/3 2232/4/3
f 2235/4/3 2233/4/3 2234/4/3
f 2238/4/3 2237/4/3 2236/4/3
f 2239/4/3 2237/4/3 2238/4/3
f 2242/4/3 2241/4/3 2240/4/3
f 2243/4/3 2241/4/3 2242/4/3
f 2248/4/3 2245/4/3 2244/4/3
f 2249/4/3 2245/4/3 2248/4/3
f 2250/4/3 2247/4/3 2246/4/3
f 2251/4/3 2247/4/3 2250/4/3
f 2254/3/3 2253/3/3 2252/3/3
f 2255/3/3 2253/3/3 2254/3/3
f 2258/3/3 2257/3/3 2256/3/3
f 2259/3/3 2257/3/3 2258/3/3
f 2262/6/3 2261/6/3 2260/6/3
f 2263/6/3 2261/6/3 2262/6/3
f 2266/3/3 2265/3/3 2264/3/3
f 2267/3/3 2265/3/3 2266/3/3
f 2270/3/3 2269/3/3 2268/3/3
f 2271/3/3 2269/3/3 2270/3/3
f 2276/3/3 2273/3/3 2272/3/3
f 2277/3/3 2273/3/3 2276/3/3
f 2278/3/3 2275/3/3 2274/3/3
f 2279/3/3 2275/3/3 2278/3/3
f 2282/6/3 2281/6/3 2280/6/3
f 2283/6/3 2281/6/3 2282/6/3
f 2286/3/3 2285/3/3 2284/3/3
f 2287/3/3 2285/3/3 2286/3/3
f 2290/6/3 2289/6/3 2288/6/3
f 2291/6/3 2289/6/3 2290/6/3
f 2294/6/3 2293/6/3 2292/6/3
f 2295/6/3 2293/6/3 2294/6/3
f 2298/6/3 2297/6/3 2296/6/3
f 2299/6/3 2297/6/3 2298/6/3
f 2302/3/3 2301/3/3 2300/3/3
f 2303/3/3 2301/3/3 2302/3/3
f 2306/6/3 2305/6/3 2304/6/3
f 2307/6/3 2305/6/3 2306/6/3
f 2312/3/3 2309/3/3 2308/3/3
f 2313/3/3 2309/3/3 2312/3/3
f 2316/3/3 2311/3/3 2310/3/3
f 2317/3/3 2311/3/3 2316/3/3
f 2318/3/3 2314/3/3 2313/3/3
f 2319/3/3 2314/3/3 2318/3/3
f 2322/3/3 2316/3/3 2315/3/3
f 2323/3/3 2316/3/3 2322/3/3
f 2326/3/3 2320/3/3 2319/3/3
f 2327/3/3 2320/3/3 2326/3/3
f 2328/3/3 2322/3/3 2321/3/3
f 2329/3/3 2322/3/3 2328/3/3
f 2332/3/3 2325/3/3 2324/3/3
f 2333/3/3 2325/3/3 2332/3/3
f 2334/3/3 2331/3/3 2330/3/3
f 2335/3/3 2331/3/3 2334/3/3
f 2340/3/3 2337/3/3 2336/3/3
f 2341/3/3 2337/3/3 2340/3/3
f 2342/3/3 2339/3/3 2338/3/3
f 2343/3/3 2339/3/3 2342/3/3
f 2348/3/3 2345/3/3 2344/3/3
f 2349/3/3 2345/3/3 2348/3/3
f 2350/3/3 2347/3/3 2346/3/3
f 2351/3/3 2347/3/3 2350/3/3
f 2352/3/3 2347/3/3 2351/3/3
f 2353/3/3 2350/3/3 2349/3/3
f 2354/3/3 2350/3/3 2353/3/3
f 2356/3/3 2355/3/3 2354/3/3
f 2357/3/3 2355/3/3 2356/3/3
f 2361/3/3 2359/3/3 2358/3/3
f 2362/3/3 2359/3/3 2361/3/3
f 2364/3/3 2361/3/3 2360/3/3
f 2365/3/3 2361/3/3 2364/3/3
f 2368/3/3 2364/3/3 2363/3/3
f 2369/3/3 2364/3/3 2368/3/3
f 2370/3/3 2366/3/3 2365/3/3
f 2370/3/3 2367/3/3 2366/3/3
f 2371/3/3 2367/3/3 2370/3/3
f 2376/3/3 2373/3/3 2372/3/3
f 2378/3/3 2376/3/3 2372/3/3
f 2378/3/3 2377/3/3 2376/3/3
f 2379/3/3 2377/3/3 2378/3/3
f 2380/3/3 2375/3/3 2374/3/3
f 2381/3/3 2375/3/3 2380/3/3
f 2382/3/3 2378/3/3 2372/3/3
f 2383/3/3 2378/3/3 2382/3/3
f 2391/3/3 2385/3/3 2384/3/3
f 2392/3/3 2385/3/3 2391/3/3
f 2393/3/3 2387/3/3 2386/3/3
f 2394/3/3 2387/3/3 2393/3/3
f 2395/3/3 2389/3/3 2388/3/3
f 2396/3/3 2389/3/3 2395/3/3
f 2398/3/3 2391/3/3 2390/3/3
f 2399/3/3 2391/3/3 2398/3/3
f 2400/3/3 2395/3/3 2394/3/3
f 2401/3/3 2395/3/3 2400/3/3
f 2403/3/3 2398/3/3 2397/3/3
f 2404/3/3 2398/3/3 2403/3/3
f 2405/3/3 2402/3/3 2401/3/3
f 2406/3/3 2402/3/3 2405/3/3
f 2411/3/3 2408/3/3 2407/3/3
f 2412/3/3 2408/3/3 2411/3/3
f 2415/3/3 2410/3/3 2409/3/3
f 2416/3/3 2410/3/3 2415/3/3
f 2417/3/3 2413/3/3 2412/3/3
f 2418/3/3 2413/3/3 2417/3/3
f 2419/3/3 2415/3/3 2414/3/3
f 2420/3/3 2415/3/3 2419/3/3
f 2421/3/3 2419/3/3 2418/3/3
f 2422/3/3 2419/3/3 2421/3/3
f 2425/3/3 2424/3/3 2423/3/3
f 2426/3/3 2424/3/3 2425/3/3
f 2431/3/3 2428/3/3 2427/3/3
f 2432/3/3 2428/3/3 2431/3/3
f 2433/3/3 2430/3/3 2429/3/3
f 2434/3/3 2430/3/3 2433/3/3
f 2439/3/3 2436/3/3 2435/3/3
f 2440/3/3 2436/3/3 2439/3/3
f 2441/3/3 2438/3/3 2437/3/3
f 2442/3/3 2438/3/3 2441/3/3
f 2443/3/3 2438/3/3 2442/3/3
f 2444/3/3 2441/3/3 2440/3/3
f 2445/3/3 2441/3/3 2444/3/3
f 2448/3/3 2446/3/3 2445/3/3
f 2449/3/3 2446/3/3 2448/3/3
f 2451/3/3 2448/3/3 2447/3/3
f 2452/3/3 2448/3/3 2451/3/3
f 2455/3/3 2451/3/3 2450/3/3
f 2456/3/3 2451/3/3 2455/3/3
f 2457/3/3 2453/3/3 2452/3/3
f 2457/3/3 2454/3/3 2453/3/3
f 2458/3/3 2454/3/3 2457/3/3
f 2463/3/3 2460/3/3 2459/3/3
f 2464/3/3 2460/3/3 2463/3/3
f 2465/3/3 2462/3/3 2461/3/3
f 2466/3/3 2462/3/3 2465/3/3
f 2472/3/3 2468/3/3 2467/3/3
f 2473/3/3 2468/3/3 2472/3/3
f 2474/3/3 2470/3/3 2469/3/3
f 2475/3/3 2470/3/3 2474/3/3
f 2477/3/3 2472/3/3 2471/3/3
f 2478/3/3 2472/3/3 2477/3/3
f 2479/3/3 2474/3/3 2473/3/3
f 2480/3/3 2474/3/3 2479/3/3
f 2482/3/3 2477/3/3 2476/3/3
f 2483/3/3 2477/3/3 2482/3/3
f 2484/3/3 2481/3/3 2480/3/3
f 2485/3/3 2481/3/3 2484/3/3
f 2490/3/3 2487/3/3 2486/3/3
f 2491/3/3 2487/3/3 2490/3/3
f 2492/3/3 2489/3/3 2488/3/3
f 2493/3/3 2489/3/3 2492/3/3
f 2494/3/3 2492/3/3 2491/3/3
f 2495/3/3 2492/3/3 2494/3/3
f 2500/3/3 2497/3/3 2496/3/3
f 2501/3/3 2497/3/3 2500/3/3
f 2502/3/3 2499/3/3 2498/3/3
f 2503/3/3 2499/3/3 2502/3/3
f 2508/3/3 2505/3/3 2504/3/3
f 2509/3/3 2505/3/3 2508/3/3
f 2510/3/3 2507/3/3 2506/3/3
f 2511/3/3 2507/3/3 2510/3/3
f 2516/3/3 2513/3/3 2512/3/3
f 2517/3/3 2513/3/3 2516/3/3
f 2518/3/3 2515/3/3 2514/3/3
f 2519/3/3 2515/3/3 2518/3/3
f 2520/3/3 2515/3/3 2519/3/3
f 2522/3/3 2518/3/3 2517/3/3
f 2523/3/3 2518/3/3 2522/3/3
f 2526/3/3 2522/3/3 2521/3/3
f 2527/3/3 2522/3/3 2526/3/3
f 2528/3/3 2525/3/3 2524/3/3
f 2528/3/3 2524/3/3 2523/3/3
f 2529/3/3 2525/3/3 2528/3/3
f 2536/3/3 2535/3/3 2534/3/3
f 2537/3/3 2533/3/3 2532/3/3
f 2538/3/3 2536/3/3 2534/3/3
f 2538/3/3 2537/3/3 2536/3/3
f 2539/3/3 2533/3/3 2537/3/3
f 2539/3/3 2537/3/3 2538/3/3
f 2540/3/3 2531/3/3 2530/3/3
f 2541/3/3 2531/3/3 2540/3/3
f 2542/3/3 2533/3/3 2539/3/3
f 2543/3/3 2533/3/3 2542/3/3
f 2548/3/3 2545/3/3 2544/3/3
f 2549/3/3 2545/3/3 2548/3/3
f 2550/3/3 2547/3/3 2546/3/3
f 2551/3/3 2547/3/3 2550/3/3
f 2553/3/3 2550/3/3 2549/3/3
f 2554/3/3 2550/3/3 2553/3/3
f 2556/3/3 2553/3/3 2552/3/3
f 2557/3/3 2553/3/3 2556/3/3
f 2558/3/3 2555/3/3 2554/3/3
f 2559/3/3 2555/3/3 2558/3/3
f 2562/3/3 2561/3/3 2560/3/3
f 2563/3/3 2561/3/3 2562/3/3
f 2568/3/3 2565/3/3 2564/3/3
f 2569/3/3 2565/3/3 2568/3/3
f 2570/3/3 2567/3/3 2566/3/3
f 2571/3/3 2567/3/3 2570/3/3
f 2574/3/3 2573/3/3 2572/3/3
f 2575/3/3 2573/3/3 2574/3/3
f 2580/3/3 2577/3/3 2576/3/3
f 2581/3/3 2577/3/3 2580/3/3
f 2582/3/3 2579/3/3 2578/3/3
f 2583/3/3 2579/3/3 2582/3/3
f 2586/3/3 2585/3/3 2584/3/3
f 2587/3/3 2585/3/3 2586/3/3
f 2590/3/3 2585/3/3 2587/3/3
f 2591/3/3 2585/3/3 2590/3/3
f 2592/1/3 2589/1/3 2588/1/3
f 2593/1/3 2589/1/3 2592/1/3
f 2594/3/3 2586/3/3 2584/3/3
f 2598/3/3 2595/3/3 2594/3/3
f 2598/3/3 2594/3/3 2584/3/3
f 2599/3/3 2595/3/3 2598/3/3
f 2600/2/3 2597/2/3 2596/2/3
f 2601/2/3 2597/2/3 2600/2/3
f 2604/3/3 2603/3/3 2602/3/3
f 2605/3/3 2603/3/3 2604/3/3
f 2608/3/3 2607/3/3 2606/3/3
f 2609/3/3 2607/3/3 2608/3/3
f 2612/1/3 2611/1/3 2610/1/3
f 2613/1/3 2611/1/3 2612/1/3
f 2616/2/3 2615/2/3 2614/2/3
f 2617/2/3 2615/2/3 2616/2/3
f 2620/4/3 2619/4/3 2618/4/3
f 2621/4/3 2619/4/3 2620/4/3
f 2626/4/3 2623/4/3 2622/4/3
f 2627/4/3 2623/4/3 2626/4/3
f 2628/4/3 2625/4/3 2624/4/3
f 2629/4/3 2625/4/3 2628/4/3
f 2632/4/3 2631/4/3 2630/4/3
f 2633/4/3 2631/4/3 2632/4/3
f 2638/4/3 2635/4/3 2634/4/3
f 2639/4/3 2635/4/3 2638/4/3
f 2640/4/3 2637/4/3 2636/4/3
f 2641/4/3 2637/4/3 2640/4/3
f 2644/6/3 2643/6/3 2642/6/3
f 2645/6/3 2643/6/3 2644/6/3
f 2649/1/3 2647/1/3 2646/1/3
f 2650/1/3 2647/1/3 2649/1/3
f 2651/1/3 2647/1/3 2650/1/3
f 2652/1/3 2647/1/3 2651/1/3
f 2654/1/3 2649/1/3 2648/1/3
f 2654/1/3 2650/1/3 2649/1/3
f 2655/1/3 2650/1/3 2654/1/3
f 2656/1/3 2653/1/3 2652/1/3
f 2656/1/3 2652/1/3 2651/1/3
f 2657/1/3 2653/1/3 2656/1/3
f 2658/1/3 2654/1/3 2648/1/3
f 2659/1/3 2654/1/3 2658/1/3
f 2660/1/3 2653/1/3 2657/1/3
f 2661/1/3 2653/1/3 2660/1/3
f 2664/6/3 2663/6/3 2662/6/3
f 2665/6/3 2663/6/3 2664/6/3
f 2668/4/3 2667/4/3 2666/4/3
f 2669/4/3 2667/4/3 2668/4/3
f 2672/1/3 2671/1/3 2670/1/3
f 2673/1/3 2671/1/3 2672/1/3
f 2678/4/3 2675/4/3 2674/4/3
f 2679/4/3 2675/4/3 2678/4/3
f 2680/4/3 2677/4/3 2676/4/3
f 2681/4/3 2677/4/3 2680/4/3
f 2684/1/3 2683/1/3 2682/1/3
f 2685/1/3 2683/1/3 2684/1/3
f 2689/2/3 2687/2/3 2686/2/3
f 2690/2/3 2687/2/3 2689/2/3
f 2691/2/3 2687/2/3 2690/2/3
f 2692/2/3 2687/2/3 2691/2/3
f 2694/2/3 2689/2/3 2688/2/3
f 2694/2/3 2690/2/3 2689/2/3
f 2695/2/3 2690/2/3 2694/2/3
f 2696/2/3 2693/2/3 2692/2/3
f 2696/2/3 2692/2/3 2691/2/3
f 2697/2/3 2693/2/3 2696/2/3
f 2698/2/3 2693/2/3 2697/2/3
f 2699/2/3 2694/2/3 2688/2/3
f 2700/2/3 2694/2/3 2699/2/3
f 2701/2/3 2698/2/3 2697/2/3
f 2702/2/3 2698/2/3 2701/2/3
f 2705/2/3 2704/2/3 2703/2/3
f 2706/2/3 2704/2/3 2705/2/3
f 2709/2/3 2708/2/3 2707/2/3
f 2710/2/3 2708/2/3 2709/2/3
f 2713/6/3 2712/6/3 2711/6/3
f 2714/6/3 2712/6/3 2713/6/3
f 2717/6/3 2716/6/3 2715/6/3
f 2718/6/3 2716/6/3 2717/6/3
f 2721/6/3 2720/6/3 2719/6/3
f 2722/6/3 2720/6/3 2721/6/3
f 2725/6/3 2724/6/3 2723/6/3
f 2726/6/3 2724/6/3 2725/6/3
f 2729/6/3 2728/6/3 2727/6/3
f 2730/6/3 2728/6/3 2729/6/3
f 2733/6/3 2732/6/3 2731/6/3
f 2734/6/3 2732/6/3 2733/6/3
f 2739/1/3 2736/1/3 2735/1/3
f 2740/1/3 2736/1/3 2739/1/3
f 2741/1/3 2738/1/3 2737/1/3
f 2742/1/3 2738/1/3 2741/1/3
f 2745/6/3 2744/6/3 2743/6/3
f 2746/6/3 2744/6/3 2745/6/3
f 2749/1/3 2748/1/3 2747/1/3
f 2750/1/3 2748/1/3 2749/1/3
f 2755/2/3 2752/2/3 2751/2/3
f 2756/2/3 2752/2/3 2755/2/3
f 2757/2/3 2754/2/3 2753/2/3
f 2758/2/3 2754/2/3 2757/2/3
f 2761/2/3 2760/2/3 2759/2/3
f 2762/2/3 2760/2/3 2761/2/3
f 2763/2/4 2764/2/4 2765/2/4
f 2765/2/4 2764/2/4 2766/2/4
f 2767/2/4 2768/2/4 2771/2/4
f 2771/2/4 2768/2/4 2772/2/4
f 2769/2/4 2770/2/4 2773/2/4
f 2773/2/4 2770/2/4 2774/2/4
f 2775/1/4 2776/1/4 2777/1/4
f 2777/1/4 2776/1/4 2778/1/4
f 2779/6/4 2780/6/4 2781/6/4
f 2781/6/4 2780/6/4 2782/6/4
f 2783/1/4 2784/1/4 2787/1/4
f 2787/1/4 2784/1/4 2788/1/4
f 2785/1/4 2786/1/4 2789/1/4
f 2789/1/4 2786/1/4 2790/1/4
f 2791/6/4 2792/6/4 2793/6/4
f 2793/6/4 2792/6/4 2794/6/4
f 2795/6/4 2796/6/4 2797/6/4
f 2797/6/4 2796/6/4 2798/6/4
f 2799/6/4 2800/6/4 2801/6/4
f 2801/6/4 2800/6/4 2802/6/4
f 2803/6/4 2804/6/4 2805/6/4
f 2805/6/4 2804/6/4 2806/6/4
f 2807/6/4 2808/6/4 2809/6/4
f 2809/6/4 2808/6/4 2810/6/4
f 2813/2/4 2814/2/4 2815/2/4
f 2811/2/4 2812/2/4 2816/2/4
f 2813/2/4 2815/2/4 2819/2/4
f 2816/2/4 2817/2/4 2820/2/4
f 2811/2/4 2816/2/4 2820/2/4
f 2820/2/4 2817/2/4 2821/2/4
f 2821/2/4 2817/2/4 2822/2/4
f 2818/2/4 2819/2/4 2823/2/4
f 2819/2/4 2815/2/4 2824/2/4
f 2823/2/4 2819/2/4 2824/2/4
f 2824/2/4 2815/2/4 2825/2/4
f 2821/2/4 2822/2/4 2826/2/4
f 2822/2/4 2823/2/4 2826/2/4
f 2823/2/4 2824/2/4 2826/2/4
f 2826/2/4 2824/2/4 2827/2/4
f 2828/6/4 2829/6/4 2831/6/4
f 2830/6/4 2831/6/4 2833/6/4
f 2832/6/4 2833/6/4 2835/6/4
f 2831/6/4 2829/6/4 2836/6/4
f 2834/6/4 2835/6/4 2836/6/4
f 2835/6/4 2833/6/4 2836/6/4
f 2833/6/4 2831/6/4 2836/6/4
f 2836/6/4 2829/6/4 2837/6/4
f 2834/6/4 2836/6/4 2838/6/4
f 2838/6/4 2836/6/4 2839/6/4
f 2834/6/4 2838/6/4 2840/6/4
f 2840/6/4 2841/6/4 2842/6/4
f 2840/6/4 2842/6/4 2844/6/4
f 2842/6/4 2843/6/4 2844/6/4
f 2834/6/4 2840/6/4 2844/6/4
f 2844/6/4 2843/6/4 2845/6/4
f 2845/6/4 2843/6/4 2846/6/4
f 2846/6/4 2843/6/4 2847/6/4
f 2847/6/4 2843/6/4 2848/6/4
f 2848/6/4 2843/6/4 2849/6/4
f 2849/6/4 2843/6/4 2850/6/4
f 2850/6/4 2843/6/4 2851/6/4
f 2852/4/4 2853/4/4 2856/4/4
f 2856/4/4 2853/4/4 2857/4/4
f 2854/4/4 2855/4/4 2858/4/4
f 2858/4/4 2855/4/4 2859/4/4
f 2860/4/4 2861/4/4 2862/4/4
f 2862/4/4 2861/4/4 2863/4/4
f 2864/4/4 2865/4/4 2866/4/4
f 2866/4/4 2865/4/4 2867/4/4
f 2868/4/4 2869/4/4 2870/4/4
f 2870/4/4 2869/4/4 2871/4/4
f 2872/4/4 2873/4/4 2874/4/4
f 2874/4/4 2873/4/4 2875/4/4
f 2876/4/4 2877/4/4 2878/4/4
f 2878/4/4 2877/4/4 2879/4/4
f 2880/6/4 2881/6/4 2882/6/4
f 2882/6/4 2881/6/4 2883/6/4
f 2884/4/4 2885/4/4 2886/4/4
f 2886/4/4 2885/4/4 2887/4/4
f 2888/4/4 2889/4/4 2890/4/4
f 2890/4/4 2889/4/4 2891/4/4
f 2892/1/4 2893/1/4 2896/1/4
f 2894/1/4 2895/1/4 2899/1/4
f 2896/1/4 2897/1/4 2900/1/4
f 2892/1/4 2896/1/4 2900/1/4
f 2900/1/4 2897/1/4 2901/1/4
f 2901/1/4 2897/1/4 2902/1/4
f 2898/1/4 2899/1/4 2903/1/4
f 2899/1/4 2895/1/4 2904/1/4
f 2903/1/4 2899/1/4 2904/1/4
f 2904/1/4 2895/1/4 2905/1/4
f 2901/1/4 2902/1/4 2906/1/4
f 2902/1/4 2903/1/4 2906/1/4
f 2903/1/4 2904/1/4 2906/1/4
f 2906/1/4 2904/1/4 2907/1/4
f 2908/6/4 2909/6/4 2910/6/4
f 2910/6/4 2909/6/4 2911/6/4
f 2912/4/4 2913/4/4 2916/4/4
f 2916/4/4 2913/4/4 2917/4/4
f 2914/4/4 2915/4/4 2918/4/4
f 2918/4/4 2915/4/4 2919/4/4
f 2920/4/4 2921/4/4 2922/4/4
f 2922/4/4 2921/4/4 2923/4/4
f 2924/4/4 2925/4/4 2926/4/4
f 2926/4/4 2925/4/4 2927/4/4
f 2928/4/4 2929/4/4 2930/4/4
f 2930/4/4 2929/4/4 2931/4/4
f 2932/4/4 2933/4/4 2934/4/4
f 2934/4/4 2933/4/4 2935/4/4
f 2936/4/4 2937/4/4 2940/4/4
f 2940/4/4 2937/4/4 2941/4/4
f 2938/4/4 2939/4/4 2942/4/4
f 2942/4/4 2939/4/4 2943/4/4
f 2944/4/4 2945/4/4 2946/4/4
f 2946/4/4 2945/4/4 2947/4/4
f 2948/3/4 2949/3/4 2950/3/4
f 2950/3/4 2949/3/4 2951/3/4
f 2952/3/4 2953/3/4 2955/3/4
f 2954/3/4 2955/3/4 2956/3/4
f 2955/3/4 2953/3/4 2957/3/4
f 2956/3/4 2955/3/4 2957/3/4
f 2958/3/4 2959/3/4 2960/3/4
f 2960/3/4 2959/3/4 2961/3/4
f 2962/3/4 2963/3/4 2964/3/4
f 2964/3/4 2963/3/4 2965/3/4
f 2966/3/4 2967/3/4 2968/3/4
f 2968/3/4 2967/3/4 2969/3/4
f 2970/3/4 2971/3/4 2972/3/4
f 2972/3/4 2971/3/4 2973/3/4
f 2974/3/4 2975/3/4 2978/3/4
f 2978/3/4 2975/3/4 2979/3/4
f 2976/3/4 2977/3/4 2980/3/4
f 2980/3/4 2977/3/4 2981/3/4
f 2979/3/4 2980/3/4 2982/3/4
f 2982/3/4 2980/3/4 2983/3/4
f 2984/3/4 2985/3/4 2986/3/4
f 2986/3/4 2985/3/4 2987/3/4
f 2988/3/4 2989/3/4 2992/3/4
f 2992/3/4 2989/3/4 2993/3/4
f 2990/3/4 2991/3/4 2994/3/4
f 2994/3/4 2991/3/4 2995/3/4
f 2998/3/4 2999/3/4 3000/3/4
f 3000/3/4 2999/3/4 3001/3/4
f 2996/3/4 2997/3/4 3002/3/4
f 3002/3/4 2997/3/4 3003/3/4
f 3001/3/4 2999/3/4 3004/3/4
f 3004/3/4 2999/3/4 3005/3/4
f 3006/3/4 3007/3/4 3010/3/4
f 3010/3/4 3007/3/4 3011/3/4
f 3008/3/4 3009/3/4 3012/3/4
f 3012/3/4 3009/3/4 3013/3/4
f 3014/3/4 3015/3/4 3018/3/4
f 3018/3/4 3015/3/4 3019/3/4
f 3016/3/4 3017/3/4 3020/3/4
f 3020/3/4 3017/3/4 3021/3/4
f 3019/3/4 3020/3/4 3023/3/4
f 3023/3/4 3020/3/4 3024/3/4
f 3022/3/4 3023/3/4 3026/3/4
f 3026/3/4 3023/3/4 3027/3/4
f 3024/3/4 3025/3/4 3028/3/4
f 3028/3/4 3025/3/4 3029/3/4
f 3030/3/4 3031/3/4 3034/3/4
f 3034/3/4 3031/3/4 3035/3/4
f 3032/3/4 3033/3/4 3038/3/4
f 3038/3/4 3033/3/4 3039/3/4
f 3035/3/4 3036/3/4 3040/3/4
f 3040/3/4 3036/3/4 3041/3/4
f 3037/3/4 3038/3/4 3042/3/4
f 3041/3/4 3042/3/4 3043/3/4
f 3042/3/4 3038/3/4 3044/3/4
f 3043/3/4 3042/3/4 3044/3/4
f 3044/3/4 3045/3/4 3046/3/4
f 3046/3/4 3045/3/4 3047/3/4
f 3048/3/4 3049/3/4 3052/3/4
f 3052/3/4 3049/3/4 3053/3/4
f 3050/3/4 3051/3/4 3054/3/4
f 3054/3/4 3051/3/4 3055/3/4
f 3056/3/4 3057/3/4 3060/3/4
f 3060/3/4 3057/3/4 3061/3/4
f 3058/3/4 3059/3/4 3063/3/4
f 3063/3/4 3059/3/4 3064/3/4
f 3061/3/4 3062/3/4 3066/3/4
f 3066/3/4 3062/3/4 3067/3/4
f 3065/3/4 3066/3/4 3070/3/4
f 3070/3/4 3066/3/4 3071/3/4
f 3068/3/4 3069/3/4 3072/3/4
f 3072/3/4 3069/3/4 3073/3/4
f 3074/3/4 3075/3/4 3078/3/4
f 3078/3/4 3075/3/4 3079/3/4
f 3076/3/4 3077/3/4 3080/3/4
f 3080/3/4 3077/3/4 3081/3/4
f 3082/3/4 3083/3/4 3087/3/4
f 3087/3/4 3083/3/4 3088/3/4
f 3084/3/4 3085/3/4 3089/3/4
f 3089/3/4 3085/3/4 3090/3/4
f 3086/3/4 3087/3/4 3092/3/4
f 3092/3/4 3087/3/4 3093/3/4
f 3088/3/4 3089/3/4 3094/3/4
f 3094/3/4 3089/3/4 3095/3/4
f 3091/3/4 3092/3/4 3097/3/4
f 3097/3/4 3092/3/4 3098/3/4
f 3095/3/4 3096/3/4 3099/3/4
f 3099/3/4 3096/3/4 3100/3/4
f 3101/3/4 3102/3/4 3105/3/4
f 3105/3/4 3102/3/4 3106/3/4
f 3103/3/4 3104/3/4 3109/3/4
f 3109/3/4 3104/3/4 3110/3/4
f 3106/3/4 3107/3/4 3111/3/4
f 3111/3/4 3107/3/4 3112/3/4
f 3108/3/4 3109/3/4 3114/3/4
f 3114/3/4 3109/3/4 3115/3/4
f 3112/3/4 3113/3/4 3119/3/4
f 3119/3/4 3113/3/4 3120/3/4
f 3115/3/4 3116/3/4 3121/3/4
f 3117/3/4 3118/3/4 3122/3/4
f 3122/3/4 3118/3/4 3123/3/4
f 3121/3/4 3116/3/4 3124/3/4
f 3124/3/4 3116/3/4 3125/3/4
f 3126/3/4 3127/3/4 3130/3/4
f 3130/3/4 3127/3/4 3131/3/4
f 3128/3/4 3129/3/4 3132/3/4
f 3132/3/4 3129/3/4 3133/3/4
f 3134/3/4 3135/3/4 3138/3/4
f 3138/3/4 3135/3/4 3139/3/4
f 3136/3/4 3137/3/4 3141/3/4
f 3141/3/4 3137/3/4 3142/3/4
f 3139/3/4 3140/3/4 3143/3/4
f 3143/3/4 3140/3/4 3144/3/4
f 3144/3/4 3145/3/4 3147/3/4
f 3147/3/4 3145/3/4 3148/3/4
f 3146/3/4 3147/3/4 3150/3/4
f 3150/3/4 3147/3/4 3151/3/4
f 3149/3/4 3150/3/4 3154/3/4
f 3154/3/4 3150/3/4 3155/3/4
f 3152/3/4 3153/3/4 3156/3/4
f 3156/3/4 3153/3/4 3157/3/4
f 3158/3/4 3159/3/4 3162/3/4
f 3162/3/4 3159/3/4 3163/3/4
f 3160/3/4 3161/3/4 3164/3/4
f 3164/3/4 3161/3/4 3165/3/4
f 3166/3/4 3167/3/4 3173/3/4
f 3173/3/4 3167/3/4 3174/3/4
f 3168/3/4 3169/3/4 3175/3/4
f 3175/3/4 3169/3/4 3176/3/4
f 3170/3/4 3171/3/4 3177/3/4
f 3177/3/4 3171/3/4 3178/3/4
f 3172/3/4 3173/3/4 3180/3/4
f 3180/3/4 3173/3/4 3181/3/4
f 3176/3/4 3177/3/4 3182/3/4
f 3182/3/4 3177/3/4 3183/3/4
f 3179/3/4 3180/3/4 3185/3/4
f 3185/3/4 3180/3/4 3186/3/4
f 3183/3/4 3184/3/4 3187/3/4
f 3187/3/4 3184/3/4 3188/3/4
f 3189/6/4 3190/6/4 3191/6/4
f 3191/6/4 3190/6/4 3192/6/4
f 3193/3/4 3194/3/4 3197/3/4
f 3197/3/4 3194/3/4 3198/3/4
f 3195/3/4 3196/3/4 3199/3/4
f 3199/3/4 3196/3/4 3200/3/4
f 3200/3/4 3196/3/4 3201/3/4
f 3198/3/4 3199/3/4 3202/3/4
f 3202/3/4 3199/3/4 3203/3/4
f 3203/3/4 3204/3/4 3205/3/4
f 3205/3/4 3204/3/4 3206/3/4
f 3207/3/4 3208/3/4 3210/3/4
f 3210/3/4 3208/3/4 3211/3/4
f 3209/3/4 3210/3/4 3213/3/4
f 3213/3/4 3210/3/4 3214/3/4
f 3212/3/4 3213/3/4 3217/3/4
f 3217/3/4 3213/3/4 3218/3/4
f 3214/3/4 3215/3/4 3219/3/4
f 3215/3/4 3216/3/4 3219/3/4
f 3219/3/4 3216/3/4 3220/3/4
f 3221/6/4 3222/6/4 3223/6/4
f 3223/6/4 3222/6/4 3224/6/4
f 3225/3/4 3226/3/4 3227/3/4
f 3227/3/4 3226/3/4 3228/3/4
f 3229/6/4 3230/6/4 3231/6/4
f 3231/6/4 3230/6/4 3232/6/4
f 3233/6/4 3234/6/4 3235/6/4
f 3235/6/4 3234/6/4 3236/6/4
f 3237/3/4 3238/3/4 3239/3/4
f 3239/3/4 3238/3/4 3240/3/4
f 3241/3/4 3242/3/4 3243/3/4
f 3243/3/4 3242/3/4 3244/3/4
f 3245/3/4 3246/3/4 3247/3/4
f 3247/3/4 3246/3/4 3248/3/4
f 3249/3/4 3250/3/4 3251/3/4
f 3251/3/4 3250/3/4 3252/3/4
f 3253/6/4 3254/6/4 3255/6/4
f 3255/6/4 3254/6/4 3256/6/4
f 3257/3/4 3258/3/4 3259/3/4
f 3259/3/4 3258/3/4 3260/3/4
f 3261/3/4 3262/3/4 3263/3/4
f 3263/3/4 3262/3/4 3264/3/4
f 3265/3/4 3266/3/4 3267/3/4
f 3267/3/4 3266/3/4 3268/3/4
f 3269/3/4 3270/3/4 3273/3/4
f 3273/3/4 3270/3/4 3274/3/4
f 3271/3/4 3272/3/4 3275/3/4
f 3275/3/4 3272/3/4 3276/3/4
f 3277/6/4 3278/6/4 3279/6/4
f 3279/6/4 3278/6/4 3280/6/4
f 3281/3/4 3282/3/4 3283/3/4
f 3283/3/4 3282/3/4 3284/3/4
f 3285/3/4 3286/3/4 3287/3/4
f 3287/3/4 3286/3/4 3288/3/4
f 3289/1/4 3290/1/4 3291/1/4
f 3291/1/4 3290/1/4 3292/1/4
f 3293/2/4 3294/2/4 3295/2/4
f 3295/2/4 3294/2/4 3296/2/4
f 3297/1/4 3298/1/4 3299/1/4
f 3299/1/4 3298/1/4 3300/1/4
f 3301/2/4 3302/2/4 3303/2/4
f 3303/2/4 3302/2/4 3304/2/4
f 3305/4/4 3306/4/4 3309/4/4
f 3309/4/4 3306/4/4 3310/4/4
f 3307/4/4 3308/4/4 3311/4/4
f 3311/4/4 3308/4/4 3312/4/4
f 3313/4/4 3314/4/4 3315/4/4
f 3315/4/4 3314/4/4 3316/4/4
f 3317/4/4 3318/4/4 3321/4/4
f 3321/4/4 3318/4/4 3322/4/4
f 3319/4/4 3320/4/4 3323/4/4
f 3323/4/4 3320/4/4 3324/4/4
f 3325/1/4 3326/1/4 3328/1/4
f 3328/1/4 3326/1/4 3329/1/4
f 3329/1/4 3326/1/4 3330/1/4
f 3330/1/4 3326/1/4 3331/1/4
f 3327/1/4 3328/1/4 3335/1/4
f 3328/1/4 3329/1/4 3335/1/4
f 3335/1/4 3329/1/4 3336/1/4
f 3330/1/4 3331/1/4 3337/1/4
f 3331/1/4 3332/1/4 3337/1/4
f 3337/1/4 3332/1/4 3338/1/4
f 3333/4/4 3334/4/4 3339/4/4
f 3339/4/4 3334/4/4 3340/4/4
f 3327/1/4 3335/1/4 3341/1/4
f 3341/1/4 3335/1/4 3342/1/4
f 3338/1/4 3332/1/4 3343/1/4
f 3343/1/4 3332/1/4 3344/1/4
f 3345/6/4 3346/6/4 3347/6/4
f 3347/6/4 3346/6/4 3348/6/4
f 3349/1/4 3350/1/4 3351/1/4
f 3351/1/4 3350/1/4 3352/1/4
f 3353/6/4 3354/6/4 3355/6/4
f 3355/6/4 3354/6/4 3356/6/4
f 3357/4/4 3358/4/4 3361/4/4
f 3361/4/4 3358/4/4 3362/4/4
f 3359/4/4 3360/4/4 3363/4/4
f 3363/4/4 3360/4/4 3364/4/4
f 3365/3/4 3366/3/4 3368/3/4
f 3368/3/4 3366/3/4 3369/3/4
f 3367/3/4 3368/3/4 3371/3/4
f 3369/3/4 3370/3/4 3371/3/4
f 3368/3/4 3369/3/4 3371/3/4
f 3371/3/4 3370/3/4 3372/3/4
f 3372/3/4 3370/3/4 3373/3/4
f 3373/3/4 3370/3/4 3374/3/4
f 3372/3/4 3373/3/4 3375/3/4
f 3375/3/4 3373/3/4 3376/3/4
f 3377/1/4 3378/1/4 3379/1/4
f 3379/1/4 3378/1/4 3380/1/4
f 3381/6/4 3382/6/4 3383/6/4
f 3383/6/4 3382/6/4 3384/6/4
f 3385/2/4 3386/2/4 3388/2/4
f 3388/2/4 3386/2/4 3389/2/4
f 3389/2/4 3386/2/4 3390/2/4
f 3390/2/4 3386/2/4 3391/2/4
f 3387/2/4 3388/2/4 3393/2/4
f 3388/2/4 3389/2/4 3393/2/4
f 3393/2/4 3389/2/4 3394/2/4
f 3391/2/4 3392/2/4 3395/2/4
f 3390/2/4 3391/2/4 3395/2/4
f 3395/2/4 3392/2/4 3396/2/4
f 3396/2/4 3392/2/4 3399/2/4
f 3397/4/4 3398/4/4 3400/4/4
f 3400/4/4 3398/4/4 3401/4/4
f 3387/2/4 3393/2/4 3402/2/4
f 3402/2/4 3393/2/4 3403/2/4
f 3396/2/4 3399/2/4 3404/2/4
f 3404/2/4 3399/2/4 3405/2/4
f 3406/3/4 3407/3/4 3409/3/4
f 3409/3/4 3407/3/4 3410/3/4
f 3408/3/4 3409/3/4 3413/3/4
f 3413/3/4 3409/3/4 3414/3/4
f 3410/3/4 3411/3/4 3415/3/4
f 3415/3/4 3411/3/4 3416/3/4
f 3412/3/4 3413/3/4 3418/3/4
f 3418/3/4 3413/3/4 3419/3/4
f 3416/3/4 3417/3/4 3422/3/4
f 3422/3/4 3417/3/4 3423/3/4
f 3419/3/4 3420/3/4 3424/3/4
f 3424/3/4 3420/3/4 3425/3/4
f 3421/3/4 3422/3/4 3426/3/4
f 3426/3/4 3422/3/4 3427/3/4
f 3425/3/4 3426/3/4 3428/3/4
f 3428/3/4 3426/3/4 3429/3/4
f 3430/6/4 3431/6/4 3432/6/4
f 3432/6/4 3431/6/4 3433/6/4
f 3434/3/4 3435/3/4 3437/3/4
f 3437/3/4 3435/3/4 3438/3/4
f 3436/3/4 3437/3/4 3441/3/4
f 3441/3/4 3437/3/4 3442/3/4
f 3438/3/4 3439/3/4 3443/3/4
f 3443/3/4 3439/3/4 3444/3/4
f 3440/3/4 3441/3/4 3447/3/4
f 3447/3/4 3441/3/4 3448/3/4
f 3444/3/4 3445/3/4 3449/3/4
f 3449/3/4 3445/3/4 3450/3/4
f 3446/3/4 3447/3/4 3452/3/4
f 3452/3/4 3447/3/4 3453/3/4
f 3450/3/4 3451/3/4 3456/3/4
f 3456/3/4 3451/3/4 3457/3/4
f 3453/3/4 3454/3/4 3458/3/4
f 3458/3/4 3454/3/4 3459/3/4
f 3455/3/4 3456/3/4 3462/3/4
f 3462/3/4 3456/3/4 3463/3/4
f 3459/3/4 3460/3/4 3464/3/4
f 3464/3/4 3460/3/4 3465/3/4
f 3461/3/4 3462/3/4 3466/3/4
f 3466/3/4 3462/3/4 3467/3/4
f 3465/3/4 3466/3/4 3468/3/4
f 3468/3/4 3466/3/4 3469/3/4
f 3470/2/4 3471/2/4 3472/2/4
f 3472/2/4 3471/2/4 3473/2/4
f 3474/2/4 3475/2/4 3476/2/4
f 3476/2/4 3475/2/4 3477/2/4
f 3478/3/4 3479/3/4 3480/3/4
f 3480/3/4 3479/3/4 3481/3/4
f 3478/3/4 3480/3/4 3482/3/4
f 3481/3/4 3479/3/4 3483/3/4
f 3483/3/4 3479/3/4 3484/3/4
f 3482/3/4 3483/3/4 3484/3/4
f 3484/3/4 3479/3/4 3485/3/4
f 3482/3/4 3484/3/4 3486/3/4
f 3486/3/4 3484/3/4 3487/3/4
f 3485/3/4 3479/3/4 3488/3/4
f 3488/3/4 3479/3/4 3489/3/4
f 3482/3/4 3486/3/4 3490/3/4
f 3490/3/4 3486/3/4 3491/3/4
f 3489/3/4 3479/3/4 3492/3/4
f 3492/3/4 3479/3/4 3493/3/4
f 3478/3/4 3482/3/4 3494/3/4
f 3482/3/4 3490/3/4 3494/3/4
f 3494/3/4 3490/3/4 3495/3/4
f 3495/3/4 3490/3/4 3496/3/4
f 3496/3/4 3490/3/4 3497/3/4
f 3493/3/4 3479/3/4 3498/3/4
f 3498/3/4 3479/3/4 3499/3/4
f 3478/3/4 3494/3/4 3500/3/4
f 3495/3/4 3496/3/4 3501/3/4
f 3501/3/4 3496/3/4 3502/3/4
f 3500/3/4 3501/3/4 3502/3/4
f 3499/3/4 3479/3/4 3505/3/4
f 3502/3/4 3503/3/4 3506/3/4
f 3504/3/4 3505/3/4 3509/3/4
f 3506/3/4 3507/3/4 3510/3/4
f 3508/3/4 3509/3/4 3513/3/4
f 3510/3/4 3511/3/4 3514/3/4
f 3512/3/4 3513/3/4 3515/3/4
f 3510/3/4 3514/3/4 3516/3/4
f 3514/3/4 3515/3/4 3516/3/4
f 3500/3/4 3502/3/4 3516/3/4
f 3502/3/4 3506/3/4 3516/3/4
f 3506/3/4 3510/3/4 3516/3/4
f 3516/3/4 3515/3/4 3517/3/4
f 3500/3/4 3516/3/4 3518/3/4
f 3518/3/4 3516/3/4 3519/3/4
f 3517/3/4 3515/3/4 3520/3/4
f 3520/3/4 3515/3/4 3521/3/4
f 3500/3/4 3518/3/4 3522/3/4
f 3521/3/4 3515/3/4 3525/3/4
f 3522/3/4 3523/3/4 3526/3/4
f 3524/3/4 3525/3/4 3527/3/4
f 3525/3/4 3515/3/4 3528/3/4
f 3527/3/4 3525/3/4 3528/3/4
f 3528/3/4 3515/3/4 3529/3/4
f 3526/3/4 3527/3/4 3530/3/4
f 3527/3/4 3528/3/4 3530/3/4
f 3530/3/4 3528/3/4 3531/3/4
f 3529/3/4 3515/3/4 3532/3/4
f 3532/3/4 3515/3/4 3533/3/4
f 3526/3/4 3530/3/4 3534/3/4
f 3533/3/4 3515/3/4 3537/3/4
f 3515/3/4 3513/3/4 3538/3/4
f 3505/3/4 3479/3/4 3538/3/4
f 3537/3/4 3515/3/4 3538/3/4
f 3513/3/4 3509/3/4 3538/3/4
f 3509/3/4 3505/3/4 3538/3/4
f 3538/3/4 3479/3/4 3539/3/4
f 3539/3/4 3479/3/4 3540/3/4
f 3540/3/4 3479/3/4 3541/3/4
f 3526/3/4 3534/3/4 3542/3/4
f 3522/3/4 3526/3/4 3542/3/4
f 3534/3/4 3535/3/4 3542/3/4
f 3542/3/4 3535/3/4 3543/3/4
f 3543/3/4 3535/3/4 3544/3/4
f 3536/3/4 3537/3/4 3545/3/4
f 3537/3/4 3538/3/4 3545/3/4
f 3545/3/4 3538/3/4 3546/3/4
f 3539/3/4 3540/3/4 3547/3/4
f 3547/3/4 3540/3/4 3548/3/4
f 3541/3/4 3479/3/4 3549/3/4
f 3500/3/4 3522/3/4 3550/3/4
f 3522/3/4 3542/3/4 3550/3/4
f 3550/3/4 3542/3/4 3551/3/4
f 3543/3/4 3544/3/4 3552/3/4
f 3547/3/4 3548/3/4 3552/3/4
f 3545/3/4 3546/3/4 3552/3/4
f 3546/3/4 3547/3/4 3552/3/4
f 3548/3/4 3549/3/4 3552/3/4
f 3544/3/4 3545/3/4 3552/3/4
f 3552/3/4 3549/3/4 3553/3/4
f 3500/3/4 3550/3/4 3554/3/4
f 3553/3/4 3549/3/4 3557/3/4
f 3557/3/4 3549/3/4 3558/3/4
f 3558/3/4 3549/3/4 3559/3/4
f 3549/3/4 3479/3/4 3560/3/4
f 3559/3/4 3549/3/4 3560/3/4
f 3560/3/4 3479/3/4 3561/3/4
f 3554/3/4 3555/3/4 3562/3/4
f 3556/3/4 3557/3/4 3563/3/4
f 3557/3/4 3558/3/4 3563/3/4
f 3563/3/4 3558/3/4 3564/3/4
f 3559/3/4 3560/3/4 3565/3/4
f 3565/3/4 3560/3/4 3566/3/4
f 3478/3/4 3500/3/4 3568/3/4
f 3566/3/4 3567/3/4 3568/3/4
f 3565/3/4 3566/3/4 3568/3/4
f 3564/3/4 3565/3/4 3568/3/4
f 3563/3/4 3564/3/4 3568/3/4
f 3562/3/4 3563/3/4 3568/3/4
f 3500/3/4 3554/3/4 3568/3/4
f 3554/3/4 3562/3/4 3568/3/4
f 3568/3/4 3567/3/4 3569/3/4
f 3571/6/4 3572/6/4 3576/6/4
f 3572/5/4 3573/5/4 3576/5/4
f 3573/6/4 3574/6/4 3577/6/4
f 3576/5/4 3573/5/4 3577/5/4
f 3571/6/4 3576/6/4 3578/6/4
f 3576/6/4 3577/6/4 3578/6/4
f 3577/6/4 3574/6/4 3579/6/4
f 3578/6/4 3577/6/4 3579/6/4
f 3580/6/4 3581/6/4 3582/6/4
f 3582/6/4 3581/6/4 3583/6/4
f 3584/6/4 3585/6/4 3586/6/4
f 3586/6/4 3585/6/4 3587/6/4
f 3588/4/4 3589/4/4 3591/4/4
f 3591/4/4 3589/4/4 3592/4/4
f 3590/4/4 3591/4/4 3594/4/4
f 3591/6/4 3592/6/4 3595/6/4
f 3594/4/4 3591/4/4 3595/4/4
f 3592/4/4 3593/4/4 3596/4/4
f 3595/6/4 3592/6/4 3596/6/4
f 3596/4/4 3593/4/4 3597/4/4
f 3595/4/4 3596/4/4 3598/4/4
f 3598/4/4 3596/4/4 3599/4/4
f 3600/4/4 3601/4/4 3603/4/4
f 3603/4/4 3601/4/4 3604/4/4
f 3602/4/4 3603/4/4 3606/4/4
f 3603/6/4 3604/6/4 3607/6/4
f 3606/4/4 3603/4/4 3607/4/4
f 3604/4/4 3605/4/4 3608/4/4
f 3607/6/4 3604/6/4 3608/6/4
f 3608/4/4 3605/4/4 3609/4/4
f 3607/4/4 3608/4/4 3612/4/4
f 3612/4/4 3608/4/4 3613/4/4
f 3610/4/4 3611/4/4 3615/4/4
f 3615/4/4 3611/4/4 3616/4/4
f 3614/4/4 3615/4/4 3618/4/4
f 3615/6/4 3616/6/4 3619/6/4
f 3618/4/4 3615/4/4 3619/4/4
f 3616/4/4 3617/4/4 3620/4/4
f 3619/6/4 3616/6/4 3620/6/4
f 3620/4/4 3617/4/4 3621/4/4
f 3579/6/4 3574/6/4 3622/6/4
f 3619/4/4 3620/4/4 3623/4/4
f 3623/4/4 3620/4/4 3624/4/4
f 3622/6/4 3574/6/4 3625/6/4
f 3571/6/4 3578/6/4 3626/6/4
f 3625/6/4 3574/6/4 3627/6/4
f 3571/6/4 3626/6/4 3628/6/4
f 3626/6/4 3627/6/4 3628/6/4
f 3627/6/4 3574/6/4 3629/6/4
f 3628/6/4 3627/6/4 3629/6/4
f 3570/5/4 3571/5/4 3630/5/4
f 3571/6/4 3628/6/4 3631/6/4
f 3630/5/4 3571/5/4 3631/5/4
f 3628/5/4 3629/5/4 3632/5/4
f 3631/6/4 3628/6/4 3632/6/4
f 3629/6/4 3574/6/4 3633/6/4
f 3632/5/4 3629/5/4 3633/5/4
f 3574/5/4 3575/5/4 3634/5/4
f 3633/6/4 3574/6/4 3634/6/4
f 3634/5/4 3575/5/4 3635/5/4
f 3636/6/4 3637/6/4 3638/6/4
f 3638/6/4 3637/6/4 3639/6/4
f 3640/6/4 3641/6/4 3642/6/4
f 3642/6/4 3641/6/4 3643/6/4
f 3644/1/4 3645/1/4 3648/1/4
f 3648/1/4 3645/1/4 3649/1/4
f 3646/1/4 3647/1/4 3650/1/4
f 3650/1/4 3647/1/4 3651/1/4
f 3652/6/4 3653/6/4 3654/6/4
f 3654/6/4 3653/6/4 3655/6/4
f 3656/6/4 3657/6/4 3658/6/4
f 3658/6/4 3657/6/4 3659/6/4
f 3660/1/4 3661/1/4 3662/1/4
f 3662/1/4 3661/1/4 3663/1/4
f 3664/2/4 3665/2/4 3668/2/4
f 3668/2/4 3665/2/4 3669/2/4
f 3666/2/4 3667/2/4 3670/2/4
f 3670/2/4 3667/2/4 3671/2/4
f 3672/6/4 3673/6/4 3674/6/4
f 3674/6/4 3673/6/4 3675/6/4
f 3676/2/4 3677/2/4 3678/2/4
f 3678/2/4 3677/2/4 3679/2/4
f 3682/6/5 3681/6/5 3680/6/5
f 3683/6/5 3681/6/5 3682/6/5
f 3686/2/5 3685/2/5 3684/2/5
f 3687/2/5 3685/2/5 3686/2/5
f 3692/6/5 3689/6/5 3688/6/5
f 3693/6/5 3689/6/5 3692/6/5
f 3694/6/5 3691/6/5 3690/6/5
f 3695/6/5 3691/6/5 3694/6/5
f 3700/2/5 3697/2/5 3696/2/5
f 3701/2/5 3697/2/5 3700/2/5
f 3702/1/5 3699/1/5 3698/1/5
f 3703/1/5 3699/1/5 3702/1/5
f 3706/2/5 3705/2/5 3704/2/5
f 3707/2/5 3705/2/5 3706/2/5
f 3712/6/5 3709/6/5 3708/6/5
f 3713/6/5 3709/6/5 3712/6/5
f 3714/6/5 3711/6/5 3710/6/5
f 3715/6/5 3711/6/5 3714/6/5
f 3718/1/5 3717/1/5 3716/1/5
f 3719/1/5 3717/1/5 3718/1/5
f 3722/1/5 3721/1/5 3720/1/5
f 3723/1/5 3721/1/5 3722/1/5
f 3726/5/5 3725/5/5 3724/5/5
f 3727/5/5 3725/5/5 3726/5/5
f 3728/6/5 3727/6/5 3726/6/5
f 3729/6/5 3727/6/5 3728/6/5
f 3738/6/5 3731/6/5 3730/6/5
f 3739/6/5 3731/6/5 3738/6/5
f 3740/6/5 3733/6/5 3732/6/5
f 3741/6/5 3733/6/5 3740/6/5
f 3743/4/5 3735/4/5 3734/4/5
f 3744/4/5 3735/4/5 3743/4/5
f 3747/4/5 3737/4/5 3736/4/5
f 3748/4/5 3737/4/5 3747/4/5
f 3750/4/5 3743/4/5 3742/4/5
f 3751/6/5 3744/6/5 3743/6/5
f 3751/4/5 3743/4/5 3750/4/5
f 3752/4/5 3745/4/5 3744/4/5
f 3752/6/5 3744/6/5 3751/6/5
f 3753/4/5 3745/4/5 3752/4/5
f 3754/4/5 3747/4/5 3746/4/5
f 3755/6/5 3748/6/5 3747/6/5
f 3755/4/5 3747/4/5 3754/4/5
f 3756/4/5 3749/4/5 3748/4/5
f 3756/6/5 3748/6/5 3755/6/5
f 3757/4/5 3749/4/5 3756/4/5
f 3758/4/5 3752/4/5 3751/4/5
f 3759/4/5 3752/4/5 3758/4/5
f 3760/4/5 3756/4/5 3755/4/5
f 3761/4/5 3756/4/5 3760/4/5
f 3765/4/5 3763/4/5 3762/4/5
f 3766/4/5 3763/4/5 3765/4/5
f 3768/4/5 3765/4/5 3764/4/5
f 3769/6/5 3766/6/5 3765/6/5
f 3769/4/5 3765/4/5 3768/4/5
f 3770/4/5 3767/4/5 3766/4/5
f 3770/6/5 3766/6/5 3769/6/5
f 3771/4/5 3767/4/5 3770/4/5
f 3772/4/5 3770/4/5 3769/4/5
f 3773/4/5 3770/4/5 3772/4/5
f 3774/6/5 3728/6/5 3726/6/5
f 3777/6/5 3727/6/5 3729/6/5
f 3778/5/5 3726/5/5 3724/5/5
f 3778/6/5 3777/6/5 3776/6/5
f 3778/6/5 3774/6/5 3726/6/5
f 3778/6/5 3776/6/5 3775/6/5
f 3778/6/5 3775/6/5 3774/6/5
f 3779/6/5 3727/6/5 3777/6/5
f 3779/6/5 3777/6/5 3778/6/5
f 3779/5/5 3725/5/5 3727/5/5
f 3780/5/5 3778/5/5 3724/5/5
f 3780/5/5 3779/5/5 3778/5/5
f 3781/5/5 3725/5/5 3779/5/5
f 3781/5/5 3779/5/5 3780/5/5
f 3784/3/5 3783/3/5 3782/3/5
f 3785/3/5 3783/3/5 3784/3/5
f 3786/3/5 3783/3/5 3785/3/5
f 3787/3/5 3783/3/5 3786/3/5
f 3788/3/5 3783/3/5 3787/3/5
f 3789/3/5 3783/3/5 3788/3/5
f 3790/3/5 3783/3/5 3789/3/5
f 3791/3/5 3783/3/5 3790/3/5
f 3792/3/5 3784/3/5 3782/3/5
f 3793/3/5 3786/3/5 3785/3/5
f 3794/3/5 3786/3/5 3793/3/5
f 3795/3/5 3788/3/5 3787/3/5
f 3796/3/5 3788/3/5 3795/3/5
f 3797/3/5 3788/3/5 3796/3/5
f 3798/3/5 3790/3/5 3789/3/5
f 3799/3/5 3790/3/5 3798/3/5
f 3800/3/5 3790/3/5 3799/3/5
f 3801/3/5 3790/3/5 3800/3/5
f 3802/3/5 3783/3/5 3791/3/5
f 3803/3/5 3783/3/5 3802/3/5
f 3804/3/5 3794/3/5 3793/3/5
f 3804/3/5 3793/3/5 3792/3/5
f 3804/3/5 3795/3/5 3794/3/5
f 3804/3/5 3796/3/5 3795/3/5
f 3807/3/5 3800/3/5 3799/3/5
f 3808/3/5 3800/3/5 3807/3/5
f 3811/3/5 3783/3/5 3803/3/5
f 3812/3/5 3805/3/5 3804/3/5
f 3813/3/5 3809/3/5 3808/3/5
f 3813/3/5 3807/3/5 3806/3/5
f 3813/3/5 3808/3/5 3807/3/5
f 3814/3/5 3809/3/5 3813/3/5
f 3815/3/5 3811/3/5 3810/3/5
f 3816/3/5 3814/3/5 3813/3/5
f 3816/3/5 3815/3/5 3814/3/5
f 3816/3/5 3813/3/5 3812/3/5
f 3817/3/5 3815/3/5 3816/3/5
f 3818/3/5 3816/3/5 3812/3/5
f 3819/3/5 3816/3/5 3818/3/5
f 3820/3/5 3815/3/5 3817/3/5
f 3821/3/5 3815/3/5 3820/3/5
f 3822/3/5 3818/3/5 3812/3/5
f 3825/3/5 3815/3/5 3821/3/5
f 3826/3/5 3823/3/5 3822/3/5
f 3827/3/5 3825/3/5 3824/3/5
f 3828/3/5 3812/3/5 3804/3/5
f 3828/3/5 3827/3/5 3826/3/5
f 3828/3/5 3804/3/5 3792/3/5
f 3828/3/5 3826/3/5 3822/3/5
f 3828/3/5 3822/3/5 3812/3/5
f 3829/3/5 3827/3/5 3828/3/5
f 3830/3/5 3828/3/5 3792/3/5
f 3831/3/5 3828/3/5 3830/3/5
f 3832/3/5 3827/3/5 3829/3/5
f 3833/3/5 3827/3/5 3832/3/5
f 3834/3/5 3830/3/5 3792/3/5
f 3835/3/5 3830/3/5 3834/3/5
f 3836/3/5 3827/3/5 3833/3/5
f 3837/3/5 3827/3/5 3836/3/5
f 3838/3/5 3834/3/5 3792/3/5
f 3839/3/5 3834/3/5 3838/3/5
f 3840/3/5 3827/3/5 3837/3/5
f 3841/3/5 3827/3/5 3840/3/5
f 3842/3/5 3838/3/5 3792/3/5
f 3845/3/5 3827/3/5 3841/3/5
f 3846/3/5 3843/3/5 3842/3/5
f 3849/3/5 3845/3/5 3844/3/5
f 3850/3/5 3847/3/5 3846/3/5
f 3853/3/5 3849/3/5 3848/3/5
f 3854/3/5 3851/3/5 3850/3/5
f 3855/3/5 3853/3/5 3852/3/5
f 3856/3/5 3825/3/5 3827/3/5
f 3856/3/5 3827/3/5 3845/3/5
f 3856/3/5 3853/3/5 3855/3/5
f 3856/3/5 3845/3/5 3849/3/5
f 3856/3/5 3849/3/5 3853/3/5
f 3857/3/5 3815/3/5 3825/3/5
f 3857/3/5 3825/3/5 3856/3/5
f 3858/3/5 3811/3/5 3815/3/5
f 3858/3/5 3815/3/5 3857/3/5
f 3859/3/5 3783/3/5 3811/3/5
f 3859/3/5 3811/3/5 3858/3/5
f 3860/3/5 3855/3/5 3854/3/5
f 3860/3/5 3856/3/5 3855/3/5
f 3861/3/5 3858/3/5 3857/3/5
f 3862/3/5 3858/3/5 3861/3/5
f 3863/3/5 3783/3/5 3859/3/5
f 3864/3/5 3862/3/5 3861/3/5
f 3864/3/5 3863/3/5 3862/3/5
f 3864/3/5 3860/3/5 3854/3/5
f 3864/3/5 3861/3/5 3860/3/5
f 3865/3/5 3863/3/5 3864/3/5
f 3866/3/5 3864/3/5 3854/3/5
f 3867/3/5 3863/3/5 3865/3/5
f 3868/3/5 3863/3/5 3867/3/5
f 3868/3/5 3867/3/5 3866/3/5
f 3869/3/5 3783/3/5 3863/3/5
f 3869/3/5 3863/3/5 3868/3/5
f 3870/3/5 3868/3/5 3866/3/5
f 3870/3/5 3792/3/5 3782/3/5
f 3870/3/5 3850/3/5 3846/3/5
f 3870/3/5 3866/3/5 3854/3/5
f 3870/3/5 3854/3/5 3850/3/5
f 3870/3/5 3842/3/5 3792/3/5
f 3870/3/5 3846/3/5 3842/3/5
f 3871/3/5 3868/3/5 3870/3/5
f 3872/3/5 3783/3/5 3869/3/5
f 3873/3/5 3783/3/5 3872/3/5
f 3877/3/5 3875/3/5 3874/3/5
f 3878/3/5 3875/3/5 3877/3/5
f 3881/3/5 3877/3/5 3876/3/5
f 3882/3/5 3877/3/5 3881/3/5
f 3883/3/5 3879/3/5 3878/3/5
f 3884/3/5 3879/3/5 3883/3/5
f 3887/3/5 3881/3/5 3880/3/5
f 3888/3/5 3881/3/5 3887/3/5
f 3889/3/5 3885/3/5 3884/3/5
f 3890/3/5 3885/3/5 3889/3/5
f 3892/3/5 3887/3/5 3886/3/5
f 3893/3/5 3887/3/5 3892/3/5
f 3896/3/5 3891/3/5 3890/3/5
f 3897/3/5 3891/3/5 3896/3/5
f 3898/3/5 3894/3/5 3893/3/5
f 3899/3/5 3894/3/5 3898/3/5
f 3902/3/5 3896/3/5 3895/3/5
f 3903/3/5 3896/3/5 3902/3/5
f 3904/3/5 3900/3/5 3899/3/5
f 3905/3/5 3900/3/5 3904/3/5
f 3906/3/5 3902/3/5 3901/3/5
f 3907/3/5 3902/3/5 3906/3/5
f 3908/3/5 3906/3/5 3905/3/5
f 3909/3/5 3906/3/5 3908/3/5
f 3913/3/5 3911/3/5 3910/3/5
f 3914/3/5 3911/3/5 3913/3/5
f 3917/3/5 3913/3/5 3912/3/5
f 3918/3/5 3913/3/5 3917/3/5
f 3919/3/5 3915/3/5 3914/3/5
f 3920/3/5 3915/3/5 3919/3/5
f 3922/3/5 3917/3/5 3916/3/5
f 3923/3/5 3917/3/5 3922/3/5
f 3926/3/5 3921/3/5 3920/3/5
f 3927/3/5 3921/3/5 3926/3/5
f 3928/3/5 3924/3/5 3923/3/5
f 3929/3/5 3924/3/5 3928/3/5
f 3930/3/5 3926/3/5 3925/3/5
f 3931/3/5 3926/3/5 3930/3/5
f 3932/3/5 3930/3/5 3929/3/5
f 3933/3/5 3930/3/5 3932/3/5
f 3937/6/5 3935/6/5 3934/6/5
f 3938/6/5 3935/6/5 3937/6/5
f 3941/6/5 3937/6/5 3936/6/5
f 3941/6/5 3939/6/5 3938/6/5
f 3941/6/5 3938/6/5 3937/6/5
f 3942/6/5 3939/6/5 3941/6/5
f 3943/6/5 3939/6/5 3942/6/5
f 3944/6/5 3939/6/5 3943/6/5
f 3947/6/5 3941/6/5 3940/6/5
f 3947/6/5 3942/6/5 3941/6/5
f 3948/6/5 3942/6/5 3947/6/5
f 3949/6/5 3942/6/5 3948/6/5
f 3950/6/5 3944/6/5 3943/6/5
f 3950/6/5 3945/6/5 3944/6/5
f 3951/6/5 3945/6/5 3950/6/5
f 3952/6/5 3945/6/5 3951/6/5
f 3954/6/5 3948/6/5 3947/6/5
f 3954/6/5 3947/6/5 3946/6/5
f 3955/6/5 3948/6/5 3954/6/5
f 3956/6/5 3953/6/5 3952/6/5
f 3956/6/5 3952/6/5 3951/6/5
f 3957/6/5 3953/6/5 3956/6/5
f 3961/6/5 3959/6/5 3958/6/5
f 3963/6/5 3961/6/5 3960/6/5
f 3965/6/5 3963/6/5 3962/6/5
f 3966/6/5 3959/6/5 3961/6/5
f 3966/6/5 3965/6/5 3964/6/5
f 3966/6/5 3963/6/5 3965/6/5
f 3966/6/5 3961/6/5 3963/6/5
f 3967/6/5 3959/6/5 3966/6/5
f 3968/6/5 3966/6/5 3964/6/5
f 3969/6/5 3966/6/5 3968/6/5
f 3970/6/5 3968/6/5 3964/6/5
f 3972/6/5 3971/6/5 3970/6/5
f 3974/6/5 3972/6/5 3970/6/5
f 3974/6/5 3973/6/5 3972/6/5
f 3974/6/5 3970/6/5 3964/6/5
f 3975/6/5 3973/6/5 3974/6/5
f 3976/6/5 3973/6/5 3975/6/5
f 3977/6/5 3973/6/5 3976/6/5
f 3980/6/5 3973/6/5 3977/6/5
f 3981/6/5 3973/6/5 3980/6/5
f 3982/6/5 3979/6/5 3978/6/5
f 3984/6/5 3973/6/5 3981/6/5
f 3985/6/5 3973/6/5 3984/6/5
f 3986/6/5 3983/6/5 3982/6/5
f 3988/6/5 3987/6/5 3986/6/5
f 3990/6/5 3986/6/5 3982/6/5
f 3990/6/5 3989/6/5 3988/6/5
f 3990/6/5 3988/6/5 3986/6/5
f 3990/6/5 3982/6/5 3978/6/5
f 3991/6/5 3989/6/5 3990/6/5
f 3992/6/5 3989/6/5 3991/6/5
f 3993/6/5 3989/6/5 3992/6/5
f 3995/6/5 3989/6/5 3993/6/5
f 3997/6/5 3995/6/5 3994/6/5
f 3998/6/5 3989/6/5 3995/6/5
f 3998/6/5 3997/6/5 3996/6/5
f 3998/6/5 3995/6/5 3997/6/5
f 3999/6/5 3989/6/5 3998/6/5
f 4000/6/5 3998/6/5 3996/6/5
f 4001/6/5 3998/6/5 4000/6/5
f 4002/6/5 4000/6/5 3996/6/5
f 4003/6/5 4000/6/5 4002/6/5
f 4004/6/5 4002/6/5 3996/6/5
f 4005/6/5 4002/6/5 4004/6/5
f 4010/6/5 4007/6/5 4006/6/5
f 4011/6/5 4007/6/5 4010/6/5
f 4012/6/5 4007/6/5 4011/6/5
f 4015/6/5 4009/6/5 4008/6/5
f 4016/6/5 4009/6/5 4015/6/5
f 4017/6/5 4009/6/5 4016/6/5
f 4018/6/5 4013/6/5 4012/6/5
f 4018/6/5 4012/6/5 4011/6/5
f 4019/6/5 4013/6/5 4018/6/5
f 4020/6/5 4013/6/5 4019/6/5
f 4021/6/5 4016/6/5 4015/6/5
f 4021/6/5 4015/6/5 4014/6/5
f 4022/6/5 4016/6/5 4021/6/5
f 4023/6/5 4016/6/5 4022/6/5
f 4024/6/5 4020/6/5 4019/6/5
f 4024/6/5 4022/6/5 4021/6/5
f 4024/6/5 4021/6/5 4020/6/5
f 4025/6/5 4022/6/5 4024/6/5
f 4026/6/5 4022/6/5 4025/6/5
f 4027/6/5 4022/6/5 4026/6/5
f 4028/6/5 4026/6/5 4025/6/5
f 4029/6/5 4026/6/5 4028/6/5
f 4034/4/5 4031/4/5 4030/4/5
f 4035/4/5 4031/4/5 4034/4/5
f 4036/4/5 4033/4/5 4032/4/5
f 4037/4/5 4033/4/5 4036/4/5
f 4040/4/5 4039/4/5 4038/4/5
f 4041/4/5 4039/4/5 4040/4/5
f 4044/4/5 4043/4/5 4042/4/5
f 4045/4/5 4043/4/5 4044/4/5
f 4049/3/5 4047/3/5 4046/3/5
f 4050/3/5 4047/3/5 4049/3/5
f 4053/3/5 4049/3/5 4048/3/5
f 4053/3/5 4051/3/5 4050/3/5
f 4053/3/5 4050/3/5 4049/3/5
f 4054/3/5 4051/3/5 4053/3/5
f 4057/3/5 4053/3/5 4052/3/5
f 4057/3/5 4055/3/5 4054/3/5
f 4057/3/5 4054/3/5 4053/3/5
f 4058/3/5 4055/3/5 4057/3/5
f 4060/3/5 4057/3/5 4056/3/5
f 4060/3/5 4059/3/5 4058/3/5
f 4060/3/5 4058/3/5 4057/3/5
f 4061/3/5 4059/3/5 4060/3/5
f 4062/3/5 4059/3/5 4061/3/5
f 4063/3/5 4059/3/5 4062/3/5
f 4064/3/5 4062/3/5 4061/3/5
f 4065/3/5 4062/3/5 4064/3/5
f 4066/3/5 4062/3/5 4065/3/5
f 4067/3/5 4062/3/5 4066/3/5
f 4068/3/5 4066/3/5 4065/3/5
f 4069/3/5 4066/3/5 4068/3/5
f 4070/3/5 4066/3/5 4069/3/5
f 4071/3/5 4066/3/5 4070/3/5
f 4072/3/5 4070/3/5 4069/3/5
f 4073/3/5 4070/3/5 4072/3/5
f 4076/4/5 4075/4/5 4074/4/5
f 4077/4/5 4075/4/5 4076/4/5
f 4080/4/5 4079/4/5 4078/4/5
f 4081/4/5 4079/4/5 4080/4/5
f 4086/4/5 4083/4/5 4082/4/5
f 4087/4/5 4083/4/5 4086/4/5
f 4088/4/5 4085/4/5 4084/4/5
f 4089/4/5 4085/4/5 4088/4/5
f 4098/4/5 4091/4/5 4090/4/5
f 4099/4/5 4091/4/5 4098/4/5
f 4100/4/5 4093/4/5 4092/4/5
f 4101/4/5 4093/4/5 4100/4/5
f 4102/4/5 4095/4/5 4094/4/5
f 4103/4/5 4095/4/5 4102/4/5
f 4104/4/5 4097/4/5 4096/4/5
f 4105/4/5 4097/4/5 4104/4/5
f 4108/4/5 4107/4/5 4106/4/5
f 4109/4/5 4107/4/5 4108/4/5
f 4112/4/5 4111/4/5 4110/4/5
f 4113/4/5 4111/4/5 4112/4/5
f 4116/4/5 4115/4/5 4114/4/5
f 4117/4/5 4115/4/5 4116/4/5
f 4120/4/5 4119/4/5 4118/4/5
f 4121/4/5 4119/4/5 4120/4/5
f 4124/4/5 4123/4/5 4122/4/5
f 4125/4/5 4123/4/5 4124/4/5
f 4128/4/5 4127/4/5 4126/4/5
f 4129/4/5 4127/4/5 4128/4/5
f 4132/4/5 4131/4/5 4130/4/5
f 4133/4/5 4131/4/5 4132/4/5
f 4136/4/5 4135/4/5 4134/4/5
f 4137/4/5 4135/4/5 4136/4/5
f 4146/4/5 4139/4/5 4138/4/5
f 4147/4/5 4139/4/5 4146/4/5
f 4148/4/5 4141/4/5 4140/4/5
f 4149/4/5 4141/4/5 4148/4/5
f 4150/4/5 4143/4/5 4142/4/5
f 4151/4/5 4143/4/5 4150/4/5
f 4152/4/5 4145/4/5 4144/4/5
f 4153/4/5 4145/4/5 4152/4/5
f 4156/4/5 4155/4/5 4154/4/5
f 4157/4/5 4155/4/5 4156/4/5
f 4160/4/5 4159/4/5 4158/4/5
f 4161/4/5 4159/4/5 4160/4/5
f 4164/4/5 4163/4/5 4162/4/5
f 4165/4/5 4163/4/5 4164/4/5
f 4168/4/5 4167/4/5 4166/4/5
f 4169/4/5 4167/4/5 4168/4/5
f 4174/4/5 4171/4/5 4170/4/5
f 4175/4/5 4171/4/5 4174/4/5
f 4176/4/5 4173/4/5 4172/4/5
f 4177/4/5 4173/4/5 4176/4/5
f 4180/4/5 4179/4/5 4178/4/5
f 4181/4/5 4179/4/5 4180/4/5
f 4184/4/5 4183/4/5 4182/4/5
f 4185/4/5 4183/4/5 4184/4/5
f 4188/4/5 4187/4/5 4186/4/5
f 4189/4/5 4187/4/5 4188/4/5
f 4192/4/5 4191/4/5 4190/4/5
f 4193/4/5 4191/4/5 4192/4/5
f 4198/4/5 4195/4/5 4194/4/5
f 4199/4/5 4195/4/5 4198/4/5
f 4200/4/5 4197/4/5 4196/4/5
f 4201/4/5 4197/4/5 4200/4/5
f 4206/3/5 4203/3/5 4202/3/5
f 4207/3/5 4203/3/5 4206/3/5
f 4208/3/5 4205/3/5 4204/3/5
f 4209/3/5 4205/3/5 4208/3/5
f 4212/3/5 4211/3/5 4210/3/5
f 4213/3/5 4211/3/5 4212/3/5
f 4216/3/5 4215/3/5 4214/3/5
f 4217/3/5 4215/3/5 4216/3/5
f 4220/3/5 4219/3/5 4218/3/5
f 4221/3/5 4219/3/5 4220/3/5
f 4224/3/5 4223/3/5 4222/3/5
f 4225/3/5 4223/3/5 4224/3/5
f 4230/3/5 4227/3/5 4226/3/5
f 4231/3/5 4227/3/5 4230/3/5
f 4234/3/5 4229/3/5 4228/3/5
f 4235/3/5 4229/3/5 4234/3/5
f 4236/3/5 4232/3/5 4231/3/5
f 4237/3/5 4232/3/5 4236/3/5
f 4240/3/5 4234/3/5 4233/3/5
f 4241/3/5 4234/3/5 4240/3/5
f 4242/3/5 4238/3/5 4237/3/5
f 4243/3/5 4238/3/5 4242/3/5
f 4244/3/5 4240/3/5 4239/3/5
f 4245/3/5 4240/3/5 4244/3/5
f 4258/3/5 4247/3/5 4246/3/5
f 4259/3/5 4247/3/5 4258/3/5
f 4260/3/5 4249/3/5 4248/3/5
f 4261/3/5 4249/3/5 4260/3/5
f 4262/3/5 4249/3/5 4261/3/5
f 4263/3/5 4251/3/5 4250/3/5
f 4264/3/5 4251/3/5 4263/3/5
f 4265/3/5 4253/3/5 4252/3/5
f 4266/3/5 4253/3/5 4265/3/5
f 4267/3/5 4255/3/5 4254/3/5
f 4268/3/5 4255/3/5 4267/3/5
f 4269/3/5 4257/3/5 4256/3/5
f 4270/3/5 4257/3/5 4269/3/5
f 4271/3/5 4260/3/5 4259/3/5
f 4272/3/5 4260/3/5 4271/3/5
f 4274/3/5 4269/3/5 4268/3/5
f 4275/3/5 4269/3/5 4274/3/5
f 4276/3/5 4274/3/5 4273/3/5
f 4277/3/5 4274/3/5 4276/3/5
f 4283/3/5 4279/3/5 4278/3/5
f 4284/3/5 4279/3/5 4283/3/5
f 4285/3/5 4281/3/5 4280/3/5
f 4286/3/5 4281/3/5 4285/3/5
f 4289/3/5 4283/3/5 4282/3/5
f 4290/3/5 4283/3/5 4289/3/5
f 4300/3/5 4287/3/5 4286/3/5
f 4301/3/5 4287/3/5 4300/3/5
f 4303/3/5 4289/3/5 4288/3/5
f 4304/3/5 4289/3/5 4303/3/5
f 4305/3/5 4292/3/5 4291/3/5
f 4306/3/5 4292/3/5 4305/3/5
f 4307/3/5 4294/3/5 4293/3/5
f 4308/3/5 4294/3/5 4307/3/5
f 4309/3/5 4296/3/5 4295/3/5
f 4310/3/5 4296/3/5 4309/3/5
f 4311/3/5 4298/3/5 4297/3/5
f 4312/3/5 4298/3/5 4311/3/5
f 4313/3/5 4300/3/5 4299/3/5
f 4314/3/5 4300/3/5 4313/3/5
f 4315/3/5 4302/3/5 4301/3/5
f 4316/3/5 4302/3/5 4315/3/5
f 4322/3/5 4318/3/5 4317/3/5
f 4323/3/5 4318/3/5 4322/3/5
f 4324/3/5 4320/3/5 4319/3/5
f 4325/3/5 4320/3/5 4324/3/5
f 4328/3/5 4322/3/5 4321/3/5
f 4329/3/5 4322/3/5 4328/3/5
f 4330/3/5 4326/3/5 4325/3/5
f 4331/3/5 4326/3/5 4330/3/5
f 4333/3/5 4328/3/5 4327/3/5
f 4334/3/5 4328/3/5 4333/3/5
f 4335/3/5 4332/3/5 4331/3/5
f 4336/3/5 4332/3/5 4335/3/5
f 4341/3/5 4338/3/5 4337/3/5
f 4342/3/5 4338/3/5 4341/3/5
f 4345/3/5 4340/3/5 4339/3/5
f 4346/3/5 4340/3/5 4345/3/5
f 4347/3/5 4343/3/5 4342/3/5
f 4348/3/5 4343/3/5 4347/3/5
f 4349/3/5 4345/3/5 4344/3/5
f 4350/3/5 4345/3/5 4349/3/5
f 4351/3/5 4349/3/5 4348/3/5
f 4352/3/5 4349/3/5 4351/3/5
f 4365/3/5 4354/3/5 4353/3/5
f 4366/3/5 4354/3/5 4365/3/5
f 4367/3/5 4356/3/5 4355/3/5
f 4368/3/5 4356/3/5 4367/3/5
f 4369/3/5 4358/3/5 4357/3/5
f 4370/3/5 4358/3/5 4369/3/5
f 4371/3/5 4360/3/5 4359/3/5
f 4372/3/5 4360/3/5 4371/3/5
f 4373/3/5 4362/3/5 4361/3/5
f 4374/3/5 4362/3/5 4373/3/5
f 4375/3/5 4364/3/5 4363/3/5
f 4376/3/5 4364/3/5 4375/3/5
f 4377/3/5 4367/3/5 4366/3/5
f 4378/3/5 4367/3/5 4377/3/5
f 4380/3/5 4375/3/5 4374/3/5
f 4381/3/5 4375/3/5 4380/3/5
f 4383/3/5 4367/3/5 4378/3/5
f 4384/3/5 4367/3/5 4383/3/5
f 4385/3/5 4380/3/5 4379/3/5
f 4386/3/5 4380/3/5 4385/3/5
f 4389/3/5 4383/3/5 4382/3/5
f 4390/3/5 4383/3/5 4389/3/5
f 4398/3/5 4387/3/5 4386/3/5
f 4399/3/5 4387/3/5 4398/3/5
f 4401/3/5 4389/3/5 4388/3/5
f 4402/3/5 4389/3/5 4401/3/5
f 4403/3/5 4392/3/5 4391/3/5
f 4404/3/5 4392/3/5 4403/3/5
f 4405/3/5 4394/3/5 4393/3/5
f 4406/3/5 4394/3/5 4405/3/5
f 4407/3/5 4396/3/5 4395/3/5
f 4408/3/5 4396/3/5 4407/3/5
f 4409/3/5 4398/3/5 4397/3/5
f 4410/3/5 4398/3/5 4409/3/5
f 4411/3/5 4400/3/5 4399/3/5
f 4412/3/5 4400/3/5 4411/3/5
f 4416/3/5 4414/3/5 4413/3/5
f 4417/3/5 4414/3/5 4416/3/5
f 4420/3/5 4416/3/5 4415/3/5
f 4421/3/5 4416/3/5 4420/3/5
f 4422/3/5 4418/3/5 4417/3/5
f 4423/3/5 4418/3/5 4422/3/5
f 4425/3/5 4420/3/5 4419/3/5
f 4426/3/5 4420/3/5 4425/3/5
f 4427/3/5 4424/3/5 4423/3/5
f 4428/3/5 4424/3/5 4427/3/5
f 4433/3/5 4430/3/5 4429/3/5
f 4434/3/5 4430/3/5 4433/3/5
f 4435/3/5 4432/3/5 4431/3/5
f 4436/3/5 4432/3/5 4435/3/5
f 4437/3/5 4435/3/5 4434/3/5
f 4438/3/5 4435/3/5 4437/3/5
f 4451/3/5 4440/3/5 4439/3/5
f 4452/3/5 4440/3/5 4451/3/5
f 4454/3/5 4442/3/5 4441/3/5
f 4455/3/5 4442/3/5 4454/3/5
f 4456/3/5 4444/3/5 4443/3/5
f 4457/3/5 4444/3/5 4456/3/5
f 4458/3/5 4446/3/5 4445/3/5
f 4459/3/5 4446/3/5 4458/3/5
f 4460/3/5 4448/3/5 4447/3/5
f 4461/3/5 4448/3/5 4460/3/5
f 4462/3/5 4450/3/5 4449/3/5
f 4463/3/5 4450/3/5 4462/3/5
f 4465/3/5 4453/3/5 4452/3/5
f 4466/3/5 4453/3/5 4465/3/5
f 4474/3/5 4462/3/5 4461/3/5
f 4475/3/5 4462/3/5 4474/3/5
f 4477/3/5 4465/3/5 4464/3/5
f 4478/3/5 4465/3/5 4477/3/5
f 4479/3/5 4468/3/5 4467/3/5
f 4480/3/5 4468/3/5 4479/3/5
f 4481/3/5 4470/3/5 4469/3/5
f 4482/3/5 4470/3/5 4481/3/5
f 4483/3/5 4472/3/5 4471/3/5
f 4484/3/5 4472/3/5 4483/3/5
f 4485/3/5 4474/3/5 4473/3/5
f 4486/3/5 4474/3/5 4485/3/5
f 4487/3/5 4476/3/5 4475/3/5
f 4488/3/5 4476/3/5 4487/3/5
f 4492/3/5 4490/3/5 4489/3/5
f 4493/3/5 4490/3/5 4492/3/5
f 4495/3/5 4492/3/5 4491/3/5
f 4496/3/5 4492/3/5 4495/3/5
f 4497/3/5 4494/3/5 4493/3/5
f 4498/3/5 4494/3/5 4497/3/5
f 4503/2/5 4500/2/5 4499/2/5
f 4504/2/5 4500/2/5 4503/2/5
f 4505/1/5 4502/1/5 4501/1/5
f 4506/1/5 4502/1/5 4505/1/5
f 4509/3/5 4508/3/5 4507/3/5
f 4510/3/5 4508/3/5 4509/3/5
f 4513/2/5 4512/2/5 4511/2/5
f 4514/2/5 4512/2/5 4513/2/5
f 4517/1/5 4516/1/5 4515/1/5
f 4518/1/5 4516/1/5 4517/1/5
f 4531/3/5 4522/3/5 4521/3/5
f 4532/3/5 4522/3/5 4531/3/5
f 4533/3/5 4520/3/5 4519/3/5
f 4534/3/5 4520/3/5 4533/3/5
f 4535/3/5 4522/3/5 4532/3/5
f 4536/3/5 4522/3/5 4535/3/5
f 4537/3/5 4524/3/5 4523/3/5
f 4538/3/5 4524/3/5 4537/3/5
f 4539/3/5 4526/3/5 4525/3/5
f 4540/3/5 4526/3/5 4539/3/5
f 4541/3/5 4528/3/5 4527/3/5
f 4542/3/5 4528/3/5 4541/3/5
f 4543/3/5 4530/3/5 4529/3/5
f 4544/3/5 4530/3/5 4543/3/5
f 4547/1/5 4546/1/5 4545/1/5
f 4548/1/5 4546/1/5 4547/1/5
f 4551/2/5 4550/2/5 4549/2/5
f 4552/2/5 4550/2/5 4551/2/5
f 4555/3/5 4554/3/5 4553/3/5
f 4556/3/5 4554/3/5 4555/3/5
f 4561/1/5 4558/1/5 4557/1/5
f 4562/1/5 4558/1/5 4561/1/5
f 4563/2/5 4560/2/5 4559/2/5
f 4564/2/5 4560/2/5 4563/2/5
f 4567/2/5 4566/2/5 4565/2/5
f 4568/2/5 4566/2/5 4567/2/5
f 4571/1/5 4570/1/5 4569/1/5
f 4572/1/5 4570/1/5 4571/1/5
f 4575/2/5 4574/2/5 4573/2/5
f 4576/2/5 4574/2/5 4575/2/5
f 4579/1/5 4578/1/5 4577/1/5
f 4580/1/5 4578/1/5 4579/1/5
f 4583/1/5 4582/1/5 4581/1/5
f 4584/1/5 4582/1/5 4583/1/5
f 4587/2/5 4586/2/5 4585/2/5
f 4588/2/5 4586/2/5 4587/2/5
f 4591/1/5 4590/1/5 4589/1/5
f 4592/1/5 4590/1/5 4591/1/5
f 4595/2/5 4594/2/5 4593/2/5
f 4596/2/5 4594/2/5 4595/2/5
f 4599/1/5 4598/1/5 4597/1/5
f 4600/1/5 4598/1/5 4599/1/5
f 4603/1/5 4602/1/5 4601/1/5
f 4604/1/5 4602/1/5 4603/1/5
f 4607/1/5 4606/1/5 4605/1/5
f 4608/1/5 4606/1/5 4607/1/5
f 4611/1/5 4610/1/5 4609/1/5
f 4612/1/5 4610/1/5 4611/1/5
f 4615/1/5 4614/1/5 4613/1/5
f 4616/1/5 4614/1/5 4615/1/5
f 4619/1/5 4618/1/5 4617/1/5
f 4620/1/5 4618/1/5 4619/1/5
f 4623/1/5 4622/1/5 4621/1/5
f 4624/1/5 4622/1/5 4623/1/5
f 4627/1/5 4626/1/5 4625/1/5
f 4628/1/5 4626/1/5 4627/1/5
f 4631/2/5 4630/2/5 4629/2/5
f 4632/2/5 4630/2/5 4631/2/5
f 4635/2/5 4634/2/5 4633/2/5
f 4636/2/5 4634/2/5 4635/2/5
f 4639/2/5 4638/2/5 4637/2/5
f 4640/2/5 4638/2/5 4639/2/5
f 4643/2/5 4642/2/5 4641/2/5
f 4644/2/5 4642/2/5 4643/2/5
f 4647/2/5 4646/2/5 4645/2/5
f 4648/2/5 4646/2/5 4647/2/5
f 4651/2/5 4650/2/5 4649/2/5
f 4652/2/5 4650/2/5 4651/2/5
f 4655/2/5 4654/2/5 4653/2/5
f 4656/2/5 4654/2/5 4655/2/5
f 4659/2/5 4658/2/5 4657/2/5
f 4660/2/5 4658/2/5 4659/2/5
f 4665/6/5 4662/6/5 4661/6/5
f 4666/6/5 4662/6/5 4665/6/5
f 4667/6/5 4664/6/5 4663/6/5
f 4668/6/5 4664/6/5 4667/6/5
f 4673/6/5 4672/6/5 4671/6/5
f 4674/6/5 4672/6/5 4673/6/5
f 4677/6/5 4670/6/5 4669/6/5
f 4678/6/5 4670/6/5 4677/6/5
f 4681/6/5 4680/6/5 4679/6/5
f 4682/6/5 4680/6/5 4681/6/5
f 4683/6/5 4676/6/5 4675/6/5
f 4684/6/5 4676/6/5 4683/6/5
f 4689/6/5 4686/6/5 4685/6/5
f 4690/6/5 4686/6/5 4689/6/5
f 4691/6/5 4688/6/5 4687/6/5
f 4692/6/5 4688/6/5 4691/6/5
f 4693/2/6 4694/2/6 4695/2/6
f 4695/2/6 4694/2/6 4696/2/6
f 4697/6/6 4698/6/6 4699/6/6
f 4699/6/6 4698/6/6 4700/6/6
f 4701/2/6 4702/2/6 4705/2/6
f 4705/2/6 4702/2/6 4706/2/6
f 4703/1/6 4704/1/6 4707/1/6
f 4707/1/6 4704/1/6 4708/1/6
f 4709/2/6 4710/2/6 4711/2/6
f 4711/2/6 4710/2/6 4712/2/6
f 4713/6/6 4714/6/6 4717/6/6
f 4717/6/6 4714/6/6 4718/6/6
f 4715/6/6 4716/6/6 4719/6/6
f 4719/6/6 4716/6/6 4720/6/6
f 4721/1/6 4722/1/6 4723/1/6
f 4723/1/6 4722/1/6 4724/1/6
f 4725/1/6 4726/1/6 4727/1/6
f 4727/1/6 4726/1/6 4728/1/6
f 4729/6/6 4730/6/6 4731/6/6
f 4731/6/6 4730/6/6 4732/6/6
f 4733/6/6 4734/6/6 4737/6/6
f 4737/6/6 4734/6/6 4738/6/6
f 4735/6/6 4736/6/6 4739/6/6
f 4739/6/6 4736/6/6 4740/6/6
f 4741/6/6 4742/6/6 4743/6/6
f 4743/6/6 4742/6/6 4744/6/6
f 4745/3/6 4746/3/6 4747/3/6
f 4747/3/6 4746/3/6 4748/3/6
f 4749/3/6 4750/3/6 4753/3/6
f 4753/3/6 4750/3/6 4754/3/6
f 4751/3/6 4752/3/6 4757/3/6
f 4757/3/6 4752/3/6 4758/3/6
f 4754/3/6 4755/3/6 4759/3/6
f 4759/3/6 4755/3/6 4760/3/6
f 4756/3/6 4757/3/6 4763/3/6
f 4763/3/6 4757/3/6 4764/3/6
f 4760/3/6 4761/3/6 4765/3/6
f 4765/3/6 4761/3/6 4766/3/6
f 4762/3/6 4763/3/6 4767/3/6
f 4767/3/6 4763/3/6 4768/3/6
f 4766/3/6 4767/3/6 4769/3/6
f 4769/3/6 4767/3/6 4770/3/6
f 4771/3/6 4772/3/6 4775/3/6
f 4775/3/6 4772/3/6 4776/3/6
f 4773/3/6 4774/3/6 4779/3/6
f 4776/3/6 4777/3/6 4779/3/6
f 4775/3/6 4776/3/6 4779/3/6
f 4774/3/6 4775/3/6 4779/3/6
f 4779/3/6 4777/3/6 4780/3/6
f 4780/3/6 4777/3/6 4781/3/6
f 4781/3/6 4777/3/6 4782/3/6
f 4778/3/6 4779/3/6 4784/3/6
f 4779/3/6 4780/3/6 4784/3/6
f 4784/3/6 4780/3/6 4785/3/6
f 4785/3/6 4780/3/6 4786/3/6
f 4782/3/6 4783/3/6 4787/3/6
f 4781/3/6 4782/3/6 4787/3/6
f 4787/3/6 4783/3/6 4788/3/6
f 4788/3/6 4783/3/6 4789/3/6
f 4784/3/6 4785/3/6 4790/3/6
f 4790/3/6 4785/3/6 4791/3/6
f 4788/3/6 4789/3/6 4794/3/6
f 4794/3/6 4789/3/6 4795/3/6
f 4791/3/6 4792/3/6 4796/3/6
f 4796/3/6 4792/3/6 4797/3/6
f 4793/3/6 4794/3/6 4798/3/6
f 4798/3/6 4794/3/6 4799/3/6
f 4797/3/6 4798/3/6 4800/3/6
f 4800/3/6 4798/3/6 4801/3/6
f 4802/6/6 4803/6/6 4805/6/6
f 4805/6/6 4803/6/6 4806/6/6
f 4804/6/6 4805/6/6 4809/6/6
f 4806/6/6 4807/6/6 4809/6/6
f 4805/6/6 4806/6/6 4809/6/6
f 4809/6/6 4807/6/6 4810/6/6
f 4810/6/6 4807/6/6 4811/6/6
f 4811/6/6 4807/6/6 4812/6/6
f 4808/6/6 4809/6/6 4815/6/6
f 4809/6/6 4810/6/6 4815/6/6
f 4815/6/6 4810/6/6 4816/6/6
f 4816/6/6 4810/6/6 4817/6/6
f 4811/6/6 4812/6/6 4818/6/6
f 4812/6/6 4813/6/6 4818/6/6
f 4818/6/6 4813/6/6 4819/6/6
f 4819/6/6 4813/6/6 4820/6/6
f 4815/6/6 4816/6/6 4822/6/6
f 4814/6/6 4815/6/6 4822/6/6
f 4822/6/6 4816/6/6 4823/6/6
f 4820/6/6 4821/6/6 4824/6/6
f 4819/6/6 4820/6/6 4824/6/6
f 4824/6/6 4821/6/6 4825/6/6
f 4826/6/6 4827/6/6 4829/6/6
f 4828/6/6 4829/6/6 4831/6/6
f 4830/6/6 4831/6/6 4833/6/6
f 4829/6/6 4827/6/6 4834/6/6
f 4832/6/6 4833/6/6 4834/6/6
f 4833/6/6 4831/6/6 4834/6/6
f 4831/6/6 4829/6/6 4834/6/6
f 4834/6/6 4827/6/6 4835/6/6
f 4832/6/6 4834/6/6 4836/6/6
f 4836/6/6 4834/6/6 4837/6/6
f 4832/6/6 4836/6/6 4838/6/6
f 4838/6/6 4839/6/6 4840/6/6
f 4838/6/6 4840/6/6 4842/6/6
f 4840/6/6 4841/6/6 4842/6/6
f 4832/6/6 4838/6/6 4842/6/6
f 4842/6/6 4841/6/6 4843/6/6
f 4843/6/6 4841/6/6 4844/6/6
f 4844/6/6 4841/6/6 4845/6/6
f 4845/6/6 4841/6/6 4848/6/6
f 4848/6/6 4841/6/6 4849/6/6
f 4846/6/6 4847/6/6 4850/6/6
f 4849/6/6 4841/6/6 4852/6/6
f 4852/6/6 4841/6/6 4853/6/6
f 4850/6/6 4851/6/6 4854/6/6
f 4854/6/6 4855/6/6 4856/6/6
f 4850/6/6 4854/6/6 4858/6/6
f 4856/6/6 4857/6/6 4858/6/6
f 4854/6/6 4856/6/6 4858/6/6
f 4846/6/6 4850/6/6 4858/6/6
f 4858/6/6 4857/6/6 4859/6/6
f 4859/6/6 4857/6/6 4860/6/6
f 4860/6/6 4857/6/6 4861/6/6
f 4861/6/6 4857/6/6 4863/6/6
f 4862/6/6 4863/6/6 4865/6/6
f 4863/6/6 4857/6/6 4866/6/6
f 4864/6/6 4865/6/6 4866/6/6
f 4865/6/6 4863/6/6 4866/6/6
f 4866/6/6 4857/6/6 4867/6/6
f 4864/6/6 4866/6/6 4868/6/6
f 4868/6/6 4866/6/6 4869/6/6
f 4864/6/6 4868/6/6 4870/6/6
f 4870/6/6 4868/6/6 4871/6/6
f 4864/6/6 4870/6/6 4872/6/6
f 4872/6/6 4870/6/6 4873/6/6
f 4874/6/6 4875/6/6 4878/6/6
f 4878/6/6 4875/6/6 4879/6/6
f 4879/6/6 4875/6/6 4880/6/6
f 4876/6/6 4877/6/6 4883/6/6
f 4883/6/6 4877/6/6 4884/6/6
f 4884/6/6 4877/6/6 4885/6/6
f 4880/6/6 4881/6/6 4886/6/6
f 4879/6/6 4880/6/6 4886/6/6
f 4886/6/6 4881/6/6 4887/6/6
f 4887/6/6 4881/6/6 4888/6/6
f 4883/6/6 4884/6/6 4889/6/6
f 4882/6/6 4883/6/6 4889/6/6
f 4889/6/6 4884/6/6 4890/6/6
f 4890/6/6 4884/6/6 4891/6/6
f 4887/6/6 4888/6/6 4892/6/6
f 4889/6/6 4890/6/6 4892/6/6
f 4888/6/6 4889/6/6 4892/6/6
f 4892/6/6 4890/6/6 4893/6/6
f 4893/6/6 4890/6/6 4894/6/6
f 4894/6/6 4890/6/6 4895/6/6
f 4893/6/6 4894/6/6 4896/6/6
f 4896/6/6 4894/6/6 4897/6/6
f 4898/4/6 4899/4/6 4906/4/6
f 4906/4/6 4899/4/6 4907/4/6
f 4900/4/6 4901/4/6 4908/4/6
f 4908/4/6 4901/4/6 4909/4/6
f 4902/4/6 4903/4/6 4910/4/6
f 4910/4/6 4903/4/6 4911/4/6
f 4904/4/6 4905/4/6 4912/4/6
f 4912/4/6 4905/4/6 4913/4/6
f 4914/4/6 4915/4/6 4916/4/6
f 4916/4/6 4915/4/6 4917/4/6
f 4918/4/6 4919/4/6 4920/4/6
f 4920/4/6 4919/4/6 4921/4/6
f 4922/4/6 4923/4/6 4924/4/6
f 4924/4/6 4923/4/6 4925/4/6
f 4926/4/6 4927/4/6 4928/4/6
f 4928/4/6 4927/4/6 4929/4/6
f 4930/4/6 4931/4/6 4932/4/6
f 4932/4/6 4931/4/6 4933/4/6
f 4934/4/6 4935/4/6 4936/4/6
f 4936/4/6 4935/4/6 4937/4/6
f 4938/4/6 4939/4/6 4940/4/6
f 4940/4/6 4939/4/6 4941/4/6
f 4942/4/6 4943/4/6 4944/4/6
f 4944/4/6 4943/4/6 4945/4/6
f 4946/4/6 4947/4/6 4954/4/6
f 4954/4/6 4947/4/6 4955/4/6
f 4948/4/6 4949/4/6 4956/4/6
f 4956/4/6 4949/4/6 4957/4/6
f 4950/4/6 4951/4/6 4958/4/6
f 4958/4/6 4951/4/6 4959/4/6
f 4952/4/6 4953/4/6 4960/4/6
f 4960/4/6 4953/4/6 4961/4/6
f 4962/4/6 4963/4/6 4966/4/6
f 4966/4/6 4963/4/6 4967/4/6
f 4964/4/6 4965/4/6 4968/4/6
f 4968/4/6 4965/4/6 4969/4/6
f 4970/4/6 4971/4/6 4972/4/6
f 4972/4/6 4971/4/6 4973/4/6
f 4974/4/6 4975/4/6 4976/4/6
f 4976/4/6 4975/4/6 4977/4/6
f 4978/4/6 4979/4/6 4980/4/6
f 4980/4/6 4979/4/6 4981/4/6
f 4982/4/6 4983/4/6 4984/4/6
f 4984/4/6 4983/4/6 4985/4/6
f 4986/4/6 4987/4/6 4990/4/6
f 4990/4/6 4987/4/6 4991/4/6
f 4988/4/6 4989/4/6 4992/4/6
f 4992/4/6 4989/4/6 4993/4/6
f 4994/4/6 4995/4/6 4998/4/6
f 4998/4/6 4995/4/6 4999/4/6
f 4996/4/6 4997/4/6 5000/4/6
f 5000/4/6 4997/4/6 5001/4/6
f 5002/4/6 5003/4/6 5004/4/6
f 5004/4/6 5003/4/6 5005/4/6
f 5006/4/6 5007/4/6 5008/4/6
f 5008/4/6 5007/4/6 5009/4/6
f 5010/4/6 5011/4/6 5012/4/6
f 5012/4/6 5011/4/6 5013/4/6
f 5014/4/6 5015/4/6 5016/4/6
f 5016/4/6 5015/4/6 5017/4/6
f 5018/4/6 5019/4/6 5022/4/6
f 5022/4/6 5019/4/6 5023/4/6
f 5020/4/6 5021/4/6 5024/4/6
f 5024/4/6 5021/4/6 5025/4/6
f 5026/4/6 5027/4/6 5028/4/6
f 5028/4/6 5027/4/6 5029/4/6
f 5030/4/6 5031/4/6 5032/4/6
f 5032/4/6 5031/4/6 5033/4/6
f 5034/4/6 5035/4/6 5036/4/6
f 5036/4/6 5035/4/6 5037/4/6
f 5038/4/6 5039/4/6 5040/4/6
f 5040/4/6 5039/4/6 5041/4/6
f 5042/3/6 5043/3/6 5044/3/6
f 5044/3/6 5043/3/6 5045/3/6
f 5052/3/6 5053/3/6 5056/3/6
f 5046/3/6 5047/3/6 5058/3/6
f 5058/3/6 5047/3/6 5059/3/6
f 5048/3/6 5049/3/6 5060/3/6
f 5060/3/6 5049/3/6 5061/3/6
f 5050/3/6 5051/3/6 5062/3/6
f 5062/3/6 5051/3/6 5063/3/6
f 5056/3/6 5057/3/6 5064/3/6
f 5052/3/6 5056/3/6 5064/3/6
f 5064/3/6 5057/3/6 5065/3/6
f 5054/3/6 5055/3/6 5066/3/6
f 5066/3/6 5055/3/6 5067/3/6
f 5068/3/6 5069/3/6 5070/3/6
f 5070/3/6 5069/3/6 5071/3/6
f 5072/3/6 5073/3/6 5076/3/6
f 5076/3/6 5073/3/6 5077/3/6
f 5074/3/6 5075/3/6 5078/3/6
f 5078/3/6 5075/3/6 5079/3/6
f 5077/3/6 5078/3/6 5080/3/6
f 5080/3/6 5078/3/6 5081/3/6
f 5082/3/6 5083/3/6 5090/3/6
f 5090/3/6 5083/3/6 5091/3/6
f 5084/3/6 5085/3/6 5093/3/6
f 5093/3/6 5085/3/6 5094/3/6
f 5086/3/6 5087/3/6 5095/3/6
f 5095/3/6 5087/3/6 5096/3/6
f 5088/3/6 5089/3/6 5098/3/6
f 5098/3/6 5089/3/6 5099/3/6
f 5091/3/6 5092/3/6 5101/3/6
f 5101/3/6 5092/3/6 5102/3/6
f 5097/3/6 5098/3/6 5107/3/6
f 5107/3/6 5098/3/6 5108/3/6
f 5100/3/6 5101/3/6 5110/3/6
f 5110/3/6 5101/3/6 5111/3/6
f 5103/3/6 5104/3/6 5112/3/6
f 5112/3/6 5104/3/6 5113/3/6
f 5105/3/6 5106/3/6 5114/3/6
f 5114/3/6 5106/3/6 5115/3/6
f 5108/3/6 5109/3/6 5116/3/6
f 5116/3/6 5109/3/6 5117/3/6
f 5118/3/6 5119/3/6 5121/3/6
f 5121/3/6 5119/3/6 5122/3/6
f 5120/3/6 5121/3/6 5124/3/6
f 5124/3/6 5121/3/6 5125/3/6
f 5122/3/6 5123/3/6 5126/3/6
f 5126/3/6 5123/3/6 5127/3/6
f 5128/3/6 5129/3/6 5132/3/6
f 5132/3/6 5129/3/6 5133/3/6
f 5130/3/6 5131/3/6 5136/3/6
f 5136/3/6 5131/3/6 5137/3/6
f 5133/3/6 5134/3/6 5138/3/6
f 5138/3/6 5134/3/6 5139/3/6
f 5135/3/6 5136/3/6 5140/3/6
f 5140/3/6 5136/3/6 5141/3/6
f 5139/3/6 5140/3/6 5142/3/6
f 5142/3/6 5140/3/6 5143/3/6
f 5144/3/6 5145/3/6 5154/3/6
f 5154/3/6 5145/3/6 5155/3/6
f 5146/3/6 5147/3/6 5157/3/6
f 5157/3/6 5147/3/6 5158/3/6
f 5148/3/6 5149/3/6 5159/3/6
f 5159/3/6 5149/3/6 5160/3/6
f 5150/3/6 5151/3/6 5161/3/6
f 5161/3/6 5151/3/6 5162/3/6
f 5152/3/6 5153/3/6 5163/3/6
f 5163/3/6 5153/3/6 5164/3/6
f 5155/3/6 5156/3/6 5165/3/6
f 5165/3/6 5156/3/6 5166/3/6
f 5162/3/6 5163/3/6 5169/3/6
f 5169/3/6 5163/3/6 5170/3/6
f 5166/3/6 5167/3/6 5172/3/6
f 5172/3/6 5167/3/6 5173/3/6
f 5168/3/6 5169/3/6 5176/3/6
f 5176/3/6 5169/3/6 5177/3/6
f 5171/3/6 5172/3/6 5180/3/6
f 5180/3/6 5172/3/6 5181/3/6
f 5174/3/6 5175/3/6 5185/3/6
f 5177/3/6 5178/3/6 5187/3/6
f 5187/3/6 5178/3/6 5188/3/6
f 5179/3/6 5180/3/6 5190/3/6
f 5190/3/6 5180/3/6 5191/3/6
f 5182/3/6 5183/3/6 5192/3/6
f 5192/3/6 5183/3/6 5193/3/6
f 5184/3/6 5185/3/6 5194/3/6
f 5185/3/6 5175/3/6 5195/3/6
f 5194/3/6 5185/3/6 5195/3/6
f 5186/3/6 5187/3/6 5196/3/6
f 5196/3/6 5187/3/6 5197/3/6
f 5188/3/6 5189/3/6 5198/3/6
f 5198/3/6 5189/3/6 5199/3/6
f 5200/3/6 5201/3/6 5203/3/6
f 5203/3/6 5201/3/6 5204/3/6
f 5202/3/6 5203/3/6 5207/3/6
f 5207/3/6 5203/3/6 5208/3/6
f 5204/3/6 5205/3/6 5209/3/6
f 5209/3/6 5205/3/6 5210/3/6
f 5206/3/6 5207/3/6 5212/3/6
f 5212/3/6 5207/3/6 5213/3/6
f 5210/3/6 5211/3/6 5214/3/6
f 5214/3/6 5211/3/6 5215/3/6
f 5216/3/6 5217/3/6 5220/3/6
f 5220/3/6 5217/3/6 5221/3/6
f 5218/3/6 5219/3/6 5224/3/6
f 5224/3/6 5219/3/6 5225/3/6
f 5221/3/6 5222/3/6 5226/3/6
f 5226/3/6 5222/3/6 5227/3/6
f 5223/3/6 5224/3/6 5230/3/6
f 5230/3/6 5224/3/6 5231/3/6
f 5227/3/6 5228/3/6 5232/3/6
f 5232/3/6 5228/3/6 5233/3/6
f 5229/3/6 5230/3/6 5234/3/6
f 5234/3/6 5230/3/6 5235/3/6
f 5236/3/6 5237/3/6 5248/3/6
f 5248/3/6 5237/3/6 5249/3/6
f 5240/3/6 5241/3/6 5251/3/6
f 5251/3/6 5241/3/6 5252/3/6
f 5242/3/6 5243/3/6 5253/3/6
f 5253/3/6 5243/3/6 5254/3/6
f 5244/3/6 5245/3/6 5255/3/6
f 5255/3/6 5245/3/6 5256/3/6
f 5246/3/6 5247/3/6 5257/3/6
f 5257/3/6 5247/3/6 5258/3/6
f 5249/3/6 5250/3/6 5259/3/6
f 5259/3/6 5250/3/6 5260/3/6
f 5238/3/6 5239/3/6 5261/3/6
f 5261/3/6 5239/3/6 5262/3/6
f 5256/3/6 5257/3/6 5264/3/6
f 5264/3/6 5257/3/6 5265/3/6
f 5260/3/6 5261/3/6 5266/3/6
f 5266/3/6 5261/3/6 5267/3/6
f 5263/3/6 5264/3/6 5268/3/6
f 5268/3/6 5264/3/6 5269/3/6
f 5270/3/6 5271/3/6 5275/3/6
f 5275/3/6 5271/3/6 5276/3/6
f 5272/3/6 5273/3/6 5278/3/6
f 5278/3/6 5273/3/6 5279/3/6
f 5274/3/6 5275/3/6 5282/3/6
f 5282/3/6 5275/3/6 5283/3/6
f 5279/3/6 5280/3/6 5289/3/6
f 5289/3/6 5280/3/6 5290/3/6
f 5281/3/6 5282/3/6 5292/3/6
f 5292/3/6 5282/3/6 5293/3/6
f 5276/3/6 5277/3/6 5294/3/6
f 5294/3/6 5277/3/6 5295/3/6
f 5284/3/6 5285/3/6 5296/3/6
f 5296/3/6 5285/3/6 5297/3/6
f 5286/3/6 5287/3/6 5298/3/6
f 5298/3/6 5287/3/6 5299/3/6
f 5288/3/6 5289/3/6 5300/3/6
f 5300/3/6 5289/3/6 5301/3/6
f 5290/3/6 5291/3/6 5302/3/6
f 5302/3/6 5291/3/6 5303/3/6
f 5304/3/6 5305/3/6 5309/3/6
f 5309/3/6 5305/3/6 5310/3/6
f 5306/3/6 5307/3/6 5311/3/6
f 5311/3/6 5307/3/6 5312/3/6
f 5308/3/6 5309/3/6 5315/3/6
f 5315/3/6 5309/3/6 5316/3/6
f 5312/3/6 5313/3/6 5317/3/6
f 5317/3/6 5313/3/6 5318/3/6
f 5314/3/6 5315/3/6 5320/3/6
f 5320/3/6 5315/3/6 5321/3/6
f 5318/3/6 5319/3/6 5322/3/6
f 5322/3/6 5319/3/6 5323/3/6
f 5324/3/6 5325/3/6 5326/3/6
f 5326/3/6 5325/3/6 5327/3/6
f 5328/3/6 5329/3/6 5330/3/6
f 5330/3/6 5329/3/6 5331/3/6
f 5332/3/6 5333/3/6 5334/3/6
f 5334/3/6 5333/3/6 5335/3/6
f 5336/3/6 5337/3/6 5338/3/6
f 5338/3/6 5337/3/6 5339/3/6
f 5340/3/6 5341/3/6 5342/3/6
f 5342/3/6 5341/3/6 5343/3/6
f 5344/3/6 5345/3/6 5346/3/6
f 5346/3/6 5345/3/6 5347/3/6
f 5350/3/6 5351/3/6 5352/3/6
f 5352/3/6 5351/3/6 5353/3/6
f 5348/3/6 5349/3/6 5354/3/6
f 5354/3/6 5349/3/6 5355/3/6
f 5356/3/6 5357/3/6 5358/3/6
f 5358/3/6 5357/3/6 5359/3/6
f 5360/3/6 5361/3/6 5364/3/6
f 5364/3/6 5361/3/6 5365/3/6
f 5362/3/6 5363/3/6 5366/3/6
f 5366/3/6 5363/3/6 5367/3/6
f 5368/2/6 5369/2/6 5372/2/6
f 5372/2/6 5369/2/6 5373/2/6
f 5370/1/6 5371/1/6 5374/1/6
f 5374/1/6 5371/1/6 5375/1/6
f 5376/2/6 5377/2/6 5378/2/6
f 5378/2/6 5377/2/6 5379/2/6
f 5380/1/6 5381/1/6 5382/1/6
f 5382/1/6 5381/1/6 5383/1/6
f 5384/1/6 5385/1/6 5386/1/6
f 5386/1/6 5385/1/6 5387/1/6
f 5388/2/6 5389/2/6 5390/2/6
f 5390/2/6 5389/2/6 5391/2/6
f 5392/1/6 5393/1/6 5396/1/6
f 5396/1/6 5393/1/6 5397/1/6
f 5394/2/6 5395/2/6 5398/2/6
f 5398/2/6 5395/2/6 5399/2/6
f 5400/2/6 5401/2/6 5402/2/6
f 5402/2/6 5401/2/6 5403/2/6
f 5404/1/6 5405/1/6 5406/1/6
f 5406/1/6 5405/1/6 5407/1/6
f 5408/2/6 5409/2/6 5410/2/6
f 5410/2/6 5409/2/6 5411/2/6
f 5412/1/6 5413/1/6 5414/1/6
f 5414/1/6 5413/1/6 5415/1/6
f 5416/1/6 5417/1/6 5418/1/6
f 5418/1/6 5417/1/6 5419/1/6
f 5420/2/6 5421/2/6 5422/2/6
f 5422/2/6 5421/2/6 5423/2/6
f 5424/1/6 5425/1/6 5426/1/6
f 5426/1/6 5425/1/6 5427/1/6
f 5428/2/6 5429/2/6 5430/2/6
f 5430/2/6 5429/2/6 5431/2/6
f 5432/1/6 5433/1/6 5434/1/6
f 5434/1/6 5433/1/6 5435/1/6
f 5436/1/6 5437/1/6 5438/1/6
f 5438/1/6 5437/1/6 5439/1/6
f 5440/1/6 5441/1/6 5442/1/6
f 5442/1/6 5441/1/6 5443/1/6
f 5444/1/6 5445/1/6 5446/1/6
f 5446/1/6 5445/1/6 5447/1/6
f 5448/1/6 5449/1/6 5450/1/6
f 5450/1/6 5449/1/6 5451/1/6
f 5452/1/6 5453/1/6 5454/1/6
f 5454/1/6 5453/1/6 5455/1/6
f 5456/1/6 5457/1/6 5458/1/6
f 5458/1/6 5457/1/6 5459/1/6
f 5460/1/6 5461/1/6 5462/1/6
f 5462/1/6 5461/1/6 5463/1/6
f 5464/2/6 5465/2/6 5466/2/6
f 5466/2/6 5465/2/6 5467/2/6
f 5468/2/6 5469/2/6 5470/2/6
f 5470/2/6 5469/2/6 5471/2/6
f 5472/2/6 5473/2/6 5474/2/6
f 5474/2/6 5473/2/6 5475/2/6
f 5476/2/6 5477/2/6 5478/2/6
f 5478/2/6 5477/2/6 5479/2/6
f 5480/2/6 5481/2/6 5482/2/6
f 5482/2/6 5481/2/6 5483/2/6
f 5484/2/6 5485/2/6 5486/2/6
f 5486/2/6 5485/2/6 5487/2/6
f 5488/2/6 5489/2/6 5490/2/6
f 5490/2/6 5489/2/6 5491/2/6
f 5492/2/6 5493/2/6 5494/2/6
f 5494/2/6 5493/2/6 5495/2/6
f 5496/5/6 5497/5/6 5498/5/6
f 5498/5/6 5497/5/6 5499/5/6
f 5496/5/6 5498/5/6 5500/5/6
f 5498/6/6 5499/6/6 5500/6/6
f 5499/5/6 5497/5/6 5501/5/6
f 5500/6/6 5499/6/6 5501/6/6
f 5496/5/6 5500/5/6 5502/5/6
f 5500/5/6 5501/5/6 5502/5/6
f 5501/5/6 5497/5/6 5503/5/6
f 5502/5/6 5501/5/6 5503/5/6
