# MagicaVoxel @ Ephtracy

# group
o 

# material
mtllib гора.mtl
usemtl palette

# normals
vn -1 0 0
vn 1 0 0
vn 0 0 1
vn 0 0 -1
vn 0 -1 0
vn 0 1 0

# texcoords
vt 0.0527344 0.5
vt 0.0761719 0.5
vt 0.0800781 0.5
vt 0.115234 0.5
vt 0.119141 0.5

# verts
v -2 0 1
v -2 0 0.5
v -2 0 0.0999999
v -2 0.1 1.2
v -2 0.1 1
v -2 0.1 0.6
v -2 0.1 0.5
v -2 0.2 1.3
v -2 0.2 1.2
v -2 0.2 0.2
v -2 0.2 0.0999999
v -2 0.4 1.4
v -2 0.4 1.3
v -2 0.4 0.6
v -2 0.4 0.5
v -2 0.5 1.5
v -2 0.5 1.4
v -2 0.5 0.5
v -2 0.5 0.4
v -2 0.5 0.2
v -2 0.5 0.0999999
v -2 0.6 1.6
v -2 0.6 1.5
v -2 0.6 0.4
v -2 0.6 0.3
v -2 0.7 1.6
v -2 0.7 1.4
v -2 0.7 0.3
v -2 0.7 0.0999999
v -2 0.8 1.4
v -2 0.8 1.3
v -2 0.9 1.3
v -2 0.9 1.2
v -2 0.9 0.2
v -2 0.9 0.0999999
v -2 1 1.2
v -2 1 1.1
v -2 1.1 0.3
v -2 1.1 0.2
v -2 1.2 0.5
v -2 1.2 0.3
v -2 1.4 1.2
v -2 1.4 1.1
v -2 1.5 1.3
v -2 1.5 1.2
v -2 1.5 0.5
v -2 1.5 0.4
v -2 1.6 1.4
v -2 1.6 1.3
v -2 1.7 1.3
v -2 1.7 1.2
v -2 1.7 0.8
v -2 1.7 0.4
v -2 1.8 1.5
v -2 1.8 1.4
v -2 1.8 1.2
v -2 1.8 0.8
v -2 1.9 1.2
v -2 1.9 0.8
v -2 2 1.5
v -2 2 1.2
v -1.9 0 1.3
v -1.9 0 1
v -1.9 0 0.0999999
v -1.9 0 -0.2
v -1.9 0.1 1.2
v -1.9 0.1 1
v -1.9 0.2 1.3
v -1.9 0.2 1.2
v -1.9 0.2 0.2
v -1.9 0.2 0.0999999
v -1.9 0.2 -0.1
v -1.9 0.2 -0.2
v -1.9 0.4 0
v -1.9 0.4 -0.1
v -1.9 0.5 0.2
v -1.9 0.5 0.0999999
v -1.9 0.5 0
v -1.9 1.2 0.5
v -1.9 1.2 0.4
v -1.9 1.3 0.5
v -1.9 1.3 0.4
v -1.8 0 -0.2
v -1.8 0 -0.3
v -1.8 0.2 -0.1
v -1.8 0.2 -0.2
v -1.8 0.3 -0.2
v -1.8 0.3 -0.3
v -1.8 0.4 0
v -1.8 0.4 -0.1
v -1.8 0.5 0.0999999
v -1.8 0.5 0
v -1.8 0.5 -0.1
v -1.8 0.5 -0.2
v -1.8 0.6 0.0999999
v -1.8 0.6 -0.1
v -1.8 1.1 0.3
v -1.8 1.1 0.2
v -1.8 1.2 0.4
v -1.8 1.2 0.3
v -1.8 1.3 0.5
v -1.8 1.3 0.4
v -1.8 1.3 0.3
v -1.8 1.3 0.2
v -1.8 1.4 0.4
v -1.8 1.4 0.3
v -1.8 1.5 0.5
v -1.8 1.5 0.4
v -1.7 0 -0.3
v -1.7 0 -0.5
v -1.7 0.2 -0.4
v -1.7 0.2 -0.5
v -1.7 0.3 -0.2
v -1.7 0.3 -0.3
v -1.7 0.4 -0.3
v -1.7 0.4 -0.4
v -1.7 0.5 -0.1
v -1.7 0.5 -0.2
v -1.7 0.5 -0.3
v -1.7 0.6 0.0999999
v -1.7 0.6 -0.1
v -1.7 0.6 -0.2
v -1.7 0.7 0
v -1.7 0.7 -0.1
v -1.7 0.8 0.0999999
v -1.7 0.8 0
v -1.7 0.9 0.2
v -1.7 0.9 0.0999999
v -1.7 1.3 0.3
v -1.7 1.3 0.2
v -1.7 1.3 0.0999999
v -1.7 1.4 0.4
v -1.7 1.4 0.3
v -1.7 1.4 0.2
v -1.7 1.5 0.5
v -1.7 1.5 0.4
v -1.7 1.5 0.3
v -1.7 1.5 0.2
v -1.7 1.6 0.5
v -1.7 1.6 0.4
v -1.7 1.6 0.2
v -1.7 1.6 0.0999999
v -1.7 1.7 0.4
v -1.7 1.7 0.0999999
v -1.6 0 -0.5
v -1.6 0 -0.6
v -1.6 0.2 -0.4
v -1.6 0.2 -0.5
v -1.6 0.3 -0.5
v -1.6 0.3 -0.6
v -1.6 0.4 -0.3
v -1.6 0.4 -0.4
v -1.6 0.5 -0.2
v -1.6 0.5 -0.3
v -1.6 0.5 -0.4
v -1.6 0.5 -0.5
v -1.6 0.6 -0.1
v -1.6 0.6 -0.2
v -1.6 0.6 -0.3
v -1.6 0.6 -0.4
v -1.6 0.7 0
v -1.6 0.7 -0.1
v -1.6 0.7 -0.2
v -1.6 0.7 -0.3
v -1.6 0.8 0.0999999
v -1.6 0.8 0
v -1.6 0.8 -0.2
v -1.6 0.9 0.0999999
v -1.6 0.9 0
v -1.6 1.4 0.3
v -1.6 1.4 0.2
v -1.6 1.5 0.3
v -1.6 1.5 0.2
v -1.6 1.5 0.0999999
v -1.6 1.6 0.2
v -1.6 1.6 0.0999999
v -1.6 1.7 0.3
v -1.6 1.7 0.2
v -1.6 1.8 0.3
v -1.6 1.8 0.2
v -1.6 1.9 1.2
v -1.6 1.9 1.1
v -1.6 1.9 0.9
v -1.6 2 1.4
v -1.6 2 1.3
v -1.6 2 1.2
v -1.6 2 0.9
v -1.6 2.1 1.4
v -1.6 2.1 1.3
v -1.5 0 -0.6
v -1.5 0 -1.1
v -1.5 0.2 -1
v -1.5 0.2 -1.1
v -1.5 0.3 -0.5
v -1.5 0.3 -0.6
v -1.5 0.3 -0.7
v -1.5 0.3 -1
v -1.5 0.4 -0.6
v -1.5 0.4 -0.7
v -1.5 0.5 -0.4
v -1.5 0.5 -0.5
v -1.5 0.5 -0.6
v -1.5 0.6 -0.3
v -1.5 0.6 -0.4
v -1.5 0.6 -0.5
v -1.5 0.7 -0.2
v -1.5 0.7 -0.3
v -1.5 0.7 -0.4
v -1.5 0.8 0
v -1.5 0.8 -0.1
v -1.5 0.8 -0.2
v -1.5 0.8 -0.3
v -1.5 0.9 0.0999999
v -1.5 0.9 0
v -1.5 0.9 -0.1
v -1.5 1.1 0.0999999
v -1.5 1.1 0
v -1.5 1.4 0.2
v -1.5 1.4 0.0999999
v -1.5 1.5 0.2
v -1.5 1.5 0.0999999
v -1.5 1.6 0.7
v -1.5 1.6 0.4
v -1.5 1.7 0.7
v -1.5 1.7 0.4
v -1.5 1.8 0.9
v -1.5 1.8 0.8
v -1.5 1.9 1.5
v -1.5 1.9 1.4
v -1.5 2 1.5
v -1.5 2 1.4
v -1.5 2 1.3
v -1.5 2 1.2
v -1.5 2 0.9
v -1.5 2 0.8
v -1.5 2.1 1.3
v -1.5 2.1 1.2
v -1.4 0 1.3
v -1.4 0 1.2
v -1.4 0 -1.1
v -1.4 0 -1.4
v -1.4 0.2 -1
v -1.4 0.2 -1.1
v -1.4 0.2 -1.3
v -1.4 0.2 -1.4
v -1.4 0.3 1.3
v -1.4 0.3 1.2
v -1.4 0.3 -0.7
v -1.4 0.3 -1
v -1.4 0.4 1.4
v -1.4 0.4 1.3
v -1.4 0.4 -0.6
v -1.4 0.4 -0.7
v -1.4 0.4 -1.2
v -1.4 0.4 -1.3
v -1.4 0.5 1.4
v -1.4 0.5 1.3
v -1.4 0.5 -0.5
v -1.4 0.5 -0.6
v -1.4 0.5 -1
v -1.4 0.5 -1.2
v -1.4 0.6 -0.4
v -1.4 0.6 -0.5
v -1.4 0.6 -0.6
v -1.4 0.6 -1
v -1.4 0.7 1.3
v -1.4 0.7 1.2
v -1.4 0.7 -0.3
v -1.4 0.7 -0.4
v -1.4 0.7 -0.5
v -1.4 0.7 -0.6
v -1.4 0.8 1.3
v -1.4 0.8 1.2
v -1.4 0.8 1.1
v -1.4 0.8 -0.1
v -1.4 0.8 -0.3
v -1.4 0.8 -0.5
v -1.4 0.9 1.2
v -1.4 0.9 1.1
v -1.4 0.9 0
v -1.4 0.9 -0.1
v -1.4 0.9 -0.3
v -1.4 1 1.1
v -1.4 1 1
v -1.4 1 0
v -1.4 1 -0.1
v -1.4 1.2 0.2
v -1.4 1.2 0.0999999
v -1.4 1.4 1.1
v -1.4 1.4 1
v -1.4 1.4 0.2
v -1.4 1.4 0.0999999
v -1.4 1.4 0
v -1.4 1.5 1.2
v -1.4 1.5 1.1
v -1.4 1.6 1.3
v -1.4 1.6 1.2
v -1.4 1.6 1.1
v -1.4 1.6 0.2
v -1.4 1.6 0.0999999
v -1.4 1.6 0
v -1.4 1.7 1.6
v -1.4 1.7 1.4
v -1.4 1.7 1.3
v -1.4 1.7 1.2
v -1.4 1.7 0.8
v -1.4 1.7 0.3
v -1.4 1.7 0.2
v -1.4 1.7 0.0999999
v -1.4 1.8 1.6
v -1.4 1.8 1.5
v -1.4 1.8 1.4
v -1.4 1.8 0.7
v -1.4 1.8 0.3
v -1.4 2 1.2
v -1.4 2 0.8
v -1.4 2.1 1.4
v -1.4 2.1 1.3
v -1.4 2.1 1.2
v -1.4 2.1 0.8
v -1.4 2.2 1.4
v -1.4 2.2 1.2
v -1.4 2.2 0.8
v -1.4 2.2 0.7
v -1.3 0 -1.4
v -1.3 0 -1.5
v -1.3 0.2 -1.3
v -1.3 0.2 -1.4
v -1.3 0.3 1.4
v -1.3 0.3 1.3
v -1.3 0.3 -1.4
v -1.3 0.3 -1.5
v -1.3 0.4 1.4
v -1.3 0.4 1.3
v -1.3 0.4 -1.2
v -1.3 0.4 -1.3
v -1.3 0.5 -1
v -1.3 0.5 -1.2
v -1.3 0.5 -1.3
v -1.3 0.5 -1.4
v -1.3 0.6 -0.6
v -1.3 0.6 -1
v -1.3 0.6 -1.1
v -1.3 0.6 -1.3
v -1.3 0.7 1.4
v -1.3 0.7 1.3
v -1.3 0.7 -0.5
v -1.3 0.7 -0.6
v -1.3 0.7 -1.1
v -1.3 0.8 1.4
v -1.3 0.8 1.3
v -1.3 0.8 1.2
v -1.3 0.8 -0.3
v -1.3 0.8 -0.4
v -1.3 0.8 -0.5
v -1.3 0.8 -0.6
v -1.3 0.9 1.3
v -1.3 0.9 1.2
v -1.3 0.9 1.1
v -1.3 0.9 -0.1
v -1.3 0.9 -0.2
v -1.3 0.9 -0.3
v -1.3 0.9 -0.4
v -1.3 1 1.2
v -1.3 1 1.1
v -1.3 1 0
v -1.3 1 -0.1
v -1.3 1 -0.2
v -1.3 1.1 0.0999999
v -1.3 1.1 0
v -1.3 1.3 0
v -1.3 1.3 -0.1
v -1.3 1.4 1.2
v -1.3 1.4 1.1
v -1.3 1.4 0.0999999
v -1.3 1.4 0
v -1.3 1.5 1.3
v -1.3 1.5 1.2
v -1.3 1.5 1.1
v -1.3 1.6 1.4
v -1.3 1.6 1.3
v -1.3 1.6 1.2
v -1.3 1.7 1.4
v -1.3 1.7 1.3
v -1.3 1.7 0.2
v -1.3 1.7 0.0999999
v -1.3 1.8 0.7
v -1.3 1.8 0.2
v -1.3 1.9 0.6
v -1.3 1.9 0.3
v -1.3 2 0.3
v -1.3 2 0.0999999
v -1.3 2 0
v -1.3 2.1 1.1
v -1.3 2.1 0.8
v -1.3 2.1 0.0999999
v -1.3 2.1 0
v -1.3 2.2 0.8
v -1.3 2.2 0.7
v -1.3 2.3 1.1
v -1.3 2.3 0.8
v -1.3 2.3 0.7
v -1.3 2.3 0.6
v -1.3 2.4 0.9
v -1.3 2.4 0.8
v -1.3 2.5 0.8
v -1.3 2.5 0.7
v -1.3 2.6 0.9
v -1.3 2.6 0.7
v -1.2 0 1.4
v -1.2 0 1.3
v -1.2 0 -1.5
v -1.2 0 -1.6
v -1.2 0.3 1.4
v -1.2 0.3 1.3
v -1.2 0.3 -1.4
v -1.2 0.3 -1.5
v -1.2 0.4 -1.5
v -1.2 0.4 -1.6
v -1.2 0.5 -1.3
v -1.2 0.5 -1.4
v -1.2 0.5 -1.5
v -1.2 0.6 -1.1
v -1.2 0.6 -1.3
v -1.2 0.6 -1.4
v -1.2 0.7 -0.6
v -1.2 0.7 -0.7
v -1.2 0.7 -1.1
v -1.2 0.7 -1.2
v -1.2 0.7 -1.3
v -1.2 0.8 1.4
v -1.2 0.8 1.3
v -1.2 0.8 -0.4
v -1.2 0.8 -0.6
v -1.2 0.8 -0.7
v -1.2 0.8 -1.2
v -1.2 0.9 1.4
v -1.2 0.9 1.3
v -1.2 0.9 1.2
v -1.2 0.9 -0.2
v -1.2 0.9 -0.4
v -1.2 0.9 -0.6
v -1.2 1 1.3
v -1.2 1 1.2
v -1.2 1 1.1
v -1.2 1 -0.2
v -1.2 1 -0.4
v -1.2 1.3 0
v -1.2 1.3 -0.1
v -1.2 1.4 1.3
v -1.2 1.4 1.2
v -1.2 1.4 1.1
v -1.2 1.4 0
v -1.2 1.4 -0.1
v -1.2 1.5 1.4
v -1.2 1.5 1.3
v -1.2 1.5 1.2
v -1.2 1.6 1.5
v -1.2 1.6 1.4
v -1.2 1.6 1.3
v -1.2 1.6 0.0999999
v -1.2 1.6 0
v -1.2 1.6 -0.1
v -1.2 1.7 1.5
v -1.2 1.7 1.4
v -1.2 1.8 0.0999999
v -1.2 1.8 -0.1
v -1.2 1.9 0.6
v -1.2 1.9 0.3
v -1.2 2 0.3
v -1.2 2 0.0999999
v -1.2 2.1 0.5
v -1.2 2.1 0.0999999
v -1.2 2.2 0.6
v -1.2 2.2 0.5
v -1.2 2.3 1
v -1.2 2.3 0.8
v -1.2 2.4 1
v -1.2 2.4 0.9
v -1.2 2.4 0.8
v -1.2 2.5 1
v -1.2 2.5 0.9
v -1.1 0 -1.6
v -1.1 0 -1.7
v -1.1 0.4 -1.5
v -1.1 0.4 -1.6
v -1.1 0.4 -1.7
v -1.1 0.5 -1.4
v -1.1 0.5 -1.5
v -1.1 0.6 -1.3
v -1.1 0.6 -1.4
v -1.1 0.6 -1.5
v -1.1 0.6 -1.6
v -1.1 0.7 -1.2
v -1.1 0.7 -1.3
v -1.1 0.7 -1.4
v -1.1 0.7 -1.5
v -1.1 0.8 -0.6
v -1.1 0.8 -0.7
v -1.1 0.8 -1.2
v -1.1 0.8 -1.4
v -1.1 0.9 1.4
v -1.1 0.9 1.3
v -1.1 0.9 -0.4
v -1.1 0.9 -0.5
v -1.1 0.9 -0.6
v -1.1 0.9 -1.2
v -1.1 1 1.3
v -1.1 1 1.2
v -1.1 1 -0.1
v -1.1 1 -0.3
v -1.1 1 -0.4
v -1.1 1 -0.5
v -1.1 1.1 -0.1
v -1.1 1.1 -0.3
v -1.1 1.4 1.5
v -1.1 1.4 1.4
v -1.1 1.4 1.3
v -1.1 1.4 1.2
v -1.1 1.5 1.4
v -1.1 1.5 1.3
v -1.1 1.6 1.5
v -1.1 1.6 1.4
v -1.1 1.8 0.0999999
v -1.1 1.8 0
v -1.1 2 0.0999999
v -1.1 2 0
v -1.1 2.1 0.5
v -1.1 2.1 0.2
v -1.1 2.2 0.5
v -1.1 2.2 0.2
v -1.1 2.3 0.7
v -1.1 2.3 0.6
v -1.1 2.4 1.1
v -1.1 2.4 1
v -1.1 2.4 0.7
v -1.1 2.4 0.6
v -1.1 2.5 1
v -1.1 2.6 1.1
v -1.1 2.6 1
v -1 0 -1.7
v -1 0 -1.8
v -1 0.3 -1.7
v -1 0.3 -1.8
v -1 0.4 -1.6
v -1 0.4 -1.7
v -1 0.5 -1.6
v -1 0.5 -1.7
v -1 0.6 -1.5
v -1 0.6 -1.6
v -1 0.7 -1.4
v -1 0.7 -1.5
v -1 0.7 -1.6
v -1 0.8 -1.2
v -1 0.8 -1.3
v -1 0.8 -1.4
v -1 0.8 -1.5
v -1 0.9 -0.5
v -1 0.9 -1.1
v -1 0.9 -1.2
v -1 0.9 -1.3
v -1 1 -0.3
v -1 1 -0.4
v -1 1 -0.5
v -1 1 -1.1
v -1 1.1 1.5
v -1 1.1 1.4
v -1 1.1 -0.1
v -1 1.1 -0.2
v -1 1.1 -0.3
v -1 1.1 -0.4
v -1 1.2 -0.1
v -1 1.2 -0.2
v -1 1.3 1.6
v -1 1.3 1.5
v -1 1.4 1.5
v -1 1.4 1.4
v -1 1.5 1.6
v -1 1.5 1.5
v -1 2.2 0.6
v -1 2.2 0.4
v -1 2.3 0.5
v -1 2.3 0.4
v -1 2.4 0.6
v -1 2.4 0.5
v -0.9 0 -1.8
v -0.9 0 -1.9
v -0.9 0.2 -1.8
v -0.9 0.2 -1.9
v -0.9 0.3 1.5
v -0.9 0.3 1.4
v -0.9 0.3 -1.7
v -0.9 0.3 -1.8
v -0.9 0.5 1.5
v -0.9 0.5 1.4
v -0.9 0.5 -1.6
v -0.9 0.5 -1.7
v -0.9 0.5 -1.8
v -0.9 0.6 -1.6
v -0.9 0.6 -1.7
v -0.9 0.7 -1.5
v -0.9 0.7 -1.6
v -0.9 0.8 -1.3
v -0.9 0.8 -1.4
v -0.9 0.8 -1.5
v -0.9 0.8 -1.6
v -0.9 0.9 -1.1
v -0.9 0.9 -1.2
v -0.9 0.9 -1.3
v -0.9 0.9 -1.4
v -0.9 1 -0.4
v -0.9 1 -1
v -0.9 1 -1.1
v -0.9 1 -1.3
v -0.9 1.1 -0.2
v -0.9 1.1 -0.3
v -0.9 1.1 -0.4
v -0.9 1.1 -1
v -0.9 1.2 -0.2
v -0.9 1.2 -0.3
v -0.9 2.5 1
v -0.9 2.5 0.9
v -0.9 2.6 1
v -0.9 2.6 0.9
v -0.8 0.2 -1.8
v -0.8 0.2 -1.9
v -0.8 0.3 -1.8
v -0.8 0.4 -1.8
v -0.8 0.4 -1.9
v -0.8 0.5 -1.7
v -0.8 0.5 -1.8
v -0.8 0.6 -1.6
v -0.8 0.6 -1.7
v -0.8 0.6 -1.8
v -0.8 0.7 -1.6
v -0.8 0.7 -1.7
v -0.8 0.8 -1.4
v -0.8 0.8 -1.5
v -0.8 0.9 -1.4
v -0.8 0.9 -1.5
v -0.8 1 -1
v -0.8 1 -1.2
v -0.8 1.1 -0.3
v -0.8 1.1 -0.5
v -0.8 1.1 -1
v -0.8 1.1 -1.2
v -0.8 1.2 -0.3
v -0.8 1.2 -0.4
v -0.8 1.3 -0.4
v -0.8 1.3 -0.5
v -0.8 2.5 0.9
v -0.8 2.5 0.8
v -0.8 2.6 0.9
v -0.8 2.6 0.8
v -0.7 0.2 1.5
v -0.7 0.2 1.4
v -0.7 0.3 1.5
v -0.7 0.3 1.4
v -0.7 0.4 -1.8
v -0.7 0.4 -1.9
v -0.7 0.5 -1.8
v -0.7 0.5 -1.9
v -0.7 0.7 -1.6
v -0.7 0.7 -1.7
v -0.7 0.8 -1.6
v -0.7 0.8 -1.7
v -0.7 1.1 -0.5
v -0.7 1.1 -0.6
v -0.7 1.2 -0.1
v -0.7 1.2 -0.4
v -0.7 1.3 -0.1
v -0.7 1.3 -0.4
v -0.7 1.3 -0.5
v -0.7 1.4 0.0999999
v -0.7 1.4 0
v -0.7 1.4 -0.5
v -0.7 1.4 -0.6
v -0.7 1.5 0.0999999
v -0.7 1.5 0
v -0.7 1.7 1.5
v -0.7 1.7 1.4
v -0.7 1.8 1.5
v -0.7 1.8 1.4
v -0.7 1.8 1.3
v -0.7 2 1.4
v -0.7 2 1.3
v -0.7 2.2 0.4
v -0.7 2.2 0.3
v -0.7 2.3 0.4
v -0.7 2.3 0.3
v -0.7 2.4 0.7
v -0.7 2.4 0.5
v -0.7 2.5 1.3
v -0.7 2.5 1.1
v -0.7 2.5 1
v -0.7 2.5 0.7
v -0.7 2.5 0.5
v -0.7 2.6 1.3
v -0.7 2.6 1.1
v -0.7 2.6 1
v -0.7 2.6 0.8
v -0.7 2.7 0.9
v -0.7 2.7 0.8
v -0.7 2.8 1.1
v -0.7 2.8 0.9
v -0.6 0 -1.9
v -0.6 0 -2
v -0.6 0.2 -1.9
v -0.6 0.2 -2
v -0.6 0.6 -1.7
v -0.6 0.6 -1.8
v -0.6 0.7 -1.7
v -0.6 0.7 -1.8
v -0.6 1.1 -0.6
v -0.6 1.1 -1
v -0.6 1.2 -0.6
v -0.6 1.2 -1
v -0.6 1.3 0
v -0.6 1.3 -0.5
v -0.6 1.4 0
v -0.6 1.4 -0.5
v -0.6 1.4 -0.6
v -0.6 1.5 0.0999999
v -0.6 1.5 0
v -0.6 1.5 -0.5
v -0.6 1.5 -0.6
v -0.6 1.8 0.0999999
v -0.6 1.8 0
v -0.6 1.9 0
v -0.6 1.9 -0.1
v -0.6 2 1.4
v -0.6 2 1.1
v -0.6 2 0
v -0.6 2 -0.1
v -0.6 2.1 1.4
v -0.6 2.1 1.1
v -0.6 2.3 0.5
v -0.6 2.3 0.3
v -0.6 2.4 0.4
v -0.6 2.4 0.3
v -0.6 2.5 0.8
v -0.6 2.5 0.5
v -0.6 2.5 0.4
v -0.6 2.6 1.4
v -0.6 2.6 1.3
v -0.6 2.6 1.1
v -0.6 2.6 0.8
v -0.6 2.6 0.7
v -0.6 2.6 0.5
v -0.6 2.6 0.4
v -0.6 2.7 1.4
v -0.6 2.7 1.2
v -0.6 2.7 0.9
v -0.6 2.7 0.8
v -0.6 2.8 1.1
v -0.6 2.8 0.9
v -0.6 2.9 1.2
v -0.6 2.9 0.8
v -0.6 2.9 0.7
v -0.6 2.9 0.6
v -0.6 3 0.8
v -0.6 3 0.6
v -0.5 0.2 -1.9
v -0.5 0.2 -2
v -0.5 0.3 -1.9
v -0.5 0.3 -2
v -0.5 0.5 -1.8
v -0.5 0.5 -1.9
v -0.5 0.6 -1.8
v -0.5 0.6 -1.9
v -0.5 1.2 -0.6
v -0.5 1.2 -0.7
v -0.5 1.4 0
v -0.5 1.4 -0.5
v -0.5 1.4 -0.6
v -0.5 1.4 -0.7
v -0.5 1.5 -0.1
v -0.5 1.5 -0.4
v -0.5 1.5 -0.5
v -0.5 1.5 -0.6
v -0.5 1.6 -0.4
v -0.5 1.6 -0.6
v -0.5 1.9 0
v -0.5 1.9 -0.1
v -0.5 2.1 1.2
v -0.5 2.1 1
v -0.5 2.2 1.2
v -0.5 2.2 1
v -0.5 2.2 0.9
v -0.5 2.3 1
v -0.5 2.3 0.9
v -0.5 2.4 0.4
v -0.5 2.4 0.3
v -0.5 2.5 0.4
v -0.5 2.6 0.7
v -0.5 2.6 0.5
v -0.5 2.6 0.4
v -0.5 2.6 0.3
v -0.5 2.7 1.4
v -0.5 2.7 1.2
v -0.5 2.7 0.7
v -0.5 2.7 0.5
v -0.5 2.7 0.4
v -0.5 2.8 1.4
v -0.5 2.8 1.2
v -0.5 2.9 1
v -0.5 2.9 0.8
v -0.5 2.9 0.7
v -0.5 2.9 0.6
v -0.5 2.9 0.5
v -0.5 3 1
v -0.5 3 0.8
v -0.4 1.5 -0.1
v -0.4 1.5 -0.4
v -0.4 1.6 -0.4
v -0.4 1.6 -0.5
v -0.4 1.7 -0.2
v -0.4 1.7 -0.5
v -0.4 1.8 -0.1
v -0.4 1.8 -0.2
v -0.4 2 0.0999999
v -0.4 2 0
v -0.4 2.1 0.0999999
v -0.4 2.1 0
v -0.4 2.2 1.1
v -0.4 2.2 1
v -0.4 2.2 0.3
v -0.4 2.2 0.2
v -0.4 2.3 0.3
v -0.4 2.3 0.2
v -0.4 2.4 1.2
v -0.4 2.4 1.1
v -0.4 2.4 1
v -0.4 2.4 0.3
v -0.4 2.5 1.2
v -0.4 2.5 1.1
v -0.4 2.5 0.3
v -0.4 2.5 0.2
v -0.4 2.8 1.4
v -0.4 2.8 1.2
v -0.4 2.9 1.4
v -0.4 2.9 1.3
v -0.4 2.9 1.2
v -0.4 2.9 1
v -0.4 3 1.3
v -0.4 3 1
v -0.3 2.1 0.2
v -0.3 2.1 0
v -0.3 2.2 1.2
v -0.3 2.2 1.1
v -0.3 2.2 0.0999999
v -0.3 2.2 0
v -0.3 2.3 0.2
v -0.3 2.3 0.0999999
v -0.3 2.4 1.2
v -0.3 2.4 1.1
v -0.3 2.5 1.3
v -0.3 2.5 1.2
v -0.3 2.5 0.3
v -0.3 2.5 0.2
v -0.3 2.6 1.3
v -0.3 2.6 1.2
v -0.3 2.6 0.3
v -0.3 2.6 0.0999999
v -0.3 2.7 0.5
v -0.3 2.7 0.4
v -0.3 2.8 0.5
v -0.3 2.8 0.4
v -0.3 2.9 0.6
v -0.3 2.9 0.5
v -0.3 3 1.3
v -0.3 3 0.7
v -0.3 3 0.6
v -0.3 3 0.5
v -0.3 3 0.4
v -0.3 3.1 1.3
v -0.3 3.1 0.7
v -0.2 0.9 1.4
v -0.2 0.9 1.3
v -0.2 1 1.4
v -0.2 1 1.3
v -0.2 1.1 1.3
v -0.2 1.1 1.2
v -0.2 1.5 1.3
v -0.2 1.5 1.2
v -0.2 2.1 1.3
v -0.2 2.1 1.2
v -0.2 2.1 1.1
v -0.2 2.2 1.2
v -0.2 2.2 1.1
v -0.2 2.2 0.0999999
v -0.2 2.2 0
v -0.2 2.3 0.0999999
v -0.2 2.4 0.0999999
v -0.2 2.4 0
v -0.2 2.5 1.3
v -0.2 2.5 1.2
v -0.2 2.5 0.0999999
v -0.2 2.5 0
v -0.2 2.6 0.4
v -0.2 2.6 0.2
v -0.2 2.7 0.3
v -0.2 2.7 0.2
v -0.2 2.8 0.4
v -0.2 2.9 1.4
v -0.2 2.9 1.3
v -0.2 2.9 0.4
v -0.2 2.9 0.3
v -0.2 3 0.7
v -0.2 3 0.5
v -0.2 3.1 1.4
v -0.2 3.1 1.3
v -0.2 3.1 1
v -0.2 3.1 0.7
v -0.2 3.1 0.5
v -0.2 3.2 1.1
v -0.2 3.2 1
v -0.2 3.3 1.3
v -0.2 3.3 1.1
v -0.0999999 1 1.4
v -0.0999999 1 1.3
v -0.0999999 1.1 1.4
v -0.0999999 1.1 1.3
v -0.0999999 1.2 -0.7
v -0.0999999 1.2 -0.8
v -0.0999999 1.3 -0.7
v -0.0999999 1.3 -0.8
v -0.0999999 1.4 -0.6
v -0.0999999 1.4 -0.7
v -0.0999999 1.5 -0.6
v -0.0999999 1.5 -0.7
v -0.0999999 1.9 1.4
v -0.0999999 1.9 1.3
v -0.0999999 2 1.4
v -0.0999999 2 1.3
v -0.0999999 2 1.2
v -0.0999999 2.1 1.3
v -0.0999999 2.1 1.2
v -0.0999999 2.2 1.4
v -0.0999999 2.2 1.3
v -0.0999999 2.5 1.4
v -0.0999999 2.5 1.3
v -0.0999999 2.7 0.3
v -0.0999999 2.7 0.2
v -0.0999999 2.8 0.3
v -0.0999999 2.8 0.2
v -0.0999999 3.1 1
v -0.0999999 3.1 0.7
v -0.0999999 3.2 1
v -0.0999999 3.2 0.7
v 2.38419e-07 1.1 1.4
v 2.38419e-07 1.1 1.3
v 2.38419e-07 1.2 1.4
v 2.38419e-07 1.2 1.3
v 2.38419e-07 2 1.4
v 2.38419e-07 2 1.3
v 2.38419e-07 2.1 1.4
v 2.38419e-07 2.1 1.3
v 2.38419e-07 2.2 1.4
v 2.38419e-07 2.2 1.3
v 2.38419e-07 2.5 1.4
v 2.38419e-07 2.5 1.3
v 2.38419e-07 2.6 0.2
v 2.38419e-07 2.6 0.0999999
v 2.38419e-07 2.7 0.2
v 2.38419e-07 2.7 0.0999999
v 2.38419e-07 2.8 1.4
v 2.38419e-07 2.8 1.3
v 2.38419e-07 3.2 1.1
v 2.38419e-07 3.2 0.8
v 2.38419e-07 3.3 1.1
v 2.38419e-07 3.3 0.8
v 0.1 1.3 -0.7
v 0.1 1.3 -0.8
v 0.1 1.4 -0.7
v 0.1 1.4 -0.8
v 0.1 1.5 -0.6
v 0.1 1.5 -0.7
v 0.1 1.6 -0.5
v 0.1 1.6 -0.6
v 0.1 1.6 -0.7
v 0.1 1.7 -0.1
v 0.1 1.7 -0.4
v 0.1 1.7 -0.5
v 0.1 1.7 -0.6
v 0.1 1.8 -0.1
v 0.1 1.8 -0.4
v 0.1 1.9 0.0999999
v 0.1 1.9 0
v 0.1 2 1.5
v 0.1 2 1.4
v 0.1 2.1 1.4
v 0.1 2.2 0.0999999
v 0.1 2.2 0
v 0.1 2.3 1.5
v 0.1 2.3 1.4
v 0.1 2.5 0.0999999
v 0.1 2.5 0
v 0.1 2.6 1.5
v 0.1 2.6 1.4
v 0.1 2.6 0.0999999
v 0.1 2.6 0
v 0.1 2.7 0.2
v 0.1 2.7 0.0999999
v 0.1 2.8 0.2
v 0.1 2.8 0.0999999
v 0.1 2.9 1.5
v 0.1 2.9 1.4
v 0.1 3.1 0.7
v 0.1 3.1 0.6
v 0.1 3.2 0.7
v 0.1 3.2 0.6
v 0.1 3.3 1
v 0.1 3.3 0.8
v 0.1 3.4 1
v 0.1 3.4 0.8
v 0.2 0.6 1.5
v 0.2 0.6 1.4
v 0.2 0.7 1.5
v 0.2 0.7 1.4
v 0.2 1.4 -0.7
v 0.2 1.4 -0.8
v 0.2 1.5 -0.7
v 0.2 1.5 -0.8
v 0.2 1.7 1.3
v 0.2 1.7 1.2
v 0.2 1.8 1.3
v 0.2 1.8 1.2
v 0.2 1.8 0
v 0.2 1.8 -0.2
v 0.2 1.9 -0.1
v 0.2 1.9 -0.2
v 0.2 2 0
v 0.2 2 -0.1
v 0.2 2.4 1.5
v 0.2 2.4 1.4
v 0.2 2.6 1.5
v 0.2 2.6 1.4
v 0.2 3.2 0.8
v 0.2 3.2 0.6
v 0.2 3.3 0.7
v 0.2 3.3 0.6
v 0.2 3.4 0.8
v 0.2 3.5 0.8
v 0.2 3.5 0.7
v 0.3 0.6 -1.3
v 0.3 0.6 -1.5
v 0.3 0.6 -1.6
v 0.3 0.7 -1.3
v 0.3 0.7 -1.5
v 0.3 0.7 -1.6
v 0.3 0.9 -1
v 0.3 0.9 -1.1
v 0.3 1.2 -0.8
v 0.3 1.2 -0.9
v 0.3 1.2 -1
v 0.3 1.2 -1.1
v 0.3 1.4 -0.8
v 0.3 1.4 -0.9
v 0.3 1.5 -0.7
v 0.3 1.5 -0.8
v 0.3 1.6 1.4
v 0.3 1.6 1.2
v 0.3 1.6 -0.6
v 0.3 1.6 -0.7
v 0.3 1.6 -0.8
v 0.3 1.7 1.3
v 0.3 1.7 1.2
v 0.3 1.7 -0.4
v 0.3 1.7 -0.5
v 0.3 1.7 -0.6
v 0.3 1.7 -0.7
v 0.3 1.8 1.3
v 0.3 1.8 -0.4
v 0.3 1.8 -0.5
v 0.3 1.9 1.4
v 0.3 1.9 1.3
v 0.3 2.5 0.2
v 0.3 2.5 0.0999999
v 0.3 2.6 0.2
v 0.3 2.6 0.0999999
v 0.3 2.6 0
v 0.3 2.7 0.0999999
v 0.3 2.7 0
v 0.3 2.8 0.4
v 0.3 2.8 0.0999999
v 0.3 2.9 0.4
v 0.3 2.9 0.0999999
v 0.3 3 0.6
v 0.3 3 0.5
v 0.3 3.1 0.6
v 0.3 3.1 0.5
v 0.3 3.3 0.7
v 0.3 3.3 0.6
v 0.3 3.5 0.7
v 0.3 3.5 0.6
v 0.3 3.5 0.5
v 0.3 3.6 0.7
v 0.3 3.6 0.5
v 0.4 0.7 -1.2
v 0.4 0.7 -1.5
v 0.4 0.7 -1.7
v 0.4 0.8 -1.1
v 0.4 0.8 -1.2
v 0.4 0.8 -1.3
v 0.4 0.8 -1.5
v 0.4 0.8 -1.7
v 0.4 0.9 -1.1
v 0.4 0.9 -1.2
v 0.4 0.9 -1.3
v 0.4 1.1 -1.1
v 0.4 1.1 -1.2
v 0.4 1.5 1.3
v 0.4 1.5 1.2
v 0.4 1.6 1.3
v 0.4 1.6 1.2
v 0.4 1.7 1.5
v 0.4 1.7 1.4
v 0.4 2 1.5
v 0.4 2 1.4
v 0.4 2.9 0.5
v 0.4 2.9 0.4
v 0.4 3 0.5
v 0.4 3 0.4
v 0.5 0.8 -1.3
v 0.5 0.8 -1.4
v 0.5 0.8 -1.5
v 0.5 0.8 -1.6
v 0.5 0.9 -1.2
v 0.5 0.9 -1.3
v 0.5 0.9 -1.4
v 0.5 0.9 -1.5
v 0.5 0.9 -1.6
v 0.5 1 1.5
v 0.5 1 1.4
v 0.5 1 -1.3
v 0.5 1 -1.5
v 0.5 1.1 1.5
v 0.5 1.1 1.4
v 0.5 1.1 -1.2
v 0.5 1.1 -1.3
v 0.5 2 0
v 0.5 2 -0.1
v 0.5 2.1 0
v 0.5 2.1 -0.1
v 0.5 2.4 0.7
v 0.5 2.4 0.6
v 0.5 2.5 0.7
v 0.5 2.6 0.7
v 0.5 2.6 0.6
v 0.6 1.9 -0.1
v 0.6 1.9 -0.2
v 0.6 2 -0.1
v 0.6 2 -0.2
v 0.6 2.2 0.7
v 0.6 2.2 0.6
v 0.6 2.3 0.7
v 0.6 2.3 0.6
v 0.6 2.5 0.8
v 0.6 2.5 0.7
v 0.6 2.6 0.8
v 0.6 2.6 0.7
v 0.7 0.8 1.5
v 0.7 0.8 1.4
v 0.7 1 1.5
v 0.7 1 1.4
v 0.7 2.1 0.8
v 0.7 2.1 0.7
v 0.7 2.2 0.8
v 0.7 2.2 0.7
v 0.7 2.3 0.7
v 0.7 2.3 0.6
v 0.7 2.4 0.9
v 0.7 2.4 0.7
v 0.7 2.4 0.6
v 0.7 2.5 0.9
v 0.7 2.5 0.8
v 0.7 2.5 0.7
v 0.7 2.6 0.9
v 0.7 2.6 0.8
v 0.7 2.8 1.3
v 0.7 2.8 1.2
v 0.7 2.9 1.2
v 0.7 2.9 1.1
v 0.7 3 1.3
v 0.7 3 1.1
v 0.8 0.6 1.5
v 0.8 0.6 1.4
v 0.8 0.8 1.5
v 0.8 0.8 1.4
v 0.8 2.2 0.8
v 0.8 2.2 0.7
v 0.8 2.3 1
v 0.8 2.3 0.9
v 0.8 2.3 0.8
v 0.8 2.3 0.7
v 0.8 2.3 0.3
v 0.8 2.3 0.2
v 0.8 2.3 0.0999999
v 0.8 2.4 1.2
v 0.8 2.4 1
v 0.8 2.4 0.9
v 0.8 2.4 0.8
v 0.8 2.4 0.7
v 0.8 2.4 0.3
v 0.8 2.4 0.2
v 0.8 2.5 1.2
v 0.8 2.5 0.9
v 0.8 2.5 0.2
v 0.8 2.5 0.0999999
v 0.8 2.6 1.4
v 0.8 2.6 1.3
v 0.8 2.9 1.4
v 0.8 2.9 1.3
v 0.8 3 1.2
v 0.8 3 1.1
v 0.8 3.1 1.2
v 0.8 3.1 1.1
v 0.9 0.2 1.5
v 0.9 0.2 1.4
v 0.9 0.6 1.5
v 0.9 0.6 1.4
v 0.9 0.8 1.6
v 0.9 0.8 1.5
v 0.9 1 1.6
v 0.9 1 1.5
v 0.9 1.5 1.2
v 0.9 1.5 1.1
v 0.9 1.6 1.2
v 0.9 1.6 1.1
v 0.9 1.8 1.5
v 0.9 1.8 1.4
v 0.9 1.9 1.5
v 0.9 1.9 1.4
v 0.9 2.2 0.9
v 0.9 2.2 0.8
v 0.9 2.2 0.2
v 0.9 2.2 0.0999999
v 0.9 2.2 0
v 0.9 2.3 0.9
v 0.9 2.3 0.8
v 0.9 2.3 0.2
v 0.9 2.3 0.0999999
v 0.9 2.4 0.0999999
v 0.9 2.4 0
v 1 0 1.5
v 1 0 1.4
v 1 0.2 1.5
v 1 0.2 1.4
v 1 0.6 1.6
v 1 0.6 1.5
v 1 0.8 1.6
v 1 0.8 1.5
v 1 1.4 1.2
v 1 1.4 1.1
v 1 1.5 1.3
v 1 1.5 1.2
v 1 1.5 1.1
v 1 1.6 1.2
v 1 1.6 0.9
v 1 1.7 1.3
v 1 1.7 0.9
v 1 1.8 1.4
v 1 1.8 1.3
v 1 1.8 0.8
v 1 1.8 0.7
v 1 1.9 1.5
v 1 1.9 1.4
v 1 2 1.5
v 1 2 1.3
v 1 2.1 0.8
v 1 2.1 0.7
v 1 2.2 1.2
v 1 2.2 0.9
v 1 2.3 1.2
v 1 2.3 1.1
v 1 2.3 1
v 1 2.3 0.9
v 1 2.4 1.1
v 1 2.4 1
v 1.1 0.2 1.6
v 1.1 0.2 1.5
v 1.1 0.6 1.7
v 1.1 0.6 1.6
v 1.1 0.6 1.5
v 1.1 0.8 1.7
v 1.1 0.8 1.6
v 1.1 1.1 1.2
v 1.1 1.1 1.1
v 1.1 1.2 1.3
v 1.1 1.2 1.2
v 1.1 1.4 1.2
v 1.1 1.4 1.1
v 1.1 1.5 1.3
v 1.1 1.5 1.2
v 1.1 1.7 1.3
v 1.1 1.7 0.8
v 1.1 1.8 1.2
v 1.1 1.8 0.9
v 1.1 2 1.4
v 1.1 2 1.3
v 1.1 2.1 1.2
v 1.1 2.1 1.1
v 1.1 2.1 0.9
v 1.1 2.1 0.8
v 1.1 2.2 1.4
v 1.1 2.2 1.2
v 1.1 2.2 1.1
v 1.1 2.2 0.8
v 1.2 0 1.6
v 1.2 0 1.5
v 1.2 0.2 1.7
v 1.2 0.2 1.6
v 1.2 0.2 1.5
v 1.2 0.3 1.8
v 1.2 0.3 1.7
v 1.2 0.6 1.8
v 1.2 0.6 1.7
v 1.2 0.6 1.6
v 1.2 1.1 1.3
v 1.2 1.1 1.2
v 1.2 1.2 1.4
v 1.2 1.2 1.3
v 1.2 1.2 1.2
v 1.2 1.7 1.4
v 1.2 1.7 1.3
v 1.2 1.7 0.2
v 1.2 1.7 0.0999999
v 1.2 1.8 1.2
v 1.2 1.8 0.9
v 1.2 1.9 0.2
v 1.2 1.9 0.0999999
v 1.2 2.1 1.2
v 1.2 2.1 1.1
v 1.2 2.1 0.9
v 1.3 0 1.8
v 1.3 0 1.6
v 1.3 0.2 1.7
v 1.3 0.2 1.6
v 1.3 0.3 1.8
v 1.3 0.3 1.7
v 1.3 1 1.4
v 1.3 1 1.3
v 1.3 1.2 1.4
v 1.3 1.2 1.3
v 1.4 2.5 0.4
v 1.4 2.5 0.3
v 1.4 2.6 0.4
v 1.4 2.6 0.3
v 1.6 1 0
v 1.6 1 -0.1
v 1.6 1.2 0
v 1.6 1.2 -0.1
v 1.7 2.1 1
v 1.7 2.1 0.9
v 1.7 2.2 1
v 1.7 2.2 0.9
v -1.9 0.7 1.4
v -1.9 0.7 1.3
v -1.9 0.8 1.4
v -1.9 0.8 1.3
v -1.9 0.8 1.2
v -1.9 0.9 1.3
v -1.9 0.9 1.2
v -1.9 0.9 1.1
v -1.9 1 1.2
v -1.9 1 1.1
v -1.9 1.4 1.2
v -1.9 1.4 1.1
v -1.9 1.5 1.3
v -1.9 1.5 1.2
v -1.9 1.5 1.1
v -1.9 1.6 1.4
v -1.9 1.6 1.3
v -1.9 1.6 1.2
v -1.9 1.6 0.7
v -1.9 1.6 0.4
v -1.9 1.7 1.4
v -1.9 1.7 1.3
v -1.9 1.7 0.7
v -1.9 1.7 0.4
v -1.9 1.8 0.9
v -1.9 1.8 0.8
v -1.9 1.9 0.9
v -1.9 1.9 0.8
v -1.8 0 1.3
v -1.8 0 1.2
v -1.8 0.3 1.3
v -1.8 0.3 1.2
v -1.8 0.4 1.4
v -1.8 0.4 1.3
v -1.8 0.5 1.5
v -1.8 0.5 1.4
v -1.8 0.5 1.3
v -1.8 0.6 1.6
v -1.8 0.6 1.5
v -1.8 0.7 1.6
v -1.8 0.7 1.4
v -1.8 0.7 1.3
v -1.8 0.7 1.2
v -1.8 0.8 1.3
v -1.8 0.8 1.2
v -1.8 0.8 1.1
v -1.8 0.9 1.2
v -1.8 0.9 1.1
v -1.8 1 1.1
v -1.8 1 1
v -1.8 1.4 1.1
v -1.8 1.4 1
v -1.8 1.5 1.2
v -1.8 1.5 1.1
v -1.8 1.5 0.5
v -1.8 1.5 0.4
v -1.8 1.6 1.3
v -1.8 1.6 1.2
v -1.8 1.6 1.1
v -1.8 1.6 0.5
v -1.8 1.6 0.4
v -1.8 1.7 1.3
v -1.8 1.7 1.2
v -1.7 1.9 1.5
v -1.7 1.9 1.4
v -1.7 2 1.5
v -1.7 2 1.4
v -1.6 1.2 0.2
v -1.6 1.2 0.0999999
v -1.6 1.3 0.2
v -1.6 1.3 0.0999999
v -1.6 1.6 0.2
v -1.6 1.6 0.0999999
v -1.6 1.7 0.2
v -1.6 1.7 0.0999999
v -1.3 1.7 1.6
v -1.3 1.7 1.5
v -1.3 1.8 1.6
v -1.3 1.8 1.5
v -1.3 1.9 1.5
v -1.3 1.9 1.4
v -1.3 2 1.5
v -1.3 2 1.4
v -1.3 2.1 1.4
v -1.3 2.1 1.2
v -1.3 2.2 1.4
v -1.3 2.2 1.2
v -1.2 2 1.4
v -1.2 2 1.2
v -1.2 2 0.0999999
v -1.2 2 0
v -1.2 2.1 1.4
v -1.2 2.1 1.2
v -1.2 2.1 0.0999999
v -1.2 2.1 0
v -1.2 2.2 1.1
v -1.2 2.2 1
v -1.2 2.3 1.1
v -1.2 2.3 1
v -1.2 2.5 0.9
v -1.2 2.5 0.8
v -1.2 2.5 0.7
v -1.2 2.6 0.9
v -1.2 2.6 0.7
v -1.1 1.3 0
v -1.1 1.3 -0.1
v -1.1 1.4 0
v -1.1 1.4 -0.1
v -1.1 1.6 0
v -1.1 1.6 -0.1
v -1.1 1.7 1.5
v -1.1 1.7 1.4
v -1.1 1.8 0
v -1.1 1.8 -0.1
v -1.1 1.9 1.5
v -1.1 1.9 1.4
v -1 1.4 0.0999999
v -1 1.4 0
v -1 1.8 0.0999999
v -1 1.8 0
v -1 2.1 1.1
v -1 2.1 1
v -1 2.2 1.1
v -1 2.2 1
v -0.9 1.1 1.5
v -0.9 1.1 1.4
v -0.9 1.3 1.6
v -0.9 1.3 1.5
v -0.9 1.5 1.6
v -0.9 1.5 1.5
v -0.9 1.5 1.4
v -0.9 1.8 1.4
v -0.9 1.8 1.3
v -0.9 1.9 1.4
v -0.9 1.9 1.3
v -0.9 2 1.2
v -0.9 2 1.1
v -0.9 2.1 1.2
v -0.9 2.1 1.1
v -0.9 2.2 1
v -0.9 2.2 0.9
v -0.9 2.3 1
v -0.9 2.3 0.9
v -0.9 2.5 1.1
v -0.9 2.5 1
v -0.9 2.6 1.1
v -0.9 2.6 1
v -0.8 0.9 -1.2
v -0.8 0.9 -1.3
v -0.8 1 -1.2
v -0.8 1 -1.3
v -0.8 1.1 1.4
v -0.8 1.1 1.3
v -0.8 1.5 1.5
v -0.8 1.5 1.4
v -0.8 1.5 1.3
v -0.8 1.6 1.5
v -0.8 1.6 1.4
v -0.8 1.9 1.4
v -0.8 1.9 1.3
v -0.8 2 1.4
v -0.8 2 1.3
v -0.7 0.3 1.5
v -0.7 0.3 1.4
v -0.7 0.5 1.5
v -0.7 0.5 1.4
v -0.7 0.8 -1.1
v -0.7 0.8 -1.5
v -0.7 0.9 -1.2
v -0.7 0.9 -1.5
v -0.7 1 1.4
v -0.7 1 1.3
v -0.7 1.1 1.4
v -0.7 1.1 1.3
v -0.7 1.1 -1.1
v -0.7 1.1 -1.2
v -0.7 1.5 1.4
v -0.7 1.5 1.3
v -0.7 1.6 1.5
v -0.7 1.6 1.4
v -0.7 1.6 1.3
v -0.7 1.7 1.5
v -0.7 1.7 1.4
v -0.6 0.7 -1.2
v -0.6 0.7 -1.4
v -0.6 0.7 -1.5
v -0.6 0.8 -1.2
v -0.6 0.8 -1.5
v -0.6 0.9 1.4
v -0.6 0.9 1.3
v -0.6 0.9 -1
v -0.6 0.9 -1.1
v -0.6 1 1.4
v -0.6 1 1.3
v -0.6 1.1 1.3
v -0.6 1.1 1.2
v -0.6 1.1 -1
v -0.6 1.1 -1.1
v -0.6 1.5 1.3
v -0.6 1.5 1.2
v -0.6 1.6 1.4
v -0.6 1.6 1.3
v -0.6 1.7 1.5
v -0.6 1.7 1.4
v -0.6 1.7 1.3
v -0.6 1.8 1.5
v -0.6 1.8 1.4
v -0.5 0.2 1.5
v -0.5 0.2 1.4
v -0.5 0.3 1.5
v -0.5 0.3 1.4
v -0.5 1.9 0
v -0.5 1.9 -0.1
v -0.5 2 1.4
v -0.5 2 1.2
v -0.5 2 0
v -0.5 2 -0.1
v -0.5 2.1 1.4
v -0.5 2.1 1.2
v -0.5 2.5 1.3
v -0.5 2.5 1.2
v -0.5 2.6 1.3
v -0.5 2.6 1.2
v -0.4 1.9 1.4
v -0.4 1.9 1.3
v -0.4 2 1.4
v -0.4 2 1.3
v -0.4 2.1 1.2
v -0.4 2.1 1.1
v -0.4 2.2 1.2
v -0.4 2.2 1.1
v -0.4 2.6 1.4
v -0.4 2.6 1.3
v -0.4 2.7 1.4
v -0.4 2.7 1.3
v -0.3 1.8 0
v -0.3 1.8 -0.1
v -0.3 1.9 0
v -0.3 1.9 -0.1
v -0.3 2.7 1.4
v -0.3 2.7 1.3
v -0.3 2.8 1.4
v -0.3 2.8 1.3
v -0.2 1.7 1.4
v -0.2 1.7 1.3
v -0.2 1.7 -0.1
v -0.2 1.7 -0.2
v -0.2 1.8 1.4
v -0.2 1.8 1.3
v -0.2 1.8 -0.1
v -0.2 1.8 -0.2
v -0.2 1.9 0.0999999
v -0.2 1.9 0
v -0.2 2.2 0.0999999
v -0.2 2.2 0
v -0.2 2.9 0.5
v -0.2 2.9 0.4
v -0.2 3 0.5
v -0.2 3 0.4
v -0.0999999 0.7 -1.5
v -0.0999999 0.7 -1.7
v -0.0999999 0.8 -1.5
v -0.0999999 0.8 -1.7
v -0.0999999 1.8 1.4
v -0.0999999 1.8 1.3
v -0.0999999 1.9 1.4
v -0.0999999 1.9 1.3
v -0.0999999 2.8 0.4
v -0.0999999 2.8 0.3
v -0.0999999 2.9 0.4
v -0.0999999 2.9 0.3
v -0.0999999 3 0.6
v -0.0999999 3 0.5
v -0.0999999 3.1 0.6
v -0.0999999 3.1 0.5
v -0.0999999 3.2 1.3
v -0.0999999 3.2 1.2
v -0.0999999 3.3 1.3
v -0.0999999 3.3 1.2
v 2.38419e-07 0.6 -1.3
v 2.38419e-07 0.6 -1.4
v 2.38419e-07 0.6 -1.5
v 2.38419e-07 0.6 -1.6
v 2.38419e-07 0.7 -1.3
v 2.38419e-07 0.7 -1.4
v 2.38419e-07 0.7 -1.6
v 2.38419e-07 1.4 1.3
v 2.38419e-07 1.4 1.2
v 2.38419e-07 1.8 1.3
v 2.38419e-07 1.8 1.2
v 0.2 2.5 0.2
v 0.2 2.5 0
v 0.2 2.6 0.2
v 0.2 2.6 0.0999999
v 0.2 2.6 0
v 0.2 3 1.4
v 0.2 3 1.3
v 0.2 3.1 1.4
v 0.2 3.1 1.3
v 0.2 3.2 1.2
v 0.2 3.2 1
v 0.2 3.3 1.2
v 0.2 3.3 1
v 0.2 3.3 0.9
v 0.2 3.4 1
v 0.2 3.4 0.9
v 0.3 0.6 1.5
v 0.3 0.6 1.4
v 0.3 0.7 1.5
v 0.3 0.7 1.4
v 0.3 2.2 0.7
v 0.3 2.2 0.6
v 0.3 2.3 0.8
v 0.3 2.3 0.7
v 0.3 2.3 0.6
v 0.3 2.4 0.7
v 0.3 2.4 0.6
v 0.3 2.4 0.2
v 0.3 2.4 0
v 0.3 2.5 0.8
v 0.3 2.5 0.6
v 0.3 2.5 0.2
v 0.3 2.5 0.0999999
v 0.3 2.5 0
v 0.3 3.1 1.3
v 0.3 3.1 1.1
v 0.3 3.2 1.3
v 0.3 3.2 1.1
v 0.3 3.2 1
v 0.3 3.2 0.9
v 0.3 3.3 1
v 0.3 3.3 0.9
v 0.4 2.2 0.8
v 0.4 2.2 0.7
v 0.4 2.3 0.8
v 0.4 2.3 0.7
v 0.4 2.5 0.7
v 0.4 2.5 0.6
v 0.4 2.6 0.7
v 0.4 2.6 0.6
v 0.4 2.6 0.0999999
v 0.4 2.6 0
v 0.4 2.7 0.0999999
v 0.4 2.7 0
v 0.4 2.8 1.5
v 0.4 2.8 1.4
v 0.4 2.9 1.5
v 0.4 2.9 1.4
v 0.4 3 1.3
v 0.4 3 1.1
v 0.4 3.1 1.3
v 0.4 3.1 1.1
v 0.4 3.1 1
v 0.4 3.2 1.1
v 0.4 3.2 1
v 0.5 0.2 -1.9
v 0.5 0.2 -2
v 0.5 0.3 -1.9
v 0.5 0.3 -2
v 0.5 0.5 -1.8
v 0.5 0.5 -1.9
v 0.5 0.6 -1.8
v 0.5 0.6 -1.9
v 0.5 1.1 -1
v 0.5 1.1 -1.1
v 0.5 1.2 1.3
v 0.5 1.2 1.2
v 0.5 1.2 -1
v 0.5 1.2 -1.1
v 0.5 1.4 1.3
v 0.5 1.4 1.2
v 0.5 2.1 0.0999999
v 0.5 2.1 0
v 0.5 2.3 0.9
v 0.5 2.3 0.8
v 0.5 2.4 1.5
v 0.5 2.4 1.4
v 0.5 2.4 0.9
v 0.5 2.4 0.8
v 0.5 2.4 0.0999999
v 0.5 2.4 0
v 0.5 2.5 0.8
v 0.5 2.5 0.7
v 0.5 2.6 0.8
v 0.5 2.6 0.7
v 0.5 2.6 0.2
v 0.5 2.6 0.0999999
v 0.5 2.7 0.3
v 0.5 2.7 0.2
v 0.5 2.8 1.5
v 0.5 2.8 1.4
v 0.5 2.9 1.4
v 0.5 2.9 1.1
v 0.5 2.9 0.3
v 0.5 2.9 0.0999999
v 0.5 3 1.4
v 0.5 3 1.1
v 0.6 0 -1.9
v 0.6 0 -2
v 0.6 0.2 -1.9
v 0.6 0.2 -2
v 0.6 0.6 -1.7
v 0.6 0.6 -1.8
v 0.6 0.7 -1.7
v 0.6 0.7 -1.8
v 0.6 0.9 -1.4
v 0.6 0.9 -1.5
v 0.6 1 -1.4
v 0.6 1 -1.5
v 0.6 1.1 1.4
v 0.6 1.1 1.3
v 0.6 1.1 -0.9
v 0.6 1.1 -1
v 0.6 1.2 1.4
v 0.6 1.2 1.3
v 0.6 1.2 -0.9
v 0.6 1.2 -1
v 0.6 1.4 1.2
v 0.6 1.4 1.1
v 0.6 1.5 1.2
v 0.6 1.5 1.1
v 0.6 2 0
v 0.6 2 -0.1
v 0.6 2.1 0.8
v 0.6 2.1 0.7
v 0.6 2.1 0
v 0.6 2.1 -0.1
v 0.6 2.2 1.5
v 0.6 2.2 1.4
v 0.6 2.2 0.8
v 0.6 2.2 0.7
v 0.6 2.2 0.2
v 0.6 2.2 0.0999999
v 0.6 2.3 1.5
v 0.6 2.3 1.4
v 0.6 2.4 1.4
v 0.6 2.4 1.3
v 0.6 2.4 1
v 0.6 2.4 0.9
v 0.6 2.4 0.8
v 0.6 2.4 0.2
v 0.6 2.4 0.0999999
v 0.6 2.5 1
v 0.6 2.5 0.9
v 0.6 2.5 0.8
v 0.6 2.6 0.9
v 0.6 2.6 0.8
v 0.6 2.6 0.4
v 0.6 2.6 0.2
v 0.6 2.7 0.3
v 0.6 2.7 0.2
v 0.6 2.8 1.3
v 0.6 2.8 1.2
v 0.6 2.9 1.4
v 0.6 2.9 1.2
v 0.6 2.9 0.4
v 0.6 2.9 0.3
v 0.6 3.5 0.6
v 0.6 3.5 0.5
v 0.6 3.6 0.6
v 0.6 3.6 0.5
v 0.7 0.4 -1.8
v 0.7 0.4 -1.9
v 0.7 0.5 -1.8
v 0.7 0.5 -1.9
v 0.7 0.7 -1.6
v 0.7 0.7 -1.7
v 0.7 0.8 -1.5
v 0.7 0.8 -1.6
v 0.7 0.8 -1.7
v 0.7 0.9 -1.5
v 0.7 0.9 -1.6
v 0.7 1 -1.2
v 0.7 1 -1.3
v 0.7 1.1 1.3
v 0.7 1.1 1.2
v 0.7 1.1 -0.8
v 0.7 1.1 -0.9
v 0.7 1.1 -1.2
v 0.7 1.1 -1.3
v 0.7 1.2 1.3
v 0.7 1.2 1.2
v 0.7 1.4 -0.8
v 0.7 1.4 -0.9
v 0.7 1.5 1.3
v 0.7 1.5 1.2
v 0.7 1.5 1.1
v 0.7 1.5 -0.7
v 0.7 1.5 -0.8
v 0.7 1.6 1.3
v 0.7 1.6 1.2
v 0.7 1.6 1.1
v 0.7 1.6 -0.6
v 0.7 1.6 -0.7
v 0.7 1.6 -0.8
v 0.7 1.7 1.5
v 0.7 1.7 1.4
v 0.7 1.7 -0.2
v 0.7 1.7 -0.5
v 0.7 1.7 -0.6
v 0.7 1.7 -0.7
v 0.7 1.8 1.4
v 0.7 1.8 0.8
v 0.7 1.8 0.7
v 0.7 1.8 -0.2
v 0.7 1.8 -0.5
v 0.7 2.1 0.9
v 0.7 2.1 0.8
v 0.7 2.1 0.7
v 0.7 2.2 1.5
v 0.7 2.2 1.4
v 0.7 2.2 0.8
v 0.7 2.3 1.4
v 0.7 2.3 0.9
v 0.7 2.3 0.8
v 0.7 2.3 0.3
v 0.7 2.3 0.2
v 0.7 2.4 1.4
v 0.7 2.4 1.3
v 0.7 2.4 1
v 0.7 2.4 0.9
v 0.7 2.4 0.3
v 0.7 2.4 0.2
v 0.7 2.5 1.3
v 0.7 2.5 1
v 0.7 2.5 0.3
v 0.7 2.5 0.2
v 0.7 2.5 0.0999999
v 0.7 2.6 0.3
v 0.7 2.6 0.0999999
v 0.7 2.7 0.5
v 0.7 2.7 0.4
v 0.7 3 0.5
v 0.7 3 0.4
v 0.7 3.2 0.7
v 0.7 3.2 0.6
v 0.7 3.3 0.9
v 0.7 3.3 0.8
v 0.7 3.4 0.9
v 0.7 3.4 0.8
v 0.7 3.5 0.7
v 0.7 3.6 0.7
v 0.7 3.6 0.6
v 0.8 0.2 -1.8
v 0.8 0.2 -1.9
v 0.8 0.4 -1.8
v 0.8 0.4 -1.9
v 0.8 0.5 -1.7
v 0.8 0.5 -1.8
v 0.8 0.6 -1.6
v 0.8 0.6 -1.7
v 0.8 0.6 -1.8
v 0.8 0.7 -1.6
v 0.8 0.7 -1.7
v 0.8 0.8 -1.4
v 0.8 0.8 -1.5
v 0.8 0.9 -1.3
v 0.8 0.9 -1.4
v 0.8 0.9 -1.5
v 0.8 1 -1
v 0.8 1 -1.1
v 0.8 1 -1.2
v 0.8 1 -1.3
v 0.8 1 -1.4
v 0.8 1.1 -1
v 0.8 1.1 -1.2
v 0.8 1.4 -0.7
v 0.8 1.4 -0.8
v 0.8 1.5 -0.6
v 0.8 1.5 -0.7
v 0.8 1.5 -0.8
v 0.8 1.6 1.4
v 0.8 1.6 1.1
v 0.8 1.6 0.9
v 0.8 1.6 -0.5
v 0.8 1.6 -0.6
v 0.8 1.6 -0.7
v 0.8 1.7 1.4
v 0.8 1.7 1.3
v 0.8 1.7 0.9
v 0.8 1.7 0.8
v 0.8 1.7 -0.1
v 0.8 1.7 -0.2
v 0.8 1.7 -0.5
v 0.8 1.7 -0.6
v 0.8 1.8 1.4
v 0.8 1.8 1.3
v 0.8 1.8 0.8
v 0.8 2 1
v 0.8 2 0.9
v 0.8 2 -0.1
v 0.8 2 -0.2
v 0.8 2.1 0.9
v 0.8 2.1 0.8
v 0.8 2.2 1.3
v 0.8 2.2 1
v 0.8 2.3 1.4
v 0.8 2.3 1
v 0.8 2.3 0.9
v 0.8 3.1 0.7
v 0.8 3.1 0.6
v 0.8 3.2 0.7
v 0.8 3.2 0.6
v 0.8 3.4 0.8
v 0.8 3.4 0.7
v 0.8 3.5 0.8
v 0.8 3.5 0.7
v 0.9 0 -1.8
v 0.9 0 -1.9
v 0.9 0.2 -1.8
v 0.9 0.2 -1.9
v 0.9 0.3 -1.7
v 0.9 0.3 -1.8
v 0.9 0.5 -1.6
v 0.9 0.5 -1.7
v 0.9 0.5 -1.8
v 0.9 0.6 -1.6
v 0.9 0.6 -1.7
v 0.9 0.7 -1.5
v 0.9 0.7 -1.6
v 0.9 0.8 -1.3
v 0.9 0.8 -1.4
v 0.9 0.8 -1.5
v 0.9 0.8 -1.6
v 0.9 0.9 -1.1
v 0.9 0.9 -1.3
v 0.9 0.9 -1.4
v 0.9 1 1.5
v 0.9 1 1.4
v 0.9 1 -0.9
v 0.9 1 -1
v 0.9 1 -1.1
v 0.9 1 -1.3
v 0.9 1.1 1.5
v 0.9 1.1 1.4
v 0.9 1.1 -0.7
v 0.9 1.1 -0.8
v 0.9 1.1 -0.9
v 0.9 1.1 -1
v 0.9 1.4 -0.6
v 0.9 1.4 -0.7
v 0.9 1.4 -0.8
v 0.9 1.5 -0.5
v 0.9 1.5 -0.6
v 0.9 1.5 -0.7
v 0.9 1.6 -0.1
v 0.9 1.6 -0.5
v 0.9 1.6 -0.6
v 0.9 1.7 1.3
v 0.9 1.7 0.9
v 0.9 1.7 -0.1
v 0.9 1.7 -0.5
v 0.9 1.8 1.3
v 0.9 2 1
v 0.9 2 0.9
v 0.9 2.2 1.3
v 0.9 2.2 1
v 0.9 2.4 0.2
v 0.9 2.4 0.0999999
v 0.9 2.5 0.2
v 0.9 2.5 0.0999999
v 0.9 2.8 0.6
v 0.9 2.8 0.5
v 0.9 3.1 0.6
v 0.9 3.1 0.5
v 0.9 3.2 0.8
v 0.9 3.2 0.7
v 0.9 3.3 0.8
v 0.9 3.4 0.8
v 0.9 3.4 0.7
v 1 0 -1.7
v 1 0 -1.8
v 1 0.3 -1.7
v 1 0.3 -1.8
v 1 0.4 -1.6
v 1 0.4 -1.7
v 1 0.5 -1.6
v 1 0.5 -1.7
v 1 0.6 -1.5
v 1 0.6 -1.6
v 1 0.7 -1.4
v 1 0.7 -1.5
v 1 0.7 -1.6
v 1 0.8 -1.2
v 1 0.8 -1.3
v 1 0.8 -1.4
v 1 0.8 -1.5
v 1 0.9 1.6
v 1 0.9 1.5
v 1 0.9 -1
v 1 0.9 -1.1
v 1 0.9 -1.2
v 1 0.9 -1.3
v 1 1 1.6
v 1 1 1.5
v 1 1 1.4
v 1 1 1.3
v 1 1 -0.7
v 1 1 -0.9
v 1 1 -1
v 1 1 -1.1
v 1 1.1 1.4
v 1 1.1 1.3
v 1 1.1 1.2
v 1 1.1 1.1
v 1 1.1 -0.6
v 1 1.1 -0.7
v 1 1.1 -0.9
v 1 1.3 -0.5
v 1 1.3 -0.6
v 1 1.4 1.2
v 1 1.4 1.1
v 1 1.4 -0.4
v 1 1.4 -0.5
v 1 1.4 -0.6
v 1 1.4 -0.7
v 1 1.5 -0.3
v 1 1.5 -0.4
v 1 1.5 -0.5
v 1 1.5 -0.6
v 1 1.6 0
v 1 1.6 -0.1
v 1 1.6 -0.3
v 1 1.6 -0.5
v 1 2 0.0999999
v 1 2 0
v 1 2 -0.1
v 1 2.1 0.0999999
v 1 2.1 0
v 1 2.3 0.0999999
v 1 2.3 0
v 1 2.4 0.0999999
v 1 2.4 0
v 1 2.6 0.5
v 1 2.6 0.4
v 1 2.7 0.5
v 1 2.7 0.4
v 1 3.1 1
v 1 3.1 0.9
v 1 3.2 1
v 1 3.2 0.9
v 1.1 0 -1.6
v 1.1 0 -1.7
v 1.1 0.3 -1.6
v 1.1 0.4 -1.5
v 1.1 0.4 -1.6
v 1.1 0.4 -1.7
v 1.1 0.5 -1.4
v 1.1 0.5 -1.5
v 1.1 0.6 -1.3
v 1.1 0.6 -1.4
v 1.1 0.6 -1.5
v 1.1 0.6 -1.6
v 1.1 0.7 -1.2
v 1.1 0.7 -1.3
v 1.1 0.7 -1.4
v 1.1 0.7 -1.5
v 1.1 0.8 -1
v 1.1 0.8 -1.2
v 1.1 0.8 -1.4
v 1.1 0.9 1.5
v 1.1 0.9 1.4
v 1.1 0.9 -0.8
v 1.1 0.9 -1
v 1.1 0.9 -1.2
v 1.1 1 1.5
v 1.1 1 1.4
v 1.1 1 -0.5
v 1.1 1 -0.7
v 1.1 1 -0.8
v 1.1 1 -1
v 1.1 1.1 -0.6
v 1.1 1.1 -0.7
v 1.1 1.3 -0.4
v 1.1 1.3 -0.5
v 1.1 1.3 -0.6
v 1.1 1.4 -0.3
v 1.1 1.4 -0.4
v 1.1 1.4 -0.5
v 1.1 1.5 0
v 1.1 1.5 -0.2
v 1.1 1.5 -0.3
v 1.1 1.5 -0.4
v 1.1 1.6 0.0999999
v 1.1 1.6 0
v 1.1 1.6 -0.3
v 1.1 1.7 0.2
v 1.1 1.7 0.0999999
v 1.1 2 0.0999999
v 1.1 2 0
v 1.1 2.1 0.2
v 1.1 2.1 0.0999999
v 1.1 2.2 1.2
v 1.1 2.2 1.1
v 1.1 2.3 1.2
v 1.1 2.3 1.1
v 1.1 2.4 1.2
v 1.1 2.4 1.1
v 1.1 2.5 1.2
v 1.1 2.5 1.1
v 1.1 2.5 0.4
v 1.1 2.5 0.3
v 1.1 2.6 1.4
v 1.1 2.6 1.3
v 1.1 2.6 0.4
v 1.1 2.6 0.3
v 1.1 2.7 0.6
v 1.1 2.7 0.5
v 1.1 2.8 0.6
v 1.1 2.8 0.5
v 1.1 2.9 1.4
v 1.1 2.9 1.3
v 1.1 3 1.2
v 1.1 3 0.8
v 1.1 3.1 1.2
v 1.1 3.1 0.9
v 1.1 3.2 0.8
v 1.1 3.3 0.9
v 1.1 3.3 0.8
v 1.2 0 -1.5
v 1.2 0 -1.6
v 1.2 0.3 -1.4
v 1.2 0.3 -1.5
v 1.2 0.3 -1.6
v 1.2 0.4 -1.5
v 1.2 0.4 -1.6
v 1.2 0.5 -1.3
v 1.2 0.5 -1.4
v 1.2 0.5 -1.5
v 1.2 0.6 -1.2
v 1.2 0.6 -1.3
v 1.2 0.6 -1.4
v 1.2 0.7 1.7
v 1.2 0.7 1.6
v 1.2 0.7 -1.1
v 1.2 0.7 -1.2
v 1.2 0.7 -1.3
v 1.2 0.8 1.7
v 1.2 0.8 1.6
v 1.2 0.8 1.5
v 1.2 0.8 -0.9
v 1.2 0.8 -1
v 1.2 0.8 -1.1
v 1.2 0.8 -1.2
v 1.2 0.9 1.6
v 1.2 0.9 1.5
v 1.2 0.9 -0.4
v 1.2 0.9 -0.7
v 1.2 0.9 -0.8
v 1.2 0.9 -0.9
v 1.2 0.9 -1
v 1.2 1 -0.3
v 1.2 1 -0.4
v 1.2 1 -0.5
v 1.2 1 -0.8
v 1.2 1.3 -0.1
v 1.2 1.3 -0.3
v 1.2 1.3 -0.4
v 1.2 1.3 -0.5
v 1.2 1.4 0
v 1.2 1.4 -0.1
v 1.2 1.4 -0.2
v 1.2 1.4 -0.3
v 1.2 1.4 -0.4
v 1.2 1.5 0
v 1.2 1.5 -0.2
v 1.2 1.5 -0.3
v 1.2 1.8 1.5
v 1.2 1.8 1.4
v 1.2 1.9 1.5
v 1.2 1.9 1.4
v 1.2 2.1 1.4
v 1.2 2.1 1.2
v 1.2 2.1 0.8
v 1.2 2.1 0.4
v 1.2 2.2 1.4
v 1.2 2.2 1.2
v 1.2 2.2 0.9
v 1.2 2.2 0.8
v 1.2 2.2 0.7
v 1.2 2.2 0.5
v 1.2 2.2 0.4
v 1.2 2.3 1.1
v 1.2 2.3 1
v 1.2 2.3 0.9
v 1.2 2.3 0.7
v 1.2 2.3 0.5
v 1.2 2.5 1.3
v 1.2 2.5 1.1
v 1.2 2.6 1.2
v 1.2 2.6 1
v 1.2 2.8 0.9
v 1.2 2.8 0.6
v 1.2 2.9 1.2
v 1.2 2.9 0.9
v 1.2 2.9 0.7
v 1.2 2.9 0.6
v 1.2 3 1.3
v 1.2 3 0.8
v 1.2 3.1 0.7
v 1.2 3.2 0.8
v 1.2 3.2 0.7
v 1.3 0 -1.4
v 1.3 0 -1.5
v 1.3 0.2 -1.3
v 1.3 0.2 -1.4
v 1.3 0.3 -1.3
v 1.3 0.3 -1.4
v 1.3 0.3 -1.5
v 1.3 0.4 -1.2
v 1.3 0.4 -1.3
v 1.3 0.5 1.8
v 1.3 0.5 1.7
v 1.3 0.5 -1.1
v 1.3 0.5 -1.2
v 1.3 0.5 -1.3
v 1.3 0.5 -1.4
v 1.3 0.6 1.8
v 1.3 0.6 1.7
v 1.3 0.6 -1
v 1.3 0.6 -1.1
v 1.3 0.6 -1.2
v 1.3 0.6 -1.3
v 1.3 0.7 -0.9
v 1.3 0.7 -1
v 1.3 0.7 -1.1
v 1.3 0.7 -1.2
v 1.3 0.8 -0.4
v 1.3 0.8 -0.6
v 1.3 0.8 -0.7
v 1.3 0.8 -0.9
v 1.3 0.8 -1.1
v 1.3 0.9 -0.3
v 1.3 0.9 -0.4
v 1.3 0.9 -0.7
v 1.3 0.9 -0.9
v 1.3 1 -0.1
v 1.3 1 -0.2
v 1.3 1 -0.3
v 1.3 1 -0.4
v 1.3 1.3 -0.1
v 1.3 1.3 -0.3
v 1.3 1.9 1.5
v 1.3 1.9 1.4
v 1.3 2 1.5
v 1.3 2 1.4
v 1.3 2 0.9
v 1.3 2 0.3
v 1.3 2.1 0.9
v 1.3 2.1 0.8
v 1.3 2.1 0.4
v 1.3 2.1 0.3
v 1.3 2.1 0.2
v 1.3 2.1 0.0999999
v 1.3 2.2 0.9
v 1.3 2.2 0.8
v 1.3 2.2 0.4
v 1.3 2.2 0.3
v 1.3 2.2 0.0999999
v 1.3 2.3 1
v 1.3 2.3 0.9
v 1.3 2.3 0.5
v 1.3 2.4 0.9
v 1.3 2.4 0.5
v 1.3 2.6 1.2
v 1.3 2.6 1
v 1.3 2.7 0.9
v 1.3 2.7 0.6
v 1.3 2.8 0.9
v 1.3 2.8 0.6
v 1.3 2.9 1.2
v 1.3 2.9 0.9
v 1.3 2.9 0.7
v 1.3 2.9 0.6
v 1.3 3.1 0.7
v 1.3 3.1 0.6
v 1.4 0 -1.2
v 1.4 0 -1.4
v 1.4 0.2 -1.3
v 1.4 0.2 -1.4
v 1.4 0.3 -1.1
v 1.4 0.3 -1.2
v 1.4 0.3 -1.3
v 1.4 0.4 -1.2
v 1.4 0.4 -1.3
v 1.4 0.5 -1
v 1.4 0.5 -1.1
v 1.4 0.5 -1.2
v 1.4 0.6 1.7
v 1.4 0.6 1.6
v 1.4 0.6 -0.8
v 1.4 0.6 -1
v 1.4 0.6 -1.1
v 1.4 0.7 1.7
v 1.4 0.7 1.6
v 1.4 0.7 -0.5
v 1.4 0.7 -0.6
v 1.4 0.7 -0.8
v 1.4 0.7 -0.9
v 1.4 0.7 -1
v 1.4 0.8 -0.5
v 1.4 0.8 -0.6
v 1.4 0.8 -0.9
v 1.4 0.9 -0.2
v 1.4 0.9 -0.3
v 1.4 1 1.4
v 1.4 1 1.3
v 1.4 1 -0.2
v 1.4 1 -0.3
v 1.4 1.1 0
v 1.4 1.1 -0.1
v 1.4 1.4 1.4
v 1.4 1.4 1.3
v 1.4 1.4 0
v 1.4 1.4 -0.1
v 1.4 1.5 0.0999999
v 1.4 1.5 0
v 1.4 1.6 0.0999999
v 1.4 1.6 0
v 1.4 1.9 1.4
v 1.4 1.9 1.3
v 1.4 1.9 0.8
v 1.4 1.9 0.3
v 1.4 2 1.4
v 1.4 2 1.3
v 1.4 2 0.8
v 1.4 2 0.3
v 1.4 2.1 1
v 1.4 2.1 0.9
v 1.4 2.2 0.5
v 1.4 2.2 0
v 1.4 2.3 1
v 1.4 2.3 0.9
v 1.4 2.3 0.4
v 1.4 2.3 0.0999999
v 1.4 2.3 0
v 1.4 2.4 0.9
v 1.4 2.4 0.5
v 1.4 2.6 0.5
v 1.4 2.6 0.4
v 1.4 2.7 0.9
v 1.4 2.7 0.5
v 1.5 0 -1.1
v 1.5 0 -1.2
v 1.5 0.2 -1
v 1.5 0.2 -1.1
v 1.5 0.3 -1
v 1.5 0.3 -1.1
v 1.5 0.3 -1.2
v 1.5 0.4 1.8
v 1.5 0.4 1.7
v 1.5 0.4 -0.9
v 1.5 0.4 -1
v 1.5 0.5 1.8
v 1.5 0.5 1.7
v 1.5 0.5 -0.7
v 1.5 0.5 -0.9
v 1.5 0.5 -1
v 1.5 0.5 -1.1
v 1.5 0.6 -0.5
v 1.5 0.6 -0.7
v 1.5 0.6 -0.8
v 1.5 0.6 -1
v 1.5 0.7 1.6
v 1.5 0.7 1.5
v 1.5 0.7 -0.4
v 1.5 0.7 -0.5
v 1.5 0.7 -0.8
v 1.5 0.8 1.6
v 1.5 0.8 1.5
v 1.5 0.8 1.3
v 1.5 0.8 -0.3
v 1.5 0.8 -0.4
v 1.5 0.8 -0.5
v 1.5 0.9 1.5
v 1.5 0.9 1.4
v 1.5 0.9 1.3
v 1.5 0.9 1.2
v 1.5 0.9 -0.3
v 1.5 0.9 -0.4
v 1.5 1 1.4
v 1.5 1 1.3
v 1.5 1 1.2
v 1.5 1 1.1
v 1.5 1 0
v 1.5 1 -0.1
v 1.5 1.1 0
v 1.5 1.1 -0.1
v 1.5 1.4 1.4
v 1.5 1.4 1.3
v 1.5 1.4 1.2
v 1.5 1.4 1.1
v 1.5 1.4 0.0999999
v 1.5 1.4 0
v 1.5 1.5 1.3
v 1.5 1.5 1.2
v 1.5 1.5 0.0999999
v 1.5 1.5 0
v 1.5 1.6 1.4
v 1.5 1.6 1.3
v 1.5 1.8 0.7
v 1.5 1.8 0.2
v 1.5 1.9 0.7
v 1.5 1.9 0.3
v 1.5 1.9 0.2
v 1.5 2 1.4
v 1.5 2 1.3
v 1.5 2.1 1.4
v 1.5 2.1 1.3
v 1.5 2.1 0.3
v 1.5 2.1 0.2
v 1.5 2.2 1.1
v 1.5 2.2 1
v 1.5 2.3 1.1
v 1.5 2.3 1
v 1.5 2.3 0.4
v 1.5 2.3 0.0999999
v 1.5 2.4 0.2
v 1.5 2.4 0.0999999
v 1.5 2.5 0.3
v 1.5 2.5 0.2
v 1.5 2.6 0.4
v 1.5 2.6 0.3
v 1.6 0 -0.8
v 1.6 0 -1.1
v 1.6 0.2 1.8
v 1.6 0.2 1.7
v 1.6 0.2 -0.7
v 1.6 0.2 -0.8
v 1.6 0.2 -0.9
v 1.6 0.2 -1
v 1.6 0.2 -1.1
v 1.6 0.3 -0.6
v 1.6 0.3 -0.7
v 1.6 0.3 -0.9
v 1.6 0.3 -1
v 1.6 0.4 1.8
v 1.6 0.4 1.7
v 1.6 0.4 -0.9
v 1.6 0.4 -1
v 1.6 0.5 1.7
v 1.6 0.5 1.6
v 1.6 0.5 -0.5
v 1.6 0.5 -0.6
v 1.6 0.5 -0.7
v 1.6 0.5 -0.9
v 1.6 0.6 1.7
v 1.6 0.6 1.6
v 1.6 0.6 1.5
v 1.6 0.6 -0.4
v 1.6 0.6 -0.5
v 1.6 0.6 -0.7
v 1.6 0.7 1.6
v 1.6 0.7 1.5
v 1.6 0.7 1.3
v 1.6 0.7 -0.4
v 1.6 0.7 -0.5
v 1.6 0.8 1.5
v 1.6 0.8 1.3
v 1.6 0.8 1.2
v 1.6 0.8 -0.2
v 1.6 0.8 -0.3
v 1.6 0.9 1.3
v 1.6 0.9 1.2
v 1.6 0.9 1.1
v 1.6 0.9 -0.1
v 1.6 0.9 -0.2
v 1.6 0.9 -0.3
v 1.6 1 1.2
v 1.6 1 1.1
v 1.6 1 1
v 1.6 1 -0.1
v 1.6 1 -0.2
v 1.6 1.4 1.2
v 1.6 1.4 1.1
v 1.6 1.4 1
v 1.6 1.5 1.3
v 1.6 1.5 1.2
v 1.6 1.5 1.1
v 1.6 1.6 1.4
v 1.6 1.6 1.3
v 1.6 1.6 1.2
v 1.6 1.7 1.4
v 1.6 1.7 1.3
v 1.6 1.7 0.7
v 1.6 1.7 0.0999999
v 1.6 1.8 1.4
v 1.6 1.8 1.3
v 1.6 1.8 0.7
v 1.6 1.8 0.2
v 1.6 1.9 1.4
v 1.6 1.9 1.3
v 1.6 1.9 0.2
v 1.6 1.9 0.0999999
v 1.6 2 1.3
v 1.6 2 1.2
v 1.6 2.1 1.3
v 1.6 2.1 1.2
v 1.6 2.1 1.1
v 1.6 2.2 1.2
v 1.6 2.2 1.1
v 1.7 0 1.8
v 1.7 0 1.7
v 1.7 0 -0.6
v 1.7 0 -0.8
v 1.7 0.2 1.8
v 1.7 0.2 1.7
v 1.7 0.2 -0.6
v 1.7 0.2 -0.7
v 1.7 0.2 -0.8
v 1.7 0.3 1.7
v 1.7 0.3 1.6
v 1.7 0.3 -0.5
v 1.7 0.3 -0.6
v 1.7 0.3 -0.7
v 1.7 0.5 1.7
v 1.7 0.5 1.6
v 1.7 0.5 1.5
v 1.7 0.5 -0.4
v 1.7 0.5 -0.5
v 1.7 0.5 -0.6
v 1.7 0.6 1.6
v 1.7 0.6 1.5
v 1.7 0.6 -0.4
v 1.7 0.6 -0.5
v 1.7 0.7 1.3
v 1.7 0.7 1.2
v 1.7 0.7 -0.3
v 1.7 0.7 -0.4
v 1.7 0.8 1.3
v 1.7 0.8 1.2
v 1.7 0.8 1.1
v 1.7 0.8 -0.1
v 1.7 0.8 -0.2
v 1.7 0.8 -0.3
v 1.7 0.8 -0.4
v 1.7 0.9 1.2
v 1.7 0.9 1.1
v 1.7 0.9 1
v 1.7 0.9 -0.1
v 1.7 0.9 -0.2
v 1.7 1 1.1
v 1.7 1 1
v 1.7 1.4 1.1
v 1.7 1.4 1
v 1.7 1.5 1.2
v 1.7 1.5 1.1
v 1.7 1.5 1
v 1.7 1.6 1.3
v 1.7 1.6 1.2
v 1.7 1.6 1.1
v 1.7 1.6 0.6
v 1.7 1.6 0.3
v 1.7 1.7 1.3
v 1.7 1.7 1.2
v 1.7 1.7 0.6
v 1.7 1.7 0.3
v 1.7 1.8 0.8
v 1.7 1.8 0.7
v 1.7 1.9 1.3
v 1.7 1.9 1.2
v 1.7 1.9 0.8
v 1.7 1.9 0.7
v 1.7 2 1.3
v 1.7 2 1.2
v 1.7 2 1.1
v 1.7 2.1 1.2
v 1.7 2.1 1.1
v 1.7 2.1 1
v 1.7 2.2 1.1
v 1.7 2.2 1
v 1.8 0 1.7
v 1.8 0 1.6
v 1.8 0 -0.5
v 1.8 0 -0.6
v 1.8 0.2 -0.5
v 1.8 0.2 -0.6
v 1.8 0.3 1.7
v 1.8 0.3 1.6
v 1.8 0.3 -0.5
v 1.8 0.3 -0.6
v 1.8 0.4 1.6
v 1.8 0.4 1.5
v 1.8 0.4 -0.4
v 1.8 0.4 -0.5
v 1.8 0.5 1.6
v 1.8 0.5 1.5
v 1.8 0.5 -0.4
v 1.8 0.5 -0.5
v 1.8 0.6 1.5
v 1.8 0.6 1.3
v 1.8 0.6 -0.3
v 1.8 0.6 -0.4
v 1.8 0.7 1.5
v 1.8 0.7 1.3
v 1.8 0.7 1.2
v 1.8 0.7 1.1
v 1.8 0.7 -0.2
v 1.8 0.7 -0.3
v 1.8 0.7 -0.4
v 1.8 0.8 1.2
v 1.8 0.8 1.1
v 1.8 0.8 1
v 1.8 0.8 -0.2
v 1.8 0.8 -0.3
v 1.8 0.9 1.1
v 1.8 0.9 1
v 1.8 1 1
v 1.8 1 0.9
v 1.8 1.4 1
v 1.8 1.4 0.9
v 1.8 1.5 1.1
v 1.8 1.5 1
v 1.8 1.6 1.2
v 1.8 1.6 1.1
v 1.8 1.6 1
v 1.8 1.6 0.2
v 1.8 1.6 0.0999999
v 1.8 1.7 1.4
v 1.8 1.7 1.3
v 1.8 1.7 1.2
v 1.8 1.7 1.1
v 1.8 1.7 0.2
v 1.8 1.7 0.0999999
v 1.8 1.8 1.4
v 1.8 1.8 1.3
v 1.8 1.8 1.2
v 1.8 1.9 1.3
v 1.8 1.9 1.2
v 1.8 1.9 1.1
v 1.8 2 1.2
v 1.8 2 1.1
v 1.8 2 1
v 1.8 2.1 1.1
v 1.8 2.1 1
v 1.8 2.1 0.9
v 1.8 2.2 1
v 1.8 2.2 0.9
v 1.9 0 1.6
v 1.9 0 1.5
v 1.9 0 -0.4
v 1.9 0 -0.5
v 1.9 0.2 -0.4
v 1.9 0.2 -0.5
v 1.9 0.4 1.6
v 1.9 0.4 1.5
v 1.9 0.4 1.4
v 1.9 0.4 -0.3
v 1.9 0.4 -0.4
v 1.9 0.4 -0.5
v 1.9 0.5 1.4
v 1.9 0.5 1.3
v 1.9 0.5 -0.2
v 1.9 0.5 -0.3
v 1.9 0.6 1.5
v 1.9 0.6 1.3
v 1.9 0.6 -0.1
v 1.9 0.6 -0.2
v 1.9 0.6 -0.3
v 1.9 0.6 -0.4
v 1.9 0.7 -0.1
v 1.9 0.7 -0.2
v 1.9 0.7 -0.3
v 1.9 0.8 -0.1
v 1.9 0.8 -0.2
v 1.9 1.5 0.2
v 1.9 1.5 0.0999999
v 1.9 1.6 0.2
v 1.9 1.6 0.0999999
v 1.9 1.7 1.3
v 1.9 1.7 1.2
v 1.9 1.8 1.3
v 1.9 1.8 1.2
v 1.9 1.8 1.1
v 1.9 1.9 1.2
v 1.9 1.9 1.1
v 1.9 1.9 1
v 1.9 2 1.1
v 1.9 2 1
v 1.9 2 0.9
v 1.9 2.1 1
v 1.9 2.1 0.9
v 2 0 1.5
v 2 0 -0.2
v 2 0 -0.4
v 2 0.1 -0.1
v 2 0.1 -0.2
v 2 0.1 -0.3
v 2 0.2 0
v 2 0.2 -0.1
v 2 0.2 -0.3
v 2 0.2 -0.4
v 2 0.3 0.0999999
v 2 0.3 0
v 2 0.4 1.5
v 2 0.4 1.4
v 2 0.4 -0.3
v 2 0.4 -0.4
v 2 0.5 1.4
v 2 0.5 1.3
v 2 0.5 -0.2
v 2 0.5 -0.3
v 2 0.6 0.0999999
v 2 0.6 0
v 2 0.6 -0.1
v 2 0.6 -0.2
v 2 0.7 1.3
v 2 0.7 1.1
v 2 0.7 0
v 2 0.7 -0.1
v 2 0.8 1.1
v 2 0.8 1
v 2 1 1
v 2 1 0.9
v 2 1.2 0
v 2 1.2 -0.1
v 2 1.4 1
v 2 1.4 0.9
v 2 1.4 0.0999999
v 2 1.4 0
v 2 1.5 0.2
v 2 1.5 0.0999999
v 2 1.6 1.1
v 2 1.6 1
v 2 1.6 0.6
v 2 1.6 0.3
v 2 1.7 1.2
v 2 1.7 1.1
v 2 1.7 0.7
v 2 1.7 0.6
v 2 1.7 0.3
v 2 1.7 0.2
v 2 1.8 1.2
v 2 1.8 1.1
v 2 1.8 0.8
v 2 1.8 0.7
v 2 1.9 1.1
v 2 1.9 1
v 2 2 1
v 2 2 0.8
v 1.2 0.3 1.8
v 1.2 0.6 1.8
v 1.3 0 1.8
v 1.3 0.3 1.8
v 1.3 0.5 1.8
v 1.3 0.6 1.8
v 1.5 0.4 1.8
v 1.5 0.5 1.8
v 1.6 0.2 1.8
v 1.6 0.4 1.8
v 1.7 0 1.8
v 1.7 0.2 1.8
v 1.1 0.6 1.7
v 1.1 0.8 1.7
v 1.2 0.2 1.7
v 1.2 0.3 1.7
v 1.2 0.6 1.7
v 1.2 0.7 1.7
v 1.2 0.8 1.7
v 1.3 0.2 1.7
v 1.3 0.3 1.7
v 1.3 0.5 1.7
v 1.3 0.6 1.7
v 1.4 0.6 1.7
v 1.4 0.7 1.7
v 1.5 0.4 1.7
v 1.5 0.5 1.7
v 1.6 0.2 1.7
v 1.6 0.4 1.7
v 1.6 0.5 1.7
v 1.6 0.6 1.7
v 1.7 0 1.7
v 1.7 0.2 1.7
v 1.7 0.3 1.7
v 1.7 0.5 1.7
v 1.8 0 1.7
v 1.8 0.3 1.7
v -2 0.6 1.6
v -2 0.7 1.6
v -1.8 0.6 1.6
v -1.8 0.7 1.6
v -1.4 1.7 1.6
v -1.4 1.8 1.6
v -1.3 1.7 1.6
v -1.3 1.8 1.6
v -1 1.3 1.6
v -1 1.5 1.6
v -0.9 1.3 1.6
v -0.9 1.5 1.6
v 0.9 0.8 1.6
v 0.9 1 1.6
v 1 0.6 1.6
v 1 0.8 1.6
v 1 0.9 1.6
v 1 1 1.6
v 1.1 0.2 1.6
v 1.1 0.6 1.6
v 1.1 0.8 1.6
v 1.2 0 1.6
v 1.2 0.2 1.6
v 1.2 0.6 1.6
v 1.2 0.7 1.6
v 1.2 0.8 1.6
v 1.2 0.9 1.6
v 1.3 0 1.6
v 1.3 0.2 1.6
v 1.4 0.6 1.6
v 1.4 0.7 1.6
v 1.5 0.7 1.6
v 1.5 0.8 1.6
v 1.6 0.5 1.6
v 1.6 0.6 1.6
v 1.6 0.7 1.6
v 1.7 0.3 1.6
v 1.7 0.5 1.6
v 1.7 0.6 1.6
v 1.8 0 1.6
v 1.8 0.3 1.6
v 1.8 0.4 1.6
v 1.8 0.5 1.6
v 1.9 0 1.6
v 1.9 0.4 1.6
v -2 0.5 1.5
v -2 0.6 1.5
v -2 1.8 1.5
v -2 2 1.5
v -1.8 0.5 1.5
v -1.8 0.6 1.5
v -1.7 1.9 1.5
v -1.7 2 1.5
v -1.5 1.9 1.5
v -1.5 2 1.5
v -1.4 1.8 1.5
v -1.4 2 1.5
v -1.3 1.7 1.5
v -1.3 1.8 1.5
v -1.3 1.9 1.5
v -1.3 2 1.5
v -1.2 1.6 1.5
v -1.2 1.7 1.5
v -1.1 1.4 1.5
v -1.1 1.6 1.5
v -1.1 1.7 1.5
v -1.1 1.9 1.5
v -1 1.1 1.5
v -1 1.3 1.5
v -1 1.4 1.5
v -1 1.5 1.5
v -0.9 0.3 1.5
v -0.9 0.5 1.5
v -0.9 1.1 1.5
v -0.9 1.3 1.5
v -0.9 1.5 1.5
v -0.8 1.5 1.5
v -0.8 1.6 1.5
v -0.7 0.2 1.5
v -0.7 0.3 1.5
v -0.7 0.5 1.5
v -0.7 1.6 1.5
v -0.7 1.7 1.5
v -0.7 1.8 1.5
v -0.6 1.7 1.5
v -0.6 1.8 1.5
v -0.5 0.2 1.5
v -0.5 0.3 1.5
v 0.1 2 1.5
v 0.1 2.3 1.5
v 0.1 2.6 1.5
v 0.1 2.9 1.5
v 0.2 0.6 1.5
v 0.2 0.7 1.5
v 0.2 2.4 1.5
v 0.2 2.6 1.5
v 0.3 0.6 1.5
v 0.3 0.7 1.5
v 0.4 1.7 1.5
v 0.4 2 1.5
v 0.4 2.8 1.5
v 0.4 2.9 1.5
v 0.5 1 1.5
v 0.5 1.1 1.5
v 0.5 2.4 1.5
v 0.5 2.8 1.5
v 0.6 2.2 1.5
v 0.6 2.3 1.5
v 0.7 0.8 1.5
v 0.7 1 1.5
v 0.7 1.7 1.5
v 0.7 2.2 1.5
v 0.8 0.6 1.5
v 0.8 0.8 1.5
v 0.9 0.2 1.5
v 0.9 0.6 1.5
v 0.9 0.8 1.5
v 0.9 1 1.5
v 0.9 1.1 1.5
v 0.9 1.8 1.5
v 0.9 1.9 1.5
v 1 0 1.5
v 1 0.2 1.5
v 1 0.6 1.5
v 1 0.8 1.5
v 1 0.9 1.5
v 1 1 1.5
v 1 1.9 1.5
v 1 2 1.5
v 1.1 0.2 1.5
v 1.1 0.6 1.5
v 1.1 0.9 1.5
v 1.1 1 1.5
v 1.2 0 1.5
v 1.2 0.2 1.5
v 1.2 0.8 1.5
v 1.2 0.9 1.5
v 1.2 1.8 1.5
v 1.2 1.9 1.5
v 1.3 1.9 1.5
v 1.3 2 1.5
v 1.5 0.7 1.5
v 1.5 0.8 1.5
v 1.5 0.9 1.5
v 1.6 0.6 1.5
v 1.6 0.7 1.5
v 1.6 0.8 1.5
v 1.7 0.5 1.5
v 1.7 0.6 1.5
v 1.8 0.4 1.5
v 1.8 0.5 1.5
v 1.8 0.6 1.5
v 1.8 0.7 1.5
v 1.9 0 1.5
v 1.9 0.4 1.5
v 1.9 0.6 1.5
v 2 0 1.5
v 2 0.4 1.5
v -2 0.4 1.4
v -2 0.5 1.4
v -2 0.7 1.4
v -2 0.8 1.4
v -2 1.6 1.4
v -2 1.8 1.4
v -1.9 0.7 1.4
v -1.9 0.8 1.4
v -1.9 1.6 1.4
v -1.9 1.7 1.4
v -1.8 0.4 1.4
v -1.8 0.5 1.4
v -1.8 0.7 1.4
v -1.7 1.9 1.4
v -1.7 2 1.4
v -1.6 2 1.4
v -1.6 2.1 1.4
v -1.5 1.7 1.4
v -1.5 1.8 1.4
v -1.5 1.9 1.4
v -1.5 2 1.4
v -1.4 0.4 1.4
v -1.4 0.5 1.4
v -1.4 1.7 1.4
v -1.4 1.8 1.4
v -1.4 2 1.4
v -1.4 2.1 1.4
v -1.4 2.2 1.4
v -1.3 0.3 1.4
v -1.3 0.4 1.4
v -1.3 0.7 1.4
v -1.3 0.8 1.4
v -1.3 1.6 1.4
v -1.3 1.7 1.4
v -1.3 1.9 1.4
v -1.3 2 1.4
v -1.3 2.1 1.4
v -1.3 2.2 1.4
v -1.2 0 1.4
v -1.2 0.3 1.4
v -1.2 0.8 1.4
v -1.2 0.9 1.4
v -1.2 1.5 1.4
v -1.2 1.6 1.4
v -1.2 1.7 1.4
v -1.2 2 1.4
v -1.2 2.1 1.4
v -1.1 0.9 1.4
v -1.1 1.4 1.4
v -1.1 1.5 1.4
v -1.1 1.6 1.4
v -1.1 1.7 1.4
v -1.1 1.9 1.4
v -1 1.1 1.4
v -1 1.4 1.4
v -0.9 0.3 1.4
v -0.9 0.5 1.4
v -0.9 1.1 1.4
v -0.9 1.5 1.4
v -0.9 1.8 1.4
v -0.9 1.9 1.4
v -0.8 1.1 1.4
v -0.8 1.5 1.4
v -0.8 1.6 1.4
v -0.8 1.9 1.4
v -0.8 2 1.4
v -0.7 0.2 1.4
v -0.7 0.3 1.4
v -0.7 0.5 1.4
v -0.7 1 1.4
v -0.7 1.1 1.4
v -0.7 1.5 1.4
v -0.7 1.6 1.4
v -0.7 1.7 1.4
v -0.7 1.8 1.4
v -0.7 2 1.4
v -0.6 0.9 1.4
v -0.6 1 1.4
v -0.6 1.6 1.4
v -0.6 1.7 1.4
v -0.6 1.8 1.4
v -0.6 2 1.4
v -0.6 2.1 1.4
v -0.6 2.6 1.4
v -0.6 2.7 1.4
v -0.5 0.2 1.4
v -0.5 0.3 1.4
v -0.5 2 1.4
v -0.5 2.1 1.4
v -0.5 2.7 1.4
v -0.5 2.8 1.4
v -0.4 1.9 1.4
v -0.4 2 1.4
v -0.4 2.6 1.4
v -0.4 2.7 1.4
v -0.4 2.8 1.4
v -0.4 2.9 1.4
v -0.3 2.7 1.4
v -0.3 2.8 1.4
v -0.2 0.9 1.4
v -0.2 1 1.4
v -0.2 1.7 1.4
v -0.2 1.8 1.4
v -0.2 2.9 1.4
v -0.2 3.1 1.4
v -0.0999999 1 1.4
v -0.0999999 1.1 1.4
v -0.0999999 1.8 1.4
v -0.0999999 1.9 1.4
v -0.0999999 2 1.4
v -0.0999999 2.2 1.4
v -0.0999999 2.5 1.4
v 2.38419e-07 1.1 1.4
v 2.38419e-07 1.2 1.4
v 2.38419e-07 1.9 1.4
v 2.38419e-07 2 1.4
v 2.38419e-07 2.1 1.4
v 2.38419e-07 2.2 1.4
v 2.38419e-07 2.5 1.4
v 2.38419e-07 2.8 1.4
v 0.1 2 1.4
v 0.1 2.1 1.4
v 0.1 2.3 1.4
v 0.1 2.6 1.4
v 0.1 2.9 1.4
v 0.2 0.6 1.4
v 0.2 0.7 1.4
v 0.2 2.4 1.4
v 0.2 2.6 1.4
v 0.2 3 1.4
v 0.2 3.1 1.4
v 0.3 0.6 1.4
v 0.3 0.7 1.4
v 0.3 1.6 1.4
v 0.3 1.9 1.4
v 0.4 1.7 1.4
v 0.4 2 1.4
v 0.4 2.8 1.4
v 0.4 2.9 1.4
v 0.5 1 1.4
v 0.5 1.1 1.4
v 0.5 2.4 1.4
v 0.5 2.8 1.4
v 0.5 2.9 1.4
v 0.5 3 1.4
v 0.6 1.1 1.4
v 0.6 1.2 1.4
v 0.6 2.2 1.4
v 0.6 2.3 1.4
v 0.6 2.4 1.4
v 0.6 2.9 1.4
v 0.7 0.8 1.4
v 0.7 1 1.4
v 0.7 1.7 1.4
v 0.7 1.8 1.4
v 0.7 2.2 1.4
v 0.7 2.3 1.4
v 0.7 2.4 1.4
v 0.8 0.6 1.4
v 0.8 0.8 1.4
v 0.8 1.6 1.4
v 0.8 1.7 1.4
v 0.8 1.8 1.4
v 0.8 2.3 1.4
v 0.8 2.6 1.4
v 0.8 2.9 1.4
v 0.9 0.2 1.4
v 0.9 0.6 1.4
v 0.9 1 1.4
v 0.9 1.1 1.4
v 0.9 1.8 1.4
v 1 0 1.4
v 1 0.2 1.4
v 1 1 1.4
v 1 1.1 1.4
v 1.1 0.9 1.4
v 1.1 1 1.4
v 1.1 2 1.4
v 1.1 2.2 1.4
v 1.1 2.6 1.4
v 1.1 2.9 1.4
v 1.2 1.2 1.4
v 1.2 1.7 1.4
v 1.2 1.8 1.4
v 1.2 1.9 1.4
v 1.2 2.1 1.4
v 1.2 2.2 1.4
v 1.3 1 1.4
v 1.3 1.2 1.4
v 1.3 1.9 1.4
v 1.3 2 1.4
v 1.4 1 1.4
v 1.4 1.4 1.4
v 1.4 1.9 1.4
v 1.4 2 1.4
v 1.5 0.9 1.4
v 1.5 1 1.4
v 1.5 1.4 1.4
v 1.5 1.6 1.4
v 1.5 2 1.4
v 1.5 2.1 1.4
v 1.6 1.6 1.4
v 1.6 1.7 1.4
v 1.6 1.8 1.4
v 1.6 1.9 1.4
v 1.8 1.7 1.4
v 1.8 1.8 1.4
v 1.9 0.4 1.4
v 1.9 0.5 1.4
v 2 0.4 1.4
v 2 0.5 1.4
v -2 0.2 1.3
v -2 0.4 1.3
v -2 0.8 1.3
v -2 0.9 1.3
v -2 1.5 1.3
v -2 1.6 1.3
v -1.9 0 1.3
v -1.9 0.2 1.3
v -1.9 0.7 1.3
v -1.9 0.8 1.3
v -1.9 0.9 1.3
v -1.9 1.5 1.3
v -1.9 1.6 1.3
v -1.9 1.7 1.3
v -1.8 0 1.3
v -1.8 0.3 1.3
v -1.8 0.4 1.3
v -1.8 0.5 1.3
v -1.8 0.7 1.3
v -1.8 0.8 1.3
v -1.8 1.6 1.3
v -1.8 1.7 1.3
v -1.4 0 1.3
v -1.4 0.3 1.3
v -1.4 0.4 1.3
v -1.4 0.5 1.3
v -1.4 0.7 1.3
v -1.4 0.8 1.3
v -1.4 1.6 1.3
v -1.4 1.7 1.3
v -1.3 0.3 1.3
v -1.3 0.4 1.3
v -1.3 0.7 1.3
v -1.3 0.8 1.3
v -1.3 0.9 1.3
v -1.3 1.5 1.3
v -1.3 1.6 1.3
v -1.3 1.7 1.3
v -1.2 0 1.3
v -1.2 0.3 1.3
v -1.2 0.8 1.3
v -1.2 0.9 1.3
v -1.2 1 1.3
v -1.2 1.4 1.3
v -1.2 1.5 1.3
v -1.2 1.6 1.3
v -1.1 0.9 1.3
v -1.1 1 1.3
v -1.1 1.4 1.3
v -1.1 1.5 1.3
v -0.9 1.8 1.3
v -0.9 1.9 1.3
v -0.8 1.1 1.3
v -0.8 1.5 1.3
v -0.8 1.9 1.3
v -0.8 2 1.3
v -0.7 1 1.3
v -0.7 1.1 1.3
v -0.7 1.5 1.3
v -0.7 1.6 1.3
v -0.7 1.8 1.3
v -0.7 2 1.3
v -0.7 2.5 1.3
v -0.7 2.6 1.3
v -0.6 0.9 1.3
v -0.6 1 1.3
v -0.6 1.1 1.3
v -0.6 1.5 1.3
v -0.6 1.6 1.3
v -0.6 1.7 1.3
v -0.6 2.6 1.3
v -0.5 2.5 1.3
v -0.5 2.6 1.3
v -0.4 1.9 1.3
v -0.4 2 1.3
v -0.4 2.6 1.3
v -0.4 2.7 1.3
v -0.4 2.9 1.3
v -0.4 3 1.3
v -0.3 2.5 1.3
v -0.3 2.6 1.3
v -0.3 2.7 1.3
v -0.3 2.8 1.3
v -0.3 3 1.3
v -0.3 3.1 1.3
v -0.2 0.9 1.3
v -0.2 1 1.3
v -0.2 1.1 1.3
v -0.2 1.5 1.3
v -0.2 1.7 1.3
v -0.2 1.8 1.3
v -0.2 2.1 1.3
v -0.2 2.5 1.3
v -0.2 2.9 1.3
v -0.2 3.1 1.3
v -0.2 3.3 1.3
v -0.0999999 1 1.3
v -0.0999999 1.1 1.3
v -0.0999999 1.8 1.3
v -0.0999999 1.9 1.3
v -0.0999999 2 1.3
v -0.0999999 2.1 1.3
v -0.0999999 2.2 1.3
v -0.0999999 2.5 1.3
v -0.0999999 3.2 1.3
v -0.0999999 3.3 1.3
v 2.38419e-07 1.1 1.3
v 2.38419e-07 1.2 1.3
v 2.38419e-07 1.4 1.3
v 2.38419e-07 1.8 1.3
v 2.38419e-07 1.9 1.3
v 2.38419e-07 2 1.3
v 2.38419e-07 2.1 1.3
v 2.38419e-07 2.2 1.3
v 2.38419e-07 2.5 1.3
v 2.38419e-07 2.8 1.3
v 0.2 1.7 1.3
v 0.2 1.8 1.3
v 0.2 3 1.3
v 0.2 3.1 1.3
v 0.3 1.7 1.3
v 0.3 1.8 1.3
v 0.3 1.9 1.3
v 0.3 3.1 1.3
v 0.3 3.2 1.3
v 0.4 1.5 1.3
v 0.4 1.6 1.3
v 0.4 3 1.3
v 0.4 3.1 1.3
v 0.5 1.2 1.3
v 0.5 1.4 1.3
v 0.5 1.5 1.3
v 0.5 1.6 1.3
v 0.6 1.1 1.3
v 0.6 1.2 1.3
v 0.6 2.4 1.3
v 0.6 2.8 1.3
v 0.7 1.1 1.3
v 0.7 1.2 1.3
v 0.7 1.5 1.3
v 0.7 1.6 1.3
v 0.7 2.4 1.3
v 0.7 2.5 1.3
v 0.7 2.8 1.3
v 0.7 3 1.3
v 0.8 1.8 1.3
v 0.8 2.2 1.3
v 0.8 2.6 1.3
v 0.8 2.9 1.3
v 0.9 1.8 1.3
v 0.9 2.2 1.3
v 1 1 1.3
v 1 1.1 1.3
v 1 1.5 1.3
v 1 1.7 1.3
v 1.1 1.2 1.3
v 1.1 1.5 1.3
v 1.1 2.6 1.3
v 1.1 2.9 1.3
v 1.2 1.1 1.3
v 1.2 1.2 1.3
v 1.2 1.7 1.3
v 1.2 2.5 1.3
v 1.2 3 1.3
v 1.3 1 1.3
v 1.3 1.2 1.3
v 1.4 1 1.3
v 1.4 1.4 1.3
v 1.4 1.9 1.3
v 1.4 2 1.3
v 1.5 0.8 1.3
v 1.5 0.9 1.3
v 1.5 1 1.3
v 1.5 1.4 1.3
v 1.5 1.5 1.3
v 1.5 1.6 1.3
v 1.5 2 1.3
v 1.5 2.1 1.3
v 1.6 0.7 1.3
v 1.6 0.8 1.3
v 1.6 0.9 1.3
v 1.6 1.5 1.3
v 1.6 1.6 1.3
v 1.6 1.7 1.3
v 1.6 1.8 1.3
v 1.6 1.9 1.3
v 1.6 2 1.3
v 1.6 2.1 1.3
v 1.7 0.7 1.3
v 1.7 0.8 1.3
v 1.7 1.6 1.3
v 1.7 1.7 1.3
v 1.7 1.9 1.3
v 1.7 2 1.3
v 1.8 0.6 1.3
v 1.8 0.7 1.3
v 1.8 1.7 1.3
v 1.8 1.8 1.3
v 1.8 1.9 1.3
v 1.9 0.5 1.3
v 1.9 0.6 1.3
v 1.9 1.7 1.3
v 1.9 1.8 1.3
v 2 0.5 1.3
v 2 0.7 1.3
v -2 0.1 1.2
v -2 0.2 1.2
v -2 0.9 1.2
v -2 1 1.2
v -2 1.4 1.2
v -2 1.5 1.2
v -1.9 0.1 1.2
v -1.9 0.2 1.2
v -1.9 0.8 1.2
v -1.9 0.9 1.2
v -1.9 1 1.2
v -1.9 1.4 1.2
v -1.9 1.5 1.2
v -1.9 1.6 1.2
v -1.8 0 1.2
v -1.8 0.3 1.2
v -1.8 0.7 1.2
v -1.8 0.8 1.2
v -1.8 0.9 1.2
v -1.8 1.5 1.2
v -1.8 1.6 1.2
v -1.8 1.7 1.2
v -1.5 1.7 1.2
v -1.4 0 1.2
v -1.4 0.3 1.2
v -1.4 0.7 1.2
v -1.4 0.8 1.2
v -1.4 0.9 1.2
v -1.4 1.5 1.2
v -1.4 1.6 1.2
v -1.4 1.7 1.2
v -1.3 0.8 1.2
v -1.3 0.9 1.2
v -1.3 1 1.2
v -1.3 1.4 1.2
v -1.3 1.5 1.2
v -1.3 1.6 1.2
v -1.2 0.9 1.2
v -1.2 1 1.2
v -1.2 1.4 1.2
v -1.2 1.5 1.2
v -1.2 2 1.2
v -1.2 2.1 1.2
v -1.1 1 1.2
v -1.1 1.4 1.2
v -0.9 2 1.2
v -0.9 2.1 1.2
v -0.6 1.1 1.2
v -0.6 1.5 1.2
v -0.6 2.7 1.2
v -0.6 2.9 1.2
v -0.5 2 1.2
v -0.5 2.1 1.2
v -0.5 2.2 1.2
v -0.5 2.5 1.2
v -0.5 2.6 1.2
v -0.5 2.7 1.2
v -0.5 2.8 1.2
v -0.4 2.1 1.2
v -0.4 2.2 1.2
v -0.4 2.4 1.2
v -0.4 2.5 1.2
v -0.4 2.8 1.2
v -0.4 2.9 1.2
v -0.3 2.2 1.2
v -0.3 2.4 1.2
v -0.3 2.5 1.2
v -0.3 2.6 1.2
v -0.2 1.1 1.2
v -0.2 1.5 1.2
v -0.2 2.1 1.2
v -0.2 2.2 1.2
v -0.2 2.5 1.2
v -0.0999999 2 1.2
v -0.0999999 2.1 1.2
v -0.0999999 3.2 1.2
v -0.0999999 3.3 1.2
v 2.38419e-07 1.4 1.2
v 2.38419e-07 1.8 1.2
v 0.2 1.7 1.2
v 0.2 1.8 1.2
v 0.2 3.2 1.2
v 0.2 3.3 1.2
v 0.3 1.6 1.2
v 0.3 1.7 1.2
v 0.4 1.5 1.2
v 0.4 1.6 1.2
v 0.5 1.2 1.2
v 0.5 1.4 1.2
v 0.5 1.5 1.2
v 0.6 1.4 1.2
v 0.6 1.5 1.2
v 0.6 2.8 1.2
v 0.6 2.9 1.2
v 0.7 1.1 1.2
v 0.7 1.2 1.2
v 0.7 2.8 1.2
v 0.7 2.9 1.2
v 0.8 2.4 1.2
v 0.8 2.5 1.2
v 0.8 3 1.2
v 0.8 3.1 1.2
v 0.9 1.5 1.2
v 0.9 1.6 1.2
v 1 1.1 1.2
v 1 1.4 1.2
v 1 1.5 1.2
v 1 1.6 1.2
v 1 2.2 1.2
v 1 2.3 1.2
v 1.1 1.1 1.2
v 1.1 1.2 1.2
v 1.1 1.4 1.2
v 1.1 1.5 1.2
v 1.1 2.2 1.2
v 1.1 2.3 1.2
v 1.1 2.4 1.2
v 1.1 2.5 1.2
v 1.1 3 1.2
v 1.1 3.1 1.2
v 1.2 1.1 1.2
v 1.2 1.2 1.2
v 1.2 2.1 1.2
v 1.2 2.2 1.2
v 1.2 2.6 1.2
v 1.2 2.9 1.2
v 1.3 2.1 1.2
v 1.3 2.2 1.2
v 1.3 2.6 1.2
v 1.3 2.9 1.2
v 1.5 0.9 1.2
v 1.5 1 1.2
v 1.5 1.4 1.2
v 1.5 1.5 1.2
v 1.6 0.8 1.2
v 1.6 0.9 1.2
v 1.6 1 1.2
v 1.6 1.4 1.2
v 1.6 1.5 1.2
v 1.6 1.6 1.2
v 1.6 2 1.2
v 1.6 2.1 1.2
v 1.6 2.2 1.2
v 1.7 0.7 1.2
v 1.7 0.8 1.2
v 1.7 0.9 1.2
v 1.7 1.5 1.2
v 1.7 1.6 1.2
v 1.7 1.7 1.2
v 1.7 1.9 1.2
v 1.7 2 1.2
v 1.7 2.1 1.2
v 1.8 0.7 1.2
v 1.8 0.8 1.2
v 1.8 1.6 1.2
v 1.8 1.7 1.2
v 1.8 1.8 1.2
v 1.8 1.9 1.2
v 1.8 2 1.2
v 1.9 1.7 1.2
v 1.9 1.8 1.2
v 1.9 1.9 1.2
v 2 1.7 1.2
v 2 1.8 1.2
v -2 1 1.1
v -2 1.4 1.1
v -1.9 0.9 1.1
v -1.9 1 1.1
v -1.9 1.4 1.1
v -1.9 1.5 1.1
v -1.8 0.8 1.1
v -1.8 0.9 1.1
v -1.8 1 1.1
v -1.8 1.4 1.1
v -1.8 1.5 1.1
v -1.8 1.6 1.1
v -1.4 0.8 1.1
v -1.4 0.9 1.1
v -1.4 1 1.1
v -1.4 1.4 1.1
v -1.4 1.5 1.1
v -1.4 1.6 1.1
v -1.3 0.9 1.1
v -1.3 1 1.1
v -1.3 1.4 1.1
v -1.3 1.5 1.1
v -1.3 2.1 1.1
v -1.3 2.3 1.1
v -1.2 1 1.1
v -1.2 1.4 1.1
v -1.2 2.2 1.1
v -1.2 2.3 1.1
v -1.1 2.4 1.1
v -1.1 2.6 1.1
v -1 2.1 1.1
v -1 2.2 1.1
v -0.9 2 1.1
v -0.9 2.1 1.1
v -0.9 2.5 1.1
v -0.9 2.6 1.1
v -0.7 2.5 1.1
v -0.7 2.6 1.1
v -0.7 2.8 1.1
v -0.6 2 1.1
v -0.6 2.1 1.1
v -0.6 2.6 1.1
v -0.6 2.8 1.1
v -0.4 2.1 1.1
v -0.4 2.2 1.1
v -0.4 2.4 1.1
v -0.4 2.5 1.1
v -0.3 2.2 1.1
v -0.3 2.4 1.1
v -0.2 2.1 1.1
v -0.2 2.2 1.1
v 0.3 3.1 1.1
v 0.3 3.2 1.1
v 0.4 3 1.1
v 0.4 3.1 1.1
v 0.4 3.2 1.1
v 0.5 2.9 1.1
v 0.5 3 1.1
v 0.6 1.4 1.1
v 0.6 1.5 1.1
v 0.7 1.5 1.1
v 0.7 1.6 1.1
v 0.7 2.9 1.1
v 0.7 3 1.1
v 0.8 1.6 1.1
v 0.8 3 1.1
v 0.8 3.1 1.1
v 0.9 1.5 1.1
v 0.9 1.6 1.1
v 1 1.1 1.1
v 1 1.4 1.1
v 1 1.5 1.1
v 1 2.3 1.1
v 1 2.4 1.1
v 1.1 1.1 1.1
v 1.1 1.4 1.1
v 1.1 2.2 1.1
v 1.1 2.3 1.1
v 1.1 2.4 1.1
v 1.1 2.5 1.1
v 1.2 2.3 1.1
v 1.2 2.5 1.1
v 1.3 2.2 1.1
v 1.5 1 1.1
v 1.5 1.4 1.1
v 1.5 2.2 1.1
v 1.5 2.3 1.1
v 1.6 0.9 1.1
v 1.6 1 1.1
v 1.6 1.4 1.1
v 1.6 1.5 1.1
v 1.6 2.1 1.1
v 1.6 2.2 1.1
v 1.7 0.8 1.1
v 1.7 0.9 1.1
v 1.7 1 1.1
v 1.7 1.4 1.1
v 1.7 1.5 1.1
v 1.7 1.6 1.1
v 1.7 2 1.1
v 1.7 2.1 1.1
v 1.7 2.2 1.1
v 1.8 0.7 1.1
v 1.8 0.8 1.1
v 1.8 0.9 1.1
v 1.8 1.5 1.1
v 1.8 1.6 1.1
v 1.8 1.7 1.1
v 1.8 1.9 1.1
v 1.8 2 1.1
v 1.8 2.1 1.1
v 1.9 1.8 1.1
v 1.9 1.9 1.1
v 1.9 2 1.1
v 2 0.7 1.1
v 2 0.8 1.1
v 2 1.6 1.1
v 2 1.7 1.1
v 2 1.8 1.1
v 2 1.9 1.1
v -2 0 1
v -2 0.1 1
v -1.9 0 1
v -1.9 0.1 1
v -1.8 1 1
v -1.8 1.4 1
v -1.4 1 1
v -1.4 1.4 1
v -1.2 2.2 1
v -1.2 2.3 1
v -1.2 2.4 1
v -1.2 2.5 1
v -1.1 2.4 1
v -1.1 2.5 1
v -1 2.1 1
v -1 2.2 1
v -0.9 2.2 1
v -0.9 2.3 1
v -0.9 2.4 1
v -0.9 2.5 1
v -0.9 2.6 1
v -0.7 2.5 1
v -0.7 2.6 1
v -0.5 2.1 1
v -0.5 2.2 1
v -0.5 2.3 1
v -0.5 2.4 1
v -0.5 2.9 1
v -0.5 3 1
v -0.4 2.2 1
v -0.4 2.4 1
v -0.4 2.9 1
v -0.4 3 1
v 0.1 3.3 1
v 0.1 3.4 1
v 0.2 3.2 1
v 0.2 3.3 1
v 0.2 3.4 1
v 0.3 3.2 1
v 0.3 3.3 1
v 0.4 3.1 1
v 0.4 3.2 1
v 0.8 2.3 1
v 0.8 2.4 1
v 1 2.3 1
v 1 2.4 1
v 1 3.1 1
v 1 3.2 1
v 1.2 2.3 1
v 1.2 2.6 1
v 1.3 2.3 1
v 1.3 2.6 1
v 1.6 1 1
v 1.6 1.4 1
v 1.7 0.9 1
v 1.7 1 1
v 1.7 1.4 1
v 1.7 1.5 1
v 1.7 2.1 1
v 1.7 2.2 1
v 1.8 0.8 1
v 1.8 0.9 1
v 1.8 1 1
v 1.8 1.4 1
v 1.8 1.5 1
v 1.8 1.6 1
v 1.8 2 1
v 1.8 2.1 1
v 1.8 2.2 1
v 1.9 1.9 1
v 1.9 2 1
v 1.9 2.1 1
v 2 0.8 1
v 2 1 1
v 2 1.4 1
v 2 1.6 1
v 2 1.9 1
v 2 2 1
v -1.3 2.4 0.9
v -1.3 2.6 0.9
v -1.2 2.4 0.9
v -1.2 2.5 0.9
v -1.2 2.6 0.9
v -0.9 2.2 0.9
v -0.9 2.3 0.9
v -0.5 2.2 0.9
v -0.5 2.3 0.9
v 0.2 3.3 0.9
v 0.2 3.4 0.9
v 0.3 3.2 0.9
v 0.3 3.3 0.9
v 0.7 2.4 0.9
v 0.7 2.5 0.9
v 0.7 3.3 0.9
v 0.7 3.4 0.9
v 0.8 1.6 0.9
v 0.8 1.7 0.9
v 0.8 2.4 0.9
v 0.8 2.5 0.9
v 0.9 1.7 0.9
v 0.9 2.2 0.9
v 0.9 2.3 0.9
v 1 1.6 0.9
v 1 1.7 0.9
v 1 2.2 0.9
v 1 2.3 0.9
v 1 3.1 0.9
v 1 3.2 0.9
v 1.1 1.8 0.9
v 1.1 2.1 0.9
v 1.1 3.1 0.9
v 1.1 3.3 0.9
v 1.2 1.8 0.9
v 1.2 2.1 0.9
v 1.3 2.4 0.9
v 1.3 2.7 0.9
v 1.4 2.4 0.9
v 1.4 2.7 0.9
v 1.8 1 0.9
v 1.8 1.4 0.9
v 2 1 0.9
v 2 1.4 0.9
v -1.4 2.1 0.8
v -1.4 2.2 0.8
v -1.3 2.1 0.8
v -1.3 2.2 0.8
v -1.3 2.3 0.8
v -1.3 2.4 0.8
v -1.2 2.3 0.8
v -1.2 2.4 0.8
v -0.6 2.9 0.8
v -0.6 3 0.8
v -0.5 2.9 0.8
v -0.5 3 0.8
v 0.2 3.4 0.8
v 0.2 3.5 0.8
v 0.6 2.5 0.8
v 0.6 2.6 0.8
v 0.7 2.1 0.8
v 0.7 2.2 0.8
v 0.7 2.5 0.8
v 0.7 2.6 0.8
v 0.7 3.3 0.8
v 0.7 3.4 0.8
v 0.8 1.7 0.8
v 0.8 1.8 0.8
v 0.8 2.1 0.8
v 0.8 2.2 0.8
v 0.8 2.3 0.8
v 0.8 3.4 0.8
v 0.8 3.5 0.8
v 0.9 2.2 0.8
v 0.9 2.3 0.8
v 0.9 3.3 0.8
v 0.9 3.4 0.8
v 1 1.8 0.8
v 1 2.1 0.8
v 1 2.2 0.8
v 1.1 1.7 0.8
v 1.1 2.1 0.8
v 1.1 2.2 0.8
v 1.1 3 0.8
v 1.1 3.2 0.8
v 1.2 3 0.8
v 1.2 3.2 0.8
v 0.3 3.5 0.7
v 0.3 3.6 0.7
v 0.5 2.4 0.7
v 0.5 2.5 0.7
v 0.5 2.6 0.7
v 0.6 2.1 0.7
v 0.6 2.2 0.7
v 0.6 2.3 0.7
v 0.6 2.5 0.7
v 0.6 2.6 0.7
v 0.7 1.8 0.7
v 0.7 2.1 0.7
v 0.7 2.2 0.7
v 0.7 2.3 0.7
v 0.7 2.4 0.7
v 0.7 2.5 0.7
v 0.7 3.5 0.7
v 0.7 3.6 0.7
v 0.8 2.2 0.7
v 0.8 2.3 0.7
v 0.8 2.4 0.7
v 1 1.8 0.7
v 1 2.1 0.7
v 1.2 2.9 0.7
v 1.2 3.1 0.7
v 1.3 2.9 0.7
v 1.3 3.1 0.7
v 0.3 2.2 0.6
v 0.3 2.3 0.6
v 0.3 2.4 0.6
v 0.3 2.5 0.6
v 0.4 2.5 0.6
v 0.4 2.6 0.6
v 0.5 2.4 0.6
v 0.5 2.6 0.6
v 0.6 2.2 0.6
v 0.6 2.3 0.6
v 0.6 2.4 0.6
v 0.7 2.3 0.6
v 0.7 2.4 0.6
v 1.2 2.2 0.5
v 1.2 2.3 0.5
v 1.3 2.3 0.5
v 1.3 2.4 0.5
v 1.4 2.2 0.5
v 1.4 2.4 0.5
v -1.7 1.6 0.4
v -1.7 1.7 0.4
v -1.5 1.6 0.4
v -1.5 1.7 0.4
v 1.2 2.1 0.4
v 1.2 2.2 0.4
v 1.3 2.1 0.4
v 1.3 2.2 0.4
v 1.4 2.3 0.4
v 1.4 2.6 0.4
v 1.5 2.3 0.4
v 1.5 2.6 0.4
v -1.6 1.7 0.3
v -1.6 1.8 0.3
v -1.4 1.7 0.3
v -1.4 1.8 0.3
v -1.3 1.9 0.3
v -1.3 2 0.3
v -1.2 1.9 0.3
v -1.2 2 0.3
v 1.3 2 0.3
v 1.3 2.1 0.3
v 1.4 1.9 0.3
v 1.4 2 0.3
v 1.5 1.9 0.3
v 1.5 2.1 0.3
v 1.7 1.6 0.3
v 1.7 1.7 0.3
v 2 1.6 0.3
v 2 1.7 0.3
v 1.5 1.8 0.2
v 1.5 1.9 0.2
v 1.6 1.8 0.2
v 1.6 1.9 0.2
v -1.3 2 0.0999999
v -1.3 2.1 0.0999999
v -1.2 2 0.0999999
v -1.2 2.1 0.0999999
v -0.8 1.2 -0.4
v -0.8 1.3 -0.4
v -0.7 1.2 -0.4
v -0.7 1.3 -0.4
v -0.5 1.5 -0.4
v -0.5 1.6 -0.4
v -0.4 1.5 -0.4
v -0.4 1.6 -0.4
v -0.7 1.3 -0.5
v -0.7 1.4 -0.5
v -0.6 1.3 -0.5
v -0.6 1.4 -0.5
v -0.6 1.5 -0.5
v -0.5 1.4 -0.5
v -0.5 1.5 -0.5
v -0.6 0.7 -1.5
v -0.6 0.8 -1.5
v -0.0999999 0.7 -1.5
v -0.0999999 0.8 -1.5
v 2.38419e-07 0.6 -1.6
v 2.38419e-07 0.7 -1.6
v 0.3 0.6 -1.6
v 0.3 0.7 -1.6
v 0.9 1.8 1.4
v 0.9 1.9 1.4
v 1 1.8 1.4
v 1 1.9 1.4
v -1.6 2 1.3
v -1.6 2.1 1.3
v -1.5 2 1.3
v -1.5 2.1 1.3
v 0.9 1.7 1.3
v 0.9 1.8 1.3
v 1 1.7 1.3
v 1 1.8 1.3
v 1 2 1.3
v 1.1 1.7 1.3
v 1.1 2 1.3
v -2 1.9 1.2
v -2 2 1.2
v -1.6 1.9 1.2
v -1.6 2 1.2
v -1.5 2 1.2
v -1.5 2.1 1.2
v -1.4 2 1.2
v -1.4 2.1 1.2
v -1.4 2.2 1.2
v -1.3 2.1 1.2
v -1.3 2.2 1.2
v 1.1 1.8 1.2
v 1.1 2.1 1.2
v 1.2 1.8 1.2
v 1.2 2.1 1.2
v -0.2 3.2 1.1
v -0.2 3.3 1.1
v 2.38419e-07 3.2 1.1
v 2.38419e-07 3.3 1.1
v -1.1 2.5 1
v -1.1 2.6 1
v -0.9 2.5 1
v -0.9 2.6 1
v -0.2 3.1 1
v -0.2 3.2 1
v -0.0999999 3.1 1
v -0.0999999 3.2 1
v 0.6 2.4 1
v 0.6 2.5 1
v 0.7 2.4 1
v 0.7 2.5 1
v 0.8 2 1
v 0.8 2.2 1
v 0.9 2 1
v 0.9 2.2 1
v 1.4 2.1 1
v 1.4 2.3 1
v 1.5 2.2 1
v 1.5 2.3 1
v 1.7 2.1 1
v 1.7 2.2 1
v -1.9 1.8 0.9
v -1.9 1.9 0.9
v -1.6 1.9 0.9
v -1.6 2 0.9
v -1.5 1.8 0.9
v -1.5 2 0.9
v -0.9 2.5 0.9
v -0.9 2.6 0.9
v -0.8 2.5 0.9
v -0.8 2.6 0.9
v -0.7 2.7 0.9
v -0.7 2.8 0.9
v -0.6 2.7 0.9
v -0.6 2.8 0.9
v 0.5 2.3 0.9
v 0.5 2.4 0.9
v 0.6 2.4 0.9
v 0.6 2.5 0.9
v 0.6 2.6 0.9
v 0.7 2.1 0.9
v 0.7 2.3 0.9
v 0.7 2.4 0.9
v 0.7 2.5 0.9
v 0.7 2.6 0.9
v 0.8 1.7 0.9
v 0.8 2 0.9
v 0.8 2.1 0.9
v 0.8 2.3 0.9
v 0.9 1.7 0.9
v 0.9 2 0.9
v 1.2 2.2 0.9
v 1.2 2.3 0.9
v 1.2 2.8 0.9
v 1.2 2.9 0.9
v 1.3 2 0.9
v 1.3 2.1 0.9
v 1.3 2.2 0.9
v 1.3 2.3 0.9
v 1.3 2.8 0.9
v 1.3 2.9 0.9
v 1.4 2 0.9
v 1.4 2.1 0.9
v 1.4 2.3 0.9
v 1.7 2 0.9
v 1.7 2.1 0.9
v 1.7 2.2 0.9
v 1.8 2.1 0.9
v 1.8 2.2 0.9
v 1.9 2 0.9
v 1.9 2.1 0.9
v -2 1.7 0.8
v -2 1.8 0.8
v -2 1.9 0.8
v -1.9 1.8 0.8
v -1.9 1.9 0.8
v -1.5 1.8 0.8
v -1.5 2 0.8
v -1.4 1.7 0.8
v -1.4 2 0.8
v -0.8 2.5 0.8
v -0.8 2.6 0.8
v -0.7 2.6 0.8
v -0.7 2.7 0.8
v -0.6 2.5 0.8
v -0.6 2.6 0.8
v -0.6 2.7 0.8
v 2.38419e-07 3.2 0.8
v 2.38419e-07 3.3 0.8
v 0.1 3.3 0.8
v 0.1 3.4 0.8
v 0.2 3.2 0.8
v 0.2 3.4 0.8
v 0.3 2.3 0.8
v 0.3 2.5 0.8
v 0.4 2.2 0.8
v 0.4 2.3 0.8
v 0.5 2.3 0.8
v 0.5 2.4 0.8
v 0.5 2.5 0.8
v 0.5 2.6 0.8
v 0.6 2.1 0.8
v 0.6 2.2 0.8
v 0.6 2.4 0.8
v 0.6 2.5 0.8
v 0.6 2.6 0.8
v 0.7 1.8 0.8
v 0.7 2.1 0.8
v 0.7 2.2 0.8
v 0.7 2.3 0.8
v 0.8 1.8 0.8
v 0.8 2.1 0.8
v 0.9 3.2 0.8
v 0.9 3.3 0.8
v 1.1 3.2 0.8
v 1.1 3.3 0.8
v 1.2 2.1 0.8
v 1.2 2.2 0.8
v 1.3 2.1 0.8
v 1.3 2.2 0.8
v 1.4 1.9 0.8
v 1.4 2 0.8
v 1.7 1.8 0.8
v 1.7 1.9 0.8
v 2 1.8 0.8
v 2 2 0.8
v -1.9 1.6 0.7
v -1.9 1.7 0.7
v -1.5 1.6 0.7
v -1.5 1.7 0.7
v -1.4 1.8 0.7
v -1.4 2.2 0.7
v -1.3 1.8 0.7
v -1.3 2.2 0.7
v -1.3 2.3 0.7
v -1.3 2.5 0.7
v -1.3 2.6 0.7
v -1.2 2.5 0.7
v -1.2 2.6 0.7
v -1.1 2.3 0.7
v -1.1 2.4 0.7
v -0.7 2.4 0.7
v -0.7 2.5 0.7
v -0.6 2.6 0.7
v -0.6 2.9 0.7
v -0.5 2.6 0.7
v -0.5 2.7 0.7
v -0.5 2.9 0.7
v -0.3 3 0.7
v -0.3 3.1 0.7
v -0.2 3 0.7
v -0.2 3.1 0.7
v -0.0999999 3.1 0.7
v -0.0999999 3.2 0.7
v 0.1 3.1 0.7
v 0.1 3.2 0.7
v 0.2 3.3 0.7
v 0.2 3.5 0.7
v 0.3 2.2 0.7
v 0.3 2.3 0.7
v 0.3 3.3 0.7
v 0.3 3.5 0.7
v 0.4 2.2 0.7
v 0.4 2.3 0.7
v 0.4 2.5 0.7
v 0.4 2.6 0.7
v 0.5 2.5 0.7
v 0.5 2.6 0.7
v 0.7 3.2 0.7
v 0.7 3.5 0.7
v 0.8 3.1 0.7
v 0.8 3.2 0.7
v 0.8 3.4 0.7
v 0.8 3.5 0.7
v 0.9 3.2 0.7
v 0.9 3.4 0.7
v 1.2 3.1 0.7
v 1.2 3.2 0.7
v 1.5 1.8 0.7
v 1.5 1.9 0.7
v 1.6 1.7 0.7
v 1.6 1.8 0.7
v 1.7 1.8 0.7
v 1.7 1.9 0.7
v 2 1.7 0.7
v 2 1.8 0.7
v -1.3 1.9 0.6
v -1.3 2.3 0.6
v -1.2 1.9 0.6
v -1.2 2.2 0.6
v -1.1 2.3 0.6
v -1.1 2.4 0.6
v -1 2.2 0.6
v -1 2.4 0.6
v -0.6 2.9 0.6
v -0.6 3 0.6
v -0.5 2.9 0.6
v -0.3 2.9 0.6
v -0.3 3 0.6
v -0.0999999 3 0.6
v -0.0999999 3.1 0.6
v 0.1 3.1 0.6
v 0.1 3.2 0.6
v 0.2 3.2 0.6
v 0.2 3.3 0.6
v 0.3 3 0.6
v 0.3 3.1 0.6
v 0.3 3.3 0.6
v 0.3 3.5 0.6
v 0.6 3.5 0.6
v 0.6 3.6 0.6
v 0.7 3.2 0.6
v 0.7 3.6 0.6
v 0.8 3.1 0.6
v 0.8 3.2 0.6
v 0.9 2.8 0.6
v 0.9 3.1 0.6
v 1.1 2.7 0.6
v 1.1 2.8 0.6
v 1.2 2.8 0.6
v 1.2 2.9 0.6
v 1.3 2.7 0.6
v 1.3 2.8 0.6
v 1.3 2.9 0.6
v 1.3 3.1 0.6
v 1.7 1.6 0.6
v 1.7 1.7 0.6
v 2 1.6 0.6
v 2 1.7 0.6
v -2 1.2 0.5
v -2 1.5 0.5
v -1.9 1.2 0.5
v -1.9 1.3 0.5
v -1.8 1.3 0.5
v -1.8 1.5 0.5
v -1.8 1.6 0.5
v -1.7 1.5 0.5
v -1.7 1.6 0.5
v -1.2 2.1 0.5
v -1.2 2.2 0.5
v -1.1 2.1 0.5
v -1.1 2.2 0.5
v -1 2.3 0.5
v -1 2.4 0.5
v -0.7 2.4 0.5
v -0.7 2.5 0.5
v -0.6 2.3 0.5
v -0.6 2.5 0.5
v -0.5 2.7 0.5
v -0.5 2.9 0.5
v -0.4 2.7 0.5
v -0.4 2.8 0.5
v -0.3 2.7 0.5
v -0.3 2.8 0.5
v -0.3 2.9 0.5
v -0.2 2.9 0.5
v -0.2 3 0.5
v -0.2 3.1 0.5
v -0.0999999 3 0.5
v -0.0999999 3.1 0.5
v 0.3 3 0.5
v 0.3 3.1 0.5
v 0.3 3.5 0.5
v 0.3 3.6 0.5
v 0.4 2.9 0.5
v 0.4 3 0.5
v 0.6 3.5 0.5
v 0.6 3.6 0.5
v 0.7 2.7 0.5
v 0.7 3 0.5
v 0.9 2.8 0.5
v 0.9 3.1 0.5
v 1 2.6 0.5
v 1 2.7 0.5
v 1.1 2.7 0.5
v 1.1 2.8 0.5
v 1.4 2.6 0.5
v 1.4 2.7 0.5
v -2 1.5 0.4
v -2 1.7 0.4
v -1.9 1.2 0.4
v -1.9 1.3 0.4
v -1.9 1.6 0.4
v -1.9 1.7 0.4
v -1.8 1.2 0.4
v -1.8 1.3 0.4
v -1.8 1.4 0.4
v -1.8 1.5 0.4
v -1.8 1.6 0.4
v -1.7 1.4 0.4
v -1.7 1.5 0.4
v -1 2.2 0.4
v -1 2.3 0.4
v -0.7 2.2 0.4
v -0.7 2.3 0.4
v -0.6 2.4 0.4
v -0.6 2.5 0.4
v -0.6 2.6 0.4
v -0.5 2.4 0.4
v -0.5 2.5 0.4
v -0.5 2.6 0.4
v -0.5 2.7 0.4
v -0.3 2.7 0.4
v -0.3 2.8 0.4
v -0.3 3 0.4
v -0.2 2.6 0.4
v -0.2 2.8 0.4
v -0.2 2.9 0.4
v -0.2 3 0.4
v -0.0999999 2.8 0.4
v -0.0999999 2.9 0.4
v 0.3 2.8 0.4
v 0.3 2.9 0.4
v 0.4 2.9 0.4
v 0.4 3 0.4
v 0.6 2.6 0.4
v 0.6 2.9 0.4
v 0.7 2.7 0.4
v 0.7 3 0.4
v 1 2.6 0.4
v 1 2.7 0.4
v 1.1 2.5 0.4
v 1.1 2.6 0.4
v 1.2 2.5 0.4
v 1.4 2.5 0.4
v 1.4 2.6 0.4
v -2 1.1 0.3
v -2 1.2 0.3
v -1.8 1.1 0.3
v -1.8 1.2 0.3
v -1.8 1.3 0.3
v -1.8 1.4 0.3
v -1.7 1.3 0.3
v -1.7 1.4 0.3
v -1.7 1.5 0.3
v -1.6 1.4 0.3
v -1.6 1.5 0.3
v -0.7 2.2 0.3
v -0.7 2.3 0.3
v -0.6 2.3 0.3
v -0.6 2.4 0.3
v -0.5 2.4 0.3
v -0.5 2.6 0.3
v -0.4 2.2 0.3
v -0.4 2.3 0.3
v -0.4 2.4 0.3
v -0.4 2.5 0.3
v -0.3 2.5 0.3
v -0.3 2.6 0.3
v -0.2 2.7 0.3
v -0.2 2.9 0.3
v -0.0999999 2.7 0.3
v -0.0999999 2.8 0.3
v -0.0999999 2.9 0.3
v 0.5 2.7 0.3
v 0.5 2.9 0.3
v 0.6 2.7 0.3
v 0.6 2.9 0.3
v 0.7 2.3 0.3
v 0.7 2.4 0.3
v 0.7 2.5 0.3
v 0.7 2.6 0.3
v 0.8 2.3 0.3
v 0.8 2.4 0.3
v 1.1 2.5 0.3
v 1.1 2.6 0.3
v 1.4 2.5 0.3
v 1.4 2.6 0.3
v 1.5 2.5 0.3
v 1.5 2.6 0.3
v -2 0.2 0.2
v -2 0.5 0.2
v -2 0.9 0.2
v -2 1.1 0.2
v -1.9 0.2 0.2
v -1.9 0.5 0.2
v -1.8 1.1 0.2
v -1.8 1.3 0.2
v -1.7 0.9 0.2
v -1.7 1.3 0.2
v -1.7 1.4 0.2
v -1.7 1.5 0.2
v -1.7 1.6 0.2
v -1.6 1.2 0.2
v -1.6 1.3 0.2
v -1.6 1.4 0.2
v -1.6 1.5 0.2
v -1.6 1.6 0.2
v -1.6 1.7 0.2
v -1.6 1.8 0.2
v -1.5 1.4 0.2
v -1.5 1.5 0.2
v -1.4 1.2 0.2
v -1.4 1.4 0.2
v -1.4 1.6 0.2
v -1.4 1.7 0.2
v -1.3 1.7 0.2
v -1.3 1.8 0.2
v -1.1 2.1 0.2
v -1.1 2.2 0.2
v -0.4 2.2 0.2
v -0.4 2.3 0.2
v -0.4 2.5 0.2
v -0.3 2.1 0.2
v -0.3 2.3 0.2
v -0.3 2.5 0.2
v -0.2 2.6 0.2
v -0.2 2.7 0.2
v -0.0999999 2.7 0.2
v -0.0999999 2.8 0.2
v 2.38419e-07 2.6 0.2
v 2.38419e-07 2.7 0.2
v 0.1 2.7 0.2
v 0.1 2.8 0.2
v 0.2 2.5 0.2
v 0.2 2.6 0.2
v 0.3 2.4 0.2
v 0.3 2.5 0.2
v 0.3 2.6 0.2
v 0.5 2.6 0.2
v 0.5 2.7 0.2
v 0.6 2.2 0.2
v 0.6 2.4 0.2
v 0.6 2.6 0.2
v 0.6 2.7 0.2
v 0.7 2.3 0.2
v 0.7 2.4 0.2
v 0.7 2.5 0.2
v 0.8 2.3 0.2
v 0.8 2.4 0.2
v 0.8 2.5 0.2
v 0.9 2.2 0.2
v 0.9 2.3 0.2
v 0.9 2.4 0.2
v 0.9 2.5 0.2
v 1.1 1.7 0.2
v 1.1 2.1 0.2
v 1.2 1.7 0.2
v 1.2 1.9 0.2
v 1.3 2.1 0.2
v 1.5 1.9 0.2
v 1.5 2.1 0.2
v 1.5 2.4 0.2
v 1.5 2.5 0.2
v 1.8 1.6 0.2
v 1.8 1.7 0.2
v 1.9 1.5 0.2
v 1.9 1.6 0.2
v 2 1.5 0.2
v 2 1.7 0.2
v -2 0 0.0999999
v -2 0.2 0.0999999
v -2 0.5 0.0999999
v -2 0.7 0.0999999
v -2 0.9 0.0999999
v -1.9 0 0.0999999
v -1.9 0.2 0.0999999
v -1.9 0.5 0.0999999
v -1.9 0.6 0.0999999
v -1.9 0.7 0.0999999
v -1.8 0.5 0.0999999
v -1.8 0.6 0.0999999
v -1.7 0.6 0.0999999
v -1.7 0.8 0.0999999
v -1.7 0.9 0.0999999
v -1.7 1.3 0.0999999
v -1.7 1.6 0.0999999
v -1.7 1.7 0.0999999
v -1.6 0.8 0.0999999
v -1.6 0.9 0.0999999
v -1.6 1.2 0.0999999
v -1.6 1.3 0.0999999
v -1.6 1.5 0.0999999
v -1.6 1.6 0.0999999
v -1.6 1.7 0.0999999
v -1.5 0.9 0.0999999
v -1.5 1.1 0.0999999
v -1.5 1.4 0.0999999
v -1.5 1.5 0.0999999
v -1.4 1.2 0.0999999
v -1.4 1.4 0.0999999
v -1.4 1.6 0.0999999
v -1.4 1.7 0.0999999
v -1.3 1.1 0.0999999
v -1.3 1.4 0.0999999
v -1.3 1.7 0.0999999
v -1.3 2 0.0999999
v -1.2 1.6 0.0999999
v -1.2 1.8 0.0999999
v -1.2 2 0.0999999
v -1.2 2.1 0.0999999
v -1.1 1.8 0.0999999
v -1.1 2 0.0999999
v -1 1.4 0.0999999
v -1 1.8 0.0999999
v -0.7 1.4 0.0999999
v -0.7 1.5 0.0999999
v -0.6 1.5 0.0999999
v -0.6 1.8 0.0999999
v -0.4 2 0.0999999
v -0.4 2.1 0.0999999
v -0.3 2.2 0.0999999
v -0.3 2.3 0.0999999
v -0.3 2.6 0.0999999
v -0.2 1.9 0.0999999
v -0.2 2.2 0.0999999
v -0.2 2.3 0.0999999
v -0.2 2.4 0.0999999
v -0.2 2.5 0.0999999
v 2.38419e-07 2.6 0.0999999
v 2.38419e-07 2.7 0.0999999
v 0.1 1.9 0.0999999
v 0.1 2.2 0.0999999
v 0.1 2.5 0.0999999
v 0.1 2.6 0.0999999
v 0.1 2.7 0.0999999
v 0.1 2.8 0.0999999
v 0.2 2.6 0.0999999
v 0.3 2.5 0.0999999
v 0.3 2.6 0.0999999
v 0.3 2.7 0.0999999
v 0.3 2.8 0.0999999
v 0.3 2.9 0.0999999
v 0.4 2.6 0.0999999
v 0.4 2.7 0.0999999
v 0.5 2.1 0.0999999
v 0.5 2.4 0.0999999
v 0.5 2.6 0.0999999
v 0.5 2.9 0.0999999
v 0.6 2.2 0.0999999
v 0.6 2.4 0.0999999
v 0.7 2.5 0.0999999
v 0.7 2.6 0.0999999
v 0.8 2.3 0.0999999
v 0.8 2.5 0.0999999
v 0.9 2.2 0.0999999
v 0.9 2.3 0.0999999
v 0.9 2.4 0.0999999
v 0.9 2.5 0.0999999
v 1 2 0.0999999
v 1 2.1 0.0999999
v 1 2.2 0.0999999
v 1 2.3 0.0999999
v 1 2.4 0.0999999
v 1.1 1.6 0.0999999
v 1.1 1.7 0.0999999
v 1.1 2 0.0999999
v 1.1 2.1 0.0999999
v 1.2 1.7 0.0999999
v 1.2 1.9 0.0999999
v 1.3 2.1 0.0999999
v 1.3 2.2 0.0999999
v 1.4 1.5 0.0999999
v 1.4 1.6 0.0999999
v 1.4 2.3 0.0999999
v 1.5 1.4 0.0999999
v 1.5 1.5 0.0999999
v 1.5 2.3 0.0999999
v 1.5 2.4 0.0999999
v 1.6 1.7 0.0999999
v 1.6 1.9 0.0999999
v 1.8 1.6 0.0999999
v 1.8 1.7 0.0999999
v 1.9 1.5 0.0999999
v 1.9 1.6 0.0999999
v 2 1.4 0.0999999
v 2 1.5 0.0999999
v -1.9 0.4 0
v -1.9 0.5 0
v -1.8 0.4 0
v -1.8 0.5 0
v -1.7 0.7 0
v -1.7 0.8 0
v -1.6 0.7 0
v -1.6 0.8 0
v -1.6 0.9 0
v -1.5 0.8 0
v -1.5 0.9 0
v -1.5 1.1 0
v -1.4 0.9 0
v -1.4 1 0
v -1.4 1.4 0
v -1.4 1.6 0
v -1.3 1 0
v -1.3 1.1 0
v -1.3 1.3 0
v -1.3 1.4 0
v -1.3 2 0
v -1.3 2.1 0
v -1.2 1.3 0
v -1.2 1.4 0
v -1.2 1.6 0
v -1.2 2 0
v -1.2 2.1 0
v -1.1 1.3 0
v -1.1 1.4 0
v -1.1 1.6 0
v -1.1 1.8 0
v -1.1 2 0
v -1 1.4 0
v -1 1.8 0
v -0.7 1.4 0
v -0.7 1.5 0
v -0.6 1.3 0
v -0.6 1.4 0
v -0.6 1.5 0
v -0.6 1.8 0
v -0.6 1.9 0
v -0.6 2 0
v -0.5 1.4 0
v -0.5 1.9 0
v -0.5 2 0
v -0.4 2 0
v -0.4 2.1 0
v -0.3 1.8 0
v -0.3 1.9 0
v -0.3 2.1 0
v -0.3 2.2 0
v -0.2 1.9 0
v -0.2 2.2 0
v -0.2 2.4 0
v -0.2 2.5 0
v -0.0999999 2.3 0
v -0.0999999 2.4 0
v 0.1 1.9 0
v 0.1 2.2 0
v 0.1 2.5 0
v 0.1 2.6 0
v 0.2 1.8 0
v 0.2 2 0
v 0.2 2.3 0
v 0.2 2.4 0
v 0.2 2.5 0
v 0.2 2.6 0
v 0.3 2.4 0
v 0.3 2.5 0
v 0.3 2.6 0
v 0.3 2.7 0
v 0.4 2.6 0
v 0.4 2.7 0
v 0.5 2 0
v 0.5 2.1 0
v 0.5 2.4 0
v 0.6 2 0
v 0.6 2.1 0
v 0.9 2.2 0
v 0.9 2.4 0
v 1 1.6 0
v 1 2 0
v 1 2.1 0
v 1 2.3 0
v 1 2.4 0
v 1.1 1.5 0
v 1.1 1.6 0
v 1.1 2 0
v 1.2 1.4 0
v 1.2 1.5 0
v 1.4 1.1 0
v 1.4 1.4 0
v 1.4 1.5 0
v 1.4 1.6 0
v 1.4 2.2 0
v 1.4 2.3 0
v 1.5 1 0
v 1.5 1.1 0
v 1.5 1.4 0
v 1.5 1.5 0
v 1.6 1 0
v 1.6 1.2 0
v 2 1.2 0
v 2 1.4 0
v -1.9 0.2 -0.1
v -1.9 0.4 -0.1
v -1.8 0.2 -0.1
v -1.8 0.4 -0.1
v -1.8 0.5 -0.1
v -1.8 0.6 -0.1
v -1.7 0.5 -0.1
v -1.7 0.6 -0.1
v -1.7 0.7 -0.1
v -1.6 0.6 -0.1
v -1.6 0.7 -0.1
v -1.5 0.8 -0.1
v -1.5 0.9 -0.1
v -1.4 0.8 -0.1
v -1.4 0.9 -0.1
v -1.4 1 -0.1
v -1.3 0.9 -0.1
v -1.3 1 -0.1
v -1.3 1.3 -0.1
v -1.2 1.3 -0.1
v -1.2 1.4 -0.1
v -1.2 1.6 -0.1
v -1.2 1.8 -0.1
v -1.1 1 -0.1
v -1.1 1.1 -0.1
v -1.1 1.3 -0.1
v -1.1 1.4 -0.1
v -1.1 1.6 -0.1
v -1.1 1.8 -0.1
v -1 1.1 -0.1
v -1 1.2 -0.1
v -0.7 1.2 -0.1
v -0.7 1.3 -0.1
v -0.6 1.9 -0.1
v -0.6 2 -0.1
v -0.5 1.5 -0.1
v -0.5 1.9 -0.1
v -0.5 2 -0.1
v -0.4 1.5 -0.1
v -0.4 1.8 -0.1
v -0.3 1.8 -0.1
v -0.3 1.9 -0.1
v -0.2 1.7 -0.1
v -0.2 1.8 -0.1
v 0.1 1.7 -0.1
v 0.1 1.8 -0.1
v 0.2 1.9 -0.1
v 0.2 2 -0.1
v 0.5 2 -0.1
v 0.5 2.1 -0.1
v 0.6 1.9 -0.1
v 0.6 2 -0.1
v 0.6 2.1 -0.1
v 0.8 1.7 -0.1
v 0.8 2 -0.1
v 0.9 1.6 -0.1
v 0.9 1.7 -0.1
v 1 1.6 -0.1
v 1 2 -0.1
v 1.2 1.3 -0.1
v 1.2 1.4 -0.1
v 1.3 1 -0.1
v 1.3 1.3 -0.1
v 1.4 1 -0.1
v 1.4 1.1 -0.1
v 1.4 1.4 -0.1
v 1.5 1 -0.1
v 1.5 1.1 -0.1
v 1.6 0.9 -0.1
v 1.6 1 -0.1
v 1.6 1.2 -0.1
v 1.7 0.8 -0.1
v 1.7 0.9 -0.1
v 1.8 0.8 -0.1
v 1.9 0.6 -0.1
v 1.9 0.7 -0.1
v 1.9 0.8 -0.1
v 2 0.6 -0.1
v 2 0.7 -0.1
v 2 1.2 -0.1
v -1.9 0 -0.2
v -1.9 0.2 -0.2
v -1.8 0 -0.2
v -1.8 0.2 -0.2
v -1.8 0.3 -0.2
v -1.8 0.5 -0.2
v -1.7 0.3 -0.2
v -1.7 0.5 -0.2
v -1.7 0.6 -0.2
v -1.6 0.5 -0.2
v -1.6 0.6 -0.2
v -1.6 0.7 -0.2
v -1.6 0.8 -0.2
v -1.5 0.7 -0.2
v -1.5 0.8 -0.2
v -1.3 0.9 -0.2
v -1.3 1 -0.2
v -1.2 0.9 -0.2
v -1.2 1 -0.2
v -1 1.1 -0.2
v -1 1.2 -0.2
v -0.9 1.1 -0.2
v -0.9 1.2 -0.2
v -0.4 1.7 -0.2
v -0.4 1.8 -0.2
v -0.2 1.7 -0.2
v -0.2 1.8 -0.2
v 0.2 1.8 -0.2
v 0.2 1.9 -0.2
v 0.6 1.9 -0.2
v 0.6 2 -0.2
v 0.7 1.7 -0.2
v 0.7 1.8 -0.2
v 0.8 1.7 -0.2
v 0.8 2 -0.2
v 1.4 0.9 -0.2
v 1.4 1 -0.2
v 1.6 0.8 -0.2
v 1.6 0.9 -0.2
v 1.6 1 -0.2
v 1.7 0.8 -0.2
v 1.7 0.9 -0.2
v 1.8 0.7 -0.2
v 1.8 0.8 -0.2
v 1.9 0.5 -0.2
v 1.9 0.6 -0.2
v 1.9 0.7 -0.2
v 1.9 0.8 -0.2
v 2 0.5 -0.2
v 2 0.6 -0.2
v -1.8 0 -0.3
v -1.8 0.3 -0.3
v -1.7 0 -0.3
v -1.7 0.3 -0.3
v -1.7 0.4 -0.3
v -1.7 0.5 -0.3
v -1.6 0.4 -0.3
v -1.6 0.5 -0.3
v -1.6 0.6 -0.3
v -1.6 0.7 -0.3
v -1.5 0.6 -0.3
v -1.5 0.7 -0.3
v -1.5 0.8 -0.3
v -1.4 0.7 -0.3
v -1.4 0.8 -0.3
v -1.4 0.9 -0.3
v -1.3 0.8 -0.3
v -1.3 0.9 -0.3
v -1.1 1 -0.3
v -1.1 1.1 -0.3
v -1 1 -0.3
v -1 1.1 -0.3
v -0.9 1.1 -0.3
v -0.9 1.2 -0.3
v -0.8 1.1 -0.3
v -0.8 1.2 -0.3
v 1 1.5 -0.3
v 1 1.6 -0.3
v 1.1 1.4 -0.3
v 1.1 1.5 -0.3
v 1.1 1.6 -0.3
v 1.2 1 -0.3
v 1.2 1.3 -0.3
v 1.2 1.4 -0.3
v 1.2 1.5 -0.3
v 1.3 0.9 -0.3
v 1.3 1 -0.3
v 1.3 1.3 -0.3
v 1.4 0.9 -0.3
v 1.4 1 -0.3
v 1.5 0.8 -0.3
v 1.5 0.9 -0.3
v 1.6 0.8 -0.3
v 1.6 0.9 -0.3
v 1.7 0.7 -0.3
v 1.7 0.8 -0.3
v 1.8 0.6 -0.3
v 1.8 0.7 -0.3
v 1.8 0.8 -0.3
v 1.9 0.4 -0.3
v 1.9 0.5 -0.3
v 1.9 0.6 -0.3
v 1.9 0.7 -0.3
v 2 0.4 -0.3
v 2 0.5 -0.3
v -1.7 0.2 -0.4
v -1.7 0.4 -0.4
v -1.6 0.2 -0.4
v -1.6 0.4 -0.4
v -1.6 0.5 -0.4
v -1.6 0.6 -0.4
v -1.5 0.5 -0.4
v -1.5 0.6 -0.4
v -1.5 0.7 -0.4
v -1.4 0.6 -0.4
v -1.4 0.7 -0.4
v -1.3 0.8 -0.4
v -1.3 0.9 -0.4
v -1.2 0.8 -0.4
v -1.2 0.9 -0.4
v -1.2 1 -0.4
v -1.1 0.9 -0.4
v -1.1 1 -0.4
v -1 1 -0.4
v -1 1.1 -0.4
v -0.9 1 -0.4
v -0.9 1.1 -0.4
v 0.1 1.7 -0.4
v 0.1 1.8 -0.4
v 0.3 1.7 -0.4
v 0.3 1.8 -0.4
v 1 1.4 -0.4
v 1 1.5 -0.4
v 1.1 1.3 -0.4
v 1.1 1.4 -0.4
v 1.1 1.5 -0.4
v 1.2 0.9 -0.4
v 1.2 1 -0.4
v 1.2 1.3 -0.4
v 1.2 1.4 -0.4
v 1.3 0.8 -0.4
v 1.3 0.9 -0.4
v 1.3 1 -0.4
v 1.5 0.7 -0.4
v 1.5 0.8 -0.4
v 1.5 0.9 -0.4
v 1.6 0.6 -0.4
v 1.6 0.7 -0.4
v 1.6 0.8 -0.4
v 1.7 0.5 -0.4
v 1.7 0.6 -0.4
v 1.7 0.7 -0.4
v 1.7 0.8 -0.4
v 1.8 0.4 -0.4
v 1.8 0.5 -0.4
v 1.8 0.6 -0.4
v 1.8 0.7 -0.4
v 1.9 0 -0.4
v 1.9 0.2 -0.4
v 1.9 0.4 -0.4
v 1.9 0.6 -0.4
v 2 0 -0.4
v 2 0.2 -0.4
v 2 0.4 -0.4
v -1.7 0 -0.5
v -1.7 0.2 -0.5
v -1.6 0 -0.5
v -1.6 0.2 -0.5
v -1.6 0.3 -0.5
v -1.6 0.5 -0.5
v -1.5 0.3 -0.5
v -1.5 0.5 -0.5
v -1.5 0.6 -0.5
v -1.4 0.5 -0.5
v -1.4 0.6 -0.5
v -1.4 0.7 -0.5
v -1.4 0.8 -0.5
v -1.3 0.7 -0.5
v -1.3 0.8 -0.5
v -1.1 0.9 -0.5
v -1.1 1 -0.5
v -1 0.9 -0.5
v -1 1 -0.5
v -0.8 1.1 -0.5
v -0.8 1.3 -0.5
v -0.7 1.1 -0.5
v -0.7 1.3 -0.5
v -0.4 1.6 -0.5
v -0.4 1.7 -0.5
v -0.0999999 1.6 -0.5
v 2.38419e-07 1.6 -0.5
v 2.38419e-07 1.7 -0.5
v 0.1 1.6 -0.5
v 0.1 1.7 -0.5
v 0.3 1.7 -0.5
v 0.3 1.8 -0.5
v 0.4 1.7 -0.5
v 0.7 1.7 -0.5
v 0.7 1.8 -0.5
v 0.8 1.6 -0.5
v 0.8 1.7 -0.5
v 0.9 1.5 -0.5
v 0.9 1.6 -0.5
v 0.9 1.7 -0.5
v 1 1.3 -0.5
v 1 1.4 -0.5
v 1 1.5 -0.5
v 1 1.6 -0.5
v 1.1 1 -0.5
v 1.1 1.3 -0.5
v 1.1 1.4 -0.5
v 1.2 1 -0.5
v 1.2 1.3 -0.5
v 1.4 0.7 -0.5
v 1.4 0.8 -0.5
v 1.5 0.6 -0.5
v 1.5 0.7 -0.5
v 1.5 0.8 -0.5
v 1.6 0.5 -0.5
v 1.6 0.6 -0.5
v 1.6 0.7 -0.5
v 1.7 0.3 -0.5
v 1.7 0.5 -0.5
v 1.7 0.6 -0.5
v 1.8 0 -0.5
v 1.8 0.2 -0.5
v 1.8 0.3 -0.5
v 1.8 0.4 -0.5
v 1.8 0.5 -0.5
v 1.9 0 -0.5
v 1.9 0.2 -0.5
v 1.9 0.4 -0.5
v -1.6 0 -0.6
v -1.6 0.3 -0.6
v -1.5 0 -0.6
v -1.5 0.3 -0.6
v -1.5 0.4 -0.6
v -1.5 0.5 -0.6
v -1.4 0.4 -0.6
v -1.4 0.5 -0.6
v -1.4 0.6 -0.6
v -1.4 0.7 -0.6
v -1.3 0.6 -0.6
v -1.3 0.7 -0.6
v -1.3 0.8 -0.6
v -1.2 0.7 -0.6
v -1.2 0.8 -0.6
v -1.2 0.9 -0.6
v -1.1 0.8 -0.6
v -1.1 0.9 -0.6
v -0.7 1.1 -0.6
v -0.7 1.4 -0.6
v -0.6 1.1 -0.6
v -0.6 1.2 -0.6
v -0.6 1.4 -0.6
v -0.6 1.5 -0.6
v -0.5 1.2 -0.6
v -0.5 1.4 -0.6
v -0.5 1.5 -0.6
v -0.5 1.6 -0.6
v -0.0999999 1.4 -0.6
v -0.0999999 1.5 -0.6
v -0.0999999 1.6 -0.6
v 0.1 1.5 -0.6
v 0.1 1.6 -0.6
v 0.1 1.7 -0.6
v 0.3 1.6 -0.6
v 0.3 1.7 -0.6
v 0.7 1.6 -0.6
v 0.7 1.7 -0.6
v 0.8 1.5 -0.6
v 0.8 1.6 -0.6
v 0.8 1.7 -0.6
v 0.9 1.4 -0.6
v 0.9 1.5 -0.6
v 0.9 1.6 -0.6
v 1 1.1 -0.6
v 1 1.3 -0.6
v 1 1.4 -0.6
v 1 1.5 -0.6
v 1.1 1.1 -0.6
v 1.1 1.3 -0.6
v 1.6 0.3 -0.6
v 1.6 0.5 -0.6
v 1.7 0 -0.6
v 1.7 0.2 -0.6
v 1.7 0.3 -0.6
v 1.7 0.5 -0.6
v 1.8 0 -0.6
v 1.8 0.2 -0.6
v 1.8 0.3 -0.6
v -1.5 0.3 -0.7
v -1.5 0.4 -0.7
v -1.4 0.3 -0.7
v -1.4 0.4 -0.7
v -0.5 1.2 -0.7
v -0.5 1.4 -0.7
v -0.0999999 1.2 -0.7
v -0.0999999 1.3 -0.7
v -0.0999999 1.4 -0.7
v -0.0999999 1.5 -0.7
v 2.38419e-07 1.3 -0.7
v 0.1 1.3 -0.7
v 0.1 1.4 -0.7
v 0.1 1.5 -0.7
v 0.1 1.6 -0.7
v 0.2 1.4 -0.7
v 0.2 1.5 -0.7
v 0.3 1.5 -0.7
v 0.3 1.6 -0.7
v 0.3 1.7 -0.7
v 0.4 1.6 -0.7
v 0.4 1.7 -0.7
v 0.7 1.5 -0.7
v 0.7 1.6 -0.7
v 0.7 1.7 -0.7
v 0.8 1.4 -0.7
v 0.8 1.5 -0.7
v 0.8 1.6 -0.7
v 0.9 1.1 -0.7
v 0.9 1.4 -0.7
v 0.9 1.5 -0.7
v 1 1 -0.7
v 1 1.1 -0.7
v 1 1.4 -0.7
v 1.1 1 -0.7
v 1.1 1.1 -0.7
v 1.5 0.5 -0.7
v 1.5 0.6 -0.7
v 1.6 0.2 -0.7
v 1.6 0.3 -0.7
v 1.6 0.5 -0.7
v 1.6 0.6 -0.7
v 1.7 0.2 -0.7
v 1.7 0.3 -0.7
v -0.0999999 1.2 -0.8
v -0.0999999 1.3 -0.8
v 2.38419e-07 1.2 -0.8
v 2.38419e-07 1.3 -0.8
v 0.1 1.2 -0.8
v 0.1 1.3 -0.8
v 0.1 1.4 -0.8
v 0.2 1.4 -0.8
v 0.2 1.5 -0.8
v 0.3 1.2 -0.8
v 0.3 1.4 -0.8
v 0.3 1.5 -0.8
v 0.3 1.6 -0.8
v 0.4 1.5 -0.8
v 0.4 1.6 -0.8
v 0.5 1.4 -0.8
v 0.5 1.5 -0.8
v 0.7 1.1 -0.8
v 0.7 1.4 -0.8
v 0.7 1.5 -0.8
v 0.7 1.6 -0.8
v 0.8 1.4 -0.8
v 0.8 1.5 -0.8
v 0.9 1.1 -0.8
v 0.9 1.4 -0.8
v 1.1 0.9 -0.8
v 1.1 1 -0.8
v 1.2 0.9 -0.8
v 1.2 1 -0.8
v 1.4 0.6 -0.8
v 1.4 0.7 -0.8
v 1.5 0.6 -0.8
v 1.5 0.7 -0.8
v 1.6 0 -0.8
v 1.6 0.2 -0.8
v 1.7 0 -0.8
v 1.7 0.2 -0.8
v 0.3 1.2 -0.9
v 0.3 1.4 -0.9
v 0.4 1.2 -0.9
v 0.4 1.3 -0.9
v 0.5 1.2 -0.9
v 0.5 1.3 -0.9
v 0.5 1.4 -0.9
v 0.6 1.1 -0.9
v 0.6 1.2 -0.9
v 0.7 1.1 -0.9
v 0.7 1.4 -0.9
v 0.9 1 -0.9
v 0.9 1.1 -0.9
v 1 1 -0.9
v 1 1.1 -0.9
v 1.2 0.8 -0.9
v 1.2 0.9 -0.9
v 1.3 0.7 -0.9
v 1.3 0.8 -0.9
v 1.3 0.9 -0.9
v 1.4 0.7 -0.9
v 1.4 0.8 -0.9
v 1.5 0.4 -0.9
v 1.5 0.5 -0.9
v 1.6 0.4 -0.9
v 1.6 0.5 -0.9
v -1.5 0.2 -1
v -1.5 0.3 -1
v -1.4 0.2 -1
v -1.4 0.3 -1
v -1.4 0.5 -1
v -1.4 0.6 -1
v -1.3 0.5 -1
v -1.3 0.6 -1
v -0.9 1 -1
v -0.9 1.1 -1
v -0.8 1 -1
v -0.8 1.1 -1
v -0.6 0.9 -1
v -0.6 1.1 -1
v -0.6 1.2 -1
v -0.3 0.9 -1
v -0.0999999 0.9 -1
v -0.0999999 1.1 -1
v 2.38419e-07 1.1 -1
v 2.38419e-07 1.2 -1
v 0.3 0.9 -1
v 0.3 1.2 -1
v 0.5 1.1 -1
v 0.5 1.2 -1
v 0.6 1.1 -1
v 0.6 1.2 -1
v 0.8 1 -1
v 0.8 1.1 -1
v 0.9 1 -1
v 0.9 1.1 -1
v 1 0.9 -1
v 1 1 -1
v 1.1 0.8 -1
v 1.1 0.9 -1
v 1.1 1 -1
v 1.2 0.8 -1
v 1.2 0.9 -1
v 1.3 0.6 -1
v 1.3 0.7 -1
v 1.4 0.5 -1
v 1.4 0.6 -1
v 1.4 0.7 -1
v 1.5 0.2 -1
v 1.5 0.3 -1
v 1.5 0.4 -1
v 1.5 0.5 -1
v 1.5 0.6 -1
v 1.6 0.2 -1
v 1.6 0.3 -1
v 1.6 0.4 -1
v -1.5 0 -1.1
v -1.5 0.2 -1.1
v -1.4 0 -1.1
v -1.4 0.2 -1.1
v -1.3 0.6 -1.1
v -1.3 0.7 -1.1
v -1.2 0.6 -1.1
v -1.2 0.7 -1.1
v -1 0.9 -1.1
v -1 1 -1.1
v -0.9 0.9 -1.1
v -0.9 1 -1.1
v -0.7 0.8 -1.1
v -0.7 1.1 -1.1
v -0.6 0.9 -1.1
v -0.6 1.1 -1.1
v -0.5 0.8 -1.1
v -0.3 0.8 -1.1
v -0.3 0.9 -1.1
v 0.3 0.8 -1.1
v 0.3 0.9 -1.1
v 0.3 1.2 -1.1
v 0.4 0.8 -1.1
v 0.4 0.9 -1.1
v 0.4 1.1 -1.1
v 0.5 1.1 -1.1
v 0.5 1.2 -1.1
v 0.9 0.9 -1.1
v 0.9 1 -1.1
v 1 0.9 -1.1
v 1 1 -1.1
v 1.2 0.7 -1.1
v 1.2 0.8 -1.1
v 1.3 0.5 -1.1
v 1.3 0.6 -1.1
v 1.3 0.7 -1.1
v 1.3 0.8 -1.1
v 1.4 0.3 -1.1
v 1.4 0.5 -1.1
v 1.4 0.6 -1.1
v 1.5 0 -1.1
v 1.5 0.2 -1.1
v 1.5 0.3 -1.1
v 1.5 0.5 -1.1
v 1.6 0 -1.1
v 1.6 0.2 -1.1
v -1.4 0.4 -1.2
v -1.4 0.5 -1.2
v -1.3 0.4 -1.2
v -1.3 0.5 -1.2
v -1.2 0.7 -1.2
v -1.2 0.8 -1.2
v -1.1 0.7 -1.2
v -1.1 0.8 -1.2
v -1.1 0.9 -1.2
v -1 0.8 -1.2
v -1 0.9 -1.2
v -0.8 0.9 -1.2
v -0.8 1 -1.2
v -0.8 1.1 -1.2
v -0.7 0.9 -1.2
v -0.7 1.1 -1.2
v -0.6 0.7 -1.2
v -0.6 0.8 -1.2
v -0.5 0.7 -1.2
v -0.5 0.8 -1.2
v 0.4 0.7 -1.2
v 0.4 0.8 -1.2
v 0.4 0.9 -1.2
v 0.4 1.1 -1.2
v 0.5 0.9 -1.2
v 0.5 1.1 -1.2
v 0.7 1 -1.2
v 0.7 1.1 -1.2
v 0.8 1 -1.2
v 0.8 1.1 -1.2
v 1 0.8 -1.2
v 1 0.9 -1.2
v 1.1 0.7 -1.2
v 1.1 0.8 -1.2
v 1.1 0.9 -1.2
v 1.2 0.6 -1.2
v 1.2 0.7 -1.2
v 1.2 0.8 -1.2
v 1.3 0.4 -1.2
v 1.3 0.5 -1.2
v 1.3 0.6 -1.2
v 1.3 0.7 -1.2
v 1.4 0 -1.2
v 1.4 0.3 -1.2
v 1.4 0.4 -1.2
v 1.4 0.5 -1.2
v 1.5 0 -1.2
v 1.5 0.3 -1.2
v -1.4 0.2 -1.3
v -1.4 0.4 -1.3
v -1.3 0.2 -1.3
v -1.3 0.4 -1.3
v -1.3 0.5 -1.3
v -1.3 0.6 -1.3
v -1.2 0.5 -1.3
v -1.2 0.6 -1.3
v -1.2 0.7 -1.3
v -1.1 0.6 -1.3
v -1.1 0.7 -1.3
v -1 0.8 -1.3
v -1 0.9 -1.3
v -0.9 0.8 -1.3
v -0.9 0.9 -1.3
v -0.9 1 -1.3
v -0.8 0.9 -1.3
v -0.8 1 -1.3
v 2.38419e-07 0.6 -1.3
v 2.38419e-07 0.7 -1.3
v 0.3 0.6 -1.3
v 0.3 0.7 -1.3
v 0.4 0.8 -1.3
v 0.4 0.9 -1.3
v 0.5 0.8 -1.3
v 0.5 0.9 -1.3
v 0.5 1 -1.3
v 0.5 1.1 -1.3
v 0.7 1 -1.3
v 0.7 1.1 -1.3
v 0.8 0.9 -1.3
v 0.8 1 -1.3
v 0.9 0.8 -1.3
v 0.9 0.9 -1.3
v 0.9 1 -1.3
v 1 0.8 -1.3
v 1 0.9 -1.3
v 1.1 0.6 -1.3
v 1.1 0.7 -1.3
v 1.2 0.5 -1.3
v 1.2 0.6 -1.3
v 1.2 0.7 -1.3
v 1.3 0.2 -1.3
v 1.3 0.3 -1.3
v 1.3 0.4 -1.3
v 1.3 0.5 -1.3
v 1.3 0.6 -1.3
v 1.4 0.2 -1.3
v 1.4 0.3 -1.3
v 1.4 0.4 -1.3
v -1.4 0 -1.4
v -1.4 0.2 -1.4
v -1.3 0 -1.4
v -1.3 0.2 -1.4
v -1.3 0.3 -1.4
v -1.3 0.5 -1.4
v -1.2 0.3 -1.4
v -1.2 0.5 -1.4
v -1.2 0.6 -1.4
v -1.1 0.5 -1.4
v -1.1 0.6 -1.4
v -1.1 0.7 -1.4
v -1.1 0.8 -1.4
v -1 0.7 -1.4
v -1 0.8 -1.4
v -0.9 0.8 -1.4
v -0.9 0.9 -1.4
v -0.8 0.8 -1.4
v -0.8 0.9 -1.4
v 0.6 0.9 -1.4
v 0.6 1 -1.4
v 0.8 0.8 -1.4
v 0.8 0.9 -1.4
v 0.8 1 -1.4
v 0.9 0.8 -1.4
v 0.9 0.9 -1.4
v 1 0.7 -1.4
v 1 0.8 -1.4
v 1.1 0.5 -1.4
v 1.1 0.6 -1.4
v 1.1 0.7 -1.4
v 1.1 0.8 -1.4
v 1.2 0.3 -1.4
v 1.2 0.5 -1.4
v 1.2 0.6 -1.4
v 1.3 0 -1.4
v 1.3 0.2 -1.4
v 1.3 0.3 -1.4
v 1.3 0.5 -1.4
v 1.4 0 -1.4
v 1.4 0.2 -1.4
v -1.3 0 -1.5
v -1.3 0.3 -1.5
v -1.2 0 -1.5
v -1.2 0.3 -1.5
v -1.2 0.4 -1.5
v -1.2 0.5 -1.5
v -1.1 0.4 -1.5
v -1.1 0.5 -1.5
v -1.1 0.6 -1.5
v -1.1 0.7 -1.5
v -1 0.6 -1.5
v -1 0.7 -1.5
v -1 0.8 -1.5
v -0.9 0.7 -1.5
v -0.9 0.8 -1.5
v -0.8 0.8 -1.5
v -0.8 0.9 -1.5
v -0.7 0.8 -1.5
v -0.7 0.9 -1.5
v 0.5 0.9 -1.5
v 0.5 1 -1.5
v 0.6 0.9 -1.5
v 0.6 1 -1.5
v 0.7 0.8 -1.5
v 0.7 0.9 -1.5
v 0.8 0.8 -1.5
v 0.8 0.9 -1.5
v 0.9 0.7 -1.5
v 0.9 0.8 -1.5
v 1 0.6 -1.5
v 1 0.7 -1.5
v 1 0.8 -1.5
v 1.1 0.4 -1.5
v 1.1 0.5 -1.5
v 1.1 0.6 -1.5
v 1.1 0.7 -1.5
v 1.2 0 -1.5
v 1.2 0.3 -1.5
v 1.2 0.4 -1.5
v 1.2 0.5 -1.5
v 1.3 0 -1.5
v 1.3 0.3 -1.5
v -1.2 0 -1.6
v -1.2 0.4 -1.6
v -1.1 0 -1.6
v -1.1 0.4 -1.6
v -1.1 0.6 -1.6
v -1 0.4 -1.6
v -1 0.5 -1.6
v -1 0.6 -1.6
v -1 0.7 -1.6
v -0.9 0.5 -1.6
v -0.9 0.6 -1.6
v -0.9 0.7 -1.6
v -0.9 0.8 -1.6
v -0.8 0.6 -1.6
v -0.8 0.7 -1.6
v -0.7 0.7 -1.6
v -0.7 0.8 -1.6
v 0.5 0.8 -1.6
v 0.5 0.9 -1.6
v 0.7 0.7 -1.6
v 0.7 0.8 -1.6
v 0.7 0.9 -1.6
v 0.8 0.6 -1.6
v 0.8 0.7 -1.6
v 0.9 0.5 -1.6
v 0.9 0.6 -1.6
v 0.9 0.7 -1.6
v 0.9 0.8 -1.6
v 1 0.4 -1.6
v 1 0.5 -1.6
v 1 0.6 -1.6
v 1 0.7 -1.6
v 1.1 0 -1.6
v 1.1 0.3 -1.6
v 1.1 0.4 -1.6
v 1.1 0.6 -1.6
v 1.2 0 -1.6
v 1.2 0.3 -1.6
v 1.2 0.4 -1.6
v -1.1 0 -1.7
v -1.1 0.4 -1.7
v -1 0 -1.7
v -1 0.3 -1.7
v -1 0.4 -1.7
v -1 0.5 -1.7
v -0.9 0.3 -1.7
v -0.9 0.5 -1.7
v -0.9 0.6 -1.7
v -0.8 0.5 -1.7
v -0.8 0.6 -1.7
v -0.8 0.7 -1.7
v -0.7 0.7 -1.7
v -0.7 0.8 -1.7
v -0.6 0.6 -1.7
v -0.6 0.7 -1.7
v -0.0999999 0.7 -1.7
v -0.0999999 0.8 -1.7
v 0.4 0.7 -1.7
v 0.4 0.8 -1.7
v 0.6 0.6 -1.7
v 0.6 0.7 -1.7
v 0.7 0.7 -1.7
v 0.7 0.8 -1.7
v 0.8 0.5 -1.7
v 0.8 0.6 -1.7
v 0.8 0.7 -1.7
v 0.9 0.3 -1.7
v 0.9 0.5 -1.7
v 0.9 0.6 -1.7
v 1 0 -1.7
v 1 0.3 -1.7
v 1 0.4 -1.7
v 1 0.5 -1.7
v 1.1 0 -1.7
v 1.1 0.4 -1.7
v -1 0 -1.8
v -1 0.3 -1.8
v -0.9 0 -1.8
v -0.9 0.2 -1.8
v -0.9 0.3 -1.8
v -0.9 0.5 -1.8
v -0.8 0.2 -1.8
v -0.8 0.3 -1.8
v -0.8 0.4 -1.8
v -0.8 0.5 -1.8
v -0.8 0.6 -1.8
v -0.7 0.4 -1.8
v -0.7 0.5 -1.8
v -0.6 0.6 -1.8
v -0.6 0.7 -1.8
v -0.5 0.5 -1.8
v -0.5 0.6 -1.8
v 0.5 0.5 -1.8
v 0.5 0.6 -1.8
v 0.6 0.6 -1.8
v 0.6 0.7 -1.8
v 0.7 0.4 -1.8
v 0.7 0.5 -1.8
v 0.8 0.2 -1.8
v 0.8 0.4 -1.8
v 0.8 0.5 -1.8
v 0.8 0.6 -1.8
v 0.9 0 -1.8
v 0.9 0.2 -1.8
v 0.9 0.3 -1.8
v 0.9 0.5 -1.8
v 1 0 -1.8
v 1 0.3 -1.8
v -0.9 0 -1.9
v -0.9 0.2 -1.9
v -0.8 0.2 -1.9
v -0.8 0.4 -1.9
v -0.7 0.4 -1.9
v -0.7 0.5 -1.9
v -0.6 0 -1.9
v -0.6 0.2 -1.9
v -0.6 0.3 -1.9
v -0.6 0.4 -1.9
v -0.5 0.2 -1.9
v -0.5 0.3 -1.9
v -0.5 0.5 -1.9
v -0.5 0.6 -1.9
v 0.5 0.2 -1.9
v 0.5 0.3 -1.9
v 0.5 0.5 -1.9
v 0.5 0.6 -1.9
v 0.6 0 -1.9
v 0.6 0.2 -1.9
v 0.6 0.3 -1.9
v 0.6 0.4 -1.9
v 0.7 0.4 -1.9
v 0.7 0.5 -1.9
v 0.8 0.2 -1.9
v 0.8 0.4 -1.9
v 0.9 0 -1.9
v 0.9 0.2 -1.9
v -0.6 0 -2
v -0.6 0.2 -2
v -0.5 0.2 -2
v -0.5 0.3 -2
v 0.5 0.2 -2
v 0.5 0.3 -2
v 0.6 0 -2
v 0.6 0.2 -2
v 1.3 0 1.8
v 1.7 0 1.8
v 1.7 0 1.7
v 1.8 0 1.7
v 1.2 0 1.6
v 1.3 0 1.6
v 1.8 0 1.6
v 1.9 0 1.6
v 1 0 1.5
v 1.2 0 1.5
v 1.9 0 1.5
v 2 0 1.5
v -1.2 0 1.4
v 1 0 1.4
v -1.9 0 1.3
v -1.8 0 1.3
v -1.4 0 1.3
v -1.2 0 1.3
v -1.8 0 1.2
v -1.4 0 1.2
v -2 0 1
v -1.9 0 1
v -2 0 0.5
v -1.7 0 0.5
v -1.7 0 0.3
v -1.6 0 0.3
v -2 0 0.0999999
v -1.9 0 0.0999999
v -1.6 0 0.0999999
v -1.5 0 0.0999999
v -1.5 0 -0.1
v -1.4 0 -0.1
v -1.9 0 -0.2
v -1.8 0 -0.2
v 1.8 0 -0.2
v 2 0 -0.2
v -1.8 0 -0.3
v -1.7 0 -0.3
v -1.4 0 -0.3
v -1.3 0 -0.3
v 1.5 0 -0.3
v 1.7 0 -0.3
v 1.8 0 -0.3
v 1.4 0 -0.4
v 1.5 0 -0.4
v 1.6 0 -0.4
v 1.7 0 -0.4
v 1.9 0 -0.4
v 2 0 -0.4
v -1.7 0 -0.5
v -1.6 0 -0.5
v -1.3 0 -0.5
v -1.2 0 -0.5
v 1.5 0 -0.5
v 1.6 0 -0.5
v 1.8 0 -0.5
v 1.9 0 -0.5
v -1.6 0 -0.6
v -1.5 0 -0.6
v 1.7 0 -0.6
v 1.8 0 -0.6
v 1.3 0 -0.7
v 1.4 0 -0.7
v 1.5 0 -0.7
v 1.6 0 -0.8
v 1.7 0 -0.8
v -1.2 0 -0.9
v -1.1 0 -0.9
v 1.2 0 -0.9
v 1.3 0 -0.9
v 1.1 0 -1
v 1.2 0 -1
v 1.3 0 -1
v 1.4 0 -1
v -1.5 0 -1.1
v -1.4 0 -1.1
v -1.1 0 -1.1
v -1 0 -1.1
v 1.2 0 -1.1
v 1.3 0 -1.1
v 1.5 0 -1.1
v 1.6 0 -1.1
v 1 0 -1.2
v 1.1 0 -1.2
v 1.4 0 -1.2
v 1.5 0 -1.2
v -1 0 -1.3
v -0.9 0 -1.3
v 0.9 0 -1.3
v 1 0 -1.3
v 1.1 0 -1.3
v 1.2 0 -1.3
v -1.4 0 -1.4
v -1.3 0 -1.4
v 0.8 0 -1.4
v 0.9 0 -1.4
v 1 0 -1.4
v 1.1 0 -1.4
v 1.3 0 -1.4
v 1.4 0 -1.4
v -1.3 0 -1.5
v -1.2 0 -1.5
v -0.9 0 -1.5
v -0.5 0 -1.5
v 0.5 0 -1.5
v 0.8 0 -1.5
v 0.9 0 -1.5
v 1 0 -1.5
v 1.2 0 -1.5
v 1.3 0 -1.5
v -1.2 0 -1.6
v -1.1 0 -1.6
v -0.5 0 -1.6
v 0.5 0 -1.6
v 0.8 0 -1.6
v 0.9 0 -1.6
v 1.1 0 -1.6
v 1.2 0 -1.6
v -1.1 0 -1.7
v -1 0 -1.7
v 0.5 0 -1.7
v 0.8 0 -1.7
v 1 0 -1.7
v 1.1 0 -1.7
v -1 0 -1.8
v -0.9 0 -1.8
v -0.6 0 -1.8
v -0.5 0 -1.8
v 0.5 0 -1.8
v 0.9 0 -1.8
v 1 0 -1.8
v -0.9 0 -1.9
v -0.6 0 -1.9
v -0.5 0 -1.9
v 0.6 0 -1.9
v 0.9 0 -1.9
v -0.6 0 -2
v 0.6 0 -2
v -2 0.1 1.2
v -1.9 0.1 1.2
v -2 0.1 1
v -1.9 0.1 1
v 1.2 0.2 1.7
v 1.3 0.2 1.7
v 1.1 0.2 1.6
v 1.2 0.2 1.6
v 1.3 0.2 1.6
v -0.7 0.2 1.5
v -0.5 0.2 1.5
v 0.9 0.2 1.5
v 1 0.2 1.5
v 1.1 0.2 1.5
v 1.2 0.2 1.5
v -0.7 0.2 1.4
v -0.5 0.2 1.4
v 0.9 0.2 1.4
v 1 0.2 1.4
v -2 0.2 1.3
v -1.9 0.2 1.3
v -2 0.2 1.2
v -1.9 0.2 1.2
v 1.2 0.3 1.8
v 1.3 0.3 1.8
v 1.2 0.3 1.7
v 1.3 0.3 1.7
v -0.9 0.3 1.5
v -0.7 0.3 1.5
v -1.3 0.3 1.4
v -1.2 0.3 1.4
v -0.9 0.3 1.4
v -0.7 0.3 1.4
v -1.8 0.3 1.3
v -1.4 0.3 1.3
v -1.3 0.3 1.3
v -1.2 0.3 1.3
v -1.8 0.3 1.2
v -1.4 0.3 1.2
v -2 0.4 1.4
v -1.8 0.4 1.4
v -1.4 0.4 1.4
v -1.3 0.4 1.4
v -2 0.4 1.3
v -1.8 0.4 1.3
v -1.4 0.4 1.3
v -1.3 0.4 1.3
v -2 0.5 1.5
v -1.8 0.5 1.5
v -2 0.5 1.4
v -1.8 0.5 1.4
v -1.4 0.5 1.4
v -1.8 0.5 1.3
v -1.4 0.5 1.3
v -2 0.5 0.2
v -1.9 0.5 0.2
v -2 0.5 0.0999999
v -1.9 0.5 0.0999999
v 1.1 0.6 1.7
v 1.2 0.6 1.7
v -2 0.6 1.6
v -1.8 0.6 1.6
v 1 0.6 1.6
v 1.1 0.6 1.6
v 1.2 0.6 1.6
v -2 0.6 1.5
v -1.8 0.6 1.5
v 0.2 0.6 1.5
v 0.3 0.6 1.5
v 0.8 0.6 1.5
v 0.9 0.6 1.5
v 1 0.6 1.5
v 1.1 0.6 1.5
v 0.2 0.6 1.4
v 0.3 0.6 1.4
v 0.8 0.6 1.4
v 0.9 0.6 1.4
v 0.9 0.8 1.6
v 1 0.8 1.6
v 0.7 0.8 1.5
v 0.8 0.8 1.5
v 0.9 0.8 1.5
v 1 0.8 1.5
v 0.7 0.8 1.4
v 0.8 0.8 1.4
v 0.5 1 1.5
v 0.7 1 1.5
v 0.5 1 1.4
v 0.7 1 1.4
v -1 1.1 1.5
v -0.9 1.1 1.5
v -1 1.1 1.4
v -0.9 1.1 1.4
v 1.2 1.2 1.4
v 1.3 1.2 1.4
v 1.1 1.2 1.3
v 1.2 1.2 1.3
v 1.3 1.2 1.3
v 1.1 1.2 1.2
v 1.2 1.2 1.2
v -1 1.3 1.6
v -0.9 1.3 1.6
v -1 1.3 1.5
v -0.9 1.3 1.5
v -1.1 1.4 1.5
v -1 1.4 1.5
v -1.1 1.4 1.4
v -1 1.4 1.4
v 1.4 1.4 1.4
v 1.5 1.4 1.4
v -1.2 1.4 1.3
v -1.1 1.4 1.3
v 1.4 1.4 1.3
v 1.5 1.4 1.3
v -2 1.4 1.2
v -1.9 1.4 1.2
v -1.3 1.4 1.2
v -1.2 1.4 1.2
v -1.1 1.4 1.2
v 1 1.4 1.2
v 1.1 1.4 1.2
v 1.5 1.4 1.2
v 1.6 1.4 1.2
v -2 1.4 1.1
v -1.9 1.4 1.1
v -1.8 1.4 1.1
v -1.4 1.4 1.1
v -1.3 1.4 1.1
v -1.2 1.4 1.1
v 1 1.4 1.1
v 1.1 1.4 1.1
v 1.5 1.4 1.1
v 1.6 1.4 1.1
v 1.7 1.4 1.1
v -1.8 1.4 1
v -1.4 1.4 1
v 1.6 1.4 1
v 1.7 1.4 1
v 1.8 1.4 1
v 2 1.4 1
v 1.8 1.4 0.9
v 2 1.4 0.9
v -1.5 1.4 0.2
v -1.4 1.4 0.2
v -1.5 1.4 0.0999999
v -1.4 1.4 0.0999999
v -1.3 1.4 0.0999999
v -1.4 1.4 0
v -1.3 1.4 0
v -0.9 1.5 1.5
v -0.8 1.5 1.5
v -1.2 1.5 1.4
v -1.1 1.5 1.4
v -0.9 1.5 1.4
v -0.8 1.5 1.4
v -0.7 1.5 1.4
v -2 1.5 1.3
v -1.9 1.5 1.3
v -1.3 1.5 1.3
v -1.2 1.5 1.3
v -1.1 1.5 1.3
v -0.8 1.5 1.3
v -0.7 1.5 1.3
v -0.6 1.5 1.3
v -0.2 1.5 1.3
v 0.4 1.5 1.3
v 0.5 1.5 1.3
v 0.7 1.5 1.3
v 1 1.5 1.3
v 1.1 1.5 1.3
v 1.5 1.5 1.3
v 1.6 1.5 1.3
v -2 1.5 1.2
v -1.9 1.5 1.2
v -1.8 1.5 1.2
v -1.4 1.5 1.2
v -1.3 1.5 1.2
v -1.2 1.5 1.2
v -0.6 1.5 1.2
v -0.2 1.5 1.2
v 0.4 1.5 1.2
v 0.5 1.5 1.2
v 0.6 1.5 1.2
v 0.7 1.5 1.2
v 0.9 1.5 1.2
v 1 1.5 1.2
v 1.1 1.5 1.2
v 1.5 1.5 1.2
v 1.6 1.5 1.2
v 1.7 1.5 1.2
v -1.9 1.5 1.1
v -1.8 1.5 1.1
v -1.4 1.5 1.1
v -1.3 1.5 1.1
v 0.6 1.5 1.1
v 0.7 1.5 1.1
v 0.9 1.5 1.1
v 1 1.5 1.1
v 1.6 1.5 1.1
v 1.7 1.5 1.1
v 1.8 1.5 1.1
v 1.7 1.5 1
v 1.8 1.5 1
v -2 1.5 0.5
v -1.8 1.5 0.5
v -2 1.5 0.4
v -1.8 1.5 0.4
v -1.7 1.5 0.3
v -1.6 1.5 0.3
v -1.7 1.5 0.2
v -1.6 1.5 0.2
v -1.5 1.5 0.2
v -1.6 1.5 0.0999999
v -1.5 1.5 0.0999999
v -1.2 1.6 1.5
v -1.1 1.6 1.5
v -0.8 1.6 1.5
v -0.7 1.6 1.5
v -2 1.6 1.4
v -1.9 1.6 1.4
v -1.3 1.6 1.4
v -1.2 1.6 1.4
v -1.1 1.6 1.4
v -0.8 1.6 1.4
v -0.7 1.6 1.4
v -0.6 1.6 1.4
v 0.3 1.6 1.4
v 0.8 1.6 1.4
v 1.5 1.6 1.4
v 1.6 1.6 1.4
v -2 1.6 1.3
v -1.9 1.6 1.3
v -1.8 1.6 1.3
v -1.4 1.6 1.3
v -1.3 1.6 1.3
v -1.2 1.6 1.3
v -0.7 1.6 1.3
v -0.6 1.6 1.3
v 0.4 1.6 1.3
v 0.5 1.6 1.3
v 0.7 1.6 1.3
v 1.5 1.6 1.3
v 1.6 1.6 1.3
v 1.7 1.6 1.3
v -1.9 1.6 1.2
v -1.8 1.6 1.2
v -1.4 1.6 1.2
v -1.3 1.6 1.2
v 0.3 1.6 1.2
v 0.4 1.6 1.2
v 0.7 1.6 1.2
v 1.6 1.6 1.2
v 1.7 1.6 1.2
v 1.8 1.6 1.2
v -1.8 1.6 1.1
v -1.4 1.6 1.1
v 0.7 1.6 1.1
v 0.8 1.6 1.1
v 1.7 1.6 1.1
v 1.8 1.6 1.1
v 2 1.6 1.1
v 1.8 1.6 1
v 2 1.6 1
v -1.7 1.6 0.2
v -1.6 1.6 0.2
v -1.7 1.6 0.0999999
v -1.6 1.6 0.0999999
v -1.2 1.6 0
v -1.1 1.6 0
v -1.2 1.6 -0.1
v -1.1 1.6 -0.1
v -1.4 1.7 1.6
v -1.3 1.7 1.6
v -1.3 1.7 1.5
v -1.2 1.7 1.5
v -0.7 1.7 1.5
v -0.6 1.7 1.5
v 0.4 1.7 1.5
v 0.7 1.7 1.5
v -1.9 1.7 1.4
v -1.5 1.7 1.4
v -1.4 1.7 1.4
v -1.3 1.7 1.4
v -1.2 1.7 1.4
v -0.7 1.7 1.4
v -0.6 1.7 1.4
v -0.2 1.7 1.4
v 0.4 1.7 1.4
v 0.7 1.7 1.4
v 0.8 1.7 1.4
v 1.2 1.7 1.4
v 1.6 1.7 1.4
v 1.8 1.7 1.4
v -1.9 1.7 1.3
v -1.8 1.7 1.3
v -1.4 1.7 1.3
v -1.3 1.7 1.3
v -0.6 1.7 1.3
v -0.2 1.7 1.3
v 0.2 1.7 1.3
v 0.3 1.7 1.3
v 0.8 1.7 1.3
v 0.9 1.7 1.3
v 1 1.7 1.3
v 1.2 1.7 1.3
v 1.6 1.7 1.3
v 1.7 1.7 1.3
v 1.8 1.7 1.3
v 1.9 1.7 1.3
v -1.8 1.7 1.2
v -1.5 1.7 1.2
v -1.4 1.7 1.2
v 0.2 1.7 1.2
v 0.3 1.7 1.2
v 1.7 1.7 1.2
v 1.8 1.7 1.2
v 1.9 1.7 1.2
v 2 1.7 1.2
v 1.8 1.7 1.1
v 2 1.7 1.1
v 0.8 1.7 0.9
v 0.9 1.7 0.9
v -2 1.8 1.5
v -1.4 1.8 1.5
v 0.9 1.8 1.5
v 1.2 1.8 1.5
v -2 1.8 1.4
v -1.5 1.8 1.4
v -1.4 1.8 1.4
v -0.2 1.8 1.4
v -0.0999999 1.8 1.4
v 0.9 1.8 1.4
v 1.2 1.8 1.4
v -0.2 1.8 1.3
v -0.0999999 1.8 1.3
v 2.38419e-07 1.8 1.3
v 0.2 1.8 1.3
v 2.38419e-07 1.8 1.2
v 0.2 1.8 1.2
v -1 1.8 0.0999999
v -0.6 1.8 0.0999999
v -1 1.8 0
v -0.6 1.8 0
v 1.2 1.9 1.5
v 1.3 1.9 1.5
v -0.9 1.9 1.4
v -0.8 1.9 1.4
v -0.0999999 1.9 1.4
v 2.38419e-07 1.9 1.4
v 0.3 1.9 1.4
v 1.2 1.9 1.4
v 1.3 1.9 1.4
v -0.9 1.9 1.3
v -0.8 1.9 1.3
v -0.0999999 1.9 1.3
v 2.38419e-07 1.9 1.3
v 0.3 1.9 1.3
v -0.6 1.9 0
v -0.5 1.9 0
v -0.6 1.9 -0.1
v -0.5 1.9 -0.1
v 0.1 2 1.5
v 0.4 2 1.5
v 0.1 2 1.4
v 0.4 2 1.4
v 1.4 2 1.4
v 1.5 2 1.4
v 1.4 2 1.3
v 1.5 2 1.3
v -1.3 2 0.0999999
v -1.2 2 0.0999999
v -1.3 2 0
v -1.2 2 0
v -0.2 2.1 1.3
v -0.0999999 2.1 1.3
v -0.2 2.1 1.2
v -0.0999999 2.1 1.2
v 1.1 2.1 1.2
v 1.2 2.1 1.2
v 1.1 2.1 1.1
v 1.2 2.1 1.1
v 1.1 2.1 0.9
v 1.2 2.1 0.9
v 0.7 2.1 0.8
v 0.8 2.1 0.8
v 1 2.1 0.8
v 0.7 2.1 0.7
v 1 2.1 0.7
v 1.1 2.1 0.2
v 1.3 2.1 0.2
v 1.1 2.1 0.0999999
v 1.3 2.1 0.0999999
v -0.0999999 2.2 1.4
v 2.38419e-07 2.2 1.4
v -0.0999999 2.2 1.3
v 2.38419e-07 2.2 1.3
v -0.3 2.2 1.2
v -0.2 2.2 1.2
v 1 2.2 1.2
v 1.1 2.2 1.2
v -0.3 2.2 1.1
v -0.2 2.2 1.1
v 1.1 2.2 1.1
v 0.9 2.2 0.9
v 1 2.2 0.9
v 0.9 2.2 0.8
v 1 2.2 0.8
v 1.1 2.2 0.8
v 1.2 2.2 0.5
v 1.4 2.2 0.5
v 1.2 2.2 0.4
v 1.3 2.2 0.4
v 1.3 2.2 0.3
v -0.2 2.2 0.0999999
v 0.1 2.2 0.0999999
v 0.9 2.2 0.0999999
v 1 2.2 0.0999999
v 1.3 2.2 0.0999999
v -0.2 2.2 0
v 0.1 2.2 0
v 0.9 2.2 0
v 1.4 2.2 0
v -0.9 2.3 1
v -0.5 2.3 1
v 0.8 2.3 1
v 1 2.3 1
v -0.9 2.3 0.9
v -0.5 2.3 0.9
v 0.8 2.3 0.9
v 0.9 2.3 0.9
v 1 2.3 0.9
v 1.2 2.3 0.9
v 1.3 2.3 0.9
v 0.8 2.3 0.8
v 0.9 2.3 0.8
v 1.2 2.3 0.7
v 1.2 2.3 0.5
v 1.3 2.3 0.5
v 1.4 2.3 0.4
v 1.5 2.3 0.4
v 0.8 2.3 0.2
v 0.9 2.3 0.2
v 0.8 2.3 0.0999999
v 0.9 2.3 0.0999999
v 1.4 2.3 0.0999999
v 1.5 2.3 0.0999999
v 0.2 2.4 1.5
v 0.5 2.4 1.5
v 0.2 2.4 1.4
v 0.5 2.4 1.4
v -0.4 2.4 1.2
v -0.3 2.4 1.2
v 0.8 2.4 1.2
v 1.1 2.4 1.2
v -1.1 2.4 1.1
v -0.4 2.4 1.1
v -0.3 2.4 1.1
v 1 2.4 1.1
v 1.1 2.4 1.1
v -1.1 2.4 1
v -0.9 2.4 1
v -0.5 2.4 1
v -0.4 2.4 1
v 0.8 2.4 1
v 1 2.4 1
v -1.3 2.4 0.9
v -1.2 2.4 0.9
v 0.5 2.4 0.9
v 0.6 2.4 0.9
v 0.7 2.4 0.9
v 0.8 2.4 0.9
v 1.3 2.4 0.9
v 1.4 2.4 0.9
v -1.3 2.4 0.8
v -1.2 2.4 0.8
v 0.5 2.4 0.8
v 0.6 2.4 0.8
v 0.8 2.4 0.8
v 0.5 2.4 0.7
v 0.7 2.4 0.7
v 0.8 2.4 0.7
v 0.5 2.4 0.6
v 0.6 2.4 0.6
v 0.7 2.4 0.6
v 1.3 2.4 0.5
v 1.4 2.4 0.5
v 0.7 2.4 0.3
v 0.8 2.4 0.3
v 0.7 2.4 0.2
v 0.8 2.4 0.2
v -0.7 2.5 1.3
v -0.5 2.5 1.3
v -0.3 2.5 1.3
v -0.2 2.5 1.3
v 0.7 2.5 1.3
v 1.2 2.5 1.3
v -0.5 2.5 1.2
v -0.4 2.5 1.2
v -0.3 2.5 1.2
v -0.2 2.5 1.2
v 0.8 2.5 1.2
v 1.1 2.5 1.2
v -0.7 2.5 1.1
v -0.4 2.5 1.1
v 1.1 2.5 1.1
v 1.2 2.5 1.1
v 0.6 2.5 1
v 0.7 2.5 1
v 0.6 2.5 0.9
v 0.7 2.5 0.9
v 0.8 2.5 0.9
v 0.3 2.5 0.8
v 0.5 2.5 0.8
v 0.6 2.5 0.8
v 0.7 2.5 0.8
v 0.4 2.5 0.7
v 0.5 2.5 0.7
v 0.6 2.5 0.7
v 0.7 2.5 0.7
v 0.3 2.5 0.6
v 0.4 2.5 0.6
v 0.3 2.5 0.2
v 0.7 2.5 0.2
v 0.3 2.5 0.0999999
v 0.7 2.5 0.0999999
v 0.1 2.6 1.5
v 0.2 2.6 1.5
v -0.6 2.6 1.4
v -0.4 2.6 1.4
v 0.1 2.6 1.4
v 0.2 2.6 1.4
v 0.8 2.6 1.4
v 1.1 2.6 1.4
v -0.6 2.6 1.3
v -0.5 2.6 1.3
v -0.4 2.6 1.3
v -0.3 2.6 1.3
v 0.8 2.6 1.3
v 1.1 2.6 1.3
v -0.5 2.6 1.2
v -0.3 2.6 1.2
v 1.2 2.6 1.2
v 1.3 2.6 1.2
v 1.2 2.6 1
v 1.3 2.6 1
v 0.6 2.6 0.9
v 0.7 2.6 0.9
v 0.5 2.6 0.8
v 0.6 2.6 0.8
v 0.7 2.6 0.8
v 0.4 2.6 0.7
v 0.5 2.6 0.7
v 0.6 2.6 0.7
v 0.4 2.6 0.6
v 0.5 2.6 0.6
v 0.2 2.6 0.2
v 0.3 2.6 0.2
v 0.2 2.6 0.0999999
v 0.3 2.6 0.0999999
v 0.4 2.6 0.0999999
v 0.3 2.6 0
v 0.4 2.6 0
v -0.4 2.7 1.4
v -0.3 2.7 1.4
v -0.4 2.7 1.3
v -0.3 2.7 1.3
v -0.3 2.8 1.4
v 2.38419e-07 2.8 1.4
v -0.3 2.8 1.3
v 2.38419e-07 2.8 1.3
v -0.6 2.9 0.7
v -0.5 2.9 0.7
v 1.2 2.9 0.7
v 1.3 2.9 0.7
v -0.6 2.9 0.6
v -0.5 2.9 0.6
v 1.2 2.9 0.6
v 1.3 2.9 0.6
v 0.3 3.5 0.6
v 0.6 3.5 0.6
v 0.3 3.5 0.5
v 0.6 3.5 0.5
v 1.6 0.2 1.8
v 1.7 0.2 1.8
v 1.6 0.2 1.7
v 1.7 0.2 1.7
v -2 0.2 0.2
v -1.9 0.2 0.2
v -2 0.2 0.0999999
v -1.9 0.2 0.0999999
v -1.9 0.2 -0.1
v -1.8 0.2 -0.1
v -1.9 0.2 -0.2
v -1.8 0.2 -0.2
v -1.7 0.2 -0.4
v -1.6 0.2 -0.4
v -1.7 0.2 -0.5
v -1.6 0.2 -0.5
v 1.6 0.2 -0.7
v 1.7 0.2 -0.7
v 1.6 0.2 -0.8
v 1.7 0.2 -0.8
v -1.5 0.2 -1
v -1.4 0.2 -1
v 1.5 0.2 -1
v 1.6 0.2 -1
v -1.5 0.2 -1.1
v -1.4 0.2 -1.1
v 1.5 0.2 -1.1
v 1.6 0.2 -1.1
v -1.4 0.2 -1.3
v -1.3 0.2 -1.3
v 1.3 0.2 -1.3
v 1.4 0.2 -1.3
v -1.4 0.2 -1.4
v -1.3 0.2 -1.4
v 1.3 0.2 -1.4
v 1.4 0.2 -1.4
v -0.9 0.2 -1.8
v -0.8 0.2 -1.8
v 0.8 0.2 -1.8
v 0.9 0.2 -1.8
v -0.9 0.2 -1.9
v -0.8 0.2 -1.9
v -0.6 0.2 -1.9
v -0.5 0.2 -1.9
v 0.5 0.2 -1.9
v 0.6 0.2 -1.9
v 0.8 0.2 -1.9
v 0.9 0.2 -1.9
v -0.6 0.2 -2
v -0.5 0.2 -2
v 0.5 0.2 -2
v 0.6 0.2 -2
v 1.7 0.3 1.7
v 1.8 0.3 1.7
v 1.7 0.3 1.6
v 1.8 0.3 1.6
v -0.7 0.3 1.5
v -0.5 0.3 1.5
v -0.7 0.3 1.4
v -0.5 0.3 1.4
v -1.8 0.3 -0.2
v -1.7 0.3 -0.2
v -1.8 0.3 -0.3
v -1.7 0.3 -0.3
v -1.6 0.3 -0.5
v -1.5 0.3 -0.5
v 1.7 0.3 -0.5
v 1.8 0.3 -0.5
v -1.6 0.3 -0.6
v -1.5 0.3 -0.6
v 1.6 0.3 -0.6
v 1.7 0.3 -0.6
v 1.8 0.3 -0.6
v -1.5 0.3 -0.7
v -1.4 0.3 -0.7
v 1.6 0.3 -0.7
v 1.7 0.3 -0.7
v -1.5 0.3 -1
v -1.4 0.3 -1
v 1.4 0.3 -1.1
v 1.5 0.3 -1.1
v 1.4 0.3 -1.2
v 1.5 0.3 -1.2
v -1.3 0.3 -1.4
v -1.2 0.3 -1.4
v 1.2 0.3 -1.4
v 1.3 0.3 -1.4
v -1.3 0.3 -1.5
v -1.2 0.3 -1.5
v 1.2 0.3 -1.5
v 1.3 0.3 -1.5
v -1 0.3 -1.7
v -0.9 0.3 -1.7
v 0.9 0.3 -1.7
v 1 0.3 -1.7
v -1 0.3 -1.8
v -0.9 0.3 -1.8
v 0.9 0.3 -1.8
v 1 0.3 -1.8
v -0.5 0.3 -1.9
v 0.5 0.3 -1.9
v -0.5 0.3 -2
v 0.5 0.3 -2
v 1.5 0.4 1.8
v 1.6 0.4 1.8
v 1.5 0.4 1.7
v 1.6 0.4 1.7
v 1.8 0.4 1.6
v 1.9 0.4 1.6
v 1.8 0.4 1.5
v 1.9 0.4 1.5
v 2 0.4 1.5
v 1.9 0.4 1.4
v 2 0.4 1.4
v -1.9 0.4 0
v -1.8 0.4 0
v -1.9 0.4 -0.1
v -1.8 0.4 -0.1
v -1.7 0.4 -0.3
v -1.6 0.4 -0.3
v 1.9 0.4 -0.3
v 2 0.4 -0.3
v -1.7 0.4 -0.4
v -1.6 0.4 -0.4
v 1.8 0.4 -0.4
v 1.9 0.4 -0.4
v 2 0.4 -0.4
v 1.8 0.4 -0.5
v 1.9 0.4 -0.5
v -1.5 0.4 -0.6
v -1.4 0.4 -0.6
v -1.5 0.4 -0.7
v -1.4 0.4 -0.7
v 1.5 0.4 -0.9
v 1.6 0.4 -0.9
v 1.5 0.4 -1
v 1.6 0.4 -1
v -1.4 0.4 -1.2
v -1.3 0.4 -1.2
v 1.3 0.4 -1.2
v 1.4 0.4 -1.2
v -1.4 0.4 -1.3
v -1.3 0.4 -1.3
v 1.3 0.4 -1.3
v 1.4 0.4 -1.3
v -1.2 0.4 -1.5
v -1.1 0.4 -1.5
v 1.1 0.4 -1.5
v 1.2 0.4 -1.5
v -1.2 0.4 -1.6
v -1.1 0.4 -1.6
v -1 0.4 -1.6
v 1 0.4 -1.6
v 1.1 0.4 -1.6
v 1.2 0.4 -1.6
v -1.1 0.4 -1.7
v -1 0.4 -1.7
v 1 0.4 -1.7
v 1.1 0.4 -1.7
v -0.8 0.4 -1.8
v -0.7 0.4 -1.8
v 0.7 0.4 -1.8
v 0.8 0.4 -1.8
v -0.8 0.4 -1.9
v -0.7 0.4 -1.9
v 0.7 0.4 -1.9
v 0.8 0.4 -1.9
v 1.3 0.5 1.8
v 1.5 0.5 1.8
v 1.3 0.5 1.7
v 1.5 0.5 1.7
v 1.6 0.5 1.7
v 1.7 0.5 1.7
v 1.6 0.5 1.6
v 1.7 0.5 1.6
v 1.8 0.5 1.6
v -0.9 0.5 1.5
v -0.7 0.5 1.5
v 1.7 0.5 1.5
v 1.8 0.5 1.5
v -0.9 0.5 1.4
v -0.7 0.5 1.4
v 1.9 0.5 1.4
v 2 0.5 1.4
v 1.9 0.5 1.3
v 2 0.5 1.3
v -1.9 0.5 0.0999999
v -1.8 0.5 0.0999999
v -1.9 0.5 0
v -1.8 0.5 0
v -1.8 0.5 -0.1
v -1.7 0.5 -0.1
v -1.8 0.5 -0.2
v -1.7 0.5 -0.2
v -1.6 0.5 -0.2
v 1.9 0.5 -0.2
v 2 0.5 -0.2
v -1.7 0.5 -0.3
v -1.6 0.5 -0.3
v 1.9 0.5 -0.3
v 2 0.5 -0.3
v -1.6 0.5 -0.4
v -1.5 0.5 -0.4
v 1.7 0.5 -0.4
v 1.8 0.5 -0.4
v -1.6 0.5 -0.5
v -1.5 0.5 -0.5
v -1.4 0.5 -0.5
v 1.6 0.5 -0.5
v 1.7 0.5 -0.5
v 1.8 0.5 -0.5
v -1.5 0.5 -0.6
v -1.4 0.5 -0.6
v 1.6 0.5 -0.6
v 1.7 0.5 -0.6
v 1.5 0.5 -0.7
v 1.6 0.5 -0.7
v 1.5 0.5 -0.9
v 1.6 0.5 -0.9
v -1.4 0.5 -1
v -1.3 0.5 -1
v 1.4 0.5 -1
v 1.5 0.5 -1
v 1.3 0.5 -1.1
v 1.4 0.5 -1.1
v 1.5 0.5 -1.1
v -1.4 0.5 -1.2
v -1.3 0.5 -1.2
v 1.3 0.5 -1.2
v 1.4 0.5 -1.2
v -1.3 0.5 -1.3
v -1.2 0.5 -1.3
v 1.2 0.5 -1.3
v 1.3 0.5 -1.3
v -1.3 0.5 -1.4
v -1.2 0.5 -1.4
v -1.1 0.5 -1.4
v 1.1 0.5 -1.4
v 1.2 0.5 -1.4
v 1.3 0.5 -1.4
v -1.2 0.5 -1.5
v -1.1 0.5 -1.5
v 1.1 0.5 -1.5
v 1.2 0.5 -1.5
v -1 0.5 -1.6
v -0.9 0.5 -1.6
v 0.9 0.5 -1.6
v 1 0.5 -1.6
v -1 0.5 -1.7
v -0.9 0.5 -1.7
v -0.8 0.5 -1.7
v 0.8 0.5 -1.7
v 0.9 0.5 -1.7
v 1 0.5 -1.7
v -0.9 0.5 -1.8
v -0.8 0.5 -1.8
v -0.7 0.5 -1.8
v -0.5 0.5 -1.8
v 0.5 0.5 -1.8
v 0.7 0.5 -1.8
v 0.8 0.5 -1.8
v 0.9 0.5 -1.8
v -0.7 0.5 -1.9
v -0.5 0.5 -1.9
v 0.5 0.5 -1.9
v 0.7 0.5 -1.9
v 1.2 0.6 1.8
v 1.3 0.6 1.8
v 1.2 0.6 1.7
v 1.3 0.6 1.7
v 1.4 0.6 1.7
v 1.6 0.6 1.7
v 1.4 0.6 1.6
v 1.6 0.6 1.6
v 1.7 0.6 1.6
v 1.6 0.6 1.5
v 1.7 0.6 1.5
v 1.8 0.6 1.5
v 1.9 0.6 1.5
v 1.8 0.6 1.3
v 1.9 0.6 1.3
v -1.8 0.6 0.0999999
v -1.7 0.6 0.0999999
v -1.8 0.6 -0.1
v -1.7 0.6 -0.1
v -1.6 0.6 -0.1
v 1.9 0.6 -0.1
v 2 0.6 -0.1
v -1.7 0.6 -0.2
v -1.6 0.6 -0.2
v 1.9 0.6 -0.2
v 2 0.6 -0.2
v -1.6 0.6 -0.3
v -1.5 0.6 -0.3
v 1.8 0.6 -0.3
v 1.9 0.6 -0.3
v -1.6 0.6 -0.4
v -1.5 0.6 -0.4
v -1.4 0.6 -0.4
v 1.6 0.6 -0.4
v 1.7 0.6 -0.4
v 1.8 0.6 -0.4
v 1.9 0.6 -0.4
v -1.5 0.6 -0.5
v -1.4 0.6 -0.5
v 1.5 0.6 -0.5
v 1.6 0.6 -0.5
v 1.7 0.6 -0.5
v -1.4 0.6 -0.6
v -1.3 0.6 -0.6
v 1.5 0.6 -0.7
v 1.6 0.6 -0.7
v 1.4 0.6 -0.8
v 1.5 0.6 -0.8
v -1.4 0.6 -1
v -1.3 0.6 -1
v 1.3 0.6 -1
v 1.4 0.6 -1
v 1.5 0.6 -1
v -1.3 0.6 -1.1
v -1.2 0.6 -1.1
v 1.3 0.6 -1.1
v 1.4 0.6 -1.1
v 1.2 0.6 -1.2
v 1.3 0.6 -1.2
v -1.3 0.6 -1.3
v -1.2 0.6 -1.3
v -1.1 0.6 -1.3
v 2.38419e-07 0.6 -1.3
v 0.3 0.6 -1.3
v 1.1 0.6 -1.3
v 1.2 0.6 -1.3
v 1.3 0.6 -1.3
v -1.2 0.6 -1.4
v -1.1 0.6 -1.4
v 2.38419e-07 0.6 -1.4
v 1.1 0.6 -1.4
v 1.2 0.6 -1.4
v -1.1 0.6 -1.5
v -1 0.6 -1.5
v 2.38419e-07 0.6 -1.5
v 0.3 0.6 -1.5
v 1 0.6 -1.5
v 1.1 0.6 -1.5
v -1.1 0.6 -1.6
v -1 0.6 -1.6
v -0.9 0.6 -1.6
v -0.8 0.6 -1.6
v 2.38419e-07 0.6 -1.6
v 0.3 0.6 -1.6
v 0.8 0.6 -1.6
v 0.9 0.6 -1.6
v 1 0.6 -1.6
v 1.1 0.6 -1.6
v -0.9 0.6 -1.7
v -0.8 0.6 -1.7
v -0.6 0.6 -1.7
v 0.6 0.6 -1.7
v 0.8 0.6 -1.7
v 0.9 0.6 -1.7
v -0.8 0.6 -1.8
v -0.6 0.6 -1.8
v -0.5 0.6 -1.8
v 0.5 0.6 -1.8
v 0.6 0.6 -1.8
v 0.8 0.6 -1.8
v -0.5 0.6 -1.9
v 0.5 0.6 -1.9
v 1.2 0.7 1.7
v 1.4 0.7 1.7
v -2 0.7 1.6
v -1.8 0.7 1.6
v 1.2 0.7 1.6
v 1.4 0.7 1.6
v 1.5 0.7 1.6
v 1.6 0.7 1.6
v 0.2 0.7 1.5
v 0.3 0.7 1.5
v 1.5 0.7 1.5
v 1.6 0.7 1.5
v 1.8 0.7 1.5
v -2 0.7 1.4
v -1.9 0.7 1.4
v -1.8 0.7 1.4
v -1.3 0.7 1.4
v 0.2 0.7 1.4
v 0.3 0.7 1.4
v -1.9 0.7 1.3
v -1.8 0.7 1.3
v -1.4 0.7 1.3
v -1.3 0.7 1.3
v 1.6 0.7 1.3
v 1.7 0.7 1.3
v 1.8 0.7 1.3
v 2 0.7 1.3
v -1.8 0.7 1.2
v -1.4 0.7 1.2
v 1.7 0.7 1.2
v 1.8 0.7 1.2
v 1.8 0.7 1.1
v 2 0.7 1.1
v -1.7 0.7 0
v -1.6 0.7 0
v -1.7 0.7 -0.1
v -1.6 0.7 -0.1
v -1.6 0.7 -0.2
v -1.5 0.7 -0.2
v 1.8 0.7 -0.2
v 1.9 0.7 -0.2
v -1.6 0.7 -0.3
v -1.5 0.7 -0.3
v -1.4 0.7 -0.3
v 1.7 0.7 -0.3
v 1.8 0.7 -0.3
v 1.9 0.7 -0.3
v -1.5 0.7 -0.4
v -1.4 0.7 -0.4
v 1.5 0.7 -0.4
v 1.6 0.7 -0.4
v 1.7 0.7 -0.4
v 1.8 0.7 -0.4
v -1.4 0.7 -0.5
v -1.3 0.7 -0.5
v 1.4 0.7 -0.5
v 1.5 0.7 -0.5
v 1.6 0.7 -0.5
v -1.4 0.7 -0.6
v -1.3 0.7 -0.6
v -1.2 0.7 -0.6
v 1.4 0.7 -0.6
v -1.2 0.7 -0.7
v 1.4 0.7 -0.8
v 1.5 0.7 -0.8
v 1.3 0.7 -0.9
v 1.4 0.7 -0.9
v 1.3 0.7 -1
v 1.4 0.7 -1
v -1.3 0.7 -1.1
v -1.2 0.7 -1.1
v 1.2 0.7 -1.1
v 1.3 0.7 -1.1
v -1.2 0.7 -1.2
v -1.1 0.7 -1.2
v -0.6 0.7 -1.2
v -0.5 0.7 -1.2
v 0.4 0.7 -1.2
v 1.1 0.7 -1.2
v 1.2 0.7 -1.2
v 1.3 0.7 -1.2
v -1.2 0.7 -1.3
v -1.1 0.7 -1.3
v -0.5 0.7 -1.3
v -0.4 0.7 -1.3
v 2.38419e-07 0.7 -1.3
v 0.3 0.7 -1.3
v 1.1 0.7 -1.3
v 1.2 0.7 -1.3
v -1.1 0.7 -1.4
v -1 0.7 -1.4
v -0.6 0.7 -1.4
v -0.4 0.7 -1.4
v 2.38419e-07 0.7 -1.4
v 1 0.7 -1.4
v 1.1 0.7 -1.4
v -1.1 0.7 -1.5
v -1 0.7 -1.5
v -0.9 0.7 -1.5
v -0.6 0.7 -1.5
v -0.0999999 0.7 -1.5
v 0.3 0.7 -1.5
v 0.4 0.7 -1.5
v 0.9 0.7 -1.5
v 1 0.7 -1.5
v 1.1 0.7 -1.5
v -1 0.7 -1.6
v -0.9 0.7 -1.6
v -0.8 0.7 -1.6
v -0.7 0.7 -1.6
v 2.38419e-07 0.7 -1.6
v 0.3 0.7 -1.6
v 0.7 0.7 -1.6
v 0.8 0.7 -1.6
v 0.9 0.7 -1.6
v 1 0.7 -1.6
v -0.8 0.7 -1.7
v -0.7 0.7 -1.7
v -0.6 0.7 -1.7
v -0.0999999 0.7 -1.7
v 0.4 0.7 -1.7
v 0.6 0.7 -1.7
v 0.7 0.7 -1.7
v 0.8 0.7 -1.7
v -0.6 0.7 -1.8
v 0.6 0.7 -1.8
v 1.1 0.8 1.7
v 1.2 0.8 1.7
v 1.1 0.8 1.6
v 1.2 0.8 1.6
v 1.5 0.8 1.6
v 1.2 0.8 1.5
v 1.5 0.8 1.5
v 1.6 0.8 1.5
v -2 0.8 1.4
v -1.9 0.8 1.4
v -1.3 0.8 1.4
v -1.2 0.8 1.4
v -2 0.8 1.3
v -1.9 0.8 1.3
v -1.8 0.8 1.3
v -1.4 0.8 1.3
v -1.3 0.8 1.3
v -1.2 0.8 1.3
v 1.5 0.8 1.3
v 1.6 0.8 1.3
v 1.7 0.8 1.3
v -1.9 0.8 1.2
v -1.8 0.8 1.2
v -1.4 0.8 1.2
v -1.3 0.8 1.2
v 1.6 0.8 1.2
v 1.7 0.8 1.2
v 1.8 0.8 1.2
v -1.8 0.8 1.1
v -1.4 0.8 1.1
v 1.7 0.8 1.1
v 1.8 0.8 1.1
v 2 0.8 1.1
v 1.8 0.8 1
v 2 0.8 1
v -1.7 0.8 0.0999999
v -1.6 0.8 0.0999999
v -1.7 0.8 0
v -1.6 0.8 0
v -1.5 0.8 0
v -1.5 0.8 -0.1
v -1.4 0.8 -0.1
v 1.7 0.8 -0.1
v 1.8 0.8 -0.1
v 1.9 0.8 -0.1
v -1.6 0.8 -0.2
v -1.5 0.8 -0.2
v 1.6 0.8 -0.2
v 1.7 0.8 -0.2
v 1.8 0.8 -0.2
v 1.9 0.8 -0.2
v -1.5 0.8 -0.3
v -1.4 0.8 -0.3
v -1.3 0.8 -0.3
v 1.5 0.8 -0.3
v 1.6 0.8 -0.3
v 1.7 0.8 -0.3
v 1.8 0.8 -0.3
v -1.3 0.8 -0.4
v -1.2 0.8 -0.4
v 1.3 0.8 -0.4
v 1.5 0.8 -0.4
v 1.6 0.8 -0.4
v 1.7 0.8 -0.4
v -1.4 0.8 -0.5
v -1.3 0.8 -0.5
v 1.4 0.8 -0.5
v 1.5 0.8 -0.5
v -1.3 0.8 -0.6
v -1.2 0.8 -0.6
v -1.1 0.8 -0.6
v 1.3 0.8 -0.6
v 1.4 0.8 -0.6
v -1.2 0.8 -0.7
v -1.1 0.8 -0.7
v 1.3 0.8 -0.7
v 1.2 0.8 -0.9
v 1.3 0.8 -0.9
v 1.4 0.8 -0.9
v 1.1 0.8 -1
v 1.2 0.8 -1
v -0.7 0.8 -1.1
v -0.5 0.8 -1.1
v -0.3 0.8 -1.1
v 0.3 0.8 -1.1
v 0.4 0.8 -1.1
v 1.2 0.8 -1.1
v 1.3 0.8 -1.1
v -1.2 0.8 -1.2
v -1.1 0.8 -1.2
v -1 0.8 -1.2
v -0.6 0.8 -1.2
v -0.5 0.8 -1.2
v 0.4 0.8 -1.2
v 1 0.8 -1.2
v 1.1 0.8 -1.2
v 1.2 0.8 -1.2
v -1 0.8 -1.3
v -0.9 0.8 -1.3
v 0.4 0.8 -1.3
v 0.5 0.8 -1.3
v 0.9 0.8 -1.3
v 1 0.8 -1.3
v -1.1 0.8 -1.4
v -1 0.8 -1.4
v -0.9 0.8 -1.4
v -0.8 0.8 -1.4
v 0.5 0.8 -1.4
v 0.8 0.8 -1.4
v 0.9 0.8 -1.4
v 1 0.8 -1.4
v 1.1 0.8 -1.4
v -1 0.8 -1.5
v -0.9 0.8 -1.5
v -0.8 0.8 -1.5
v -0.7 0.8 -1.5
v -0.6 0.8 -1.5
v -0.0999999 0.8 -1.5
v 0.4 0.8 -1.5
v 0.5 0.8 -1.5
v 0.7 0.8 -1.5
v 0.8 0.8 -1.5
v 0.9 0.8 -1.5
v 1 0.8 -1.5
v -0.9 0.8 -1.6
v -0.7 0.8 -1.6
v 0.5 0.8 -1.6
v 0.7 0.8 -1.6
v 0.9 0.8 -1.6
v -0.7 0.8 -1.7
v -0.0999999 0.8 -1.7
v 0.4 0.8 -1.7
v 0.7 0.8 -1.7
v 1 0.9 1.6
v 1.2 0.9 1.6
v 1 0.9 1.5
v 1.1 0.9 1.5
v 1.2 0.9 1.5
v 1.5 0.9 1.5
v -1.2 0.9 1.4
v -1.1 0.9 1.4
v -0.6 0.9 1.4
v -0.2 0.9 1.4
v 1.1 0.9 1.4
v 1.5 0.9 1.4
v -2 0.9 1.3
v -1.9 0.9 1.3
v -1.3 0.9 1.3
v -1.2 0.9 1.3
v -1.1 0.9 1.3
v -0.6 0.9 1.3
v -0.2 0.9 1.3
v 1.5 0.9 1.3
v 1.6 0.9 1.3
v -2 0.9 1.2
v -1.9 0.9 1.2
v -1.8 0.9 1.2
v -1.4 0.9 1.2
v -1.3 0.9 1.2
v -1.2 0.9 1.2
v 1.5 0.9 1.2
v 1.6 0.9 1.2
v 1.7 0.9 1.2
v -1.9 0.9 1.1
v -1.8 0.9 1.1
v -1.4 0.9 1.1
v -1.3 0.9 1.1
v 1.6 0.9 1.1
v 1.7 0.9 1.1
v 1.8 0.9 1.1
v 1.7 0.9 1
v 1.8 0.9 1
v -2 0.9 0.2
v -1.7 0.9 0.2
v -2 0.9 0.0999999
v -1.7 0.9 0.0999999
v -1.6 0.9 0.0999999
v -1.5 0.9 0.0999999
v -1.6 0.9 0
v -1.5 0.9 0
v -1.4 0.9 0
v -1.5 0.9 -0.1
v -1.4 0.9 -0.1
v -1.3 0.9 -0.1
v 1.6 0.9 -0.1
v 1.7 0.9 -0.1
v -1.3 0.9 -0.2
v -1.2 0.9 -0.2
v 1.4 0.9 -0.2
v 1.6 0.9 -0.2
v 1.7 0.9 -0.2
v -1.4 0.9 -0.3
v -1.3 0.9 -0.3
v 1.3 0.9 -0.3
v 1.4 0.9 -0.3
v 1.5 0.9 -0.3
v 1.6 0.9 -0.3
v -1.3 0.9 -0.4
v -1.2 0.9 -0.4
v -1.1 0.9 -0.4
v 1.2 0.9 -0.4
v 1.3 0.9 -0.4
v 1.5 0.9 -0.4
v -1.1 0.9 -0.5
v -1 0.9 -0.5
v -1.2 0.9 -0.6
v -1.1 0.9 -0.6
v 1.2 0.9 -0.7
v 1.3 0.9 -0.7
v 1.1 0.9 -0.8
v 1.2 0.9 -0.8
v 1.2 0.9 -0.9
v 1.3 0.9 -0.9
v -0.6 0.9 -1
v -0.3 0.9 -1
v -0.0999999 0.9 -1
v 0.3 0.9 -1
v 1 0.9 -1
v 1.1 0.9 -1
v 1.2 0.9 -1
v -1 0.9 -1.1
v -0.9 0.9 -1.1
v -0.6 0.9 -1.1
v -0.3 0.9 -1.1
v 0.3 0.9 -1.1
v 0.9 0.9 -1.1
v 1 0.9 -1.1
v -1.1 0.9 -1.2
v -1 0.9 -1.2
v -0.9 0.9 -1.2
v -0.8 0.9 -1.2
v -0.7 0.9 -1.2
v 0.4 0.9 -1.2
v 0.5 0.9 -1.2
v 1 0.9 -1.2
v 1.1 0.9 -1.2
v -1 0.9 -1.3
v -0.9 0.9 -1.3
v -0.8 0.9 -1.3
v 0.4 0.9 -1.3
v 0.5 0.9 -1.3
v 0.8 0.9 -1.3
v 0.9 0.9 -1.3
v 1 0.9 -1.3
v -0.9 0.9 -1.4
v -0.8 0.9 -1.4
v 0.6 0.9 -1.4
v 0.8 0.9 -1.4
v 0.9 0.9 -1.4
v -0.8 0.9 -1.5
v -0.7 0.9 -1.5
v 0.5 0.9 -1.5
v 0.6 0.9 -1.5
v 0.7 0.9 -1.5
v 0.8 0.9 -1.5
v 0.5 0.9 -1.6
v 0.7 0.9 -1.6
v 0.9 1 1.6
v 1 1 1.6
v 0.9 1 1.5
v 1 1 1.5
v 1.1 1 1.5
v -0.7 1 1.4
v -0.6 1 1.4
v -0.2 1 1.4
v -0.0999999 1 1.4
v 0.9 1 1.4
v 1 1 1.4
v 1.1 1 1.4
v 1.3 1 1.4
v 1.4 1 1.4
v 1.5 1 1.4
v -1.2 1 1.3
v -1.1 1 1.3
v -0.7 1 1.3
v -0.6 1 1.3
v -0.2 1 1.3
v -0.0999999 1 1.3
v 1 1 1.3
v 1.3 1 1.3
v 1.4 1 1.3
v 1.5 1 1.3
v -2 1 1.2
v -1.9 1 1.2
v -1.3 1 1.2
v -1.2 1 1.2
v -1.1 1 1.2
v 1.5 1 1.2
v 1.6 1 1.2
v -2 1 1.1
v -1.9 1 1.1
v -1.8 1 1.1
v -1.4 1 1.1
v -1.3 1 1.1
v -1.2 1 1.1
v 1.5 1 1.1
v 1.6 1 1.1
v 1.7 1 1.1
v -1.8 1 1
v -1.4 1 1
v 1.6 1 1
v 1.7 1 1
v 1.8 1 1
v 2 1 1
v 1.8 1 0.9
v 2 1 0.9
v -1.4 1 0
v -1.3 1 0
v 1.5 1 0
v 1.6 1 0
v -1.4 1 -0.1
v -1.3 1 -0.1
v -1.1 1 -0.1
v 1.3 1 -0.1
v 1.4 1 -0.1
v 1.5 1 -0.1
v 1.6 1 -0.1
v -1.3 1 -0.2
v -1.2 1 -0.2
v 1.3 1 -0.2
v 1.4 1 -0.2
v 1.6 1 -0.2
v -1.1 1 -0.3
v -1 1 -0.3
v 1.2 1 -0.3
v 1.3 1 -0.3
v 1.4 1 -0.3
v -1.2 1 -0.4
v -1.1 1 -0.4
v -1 1 -0.4
v -0.9 1 -0.4
v 1.2 1 -0.4
v 1.3 1 -0.4
v -1.1 1 -0.5
v -1 1 -0.5
v 1.1 1 -0.5
v 1.2 1 -0.5
v 1 1 -0.7
v 1.1 1 -0.7
v 1.1 1 -0.8
v 1.2 1 -0.8
v 0.9 1 -0.9
v 1 1 -0.9
v -0.9 1 -1
v -0.8 1 -1
v 0.8 1 -1
v 0.9 1 -1
v 1 1 -1
v 1.1 1 -1
v -1 1 -1.1
v -0.9 1 -1.1
v 0.8 1 -1.1
v 0.9 1 -1.1
v 1 1 -1.1
v -0.8 1 -1.2
v 0.7 1 -1.2
v 0.8 1 -1.2
v -0.9 1 -1.3
v -0.8 1 -1.3
v 0.5 1 -1.3
v 0.7 1 -1.3
v 0.8 1 -1.3
v 0.9 1 -1.3
v 0.6 1 -1.4
v 0.8 1 -1.4
v 0.5 1 -1.5
v 0.6 1 -1.5
v 0.5 1.1 1.5
v 0.9 1.1 1.5
v -0.8 1.1 1.4
v -0.7 1.1 1.4
v -0.0999999 1.1 1.4
v 2.38419e-07 1.1 1.4
v 0.5 1.1 1.4
v 0.6 1.1 1.4
v 0.9 1.1 1.4
v 1 1.1 1.4
v -0.8 1.1 1.3
v -0.7 1.1 1.3
v -0.6 1.1 1.3
v -0.2 1.1 1.3
v -0.0999999 1.1 1.3
v 2.38419e-07 1.1 1.3
v 0.6 1.1 1.3
v 0.7 1.1 1.3
v 1 1.1 1.3
v 1.2 1.1 1.3
v -0.6 1.1 1.2
v -0.2 1.1 1.2
v 0.7 1.1 1.2
v 1 1.1 1.2
v 1.1 1.1 1.2
v 1.2 1.1 1.2
v 1 1.1 1.1
v 1.1 1.1 1.1
v -2 1.1 0.3
v -1.8 1.1 0.3
v -2 1.1 0.2
v -1.8 1.1 0.2
v -1.5 1.1 0.0999999
v -1.3 1.1 0.0999999
v -1.5 1.1 0
v -1.3 1.1 0
v 1.4 1.1 0
v 1.5 1.1 0
v -1.1 1.1 -0.1
v -1 1.1 -0.1
v 1.4 1.1 -0.1
v 1.5 1.1 -0.1
v -1 1.1 -0.2
v -0.9 1.1 -0.2
v -1.1 1.1 -0.3
v -1 1.1 -0.3
v -0.9 1.1 -0.3
v -0.8 1.1 -0.3
v -1 1.1 -0.4
v -0.9 1.1 -0.4
v -0.8 1.1 -0.5
v -0.7 1.1 -0.5
v -0.7 1.1 -0.6
v -0.6 1.1 -0.6
v 1 1.1 -0.6
v 1.1 1.1 -0.6
v 0.9 1.1 -0.7
v 1 1.1 -0.7
v 1.1 1.1 -0.7
v 0.7 1.1 -0.8
v 0.9 1.1 -0.8
v 0.6 1.1 -0.9
v 0.7 1.1 -0.9
v 0.9 1.1 -0.9
v 1 1.1 -0.9
v -0.9 1.1 -1
v -0.8 1.1 -1
v -0.6 1.1 -1
v 0.5 1.1 -1
v 0.6 1.1 -1
v 0.8 1.1 -1
v 0.9 1.1 -1
v -0.7 1.1 -1.1
v -0.6 1.1 -1.1
v 0.4 1.1 -1.1
v 0.5 1.1 -1.1
v -0.8 1.1 -1.2
v -0.7 1.1 -1.2
v 0.4 1.1 -1.2
v 0.5 1.1 -1.2
v 0.7 1.1 -1.2
v 0.8 1.1 -1.2
v 0.5 1.1 -1.3
v 0.7 1.1 -1.3
v 2.38419e-07 1.2 1.4
v 0.6 1.2 1.4
v 2.38419e-07 1.2 1.3
v 0.5 1.2 1.3
v 0.6 1.2 1.3
v 0.7 1.2 1.3
v 0.5 1.2 1.2
v 0.7 1.2 1.2
v -2 1.2 0.5
v -1.9 1.2 0.5
v -1.9 1.2 0.4
v -1.8 1.2 0.4
v -2 1.2 0.3
v -1.8 1.2 0.3
v -1.6 1.2 0.2
v -1.4 1.2 0.2
v -1.6 1.2 0.0999999
v -1.4 1.2 0.0999999
v 1.6 1.2 0
v 2 1.2 0
v -1 1.2 -0.1
v -0.7 1.2 -0.1
v 1.6 1.2 -0.1
v 2 1.2 -0.1
v -1 1.2 -0.2
v -0.9 1.2 -0.2
v -0.9 1.2 -0.3
v -0.8 1.2 -0.3
v -0.8 1.2 -0.4
v -0.7 1.2 -0.4
v -0.6 1.2 -0.6
v -0.5 1.2 -0.6
v -0.5 1.2 -0.7
v -0.0999999 1.2 -0.7
v -0.0999999 1.2 -0.8
v 2.38419e-07 1.2 -0.8
v 0.1 1.2 -0.8
v 0.3 1.2 -0.8
v 2.38419e-07 1.2 -0.9
v 0.1 1.2 -0.9
v 0.3 1.2 -0.9
v 0.4 1.2 -0.9
v 0.5 1.2 -0.9
v 0.6 1.2 -0.9
v -0.6 1.2 -1
v 2.38419e-07 1.2 -1
v 0.3 1.2 -1
v 0.5 1.2 -1
v 0.6 1.2 -1
v 0.3 1.2 -1.1
v 0.5 1.2 -1.1
v -1.9 1.3 0.5
v -1.8 1.3 0.5
v -1.9 1.3 0.4
v -1.8 1.3 0.4
v -1.8 1.3 0.3
v -1.7 1.3 0.3
v -1.8 1.3 0.2
v -1.7 1.3 0.2
v -1.6 1.3 0.2
v -1.7 1.3 0.0999999
v -1.6 1.3 0.0999999
v -1.3 1.3 0
v -1.2 1.3 0
v -1.1 1.3 0
v -0.6 1.3 0
v -1.3 1.3 -0.1
v -1.2 1.3 -0.1
v -1.1 1.3 -0.1
v -0.7 1.3 -0.1
v 1.2 1.3 -0.1
v 1.3 1.3 -0.1
v 1.2 1.3 -0.3
v 1.3 1.3 -0.3
v -0.8 1.3 -0.4
v -0.7 1.3 -0.4
v 1.1 1.3 -0.4
v 1.2 1.3 -0.4
v -0.8 1.3 -0.5
v -0.7 1.3 -0.5
v -0.6 1.3 -0.5
v 1 1.3 -0.5
v 1.1 1.3 -0.5
v 1.2 1.3 -0.5
v 1 1.3 -0.6
v 1.1 1.3 -0.6
v -0.0999999 1.3 -0.7
v 2.38419e-07 1.3 -0.7
v 0.1 1.3 -0.7
v -0.0999999 1.3 -0.8
v 2.38419e-07 1.3 -0.8
v 0.1 1.3 -0.8
v 2.38419e-07 1.4 1.3
v 0.5 1.4 1.3
v 2.38419e-07 1.4 1.2
v 0.5 1.4 1.2
v 0.6 1.4 1.2
v 1 1.4 1.2
v 0.6 1.4 1.1
v 1 1.4 1.1
v -1.8 1.4 0.4
v -1.7 1.4 0.4
v -1.8 1.4 0.3
v -1.7 1.4 0.3
v -1.6 1.4 0.3
v -1.7 1.4 0.2
v -1.6 1.4 0.2
v -1 1.4 0.0999999
v -0.7 1.4 0.0999999
v 1.5 1.4 0.0999999
v 2 1.4 0.0999999
v -1.2 1.4 0
v -1.1 1.4 0
v -1 1.4 0
v -0.7 1.4 0
v -0.6 1.4 0
v -0.5 1.4 0
v 1.2 1.4 0
v 1.4 1.4 0
v 1.5 1.4 0
v 2 1.4 0
v -1.2 1.4 -0.1
v -1.1 1.4 -0.1
v 1.2 1.4 -0.1
v 1.4 1.4 -0.1
v 1.1 1.4 -0.3
v 1.2 1.4 -0.3
v 1 1.4 -0.4
v 1.1 1.4 -0.4
v 1.2 1.4 -0.4
v -0.7 1.4 -0.5
v -0.6 1.4 -0.5
v -0.5 1.4 -0.5
v 1 1.4 -0.5
v 1.1 1.4 -0.5
v -0.7 1.4 -0.6
v -0.6 1.4 -0.6
v -0.5 1.4 -0.6
v -0.0999999 1.4 -0.6
v 0.9 1.4 -0.6
v 1 1.4 -0.6
v -0.5 1.4 -0.7
v -0.0999999 1.4 -0.7
v 0.1 1.4 -0.7
v 0.2 1.4 -0.7
v 0.8 1.4 -0.7
v 0.9 1.4 -0.7
v 1 1.4 -0.7
v 0.1 1.4 -0.8
v 0.2 1.4 -0.8
v 0.3 1.4 -0.8
v 0.5 1.4 -0.8
v 0.7 1.4 -0.8
v 0.8 1.4 -0.8
v 0.9 1.4 -0.8
v 0.3 1.4 -0.9
v 0.5 1.4 -0.9
v 0.7 1.4 -0.9
v -1 1.5 1.6
v -0.9 1.5 1.6
v -1 1.5 1.5
v -0.9 1.5 1.5
v -1.8 1.5 0.5
v -1.7 1.5 0.5
v -1.8 1.5 0.4
v -1.7 1.5 0.4
v 1.9 1.5 0.2
v 2 1.5 0.2
v -0.7 1.5 0.0999999
v -0.6 1.5 0.0999999
v 1.4 1.5 0.0999999
v 1.5 1.5 0.0999999
v 1.9 1.5 0.0999999
v 2 1.5 0.0999999
v -0.7 1.5 0
v -0.6 1.5 0
v 1.1 1.5 0
v 1.2 1.5 0
v 1.4 1.5 0
v 1.5 1.5 0
v -0.5 1.5 -0.1
v -0.4 1.5 -0.1
v 1.1 1.5 -0.2
v 1.2 1.5 -0.2
v 1 1.5 -0.3
v 1.1 1.5 -0.3
v 1.2 1.5 -0.3
v -0.5 1.5 -0.4
v -0.4 1.5 -0.4
v 1 1.5 -0.4
v 1.1 1.5 -0.4
v -0.6 1.5 -0.5
v -0.5 1.5 -0.5
v 0.9 1.5 -0.5
v 1 1.5 -0.5
v -0.6 1.5 -0.6
v -0.5 1.5 -0.6
v -0.0999999 1.5 -0.6
v 0.1 1.5 -0.6
v 0.8 1.5 -0.6
v 0.9 1.5 -0.6
v 1 1.5 -0.6
v -0.0999999 1.5 -0.7
v 0.1 1.5 -0.7
v 0.2 1.5 -0.7
v 0.3 1.5 -0.7
v 0.7 1.5 -0.7
v 0.8 1.5 -0.7
v 0.9 1.5 -0.7
v 0.2 1.5 -0.8
v 0.3 1.5 -0.8
v 0.7 1.5 -0.8
v 0.8 1.5 -0.8
v 0.9 1.6 1.2
v 1 1.6 1.2
v 0.8 1.6 1.1
v 0.9 1.6 1.1
v 0.8 1.6 0.9
v 1 1.6 0.9
v -1.9 1.6 0.7
v -1.5 1.6 0.7
v 1.7 1.6 0.6
v 2 1.6 0.6
v -1.8 1.6 0.5
v -1.7 1.6 0.5
v -1.9 1.6 0.4
v -1.8 1.6 0.4
v -1.7 1.6 0.4
v -1.5 1.6 0.4
v 1.7 1.6 0.3
v 2 1.6 0.3
v -1.6 1.6 0.2
v -1.4 1.6 0.2
v 1.8 1.6 0.2
v 1.9 1.6 0.2
v -1.6 1.6 0.0999999
v -1.4 1.6 0.0999999
v -1.2 1.6 0.0999999
v 1.1 1.6 0.0999999
v 1.4 1.6 0.0999999
v 1.8 1.6 0.0999999
v 1.9 1.6 0.0999999
v -1.4 1.6 0
v -1.2 1.6 0
v 1 1.6 0
v 1.1 1.6 0
v 1.4 1.6 0
v 0.9 1.6 -0.1
v 1 1.6 -0.1
v 1 1.6 -0.3
v 1.1 1.6 -0.3
v -0.5 1.6 -0.4
v -0.4 1.6 -0.4
v -0.4 1.6 -0.5
v -0.0999999 1.6 -0.5
v 2.38419e-07 1.6 -0.5
v 0.1 1.6 -0.5
v 0.8 1.6 -0.5
v 0.9 1.6 -0.5
v 1 1.6 -0.5
v -0.5 1.6 -0.6
v -0.0999999 1.6 -0.6
v 0.1 1.6 -0.6
v 0.3 1.6 -0.6
v 0.7 1.6 -0.6
v 0.8 1.6 -0.6
v 0.9 1.6 -0.6
v 0.1 1.6 -0.7
v 0.3 1.6 -0.7
v 0.4 1.6 -0.7
v 0.7 1.6 -0.7
v 0.8 1.6 -0.7
v 0.3 1.6 -0.8
v 0.4 1.6 -0.8
v 0.7 1.6 -0.8
v -1.1 1.7 1.5
v -0.7 1.7 1.5
v -1.1 1.7 1.4
v -0.7 1.7 1.4
v 1 1.7 1.3
v 1.1 1.7 1.3
v 0.8 1.7 0.9
v 0.9 1.7 0.9
v 1 1.7 0.9
v -2 1.7 0.8
v -1.4 1.7 0.8
v 0.8 1.7 0.8
v 1.1 1.7 0.8
v -1.9 1.7 0.7
v -1.5 1.7 0.7
v 1.6 1.7 0.7
v 2 1.7 0.7
v 1.7 1.7 0.6
v 2 1.7 0.6
v -2 1.7 0.4
v -1.9 1.7 0.4
v -1.7 1.7 0.4
v -1.5 1.7 0.4
v -1.6 1.7 0.3
v -1.4 1.7 0.3
v 1.7 1.7 0.3
v 2 1.7 0.3
v -1.6 1.7 0.2
v -1.4 1.7 0.2
v -1.3 1.7 0.2
v 1.1 1.7 0.2
v 1.2 1.7 0.2
v 1.8 1.7 0.2
v 2 1.7 0.2
v -1.7 1.7 0.0999999
v -1.6 1.7 0.0999999
v -1.4 1.7 0.0999999
v -1.3 1.7 0.0999999
v 1.1 1.7 0.0999999
v 1.2 1.7 0.0999999
v 1.6 1.7 0.0999999
v 1.8 1.7 0.0999999
v -0.2 1.7 -0.1
v 0.1 1.7 -0.1
v 0.8 1.7 -0.1
v 0.9 1.7 -0.1
v -0.4 1.7 -0.2
v -0.2 1.7 -0.2
v 0.7 1.7 -0.2
v 0.8 1.7 -0.2
v 2.38419e-07 1.7 -0.4
v 0.1 1.7 -0.4
v 0.3 1.7 -0.4
v -0.4 1.7 -0.5
v 2.38419e-07 1.7 -0.5
v 0.1 1.7 -0.5
v 0.3 1.7 -0.5
v 0.4 1.7 -0.5
v 0.7 1.7 -0.5
v 0.8 1.7 -0.5
v 0.9 1.7 -0.5
v 0.1 1.7 -0.6
v 0.3 1.7 -0.6
v 0.7 1.7 -0.6
v 0.8 1.7 -0.6
v 0.3 1.7 -0.7
v 0.4 1.7 -0.7
v 0.7 1.7 -0.7
v -1.4 1.8 1.6
v -1.3 1.8 1.6
v -1.4 1.8 1.5
v -1.3 1.8 1.5
v -0.7 1.8 1.5
v -0.6 1.8 1.5
v -0.9 1.8 1.4
v -0.7 1.8 1.4
v -0.6 1.8 1.4
v 0.8 1.8 1.4
v 0.9 1.8 1.4
v 1 1.8 1.4
v 1.6 1.8 1.4
v 1.8 1.8 1.4
v -0.9 1.8 1.3
v -0.7 1.8 1.3
v 0.8 1.8 1.3
v 0.9 1.8 1.3
v 1 1.8 1.3
v 1.6 1.8 1.3
v 1.8 1.8 1.3
v 1.9 1.8 1.3
v 1.1 1.8 1.2
v 1.2 1.8 1.2
v 1.8 1.8 1.2
v 1.9 1.8 1.2
v 2 1.8 1.2
v 1.9 1.8 1.1
v 2 1.8 1.1
v -1.9 1.8 0.9
v -1.5 1.8 0.9
v 1.1 1.8 0.9
v 1.2 1.8 0.9
v -1.9 1.8 0.8
v -1.5 1.8 0.8
v 0.7 1.8 0.8
v 0.8 1.8 0.8
v 1 1.8 0.8
v 1.7 1.8 0.8
v 2 1.8 0.8
v -1.4 1.8 0.7
v -1.3 1.8 0.7
v 0.7 1.8 0.7
v 1 1.8 0.7
v 1.5 1.8 0.7
v 1.6 1.8 0.7
v 1.7 1.8 0.7
v 2 1.8 0.7
v -1.6 1.8 0.3
v -1.4 1.8 0.3
v -1.6 1.8 0.2
v -1.3 1.8 0.2
v 1.5 1.8 0.2
v 1.6 1.8 0.2
v -1.2 1.8 0.0999999
v -1.1 1.8 0.0999999
v -1.1 1.8 0
v -0.3 1.8 0
v 0.2 1.8 0
v -1.2 1.8 -0.1
v -1.1 1.8 -0.1
v -0.4 1.8 -0.1
v -0.3 1.8 -0.1
v -0.2 1.8 -0.1
v 0.1 1.8 -0.1
v -0.4 1.8 -0.2
v -0.2 1.8 -0.2
v 0.2 1.8 -0.2
v 0.7 1.8 -0.2
v 0.1 1.8 -0.4
v 0.3 1.8 -0.4
v 0.3 1.8 -0.5
v 0.7 1.8 -0.5
v -1.7 1.9 1.5
v -1.5 1.9 1.5
v -1.3 1.9 1.5
v -1.1 1.9 1.5
v 0.9 1.9 1.5
v 1 1.9 1.5
v -1.7 1.9 1.4
v -1.5 1.9 1.4
v -1.3 1.9 1.4
v -1.1 1.9 1.4
v -0.4 1.9 1.4
v -0.0999999 1.9 1.4
v 0.9 1.9 1.4
v 1 1.9 1.4
v 1.4 1.9 1.4
v 1.6 1.9 1.4
v -0.4 1.9 1.3
v -0.0999999 1.9 1.3
v 1.4 1.9 1.3
v 1.6 1.9 1.3
v 1.7 1.9 1.3
v 1.8 1.9 1.3
v -2 1.9 1.2
v -1.6 1.9 1.2
v 1.7 1.9 1.2
v 1.8 1.9 1.2
v 1.9 1.9 1.2
v -1.9 1.9 1.1
v -1.6 1.9 1.1
v 1.8 1.9 1.1
v 1.9 1.9 1.1
v 2 1.9 1.1
v 1.9 1.9 1
v 2 1.9 1
v -1.9 1.9 0.9
v -1.6 1.9 0.9
v -2 1.9 0.8
v -1.9 1.9 0.8
v 1.4 1.9 0.8
v 1.7 1.9 0.8
v 1.5 1.9 0.7
v 1.7 1.9 0.7
v -1.3 1.9 0.6
v -1.2 1.9 0.6
v -1.3 1.9 0.3
v -1.2 1.9 0.3
v 1.4 1.9 0.3
v 1.5 1.9 0.3
v 1.2 1.9 0.2
v 1.5 1.9 0.2
v 1.6 1.9 0.2
v -0.2 1.9 0.0999999
v 0.1 1.9 0.0999999
v 1.2 1.9 0.0999999
v 1.6 1.9 0.0999999
v -0.5 1.9 0
v -0.3 1.9 0
v -0.2 1.9 0
v 0.1 1.9 0
v -0.5 1.9 -0.1
v -0.3 1.9 -0.1
v 0.2 1.9 -0.1
v 0.6 1.9 -0.1
v 0.2 1.9 -0.2
v 0.6 1.9 -0.2
v -2 2 1.5
v -1.7 2 1.5
v -1.5 2 1.5
v -1.4 2 1.5
v -1.3 2 1.5
v 1 2 1.5
v 1.3 2 1.5
v -1.7 2 1.4
v -1.6 2 1.4
v -1.5 2 1.4
v -1.4 2 1.4
v -1.3 2 1.4
v -1.2 2 1.4
v -0.8 2 1.4
v -0.7 2 1.4
v -0.6 2 1.4
v -0.5 2 1.4
v -0.4 2 1.4
v -0.0999999 2 1.4
v 2.38419e-07 2 1.4
v 1.1 2 1.4
v 1.3 2 1.4
v -1.6 2 1.3
v -1.5 2 1.3
v -0.8 2 1.3
v -0.7 2 1.3
v -0.4 2 1.3
v -0.0999999 2 1.3
v 2.38419e-07 2 1.3
v 1 2 1.3
v 1.1 2 1.3
v 1.6 2 1.3
v 1.7 2 1.3
v -2 2 1.2
v -1.6 2 1.2
v -1.5 2 1.2
v -1.4 2 1.2
v -1.2 2 1.2
v -0.9 2 1.2
v -0.5 2 1.2
v -0.0999999 2 1.2
v 1.6 2 1.2
v 1.7 2 1.2
v 1.8 2 1.2
v -0.9 2 1.1
v -0.6 2 1.1
v 1.7 2 1.1
v 1.8 2 1.1
v 1.9 2 1.1
v 0.8 2 1
v 0.9 2 1
v 1.8 2 1
v 1.9 2 1
v 2 2 1
v -1.6 2 0.9
v -1.5 2 0.9
v 0.8 2 0.9
v 0.9 2 0.9
v 1.3 2 0.9
v 1.4 2 0.9
v 1.7 2 0.9
v 1.9 2 0.9
v -1.5 2 0.8
v -1.4 2 0.8
v 1.4 2 0.8
v 2 2 0.8
v -1.3 2 0.3
v -1.2 2 0.3
v 1.3 2 0.3
v 1.4 2 0.3
v -1.3 2 0.0999999
v -1.2 2 0.0999999
v -1.1 2 0.0999999
v -0.4 2 0.0999999
v 1 2 0.0999999
v 1.1 2 0.0999999
v -1.1 2 0
v -0.6 2 0
v -0.5 2 0
v -0.4 2 0
v 0.2 2 0
v 0.5 2 0
v 0.6 2 0
v 1 2 0
v 1.1 2 0
v -0.6 2 -0.1
v -0.5 2 -0.1
v 0.2 2 -0.1
v 0.5 2 -0.1
v 0.6 2 -0.1
v 0.8 2 -0.1
v 1 2 -0.1
v 0.6 2 -0.2
v 0.8 2 -0.2
v -1.6 2.1 1.4
v -1.4 2.1 1.4
v -1.3 2.1 1.4
v -1.2 2.1 1.4
v -0.6 2.1 1.4
v -0.5 2.1 1.4
v 1.2 2.1 1.4
v 1.5 2.1 1.4
v -1.6 2.1 1.3
v -1.5 2.1 1.3
v -1.4 2.1 1.3
v 1.5 2.1 1.3
v 1.6 2.1 1.3
v -1.5 2.1 1.2
v -1.4 2.1 1.2
v -1.3 2.1 1.2
v -1.2 2.1 1.2
v -0.9 2.1 1.2
v -0.5 2.1 1.2
v -0.4 2.1 1.2
v -0.2 2.1 1.2
v 1.2 2.1 1.2
v 1.3 2.1 1.2
v 1.6 2.1 1.2
v 1.7 2.1 1.2
v -1.3 2.1 1.1
v -1 2.1 1.1
v -0.9 2.1 1.1
v -0.6 2.1 1.1
v -0.4 2.1 1.1
v -0.2 2.1 1.1
v 1.6 2.1 1.1
v 1.7 2.1 1.1
v 1.8 2.1 1.1
v -1 2.1 1
v -0.5 2.1 1
v 1.4 2.1 1
v 1.7 2.1 1
v 1.8 2.1 1
v 1.9 2.1 1
v 0.7 2.1 0.9
v 0.8 2.1 0.9
v 1.4 2.1 0.9
v 1.7 2.1 0.9
v 1.8 2.1 0.9
v 1.9 2.1 0.9
v -1.4 2.1 0.8
v -1.3 2.1 0.8
v 0.6 2.1 0.8
v 0.7 2.1 0.8
v 0.8 2.1 0.8
v 1.2 2.1 0.8
v 1.3 2.1 0.8
v 0.6 2.1 0.7
v 0.7 2.1 0.7
v -1.2 2.1 0.5
v -1.1 2.1 0.5
v 1.2 2.1 0.4
v 1.3 2.1 0.4
v 1.3 2.1 0.3
v 1.5 2.1 0.3
v -1.1 2.1 0.2
v -0.3 2.1 0.2
v 1.3 2.1 0.2
v 1.5 2.1 0.2
v -1.3 2.1 0.0999999
v -1.2 2.1 0.0999999
v -0.4 2.1 0.0999999
v 0.5 2.1 0.0999999
v 1 2.1 0.0999999
v -1.3 2.1 0
v -1.2 2.1 0
v -0.4 2.1 0
v -0.3 2.1 0
v 0.5 2.1 0
v 0.6 2.1 0
v 1 2.1 0
v 0.5 2.1 -0.1
v 0.6 2.1 -0.1
v 0.6 2.2 1.5
v 0.7 2.2 1.5
v -1.4 2.2 1.4
v -1.3 2.2 1.4
v 0.6 2.2 1.4
v 0.7 2.2 1.4
v 1.1 2.2 1.4
v 1.2 2.2 1.4
v 0.8 2.2 1.3
v 0.9 2.2 1.3
v -1.4 2.2 1.2
v -1.3 2.2 1.2
v -0.5 2.2 1.2
v -0.4 2.2 1.2
v 1.1 2.2 1.2
v 1.2 2.2 1.2
v 1.3 2.2 1.2
v 1.6 2.2 1.2
v -1.2 2.2 1.1
v -1 2.2 1.1
v -0.4 2.2 1.1
v 1.1 2.2 1.1
v 1.3 2.2 1.1
v 1.5 2.2 1.1
v 1.6 2.2 1.1
v 1.7 2.2 1.1
v -1.2 2.2 1
v -1 2.2 1
v -0.9 2.2 1
v -0.5 2.2 1
v -0.4 2.2 1
v 0.8 2.2 1
v 0.9 2.2 1
v 1.5 2.2 1
v 1.7 2.2 1
v 1.8 2.2 1
v -0.9 2.2 0.9
v -0.5 2.2 0.9
v 1.2 2.2 0.9
v 1.3 2.2 0.9
v 1.7 2.2 0.9
v 1.8 2.2 0.9
v -1.4 2.2 0.8
v -1.3 2.2 0.8
v 0.4 2.2 0.8
v 0.6 2.2 0.8
v 0.7 2.2 0.8
v 0.8 2.2 0.8
v 1.2 2.2 0.8
v 1.3 2.2 0.8
v -1.4 2.2 0.7
v -1.3 2.2 0.7
v 0.3 2.2 0.7
v 0.4 2.2 0.7
v 0.6 2.2 0.7
v 0.7 2.2 0.7
v 0.8 2.2 0.7
v -1.2 2.2 0.6
v -1 2.2 0.6
v 0.3 2.2 0.6
v 0.6 2.2 0.6
v -1.2 2.2 0.5
v -1.1 2.2 0.5
v -1 2.2 0.4
v -0.7 2.2 0.4
v -0.7 2.2 0.3
v -0.4 2.2 0.3
v -1.1 2.2 0.2
v -0.4 2.2 0.2
v 0.6 2.2 0.2
v 0.9 2.2 0.2
v -0.3 2.2 0.0999999
v -0.2 2.2 0.0999999
v 0.6 2.2 0.0999999
v 0.9 2.2 0.0999999
v -0.3 2.2 0
v -0.2 2.2 0
v 0.1 2.3 1.5
v 0.6 2.3 1.5
v 0.1 2.3 1.4
v 0.6 2.3 1.4
v 0.7 2.3 1.4
v 0.8 2.3 1.4
v 1 2.3 1.2
v 1.1 2.3 1.2
v -1.3 2.3 1.1
v -1.2 2.3 1.1
v 1 2.3 1.1
v 1.1 2.3 1.1
v 1.2 2.3 1.1
v 1.5 2.3 1.1
v -1.2 2.3 1
v 0.8 2.3 1
v 1.2 2.3 1
v 1.3 2.3 1
v 1.4 2.3 1
v 1.5 2.3 1
v 0.5 2.3 0.9
v 0.7 2.3 0.9
v 0.8 2.3 0.9
v 1.3 2.3 0.9
v 1.4 2.3 0.9
v -1.3 2.3 0.8
v -1.2 2.3 0.8
v 0.3 2.3 0.8
v 0.4 2.3 0.8
v 0.5 2.3 0.8
v 0.7 2.3 0.8
v -1.3 2.3 0.7
v -1.1 2.3 0.7
v 0.3 2.3 0.7
v 0.4 2.3 0.7
v 0.6 2.3 0.7
v 0.7 2.3 0.7
v -1.3 2.3 0.6
v -1.1 2.3 0.6
v 0.6 2.3 0.6
v 0.7 2.3 0.6
v -1 2.3 0.5
v -0.6 2.3 0.5
v -1 2.3 0.4
v -0.7 2.3 0.4
v -0.7 2.3 0.3
v -0.6 2.3 0.3
v 0.7 2.3 0.3
v 0.8 2.3 0.3
v 0.7 2.3 0.2
v 0.8 2.3 0.2
v 1 2.3 0.0999999
v 1.4 2.3 0.0999999
v 1 2.3 0
v 1.4 2.3 0
v 0.6 2.4 1.4
v 0.7 2.4 1.4
v 0.6 2.4 1.3
v 0.7 2.4 1.3
v 0.6 2.4 1
v 0.7 2.4 1
v 0.6 2.4 0.9
v 0.7 2.4 0.9
v -1.1 2.4 0.7
v -0.7 2.4 0.7
v -1.1 2.4 0.6
v -1 2.4 0.6
v -1 2.4 0.5
v -0.7 2.4 0.5
v -0.6 2.4 0.4
v -0.5 2.4 0.4
v -0.6 2.4 0.3
v -0.5 2.4 0.3
v 0.3 2.4 0.2
v 0.6 2.4 0.2
v 0.9 2.4 0.2
v 1.5 2.4 0.2
v 0.5 2.4 0.0999999
v 0.6 2.4 0.0999999
v 0.9 2.4 0.0999999
v 1 2.4 0.0999999
v 1.5 2.4 0.0999999
v 0.3 2.4 0
v 0.5 2.4 0
v 0.9 2.4 0
v 1 2.4 0
v -0.0999999 2.5 1.4
v 2.38419e-07 2.5 1.4
v -0.0999999 2.5 1.3
v 2.38419e-07 2.5 1.3
v -0.9 2.5 1.1
v -0.7 2.5 1.1
v -1.2 2.5 1
v -1.1 2.5 1
v -0.9 2.5 1
v -0.7 2.5 1
v -1.2 2.5 0.9
v -0.9 2.5 0.9
v -0.8 2.5 0.9
v -1.2 2.5 0.8
v -0.9 2.5 0.8
v -0.8 2.5 0.8
v -0.6 2.5 0.8
v -1.2 2.5 0.7
v -0.7 2.5 0.7
v -0.7 2.5 0.5
v -0.6 2.5 0.5
v 1.1 2.5 0.4
v 1.2 2.5 0.4
v 1.4 2.5 0.4
v -0.4 2.5 0.3
v -0.3 2.5 0.3
v 0.7 2.5 0.3
v 1.1 2.5 0.3
v 1.2 2.5 0.3
v 1.4 2.5 0.3
v 1.5 2.5 0.3
v -0.4 2.5 0.2
v -0.3 2.5 0.2
v 0.2 2.5 0.2
v 0.3 2.5 0.2
v 0.7 2.5 0.2
v 0.8 2.5 0.2
v 0.9 2.5 0.2
v 1.5 2.5 0.2
v -0.2 2.5 0.0999999
v 0.1 2.5 0.0999999
v 0.3 2.5 0.0999999
v 0.8 2.5 0.0999999
v 0.9 2.5 0.0999999
v -0.2 2.5 0
v 0.1 2.5 0
v 0.2 2.5 0
v 0.3 2.5 0
v -0.7 2.6 1.3
v -0.6 2.6 1.3
v -1.1 2.6 1.1
v -0.9 2.6 1.1
v -0.7 2.6 1.1
v -0.6 2.6 1.1
v -1.1 2.6 1
v -0.9 2.6 1
v -0.7 2.6 1
v -1.3 2.6 0.9
v -1.2 2.6 0.9
v -0.9 2.6 0.9
v -0.8 2.6 0.9
v -0.8 2.6 0.8
v -0.7 2.6 0.8
v -1.3 2.6 0.7
v -1.2 2.6 0.7
v -0.6 2.6 0.7
v -0.5 2.6 0.7
v -0.6 2.6 0.5
v -0.5 2.6 0.5
v 1 2.6 0.5
v 1.4 2.6 0.5
v -0.6 2.6 0.4
v -0.5 2.6 0.4
v -0.2 2.6 0.4
v 0.6 2.6 0.4
v 1 2.6 0.4
v 1.1 2.6 0.4
v 1.4 2.6 0.4
v 1.5 2.6 0.4
v -0.5 2.6 0.3
v -0.3 2.6 0.3
v 0.7 2.6 0.3
v 1.1 2.6 0.3
v 1.4 2.6 0.3
v 1.5 2.6 0.3
v -0.2 2.6 0.2
v 2.38419e-07 2.6 0.2
v 0.5 2.6 0.2
v 0.6 2.6 0.2
v -0.3 2.6 0.0999999
v 2.38419e-07 2.6 0.0999999
v 0.1 2.6 0.0999999
v 0.2 2.6 0.0999999
v 0.5 2.6 0.0999999
v 0.7 2.6 0.0999999
v 0.1 2.6 0
v 0.2 2.6 0
v -0.6 2.7 1.4
v -0.5 2.7 1.4
v -0.6 2.7 1.2
v -0.5 2.7 1.2
v -0.7 2.7 0.9
v -0.6 2.7 0.9
v 1.3 2.7 0.9
v 1.4 2.7 0.9
v -0.7 2.7 0.8
v -0.6 2.7 0.8
v 1.1 2.7 0.6
v 1.3 2.7 0.6
v -0.5 2.7 0.5
v -0.4 2.7 0.5
v -0.3 2.7 0.5
v 0.7 2.7 0.5
v 1 2.7 0.5
v 1.1 2.7 0.5
v 1.4 2.7 0.5
v -0.5 2.7 0.4
v -0.3 2.7 0.4
v 0.7 2.7 0.4
v 1 2.7 0.4
v -0.2 2.7 0.3
v -0.0999999 2.7 0.3
v 0.5 2.7 0.3
v 0.6 2.7 0.3
v -0.2 2.7 0.2
v -0.0999999 2.7 0.2
v 2.38419e-07 2.7 0.2
v 0.1 2.7 0.2
v 0.5 2.7 0.2
v 0.6 2.7 0.2
v 2.38419e-07 2.7 0.0999999
v 0.1 2.7 0.0999999
v 0.3 2.7 0.0999999
v 0.4 2.7 0.0999999
v 0.3 2.7 0
v 0.4 2.7 0
v 0.4 2.8 1.5
v 0.5 2.8 1.5
v -0.5 2.8 1.4
v -0.4 2.8 1.4
v 0.4 2.8 1.4
v 0.5 2.8 1.4
v 0.6 2.8 1.3
v 0.7 2.8 1.3
v -0.5 2.8 1.2
v -0.4 2.8 1.2
v 0.6 2.8 1.2
v 0.7 2.8 1.2
v -0.7 2.8 1.1
v -0.6 2.8 1.1
v -0.7 2.8 0.9
v -0.6 2.8 0.9
v 1.2 2.8 0.9
v 1.3 2.8 0.9
v 0.9 2.8 0.6
v 1.1 2.8 0.6
v 1.2 2.8 0.6
v 1.3 2.8 0.6
v 0.9 2.8 0.5
v 1.1 2.8 0.5
v -0.0999999 2.8 0.4
v 0.3 2.8 0.4
v -0.0999999 2.8 0.3
v -0.0999999 2.8 0.2
v 0.1 2.8 0.2
v 0.1 2.8 0.0999999
v 0.3 2.8 0.0999999
v 0.1 2.9 1.5
v 0.4 2.9 1.5
v -0.4 2.9 1.4
v -0.2 2.9 1.4
v 0.1 2.9 1.4
v 0.4 2.9 1.4
v 0.5 2.9 1.4
v 0.6 2.9 1.4
v 0.8 2.9 1.4
v 1.1 2.9 1.4
v -0.4 2.9 1.3
v -0.2 2.9 1.3
v 0.8 2.9 1.3
v 1.1 2.9 1.3
v -0.6 2.9 1.2
v -0.4 2.9 1.2
v 0.6 2.9 1.2
v 0.7 2.9 1.2
v 1.2 2.9 1.2
v 1.3 2.9 1.2
v 0.5 2.9 1.1
v 0.7 2.9 1.1
v -0.5 2.9 1
v -0.4 2.9 1
v 1.2 2.9 0.9
v 1.3 2.9 0.9
v -0.6 2.9 0.8
v -0.5 2.9 0.8
v -0.5 2.9 0.6
v -0.3 2.9 0.6
v -0.5 2.9 0.5
v -0.3 2.9 0.5
v -0.2 2.9 0.5
v 0.4 2.9 0.5
v -0.2 2.9 0.4
v -0.0999999 2.9 0.4
v 0.3 2.9 0.4
v 0.4 2.9 0.4
v 0.6 2.9 0.4
v -0.2 2.9 0.3
v -0.0999999 2.9 0.3
v 0.5 2.9 0.3
v 0.6 2.9 0.3
v 0.3 2.9 0.0999999
v 0.5 2.9 0.0999999
v 0.2 3 1.4
v 0.5 3 1.4
v -0.4 3 1.3
v -0.3 3 1.3
v 0.2 3 1.3
v 0.4 3 1.3
v 0.7 3 1.3
v 1.2 3 1.3
v 0.8 3 1.2
v 1.1 3 1.2
v 0.4 3 1.1
v 0.5 3 1.1
v 0.7 3 1.1
v 0.8 3 1.1
v -0.5 3 1
v -0.4 3 1
v -0.6 3 0.8
v -0.5 3 0.8
v 1.1 3 0.8
v 1.2 3 0.8
v -0.3 3 0.7
v -0.2 3 0.7
v -0.6 3 0.6
v -0.3 3 0.6
v -0.0999999 3 0.6
v 0.3 3 0.6
v -0.3 3 0.5
v -0.2 3 0.5
v -0.0999999 3 0.5
v 0.3 3 0.5
v 0.4 3 0.5
v 0.7 3 0.5
v -0.3 3 0.4
v -0.2 3 0.4
v 0.4 3 0.4
v 0.7 3 0.4
v -0.2 3.1 1.4
v 0.2 3.1 1.4
v -0.3 3.1 1.3
v -0.2 3.1 1.3
v 0.2 3.1 1.3
v 0.3 3.1 1.3
v 0.4 3.1 1.3
v 0.8 3.1 1.2
v 1.1 3.1 1.2
v 0.3 3.1 1.1
v 0.4 3.1 1.1
v 0.8 3.1 1.1
v -0.2 3.1 1
v -0.0999999 3.1 1
v 0.4 3.1 1
v 1 3.1 1
v 1 3.1 0.9
v 1.1 3.1 0.9
v -0.3 3.1 0.7
v -0.2 3.1 0.7
v -0.0999999 3.1 0.7
v 0.1 3.1 0.7
v 0.8 3.1 0.7
v 1.2 3.1 0.7
v 1.3 3.1 0.7
v -0.0999999 3.1 0.6
v 0.1 3.1 0.6
v 0.3 3.1 0.6
v 0.8 3.1 0.6
v 0.9 3.1 0.6
v 1.3 3.1 0.6
v -0.2 3.1 0.5
v -0.0999999 3.1 0.5
v 0.3 3.1 0.5
v 0.9 3.1 0.5
v -0.0999999 3.2 1.3
v 0.3 3.2 1.3
v -0.0999999 3.2 1.2
v 0.2 3.2 1.2
v -0.2 3.2 1.1
v 2.38419e-07 3.2 1.1
v 0.3 3.2 1.1
v 0.4 3.2 1.1
v -0.2 3.2 1
v -0.0999999 3.2 1
v 0.2 3.2 1
v 0.3 3.2 1
v 0.4 3.2 1
v 1 3.2 1
v 0.3 3.2 0.9
v 1 3.2 0.9
v 2.38419e-07 3.2 0.8
v 0.2 3.2 0.8
v 0.9 3.2 0.8
v 1.1 3.2 0.8
v 1.2 3.2 0.8
v -0.0999999 3.2 0.7
v 0.1 3.2 0.7
v 0.7 3.2 0.7
v 0.8 3.2 0.7
v 0.9 3.2 0.7
v 1.2 3.2 0.7
v 0.1 3.2 0.6
v 0.2 3.2 0.6
v 0.7 3.2 0.6
v 0.8 3.2 0.6
v -0.2 3.3 1.3
v -0.0999999 3.3 1.3
v -0.0999999 3.3 1.2
v 0.2 3.3 1.2
v -0.2 3.3 1.1
v 2.38419e-07 3.3 1.1
v 0.1 3.3 1
v 0.2 3.3 1
v 0.3 3.3 1
v 0.2 3.3 0.9
v 0.3 3.3 0.9
v 0.7 3.3 0.9
v 1.1 3.3 0.9
v 2.38419e-07 3.3 0.8
v 0.1 3.3 0.8
v 0.7 3.3 0.8
v 0.9 3.3 0.8
v 1.1 3.3 0.8
v 0.2 3.3 0.7
v 0.3 3.3 0.7
v 0.2 3.3 0.6
v 0.3 3.3 0.6
v 0.1 3.4 1
v 0.2 3.4 1
v 0.2 3.4 0.9
v 0.7 3.4 0.9
v 0.1 3.4 0.8
v 0.2 3.4 0.8
v 0.7 3.4 0.8
v 0.8 3.4 0.8
v 0.9 3.4 0.8
v 0.8 3.4 0.7
v 0.9 3.4 0.7
v 0.2 3.5 0.8
v 0.8 3.5 0.8
v 0.2 3.5 0.7
v 0.3 3.5 0.7
v 0.7 3.5 0.7
v 0.8 3.5 0.7
v 0.3 3.6 0.7
v 0.7 3.6 0.7
v 0.6 3.6 0.6
v 0.7 3.6 0.6
v 0.3 3.6 0.5
v 0.6 3.6 0.5

# faces
f 5/4/1 2/4/1 1/4/1
f 6/4/1 2/4/1 5/4/1
f 7/3/1 3/3/1 2/3/1
f 7/4/1 2/4/1 6/4/1
f 9/4/1 6/4/1 5/4/1
f 9/4/1 5/4/1 4/4/1
f 10/3/1 3/3/1 7/3/1
f 10/3/1 7/3/1 6/3/1
f 11/3/1 3/3/1 10/3/1
f 13/4/1 9/4/1 8/4/1
f 14/4/1 6/4/1 9/4/1
f 14/3/1 10/3/1 6/3/1
f 14/4/1 9/4/1 13/4/1
f 15/3/1 10/3/1 14/3/1
f 17/4/1 13/4/1 12/4/1
f 17/4/1 14/4/1 13/4/1
f 17/4/1 15/4/1 14/4/1
f 18/3/1 10/3/1 15/3/1
f 18/4/1 15/4/1 17/4/1
f 19/3/1 10/3/1 18/3/1
f 20/3/1 10/3/1 19/3/1
f 23/4/1 17/4/1 16/4/1
f 23/4/1 18/4/1 17/4/1
f 23/4/1 19/4/1 18/4/1
f 24/3/1 21/3/1 20/3/1
f 24/3/1 20/3/1 19/3/1
f 24/4/1 19/4/1 23/4/1
f 25/3/1 21/3/1 24/3/1
f 26/4/1 23/4/1 22/4/1
f 26/4/1 24/4/1 23/4/1
f 26/4/1 25/4/1 24/4/1
f 27/4/1 25/4/1 26/4/1
f 28/3/1 21/3/1 25/3/1
f 28/4/1 25/4/1 27/4/1
f 29/3/1 21/3/1 28/3/1
f 30/4/1 28/4/1 27/4/1
f 30/4/1 29/4/1 28/4/1
f 31/4/1 29/4/1 30/4/1
f 32/4/1 29/4/1 31/4/1
f 33/4/1 29/4/1 32/4/1
f 34/4/1 29/4/1 33/4/1
f 35/4/1 29/4/1 34/4/1
f 36/4/1 34/4/1 33/4/1
f 37/4/1 34/4/1 36/4/1
f 38/4/1 34/4/1 37/4/1
f 39/4/1 34/4/1 38/4/1
f 40/4/1 38/4/1 37/4/1
f 41/4/1 38/4/1 40/4/1
f 43/4/1 40/4/1 37/4/1
f 45/4/1 43/4/1 42/4/1
f 46/4/1 40/4/1 43/4/1
f 46/4/1 43/4/1 45/4/1
f 49/4/1 45/4/1 44/4/1
f 49/4/1 47/4/1 46/4/1
f 49/4/1 46/4/1 45/4/1
f 50/4/1 47/4/1 49/4/1
f 50/1/1 49/1/1 48/1/1
f 51/4/1 47/4/1 50/4/1
f 52/4/1 47/4/1 51/4/1
f 53/4/1 47/4/1 52/4/1
f 55/1/1 50/1/1 48/1/1
f 55/1/1 51/1/1 50/1/1
f 56/4/1 52/4/1 51/4/1
f 56/1/1 51/1/1 55/1/1
f 57/4/1 52/4/1 56/4/1
f 58/1/1 55/1/1 54/1/1
f 58/1/1 56/1/1 55/1/1
f 58/1/1 57/1/1 56/1/1
f 59/1/1 57/1/1 58/1/1
f 60/1/1 58/1/1 54/1/1
f 61/1/1 58/1/1 60/1/1
f 66/4/1 63/4/1 62/4/1
f 67/4/1 63/4/1 66/4/1
f 68/4/1 66/4/1 62/4/1
f 69/4/1 66/4/1 68/4/1
f 71/3/1 65/3/1 64/3/1
f 72/3/1 65/3/1 71/3/1
f 73/3/1 65/3/1 72/3/1
f 74/3/1 71/3/1 70/3/1
f 74/3/1 72/3/1 71/3/1
f 75/3/1 72/3/1 74/3/1
f 76/3/1 74/3/1 70/3/1
f 77/3/1 74/3/1 76/3/1
f 78/3/1 74/3/1 77/3/1
f 81/4/1 80/4/1 79/4/1
f 82/4/1 80/4/1 81/4/1
f 86/3/1 84/3/1 83/3/1
f 87/3/1 84/3/1 86/3/1
f 87/3/1 86/3/1 85/3/1
f 88/3/1 84/3/1 87/3/1
f 90/3/1 87/3/1 85/3/1
f 92/3/1 90/3/1 89/3/1
f 93/3/1 87/3/1 90/3/1
f 93/3/1 90/3/1 92/3/1
f 94/3/1 87/3/1 93/3/1
f 95/3/1 92/3/1 91/3/1
f 95/3/1 93/3/1 92/3/1
f 96/3/1 93/3/1 95/3/1
f 100/4/1 98/4/1 97/4/1
f 102/4/1 100/4/1 99/4/1
f 103/4/1 98/4/1 100/4/1
f 103/4/1 100/4/1 102/4/1
f 104/4/1 98/4/1 103/4/1
f 105/4/1 102/4/1 101/4/1
f 105/4/1 103/4/1 102/4/1
f 106/4/1 103/4/1 105/4/1
f 107/4/1 105/4/1 101/4/1
f 108/4/1 105/4/1 107/4/1
f 111/3/1 110/3/1 109/3/1
f 112/3/1 110/3/1 111/3/1
f 114/3/1 111/3/1 109/3/1
f 115/3/1 111/3/1 114/3/1
f 115/3/1 114/3/1 113/3/1
f 116/3/1 111/3/1 115/3/1
f 118/3/1 115/3/1 113/3/1
f 119/3/1 115/3/1 118/3/1
f 121/3/1 118/3/1 117/3/1
f 122/3/1 118/3/1 121/3/1
f 123/4/1 121/4/1 120/4/1
f 124/4/1 121/4/1 123/4/1
f 125/4/1 123/4/1 120/4/1
f 126/4/1 123/4/1 125/4/1
f 130/4/1 128/4/1 127/4/1
f 131/4/1 128/4/1 130/4/1
f 133/4/1 130/4/1 129/4/1
f 134/4/1 130/4/1 133/4/1
f 136/4/1 133/4/1 132/4/1
f 137/4/1 133/4/1 136/4/1
f 139/4/1 136/4/1 135/4/1
f 139/4/1 138/4/1 137/4/1
f 139/4/1 137/4/1 136/4/1
f 140/4/1 138/4/1 139/4/1
f 141/4/1 138/4/1 140/4/1
f 143/4/1 141/4/1 140/4/1
f 143/4/1 142/4/1 141/4/1
f 144/4/1 142/4/1 143/4/1
f 148/3/1 146/3/1 145/3/1
f 149/3/1 146/3/1 148/3/1
f 149/3/1 148/3/1 147/3/1
f 150/3/1 146/3/1 149/3/1
f 152/3/1 149/3/1 147/3/1
f 154/3/1 152/3/1 151/3/1
f 155/3/1 149/3/1 152/3/1
f 155/3/1 152/3/1 154/3/1
f 156/3/1 149/3/1 155/3/1
f 158/3/1 154/3/1 153/3/1
f 158/3/1 155/3/1 154/3/1
f 159/3/1 155/3/1 158/3/1
f 160/3/1 155/3/1 159/3/1
f 162/4/1 158/4/1 157/4/1
f 163/3/1 159/3/1 158/3/1
f 163/4/1 158/4/1 162/4/1
f 164/3/1 159/3/1 163/3/1
f 166/4/1 162/4/1 161/4/1
f 166/4/1 163/4/1 162/4/1
f 167/4/1 163/4/1 166/4/1
f 168/4/1 166/4/1 165/4/1
f 169/4/1 166/4/1 168/4/1
f 172/4/1 171/4/1 170/4/1
f 173/4/1 171/4/1 172/4/1
f 175/4/1 174/4/1 173/4/1
f 176/4/1 174/4/1 175/4/1
f 179/4/1 178/4/1 177/4/1
f 180/4/1 178/4/1 179/4/1
f 186/4/1 182/4/1 181/4/1
f 186/4/1 183/4/1 182/4/1
f 187/4/1 183/4/1 186/4/1
f 188/1/1 185/1/1 184/1/1
f 189/1/1 185/1/1 188/1/1
f 192/3/1 191/3/1 190/3/1
f 193/3/1 191/3/1 192/3/1
f 195/3/1 192/3/1 190/3/1
f 196/3/1 192/3/1 195/3/1
f 197/3/1 192/3/1 196/3/1
f 198/3/1 195/3/1 194/3/1
f 198/3/1 196/3/1 195/3/1
f 199/3/1 196/3/1 198/3/1
f 201/3/1 198/3/1 194/3/1
f 202/3/1 198/3/1 201/3/1
f 204/3/1 201/3/1 200/3/1
f 205/3/1 201/3/1 204/3/1
f 207/3/1 204/3/1 203/3/1
f 208/3/1 204/3/1 207/3/1
f 211/4/1 207/4/1 206/4/1
f 212/4/1 207/4/1 211/4/1
f 214/4/1 210/4/1 209/4/1
f 215/4/1 210/4/1 214/4/1
f 216/4/1 214/4/1 213/4/1
f 217/4/1 214/4/1 216/4/1
f 220/4/1 219/4/1 218/4/1
f 221/4/1 219/4/1 220/4/1
f 224/4/1 223/4/1 222/4/1
f 225/4/1 223/4/1 224/4/1
f 230/1/1 229/1/1 228/1/1
f 231/1/1 229/1/1 230/1/1
f 234/4/1 227/4/1 226/4/1
f 235/4/1 227/4/1 234/4/1
f 236/4/1 233/4/1 232/4/1
f 237/4/1 233/4/1 236/4/1
f 243/3/1 241/3/1 240/3/1
f 244/3/1 241/3/1 243/3/1
f 245/3/1 241/3/1 244/3/1
f 246/4/1 239/4/1 238/4/1
f 247/4/1 239/4/1 246/4/1
f 249/3/1 243/3/1 242/3/1
f 249/3/1 244/3/1 243/3/1
f 253/3/1 249/3/1 248/3/1
f 254/3/1 244/3/1 249/3/1
f 254/3/1 249/3/1 253/3/1
f 255/3/1 244/3/1 254/3/1
f 256/4/1 251/4/1 250/4/1
f 257/4/1 251/4/1 256/4/1
f 259/3/1 253/3/1 252/3/1
f 259/3/1 254/3/1 253/3/1
f 260/3/1 254/3/1 259/3/1
f 261/3/1 254/3/1 260/3/1
f 263/3/1 259/3/1 258/3/1
f 263/3/1 260/3/1 259/3/1
f 264/3/1 260/3/1 263/3/1
f 265/3/1 260/3/1 264/3/1
f 269/3/1 263/3/1 262/3/1
f 269/3/1 264/3/1 263/3/1
f 270/3/1 264/3/1 269/3/1
f 271/3/1 264/3/1 270/3/1
f 272/4/1 267/4/1 266/4/1
f 273/4/1 267/4/1 272/4/1
f 276/4/1 269/4/1 268/4/1
f 276/4/1 270/4/1 269/4/1
f 277/4/1 270/4/1 276/4/1
f 278/4/1 274/4/1 273/4/1
f 279/4/1 274/4/1 278/4/1
f 281/4/1 276/4/1 275/4/1
f 282/4/1 276/4/1 281/4/1
f 285/4/1 281/4/1 280/4/1
f 286/4/1 281/4/1 285/4/1
f 289/4/1 284/4/1 283/4/1
f 290/4/1 284/4/1 289/4/1
f 291/4/1 288/4/1 287/4/1
f 292/4/1 288/4/1 291/4/1
f 297/4/1 295/4/1 294/4/1
f 298/4/1 295/4/1 297/4/1
f 300/4/1 293/4/1 292/4/1
f 301/4/1 293/4/1 300/4/1
f 304/4/1 297/4/1 296/4/1
f 305/4/1 297/4/1 304/4/1
f 308/4/1 300/4/1 299/4/1
f 309/4/1 300/4/1 308/4/1
f 310/4/1 303/4/1 302/4/1
f 311/4/1 303/4/1 310/4/1
f 312/4/1 303/4/1 311/4/1
f 313/4/1 307/4/1 306/4/1
f 314/4/1 307/4/1 313/4/1
f 316/4/1 313/4/1 306/4/1
f 319/4/1 316/4/1 315/4/1
f 320/4/1 313/4/1 316/4/1
f 320/4/1 316/4/1 319/4/1
f 321/4/1 319/4/1 318/4/1
f 321/4/1 318/4/1 317/4/1
f 322/4/1 319/4/1 321/4/1
f 323/4/1 313/4/1 320/4/1
f 324/4/1 313/4/1 323/4/1
f 328/3/1 326/3/1 325/3/1
f 331/3/1 326/3/1 328/3/1
f 331/3/1 328/3/1 327/3/1
f 332/3/1 326/3/1 331/3/1
f 333/4/1 330/4/1 329/4/1
f 334/4/1 330/4/1 333/4/1
f 336/3/1 331/3/1 327/3/1
f 338/3/1 336/3/1 335/3/1
f 339/3/1 331/3/1 336/3/1
f 339/3/1 336/3/1 338/3/1
f 340/3/1 331/3/1 339/3/1
f 342/3/1 338/3/1 337/3/1
f 342/3/1 339/3/1 338/3/1
f 343/3/1 339/3/1 342/3/1
f 344/3/1 339/3/1 343/3/1
f 348/3/1 342/3/1 341/3/1
f 348/3/1 343/3/1 342/3/1
f 349/3/1 343/3/1 348/3/1
f 350/4/1 346/4/1 345/4/1
f 351/4/1 346/4/1 350/4/1
f 355/4/1 348/4/1 347/4/1
f 356/4/1 348/4/1 355/4/1
f 357/4/1 352/4/1 351/4/1
f 358/4/1 352/4/1 357/4/1
f 362/4/1 354/4/1 353/4/1
f 363/4/1 354/4/1 362/4/1
f 364/4/1 359/4/1 358/4/1
f 365/4/1 359/4/1 364/4/1
f 367/4/1 361/4/1 360/4/1
f 368/4/1 361/4/1 367/4/1
f 370/4/1 367/4/1 366/4/1
f 371/4/1 367/4/1 370/4/1
f 371/4/1 370/4/1 369/4/1
f 372/4/1 367/4/1 371/4/1
f 375/4/1 371/4/1 369/4/1
f 376/4/1 371/4/1 375/4/1
f 378/4/1 374/4/1 373/4/1
f 379/4/1 374/4/1 378/4/1
f 381/4/1 378/4/1 377/4/1
f 382/4/1 378/4/1 381/4/1
f 383/4/1 381/4/1 380/4/1
f 384/4/1 381/4/1 383/4/1
f 388/4/1 386/4/1 385/4/1
f 389/4/1 388/4/1 387/4/1
f 390/4/1 388/4/1 389/4/1
f 391/4/1 388/4/1 390/4/1
f 392/4/1 386/4/1 388/4/1
f 392/4/1 388/4/1 391/4/1
f 396/4/1 393/4/1 392/4/1
f 397/4/1 393/4/1 396/4/1
f 398/4/1 395/4/1 394/4/1
f 399/4/1 389/4/1 387/4/1
f 400/4/1 398/4/1 394/4/1
f 400/4/1 399/4/1 398/4/1
f 401/4/1 399/4/1 400/4/1
f 402/4/1 389/4/1 399/4/1
f 402/4/1 399/4/1 401/4/1
f 403/4/1 389/4/1 402/4/1
f 405/4/1 402/4/1 401/4/1
f 406/4/1 402/4/1 405/4/1
f 406/1/1 405/1/1 404/1/1
f 407/4/1 402/4/1 406/4/1
f 408/1/1 406/1/1 404/1/1
f 408/1/1 407/1/1 406/1/1
f 409/1/1 407/1/1 408/1/1
f 414/4/1 411/4/1 410/4/1
f 415/4/1 411/4/1 414/4/1
f 417/3/1 413/3/1 412/3/1
f 418/3/1 417/3/1 416/3/1
f 418/3/1 413/3/1 417/3/1
f 419/3/1 413/3/1 418/3/1
f 421/3/1 418/3/1 416/3/1
f 422/3/1 418/3/1 421/3/1
f 424/3/1 421/3/1 420/3/1
f 425/3/1 421/3/1 424/3/1
f 428/3/1 424/3/1 423/3/1
f 429/3/1 424/3/1 428/3/1
f 430/3/1 424/3/1 429/3/1
f 434/4/1 427/4/1 426/4/1
f 435/3/1 428/3/1 427/3/1
f 435/3/1 429/3/1 428/3/1
f 435/4/1 427/4/1 434/4/1
f 436/3/1 429/3/1 435/3/1
f 437/4/1 432/4/1 431/4/1
f 438/4/1 432/4/1 437/4/1
f 441/4/1 434/4/1 433/4/1
f 442/4/1 434/4/1 441/4/1
f 443/4/1 439/4/1 438/4/1
f 444/4/1 439/4/1 443/4/1
f 446/4/1 441/4/1 440/4/1
f 447/4/1 441/4/1 446/4/1
f 451/4/1 445/4/1 444/4/1
f 452/4/1 445/4/1 451/4/1
f 453/4/1 449/4/1 448/4/1
f 454/4/1 449/4/1 453/4/1
f 456/4/1 451/4/1 450/4/1
f 457/4/1 451/4/1 456/4/1
f 459/4/1 456/4/1 455/4/1
f 460/4/1 456/4/1 459/4/1
f 464/4/1 459/4/1 458/4/1
f 465/4/1 459/4/1 464/4/1
f 466/4/1 463/4/1 462/4/1
f 466/4/1 462/4/1 461/4/1
f 467/4/1 463/4/1 466/4/1
f 470/4/1 469/4/1 468/4/1
f 472/4/1 470/4/1 468/4/1
f 472/4/1 471/4/1 470/4/1
f 473/4/1 471/4/1 472/4/1
f 474/4/1 472/4/1 468/4/1
f 475/4/1 472/4/1 474/4/1
f 478/4/1 477/4/1 476/4/1
f 479/4/1 477/4/1 478/4/1
f 480/4/1 477/4/1 479/4/1
f 481/1/1 479/1/1 478/1/1
f 482/1/1 479/1/1 481/1/1
f 486/3/1 484/3/1 483/3/1
f 487/3/1 484/3/1 486/3/1
f 489/3/1 486/3/1 485/3/1
f 491/3/1 489/3/1 488/3/1
f 492/3/1 486/3/1 489/3/1
f 492/3/1 489/3/1 491/3/1
f 493/3/1 486/3/1 492/3/1
f 495/3/1 491/3/1 490/3/1
f 495/3/1 492/3/1 491/3/1
f 496/3/1 492/3/1 495/3/1
f 497/3/1 492/3/1 496/3/1
f 500/3/1 495/3/1 494/3/1
f 500/3/1 496/3/1 495/3/1
f 501/3/1 496/3/1 500/3/1
f 506/4/1 499/4/1 498/4/1
f 506/4/1 500/4/1 499/4/1
f 507/4/1 500/4/1 506/4/1
f 508/4/1 503/4/1 502/4/1
f 512/4/1 505/4/1 504/4/1
f 513/4/1 505/4/1 512/4/1
f 514/4/1 511/4/1 510/4/1
f 515/4/1 511/4/1 514/4/1
f 517/4/1 508/4/1 502/4/1
f 517/4/1 509/4/1 508/4/1
f 518/4/1 509/4/1 517/4/1
f 519/4/1 509/4/1 518/4/1
f 520/4/1 517/4/1 516/4/1
f 520/4/1 518/4/1 517/4/1
f 521/4/1 518/4/1 520/4/1
f 522/4/1 520/4/1 516/4/1
f 523/4/1 520/4/1 522/4/1
f 526/4/1 525/4/1 524/4/1
f 527/4/1 525/4/1 526/4/1
f 530/4/1 529/4/1 528/4/1
f 531/4/1 529/4/1 530/4/1
f 536/4/1 533/4/1 532/4/1
f 537/4/1 533/4/1 536/4/1
f 538/1/1 535/1/1 534/1/1
f 539/1/1 538/1/1 534/1/1
f 540/1/1 538/1/1 539/1/1
f 543/3/1 542/3/1 541/3/1
f 544/3/1 542/3/1 543/3/1
f 547/3/1 546/3/1 545/3/1
f 548/3/1 546/3/1 547/3/1
f 552/3/1 550/3/1 549/3/1
f 553/3/1 550/3/1 552/3/1
f 556/3/1 552/3/1 551/3/1
f 557/3/1 552/3/1 556/3/1
f 560/3/1 555/3/1 554/3/1
f 561/3/1 555/3/1 560/3/1
f 564/4/1 559/4/1 558/4/1
f 565/4/1 559/4/1 564/4/1
f 570/4/1 563/4/1 562/4/1
f 571/4/1 563/4/1 570/4/1
f 572/4/1 569/4/1 568/4/1
f 573/4/1 569/4/1 572/4/1
f 575/4/1 567/4/1 566/4/1
f 576/4/1 567/4/1 575/4/1
f 576/4/1 575/4/1 574/4/1
f 577/4/1 567/4/1 576/4/1
f 578/4/1 576/4/1 574/4/1
f 579/4/1 576/4/1 578/4/1
f 582/4/1 581/4/1 580/4/1
f 583/4/1 581/4/1 582/4/1
f 584/4/1 582/4/1 580/4/1
f 585/4/1 582/4/1 584/4/1
f 588/2/1 587/2/1 586/2/1
f 589/2/1 587/2/1 588/2/1
f 594/4/1 591/4/1 590/4/1
f 595/4/1 591/4/1 594/4/1
f 597/3/1 593/3/1 592/3/1
f 598/3/1 593/3/1 597/3/1
f 599/3/1 597/3/1 596/3/1
f 600/3/1 597/3/1 599/3/1
f 605/3/1 602/3/1 601/3/1
f 606/3/1 602/3/1 605/3/1
f 609/3/1 604/3/1 603/3/1
f 610/3/1 604/3/1 609/3/1
f 613/4/1 608/4/1 607/4/1
f 613/4/1 609/4/1 608/4/1
f 614/4/1 609/4/1 613/4/1
f 617/4/1 612/4/1 611/4/1
f 618/4/1 612/4/1 617/4/1
f 619/4/1 616/4/1 615/4/1
f 620/4/1 616/4/1 619/4/1
f 623/1/1 622/1/1 621/1/1
f 624/1/1 622/1/1 623/1/1
f 627/2/1 626/2/1 625/2/1
f 628/2/1 626/2/1 627/2/1
f 629/2/1 626/2/1 628/2/1
f 633/3/1 631/3/1 630/3/1
f 634/3/1 631/3/1 633/3/1
f 635/3/1 633/3/1 632/3/1
f 636/3/1 633/3/1 635/3/1
f 639/4/1 638/4/1 637/4/1
f 640/4/1 638/4/1 639/4/1
f 645/4/1 642/4/1 641/4/1
f 646/4/1 642/4/1 645/4/1
f 647/4/1 644/4/1 643/4/1
f 648/4/1 644/4/1 647/4/1
f 649/4/1 644/4/1 648/4/1
f 650/4/1 644/4/1 649/4/1
f 653/1/1 652/1/1 651/1/1
f 654/1/1 652/1/1 653/1/1
f 657/4/1 656/4/1 655/4/1
f 658/4/1 656/4/1 657/4/1
f 661/3/1 660/3/1 659/3/1
f 662/3/1 660/3/1 661/3/1
f 665/3/1 664/3/1 663/3/1
f 666/3/1 664/3/1 665/3/1
f 671/4/1 670/4/1 669/4/1
f 672/4/1 670/4/1 671/4/1
f 673/4/1 668/4/1 667/4/1
f 676/4/1 668/4/1 673/4/1
f 677/4/1 668/4/1 676/4/1
f 678/4/1 675/4/1 674/4/1
f 679/4/1 675/4/1 678/4/1
f 682/4/1 681/4/1 680/4/1
f 683/4/1 681/4/1 682/4/1
f 685/4/1 684/4/1 683/4/1
f 686/4/1 684/4/1 685/4/1
f 689/4/1 688/4/1 687/4/1
f 690/4/1 688/4/1 689/4/1
f 696/4/1 692/4/1 691/4/1
f 697/4/1 692/4/1 696/4/1
f 698/1/1 695/1/1 694/1/1
f 698/1/1 694/1/1 693/1/1
f 699/1/1 695/1/1 698/1/1
f 700/1/1 695/1/1 699/1/1
f 702/1/1 701/1/1 700/1/1
f 702/1/1 700/1/1 699/1/1
f 703/1/1 701/1/1 702/1/1
f 704/1/1 702/1/1 699/1/1
f 705/1/1 702/1/1 704/1/1
f 708/2/1 707/2/1 706/2/1
f 709/2/1 707/2/1 708/2/1
f 712/3/1 711/3/1 710/3/1
f 713/3/1 711/3/1 712/3/1
f 716/4/1 715/4/1 714/4/1
f 717/4/1 715/4/1 716/4/1
f 720/4/1 719/4/1 718/4/1
f 721/4/1 719/4/1 720/4/1
f 725/4/1 722/4/1 721/4/1
f 726/4/1 722/4/1 725/4/1
f 727/4/1 724/4/1 723/4/1
f 728/4/1 724/4/1 727/4/1
f 733/4/1 730/4/1 729/4/1
f 734/4/1 730/4/1 733/4/1
f 735/4/1 732/4/1 731/4/1
f 736/4/1 732/4/1 735/4/1
f 739/4/1 738/4/1 737/4/1
f 740/4/1 738/4/1 739/4/1
f 742/4/1 739/4/1 737/4/1
f 743/4/1 739/4/1 742/4/1
f 747/4/1 742/4/1 741/4/1
f 748/4/1 742/4/1 747/4/1
f 749/1/1 743/1/1 742/1/1
f 749/4/1 742/4/1 748/4/1
f 750/1/1 743/1/1 749/1/1
f 751/1/1 746/1/1 745/1/1
f 751/1/1 745/1/1 744/1/1
f 752/1/1 746/1/1 751/1/1
f 754/1/1 748/1/1 747/1/1
f 755/1/1 746/1/1 752/1/1
f 756/1/1 754/1/1 753/1/1
f 757/1/1 755/1/1 752/1/1
f 757/1/1 756/1/1 755/1/1
f 758/1/1 754/1/1 756/1/1
f 758/1/1 756/1/1 757/1/1
f 758/1/1 748/1/1 754/1/1
f 759/1/1 748/1/1 758/1/1
f 761/1/1 760/1/1 759/1/1
f 761/1/1 759/1/1 758/1/1
f 762/1/1 760/1/1 761/1/1
f 765/2/1 764/2/1 763/2/1
f 766/2/1 764/2/1 765/2/1
f 769/3/1 768/3/1 767/3/1
f 770/3/1 768/3/1 769/3/1
f 775/4/1 772/4/1 771/4/1
f 776/4/1 772/4/1 775/4/1
f 777/4/1 774/4/1 773/4/1
f 778/4/1 774/4/1 777/4/1
f 779/4/1 774/4/1 778/4/1
f 781/4/1 780/4/1 779/4/1
f 781/4/1 779/4/1 778/4/1
f 782/4/1 780/4/1 781/4/1
f 783/4/1 777/4/1 773/4/1
f 784/4/1 777/4/1 783/4/1
f 787/4/1 786/4/1 785/4/1
f 788/4/1 786/4/1 787/4/1
f 790/4/1 789/4/1 788/4/1
f 791/4/1 789/4/1 790/4/1
f 794/1/1 793/1/1 792/1/1
f 797/1/1 793/1/1 794/1/1
f 798/1/1 793/1/1 797/1/1
f 801/4/1 796/4/1 795/4/1
f 802/1/1 797/1/1 796/1/1
f 802/4/1 796/4/1 801/4/1
f 803/1/1 797/1/1 802/1/1
f 804/1/1 800/1/1 799/1/1
f 805/1/1 800/1/1 804/1/1
f 808/1/1 802/1/1 801/1/1
f 809/1/1 802/1/1 808/1/1
f 810/1/1 802/1/1 809/1/1
f 811/1/1 807/1/1 806/1/1
f 812/1/1 807/1/1 811/1/1
f 815/4/1 814/4/1 813/4/1
f 817/4/1 815/4/1 813/4/1
f 817/4/1 816/4/1 815/4/1
f 818/4/1 816/4/1 817/4/1
f 819/4/1 817/4/1 813/4/1
f 820/4/1 817/4/1 819/4/1
f 823/4/1 822/4/1 821/4/1
f 824/4/1 822/4/1 823/4/1
f 829/4/1 828/4/1 827/4/1
f 830/4/1 828/4/1 829/4/1
f 832/4/1 826/4/1 825/4/1
f 833/4/1 826/4/1 832/4/1
f 834/1/1 830/1/1 829/1/1
f 835/1/1 832/1/1 831/1/1
f 836/1/1 832/1/1 835/1/1
f 837/1/1 830/1/1 834/1/1
f 838/1/1 830/1/1 837/1/1
f 841/1/1 840/1/1 839/1/1
f 842/1/1 840/1/1 841/1/1
f 843/1/1 840/1/1 842/1/1
f 845/1/1 844/1/1 843/1/1
f 845/1/1 843/1/1 842/1/1
f 846/1/1 844/1/1 845/1/1
f 851/4/1 848/4/1 847/4/1
f 852/4/1 848/4/1 851/4/1
f 853/4/1 851/4/1 847/4/1
f 854/4/1 851/4/1 853/4/1
f 855/1/1 850/1/1 849/1/1
f 856/1/1 850/1/1 855/1/1
f 860/1/1 854/1/1 853/1/1
f 861/1/1 858/1/1 857/1/1
f 862/1/1 858/1/1 861/1/1
f 863/1/1 860/1/1 859/1/1
f 864/1/1 854/1/1 860/1/1
f 864/1/1 860/1/1 863/1/1
f 867/1/1 866/1/1 865/1/1
f 868/1/1 866/1/1 867/1/1
f 870/4/1 868/4/1 867/4/1
f 873/1/1 870/1/1 869/1/1
f 874/4/1 868/4/1 870/4/1
f 874/1/1 870/1/1 873/1/1
f 875/4/1 868/4/1 874/4/1
f 876/1/1 872/1/1 871/1/1
f 877/1/1 872/1/1 876/1/1
f 880/4/1 879/4/1 878/4/1
f 881/4/1 879/4/1 880/4/1
f 884/4/1 883/4/1 882/4/1
f 885/4/1 883/4/1 884/4/1
f 889/1/1 887/1/1 886/1/1
f 889/1/1 888/1/1 887/1/1
f 890/1/1 888/1/1 889/1/1
f 893/4/1 892/4/1 891/4/1
f 894/4/1 892/4/1 893/4/1
f 895/4/1 892/4/1 894/4/1
f 896/1/1 889/1/1 886/1/1
f 897/1/1 889/1/1 896/1/1
f 898/1/1 895/1/1 894/1/1
f 899/1/1 895/1/1 898/1/1
f 902/1/1 901/1/1 900/1/1
f 903/1/1 901/1/1 902/1/1
f 904/1/1 902/1/1 900/1/1
f 907/1/1 902/1/1 904/1/1
f 908/1/1 902/1/1 907/1/1
f 911/1/1 906/1/1 905/1/1
f 912/1/1 906/1/1 911/1/1
f 914/1/1 910/1/1 909/1/1
f 915/1/1 910/1/1 914/1/1
f 916/1/1 913/1/1 912/1/1
f 917/1/1 913/1/1 916/1/1
f 918/1/1 916/1/1 912/1/1
f 919/1/1 916/1/1 918/1/1
f 922/4/1 921/4/1 920/4/1
f 923/4/1 921/4/1 922/4/1
f 926/4/1 925/4/1 924/4/1
f 927/4/1 925/4/1 926/4/1
f 930/5/1 929/5/1 928/5/1
f 931/5/1 929/5/1 930/5/1
f 934/4/1 933/4/1 932/4/1
f 935/4/1 933/4/1 934/4/1
f 937/1/1 936/1/1 935/1/1
f 938/1/1 936/1/1 937/1/1
f 941/1/1 940/1/1 939/1/1
f 942/1/1 940/1/1 941/1/1
f 945/1/1 944/1/1 943/1/1
f 946/1/1 944/1/1 945/1/1
f 949/1/1 948/1/1 947/1/1
f 950/1/1 948/1/1 949/1/1
f 953/4/1 952/4/1 951/4/1
f 954/4/1 952/4/1 953/4/1
f 957/4/1 956/4/1 955/4/1
f 958/4/1 956/4/1 957/4/1
f 959/1/1 958/1/1 957/1/1
f 960/1/1 958/1/1 959/1/1
f 965/1/1 964/1/1 963/1/1
f 966/1/1 964/1/1 965/1/1
f 967/1/1 962/1/1 961/1/1
f 968/1/1 962/1/1 967/1/1
f 971/1/1 970/1/1 969/1/1
f 972/1/1 970/1/1 971/1/1
f 975/5/1 974/5/1 973/5/1
f 976/5/1 974/5/1 975/5/1
f 980/5/1 978/5/1 977/5/1
f 981/5/1 978/5/1 980/5/1
f 984/5/1 980/5/1 979/5/1
f 985/5/1 980/5/1 984/5/1
f 986/4/1 983/4/1 982/4/1
f 987/4/1 983/4/1 986/4/1
f 992/1/1 991/1/1 990/1/1
f 993/4/1 989/4/1 988/4/1
f 994/4/1 989/4/1 993/4/1
f 995/1/1 992/1/1 990/1/1
f 996/1/1 992/1/1 995/1/1
f 1001/1/1 998/1/1 997/1/1
f 1002/1/1 998/1/1 1001/1/1
f 1005/1/1 1004/1/1 1003/1/1
f 1006/1/1 1004/1/1 1005/1/1
f 1007/1/1 1000/1/1 999/1/1
f 1008/1/1 1000/1/1 1007/1/1
f 1011/1/1 1010/1/1 1009/1/1
f 1012/1/1 1010/1/1 1011/1/1
f 1015/1/1 1014/1/1 1013/1/1
f 1016/1/1 1014/1/1 1015/1/1
f 1019/4/1 1018/4/1 1017/4/1
f 1020/4/1 1018/4/1 1019/4/1
f 1023/5/1 1022/5/1 1021/5/1
f 1024/5/1 1022/5/1 1023/5/1
f 1027/1/1 1026/1/1 1025/1/1
f 1028/1/1 1026/1/1 1027/1/1
f 1031/4/1 1030/4/1 1029/4/1
f 1032/4/1 1030/4/1 1031/4/1
f 1033/4/1 1031/4/1 1029/4/1
f 1034/4/1 1031/4/1 1033/4/1
f 1037/1/1 1036/1/1 1035/1/1
f 1038/1/1 1036/1/1 1037/1/1
f 1041/1/1 1040/1/1 1039/1/1
f 1042/1/1 1040/1/1 1041/1/1
f 1043/1/1 1041/1/1 1039/1/1
f 1044/1/1 1041/1/1 1043/1/1
f 1045/1/1 1041/1/1 1044/1/1
f 1049/5/1 1047/5/1 1046/5/1
f 1050/3/1 1048/3/1 1047/3/1
f 1050/5/1 1047/5/1 1049/5/1
f 1051/3/1 1048/3/1 1050/3/1
f 1056/5/1 1053/5/1 1052/5/1
f 1057/5/1 1053/5/1 1056/5/1
f 1058/5/1 1055/5/1 1054/5/1
f 1059/5/1 1055/5/1 1058/5/1
f 1065/5/1 1061/5/1 1060/5/1
f 1066/5/1 1061/5/1 1065/5/1
f 1067/1/1 1063/1/1 1062/1/1
f 1068/1/1 1063/1/1 1067/1/1
f 1071/5/1 1065/5/1 1064/5/1
f 1072/5/1 1065/5/1 1071/5/1
f 1073/1/1 1067/1/1 1062/1/1
f 1074/4/1 1070/4/1 1069/4/1
f 1075/4/1 1070/4/1 1074/4/1
f 1076/1/1 1073/1/1 1062/1/1
f 1077/1/1 1073/1/1 1076/1/1
f 1080/1/1 1079/1/1 1078/1/1
f 1081/1/1 1079/1/1 1080/1/1
f 1083/1/1 1082/1/1 1081/1/1
f 1084/1/1 1082/1/1 1083/1/1
f 1087/1/1 1086/1/1 1085/1/1
f 1088/1/1 1086/1/1 1087/1/1
f 1091/1/1 1090/1/1 1089/1/1
f 1092/1/1 1090/1/1 1091/1/1
f 1095/1/1 1094/1/1 1093/1/1
f 1096/1/1 1094/1/1 1095/1/1
f 1098/1/1 1096/1/1 1095/1/1
f 1098/1/1 1097/1/1 1096/1/1
f 1099/1/1 1097/1/1 1098/1/1
f 1104/5/1 1101/5/1 1100/5/1
f 1105/5/1 1101/5/1 1104/5/1
f 1106/3/1 1102/3/1 1101/3/1
f 1106/5/1 1101/5/1 1105/5/1
f 1107/3/1 1102/3/1 1106/3/1
f 1108/5/1 1105/5/1 1104/5/1
f 1108/5/1 1104/5/1 1103/5/1
f 1109/5/1 1105/5/1 1108/5/1
f 1110/5/1 1105/5/1 1109/5/1
f 1111/4/1 1109/4/1 1108/4/1
f 1112/4/1 1109/4/1 1111/4/1
f 1115/4/1 1114/4/1 1113/4/1
f 1116/4/1 1114/4/1 1115/4/1
f 1119/1/1 1118/1/1 1117/1/1
f 1120/1/1 1118/1/1 1119/1/1
f 1123/1/1 1122/1/1 1121/1/1
f 1124/1/1 1122/1/1 1123/1/1
f 1130/5/1 1126/5/1 1125/5/1
f 1131/3/1 1128/3/1 1127/3/1
f 1131/3/1 1127/3/1 1126/3/1
f 1131/5/1 1126/5/1 1130/5/1
f 1132/3/1 1128/3/1 1131/3/1
f 1133/3/1 1128/3/1 1132/3/1
f 1136/4/1 1130/4/1 1129/4/1
f 1136/3/1 1131/3/1 1130/3/1
f 1136/3/1 1132/3/1 1131/3/1
f 1137/3/1 1132/3/1 1136/3/1
f 1138/4/1 1135/4/1 1134/4/1
f 1139/4/1 1135/4/1 1138/4/1
f 1140/4/1 1136/4/1 1129/4/1
f 1141/4/1 1136/4/1 1140/4/1
f 1144/4/1 1143/4/1 1142/4/1
f 1145/4/1 1143/4/1 1144/4/1
f 1148/1/1 1147/1/1 1146/1/1
f 1149/1/1 1147/1/1 1148/1/1
f 1150/1/1 1147/1/1 1149/1/1
f 1153/4/1 1152/4/1 1151/4/1
f 1154/4/1 1152/4/1 1153/4/1
f 1157/4/1 1156/4/1 1155/4/1
f 1158/4/1 1156/4/1 1157/4/1
f 1161/1/1 1160/1/1 1159/1/1
f 1162/1/1 1160/1/1 1161/1/1
f 1165/4/1 1164/4/1 1163/4/1
f 1166/4/1 1164/4/1 1165/4/1
f 1169/4/1 1168/4/1 1167/4/1
f 1170/4/1 1168/4/1 1169/4/1
f 1174/1/1 1172/1/1 1171/1/1
f 1175/1/1 1172/1/1 1174/1/1
f 1176/1/1 1174/1/1 1173/1/1
f 1177/1/1 1174/1/1 1176/1/1
f 1178/1/1 1174/1/1 1177/1/1
f 1179/1/1 1177/1/1 1176/1/1
f 1180/1/1 1177/1/1 1179/1/1
f 1183/1/1 1182/1/1 1181/1/1
f 1185/1/1 1183/1/1 1181/1/1
f 1185/1/1 1184/1/1 1183/1/1
f 1186/1/1 1184/1/1 1185/1/1
f 1189/4/1 1188/4/1 1187/4/1
f 1190/4/1 1188/4/1 1189/4/1
f 1195/4/1 1192/4/1 1191/4/1
f 1196/4/1 1192/4/1 1195/4/1
f 1201/1/1 1194/1/1 1193/1/1
f 1201/1/1 1195/1/1 1194/1/1
f 1202/1/1 1195/1/1 1201/1/1
f 1203/4/1 1196/4/1 1195/4/1
f 1203/1/1 1195/1/1 1202/1/1
f 1204/4/1 1196/4/1 1203/4/1
f 1205/1/1 1199/1/1 1198/1/1
f 1205/1/1 1198/1/1 1197/1/1
f 1206/1/1 1199/1/1 1205/1/1
f 1207/1/1 1202/1/1 1201/1/1
f 1207/1/1 1201/1/1 1200/1/1
f 1208/1/1 1202/1/1 1207/1/1
f 1209/1/1 1199/1/1 1206/1/1
f 1210/1/1 1199/1/1 1209/1/1
f 1213/1/1 1212/1/1 1211/1/1
f 1214/1/1 1212/1/1 1213/1/1
f 1217/1/1 1216/1/1 1215/1/1
f 1218/1/1 1216/1/1 1217/1/1
f 1221/4/1 1220/4/1 1219/4/1
f 1222/4/1 1220/4/1 1221/4/1
f 1225/4/1 1224/4/1 1223/4/1
f 1226/4/1 1224/4/1 1225/4/1
f 1229/4/1 1228/4/1 1227/4/1
f 1230/4/1 1228/4/1 1229/4/1
f 1233/4/1 1232/4/1 1231/4/1
f 1234/4/1 1232/4/1 1233/4/1
f 1240/4/1 1236/4/1 1235/4/1
f 1241/4/1 1236/4/1 1240/4/1
f 1242/4/1 1238/4/1 1237/4/1
f 1243/1/1 1239/1/1 1238/1/1
f 1243/4/1 1238/4/1 1242/4/1
f 1244/1/1 1239/1/1 1243/1/1
f 1245/1/1 1239/1/1 1244/1/1
f 1248/4/1 1247/4/1 1246/4/1
f 1249/4/1 1247/4/1 1248/4/1
f 1252/4/1 1251/4/1 1250/4/1
f 1253/4/1 1251/4/1 1252/4/1
f 1257/4/1 1255/4/1 1254/4/1
f 1258/4/1 1255/4/1 1257/4/1
f 1259/4/1 1257/4/1 1256/4/1
f 1261/4/1 1259/4/1 1256/4/1
f 1261/4/1 1260/4/1 1259/4/1
f 1262/4/1 1260/4/1 1261/4/1
f 1268/4/1 1264/4/1 1263/4/1
f 1269/4/1 1268/4/1 1267/4/1
f 1270/4/1 1264/4/1 1268/4/1
f 1270/4/1 1268/4/1 1269/4/1
f 1271/4/1 1266/4/1 1265/4/1
f 1272/4/1 1266/4/1 1271/4/1
f 1275/1/1 1274/1/1 1273/1/1
f 1276/1/1 1274/1/1 1275/1/1
f 1277/1/1 1274/1/1 1276/1/1
f 1278/1/1 1274/1/1 1277/1/1
f 1279/1/1 1277/1/1 1276/1/1
f 1280/1/1 1277/1/1 1279/1/1
f 1284/4/1 1282/4/1 1281/4/1
f 1285/4/1 1282/4/1 1284/4/1
f 1286/4/1 1284/4/1 1283/4/1
f 1287/4/1 1284/4/1 1286/4/1
f 1291/4/1 1289/4/1 1288/4/1
f 1292/4/1 1289/4/1 1291/4/1
f 1292/4/1 1291/4/1 1290/4/1
f 1293/4/1 1289/4/1 1292/4/1
f 1294/4/1 1292/4/1 1290/4/1
f 1295/4/1 1292/4/1 1294/4/1
f 1298/4/1 1297/4/1 1296/4/1
f 1299/4/1 1297/4/1 1298/4/1
f 1301/4/1 1298/4/1 1296/4/1
f 1302/4/1 1298/4/1 1301/4/1
f 1302/4/1 1301/4/1 1300/4/1
f 1304/4/1 1297/4/1 1299/4/1
f 1305/4/1 1297/4/1 1304/4/1
f 1306/4/1 1303/4/1 1302/4/1
f 1306/4/1 1302/4/1 1300/4/1
f 1307/4/1 1303/4/1 1306/4/1
f 1308/1/1 1305/1/1 1304/1/1
f 1308/4/1 1303/4/1 1307/4/1
f 1308/1/1 1304/1/1 1303/1/1
f 1309/1/1 1305/1/1 1308/1/1
f 1313/4/1 1311/4/1 1310/4/1
f 1314/4/1 1311/4/1 1313/4/1
f 1316/4/1 1313/4/1 1312/4/1
f 1317/4/1 1316/4/1 1315/4/1
f 1318/4/1 1313/4/1 1316/4/1
f 1318/4/1 1316/4/1 1317/4/1
f 1319/4/1 1313/4/1 1318/4/1
f 1323/4/1 1321/4/1 1320/4/1
f 1324/4/1 1321/4/1 1323/4/1
f 1325/4/1 1323/4/1 1322/4/1
f 1326/4/1 1323/4/1 1325/4/1
f 1331/4/1 1328/4/1 1327/4/1
f 1332/4/1 1328/4/1 1331/4/1
f 1333/4/1 1330/4/1 1329/4/1
f 1334/4/1 1330/4/1 1333/4/1
f 1335/4/1 1330/4/1 1334/4/1
f 1338/4/1 1337/4/1 1336/4/1
f 1339/4/1 1337/4/1 1338/4/1
f 1340/4/1 1338/4/1 1336/4/1
f 1341/4/1 1338/4/1 1340/4/1
f 1344/4/1 1343/4/1 1342/4/1
f 1345/4/1 1343/4/1 1344/4/1
f 1348/1/1 1347/1/1 1346/1/1
f 1349/1/1 1347/1/1 1348/1/1
f 1352/4/1 1351/4/1 1350/4/1
f 1353/4/1 1351/4/1 1352/4/1
f 1356/1/1 1355/1/1 1354/1/1
f 1357/1/1 1355/1/1 1356/1/1
f 1358/4/2 1359/4/2 1360/4/2
f 1360/4/2 1359/4/2 1361/4/2
f 1361/4/2 1362/4/2 1363/4/2
f 1363/4/2 1362/4/2 1364/4/2
f 1364/4/2 1365/4/2 1366/4/2
f 1366/4/2 1365/4/2 1367/4/2
f 1368/4/2 1369/4/2 1371/4/2
f 1371/4/2 1369/4/2 1372/4/2
f 1370/4/2 1371/4/2 1374/4/2
f 1374/4/2 1371/4/2 1375/4/2
f 1373/1/2 1374/1/2 1378/1/2
f 1378/1/2 1374/1/2 1379/1/2
f 1376/4/2 1377/4/2 1380/4/2
f 1380/4/2 1377/4/2 1381/4/2
f 1382/1/2 1383/1/2 1384/1/2
f 1384/1/2 1383/1/2 1385/1/2
f 1386/4/2 1387/4/2 1388/4/2
f 1388/4/2 1387/4/2 1389/4/2
f 1390/4/2 1391/4/2 1393/4/2
f 1393/4/2 1391/4/2 1394/4/2
f 1392/4/2 1393/4/2 1396/4/2
f 1395/4/2 1396/4/2 1397/4/2
f 1396/4/2 1393/4/2 1398/4/2
f 1397/4/2 1396/4/2 1398/4/2
f 1399/4/2 1400/4/2 1401/4/2
f 1401/4/2 1400/4/2 1402/4/2
f 1402/4/2 1403/4/2 1404/4/2
f 1404/4/2 1403/4/2 1405/4/2
f 1406/4/2 1407/4/2 1408/4/2
f 1408/4/2 1407/4/2 1409/4/2
f 1410/4/2 1411/4/2 1415/4/2
f 1415/4/2 1411/4/2 1416/4/2
f 1412/4/2 1413/4/2 1417/4/2
f 1417/4/2 1413/4/2 1418/4/2
f 1414/4/2 1415/4/2 1419/4/2
f 1419/4/2 1415/4/2 1420/4/2
f 1421/1/2 1422/1/2 1423/1/2
f 1423/1/2 1422/1/2 1424/1/2
f 1425/4/2 1426/4/2 1427/4/2
f 1427/4/2 1426/4/2 1428/4/2
f 1429/4/2 1430/4/2 1431/4/2
f 1431/4/2 1430/4/2 1432/4/2
f 1433/4/2 1434/4/2 1435/4/2
f 1435/4/2 1434/4/2 1436/4/2
f 1437/4/2 1438/4/2 1439/4/2
f 1439/4/2 1438/4/2 1440/4/2
f 1441/4/2 1442/4/2 1443/4/2
f 1443/4/2 1442/4/2 1444/4/2
f 1445/4/2 1446/4/2 1449/4/2
f 1449/4/2 1446/4/2 1450/4/2
f 1447/4/2 1448/4/2 1451/4/2
f 1451/4/2 1448/4/2 1452/4/2
f 1453/4/2 1454/4/2 1455/4/2
f 1455/4/2 1454/4/2 1456/4/2
f 1457/1/2 1458/1/2 1460/1/2
f 1458/1/2 1459/1/2 1460/1/2
f 1460/1/2 1459/1/2 1461/1/2
f 1462/4/2 1463/4/2 1464/4/2
f 1464/4/2 1463/4/2 1465/4/2
f 1466/4/2 1467/4/2 1470/4/2
f 1470/4/2 1467/4/2 1471/4/2
f 1468/4/2 1469/4/2 1472/4/2
f 1472/4/2 1469/4/2 1473/4/2
f 1474/4/2 1475/4/2 1476/4/2
f 1476/4/2 1475/4/2 1477/4/2
f 1478/4/2 1479/4/2 1480/4/2
f 1480/4/2 1479/4/2 1481/4/2
f 1482/4/2 1483/4/2 1485/4/2
f 1484/4/2 1485/4/2 1486/4/2
f 1485/4/2 1483/4/2 1487/4/2
f 1486/4/2 1485/4/2 1487/4/2
f 1487/4/2 1483/4/2 1488/4/2
f 1489/4/2 1490/4/2 1491/4/2
f 1491/4/2 1490/4/2 1492/4/2
f 1493/4/2 1494/4/2 1495/4/2
f 1495/4/2 1494/4/2 1496/4/2
f 1497/4/2 1498/4/2 1499/4/2
f 1499/4/2 1498/4/2 1500/4/2
f 1501/1/2 1502/1/2 1503/1/2
f 1503/1/2 1502/1/2 1504/1/2
f 1505/4/2 1506/4/2 1507/4/2
f 1507/4/2 1506/4/2 1508/4/2
f 1509/4/2 1510/4/2 1512/4/2
f 1512/4/2 1510/4/2 1513/4/2
f 1511/4/2 1512/4/2 1514/4/2
f 1514/4/2 1512/4/2 1515/4/2
f 1516/4/2 1517/4/2 1518/4/2
f 1518/4/2 1517/4/2 1519/4/2
f 1520/4/2 1521/4/2 1522/4/2
f 1522/4/2 1521/4/2 1523/4/2
f 1524/4/2 1525/4/2 1526/4/2
f 1526/4/2 1525/4/2 1527/4/2
f 1528/4/2 1529/4/2 1530/4/2
f 1530/4/2 1529/4/2 1531/4/2
f 1524/4/2 1526/4/2 1532/4/2
f 1532/4/2 1526/4/2 1533/4/2
f 1534/4/2 1535/4/2 1537/4/2
f 1537/4/2 1535/4/2 1538/4/2
f 1536/4/2 1537/4/2 1539/4/2
f 1539/4/2 1537/4/2 1540/4/2
f 1541/4/2 1542/4/2 1544/4/2
f 1542/4/2 1543/4/2 1544/4/2
f 1544/4/2 1543/4/2 1545/4/2
f 1546/4/2 1547/4/2 1550/4/2
f 1550/4/2 1547/4/2 1551/4/2
f 1548/4/2 1549/4/2 1554/4/2
f 1554/4/2 1549/4/2 1555/4/2
f 1552/4/2 1553/4/2 1556/4/2
f 1556/4/2 1553/4/2 1557/4/2
f 1558/4/2 1559/4/2 1561/4/2
f 1561/4/2 1559/4/2 1562/4/2
f 1560/4/2 1561/4/2 1563/4/2
f 1563/4/2 1561/4/2 1564/4/2
f 1565/4/2 1566/4/2 1567/4/2
f 1567/4/2 1566/4/2 1568/4/2
f 1569/4/2 1570/4/2 1573/4/2
f 1573/4/2 1570/4/2 1574/4/2
f 1571/4/2 1572/4/2 1575/4/2
f 1575/4/2 1572/4/2 1576/4/2
f 1577/1/2 1578/1/2 1579/1/2
f 1579/1/2 1578/1/2 1580/1/2
f 1581/4/2 1582/4/2 1583/4/2
f 1583/4/2 1582/4/2 1584/4/2
f 1585/4/2 1586/4/2 1587/4/2
f 1587/4/2 1586/4/2 1588/4/2
f 1589/1/2 1590/1/2 1591/1/2
f 1591/1/2 1590/1/2 1592/1/2
f 1593/4/2 1594/4/2 1595/4/2
f 1595/4/2 1594/4/2 1596/4/2
f 1597/1/2 1598/1/2 1599/1/2
f 1599/1/2 1598/1/2 1600/1/2
f 1601/4/2 1602/4/2 1605/4/2
f 1605/4/2 1602/4/2 1606/4/2
f 1603/4/2 1604/4/2 1607/4/2
f 1607/4/2 1604/4/2 1608/4/2
f 1609/4/2 1610/4/2 1611/4/2
f 1611/4/2 1610/4/2 1612/4/2
f 1613/4/2 1614/4/2 1615/4/2
f 1615/4/2 1614/4/2 1616/4/2
f 1617/3/2 1618/3/2 1619/3/2
f 1619/3/2 1618/3/2 1620/3/2
f 1621/4/2 1622/4/2 1623/4/2
f 1623/4/2 1622/4/2 1624/4/2
f 1625/1/2 1626/1/2 1627/1/2
f 1627/1/2 1626/1/2 1628/1/2
f 1629/1/2 1630/1/2 1631/1/2
f 1631/1/2 1630/1/2 1632/1/2
f 1633/1/2 1634/1/2 1635/1/2
f 1635/1/2 1634/1/2 1636/1/2
f 1637/5/2 1638/5/2 1641/5/2
f 1639/3/2 1640/3/2 1642/3/2
f 1641/5/2 1638/5/2 1642/5/2
f 1638/3/2 1639/3/2 1642/3/2
f 1642/3/2 1640/3/2 1643/3/2
f 1644/4/2 1645/4/2 1646/4/2
f 1646/4/2 1645/4/2 1647/4/2
f 1648/1/2 1649/1/2 1650/1/2
f 1650/1/2 1649/1/2 1651/1/2
f 1651/1/2 1649/1/2 1652/1/2
f 1653/1/2 1654/1/2 1655/1/2
f 1655/1/2 1654/1/2 1656/1/2
f 1657/1/2 1658/1/2 1659/1/2
f 1659/1/2 1658/1/2 1660/1/2
f 1660/1/2 1661/1/2 1662/1/2
f 1662/1/2 1661/1/2 1663/1/2
f 1664/4/2 1665/4/2 1666/4/2
f 1666/4/2 1665/4/2 1667/4/2
f 1668/4/2 1669/4/2 1671/4/2
f 1671/4/2 1669/4/2 1672/4/2
f 1670/1/2 1671/1/2 1673/1/2
f 1671/4/2 1672/4/2 1673/4/2
f 1673/4/2 1672/4/2 1674/4/2
f 1673/1/2 1674/1/2 1677/1/2
f 1670/1/2 1673/1/2 1677/1/2
f 1677/1/2 1674/1/2 1678/1/2
f 1675/1/2 1676/1/2 1679/1/2
f 1679/1/2 1676/1/2 1680/1/2
f 1680/1/2 1676/1/2 1681/1/2
f 1682/1/2 1683/1/2 1684/1/2
f 1684/1/2 1683/1/2 1685/1/2
f 1686/1/2 1687/1/2 1688/1/2
f 1688/1/2 1687/1/2 1689/1/2
f 1690/1/2 1691/1/2 1692/1/2
f 1692/1/2 1691/1/2 1693/1/2
f 1694/1/2 1695/1/2 1696/1/2
f 1696/1/2 1695/1/2 1697/1/2
f 1698/1/2 1699/1/2 1700/1/2
f 1700/1/2 1699/1/2 1701/1/2
f 1702/1/2 1703/1/2 1704/1/2
f 1704/1/2 1703/1/2 1705/1/2
f 1706/1/2 1707/1/2 1708/1/2
f 1708/1/2 1707/1/2 1709/1/2
f 1709/1/2 1710/1/2 1711/1/2
f 1711/1/2 1710/1/2 1712/1/2
f 1713/2/2 1714/2/2 1715/2/2
f 1715/2/2 1714/2/2 1716/2/2
f 1717/3/2 1718/3/2 1719/3/2
f 1719/3/2 1718/3/2 1720/3/2
f 1721/5/2 1722/5/2 1725/5/2
f 1725/5/2 1722/5/2 1726/5/2
f 1723/4/2 1724/4/2 1727/4/2
f 1727/4/2 1724/4/2 1728/4/2
f 1731/1/2 1732/1/2 1735/1/2
f 1735/1/2 1732/1/2 1736/1/2
f 1729/4/2 1730/4/2 1737/4/2
f 1737/4/2 1730/4/2 1738/4/2
f 1739/1/2 1740/1/2 1741/1/2
f 1741/1/2 1740/1/2 1742/1/2
f 1743/1/2 1744/1/2 1746/1/2
f 1733/1/2 1734/1/2 1747/1/2
f 1747/1/2 1734/1/2 1748/1/2
f 1745/1/2 1746/1/2 1751/1/2
f 1746/1/2 1744/1/2 1752/1/2
f 1751/1/2 1746/1/2 1752/1/2
f 1749/1/2 1750/1/2 1753/1/2
f 1753/1/2 1750/1/2 1754/1/2
f 1755/2/2 1756/2/2 1757/2/2
f 1757/2/2 1756/2/2 1758/2/2
f 1759/3/2 1760/3/2 1761/3/2
f 1761/3/2 1760/3/2 1762/3/2
f 1763/3/2 1764/3/2 1765/3/2
f 1765/3/2 1764/3/2 1766/3/2
f 1767/4/2 1768/4/2 1771/4/2
f 1771/4/2 1768/4/2 1772/4/2
f 1769/4/2 1770/4/2 1773/4/2
f 1773/4/2 1770/4/2 1774/4/2
f 1775/4/2 1776/4/2 1777/4/2
f 1777/4/2 1776/4/2 1778/4/2
f 1779/4/2 1780/4/2 1783/4/2
f 1783/4/2 1780/4/2 1784/4/2
f 1781/1/2 1782/1/2 1787/1/2
f 1787/1/2 1782/1/2 1788/1/2
f 1785/1/2 1786/1/2 1791/1/2
f 1791/1/2 1786/1/2 1792/1/2
f 1789/4/2 1790/4/2 1798/4/2
f 1798/4/2 1790/4/2 1799/4/2
f 1796/1/2 1797/1/2 1800/1/2
f 1795/1/2 1796/1/2 1800/1/2
f 1800/1/2 1797/1/2 1801/1/2
f 1801/1/2 1797/1/2 1802/1/2
f 1801/1/2 1802/1/2 1803/1/2
f 1803/1/2 1802/1/2 1804/1/2
f 1805/1/2 1806/1/2 1807/1/2
f 1807/1/2 1806/1/2 1808/1/2
f 1793/1/2 1794/1/2 1809/1/2
f 1793/1/2 1809/1/2 1811/1/2
f 1809/1/2 1810/1/2 1811/1/2
f 1811/1/2 1810/1/2 1812/1/2
f 1805/1/2 1807/1/2 1813/1/2
f 1813/1/2 1807/1/2 1814/1/2
f 1815/1/2 1816/1/2 1817/1/2
f 1817/1/2 1816/1/2 1818/1/2
f 1819/3/2 1820/3/2 1821/3/2
f 1821/3/2 1820/3/2 1822/3/2
f 1823/3/2 1824/3/2 1826/3/2
f 1826/3/2 1824/3/2 1827/3/2
f 1825/3/2 1826/3/2 1828/3/2
f 1828/3/2 1826/3/2 1829/3/2
f 1830/4/2 1831/4/2 1836/4/2
f 1836/4/2 1831/4/2 1837/4/2
f 1832/4/2 1833/4/2 1838/4/2
f 1838/4/2 1833/4/2 1839/4/2
f 1834/4/2 1835/4/2 1840/4/2
f 1840/4/2 1835/4/2 1841/4/2
f 1842/1/2 1843/1/2 1847/1/2
f 1843/4/2 1844/4/2 1848/4/2
f 1847/1/2 1843/1/2 1848/1/2
f 1848/4/2 1844/4/2 1849/4/2
f 1845/4/2 1846/4/2 1851/4/2
f 1851/4/2 1846/4/2 1852/4/2
f 1850/4/2 1851/4/2 1857/4/2
f 1857/4/2 1851/4/2 1858/4/2
f 1853/1/2 1854/1/2 1859/1/2
f 1855/4/2 1856/4/2 1862/4/2
f 1862/4/2 1856/4/2 1863/4/2
f 1860/4/2 1861/4/2 1865/4/2
f 1865/4/2 1861/4/2 1866/4/2
f 1853/1/2 1859/1/2 1867/1/2
f 1867/1/2 1859/1/2 1868/1/2
f 1864/1/2 1865/1/2 1869/1/2
f 1864/1/2 1869/1/2 1871/1/2
f 1871/1/2 1869/1/2 1872/1/2
f 1870/1/2 1871/1/2 1875/1/2
f 1875/1/2 1871/1/2 1876/1/2
f 1876/1/2 1871/1/2 1877/1/2
f 1877/1/2 1871/1/2 1878/1/2
f 1873/4/2 1874/4/2 1879/4/2
f 1879/4/2 1874/4/2 1880/4/2
f 1876/1/2 1877/1/2 1881/1/2
f 1881/1/2 1877/1/2 1882/1/2
f 1883/1/2 1884/1/2 1886/1/2
f 1884/1/2 1885/1/2 1886/1/2
f 1886/1/2 1885/1/2 1887/1/2
f 1888/1/2 1889/1/2 1890/1/2
f 1890/1/2 1889/1/2 1891/1/2
f 1894/1/2 1895/1/2 1896/1/2
f 1896/1/2 1895/1/2 1897/1/2
f 1892/1/2 1893/1/2 1898/1/2
f 1898/1/2 1893/1/2 1899/1/2
f 1899/1/2 1893/1/2 1900/1/2
f 1901/2/2 1902/2/2 1903/2/2
f 1903/2/2 1902/2/2 1904/2/2
f 1905/3/2 1906/3/2 1908/3/2
f 1908/3/2 1906/3/2 1909/3/2
f 1907/3/2 1908/3/2 1910/3/2
f 1910/3/2 1908/3/2 1911/3/2
f 1912/3/2 1913/3/2 1915/3/2
f 1915/3/2 1913/3/2 1916/3/2
f 1914/3/2 1915/3/2 1920/3/2
f 1920/3/2 1915/3/2 1921/3/2
f 1918/4/2 1919/4/2 1922/4/2
f 1917/4/2 1918/4/2 1922/4/2
f 1922/4/2 1919/4/2 1923/4/2
f 1924/4/2 1925/4/2 1927/4/2
f 1927/4/2 1925/4/2 1928/4/2
f 1926/4/2 1927/4/2 1933/4/2
f 1933/4/2 1927/4/2 1934/4/2
f 1930/1/2 1931/1/2 1935/1/2
f 1929/1/2 1930/1/2 1935/1/2
f 1935/1/2 1931/1/2 1936/1/2
f 1936/1/2 1931/1/2 1937/1/2
f 1932/4/2 1933/4/2 1941/4/2
f 1941/4/2 1933/4/2 1942/4/2
f 1937/1/2 1938/1/2 1945/1/2
f 1937/1/2 1945/1/2 1947/1/2
f 1939/4/2 1940/4/2 1948/4/2
f 1948/4/2 1940/4/2 1949/4/2
f 1946/1/2 1947/1/2 1950/1/2
f 1947/1/2 1945/1/2 1950/1/2
f 1950/1/2 1945/1/2 1951/1/2
f 1943/1/2 1944/1/2 1952/1/2
f 1946/1/2 1950/1/2 1953/1/2
f 1943/1/2 1952/1/2 1954/1/2
f 1952/1/2 1953/1/2 1954/1/2
f 1953/1/2 1950/1/2 1955/1/2
f 1954/1/2 1953/1/2 1955/1/2
f 1955/1/2 1950/1/2 1956/1/2
f 1957/1/2 1958/1/2 1959/1/2
f 1959/1/2 1958/1/2 1960/1/2
f 1961/1/2 1962/1/2 1963/1/2
f 1963/1/2 1962/1/2 1964/1/2
f 1965/2/2 1966/2/2 1967/2/2
f 1967/2/2 1966/2/2 1968/2/2
f 1969/2/2 1970/2/2 1972/2/2
f 1972/2/2 1970/2/2 1973/2/2
f 1971/3/2 1972/3/2 1974/3/2
f 1974/3/2 1972/3/2 1975/3/2
f 1976/3/2 1977/3/2 1980/3/2
f 1980/3/2 1977/3/2 1981/3/2
f 1978/3/2 1979/3/2 1983/3/2
f 1983/3/2 1979/3/2 1984/3/2
f 1982/3/2 1983/3/2 1989/3/2
f 1989/3/2 1983/3/2 1990/3/2
f 1985/4/2 1986/4/2 1991/4/2
f 1991/4/2 1986/4/2 1992/4/2
f 1987/4/2 1988/4/2 1995/4/2
f 1995/4/2 1988/4/2 1996/4/2
f 1993/4/2 1994/4/2 1998/4/2
f 1998/4/2 1994/4/2 1999/4/2
f 1997/4/2 1998/4/2 2001/4/2
f 2001/4/2 1998/4/2 2002/4/2
f 2000/4/2 2001/4/2 2004/4/2
f 2004/4/2 2001/4/2 2005/4/2
f 2003/4/2 2004/4/2 2008/4/2
f 2008/4/2 2004/4/2 2009/4/2
f 2006/1/2 2007/1/2 2010/1/2
f 2010/1/2 2007/1/2 2011/1/2
f 2011/1/2 2007/1/2 2012/1/2
f 2010/1/2 2011/1/2 2013/1/2
f 2013/1/2 2011/1/2 2014/1/2
f 2015/1/2 2016/1/2 2017/1/2
f 2017/1/2 2016/1/2 2018/1/2
f 2019/1/2 2020/1/2 2021/1/2
f 2021/1/2 2020/1/2 2022/1/2
f 2023/1/2 2024/1/2 2025/1/2
f 2025/1/2 2024/1/2 2026/1/2
f 2026/1/2 2024/1/2 2027/1/2
f 2028/2/2 2029/2/2 2030/2/2
f 2030/2/2 2029/2/2 2031/2/2
f 2032/2/2 2033/2/2 2034/2/2
f 2034/2/2 2033/2/2 2035/2/2
f 2036/2/2 2037/2/2 2039/2/2
f 2039/2/2 2037/2/2 2040/2/2
f 2038/2/2 2039/2/2 2043/2/2
f 2043/2/2 2039/2/2 2044/2/2
f 2041/3/2 2042/3/2 2049/3/2
f 2049/3/2 2042/3/2 2050/3/2
f 2045/4/2 2046/4/2 2051/4/2
f 2051/4/2 2046/4/2 2052/4/2
f 2047/4/2 2048/4/2 2057/4/2
f 2057/4/2 2048/4/2 2058/4/2
f 2053/4/2 2054/4/2 2059/4/2
f 2059/4/2 2054/4/2 2060/4/2
f 2055/4/2 2056/4/2 2064/4/2
f 2064/4/2 2056/4/2 2065/4/2
f 2063/4/2 2064/4/2 2067/4/2
f 2061/4/2 2062/4/2 2068/4/2
f 2068/4/2 2062/4/2 2069/4/2
f 2066/4/2 2067/4/2 2071/4/2
f 2067/4/2 2064/4/2 2072/4/2
f 2071/4/2 2067/4/2 2072/4/2
f 2072/4/2 2064/4/2 2073/4/2
f 2070/4/2 2071/4/2 2075/4/2
f 2071/4/2 2072/4/2 2075/4/2
f 2075/4/2 2072/4/2 2076/4/2
f 2076/4/2 2072/4/2 2077/4/2
f 2074/4/2 2075/4/2 2080/4/2
f 2075/4/2 2076/4/2 2080/4/2
f 2080/4/2 2076/4/2 2081/4/2
f 2078/4/2 2079/4/2 2083/4/2
f 2083/4/2 2079/4/2 2084/4/2
f 2082/4/2 2083/4/2 2085/4/2
f 2085/4/2 2083/4/2 2086/4/2
f 2087/1/2 2088/1/2 2089/1/2
f 2089/1/2 2088/1/2 2090/1/2
f 2091/1/2 2092/1/2 2093/1/2
f 2093/1/2 2092/1/2 2094/1/2
f 2095/1/2 2096/1/2 2097/1/2
f 2097/1/2 2096/1/2 2098/1/2
f 2099/2/2 2100/2/2 2101/2/2
f 2101/2/2 2100/2/2 2103/2/2
f 2103/2/2 2100/2/2 2104/2/2
f 2102/2/2 2103/2/2 2106/2/2
f 2105/2/2 2106/2/2 2108/2/2
f 2106/2/2 2103/2/2 2109/2/2
f 2108/2/2 2106/2/2 2109/2/2
f 2109/2/2 2103/2/2 2110/2/2
f 2107/2/2 2108/2/2 2112/2/2
f 2108/2/2 2109/2/2 2112/2/2
f 2112/2/2 2109/2/2 2113/2/2
f 2113/2/2 2109/2/2 2114/2/2
f 2111/3/2 2112/3/2 2116/3/2
f 2112/3/2 2113/3/2 2116/3/2
f 2116/3/2 2113/3/2 2117/3/2
f 2115/3/2 2116/3/2 2121/3/2
f 2121/3/2 2116/3/2 2122/3/2
f 2118/4/2 2119/4/2 2123/4/2
f 2123/4/2 2119/4/2 2124/4/2
f 2120/4/2 2121/4/2 2127/4/2
f 2127/4/2 2121/4/2 2128/4/2
f 2125/4/2 2126/4/2 2129/4/2
f 2129/4/2 2126/4/2 2130/4/2
f 2125/4/2 2129/4/2 2132/4/2
f 2132/4/2 2129/4/2 2133/4/2
f 2131/4/2 2132/4/2 2135/4/2
f 2135/4/2 2132/4/2 2136/4/2
f 2134/4/2 2135/4/2 2139/4/2
f 2139/4/2 2135/4/2 2140/4/2
f 2137/4/2 2138/4/2 2142/4/2
f 2138/4/2 2139/4/2 2142/4/2
f 2142/4/2 2139/4/2 2143/4/2
f 2141/4/2 2142/4/2 2145/4/2
f 2145/4/2 2142/4/2 2146/4/2
f 2144/4/2 2145/4/2 2146/4/2
f 2146/4/2 2142/4/2 2147/4/2
f 2144/4/2 2146/4/2 2148/4/2
f 2148/4/2 2146/4/2 2149/4/2
f 2150/1/2 2151/1/2 2152/1/2
f 2152/1/2 2151/1/2 2153/1/2
f 2154/1/2 2155/1/2 2156/1/2
f 2156/1/2 2155/1/2 2157/1/2
f 2158/1/2 2159/1/2 2162/1/2
f 2162/1/2 2159/1/2 2163/1/2
f 2164/1/2 2165/1/2 2166/1/2
f 2166/1/2 2165/1/2 2167/1/2
f 2160/1/2 2161/1/2 2168/1/2
f 2168/1/2 2161/1/2 2169/1/2
f 2170/1/2 2171/1/2 2172/1/2
f 2172/1/2 2171/1/2 2173/1/2
f 2173/1/2 2171/1/2 2174/1/2
f 2173/1/2 2174/1/2 2175/1/2
f 2175/1/2 2174/1/2 2176/1/2
f 2177/2/2 2178/2/2 2180/2/2
f 2180/2/2 2178/2/2 2181/2/2
f 2179/3/2 2180/3/2 2182/3/2
f 2180/3/2 2181/3/2 2182/3/2
f 2182/3/2 2181/3/2 2183/3/2
f 2179/3/2 2182/3/2 2185/3/2
f 2185/3/2 2182/3/2 2186/3/2
f 2184/3/2 2185/3/2 2188/3/2
f 2188/3/2 2185/3/2 2189/3/2
f 2187/3/2 2188/3/2 2193/3/2
f 2193/3/2 2188/3/2 2194/3/2
f 2190/4/2 2191/4/2 2195/4/2
f 2195/4/2 2191/4/2 2196/4/2
f 2192/3/2 2193/3/2 2200/3/2
f 2200/3/2 2193/3/2 2201/3/2
f 2196/4/2 2197/4/2 2202/4/2
f 2202/4/2 2197/4/2 2203/4/2
f 2198/3/2 2199/3/2 2207/3/2
f 2207/3/2 2199/3/2 2208/3/2
f 2205/4/2 2206/4/2 2210/4/2
f 2204/4/2 2205/4/2 2210/4/2
f 2210/4/2 2206/4/2 2211/4/2
f 2211/4/2 2206/4/2 2212/4/2
f 2209/4/2 2210/4/2 2214/4/2
f 2210/4/2 2211/4/2 2214/4/2
f 2214/4/2 2211/4/2 2215/4/2
f 2215/4/2 2211/4/2 2216/4/2
f 2213/5/2 2214/5/2 2218/5/2
f 2218/5/2 2214/5/2 2219/5/2
f 2214/4/2 2215/4/2 2220/4/2
f 2219/5/2 2214/5/2 2220/5/2
f 2220/4/2 2215/4/2 2221/4/2
f 2218/5/2 2219/5/2 2222/5/2
f 2217/5/2 2218/5/2 2222/5/2
f 2219/4/2 2220/4/2 2223/4/2
f 2222/5/2 2219/5/2 2223/5/2
f 2223/4/2 2220/4/2 2224/4/2
f 2225/4/2 2226/4/2 2227/4/2
f 2227/4/2 2226/4/2 2228/4/2
f 2229/4/2 2230/4/2 2233/4/2
f 2233/4/2 2230/4/2 2234/4/2
f 2231/4/2 2232/4/2 2236/4/2
f 2236/4/2 2232/4/2 2237/4/2
f 2237/4/2 2232/4/2 2238/4/2
f 2238/4/2 2232/4/2 2239/4/2
f 2235/1/2 2236/1/2 2242/1/2
f 2236/1/2 2237/1/2 2242/1/2
f 2237/4/2 2238/4/2 2243/4/2
f 2242/1/2 2237/1/2 2243/1/2
f 2243/4/2 2238/4/2 2244/4/2
f 2240/1/2 2241/1/2 2246/1/2
f 2245/1/2 2246/1/2 2247/1/2
f 2246/1/2 2241/1/2 2248/1/2
f 2247/1/2 2246/1/2 2248/1/2
f 2245/1/2 2247/1/2 2251/1/2
f 2249/1/2 2250/1/2 2252/1/2
f 2252/1/2 2250/1/2 2253/1/2
f 2253/1/2 2250/1/2 2254/1/2
f 2245/1/2 2251/1/2 2255/1/2
f 2251/1/2 2252/1/2 2255/1/2
f 2252/1/2 2253/1/2 2255/1/2
f 2255/1/2 2253/1/2 2256/1/2
f 2256/1/2 2253/1/2 2257/1/2
f 2256/1/2 2257/1/2 2258/1/2
f 2258/1/2 2257/1/2 2259/1/2
f 2260/2/2 2261/2/2 2263/2/2
f 2262/2/2 2263/2/2 2264/2/2
f 2263/2/2 2261/2/2 2265/2/2
f 2264/2/2 2263/2/2 2265/2/2
f 2265/2/2 2261/2/2 2266/2/2
f 2264/3/2 2265/3/2 2268/3/2
f 2267/3/2 2268/3/2 2272/3/2
f 2268/3/2 2265/3/2 2273/3/2
f 2272/3/2 2268/3/2 2273/3/2
f 2273/3/2 2265/3/2 2274/3/2
f 2269/4/2 2270/4/2 2275/4/2
f 2275/4/2 2270/4/2 2276/4/2
f 2271/3/2 2272/3/2 2278/3/2
f 2272/3/2 2273/3/2 2278/3/2
f 2278/3/2 2273/3/2 2279/3/2
f 2279/3/2 2273/3/2 2280/3/2
f 2277/3/2 2278/3/2 2282/3/2
f 2278/3/2 2279/3/2 2282/3/2
f 2282/3/2 2279/3/2 2283/3/2
f 2283/3/2 2279/3/2 2284/3/2
f 2281/3/2 2282/3/2 2288/3/2
f 2282/3/2 2283/3/2 2288/3/2
f 2288/3/2 2283/3/2 2289/3/2
f 2286/4/2 2287/4/2 2291/4/2
f 2285/4/2 2286/4/2 2291/4/2
f 2287/3/2 2288/3/2 2292/3/2
f 2291/4/2 2287/4/2 2292/4/2
f 2292/3/2 2288/3/2 2293/3/2
f 2290/4/2 2291/4/2 2296/4/2
f 2296/4/2 2291/4/2 2297/4/2
f 2294/5/2 2295/5/2 2298/5/2
f 2295/5/2 2296/5/2 2298/5/2
f 2298/5/2 2296/5/2 2299/5/2
f 2300/4/2 2301/4/2 2302/4/2
f 2302/4/2 2301/4/2 2303/4/2
f 2304/4/2 2305/4/2 2306/4/2
f 2306/4/2 2305/4/2 2307/4/2
f 2307/4/2 2305/4/2 2308/4/2
f 2308/4/2 2305/4/2 2309/4/2
f 2306/1/2 2307/1/2 2312/1/2
f 2312/1/2 2307/1/2 2313/1/2
f 2308/4/2 2309/4/2 2314/4/2
f 2310/1/2 2311/1/2 2315/1/2
f 2314/4/2 2309/4/2 2315/4/2
f 2309/1/2 2310/1/2 2315/1/2
f 2315/1/2 2311/1/2 2316/1/2
f 2317/1/2 2318/1/2 2320/1/2
f 2318/1/2 2319/1/2 2320/1/2
f 2320/1/2 2319/1/2 2321/1/2
f 2317/1/2 2320/1/2 2323/1/2
f 2323/1/2 2320/1/2 2324/1/2
f 2322/1/2 2323/1/2 2324/1/2
f 2322/1/2 2324/1/2 2326/1/2
f 2324/1/2 2325/1/2 2326/1/2
f 2326/1/2 2325/1/2 2327/1/2
f 2322/1/2 2326/1/2 2328/1/2
f 2328/1/2 2326/1/2 2329/1/2
f 2330/1/2 2331/1/2 2332/1/2
f 2332/1/2 2331/1/2 2333/1/2
f 2334/2/2 2335/2/2 2336/2/2
f 2336/2/2 2335/2/2 2337/2/2
f 2334/2/2 2336/2/2 2339/2/2
f 2339/2/2 2336/2/2 2340/2/2
f 2338/3/2 2339/3/2 2341/3/2
f 2339/3/2 2340/3/2 2341/3/2
f 2341/3/2 2340/3/2 2342/3/2
f 2338/3/2 2341/3/2 2344/3/2
f 2344/3/2 2341/3/2 2345/3/2
f 2343/3/2 2344/3/2 2349/3/2
f 2349/3/2 2344/3/2 2350/3/2
f 2346/4/2 2347/4/2 2351/4/2
f 2351/4/2 2347/4/2 2352/4/2
f 2348/3/2 2349/3/2 2355/3/2
f 2355/3/2 2349/3/2 2356/3/2
f 2356/3/2 2349/3/2 2357/3/2
f 2353/4/2 2354/4/2 2358/4/2
f 2355/3/2 2356/3/2 2359/3/2
f 2358/4/2 2354/4/2 2359/4/2
f 2354/3/2 2355/3/2 2359/3/2
f 2359/3/2 2356/3/2 2360/3/2
f 2361/4/2 2362/4/2 2365/4/2
f 2365/4/2 2362/4/2 2366/4/2
f 2363/4/2 2364/4/2 2369/4/2
f 2369/4/2 2364/4/2 2370/4/2
f 2367/5/2 2368/5/2 2371/5/2
f 2371/5/2 2368/5/2 2372/5/2
f 2373/4/2 2374/4/2 2375/4/2
f 2375/4/2 2374/4/2 2376/4/2
f 2377/4/2 2378/4/2 2381/4/2
f 2381/4/2 2378/4/2 2382/4/2
f 2379/4/2 2380/4/2 2383/4/2
f 2383/4/2 2380/4/2 2384/4/2
f 2385/1/2 2386/1/2 2389/1/2
f 2389/1/2 2386/1/2 2390/1/2
f 2387/1/2 2388/1/2 2391/1/2
f 2391/1/2 2388/1/2 2392/1/2
f 2392/1/2 2388/1/2 2393/1/2
f 2387/1/2 2391/1/2 2395/1/2
f 2395/1/2 2391/1/2 2396/1/2
f 2394/1/2 2395/1/2 2396/1/2
f 2396/1/2 2391/1/2 2397/1/2
f 2394/1/2 2396/1/2 2398/1/2
f 2398/1/2 2396/1/2 2399/1/2
f 2400/2/2 2401/2/2 2403/2/2
f 2402/2/2 2403/2/2 2404/2/2
f 2403/2/2 2401/2/2 2405/2/2
f 2404/2/2 2403/2/2 2405/2/2
f 2405/2/2 2401/2/2 2406/2/2
f 2404/3/2 2405/3/2 2410/3/2
f 2407/4/2 2408/4/2 2411/4/2
f 2411/4/2 2408/4/2 2412/4/2
f 2409/3/2 2410/3/2 2414/3/2
f 2410/3/2 2405/3/2 2415/3/2
f 2414/3/2 2410/3/2 2415/3/2
f 2415/3/2 2405/3/2 2416/3/2
f 2413/3/2 2414/3/2 2418/3/2
f 2414/3/2 2415/3/2 2418/3/2
f 2418/3/2 2415/3/2 2419/3/2
f 2419/3/2 2415/3/2 2420/3/2
f 2417/3/2 2418/3/2 2424/3/2
f 2418/3/2 2419/3/2 2424/3/2
f 2424/3/2 2419/3/2 2425/3/2
f 2421/4/2 2422/4/2 2426/4/2
f 2426/4/2 2422/4/2 2427/4/2
f 2423/4/2 2424/4/2 2430/4/2
f 2430/4/2 2424/4/2 2431/4/2
f 2427/4/2 2428/4/2 2432/4/2
f 2432/4/2 2428/4/2 2433/4/2
f 2433/4/2 2428/4/2 2434/4/2
f 2429/4/2 2430/4/2 2436/4/2
f 2436/4/2 2430/4/2 2437/4/2
f 2434/4/2 2435/4/2 2438/4/2
f 2433/4/2 2434/4/2 2438/4/2
f 2438/4/2 2435/4/2 2439/4/2
f 2439/4/2 2435/4/2 2440/4/2
f 2442/5/2 2443/5/2 2444/5/2
f 2444/5/2 2443/5/2 2445/5/2
f 2440/4/2 2441/4/2 2447/4/2
f 2439/4/2 2440/4/2 2447/4/2
f 2447/4/2 2441/4/2 2448/4/2
f 2448/4/2 2441/4/2 2449/4/2
f 2446/4/2 2447/4/2 2452/4/2
f 2447/4/2 2448/4/2 2452/4/2
f 2452/4/2 2448/4/2 2453/4/2
f 2450/4/2 2451/4/2 2454/4/2
f 2454/4/2 2451/4/2 2455/4/2
f 2446/4/2 2452/4/2 2456/4/2
f 2456/4/2 2452/4/2 2457/4/2
f 2458/4/2 2459/4/2 2460/4/2
f 2460/4/2 2459/4/2 2461/4/2
f 2461/4/2 2459/4/2 2462/4/2
f 2463/4/2 2464/4/2 2465/4/2
f 2465/4/2 2464/4/2 2466/4/2
f 2461/4/2 2462/4/2 2467/4/2
f 2467/4/2 2462/4/2 2468/4/2
f 2469/1/2 2470/1/2 2471/1/2
f 2471/1/2 2470/1/2 2472/1/2
f 2473/1/2 2474/1/2 2475/1/2
f 2475/1/2 2474/1/2 2476/1/2
f 2473/1/2 2475/1/2 2477/1/2
f 2477/1/2 2475/1/2 2478/1/2
f 2473/1/2 2477/1/2 2479/1/2
f 2479/1/2 2477/1/2 2480/1/2
f 2481/2/2 2482/2/2 2486/2/2
f 2486/2/2 2482/2/2 2487/2/2
f 2487/2/2 2482/2/2 2488/2/2
f 2488/2/2 2482/2/2 2489/2/2
f 2485/3/2 2486/3/2 2491/3/2
f 2486/3/2 2487/3/2 2491/3/2
f 2487/2/2 2488/2/2 2492/2/2
f 2491/3/2 2487/3/2 2492/3/2
f 2492/2/2 2488/2/2 2493/2/2
f 2483/4/2 2484/4/2 2494/4/2
f 2494/4/2 2484/4/2 2495/4/2
f 2490/3/2 2491/3/2 2496/3/2
f 2491/3/2 2492/3/2 2496/3/2
f 2492/3/2 2493/3/2 2496/3/2
f 2496/3/2 2493/3/2 2497/3/2
f 2490/3/2 2496/3/2 2501/3/2
f 2501/3/2 2496/3/2 2502/3/2
f 2502/3/2 2496/3/2 2503/3/2
f 2498/4/2 2499/4/2 2504/4/2
f 2504/4/2 2499/4/2 2505/4/2
f 2500/3/2 2501/3/2 2508/3/2
f 2501/3/2 2502/3/2 2508/3/2
f 2508/3/2 2502/3/2 2509/3/2
f 2505/4/2 2506/4/2 2510/4/2
f 2510/4/2 2506/4/2 2511/4/2
f 2507/3/2 2508/3/2 2513/3/2
f 2513/3/2 2508/3/2 2514/3/2
f 2511/4/2 2512/4/2 2515/4/2
f 2515/4/2 2512/4/2 2516/4/2
f 2516/4/2 2517/4/2 2520/4/2
f 2520/4/2 2517/4/2 2521/4/2
f 2518/4/2 2519/4/2 2524/4/2
f 2524/4/2 2519/4/2 2525/4/2
f 2521/4/2 2522/4/2 2526/4/2
f 2526/4/2 2522/4/2 2527/4/2
f 2523/4/2 2524/4/2 2529/4/2
f 2529/4/2 2524/4/2 2530/4/2
f 2527/4/2 2528/4/2 2532/4/2
f 2532/4/2 2528/4/2 2533/4/2
f 2531/4/2 2532/4/2 2535/4/2
f 2535/4/2 2532/4/2 2536/4/2
f 2534/4/2 2535/4/2 2538/4/2
f 2538/4/2 2535/4/2 2539/4/2
f 2537/4/2 2538/4/2 2540/4/2
f 2540/4/2 2538/4/2 2541/4/2
f 2542/4/2 2543/4/2 2546/4/2
f 2546/4/2 2543/4/2 2547/4/2
f 2544/4/2 2545/4/2 2548/4/2
f 2548/4/2 2545/4/2 2549/4/2
f 2547/4/2 2543/4/2 2550/4/2
f 2550/4/2 2543/4/2 2551/4/2
f 2552/4/2 2553/4/2 2554/4/2
f 2554/4/2 2553/4/2 2555/4/2
f 2555/1/2 2556/1/2 2557/1/2
f 2557/1/2 2556/1/2 2558/1/2
f 2559/4/2 2560/4/2 2563/4/2
f 2563/4/2 2560/4/2 2564/4/2
f 2561/2/2 2562/2/2 2565/2/2
f 2565/2/2 2562/2/2 2566/2/2
f 2566/2/2 2562/2/2 2567/2/2
f 2565/3/2 2566/3/2 2571/3/2
f 2571/3/2 2566/3/2 2572/3/2
f 2568/4/2 2569/4/2 2573/4/2
f 2573/4/2 2569/4/2 2574/4/2
f 2570/3/2 2571/3/2 2577/3/2
f 2577/3/2 2571/3/2 2578/3/2
f 2574/4/2 2575/4/2 2579/4/2
f 2579/4/2 2575/4/2 2580/4/2
f 2576/3/2 2577/3/2 2581/3/2
f 2581/3/2 2577/3/2 2582/3/2
f 2583/4/2 2584/4/2 2587/4/2
f 2587/4/2 2584/4/2 2588/4/2
f 2585/3/2 2586/3/2 2592/3/2
f 2592/3/2 2586/3/2 2593/3/2
f 2588/4/2 2589/4/2 2594/4/2
f 2594/4/2 2589/4/2 2595/4/2
f 2590/4/2 2591/4/2 2597/4/2
f 2597/4/2 2591/4/2 2598/4/2
f 2595/4/2 2596/4/2 2599/4/2
f 2599/4/2 2596/4/2 2600/4/2
f 2601/4/2 2602/4/2 2604/4/2
f 2604/4/2 2602/4/2 2605/4/2
f 2603/4/2 2604/4/2 2607/4/2
f 2607/4/2 2604/4/2 2608/4/2
f 2606/4/2 2607/4/2 2611/4/2
f 2611/4/2 2607/4/2 2612/4/2
f 2609/4/2 2610/4/2 2613/4/2
f 2613/4/2 2610/4/2 2614/4/2
f 2615/4/2 2616/4/2 2619/4/2
f 2619/4/2 2616/4/2 2620/4/2
f 2617/4/2 2618/4/2 2621/4/2
f 2621/4/2 2618/4/2 2622/4/2
f 2622/1/2 2623/1/2 2624/1/2
f 2624/1/2 2623/1/2 2625/1/2
f 2625/1/2 2626/1/2 2627/1/2
f 2627/1/2 2626/1/2 2628/1/2
f 2631/2/2 2632/2/2 2633/2/2
f 2633/2/2 2632/2/2 2634/2/2
f 2629/4/2 2630/4/2 2635/4/2
f 2635/4/2 2630/4/2 2636/4/2
f 2633/3/2 2634/3/2 2637/3/2
f 2637/3/2 2634/3/2 2638/3/2
f 2639/4/2 2640/4/2 2643/4/2
f 2643/4/2 2640/4/2 2644/4/2
f 2641/3/2 2642/3/2 2645/3/2
f 2645/3/2 2642/3/2 2646/3/2
f 2647/4/2 2648/4/2 2651/4/2
f 2651/4/2 2648/4/2 2652/4/2
f 2649/3/2 2650/3/2 2656/3/2
f 2656/3/2 2650/3/2 2657/3/2
f 2653/4/2 2654/4/2 2658/4/2
f 2658/4/2 2654/4/2 2659/4/2
f 2655/3/2 2656/3/2 2661/3/2
f 2661/3/2 2656/3/2 2662/3/2
f 2659/4/2 2660/4/2 2663/4/2
f 2663/4/2 2660/4/2 2664/4/2
f 2665/4/2 2666/4/2 2667/4/2
f 2667/4/2 2666/4/2 2668/4/2
f 2669/4/2 2670/4/2 2672/4/2
f 2672/4/2 2670/4/2 2673/4/2
f 2671/4/2 2672/4/2 2678/4/2
f 2678/4/2 2672/4/2 2679/4/2
f 2674/4/2 2675/4/2 2680/4/2
f 2680/4/2 2675/4/2 2681/4/2
f 2676/4/2 2677/4/2 2682/4/2
f 2682/4/2 2677/4/2 2683/4/2
f 2683/4/2 2684/4/2 2685/4/2
f 2685/4/2 2684/4/2 2686/4/2
f 2686/4/2 2687/4/2 2688/4/2
f 2688/4/2 2687/4/2 2689/4/2
f 2689/4/2 2690/4/2 2691/4/2
f 2691/4/2 2690/4/2 2692/4/2
f 2692/1/2 2693/1/2 2694/1/2
f 2694/1/2 2693/1/2 2695/1/2
f 2698/2/2 2699/2/2 2700/2/2
f 2700/2/2 2699/2/2 2701/2/2
f 2696/4/2 2697/4/2 2702/4/2
f 2702/4/2 2697/4/2 2703/4/2
f 2700/3/2 2701/3/2 2706/3/2
f 2706/3/2 2701/3/2 2707/3/2
f 2703/4/2 2704/4/2 2708/4/2
f 2705/3/2 2706/3/2 2711/3/2
f 2708/4/2 2709/4/2 2712/4/2
f 2703/4/2 2708/4/2 2712/4/2
f 2712/4/2 2709/4/2 2713/4/2
f 2710/3/2 2711/3/2 2715/3/2
f 2711/3/2 2706/3/2 2716/3/2
f 2715/3/2 2711/3/2 2716/3/2
f 2716/3/2 2706/3/2 2717/3/2
f 2714/3/2 2715/3/2 2718/3/2
f 2715/3/2 2716/3/2 2718/3/2
f 2718/3/2 2716/3/2 2719/3/2
f 2719/3/2 2716/3/2 2720/3/2
f 2718/3/2 2719/3/2 2721/3/2
f 2721/3/2 2719/3/2 2722/3/2
f 2723/4/2 2724/4/2 2725/4/2
f 2725/4/2 2724/4/2 2726/4/2
f 2727/4/2 2728/4/2 2729/4/2
f 2729/4/2 2728/4/2 2730/4/2
f 2730/4/2 2731/4/2 2732/4/2
f 2732/4/2 2731/4/2 2733/4/2
f 2733/4/2 2734/4/2 2735/4/2
f 2735/4/2 2734/4/2 2736/4/2
f 2736/4/2 2737/4/2 2738/4/2
f 2738/4/2 2737/4/2 2739/4/2
f 2740/4/2 2741/4/2 2743/4/2
f 2741/2/2 2742/2/2 2744/2/2
f 2743/4/2 2741/4/2 2744/4/2
f 2744/2/2 2742/2/2 2745/2/2
f 2740/4/2 2743/4/2 2746/4/2
f 2743/3/2 2744/3/2 2747/3/2
f 2746/4/2 2743/4/2 2747/4/2
f 2744/3/2 2745/3/2 2747/3/2
f 2745/2/2 2742/2/2 2748/2/2
f 2747/3/2 2745/3/2 2748/3/2
f 2748/2/2 2742/2/2 2749/2/2
f 2740/4/2 2746/4/2 2750/4/2
f 2746/3/2 2747/3/2 2751/3/2
f 2750/4/2 2746/4/2 2751/4/2
f 2747/3/2 2748/3/2 2751/3/2
f 2748/3/2 2749/3/2 2751/3/2
f 2740/4/2 2750/4/2 2752/4/2
f 2752/4/2 2750/4/2 2753/4/2
f 2751/3/2 2749/3/2 2754/3/2
f 2750/3/2 2751/3/2 2754/3/2
f 2754/3/2 2749/3/2 2755/3/2
f 2753/4/2 2750/4/2 2756/4/2
f 2756/4/2 2750/4/2 2757/4/2
f 2750/3/2 2754/3/2 2758/3/2
f 2758/3/2 2754/3/2 2759/3/2
f 2757/4/2 2750/4/2 2760/4/2
f 2750/3/2 2758/3/2 2760/3/2
f 2760/3/2 2758/3/2 2761/3/2
f 2761/3/2 2758/3/2 2762/3/2
f 2762/3/2 2758/3/2 2763/3/2
f 2757/4/2 2760/4/2 2764/4/2
f 2760/4/2 2761/4/2 2764/4/2
f 2764/4/2 2761/4/2 2765/4/2
f 2761/3/2 2762/3/2 2766/3/2
f 2765/4/2 2761/4/2 2766/4/2
f 2766/3/2 2762/3/2 2767/3/2
f 2765/4/2 2766/4/2 2768/4/2
f 2766/4/2 2767/4/2 2768/4/2
f 2768/4/2 2767/4/2 2769/4/2
f 2769/4/2 2767/4/2 2770/4/2
f 2770/4/2 2767/4/2 2771/4/2
f 2771/4/2 2767/4/2 2772/4/2
f 2772/4/2 2767/4/2 2773/4/2
f 2771/4/2 2772/4/2 2775/4/2
f 2775/4/2 2772/4/2 2776/4/2
f 2776/4/2 2772/4/2 2777/4/2
f 2774/4/2 2775/4/2 2778/4/2
f 2775/4/2 2776/4/2 2778/4/2
f 2778/4/2 2776/4/2 2779/4/2
f 2774/4/2 2778/4/2 2781/4/2
f 2781/4/2 2778/4/2 2782/4/2
f 2782/4/2 2778/4/2 2783/4/2
f 2780/4/2 2781/4/2 2785/4/2
f 2781/4/2 2782/4/2 2785/4/2
f 2785/4/2 2782/4/2 2786/4/2
f 2786/4/2 2782/4/2 2787/4/2
f 2783/4/2 2778/4/2 2788/4/2
f 2788/4/2 2778/4/2 2789/4/2
f 2784/4/2 2785/4/2 2790/4/2
f 2785/4/2 2786/4/2 2790/4/2
f 2790/4/2 2786/4/2 2791/4/2
f 2791/4/2 2786/4/2 2792/4/2
f 2792/4/2 2786/4/2 2793/4/2
f 2791/4/2 2792/4/2 2794/4/2
f 2794/4/2 2792/4/2 2795/4/2
f 2795/4/2 2792/4/2 2796/4/2
f 2796/4/2 2792/4/2 2797/4/2
f 2801/4/3 2799/4/3 2798/4/3
f 2802/4/3 2799/4/3 2801/4/3
f 2803/4/3 2799/4/3 2802/4/3
f 2804/4/3 2801/4/3 2800/4/3
f 2804/4/3 2802/4/3 2801/4/3
f 2805/4/3 2802/4/3 2804/4/3
f 2806/4/3 2804/4/3 2800/4/3
f 2807/4/3 2804/4/3 2806/4/3
f 2808/4/3 2806/4/3 2800/4/3
f 2809/4/3 2806/4/3 2808/4/3
f 2814/4/3 2811/4/3 2810/4/3
f 2815/4/3 2811/4/3 2814/4/3
f 2816/4/3 2811/4/3 2815/4/3
f 2817/4/3 2813/4/3 2812/4/3
f 2818/4/3 2813/4/3 2817/4/3
f 2820/4/3 2815/4/3 2814/4/3
f 2821/4/3 2820/4/3 2819/4/3
f 2821/4/3 2815/4/3 2820/4/3
f 2822/4/3 2815/4/3 2821/4/3
f 2824/4/3 2821/4/3 2819/4/3
f 2826/4/3 2824/4/3 2823/4/3
f 2827/4/3 2821/4/3 2824/4/3
f 2827/4/3 2824/4/3 2826/4/3
f 2828/4/3 2821/4/3 2827/4/3
f 2830/4/3 2826/4/3 2825/4/3
f 2830/4/3 2827/4/3 2826/4/3
f 2831/4/3 2827/4/3 2830/4/3
f 2832/4/3 2827/4/3 2831/4/3
f 2833/4/3 2830/4/3 2829/4/3
f 2833/4/3 2831/4/3 2830/4/3
f 2834/4/3 2831/4/3 2833/4/3
f 2837/4/3 2836/4/3 2835/4/3
f 2838/4/3 2836/4/3 2837/4/3
f 2841/4/3 2840/4/3 2839/4/3
f 2842/4/3 2840/4/3 2841/4/3
f 2845/4/3 2844/4/3 2843/4/3
f 2846/4/3 2844/4/3 2845/4/3
f 2850/4/3 2848/4/3 2847/4/3
f 2851/4/3 2848/4/3 2850/4/3
f 2852/4/3 2848/4/3 2851/4/3
f 2854/4/3 2850/4/3 2849/4/3
f 2854/4/3 2851/4/3 2850/4/3
f 2855/4/3 2851/4/3 2854/4/3
f 2857/4/3 2854/4/3 2853/4/3
f 2858/4/3 2854/4/3 2857/4/3
f 2860/4/3 2851/4/3 2855/4/3
f 2861/4/3 2851/4/3 2860/4/3
f 2862/4/3 2857/4/3 2856/4/3
f 2863/4/3 2857/4/3 2862/4/3
f 2865/4/3 2860/4/3 2859/4/3
f 2866/4/3 2860/4/3 2865/4/3
f 2866/4/3 2865/4/3 2864/4/3
f 2867/4/3 2860/4/3 2866/4/3
f 2869/4/3 2866/4/3 2864/4/3
f 2870/4/3 2866/4/3 2869/4/3
f 2872/4/3 2869/4/3 2868/4/3
f 2873/4/3 2869/4/3 2872/4/3
f 2875/4/3 2872/4/3 2871/4/3
f 2876/4/3 2872/4/3 2875/4/3
f 2877/4/3 2872/4/3 2876/4/3
f 2878/4/3 2875/4/3 2874/4/3
f 2878/4/3 2876/4/3 2875/4/3
f 2879/4/3 2876/4/3 2878/4/3
f 2884/4/3 2881/4/3 2880/4/3
f 2885/4/3 2881/4/3 2884/4/3
f 2886/1/3 2883/1/3 2882/1/3
f 2887/1/3 2883/1/3 2886/1/3
f 2888/1/3 2886/1/3 2882/1/3
f 2890/1/3 2888/1/3 2882/1/3
f 2890/1/3 2889/1/3 2888/1/3
f 2891/1/3 2889/1/3 2890/1/3
f 2893/4/3 2891/4/3 2890/4/3
f 2894/4/3 2891/4/3 2893/4/3
f 2895/4/3 2891/4/3 2894/4/3
f 2897/4/3 2893/4/3 2892/4/3
f 2897/4/3 2894/4/3 2893/4/3
f 2899/4/3 2897/4/3 2896/4/3
f 2900/4/3 2894/4/3 2897/4/3
f 2900/4/3 2897/4/3 2899/4/3
f 2901/4/3 2894/4/3 2900/4/3
f 2904/4/3 2899/4/3 2898/4/3
f 2904/4/3 2900/4/3 2899/4/3
f 2905/4/3 2900/4/3 2904/4/3
f 2908/4/3 2903/4/3 2902/4/3
f 2909/4/3 2903/4/3 2908/4/3
f 2910/4/3 2900/4/3 2905/4/3
f 2911/4/3 2900/4/3 2910/4/3
f 2912/4/3 2900/4/3 2911/4/3
f 2914/4/3 2907/4/3 2906/4/3
f 2915/4/3 2907/4/3 2914/4/3
f 2916/4/3 2900/4/3 2912/4/3
f 2917/4/3 2900/4/3 2916/4/3
f 2919/4/3 2918/4/3 2917/4/3
f 2920/4/3 2918/4/3 2919/4/3
f 2921/4/3 2914/4/3 2913/4/3
f 2922/4/3 2914/4/3 2921/4/3
f 2930/1/3 2926/1/3 2925/1/3
f 2931/4/3 2928/4/3 2927/4/3
f 2932/4/3 2928/4/3 2931/4/3
f 2934/1/3 2924/1/3 2923/1/3
f 2935/1/3 2930/1/3 2929/1/3
f 2935/1/3 2926/1/3 2930/1/3
f 2936/1/3 2926/1/3 2935/1/3
f 2939/1/3 2935/1/3 2929/1/3
f 2940/1/3 2935/1/3 2939/1/3
f 2941/1/3 2934/1/3 2933/1/3
f 2941/1/3 2924/1/3 2934/1/3
f 2942/1/3 2924/1/3 2941/1/3
f 2944/4/3 2938/4/3 2937/4/3
f 2945/1/3 2941/1/3 2933/1/3
f 2946/1/3 2941/1/3 2945/1/3
f 2948/4/3 2944/4/3 2943/4/3
f 2950/4/3 2948/4/3 2947/4/3
f 2951/4/3 2944/4/3 2948/4/3
f 2951/4/3 2948/4/3 2950/4/3
f 2952/4/3 2938/4/3 2944/4/3
f 2952/4/3 2944/4/3 2951/4/3
f 2953/4/3 2938/4/3 2952/4/3
f 2957/4/3 2951/4/3 2950/4/3
f 2957/4/3 2950/4/3 2949/4/3
f 2958/4/3 2951/4/3 2957/4/3
f 2959/4/3 2951/4/3 2958/4/3
f 2962/4/3 2955/4/3 2954/4/3
f 2964/4/3 2957/4/3 2956/4/3
f 2964/4/3 2958/4/3 2957/4/3
f 2965/4/3 2958/4/3 2964/4/3
f 2966/4/3 2961/4/3 2960/4/3
f 2967/4/3 2961/4/3 2966/4/3
f 2968/4/3 2964/4/3 2956/4/3
f 2969/4/3 2964/4/3 2968/4/3
f 2972/4/3 2963/4/3 2962/4/3
f 2972/4/3 2962/4/3 2954/4/3
f 2973/4/3 2963/4/3 2972/4/3
f 2974/4/3 2963/4/3 2973/4/3
f 2975/4/3 2963/4/3 2974/4/3
f 2977/4/3 2971/4/3 2970/4/3
f 2978/4/3 2971/4/3 2977/4/3
f 2980/4/3 2977/4/3 2976/4/3
f 2981/4/3 2977/4/3 2980/4/3
f 2983/4/3 2980/4/3 2979/4/3
f 2985/4/3 2983/4/3 2982/4/3
f 2986/4/3 2980/4/3 2983/4/3
f 2986/4/3 2983/4/3 2985/4/3
f 2987/4/3 2980/4/3 2986/4/3
f 2989/4/3 2985/4/3 2984/4/3
f 2989/4/3 2986/4/3 2985/4/3
f 2990/4/3 2986/4/3 2989/4/3
f 2991/4/3 2989/4/3 2988/4/3
f 2992/4/3 2989/4/3 2991/4/3
f 2999/4/3 2996/4/3 2995/4/3
f 3000/4/3 2996/4/3 2999/4/3
f 3001/1/3 2998/1/3 2997/1/3
f 3002/1/3 2998/1/3 3001/1/3
f 3003/4/3 2994/4/3 2993/4/3
f 3004/4/3 2994/4/3 3003/4/3
f 3008/1/3 3007/1/3 3006/1/3
f 3010/1/3 2998/1/3 3002/1/3
f 3011/1/3 2998/1/3 3010/1/3
f 3012/1/3 3009/1/3 3008/1/3
f 3012/1/3 3008/1/3 3006/1/3
f 3013/1/3 3009/1/3 3012/1/3
f 3015/4/3 3005/4/3 3004/4/3
f 3016/4/3 3011/4/3 3010/4/3
f 3017/4/3 3011/4/3 3016/4/3
f 3018/1/3 3009/1/3 3013/1/3
f 3019/1/3 3009/1/3 3018/1/3
f 3022/4/3 3015/4/3 3014/4/3
f 3023/4/3 3005/4/3 3015/4/3
f 3023/4/3 3015/4/3 3022/4/3
f 3028/4/3 3019/4/3 3018/4/3
f 3028/4/3 3020/4/3 3019/4/3
f 3029/4/3 3020/4/3 3028/4/3
f 3030/4/3 3020/4/3 3029/4/3
f 3032/4/3 3024/4/3 3023/4/3
f 3032/4/3 3022/4/3 3021/4/3
f 3032/4/3 3023/4/3 3022/4/3
f 3033/4/3 3024/4/3 3032/4/3
f 3036/4/3 3026/4/3 3025/4/3
f 3037/4/3 3026/4/3 3036/4/3
f 3038/4/3 3029/4/3 3028/4/3
f 3038/4/3 3028/4/3 3027/4/3
f 3039/4/3 3029/4/3 3038/4/3
f 3040/4/3 3034/4/3 3033/4/3
f 3040/4/3 3032/4/3 3031/4/3
f 3040/4/3 3033/4/3 3032/4/3
f 3042/4/3 3036/4/3 3035/4/3
f 3043/4/3 3036/4/3 3042/4/3
f 3045/4/3 3038/4/3 3027/4/3
f 3046/4/3 3041/4/3 3040/4/3
f 3047/4/3 3041/4/3 3046/4/3
f 3048/4/3 3040/4/3 3031/4/3
f 3048/4/3 3046/4/3 3040/4/3
f 3049/4/3 3046/4/3 3048/4/3
f 3050/4/3 3046/4/3 3049/4/3
f 3052/4/3 3045/4/3 3044/4/3
f 3053/4/3 3038/4/3 3045/4/3
f 3053/4/3 3045/4/3 3052/4/3
f 3054/4/3 3051/4/3 3050/4/3
f 3054/4/3 3050/4/3 3049/4/3
f 3055/4/3 3051/4/3 3054/4/3
f 3057/4/3 3038/4/3 3053/4/3
f 3058/4/3 3038/4/3 3057/4/3
f 3059/4/3 3048/4/3 3031/4/3
f 3060/4/3 3048/4/3 3059/4/3
f 3061/4/3 3054/4/3 3049/4/3
f 3062/4/3 3054/4/3 3061/4/3
f 3063/4/3 3054/4/3 3062/4/3
f 3064/4/3 3056/4/3 3055/4/3
f 3065/4/3 3056/4/3 3064/4/3
f 3066/4/3 3052/4/3 3044/4/3
f 3067/4/3 3052/4/3 3066/4/3
f 3069/4/3 3061/4/3 3060/4/3
f 3069/4/3 3062/4/3 3061/4/3
f 3070/4/3 3062/4/3 3069/4/3
f 3071/4/3 3066/4/3 3065/4/3
f 3072/4/3 3066/4/3 3071/4/3
f 3073/4/3 3068/4/3 3067/4/3
f 3074/4/3 3068/4/3 3073/4/3
f 3078/4/3 3059/4/3 3031/4/3
f 3079/4/3 3069/4/3 3060/4/3
f 3080/4/3 3075/4/3 3074/4/3
f 3080/4/3 3073/4/3 3072/4/3
f 3080/4/3 3074/4/3 3073/4/3
f 3081/4/3 3075/4/3 3080/4/3
f 3082/1/3 3077/1/3 3076/1/3
f 3084/4/3 3080/4/3 3072/4/3
f 3085/4/3 3080/4/3 3084/4/3
f 3086/1/3 3083/1/3 3082/1/3
f 3086/1/3 3082/1/3 3076/1/3
f 3087/1/3 3083/1/3 3086/1/3
f 3088/1/3 3083/1/3 3087/1/3
f 3090/1/3 3089/1/3 3088/1/3
f 3090/1/3 3088/1/3 3087/1/3
f 3091/1/3 3089/1/3 3090/1/3
f 3092/4/3 3079/4/3 3078/4/3
f 3092/4/3 3069/4/3 3079/4/3
f 3094/4/3 3084/4/3 3072/4/3
f 3095/4/3 3084/4/3 3094/4/3
f 3096/1/3 3089/1/3 3091/1/3
f 3098/4/3 3093/4/3 3092/4/3
f 3100/4/3 3084/4/3 3095/4/3
f 3101/4/3 3084/4/3 3100/4/3
f 3105/4/3 3099/4/3 3098/4/3
f 3107/4/3 3102/4/3 3101/4/3
f 3108/4/3 3102/4/3 3107/4/3
f 3110/1/3 3104/1/3 3103/1/3
f 3111/1/3 3104/1/3 3110/1/3
f 3112/1/3 3097/1/3 3096/1/3
f 3112/1/3 3096/1/3 3091/1/3
f 3113/4/3 3109/4/3 3108/4/3
f 3113/1/3 3108/1/3 3107/1/3
f 3114/1/3 3112/1/3 3111/1/3
f 3114/4/3 3109/4/3 3113/4/3
f 3114/1/3 3111/1/3 3110/1/3
f 3114/1/3 3110/1/3 3109/1/3
f 3115/1/3 3112/1/3 3114/1/3
f 3116/1/3 3112/1/3 3115/1/3
f 3117/1/3 3097/1/3 3112/1/3
f 3117/1/3 3112/1/3 3116/1/3
f 3118/4/3 3092/4/3 3078/4/3
f 3118/4/3 3098/4/3 3092/4/3
f 3118/4/3 3106/4/3 3105/4/3
f 3118/4/3 3105/4/3 3098/4/3
f 3119/4/3 3106/4/3 3118/4/3
f 3120/1/3 3116/1/3 3115/1/3
f 3121/1/3 3116/1/3 3120/1/3
f 3122/1/3 3097/1/3 3117/1/3
f 3123/1/3 3097/1/3 3122/1/3
f 3124/4/3 3118/4/3 3078/4/3
f 3125/4/3 3106/4/3 3119/4/3
f 3127/1/3 3113/1/3 3107/1/3
f 3128/1/3 3127/1/3 3126/1/3
f 3129/1/3 3113/1/3 3127/1/3
f 3129/1/3 3127/1/3 3128/1/3
f 3131/1/3 3122/1/3 3117/1/3
f 3132/4/3 3125/4/3 3124/4/3
f 3132/4/3 3106/4/3 3125/4/3
f 3133/4/3 3106/4/3 3132/4/3
f 3134/1/3 3120/1/3 3115/1/3
f 3135/1/3 3131/1/3 3130/1/3
f 3136/1/3 3122/1/3 3131/1/3
f 3136/1/3 3131/1/3 3135/1/3
f 3137/1/3 3122/1/3 3136/1/3
f 3138/4/3 3106/4/3 3133/4/3
f 3139/4/3 3106/4/3 3138/4/3
f 3141/1/3 3134/1/3 3115/1/3
f 3141/1/3 3135/1/3 3134/1/3
f 3141/1/3 3136/1/3 3135/1/3
f 3142/1/3 3136/1/3 3141/1/3
f 3143/1/3 3136/1/3 3142/1/3
f 3144/4/3 3132/4/3 3124/4/3
f 3145/4/3 3132/4/3 3144/4/3
f 3146/1/3 3128/1/3 3126/1/3
f 3148/1/3 3142/1/3 3141/1/3
f 3148/1/3 3141/1/3 3140/1/3
f 3149/1/3 3142/1/3 3148/1/3
f 3150/1/3 3142/1/3 3149/1/3
f 3151/4/3 3124/4/3 3078/4/3
f 3151/4/3 3144/4/3 3124/4/3
f 3152/4/3 3144/4/3 3151/4/3
f 3153/1/3 3146/1/3 3126/1/3
f 3154/4/3 3147/4/3 3146/4/3
f 3154/1/3 3146/1/3 3153/1/3
f 3155/1/3 3149/1/3 3148/1/3
f 3155/4/3 3147/4/3 3154/4/3
f 3155/1/3 3148/1/3 3147/1/3
f 3156/1/3 3149/1/3 3155/1/3
f 3159/4/3 3078/4/3 3031/4/3
f 3159/4/3 3151/4/3 3078/4/3
f 3160/4/3 3151/4/3 3159/4/3
f 3163/4/3 3155/4/3 3154/4/3
f 3164/4/3 3159/4/3 3031/4/3
f 3165/4/3 3159/4/3 3164/4/3
f 3166/4/3 3162/4/3 3161/4/3
f 3167/4/3 3162/4/3 3166/4/3
f 3172/1/3 3158/1/3 3157/1/3
f 3173/1/3 3158/1/3 3172/1/3
f 3175/4/3 3163/4/3 3154/4/3
f 3176/4/3 3163/4/3 3175/4/3
f 3178/4/3 3171/4/3 3170/4/3
f 3179/4/3 3171/4/3 3178/4/3
f 3180/4/3 3169/4/3 3168/4/3
f 3181/4/3 3177/4/3 3176/4/3
f 3181/4/3 3175/4/3 3174/4/3
f 3181/4/3 3176/4/3 3175/4/3
f 3182/4/3 3177/4/3 3181/4/3
f 3183/4/3 3178/4/3 3170/4/3
f 3184/4/3 3180/4/3 3168/4/3
f 3184/4/3 3183/4/3 3182/4/3
f 3184/4/3 3182/4/3 3181/4/3
f 3184/4/3 3181/4/3 3180/4/3
f 3185/4/3 3183/4/3 3184/4/3
f 3186/4/3 3183/4/3 3185/4/3
f 3187/4/3 3178/4/3 3183/4/3
f 3187/4/3 3183/4/3 3186/4/3
f 3188/4/3 3184/4/3 3168/4/3
f 3189/4/3 3184/4/3 3188/4/3
f 3190/4/3 3186/4/3 3185/4/3
f 3191/4/3 3186/4/3 3190/4/3
f 3192/4/3 3178/4/3 3187/4/3
f 3193/4/3 3178/4/3 3192/4/3
f 3194/4/3 3186/4/3 3191/4/3
f 3195/4/3 3186/4/3 3194/4/3
f 3196/4/3 3186/4/3 3195/4/3
f 3197/4/3 3186/4/3 3196/4/3
f 3198/4/3 3196/4/3 3195/4/3
f 3199/4/3 3196/4/3 3198/4/3
f 3202/4/3 3201/4/3 3200/4/3
f 3203/4/3 3201/4/3 3202/4/3
f 3211/4/3 3205/4/3 3204/4/3
f 3213/4/3 3207/4/3 3206/4/3
f 3214/4/3 3207/4/3 3213/4/3
f 3215/4/3 3209/4/3 3208/4/3
f 3216/4/3 3209/4/3 3215/4/3
f 3218/4/3 3211/4/3 3210/4/3
f 3219/4/3 3205/4/3 3211/4/3
f 3219/4/3 3211/4/3 3218/4/3
f 3220/4/3 3205/4/3 3219/4/3
f 3222/4/3 3213/4/3 3212/4/3
f 3223/4/3 3213/4/3 3222/4/3
f 3224/4/3 3217/4/3 3216/4/3
f 3225/4/3 3217/4/3 3224/4/3
f 3227/4/3 3221/4/3 3220/4/3
f 3227/4/3 3220/4/3 3219/4/3
f 3228/4/3 3221/4/3 3227/4/3
f 3229/4/3 3221/4/3 3228/4/3
f 3234/4/3 3227/4/3 3226/4/3
f 3234/4/3 3228/4/3 3227/4/3
f 3235/4/3 3228/4/3 3234/4/3
f 3236/4/3 3231/4/3 3230/4/3
f 3237/4/3 3231/4/3 3236/4/3
f 3240/4/3 3233/4/3 3232/4/3
f 3241/4/3 3233/4/3 3240/4/3
f 3242/4/3 3234/4/3 3226/4/3
f 3243/4/3 3234/4/3 3242/4/3
f 3244/4/3 3238/4/3 3237/4/3
f 3245/4/3 3238/4/3 3244/4/3
f 3248/4/3 3240/4/3 3239/4/3
f 3249/4/3 3240/4/3 3248/4/3
f 3250/4/3 3246/4/3 3245/4/3
f 3251/4/3 3246/4/3 3250/4/3
f 3252/4/3 3248/4/3 3247/4/3
f 3253/4/3 3248/4/3 3252/4/3
f 3258/4/3 3255/4/3 3254/4/3
f 3261/4/3 3257/4/3 3256/4/3
f 3262/4/3 3257/4/3 3261/4/3
f 3264/4/3 3259/4/3 3258/4/3
f 3264/4/3 3258/4/3 3254/4/3
f 3265/4/3 3259/4/3 3264/4/3
f 3269/4/3 3263/4/3 3262/4/3
f 3269/4/3 3262/4/3 3261/4/3
f 3269/4/3 3261/4/3 3260/4/3
f 3270/4/3 3263/4/3 3269/4/3
f 3271/4/3 3263/4/3 3270/4/3
f 3272/4/3 3263/4/3 3271/4/3
f 3274/1/3 3267/1/3 3266/1/3
f 3275/1/3 3274/1/3 3266/1/3
f 3276/1/3 3274/1/3 3275/1/3
f 3284/1/3 3280/1/3 3279/1/3
f 3285/1/3 3280/1/3 3284/1/3
f 3287/1/3 3282/1/3 3281/1/3
f 3289/4/3 3269/4/3 3268/4/3
f 3289/4/3 3270/4/3 3269/4/3
f 3290/4/3 3270/4/3 3289/4/3
f 3291/4/3 3270/4/3 3290/4/3
f 3292/4/3 3273/4/3 3272/4/3
f 3292/4/3 3272/4/3 3271/4/3
f 3293/4/3 3273/4/3 3292/4/3
f 3296/1/3 3286/1/3 3285/1/3
f 3296/1/3 3284/1/3 3283/1/3
f 3296/1/3 3285/1/3 3284/1/3
f 3297/1/3 3288/1/3 3287/1/3
f 3297/1/3 3287/1/3 3281/1/3
f 3298/1/3 3288/1/3 3297/1/3
f 3300/4/3 3291/4/3 3290/4/3
f 3300/4/3 3294/4/3 3293/4/3
f 3300/4/3 3293/4/3 3292/4/3
f 3300/4/3 3292/4/3 3291/4/3
f 3301/4/3 3294/4/3 3300/4/3
f 3302/4/3 3294/4/3 3301/4/3
f 3303/4/3 3278/4/3 3277/4/3
f 3304/4/3 3278/4/3 3303/4/3
f 3305/1/3 3296/1/3 3295/1/3
f 3306/1/3 3296/1/3 3305/1/3
f 3307/1/3 3286/1/3 3296/1/3
f 3307/1/3 3296/1/3 3306/1/3
f 3308/1/3 3299/1/3 3298/1/3
f 3309/1/3 3299/1/3 3308/1/3
f 3310/4/3 3302/4/3 3301/4/3
f 3310/4/3 3303/4/3 3302/4/3
f 3311/4/3 3303/4/3 3310/4/3
f 3312/4/3 3303/4/3 3311/4/3
f 3313/4/3 3303/4/3 3312/4/3
f 3314/4/3 3303/4/3 3313/4/3
f 3315/1/3 3306/1/3 3305/1/3
f 3315/1/3 3305/1/3 3304/1/3
f 3316/1/3 3306/1/3 3315/1/3
f 3317/1/3 3306/1/3 3316/1/3
f 3318/1/3 3286/1/3 3307/1/3
f 3319/1/3 3286/1/3 3318/1/3
f 3321/4/3 3314/4/3 3313/4/3
f 3323/1/3 3308/1/3 3298/1/3
f 3324/1/3 3321/1/3 3320/1/3
f 3325/4/3 3314/4/3 3321/4/3
f 3325/1/3 3321/1/3 3324/1/3
f 3326/4/3 3314/4/3 3325/4/3
f 3327/1/3 3323/1/3 3322/1/3
f 3327/1/3 3308/1/3 3323/1/3
f 3328/1/3 3308/1/3 3327/1/3
f 3331/1/3 3327/1/3 3322/1/3
f 3332/1/3 3327/1/3 3331/1/3
f 3333/4/3 3312/4/3 3311/4/3
f 3334/4/3 3312/4/3 3333/4/3
f 3335/4/3 3330/4/3 3329/4/3
f 3336/4/3 3330/4/3 3335/4/3
f 3341/4/3 3338/4/3 3337/4/3
f 3342/4/3 3338/4/3 3341/4/3
f 3343/1/3 3336/1/3 3335/1/3
f 3344/1/3 3336/1/3 3343/1/3
f 3345/1/3 3340/1/3 3339/1/3
f 3346/1/3 3340/1/3 3345/1/3
f 3347/1/3 3340/1/3 3346/1/3
f 3351/1/3 3348/1/3 3347/1/3
f 3351/1/3 3347/1/3 3346/1/3
f 3352/1/3 3348/1/3 3351/1/3
f 3353/1/3 3350/1/3 3349/1/3
f 3354/1/3 3350/1/3 3353/1/3
f 3360/4/3 3358/4/3 3357/4/3
f 3361/1/3 3351/1/3 3346/1/3
f 3362/1/3 3348/1/3 3352/1/3
f 3363/4/3 3356/4/3 3355/4/3
f 3364/4/3 3360/4/3 3359/4/3
f 3365/4/3 3358/4/3 3360/4/3
f 3365/4/3 3360/4/3 3364/4/3
f 3366/1/3 3361/1/3 3346/1/3
f 3366/1/3 3362/1/3 3361/1/3
f 3367/1/3 3348/1/3 3362/1/3
f 3367/1/3 3362/1/3 3366/1/3
f 3368/4/3 3363/4/3 3355/4/3
f 3368/4/3 3364/4/3 3363/4/3
f 3369/4/3 3364/4/3 3368/4/3
f 3376/4/3 3371/4/3 3370/4/3
f 3377/4/3 3371/4/3 3376/4/3
f 3380/4/3 3373/4/3 3372/4/3
f 3383/4/3 3375/4/3 3374/4/3
f 3384/4/3 3375/4/3 3383/4/3
f 3385/4/3 3379/4/3 3378/4/3
f 3386/4/3 3379/4/3 3385/4/3
f 3389/4/3 3380/4/3 3372/4/3
f 3389/4/3 3381/4/3 3380/4/3
f 3390/4/3 3381/4/3 3389/4/3
f 3391/4/3 3381/4/3 3390/4/3
f 3392/4/3 3383/4/3 3382/4/3
f 3393/4/3 3383/4/3 3392/4/3
f 3394/4/3 3387/4/3 3386/4/3
f 3395/4/3 3387/4/3 3394/4/3
f 3396/4/3 3390/4/3 3389/4/3
f 3396/4/3 3389/4/3 3388/4/3
f 3397/4/3 3390/4/3 3396/4/3
f 3401/4/3 3396/4/3 3388/4/3
f 3402/4/3 3396/4/3 3401/4/3
f 3404/4/3 3399/4/3 3398/4/3
f 3405/4/3 3401/4/3 3400/4/3
f 3406/4/3 3401/4/3 3405/4/3
f 3407/4/3 3404/4/3 3403/4/3
f 3408/4/3 3399/4/3 3404/4/3
f 3408/4/3 3404/4/3 3407/4/3
f 3415/4/3 3410/4/3 3409/4/3
f 3416/4/3 3410/4/3 3415/4/3
f 3418/4/3 3412/4/3 3411/4/3
f 3419/4/3 3412/4/3 3418/4/3
f 3420/4/3 3414/4/3 3413/4/3
f 3421/4/3 3414/4/3 3420/4/3
f 3426/4/3 3418/4/3 3417/4/3
f 3427/4/3 3418/4/3 3426/4/3
f 3428/4/3 3422/4/3 3421/4/3
f 3429/4/3 3422/4/3 3428/4/3
f 3431/4/3 3430/4/3 3429/4/3
f 3432/4/3 3424/4/3 3423/4/3
f 3433/4/3 3424/4/3 3432/4/3
f 3434/4/3 3426/4/3 3425/4/3
f 3435/4/3 3426/4/3 3434/4/3
f 3438/4/3 3431/4/3 3429/4/3
f 3439/4/3 3431/4/3 3438/4/3
f 3440/4/3 3436/4/3 3435/4/3
f 3441/4/3 3436/4/3 3440/4/3
f 3444/4/3 3438/4/3 3437/4/3
f 3445/4/3 3438/4/3 3444/4/3
f 3446/4/3 3442/4/3 3441/4/3
f 3447/4/3 3442/4/3 3446/4/3
f 3448/4/3 3444/4/3 3443/4/3
f 3449/4/3 3444/4/3 3448/4/3
f 3452/4/3 3448/4/3 3447/4/3
f 3453/4/3 3448/4/3 3452/4/3
f 3454/4/3 3451/4/3 3450/4/3
f 3455/4/3 3451/4/3 3454/4/3
f 3465/1/3 3459/1/3 3458/1/3
f 3466/1/3 3459/1/3 3465/1/3
f 3467/4/3 3461/4/3 3460/4/3
f 3467/4/3 3462/4/3 3461/4/3
f 3468/4/3 3462/4/3 3467/4/3
f 3470/1/3 3464/1/3 3463/1/3
f 3471/1/3 3459/1/3 3466/1/3
f 3472/1/3 3459/1/3 3471/1/3
f 3474/1/3 3470/1/3 3469/1/3
f 3475/1/3 3464/1/3 3470/1/3
f 3475/1/3 3470/1/3 3474/1/3
f 3476/1/3 3464/1/3 3475/1/3
f 3477/4/3 3457/4/3 3456/4/3
f 3478/4/3 3457/4/3 3477/4/3
f 3479/4/3 3467/4/3 3460/4/3
f 3480/1/3 3474/1/3 3473/1/3
f 3480/1/3 3475/1/3 3474/1/3
f 3481/1/3 3475/1/3 3480/1/3
f 3482/4/3 3479/4/3 3460/4/3
f 3483/4/3 3479/4/3 3482/4/3
f 3488/4/3 3487/4/3 3486/4/3
f 3489/4/3 3487/4/3 3488/4/3
f 3490/1/3 3485/1/3 3484/1/3
f 3491/1/3 3485/1/3 3490/1/3
f 3492/4/3 3488/4/3 3486/4/3
f 3493/4/3 3488/4/3 3492/4/3
f 3494/4/3 3492/4/3 3486/4/3
f 3495/4/3 3492/4/3 3494/4/3
f 3497/4/3 3494/4/3 3486/4/3
f 3498/4/3 3494/4/3 3497/4/3
f 3499/4/3 3497/4/3 3496/4/3
f 3499/4/3 3498/4/3 3497/4/3
f 3500/4/3 3498/4/3 3499/4/3
f 3504/4/3 3499/4/3 3496/4/3
f 3505/1/3 3502/1/3 3501/1/3
f 3506/1/3 3502/1/3 3505/1/3
f 3513/4/3 3504/4/3 3503/4/3
f 3514/4/3 3499/4/3 3504/4/3
f 3514/4/3 3504/4/3 3513/4/3
f 3515/4/3 3512/4/3 3511/4/3
f 3516/4/3 3512/4/3 3515/4/3
f 3521/4/3 3515/4/3 3514/4/3
f 3522/4/3 3515/4/3 3521/4/3
f 3523/1/3 3518/1/3 3517/1/3
f 3524/1/3 3518/1/3 3523/1/3
f 3525/1/3 3508/1/3 3507/1/3
f 3526/1/3 3508/1/3 3525/1/3
f 3527/1/3 3510/1/3 3509/1/3
f 3528/1/3 3510/1/3 3527/1/3
f 3529/4/3 3520/4/3 3519/4/3
f 3530/4/3 3520/4/3 3529/4/3
f 3535/4/3 3532/4/3 3531/4/3
f 3536/4/3 3532/4/3 3535/4/3
f 3537/1/3 3534/1/3 3533/1/3
f 3538/1/3 3534/1/3 3537/1/3
f 3544/4/3 3540/4/3 3539/4/3
f 3545/4/3 3540/4/3 3544/4/3
f 3546/4/3 3542/4/3 3541/4/3
f 3547/4/3 3542/4/3 3546/4/3
f 3550/1/3 3536/1/3 3535/1/3
f 3551/1/3 3536/1/3 3550/1/3
f 3553/4/3 3544/4/3 3543/4/3
f 3554/4/3 3544/4/3 3553/4/3
f 3555/4/3 3548/4/3 3547/4/3
f 3556/4/3 3548/4/3 3555/4/3
f 3559/1/3 3550/1/3 3549/1/3
f 3560/1/3 3550/1/3 3559/1/3
f 3561/4/3 3553/4/3 3552/4/3
f 3562/4/3 3553/4/3 3561/4/3
f 3563/4/3 3557/4/3 3556/4/3
f 3564/4/3 3557/4/3 3563/4/3
f 3566/4/3 3559/4/3 3558/4/3
f 3567/4/3 3559/4/3 3566/4/3
f 3569/4/3 3566/4/3 3565/4/3
f 3570/4/3 3566/4/3 3569/4/3
f 3571/4/3 3569/4/3 3568/4/3
f 3572/4/3 3569/4/3 3571/4/3
f 3576/4/3 3574/4/3 3573/4/3
f 3577/4/3 3574/4/3 3576/4/3
f 3580/4/3 3576/4/3 3575/4/3
f 3580/4/3 3578/4/3 3577/4/3
f 3580/4/3 3577/4/3 3576/4/3
f 3581/4/3 3578/4/3 3580/4/3
f 3582/4/3 3578/4/3 3581/4/3
f 3583/4/3 3578/4/3 3582/4/3
f 3585/4/3 3580/4/3 3579/4/3
f 3585/4/3 3581/4/3 3580/4/3
f 3586/4/3 3581/4/3 3585/4/3
f 3587/4/3 3581/4/3 3586/4/3
f 3588/4/3 3584/4/3 3583/4/3
f 3588/4/3 3583/4/3 3582/4/3
f 3589/4/3 3584/4/3 3588/4/3
f 3590/4/3 3584/4/3 3589/4/3
f 3591/4/3 3587/4/3 3586/4/3
f 3591/4/3 3589/4/3 3588/4/3
f 3591/4/3 3588/4/3 3587/4/3
f 3592/4/3 3589/4/3 3591/4/3
f 3593/4/3 3589/4/3 3592/4/3
f 3594/4/3 3589/4/3 3593/4/3
f 3597/4/3 3593/4/3 3592/4/3
f 3598/4/3 3593/4/3 3597/4/3
f 3599/4/3 3596/4/3 3595/4/3
f 3600/4/3 3596/4/3 3599/4/3
f 3603/4/3 3599/4/3 3595/4/3
f 3604/4/3 3599/4/3 3603/4/3
f 3607/1/3 3602/1/3 3601/1/3
f 3608/1/3 3602/1/3 3607/1/3
f 3609/1/3 3607/1/3 3601/1/3
f 3612/4/3 3606/4/3 3605/4/3
f 3613/4/3 3606/4/3 3612/4/3
f 3614/1/3 3611/1/3 3610/1/3
f 3615/1/3 3611/1/3 3614/1/3
f 3618/1/3 3609/1/3 3601/1/3
f 3619/1/3 3609/1/3 3618/1/3
f 3620/4/3 3617/4/3 3616/4/3
f 3620/4/3 3618/4/3 3617/4/3
f 3621/4/3 3618/4/3 3620/4/3
f 3622/4/3 3620/4/3 3616/4/3
f 3623/4/3 3620/4/3 3622/4/3
f 3627/1/3 3625/1/3 3624/1/3
f 3628/1/3 3625/1/3 3627/1/3
f 3630/1/3 3627/1/3 3626/1/3
f 3633/4/3 3632/4/3 3631/4/3
f 3635/1/3 3630/1/3 3629/1/3
f 3636/1/3 3627/1/3 3630/1/3
f 3636/1/3 3630/1/3 3635/1/3
f 3637/4/3 3634/4/3 3633/4/3
f 3638/1/3 3627/1/3 3636/1/3
f 3639/1/3 3627/1/3 3638/1/3
f 3640/4/3 3637/4/3 3633/4/3
f 3640/4/3 3633/4/3 3631/4/3
f 3641/4/3 3637/4/3 3640/4/3
f 3643/4/3 3640/4/3 3631/4/3
f 3644/4/3 3640/4/3 3643/4/3
f 3647/4/3 3643/4/3 3642/4/3
f 3648/4/3 3643/4/3 3647/4/3
f 3650/1/3 3646/1/3 3645/1/3
f 3651/1/3 3646/1/3 3650/1/3
f 3653/1/3 3652/1/3 3651/1/3
f 3653/1/3 3651/1/3 3650/1/3
f 3653/1/3 3650/1/3 3649/1/3
f 3654/1/3 3652/1/3 3653/1/3
f 3655/1/3 3653/1/3 3649/1/3
f 3658/1/3 3653/1/3 3655/1/3
f 3659/1/3 3653/1/3 3658/1/3
f 3661/4/3 3657/4/3 3656/4/3
f 3662/4/3 3657/4/3 3661/4/3
f 3667/4/3 3661/4/3 3660/4/3
f 3668/4/3 3661/4/3 3667/4/3
f 3669/4/3 3663/4/3 3662/4/3
f 3670/4/3 3663/4/3 3669/4/3
f 3673/1/3 3665/1/3 3664/1/3
f 3674/1/3 3665/1/3 3673/1/3
f 3676/4/3 3667/4/3 3666/4/3
f 3677/4/3 3667/4/3 3676/4/3
f 3678/4/3 3671/4/3 3670/4/3
f 3679/4/3 3671/4/3 3678/4/3
f 3682/4/3 3673/4/3 3672/4/3
f 3683/4/3 3673/4/3 3682/4/3
f 3685/4/3 3682/4/3 3681/4/3
f 3686/4/3 3682/4/3 3685/4/3
f 3687/4/3 3676/4/3 3675/4/3
f 3688/4/3 3676/4/3 3687/4/3
f 3689/4/3 3680/4/3 3679/4/3
f 3690/4/3 3680/4/3 3689/4/3
f 3691/4/3 3685/4/3 3684/4/3
f 3692/4/3 3685/4/3 3691/4/3
f 3695/4/3 3694/4/3 3693/4/3
f 3696/4/3 3694/4/3 3695/4/3
f 3699/4/3 3698/4/3 3697/4/3
f 3700/4/3 3698/4/3 3699/4/3
f 3705/4/3 3702/4/3 3701/4/3
f 3705/1/3 3704/1/3 3703/1/3
f 3705/4/3 3703/4/3 3702/4/3
f 3706/1/3 3704/1/3 3705/1/3
f 3708/4/3 3705/4/3 3701/4/3
f 3709/4/3 3705/4/3 3708/4/3
f 3709/4/3 3708/4/3 3707/4/3
f 3710/4/3 3705/4/3 3709/4/3
f 3711/4/3 3705/4/3 3710/4/3
f 3714/1/3 3713/1/3 3712/1/3
f 3715/1/3 3713/1/3 3714/1/3
f 3716/4/3 3709/4/3 3707/4/3
f 3717/4/3 3709/4/3 3716/4/3
f 3718/1/3 3711/1/3 3710/1/3
f 3719/1/3 3711/1/3 3718/1/3
f 3722/4/3 3719/4/3 3718/4/3
f 3722/4/3 3718/4/3 3717/4/3
f 3723/4/3 3719/4/3 3722/4/3
f 3724/1/3 3721/1/3 3720/1/3
f 3725/1/3 3721/1/3 3724/1/3
f 3729/1/3 3727/1/3 3726/1/3
f 3730/1/3 3727/1/3 3729/1/3
f 3731/1/3 3729/1/3 3728/1/3
f 3732/1/3 3729/1/3 3731/1/3
f 3737/1/3 3736/1/3 3735/1/3
f 3738/1/3 3736/1/3 3737/1/3
f 3739/1/3 3734/1/3 3733/1/3
f 3740/1/3 3734/1/3 3739/1/3
f 3743/1/3 3742/1/3 3741/1/3
f 3744/1/3 3742/1/3 3743/1/3
f 3748/4/3 3746/4/3 3745/4/3
f 3749/4/3 3746/4/3 3748/4/3
f 3754/4/3 3748/4/3 3747/4/3
f 3754/4/3 3749/4/3 3748/4/3
f 3754/4/3 3750/4/3 3749/4/3
f 3755/4/3 3750/4/3 3754/4/3
f 3756/4/3 3750/4/3 3755/4/3
f 3757/4/3 3750/4/3 3756/4/3
f 3760/1/3 3752/1/3 3751/1/3
f 3761/1/3 3752/1/3 3760/1/3
f 3763/4/3 3760/4/3 3759/4/3
f 3764/4/3 3760/4/3 3763/4/3
f 3765/4/3 3754/4/3 3753/4/3
f 3765/4/3 3755/4/3 3754/4/3
f 3766/4/3 3755/4/3 3765/4/3
f 3767/4/3 3758/4/3 3757/4/3
f 3767/4/3 3757/4/3 3756/4/3
f 3768/4/3 3758/4/3 3767/4/3
f 3769/4/3 3763/4/3 3762/4/3
f 3770/4/3 3763/4/3 3769/4/3
f 3773/1/3 3772/1/3 3771/1/3
f 3774/1/3 3772/1/3 3773/1/3
f 3775/1/3 3772/1/3 3774/1/3
f 3778/4/3 3777/4/3 3776/4/3
f 3779/4/3 3777/4/3 3778/4/3
f 3783/1/3 3781/1/3 3780/1/3
f 3786/1/3 3781/1/3 3783/1/3
f 3786/1/3 3783/1/3 3782/1/3
f 3787/1/3 3781/1/3 3786/1/3
f 3790/1/3 3785/1/3 3784/1/3
f 3791/1/3 3785/1/3 3790/1/3
f 3792/4/3 3789/4/3 3788/4/3
f 3795/4/3 3792/4/3 3788/4/3
f 3796/4/3 3792/4/3 3795/4/3
f 3797/4/3 3794/4/3 3793/4/3
f 3798/4/3 3794/4/3 3797/4/3
f 3800/1/3 3786/1/3 3782/1/3
f 3803/1/3 3800/1/3 3799/1/3
f 3804/1/3 3786/1/3 3800/1/3
f 3804/1/3 3800/1/3 3803/1/3
f 3805/4/3 3802/4/3 3801/4/3
f 3806/4/3 3802/4/3 3805/4/3
f 3809/1/3 3808/1/3 3807/1/3
f 3810/1/3 3808/1/3 3809/1/3
f 3813/4/3 3812/4/3 3811/4/3
f 3814/4/3 3812/4/3 3813/4/3
f 3817/4/3 3816/4/3 3815/4/3
f 3818/4/3 3816/4/3 3817/4/3
f 3821/4/3 3820/4/3 3819/4/3
f 3822/4/3 3820/4/3 3821/4/3
f 3825/1/3 3824/1/3 3823/1/3
f 3826/1/3 3824/1/3 3825/1/3
f 3833/1/3 3830/1/3 3829/1/3
f 3834/1/3 3830/1/3 3833/1/3
f 3836/1/3 3828/1/3 3827/1/3
f 3839/4/3 3832/4/3 3831/4/3
f 3840/4/3 3832/4/3 3839/4/3
f 3842/1/3 3836/1/3 3835/1/3
f 3842/1/3 3828/1/3 3836/1/3
f 3843/1/3 3828/1/3 3842/1/3
f 3844/4/3 3841/4/3 3840/4/3
f 3844/4/3 3840/4/3 3839/4/3
f 3845/4/3 3841/4/3 3844/4/3
f 3846/1/3 3842/1/3 3835/1/3
f 3847/1/3 3842/1/3 3846/1/3
f 3848/4/3 3838/4/3 3837/4/3
f 3849/4/3 3844/4/3 3839/4/3
f 3850/4/3 3844/4/3 3849/4/3
f 3851/4/3 3848/4/3 3837/4/3
f 3851/4/3 3849/4/3 3848/4/3
f 3851/4/3 3850/4/3 3849/4/3
f 3852/4/3 3850/4/3 3851/4/3
f 3853/4/3 3850/4/3 3852/4/3
f 3856/1/3 3855/1/3 3854/1/3
f 3857/1/3 3855/1/3 3856/1/3
f 3866/1/3 3861/1/3 3860/1/3
f 3866/1/3 3862/1/3 3861/1/3
f 3867/1/3 3862/1/3 3866/1/3
f 3869/4/3 3865/4/3 3864/4/3
f 3869/4/3 3864/4/3 3863/4/3
f 3870/4/3 3865/4/3 3869/4/3
f 3871/4/3 3865/4/3 3870/4/3
f 3872/1/3 3866/1/3 3860/1/3
f 3873/1/3 3866/1/3 3872/1/3
f 3874/1/3 3859/1/3 3858/1/3
f 3875/1/3 3859/1/3 3874/1/3
f 3876/4/3 3871/4/3 3870/4/3
f 3877/1/3 3872/1/3 3871/1/3
f 3877/4/3 3871/4/3 3876/4/3
f 3878/1/3 3872/1/3 3877/1/3
f 3879/4/3 3869/4/3 3868/4/3
f 3880/4/3 3869/4/3 3879/4/3
f 3883/1/3 3882/1/3 3881/1/3
f 3884/1/3 3882/1/3 3883/1/3
f 3889/1/3 3887/1/3 3886/1/3
f 3889/1/3 3888/1/3 3887/1/3
f 3891/1/3 3889/1/3 3886/1/3
f 3891/1/3 3890/1/3 3889/1/3
f 3892/1/3 3890/1/3 3891/1/3
f 3893/4/3 3886/4/3 3885/4/3
f 3894/1/3 3891/1/3 3886/1/3
f 3894/4/3 3886/4/3 3893/4/3
f 3895/1/3 3891/1/3 3894/1/3
f 3896/4/3 3895/4/3 3894/4/3
f 3897/4/3 3895/4/3 3896/4/3
f 3900/1/3 3899/1/3 3898/1/3
f 3902/1/3 3900/1/3 3898/1/3
f 3902/1/3 3901/1/3 3900/1/3
f 3903/1/3 3901/1/3 3902/1/3
f 3906/4/3 3905/4/3 3904/4/3
f 3907/4/3 3905/4/3 3906/4/3
f 3910/4/3 3909/4/3 3908/4/3
f 3911/4/3 3909/4/3 3910/4/3
f 3914/1/3 3913/1/3 3912/1/3
f 3915/1/3 3913/1/3 3914/1/3
f 3918/4/3 3917/4/3 3916/4/3
f 3919/4/3 3917/4/3 3918/4/3
f 3922/4/3 3921/4/3 3920/4/3
f 3923/4/3 3921/4/3 3922/4/3
f 3927/4/3 3925/4/3 3924/4/3
f 3928/4/3 3927/4/3 3926/4/3
f 3929/4/3 3925/4/3 3927/4/3
f 3929/4/3 3927/4/3 3928/4/3
f 3932/4/3 3931/4/3 3930/4/3
f 3933/4/3 3931/4/3 3932/4/3
f 3936/4/3 3935/4/3 3934/4/3
f 3937/4/3 3935/4/3 3936/4/3
f 3940/4/3 3939/4/3 3938/4/3
f 3941/4/3 3939/4/3 3940/4/3
f 3944/4/3 3943/4/3 3942/4/3
f 3945/4/3 3943/4/3 3944/4/3
f 3948/4/3 3947/4/3 3946/4/3
f 3949/4/3 3947/4/3 3948/4/3
f 3952/4/3 3951/4/3 3950/4/3
f 3953/4/3 3951/4/3 3952/4/3
f 3955/4/3 3954/4/3 3953/4/3
f 3956/4/3 3954/4/3 3955/4/3
f 3959/3/3 3958/3/3 3957/3/3
f 3960/3/3 3958/3/3 3959/3/3
f 3963/3/3 3962/3/3 3961/3/3
f 3964/3/3 3962/3/3 3963/3/3
f 3965/4/4 3966/4/4 3967/4/4
f 3967/4/4 3966/4/4 3968/4/4
f 3969/1/4 3970/1/4 3971/1/4
f 3971/1/4 3970/1/4 3972/1/4
f 3973/4/4 3974/4/4 3975/4/4
f 3975/4/4 3974/4/4 3976/4/4
f 3975/4/4 3976/4/4 3978/4/4
f 3976/4/4 3977/4/4 3978/4/4
f 3978/4/4 3977/4/4 3979/4/4
f 3980/1/4 3981/1/4 3982/1/4
f 3982/1/4 3981/1/4 3983/1/4
f 3984/4/4 3985/4/4 3986/4/4
f 3986/4/4 3985/4/4 3987/4/4
f 3987/4/4 3988/4/4 3989/4/4
f 3989/4/4 3988/4/4 3990/4/4
f 3991/4/4 3992/4/4 3993/4/4
f 3993/4/4 3992/4/4 3994/4/4
f 3995/1/4 3996/1/4 3997/1/4
f 3997/1/4 3996/1/4 3998/1/4
f 3999/1/4 4000/1/4 4001/1/4
f 4001/1/4 4000/1/4 4002/1/4
f 4003/1/4 4004/1/4 4005/1/4
f 4005/1/4 4004/1/4 4006/1/4
f 4007/1/4 4008/1/4 4009/1/4
f 4009/1/4 4008/1/4 4010/1/4
f 4011/1/4 4012/1/4 4013/1/4
f 4013/1/4 4012/1/4 4014/1/4
f 4015/1/4 4016/1/4 4017/1/4
f 4017/1/4 4016/1/4 4018/1/4
f 4015/1/4 4017/1/4 4019/1/4
f 4019/1/4 4017/1/4 4020/1/4
f 4021/4/4 4022/4/4 4023/4/4
f 4021/4/4 4023/4/4 4025/4/4
f 4023/4/4 4024/4/4 4025/4/4
f 4025/4/4 4024/4/4 4026/4/4
f 4027/1/4 4028/1/4 4029/1/4
f 4029/1/4 4028/1/4 4030/1/4
f 4031/1/4 4032/1/4 4033/1/4
f 4033/1/4 4032/1/4 4034/1/4
f 4035/1/4 4036/1/4 4037/1/4
f 4035/1/4 4037/1/4 4041/1/4
f 4041/1/4 4037/1/4 4042/1/4
f 4038/1/4 4039/1/4 4043/1/4
f 4043/1/4 4039/1/4 4044/1/4
f 4040/1/4 4041/1/4 4047/1/4
f 4047/1/4 4041/1/4 4048/1/4
f 4045/1/4 4046/1/4 4049/1/4
f 4049/1/4 4046/1/4 4050/1/4
f 4051/1/4 4052/1/4 4057/1/4
f 4057/1/4 4052/1/4 4058/1/4
f 4053/1/4 4054/1/4 4059/1/4
f 4059/1/4 4054/1/4 4060/1/4
f 4055/4/4 4056/4/4 4061/4/4
f 4057/1/4 4058/1/4 4062/1/4
f 4061/4/4 4056/4/4 4062/4/4
f 4056/1/4 4057/1/4 4062/1/4
f 4062/1/4 4058/1/4 4063/1/4
f 4061/1/4 4062/1/4 4064/1/4
f 4064/1/4 4062/1/4 4065/1/4
f 4064/4/4 4065/4/4 4067/4/4
f 4065/1/4 4066/1/4 4067/1/4
f 4067/1/4 4066/1/4 4068/1/4
f 4064/4/4 4067/4/4 4069/4/4
f 4069/4/4 4067/4/4 4070/4/4
f 4071/4/4 4072/4/4 4074/4/4
f 4072/1/4 4073/1/4 4074/1/4
f 4074/1/4 4073/1/4 4075/1/4
f 4071/4/4 4074/4/4 4076/4/4
f 4071/4/4 4076/4/4 4078/4/4
f 4076/4/4 4077/4/4 4078/4/4
f 4078/4/4 4077/4/4 4079/4/4
f 4080/1/4 4081/1/4 4082/1/4
f 4080/1/4 4082/1/4 4084/1/4
f 4082/1/4 4083/1/4 4084/1/4
f 4084/1/4 4083/1/4 4085/1/4
f 4085/1/4 4083/1/4 4086/1/4
f 4087/1/4 4088/1/4 4089/1/4
f 4087/1/4 4089/1/4 4091/1/4
f 4089/1/4 4090/1/4 4091/1/4
f 4091/1/4 4090/1/4 4092/1/4
f 4093/1/4 4094/1/4 4096/1/4
f 4096/1/4 4094/1/4 4097/1/4
f 4095/1/4 4096/1/4 4097/1/4
f 4097/1/4 4094/1/4 4098/1/4
f 4098/1/4 4094/1/4 4099/1/4
f 4095/1/4 4097/1/4 4102/1/4
f 4098/1/4 4099/1/4 4103/1/4
f 4099/1/4 4100/1/4 4103/1/4
f 4103/1/4 4100/1/4 4104/1/4
f 4104/1/4 4100/1/4 4105/1/4
f 4101/1/4 4102/1/4 4107/1/4
f 4102/1/4 4097/1/4 4108/1/4
f 4107/1/4 4102/1/4 4108/1/4
f 4108/1/4 4097/1/4 4109/1/4
f 4106/1/4 4107/1/4 4110/1/4
f 4110/1/4 4107/1/4 4111/1/4
f 4112/1/4 4113/1/4 4114/1/4
f 4114/1/4 4113/1/4 4115/1/4
f 4116/1/4 4117/1/4 4118/1/4
f 4118/1/4 4117/1/4 4119/1/4
f 4120/4/4 4121/4/4 4123/4/4
f 4122/4/4 4123/4/4 4124/4/4
f 4123/4/4 4121/4/4 4125/4/4
f 4124/4/4 4123/4/4 4125/4/4
f 4126/4/4 4127/4/4 4128/4/4
f 4128/4/4 4127/4/4 4129/4/4
f 4130/4/4 4131/4/4 4132/4/4
f 4132/4/4 4131/4/4 4133/4/4
f 4135/1/4 4136/1/4 4137/1/4
f 4134/4/4 4135/4/4 4137/4/4
f 4137/1/4 4136/1/4 4138/1/4
f 4134/4/4 4137/4/4 4139/4/4
f 4139/4/4 4137/4/4 4140/4/4
f 4140/4/4 4137/4/4 4141/4/4
f 4141/4/4 4137/4/4 4142/4/4
f 4143/1/4 4144/1/4 4145/1/4
f 4145/1/4 4144/1/4 4146/1/4
f 4146/1/4 4144/1/4 4147/1/4
f 4148/1/4 4149/1/4 4150/1/4
f 4150/1/4 4149/1/4 4151/1/4
f 4152/1/4 4153/1/4 4154/1/4
f 4154/1/4 4153/1/4 4155/1/4
f 4156/1/4 4157/1/4 4160/1/4
f 4160/1/4 4157/1/4 4161/1/4
f 4158/1/4 4159/1/4 4162/1/4
f 4162/1/4 4159/1/4 4163/1/4
f 4164/1/4 4165/1/4 4166/1/4
f 4166/1/4 4165/1/4 4167/1/4
f 4168/1/4 4169/1/4 4171/1/4
f 4171/1/4 4169/1/4 4172/1/4
f 4172/1/4 4169/1/4 4173/1/4
f 4170/1/4 4171/1/4 4174/1/4
f 4171/1/4 4172/1/4 4174/1/4
f 4174/1/4 4172/1/4 4175/1/4
f 4170/1/4 4174/1/4 4176/1/4
f 4176/1/4 4174/1/4 4177/1/4
f 4178/4/4 4179/4/4 4181/4/4
f 4181/4/4 4179/4/4 4182/4/4
f 4180/4/4 4181/4/4 4182/4/4
f 4182/4/4 4179/4/4 4183/4/4
f 4180/4/4 4182/4/4 4184/4/4
f 4184/4/4 4182/4/4 4185/4/4
f 4186/4/4 4187/4/4 4188/4/4
f 4188/4/4 4187/4/4 4189/4/4
f 4189/4/4 4187/4/4 4190/4/4
f 4189/4/4 4190/4/4 4192/4/4
f 4190/4/4 4191/4/4 4192/4/4
f 4192/4/4 4191/4/4 4193/4/4
f 4194/1/4 4195/1/4 4196/1/4
f 4196/1/4 4195/1/4 4197/1/4
f 4197/1/4 4195/1/4 4198/1/4
f 4199/1/4 4200/1/4 4201/1/4
f 4201/1/4 4202/1/4 4203/1/4
f 4199/1/4 4201/1/4 4205/1/4
f 4203/1/4 4204/1/4 4205/1/4
f 4201/1/4 4203/1/4 4205/1/4
f 4205/1/4 4204/1/4 4206/1/4
f 4206/1/4 4204/1/4 4207/1/4
f 4207/1/4 4208/1/4 4209/1/4
f 4206/1/4 4207/1/4 4209/1/4
f 4206/1/4 4209/1/4 4211/1/4
f 4209/1/4 4210/1/4 4211/1/4
f 4211/1/4 4210/1/4 4212/1/4
f 4206/1/4 4211/1/4 4213/1/4
f 4213/1/4 4211/1/4 4214/1/4
f 4215/1/4 4216/1/4 4218/1/4
f 4218/1/4 4216/1/4 4219/1/4
f 4217/1/4 4218/1/4 4219/1/4
f 4219/1/4 4216/1/4 4220/1/4
f 4217/1/4 4219/1/4 4221/1/4
f 4221/1/4 4219/1/4 4222/1/4
f 4220/1/4 4216/1/4 4223/1/4
f 4223/1/4 4216/1/4 4224/1/4
f 4225/4/4 4226/4/4 4227/4/4
f 4227/4/4 4226/4/4 4228/4/4
f 4229/4/4 4230/4/4 4231/4/4
f 4231/4/4 4230/4/4 4232/4/4
f 4232/4/4 4230/4/4 4233/4/4
f 4233/4/4 4230/4/4 4234/4/4
f 4234/4/4 4235/4/4 4236/4/4
f 4236/4/4 4235/4/4 4237/4/4
f 4238/4/4 4239/4/4 4240/4/4
f 4240/4/4 4239/4/4 4241/4/4
f 4242/4/4 4243/4/4 4244/4/4
f 4242/4/4 4244/4/4 4246/4/4
f 4244/4/4 4245/4/4 4246/4/4
f 4246/4/4 4245/4/4 4247/4/4
f 4248/1/4 4249/1/4 4250/1/4
f 4250/1/4 4249/1/4 4251/1/4
f 4250/4/4 4251/4/4 4252/4/4
f 4251/1/4 4249/1/4 4253/1/4
f 4252/4/4 4251/4/4 4253/4/4
f 4253/1/4 4249/1/4 4254/1/4
f 4255/1/4 4256/1/4 4258/1/4
f 4256/1/4 4257/1/4 4258/1/4
f 4258/1/4 4257/1/4 4259/1/4
f 4255/1/4 4258/1/4 4260/1/4
f 4260/1/4 4261/1/4 4264/1/4
f 4255/1/4 4260/1/4 4264/1/4
f 4264/1/4 4261/1/4 4265/1/4
f 4262/1/4 4263/1/4 4266/1/4
f 4266/1/4 4263/1/4 4267/1/4
f 4265/1/4 4261/1/4 4269/1/4
f 4268/1/4 4269/1/4 4270/1/4
f 4269/1/4 4261/1/4 4271/1/4
f 4270/1/4 4269/1/4 4271/1/4
f 4268/1/4 4270/1/4 4273/1/4
f 4273/1/4 4270/1/4 4274/1/4
f 4272/1/4 4273/1/4 4274/1/4
f 4274/1/4 4270/1/4 4275/1/4
f 4272/1/4 4274/1/4 4276/1/4
f 4276/1/4 4274/1/4 4277/1/4
f 4278/4/4 4279/4/4 4282/4/4
f 4282/4/4 4279/4/4 4283/4/4
f 4280/4/4 4281/4/4 4284/4/4
f 4284/4/4 4281/4/4 4285/4/4
f 4278/4/4 4282/4/4 4287/4/4
f 4287/4/4 4282/4/4 4288/4/4
f 4286/4/4 4287/4/4 4289/4/4
f 4289/4/4 4287/4/4 4290/4/4
f 4291/4/4 4292/4/4 4293/4/4
f 4293/4/4 4292/4/4 4294/4/4
f 4295/4/4 4296/4/4 4298/4/4
f 4296/1/4 4297/1/4 4299/1/4
f 4298/4/4 4296/4/4 4299/4/4
f 4299/1/4 4297/1/4 4300/1/4
f 4300/1/4 4301/1/4 4302/1/4
f 4300/1/4 4302/1/4 4305/1/4
f 4302/1/4 4303/1/4 4305/1/4
f 4303/4/4 4304/4/4 4306/4/4
f 4305/1/4 4303/1/4 4306/1/4
f 4306/4/4 4304/4/4 4307/4/4
f 4307/4/4 4304/4/4 4308/4/4
f 4309/1/4 4310/1/4 4311/1/4
f 4311/1/4 4310/1/4 4312/1/4
f 4313/1/4 4314/1/4 4316/1/4
f 4315/1/4 4316/1/4 4317/1/4
f 4316/1/4 4314/1/4 4318/1/4
f 4317/1/4 4316/1/4 4318/1/4
f 4315/1/4 4317/1/4 4319/1/4
f 4319/1/4 4317/1/4 4320/1/4
f 4321/1/4 4322/1/4 4323/1/4
f 4323/1/4 4322/1/4 4324/1/4
f 4324/1/4 4322/1/4 4325/1/4
f 4326/4/4 4327/4/4 4328/4/4
f 4328/4/4 4327/4/4 4329/4/4
f 4330/4/4 4331/4/4 4332/4/4
f 4332/4/4 4331/4/4 4333/4/4
f 4333/4/4 4334/4/4 4335/4/4
f 4335/4/4 4334/4/4 4336/4/4
f 4337/4/4 4338/4/4 4339/4/4
f 4339/4/4 4340/4/4 4341/4/4
f 4337/4/4 4339/4/4 4343/4/4
f 4339/4/4 4341/4/4 4343/4/4
f 4343/4/4 4341/4/4 4344/4/4
f 4341/1/4 4342/1/4 4345/1/4
f 4344/4/4 4341/4/4 4345/4/4
f 4345/1/4 4342/1/4 4346/1/4
f 4346/1/4 4342/1/4 4347/1/4
f 4347/1/4 4342/1/4 4348/1/4
f 4349/1/4 4350/1/4 4351/1/4
f 4351/1/4 4350/1/4 4352/1/4
f 4352/1/4 4350/1/4 4353/1/4
f 4354/1/4 4355/1/4 4356/1/4
f 4356/1/4 4355/1/4 4357/1/4
f 4358/4/4 4359/4/4 4362/4/4
f 4362/4/4 4359/4/4 4363/4/4
f 4360/1/4 4361/1/4 4364/1/4
f 4364/1/4 4361/1/4 4365/1/4
f 4366/1/4 4367/1/4 4368/1/4
f 4368/1/4 4367/1/4 4369/1/4
f 4370/3/4 4371/3/4 4374/3/4
f 4374/3/4 4371/3/4 4375/3/4
f 4372/4/4 4373/4/4 4376/4/4
f 4372/4/4 4376/4/4 4378/4/4
f 4376/4/4 4377/4/4 4378/4/4
f 4378/4/4 4377/4/4 4379/4/4
f 4379/4/4 4380/4/4 4384/4/4
f 4384/4/4 4380/4/4 4385/4/4
f 4381/4/4 4382/4/4 4386/4/4
f 4386/4/4 4382/4/4 4387/4/4
f 4384/4/4 4385/4/4 4390/4/4
f 4383/4/4 4384/4/4 4390/4/4
f 4385/4/4 4386/4/4 4390/4/4
f 4390/4/4 4386/4/4 4391/4/4
f 4383/4/4 4390/4/4 4392/4/4
f 4392/4/4 4390/4/4 4393/4/4
f 4388/4/4 4389/4/4 4394/4/4
f 4387/4/4 4388/4/4 4394/4/4
f 4394/4/4 4389/4/4 4395/4/4
f 4395/4/4 4389/4/4 4396/4/4
f 4396/4/4 4389/4/4 4397/4/4
f 4398/4/4 4399/4/4 4400/4/4
f 4398/4/4 4400/4/4 4403/4/4
f 4400/4/4 4401/4/4 4403/4/4
f 4401/1/4 4402/1/4 4404/1/4
f 4403/4/4 4401/4/4 4404/4/4
f 4404/1/4 4402/1/4 4405/1/4
f 4406/1/4 4407/1/4 4408/1/4
f 4406/1/4 4408/1/4 4410/1/4
f 4408/1/4 4409/1/4 4410/1/4
f 4410/1/4 4409/1/4 4411/1/4
f 4411/1/4 4409/1/4 4412/1/4
f 4412/1/4 4409/1/4 4413/1/4
f 4414/1/4 4415/1/4 4417/1/4
f 4417/1/4 4415/1/4 4418/1/4
f 4416/1/4 4417/1/4 4422/1/4
f 4419/1/4 4420/1/4 4423/1/4
f 4423/1/4 4420/1/4 4424/1/4
f 4421/4/4 4422/4/4 4425/4/4
f 4422/1/4 4417/1/4 4426/1/4
f 4425/4/4 4422/4/4 4426/4/4
f 4426/1/4 4417/1/4 4427/1/4
f 4421/4/4 4425/4/4 4428/4/4
f 4426/1/4 4427/1/4 4429/1/4
f 4429/1/4 4427/1/4 4430/1/4
f 4421/4/4 4428/4/4 4431/4/4
f 4431/4/4 4428/4/4 4432/4/4
f 4435/4/4 4436/4/4 4437/4/4
f 4437/4/4 4436/4/4 4438/4/4
f 4438/4/4 4436/4/4 4439/4/4
f 4438/4/4 4439/4/4 4440/4/4
f 4440/4/4 4439/4/4 4441/4/4
f 4433/1/4 4434/1/4 4442/1/4
f 4442/1/4 4434/1/4 4443/1/4
f 4444/4/4 4445/4/4 4447/4/4
f 4446/4/4 4447/4/4 4448/4/4
f 4447/4/4 4445/4/4 4449/4/4
f 4448/4/4 4447/4/4 4449/4/4
f 4450/3/4 4451/3/4 4455/3/4
f 4455/3/4 4451/3/4 4456/3/4
f 4452/3/4 4453/3/4 4457/3/4
f 4457/3/4 4453/3/4 4458/3/4
f 4453/4/4 4454/4/4 4459/4/4
f 4458/3/4 4453/3/4 4459/3/4
f 4457/3/4 4458/3/4 4460/3/4
f 4458/4/4 4459/4/4 4461/4/4
f 4460/3/4 4458/3/4 4461/3/4
f 4461/4/4 4459/4/4 4462/4/4
f 4459/4/4 4454/4/4 4463/4/4
f 4462/4/4 4459/4/4 4463/4/4
f 4463/4/4 4454/4/4 4464/4/4
f 4463/4/4 4464/4/4 4468/4/4
f 4464/4/4 4465/4/4 4468/4/4
f 4468/4/4 4465/4/4 4469/4/4
f 4469/4/4 4465/4/4 4470/4/4
f 4470/4/4 4465/4/4 4471/4/4
f 4466/4/4 4467/4/4 4473/4/4
f 4473/4/4 4467/4/4 4474/4/4
f 4469/4/4 4470/4/4 4475/4/4
f 4475/4/4 4470/4/4 4476/4/4
f 4472/4/4 4473/4/4 4478/4/4
f 4476/4/4 4470/4/4 4479/4/4
f 4477/4/4 4478/4/4 4480/4/4
f 4478/4/4 4473/4/4 4481/4/4
f 4480/4/4 4478/4/4 4481/4/4
f 4476/4/4 4479/4/4 4483/4/4
f 4479/4/4 4480/4/4 4483/4/4
f 4483/4/4 4480/4/4 4484/4/4
f 4481/4/4 4482/4/4 4485/4/4
f 4481/4/4 4485/4/4 4487/4/4
f 4485/4/4 4486/4/4 4487/4/4
f 4487/4/4 4486/4/4 4488/4/4
f 4488/4/4 4486/4/4 4489/4/4
f 4489/4/4 4490/4/4 4491/4/4
f 4488/4/4 4489/4/4 4491/4/4
f 4491/4/4 4490/4/4 4492/4/4
f 4493/4/4 4494/4/4 4495/4/4
f 4495/4/4 4494/4/4 4496/4/4
f 4496/4/4 4494/4/4 4497/4/4
f 4497/4/4 4494/4/4 4498/4/4
f 4492/4/4 4490/4/4 4499/4/4
f 4499/4/4 4490/4/4 4500/4/4
f 4501/4/4 4502/4/4 4505/4/4
f 4502/1/4 4503/1/4 4506/1/4
f 4505/4/4 4502/4/4 4506/4/4
f 4506/1/4 4503/1/4 4507/1/4
f 4507/1/4 4503/1/4 4508/1/4
f 4508/1/4 4503/1/4 4509/1/4
f 4504/4/4 4505/4/4 4511/4/4
f 4511/4/4 4505/4/4 4512/4/4
f 4509/1/4 4510/1/4 4513/1/4
f 4508/1/4 4509/1/4 4513/1/4
f 4513/1/4 4510/1/4 4514/1/4
f 4514/1/4 4510/1/4 4515/1/4
f 4515/1/4 4516/1/4 4517/1/4
f 4514/1/4 4515/1/4 4517/1/4
f 4517/1/4 4516/1/4 4519/1/4
f 4519/1/4 4516/1/4 4520/1/4
f 4520/1/4 4516/1/4 4521/1/4
f 4518/1/4 4519/1/4 4523/1/4
f 4521/1/4 4522/1/4 4524/1/4
f 4520/1/4 4521/1/4 4524/1/4
f 4518/1/4 4523/1/4 4527/1/4
f 4523/1/4 4524/1/4 4527/1/4
f 4524/1/4 4522/1/4 4528/1/4
f 4527/1/4 4524/1/4 4528/1/4
f 4525/4/4 4526/4/4 4529/4/4
f 4529/4/4 4526/4/4 4530/4/4
f 4518/1/4 4527/1/4 4531/1/4
f 4531/1/4 4527/1/4 4532/1/4
f 4525/4/4 4529/4/4 4535/4/4
f 4533/1/4 4534/1/4 4536/1/4
f 4536/1/4 4534/1/4 4537/1/4
f 4537/1/4 4534/1/4 4538/1/4
f 4525/4/4 4535/4/4 4540/4/4
f 4540/4/4 4535/4/4 4541/4/4
f 4539/4/4 4540/4/4 4546/4/4
f 4540/1/4 4541/1/4 4547/1/4
f 4546/4/4 4540/4/4 4547/4/4
f 4544/4/4 4545/4/4 4548/4/4
f 4547/1/4 4541/1/4 4550/1/4
f 4550/1/4 4541/1/4 4551/1/4
f 4548/4/4 4549/4/4 4553/4/4
f 4544/4/4 4548/4/4 4553/4/4
f 4542/1/4 4543/1/4 4554/1/4
f 4552/4/4 4553/4/4 4556/4/4
f 4554/1/4 4543/1/4 4557/1/4
f 4557/1/4 4543/1/4 4558/1/4
f 4555/4/4 4556/4/4 4559/4/4
f 4553/4/4 4549/4/4 4559/4/4
f 4556/4/4 4553/4/4 4559/4/4
f 4559/4/4 4549/4/4 4560/4/4
f 4555/4/4 4559/4/4 4561/4/4
f 4561/4/4 4559/4/4 4562/4/4
f 4555/4/4 4561/4/4 4563/4/4
f 4563/4/4 4561/4/4 4564/4/4
f 4555/4/4 4563/4/4 4565/4/4
f 4565/4/4 4563/4/4 4566/4/4
f 4567/3/4 4568/3/4 4569/3/4
f 4569/3/4 4568/3/4 4570/3/4
f 4571/4/4 4572/4/4 4573/4/4
f 4573/4/4 4572/4/4 4574/4/4
f 4574/4/4 4575/4/4 4576/4/4
f 4576/4/4 4575/4/4 4577/4/4
f 4577/4/4 4578/4/4 4579/4/4
f 4579/4/4 4578/4/4 4580/4/4
f 4580/4/4 4578/4/4 4583/4/4
f 4583/4/4 4578/4/4 4584/4/4
f 4581/4/4 4582/4/4 4586/4/4
f 4585/4/4 4586/4/4 4589/4/4
f 4586/4/4 4582/4/4 4590/4/4
f 4589/4/4 4586/4/4 4590/4/4
f 4590/4/4 4582/4/4 4591/4/4
f 4587/4/4 4588/4/4 4592/4/4
f 4592/4/4 4588/4/4 4593/4/4
f 4590/4/4 4591/4/4 4595/4/4
f 4595/4/4 4591/4/4 4596/4/4
f 4594/4/4 4595/4/4 4599/4/4
f 4597/4/4 4598/4/4 4599/4/4
f 4596/4/4 4597/4/4 4599/4/4
f 4595/4/4 4596/4/4 4599/4/4
f 4599/4/4 4598/4/4 4600/4/4
f 4594/4/4 4599/4/4 4601/4/4
f 4594/4/4 4601/4/4 4603/4/4
f 4601/4/4 4602/4/4 4603/4/4
f 4603/4/4 4602/4/4 4604/4/4
f 4604/4/4 4602/4/4 4605/4/4
f 4600/4/4 4598/4/4 4606/4/4
f 4606/4/4 4598/4/4 4607/4/4
f 4607/4/4 4598/4/4 4608/4/4
f 4604/4/4 4605/4/4 4609/4/4
f 4606/4/4 4607/4/4 4609/4/4
f 4605/4/4 4606/4/4 4609/4/4
f 4609/4/4 4607/4/4 4610/4/4
f 4610/4/4 4611/4/4 4612/4/4
f 4610/4/4 4612/4/4 4615/4/4
f 4612/4/4 4613/4/4 4615/4/4
f 4615/4/4 4613/4/4 4616/4/4
f 4615/4/4 4616/4/4 4618/4/4
f 4616/4/4 4617/4/4 4618/4/4
f 4614/4/4 4615/4/4 4618/4/4
f 4618/4/4 4617/4/4 4619/4/4
f 4619/4/4 4620/4/4 4622/4/4
f 4620/1/4 4621/1/4 4623/1/4
f 4622/4/4 4620/4/4 4623/4/4
f 4614/4/4 4618/4/4 4624/4/4
f 4619/4/4 4622/4/4 4625/4/4
f 4623/1/4 4621/1/4 4626/1/4
f 4622/1/4 4623/1/4 4626/1/4
f 4624/4/4 4625/4/4 4628/4/4
f 4614/4/4 4624/4/4 4628/4/4
f 4628/4/4 4625/4/4 4629/4/4
f 4626/1/4 4627/1/4 4630/1/4
f 4629/4/4 4625/4/4 4630/4/4
f 4622/1/4 4626/1/4 4630/1/4
f 4625/4/4 4622/4/4 4630/4/4
f 4630/1/4 4627/1/4 4631/1/4
f 4631/1/4 4627/1/4 4632/1/4
f 4632/1/4 4627/1/4 4633/1/4
f 4629/4/4 4630/4/4 4634/4/4
f 4631/1/4 4632/1/4 4634/1/4
f 4630/4/4 4631/4/4 4634/4/4
f 4634/1/4 4632/1/4 4635/1/4
f 4636/1/4 4637/1/4 4638/1/4
f 4638/1/4 4637/1/4 4639/1/4
f 4629/4/4 4634/4/4 4640/4/4
f 4640/4/4 4634/4/4 4641/4/4
f 4641/4/4 4634/4/4 4642/4/4
f 4643/4/4 4644/4/4 4648/4/4
f 4648/4/4 4644/4/4 4649/4/4
f 4645/1/4 4646/1/4 4650/1/4
f 4650/1/4 4646/1/4 4651/1/4
f 4647/4/4 4648/4/4 4653/4/4
f 4653/4/4 4648/4/4 4654/4/4
f 4652/4/4 4653/4/4 4656/4/4
f 4655/4/4 4656/4/4 4658/4/4
f 4656/4/4 4653/4/4 4659/4/4
f 4658/4/4 4656/4/4 4659/4/4
f 4659/4/4 4653/4/4 4660/4/4
f 4645/1/4 4650/1/4 4661/1/4
f 4661/1/4 4650/1/4 4662/1/4
f 4658/4/4 4659/4/4 4664/4/4
f 4657/4/4 4658/4/4 4664/4/4
f 4664/4/4 4659/4/4 4665/4/4
f 4665/4/4 4659/4/4 4666/4/4
f 4663/4/4 4664/4/4 4667/4/4
f 4664/4/4 4665/4/4 4667/4/4
f 4667/4/4 4665/4/4 4668/4/4
f 4668/4/4 4665/4/4 4669/4/4
f 4669/4/4 4665/4/4 4670/4/4
f 4671/3/4 4672/3/4 4673/3/4
f 4673/3/4 4672/3/4 4674/3/4
f 4675/3/4 4676/3/4 4677/3/4
f 4677/3/4 4676/3/4 4678/3/4
f 4678/4/4 4679/4/4 4680/4/4
f 4680/4/4 4679/4/4 4681/4/4
f 4682/4/4 4683/4/4 4684/4/4
f 4684/4/4 4683/4/4 4685/4/4
f 4685/4/4 4686/4/4 4687/4/4
f 4687/4/4 4686/4/4 4688/4/4
f 4688/4/4 4689/4/4 4690/4/4
f 4688/4/4 4690/4/4 4694/4/4
f 4690/4/4 4691/4/4 4694/4/4
f 4694/4/4 4691/4/4 4695/4/4
f 4695/4/4 4691/4/4 4696/4/4
f 4696/4/4 4691/4/4 4697/4/4
f 4692/4/4 4693/4/4 4698/4/4
f 4698/4/4 4693/4/4 4699/4/4
f 4695/4/4 4696/4/4 4700/4/4
f 4700/4/4 4696/4/4 4701/4/4
f 4701/4/4 4696/4/4 4702/4/4
f 4702/4/4 4696/4/4 4703/4/4
f 4704/4/4 4705/4/4 4707/4/4
f 4707/4/4 4705/4/4 4708/4/4
f 4706/4/4 4707/4/4 4709/4/4
f 4709/4/4 4707/4/4 4710/4/4
f 4710/4/4 4707/4/4 4711/4/4
f 4711/4/4 4707/4/4 4712/4/4
f 4713/4/4 4714/4/4 4715/4/4
f 4715/4/4 4714/4/4 4716/4/4
f 4717/4/4 4718/4/4 4719/4/4
f 4717/4/4 4719/4/4 4721/4/4
f 4719/4/4 4720/4/4 4721/4/4
f 4721/4/4 4720/4/4 4722/4/4
f 4722/4/4 4720/4/4 4723/4/4
f 4724/4/4 4725/4/4 4727/4/4
f 4726/4/4 4727/4/4 4728/4/4
f 4727/4/4 4725/4/4 4729/4/4
f 4728/4/4 4727/4/4 4729/4/4
f 4730/5/4 4731/5/4 4733/5/4
f 4732/5/4 4733/5/4 4734/5/4
f 4734/5/4 4733/5/4 4735/5/4
f 4733/5/4 4731/5/4 4736/5/4
f 4735/5/4 4733/5/4 4736/5/4
f 4734/5/4 4735/5/4 4737/5/4
f 4737/5/4 4735/5/4 4738/5/4
f 4739/4/4 4740/4/4 4743/4/4
f 4740/4/4 4741/4/4 4743/4/4
f 4742/4/4 4743/4/4 4744/4/4
f 4744/4/4 4743/4/4 4747/4/4
f 4745/3/4 4746/3/4 4748/3/4
f 4746/4/4 4747/4/4 4749/4/4
f 4748/3/4 4746/3/4 4749/3/4
f 4743/4/4 4741/4/4 4750/4/4
f 4749/4/4 4747/4/4 4750/4/4
f 4747/4/4 4743/4/4 4750/4/4
f 4751/3/4 4752/3/4 4753/3/4
f 4753/3/4 4752/3/4 4754/3/4
f 4755/3/4 4756/3/4 4757/3/4
f 4757/3/4 4756/3/4 4758/3/4
f 4758/3/4 4759/3/4 4760/3/4
f 4760/3/4 4759/3/4 4761/3/4
f 4762/4/4 4763/4/4 4764/4/4
f 4764/4/4 4763/4/4 4765/4/4
f 4766/4/4 4767/4/4 4768/4/4
f 4768/4/4 4767/4/4 4769/4/4
f 4770/4/4 4771/4/4 4772/4/4
f 4772/4/4 4771/4/4 4773/4/4
f 4774/4/4 4775/4/4 4776/4/4
f 4776/4/4 4775/4/4 4777/4/4
f 4778/4/4 4779/4/4 4780/4/4
f 4778/4/4 4780/4/4 4783/4/4
f 4780/4/4 4781/4/4 4783/4/4
f 4782/4/4 4783/4/4 4784/4/4
f 4783/4/4 4781/4/4 4785/4/4
f 4784/4/4 4783/4/4 4785/4/4
f 4786/4/4 4787/4/4 4789/4/4
f 4789/4/4 4787/4/4 4790/4/4
f 4788/4/4 4789/4/4 4791/4/4
f 4791/4/4 4789/4/4 4792/4/4
f 4793/3/4 4794/3/4 4797/3/4
f 4797/3/4 4794/3/4 4798/3/4
f 4795/3/4 4796/3/4 4799/3/4
f 4799/3/4 4796/3/4 4800/3/4
f 4801/3/4 4802/3/4 4803/3/4
f 4803/3/4 4802/3/4 4804/3/4
f 4805/3/4 4806/3/4 4807/3/4
f 4807/3/4 4806/3/4 4808/3/4
f 4809/3/4 4810/3/4 4811/3/4
f 4811/3/4 4810/3/4 4812/3/4
f 4812/4/4 4813/4/4 4814/4/4
f 4814/4/4 4813/4/4 4815/4/4
f 4815/4/4 4816/4/4 4817/4/4
f 4817/4/4 4816/4/4 4818/4/4
f 4819/4/4 4820/4/4 4821/4/4
f 4821/4/4 4820/4/4 4822/4/4
f 4823/4/4 4824/4/4 4825/4/4
f 4825/4/4 4824/4/4 4826/4/4
f 4827/4/4 4828/4/4 4830/4/4
f 4830/4/4 4828/4/4 4831/4/4
f 4829/4/4 4830/4/4 4834/4/4
f 4834/4/4 4830/4/4 4835/4/4
f 4832/5/4 4833/5/4 4837/5/4
f 4837/5/4 4833/5/4 4838/5/4
f 4836/4/4 4837/4/4 4839/4/4
f 4839/4/4 4837/4/4 4840/4/4
f 4841/4/4 4842/4/4 4843/4/4
f 4843/4/4 4842/4/4 4844/4/4
f 4845/3/4 4846/3/4 4848/3/4
f 4848/3/4 4846/3/4 4849/3/4
f 4847/3/4 4848/3/4 4852/3/4
f 4852/3/4 4848/3/4 4853/3/4
f 4850/3/4 4851/3/4 4854/3/4
f 4854/3/4 4851/3/4 4855/3/4
f 4856/3/4 4857/3/4 4858/3/4
f 4858/3/4 4857/3/4 4859/3/4
f 4860/3/4 4861/3/4 4862/3/4
f 4862/3/4 4861/3/4 4863/3/4
f 4863/3/4 4864/3/4 4865/3/4
f 4865/3/4 4864/3/4 4866/3/4
f 4867/4/4 4868/4/4 4869/4/4
f 4869/4/4 4868/4/4 4870/4/4
f 4870/4/4 4871/4/4 4872/4/4
f 4872/4/4 4871/4/4 4873/4/4
f 4874/4/4 4875/4/4 4876/4/4
f 4876/4/4 4875/4/4 4877/4/4
f 4878/4/4 4879/4/4 4880/4/4
f 4880/4/4 4879/4/4 4881/4/4
f 4882/4/4 4883/4/4 4885/4/4
f 4885/4/4 4883/4/4 4886/4/4
f 4884/4/4 4885/4/4 4889/4/4
f 4889/4/4 4885/4/4 4890/4/4
f 4887/4/4 4888/4/4 4892/4/4
f 4892/4/4 4888/4/4 4893/4/4
f 4891/4/4 4892/4/4 4895/4/4
f 4895/4/4 4892/4/4 4896/4/4
f 4894/4/4 4895/4/4 4898/4/4
f 4898/4/4 4895/4/4 4899/4/4
f 4897/3/4 4898/3/4 4901/3/4
f 4898/3/4 4899/3/4 4901/3/4
f 4901/3/4 4899/3/4 4902/3/4
f 4902/3/4 4899/3/4 4903/3/4
f 4900/3/4 4901/3/4 4905/3/4
f 4901/3/4 4902/3/4 4905/3/4
f 4905/3/4 4902/3/4 4906/3/4
f 4906/3/4 4902/3/4 4907/3/4
f 4904/3/4 4905/3/4 4910/3/4
f 4905/3/4 4906/3/4 4910/3/4
f 4910/3/4 4906/3/4 4911/3/4
f 4908/2/4 4909/2/4 4912/2/4
f 4909/3/4 4910/3/4 4913/3/4
f 4912/2/4 4909/2/4 4913/2/4
f 4913/3/4 4910/3/4 4914/3/4
f 4915/3/4 4916/3/4 4917/3/4
f 4917/3/4 4916/3/4 4918/3/4
f 4919/3/4 4920/3/4 4921/3/4
f 4921/3/4 4920/3/4 4922/3/4
f 4922/3/4 4923/3/4 4924/3/4
f 4924/3/4 4923/3/4 4925/3/4
f 4926/4/4 4927/4/4 4928/4/4
f 4928/4/4 4927/4/4 4929/4/4
f 4930/4/4 4931/4/4 4932/4/4
f 4932/4/4 4931/4/4 4933/4/4
f 4934/4/4 4935/4/4 4936/4/4
f 4936/4/4 4935/4/4 4937/4/4
f 4938/4/4 4939/4/4 4940/4/4
f 4940/4/4 4939/4/4 4941/4/4
f 4941/4/4 4939/4/4 4942/4/4
f 4941/5/4 4942/5/4 4943/5/4
f 4943/5/4 4942/5/4 4944/5/4
f 4945/4/4 4946/4/4 4947/4/4
f 4947/4/4 4946/4/4 4948/4/4
f 4948/4/4 4946/4/4 4949/4/4
f 4950/4/4 4951/4/4 4953/4/4
f 4953/4/4 4951/4/4 4954/4/4
f 4952/4/4 4953/4/4 4957/4/4
f 4957/4/4 4953/4/4 4958/4/4
f 4955/4/4 4956/4/4 4960/4/4
f 4960/4/4 4956/4/4 4961/4/4
f 4959/4/4 4960/4/4 4962/4/4
f 4962/4/4 4960/4/4 4963/4/4
f 4964/4/4 4965/4/4 4967/4/4
f 4967/4/4 4965/4/4 4968/4/4
f 4966/3/4 4967/3/4 4970/3/4
f 4970/3/4 4967/3/4 4971/3/4
f 4969/3/4 4970/3/4 4973/3/4
f 4973/3/4 4970/3/4 4974/3/4
f 4972/3/4 4973/3/4 4977/3/4
f 4977/3/4 4973/3/4 4978/3/4
f 4978/3/4 4973/3/4 4979/3/4
f 4975/2/4 4976/2/4 4980/2/4
f 4976/3/4 4977/3/4 4981/3/4
f 4980/2/4 4976/2/4 4981/2/4
f 4977/3/4 4978/3/4 4981/3/4
f 4981/3/4 4978/3/4 4982/3/4
f 4983/3/4 4984/3/4 4985/3/4
f 4985/3/4 4984/3/4 4986/3/4
f 4987/3/4 4988/3/4 4989/3/4
f 4989/3/4 4988/3/4 4990/3/4
f 4991/3/4 4992/3/4 4993/3/4
f 4993/3/4 4992/3/4 4994/3/4
f 4994/4/4 4995/4/4 4996/4/4
f 4996/4/4 4995/4/4 4997/4/4
f 4997/4/4 4998/4/4 4999/4/4
f 4999/4/4 4998/4/4 5000/4/4
f 5001/4/4 5002/4/4 5003/4/4
f 5003/4/4 5002/4/4 5004/4/4
f 5004/4/4 5002/4/4 5005/4/4
f 5005/4/4 5006/4/4 5007/4/4
f 5004/4/4 5005/4/4 5007/4/4
f 5007/4/4 5006/4/4 5008/4/4
f 5008/4/4 5006/4/4 5009/4/4
f 5009/4/4 5010/4/4 5011/4/4
f 5008/4/4 5009/4/4 5011/4/4
f 5011/4/4 5010/4/4 5012/4/4
f 5012/4/4 5010/4/4 5013/4/4
f 5012/5/4 5013/5/4 5014/5/4
f 5014/5/4 5013/5/4 5015/5/4
f 5015/5/4 5016/5/4 5017/5/4
f 5017/5/4 5016/5/4 5018/5/4
f 5019/4/4 5020/4/4 5022/4/4
f 5022/4/4 5020/4/4 5023/4/4
f 5021/4/4 5022/4/4 5025/4/4
f 5025/4/4 5022/4/4 5026/4/4
f 5024/4/4 5025/4/4 5029/4/4
f 5029/4/4 5025/4/4 5030/4/4
f 5027/4/4 5028/4/4 5031/4/4
f 5031/4/4 5028/4/4 5032/4/4
f 5033/3/4 5034/3/4 5037/3/4
f 5037/3/4 5034/3/4 5038/3/4
f 5035/2/4 5036/2/4 5039/2/4
f 5036/3/4 5037/3/4 5040/3/4
f 5039/2/4 5036/2/4 5040/2/4
f 5040/3/4 5037/3/4 5041/3/4
f 5042/3/4 5043/3/4 5044/3/4
f 5044/3/4 5043/3/4 5045/3/4
f 5046/4/4 5047/4/4 5048/4/4
f 5048/4/4 5047/4/4 5049/4/4
f 5049/4/4 5047/4/4 5050/4/4
f 5050/5/4 5051/5/4 5052/5/4
f 5049/5/4 5050/5/4 5052/5/4
f 5052/5/4 5051/5/4 5053/5/4
f 5053/5/4 5051/5/4 5054/5/4
f 5054/5/4 5051/5/4 5055/5/4
f 5055/5/4 5056/5/4 5057/5/4
f 5054/5/4 5055/5/4 5057/5/4
f 5057/5/4 5056/5/4 5058/5/4
f 5058/5/4 5056/5/4 5059/5/4
f 5059/5/4 5056/5/4 5060/5/4
f 5060/5/4 5061/5/4 5062/5/4
f 5062/5/4 5061/5/4 5063/5/4
f 5062/4/4 5063/4/4 5065/4/4
f 5065/4/4 5063/4/4 5066/4/4
f 5064/4/4 5065/4/4 5068/4/4
f 5068/4/4 5065/4/4 5069/4/4
f 5067/4/4 5068/4/4 5071/4/4
f 5071/4/4 5068/4/4 5072/4/4
f 5070/4/4 5071/4/4 5074/4/4
f 5074/4/4 5071/4/4 5075/4/4
f 5073/4/4 5074/4/4 5076/4/4
f 5076/4/4 5074/4/4 5077/4/4
f 5078/3/4 5079/3/4 5082/3/4
f 5082/3/4 5079/3/4 5083/3/4
f 5080/3/4 5081/3/4 5084/3/4
f 5084/3/4 5081/3/4 5085/3/4
f 5086/4/4 5087/4/4 5088/4/4
f 5088/4/4 5087/4/4 5089/4/4
f 5088/5/4 5089/5/4 5090/5/4
f 5090/5/4 5089/5/4 5091/5/4
f 5090/5/4 5091/5/4 5093/5/4
f 5091/5/4 5092/5/4 5093/5/4
f 5090/5/4 5093/5/4 5095/5/4
f 5093/5/4 5094/5/4 5095/5/4
f 5095/5/4 5094/5/4 5096/5/4
f 5096/5/4 5094/5/4 5097/5/4
f 5097/5/4 5098/5/4 5099/5/4
f 5096/5/4 5097/5/4 5099/5/4
f 5099/5/4 5098/5/4 5100/5/4
f 5096/5/4 5099/5/4 5101/5/4
f 5099/4/4 5100/4/4 5102/4/4
f 5101/5/4 5099/5/4 5102/5/4
f 5101/4/4 5102/4/4 5104/4/4
f 5102/4/4 5100/4/4 5105/4/4
f 5104/4/4 5102/4/4 5105/4/4
f 5105/4/4 5100/4/4 5106/4/4
f 5103/4/4 5104/4/4 5107/4/4
f 5104/4/4 5105/4/4 5107/4/4
f 5107/4/4 5105/4/4 5108/4/4
f 5103/4/4 5107/4/4 5109/4/4
f 5109/4/4 5107/4/4 5110/4/4
f 5111/4/4 5112/4/4 5113/4/4
f 5113/4/4 5112/4/4 5114/4/4
f 5115/3/4 5116/3/4 5117/3/4
f 5117/3/4 5116/3/4 5118/3/4
f 5119/2/4 5120/2/4 5121/2/4
f 5121/2/4 5120/2/4 5122/2/4
f 5123/5/4 5124/5/4 5125/5/4
f 5125/5/4 5124/5/4 5126/5/4
f 5125/4/4 5126/4/4 5127/4/4
f 5126/5/4 5124/5/4 5128/5/4
f 5127/4/4 5126/4/4 5128/4/4
f 5128/5/4 5124/5/4 5129/5/4
f 5127/4/4 5128/4/4 5131/4/4
f 5128/4/4 5129/4/4 5131/4/4
f 5130/4/4 5131/4/4 5132/4/4
f 5131/4/4 5129/4/4 5133/4/4
f 5132/4/4 5131/4/4 5133/4/4
f 5134/4/4 5135/4/4 5136/4/4
f 5136/4/4 5135/4/4 5137/4/4
f 5138/3/4 5139/3/4 5141/3/4
f 5141/3/4 5139/3/4 5142/3/4
f 5140/3/4 5141/3/4 5143/3/4
f 5143/3/4 5141/3/4 5144/3/4
f 5145/3/4 5146/3/4 5147/3/4
f 5147/3/4 5146/3/4 5148/3/4
f 5149/3/4 5150/3/4 5151/3/4
f 5151/3/4 5150/3/4 5152/3/4
f 5153/3/4 5154/3/4 5155/3/4
f 5155/3/4 5154/3/4 5156/3/4
f 5157/4/4 5158/4/4 5159/4/4
f 5159/4/4 5158/4/4 5160/4/4
f 5161/4/4 5162/4/4 5164/4/4
f 5162/4/4 5163/4/4 5164/4/4
f 5164/4/4 5163/4/4 5165/4/4
f 5165/4/4 5163/4/4 5166/4/4
f 5165/5/4 5166/5/4 5167/5/4
f 5166/4/4 5163/4/4 5167/4/4
f 5167/4/4 5163/4/4 5168/4/4
f 5165/5/4 5167/5/4 5169/5/4
f 5167/5/4 5168/5/4 5169/5/4
f 5169/5/4 5168/5/4 5170/5/4
f 5171/4/4 5172/4/4 5173/4/4
f 5173/4/4 5172/4/4 5174/4/4
f 5175/4/4 5176/4/4 5177/4/4
f 5177/4/4 5176/4/4 5178/4/4
f 5179/4/4 5180/4/4 5182/4/4
f 5182/4/4 5180/4/4 5183/4/4
f 5181/3/4 5182/3/4 5184/3/4
f 5184/3/4 5182/3/4 5185/3/4
f 5186/3/4 5187/3/4 5189/3/4
f 5189/3/4 5187/3/4 5190/3/4
f 5188/3/4 5189/3/4 5194/3/4
f 5194/3/4 5189/3/4 5195/3/4
f 5191/2/4 5192/2/4 5196/2/4
f 5192/3/4 5193/3/4 5197/3/4
f 5196/2/4 5192/2/4 5197/2/4
f 5197/3/4 5193/3/4 5198/3/4
f 5199/3/4 5200/3/4 5201/3/4
f 5201/3/4 5200/3/4 5202/3/4
f 5203/3/4 5204/3/4 5205/3/4
f 5205/3/4 5204/3/4 5206/3/4
f 5207/4/4 5208/4/4 5209/4/4
f 5209/4/4 5208/4/4 5210/4/4
f 5211/4/4 5212/4/4 5213/4/4
f 5213/4/4 5212/4/4 5214/4/4
f 5211/4/4 5213/4/4 5215/4/4
f 5215/4/4 5213/4/4 5216/4/4
f 5216/4/4 5213/4/4 5217/4/4
f 5216/5/4 5217/5/4 5218/5/4
f 5218/5/4 5217/5/4 5219/5/4
f 5218/4/4 5219/4/4 5221/4/4
f 5219/5/4 5220/5/4 5222/5/4
f 5221/4/4 5219/4/4 5222/4/4
f 5222/5/4 5220/5/4 5223/5/4
f 5223/5/4 5220/5/4 5224/5/4
f 5224/5/4 5220/5/4 5225/5/4
f 5226/4/4 5227/4/4 5228/4/4
f 5228/4/4 5227/4/4 5229/4/4
f 5230/3/4 5231/3/4 5234/3/4
f 5234/3/4 5231/3/4 5235/3/4
f 5232/3/4 5233/3/4 5237/3/4
f 5237/3/4 5233/3/4 5238/3/4
f 5236/3/4 5237/3/4 5241/3/4
f 5241/3/4 5237/3/4 5242/3/4
f 5239/2/4 5240/2/4 5243/2/4
f 5243/2/4 5240/2/4 5244/2/4
f 5245/3/4 5246/3/4 5247/3/4
f 5247/3/4 5246/3/4 5248/3/4
f 5249/3/4 5250/3/4 5251/3/4
f 5251/3/4 5250/3/4 5252/3/4
f 5252/4/4 5253/4/4 5254/4/4
f 5254/4/4 5253/4/4 5255/4/4
f 5256/4/4 5257/4/4 5259/4/4
f 5257/4/4 5258/4/4 5259/4/4
f 5259/4/4 5258/4/4 5260/4/4
f 5261/4/4 5262/4/4 5263/4/4
f 5263/4/4 5262/4/4 5264/4/4
f 5263/5/4 5264/5/4 5265/5/4
f 5265/5/4 5264/5/4 5266/5/4
f 5267/4/4 5268/4/4 5269/4/4
f 5269/4/4 5268/4/4 5270/4/4
f 5271/4/4 5272/4/4 5273/4/4
f 5273/4/4 5272/4/4 5274/4/4
f 5275/3/4 5276/3/4 5278/3/4
f 5278/3/4 5276/3/4 5279/3/4
f 5277/3/4 5278/3/4 5281/3/4
f 5281/3/4 5278/3/4 5282/3/4
f 5280/3/4 5281/3/4 5285/3/4
f 5285/3/4 5281/3/4 5286/3/4
f 5283/3/4 5284/3/4 5289/3/4
f 5289/3/4 5284/3/4 5290/3/4
f 5287/2/4 5288/2/4 5291/2/4
f 5291/2/4 5288/2/4 5292/2/4
f 5293/3/4 5294/3/4 5295/3/4
f 5295/3/4 5294/3/4 5296/3/4
f 5297/3/4 5298/3/4 5299/3/4
f 5299/3/4 5298/3/4 5300/3/4
f 5300/3/4 5301/3/4 5302/3/4
f 5302/3/4 5301/3/4 5303/3/4
f 5304/3/4 5305/3/4 5306/3/4
f 5306/3/4 5305/3/4 5307/3/4
f 5307/4/4 5308/4/4 5309/4/4
f 5309/4/4 5308/4/4 5310/4/4
f 5311/5/4 5312/5/4 5313/5/4
f 5313/5/4 5312/5/4 5314/5/4
f 5315/5/4 5316/5/4 5317/5/4
f 5317/5/4 5316/5/4 5318/5/4
f 5319/4/4 5320/4/4 5321/4/4
f 5321/4/4 5320/4/4 5322/4/4
f 5323/3/4 5324/3/4 5326/3/4
f 5326/3/4 5324/3/4 5327/3/4
f 5325/3/4 5326/3/4 5328/3/4
f 5328/3/4 5326/3/4 5329/3/4
f 5330/3/4 5331/3/4 5333/3/4
f 5333/3/4 5331/3/4 5334/3/4
f 5332/3/4 5333/3/4 5338/3/4
f 5338/3/4 5333/3/4 5339/3/4
f 5335/2/4 5336/2/4 5340/2/4
f 5336/3/4 5337/3/4 5341/3/4
f 5340/2/4 5336/2/4 5341/2/4
f 5341/3/4 5337/3/4 5342/3/4
f 5343/3/4 5344/3/4 5345/3/4
f 5345/3/4 5344/3/4 5346/3/4
f 5347/3/4 5348/3/4 5349/3/4
f 5349/3/4 5348/3/4 5350/3/4
f 5350/3/4 5351/3/4 5352/3/4
f 5352/3/4 5351/3/4 5353/3/4
f 5354/3/4 5355/3/4 5356/3/4
f 5356/3/4 5355/3/4 5357/3/4
f 5358/3/4 5359/3/4 5360/3/4
f 5360/3/4 5359/3/4 5361/3/4
f 5362/3/4 5363/3/4 5365/3/4
f 5365/3/4 5363/3/4 5366/3/4
f 5364/3/4 5365/3/4 5367/3/4
f 5367/3/4 5365/3/4 5368/3/4
f 5369/3/4 5370/3/4 5373/3/4
f 5373/3/4 5370/3/4 5374/3/4
f 5371/3/4 5372/3/4 5376/3/4
f 5376/3/4 5372/3/4 5377/3/4
f 5375/3/4 5376/3/4 5380/3/4
f 5380/3/4 5376/3/4 5381/3/4
f 5378/2/4 5379/2/4 5382/2/4
f 5382/2/4 5379/2/4 5383/2/4
f 5384/3/4 5385/3/4 5386/3/4
f 5386/3/4 5385/3/4 5387/3/4
f 5388/3/4 5389/3/4 5390/3/4
f 5390/3/4 5389/3/4 5391/3/4
f 5392/3/4 5393/3/4 5394/3/4
f 5394/3/4 5393/3/4 5395/3/4
f 5395/3/4 5396/3/4 5397/3/4
f 5397/3/4 5396/3/4 5398/3/4
f 5399/4/4 5400/4/4 5401/4/4
f 5401/4/4 5400/4/4 5402/4/4
f 5403/3/4 5404/3/4 5405/3/4
f 5405/3/4 5404/3/4 5406/3/4
f 5407/3/4 5408/3/4 5409/3/4
f 5409/3/4 5408/3/4 5410/3/4
f 5411/2/4 5412/2/4 5414/2/4
f 5414/2/4 5412/2/4 5415/2/4
f 5413/2/4 5414/2/4 5418/2/4
f 5418/2/4 5414/2/4 5419/2/4
f 5416/3/4 5417/3/4 5422/3/4
f 5422/3/4 5417/3/4 5423/3/4
f 5420/2/4 5421/2/4 5424/2/4
f 5424/2/4 5421/2/4 5425/2/4
f 5426/3/4 5427/3/4 5428/3/4
f 5428/3/4 5427/3/4 5429/3/4
f 5429/3/4 5430/3/4 5431/3/4
f 5431/3/4 5430/3/4 5432/3/4
f 5432/3/4 5430/3/4 5433/3/4
f 5433/3/4 5434/3/4 5435/3/4
f 5432/3/4 5433/3/4 5435/3/4
f 5435/3/4 5434/3/4 5436/3/4
f 5436/3/4 5434/3/4 5437/3/4
f 5437/3/4 5438/3/4 5439/3/4
f 5436/3/4 5437/3/4 5439/3/4
f 5439/3/4 5438/3/4 5440/3/4
f 5440/3/4 5438/3/4 5441/3/4
f 5441/3/4 5438/3/4 5442/3/4
f 5443/3/4 5444/3/4 5446/3/4
f 5446/3/4 5444/3/4 5447/3/4
f 5445/3/4 5446/3/4 5449/3/4
f 5448/2/4 5449/2/4 5451/2/4
f 5449/3/4 5446/3/4 5452/3/4
f 5451/2/4 5449/2/4 5452/2/4
f 5452/3/4 5446/3/4 5453/3/4
f 5450/2/4 5451/2/4 5455/2/4
f 5451/2/4 5452/2/4 5455/2/4
f 5455/2/4 5452/2/4 5456/2/4
f 5456/2/4 5452/2/4 5457/2/4
f 5454/2/4 5455/2/4 5460/2/4
f 5455/2/4 5456/2/4 5460/2/4
f 5460/2/4 5456/2/4 5461/2/4
f 5458/2/4 5459/2/4 5462/2/4
f 5459/3/4 5460/3/4 5463/3/4
f 5462/2/4 5459/2/4 5463/2/4
f 5463/3/4 5460/3/4 5464/3/4
f 5465/3/4 5466/3/4 5467/3/4
f 5467/3/4 5466/3/4 5468/3/4
f 5468/3/4 5466/3/4 5469/3/4
f 5469/3/4 5470/3/4 5471/3/4
f 5468/3/4 5469/3/4 5471/3/4
f 5471/3/4 5470/3/4 5472/3/4
f 5472/3/4 5473/3/4 5474/3/4
f 5474/3/4 5473/3/4 5475/3/4
f 5475/3/4 5476/3/4 5477/3/4
f 5475/3/4 5477/3/4 5479/3/4
f 5477/3/4 5478/3/4 5479/3/4
f 5479/3/4 5478/3/4 5480/3/4
f 5480/3/4 5478/3/4 5481/3/4
f 5481/3/4 5478/3/4 5482/3/4
f 5483/3/4 5484/3/4 5486/3/4
f 5486/3/4 5484/3/4 5487/3/4
f 5485/3/4 5486/3/4 5487/3/4
f 5487/3/4 5484/3/4 5488/3/4
f 5485/3/4 5487/3/4 5490/3/4
f 5490/3/4 5487/3/4 5491/3/4
f 5489/3/4 5490/3/4 5493/3/4
f 5493/3/4 5490/3/4 5494/3/4
f 5492/2/4 5493/2/4 5496/2/4
f 5496/2/4 5493/2/4 5497/2/4
f 5497/2/4 5493/2/4 5498/2/4
f 5495/2/4 5496/2/4 5499/2/4
f 5496/2/4 5497/2/4 5499/2/4
f 5499/2/4 5497/2/4 5500/2/4
f 5501/3/4 5502/3/4 5503/3/4
f 5503/3/4 5502/3/4 5504/3/4
f 5504/3/4 5502/3/4 5505/3/4
f 5504/2/4 5505/2/4 5507/2/4
f 5505/3/4 5506/3/4 5508/3/4
f 5507/2/4 5505/2/4 5508/2/4
f 5508/3/4 5506/3/4 5509/3/4
f 5509/3/4 5506/3/4 5510/3/4
f 5510/3/4 5511/3/4 5512/3/4
f 5509/3/4 5510/3/4 5512/3/4
f 5512/3/4 5511/3/4 5513/3/4
f 5513/3/4 5511/3/4 5514/3/4
f 5513/3/4 5514/3/4 5516/3/4
f 5514/3/4 5515/3/4 5516/3/4
f 5516/3/4 5515/3/4 5517/3/4
f 5517/3/4 5515/3/4 5519/3/4
f 5519/3/4 5515/3/4 5520/3/4
f 5518/3/4 5519/3/4 5520/3/4
f 5520/3/4 5515/3/4 5521/3/4
f 5518/3/4 5520/3/4 5523/3/4
f 5522/2/4 5523/2/4 5525/2/4
f 5523/3/4 5520/3/4 5526/3/4
f 5525/2/4 5523/2/4 5526/2/4
f 5526/3/4 5520/3/4 5527/3/4
f 5524/2/4 5525/2/4 5529/2/4
f 5525/2/4 5526/2/4 5529/2/4
f 5529/2/4 5526/2/4 5530/2/4
f 5530/2/4 5526/2/4 5531/2/4
f 5528/2/4 5529/2/4 5532/2/4
f 5529/2/4 5530/2/4 5532/2/4
f 5532/2/4 5530/2/4 5533/2/4
f 5534/2/4 5535/2/4 5536/2/4
f 5536/2/4 5537/2/4 5538/2/4
f 5534/2/4 5536/2/4 5540/2/4
f 5536/2/4 5538/2/4 5540/2/4
f 5540/2/4 5538/2/4 5541/2/4
f 5541/2/4 5538/2/4 5542/2/4
f 5538/3/4 5539/3/4 5543/3/4
f 5542/2/4 5538/2/4 5543/2/4
f 5541/2/4 5542/2/4 5544/2/4
f 5542/3/4 5543/3/4 5545/3/4
f 5544/2/4 5542/2/4 5545/2/4
f 5543/3/4 5539/3/4 5546/3/4
f 5545/3/4 5543/3/4 5546/3/4
f 5546/3/4 5547/3/4 5549/3/4
f 5545/3/4 5546/3/4 5549/3/4
f 5549/3/4 5547/3/4 5550/3/4
f 5550/3/4 5547/3/4 5551/3/4
f 5548/2/4 5549/2/4 5553/2/4
f 5549/3/4 5550/3/4 5554/3/4
f 5553/2/4 5549/2/4 5554/2/4
f 5554/3/4 5550/3/4 5555/3/4
f 5552/2/4 5553/2/4 5556/2/4
f 5555/3/4 5550/3/4 5556/3/4
f 5554/2/4 5555/2/4 5556/2/4
f 5553/2/4 5554/2/4 5556/2/4
f 5556/3/4 5550/3/4 5557/3/4
f 5552/2/4 5556/2/4 5558/2/4
f 5558/2/4 5556/2/4 5559/2/4
f 5552/2/4 5558/2/4 5560/2/4
f 5560/2/4 5558/2/4 5561/2/4
f 5562/2/4 5563/2/4 5564/2/4
f 5562/2/4 5564/2/4 5566/2/4
f 5564/2/4 5565/2/4 5566/2/4
f 5566/2/4 5565/2/4 5567/2/4
f 5562/2/4 5566/2/4 5568/2/4
f 5568/2/4 5566/2/4 5569/2/4
f 5572/4/5 5571/4/5 5570/4/5
f 5575/4/5 5572/4/5 5570/4/5
f 5575/4/5 5573/4/5 5572/4/5
f 5576/4/5 5573/4/5 5575/4/5
f 5579/4/5 5575/4/5 5574/4/5
f 5579/4/5 5577/4/5 5576/4/5
f 5579/4/5 5576/4/5 5575/4/5
f 5580/4/5 5577/4/5 5579/4/5
f 5583/4/5 5579/4/5 5578/4/5
f 5583/4/5 5581/4/5 5580/4/5
f 5583/4/5 5580/4/5 5579/4/5
f 5587/4/5 5583/4/5 5582/4/5
f 5588/4/5 5585/4/5 5584/4/5
f 5589/4/5 5587/4/5 5586/4/5
f 5591/4/5 5588/4/5 5584/4/5
f 5591/4/5 5589/4/5 5588/4/5
f 5592/4/5 5591/4/5 5590/4/5
f 5593/4/5 5589/4/5 5591/4/5
f 5593/4/5 5591/4/5 5592/4/5
f 5594/3/5 5593/3/5 5592/3/5
f 5594/4/5 5589/4/5 5593/4/5
f 5595/4/5 5589/4/5 5594/4/5
f 5596/3/5 5594/3/5 5592/3/5
f 5596/3/5 5595/3/5 5594/3/5
f 5597/3/5 5595/3/5 5596/3/5
f 5598/4/5 5589/4/5 5595/4/5
f 5598/3/5 5595/3/5 5597/3/5
f 5599/4/5 5589/4/5 5598/4/5
f 5600/4/5 5589/4/5 5599/4/5
f 5600/3/5 5599/3/5 5598/3/5
f 5600/3/5 5598/3/5 5597/3/5
f 5601/4/5 5587/4/5 5589/4/5
f 5601/4/5 5589/4/5 5600/4/5
f 5602/3/5 5600/3/5 5597/3/5
f 5602/3/5 5601/3/5 5600/3/5
f 5603/3/5 5601/3/5 5602/3/5
f 5604/4/5 5581/4/5 5583/4/5
f 5604/4/5 5587/4/5 5601/4/5
f 5604/4/5 5583/4/5 5587/4/5
f 5605/4/5 5581/4/5 5604/4/5
f 5606/3/5 5601/3/5 5603/3/5
f 5607/3/5 5601/3/5 5606/3/5
f 5608/4/5 5604/4/5 5601/4/5
f 5608/3/5 5601/3/5 5607/3/5
f 5609/4/5 5604/4/5 5608/4/5
f 5610/4/5 5604/4/5 5609/4/5
f 5611/4/5 5604/4/5 5610/4/5
f 5612/2/5 5605/2/5 5604/2/5
f 5612/4/5 5604/4/5 5611/4/5
f 5613/4/5 5610/4/5 5609/4/5
f 5614/3/5 5611/3/5 5610/3/5
f 5614/4/5 5610/4/5 5613/4/5
f 5615/3/5 5611/3/5 5614/3/5
f 5616/2/5 5612/2/5 5611/2/5
f 5616/3/5 5611/3/5 5615/3/5
f 5617/2/5 5605/2/5 5612/2/5
f 5617/2/5 5612/2/5 5616/2/5
f 5618/2/5 5605/2/5 5617/2/5
f 5619/3/5 5608/3/5 5607/3/5
f 5619/3/5 5609/3/5 5608/3/5
f 5620/3/5 5609/3/5 5619/3/5
f 5621/4/5 5613/4/5 5609/4/5
f 5621/3/5 5609/3/5 5620/3/5
f 5622/4/5 5613/4/5 5621/4/5
f 5623/3/5 5615/3/5 5614/3/5
f 5623/3/5 5614/3/5 5613/3/5
f 5624/2/5 5616/2/5 5615/2/5
f 5624/3/5 5615/3/5 5623/3/5
f 5624/2/5 5617/2/5 5616/2/5
f 5625/2/5 5617/2/5 5624/2/5
f 5626/2/5 5617/2/5 5625/2/5
f 5627/3/5 5621/3/5 5620/3/5
f 5627/3/5 5622/3/5 5621/3/5
f 5628/3/5 5622/3/5 5627/3/5
f 5629/2/5 5625/2/5 5624/2/5
f 5629/2/5 5624/2/5 5623/2/5
f 5630/2/5 5625/2/5 5629/2/5
f 5631/4/5 5613/4/5 5622/4/5
f 5632/3/5 5623/3/5 5613/3/5
f 5632/4/5 5613/4/5 5631/4/5
f 5633/2/5 5629/2/5 5623/2/5
f 5633/3/5 5623/3/5 5632/3/5
f 5634/2/5 5633/2/5 5632/2/5
f 5634/2/5 5629/2/5 5633/2/5
f 5635/2/5 5629/2/5 5634/2/5
f 5636/4/5 5631/4/5 5622/4/5
f 5636/3/5 5622/3/5 5628/3/5
f 5637/4/5 5631/4/5 5636/4/5
f 5638/4/5 5631/4/5 5637/4/5
f 5639/3/5 5632/3/5 5631/3/5
f 5639/4/5 5631/4/5 5638/4/5
f 5640/4/5 5638/4/5 5637/4/5
f 5641/3/5 5639/3/5 5638/3/5
f 5641/4/5 5638/4/5 5640/4/5
f 5642/3/5 5632/3/5 5639/3/5
f 5642/3/5 5639/3/5 5641/3/5
f 5643/2/5 5634/2/5 5632/2/5
f 5643/3/5 5632/3/5 5642/3/5
f 5644/3/5 5636/3/5 5628/3/5
f 5644/3/5 5637/3/5 5636/3/5
f 5645/3/5 5637/3/5 5644/3/5
f 5646/4/5 5640/4/5 5637/4/5
f 5646/3/5 5637/3/5 5645/3/5
f 5647/4/5 5640/4/5 5646/4/5
f 5648/3/5 5642/3/5 5641/3/5
f 5648/3/5 5641/3/5 5640/3/5
f 5649/2/5 5643/2/5 5642/2/5
f 5649/3/5 5642/3/5 5648/3/5
f 5650/2/5 5634/2/5 5643/2/5
f 5650/2/5 5643/2/5 5649/2/5
f 5651/2/5 5634/2/5 5650/2/5
f 5652/4/5 5640/4/5 5647/4/5
f 5653/3/5 5648/3/5 5640/3/5
f 5653/4/5 5640/4/5 5652/4/5
f 5654/2/5 5649/2/5 5648/2/5
f 5654/2/5 5650/2/5 5649/2/5
f 5655/2/5 5650/2/5 5654/2/5
f 5656/3/5 5647/3/5 5646/3/5
f 5656/4/5 5652/4/5 5647/4/5
f 5656/3/5 5646/3/5 5645/3/5
f 5657/4/5 5652/4/5 5656/4/5
f 5658/4/5 5652/4/5 5657/4/5
f 5659/3/5 5653/3/5 5652/3/5
f 5659/4/5 5652/4/5 5658/4/5
f 5660/3/5 5648/3/5 5653/3/5
f 5660/3/5 5653/3/5 5659/3/5
f 5661/2/5 5654/2/5 5648/2/5
f 5661/3/5 5648/3/5 5660/3/5
f 5662/3/5 5656/3/5 5645/3/5
f 5662/3/5 5657/3/5 5656/3/5
f 5663/3/5 5657/3/5 5662/3/5
f 5664/4/5 5658/4/5 5657/4/5
f 5665/3/5 5659/3/5 5658/3/5
f 5665/4/5 5658/4/5 5664/4/5
f 5665/3/5 5660/3/5 5659/3/5
f 5666/3/5 5660/3/5 5665/3/5
f 5667/2/5 5661/2/5 5660/2/5
f 5667/3/5 5660/3/5 5666/3/5
f 5668/2/5 5654/2/5 5661/2/5
f 5668/2/5 5661/2/5 5667/2/5
f 5669/2/5 5654/2/5 5668/2/5
f 5670/3/5 5657/3/5 5663/3/5
f 5671/3/5 5657/3/5 5670/3/5
f 5672/4/5 5664/4/5 5657/4/5
f 5672/3/5 5657/3/5 5671/3/5
f 5673/4/5 5664/4/5 5672/4/5
f 5674/4/5 5664/4/5 5673/4/5
f 5675/3/5 5666/3/5 5665/3/5
f 5675/4/5 5664/4/5 5674/4/5
f 5675/3/5 5665/3/5 5664/3/5
f 5676/3/5 5666/3/5 5675/3/5
f 5677/2/5 5668/2/5 5667/2/5
f 5677/3/5 5666/3/5 5676/3/5
f 5677/2/5 5667/2/5 5666/2/5
f 5678/2/5 5668/2/5 5677/2/5
f 5679/2/5 5668/2/5 5678/2/5
f 5680/3/5 5673/3/5 5672/3/5
f 5680/3/5 5672/3/5 5671/3/5
f 5681/3/5 5673/3/5 5680/3/5
f 5682/4/5 5674/4/5 5673/4/5
f 5682/3/5 5673/3/5 5681/3/5
f 5683/3/5 5676/3/5 5675/3/5
f 5683/4/5 5674/4/5 5682/4/5
f 5683/3/5 5675/3/5 5674/3/5
f 5684/3/5 5676/3/5 5683/3/5
f 5685/2/5 5678/2/5 5677/2/5
f 5685/3/5 5676/3/5 5684/3/5
f 5685/2/5 5677/2/5 5676/2/5
f 5686/2/5 5678/2/5 5685/2/5
f 5687/2/5 5678/2/5 5686/2/5
f 5688/3/5 5682/3/5 5681/3/5
f 5688/3/5 5684/3/5 5683/3/5
f 5688/3/5 5683/3/5 5682/3/5
f 5689/3/5 5684/3/5 5688/3/5
f 5690/3/5 5684/3/5 5689/3/5
f 5691/2/5 5686/2/5 5685/2/5
f 5691/3/5 5684/3/5 5690/3/5
f 5691/2/5 5685/2/5 5684/2/5
f 5692/2/5 5686/2/5 5691/2/5
f 5693/2/5 5686/2/5 5692/2/5
f 5694/3/5 5690/3/5 5689/3/5
f 5695/3/5 5690/3/5 5694/3/5
f 5696/3/5 5690/3/5 5695/3/5
f 5697/3/5 5690/3/5 5696/3/5
f 5698/2/5 5692/2/5 5691/2/5
f 5698/3/5 5690/3/5 5697/3/5
f 5698/2/5 5691/2/5 5690/2/5
f 5699/2/5 5692/2/5 5698/2/5
f 5700/2/5 5692/2/5 5699/2/5
f 5701/2/5 5696/2/5 5695/2/5
f 5702/3/5 5697/3/5 5696/3/5
f 5702/2/5 5696/2/5 5701/2/5
f 5703/2/5 5699/2/5 5698/2/5
f 5703/3/5 5697/3/5 5702/3/5
f 5703/2/5 5698/2/5 5697/2/5
f 5704/2/5 5699/2/5 5703/2/5
f 5705/2/5 5699/2/5 5704/2/5
f 5706/2/5 5703/2/5 5702/2/5
f 5706/2/5 5704/2/5 5703/2/5
f 5707/2/5 5704/2/5 5706/2/5
f 5710/4/5 5709/4/5 5708/4/5
f 5711/4/5 5709/4/5 5710/4/5
f 5715/4/5 5713/4/5 5712/4/5
f 5716/4/5 5713/4/5 5715/4/5
f 5721/4/5 5715/4/5 5714/4/5
f 5722/4/5 5715/4/5 5721/4/5
f 5723/4/5 5718/4/5 5717/4/5
f 5724/4/5 5718/4/5 5723/4/5
f 5725/4/5 5720/4/5 5719/4/5
f 5726/4/5 5720/4/5 5725/4/5
f 5729/4/5 5728/4/5 5727/4/5
f 5730/4/5 5728/4/5 5729/4/5
f 5733/4/5 5732/4/5 5731/4/5
f 5734/4/5 5732/4/5 5733/4/5
f 5739/4/5 5736/4/5 5735/4/5
f 5740/4/5 5736/4/5 5739/4/5
f 5743/4/5 5738/4/5 5737/4/5
f 5744/4/5 5738/4/5 5743/4/5
f 5745/4/5 5742/4/5 5741/4/5
f 5746/4/5 5742/4/5 5745/4/5
f 5751/4/5 5748/4/5 5747/4/5
f 5752/4/5 5748/4/5 5751/4/5
f 5753/4/5 5750/4/5 5749/4/5
f 5754/4/5 5750/4/5 5753/4/5
f 5757/4/5 5756/4/5 5755/4/5
f 5758/4/5 5756/4/5 5757/4/5
f 5760/4/5 5759/4/5 5758/4/5
f 5761/4/5 5759/4/5 5760/4/5
f 5764/3/5 5763/3/5 5762/3/5
f 5765/3/5 5763/3/5 5764/3/5
f 5771/4/5 5767/4/5 5766/4/5
f 5772/4/5 5767/4/5 5771/4/5
f 5773/4/5 5769/4/5 5768/4/5
f 5774/4/5 5769/4/5 5773/4/5
f 5779/4/5 5771/4/5 5770/4/5
f 5780/4/5 5771/4/5 5779/4/5
f 5781/4/5 5776/4/5 5775/4/5
f 5782/4/5 5776/4/5 5781/4/5
f 5783/4/5 5778/4/5 5777/4/5
f 5784/4/5 5778/4/5 5783/4/5
f 5789/4/5 5786/4/5 5785/4/5
f 5790/4/5 5786/4/5 5789/4/5
f 5791/4/5 5788/4/5 5787/4/5
f 5792/4/5 5788/4/5 5791/4/5
f 5795/4/5 5794/4/5 5793/4/5
f 5796/4/5 5794/4/5 5795/4/5
f 5799/4/5 5798/4/5 5797/4/5
f 5800/4/5 5798/4/5 5799/4/5
f 5804/4/5 5802/4/5 5801/4/5
f 5805/4/5 5802/4/5 5804/4/5
f 5806/4/5 5804/4/5 5803/4/5
f 5807/4/5 5804/4/5 5806/4/5
f 5810/4/5 5809/4/5 5808/4/5
f 5811/4/5 5809/4/5 5810/4/5
f 5814/4/5 5813/4/5 5812/4/5
f 5815/4/5 5813/4/5 5814/4/5
f 5820/4/5 5817/4/5 5816/4/5
f 5821/4/5 5817/4/5 5820/4/5
f 5825/4/5 5819/4/5 5818/4/5
f 5826/4/5 5819/4/5 5825/4/5
f 5831/4/5 5823/4/5 5822/4/5
f 5832/4/5 5823/4/5 5831/4/5
f 5835/4/5 5825/4/5 5824/4/5
f 5836/4/5 5825/4/5 5835/4/5
f 5837/4/5 5828/4/5 5827/4/5
f 5838/4/5 5828/4/5 5837/4/5
f 5839/4/5 5830/4/5 5829/4/5
f 5840/4/5 5830/4/5 5839/4/5
f 5842/4/5 5834/4/5 5833/4/5
f 5843/4/5 5834/4/5 5842/4/5
f 5844/4/5 5841/4/5 5840/4/5
f 5845/4/5 5841/4/5 5844/4/5
f 5848/4/5 5847/4/5 5846/4/5
f 5849/4/5 5847/4/5 5848/4/5
f 5852/4/5 5851/4/5 5850/4/5
f 5853/4/5 5851/4/5 5852/4/5
f 5855/4/5 5854/4/5 5853/4/5
f 5856/4/5 5854/4/5 5855/4/5
f 5861/4/5 5858/4/5 5857/4/5
f 5862/4/5 5858/4/5 5861/4/5
f 5867/4/5 5860/4/5 5859/4/5
f 5868/4/5 5860/4/5 5867/4/5
f 5869/4/5 5863/4/5 5862/4/5
f 5870/4/5 5863/4/5 5869/4/5
f 5880/4/5 5865/4/5 5864/4/5
f 5881/4/5 5865/4/5 5880/4/5
f 5884/4/5 5867/4/5 5866/4/5
f 5885/4/5 5867/4/5 5884/4/5
f 5886/4/5 5872/4/5 5871/4/5
f 5887/4/5 5872/4/5 5886/4/5
f 5888/4/5 5874/4/5 5873/4/5
f 5889/1/5 5875/1/5 5874/1/5
f 5889/4/5 5874/4/5 5888/4/5
f 5890/1/5 5875/1/5 5889/1/5
f 5891/1/5 5875/1/5 5890/1/5
f 5893/4/5 5877/4/5 5876/4/5
f 5894/4/5 5877/4/5 5893/4/5
f 5895/4/5 5879/4/5 5878/4/5
f 5896/4/5 5879/4/5 5895/4/5
f 5898/4/5 5882/4/5 5881/4/5
f 5899/4/5 5882/4/5 5898/4/5
f 5900/4/5 5884/4/5 5883/4/5
f 5901/4/5 5884/4/5 5900/4/5
f 5902/4/5 5891/4/5 5890/4/5
f 5903/4/5 5891/4/5 5902/4/5
f 5904/4/5 5893/4/5 5892/4/5
f 5905/4/5 5893/4/5 5904/4/5
f 5906/4/5 5897/4/5 5896/4/5
f 5907/4/5 5897/4/5 5906/4/5
f 5909/4/5 5908/4/5 5907/4/5
f 5910/4/5 5908/4/5 5909/4/5
f 5913/4/5 5912/4/5 5911/4/5
f 5914/4/5 5912/4/5 5913/4/5
f 5917/4/5 5916/4/5 5915/4/5
f 5918/4/5 5916/4/5 5917/4/5
f 5920/4/5 5919/4/5 5918/4/5
f 5921/4/5 5919/4/5 5920/4/5
f 5929/4/5 5923/4/5 5922/4/5
f 5930/4/5 5923/4/5 5929/4/5
f 5931/4/5 5925/4/5 5924/4/5
f 5932/4/5 5925/4/5 5931/4/5
f 5938/1/5 5927/1/5 5926/1/5
f 5939/1/5 5927/1/5 5938/1/5
f 5942/4/5 5929/4/5 5928/4/5
f 5943/4/5 5929/4/5 5942/4/5
f 5944/4/5 5933/4/5 5932/4/5
f 5945/4/5 5933/4/5 5944/4/5
f 5946/1/5 5935/1/5 5934/1/5
f 5947/1/5 5935/1/5 5946/1/5
f 5948/1/5 5935/1/5 5947/1/5
f 5949/4/5 5937/4/5 5936/4/5
f 5950/4/5 5937/4/5 5949/4/5
f 5952/4/5 5940/4/5 5939/4/5
f 5953/4/5 5940/4/5 5952/4/5
f 5954/4/5 5942/4/5 5941/4/5
f 5955/4/5 5942/4/5 5954/4/5
f 5956/1/5 5946/1/5 5934/1/5
f 5957/1/5 5946/1/5 5956/1/5
f 5958/1/5 5935/1/5 5948/1/5
f 5959/4/5 5951/4/5 5950/4/5
f 5960/4/5 5951/4/5 5959/4/5
f 5962/4/5 5954/4/5 5953/4/5
f 5963/4/5 5954/4/5 5962/4/5
f 5964/1/5 5935/1/5 5958/1/5
f 5965/1/5 5935/1/5 5964/1/5
f 5966/4/5 5961/4/5 5960/4/5
f 5967/4/5 5961/4/5 5966/4/5
f 5969/4/5 5968/4/5 5967/4/5
f 5970/4/5 5968/4/5 5969/4/5
f 5973/4/5 5972/4/5 5971/4/5
f 5974/4/5 5972/4/5 5973/4/5
f 5977/4/5 5976/4/5 5975/4/5
f 5978/4/5 5976/4/5 5977/4/5
f 5981/4/5 5980/4/5 5979/4/5
f 5989/4/5 5981/4/5 5979/4/5
f 5989/4/5 5982/4/5 5981/4/5
f 5990/4/5 5982/4/5 5989/4/5
f 5991/4/5 5982/4/5 5990/4/5
f 5992/4/5 5984/4/5 5983/4/5
f 5993/4/5 5984/4/5 5992/4/5
f 5995/1/5 5986/1/5 5985/1/5
f 5996/1/5 5986/1/5 5995/1/5
f 6001/1/5 5988/1/5 5987/1/5
f 6002/1/5 5988/1/5 6001/1/5
f 6003/4/5 5989/4/5 5988/4/5
f 6003/4/5 5990/4/5 5989/4/5
f 6004/4/5 5990/4/5 6003/4/5
f 6005/4/5 5994/4/5 5993/4/5
f 6006/4/5 5994/4/5 6005/4/5
f 6009/4/5 5998/4/5 5997/4/5
f 6010/4/5 5998/4/5 6009/4/5
f 6011/4/5 5998/4/5 6010/4/5
f 6012/4/5 5998/4/5 6011/4/5
f 6013/4/5 6000/4/5 5999/4/5
f 6014/4/5 6000/4/5 6013/4/5
f 6015/4/5 6000/4/5 6014/4/5
f 6017/1/5 5988/1/5 6002/1/5
f 6018/4/5 6003/4/5 5988/4/5
f 6018/1/5 5988/1/5 6017/1/5
f 6019/4/5 6003/4/5 6018/4/5
f 6020/1/5 6008/1/5 6007/1/5
f 6021/1/5 6008/1/5 6020/1/5
f 6022/4/5 6016/4/5 6015/4/5
f 6022/4/5 6015/4/5 6014/4/5
f 6023/4/5 6016/4/5 6022/4/5
f 6024/4/5 6016/4/5 6023/4/5
f 6026/4/5 6025/4/5 6024/4/5
f 6026/4/5 6024/4/5 6023/4/5
f 6027/4/5 6025/4/5 6026/4/5
f 6028/1/5 6010/1/5 6009/1/5
f 6029/1/5 6010/1/5 6028/1/5
f 6034/1/5 6031/1/5 6030/1/5
f 6035/1/5 6031/1/5 6034/1/5
f 6036/1/5 6031/1/5 6035/1/5
f 6039/4/5 6033/4/5 6032/4/5
f 6040/4/5 6033/4/5 6039/4/5
f 6041/4/5 6038/4/5 6037/4/5
f 6042/4/5 6038/4/5 6041/4/5
f 6045/4/5 6044/4/5 6043/4/5
f 6046/4/5 6044/4/5 6045/4/5
f 6049/4/5 6048/4/5 6047/4/5
f 6050/4/5 6048/4/5 6049/4/5
f 6058/4/5 6052/4/5 6051/4/5
f 6059/4/5 6052/4/5 6058/4/5
f 6060/4/5 6054/4/5 6053/4/5
f 6061/4/5 6054/4/5 6060/4/5
f 6062/4/5 6056/4/5 6055/4/5
f 6063/1/5 6057/1/5 6056/1/5
f 6063/4/5 6056/4/5 6062/4/5
f 6064/1/5 6057/1/5 6063/1/5
f 6067/4/5 6066/4/5 6065/4/5
f 6068/4/5 6066/4/5 6067/4/5
f 6071/1/5 6070/1/5 6069/1/5
f 6072/1/5 6070/1/5 6071/1/5
f 6075/4/5 6074/4/5 6073/4/5
f 6076/4/5 6074/4/5 6075/4/5
f 6079/4/5 6078/4/5 6077/4/5
f 6080/4/5 6078/4/5 6079/4/5
f 6083/1/5 6082/1/5 6081/1/5
f 6084/1/5 6082/1/5 6083/1/5
f 6087/4/5 6086/4/5 6085/4/5
f 6088/4/5 6086/4/5 6087/4/5
f 6089/1/5 6088/1/5 6087/1/5
f 6090/1/5 6088/1/5 6089/1/5
f 6094/4/5 6092/4/5 6091/4/5
f 6094/4/5 6093/4/5 6092/4/5
f 6095/4/5 6093/4/5 6094/4/5
f 6098/1/5 6097/1/5 6096/1/5
f 6099/1/5 6097/1/5 6098/1/5
f 6102/1/5 6101/1/5 6100/1/5
f 6103/1/5 6101/1/5 6102/1/5
f 6108/1/5 6105/1/5 6104/1/5
f 6109/1/5 6105/1/5 6108/1/5
f 6110/1/5 6107/1/5 6106/1/5
f 6112/1/5 6110/1/5 6106/1/5
f 6113/4/5 6112/4/5 6111/4/5
f 6114/1/5 6110/1/5 6112/1/5
f 6114/4/5 6112/4/5 6113/4/5
f 6115/1/5 6110/1/5 6114/1/5
f 6118/1/5 6117/1/5 6116/1/5
f 6119/1/5 6117/1/5 6118/1/5
f 6120/1/5 6117/1/5 6119/1/5
f 6125/1/5 6117/1/5 6120/1/5
f 6126/4/5 6122/4/5 6121/4/5
f 6127/4/5 6122/4/5 6126/4/5
f 6128/1/5 6124/1/5 6123/1/5
f 6128/1/5 6125/1/5 6124/1/5
f 6129/1/5 6117/1/5 6125/1/5
f 6129/1/5 6125/1/5 6128/1/5
f 6134/1/5 6131/1/5 6130/1/5
f 6135/1/5 6131/1/5 6134/1/5
f 6136/1/5 6133/1/5 6132/1/5
f 6137/1/5 6133/1/5 6136/1/5
f 6138/1/5 6133/1/5 6137/1/5
f 6141/1/5 6137/1/5 6136/1/5
f 6142/1/5 6137/1/5 6141/1/5
f 6143/1/5 6140/1/5 6139/1/5
f 6144/1/5 6140/1/5 6143/1/5
f 6145/1/5 6140/1/5 6144/1/5
f 6150/1/5 6149/1/5 6148/1/5
f 6151/1/5 6149/1/5 6150/1/5
f 6152/1/5 6147/1/5 6146/1/5
f 6153/1/5 6147/1/5 6152/1/5
f 6156/1/5 6155/1/5 6154/1/5
f 6157/1/5 6155/1/5 6156/1/5
f 6163/1/5 6159/1/5 6158/1/5
f 6164/1/5 6159/1/5 6163/1/5
f 6165/1/5 6161/1/5 6160/1/5
f 6166/1/5 6161/1/5 6165/1/5
f 6167/1/5 6163/1/5 6162/1/5
f 6168/1/5 6163/1/5 6167/1/5
f 6169/1/5 6163/1/5 6168/1/5
f 6170/1/5 6163/1/5 6169/1/5
f 6171/1/5 6165/1/5 6160/1/5
f 6172/1/5 6165/1/5 6171/1/5
f 6181/1/5 6174/1/5 6173/1/5
f 6182/1/5 6174/1/5 6181/1/5
f 6183/1/5 6176/1/5 6175/1/5
f 6184/1/5 6176/1/5 6183/1/5
f 6185/1/5 6178/1/5 6177/1/5
f 6187/1/5 6185/1/5 6177/1/5
f 6188/1/5 6185/1/5 6187/1/5
f 6189/1/5 6187/1/5 6186/1/5
f 6190/1/5 6187/1/5 6189/1/5
f 6191/1/5 6187/1/5 6190/1/5
f 6192/1/5 6180/1/5 6179/1/5
f 6193/1/5 6180/1/5 6192/1/5
f 6196/1/5 6195/1/5 6194/1/5
f 6197/1/5 6195/1/5 6196/1/5
f 6204/1/5 6199/1/5 6198/1/5
f 6206/1/5 6201/1/5 6200/1/5
f 6207/1/5 6201/1/5 6206/1/5
f 6208/1/5 6203/1/5 6202/1/5
f 6209/1/5 6203/1/5 6208/1/5
f 6210/1/5 6205/1/5 6204/1/5
f 6210/1/5 6204/1/5 6198/1/5
f 6211/1/5 6205/1/5 6210/1/5
f 6212/1/5 6203/1/5 6209/1/5
f 6213/1/5 6203/1/5 6212/1/5
f 6215/1/5 6208/1/5 6202/1/5
f 6216/1/5 6215/1/5 6214/1/5
f 6217/1/5 6208/1/5 6215/1/5
f 6217/1/5 6215/1/5 6216/1/5
f 6218/1/5 6208/1/5 6217/1/5
f 6223/1/5 6220/1/5 6219/1/5
f 6224/1/5 6220/1/5 6223/1/5
f 6225/1/5 6222/1/5 6221/1/5
f 6226/1/5 6222/1/5 6225/1/5
f 6227/1/5 6223/1/5 6219/1/5
f 6228/1/5 6223/1/5 6227/1/5
f 6231/1/5 6230/1/5 6229/1/5
f 6232/1/5 6230/1/5 6231/1/5
f 6237/1/5 6234/1/5 6233/1/5
f 6238/1/5 6234/1/5 6237/1/5
f 6241/1/5 6236/1/5 6235/1/5
f 6242/1/5 6236/1/5 6241/1/5
f 6243/1/5 6236/1/5 6242/1/5
f 6245/1/5 6240/1/5 6239/1/5
f 6246/1/5 6240/1/5 6245/1/5
f 6247/1/5 6244/1/5 6243/1/5
f 6247/1/5 6243/1/5 6242/1/5
f 6248/1/5 6244/1/5 6247/1/5
f 6251/1/5 6250/1/5 6249/1/5
f 6252/1/5 6250/1/5 6251/1/5
f 6256/1/5 6254/1/5 6253/1/5
f 6257/1/5 6254/1/5 6256/1/5
f 6259/1/5 6256/1/5 6255/1/5
f 6260/1/5 6256/1/5 6259/1/5
f 6261/1/5 6259/1/5 6258/1/5
f 6262/1/5 6259/1/5 6261/1/5
f 6265/1/5 6264/1/5 6263/1/5
f 6266/1/5 6264/1/5 6265/1/5
f 6268/1/5 6267/1/5 6266/1/5
f 6269/1/5 6267/1/5 6268/1/5
f 6272/1/5 6271/1/5 6270/1/5
f 6273/1/5 6271/1/5 6272/1/5
f 6276/1/5 6275/1/5 6274/1/5
f 6277/1/5 6275/1/5 6276/1/5
f 6282/1/5 6279/1/5 6278/1/5
f 6283/1/5 6279/1/5 6282/1/5
f 6284/1/5 6281/1/5 6280/1/5
f 6285/1/5 6281/1/5 6284/1/5
f 6288/1/5 6287/1/5 6286/1/5
f 6289/1/5 6287/1/5 6288/1/5
f 6290/4/6 6291/4/6 6292/4/6
f 6292/4/6 6291/4/6 6293/4/6
f 6294/3/6 6295/3/6 6296/3/6
f 6296/3/6 6295/3/6 6297/3/6
f 6298/3/6 6299/3/6 6300/3/6
f 6300/3/6 6299/3/6 6301/3/6
f 6302/3/6 6303/3/6 6304/3/6
f 6304/3/6 6303/3/6 6305/3/6
f 6306/2/6 6307/2/6 6308/2/6
f 6308/2/6 6307/2/6 6309/2/6
f 6310/3/6 6311/3/6 6314/3/6
f 6314/3/6 6311/3/6 6315/3/6
f 6312/2/6 6313/2/6 6316/2/6
f 6316/2/6 6313/2/6 6317/2/6
f 6318/3/6 6319/3/6 6322/3/6
f 6322/3/6 6319/3/6 6323/3/6
f 6320/2/6 6321/2/6 6324/2/6
f 6324/2/6 6321/2/6 6325/2/6
f 6326/2/6 6327/2/6 6330/2/6
f 6330/2/6 6327/2/6 6331/2/6
f 6328/2/6 6329/2/6 6336/2/6
f 6336/2/6 6329/2/6 6337/2/6
f 6332/2/6 6333/2/6 6338/2/6
f 6338/2/6 6333/2/6 6339/2/6
f 6334/2/6 6335/2/6 6340/2/6
f 6340/2/6 6335/2/6 6341/2/6
f 6342/4/6 6343/4/6 6344/4/6
f 6344/4/6 6343/4/6 6345/4/6
f 6346/4/6 6347/4/6 6348/4/6
f 6348/4/6 6347/4/6 6349/4/6
f 6350/3/6 6351/3/6 6352/3/6
f 6352/3/6 6351/3/6 6353/3/6
f 6354/3/6 6355/3/6 6358/3/6
f 6358/3/6 6355/3/6 6359/3/6
f 6356/3/6 6357/3/6 6361/3/6
f 6361/3/6 6357/3/6 6362/3/6
f 6360/3/6 6361/3/6 6365/3/6
f 6365/3/6 6361/3/6 6366/3/6
f 6363/3/6 6364/3/6 6367/3/6
f 6367/3/6 6364/3/6 6368/3/6
f 6369/2/6 6370/2/6 6371/2/6
f 6371/2/6 6370/2/6 6372/2/6
f 6373/3/6 6374/3/6 6377/3/6
f 6377/3/6 6374/3/6 6378/3/6
f 6375/2/6 6376/2/6 6379/2/6
f 6379/2/6 6376/2/6 6380/2/6
f 6381/3/6 6382/3/6 6385/3/6
f 6385/3/6 6382/3/6 6386/3/6
f 6383/2/6 6384/2/6 6387/2/6
f 6387/2/6 6384/2/6 6388/2/6
f 6389/2/6 6390/2/6 6391/2/6
f 6391/2/6 6390/2/6 6392/2/6
f 6393/4/6 6394/4/6 6395/4/6
f 6395/4/6 6394/4/6 6396/4/6
f 6397/4/6 6398/4/6 6399/4/6
f 6399/4/6 6398/4/6 6400/4/6
f 6400/4/6 6401/4/6 6402/4/6
f 6402/4/6 6401/4/6 6403/4/6
f 6404/3/6 6405/3/6 6406/3/6
f 6406/3/6 6405/3/6 6407/3/6
f 6408/3/6 6409/3/6 6412/3/6
f 6412/3/6 6409/3/6 6413/3/6
f 6410/3/6 6411/3/6 6415/3/6
f 6415/3/6 6411/3/6 6416/3/6
f 6414/3/6 6415/3/6 6417/3/6
f 6417/3/6 6415/3/6 6418/3/6
f 6419/3/6 6420/3/6 6421/3/6
f 6421/3/6 6420/3/6 6422/3/6
f 6423/3/6 6424/3/6 6425/3/6
f 6425/3/6 6424/3/6 6426/3/6
f 6427/3/6 6428/3/6 6431/3/6
f 6431/3/6 6428/3/6 6432/3/6
f 6429/3/6 6430/3/6 6433/3/6
f 6433/3/6 6430/3/6 6434/3/6
f 6435/3/6 6436/3/6 6439/3/6
f 6439/3/6 6436/3/6 6440/3/6
f 6437/3/6 6438/3/6 6443/3/6
f 6443/3/6 6438/3/6 6444/3/6
f 6440/3/6 6441/3/6 6445/3/6
f 6445/3/6 6441/3/6 6446/3/6
f 6442/2/6 6443/2/6 6447/2/6
f 6447/2/6 6443/2/6 6448/2/6
f 6449/2/6 6450/2/6 6453/2/6
f 6453/2/6 6450/2/6 6454/2/6
f 6451/2/6 6452/2/6 6455/2/6
f 6455/2/6 6452/2/6 6456/2/6
f 6457/4/6 6458/4/6 6459/4/6
f 6459/4/6 6458/4/6 6460/4/6
f 6461/4/6 6462/4/6 6463/4/6
f 6463/4/6 6462/4/6 6464/4/6
f 6464/4/6 6465/4/6 6468/4/6
f 6468/4/6 6465/4/6 6469/4/6
f 6466/4/6 6467/4/6 6470/4/6
f 6470/4/6 6467/4/6 6471/4/6
f 6472/4/6 6473/4/6 6474/4/6
f 6474/4/6 6473/4/6 6475/4/6
f 6476/3/6 6477/3/6 6478/3/6
f 6478/3/6 6477/3/6 6479/3/6
f 6480/3/6 6481/3/6 6482/3/6
f 6482/3/6 6481/3/6 6483/3/6
f 6483/3/6 6484/3/6 6487/3/6
f 6487/3/6 6484/3/6 6488/3/6
f 6485/3/6 6486/3/6 6489/3/6
f 6489/3/6 6486/3/6 6490/3/6
f 6491/3/6 6492/3/6 6495/3/6
f 6495/3/6 6492/3/6 6496/3/6
f 6493/3/6 6494/3/6 6499/3/6
f 6499/3/6 6494/3/6 6500/3/6
f 6496/3/6 6497/3/6 6501/3/6
f 6501/3/6 6497/3/6 6502/3/6
f 6498/3/6 6499/3/6 6503/3/6
f 6503/3/6 6499/3/6 6504/3/6
f 6505/3/6 6506/3/6 6507/3/6
f 6507/3/6 6506/3/6 6508/3/6
f 6511/3/6 6512/3/6 6514/3/6
f 6514/3/6 6512/3/6 6515/3/6
f 6509/3/6 6510/3/6 6516/3/6
f 6516/3/6 6510/3/6 6517/3/6
f 6513/3/6 6514/3/6 6518/3/6
f 6518/3/6 6514/3/6 6519/3/6
f 6520/3/6 6521/3/6 6524/3/6
f 6524/3/6 6521/3/6 6525/3/6
f 6522/3/6 6523/3/6 6528/3/6
f 6528/3/6 6523/3/6 6529/3/6
f 6525/3/6 6526/3/6 6530/3/6
f 6530/3/6 6526/3/6 6531/3/6
f 6527/3/6 6528/3/6 6532/3/6
f 6532/3/6 6528/3/6 6533/3/6
f 6534/3/6 6535/3/6 6538/3/6
f 6538/3/6 6535/3/6 6539/3/6
f 6536/2/6 6537/2/6 6542/2/6
f 6542/2/6 6537/2/6 6543/2/6
f 6539/3/6 6540/3/6 6544/3/6
f 6544/3/6 6540/3/6 6545/3/6
f 6541/2/6 6542/2/6 6550/2/6
f 6550/2/6 6542/2/6 6551/2/6
f 6546/3/6 6547/3/6 6552/3/6
f 6552/3/6 6547/3/6 6553/3/6
f 6548/3/6 6549/3/6 6554/3/6
f 6554/3/6 6549/3/6 6555/3/6
f 6556/4/6 6557/4/6 6558/4/6
f 6558/4/6 6557/4/6 6559/4/6
f 6560/4/6 6561/4/6 6562/4/6
f 6562/4/6 6561/4/6 6563/4/6
f 6563/4/6 6564/4/6 6565/4/6
f 6565/4/6 6564/4/6 6566/4/6
f 6567/4/6 6568/4/6 6569/4/6
f 6569/4/6 6568/4/6 6570/4/6
f 6571/3/6 6572/3/6 6573/3/6
f 6573/3/6 6572/3/6 6574/3/6
f 6574/3/6 6575/3/6 6578/3/6
f 6578/3/6 6575/3/6 6579/3/6
f 6576/3/6 6577/3/6 6580/3/6
f 6580/3/6 6577/3/6 6581/3/6
f 6582/3/6 6583/3/6 6586/3/6
f 6586/3/6 6583/3/6 6587/3/6
f 6584/3/6 6585/3/6 6591/3/6
f 6591/3/6 6585/3/6 6592/3/6
f 6587/3/6 6588/3/6 6593/3/6
f 6593/3/6 6588/3/6 6594/3/6
f 6589/3/6 6590/3/6 6596/3/6
f 6596/3/6 6590/3/6 6597/3/6
f 6595/3/6 6596/3/6 6600/3/6
f 6600/3/6 6596/3/6 6601/3/6
f 6598/3/6 6599/3/6 6604/3/6
f 6604/3/6 6599/3/6 6605/3/6
f 6602/3/6 6603/3/6 6607/3/6
f 6607/3/6 6603/3/6 6608/3/6
f 6606/3/6 6607/3/6 6611/3/6
f 6611/3/6 6607/3/6 6612/3/6
f 6609/3/6 6610/3/6 6615/3/6
f 6615/3/6 6610/3/6 6616/3/6
f 6613/3/6 6614/3/6 6621/3/6
f 6621/3/6 6614/3/6 6622/3/6
f 6616/3/6 6617/3/6 6623/3/6
f 6623/3/6 6617/3/6 6624/3/6
f 6618/5/6 6619/5/6 6625/5/6
f 6620/3/6 6621/3/6 6626/3/6
f 6626/3/6 6621/3/6 6627/3/6
f 6625/5/6 6619/5/6 6630/5/6
f 6630/5/6 6619/5/6 6631/5/6
f 6628/3/6 6629/3/6 6634/3/6
f 6634/3/6 6629/3/6 6635/3/6
f 6630/3/6 6631/3/6 6638/3/6
f 6638/3/6 6631/3/6 6639/3/6
f 6632/2/6 6633/2/6 6642/2/6
f 6642/2/6 6633/2/6 6643/2/6
f 6636/3/6 6637/3/6 6644/3/6
f 6644/3/6 6637/3/6 6645/3/6
f 6640/3/6 6641/3/6 6648/3/6
f 6648/3/6 6641/3/6 6649/3/6
f 6645/3/6 6646/3/6 6650/3/6
f 6650/3/6 6646/3/6 6651/3/6
f 6647/3/6 6648/3/6 6654/3/6
f 6654/3/6 6648/3/6 6655/3/6
f 6652/3/6 6653/3/6 6656/3/6
f 6656/3/6 6653/3/6 6657/3/6
f 6658/4/6 6659/4/6 6662/4/6
f 6662/4/6 6659/4/6 6663/4/6
f 6664/4/6 6665/4/6 6668/4/6
f 6668/4/6 6665/4/6 6669/4/6
f 6660/4/6 6661/4/6 6671/4/6
f 6671/4/6 6661/4/6 6672/4/6
f 6672/4/6 6661/4/6 6673/4/6
f 6666/4/6 6667/4/6 6675/4/6
f 6675/4/6 6667/4/6 6676/4/6
f 6673/4/6 6674/4/6 6677/4/6
f 6672/4/6 6673/4/6 6677/4/6
f 6677/4/6 6674/4/6 6678/4/6
f 6678/4/6 6674/4/6 6679/4/6
f 6679/4/6 6674/4/6 6680/4/6
f 6669/4/6 6670/4/6 6681/4/6
f 6681/4/6 6670/4/6 6682/4/6
f 6682/4/6 6670/4/6 6683/4/6
f 6678/4/6 6679/4/6 6685/4/6
f 6685/4/6 6679/4/6 6686/4/6
f 6683/4/6 6684/4/6 6687/4/6
f 6682/4/6 6683/4/6 6687/4/6
f 6687/4/6 6684/4/6 6688/4/6
f 6688/4/6 6684/4/6 6689/4/6
f 6689/4/6 6684/4/6 6690/4/6
f 6691/4/6 6692/4/6 6693/4/6
f 6693/4/6 6692/4/6 6694/4/6
f 6695/3/6 6696/3/6 6699/3/6
f 6699/3/6 6696/3/6 6700/3/6
f 6697/3/6 6698/3/6 6703/3/6
f 6703/3/6 6698/3/6 6704/3/6
f 6700/3/6 6701/3/6 6705/3/6
f 6705/3/6 6701/3/6 6706/3/6
f 6702/3/6 6703/3/6 6709/3/6
f 6709/3/6 6703/3/6 6710/3/6
f 6707/3/6 6708/3/6 6714/3/6
f 6714/3/6 6708/3/6 6715/3/6
f 6711/3/6 6712/3/6 6716/3/6
f 6716/3/6 6712/3/6 6717/3/6
f 6713/3/6 6714/3/6 6719/3/6
f 6717/3/6 6718/3/6 6720/3/6
f 6719/3/6 6714/3/6 6721/3/6
f 6721/3/6 6714/3/6 6722/3/6
f 6723/3/6 6724/3/6 6725/3/6
f 6725/3/6 6724/3/6 6726/3/6
f 6717/3/6 6720/3/6 6727/3/6
f 6727/3/6 6720/3/6 6728/3/6
f 6729/3/6 6730/3/6 6737/3/6
f 6737/3/6 6730/3/6 6738/3/6
f 6731/3/6 6732/3/6 6739/3/6
f 6739/3/6 6732/3/6 6740/3/6
f 6734/5/6 6735/5/6 6741/5/6
f 6733/4/6 6734/4/6 6741/4/6
f 6741/5/6 6735/5/6 6742/5/6
f 6742/5/6 6735/5/6 6743/5/6
f 6743/5/6 6735/5/6 6744/5/6
f 6736/3/6 6737/3/6 6745/3/6
f 6745/3/6 6737/3/6 6746/3/6
f 6733/4/6 6741/4/6 6749/4/6
f 6741/4/6 6742/4/6 6749/4/6
f 6742/5/6 6743/5/6 6750/5/6
f 6749/4/6 6742/4/6 6750/4/6
f 6750/5/6 6743/5/6 6751/5/6
f 6747/3/6 6748/3/6 6754/3/6
f 6754/3/6 6748/3/6 6755/3/6
f 6749/3/6 6750/3/6 6757/3/6
f 6750/3/6 6751/3/6 6757/3/6
f 6757/3/6 6751/3/6 6758/3/6
f 6744/5/6 6735/5/6 6759/5/6
f 6759/5/6 6735/5/6 6760/5/6
f 6752/2/6 6753/2/6 6762/2/6
f 6762/2/6 6753/2/6 6763/2/6
f 6755/3/6 6756/3/6 6764/3/6
f 6764/3/6 6756/3/6 6765/3/6
f 6758/3/6 6751/3/6 6768/3/6
f 6759/3/6 6760/3/6 6769/3/6
f 6761/2/6 6762/2/6 6772/2/6
f 6772/2/6 6762/2/6 6773/2/6
f 6766/3/6 6767/3/6 6774/3/6
f 6774/3/6 6767/3/6 6775/3/6
f 6758/3/6 6768/3/6 6777/3/6
f 6768/3/6 6769/3/6 6777/3/6
f 6769/3/6 6760/3/6 6778/3/6
f 6777/3/6 6769/3/6 6778/3/6
f 6770/3/6 6771/3/6 6780/3/6
f 6780/3/6 6771/3/6 6781/3/6
f 6778/3/6 6779/3/6 6782/3/6
f 6776/3/6 6777/3/6 6782/3/6
f 6777/3/6 6778/3/6 6782/3/6
f 6782/3/6 6779/3/6 6783/3/6
f 6784/4/6 6785/4/6 6786/4/6
f 6786/4/6 6785/4/6 6787/4/6
f 6787/4/6 6788/4/6 6789/4/6
f 6789/4/6 6788/4/6 6790/4/6
f 6792/4/6 6793/4/6 6796/4/6
f 6796/4/6 6793/4/6 6797/4/6
f 6794/4/6 6795/4/6 6800/4/6
f 6800/4/6 6795/4/6 6801/4/6
f 6790/4/6 6791/4/6 6802/4/6
f 6802/4/6 6791/4/6 6803/4/6
f 6797/4/6 6798/4/6 6805/4/6
f 6805/4/6 6798/4/6 6806/4/6
f 6799/4/6 6800/4/6 6807/4/6
f 6807/4/6 6800/4/6 6808/4/6
f 6803/4/6 6804/4/6 6809/4/6
f 6809/4/6 6804/4/6 6810/4/6
f 6806/4/6 6807/4/6 6812/4/6
f 6812/4/6 6807/4/6 6813/4/6
f 6810/4/6 6811/4/6 6814/4/6
f 6814/4/6 6811/4/6 6815/4/6
f 6815/4/6 6816/4/6 6817/4/6
f 6817/4/6 6816/4/6 6818/4/6
f 6819/4/6 6820/4/6 6821/4/6
f 6821/4/6 6820/4/6 6822/4/6
f 6822/4/6 6823/4/6 6824/4/6
f 6822/4/6 6824/4/6 6829/4/6
f 6824/4/6 6825/4/6 6829/4/6
f 6829/4/6 6825/4/6 6830/4/6
f 6826/4/6 6827/4/6 6832/4/6
f 6827/3/6 6828/3/6 6833/3/6
f 6832/4/6 6827/4/6 6833/4/6
f 6833/3/6 6828/3/6 6834/3/6
f 6830/4/6 6825/4/6 6835/4/6
f 6835/4/6 6825/4/6 6836/4/6
f 6831/4/6 6832/4/6 6839/4/6
f 6832/3/6 6833/3/6 6840/3/6
f 6839/4/6 6832/4/6 6840/4/6
f 6840/3/6 6833/3/6 6841/3/6
f 6836/4/6 6837/4/6 6842/4/6
f 6838/4/6 6839/4/6 6845/4/6
f 6839/3/6 6840/3/6 6846/3/6
f 6845/4/6 6839/4/6 6846/4/6
f 6846/3/6 6840/3/6 6847/3/6
f 6842/4/6 6843/4/6 6848/4/6
f 6836/4/6 6842/4/6 6848/4/6
f 6848/4/6 6843/4/6 6849/4/6
f 6844/4/6 6845/4/6 6850/4/6
f 6850/4/6 6845/4/6 6851/4/6
f 6849/4/6 6843/4/6 6852/4/6
f 6852/4/6 6843/4/6 6853/4/6
f 6844/4/6 6850/4/6 6855/4/6
f 6855/4/6 6850/4/6 6856/4/6
f 6853/4/6 6854/4/6 6857/4/6
f 6857/4/6 6854/4/6 6858/4/6
f 6855/3/6 6856/3/6 6859/3/6
f 6859/3/6 6856/3/6 6861/3/6
f 6861/3/6 6856/3/6 6862/3/6
f 6860/3/6 6861/3/6 6864/3/6
f 6864/3/6 6861/3/6 6870/3/6
f 6863/3/6 6864/3/6 6870/3/6
f 6870/3/6 6861/3/6 6871/3/6
f 6857/3/6 6858/3/6 6872/3/6
f 6872/3/6 6858/3/6 6873/3/6
f 6865/4/6 6866/4/6 6875/4/6
f 6868/5/6 6869/5/6 6876/5/6
f 6875/4/6 6866/4/6 6876/4/6
f 6867/5/6 6868/5/6 6876/5/6
f 6866/5/6 6867/5/6 6876/5/6
f 6876/5/6 6869/5/6 6877/5/6
f 6863/3/6 6870/3/6 6879/3/6
f 6879/3/6 6870/3/6 6880/3/6
f 6873/3/6 6874/3/6 6881/3/6
f 6878/3/6 6879/3/6 6886/3/6
f 6873/3/6 6881/3/6 6887/3/6
f 6881/3/6 6882/3/6 6887/3/6
f 6887/3/6 6882/3/6 6888/3/6
f 6888/3/6 6882/3/6 6889/3/6
f 6883/5/6 6884/5/6 6891/5/6
f 6885/3/6 6886/3/6 6893/3/6
f 6886/3/6 6879/3/6 6894/3/6
f 6893/3/6 6886/3/6 6894/3/6
f 6894/3/6 6879/3/6 6895/3/6
f 6889/3/6 6890/3/6 6896/3/6
f 6888/3/6 6889/3/6 6896/3/6
f 6896/3/6 6890/3/6 6897/3/6
f 6897/3/6 6890/3/6 6898/3/6
f 6865/4/6 6875/4/6 6899/4/6
f 6899/4/6 6875/4/6 6900/4/6
f 6883/5/6 6891/5/6 6902/5/6
f 6902/5/6 6891/5/6 6903/5/6
f 6892/3/6 6893/3/6 6905/3/6
f 6893/2/6 6894/2/6 6906/2/6
f 6905/3/6 6893/3/6 6906/3/6
f 6906/2/6 6894/2/6 6907/2/6
f 6897/3/6 6898/3/6 6908/3/6
f 6900/3/6 6901/3/6 6908/3/6
f 6898/3/6 6899/3/6 6908/3/6
f 6899/3/6 6900/3/6 6908/3/6
f 6908/3/6 6901/3/6 6909/3/6
f 6902/3/6 6903/3/6 6910/3/6
f 6905/3/6 6906/3/6 6911/3/6
f 6904/3/6 6905/3/6 6911/3/6
f 6911/3/6 6906/3/6 6912/3/6
f 6909/3/6 6901/3/6 6913/3/6
f 6913/3/6 6901/3/6 6914/3/6
f 6902/3/6 6910/3/6 6915/3/6
f 6910/3/6 6911/3/6 6915/3/6
f 6915/3/6 6911/3/6 6916/3/6
f 6917/4/6 6918/4/6 6919/4/6
f 6919/4/6 6918/4/6 6920/4/6
f 6920/4/6 6918/4/6 6921/4/6
f 6921/4/6 6922/4/6 6927/4/6
f 6920/4/6 6921/4/6 6927/4/6
f 6927/4/6 6922/4/6 6928/4/6
f 6923/4/6 6924/4/6 6932/4/6
f 6932/4/6 6924/4/6 6933/4/6
f 6925/4/6 6926/4/6 6934/4/6
f 6934/4/6 6926/4/6 6935/4/6
f 6929/4/6 6930/4/6 6938/4/6
f 6938/4/6 6930/4/6 6939/4/6
f 6931/4/6 6932/4/6 6942/4/6
f 6942/4/6 6932/4/6 6943/4/6
f 6936/4/6 6937/4/6 6944/4/6
f 6944/4/6 6937/4/6 6945/4/6
f 6939/4/6 6940/4/6 6947/4/6
f 6947/4/6 6940/4/6 6948/4/6
f 6941/4/6 6942/4/6 6949/4/6
f 6949/4/6 6942/4/6 6950/4/6
f 6945/4/6 6946/4/6 6951/4/6
f 6951/4/6 6946/4/6 6952/4/6
f 6952/4/6 6953/4/6 6954/4/6
f 6954/4/6 6953/4/6 6955/4/6
f 6956/4/6 6957/4/6 6958/4/6
f 6958/4/6 6957/4/6 6959/4/6
f 6960/4/6 6961/4/6 6962/4/6
f 6962/4/6 6961/4/6 6963/4/6
f 6963/4/6 6964/4/6 6965/4/6
f 6965/4/6 6964/4/6 6966/4/6
f 6966/4/6 6967/4/6 6970/4/6
f 6968/4/6 6969/4/6 6973/4/6
f 6973/4/6 6969/4/6 6974/4/6
f 6970/4/6 6971/4/6 6975/4/6
f 6966/4/6 6970/4/6 6975/4/6
f 6975/4/6 6971/4/6 6976/4/6
f 6972/4/6 6973/4/6 6978/4/6
f 6978/4/6 6973/4/6 6979/4/6
f 6979/4/6 6973/4/6 6980/4/6
f 6976/4/6 6971/4/6 6981/4/6
f 6981/4/6 6971/4/6 6982/4/6
f 6978/4/6 6979/4/6 6985/4/6
f 6977/4/6 6978/4/6 6985/4/6
f 6985/4/6 6979/4/6 6986/4/6
f 6982/4/6 6983/4/6 6987/4/6
f 6982/4/6 6987/4/6 6989/4/6
f 6987/4/6 6988/4/6 6989/4/6
f 6989/4/6 6988/4/6 6990/4/6
f 6984/4/6 6985/4/6 6991/4/6
f 6991/4/6 6985/4/6 6992/4/6
f 6991/3/6 6992/3/6 6994/3/6
f 6994/3/6 6992/3/6 6995/3/6
f 6993/3/6 6994/3/6 6995/3/6
f 6995/3/6 6992/3/6 6996/3/6
f 6993/3/6 6995/3/6 7002/3/6
f 7002/3/6 6995/3/6 7003/3/6
f 6990/4/6 6988/4/6 7004/4/6
f 6997/4/6 6998/4/6 7006/4/6
f 6999/5/6 7000/5/6 7007/5/6
f 7006/4/6 6998/4/6 7007/4/6
f 6998/5/6 6999/5/6 7007/5/6
f 7007/5/6 7000/5/6 7008/5/6
f 7001/3/6 7002/3/6 7010/3/6
f 7004/4/6 7005/4/6 7011/4/6
f 6990/4/6 7004/4/6 7011/4/6
f 7011/4/6 7005/4/6 7012/4/6
f 7012/4/6 7005/4/6 7013/4/6
f 7009/3/6 7010/3/6 7018/3/6
f 7010/3/6 7002/3/6 7018/3/6
f 7018/3/6 7002/3/6 7019/3/6
f 7012/3/6 7013/3/6 7020/3/6
f 7020/3/6 7013/3/6 7021/3/6
f 7014/4/6 7015/4/6 7022/4/6
f 7016/5/6 7017/5/6 7023/5/6
f 7023/5/6 7017/5/6 7024/5/6
f 7009/3/6 7018/3/6 7026/3/6
f 7026/3/6 7018/3/6 7027/3/6
f 7021/3/6 7022/3/6 7028/3/6
f 7022/4/6 7015/4/6 7029/4/6
f 7028/3/6 7022/3/6 7029/3/6
f 7025/3/6 7026/3/6 7031/3/6
f 7031/3/6 7026/3/6 7032/3/6
f 7029/4/6 7015/4/6 7033/4/6
f 7033/4/6 7015/4/6 7034/4/6
f 7030/3/6 7031/3/6 7036/3/6
f 7036/3/6 7031/3/6 7037/3/6
f 7037/3/6 7031/3/6 7038/3/6
f 7035/3/6 7036/3/6 7039/3/6
f 7036/3/6 7037/3/6 7039/3/6
f 7039/3/6 7037/3/6 7040/3/6
f 7041/4/6 7042/4/6 7043/4/6
f 7043/4/6 7042/4/6 7044/4/6
f 7043/4/6 7044/4/6 7050/4/6
f 7044/4/6 7045/4/6 7050/4/6
f 7050/4/6 7045/4/6 7051/4/6
f 7051/4/6 7045/4/6 7052/4/6
f 7046/4/6 7047/4/6 7058/4/6
f 7058/4/6 7047/4/6 7059/4/6
f 7048/4/6 7049/4/6 7060/4/6
f 7060/4/6 7049/4/6 7061/4/6
f 7051/4/6 7052/4/6 7062/4/6
f 7052/4/6 7053/4/6 7062/4/6
f 7062/4/6 7053/4/6 7063/4/6
f 7054/4/6 7055/4/6 7064/4/6
f 7064/4/6 7055/4/6 7065/4/6
f 7056/4/6 7057/4/6 7069/4/6
f 7069/4/6 7057/4/6 7070/4/6
f 7066/4/6 7067/4/6 7073/4/6
f 7073/4/6 7067/4/6 7074/4/6
f 7068/4/6 7069/4/6 7077/4/6
f 7077/4/6 7069/4/6 7078/4/6
f 7071/4/6 7072/4/6 7079/4/6
f 7079/4/6 7072/4/6 7080/4/6
f 7075/4/6 7076/4/6 7082/4/6
f 7082/4/6 7076/4/6 7083/4/6
f 7080/4/6 7081/4/6 7084/4/6
f 7084/4/6 7081/4/6 7085/4/6
f 7086/4/6 7087/4/6 7088/4/6
f 7088/4/6 7087/4/6 7089/4/6
f 7090/4/6 7091/4/6 7094/4/6
f 7094/4/6 7091/4/6 7095/4/6
f 7092/4/6 7093/4/6 7099/4/6
f 7099/4/6 7093/4/6 7100/4/6
f 7095/4/6 7096/4/6 7101/4/6
f 7101/4/6 7096/4/6 7102/4/6
f 7097/5/6 7098/5/6 7103/5/6
f 7099/4/6 7100/4/6 7104/4/6
f 7103/5/6 7098/5/6 7104/5/6
f 7098/4/6 7099/4/6 7104/4/6
f 7104/4/6 7100/4/6 7105/4/6
f 7102/4/6 7096/4/6 7106/4/6
f 7103/4/6 7104/4/6 7109/4/6
f 7109/4/6 7104/4/6 7110/4/6
f 7106/4/6 7107/4/6 7111/4/6
f 7102/4/6 7106/4/6 7111/4/6
f 7111/4/6 7107/4/6 7112/4/6
f 7112/4/6 7107/4/6 7113/4/6
f 7108/4/6 7109/4/6 7115/4/6
f 7115/4/6 7109/4/6 7116/4/6
f 7113/4/6 7114/4/6 7117/4/6
f 7112/4/6 7113/4/6 7117/4/6
f 7117/4/6 7114/4/6 7118/4/6
f 7119/4/6 7120/4/6 7122/4/6
f 7122/4/6 7120/4/6 7123/4/6
f 7121/4/6 7122/4/6 7123/4/6
f 7123/4/6 7120/4/6 7124/4/6
f 7121/4/6 7123/4/6 7126/4/6
f 7118/4/6 7114/4/6 7127/4/6
f 7125/4/6 7126/4/6 7130/4/6
f 7126/4/6 7123/4/6 7131/4/6
f 7130/4/6 7126/4/6 7131/4/6
f 7131/4/6 7123/4/6 7132/4/6
f 7127/4/6 7128/4/6 7133/4/6
f 7118/4/6 7127/4/6 7133/4/6
f 7133/4/6 7128/4/6 7134/4/6
f 7129/4/6 7130/4/6 7135/4/6
f 7130/4/6 7131/4/6 7135/4/6
f 7135/4/6 7131/4/6 7136/4/6
f 7136/4/6 7131/4/6 7137/4/6
f 7134/4/6 7128/4/6 7138/4/6
f 7135/3/6 7136/3/6 7140/3/6
f 7134/4/6 7138/4/6 7141/4/6
f 7141/4/6 7138/4/6 7142/4/6
f 7139/3/6 7140/3/6 7144/3/6
f 7140/3/6 7136/3/6 7145/3/6
f 7144/3/6 7140/3/6 7145/3/6
f 7145/3/6 7136/3/6 7146/3/6
f 7143/3/6 7144/3/6 7147/3/6
f 7144/3/6 7145/3/6 7147/3/6
f 7147/3/6 7145/3/6 7148/3/6
f 7143/3/6 7147/3/6 7149/3/6
f 7149/3/6 7147/3/6 7150/3/6
f 7151/4/6 7152/4/6 7157/4/6
f 7157/4/6 7152/4/6 7158/4/6
f 7158/4/6 7152/4/6 7159/4/6
f 7153/4/6 7154/4/6 7161/4/6
f 7161/4/6 7154/4/6 7162/4/6
f 7155/4/6 7156/4/6 7165/4/6
f 7165/4/6 7156/4/6 7166/4/6
f 7159/4/6 7160/4/6 7167/4/6
f 7158/4/6 7159/4/6 7167/4/6
f 7167/4/6 7160/4/6 7168/4/6
f 7168/4/6 7160/4/6 7169/4/6
f 7163/4/6 7164/4/6 7171/4/6
f 7171/4/6 7164/4/6 7172/4/6
f 7169/4/6 7170/4/6 7173/4/6
f 7168/4/6 7169/4/6 7173/4/6
f 7173/4/6 7170/4/6 7174/4/6
f 7174/4/6 7170/4/6 7175/4/6
f 7175/4/6 7170/4/6 7176/4/6
f 7174/4/6 7175/4/6 7177/4/6
f 7177/4/6 7175/4/6 7178/4/6
f 7179/4/6 7180/4/6 7181/4/6
f 7181/4/6 7180/4/6 7182/4/6
f 7183/4/6 7184/4/6 7185/4/6
f 7185/4/6 7184/4/6 7186/4/6
f 7187/5/6 7188/5/6 7191/5/6
f 7191/5/6 7188/5/6 7192/5/6
f 7189/4/6 7190/4/6 7193/4/6
f 7189/4/6 7193/4/6 7195/4/6
f 7193/4/6 7194/4/6 7195/4/6
f 7195/4/6 7194/4/6 7196/4/6
f 7196/4/6 7194/4/6 7197/4/6
f 7197/4/6 7198/4/6 7199/4/6
f 7196/4/6 7197/4/6 7199/4/6
f 7199/4/6 7198/4/6 7200/4/6
f 7200/4/6 7198/4/6 7201/4/6
f 7201/4/6 7202/4/6 7203/4/6
f 7205/4/6 7206/4/6 7208/4/6
f 7208/4/6 7206/4/6 7209/4/6
f 7207/4/6 7208/4/6 7211/4/6
f 7210/4/6 7211/4/6 7213/4/6
f 7211/4/6 7208/4/6 7214/4/6
f 7213/4/6 7211/4/6 7214/4/6
f 7214/4/6 7208/4/6 7215/4/6
f 7200/4/6 7201/4/6 7216/4/6
f 7201/4/6 7203/4/6 7216/4/6
f 7203/4/6 7204/4/6 7216/4/6
f 7216/4/6 7204/4/6 7217/4/6
f 7217/4/6 7204/4/6 7218/4/6
f 7213/4/6 7214/4/6 7220/4/6
f 7212/4/6 7213/4/6 7220/4/6
f 7220/4/6 7214/4/6 7221/4/6
f 7221/4/6 7214/4/6 7222/4/6
f 7217/4/6 7218/4/6 7223/4/6
f 7223/4/6 7218/4/6 7224/4/6
f 7220/4/6 7221/4/6 7226/4/6
f 7219/4/6 7220/4/6 7226/4/6
f 7217/4/6 7223/4/6 7227/4/6
f 7227/4/6 7223/4/6 7228/4/6
f 7225/4/6 7226/4/6 7229/4/6
f 7226/4/6 7221/4/6 7230/4/6
f 7229/4/6 7226/4/6 7230/4/6
f 7230/4/6 7221/4/6 7231/4/6
f 7231/4/6 7221/4/6 7232/4/6
f 7230/4/6 7231/4/6 7233/4/6
f 7233/4/6 7231/4/6 7234/4/6
f 7235/4/6 7236/4/6 7237/4/6
f 7237/4/6 7236/4/6 7238/4/6
f 7238/4/6 7236/4/6 7239/4/6
f 7239/4/6 7240/4/6 7241/4/6
f 7238/4/6 7239/4/6 7241/4/6
f 7241/4/6 7240/4/6 7242/4/6
f 7243/4/6 7244/4/6 7245/4/6
f 7243/4/6 7245/4/6 7247/4/6
f 7245/4/6 7246/4/6 7247/4/6
f 7247/4/6 7246/4/6 7248/4/6
f 7249/4/6 7250/4/6 7251/4/6
f 7251/4/6 7250/4/6 7252/4/6
f 7253/4/6 7254/4/6 7257/4/6
f 7257/4/6 7254/4/6 7258/4/6
f 7255/4/6 7256/4/6 7259/4/6
f 7259/4/6 7256/4/6 7260/4/6
f 7260/4/6 7256/4/6 7261/4/6
f 7261/4/6 7256/4/6 7262/4/6
f 7262/4/6 7256/4/6 7263/4/6
f 7263/4/6 7256/4/6 7264/4/6
f 7265/4/6 7266/4/6 7267/4/6
f 7267/4/6 7268/4/6 7269/4/6
f 7269/4/6 7270/4/6 7273/4/6
f 7270/4/6 7271/4/6 7273/4/6
f 7271/5/6 7272/5/6 7274/5/6
f 7273/4/6 7271/4/6 7274/4/6
f 7274/5/6 7272/5/6 7275/5/6
f 7265/4/6 7267/4/6 7279/4/6
f 7267/4/6 7269/4/6 7279/4/6
f 7269/4/6 7273/4/6 7279/4/6
f 7276/5/6 7277/5/6 7280/5/6
f 7279/4/6 7273/4/6 7280/4/6
f 7275/5/6 7276/5/6 7280/5/6
f 7274/5/6 7275/5/6 7280/5/6
f 7273/5/6 7274/5/6 7280/5/6
f 7280/5/6 7277/5/6 7281/5/6
f 7277/4/6 7278/4/6 7282/4/6
f 7281/5/6 7277/5/6 7282/5/6
f 7282/4/6 7278/4/6 7283/4/6
f 7281/5/6 7282/5/6 7284/5/6
f 7284/5/6 7282/5/6 7285/5/6
f 7286/4/6 7287/4/6 7288/4/6
f 7288/4/6 7287/4/6 7289/4/6
f 7290/4/6 7291/4/6 7292/4/6
f 7292/4/6 7291/4/6 7293/4/6
f 7293/4/6 7294/4/6 7295/4/6
f 7295/4/6 7294/4/6 7296/4/6
f 7297/4/6 7298/4/6 7301/4/6
f 7301/4/6 7298/4/6 7302/4/6
f 7299/4/6 7300/4/6 7303/4/6
f 7303/4/6 7300/4/6 7304/4/6
f 7305/5/6 7306/5/6 7307/5/6
f 7307/5/6 7306/5/6 7308/5/6
f 7304/4/6 7300/4/6 7310/4/6
f 7309/4/6 7310/4/6 7313/4/6
f 7310/4/6 7300/4/6 7314/4/6
f 7313/4/6 7310/4/6 7314/4/6
f 7314/4/6 7300/4/6 7315/4/6
f 7311/4/6 7312/4/6 7317/4/6
f 7317/4/6 7312/4/6 7318/4/6
f 7316/4/6 7317/4/6 7319/4/6
f 7319/4/6 7317/4/6 7320/4/6
f 7321/4/6 7322/4/6 7324/4/6
f 7322/5/6 7323/5/6 7325/5/6
f 7324/4/6 7322/4/6 7325/4/6
f 7325/5/6 7323/5/6 7326/5/6
f 7327/4/6 7328/4/6 7329/4/6
f 7329/4/6 7328/4/6 7330/4/6
f 7331/4/6 7332/4/6 7333/4/6
f 7333/4/6 7332/4/6 7334/4/6
f 7335/4/6 7336/4/6 7337/4/6
f 7337/4/6 7336/4/6 7338/4/6
f 7338/4/6 7339/4/6 7340/4/6
f 7340/4/6 7339/4/6 7341/4/6
f 7342/4/6 7343/4/6 7348/4/6
f 7348/4/6 7343/4/6 7349/4/6
f 7344/4/6 7345/4/6 7354/4/6
f 7354/4/6 7345/4/6 7355/4/6
f 7346/4/6 7347/4/6 7356/4/6
f 7356/4/6 7347/4/6 7357/4/6
f 7352/5/6 7353/5/6 7358/5/6
f 7358/5/6 7353/5/6 7359/5/6
f 7360/4/6 7361/4/6 7363/4/6
f 7363/4/6 7361/4/6 7364/4/6
f 7350/4/6 7351/4/6 7366/4/6
f 7366/4/6 7351/4/6 7367/4/6
f 7362/4/6 7363/4/6 7368/4/6
f 7368/4/6 7363/4/6 7369/4/6
f 7365/4/6 7366/4/6 7370/4/6
f 7370/4/6 7366/4/6 7371/4/6
f 7372/4/6 7373/4/6 7376/4/6
f 7376/4/6 7373/4/6 7377/4/6
f 7374/4/6 7375/4/6 7381/4/6
f 7381/4/6 7375/4/6 7382/4/6
f 7378/5/6 7379/5/6 7383/5/6
f 7383/5/6 7379/5/6 7384/5/6
f 7380/4/6 7381/4/6 7388/4/6
f 7388/4/6 7381/4/6 7389/4/6
f 7385/5/6 7386/5/6 7390/5/6
f 7386/4/6 7387/4/6 7391/4/6
f 7390/5/6 7386/5/6 7391/5/6
f 7391/4/6 7387/4/6 7392/4/6
f 7393/4/6 7394/4/6 7395/4/6
f 7395/4/6 7394/4/6 7396/4/6
f 7397/4/6 7398/4/6 7399/4/6
f 7399/4/6 7398/4/6 7400/4/6
f 7401/4/6 7402/4/6 7407/4/6
f 7407/4/6 7402/4/6 7408/4/6
f 7403/4/6 7404/4/6 7409/4/6
f 7409/4/6 7404/4/6 7410/4/6
f 7405/4/6 7406/4/6 7413/4/6
f 7413/4/6 7406/4/6 7414/4/6
f 7411/5/6 7412/5/6 7417/5/6
f 7417/5/6 7412/5/6 7418/5/6
f 7417/4/6 7418/4/6 7420/4/6
f 7420/4/6 7418/4/6 7421/4/6
f 7415/4/6 7416/4/6 7422/4/6
f 7422/4/6 7416/4/6 7423/4/6
f 7419/4/6 7420/4/6 7424/4/6
f 7424/4/6 7420/4/6 7425/4/6
f 7426/4/6 7427/4/6 7430/4/6
f 7430/4/6 7427/4/6 7431/4/6
f 7428/4/6 7429/4/6 7435/4/6
f 7435/4/6 7429/4/6 7436/4/6
f 7432/5/6 7433/5/6 7437/5/6
f 7437/5/6 7433/5/6 7438/5/6
f 7434/4/6 7435/4/6 7442/4/6
f 7442/4/6 7435/4/6 7443/4/6
f 7439/5/6 7440/5/6 7444/5/6
f 7444/5/6 7440/5/6 7445/5/6
f 7441/4/6 7442/4/6 7446/4/6
f 7446/4/6 7442/4/6 7447/4/6
f 7448/4/6 7449/4/6 7451/4/6
f 7450/4/6 7451/4/6 7452/4/6
f 7451/4/6 7449/4/6 7453/4/6
f 7452/4/6 7451/4/6 7453/4/6
f 7454/4/6 7455/4/6 7458/4/6
f 7458/4/6 7455/4/6 7459/4/6
f 7454/4/6 7458/4/6 7460/4/6
f 7460/4/6 7458/4/6 7461/4/6
f 7459/4/6 7455/4/6 7462/4/6
f 7462/4/6 7455/4/6 7463/4/6
f 7456/4/6 7457/4/6 7464/4/6
f 7464/4/6 7457/4/6 7465/4/6
f 7466/4/6 7467/4/6 7470/4/6
f 7470/4/6 7467/4/6 7471/4/6
f 7468/4/6 7469/4/6 7475/4/6
f 7475/4/6 7469/4/6 7476/4/6
f 7471/4/6 7472/4/6 7477/4/6
f 7477/4/6 7472/4/6 7478/4/6
f 7473/4/6 7474/4/6 7480/4/6
f 7480/4/6 7474/4/6 7481/4/6
f 7479/4/6 7480/4/6 7483/4/6
f 7483/4/6 7480/4/6 7484/4/6
f 7482/4/6 7483/4/6 7484/4/6
f 7484/4/6 7480/4/6 7485/4/6
f 7486/4/6 7487/4/6 7488/4/6
f 7482/4/6 7484/4/6 7493/4/6
f 7493/4/6 7484/4/6 7494/4/6
f 7486/4/6 7488/4/6 7495/4/6
f 7488/4/6 7489/4/6 7495/4/6
f 7490/5/6 7491/5/6 7496/5/6
f 7495/4/6 7489/4/6 7496/4/6
f 7489/5/6 7490/5/6 7496/5/6
f 7496/5/6 7491/5/6 7497/5/6
f 7492/4/6 7493/4/6 7500/4/6
f 7500/4/6 7493/4/6 7501/4/6
f 7497/5/6 7498/5/6 7502/5/6
f 7502/5/6 7498/5/6 7503/5/6
f 7499/4/6 7500/4/6 7505/4/6
f 7505/4/6 7500/4/6 7506/4/6
f 7503/5/6 7504/5/6 7507/5/6
f 7504/4/6 7505/4/6 7508/4/6
f 7507/5/6 7504/5/6 7508/5/6
f 7508/4/6 7505/4/6 7509/4/6
f 7510/4/6 7511/4/6 7512/4/6
f 7512/4/6 7511/4/6 7513/4/6
f 7514/4/6 7515/4/6 7518/4/6
f 7516/4/6 7517/4/6 7521/4/6
f 7517/4/6 7518/4/6 7521/4/6
f 7518/4/6 7515/4/6 7522/4/6
f 7521/4/6 7518/4/6 7522/4/6
f 7519/4/6 7520/4/6 7523/4/6
f 7523/4/6 7520/4/6 7524/4/6
f 7525/4/6 7526/4/6 7527/4/6
f 7527/4/6 7526/4/6 7528/4/6
f 7519/4/6 7523/4/6 7529/4/6
f 7529/4/6 7523/4/6 7530/4/6
f 7524/4/6 7520/4/6 7532/4/6
f 7531/4/6 7532/4/6 7533/4/6
f 7532/4/6 7520/4/6 7534/4/6
f 7533/4/6 7532/4/6 7534/4/6
f 7525/4/6 7527/4/6 7535/4/6
f 7531/4/6 7533/4/6 7537/4/6
f 7535/4/6 7536/4/6 7542/4/6
f 7542/4/6 7536/4/6 7543/4/6
f 7531/4/6 7537/4/6 7544/4/6
f 7544/4/6 7537/4/6 7545/4/6
f 7538/4/6 7539/4/6 7546/4/6
f 7546/4/6 7539/4/6 7547/4/6
f 7540/4/6 7541/4/6 7548/4/6
f 7548/4/6 7541/4/6 7549/4/6
f 7525/4/6 7535/4/6 7550/4/6
f 7535/4/6 7542/4/6 7550/4/6
f 7550/4/6 7542/4/6 7551/4/6
f 7552/4/6 7553/4/6 7557/4/6
f 7554/4/6 7555/4/6 7559/4/6
f 7556/4/6 7557/4/6 7560/4/6
f 7557/4/6 7553/4/6 7560/4/6
f 7560/4/6 7553/4/6 7561/4/6
f 7556/4/6 7560/4/6 7563/4/6
f 7561/5/6 7562/5/6 7564/5/6
f 7563/4/6 7560/4/6 7564/4/6
f 7560/5/6 7561/5/6 7564/5/6
f 7564/5/6 7562/5/6 7565/5/6
f 7565/5/6 7562/5/6 7566/5/6
f 7558/4/6 7559/4/6 7568/4/6
f 7559/4/6 7555/4/6 7569/4/6
f 7568/4/6 7559/4/6 7569/4/6
f 7569/4/6 7555/4/6 7570/4/6
f 7566/5/6 7567/5/6 7571/5/6
f 7565/5/6 7566/5/6 7571/5/6
f 7571/5/6 7567/5/6 7572/5/6
f 7567/4/6 7568/4/6 7573/4/6
f 7568/4/6 7569/4/6 7573/4/6
f 7573/4/6 7569/4/6 7574/4/6
f 7572/5/6 7567/5/6 7575/5/6
f 7567/4/6 7573/4/6 7576/4/6
f 7575/5/6 7567/5/6 7576/5/6
f 7576/4/6 7573/4/6 7577/4/6
f 7578/4/6 7579/4/6 7580/4/6
f 7580/4/6 7579/4/6 7581/4/6
f 7582/4/6 7583/4/6 7585/4/6
f 7585/4/6 7583/4/6 7586/4/6
f 7584/4/6 7585/4/6 7592/4/6
f 7592/4/6 7585/4/6 7593/4/6
f 7588/4/6 7589/4/6 7594/4/6
f 7587/4/6 7588/4/6 7594/4/6
f 7594/4/6 7589/4/6 7595/4/6
f 7595/4/6 7589/4/6 7596/4/6
f 7590/4/6 7591/4/6 7597/4/6
f 7597/4/6 7591/4/6 7598/4/6
f 7598/4/6 7599/4/6 7602/4/6
f 7602/4/6 7599/4/6 7603/4/6
f 7603/4/6 7604/4/6 7605/4/6
f 7605/4/6 7604/4/6 7606/4/6
f 7600/4/6 7601/4/6 7609/4/6
f 7609/4/6 7601/4/6 7610/4/6
f 7607/4/6 7608/4/6 7611/4/6
f 7611/4/6 7608/4/6 7612/4/6
f 7614/4/6 7615/4/6 7620/4/6
f 7613/4/6 7614/4/6 7620/4/6
f 7620/4/6 7615/4/6 7621/4/6
f 7616/4/6 7617/4/6 7624/4/6
f 7624/4/6 7617/4/6 7625/4/6
f 7618/4/6 7619/4/6 7627/4/6
f 7626/4/6 7627/4/6 7628/4/6
f 7627/4/6 7619/4/6 7629/4/6
f 7628/4/6 7627/4/6 7629/4/6
f 7622/4/6 7623/4/6 7630/4/6
f 7630/4/6 7623/4/6 7631/4/6
f 7632/4/6 7633/4/6 7634/4/6
f 7632/4/6 7634/4/6 7637/4/6
f 7637/4/6 7634/4/6 7638/4/6
f 7635/4/6 7636/4/6 7640/4/6
f 7640/4/6 7636/4/6 7641/4/6
f 7641/4/6 7636/4/6 7642/4/6
f 7639/4/6 7640/4/6 7643/4/6
f 7640/4/6 7641/4/6 7643/4/6
f 7643/4/6 7641/4/6 7644/4/6
f 7642/4/6 7636/4/6 7645/4/6
f 7645/4/6 7646/4/6 7647/4/6
f 7642/4/6 7645/4/6 7647/4/6
f 7647/4/6 7646/4/6 7648/4/6
f 7648/4/6 7646/4/6 7649/4/6
f 7649/4/6 7646/4/6 7650/4/6
f 7651/1/6 7652/1/6 7657/1/6
f 7657/1/6 7652/1/6 7658/1/6
f 7653/4/6 7654/4/6 7659/4/6
f 7659/4/6 7654/4/6 7660/4/6
f 7655/4/6 7656/4/6 7663/4/6
f 7663/4/6 7656/4/6 7664/4/6
f 7661/4/6 7662/4/6 7667/4/6
f 7667/4/6 7662/4/6 7668/4/6
f 7665/4/6 7666/4/6 7669/4/6
f 7669/4/6 7666/4/6 7670/4/6
f 7671/4/6 7672/4/6 7675/4/6
f 7675/4/6 7672/4/6 7676/4/6
f 7673/1/6 7674/1/6 7678/1/6
f 7678/1/6 7674/1/6 7679/1/6
f 7676/4/6 7677/4/6 7680/4/6
f 7680/4/6 7677/4/6 7681/4/6
f 7681/4/6 7682/4/6 7683/4/6
f 7683/4/6 7682/4/6 7684/4/6
f 7678/4/6 7679/4/6 7685/4/6
f 7673/1/6 7678/1/6 7685/1/6
f 7685/4/6 7679/4/6 7686/4/6
f 7673/1/6 7685/1/6 7687/1/6
f 7687/1/6 7685/1/6 7688/1/6
f 7689/4/6 7690/4/6 7691/4/6
f 7691/4/6 7690/4/6 7692/4/6
f 7693/4/6 7694/4/6 7695/4/6
f 7695/4/6 7694/4/6 7696/4/6
f 7689/4/6 7691/4/6 7697/4/6
f 7697/4/6 7691/4/6 7698/4/6
f 7699/4/6 7700/4/6 7704/4/6
f 7700/4/6 7701/4/6 7704/4/6
f 7704/4/6 7701/4/6 7705/4/6
f 7702/4/6 7703/4/6 7708/4/6
f 7708/4/6 7703/4/6 7709/4/6
f 7706/4/6 7707/4/6 7710/4/6
f 7710/4/6 7707/4/6 7711/4/6
f 7712/4/6 7713/4/6 7714/4/6
f 7714/4/6 7713/4/6 7715/4/6
f 7716/1/6 7717/1/6 7723/1/6
f 7718/1/6 7719/1/6 7725/1/6
f 7719/4/6 7720/4/6 7726/4/6
f 7725/1/6 7719/1/6 7726/1/6
f 7726/4/6 7720/4/6 7727/4/6
f 7721/4/6 7722/4/6 7736/4/6
f 7736/4/6 7722/4/6 7737/4/6
f 7723/1/6 7724/1/6 7738/1/6
f 7728/4/6 7729/4/6 7740/4/6
f 7730/4/6 7731/4/6 7741/4/6
f 7732/4/6 7733/4/6 7742/4/6
f 7734/4/6 7735/4/6 7743/4/6
f 7743/4/6 7735/4/6 7744/4/6
f 7721/4/6 7736/4/6 7745/4/6
f 7745/4/6 7736/4/6 7746/4/6
f 7716/1/6 7723/1/6 7749/1/6
f 7738/1/6 7739/1/6 7749/1/6
f 7723/1/6 7738/1/6 7749/1/6
f 7749/1/6 7739/1/6 7750/1/6
f 7750/1/6 7739/1/6 7751/1/6
f 7740/4/6 7741/4/6 7753/4/6
f 7728/4/6 7740/4/6 7753/4/6
f 7753/4/6 7741/4/6 7754/4/6
f 7732/4/6 7742/4/6 7755/4/6
f 7742/4/6 7743/4/6 7755/4/6
f 7755/4/6 7743/4/6 7756/4/6
f 7747/4/6 7748/4/6 7757/4/6
f 7757/4/6 7748/4/6 7758/4/6
f 7754/4/6 7741/4/6 7760/4/6
f 7741/4/6 7731/4/6 7761/4/6
f 7760/4/6 7741/4/6 7761/4/6
f 7758/4/6 7759/4/6 7762/4/6
f 7762/4/6 7759/4/6 7763/4/6
f 7763/4/6 7764/4/6 7767/4/6
f 7767/4/6 7764/4/6 7768/4/6
f 7751/4/6 7752/4/6 7770/4/6
f 7750/4/6 7751/4/6 7770/4/6
f 7770/4/6 7752/4/6 7771/4/6
f 7765/1/6 7766/1/6 7772/1/6
f 7772/1/6 7766/1/6 7773/1/6
f 7768/4/6 7769/4/6 7777/4/6
f 7771/4/6 7752/4/6 7778/4/6
f 7778/4/6 7752/4/6 7779/4/6
f 7776/4/6 7777/4/6 7780/4/6
f 7775/4/6 7776/4/6 7780/4/6
f 7774/4/6 7775/4/6 7780/4/6
f 7777/4/6 7769/4/6 7781/4/6
f 7780/4/6 7777/4/6 7781/4/6
f 7774/4/6 7780/4/6 7784/4/6
f 7784/4/6 7780/4/6 7785/4/6
f 7782/4/6 7783/4/6 7786/4/6
f 7786/4/6 7783/4/6 7787/4/6
f 7788/4/6 7789/4/6 7792/4/6
f 7792/4/6 7789/4/6 7793/4/6
f 7793/4/6 7789/4/6 7794/4/6
f 7794/4/6 7789/4/6 7795/4/6
f 7790/4/6 7791/4/6 7799/4/6
f 7799/4/6 7791/4/6 7800/4/6
f 7793/4/6 7794/4/6 7801/4/6
f 7801/4/6 7794/4/6 7802/4/6
f 7796/4/6 7797/4/6 7803/4/6
f 7803/4/6 7797/4/6 7804/4/6
f 7798/4/6 7799/4/6 7805/4/6
f 7805/4/6 7799/4/6 7806/4/6
f 7806/4/6 7799/4/6 7807/4/6
f 7805/4/6 7806/4/6 7808/4/6
f 7808/4/6 7806/4/6 7809/4/6
f 7810/1/6 7811/1/6 7818/1/6
f 7818/1/6 7811/1/6 7819/1/6
f 7819/1/6 7811/1/6 7820/1/6
f 7816/4/6 7817/4/6 7821/4/6
f 7819/4/6 7820/4/6 7823/4/6
f 7823/4/6 7820/4/6 7824/4/6
f 7812/4/6 7813/4/6 7825/4/6
f 7825/4/6 7813/4/6 7826/4/6
f 7814/4/6 7815/4/6 7828/4/6
f 7821/4/6 7822/4/6 7831/4/6
f 7816/4/6 7821/4/6 7831/4/6
f 7831/4/6 7822/4/6 7832/4/6
f 7832/4/6 7822/4/6 7833/4/6
f 7826/4/6 7827/4/6 7835/4/6
f 7824/4/6 7825/4/6 7835/4/6
f 7825/4/6 7826/4/6 7835/4/6
f 7835/4/6 7827/4/6 7836/4/6
f 7836/4/6 7827/4/6 7837/4/6
f 7814/4/6 7828/4/6 7838/4/6
f 7829/4/6 7830/4/6 7839/4/6
f 7839/4/6 7830/4/6 7840/4/6
f 7833/1/6 7834/1/6 7841/1/6
f 7841/1/6 7834/1/6 7842/1/6
f 7837/4/6 7838/4/6 7844/4/6
f 7836/4/6 7837/4/6 7844/4/6
f 7838/4/6 7828/4/6 7845/4/6
f 7844/4/6 7838/4/6 7845/4/6
f 7842/4/6 7843/4/6 7847/4/6
f 7847/4/6 7843/4/6 7848/4/6
f 7846/1/6 7847/1/6 7852/1/6
f 7852/1/6 7847/1/6 7853/1/6
f 7848/4/6 7849/4/6 7854/4/6
f 7854/4/6 7849/4/6 7855/4/6
f 7824/4/6 7835/4/6 7856/4/6
f 7856/4/6 7835/4/6 7857/4/6
f 7850/1/6 7851/1/6 7859/1/6
f 7859/1/6 7851/1/6 7860/1/6
f 7858/4/6 7859/4/6 7863/4/6
f 7863/4/6 7859/4/6 7864/4/6
f 7861/4/6 7862/4/6 7867/4/6
f 7867/4/6 7862/4/6 7868/4/6
f 7865/4/6 7866/4/6 7871/4/6
f 7869/4/6 7870/4/6 7873/4/6
f 7873/4/6 7870/4/6 7874/4/6
f 7871/4/6 7872/4/6 7876/4/6
f 7865/4/6 7871/4/6 7876/4/6
f 7876/4/6 7872/4/6 7877/4/6
f 7875/4/6 7876/4/6 7880/4/6
f 7880/4/6 7876/4/6 7881/4/6
f 7877/4/6 7872/4/6 7882/4/6
f 7882/4/6 7872/4/6 7883/4/6
f 7878/4/6 7879/4/6 7884/4/6
f 7884/4/6 7879/4/6 7885/4/6
f 7885/4/6 7879/4/6 7886/4/6
f 7884/4/6 7885/4/6 7887/4/6
f 7887/4/6 7885/4/6 7888/4/6
f 7889/1/6 7890/1/6 7893/1/6
f 7893/1/6 7890/1/6 7894/1/6
f 7891/4/6 7892/4/6 7899/4/6
f 7899/4/6 7892/4/6 7900/4/6
f 7895/4/6 7896/4/6 7903/4/6
f 7903/4/6 7896/4/6 7904/4/6
f 7901/4/6 7902/4/6 7909/4/6
f 7903/4/6 7904/4/6 7910/4/6
f 7904/4/6 7905/4/6 7910/4/6
f 7905/1/6 7906/1/6 7911/1/6
f 7910/4/6 7905/4/6 7911/4/6
f 7911/1/6 7906/1/6 7912/1/6
f 7912/1/6 7906/1/6 7913/1/6
f 7907/4/6 7908/4/6 7915/4/6
f 7915/4/6 7908/4/6 7916/4/6
f 7901/4/6 7909/4/6 7918/4/6
f 7918/4/6 7909/4/6 7919/4/6
f 7897/1/6 7898/1/6 7920/1/6
f 7920/1/6 7898/1/6 7921/1/6
f 7913/1/6 7914/1/6 7922/1/6
f 7912/1/6 7913/1/6 7922/1/6
f 7922/1/6 7914/1/6 7923/1/6
f 7917/4/6 7918/4/6 7925/4/6
f 7925/4/6 7918/4/6 7926/4/6
f 7923/1/6 7924/1/6 7929/1/6
f 7929/1/6 7924/1/6 7930/1/6
f 7927/1/6 7928/1/6 7937/1/6
f 7937/1/6 7928/1/6 7938/1/6
f 7931/4/6 7932/4/6 7939/4/6
f 7939/4/6 7932/4/6 7940/4/6
f 7933/1/6 7934/1/6 7942/1/6
f 7942/1/6 7934/1/6 7943/1/6
f 7935/4/6 7936/4/6 7944/4/6
f 7944/4/6 7936/4/6 7945/4/6
f 7942/4/6 7943/4/6 7948/4/6
f 7941/4/6 7942/4/6 7948/4/6
f 7948/4/6 7943/4/6 7949/4/6
f 7946/4/6 7947/4/6 7950/4/6
f 7950/4/6 7947/4/6 7951/4/6
f 7951/4/6 7947/4/6 7952/4/6
f 7952/4/6 7953/4/6 7954/4/6
f 7951/4/6 7952/4/6 7956/4/6
f 7954/4/6 7955/4/6 7956/4/6
f 7952/4/6 7954/4/6 7956/4/6
f 7956/4/6 7955/4/6 7957/4/6
f 7958/4/6 7959/4/6 7962/4/6
f 7962/4/6 7959/4/6 7963/4/6
f 7960/4/6 7961/4/6 7964/4/6
f 7964/4/6 7961/4/6 7965/4/6
f 7966/1/6 7967/1/6 7968/1/6
f 7968/1/6 7967/1/6 7969/1/6
f 7972/1/6 7973/1/6 7976/1/6
f 7976/1/6 7973/1/6 7977/1/6
f 7974/4/6 7975/4/6 7980/4/6
f 7970/1/6 7971/1/6 7981/1/6
f 7978/1/6 7979/1/6 7982/1/6
f 7982/1/6 7979/1/6 7983/1/6
f 7983/1/6 7979/1/6 7984/1/6
f 7984/1/6 7979/1/6 7985/1/6
f 7970/1/6 7981/1/6 7987/1/6
f 7987/1/6 7981/1/6 7988/1/6
f 7983/1/6 7984/1/6 7989/1/6
f 7989/1/6 7984/1/6 7990/1/6
f 7974/4/6 7980/4/6 7991/4/6
f 7991/4/6 7980/4/6 7992/4/6
f 7986/1/6 7987/1/6 7995/1/6
f 7995/1/6 7987/1/6 7996/1/6
f 7993/1/6 7994/1/6 7999/1/6
f 7999/1/6 7994/1/6 8000/1/6
f 7997/4/6 7998/4/6 8003/4/6
f 8003/4/6 7998/4/6 8004/4/6
f 8001/4/6 8002/4/6 8005/4/6
f 8005/4/6 8002/4/6 8006/4/6
f 8007/4/6 8008/4/6 8009/4/6
f 8009/4/6 8008/4/6 8010/4/6
f 8010/4/6 8008/4/6 8011/4/6
f 8011/4/6 8008/4/6 8012/4/6
f 8013/4/6 8014/4/6 8015/4/6
f 8015/4/6 8014/4/6 8016/4/6
f 8017/1/6 8018/1/6 8019/1/6
f 8019/1/6 8018/1/6 8020/1/6
f 8021/1/6 8022/1/6 8023/1/6
f 8023/1/6 8022/1/6 8024/1/6
f 8025/1/6 8026/1/6 8027/1/6
f 8027/1/6 8026/1/6 8028/1/6
f 8029/4/6 8030/4/6 8031/4/6
f 8031/4/6 8030/4/6 8032/4/6
f 8032/4/6 8030/4/6 8033/4/6
f 8033/4/6 8030/4/6 8034/4/6
f 8035/4/6 8036/4/6 8037/4/6
f 8037/4/6 8036/4/6 8038/4/6
f 8039/4/6 8040/4/6 8043/4/6
f 8043/4/6 8040/4/6 8044/4/6
f 8041/1/6 8042/1/6 8045/1/6
f 8045/1/6 8042/1/6 8046/1/6
f 8046/1/6 8042/1/6 8047/1/6
f 8039/4/6 8043/4/6 8048/4/6
f 8048/4/6 8043/4/6 8049/4/6
f 8045/1/6 8046/1/6 8050/1/6
f 8050/1/6 8046/1/6 8051/1/6
f 8052/1/6 8053/1/6 8054/1/6
f 8054/1/6 8053/1/6 8055/1/6
f 8056/1/6 8057/1/6 8060/1/6
f 8060/1/6 8057/1/6 8061/1/6
f 8058/1/6 8059/1/6 8062/1/6
f 8059/1/6 8060/1/6 8062/1/6
f 8062/1/6 8060/1/6 8063/1/6
f 8062/1/6 8063/1/6 8065/1/6
f 8063/4/6 8064/4/6 8066/4/6
f 8065/1/6 8063/1/6 8066/1/6
f 8066/4/6 8064/4/6 8067/4/6
f 8066/4/6 8067/4/6 8069/4/6
f 8067/4/6 8068/4/6 8069/4/6
f 8065/4/6 8066/4/6 8069/4/6
f 8069/4/6 8068/4/6 8070/4/6
f 8070/4/6 8068/4/6 8071/4/6
f 8071/4/6 8068/4/6 8072/4/6
f 8073/4/6 8074/4/6 8079/4/6
f 8074/1/6 8075/1/6 8080/1/6
f 8079/4/6 8074/4/6 8080/4/6
f 8080/1/6 8075/1/6 8081/1/6
f 8076/1/6 8077/1/6 8083/1/6
f 8083/1/6 8077/1/6 8084/1/6
f 8081/1/6 8082/1/6 8087/1/6
f 8078/1/6 8079/1/6 8087/1/6
f 8079/1/6 8080/1/6 8087/1/6
f 8080/1/6 8081/1/6 8087/1/6
f 8087/1/6 8082/1/6 8088/1/6
f 8088/1/6 8082/1/6 8089/1/6
f 8089/1/6 8082/1/6 8090/1/6
f 8085/1/6 8086/1/6 8093/1/6
f 8088/1/6 8089/1/6 8094/1/6
f 8094/1/6 8089/1/6 8095/1/6
f 8091/1/6 8092/1/6 8096/1/6
f 8096/1/6 8092/1/6 8097/1/6
f 8085/1/6 8093/1/6 8098/1/6
f 8098/1/6 8093/1/6 8099/1/6
f 8100/1/6 8101/1/6 8104/1/6
f 8104/1/6 8101/1/6 8105/1/6
f 8102/1/6 8103/1/6 8106/1/6
f 8106/1/6 8103/1/6 8107/1/6
f 8107/1/6 8108/1/6 8111/1/6
f 8111/1/6 8108/1/6 8112/1/6
f 8112/1/6 8108/1/6 8113/1/6
f 8113/1/6 8108/1/6 8114/1/6
f 8109/1/6 8110/1/6 8115/1/6
f 8115/1/6 8110/1/6 8116/1/6
f 8117/4/6 8118/4/6 8119/4/6
f 8119/4/6 8118/4/6 8120/4/6
f 8119/1/6 8120/1/6 8123/1/6
f 8123/1/6 8120/1/6 8124/1/6
f 8121/1/6 8122/1/6 8127/1/6
f 8127/1/6 8122/1/6 8128/1/6
f 8128/1/6 8122/1/6 8129/1/6
f 8124/1/6 8125/1/6 8131/1/6
f 8131/1/6 8125/1/6 8132/1/6
f 8127/1/6 8128/1/6 8133/1/6
f 8126/1/6 8127/1/6 8133/1/6
f 8133/1/6 8128/1/6 8134/1/6
f 8129/1/6 8130/1/6 8135/1/6
f 8135/1/6 8130/1/6 8136/1/6
f 8132/1/6 8125/1/6 8137/1/6
f 8126/1/6 8133/1/6 8140/1/6
f 8137/1/6 8138/1/6 8141/1/6
f 8132/1/6 8137/1/6 8141/1/6
f 8141/1/6 8138/1/6 8142/1/6
f 8139/1/6 8140/1/6 8145/1/6
f 8140/1/6 8133/1/6 8146/1/6
f 8145/1/6 8140/1/6 8146/1/6
f 8143/1/6 8144/1/6 8147/1/6
f 8147/1/6 8144/1/6 8148/1/6
f 8149/1/6 8150/1/6 8151/1/6
f 8151/1/6 8150/1/6 8152/1/6
f 8153/1/6 8154/1/6 8157/1/6
f 8157/1/6 8154/1/6 8158/1/6
f 8155/1/6 8156/1/6 8160/1/6
f 8159/1/6 8160/1/6 8166/1/6
f 8160/1/6 8156/1/6 8167/1/6
f 8166/1/6 8160/1/6 8167/1/6
f 8161/1/6 8162/1/6 8168/1/6
f 8162/1/6 8163/1/6 8168/1/6
f 8168/1/6 8163/1/6 8169/1/6
f 8164/1/6 8165/1/6 8170/1/6
f 8170/1/6 8165/1/6 8171/1/6
f 8172/1/6 8173/1/6 8176/1/6
f 8176/1/6 8173/1/6 8177/1/6
f 8174/1/6 8175/1/6 8180/1/6
f 8180/1/6 8175/1/6 8181/1/6
f 8178/1/6 8179/1/6 8182/1/6
f 8182/1/6 8179/1/6 8183/1/6
f 8184/1/6 8185/1/6 8186/1/6
f 8186/1/6 8185/1/6 8187/1/6
f 8188/1/6 8189/1/6 8192/1/6
f 8192/1/6 8189/1/6 8193/1/6
f 8190/1/6 8191/1/6 8196/1/6
f 8196/1/6 8191/1/6 8197/1/6
f 8194/1/6 8195/1/6 8198/1/6
f 8198/1/6 8195/1/6 8199/1/6
f 8200/1/6 8201/1/6 8202/1/6
f 8202/1/6 8201/1/6 8203/1/6
f 8204/1/6 8205/1/6 8208/1/6
f 8208/1/6 8205/1/6 8209/1/6
f 8206/1/6 8207/1/6 8210/1/6
f 8210/1/6 8207/1/6 8211/1/6
f 8212/1/6 8213/1/6 8214/1/6
f 8214/1/6 8213/1/6 8215/1/6
f 8215/1/6 8213/1/6 8216/1/6
f 8216/1/6 8213/1/6 8217/1/6
f 8217/1/6 8213/1/6 8218/1/6
f 8219/1/6 8220/1/6 8223/1/6
f 8223/1/6 8220/1/6 8224/1/6
f 8221/1/6 8222/1/6 8229/1/6
f 8229/1/6 8222/1/6 8230/1/6
f 8227/1/6 8228/1/6 8231/1/6
f 8231/1/6 8228/1/6 8232/1/6
f 8225/1/6 8226/1/6 8235/1/6
f 8235/1/6 8236/1/6 8239/1/6
f 8225/1/6 8235/1/6 8239/1/6
f 8239/1/6 8236/1/6 8240/1/6
f 8233/1/6 8234/1/6 8241/1/6
f 8241/1/6 8234/1/6 8242/1/6
f 8237/1/6 8238/1/6 8243/1/6
f 8243/1/6 8238/1/6 8244/1/6
f 8233/1/6 8241/1/6 8245/1/6
f 8245/1/6 8241/1/6 8246/1/6
f 8247/1/6 8248/1/6 8249/1/6
f 8249/1/6 8248/1/6 8250/1/6
f 8251/1/6 8252/1/6 8253/1/6
f 8253/1/6 8252/1/6 8254/1/6
f 8254/1/6 8252/1/6 8255/1/6
f 8255/1/6 8252/1/6 8256/1/6
f 8253/1/6 8254/1/6 8258/1/6
f 8258/1/6 8254/1/6 8259/1/6
f 8256/1/6 8257/1/6 8260/1/6
f 8255/1/6 8256/1/6 8260/1/6
f 8260/1/6 8257/1/6 8261/1/6
f 8255/1/6 8260/1/6 8262/1/6
f 8262/1/6 8260/1/6 8263/1/6
f 8264/1/6 8265/1/6 8268/1/6
f 8268/1/6 8265/1/6 8269/1/6
f 8270/1/6 8271/1/6 8272/1/6
f 8272/1/6 8271/1/6 8273/1/6
f 8269/1/6 8265/1/6 8274/1/6
f 8274/1/6 8265/1/6 8275/1/6
f 8270/1/6 8272/1/6 8276/1/6
f 8276/1/6 8272/1/6 8277/1/6
f 8266/1/6 8267/1/6 8279/1/6
f 8278/1/6 8279/1/6 8281/1/6
f 8273/1/6 8271/1/6 8282/1/6
f 8282/1/6 8271/1/6 8283/1/6
f 8280/1/6 8281/1/6 8284/1/6
f 8281/1/6 8279/1/6 8284/1/6
f 8279/1/6 8267/1/6 8284/1/6
f 8280/1/6 8284/1/6 8286/1/6
f 8284/1/6 8285/1/6 8286/1/6
f 8286/1/6 8285/1/6 8287/1/6
f 8287/1/6 8285/1/6 8290/1/6
f 8290/1/6 8285/1/6 8291/1/6
f 8288/1/6 8289/1/6 8292/1/6
f 8292/1/6 8289/1/6 8293/1/6
f 8290/4/6 8291/4/6 8296/4/6
f 8296/4/6 8291/4/6 8297/4/6
f 8294/1/6 8295/1/6 8298/1/6
f 8298/1/6 8295/1/6 8299/1/6
f 8300/1/6 8301/1/6 8303/1/6
f 8303/1/6 8301/1/6 8304/1/6
f 8305/1/6 8306/1/6 8309/1/6
f 8309/1/6 8306/1/6 8310/1/6
f 8307/1/6 8308/1/6 8311/1/6
f 8302/1/6 8303/1/6 8312/1/6
f 8310/1/6 8311/1/6 8314/1/6
f 8311/1/6 8308/1/6 8315/1/6
f 8314/1/6 8311/1/6 8315/1/6
f 8315/1/6 8308/1/6 8316/1/6
f 8316/1/6 8308/1/6 8317/1/6
f 8312/1/6 8313/1/6 8318/1/6
f 8302/1/6 8312/1/6 8318/1/6
f 8318/1/6 8313/1/6 8319/1/6
f 8319/1/6 8313/1/6 8320/1/6
f 8320/1/6 8321/1/6 8325/1/6
f 8319/1/6 8320/1/6 8325/1/6
f 8325/1/6 8321/1/6 8326/1/6
f 8323/1/6 8324/1/6 8328/1/6
f 8322/1/6 8323/1/6 8328/1/6
f 8328/1/6 8324/1/6 8329/1/6
f 8329/1/6 8324/1/6 8330/1/6
f 8319/1/6 8325/1/6 8331/1/6
f 8331/1/6 8325/1/6 8332/1/6
f 8328/1/6 8329/1/6 8333/1/6
f 8327/1/6 8328/1/6 8333/1/6
f 8333/1/6 8329/1/6 8334/1/6
f 8335/1/6 8336/1/6 8337/1/6
f 8337/1/6 8336/1/6 8338/1/6
f 8338/1/6 8336/1/6 8341/1/6
f 8339/1/6 8340/1/6 8343/1/6
f 8343/1/6 8340/1/6 8344/1/6
f 8341/1/6 8342/1/6 8345/1/6
f 8338/1/6 8341/1/6 8345/1/6
f 8345/1/6 8342/1/6 8346/1/6
f 8346/1/6 8342/1/6 8347/1/6
f 8347/1/6 8348/1/6 8349/1/6
f 8346/1/6 8347/1/6 8349/1/6
f 8349/1/6 8348/1/6 8350/1/6
f 8344/1/6 8340/1/6 8351/1/6
f 8351/1/6 8352/1/6 8356/1/6
f 8344/1/6 8351/1/6 8356/1/6
f 8356/1/6 8352/1/6 8357/1/6
f 8354/1/6 8355/1/6 8360/1/6
f 8353/1/6 8354/1/6 8360/1/6
f 8360/1/6 8355/1/6 8361/1/6
f 8357/1/6 8352/1/6 8362/1/6
f 8362/1/6 8352/1/6 8363/1/6
f 8358/1/6 8359/1/6 8364/1/6
f 8364/1/6 8359/1/6 8365/1/6
f 8366/1/6 8367/1/6 8368/1/6
f 8366/1/6 8368/1/6 8370/1/6
f 8368/1/6 8369/1/6 8370/1/6
f 8370/1/6 8369/1/6 8371/1/6
f 8371/1/6 8369/1/6 8372/1/6
f 8372/1/6 8369/1/6 8373/1/6
f 8373/1/6 8374/1/6 8375/1/6
f 8375/1/6 8374/1/6 8376/1/6
f 8371/1/6 8372/1/6 8379/1/6
f 8379/1/6 8372/1/6 8380/1/6
f 8377/1/6 8378/1/6 8381/1/6
f 8381/1/6 8378/1/6 8382/1/6
f 8382/1/6 8378/1/6 8383/1/6
f 8384/1/6 8385/1/6 8386/1/6
f 8386/1/6 8385/1/6 8387/1/6
f 8388/1/6 8389/1/6 8390/1/6
f 8388/1/6 8390/1/6 8392/1/6
f 8390/1/6 8391/1/6 8392/1/6
f 8392/1/6 8391/1/6 8393/1/6
f 8393/1/6 8391/1/6 8394/1/6
f 8395/1/6 8396/1/6 8397/1/6
f 8397/1/6 8396/1/6 8398/1/6
f 8399/1/6 8400/1/6 8401/1/6
f 8401/1/6 8400/1/6 8402/1/6
f 8402/1/6 8400/1/6 8403/1/6
f 8403/1/6 8400/1/6 8404/1/6
f 8405/1/6 8406/1/6 8407/1/6
f 8407/1/6 8406/1/6 8408/1/6
f 8405/1/6 8407/1/6 8409/1/6
f 8409/1/6 8407/1/6 8410/1/6
