# MagicaVoxel @ Ephtracy

# group
o 

# material
mtllib кристалы фиолетовая планета.mtl
usemtl palette

# normals
vn -1 0 0
vn 1 0 0
vn 0 0 1
vn 0 0 -1
vn 0 -1 0
vn 0 1 0

# texcoords
vt 0.923828 0.5
vt 0.927734 0.5
vt 0.931641 0.5
vt 0.939453 0.5
vt 0.943359 0.5
vt 0.951172 0.5
vt 0.970703 0.5
vt 0.974609 0.5
vt 0.978516 0.5
vt 0.982422 0.5
vt 0.986328 0.5

# verts
v -2 0.5 -1.1
v -2 0.5 -1.2
v -2 0.7 -1.1
v -2 0.7 -1.2
v -1.9 0.2 -0.9
v -1.9 0.2 -1.3
v -1.9 0.4 -1.3
v -1.9 0.4 -1.4
v -1.9 0.5 -0.9
v -1.9 0.5 -1
v -1.9 0.5 -1.1
v -1.9 0.5 -1.2
v -1.9 0.5 -1.4
v -1.9 0.7 -1.1
v -1.9 0.7 -1.2
v -1.9 0.7 -1.4
v -1.9 0.8 -1
v -1.9 0.8 -1.2
v -1.8 0 -0.7
v -1.8 0 -1.6
v -1.8 0.2 -0.7
v -1.8 0.2 -0.8
v -1.8 0.2 -0.9
v -1.8 0.2 -1.3
v -1.8 0.2 -1.5
v -1.8 0.2 -1.6
v -1.8 0.4 -0.8
v -1.8 0.4 -0.9
v -1.8 0.4 -1.3
v -1.8 0.4 -1.4
v -1.8 0.4 -1.5
v -1.8 0.5 -0.8
v -1.8 0.5 -0.9
v -1.8 0.5 -1
v -1.8 0.5 -1.4
v -1.8 0.5 -1.5
v -1.8 0.6 -0.9
v -1.8 0.6 -1
v -1.8 0.7 -1.2
v -1.8 0.7 -1.3
v -1.8 0.7 -1.4
v -1.8 0.8 -1.1
v -1.8 0.8 -1.2
v -1.8 0.8 -1.3
v -1.8 0.8 -1.4
v -1.8 0.9 -1.1
v -1.8 0.9 -1.3
v -1.7 0 -0.6
v -1.7 0 -0.7
v -1.7 0 -1.6
v -1.7 0 -1.7
v -1.7 0.2 -0.6
v -1.7 0.2 -0.7
v -1.7 0.2 -0.8
v -1.7 0.2 -1.5
v -1.7 0.2 -1.6
v -1.7 0.2 -1.7
v -1.7 0.3 -0.7
v -1.7 0.3 -0.8
v -1.7 0.4 -1.5
v -1.7 0.4 -1.6
v -1.7 0.5 -1.4
v -1.7 0.5 -1.5
v -1.7 0.5 -1.6
v -1.7 0.7 -1.4
v -1.7 0.7 -1.5
v -1.7 0.8 -1.3
v -1.7 0.8 -1.4
v -1.7 0.9 -1.3
v -1.7 0.9 -1.4
v -1.6 0 0.4
v -1.6 0 -2.38419e-07
v -1.6 0.2 0.4
v -1.6 0.2 -2.38419e-07
v -1.6 0.2 -1.6
v -1.6 0.2 -1.7
v -1.6 0.4 -1.6
v -1.6 0.4 -1.7
v -1.6 0.5 -1.5
v -1.6 0.5 -1.6
v -1.6 0.5 -1.7
v -1.6 0.6 -1.5
v -1.6 0.6 -1.6
v -1.6 0.7 -1.4
v -1.6 0.7 -1.5
v -1.6 0.8 -1.4
v -1.6 0.8 -1.5
v -1.5 0 1.2
v -1.5 0 0.7
v -1.5 0 0.6
v -1.5 0 0.4
v -1.5 0 -2.38419e-07
v -1.5 0 -0.1
v -1.5 0 -1.7
v -1.5 0 -1.8
v -1.5 0.2 1.2
v -1.5 0.2 0.7
v -1.5 0.2 0.6
v -1.5 0.2 0.4
v -1.5 0.2 -2.38419e-07
v -1.5 0.2 -0.1
v -1.5 0.3 0.4
v -1.5 0.3 -2.38419e-07
v -1.5 0.4 -1.7
v -1.5 0.5 -1.6
v -1.5 0.5 -1.7
v -1.5 0.5 -1.8
v -1.5 0.6 -1.6
v -1.5 0.6 -1.7
v -1.4 0 1.3
v -1.4 0 1.2
v -1.4 0 0.7
v -1.4 0 0.6
v -1.4 0.2 1.2
v -1.4 0.2 0.7
v -1.4 0.2 0.6
v -1.4 0.2 0.4
v -1.4 0.3 1
v -1.4 0.3 0.7
v -1.4 0.3 0.6
v -1.4 0.3 0.4
v -1.4 0.4 1.3
v -1.4 0.4 1
v -1.4 0.6 1
v -1.4 0.6 0.7
v -1.4 0.7 1.1
v -1.4 0.7 1
v -1.4 0.9 0.8
v -1.4 0.9 0.7
v -1.4 1 1.1
v -1.4 1 0.8
v -1.3 0.1 1.5
v -1.3 0.1 1.3
v -1.3 0.2 0.7
v -1.3 0.2 0.6
v -1.3 0.3 1
v -1.3 0.3 0.7
v -1.3 0.3 0.6
v -1.3 0.3 0.3
v -1.3 0.4 1.5
v -1.3 0.4 1.3
v -1.3 0.4 1
v -1.3 0.4 0.7
v -1.3 0.4 0.6
v -1.3 0.4 0.3
v -1.3 0.5 1.3
v -1.3 0.5 1
v -1.3 0.6 1.1
v -1.3 0.6 1
v -1.3 0.6 0.7
v -1.3 0.6 0.6
v -1.3 0.7 1.2
v -1.3 0.7 1.1
v -1.3 0.7 1
v -1.3 0.9 0.8
v -1.3 0.9 0.7
v -1.3 0.9 0.6
v -1.3 1 1.2
v -1.3 1 1.1
v -1.3 1 0.9
v -1.3 1 0.8
v -1.3 1 0.7
v -1.3 1.1 1.1
v -1.3 1.1 0.9
v -1.3 1.1 0.8
v -1.2 0 1.5
v -1.2 0 1.4
v -1.2 0 1.3
v -1.2 0.1 1.7
v -1.2 0.1 1.5
v -1.2 0.1 1.4
v -1.2 0.1 1.3
v -1.2 0.3 0.3
v -1.2 0.3 0.2
v -1.2 0.4 1.7
v -1.2 0.4 1.5
v -1.2 0.4 1.3
v -1.2 0.4 0.7
v -1.2 0.4 0.6
v -1.2 0.4 0.4
v -1.2 0.4 0.3
v -1.2 0.4 0.2
v -1.2 0.5 1.5
v -1.2 0.5 1.3
v -1.2 0.5 1.2
v -1.2 0.5 1.1
v -1.2 0.5 1
v -1.2 0.5 0.6
v -1.2 0.5 0.4
v -1.2 0.5 0.3
v -1.2 0.6 1.2
v -1.2 0.6 1.1
v -1.2 0.6 1
v -1.2 0.6 0.7
v -1.2 0.6 0.6
v -1.2 0.7 1.2
v -1.2 0.7 1.1
v -1.2 0.9 0.7
v -1.2 0.9 0.6
v -1.2 1 1.2
v -1.2 1 1.1
v -1.2 1 0.8
v -1.2 1 0.7
v -1.2 1 0.6
v -1.2 1.1 1.2
v -1.2 1.1 1.1
v -1.2 1.1 0.9
v -1.2 1.1 0.8
v -1.2 1.1 0.7
v -1.2 1.2 1.1
v -1.2 1.2 0.8
v -1.1 0 1.7
v -1.1 0 1.6
v -1.1 0 1.5
v -1.1 0 -2.38419e-07
v -1.1 0 -0.1
v -1.1 0.1 1.8
v -1.1 0.1 1.7
v -1.1 0.1 1.6
v -1.1 0.1 1.5
v -1.1 0.1 -2.38419e-07
v -1.1 0.2 0.0999999
v -1.1 0.2 -2.38419e-07
v -1.1 0.2 -0.1
v -1.1 0.3 0.0999999
v -1.1 0.3 -2.38419e-07
v -1.1 0.4 1.8
v -1.1 0.4 1.7
v -1.1 0.4 1.5
v -1.1 0.5 1.7
v -1.1 0.5 1.5
v -1.1 0.5 1.3
v -1.1 0.5 1.2
v -1.1 0.6 1.2
v -1.1 0.6 0.6
v -1.1 0.6 0.5
v -1.1 0.9 0.6
v -1.1 0.9 0.5
v -1.1 1 1.3
v -1.1 1 1.2
v -1.1 1.1 1.3
v -1.1 1.1 1.2
v -1.1 1.1 1.1
v -1.1 1.2 1.2
v -1.1 1.2 1.1
v -1 0 1.8
v -1 0 1.7
v -1 0 -0.1
v -1 0 -0.3
v -1 0.1 1.8
v -1 0.1 1.7
v -1 0.2 -2.38419e-07
v -1 0.2 -0.1
v -1 0.2 -0.3
v -1 0.2 -1
v -1 0.2 -1.2
v -1 0.3 0.2
v -1 0.3 0.0999999
v -1 0.3 -2.38419e-07
v -1 0.3 -0.1
v -1 0.3 -1
v -1 0.3 -1.2
v -1 0.4 0.2
v -1 0.4 0.0999999
v -1 0.4 -0.1
v -1 0.5 1.4
v -1 0.5 1.3
v -1 0.5 0.6
v -1 0.5 0.5
v -1 0.5 0.2
v -1 0.5 0.0999999
v -1 0.6 0.6
v -1 0.6 0.5
v -1 0.8 1.5
v -1 0.8 1.4
v -1 1 1.4
v -1 1 1.3
v -1 1 0.7
v -1 1 0.6
v -1 1.1 1.5
v -1 1.1 1.4
v -1 1.1 1.3
v -1 1.1 1.2
v -1 1.1 0.7
v -1 1.1 0.6
v -1 1.2 1.3
v -1 1.2 1.2
v -0.9 0 -0.3
v -0.9 0 -0.5
v -0.9 0 -0.8
v -0.9 0 -0.9
v -0.9 0.1 -0.8
v -0.9 0.1 -0.9
v -0.9 0.1 -1
v -0.9 0.2 -0.1
v -0.9 0.2 -0.3
v -0.9 0.2 -0.5
v -0.9 0.2 -0.9
v -0.9 0.2 -1
v -0.9 0.3 -0.1
v -0.9 0.3 -0.3
v -0.9 0.3 -1
v -0.9 0.3 -1.1
v -0.9 0.3 -1.3
v -0.9 0.4 1.8
v -0.9 0.4 1.7
v -0.9 0.4 0.0999999
v -0.9 0.4 -2.38419e-07
v -0.9 0.4 -1.1
v -0.9 0.4 -1.3
v -0.9 0.5 1.8
v -0.9 0.5 1.7
v -0.9 0.5 1.5
v -0.9 0.5 0.0999999
v -0.9 0.5 -2.38419e-07
v -0.9 0.6 -1
v -0.9 0.6 -1.1
v -0.9 0.6 -1.2
v -0.9 0.6 -1.3
v -0.9 0.7 1.8
v -0.9 0.7 1.5
v -0.9 0.7 1.4
v -0.9 0.7 -1.1
v -0.9 0.7 -1.2
v -0.9 0.8 1.6
v -0.9 0.8 1.5
v -0.9 0.8 1.4
v -0.9 0.9 0.6
v -0.9 0.9 0.5
v -0.9 1 0.6
v -0.9 1.1 1.6
v -0.9 1.1 1.5
v -0.9 1.1 1.4
v -0.9 1.1 1.3
v -0.9 1.1 0.8
v -0.9 1.1 0.6
v -0.9 1.1 0.5
v -0.9 1.2 1.5
v -0.9 1.2 1.3
v -0.9 1.2 0.8
v -0.9 1.2 0.6
v -0.8 0 2
v -0.8 0 1.8
v -0.8 0 -0.5
v -0.8 0 -0.6
v -0.8 0 -0.7
v -0.8 0 -0.8
v -0.8 0 -1.8
v -0.8 0 -1.9
v -0.8 0.1 -0.5
v -0.8 0.1 -0.6
v -0.8 0.1 -0.7
v -0.8 0.1 -0.8
v -0.8 0.2 2
v -0.8 0.2 1.8
v -0.8 0.2 -0.3
v -0.8 0.2 -0.5
v -0.8 0.2 -0.6
v -0.8 0.2 -0.9
v -0.8 0.2 -1
v -0.8 0.2 -1.7
v -0.8 0.2 -1.8
v -0.8 0.2 -1.9
v -0.8 0.3 -0.3
v -0.8 0.3 -0.5
v -0.8 0.3 -0.9
v -0.8 0.3 -1
v -0.8 0.3 -1.3
v -0.8 0.3 -1.4
v -0.8 0.3 -1.7
v -0.8 0.3 -1.8
v -0.8 0.4 1.9
v -0.8 0.4 1.8
v -0.8 0.4 -1.3
v -0.8 0.4 -1.4
v -0.8 0.5 1.8
v -0.8 0.5 1.5
v -0.8 0.5 1.4
v -0.8 0.5 0.5
v -0.8 0.5 0.4
v -0.8 0.6 1.9
v -0.8 0.6 1.8
v -0.8 0.6 0.5
v -0.8 0.6 0.4
v -0.8 0.6 -1
v -0.8 0.6 -1.1
v -0.8 0.6 -1.2
v -0.8 0.6 -1.3
v -0.8 0.6 -1.4
v -0.8 0.7 1.9
v -0.8 0.7 1.8
v -0.8 0.7 1.5
v -0.8 0.7 1.4
v -0.8 0.7 -1
v -0.8 0.7 -1.1
v -0.8 0.7 -1.2
v -0.8 0.8 1.8
v -0.8 0.8 1.6
v -0.8 0.8 1.5
v -0.8 0.8 -1.1
v -0.8 0.8 -1.3
v -0.8 0.9 -1.1
v -0.8 0.9 -1.2
v -0.8 1 -1.2
v -0.8 1 -1.3
v -0.8 1.1 1.6
v -0.8 1.1 1.5
v -0.8 1.2 1.6
v -0.8 1.2 1.5
v -0.8 1.2 1.1
v -0.8 1.3 1.5
v -0.8 1.3 1.1
v -0.7 0.1 -1.1
v -0.7 0.1 -1.2
v -0.7 0.2 2
v -0.7 0.2 1.8
v -0.7 0.2 -1.1
v -0.7 0.2 -1.2
v -0.7 0.3 2
v -0.7 0.3 1.8
v -0.7 0.3 -0.9
v -0.7 0.3 -1
v -0.7 0.4 -0.9
v -0.7 0.4 -1
v -0.7 0.6 0.6
v -0.7 0.6 0.5
v -0.7 0.7 1.9
v -0.7 0.7 1.8
v -0.7 0.8 1.9
v -0.7 0.8 1.8
v -0.7 0.8 0.6
v -0.7 0.8 0.5
v -0.6 0 -0.7
v -0.6 0 -0.9
v -0.6 0.1 -0.8
v -0.6 0.1 -0.9
v -0.6 0.2 -0.7
v -0.6 0.2 -0.8
v -0.6 0.2 -0.9
v -0.6 0.4 0.4
v -0.6 0.4 0.0999999
v -0.6 0.5 2
v -0.6 0.5 1.9
v -0.6 0.5 0.2
v -0.6 0.5 0.0999999
v -0.6 0.6 1.9
v -0.6 0.6 0.5
v -0.6 0.6 0.4
v -0.6 0.6 0.2
v -0.6 0.8 2
v -0.6 0.8 1.9
v -0.6 0.8 1.7
v -0.6 0.8 1.6
v -0.6 0.8 0.5
v -0.6 0.8 0.4
v -0.6 0.9 1.9
v -0.6 0.9 1.7
v -0.6 1 1.7
v -0.6 1 1.6
v -0.5 0 -0.6
v -0.5 0 -0.7
v -0.5 0.1 -0.6
v -0.5 0.2 -0.6
v -0.5 0.2 -0.7
v -0.5 0.2 -0.8
v -0.5 0.2 -0.9
v -0.5 0.3 -0.7
v -0.5 0.3 -0.9
v -0.5 0.9 1
v -0.5 0.9 0.9
v -0.5 1 1
v -0.5 1 0.9
v -0.4 0.2 -0.6
v -0.4 0.2 -0.7
v -0.4 0.2 -1.3
v -0.4 0.2 -1.4
v -0.4 0.3 -0.6
v -0.4 0.3 -0.7
v -0.4 0.3 -1
v -0.4 0.3 -1.3
v -0.4 0.3 -1.4
v -0.4 0.4 -1.3
v -0.4 0.4 -1.4
v -0.4 0.5 -1
v -0.4 0.5 -1.4
v -0.3 0.2 -1.4
v -0.3 0.2 -1.5
v -0.3 0.3 1.9
v -0.3 0.3 1.8
v -0.3 0.3 1.7
v -0.3 0.3 -0.9
v -0.3 0.3 -1
v -0.3 0.4 2
v -0.3 0.4 1.9
v -0.3 0.4 1.8
v -0.3 0.4 1.7
v -0.3 0.4 -1.4
v -0.3 0.5 2
v -0.3 0.5 1.9
v -0.3 0.5 -0.9
v -0.3 0.5 -1
v -0.3 0.5 -1.4
v -0.3 0.5 -1.5
v -0.3 0.6 -1
v -0.3 0.6 -1.4
v -0.2 0.1 -1.4
v -0.2 0.1 -1.5
v -0.2 0.2 -1.4
v -0.2 0.2 -1.5
v -0.0999999 0.2 2
v -0.0999999 0.2 1.9
v -0.0999999 0.2 -1.5
v -0.0999999 0.2 -1.7
v -0.0999999 0.3 2
v -0.0999999 0.3 1.9
v -0.0999999 0.4 -1.5
v -0.0999999 0.4 -1.7
v -0.0999999 0.5 -1.5
v -0.0999999 0.5 -1.7
v -0.0999999 0.6 1
v -0.0999999 0.6 0.9
v -0.0999999 0.6 0.6
v -0.0999999 0.6 0.5
v -0.0999999 0.7 1
v -0.0999999 0.7 0.9
v -0.0999999 0.7 0.8
v -0.0999999 0.7 0.7
v -0.0999999 0.7 0.6
v -0.0999999 0.8 0.9
v -0.0999999 0.8 0.8
v -0.0999999 0.8 0.7
v -0.0999999 0.9 0.8
v -0.0999999 0.9 0.5
v 2.38419e-07 0 -1.4
v 2.38419e-07 0 -1.5
v 2.38419e-07 0 -1.7
v 2.38419e-07 0.1 -1.4
v 2.38419e-07 0.1 -1.5
v 2.38419e-07 0.2 -1.5
v 2.38419e-07 0.2 -1.7
v 2.38419e-07 0.2 -1.8
v 2.38419e-07 0.4 0.6
v 2.38419e-07 0.4 0.5
v 2.38419e-07 0.4 -1.7
v 2.38419e-07 0.4 -1.8
v 2.38419e-07 0.5 -1.4
v 2.38419e-07 0.5 -1.6
v 2.38419e-07 0.5 -1.7
v 2.38419e-07 0.5 -1.8
v 2.38419e-07 0.6 0.6
v 2.38419e-07 0.6 0.5
v 2.38419e-07 0.6 -1.4
v 2.38419e-07 0.6 -1.6
v 2.38419e-07 0.6 -1.7
v 2.38419e-07 0.7 0.5
v 2.38419e-07 0.7 0.4
v 2.38419e-07 0.8 0.4
v 2.38419e-07 0.8 0.3
v 2.38419e-07 0.9 1.2
v 2.38419e-07 0.9 1.1
v 2.38419e-07 0.9 0.7
v 2.38419e-07 0.9 0.5
v 2.38419e-07 0.9 0.4
v 2.38419e-07 0.9 0.3
v 2.38419e-07 1 1.3
v 2.38419e-07 1 1.2
v 2.38419e-07 1 1.1
v 2.38419e-07 1 0.7
v 2.38419e-07 1 0.4
v 2.38419e-07 1.1 1.3
v 2.38419e-07 1.1 1.2
v 0.1 0 -1.7
v 0.1 0 -1.8
v 0.1 0.2 -1.7
v 0.1 0.2 -1.8
v 0.1 0.6 0.5
v 0.1 0.6 0.4
v 0.1 0.7 0.5
v 0.1 0.7 0.4
v 0.1 0.8 1.1
v 0.1 0.8 1
v 0.1 0.9 1.1
v 0.1 0.9 1
v 0.1 0.9 0.4
v 0.1 0.9 0.3
v 0.1 1 0.5
v 0.1 1 0.4
v 0.1 1 0.3
v 0.1 1.1 0.5
v 0.1 1.1 0.4
v 0.2 0.3 -0.9
v 0.2 0.3 -1
v 0.2 0.4 -1
v 0.2 0.5 -0.9
v 0.2 0.5 -1
v 0.2 0.5 -1.1
v 0.2 0.6 -1
v 0.2 0.6 -1.1
v 0.2 0.6 -1.2
v 0.2 0.6 -1.5
v 0.2 0.7 -1.1
v 0.2 0.7 -1.2
v 0.2 0.7 -1.4
v 0.2 0.7 -1.5
v 0.2 0.8 -1.1
v 0.2 0.8 -1.2
v 0.2 0.8 -1.4
v 0.2 0.9 -1.2
v 0.2 0.9 -1.4
v 0.2 1 0.4
v 0.2 1 0.3
v 0.2 1.1 0.4
v 0.2 1.1 0.3
v 0.3 0.4 2
v 0.3 0.4 1.9
v 0.3 0.5 2
v 0.3 0.5 1.9
v 0.3 0.6 -1.5
v 0.3 0.6 -1.6
v 0.3 0.7 -1.4
v 0.3 0.7 -1.5
v 0.3 0.8 -1.4
v 0.3 0.8 -1.5
v 0.3 0.8 -1.6
v 0.3 0.9 -1.2
v 0.3 0.9 -1.4
v 0.3 1 0.3
v 0.3 1 0.2
v 0.3 1 -1.2
v 0.3 1 -1.4
v 0.3 1.1 0.4
v 0.3 1.1 0.3
v 0.3 1.1 0.2
v 0.3 1.1 -1.4
v 0.3 1.1 -1.5
v 0.3 1.2 0.4
v 0.3 1.2 0.3
v 0.3 1.2 -1.2
v 0.3 1.2 -1.3
v 0.3 1.3 -1.3
v 0.3 1.3 -1.4
v 0.3 1.4 -1.4
v 0.3 1.4 -1.5
v 0.3 1.5 -1.3
v 0.3 1.5 -1.4
v 0.4 0 -0.5
v 0.4 0 -0.6
v 0.4 0.2 -0.5
v 0.4 0.2 -0.6
v 0.4 0.2 -0.7
v 0.4 0.3 2
v 0.4 0.3 1.9
v 0.4 0.3 -0.6
v 0.4 0.3 -0.7
v 0.4 0.3 -0.8
v 0.4 0.3 -0.9
v 0.4 0.4 2
v 0.4 0.4 1.9
v 0.4 0.4 -0.8
v 0.4 0.4 -0.9
v 0.4 0.5 -0.8
v 0.4 0.5 -0.9
v 0.4 0.5 -1
v 0.4 0.6 -0.9
v 0.4 0.6 -1
v 0.4 0.6 -1.1
v 0.4 0.7 -1
v 0.4 0.7 -1.1
v 0.4 0.8 2
v 0.4 0.8 1.9
v 0.4 0.8 -1.5
v 0.4 0.8 -1.6
v 0.4 0.9 2
v 0.4 0.9 1.9
v 0.4 0.9 -1.5
v 0.4 0.9 -1.6
v 0.4 1.4 -1.4
v 0.4 1.4 -1.5
v 0.4 1.5 -1.4
v 0.4 1.6 -1.4
v 0.4 1.6 -1.5
v 0.5 0 -0.4
v 0.5 0 -0.5
v 0.5 0.2 -0.4
v 0.5 0.2 -0.5
v 0.5 0.2 -0.6
v 0.5 0.2 -1.8
v 0.5 0.2 -1.9
v 0.5 0.3 -0.5
v 0.5 0.3 -0.6
v 0.5 0.5 -1.7
v 0.5 0.5 -1.8
v 0.5 0.5 -1.9
v 0.5 0.6 -1.7
v 0.5 0.6 -1.8
v 0.6 0.3 0.9
v 0.6 0.3 0.8
v 0.6 0.3 -0.7
v 0.6 0.3 -0.8
v 0.6 0.4 1.1
v 0.6 0.4 0.9
v 0.6 0.4 0.8
v 0.6 0.4 -0.8
v 0.6 0.5 1.1
v 0.6 0.5 0.9
v 0.6 0.5 -0.7
v 0.6 0.5 -0.8
v 0.6 0.5 -0.9
v 0.6 0.6 -0.8
v 0.6 0.6 -0.9
v 0.7 0 1.8
v 0.7 0 1.7
v 0.7 0.1 1.9
v 0.7 0.1 1.8
v 0.7 0.1 1.7
v 0.7 0.2 0.8
v 0.7 0.2 0.7
v 0.7 0.3 1.9
v 0.7 0.3 1.8
v 0.7 0.3 -0.6
v 0.7 0.3 -0.7
v 0.7 0.4 1.3
v 0.7 0.4 1.2
v 0.7 0.4 1.1
v 0.7 0.4 0.9
v 0.7 0.4 0.8
v 0.7 0.4 0.7
v 0.7 0.5 1.3
v 0.7 0.5 1.1
v 0.7 0.5 0.9
v 0.7 0.5 0.8
v 0.7 0.5 -0.6
v 0.7 0.5 -0.7
v 0.7 0.5 -0.8
v 0.7 0.6 1.3
v 0.7 0.6 0.9
v 0.7 0.6 -0.7
v 0.7 0.6 -0.8
v 0.8 0 1.9
v 0.8 0 1.8
v 0.8 0 0.7
v 0.8 0 0.6
v 0.8 0.1 1.9
v 0.8 0.1 1.8
v 0.8 0.1 0.7
v 0.8 0.2 0.7
v 0.8 0.2 0.6
v 0.8 0.3 0.7
v 0.8 0.3 0.6
v 0.8 0.4 0.8
v 0.8 0.4 0.7
v 0.8 0.5 0.9
v 0.8 0.5 0.8
v 0.8 0.5 0.7
v 0.8 0.6 0.9
v 0.8 0.6 0.8
v 0.9 0.3 -0.5
v 0.9 0.3 -0.6
v 0.9 0.5 -0.5
v 0.9 0.5 -0.6
v 0.9 0.5 -0.7
v 0.9 0.6 -0.6
v 0.9 0.6 -0.7
v 1 0 0.6
v 1 0 0.4
v 1 0.2 0.6
v 1 0.2 0.4
v 1.1 0 0.4
v 1.1 0 0.0999999
v 1.1 0.2 0.7
v 1.1 0.2 0.6
v 1.1 0.2 0.4
v 1.1 0.2 0.0999999
v 1.1 0.3 0.7
v 1.1 0.3 0.6
v 1.1 0.3 0.4
v 1.1 0.5 1.2
v 1.1 0.5 0.9
v 1.1 0.6 1.2
v 1.1 0.6 0.9
v 1.2 0 0.0999999
v 1.2 0 -2.38419e-07
v 1.2 0.2 0.4
v 1.2 0.2 0.0999999
v 1.2 0.2 -2.38419e-07
v 1.2 0.3 0.4
v 1.2 0.3 0.0999999
v -1.5 0.3 -0.8
v -1.5 0.3 -0.9
v -1.5 0.5 -0.8
v -1.5 0.5 -0.9
v -1.5 0.5 -1.1
v -1.5 0.6 -0.9
v -1.5 0.6 -1
v -1.5 0.6 -1.4
v -1.5 0.6 -1.5
v -1.5 0.8 -1
v -1.5 0.8 -1.1
v -1.5 0.8 -1.4
v -1.5 0.8 -1.5
v -1.5 0.9 -1.1
v -1.5 0.9 -1.4
v -1.4 0 -0.6
v -1.4 0 -0.7
v -1.4 0.2 -0.6
v -1.4 0.2 -0.7
v -1.4 0.2 -0.8
v -1.4 0.3 -0.7
v -1.4 0.3 -0.8
v -1.4 0.3 -0.9
v -1.4 0.3 -1.1
v -1.4 0.5 -0.9
v -1.4 0.5 -1.1
v -1.4 0.5 -1.2
v -1.4 0.6 -1.2
v -1.4 0.6 -1.4
v -1.4 0.8 -1.1
v -1.4 0.8 -1.4
v -1.3 0.3 -1.1
v -1.3 0.3 -1.2
v -1.3 0.5 -1.1
v -1.3 0.5 -1.2
v -1.3 0.5 -1.3
v -1.3 0.6 -1.2
v -1.3 0.6 -1.3
v -1.2 0 -2.38419e-07
v -1.2 0 -0.1
v -1.2 0 -0.7
v -1.2 0 -0.8
v -1.2 0.1 -2.38419e-07
v -1.2 0.2 0.0999999
v -1.2 0.2 -2.38419e-07
v -1.2 0.2 -0.1
v -1.2 0.2 -0.7
v -1.2 0.2 -0.8
v -1.2 0.2 -0.9
v -1.2 0.2 -1
v -1.2 0.2 -1.7
v -1.2 0.2 -1.8
v -1.2 0.3 0.0999999
v -1.2 0.3 -2.38419e-07
v -1.2 0.3 -0.8
v -1.2 0.3 -0.9
v -1.2 0.3 -1
v -1.2 0.3 -1.2
v -1.2 0.3 -1.3
v -1.2 0.3 -1.7
v -1.2 0.4 -1.7
v -1.2 0.4 -1.8
v -1.2 0.5 -1.2
v -1.2 0.5 -1.3
v -1.2 0.5 -1.7
v -1.2 0.5 -1.8
v -1.2 0.6 -1.3
v -1.2 0.6 -1.7
v -1.1 0 -0.8
v -1.1 0 -0.9
v -1.1 0.1 -0.9
v -1.1 0.1 -1
v -1.1 0.2 -0.8
v -1.1 0.2 -0.9
v -1.1 0.2 -1
v -1.1 0.2 -1.2
v -1.1 0.3 -1
v -1.1 0.3 -1.2
v -1.1 0.3 -1.3
v -1.1 0.3 -1.6
v -1.1 0.3 -1.7
v -1.1 0.5 -1.3
v -1.1 0.5 -1.7
v -0.9 0.1 -1.1
v -0.9 0.1 -1.2
v -0.9 0.2 -1.1
v -0.9 0.2 -1.2
v -0.9 0.4 0.4
v -0.9 0.4 0.3
v -0.9 0.4 0.2
v -0.9 0.4 0.0999999
v -0.9 0.5 0.4
v -0.9 0.5 0.3
v -0.9 0.5 0.2
v -0.9 0.5 0.0999999
v -0.8 0.6 0.6
v -0.8 0.6 0.5
v -0.8 0.8 0.6
v -0.8 0.8 0.5
v -0.8 1.1 1
v -0.8 1.1 0.9
v -0.8 1.2 1
v -0.8 1.2 0.9
v -0.7 0 -0.7
v -0.7 0 -0.9
v -0.7 0.1 -0.7
v -0.7 0.1 -0.9
v -0.7 0.4 -1
v -0.7 0.4 -1.1
v -0.7 0.6 -1.1
v -0.7 0.7 -1
v -0.7 0.7 -1.1
v -0.7 0.8 -1.1
v -0.7 0.8 -1.2
v -0.7 0.9 -1.1
v -0.7 0.9 -1.2
v -0.7 0.9 -1.3
v -0.7 1 -1.2
v -0.7 1 -1.3
v -0.6 0.3 -2.38419e-07
v -0.6 0.3 -0.1
v -0.6 0.3 -0.9
v -0.6 0.3 -1
v -0.6 0.3 -1.3
v -0.6 0.3 -1.4
v -0.6 0.4 0.0999999
v -0.6 0.4 -2.38419e-07
v -0.6 0.4 -0.1
v -0.6 0.4 -0.9
v -0.6 0.4 -1
v -0.6 0.4 -1.3
v -0.6 0.4 -1.4
v -0.6 0.5 0.0999999
v -0.6 0.5 -2.38419e-07
v -0.6 0.6 -1.1
v -0.6 0.6 -1.2
v -0.6 0.6 -1.3
v -0.6 0.6 -1.4
v -0.6 0.8 -1.1
v -0.6 0.8 -1.2
v -0.6 0.8 -1.3
v -0.6 0.9 1
v -0.6 0.9 0.9
v -0.6 0.9 0.6
v -0.6 0.9 0.5
v -0.6 0.9 -1.2
v -0.6 0.9 -1.3
v -0.6 1.1 1
v -0.6 1.1 0.9
v -0.6 1.1 0.7
v -0.6 1.1 0.6
v -0.6 1.1 0.5
v -0.6 1.2 0.9
v -0.6 1.2 0.6
v -0.5 0 -1.8
v -0.5 0 -1.9
v -0.5 0.2 -1.3
v -0.5 0.2 -1.4
v -0.5 0.2 -1.5
v -0.5 0.2 -1.8
v -0.5 0.2 -1.9
v -0.5 0.3 0.0999999
v -0.5 0.3 -2.38419e-07
v -0.5 0.3 -1
v -0.5 0.3 -1.1
v -0.5 0.3 -1.3
v -0.5 0.3 -1.4
v -0.5 0.3 -1.5
v -0.5 0.3 -1.8
v -0.5 0.4 0.2
v -0.5 0.4 0.0999999
v -0.5 0.4 -2.38419e-07
v -0.5 0.4 -1
v -0.5 0.4 -1.1
v -0.5 0.4 -1.2
v -0.5 0.4 -1.3
v -0.5 0.5 0.3
v -0.5 0.5 0.2
v -0.5 0.5 0.0999999
v -0.5 0.6 0.3
v -0.5 0.6 0.2
v -0.5 0.6 -1.1
v -0.5 0.6 -1.2
v -0.5 0.6 -1.3
v -0.5 0.9 0.9
v -0.5 0.9 0.7
v -0.5 0.9 0.6
v -0.5 1 0.9
v -0.5 1.1 1.6
v -0.5 1.1 1.5
v -0.5 1.1 0.9
v -0.5 1.1 0.7
v -0.5 1.1 0.6
v -0.5 1.2 1.6
v -0.5 1.2 1.5
v -0.5 1.2 1.4
v -0.5 1.3 1.5
v -0.5 1.3 1.4
v -0.4 0 -1.4
v -0.4 0 -1.8
v -0.4 0.2 -0.3
v -0.4 0.2 -0.5
v -0.4 0.2 -1.5
v -0.4 0.2 -1.8
v -0.4 0.3 1.8
v -0.4 0.3 1.7
v -0.4 0.3 0.3
v -0.4 0.3 0.2
v -0.4 0.3 0.0999999
v -0.4 0.3 -0.3
v -0.4 0.3 -0.5
v -0.4 0.3 -1.4
v -0.4 0.3 -1.5
v -0.4 0.4 1.8
v -0.4 0.4 1.7
v -0.4 0.4 0.2
v -0.4 0.4 0.0999999
v -0.4 0.5 0.4
v -0.4 0.5 0.3
v -0.4 0.5 0.2
v -0.4 0.6 0.4
v -0.4 0.6 0.3
v -0.4 1.1 1.5
v -0.4 1.1 1.4
v -0.4 1.1 1.1
v -0.4 1.1 1
v -0.4 1.2 1.5
v -0.4 1.2 1.4
v -0.4 1.2 1.1
v -0.4 1.2 1
v -0.4 1.3 1.4
v -0.4 1.3 1.1
v -0.3 0 -0.3
v -0.3 0 -0.5
v -0.3 0.1 -0.5
v -0.3 0.2 2
v -0.3 0.2 1.9
v -0.3 0.2 -0.1
v -0.3 0.2 -0.3
v -0.3 0.2 -0.5
v -0.3 0.3 2
v -0.3 0.3 1.9
v -0.3 0.3 0.5
v -0.3 0.3 0.4
v -0.3 0.3 0.3
v -0.3 0.3 -0.1
v -0.3 0.3 -0.3
v -0.3 0.5 0.4
v -0.3 0.5 0.3
v -0.3 0.8 0.9
v -0.3 0.8 0.5
v -0.3 0.8 0.4
v -0.3 0.9 0.9
v -0.3 0.9 0.5
v -0.3 1.1 1.4
v -0.3 1.1 1.1
v -0.3 1.2 1.4
v -0.3 1.2 1.1
v -0.2 0 -0.1
v -0.2 0 -0.3
v -0.2 0.2 0.0999999
v -0.2 0.2 -0.1
v -0.2 0.2 -0.3
v -0.2 0.3 0.0999999
v -0.2 0.3 -0.1
v -0.2 0.6 1
v -0.2 0.6 0.9
v -0.2 0.6 0.6
v -0.2 0.6 0.5
v -0.2 0.7 0.9
v -0.2 0.7 0.8
v -0.2 0.7 0.7
v -0.2 0.7 0.6
v -0.2 0.8 1
v -0.2 0.8 0.9
v -0.2 0.8 0.8
v -0.2 0.8 0.7
v -0.2 0.8 0.5
v -0.2 0.9 1
v -0.2 0.9 0.9
v -0.2 1 1.3
v -0.2 1 1
v -0.2 1 0.9
v -0.2 1.1 1.3
v -0.2 1.1 1
v -0.0999999 0 0.0999999
v -0.0999999 0 -0.1
v -0.0999999 0.2 0.2
v -0.0999999 0.2 0.0999999
v -0.0999999 0.2 -0.1
v -0.0999999 0.3 0.2
v -0.0999999 0.3 0.0999999
v -0.0999999 0.4 0.6
v -0.0999999 0.4 0.5
v -0.0999999 0.6 0.6
v -0.0999999 0.6 0.5
v -0.0999999 0.8 1.1
v -0.0999999 0.8 1
v -0.0999999 0.9 1.2
v -0.0999999 0.9 1.1
v -0.0999999 1 1.2
v -0.0999999 1 1
v 2.38419e-07 0 0.2
v 2.38419e-07 0 0.0999999
v 2.38419e-07 0.2 0.3
v 2.38419e-07 0.2 0.2
v 2.38419e-07 0.2 0.0999999
v 2.38419e-07 0.3 0.7
v 2.38419e-07 0.3 0.5
v 2.38419e-07 0.3 0.3
v 2.38419e-07 0.3 0.2
v 2.38419e-07 0.4 2
v 2.38419e-07 0.4 1.9
v 2.38419e-07 0.4 0.7
v 2.38419e-07 0.4 0.6
v 2.38419e-07 0.4 0.5
v 2.38419e-07 0.5 2
v 2.38419e-07 0.5 1.9
v 0.1 0.3 -0.9
v 0.1 0.3 -1
v 0.1 0.4 0.7
v 0.1 0.4 0.6
v 0.1 0.4 0.5
v 0.1 0.4 -0.9
v 0.1 0.4 -1
v 0.1 0.5 0.7
v 0.1 0.5 0.6
v 0.1 0.5 0.5
v 0.1 0.5 -0.9
v 0.1 0.5 -1
v 0.1 0.5 -1.1
v 0.1 0.6 -1
v 0.1 0.6 -1.1
v 0.1 0.7 0.9
v 0.1 0.7 0.8
v 0.1 0.8 0.9
v 0.1 0.8 0.8
v 0.2 0 -0.5
v 0.2 0 -0.6
v 0.2 0.1 -0.6
v 0.2 0.2 -0.5
v 0.2 0.2 -0.6
v 0.2 0.2 -0.7
v 0.2 0.3 0.8
v 0.2 0.3 0.7
v 0.2 0.3 -0.6
v 0.2 0.3 -0.7
v 0.2 0.4 0.8
v 0.2 0.4 0.7
v 0.2 0.5 0.6
v 0.2 0.5 0.5
v 0.2 0.6 1
v 0.2 0.6 0.9
v 0.2 0.6 0.6
v 0.2 0.6 0.5
v 0.2 0.6 0.4
v 0.2 0.7 1
v 0.2 0.7 0.9
v 0.2 0.8 0.8
v 0.2 0.8 0.7
v 0.2 0.8 0.5
v 0.2 0.8 0.4
v 0.2 0.9 1.7
v 0.2 0.9 1.6
v 0.2 0.9 0.8
v 0.2 0.9 0.7
v 0.2 0.9 0.5
v 0.2 1 1.7
v 0.2 1 1.6
v 0.2 1 1.5
v 0.2 1 0.7
v 0.2 1 0.5
v 0.2 1.1 1.6
v 0.2 1.1 1.5
v 0.3 0 2
v 0.3 0 1.9
v 0.3 0 0.3
v 0.3 0 0.2
v 0.3 0.2 0.8
v 0.3 0.2 0.7
v 0.3 0.2 0.3
v 0.3 0.2 0.2
v 0.3 0.3 2
v 0.3 0.3 1.9
v 0.3 0.3 0.8
v 0.3 0.3 0.7
v 0.3 0.3 0.3
v 0.3 0.4 0.8
v 0.3 0.4 0.7
v 0.3 0.5 1
v 0.3 0.5 0.9
v 0.3 0.5 0.8
v 0.3 0.5 0.7
v 0.3 0.5 0.6
v 0.3 0.6 1
v 0.3 0.6 0.9
v 0.3 0.6 0.8
v 0.3 0.6 0.7
v 0.3 0.6 0.6
v 0.3 0.6 0.5
v 0.3 0.7 0.9
v 0.3 0.7 0.8
v 0.3 0.7 0.7
v 0.3 0.7 0.6
v 0.3 0.7 0.5
v 0.3 0.8 0.8
v 0.3 0.8 0.7
v 0.3 0.8 0.6
v 0.3 0.8 0.4
v 0.3 0.8 0.3
v 0.3 0.9 1.6
v 0.3 0.9 1.5
v 0.3 0.9 0.7
v 0.3 0.9 0.6
v 0.3 0.9 0.4
v 0.3 0.9 0.3
v 0.3 1 1.6
v 0.3 1 1.5
v 0.3 1 1.3
v 0.3 1 1.2
v 0.3 1.1 1.5
v 0.3 1.1 1.2
v 0.4 0 0.7
v 0.4 0 0.3
v 0.4 0.2 0.7
v 0.4 0.2 0.3
v 0.4 0.4 0.9
v 0.4 0.4 0.8
v 0.4 0.5 1.3
v 0.4 0.5 1
v 0.4 0.5 0.9
v 0.4 0.5 0.8
v 0.4 0.5 0.7
v 0.4 0.6 1.3
v 0.4 0.6 1.1
v 0.4 0.6 0.9
v 0.4 0.6 0.8
v 0.4 0.6 0.7
v 0.4 0.6 0.6
v 0.4 0.7 1.5
v 0.4 0.7 1.4
v 0.4 0.7 0.8
v 0.4 0.7 0.7
v 0.4 0.7 0.6
v 0.4 0.7 0.5
v 0.4 0.8 1.7
v 0.4 0.8 1.5
v 0.4 0.8 0.7
v 0.4 0.8 0.6
v 0.4 0.8 0.5
v 0.4 0.8 0.4
v 0.4 0.9 1.7
v 0.4 0.9 1.5
v 0.4 0.9 1.4
v 0.4 0.9 1.3
v 0.4 0.9 1.1
v 0.4 0.9 1
v 0.4 0.9 0.6
v 0.4 0.9 0.5
v 0.4 0.9 0.4
v 0.4 0.9 0.3
v 0.4 1 1.5
v 0.4 1 1.3
v 0.4 1 1.1
v 0.4 1 0.4
v 0.4 1 0.3
v 0.4 1 0.2
v 0.4 1 -1.4
v 0.4 1 -1.5
v 0.4 1.1 0.4
v 0.4 1.1 0.3
v 0.4 1.1 0.2
v 0.4 1.1 -1.4
v 0.4 1.1 -1.5
v 0.4 1.2 0.4
v 0.4 1.2 0.3
v 0.5 0 1.9
v 0.5 0 1.8
v 0.5 0.3 1.9
v 0.5 0.3 1.8
v 0.5 0.3 0.9
v 0.5 0.3 0.8
v 0.5 0.4 1.3
v 0.5 0.4 0.9
v 0.5 0.4 0.8
v 0.5 0.5 1.4
v 0.5 0.5 1.3
v 0.5 0.5 0.9
v 0.5 0.6 1.3
v 0.5 0.6 1.1
v 0.5 0.6 -1
v 0.5 0.6 -1.1
v 0.5 0.7 1.4
v 0.5 0.7 -1
v 0.5 0.7 -1.1
v 0.5 0.7 -1.2
v 0.5 0.7 -1.5
v 0.5 0.7 -1.6
v 0.5 0.8 -1.1
v 0.5 0.8 -1.2
v 0.5 0.8 -1.4
v 0.5 0.8 -1.5
v 0.5 0.8 -1.6
v 0.5 0.9 1.4
v 0.5 0.9 1.1
v 0.5 0.9 0.5
v 0.5 0.9 0.4
v 0.5 0.9 -1.5
v 0.5 0.9 -1.6
v 0.5 1 0.4
v 0.5 1 0.3
v 0.5 1 -1.2
v 0.5 1 -1.4
v 0.5 1 -1.5
v 0.5 1.1 0.5
v 0.5 1.1 0.3
v 0.5 1.1 -1.2
v 0.5 1.1 -1.3
v 0.5 1.1 -1.4
v 0.5 1.1 -1.5
v 0.5 1.2 -1.2
v 0.5 1.2 -1.3
v 0.5 1.2 -1.4
v 0.5 1.3 -1.4
v 0.5 1.3 -1.5
v 0.5 1.4 -1.3
v 0.5 1.4 -1.5
v 0.5 1.5 -1.3
v 0.5 1.5 -1.4
v 0.5 1.6 -1.4
v 0.5 1.6 -1.5
v 0.6 0 1.8
v 0.6 0 1.7
v 0.6 0.1 1.8
v 0.6 0.1 1.7
v 0.6 0.6 -1.1
v 0.6 0.6 -1.2
v 0.6 0.6 -1.5
v 0.6 0.6 -1.6
v 0.6 0.7 -1.1
v 0.6 0.7 -1.2
v 0.6 0.7 -1.4
v 0.6 0.7 -1.5
v 0.6 0.7 -1.6
v 0.6 0.8 -1.4
v 0.6 0.8 -1.5
v 0.6 0.9 -1.2
v 0.6 0.9 -1.4
v 0.6 1 -1.2
v 0.6 1 -1.4
v 0.7 0 -1.7
v 0.7 0 -1.8
v 0.7 0.1 -1.7
v 0.7 0.1 -1.8
v 0.7 0.3 2
v 0.7 0.3 1.9
v 0.7 0.4 2
v 0.7 0.4 1.9
v 0.7 0.5 1.5
v 0.7 0.5 1.4
v 0.7 0.6 -1.2
v 0.7 0.6 -1.3
v 0.7 0.6 -1.4
v 0.7 0.6 -1.5
v 0.7 0.7 1.7
v 0.7 0.7 1.5
v 0.7 0.7 1.4
v 0.7 0.7 -1.3
v 0.7 0.7 -1.4
v 0.7 0.7 -1.5
v 0.7 0.8 2
v 0.7 0.8 1.9
v 0.7 0.8 1.8
v 0.7 0.8 1.7
v 0.7 0.8 1.5
v 0.7 0.8 -1.2
v 0.7 0.8 -1.3
v 0.7 0.9 2
v 0.7 0.9 1.9
v 0.7 0.9 1.7
v 0.7 0.9 -1.2
v 0.7 0.9 -1.4
v 0.8 0.1 -1.7
v 0.8 0.1 -1.8
v 0.8 0.2 -1.7
v 0.8 0.2 -1.8
v 0.8 0.2 -1.9
v 0.8 0.4 2
v 0.8 0.4 1.9
v 0.8 0.4 1.8
v 0.8 0.5 1.8
v 0.8 0.5 1.5
v 0.8 0.5 1.2
v 0.8 0.5 0.9
v 0.8 0.5 -1.5
v 0.8 0.5 -1.6
v 0.8 0.5 -1.7
v 0.8 0.5 -1.8
v 0.8 0.5 -1.9
v 0.8 0.6 1.2
v 0.8 0.6 0.9
v 0.8 0.6 -1.3
v 0.8 0.6 -1.4
v 0.8 0.6 -1.5
v 0.8 0.6 -1.7
v 0.8 0.6 -1.8
v 0.8 0.7 1.8
v 0.8 0.7 1.7
v 0.8 0.7 1.5
v 0.8 0.7 -1.3
v 0.8 0.7 -1.4
v 0.8 0.8 2
v 0.8 0.8 1.8
v 0.8 0.8 1.7
v 0.9 0.2 -1.6
v 0.9 0.2 -1.7
v 0.9 0.2 -1.8
v 0.9 0.3 -1.5
v 0.9 0.3 -1.6
v 0.9 0.5 -1.3
v 0.9 0.5 -1.5
v 0.9 0.5 -1.6
v 0.9 0.5 -1.8
v 0.9 0.6 -1.3
v 0.9 0.6 -1.5
v 1 0 -1.6
v 1 0 -1.7
v 1 0.2 0.7
v 1 0.2 0.6
v 1 0.2 -1.5
v 1 0.2 -1.6
v 1 0.2 -1.7
v 1 0.3 1.9
v 1 0.3 1.8
v 1 0.3 0.7
v 1 0.3 0.6
v 1 0.3 -1.4
v 1 0.3 -1.5
v 1 0.3 -1.6
v 1 0.4 1.9
v 1 0.4 1.8
v 1 0.4 1.7
v 1 0.4 0.8
v 1 0.4 0.7
v 1 0.5 1.8
v 1 0.5 1.7
v 1 0.5 0.8
v 1 0.5 0.7
v 1 0.5 -1.4
v 1 0.5 -1.5
v 1.1 0 1.9
v 1.1 0 1.8
v 1.1 0 -1.5
v 1.1 0 -1.6
v 1.1 0.2 -1.3
v 1.1 0.2 -1.5
v 1.1 0.2 -1.6
v 1.1 0.3 1.9
v 1.1 0.3 1.8
v 1.1 0.3 0.8
v 1.1 0.3 0.7
v 1.1 0.3 -1.3
v 1.1 0.3 -1.4
v 1.1 0.3 -1.5
v 1.1 0.4 0.9
v 1.1 0.4 0.8
v 1.1 0.4 0.7
v 1.1 0.5 -1.2
v 1.1 0.5 -1.3
v 1.1 0.5 -1.4
v 1.1 0.6 0.9
v 1.1 0.6 0.8
v 1.1 0.6 -1.2
v 1.1 0.6 -1.3
v 1.2 0 -1.3
v 1.2 0 -1.5
v 1.2 0.2 -1.2
v 1.2 0.2 -1.3
v 1.2 0.2 -1.5
v 1.2 0.3 1.8
v 1.2 0.3 1.7
v 1.2 0.3 0.9
v 1.2 0.3 0.8
v 1.2 0.3 -1.2
v 1.2 0.3 -1.3
v 1.2 0.4 1.8
v 1.2 0.4 1.7
v 1.2 0.4 1.6
v 1.2 0.4 1
v 1.2 0.4 0.9
v 1.2 0.4 0.8
v 1.2 0.4 -1.2
v 1.2 0.5 1.7
v 1.2 0.5 1.6
v 1.2 0.5 1.3
v 1.2 0.5 1
v 1.2 0.5 -1
v 1.2 0.5 -1.2
v 1.2 0.5 -1.3
v 1.2 0.6 1.3
v 1.2 0.6 0.9
v 1.2 0.6 -1
v 1.2 0.6 -1.2
v 1.3 0 1.8
v 1.3 0 1.7
v 1.3 0 -0.4
v 1.3 0 -0.5
v 1.3 0 -1.2
v 1.3 0 -1.3
v 1.3 0.2 1
v 1.3 0.2 0.9
v 1.3 0.2 -0.4
v 1.3 0.2 -0.5
v 1.3 0.2 -0.6
v 1.3 0.2 -1
v 1.3 0.2 -1.2
v 1.3 0.2 -1.3
v 1.3 0.3 1.8
v 1.3 0.3 1.7
v 1.3 0.3 1.6
v 1.3 0.3 1.1
v 1.3 0.3 1
v 1.3 0.3 0.9
v 1.3 0.3 -0.5
v 1.3 0.3 -0.6
v 1.3 0.3 -1
v 1.3 0.4 1.7
v 1.3 0.4 1.6
v 1.3 0.4 1.3
v 1.3 0.4 1.1
v 1.3 0.4 1
v 1.3 0.4 0.9
v 1.3 0.4 -1
v 1.3 0.4 -1.2
v 1.3 0.5 1.6
v 1.3 0.5 1.3
v 1.3 0.5 1
v 1.3 0.5 -0.5
v 1.3 0.5 -0.6
v 1.3 0.5 -1
v 1.3 0.5 -1.2
v 1.3 0.6 -0.6
v 1.3 0.6 -1
v 1.4 0 1.7
v 1.4 0 1.5
v 1.4 0 1
v 1.4 0 0.9
v 1.4 0 -0.5
v 1.4 0 -1.2
v 1.4 0.2 1.1
v 1.4 0.2 1
v 1.4 0.2 0.9
v 1.4 0.2 0.7
v 1.4 0.2 -0.5
v 1.4 0.2 -0.6
v 1.4 0.2 -1
v 1.4 0.2 -1.2
v 1.4 0.3 1.7
v 1.4 0.3 1.6
v 1.4 0.3 1.5
v 1.4 0.3 1.1
v 1.4 0.3 1
v 1.4 0.3 0.9
v 1.4 0.3 0.7
v 1.4 0.3 -0.6
v 1.4 0.3 -1
v 1.4 0.4 1.6
v 1.4 0.4 1.1
v 1.4 0.5 -0.6
v 1.4 0.5 -1
v 1.5 0 1.5
v 1.5 0 1
v 1.5 0 0.9
v 1.5 0 0.7
v 1.5 0 0.0999999
v 1.5 0 -2.38419e-07
v 1.5 0.2 1.1
v 1.5 0.2 1
v 1.5 0.2 0.9
v 1.5 0.2 0.7
v 1.5 0.2 0.0999999
v 1.5 0.2 -2.38419e-07
v 1.5 0.3 1.5
v 1.5 0.3 1.1
v 1.5 0.3 0.7
v 1.5 0.3 0.0999999
v 1.6 0 0.7
v 1.6 0 0.0999999
v 1.6 0.2 0.7
v 1.6 0.2 0.0999999
v -0.8 0 2
v -0.8 0.2 2
v -0.7 0.2 2
v -0.7 0.3 2
v -0.6 0.5 2
v -0.6 0.8 2
v -0.3 0.2 2
v -0.3 0.3 2
v -0.3 0.4 2
v -0.3 0.5 2
v -0.0999999 0.2 2
v -0.0999999 0.3 2
v 2.38419e-07 0.4 2
v 2.38419e-07 0.5 2
v 0.3 0 2
v 0.3 0.3 2
v 0.3 0.4 2
v 0.3 0.5 2
v 0.3 0.6 2
v 0.4 0.3 2
v 0.4 0.4 2
v 0.4 0.8 2
v 0.4 0.9 2
v 0.6 0.5 2
v 0.6 0.6 2
v 0.7 0.3 2
v 0.7 0.4 2
v 0.7 0.5 2
v 0.7 0.8 2
v 0.7 0.9 2
v 0.8 0.4 2
v 0.8 0.8 2
v -0.8 0.4 1.9
v -0.8 0.6 1.9
v -0.8 0.7 1.9
v -0.7 0.7 1.9
v -0.7 0.8 1.9
v -0.6 0.4 1.9
v -0.6 0.5 1.9
v -0.6 0.6 1.9
v -0.6 0.8 1.9
v -0.6 0.9 1.9
v -0.3 0.2 1.9
v -0.3 0.3 1.9
v -0.3 0.4 1.9
v -0.3 0.5 1.9
v -0.0999999 0.2 1.9
v -0.0999999 0.3 1.9
v 2.38419e-07 0.4 1.9
v 2.38419e-07 0.5 1.9
v 0.3 0 1.9
v 0.3 0.3 1.9
v 0.3 0.4 1.9
v 0.3 0.5 1.9
v 0.4 0.3 1.9
v 0.4 0.4 1.9
v 0.4 0.8 1.9
v 0.4 0.9 1.9
v 0.5 0 1.9
v 0.5 0.3 1.9
v 0.7 0.1 1.9
v 0.7 0.3 1.9
v 0.7 0.4 1.9
v 0.8 0 1.9
v 0.8 0.1 1.9
v 0.8 0.3 1.9
v 0.8 0.4 1.9
v 1 0.3 1.9
v 1 0.4 1.9
v 1.1 0 1.9
v 1.1 0.3 1.9
v -1.1 0.1 1.8
v -1.1 0.4 1.8
v -1 0 1.8
v -1 0.1 1.8
v -0.9 0.4 1.8
v -0.9 0.5 1.8
v -0.9 0.7 1.8
v -0.8 0 1.8
v -0.8 0.2 1.8
v -0.8 0.4 1.8
v -0.8 0.5 1.8
v -0.8 0.6 1.8
v -0.8 0.7 1.8
v -0.8 0.8 1.8
v -0.7 0.2 1.8
v -0.7 0.3 1.8
v -0.7 0.7 1.8
v -0.7 0.8 1.8
v -0.6 0.3 1.8
v -0.6 0.4 1.8
v -0.4 0.3 1.8
v -0.4 0.4 1.8
v 0.5 0 1.8
v 0.5 0.3 1.8
v 0.6 0 1.8
v 0.6 0.1 1.8
v 0.7 0 1.8
v 0.7 0.1 1.8
v 0.7 0.3 1.8
v 0.8 0 1.8
v 0.8 0.1 1.8
v 0.8 0.4 1.8
v 0.8 0.5 1.8
v 1 0.3 1.8
v 1 0.4 1.8
v 1 0.5 1.8
v 1.1 0 1.8
v 1.1 0.3 1.8
v 1.2 0.3 1.8
v 1.2 0.4 1.8
v 1.3 0 1.8
v 1.3 0.3 1.8
v -1.2 0.1 1.7
v -1.2 0.4 1.7
v -1.1 0 1.7
v -1.1 0.1 1.7
v -1.1 0.4 1.7
v -1.1 0.5 1.7
v -1 0 1.7
v -1 0.1 1.7
v -0.9 0.4 1.7
v -0.9 0.5 1.7
v -0.6 0.9 1.7
v -0.6 1 1.7
v -0.5 0.9 1.7
v -0.4 0.3 1.7
v -0.4 0.4 1.7
v -0.3 0.3 1.7
v -0.3 0.4 1.7
v 0.2 0.9 1.7
v 0.2 1 1.7
v 0.6 0 1.7
v 0.6 0.1 1.7
v 0.7 0 1.7
v 0.7 0.1 1.7
v 1 0.4 1.7
v 1 0.5 1.7
v 1.2 0.3 1.7
v 1.2 0.4 1.7
v 1.2 0.5 1.7
v 1.3 0 1.7
v 1.3 0.3 1.7
v 1.3 0.4 1.7
v 1.4 0 1.7
v 1.4 0.3 1.7
v -0.9 0.8 1.6
v -0.9 1.1 1.6
v -0.8 0.8 1.6
v -0.8 1 1.6
v -0.8 1.1 1.6
v -0.8 1.2 1.6
v -0.6 0.8 1.6
v -0.6 1 1.6
v -0.5 1.1 1.6
v -0.5 1.2 1.6
v 0.2 0.9 1.6
v 0.2 1 1.6
v 0.2 1.1 1.6
v 0.3 0.9 1.6
v 0.3 1 1.6
v 1.2 0.4 1.6
v 1.2 0.5 1.6
v 1.3 0.3 1.6
v 1.3 0.4 1.6
v 1.3 0.5 1.6
v 1.4 0.3 1.6
v 1.4 0.4 1.6
v -1.3 0.1 1.5
v -1.3 0.4 1.5
v -1.2 0 1.5
v -1.2 0.1 1.5
v -1.2 0.4 1.5
v -1.2 0.5 1.5
v -1.1 0 1.5
v -1.1 0.1 1.5
v -1.1 0.4 1.5
v -1.1 0.5 1.5
v -1 0.8 1.5
v -1 1.1 1.5
v -0.9 0.7 1.5
v -0.9 0.8 1.5
v -0.9 1.1 1.5
v -0.9 1.2 1.5
v -0.8 0.7 1.5
v -0.8 0.8 1.5
v -0.8 1.1 1.5
v -0.8 1.2 1.5
v -0.8 1.3 1.5
v -0.5 1.1 1.5
v -0.5 1.2 1.5
v -0.5 1.3 1.5
v -0.4 1.1 1.5
v -0.4 1.2 1.5
v 0.2 1 1.5
v 0.2 1.1 1.5
v 0.3 0.9 1.5
v 0.3 1 1.5
v 0.3 1.1 1.5
v 0.4 0.9 1.5
v 0.4 1 1.5
v 1.4 0 1.5
v 1.4 0.3 1.5
v 1.5 0 1.5
v 1.5 0.3 1.5
v -1 0.5 1.4
v -1 0.8 1.4
v -0.9 0.7 1.4
v -0.9 0.8 1.4
v -0.8 0.5 1.4
v -0.8 0.7 1.4
v -0.5 1.2 1.4
v -0.5 1.3 1.4
v -0.4 1.1 1.4
v -0.4 1.2 1.4
v -0.4 1.3 1.4
v -0.3 1.1 1.4
v -0.3 1.2 1.4
v 0.4 0.7 1.4
v 0.4 0.9 1.4
v 0.5 0.7 1.4
v 0.5 0.9 1.4
v -1.4 0 1.3
v -1.4 0.4 1.3
v -1.3 0.1 1.3
v -1.3 0.4 1.3
v -1.3 0.5 1.3
v -1.2 0 1.3
v -1.2 0.1 1.3
v -1.2 0.4 1.3
v -1.2 0.5 1.3
v -1.1 0.5 1.3
v -1.1 1 1.3
v -1.1 1.1 1.3
v -1 0.5 1.3
v -1 1 1.3
v -1 1.1 1.3
v -1 1.2 1.3
v -0.9 1.1 1.3
v -0.9 1.2 1.3
v 0.7 0.5 1.3
v 0.7 0.6 1.3
v 1.2 0.5 1.3
v 1.2 0.6 1.3
v -1.5 0 1.2
v -1.5 0.2 1.2
v -1.4 0 1.2
v -1.4 0.2 1.2
v -1.3 0.7 1.2
v -1.3 1 1.2
v -1.2 0.5 1.2
v -1.2 0.6 1.2
v -1.2 0.7 1.2
v -1.2 1 1.2
v -1.2 1.1 1.2
v -1.1 0.5 1.2
v -1.1 0.6 1.2
v -1.1 1 1.2
v -1.1 1.1 1.2
v -1.1 1.2 1.2
v -1 1.1 1.2
v -1 1.2 1.2
v -1.4 0.7 1.1
v -1.4 1 1.1
v -1.3 0.6 1.1
v -1.3 0.7 1.1
v -1.3 1 1.1
v -1.3 1.1 1.1
v -1.2 0.6 1.1
v -1.2 0.7 1.1
v -1.2 1 1.1
v -1.2 1.1 1.1
v -1.2 1.2 1.1
v -1.1 1.1 1.1
v -1.1 1.2 1.1
v 0.6 0.4 1.1
v 0.6 0.5 1.1
v 0.7 0.4 1.1
v 0.7 0.5 1.1
v -1.4 0.6 1
v -1.4 0.7 1
v -1.3 0.5 1
v -1.3 0.6 1
v -1.3 0.7 1
v -1.2 0.5 1
v -1.2 0.6 1
v -0.8 1.1 0.9
v -0.8 1.2 0.9
v -0.6 0.9 0.9
v -0.6 1.1 0.9
v -0.6 1.2 0.9
v -0.5 0.9 0.9
v -0.5 1 0.9
v -0.5 1.1 0.9
v -0.2 0.6 0.9
v -0.2 0.7 0.9
v -0.0999999 0.6 0.9
v -0.0999999 0.7 0.9
v -0.0999999 0.8 0.9
v 0.1 0.7 0.9
v 0.1 0.8 0.9
v 0.2 0.6 0.9
v 0.2 0.7 0.9
v 0.3 0.5 0.9
v 0.3 0.6 0.9
v 0.3 0.7 0.9
v 0.4 0.5 0.9
v 0.4 0.6 0.9
v 0.8 0.5 0.9
v 0.8 0.6 0.9
v 1.1 0.5 0.9
v 1.1 0.6 0.9
v 1.3 0.2 0.9
v 1.3 0.3 0.9
v 1.4 0 0.9
v 1.4 0.2 0.9
v 1.4 0.3 0.9
v 1.5 0 0.9
v 1.5 0.2 0.9
v -0.2 0.7 0.8
v -0.2 0.8 0.8
v -0.0999999 0.7 0.8
v -0.0999999 0.8 0.8
v -0.0999999 0.9 0.8
v 0.1 0.7 0.8
v 0.1 0.8 0.8
v 0.2 0.8 0.8
v 0.2 0.9 0.8
v 0.3 0.6 0.8
v 0.3 0.7 0.8
v 0.3 0.8 0.8
v 0.4 0.6 0.8
v 0.4 0.7 0.8
v 2.38419e-07 0.9 0.7
v 2.38419e-07 1 0.7
v 0.2 0.8 0.7
v 0.2 0.9 0.7
v 0.2 1 0.7
v 0.3 0.7 0.7
v 0.3 0.8 0.7
v 0.3 0.9 0.7
v 0.4 0.7 0.7
v 0.4 0.8 0.7
v 1.4 0.2 0.7
v 1.4 0.3 0.7
v 1.5 0 0.7
v 1.5 0.2 0.7
v 1.5 0.3 0.7
v 1.6 0 0.7
v 1.6 0.2 0.7
v -1.5 0 0.6
v -1.5 0.2 0.6
v -1.4 0 0.6
v -1.4 0.2 0.6
v -1.4 0.3 0.6
v -1.3 0.2 0.6
v -1.3 0.3 0.6
v 0.3 0.8 0.6
v 0.3 0.9 0.6
v 0.4 0.8 0.6
v 0.4 0.9 0.6
v 0.1 1 0.5
v 0.1 1.1 0.5
v 0.2 0.9 0.5
v 0.2 1 0.5
v 0.2 1.1 0.5
v 0.4 0.9 0.5
v 0.4 1 0.5
v 0.5 0.9 0.5
v 0.5 1.1 0.5
v -1.6 0 0.4
v -1.6 0.2 0.4
v -1.5 0 0.4
v -1.5 0.2 0.4
v -1.5 0.3 0.4
v -1.4 0.2 0.4
v -1.4 0.3 0.4
v 0.3 1.1 0.4
v 0.3 1.2 0.4
v 0.4 1.1 0.4
v 0.4 1.2 0.4
v -1 0.4 0.2
v -1 0.5 0.2
v -0.9 0.4 0.2
v -0.9 0.5 0.2
v -0.9 0.4 0.0999999
v -0.9 0.5 0.0999999
v -0.6 0.4 0.0999999
v -0.6 0.5 0.0999999
v 0.5 0 -0.4
v 0.5 0.2 -0.4
v 1.3 0 -0.4
v 1.3 0.2 -0.4
v -0.3 0 -0.5
v -0.3 0.1 -0.5
v -0.3 0.2 -0.5
v -0.2 0 -0.5
v -0.2 0.1 -0.5
v 0.2 0 -0.5
v 0.2 0.2 -0.5
v 0.4 0 -0.5
v 0.4 0.2 -0.5
v 0.5 0 -0.5
v 0.5 0.2 -0.5
v 0.5 0.3 -0.5
v 0.9 0.3 -0.5
v 0.9 0.5 -0.5
v 1.2 0.2 -0.5
v 1.2 0.3 -0.5
v 1.3 0 -0.5
v 1.3 0.2 -0.5
v 1.3 0.3 -0.5
v 1.3 0.5 -0.5
v 1.4 0 -0.5
v 1.4 0.2 -0.5
v -1.7 0 -0.6
v -1.7 0.2 -0.6
v -1.4 0 -0.6
v -1.4 0.2 -0.6
v -0.4 0.2 -0.6
v -0.4 0.3 -0.6
v -0.3 0.2 -0.6
v -0.3 0.3 -0.6
v 2.38419e-07 0.2 -0.6
v 2.38419e-07 0.3 -0.6
v 0.2 0 -0.6
v 0.2 0.1 -0.6
v 0.2 0.2 -0.6
v 0.2 0.3 -0.6
v 0.3 0 -0.6
v 0.3 0.1 -0.6
v 0.4 0 -0.6
v 0.4 0.2 -0.6
v 0.4 0.3 -0.6
v 0.5 0.2 -0.6
v 0.5 0.3 -0.6
v 0.7 0.3 -0.6
v 0.7 0.5 -0.6
v 0.9 0.3 -0.6
v 0.9 0.5 -0.6
v 0.9 0.6 -0.6
v 1.3 0.2 -0.6
v 1.3 0.3 -0.6
v 1.3 0.5 -0.6
v 1.3 0.6 -0.6
v 1.4 0.2 -0.6
v 1.4 0.3 -0.6
v 1.4 0.5 -0.6
v -1.8 0 -0.7
v -1.8 0.2 -0.7
v -1.7 0 -0.7
v -1.7 0.2 -0.7
v -1.7 0.3 -0.7
v -1.4 0 -0.7
v -1.4 0.2 -0.7
v -1.4 0.3 -0.7
v -1.2 0 -0.7
v -1.2 0.2 -0.7
v -0.8 0 -0.7
v -0.8 0.1 -0.7
v -0.7 0 -0.7
v -0.7 0.1 -0.7
v -0.6 0 -0.7
v -0.6 0.2 -0.7
v -0.5 0 -0.7
v -0.5 0.2 -0.7
v -0.5 0.3 -0.7
v -0.4 0.2 -0.7
v -0.4 0.3 -0.7
v 0.2 0.2 -0.7
v 0.2 0.3 -0.7
v 0.4 0.2 -0.7
v 0.4 0.3 -0.7
v 0.6 0.3 -0.7
v 0.6 0.5 -0.7
v 0.7 0.3 -0.7
v 0.7 0.5 -0.7
v 0.7 0.6 -0.7
v 0.9 0.5 -0.7
v 0.9 0.6 -0.7
v -1.8 0.2 -0.8
v -1.8 0.4 -0.8
v -1.8 0.5 -0.8
v -1.7 0.2 -0.8
v -1.7 0.3 -0.8
v -1.6 0.3 -0.8
v -1.6 0.4 -0.8
v -1.5 0.3 -0.8
v -1.5 0.5 -0.8
v -1.4 0.2 -0.8
v -1.4 0.3 -0.8
v -1.2 0 -0.8
v -1.2 0.2 -0.8
v -1.2 0.3 -0.8
v -1.1 0 -0.8
v -1.1 0.2 -0.8
v -0.9 0 -0.8
v -0.9 0.1 -0.8
v -0.8 0 -0.8
v -0.8 0.1 -0.8
v 0.4 0.3 -0.8
v 0.4 0.4 -0.8
v 0.4 0.5 -0.8
v 0.6 0.3 -0.8
v 0.6 0.4 -0.8
v 0.6 0.5 -0.8
v 0.6 0.6 -0.8
v 0.7 0.5 -0.8
v 0.7 0.6 -0.8
v -1.9 0.2 -0.9
v -1.9 0.5 -0.9
v -1.8 0.2 -0.9
v -1.8 0.4 -0.9
v -1.8 0.5 -0.9
v -1.8 0.6 -0.9
v -1.5 0.3 -0.9
v -1.5 0.5 -0.9
v -1.5 0.6 -0.9
v -1.4 0.3 -0.9
v -1.4 0.5 -0.9
v -1.1 0 -0.9
v -1.1 0.1 -0.9
v -0.9 0 -0.9
v -0.9 0.1 -0.9
v -0.9 0.2 -0.9
v -0.8 0.2 -0.9
v -0.8 0.3 -0.9
v -0.7 0 -0.9
v -0.7 0.1 -0.9
v -0.7 0.2 -0.9
v -0.7 0.3 -0.9
v -0.7 0.4 -0.9
v -0.6 0 -0.9
v -0.6 0.1 -0.9
v -0.6 0.2 -0.9
v -0.6 0.3 -0.9
v -0.6 0.4 -0.9
v -0.5 0.2 -0.9
v -0.5 0.3 -0.9
v -0.3 0.3 -0.9
v -0.3 0.5 -0.9
v 2.38419e-07 0.4 -0.9
v 2.38419e-07 0.5 -0.9
v 0.1 0.3 -0.9
v 0.1 0.4 -0.9
v 0.1 0.5 -0.9
v 0.2 0.3 -0.9
v 0.2 0.5 -0.9
v 0.4 0.3 -0.9
v 0.4 0.4 -0.9
v 0.4 0.5 -0.9
v 0.4 0.6 -0.9
v 0.6 0.5 -0.9
v 0.6 0.6 -0.9
v -1.9 0.5 -1
v -1.9 0.8 -1
v -1.8 0.5 -1
v -1.8 0.6 -1
v -1.5 0.6 -1
v -1.5 0.8 -1
v -1.2 0.2 -1
v -1.2 0.3 -1
v -1.1 0.1 -1
v -1.1 0.2 -1
v -1.1 0.3 -1
v -1 0.1 -1
v -1 0.2 -1
v -1 0.3 -1
v -0.9 0.1 -1
v -0.9 0.2 -1
v -0.9 0.3 -1
v -0.9 0.6 -1
v -0.8 0.2 -1
v -0.8 0.3 -1
v -0.8 0.6 -1
v -0.8 0.7 -1
v -0.7 0.3 -1
v -0.7 0.4 -1
v -0.7 0.7 -1
v -0.6 0.3 -1
v -0.6 0.4 -1
v -0.5 0.3 -1
v -0.5 0.4 -1
v -0.4 0.3 -1
v -0.4 0.5 -1
v -0.3 0.3 -1
v -0.3 0.5 -1
v -0.3 0.6 -1
v -0.2 0.5 -1
v -0.2 0.6 -1
v 2.38419e-07 0.5 -1
v 0.1 0.3 -1
v 0.1 0.4 -1
v 0.1 0.5 -1
v 0.1 0.6 -1
v 0.2 0.3 -1
v 0.2 0.4 -1
v 0.2 0.5 -1
v 0.2 0.6 -1
v 0.4 0.5 -1
v 0.4 0.6 -1
v 0.4 0.7 -1
v 0.5 0.6 -1
v 0.5 0.7 -1
v -2 0.5 -1.1
v -2 0.7 -1.1
v -1.9 0.5 -1.1
v -1.9 0.7 -1.1
v -1.8 0.8 -1.1
v -1.8 0.9 -1.1
v -1.5 0.5 -1.1
v -1.5 0.8 -1.1
v -1.5 0.9 -1.1
v -1.4 0.3 -1.1
v -1.4 0.5 -1.1
v -1.4 0.8 -1.1
v -1.3 0.3 -1.1
v -1.3 0.5 -1.1
v -0.9 0.6 -1.1
v -0.9 0.7 -1.1
v -0.8 0.6 -1.1
v -0.8 0.7 -1.1
v -0.8 0.8 -1.1
v -0.8 0.9 -1.1
v -0.7 0.4 -1.1
v -0.7 0.6 -1.1
v -0.7 0.7 -1.1
v -0.7 0.8 -1.1
v -0.7 0.9 -1.1
v -0.6 0.6 -1.1
v -0.6 0.8 -1.1
v -0.5 0.4 -1.1
v -0.5 0.6 -1.1
v 0.1 0.5 -1.1
v 0.1 0.6 -1.1
v 0.2 0.5 -1.1
v 0.2 0.6 -1.1
v 0.2 0.7 -1.1
v 0.2 0.8 -1.1
v 0.3 0.6 -1.1
v 0.3 0.7 -1.1
v 0.4 0.6 -1.1
v 0.4 0.7 -1.1
v 0.5 0.6 -1.1
v 0.5 0.7 -1.1
v 0.5 0.8 -1.1
v 0.6 0.6 -1.1
v 0.6 0.7 -1.1
v -1.4 0.5 -1.2
v -1.4 0.6 -1.2
v -1.3 0.3 -1.2
v -1.3 0.5 -1.2
v -1.3 0.6 -1.2
v -1.2 0.3 -1.2
v -1.2 0.5 -1.2
v -1.1 0.2 -1.2
v -1.1 0.3 -1.2
v -1 0.2 -1.2
v -1 0.3 -1.2
v -0.9 0.1 -1.2
v -0.9 0.2 -1.2
v -0.8 0.9 -1.2
v -0.8 1 -1.2
v -0.7 0.1 -1.2
v -0.7 0.2 -1.2
v -0.7 0.8 -1.2
v -0.7 0.9 -1.2
v -0.7 1 -1.2
v -0.6 0.8 -1.2
v -0.6 0.9 -1.2
v 0.2 0.8 -1.2
v 0.2 0.9 -1.2
v 0.3 0.9 -1.2
v 0.3 1 -1.2
v 0.3 1.2 -1.2
v 0.4 1 -1.2
v 0.4 1.1 -1.2
v 0.5 0.7 -1.2
v 0.5 0.8 -1.2
v 0.5 1 -1.2
v 0.5 1.1 -1.2
v 0.5 1.2 -1.2
v 0.6 0.6 -1.2
v 0.6 0.7 -1.2
v 0.6 0.9 -1.2
v 0.6 1 -1.2
v 0.7 0.6 -1.2
v 0.7 0.8 -1.2
v 0.7 0.9 -1.2
v -1.3 0.5 -1.3
v -1.3 0.6 -1.3
v -1.2 0.3 -1.3
v -1.2 0.5 -1.3
v -1.2 0.6 -1.3
v -1.1 0.3 -1.3
v -1.1 0.5 -1.3
v 0.3 1.2 -1.3
v 0.3 1.3 -1.3
v 0.3 1.5 -1.3
v 0.4 1.3 -1.3
v 0.4 1.4 -1.3
v 0.5 1.2 -1.3
v 0.5 1.4 -1.3
v 0.5 1.5 -1.3
v 0.7 0.6 -1.3
v 0.7 0.7 -1.3
v 0.8 0.6 -1.3
v 0.8 0.7 -1.3
v -0.5 0.2 -1.4
v -0.5 0.3 -1.4
v -0.4 0.2 -1.4
v -0.4 0.3 -1.4
v 0.4 1.5 -1.4
v 0.4 1.6 -1.4
v 0.5 1.5 -1.4
v 0.5 1.6 -1.4
v 0.4 0.8 1.7
v 0.4 0.9 1.7
v 0.7 0.7 1.7
v 0.7 0.8 1.7
v 0.7 0.9 1.7
v 0.8 0.7 1.7
v 0.8 0.8 1.7
v -0.9 0.5 1.5
v -0.9 0.7 1.5
v -0.8 0.5 1.5
v -0.8 0.7 1.5
v 0.4 0.7 1.5
v 0.4 0.8 1.5
v 0.5 0.7 1.5
v 0.7 0.5 1.5
v 0.7 0.7 1.5
v 0.7 0.8 1.5
v 0.8 0.5 1.5
v 0.8 0.7 1.5
v 0.5 0.5 1.4
v 0.5 0.7 1.4
v 0.6 0.5 1.4
v 0.7 0.5 1.4
v 0.7 0.7 1.4
v -0.2 1 1.3
v -0.2 1.1 1.3
v 2.38419e-07 1 1.3
v 2.38419e-07 1.1 1.3
v 0.4 0.5 1.3
v 0.4 0.6 1.3
v 0.5 0.4 1.3
v 0.5 0.5 1.3
v 0.5 0.6 1.3
v 0.6 0.4 1.3
v 0.6 0.5 1.3
v 0.7 0.4 1.3
v 0.7 0.5 1.3
v -0.0999999 0.9 1.2
v -0.0999999 1 1.2
v 2.38419e-07 0.9 1.2
v 2.38419e-07 1 1.2
v 2.38419e-07 1.1 1.2
v 0.1 1 1.2
v 0.3 1 1.2
v 0.3 1.1 1.2
v 0.8 0.5 1.2
v 0.8 0.6 1.2
v 1.1 0.5 1.2
v 1.1 0.6 1.2
v -0.8 1.2 1.1
v -0.8 1.3 1.1
v -0.4 1.1 1.1
v -0.4 1.2 1.1
v -0.4 1.3 1.1
v -0.3 1.1 1.1
v -0.3 1.2 1.1
v -0.0999999 0.8 1.1
v -0.0999999 0.9 1.1
v 2.38419e-07 0.8 1.1
v 2.38419e-07 0.9 1.1
v 2.38419e-07 1 1.1
v 0.1 0.8 1.1
v 0.1 0.9 1.1
v 0.1 1 1.1
v 0.4 0.6 1.1
v 0.4 0.9 1.1
v 0.4 1 1.1
v 0.5 0.6 1.1
v 0.5 0.9 1.1
v 1.3 0.3 1.1
v 1.3 0.4 1.1
v 1.4 0.2 1.1
v 1.4 0.3 1.1
v 1.4 0.4 1.1
v 1.5 0.2 1.1
v 1.5 0.3 1.1
v -1.4 0.3 1
v -1.4 0.4 1
v -1.3 0.3 1
v -1.3 0.4 1
v -0.8 1.1 1
v -0.8 1.2 1
v -0.6 0.9 1
v -0.6 1.1 1
v -0.5 0.9 1
v -0.5 1 1
v -0.4 1 1
v -0.4 1.1 1
v -0.4 1.2 1
v -0.2 0.6 1
v -0.2 0.8 1
v -0.2 0.9 1
v -0.2 1 1
v -0.2 1.1 1
v -0.0999999 0.6 1
v -0.0999999 0.7 1
v -0.0999999 0.8 1
v -0.0999999 1 1
v 0.1 0.8 1
v 0.1 0.9 1
v 0.2 0.6 1
v 0.2 0.7 1
v 0.3 0.5 1
v 0.3 0.6 1
v 0.4 0.5 1
v 0.4 0.9 1
v 1.2 0.4 1
v 1.2 0.5 1
v 1.3 0.2 1
v 1.3 0.3 1
v 1.3 0.4 1
v 1.3 0.5 1
v 1.4 0 1
v 1.4 0.2 1
v 1.4 0.3 1
v 1.5 0 1
v 1.5 0.2 1
v -0.5 0.9 0.9
v -0.5 1 0.9
v -0.4 0.9 0.9
v -0.4 1 0.9
v -0.3 0.8 0.9
v -0.3 0.9 0.9
v -0.2 0.8 0.9
v -0.2 0.9 0.9
v -0.2 1 0.9
v 0.4 0.4 0.9
v 0.4 0.5 0.9
v 0.5 0.3 0.9
v 0.5 0.4 0.9
v 0.5 0.5 0.9
v 0.6 0.3 0.9
v 0.6 0.4 0.9
v 0.6 0.5 0.9
v 0.7 0.4 0.9
v 0.7 0.5 0.9
v 0.7 0.6 0.9
v 0.8 0.5 0.9
v 0.8 0.6 0.9
v 1.1 0.4 0.9
v 1.1 0.6 0.9
v 1.2 0.3 0.9
v 1.2 0.4 0.9
v 1.2 0.6 0.9
v 1.3 0.3 0.9
v 1.3 0.4 0.9
v -1.4 0.9 0.8
v -1.4 1 0.8
v -1.3 0.9 0.8
v -1.3 1 0.8
v -1.3 1.1 0.8
v -1.2 1 0.8
v -1.2 1.1 0.8
v -1.2 1.2 0.8
v -0.9 1.1 0.8
v -0.9 1.2 0.8
v 0.2 0.3 0.8
v 0.2 0.4 0.8
v 0.3 0.2 0.8
v 0.3 0.3 0.8
v 0.3 0.4 0.8
v 0.3 0.5 0.8
v 0.4 0.2 0.8
v 0.4 0.3 0.8
v 0.4 0.4 0.8
v 0.4 0.5 0.8
v 0.5 0.2 0.8
v 0.5 0.3 0.8
v 0.5 0.4 0.8
v 0.6 0.2 0.8
v 0.6 0.3 0.8
v 0.6 0.4 0.8
v 0.7 0.2 0.8
v 0.7 0.4 0.8
v 0.7 0.5 0.8
v 0.8 0.4 0.8
v 0.8 0.5 0.8
v 0.8 0.6 0.8
v 1 0.4 0.8
v 1 0.5 0.8
v 1.1 0.3 0.8
v 1.1 0.4 0.8
v 1.1 0.6 0.8
v 1.2 0.3 0.8
v 1.2 0.4 0.8
v -1.5 0 0.7
v -1.5 0.2 0.7
v -1.4 0 0.7
v -1.4 0.2 0.7
v -1.4 0.3 0.7
v -1.4 0.6 0.7
v -1.4 0.9 0.7
v -1.3 0.2 0.7
v -1.3 0.3 0.7
v -1.3 0.4 0.7
v -1.3 0.6 0.7
v -1.3 0.9 0.7
v -1.3 1 0.7
v -1.2 0.4 0.7
v -1.2 0.6 0.7
v -1.2 0.9 0.7
v -1.2 1 0.7
v -1.2 1.1 0.7
v -1 1 0.7
v -1 1.1 0.7
v -0.2 0.7 0.7
v -0.2 0.8 0.7
v -0.0999999 0.7 0.7
v -0.0999999 0.8 0.7
v 2.38419e-07 0.3 0.7
v 2.38419e-07 0.4 0.7
v 0.1 0.4 0.7
v 0.1 0.5 0.7
v 0.2 0.3 0.7
v 0.2 0.4 0.7
v 0.2 0.5 0.7
v 0.3 0.4 0.7
v 0.3 0.5 0.7
v 0.3 0.6 0.7
v 0.4 0 0.7
v 0.4 0.2 0.7
v 0.4 0.5 0.7
v 0.4 0.6 0.7
v 0.6 0.1 0.7
v 0.6 0.2 0.7
v 0.7 0.2 0.7
v 0.7 0.4 0.7
v 0.8 0 0.7
v 0.8 0.1 0.7
v 0.8 0.2 0.7
v 0.8 0.3 0.7
v 0.8 0.4 0.7
v 0.8 0.5 0.7
v 1 0.2 0.7
v 1 0.3 0.7
v 1 0.4 0.7
v 1 0.5 0.7
v 1.1 0.2 0.7
v 1.1 0.3 0.7
v 1.1 0.4 0.7
v -1.3 0.6 0.6
v -1.3 0.9 0.6
v -1.2 0.5 0.6
v -1.2 0.6 0.6
v -1.2 0.9 0.6
v -1.2 1 0.6
v -1.1 0.6 0.6
v -1.1 0.9 0.6
v -1 0.5 0.6
v -1 0.6 0.6
v -1 0.9 0.6
v -1 1 0.6
v -1 1.1 0.6
v -0.9 0.9 0.6
v -0.9 1 0.6
v -0.9 1.1 0.6
v -0.9 1.2 0.6
v -0.8 0.6 0.6
v -0.8 0.8 0.6
v -0.7 0.6 0.6
v -0.7 0.8 0.6
v -0.6 0.9 0.6
v -0.6 1.1 0.6
v -0.6 1.2 0.6
v -0.5 0.9 0.6
v -0.5 1.1 0.6
v -0.2 0.6 0.6
v -0.2 0.7 0.6
v -0.0999999 0.4 0.6
v -0.0999999 0.6 0.6
v -0.0999999 0.7 0.6
v 2.38419e-07 0.4 0.6
v 2.38419e-07 0.6 0.6
v 0.2 0.5 0.6
v 0.2 0.6 0.6
v 0.3 0.5 0.6
v 0.3 0.6 0.6
v 0.3 0.7 0.6
v 0.4 0.6 0.6
v 0.4 0.7 0.6
v 0.8 0 0.6
v 0.8 0.2 0.6
v 0.8 0.3 0.6
v 1 0 0.6
v 1 0.2 0.6
v 1 0.3 0.6
v -1.1 0.6 0.5
v -1.1 0.9 0.5
v -1 0.5 0.5
v -1 0.6 0.5
v -0.9 0.9 0.5
v -0.9 1.1 0.5
v -0.8 0.5 0.5
v -0.8 0.6 0.5
v -0.8 0.8 0.5
v -0.7 0.6 0.5
v -0.7 0.8 0.5
v -0.6 0.6 0.5
v -0.6 0.8 0.5
v -0.6 0.9 0.5
v -0.6 1.1 0.5
v -0.3 0.3 0.5
v -0.3 0.8 0.5
v -0.3 0.9 0.5
v -0.2 0.3 0.5
v -0.2 0.6 0.5
v -0.2 0.8 0.5
v -0.0999999 0.3 0.5
v -0.0999999 0.4 0.5
v -0.0999999 0.6 0.5
v -0.0999999 0.9 0.5
v 2.38419e-07 0.3 0.5
v 2.38419e-07 0.4 0.5
v 2.38419e-07 0.6 0.5
v 2.38419e-07 0.7 0.5
v 2.38419e-07 0.9 0.5
v 0.1 0.4 0.5
v 0.1 0.5 0.5
v 0.1 0.6 0.5
v 0.1 0.7 0.5
v 0.2 0.5 0.5
v 0.2 0.6 0.5
v 0.2 0.8 0.5
v 0.3 0.6 0.5
v 0.3 0.7 0.5
v 0.3 0.8 0.5
v 0.4 0.7 0.5
v 0.4 0.8 0.5
v -0.9 0.4 0.4
v -0.9 0.5 0.4
v -0.8 0.5 0.4
v -0.8 0.6 0.4
v -0.6 0.4 0.4
v -0.6 0.6 0.4
v -0.6 0.8 0.4
v -0.5 0.6 0.4
v -0.4 0.5 0.4
v -0.4 0.6 0.4
v -0.3 0.5 0.4
v -0.3 0.8 0.4
v 2.38419e-07 0.7 0.4
v 2.38419e-07 0.8 0.4
v 2.38419e-07 0.9 0.4
v 2.38419e-07 1 0.4
v 0.1 0.6 0.4
v 0.1 0.7 0.4
v 0.1 0.9 0.4
v 0.1 1 0.4
v 0.1 1.1 0.4
v 0.2 0.6 0.4
v 0.2 0.8 0.4
v 0.2 1 0.4
v 0.2 1.1 0.4
v 0.3 0.8 0.4
v 0.3 0.9 0.4
v 0.4 0.8 0.4
v 0.4 0.9 0.4
v 0.4 1 0.4
v 0.5 0.9 0.4
v 0.5 1 0.4
v 1 0 0.4
v 1 0.2 0.4
v 1.1 0 0.4
v 1.1 0.2 0.4
v 1.1 0.3 0.4
v 1.2 0.2 0.4
v 1.2 0.3 0.4
v -1.3 0.3 0.3
v -1.3 0.4 0.3
v -1.2 0.3 0.3
v -1.2 0.4 0.3
v -1.2 0.5 0.3
v -1 0.4 0.3
v -1 0.5 0.3
v -0.9 0.4 0.3
v -0.9 0.5 0.3
v -0.5 0.5 0.3
v -0.5 0.6 0.3
v -0.4 0.3 0.3
v -0.4 0.5 0.3
v -0.4 0.6 0.3
v -0.3 0.3 0.3
v -0.3 0.5 0.3
v 2.38419e-07 0.2 0.3
v 2.38419e-07 0.3 0.3
v 2.38419e-07 0.8 0.3
v 2.38419e-07 0.9 0.3
v 0.1 0.9 0.3
v 0.1 1 0.3
v 0.2 1 0.3
v 0.2 1.1 0.3
v 0.3 0 0.3
v 0.3 0.2 0.3
v 0.3 0.3 0.3
v 0.3 0.8 0.3
v 0.3 0.9 0.3
v 0.3 1 0.3
v 0.3 1.1 0.3
v 0.3 1.2 0.3
v 0.4 0 0.3
v 0.4 0.2 0.3
v 0.4 0.9 0.3
v 0.4 1 0.3
v 0.4 1.1 0.3
v 0.4 1.2 0.3
v 0.5 1 0.3
v 0.5 1.1 0.3
v -1.2 0.3 0.2
v -1.2 0.4 0.2
v -1.1 0.3 0.2
v -1 0.3 0.2
v -1 0.4 0.2
v -0.6 0.5 0.2
v -0.6 0.6 0.2
v -0.5 0.4 0.2
v -0.5 0.5 0.2
v -0.5 0.6 0.2
v -0.4 0.4 0.2
v -0.4 0.5 0.2
v -0.0999999 0.2 0.2
v -0.0999999 0.3 0.2
v 2.38419e-07 0 0.2
v 2.38419e-07 0.2 0.2
v 2.38419e-07 0.3 0.2
v 0.3 0 0.2
v 0.3 0.2 0.2
v 0.3 1 0.2
v 0.3 1.1 0.2
v 0.4 1 0.2
v 0.4 1.1 0.2
v -1.2 0.2 0.0999999
v -1.2 0.3 0.0999999
v -1.1 0.2 0.0999999
v -1.1 0.3 0.0999999
v -1 0.4 0.0999999
v -1 0.5 0.0999999
v -0.9 0.4 0.0999999
v -0.9 0.5 0.0999999
v -0.6 0.4 0.0999999
v -0.6 0.5 0.0999999
v -0.5 0.3 0.0999999
v -0.5 0.4 0.0999999
v -0.5 0.5 0.0999999
v -0.4 0.3 0.0999999
v -0.4 0.4 0.0999999
v -0.2 0.2 0.0999999
v -0.2 0.3 0.0999999
v -0.0999999 0 0.0999999
v -0.0999999 0.2 0.0999999
v -0.0999999 0.3 0.0999999
v 2.38419e-07 0 0.0999999
v 2.38419e-07 0.2 0.0999999
v 1.1 0 0.0999999
v 1.1 0.2 0.0999999
v 1.2 0 0.0999999
v 1.2 0.2 0.0999999
v 1.2 0.3 0.0999999
v 1.5 0 0.0999999
v 1.5 0.2 0.0999999
v 1.5 0.3 0.0999999
v 1.6 0 0.0999999
v 1.6 0.2 0.0999999
v -1.6 0 -2.38419e-07
v -1.6 0.2 -2.38419e-07
v -1.5 0 -2.38419e-07
v -1.5 0.2 -2.38419e-07
v -1.5 0.3 -2.38419e-07
v -1.2 0 -2.38419e-07
v -1.2 0.1 -2.38419e-07
v -1.2 0.2 -2.38419e-07
v -1.2 0.3 -2.38419e-07
v -1.1 0 -2.38419e-07
v -1.1 0.1 -2.38419e-07
v -1.1 0.2 -2.38419e-07
v -1.1 0.3 -2.38419e-07
v -1 0.2 -2.38419e-07
v -1 0.3 -2.38419e-07
v -0.9 0.4 -2.38419e-07
v -0.9 0.5 -2.38419e-07
v -0.6 0.3 -2.38419e-07
v -0.6 0.4 -2.38419e-07
v -0.6 0.5 -2.38419e-07
v -0.5 0.3 -2.38419e-07
v -0.5 0.4 -2.38419e-07
v 1.2 0 -2.38419e-07
v 1.2 0.2 -2.38419e-07
v 1.5 0 -2.38419e-07
v 1.5 0.2 -2.38419e-07
v -1.5 0 -0.1
v -1.5 0.2 -0.1
v -1.2 0 -0.1
v -1.2 0.2 -0.1
v -1.1 0 -0.1
v -1.1 0.2 -0.1
v -1 0 -0.1
v -1 0.2 -0.1
v -1 0.3 -0.1
v -1 0.4 -0.1
v -0.9 0.2 -0.1
v -0.9 0.3 -0.1
v -0.8 0.3 -0.1
v -0.7 0.3 -0.1
v -0.6 0.3 -0.1
v -0.6 0.4 -0.1
v -0.3 0.2 -0.1
v -0.3 0.3 -0.1
v -0.2 0 -0.1
v -0.2 0.2 -0.1
v -0.2 0.3 -0.1
v -0.0999999 0 -0.1
v -0.0999999 0.2 -0.1
v -1 0 -0.3
v -1 0.2 -0.3
v -0.9 0 -0.3
v -0.9 0.2 -0.3
v -0.9 0.3 -0.3
v -0.8 0.2 -0.3
v -0.8 0.3 -0.3
v -0.4 0.2 -0.3
v -0.4 0.3 -0.3
v -0.3 0 -0.3
v -0.3 0.2 -0.3
v -0.3 0.3 -0.3
v -0.2 0 -0.3
v -0.2 0.2 -0.3
v -0.9 0 -0.5
v -0.9 0.2 -0.5
v -0.8 0 -0.5
v -0.8 0.1 -0.5
v -0.8 0.2 -0.5
v -0.8 0.3 -0.5
v -0.4 0.2 -0.5
v -0.4 0.3 -0.5
v -0.8 0 -0.6
v -0.8 0.1 -0.6
v -0.8 0.2 -0.6
v -0.5 0 -0.6
v -0.5 0.1 -0.6
v -0.5 0.2 -0.6
v 1.2 0.5 -1
v 1.2 0.6 -1
v 1.3 0.2 -1
v 1.3 0.3 -1
v 1.3 0.4 -1
v 1.3 0.5 -1
v 1.3 0.6 -1
v 1.4 0.2 -1
v 1.4 0.3 -1
v 1.4 0.5 -1
v -0.9 0.1 -1.1
v -0.9 0.2 -1.1
v -0.8 0.1 -1.1
v -0.8 0.2 -1.1
v -0.7 0.1 -1.1
v -0.7 0.2 -1.1
v -2 0.5 -1.2
v -2 0.7 -1.2
v -1.9 0.5 -1.2
v -1.9 0.7 -1.2
v -1.9 0.8 -1.2
v -1.8 0.7 -1.2
v -1.8 0.8 -1.2
v -0.9 0.6 -1.2
v -0.9 0.7 -1.2
v -0.8 0.6 -1.2
v -0.8 0.7 -1.2
v 1.1 0.5 -1.2
v 1.1 0.6 -1.2
v 1.2 0.2 -1.2
v 1.2 0.3 -1.2
v 1.2 0.4 -1.2
v 1.2 0.5 -1.2
v 1.2 0.6 -1.2
v 1.3 0 -1.2
v 1.3 0.2 -1.2
v 1.3 0.4 -1.2
v 1.3 0.5 -1.2
v 1.4 0 -1.2
v 1.4 0.2 -1.2
v -1.9 0.2 -1.3
v -1.9 0.4 -1.3
v -1.8 0.2 -1.3
v -1.8 0.4 -1.3
v -1.8 0.8 -1.3
v -1.8 0.9 -1.3
v -1.7 0.8 -1.3
v -1.7 0.9 -1.3
v -0.9 0.3 -1.3
v -0.9 0.4 -1.3
v -0.9 0.6 -1.3
v -0.8 0.3 -1.3
v -0.8 0.4 -1.3
v -0.8 0.6 -1.3
v -0.8 0.8 -1.3
v -0.8 1 -1.3
v -0.7 0.9 -1.3
v -0.7 1 -1.3
v -0.6 0.3 -1.3
v -0.6 0.4 -1.3
v -0.6 0.6 -1.3
v -0.6 0.8 -1.3
v -0.6 0.9 -1.3
v -0.5 0.2 -1.3
v -0.5 0.3 -1.3
v -0.5 0.4 -1.3
v -0.5 0.6 -1.3
v -0.4 0.2 -1.3
v -0.4 0.3 -1.3
v 0.9 0.5 -1.3
v 0.9 0.6 -1.3
v 1 0.5 -1.3
v 1 0.6 -1.3
v 1.1 0.2 -1.3
v 1.1 0.3 -1.3
v 1.1 0.5 -1.3
v 1.1 0.6 -1.3
v 1.2 0 -1.3
v 1.2 0.2 -1.3
v 1.2 0.3 -1.3
v 1.2 0.5 -1.3
v 1.3 0 -1.3
v 1.3 0.2 -1.3
v -1.9 0.4 -1.4
v -1.9 0.5 -1.4
v -1.9 0.7 -1.4
v -1.8 0.4 -1.4
v -1.8 0.5 -1.4
v -1.8 0.7 -1.4
v -1.8 0.8 -1.4
v -1.7 0.5 -1.4
v -1.7 0.7 -1.4
v -1.7 0.8 -1.4
v -1.7 0.9 -1.4
v -1.6 0.7 -1.4
v -1.6 0.8 -1.4
v -1.5 0.6 -1.4
v -1.5 0.8 -1.4
v -1.5 0.9 -1.4
v -1.4 0.6 -1.4
v -1.4 0.8 -1.4
v -0.8 0.3 -1.4
v -0.8 0.4 -1.4
v -0.8 0.6 -1.4
v -0.6 0.3 -1.4
v -0.6 0.4 -1.4
v -0.6 0.6 -1.4
v -0.4 0 -1.4
v -0.4 0.3 -1.4
v -0.4 0.4 -1.4
v -0.4 0.5 -1.4
v -0.3 0.2 -1.4
v -0.3 0.4 -1.4
v -0.3 0.5 -1.4
v -0.3 0.6 -1.4
v -0.2 0.1 -1.4
v -0.2 0.2 -1.4
v -0.2 0.5 -1.4
v -0.2 0.6 -1.4
v -0.0999999 0 -1.4
v -0.0999999 0.1 -1.4
v -0.0999999 0.5 -1.4
v 2.38419e-07 0 -1.4
v 2.38419e-07 0.1 -1.4
v 2.38419e-07 0.5 -1.4
v 2.38419e-07 0.6 -1.4
v 0.2 0.7 -1.4
v 0.2 0.8 -1.4
v 0.2 0.9 -1.4
v 0.3 0.7 -1.4
v 0.3 0.8 -1.4
v 0.3 0.9 -1.4
v 0.3 1.4 -1.4
v 0.3 1.5 -1.4
v 0.4 1 -1.4
v 0.4 1.1 -1.4
v 0.4 1.4 -1.4
v 0.4 1.5 -1.4
v 0.5 0.8 -1.4
v 0.5 1 -1.4
v 0.5 1.1 -1.4
v 0.6 0.7 -1.4
v 0.6 0.8 -1.4
v 0.6 0.9 -1.4
v 0.6 1 -1.4
v 0.7 0.6 -1.4
v 0.7 0.7 -1.4
v 0.7 0.9 -1.4
v 0.8 0.6 -1.4
v 0.8 0.7 -1.4
v 1 0.3 -1.4
v 1 0.5 -1.4
v 1.1 0.3 -1.4
v 1.1 0.5 -1.4
v -1.8 0.2 -1.5
v -1.8 0.4 -1.5
v -1.8 0.5 -1.5
v -1.7 0.2 -1.5
v -1.7 0.4 -1.5
v -1.7 0.5 -1.5
v -1.7 0.7 -1.5
v -1.6 0.5 -1.5
v -1.6 0.6 -1.5
v -1.6 0.7 -1.5
v -1.6 0.8 -1.5
v -1.5 0.6 -1.5
v -1.5 0.8 -1.5
v -0.5 0.2 -1.5
v -0.5 0.3 -1.5
v -0.4 0.2 -1.5
v -0.4 0.3 -1.5
v -0.3 0.2 -1.5
v -0.3 0.5 -1.5
v -0.2 0.1 -1.5
v -0.2 0.2 -1.5
v -0.0999999 0.2 -1.5
v -0.0999999 0.4 -1.5
v -0.0999999 0.5 -1.5
v 2.38419e-07 0.1 -1.5
v 2.38419e-07 0.2 -1.5
v 0.2 0.6 -1.5
v 0.2 0.7 -1.5
v 0.3 0.6 -1.5
v 0.3 0.7 -1.5
v 0.3 0.8 -1.5
v 0.3 1.1 -1.5
v 0.3 1.4 -1.5
v 0.4 0.8 -1.5
v 0.4 0.9 -1.5
v 0.4 1 -1.5
v 0.4 1.1 -1.5
v 0.4 1.3 -1.5
v 0.4 1.4 -1.5
v 0.4 1.6 -1.5
v 0.5 0.7 -1.5
v 0.5 0.8 -1.5
v 0.5 0.9 -1.5
v 0.5 1 -1.5
v 0.5 1.1 -1.5
v 0.5 1.3 -1.5
v 0.5 1.4 -1.5
v 0.5 1.6 -1.5
v 0.6 0.6 -1.5
v 0.6 0.7 -1.5
v 0.6 0.8 -1.5
v 0.7 0.6 -1.5
v 0.7 0.7 -1.5
v 0.8 0.5 -1.5
v 0.8 0.6 -1.5
v 0.9 0.3 -1.5
v 0.9 0.5 -1.5
v 0.9 0.6 -1.5
v 1 0.2 -1.5
v 1 0.3 -1.5
v 1 0.5 -1.5
v 1.1 0 -1.5
v 1.1 0.2 -1.5
v 1.1 0.3 -1.5
v 1.2 0 -1.5
v 1.2 0.2 -1.5
v -1.8 0 -1.6
v -1.8 0.2 -1.6
v -1.7 0 -1.6
v -1.7 0.2 -1.6
v -1.7 0.4 -1.6
v -1.7 0.5 -1.6
v -1.6 0.2 -1.6
v -1.6 0.4 -1.6
v -1.6 0.5 -1.6
v -1.6 0.6 -1.6
v -1.5 0.5 -1.6
v -1.5 0.6 -1.6
v 0.3 0.6 -1.6
v 0.3 0.8 -1.6
v 0.4 0.8 -1.6
v 0.4 0.9 -1.6
v 0.5 0.7 -1.6
v 0.5 0.8 -1.6
v 0.5 0.9 -1.6
v 0.6 0.6 -1.6
v 0.6 0.7 -1.6
v 0.9 0.2 -1.6
v 0.9 0.3 -1.6
v 1 0 -1.6
v 1 0.2 -1.6
v 1 0.3 -1.6
v 1.1 0 -1.6
v 1.1 0.2 -1.6
v -1.7 0 -1.7
v -1.7 0.2 -1.7
v -1.6 0.2 -1.7
v -1.6 0.4 -1.7
v -1.6 0.5 -1.7
v -1.5 0 -1.7
v -1.5 0.4 -1.7
v -1.5 0.5 -1.7
v -1.5 0.6 -1.7
v -1.3 0.5 -1.7
v -1.2 0.2 -1.7
v -1.2 0.3 -1.7
v -1.2 0.4 -1.7
v -1.2 0.5 -1.7
v -1.2 0.6 -1.7
v -1.1 0.3 -1.7
v -1.1 0.5 -1.7
v -0.8 0.2 -1.7
v -0.8 0.3 -1.7
v -0.0999999 0.2 -1.7
v -0.0999999 0.4 -1.7
v -0.0999999 0.5 -1.7
v 2.38419e-07 0 -1.7
v 2.38419e-07 0.2 -1.7
v 2.38419e-07 0.4 -1.7
v 2.38419e-07 0.5 -1.7
v 2.38419e-07 0.6 -1.7
v 0.1 0 -1.7
v 0.1 0.2 -1.7
v 0.1 0.5 -1.7
v 0.1 0.6 -1.7
v 0.4 0.5 -1.7
v 0.5 0.5 -1.7
v 0.5 0.6 -1.7
v 0.7 0 -1.7
v 0.7 0.1 -1.7
v 0.8 0 -1.7
v 0.8 0.1 -1.7
v 0.8 0.2 -1.7
v 0.9 0.2 -1.7
v 1 0 -1.7
v 1 0.2 -1.7
v -1.5 0 -1.8
v -1.5 0.5 -1.8
v -1.3 0.4 -1.8
v -1.3 0.5 -1.8
v -1.2 0.2 -1.8
v -1.2 0.4 -1.8
v -1.2 0.5 -1.8
v -0.8 0 -1.8
v -0.8 0.2 -1.8
v -0.8 0.3 -1.8
v -0.5 0 -1.8
v -0.5 0.2 -1.8
v -0.5 0.3 -1.8
v -0.4 0 -1.8
v -0.4 0.2 -1.8
v 2.38419e-07 0.2 -1.8
v 2.38419e-07 0.4 -1.8
v 2.38419e-07 0.5 -1.8
v 0.1 0 -1.8
v 0.1 0.2 -1.8
v 0.4 0.4 -1.8
v 0.4 0.5 -1.8
v 0.5 0.2 -1.8
v 0.5 0.5 -1.8
v 0.5 0.6 -1.8
v 0.7 0 -1.8
v 0.7 0.1 -1.8
v 0.8 0.1 -1.8
v 0.8 0.2 -1.8
v 0.8 0.5 -1.8
v 0.8 0.6 -1.8
v 0.9 0.2 -1.8
v 0.9 0.5 -1.8
v -0.8 0 -1.9
v -0.8 0.2 -1.9
v -0.5 0 -1.9
v -0.5 0.2 -1.9
v 0.5 0.2 -1.9
v 0.5 0.5 -1.9
v 0.8 0.2 -1.9
v 0.8 0.5 -1.9
v -0.8 0 2
v 0.3 0 2
v 0.3 0 1.9
v 0.5 0 1.9
v 0.8 0 1.9
v 1.1 0 1.9
v -1 0 1.8
v -0.8 0 1.8
v -0.6 0 1.8
v 0.2 0 1.8
v 0.5 0 1.8
v 0.6 0 1.8
v 0.7 0 1.8
v 0.8 0 1.8
v 1.1 0 1.8
v 1.3 0 1.8
v -1.1 0 1.7
v -1 0 1.7
v -0.7 0 1.7
v -0.6 0 1.7
v 0.2 0 1.7
v 0.6 0 1.7
v 0.7 0 1.7
v 1.2 0 1.7
v 1.3 0 1.7
v 1.4 0 1.7
v -1.1 0 1.6
v -0.7 0 1.6
v 0.6 0 1.6
v 0.7 0 1.6
v -1.2 0 1.5
v -1.1 0 1.5
v 1.4 0 1.5
v 1.5 0 1.5
v -1.2 0 1.4
v -1.1 0 1.4
v 1.2 0 1.4
v 1.3 0 1.4
v -1.4 0 1.3
v -1.2 0 1.3
v -1.1 0 1.3
v -1.5 0 1.2
v -1.4 0 1.2
v 1.3 0 1.2
v 1.4 0 1.2
v -1.3 0 1.1
v -1.2 0 1.1
v 1.3 0 1.1
v 1.4 0 1.1
v 1.2 0 1
v 1.3 0 1
v 1.4 0 1
v 1.5 0 1
v 0.4 0 0.9
v 0.8 0 0.9
v 1.2 0 0.9
v 1.3 0 0.9
v 1.4 0 0.9
v 1.5 0 0.9
v 0.3 0 0.8
v 0.4 0 0.8
v 0.8 0 0.8
v 1 0 0.8
v -1.5 0 0.7
v -1.4 0 0.7
v -1.3 0 0.7
v -1.2 0 0.7
v 0.2 0 0.7
v 0.3 0 0.7
v 0.4 0 0.7
v 0.8 0 0.7
v 1 0 0.7
v 1.1 0 0.7
v 1.3 0 0.7
v 1.4 0 0.7
v 1.5 0 0.7
v 1.6 0 0.7
v -1.5 0 0.6
v -1.4 0 0.6
v -1.3 0 0.6
v -1.2 0 0.6
v 0.8 0 0.6
v 1 0 0.6
v 1.1 0 0.6
v 1.2 0 0.6
v -1.6 0 0.4
v -1.5 0 0.4
v 2.38419e-07 0 0.4
v 0.1 0 0.4
v 1 0 0.4
v 1.1 0 0.4
v 1.2 0 0.4
v 1.3 0 0.4
v -1.4 0 0.3
v -1.3 0 0.3
v -0.0999999 0 0.3
v 2.38419e-07 0 0.3
v 0.1 0 0.3
v 0.2 0 0.3
v 0.3 0 0.3
v 0.4 0 0.3
v -1.2 0 0.2
v -1 0 0.2
v -0.2 0 0.2
v -0.0999999 0 0.2
v 2.38419e-07 0 0.2
v 0.3 0 0.2
v 1.3 0 0.2
v 1.4 0 0.2
v -1.4 0 0.0999999
v -1.2 0 0.0999999
v -1 0 0.0999999
v -0.9 0 0.0999999
v -0.3 0 0.0999999
v -0.2 0 0.0999999
v -0.0999999 0 0.0999999
v 2.38419e-07 0 0.0999999
v 1.1 0 0.0999999
v 1.2 0 0.0999999
v 1.5 0 0.0999999
v 1.6 0 0.0999999
v -1.6 0 -2.38419e-07
v -1.5 0 -2.38419e-07
v -1.2 0 -2.38419e-07
v -1.1 0 -2.38419e-07
v -0.9 0 -2.38419e-07
v -0.8 0 -2.38419e-07
v 1.2 0 -2.38419e-07
v 1.5 0 -2.38419e-07
v -1.5 0 -0.1
v -1.2 0 -0.1
v -1.1 0 -0.1
v -1 0 -0.1
v -0.4 0 -0.1
v -0.3 0 -0.1
v -0.2 0 -0.1
v -0.0999999 0 -0.1
v -0.8 0 -0.2
v -0.7 0 -0.2
v -1 0 -0.3
v -0.9 0 -0.3
v -0.5 0 -0.3
v -0.4 0 -0.3
v -0.3 0 -0.3
v -0.2 0 -0.3
v -0.5 0 -0.4
v -0.4 0 -0.4
v 0.5 0 -0.4
v 1.3 0 -0.4
v -0.9 0 -0.5
v -0.8 0 -0.5
v -0.7 0 -0.5
v -0.4 0 -0.5
v -0.3 0 -0.5
v -0.2 0 -0.5
v 0.2 0 -0.5
v 0.4 0 -0.5
v 0.5 0 -0.5
v 1.2 0 -0.5
v 1.3 0 -0.5
v 1.4 0 -0.5
v -1.7 0 -0.6
v -1.4 0 -0.6
v -0.8 0 -0.6
v -0.5 0 -0.6
v -0.4 0 -0.6
v -0.2 0 -0.6
v 0.2 0 -0.6
v 0.3 0 -0.6
v 0.4 0 -0.6
v 0.5 0 -0.6
v -1.8 0 -0.7
v -1.7 0 -0.7
v -1.4 0 -0.7
v -1.2 0 -0.7
v -0.8 0 -0.7
v -0.7 0 -0.7
v -0.6 0 -0.7
v -0.5 0 -0.7
v -0.4 0 -0.7
v 0.3 0 -0.7
v 0.4 0 -0.7
v -1.6 0 -0.8
v -1.4 0 -0.8
v -1.2 0 -0.8
v -1.1 0 -0.8
v -0.9 0 -0.8
v -0.8 0 -0.8
v -1.7 0 -0.9
v -1.6 0 -0.9
v -1.4 0 -0.9
v -1.1 0 -0.9
v -0.9 0 -0.9
v -0.7 0 -0.9
v -0.6 0 -0.9
v -0.5 0 -0.9
v -1.7 0 -1
v -1.6 0 -1
v -1.1 0 -1
v -1 0 -1
v -1 0 -1.1
v -0.9 0 -1.1
v -0.9 0 -1.2
v -0.7 0 -1.2
v -0.6 0 -1.2
v -0.4 0 -1.2
v -0.0999999 0 -1.2
v 1.1 0 -1.2
v 1.2 0 -1.2
v 1.3 0 -1.2
v 1.4 0 -1.2
v -0.7 0 -1.3
v -0.6 0 -1.3
v -0.4 0 -1.3
v 1 0 -1.3
v 1.1 0 -1.3
v 1.2 0 -1.3
v 1.3 0 -1.3
v -0.4 0 -1.4
v -0.0999999 0 -1.4
v 2.38419e-07 0 -1.4
v 0.9 0 -1.4
v 1 0 -1.4
v -1.6 0 -1.5
v -1.5 0 -1.5
v 2.38419e-07 0 -1.5
v 0.2 0 -1.5
v 0.8 0 -1.5
v 0.9 0 -1.5
v 1.1 0 -1.5
v 1.2 0 -1.5
v -1.8 0 -1.6
v -1.7 0 -1.6
v -1.5 0 -1.6
v -0.8 0 -1.6
v 0.2 0 -1.6
v 0.7 0 -1.6
v 1 0 -1.6
v 1.1 0 -1.6
v -1.7 0 -1.7
v -1.5 0 -1.7
v -0.8 0 -1.7
v -0.6 0 -1.7
v 2.38419e-07 0 -1.7
v 0.1 0 -1.7
v 0.7 0 -1.7
v 0.8 0 -1.7
v 1 0 -1.7
v -1.5 0 -1.8
v -0.8 0 -1.8
v -0.5 0 -1.8
v -0.4 0 -1.8
v 0.1 0 -1.8
v 0.7 0 -1.8
v -0.8 0 -1.9
v -0.5 0 -1.9
v 0.7 0.1 1.9
v 0.8 0.1 1.9
v -1.1 0.1 1.8
v -1 0.1 1.8
v 0.6 0.1 1.8
v 0.7 0.1 1.8
v 0.8 0.1 1.8
v -1.2 0.1 1.7
v -1.1 0.1 1.7
v -1 0.1 1.7
v 0.6 0.1 1.7
v 0.7 0.1 1.7
v -1.1 0.1 1.6
v -1.3 0.1 1.5
v -1.2 0.1 1.5
v -1.1 0.1 1.5
v -1.2 0.1 1.4
v -1.3 0.1 1.3
v -1.2 0.1 1.3
v -0.2 0.1 -1.4
v -0.0999999 0.1 -1.4
v 2.38419e-07 0.1 -1.4
v -0.2 0.1 -1.5
v 2.38419e-07 0.1 -1.5
v 0.7 0.1 -1.7
v 0.8 0.1 -1.7
v 0.7 0.1 -1.8
v 0.8 0.1 -1.8
v -1.9 0.2 -0.9
v -1.8 0.2 -0.9
v -0.9 0.2 -1.1
v -0.8 0.2 -1.1
v -0.7 0.2 -1.1
v -0.9 0.2 -1.2
v -0.7 0.2 -1.2
v -1.9 0.2 -1.3
v -1.8 0.2 -1.3
v -0.3 0.2 -1.4
v -0.2 0.2 -1.4
v -0.3 0.2 -1.5
v -0.2 0.2 -1.5
v -0.0999999 0.2 -1.5
v 2.38419e-07 0.2 -1.5
v -0.0999999 0.2 -1.7
v 2.38419e-07 0.2 -1.7
v 0.1 0.2 -1.7
v 0.8 0.2 -1.7
v 0.9 0.2 -1.7
v 2.38419e-07 0.2 -1.8
v 0.1 0.2 -1.8
v 0.5 0.2 -1.8
v 0.8 0.2 -1.8
v 0.9 0.2 -1.8
v 0.5 0.2 -1.9
v 0.8 0.2 -1.9
v 0.4 0.3 2
v 0.7 0.3 2
v 0.4 0.3 1.9
v 0.5 0.3 1.9
v 0.7 0.3 1.9
v 0.5 0.3 1.8
v 0.7 0.3 1.8
v -0.3 0.4 2
v 2.38419e-07 0.4 2
v 0.3 0.4 2
v 0.4 0.4 2
v 0.7 0.4 2
v 0.8 0.4 2
v -0.8 0.4 1.9
v -0.6 0.4 1.9
v -0.3 0.4 1.9
v 2.38419e-07 0.4 1.9
v 0.3 0.4 1.9
v 0.4 0.4 1.9
v 0.7 0.4 1.9
v 0.8 0.4 1.9
v -0.8 0.4 1.8
v -0.6 0.4 1.8
v -0.4 0.4 1.8
v -0.3 0.4 1.8
v -0.4 0.4 1.7
v -0.3 0.4 1.7
v 0.2 0.4 0.8
v 0.3 0.4 0.8
v 2.38419e-07 0.4 0.7
v 0.1 0.4 0.7
v 0.2 0.4 0.7
v 0.3 0.4 0.7
v 2.38419e-07 0.4 0.6
v 0.1 0.4 0.6
v 2.38419e-07 0.4 0.5
v 0.1 0.4 0.5
v -1.9 0.4 -1.3
v -1.8 0.4 -1.3
v -1.9 0.4 -1.4
v -1.8 0.4 -1.4
v -0.6 0.5 2
v -0.3 0.5 2
v 2.38419e-07 0.5 2
v 0.3 0.5 2
v -0.6 0.5 1.9
v -0.3 0.5 1.9
v 2.38419e-07 0.5 1.9
v 0.3 0.5 1.9
v 0.3 0.5 0.8
v 0.4 0.5 0.8
v 0.1 0.5 0.7
v 0.2 0.5 0.7
v 0.3 0.5 0.7
v 0.4 0.5 0.7
v 0.1 0.5 0.6
v 0.2 0.5 0.6
v 0.3 0.5 0.6
v 0.1 0.5 0.5
v 0.2 0.5 0.5
v -2 0.5 -1.1
v -1.9 0.5 -1.1
v -2 0.5 -1.2
v -1.9 0.5 -1.2
v 0.4 0.6 1.3
v 0.5 0.6 1.3
v -1.3 0.6 1.1
v -1.2 0.6 1.1
v 0.4 0.6 1.1
v 0.5 0.6 1.1
v -1.4 0.6 1
v -1.3 0.6 1
v -1.2 0.6 1
v -1.4 0.6 0.7
v -1.3 0.6 0.7
v -1.2 0.6 0.7
v 0.3 0.6 0.7
v 0.4 0.6 0.7
v -1.3 0.6 0.6
v -1.2 0.6 0.6
v -1.1 0.6 0.6
v -1 0.6 0.6
v -0.0999999 0.6 0.6
v 2.38419e-07 0.6 0.6
v 0.2 0.6 0.6
v 0.3 0.6 0.6
v 0.4 0.6 0.6
v -1.1 0.6 0.5
v -1 0.6 0.5
v -0.0999999 0.6 0.5
v 2.38419e-07 0.6 0.5
v 0.1 0.6 0.5
v 0.2 0.6 0.5
v 0.3 0.6 0.5
v 0.1 0.6 0.4
v 0.2 0.6 0.4
v -0.9 0.7 1.5
v -0.8 0.7 1.5
v -0.9 0.7 1.4
v -0.8 0.7 1.4
v -1.3 0.7 1.2
v -1.2 0.7 1.2
v -1.4 0.7 1.1
v -1.3 0.7 1.1
v -1.2 0.7 1.1
v -1.4 0.7 1
v -1.3 0.7 1
v 0.3 0.7 0.6
v 0.4 0.7 0.6
v 2.38419e-07 0.7 0.5
v 0.1 0.7 0.5
v 0.3 0.7 0.5
v 0.4 0.7 0.5
v 2.38419e-07 0.7 0.4
v 0.1 0.7 0.4
v -0.9 0.8 1.6
v -0.8 0.8 1.6
v -1 0.8 1.5
v -0.9 0.8 1.5
v -0.8 0.8 1.5
v -1 0.8 1.4
v -0.9 0.8 1.4
v -0.8 0.8 0.6
v -0.7 0.8 0.6
v -0.8 0.8 0.5
v -0.7 0.8 0.5
v 0.2 0.8 0.5
v 0.3 0.8 0.5
v 0.4 0.8 0.5
v 2.38419e-07 0.8 0.4
v 0.2 0.8 0.4
v 0.3 0.8 0.4
v 0.4 0.8 0.4
v 2.38419e-07 0.8 0.3
v 0.3 0.8 0.3
v 0.4 0.9 0.5
v 0.5 0.9 0.5
v 0.3 0.9 0.4
v 0.4 0.9 0.4
v 0.5 0.9 0.4
v 0.3 0.9 0.3
v 0.4 0.9 0.3
v 0.4 1 0.4
v 0.5 1 0.4
v 0.3 1 0.3
v 0.4 1 0.3
v 0.5 1 0.3
v 0.3 1 0.2
v 0.4 1 0.2
v 0.4 1.1 -1.4
v 0.5 1.1 -1.4
v 0.4 1.1 -1.5
v 0.5 1.1 -1.5
v -0.8 0.1 -0.7
v -0.7 0.1 -0.7
v -0.9 0.1 -0.8
v -0.8 0.1 -0.8
v -1.1 0.1 -0.9
v -0.9 0.1 -0.9
v -0.7 0.1 -0.9
v -1.1 0.1 -1
v -1 0.1 -1
v -0.9 0.1 -1
v -0.9 0.1 -1.1
v -0.8 0.1 -1.1
v -0.7 0.1 -1.1
v -0.9 0.1 -1.2
v -0.7 0.1 -1.2
v -0.8 0.2 2
v -0.7 0.2 2
v -0.3 0.2 2
v -0.0999999 0.2 2
v -0.3 0.2 1.9
v -0.0999999 0.2 1.9
v -0.8 0.2 1.8
v -0.7 0.2 1.8
v -1.5 0.2 1.2
v -1.4 0.2 1.2
v 1.4 0.2 1.1
v 1.5 0.2 1.1
v 1.3 0.2 1
v 1.4 0.2 1
v 1.5 0.2 1
v 1.3 0.2 0.9
v 1.4 0.2 0.9
v 1.5 0.2 0.9
v 0.3 0.2 0.8
v 0.4 0.2 0.8
v 0.5 0.2 0.8
v 0.6 0.2 0.8
v 0.7 0.2 0.8
v -1.5 0.2 0.7
v -1.4 0.2 0.7
v -1.3 0.2 0.7
v 0.3 0.2 0.7
v 0.4 0.2 0.7
v 0.6 0.2 0.7
v 0.7 0.2 0.7
v 1 0.2 0.7
v 1.1 0.2 0.7
v 1.4 0.2 0.7
v 1.5 0.2 0.7
v 1.6 0.2 0.7
v -1.5 0.2 0.6
v -1.4 0.2 0.6
v -1.3 0.2 0.6
v 1 0.2 0.6
v 1.1 0.2 0.6
v -1.6 0.2 0.4
v -1.5 0.2 0.4
v -1.4 0.2 0.4
v 1 0.2 0.4
v 1.1 0.2 0.4
v 1.2 0.2 0.4
v 2.38419e-07 0.2 0.3
v 0.3 0.2 0.3
v 0.4 0.2 0.3
v -0.0999999 0.2 0.2
v 2.38419e-07 0.2 0.2
v 0.3 0.2 0.2
v -1.2 0.2 0.0999999
v -1.1 0.2 0.0999999
v -0.2 0.2 0.0999999
v -0.0999999 0.2 0.0999999
v 2.38419e-07 0.2 0.0999999
v 1.1 0.2 0.0999999
v 1.2 0.2 0.0999999
v 1.5 0.2 0.0999999
v 1.6 0.2 0.0999999
v -1.6 0.2 -2.38419e-07
v -1.5 0.2 -2.38419e-07
v -1.2 0.2 -2.38419e-07
v -1.1 0.2 -2.38419e-07
v -1 0.2 -2.38419e-07
v 1.2 0.2 -2.38419e-07
v 1.5 0.2 -2.38419e-07
v -1.5 0.2 -0.1
v -1.2 0.2 -0.1
v -1.1 0.2 -0.1
v -1 0.2 -0.1
v -0.9 0.2 -0.1
v -0.3 0.2 -0.1
v -0.2 0.2 -0.1
v -0.0999999 0.2 -0.1
v -1 0.2 -0.3
v -0.9 0.2 -0.3
v -0.8 0.2 -0.3
v -0.4 0.2 -0.3
v -0.3 0.2 -0.3
v -0.2 0.2 -0.3
v 0.5 0.2 -0.4
v 1.3 0.2 -0.4
v -0.9 0.2 -0.5
v -0.8 0.2 -0.5
v -0.4 0.2 -0.5
v -0.3 0.2 -0.5
v 0.2 0.2 -0.5
v 0.4 0.2 -0.5
v 0.5 0.2 -0.5
v 1.2 0.2 -0.5
v 1.3 0.2 -0.5
v 1.4 0.2 -0.5
v -1.7 0.2 -0.6
v -1.4 0.2 -0.6
v -0.8 0.2 -0.6
v -0.5 0.2 -0.6
v -0.4 0.2 -0.6
v -0.3 0.2 -0.6
v 2.38419e-07 0.2 -0.6
v 0.2 0.2 -0.6
v 0.4 0.2 -0.6
v 0.5 0.2 -0.6
v 1.3 0.2 -0.6
v 1.4 0.2 -0.6
v -1.8 0.2 -0.7
v -1.7 0.2 -0.7
v -1.4 0.2 -0.7
v -1.2 0.2 -0.7
v -0.6 0.2 -0.7
v -0.5 0.2 -0.7
v -0.4 0.2 -0.7
v 0.2 0.2 -0.7
v 0.4 0.2 -0.7
v -1.8 0.2 -0.8
v -1.7 0.2 -0.8
v -1.4 0.2 -0.8
v -1.2 0.2 -0.8
v -1.1 0.2 -0.8
v -0.6 0.2 -0.8
v -0.5 0.2 -0.8
v -1.2 0.2 -0.9
v -1.1 0.2 -0.9
v -0.9 0.2 -0.9
v -0.8 0.2 -0.9
v -0.6 0.2 -0.9
v -0.5 0.2 -0.9
v -1.2 0.2 -1
v -1.1 0.2 -1
v -1 0.2 -1
v -0.9 0.2 -1
v -0.8 0.2 -1
v 1.3 0.2 -1
v 1.4 0.2 -1
v -1.1 0.2 -1.2
v -1 0.2 -1.2
v 1.2 0.2 -1.2
v 1.3 0.2 -1.2
v 1.4 0.2 -1.2
v -0.5 0.2 -1.3
v -0.4 0.2 -1.3
v 1.1 0.2 -1.3
v 1.2 0.2 -1.3
v 1.3 0.2 -1.3
v -0.5 0.2 -1.4
v -0.4 0.2 -1.4
v -1.8 0.2 -1.5
v -1.7 0.2 -1.5
v -0.5 0.2 -1.5
v -0.4 0.2 -1.5
v 1 0.2 -1.5
v 1.1 0.2 -1.5
v 1.2 0.2 -1.5
v -1.8 0.2 -1.6
v -1.7 0.2 -1.6
v -1.6 0.2 -1.6
v 0.9 0.2 -1.6
v 1 0.2 -1.6
v 1.1 0.2 -1.6
v -1.7 0.2 -1.7
v -1.6 0.2 -1.7
v -1.2 0.2 -1.7
v -0.8 0.2 -1.7
v 0.9 0.2 -1.7
v 1 0.2 -1.7
v -1.2 0.2 -1.8
v -0.8 0.2 -1.8
v -0.5 0.2 -1.8
v -0.4 0.2 -1.8
v -0.8 0.2 -1.9
v -0.5 0.2 -1.9
v -0.7 0.3 2
v -0.3 0.3 2
v -0.0999999 0.3 2
v 0.3 0.3 2
v -0.3 0.3 1.9
v -0.0999999 0.3 1.9
v 0.3 0.3 1.9
v 1 0.3 1.9
v 1.1 0.3 1.9
v -0.7 0.3 1.8
v -0.6 0.3 1.8
v -0.4 0.3 1.8
v -0.3 0.3 1.8
v 1 0.3 1.8
v 1.1 0.3 1.8
v 1.2 0.3 1.8
v 1.3 0.3 1.8
v -0.4 0.3 1.7
v -0.3 0.3 1.7
v 1.2 0.3 1.7
v 1.3 0.3 1.7
v 1.4 0.3 1.7
v 1.3 0.3 1.6
v 1.4 0.3 1.6
v 1.4 0.3 1.5
v 1.5 0.3 1.5
v 1.3 0.3 1.1
v 1.4 0.3 1.1
v 1.5 0.3 1.1
v -1.4 0.3 1
v -1.3 0.3 1
v 1.3 0.3 1
v 1.4 0.3 1
v 0.5 0.3 0.9
v 0.6 0.3 0.9
v 1.2 0.3 0.9
v 1.3 0.3 0.9
v 1.4 0.3 0.9
v 0.2 0.3 0.8
v 0.3 0.3 0.8
v 0.5 0.3 0.8
v 0.6 0.3 0.8
v 1.1 0.3 0.8
v 1.2 0.3 0.8
v -1.4 0.3 0.7
v -1.3 0.3 0.7
v 2.38419e-07 0.3 0.7
v 0.2 0.3 0.7
v 0.3 0.3 0.7
v 0.8 0.3 0.7
v 1 0.3 0.7
v 1.1 0.3 0.7
v 1.3 0.3 0.7
v 1.4 0.3 0.7
v 1.5 0.3 0.7
v -1.4 0.3 0.6
v -1.3 0.3 0.6
v 0.8 0.3 0.6
v 1 0.3 0.6
v 1.1 0.3 0.6
v 1.3 0.3 0.6
v -0.3 0.3 0.5
v -0.2 0.3 0.5
v -0.0999999 0.3 0.5
v 2.38419e-07 0.3 0.5
v 0.2 0.3 0.5
v 1.3 0.3 0.5
v 1.4 0.3 0.5
v -1.5 0.3 0.4
v -1.4 0.3 0.4
v -0.3 0.3 0.4
v -0.2 0.3 0.4
v -0.0999999 0.3 0.4
v 1.1 0.3 0.4
v 1.2 0.3 0.4
v -1.3 0.3 0.3
v -1.2 0.3 0.3
v -0.4 0.3 0.3
v -0.3 0.3 0.3
v 2.38419e-07 0.3 0.3
v 0.3 0.3 0.3
v -1.2 0.3 0.2
v -1.1 0.3 0.2
v -1 0.3 0.2
v -0.4 0.3 0.2
v -0.3 0.3 0.2
v -0.0999999 0.3 0.2
v 2.38419e-07 0.3 0.2
v -1.2 0.3 0.0999999
v -1.1 0.3 0.0999999
v -1 0.3 0.0999999
v -0.5 0.3 0.0999999
v -0.4 0.3 0.0999999
v -0.3 0.3 0.0999999
v -0.2 0.3 0.0999999
v -0.0999999 0.3 0.0999999
v 1.2 0.3 0.0999999
v 1.5 0.3 0.0999999
v -1.5 0.3 -2.38419e-07
v -1.2 0.3 -2.38419e-07
v -1.1 0.3 -2.38419e-07
v -1 0.3 -2.38419e-07
v -0.6 0.3 -2.38419e-07
v -0.5 0.3 -2.38419e-07
v -0.4 0.3 -2.38419e-07
v -0.3 0.3 -2.38419e-07
v -0.9 0.3 -0.1
v -0.8 0.3 -0.1
v -0.7 0.3 -0.1
v -0.6 0.3 -0.1
v -0.4 0.3 -0.1
v -0.3 0.3 -0.1
v -0.2 0.3 -0.1
v -0.8 0.3 -0.2
v -0.7 0.3 -0.2
v -0.9 0.3 -0.3
v -0.8 0.3 -0.3
v -0.4 0.3 -0.3
v -0.3 0.3 -0.3
v -0.8 0.3 -0.5
v -0.4 0.3 -0.5
v 0.5 0.3 -0.5
v 0.9 0.3 -0.5
v -0.4 0.3 -0.6
v -0.3 0.3 -0.6
v 2.38419e-07 0.3 -0.6
v 0.2 0.3 -0.6
v 0.4 0.3 -0.6
v 0.5 0.3 -0.6
v 0.7 0.3 -0.6
v 0.9 0.3 -0.6
v -1.7 0.3 -0.7
v -1.4 0.3 -0.7
v -0.5 0.3 -0.7
v -0.4 0.3 -0.7
v -0.3 0.3 -0.7
v 2.38419e-07 0.3 -0.7
v 0.2 0.3 -0.7
v 0.4 0.3 -0.7
v 0.6 0.3 -0.7
v 0.7 0.3 -0.7
v -1.7 0.3 -0.8
v -1.6 0.3 -0.8
v -1.5 0.3 -0.8
v -1.4 0.3 -0.8
v -1.2 0.3 -0.8
v 0.4 0.3 -0.8
v 0.6 0.3 -0.8
v -1.5 0.3 -0.9
v -1.4 0.3 -0.9
v -1.2 0.3 -0.9
v -0.8 0.3 -0.9
v -0.7 0.3 -0.9
v -0.6 0.3 -0.9
v -0.5 0.3 -0.9
v -0.3 0.3 -0.9
v 0.1 0.3 -0.9
v 0.2 0.3 -0.9
v 0.4 0.3 -0.9
v -1.2 0.3 -1
v -1.1 0.3 -1
v -1 0.3 -1
v -0.9 0.3 -1
v -0.8 0.3 -1
v -0.7 0.3 -1
v -0.6 0.3 -1
v -0.5 0.3 -1
v -0.4 0.3 -1
v -0.3 0.3 -1
v 0.1 0.3 -1
v 0.2 0.3 -1
v -1.4 0.3 -1.1
v -1.3 0.3 -1.1
v -0.9 0.3 -1.1
v -0.5 0.3 -1.1
v -1.3 0.3 -1.2
v -1.2 0.3 -1.2
v -1.1 0.3 -1.2
v -1 0.3 -1.2
v -1.2 0.3 -1.3
v -1.1 0.3 -1.3
v -1 0.3 -1.3
v -0.9 0.3 -1.3
v -0.8 0.3 -1.3
v -0.6 0.3 -1.3
v -0.5 0.3 -1.3
v -0.4 0.3 -1.3
v -0.8 0.3 -1.4
v -0.6 0.3 -1.4
v -0.5 0.3 -1.4
v -0.4 0.3 -1.4
v 1 0.3 -1.4
v 1.1 0.3 -1.4
v -0.7 0.3 -1.5
v -0.6 0.3 -1.5
v -0.5 0.3 -1.5
v -0.4 0.3 -1.5
v 0.9 0.3 -1.5
v 1 0.3 -1.5
v 1.1 0.3 -1.5
v -1.1 0.3 -1.6
v -0.7 0.3 -1.6
v 0.9 0.3 -1.6
v 1 0.3 -1.6
v -1.1 0.3 -1.7
v -0.8 0.3 -1.7
v -0.8 0.3 -1.8
v -0.5 0.3 -1.8
v 0.8 0.4 1.9
v 1 0.4 1.9
v -1.1 0.4 1.8
v -0.9 0.4 1.8
v 0.8 0.4 1.8
v 1 0.4 1.8
v 1.2 0.4 1.8
v -1.2 0.4 1.7
v -1.1 0.4 1.7
v -0.9 0.4 1.7
v 1 0.4 1.7
v 1.2 0.4 1.7
v 1.3 0.4 1.7
v 1.2 0.4 1.6
v 1.3 0.4 1.6
v 1.4 0.4 1.6
v -1.3 0.4 1.5
v -1.2 0.4 1.5
v -1.1 0.4 1.5
v -1.4 0.4 1.3
v -1.3 0.4 1.3
v -1.2 0.4 1.3
v 0.5 0.4 1.3
v 0.6 0.4 1.3
v 0.7 0.4 1.3
v 1.3 0.4 1.3
v 0.6 0.4 1.2
v 0.7 0.4 1.2
v 0.6 0.4 1.1
v 0.7 0.4 1.1
v 1.3 0.4 1.1
v 1.4 0.4 1.1
v -1.4 0.4 1
v -1.3 0.4 1
v 1.2 0.4 1
v 1.3 0.4 1
v 0.4 0.4 0.9
v 0.5 0.4 0.9
v 0.6 0.4 0.9
v 0.7 0.4 0.9
v 1.1 0.4 0.9
v 1.2 0.4 0.9
v 1.3 0.4 0.9
v 0.4 0.4 0.8
v 0.5 0.4 0.8
v 0.6 0.4 0.8
v 0.7 0.4 0.8
v 0.8 0.4 0.8
v 1 0.4 0.8
v 1.1 0.4 0.8
v 1.2 0.4 0.8
v -1.3 0.4 0.7
v -1.2 0.4 0.7
v 0.7 0.4 0.7
v 0.8 0.4 0.7
v 1 0.4 0.7
v 1.1 0.4 0.7
v -1.3 0.4 0.6
v -1.2 0.4 0.6
v -0.0999999 0.4 0.6
v 2.38419e-07 0.4 0.6
v -0.0999999 0.4 0.5
v 2.38419e-07 0.4 0.5
v -1.2 0.4 0.4
v -0.9 0.4 0.4
v -0.6 0.4 0.4
v -1.3 0.4 0.3
v -1.2 0.4 0.3
v -1 0.4 0.3
v -0.9 0.4 0.3
v -1.2 0.4 0.2
v -1 0.4 0.2
v -0.9 0.4 0.2
v -0.5 0.4 0.2
v -0.4 0.4 0.2
v -1 0.4 0.0999999
v -0.9 0.4 0.0999999
v -0.6 0.4 0.0999999
v -0.5 0.4 0.0999999
v -0.4 0.4 0.0999999
v -0.9 0.4 -2.38419e-07
v -0.6 0.4 -2.38419e-07
v -0.5 0.4 -2.38419e-07
v -1 0.4 -0.1
v -0.6 0.4 -0.1
v -0.7 0.4 -0.9
v -0.6 0.4 -0.9
v -0.7 0.4 -1
v -0.6 0.4 -1
v -0.5 0.4 -1
v -0.7 0.4 -1.1
v -0.5 0.4 -1.1
v 0.8 0.5 1.8
v 1 0.5 1.8
v -1.1 0.5 1.7
v -0.9 0.5 1.7
v 1 0.5 1.7
v 1.2 0.5 1.7
v 1.2 0.5 1.6
v 1.3 0.5 1.6
v -1.2 0.5 1.5
v -1.1 0.5 1.5
v -0.9 0.5 1.5
v -0.8 0.5 1.5
v 0.7 0.5 1.5
v 0.8 0.5 1.5
v 1.1 0.5 1.5
v -1 0.5 1.4
v -0.8 0.5 1.4
v 0.5 0.5 1.4
v 0.6 0.5 1.4
v 0.7 0.5 1.4
v 1.1 0.5 1.4
v 1.2 0.5 1.4
v -1.3 0.5 1.3
v -1.2 0.5 1.3
v -1.1 0.5 1.3
v -1 0.5 1.3
v 0.4 0.5 1.3
v 0.5 0.5 1.3
v 0.6 0.5 1.3
v 0.7 0.5 1.3
v 1.2 0.5 1.3
v 1.3 0.5 1.3
v -1.2 0.5 1.2
v -1.1 0.5 1.2
v 0.8 0.5 1.2
v 1.1 0.5 1.2
v -1.2 0.5 1.1
v 0.6 0.5 1.1
v 0.7 0.5 1.1
v -1.3 0.5 1
v -1.2 0.5 1
v 0.3 0.5 1
v 0.4 0.5 1
v 1.2 0.5 1
v 1.3 0.5 1
v 0.3 0.5 0.9
v 0.4 0.5 0.9
v 0.5 0.5 0.9
v 0.6 0.5 0.9
v 0.7 0.5 0.9
v 0.8 0.5 0.9
v 1.1 0.5 0.9
v 0.7 0.5 0.8
v 0.8 0.5 0.8
v 1 0.5 0.8
v 0.8 0.5 0.7
v 1 0.5 0.7
v -1.2 0.5 0.6
v -1 0.5 0.6
v -1.1 0.5 0.5
v -1 0.5 0.5
v -0.8 0.5 0.5
v -1.2 0.5 0.4
v -1.1 0.5 0.4
v -0.9 0.5 0.4
v -0.8 0.5 0.4
v -0.4 0.5 0.4
v -0.3 0.5 0.4
v -1.2 0.5 0.3
v -1 0.5 0.3
v -0.9 0.5 0.3
v -0.5 0.5 0.3
v -0.4 0.5 0.3
v -0.3 0.5 0.3
v -1 0.5 0.2
v -0.9 0.5 0.2
v -0.6 0.5 0.2
v -0.5 0.5 0.2
v -0.4 0.5 0.2
v -1 0.5 0.0999999
v -0.9 0.5 0.0999999
v -0.6 0.5 0.0999999
v -0.5 0.5 0.0999999
v -0.9 0.5 -2.38419e-07
v -0.6 0.5 -2.38419e-07
v 0.9 0.5 -0.5
v 1.3 0.5 -0.5
v 0.7 0.5 -0.6
v 0.9 0.5 -0.6
v 1.3 0.5 -0.6
v 1.4 0.5 -0.6
v 0.6 0.5 -0.7
v 0.7 0.5 -0.7
v 0.9 0.5 -0.7
v -1.8 0.5 -0.8
v -1.5 0.5 -0.8
v 0.4 0.5 -0.8
v 0.6 0.5 -0.8
v 0.7 0.5 -0.8
v -1.9 0.5 -0.9
v -1.8 0.5 -0.9
v -1.5 0.5 -0.9
v -1.4 0.5 -0.9
v -0.3 0.5 -0.9
v 2.38419e-07 0.5 -0.9
v 0.1 0.5 -0.9
v 0.2 0.5 -0.9
v 0.4 0.5 -0.9
v 0.6 0.5 -0.9
v -1.9 0.5 -1
v -1.8 0.5 -1
v -0.4 0.5 -1
v -0.3 0.5 -1
v -0.2 0.5 -1
v 2.38419e-07 0.5 -1
v 0.1 0.5 -1
v 0.2 0.5 -1
v 0.4 0.5 -1
v 1.2 0.5 -1
v 1.3 0.5 -1
v 1.4 0.5 -1
v -1.5 0.5 -1.1
v -1.4 0.5 -1.1
v -1.3 0.5 -1.1
v 0.1 0.5 -1.1
v 0.2 0.5 -1.1
v -1.4 0.5 -1.2
v -1.3 0.5 -1.2
v -1.2 0.5 -1.2
v 1.1 0.5 -1.2
v 1.2 0.5 -1.2
v 1.3 0.5 -1.2
v -1.3 0.5 -1.3
v -1.2 0.5 -1.3
v -1.1 0.5 -1.3
v 0.9 0.5 -1.3
v 1 0.5 -1.3
v 1.1 0.5 -1.3
v 1.2 0.5 -1.3
v -1.8 0.5 -1.4
v -1.7 0.5 -1.4
v -0.4 0.5 -1.4
v -0.3 0.5 -1.4
v -0.2 0.5 -1.4
v -0.0999999 0.5 -1.4
v 2.38419e-07 0.5 -1.4
v 1 0.5 -1.4
v 1.1 0.5 -1.4
v -1.8 0.5 -1.5
v -1.7 0.5 -1.5
v -1.6 0.5 -1.5
v -0.3 0.5 -1.5
v -0.0999999 0.5 -1.5
v 0.8 0.5 -1.5
v 0.9 0.5 -1.5
v 1 0.5 -1.5
v -1.7 0.5 -1.6
v -1.6 0.5 -1.6
v -1.5 0.5 -1.6
v 2.38419e-07 0.5 -1.6
v 0.8 0.5 -1.6
v 0.9 0.5 -1.6
v -1.6 0.5 -1.7
v -1.5 0.5 -1.7
v -1.3 0.5 -1.7
v -1.2 0.5 -1.7
v -1.1 0.5 -1.7
v -0.0999999 0.5 -1.7
v 2.38419e-07 0.5 -1.7
v 0.1 0.5 -1.7
v 0.4 0.5 -1.7
v 0.5 0.5 -1.7
v 0.8 0.5 -1.7
v -1.5 0.5 -1.8
v -1.3 0.5 -1.8
v -1.2 0.5 -1.8
v 2.38419e-07 0.5 -1.8
v 0.4 0.5 -1.8
v 0.5 0.5 -1.8
v 0.8 0.5 -1.8
v 0.9 0.5 -1.8
v 0.5 0.5 -1.9
v 0.8 0.5 -1.9
v 0.7 0.6 1.3
v 1.2 0.6 1.3
v 0.8 0.6 1.2
v 1.1 0.6 1.2
v -0.2 0.6 1
v -0.0999999 0.6 1
v 0.2 0.6 1
v 0.3 0.6 1
v -0.2 0.6 0.9
v -0.0999999 0.6 0.9
v 0.2 0.6 0.9
v 0.3 0.6 0.9
v 0.4 0.6 0.9
v 0.7 0.6 0.9
v 0.8 0.6 0.9
v 1.1 0.6 0.9
v 1.2 0.6 0.9
v 0.3 0.6 0.8
v 0.4 0.6 0.8
v 0.8 0.6 0.8
v 1.1 0.6 0.8
v -0.8 0.6 0.6
v -0.7 0.6 0.6
v -0.2 0.6 0.6
v -0.0999999 0.6 0.6
v -0.8 0.6 0.5
v -0.7 0.6 0.5
v -0.6 0.6 0.5
v -0.2 0.6 0.5
v -0.0999999 0.6 0.5
v -0.8 0.6 0.4
v -0.6 0.6 0.4
v -0.5 0.6 0.4
v -0.4 0.6 0.4
v -0.5 0.6 0.3
v -0.4 0.6 0.3
v -0.6 0.6 0.2
v -0.5 0.6 0.2
v 0.9 0.6 -0.6
v 1.3 0.6 -0.6
v 0.7 0.6 -0.7
v 0.9 0.6 -0.7
v 0.6 0.6 -0.8
v 0.7 0.6 -0.8
v 0.9 0.6 -0.8
v -1.8 0.6 -0.9
v -1.5 0.6 -0.9
v 0.4 0.6 -0.9
v 0.6 0.6 -0.9
v 0.9 0.6 -0.9
v 1 0.6 -0.9
v -1.8 0.6 -1
v -1.5 0.6 -1
v -0.9 0.6 -1
v -0.8 0.6 -1
v -0.3 0.6 -1
v -0.2 0.6 -1
v 0.1 0.6 -1
v 0.2 0.6 -1
v 0.4 0.6 -1
v 0.5 0.6 -1
v 1.2 0.6 -1
v 1.3 0.6 -1
v -0.9 0.6 -1.1
v -0.8 0.6 -1.1
v -0.6 0.6 -1.1
v -0.5 0.6 -1.1
v 0.1 0.6 -1.1
v 0.2 0.6 -1.1
v 0.3 0.6 -1.1
v 0.4 0.6 -1.1
v 0.5 0.6 -1.1
v 0.6 0.6 -1.1
v -1.4 0.6 -1.2
v -1.3 0.6 -1.2
v -0.9 0.6 -1.2
v -0.8 0.6 -1.2
v -0.6 0.6 -1.2
v -0.5 0.6 -1.2
v 0.2 0.6 -1.2
v 0.6 0.6 -1.2
v 0.7 0.6 -1.2
v 1.1 0.6 -1.2
v 1.2 0.6 -1.2
v -1.3 0.6 -1.3
v -1.2 0.6 -1.3
v -0.9 0.6 -1.3
v -0.8 0.6 -1.3
v -0.6 0.6 -1.3
v -0.5 0.6 -1.3
v 0.7 0.6 -1.3
v 0.8 0.6 -1.3
v 0.9 0.6 -1.3
v 1 0.6 -1.3
v 1.1 0.6 -1.3
v -1.5 0.6 -1.4
v -1.4 0.6 -1.4
v -0.8 0.6 -1.4
v -0.6 0.6 -1.4
v -0.3 0.6 -1.4
v -0.2 0.6 -1.4
v 2.38419e-07 0.6 -1.4
v 0.7 0.6 -1.4
v 0.8 0.6 -1.4
v -1.6 0.6 -1.5
v -1.5 0.6 -1.5
v 0.2 0.6 -1.5
v 0.3 0.6 -1.5
v 0.6 0.6 -1.5
v 0.7 0.6 -1.5
v 0.8 0.6 -1.5
v 0.9 0.6 -1.5
v -1.6 0.6 -1.6
v -1.5 0.6 -1.6
v 2.38419e-07 0.6 -1.6
v 0.1 0.6 -1.6
v 0.3 0.6 -1.6
v 0.6 0.6 -1.6
v -1.5 0.6 -1.7
v -1.2 0.6 -1.7
v 2.38419e-07 0.6 -1.7
v 0.1 0.6 -1.7
v 0.5 0.6 -1.7
v 0.8 0.6 -1.7
v 0.5 0.6 -1.8
v 0.8 0.6 -1.8
v -0.8 0.7 1.9
v -0.7 0.7 1.9
v -0.9 0.7 1.8
v -0.8 0.7 1.8
v -0.7 0.7 1.8
v 0.7 0.7 1.7
v 0.8 0.7 1.7
v -0.9 0.7 1.5
v -0.8 0.7 1.5
v 0.4 0.7 1.5
v 0.5 0.7 1.5
v 0.7 0.7 1.5
v 0.8 0.7 1.5
v 0.4 0.7 1.4
v 0.5 0.7 1.4
v 0.7 0.7 1.4
v -0.0999999 0.7 1
v 0.2 0.7 1
v -0.2 0.7 0.9
v -0.0999999 0.7 0.9
v 0.1 0.7 0.9
v 0.2 0.7 0.9
v 0.3 0.7 0.9
v -0.2 0.7 0.8
v -0.0999999 0.7 0.8
v 0.1 0.7 0.8
v 0.3 0.7 0.8
v 0.4 0.7 0.8
v -0.2 0.7 0.7
v -0.0999999 0.7 0.7
v 0.3 0.7 0.7
v 0.4 0.7 0.7
v -0.2 0.7 0.6
v -0.0999999 0.7 0.6
v -0.8 0.7 -1
v -0.7 0.7 -1
v 0.4 0.7 -1
v 0.5 0.7 -1
v -2 0.7 -1.1
v -1.9 0.7 -1.1
v -0.9 0.7 -1.1
v -0.8 0.7 -1.1
v -0.7 0.7 -1.1
v 0.4 0.7 -1.1
v 0.5 0.7 -1.1
v 0.6 0.7 -1.1
v -2 0.7 -1.2
v -1.9 0.7 -1.2
v -1.8 0.7 -1.2
v -0.9 0.7 -1.2
v -0.8 0.7 -1.2
v 0.5 0.7 -1.2
v 0.6 0.7 -1.2
v -1.8 0.7 -1.3
v 0.7 0.7 -1.3
v 0.8 0.7 -1.3
v -1.9 0.7 -1.4
v -1.8 0.7 -1.4
v -1.7 0.7 -1.4
v -1.6 0.7 -1.4
v 0.2 0.7 -1.4
v 0.3 0.7 -1.4
v 0.6 0.7 -1.4
v 0.7 0.7 -1.4
v 0.8 0.7 -1.4
v -1.7 0.7 -1.5
v -1.6 0.7 -1.5
v 0.2 0.7 -1.5
v 0.3 0.7 -1.5
v 0.5 0.7 -1.5
v 0.6 0.7 -1.5
v 0.7 0.7 -1.5
v 0.5 0.7 -1.6
v 0.6 0.7 -1.6
v -0.6 0.8 2
v 0.4 0.8 2
v 0.7 0.8 2
v 0.8 0.8 2
v -0.7 0.8 1.9
v -0.6 0.8 1.9
v 0.4 0.8 1.9
v 0.7 0.8 1.9
v -0.8 0.8 1.8
v -0.7 0.8 1.8
v 0.7 0.8 1.8
v 0.8 0.8 1.8
v -0.6 0.8 1.7
v 0.4 0.8 1.7
v 0.7 0.8 1.7
v 0.8 0.8 1.7
v -0.8 0.8 1.6
v -0.6 0.8 1.6
v 0.4 0.8 1.5
v 0.7 0.8 1.5
v -0.0999999 0.8 1.1
v 2.38419e-07 0.8 1.1
v 0.1 0.8 1.1
v -0.0999999 0.8 1
v 0.1 0.8 1
v -0.3 0.8 0.9
v -0.2 0.8 0.9
v -0.0999999 0.8 0.9
v 0.1 0.8 0.9
v -0.2 0.8 0.8
v -0.0999999 0.8 0.8
v 0.1 0.8 0.8
v 0.2 0.8 0.8
v 0.3 0.8 0.8
v -0.2 0.8 0.7
v -0.0999999 0.8 0.7
v 0.2 0.8 0.7
v 0.3 0.8 0.7
v 0.4 0.8 0.7
v 0.3 0.8 0.6
v 0.4 0.8 0.6
v -0.6 0.8 0.5
v -0.3 0.8 0.5
v -0.2 0.8 0.5
v -0.6 0.8 0.4
v -0.3 0.8 0.4
v -1.9 0.8 -1
v -1.5 0.8 -1
v -1.8 0.8 -1.1
v -1.5 0.8 -1.1
v -1.4 0.8 -1.1
v -0.7 0.8 -1.1
v -0.6 0.8 -1.1
v 0.2 0.8 -1.1
v 0.5 0.8 -1.1
v -1.9 0.8 -1.2
v -1.8 0.8 -1.2
v -0.7 0.8 -1.2
v -0.6 0.8 -1.2
v 0.2 0.8 -1.2
v 0.5 0.8 -1.2
v -1.8 0.8 -1.3
v -1.7 0.8 -1.3
v -1.8 0.8 -1.4
v -1.7 0.8 -1.4
v -1.6 0.8 -1.4
v -1.5 0.8 -1.4
v -1.4 0.8 -1.4
v 0.5 0.8 -1.4
v 0.6 0.8 -1.4
v -1.6 0.8 -1.5
v -1.5 0.8 -1.5
v 0.3 0.8 -1.5
v 0.4 0.8 -1.5
v 0.5 0.8 -1.5
v 0.6 0.8 -1.5
v 0.3 0.8 -1.6
v 0.4 0.8 -1.6
v 0.4 0.9 2
v 0.7 0.9 2
v -0.6 0.9 1.9
v 0.4 0.9 1.9
v 0.5 0.9 1.9
v 0.7 0.9 1.9
v -0.5 0.9 1.8
v 0.5 0.9 1.8
v -0.6 0.9 1.7
v -0.5 0.9 1.7
v 0.2 0.9 1.7
v 0.4 0.9 1.7
v 0.7 0.9 1.7
v 0.2 0.9 1.6
v 0.3 0.9 1.6
v 0.3 0.9 1.5
v 0.4 0.9 1.5
v 0.4 0.9 1.4
v 0.5 0.9 1.4
v 0.4 0.9 1.3
v -0.0999999 0.9 1.2
v 2.38419e-07 0.9 1.2
v -0.0999999 0.9 1.1
v 2.38419e-07 0.9 1.1
v 0.1 0.9 1.1
v 0.4 0.9 1.1
v 0.5 0.9 1.1
v -0.6 0.9 1
v -0.5 0.9 1
v 0.1 0.9 1
v 0.4 0.9 1
v -0.6 0.9 0.9
v -0.5 0.9 0.9
v -0.4 0.9 0.9
v -0.3 0.9 0.9
v -1.4 0.9 0.8
v -1.3 0.9 0.8
v -0.0999999 0.9 0.8
v 0.2 0.9 0.8
v -1.4 0.9 0.7
v -1.3 0.9 0.7
v -1.2 0.9 0.7
v -0.5 0.9 0.7
v 2.38419e-07 0.9 0.7
v 0.2 0.9 0.7
v 0.3 0.9 0.7
v -1.3 0.9 0.6
v -1.2 0.9 0.6
v -1.1 0.9 0.6
v -1 0.9 0.6
v -0.9 0.9 0.6
v -0.6 0.9 0.6
v -0.5 0.9 0.6
v 0.3 0.9 0.6
v 0.4 0.9 0.6
v -1.1 0.9 0.5
v -0.9 0.9 0.5
v -0.6 0.9 0.5
v -0.3 0.9 0.5
v -0.0999999 0.9 0.5
v 2.38419e-07 0.9 0.5
v 0.2 0.9 0.5
v 0.4 0.9 0.5
v 2.38419e-07 0.9 0.4
v 0.1 0.9 0.4
v 2.38419e-07 0.9 0.3
v 0.1 0.9 0.3
v -1.8 0.9 -1.1
v -1.5 0.9 -1.1
v -0.8 0.9 -1.1
v -0.7 0.9 -1.1
v -0.8 0.9 -1.2
v -0.7 0.9 -1.2
v -0.6 0.9 -1.2
v 0.2 0.9 -1.2
v 0.3 0.9 -1.2
v 0.6 0.9 -1.2
v 0.7 0.9 -1.2
v -1.8 0.9 -1.3
v -1.7 0.9 -1.3
v -0.7 0.9 -1.3
v -0.6 0.9 -1.3
v -1.7 0.9 -1.4
v -1.5 0.9 -1.4
v 0.2 0.9 -1.4
v 0.3 0.9 -1.4
v 0.6 0.9 -1.4
v 0.7 0.9 -1.4
v 0.4 0.9 -1.5
v 0.5 0.9 -1.5
v 0.4 0.9 -1.6
v 0.5 0.9 -1.6
v -0.6 1 1.7
v 0.2 1 1.7
v -0.6 1 1.6
v 0.2 1 1.6
v 0.3 1 1.6
v 0.2 1 1.5
v 0.3 1 1.5
v 0.4 1 1.5
v -0.2 1 1.3
v 2.38419e-07 1 1.3
v 0.3 1 1.3
v 0.4 1 1.3
v -1.3 1 1.2
v -1.2 1 1.2
v -0.0999999 1 1.2
v 2.38419e-07 1 1.2
v 0.1 1 1.2
v 0.3 1 1.2
v -1.4 1 1.1
v -1.3 1 1.1
v -1.2 1 1.1
v 2.38419e-07 1 1.1
v 0.1 1 1.1
v 0.4 1 1.1
v -0.5 1 1
v -0.4 1 1
v -0.2 1 1
v -0.0999999 1 1
v -1.3 1 0.9
v -0.5 1 0.9
v -0.4 1 0.9
v -0.2 1 0.9
v -1.4 1 0.8
v -1.3 1 0.8
v -1.2 1 0.8
v -1.3 1 0.7
v -1.2 1 0.7
v -1 1 0.7
v 2.38419e-07 1 0.7
v 0.2 1 0.7
v -1.2 1 0.6
v -1 1 0.6
v 0.1 1 0.5
v 0.2 1 0.5
v 2.38419e-07 1 0.4
v 0.1 1 0.4
v 0.2 1 0.4
v 0.1 1 0.3
v 0.2 1 0.3
v -0.8 1 -1.2
v -0.7 1 -1.2
v 0.5 1 -1.2
v 0.6 1 -1.2
v -0.8 1 -1.3
v -0.7 1 -1.3
v 0.4 1 -1.4
v 0.5 1 -1.4
v 0.6 1 -1.4
v 0.4 1 -1.5
v 0.5 1 -1.5
v -0.9 1.1 1.6
v -0.8 1.1 1.6
v -0.5 1.1 1.6
v 0.2 1.1 1.6
v -1 1.1 1.5
v -0.9 1.1 1.5
v -0.8 1.1 1.5
v -0.5 1.1 1.5
v -0.4 1.1 1.5
v 0.2 1.1 1.5
v 0.3 1.1 1.5
v -1 1.1 1.4
v -0.9 1.1 1.4
v -0.4 1.1 1.4
v -0.3 1.1 1.4
v -1.1 1.1 1.3
v -1 1.1 1.3
v -0.9 1.1 1.3
v -0.2 1.1 1.3
v 2.38419e-07 1.1 1.3
v -1.2 1.1 1.2
v -1.1 1.1 1.2
v -1 1.1 1.2
v 2.38419e-07 1.1 1.2
v 0.3 1.1 1.2
v -1.3 1.1 1.1
v -1.2 1.1 1.1
v -1.1 1.1 1.1
v -0.4 1.1 1.1
v -0.3 1.1 1.1
v -0.8 1.1 1
v -0.6 1.1 1
v -0.4 1.1 1
v -0.2 1.1 1
v -1.3 1.1 0.9
v -1.2 1.1 0.9
v -0.8 1.1 0.9
v -0.6 1.1 0.9
v -0.5 1.1 0.9
v -1.3 1.1 0.8
v -1.2 1.1 0.8
v -0.9 1.1 0.8
v -1.2 1.1 0.7
v -1 1.1 0.7
v -0.6 1.1 0.7
v -0.5 1.1 0.7
v -1 1.1 0.6
v -0.9 1.1 0.6
v -0.6 1.1 0.6
v -0.5 1.1 0.6
v -0.9 1.1 0.5
v -0.6 1.1 0.5
v 0.1 1.1 0.5
v 0.2 1.1 0.5
v 0.5 1.1 0.5
v 0.1 1.1 0.4
v 0.2 1.1 0.4
v 0.3 1.1 0.4
v 0.4 1.1 0.4
v 0.2 1.1 0.3
v 0.3 1.1 0.3
v 0.4 1.1 0.3
v 0.5 1.1 0.3
v 0.3 1.1 0.2
v 0.4 1.1 0.2
v -0.8 1.2 1.6
v -0.5 1.2 1.6
v -0.9 1.2 1.5
v -0.8 1.2 1.5
v -0.5 1.2 1.5
v -0.4 1.2 1.5
v -0.5 1.2 1.4
v -0.4 1.2 1.4
v -0.3 1.2 1.4
v -1 1.2 1.3
v -0.9 1.2 1.3
v -1.1 1.2 1.2
v -1 1.2 1.2
v -1.2 1.2 1.1
v -1.1 1.2 1.1
v -0.8 1.2 1.1
v -0.4 1.2 1.1
v -0.3 1.2 1.1
v -0.8 1.2 1
v -0.4 1.2 1
v -0.8 1.2 0.9
v -0.6 1.2 0.9
v -1.2 1.2 0.8
v -0.9 1.2 0.8
v -0.9 1.2 0.6
v -0.6 1.2 0.6
v 0.3 1.2 0.4
v 0.4 1.2 0.4
v 0.3 1.2 0.3
v 0.4 1.2 0.3
v 0.3 1.2 -1.2
v 0.5 1.2 -1.2
v 0.3 1.2 -1.3
v 0.5 1.2 -1.3
v -0.8 1.3 1.5
v -0.5 1.3 1.5
v -0.5 1.3 1.4
v -0.4 1.3 1.4
v -0.8 1.3 1.1
v -0.4 1.3 1.1
v 0.3 1.4 -1.4
v 0.4 1.4 -1.4
v 0.3 1.4 -1.5
v 0.4 1.4 -1.5
v 0.3 1.5 -1.3
v 0.5 1.5 -1.3
v 0.3 1.5 -1.4
v 0.4 1.5 -1.4
v 0.5 1.5 -1.4
v 0.4 1.6 -1.4
v 0.5 1.6 -1.4
v 0.4 1.6 -1.5
v 0.5 1.6 -1.5

# faces
f 3/10/1 2/10/1 1/10/1
f 4/10/1 2/10/1 3/10/1
f 7/6/1 6/6/1 5/6/1
f 9/6/1 7/6/1 5/6/1
f 9/6/1 8/6/1 7/6/1
f 10/6/1 8/6/1 9/6/1
f 11/6/1 8/6/1 10/6/1
f 12/6/1 8/6/1 11/6/1
f 13/6/1 8/6/1 12/6/1
f 14/10/1 11/10/1 10/10/1
f 15/10/1 13/10/1 12/10/1
f 16/10/1 13/10/1 15/10/1
f 17/10/1 14/10/1 10/10/1
f 17/10/1 15/10/1 14/10/1
f 18/10/1 15/10/1 17/10/1
f 21/6/1 20/6/1 19/6/1
f 22/6/1 20/6/1 21/6/1
f 23/6/1 20/6/1 22/6/1
f 24/6/1 20/6/1 23/6/1
f 25/6/1 20/6/1 24/6/1
f 26/6/1 20/6/1 25/6/1
f 27/6/1 23/6/1 22/6/1
f 28/6/1 23/6/1 27/6/1
f 29/6/1 25/6/1 24/6/1
f 30/6/1 25/6/1 29/6/1
f 31/6/1 25/6/1 30/6/1
f 32/10/1 28/10/1 27/10/1
f 33/10/1 28/10/1 32/10/1
f 35/10/1 31/10/1 30/10/1
f 36/10/1 31/10/1 35/10/1
f 37/10/1 34/10/1 33/10/1
f 38/10/1 34/10/1 37/10/1
f 43/11/1 40/11/1 39/11/1
f 44/10/1 41/10/1 40/10/1
f 44/11/1 40/11/1 43/11/1
f 45/10/1 41/10/1 44/10/1
f 46/11/1 43/11/1 42/11/1
f 46/11/1 44/11/1 43/11/1
f 47/11/1 44/11/1 46/11/1
f 52/6/1 49/6/1 48/6/1
f 53/6/1 49/6/1 52/6/1
f 56/6/1 51/6/1 50/6/1
f 57/6/1 51/6/1 56/6/1
f 58/6/1 54/6/1 53/6/1
f 59/6/1 54/6/1 58/6/1
f 60/6/1 56/6/1 55/6/1
f 61/6/1 56/6/1 60/6/1
f 63/10/1 61/10/1 60/10/1
f 64/10/1 61/10/1 63/10/1
f 65/10/1 63/10/1 62/10/1
f 66/10/1 63/10/1 65/10/1
f 69/11/1 68/11/1 67/11/1
f 70/11/1 68/11/1 69/11/1
f 73/6/1 72/6/1 71/6/1
f 74/6/1 72/6/1 73/6/1
f 77/6/1 76/6/1 75/6/1
f 78/6/1 76/6/1 77/6/1
f 80/10/1 78/10/1 77/10/1
f 81/10/1 78/10/1 80/10/1
f 82/10/1 80/10/1 79/10/1
f 83/10/1 80/10/1 82/10/1
f 86/10/1 85/10/1 84/10/1
f 87/10/1 85/10/1 86/10/1
f 96/6/1 89/6/1 88/6/1
f 97/6/1 89/6/1 96/6/1
f 98/6/1 91/6/1 90/6/1
f 99/6/1 91/6/1 98/6/1
f 100/6/1 93/6/1 92/6/1
f 101/6/1 93/6/1 100/6/1
f 102/6/1 100/6/1 99/6/1
f 103/6/1 100/6/1 102/6/1
f 104/6/1 95/6/1 94/6/1
f 106/6/1 95/6/1 104/6/1
f 107/6/1 95/6/1 106/6/1
f 108/10/1 106/10/1 105/10/1
f 109/10/1 106/10/1 108/10/1
f 114/6/1 111/6/1 110/6/1
f 115/6/1 113/6/1 112/6/1
f 116/6/1 113/6/1 115/6/1
f 118/6/1 115/6/1 114/6/1
f 119/6/1 115/6/1 118/6/1
f 120/6/1 117/6/1 116/6/1
f 121/6/1 117/6/1 120/6/1
f 122/6/1 114/6/1 110/6/1
f 122/6/1 118/6/1 114/6/1
f 123/6/1 118/6/1 122/6/1
f 127/10/1 125/10/1 124/10/1
f 128/10/1 125/10/1 127/10/1
f 128/10/1 127/10/1 126/10/1
f 129/10/1 125/10/1 128/10/1
f 130/10/1 128/10/1 126/10/1
f 131/10/1 128/10/1 130/10/1
f 137/6/1 135/6/1 134/6/1
f 138/6/1 135/6/1 137/6/1
f 140/6/1 133/6/1 132/6/1
f 141/6/1 133/6/1 140/6/1
f 142/6/1 137/6/1 136/6/1
f 143/10/1 138/10/1 137/10/1
f 143/6/1 137/6/1 142/6/1
f 144/6/1 139/6/1 138/6/1
f 144/10/1 138/10/1 143/10/1
f 145/6/1 139/6/1 144/6/1
f 146/6/1 142/6/1 141/6/1
f 147/10/1 143/10/1 142/10/1
f 147/6/1 142/6/1 146/6/1
f 149/10/1 143/10/1 147/10/1
f 150/10/1 143/10/1 149/10/1
f 153/10/1 149/10/1 148/10/1
f 154/10/1 149/10/1 153/10/1
f 156/10/1 151/10/1 150/10/1
f 157/10/1 151/10/1 156/10/1
f 158/10/1 153/10/1 152/10/1
f 159/10/1 153/10/1 158/10/1
f 161/11/1 156/11/1 155/11/1
f 162/11/1 156/11/1 161/11/1
f 163/10/1 160/10/1 159/10/1
f 164/11/1 161/11/1 160/11/1
f 164/10/1 160/10/1 163/10/1
f 165/11/1 161/11/1 164/11/1
f 170/10/1 167/10/1 166/10/1
f 171/6/1 168/6/1 167/6/1
f 171/10/1 167/10/1 170/10/1
f 172/6/1 168/6/1 171/6/1
f 175/6/1 170/6/1 169/6/1
f 176/6/1 170/6/1 175/6/1
f 181/2/1 174/2/1 173/2/1
f 182/2/1 174/2/1 181/2/1
f 183/6/1 177/6/1 176/6/1
f 184/6/1 177/6/1 183/6/1
f 188/10/1 180/10/1 179/10/1
f 188/10/1 179/10/1 178/10/1
f 189/2/1 181/2/1 180/2/1
f 189/10/1 180/10/1 188/10/1
f 190/2/1 181/2/1 189/2/1
f 191/6/1 186/6/1 185/6/1
f 192/10/1 187/10/1 186/10/1
f 192/6/1 186/6/1 191/6/1
f 193/10/1 187/10/1 192/10/1
f 194/10/1 188/10/1 178/10/1
f 195/10/1 188/10/1 194/10/1
f 196/10/1 192/10/1 191/10/1
f 197/10/1 192/10/1 196/10/1
f 203/11/1 199/11/1 198/11/1
f 204/11/1 199/11/1 203/11/1
f 205/10/1 201/10/1 200/10/1
f 206/10/1 201/10/1 205/10/1
f 208/11/1 203/11/1 202/11/1
f 209/11/1 203/11/1 208/11/1
f 210/11/1 207/11/1 206/11/1
f 210/11/1 208/11/1 207/11/1
f 211/11/1 208/11/1 210/11/1
f 218/6/1 213/6/1 212/6/1
f 219/10/1 214/10/1 213/10/1
f 219/6/1 213/6/1 218/6/1
f 220/10/1 214/10/1 219/10/1
f 221/6/1 216/6/1 215/6/1
f 223/6/1 216/6/1 221/6/1
f 224/6/1 216/6/1 223/6/1
f 225/2/1 223/2/1 222/2/1
f 226/2/1 223/2/1 225/2/1
f 227/6/1 218/6/1 217/6/1
f 228/6/1 218/6/1 227/6/1
f 230/6/1 229/6/1 228/6/1
f 231/6/1 229/6/1 230/6/1
f 234/10/1 233/10/1 232/10/1
f 237/10/1 236/10/1 235/10/1
f 238/10/1 236/10/1 237/10/1
f 239/10/1 234/10/1 232/10/1
f 240/10/1 234/10/1 239/10/1
f 241/11/1 240/11/1 239/11/1
f 242/11/1 240/11/1 241/11/1
f 244/11/1 243/11/1 242/11/1
f 245/11/1 243/11/1 244/11/1
f 250/6/1 247/6/1 246/6/1
f 251/6/1 247/6/1 250/6/1
f 253/6/1 249/6/1 248/6/1
f 254/6/1 249/6/1 253/6/1
f 259/6/1 253/6/1 252/6/1
f 260/6/1 253/6/1 259/6/1
f 261/5/1 256/5/1 255/5/1
f 262/5/1 256/5/1 261/5/1
f 263/3/1 258/3/1 257/3/1
f 264/2/1 260/2/1 259/2/1
f 264/3/1 258/3/1 263/3/1
f 264/2/1 259/2/1 258/2/1
f 265/2/1 260/2/1 264/2/1
f 270/3/1 264/3/1 263/3/1
f 271/3/1 264/3/1 270/3/1
f 272/10/1 269/10/1 268/10/1
f 273/10/1 269/10/1 272/10/1
f 275/10/1 267/10/1 266/10/1
f 276/10/1 267/10/1 275/10/1
f 276/10/1 275/10/1 274/10/1
f 277/10/1 267/10/1 276/10/1
f 280/10/1 276/10/1 274/10/1
f 281/11/1 277/11/1 276/11/1
f 281/10/1 276/10/1 280/10/1
f 282/11/1 277/11/1 281/11/1
f 284/11/1 279/11/1 278/11/1
f 285/11/1 279/11/1 284/11/1
f 286/11/1 283/11/1 282/11/1
f 287/11/1 283/11/1 286/11/1
f 292/5/1 291/5/1 290/5/1
f 293/5/1 291/5/1 292/5/1
f 296/6/1 289/6/1 288/6/1
f 297/6/1 289/6/1 296/6/1
f 298/7/1 294/7/1 293/7/1
f 299/7/1 294/7/1 298/7/1
f 300/6/1 296/6/1 295/6/1
f 301/6/1 296/6/1 300/6/1
f 309/5/1 304/5/1 303/5/1
f 309/7/1 303/7/1 302/7/1
f 310/5/1 304/5/1 309/5/1
f 311/6/1 306/6/1 305/6/1
f 312/6/1 306/6/1 311/6/1
f 314/3/1 308/3/1 307/3/1
f 315/3/1 308/3/1 314/3/1
f 316/7/1 309/7/1 302/7/1
f 316/7/1 310/7/1 309/7/1
f 317/7/1 310/7/1 316/7/1
f 318/7/1 310/7/1 317/7/1
f 319/7/1 310/7/1 318/7/1
f 320/10/1 313/10/1 312/10/1
f 320/10/1 312/10/1 311/10/1
f 321/10/1 313/10/1 320/10/1
f 323/7/1 318/7/1 317/7/1
f 324/7/1 318/7/1 323/7/1
f 326/10/1 322/10/1 321/10/1
f 327/10/1 322/10/1 326/10/1
f 330/10/1 329/10/1 328/10/1
f 331/10/1 326/10/1 325/10/1
f 332/10/1 326/10/1 331/10/1
f 336/10/1 329/10/1 330/10/1
f 337/10/1 329/10/1 336/10/1
f 338/11/1 334/11/1 333/11/1
f 338/11/1 333/11/1 332/11/1
f 339/11/1 334/11/1 338/11/1
f 340/11/1 336/11/1 335/11/1
f 341/11/1 336/11/1 340/11/1
f 350/10/1 345/10/1 344/10/1
f 351/10/1 345/10/1 350/10/1
f 352/5/1 347/5/1 346/5/1
f 353/5/1 347/5/1 352/5/1
f 354/6/1 343/6/1 342/6/1
f 355/6/1 343/6/1 354/6/1
f 357/6/1 351/6/1 350/6/1
f 358/6/1 351/6/1 357/6/1
f 362/6/1 349/6/1 348/6/1
f 363/6/1 349/6/1 362/6/1
f 364/6/1 357/6/1 356/6/1
f 365/6/1 357/6/1 364/6/1
f 366/7/1 360/7/1 359/7/1
f 367/7/1 360/7/1 366/7/1
f 370/6/1 362/6/1 361/6/1
f 371/6/1 362/6/1 370/6/1
f 374/5/1 369/5/1 368/5/1
f 375/5/1 369/5/1 374/5/1
f 376/6/1 373/6/1 372/6/1
f 381/6/1 376/6/1 372/6/1
f 382/6/1 376/6/1 381/6/1
f 383/3/1 380/3/1 379/3/1
f 384/3/1 380/3/1 383/3/1
f 388/7/1 375/7/1 374/7/1
f 389/7/1 375/7/1 388/7/1
f 390/10/1 382/10/1 381/10/1
f 391/10/1 382/10/1 390/10/1
f 392/10/1 378/10/1 377/10/1
f 393/10/1 378/10/1 392/10/1
f 394/4/1 386/4/1 385/4/1
f 395/4/1 386/4/1 394/4/1
f 396/7/1 388/7/1 387/7/1
f 397/10/1 392/10/1 391/10/1
f 398/10/1 392/10/1 397/10/1
f 399/10/1 392/10/1 398/10/1
f 400/7/1 396/7/1 395/7/1
f 401/7/1 388/7/1 396/7/1
f 401/7/1 396/7/1 400/7/1
f 402/9/1 401/9/1 400/9/1
f 403/9/1 401/9/1 402/9/1
f 404/9/1 401/9/1 403/9/1
f 405/9/1 401/9/1 404/9/1
f 408/11/1 407/11/1 406/11/1
f 409/11/1 407/11/1 408/11/1
f 411/11/1 410/11/1 409/11/1
f 412/11/1 410/11/1 411/11/1
f 417/10/1 414/10/1 413/10/1
f 418/10/1 414/10/1 417/10/1
f 419/6/1 416/6/1 415/6/1
f 420/6/1 416/6/1 419/6/1
f 423/4/1 422/4/1 421/4/1
f 424/4/1 422/4/1 423/4/1
f 429/10/1 428/10/1 427/10/1
f 430/10/1 428/10/1 429/10/1
f 431/10/1 426/10/1 425/10/1
f 432/10/1 426/10/1 431/10/1
f 435/6/1 434/6/1 433/6/1
f 436/6/1 434/6/1 435/6/1
f 437/6/1 435/6/1 433/6/1
f 438/10/1 436/10/1 435/10/1
f 438/6/1 435/6/1 437/6/1
f 439/10/1 436/10/1 438/10/1
f 444/3/1 441/3/1 440/3/1
f 445/3/1 441/3/1 444/3/1
f 446/10/1 443/10/1 442/10/1
f 448/3/1 444/3/1 440/3/1
f 449/3/1 444/3/1 448/3/1
f 450/10/1 446/10/1 442/10/1
f 451/10/1 446/10/1 450/10/1
f 454/10/1 448/10/1 447/10/1
f 455/10/1 448/10/1 454/10/1
f 456/10/1 452/10/1 451/10/1
f 457/11/1 453/11/1 452/11/1
f 457/10/1 452/10/1 456/10/1
f 458/11/1 453/11/1 457/11/1
f 459/11/1 453/11/1 458/11/1
f 462/6/1 461/6/1 460/6/1
f 463/6/1 461/6/1 462/6/1
f 464/6/1 461/6/1 463/6/1
f 467/10/1 466/10/1 465/10/1
f 467/10/1 465/10/1 464/10/1
f 468/10/1 466/10/1 467/10/1
f 471/10/1 470/10/1 469/10/1
f 472/10/1 470/10/1 471/10/1
f 477/6/1 474/6/1 473/6/1
f 478/6/1 474/6/1 477/6/1
f 480/6/1 476/6/1 475/6/1
f 481/6/1 476/6/1 480/6/1
f 482/10/1 480/10/1 479/10/1
f 482/6/1 481/6/1 480/6/1
f 483/6/1 481/6/1 482/6/1
f 484/10/1 482/10/1 479/10/1
f 484/10/1 483/10/1 482/10/1
f 485/10/1 483/10/1 484/10/1
f 494/6/1 489/6/1 488/6/1
f 495/10/1 490/10/1 489/10/1
f 495/6/1 489/6/1 494/6/1
f 496/10/1 490/10/1 495/10/1
f 497/6/1 487/6/1 486/6/1
f 498/10/1 494/10/1 493/10/1
f 499/10/1 494/10/1 498/10/1
f 500/10/1 492/10/1 491/10/1
f 501/10/1 492/10/1 500/10/1
f 502/6/1 487/6/1 497/6/1
f 503/6/1 487/6/1 502/6/1
f 504/10/1 502/10/1 501/10/1
f 505/10/1 502/10/1 504/10/1
f 508/6/1 507/6/1 506/6/1
f 509/6/1 507/6/1 508/6/1
f 514/6/1 511/6/1 510/6/1
f 515/6/1 511/6/1 514/6/1
f 516/6/1 513/6/1 512/6/1
f 517/6/1 513/6/1 516/6/1
f 518/10/1 517/10/1 516/10/1
f 519/10/1 517/10/1 518/10/1
f 524/8/1 521/8/1 520/8/1
f 525/8/1 521/8/1 524/8/1
f 528/7/1 523/7/1 522/7/1
f 529/7/1 526/7/1 525/7/1
f 530/7/1 526/7/1 529/7/1
f 531/7/1 528/7/1 527/7/1
f 532/7/1 531/7/1 530/7/1
f 533/7/1 528/7/1 531/7/1
f 533/7/1 531/7/1 532/7/1
f 533/7/1 523/7/1 528/7/1
f 537/10/1 535/10/1 534/10/1
f 538/6/1 536/6/1 535/6/1
f 538/10/1 535/10/1 537/10/1
f 539/6/1 536/6/1 538/6/1
f 540/6/1 536/6/1 539/6/1
f 544/6/1 541/6/1 540/6/1
f 545/6/1 541/6/1 544/6/1
f 548/10/1 545/10/1 544/10/1
f 549/10/1 545/10/1 548/10/1
f 550/7/1 543/7/1 542/7/1
f 551/7/1 543/7/1 550/7/1
f 552/11/1 547/11/1 546/11/1
f 553/10/1 548/10/1 547/10/1
f 553/11/1 547/11/1 552/11/1
f 554/10/1 548/10/1 553/10/1
f 557/7/1 556/7/1 555/7/1
f 562/7/1 557/7/1 555/7/1
f 562/7/1 558/7/1 557/7/1
f 563/7/1 558/7/1 562/7/1
f 564/7/1 558/7/1 563/7/1
f 566/11/1 560/11/1 559/11/1
f 567/11/1 560/11/1 566/11/1
f 568/7/1 562/7/1 561/7/1
f 568/7/1 563/7/1 562/7/1
f 569/7/1 563/7/1 568/7/1
f 570/11/1 566/11/1 565/11/1
f 571/11/1 566/11/1 570/11/1
f 574/6/1 573/6/1 572/6/1
f 575/6/1 573/6/1 574/6/1
f 578/7/1 577/7/1 576/7/1
f 579/7/1 577/7/1 578/7/1
f 582/10/1 581/10/1 580/10/1
f 583/10/1 581/10/1 582/10/1
f 587/7/1 585/7/1 584/7/1
f 588/7/1 585/7/1 587/7/1
f 589/7/1 587/7/1 586/7/1
f 590/7/1 587/7/1 589/7/1
f 593/11/1 592/11/1 591/11/1
f 594/11/1 593/11/1 591/11/1
f 595/11/1 593/11/1 594/11/1
f 597/11/1 596/11/1 595/11/1
f 598/11/1 596/11/1 597/11/1
f 601/11/1 599/11/1 598/11/1
f 602/8/1 600/8/1 599/8/1
f 602/11/1 599/11/1 601/11/1
f 603/8/1 600/8/1 602/8/1
f 604/8/1 600/8/1 603/8/1
f 605/7/1 602/7/1 601/7/1
f 606/8/1 603/8/1 602/8/1
f 606/7/1 602/7/1 605/7/1
f 607/8/1 603/8/1 606/8/1
f 608/7/1 607/7/1 606/7/1
f 609/7/1 607/7/1 608/7/1
f 612/9/1 611/9/1 610/9/1
f 613/9/1 611/9/1 612/9/1
f 616/6/1 615/6/1 614/6/1
f 617/6/1 615/6/1 616/6/1
f 621/8/1 619/8/1 618/8/1
f 622/8/1 621/8/1 620/8/1
f 623/8/1 619/8/1 621/8/1
f 623/8/1 621/8/1 622/8/1
f 624/8/1 619/8/1 623/8/1
f 626/7/1 623/7/1 622/7/1
f 629/7/1 626/7/1 625/7/1
f 630/7/1 623/7/1 626/7/1
f 630/7/1 626/7/1 629/7/1
f 632/9/1 628/9/1 627/9/1
f 633/9/1 628/9/1 632/9/1
f 634/7/1 623/7/1 630/7/1
f 634/4/1 630/4/1 629/4/1
f 635/7/1 623/7/1 634/7/1
f 636/9/1 632/9/1 631/9/1
f 637/9/1 632/9/1 636/9/1
f 638/4/1 635/4/1 634/4/1
f 638/4/1 634/4/1 629/4/1
f 639/4/1 635/4/1 638/4/1
f 640/4/1 635/4/1 639/4/1
f 641/4/1 635/4/1 640/4/1
f 642/9/1 641/9/1 640/9/1
f 642/4/1 635/4/1 641/4/1
f 643/4/1 635/4/1 642/4/1
f 644/9/1 642/9/1 640/9/1
f 645/9/1 642/9/1 644/9/1
f 648/6/1 647/6/1 646/6/1
f 649/6/1 647/6/1 648/6/1
f 653/10/1 650/10/1 649/10/1
f 654/10/1 650/10/1 653/10/1
f 657/6/1 652/6/1 651/6/1
f 658/6/1 652/6/1 657/6/1
f 659/10/1 656/10/1 655/10/1
f 660/10/1 656/10/1 659/10/1
f 661/11/1 660/11/1 659/11/1
f 662/11/1 660/11/1 661/11/1
f 664/11/1 663/11/1 662/11/1
f 665/11/1 663/11/1 664/11/1
f 667/8/1 666/8/1 665/8/1
f 668/8/1 666/8/1 667/8/1
f 673/10/1 670/10/1 669/10/1
f 674/10/1 670/10/1 673/10/1
f 675/7/1 672/7/1 671/7/1
f 676/7/1 672/7/1 675/7/1
f 679/9/1 678/9/1 677/9/1
f 680/9/1 678/9/1 679/9/1
f 681/9/1 678/9/1 680/9/1
f 684/6/1 683/6/1 682/6/1
f 685/6/1 683/6/1 684/6/1
f 689/10/1 686/10/1 685/10/1
f 690/10/1 686/10/1 689/10/1
f 692/6/1 688/6/1 687/6/1
f 693/6/1 688/6/1 692/6/1
f 694/6/1 692/6/1 691/6/1
f 695/6/1 692/6/1 694/6/1
f 701/2/1 697/2/1 696/2/1
f 702/2/1 697/2/1 701/2/1
f 703/10/1 699/10/1 698/10/1
f 704/3/1 701/3/1 700/3/1
f 705/3/1 701/3/1 704/3/1
f 706/10/1 703/10/1 698/10/1
f 707/10/1 703/10/1 706/10/1
f 709/11/1 708/11/1 707/11/1
f 710/11/1 708/11/1 709/11/1
f 714/6/1 712/6/1 711/6/1
f 715/6/1 712/6/1 714/6/1
f 718/6/1 714/6/1 713/6/1
f 719/6/1 714/6/1 718/6/1
f 726/2/1 717/2/1 716/2/1
f 727/2/1 717/2/1 726/2/1
f 728/2/1 724/2/1 723/2/1
f 728/2/1 723/2/1 722/2/1
f 729/2/1 724/2/1 728/2/1
f 730/3/1 726/3/1 725/3/1
f 731/3/1 726/3/1 730/3/1
f 732/10/1 721/10/1 720/10/1
f 733/10/1 721/10/1 732/10/1
f 735/3/1 730/3/1 729/3/1
f 735/3/1 729/3/1 728/3/1
f 736/3/1 730/3/1 735/3/1
f 737/10/1 734/10/1 733/10/1
f 738/10/1 734/10/1 737/10/1
f 743/6/1 740/6/1 739/6/1
f 744/6/1 740/6/1 743/6/1
f 745/6/1 742/6/1 741/6/1
f 746/6/1 742/6/1 745/6/1
f 747/6/1 742/6/1 746/6/1
f 748/2/1 747/2/1 746/2/1
f 749/2/1 747/2/1 748/2/1
f 753/3/1 751/3/1 750/3/1
f 754/3/1 751/3/1 753/3/1
f 755/3/1 753/3/1 752/3/1
f 756/3/1 753/3/1 755/3/1
f 759/10/1 758/10/1 757/10/1
f 760/10/1 758/10/1 759/10/1
f 762/10/1 761/10/1 760/10/1
f 763/10/1 761/10/1 762/10/1
f 766/6/1 765/6/1 764/6/1
f 767/6/1 765/6/1 766/6/1
f 772/6/1 769/6/1 768/6/1
f 773/6/1 769/6/1 772/6/1
f 774/10/1 771/10/1 770/10/1
f 775/6/1 772/6/1 771/6/1
f 775/10/1 771/10/1 774/10/1
f 776/6/1 772/6/1 775/6/1
f 779/3/1 778/3/1 777/3/1
f 780/3/1 778/3/1 779/3/1
f 784/6/1 782/6/1 781/6/1
f 785/6/1 782/6/1 784/6/1
f 786/6/1 784/6/1 783/6/1
f 787/6/1 784/6/1 786/6/1
f 788/10/2 789/10/2 790/10/2
f 790/10/2 789/10/2 791/10/2
f 791/10/2 792/10/2 793/10/2
f 793/10/2 792/10/2 794/10/2
f 794/10/2 792/10/2 797/10/2
f 797/10/2 792/10/2 798/10/2
f 795/10/2 796/10/2 799/10/2
f 799/10/2 796/10/2 800/10/2
f 798/11/2 799/11/2 801/11/2
f 801/11/2 799/11/2 802/11/2
f 803/6/2 804/6/2 805/6/2
f 805/6/2 804/6/2 806/6/2
f 806/6/2 807/6/2 808/6/2
f 808/6/2 807/6/2 809/6/2
f 810/10/2 811/10/2 812/10/2
f 812/10/2 811/10/2 813/10/2
f 813/10/2 814/10/2 815/10/2
f 813/10/2 815/10/2 817/10/2
f 815/10/2 816/10/2 817/10/2
f 817/10/2 816/10/2 818/10/2
f 819/10/2 820/10/2 821/10/2
f 821/10/2 820/10/2 822/10/2
f 822/10/2 823/10/2 824/10/2
f 824/10/2 823/10/2 825/10/2
f 826/6/2 827/6/2 830/6/2
f 830/6/2 827/6/2 832/6/2
f 832/6/2 827/6/2 833/6/2
f 828/6/2 829/6/2 834/6/2
f 834/6/2 829/6/2 835/6/2
f 831/6/2 832/6/2 840/6/2
f 840/6/2 832/6/2 841/6/2
f 835/6/2 836/6/2 842/6/2
f 836/10/2 837/10/2 843/10/2
f 842/6/2 836/6/2 843/6/2
f 843/10/2 837/10/2 844/10/2
f 838/6/2 839/6/2 847/6/2
f 847/6/2 839/6/2 848/6/2
f 848/6/2 839/6/2 849/6/2
f 845/10/2 846/10/2 850/10/2
f 850/10/2 846/10/2 851/10/2
f 848/10/2 849/10/2 852/10/2
f 852/10/2 849/10/2 853/10/2
f 851/10/2 852/10/2 854/10/2
f 854/10/2 852/10/2 855/10/2
f 856/6/2 857/6/2 858/6/2
f 856/6/2 858/6/2 860/6/2
f 858/10/2 859/10/2 861/10/2
f 860/6/2 858/6/2 861/6/2
f 861/10/2 859/10/2 862/10/2
f 862/10/2 863/10/2 864/10/2
f 864/10/2 863/10/2 865/10/2
f 867/10/2 868/10/2 869/10/2
f 866/10/2 867/10/2 869/10/2
f 869/10/2 868/10/2 870/10/2
f 871/10/2 872/10/2 873/10/2
f 873/10/2 872/10/2 874/10/2
f 875/3/2 876/3/2 879/3/2
f 879/3/2 876/3/2 880/3/2
f 877/3/2 878/3/2 881/3/2
f 881/3/2 878/3/2 882/3/2
f 883/10/2 884/10/2 885/10/2
f 885/10/2 884/10/2 886/10/2
f 887/11/2 888/11/2 889/11/2
f 889/11/2 888/11/2 890/11/2
f 891/5/2 892/5/2 893/5/2
f 893/5/2 892/5/2 894/5/2
f 895/4/2 896/4/2 897/4/2
f 895/4/2 897/4/2 898/4/2
f 898/4/2 897/4/2 899/4/2
f 900/9/2 901/9/2 902/9/2
f 902/9/2 901/9/2 903/9/2
f 903/9/2 904/9/2 905/9/2
f 905/9/2 904/9/2 906/9/2
f 907/2/2 908/2/2 914/2/2
f 914/2/2 908/2/2 915/2/2
f 909/4/2 910/4/2 916/4/2
f 916/4/2 910/4/2 917/4/2
f 911/5/2 912/5/2 918/5/2
f 918/5/2 912/5/2 919/5/2
f 913/3/2 914/3/2 920/3/2
f 920/3/2 914/3/2 921/3/2
f 918/7/2 919/7/2 924/7/2
f 924/7/2 919/7/2 925/7/2
f 922/7/2 923/7/2 926/7/2
f 923/7/2 924/7/2 926/7/2
f 926/7/2 924/7/2 927/7/2
f 927/7/2 924/7/2 928/7/2
f 927/9/2 928/9/2 933/9/2
f 933/9/2 928/9/2 934/9/2
f 929/11/2 930/11/2 935/11/2
f 935/11/2 930/11/2 936/11/2
f 931/10/2 932/10/2 938/10/2
f 938/10/2 932/10/2 939/10/2
f 936/11/2 937/11/2 940/11/2
f 937/11/2 938/11/2 940/11/2
f 940/11/2 938/11/2 941/11/2
f 942/6/2 943/6/2 947/6/2
f 947/6/2 943/6/2 948/6/2
f 944/5/2 945/5/2 953/5/2
f 953/5/2 945/5/2 954/5/2
f 946/6/2 947/6/2 955/6/2
f 955/6/2 947/6/2 956/6/2
f 949/2/2 950/2/2 958/2/2
f 958/2/2 950/2/2 959/2/2
f 951/4/2 952/4/2 960/4/2
f 952/5/2 953/5/2 961/5/2
f 960/4/2 952/4/2 961/4/2
f 961/5/2 953/5/2 962/5/2
f 962/5/2 953/5/2 963/5/2
f 957/3/2 958/3/2 965/3/2
f 965/3/2 958/3/2 966/3/2
f 964/3/2 965/3/2 967/3/2
f 967/3/2 965/3/2 968/3/2
f 961/4/2 962/4/2 969/4/2
f 962/7/2 963/7/2 970/7/2
f 969/4/2 962/4/2 970/4/2
f 970/7/2 963/7/2 971/7/2
f 972/11/2 973/11/2 975/11/2
f 975/11/2 973/11/2 978/11/2
f 973/10/2 974/10/2 979/10/2
f 978/11/2 973/11/2 979/11/2
f 979/10/2 974/10/2 980/10/2
f 976/11/2 977/11/2 981/11/2
f 981/11/2 977/11/2 982/11/2
f 982/11/2 983/11/2 984/11/2
f 984/11/2 983/11/2 985/11/2
f 986/6/2 987/6/2 990/6/2
f 990/6/2 987/6/2 991/6/2
f 988/6/2 989/6/2 997/6/2
f 997/6/2 989/6/2 998/6/2
f 986/6/2 990/6/2 999/6/2
f 999/6/2 990/6/2 1000/6/2
f 992/10/2 993/10/2 1001/10/2
f 1001/10/2 993/10/2 1002/10/2
f 995/2/2 996/2/2 1003/2/2
f 994/2/2 995/2/2 1003/2/2
f 1003/2/2 996/2/2 1004/2/2
f 994/2/2 1003/2/2 1006/2/2
f 1006/2/2 1003/2/2 1007/2/2
f 1005/2/2 1006/2/2 1008/2/2
f 1008/2/2 1006/2/2 1009/2/2
f 1010/11/2 1011/11/2 1014/11/2
f 1014/11/2 1011/11/2 1015/11/2
f 1012/11/2 1013/11/2 1016/11/2
f 1016/11/2 1013/11/2 1017/11/2
f 1015/11/2 1016/11/2 1018/11/2
f 1018/11/2 1016/11/2 1019/11/2
f 1020/6/2 1021/6/2 1022/6/2
f 1020/6/2 1022/6/2 1026/6/2
f 1026/6/2 1022/6/2 1027/6/2
f 1023/6/2 1024/6/2 1028/6/2
f 1028/6/2 1024/6/2 1029/6/2
f 1025/6/2 1026/6/2 1033/6/2
f 1033/6/2 1026/6/2 1034/6/2
f 1031/2/2 1032/2/2 1035/2/2
f 1030/10/2 1031/10/2 1035/10/2
f 1035/2/2 1032/2/2 1036/2/2
f 1030/10/2 1035/10/2 1038/10/2
f 1038/10/2 1035/10/2 1039/10/2
f 1037/10/2 1038/10/2 1040/10/2
f 1040/10/2 1038/10/2 1041/10/2
f 1042/11/2 1043/11/2 1044/11/2
f 1044/11/2 1043/11/2 1045/11/2
f 1046/6/2 1047/6/2 1049/6/2
f 1049/6/2 1047/6/2 1050/6/2
f 1048/6/2 1049/6/2 1051/6/2
f 1051/6/2 1049/6/2 1052/6/2
f 1053/10/2 1054/10/2 1057/10/2
f 1055/10/2 1056/10/2 1060/10/2
f 1057/10/2 1058/10/2 1061/10/2
f 1053/10/2 1057/10/2 1061/10/2
f 1061/10/2 1058/10/2 1062/10/2
f 1062/10/2 1058/10/2 1063/10/2
f 1059/10/2 1060/10/2 1064/10/2
f 1060/10/2 1056/10/2 1065/10/2
f 1064/10/2 1060/10/2 1065/10/2
f 1061/10/2 1062/10/2 1066/10/2
f 1066/10/2 1062/10/2 1067/10/2
f 1066/11/2 1067/11/2 1069/11/2
f 1069/11/2 1067/11/2 1070/11/2
f 1068/11/2 1069/11/2 1071/11/2
f 1071/11/2 1069/11/2 1072/11/2
f 1073/6/2 1074/6/2 1076/6/2
f 1076/6/2 1074/6/2 1077/6/2
f 1075/6/2 1076/6/2 1078/6/2
f 1078/6/2 1076/6/2 1079/6/2
f 1080/8/2 1081/8/2 1082/8/2
f 1082/8/2 1081/8/2 1083/8/2
f 1084/11/2 1085/11/2 1087/11/2
f 1086/11/2 1087/11/2 1088/11/2
f 1087/11/2 1085/11/2 1089/11/2
f 1088/11/2 1087/11/2 1089/11/2
f 1090/6/2 1091/6/2 1093/6/2
f 1093/6/2 1091/6/2 1094/6/2
f 1092/6/2 1093/6/2 1097/6/2
f 1097/6/2 1093/6/2 1098/6/2
f 1095/8/2 1096/8/2 1101/8/2
f 1101/8/2 1096/8/2 1102/8/2
f 1102/8/2 1096/8/2 1103/8/2
f 1099/10/2 1100/10/2 1104/10/2
f 1104/10/2 1100/10/2 1105/10/2
f 1106/10/2 1107/10/2 1111/10/2
f 1111/10/2 1107/10/2 1112/10/2
f 1108/8/2 1109/8/2 1113/8/2
f 1109/7/2 1110/7/2 1114/7/2
f 1113/8/2 1109/8/2 1114/8/2
f 1114/7/2 1110/7/2 1115/7/2
f 1111/11/2 1112/11/2 1116/11/2
f 1116/11/2 1112/11/2 1117/11/2
f 1117/11/2 1118/11/2 1119/11/2
f 1119/11/2 1118/11/2 1120/11/2
f 1121/7/2 1122/7/2 1123/7/2
f 1123/7/2 1122/7/2 1124/7/2
f 1125/6/2 1126/6/2 1127/6/2
f 1125/6/2 1127/6/2 1128/6/2
f 1128/6/2 1127/6/2 1129/6/2
f 1129/6/2 1130/6/2 1133/6/2
f 1133/6/2 1130/6/2 1134/6/2
f 1131/8/2 1132/8/2 1135/8/2
f 1135/8/2 1132/8/2 1136/8/2
f 1137/7/2 1138/7/2 1141/7/2
f 1141/7/2 1138/7/2 1142/7/2
f 1139/8/2 1140/8/2 1144/8/2
f 1144/8/2 1140/8/2 1145/8/2
f 1142/7/2 1143/7/2 1148/7/2
f 1148/7/2 1143/7/2 1149/7/2
f 1146/7/2 1147/7/2 1152/7/2
f 1152/7/2 1147/7/2 1153/7/2
f 1150/11/2 1151/11/2 1155/11/2
f 1155/11/2 1151/11/2 1156/11/2
f 1153/7/2 1154/7/2 1158/7/2
f 1158/7/2 1154/7/2 1159/7/2
f 1156/11/2 1157/11/2 1160/11/2
f 1160/11/2 1157/11/2 1161/11/2
f 1164/6/2 1165/6/2 1168/6/2
f 1168/6/2 1165/6/2 1169/6/2
f 1162/6/2 1163/6/2 1170/6/2
f 1170/6/2 1163/6/2 1171/6/2
f 1166/10/2 1167/10/2 1172/10/2
f 1167/6/2 1168/6/2 1173/6/2
f 1172/10/2 1167/10/2 1173/10/2
f 1173/6/2 1168/6/2 1174/6/2
f 1175/8/2 1176/8/2 1179/8/2
f 1179/8/2 1176/8/2 1180/8/2
f 1177/8/2 1178/8/2 1182/8/2
f 1182/8/2 1178/8/2 1183/8/2
f 1180/7/2 1181/7/2 1185/7/2
f 1185/7/2 1181/7/2 1186/7/2
f 1183/7/2 1184/7/2 1188/7/2
f 1188/7/2 1184/7/2 1189/7/2
f 1186/7/2 1187/7/2 1191/7/2
f 1191/7/2 1187/7/2 1192/7/2
f 1189/7/2 1190/7/2 1193/7/2
f 1193/7/2 1190/7/2 1194/7/2
f 1194/7/2 1195/7/2 1200/7/2
f 1200/7/2 1195/7/2 1201/7/2
f 1196/7/2 1197/7/2 1202/7/2
f 1202/7/2 1197/7/2 1203/7/2
f 1198/11/2 1199/11/2 1204/11/2
f 1204/11/2 1199/11/2 1205/11/2
f 1206/11/2 1207/11/2 1208/11/2
f 1205/11/2 1206/11/2 1208/11/2
f 1208/11/2 1207/11/2 1209/11/2
f 1210/6/2 1211/6/2 1212/6/2
f 1212/6/2 1211/6/2 1213/6/2
f 1214/8/2 1215/8/2 1218/8/2
f 1218/8/2 1215/8/2 1219/8/2
f 1216/10/2 1217/10/2 1221/10/2
f 1221/10/2 1217/10/2 1222/10/2
f 1219/8/2 1220/8/2 1223/8/2
f 1218/8/2 1219/8/2 1223/8/2
f 1223/8/2 1220/8/2 1224/8/2
f 1224/8/2 1220/8/2 1225/8/2
f 1225/7/2 1226/7/2 1229/7/2
f 1224/7/2 1225/7/2 1229/7/2
f 1229/7/2 1226/7/2 1230/7/2
f 1230/7/2 1226/7/2 1231/7/2
f 1227/11/2 1228/11/2 1234/11/2
f 1230/7/2 1231/7/2 1235/7/2
f 1231/7/2 1232/7/2 1235/7/2
f 1235/7/2 1232/7/2 1236/7/2
f 1236/7/2 1232/7/2 1237/7/2
f 1233/11/2 1234/11/2 1239/11/2
f 1234/11/2 1228/11/2 1240/11/2
f 1239/11/2 1234/11/2 1240/11/2
f 1240/11/2 1228/11/2 1241/11/2
f 1222/10/2 1217/10/2 1243/10/2
f 1243/10/2 1217/10/2 1244/10/2
f 1237/7/2 1238/7/2 1245/7/2
f 1236/7/2 1237/7/2 1245/7/2
f 1245/7/2 1238/7/2 1246/7/2
f 1246/7/2 1238/7/2 1247/7/2
f 1241/11/2 1242/11/2 1249/11/2
f 1240/11/2 1241/11/2 1249/11/2
f 1242/10/2 1243/10/2 1250/10/2
f 1249/11/2 1242/11/2 1250/11/2
f 1250/10/2 1243/10/2 1251/10/2
f 1247/9/2 1248/9/2 1252/9/2
f 1252/9/2 1248/9/2 1253/9/2
f 1253/9/2 1254/9/2 1258/9/2
f 1258/9/2 1254/9/2 1259/9/2
f 1255/7/2 1256/7/2 1260/7/2
f 1260/7/2 1256/7/2 1261/7/2
f 1257/9/2 1258/9/2 1262/9/2
f 1262/9/2 1258/9/2 1263/9/2
f 1264/6/2 1265/6/2 1266/6/2
f 1266/6/2 1265/6/2 1267/6/2
f 1268/10/2 1269/10/2 1271/10/2
f 1271/10/2 1269/10/2 1272/10/2
f 1270/10/2 1271/10/2 1274/10/2
f 1274/10/2 1271/10/2 1275/10/2
f 1273/10/2 1274/10/2 1276/10/2
f 1276/10/2 1277/10/2 1280/10/2
f 1273/10/2 1276/10/2 1280/10/2
f 1278/8/2 1279/8/2 1281/8/2
f 1281/8/2 1279/8/2 1282/8/2
f 1282/7/2 1283/7/2 1286/7/2
f 1286/7/2 1283/7/2 1287/7/2
f 1284/8/2 1285/8/2 1289/8/2
f 1289/8/2 1285/8/2 1290/8/2
f 1280/10/2 1277/10/2 1291/10/2
f 1291/10/2 1277/10/2 1292/10/2
f 1289/7/2 1290/7/2 1295/7/2
f 1288/7/2 1289/7/2 1295/7/2
f 1295/7/2 1290/7/2 1296/7/2
f 1293/9/2 1294/9/2 1297/9/2
f 1288/7/2 1295/7/2 1300/7/2
f 1300/7/2 1295/7/2 1301/7/2
f 1297/9/2 1298/9/2 1302/9/2
f 1293/9/2 1297/9/2 1302/9/2
f 1302/9/2 1298/9/2 1303/9/2
f 1299/7/2 1300/7/2 1304/7/2
f 1304/7/2 1300/7/2 1305/7/2
f 1305/7/2 1300/7/2 1306/7/2
f 1304/4/2 1305/4/2 1308/4/2
f 1306/7/2 1307/7/2 1309/7/2
f 1308/4/2 1305/4/2 1309/4/2
f 1305/7/2 1306/7/2 1309/7/2
f 1309/7/2 1307/7/2 1310/7/2
f 1310/7/2 1307/7/2 1311/7/2
f 1309/4/2 1310/4/2 1311/4/2
f 1311/7/2 1307/7/2 1312/7/2
f 1309/4/2 1311/4/2 1313/4/2
f 1311/4/2 1312/4/2 1313/4/2
f 1313/4/2 1312/4/2 1314/4/2
f 1313/9/2 1314/9/2 1315/9/2
f 1315/9/2 1314/9/2 1316/9/2
f 1316/9/2 1314/9/2 1317/9/2
f 1317/9/2 1314/9/2 1318/9/2
f 1319/6/2 1320/6/2 1321/6/2
f 1321/6/2 1320/6/2 1322/6/2
f 1323/8/2 1324/8/2 1327/8/2
f 1327/8/2 1324/8/2 1328/8/2
f 1325/8/2 1326/8/2 1330/8/2
f 1330/8/2 1326/8/2 1331/8/2
f 1329/7/2 1330/7/2 1332/7/2
f 1332/7/2 1330/7/2 1333/7/2
f 1334/7/2 1335/7/2 1336/7/2
f 1336/7/2 1335/7/2 1337/7/2
f 1338/6/2 1339/6/2 1340/6/2
f 1340/6/2 1339/6/2 1341/6/2
f 1342/6/2 1343/6/2 1344/6/2
f 1344/6/2 1343/6/2 1345/6/2
f 1346/10/2 1347/10/2 1353/10/2
f 1353/10/2 1347/10/2 1354/10/2
f 1348/8/2 1349/8/2 1355/8/2
f 1350/8/2 1351/8/2 1356/8/2
f 1356/8/2 1351/8/2 1357/8/2
f 1352/11/2 1353/11/2 1361/11/2
f 1361/11/2 1353/11/2 1362/11/2
f 1348/8/2 1355/8/2 1363/8/2
f 1355/7/2 1356/7/2 1364/7/2
f 1363/8/2 1355/8/2 1364/8/2
f 1358/10/2 1359/10/2 1365/10/2
f 1359/11/2 1360/11/2 1366/11/2
f 1365/10/2 1359/10/2 1366/10/2
f 1360/11/2 1361/11/2 1366/11/2
f 1366/11/2 1361/11/2 1367/11/2
f 1363/7/2 1364/7/2 1368/7/2
f 1364/7/2 1356/7/2 1369/7/2
f 1368/7/2 1364/7/2 1369/7/2
f 1370/6/2 1371/6/2 1372/6/2
f 1372/6/2 1371/6/2 1373/6/2
f 1375/10/2 1376/10/2 1378/10/2
f 1376/10/2 1377/10/2 1378/10/2
f 1373/6/2 1374/6/2 1385/6/2
f 1385/6/2 1374/6/2 1386/6/2
f 1380/3/2 1381/3/2 1387/3/2
f 1387/3/2 1381/3/2 1388/3/2
f 1383/11/2 1384/11/2 1391/11/2
f 1382/11/2 1383/11/2 1391/11/2
f 1384/6/2 1385/6/2 1392/6/2
f 1391/11/2 1384/11/2 1392/11/2
f 1392/6/2 1385/6/2 1393/6/2
f 1375/10/2 1378/10/2 1394/10/2
f 1378/10/2 1379/10/2 1394/10/2
f 1394/10/2 1379/10/2 1395/10/2
f 1395/10/2 1379/10/2 1396/10/2
f 1389/8/2 1390/8/2 1397/8/2
f 1397/8/2 1390/8/2 1398/8/2
f 1375/10/2 1394/10/2 1399/10/2
f 1394/11/2 1395/11/2 1400/11/2
f 1399/10/2 1394/10/2 1400/10/2
f 1400/11/2 1395/11/2 1401/11/2
f 1402/6/2 1403/6/2 1406/6/2
f 1403/6/2 1404/6/2 1406/6/2
f 1405/10/2 1406/10/2 1408/10/2
f 1406/6/2 1404/6/2 1409/6/2
f 1408/10/2 1406/10/2 1409/10/2
f 1409/6/2 1404/6/2 1410/6/2
f 1407/11/2 1408/11/2 1411/11/2
f 1411/11/2 1408/11/2 1412/11/2
f 1413/6/2 1414/6/2 1418/6/2
f 1418/6/2 1414/6/2 1419/6/2
f 1415/2/2 1416/2/2 1422/2/2
f 1422/2/2 1416/2/2 1423/2/2
f 1417/6/2 1418/6/2 1425/6/2
f 1425/6/2 1418/6/2 1426/6/2
f 1420/10/2 1421/10/2 1427/10/2
f 1427/10/2 1421/10/2 1428/10/2
f 1428/10/2 1429/10/2 1432/10/2
f 1432/10/2 1429/10/2 1433/10/2
f 1430/3/2 1431/3/2 1434/3/2
f 1434/3/2 1431/3/2 1435/3/2
f 1424/10/2 1425/10/2 1436/10/2
f 1436/10/2 1425/10/2 1437/10/2
f 1440/6/2 1441/6/2 1443/6/2
f 1443/6/2 1441/6/2 1444/6/2
f 1438/6/2 1439/6/2 1445/6/2
f 1445/6/2 1439/6/2 1446/6/2
f 1442/6/2 1443/6/2 1449/6/2
f 1449/6/2 1443/6/2 1450/6/2
f 1450/6/2 1443/6/2 1451/6/2
f 1447/2/2 1448/2/2 1453/2/2
f 1453/2/2 1448/2/2 1454/2/2
f 1449/10/2 1450/10/2 1456/10/2
f 1456/10/2 1450/10/2 1457/10/2
f 1452/3/2 1453/3/2 1458/3/2
f 1458/3/2 1453/3/2 1459/3/2
f 1455/10/2 1456/10/2 1460/10/2
f 1460/10/2 1456/10/2 1461/10/2
f 1462/6/2 1463/6/2 1465/6/2
f 1465/6/2 1463/6/2 1466/6/2
f 1464/6/2 1465/6/2 1471/6/2
f 1471/6/2 1465/6/2 1472/6/2
f 1467/10/2 1468/10/2 1473/10/2
f 1473/10/2 1468/10/2 1474/10/2
f 1469/2/2 1470/2/2 1477/2/2
f 1477/2/2 1470/2/2 1478/2/2
f 1471/10/2 1472/10/2 1479/10/2
f 1474/10/2 1475/10/2 1480/10/2
f 1480/10/2 1475/10/2 1481/10/2
f 1476/3/2 1477/3/2 1483/3/2
f 1479/10/2 1472/10/2 1485/10/2
f 1485/10/2 1472/10/2 1486/10/2
f 1482/3/2 1483/3/2 1487/3/2
f 1483/3/2 1477/3/2 1488/3/2
f 1487/3/2 1483/3/2 1488/3/2
f 1484/10/2 1485/10/2 1489/10/2
f 1489/10/2 1485/10/2 1490/10/2
f 1493/6/2 1494/6/2 1499/6/2
f 1499/6/2 1494/6/2 1500/6/2
f 1495/6/2 1496/6/2 1503/6/2
f 1503/6/2 1496/6/2 1504/6/2
f 1491/6/2 1492/6/2 1505/6/2
f 1505/6/2 1492/6/2 1506/6/2
f 1497/6/2 1498/6/2 1509/6/2
f 1509/6/2 1498/6/2 1510/6/2
f 1500/6/2 1501/6/2 1511/6/2
f 1511/6/2 1501/6/2 1512/6/2
f 1502/6/2 1503/6/2 1513/6/2
f 1506/10/2 1507/10/2 1514/10/2
f 1514/10/2 1507/10/2 1515/10/2
f 1509/2/2 1510/2/2 1517/2/2
f 1508/2/2 1509/2/2 1517/2/2
f 1517/2/2 1510/2/2 1518/2/2
f 1518/2/2 1510/2/2 1519/2/2
f 1513/6/2 1503/6/2 1520/6/2
f 1520/6/2 1503/6/2 1521/6/2
f 1515/10/2 1516/10/2 1522/10/2
f 1516/2/2 1517/2/2 1523/2/2
f 1522/10/2 1516/10/2 1523/10/2
f 1517/2/2 1518/2/2 1523/2/2
f 1523/2/2 1518/2/2 1524/2/2
f 1511/10/2 1512/10/2 1525/10/2
f 1525/10/2 1512/10/2 1526/10/2
f 1520/10/2 1521/10/2 1527/10/2
f 1527/10/2 1521/10/2 1528/10/2
f 1526/10/2 1527/10/2 1529/10/2
f 1529/10/2 1527/10/2 1530/10/2
f 1533/6/2 1534/6/2 1538/6/2
f 1538/6/2 1534/6/2 1539/6/2
f 1535/6/2 1536/6/2 1541/6/2
f 1541/6/2 1536/6/2 1542/6/2
f 1542/6/2 1536/6/2 1543/6/2
f 1543/6/2 1536/6/2 1544/6/2
f 1531/6/2 1532/6/2 1545/6/2
f 1545/6/2 1532/6/2 1546/6/2
f 1546/6/2 1532/6/2 1547/6/2
f 1537/6/2 1538/6/2 1548/6/2
f 1548/6/2 1538/6/2 1549/6/2
f 1539/6/2 1540/6/2 1550/6/2
f 1550/6/2 1540/6/2 1551/6/2
f 1542/6/2 1543/6/2 1552/6/2
f 1552/6/2 1543/6/2 1553/6/2
f 1546/6/2 1547/6/2 1554/6/2
f 1547/6/2 1548/6/2 1554/6/2
f 1554/6/2 1548/6/2 1555/6/2
f 1552/10/2 1553/10/2 1556/10/2
f 1556/10/2 1553/10/2 1557/10/2
f 1558/6/2 1559/6/2 1564/6/2
f 1564/6/2 1559/6/2 1565/6/2
f 1560/6/2 1561/6/2 1566/6/2
f 1566/6/2 1561/6/2 1567/6/2
f 1562/6/2 1563/6/2 1568/6/2
f 1568/6/2 1563/6/2 1569/6/2
f 1558/6/2 1564/6/2 1570/6/2
f 1570/6/2 1564/6/2 1571/6/2
f 1567/6/2 1568/6/2 1572/6/2
f 1572/6/2 1568/6/2 1573/6/2
f 1574/6/2 1575/6/2 1576/6/2
f 1576/6/2 1575/6/2 1577/6/2
f 1580/6/3 1579/6/3 1578/6/3
f 1584/6/3 1580/6/3 1578/6/3
f 1584/6/3 1581/6/3 1580/6/3
f 1585/6/3 1581/6/3 1584/6/3
f 1587/10/3 1583/10/3 1582/10/3
f 1588/6/3 1584/6/3 1578/6/3
f 1590/10/3 1587/10/3 1586/10/3
f 1591/10/3 1583/10/3 1587/10/3
f 1591/10/3 1587/10/3 1590/10/3
f 1592/6/3 1589/6/3 1588/6/3
f 1592/6/3 1588/6/3 1578/6/3
f 1593/6/3 1589/6/3 1592/6/3
f 1595/10/3 1583/10/3 1591/10/3
f 1596/10/3 1583/10/3 1595/10/3
f 1598/6/3 1595/6/3 1594/6/3
f 1598/6/3 1596/6/3 1595/6/3
f 1599/10/3 1583/10/3 1596/10/3
f 1601/6/3 1598/6/3 1597/6/3
f 1601/6/3 1596/6/3 1598/6/3
f 1602/10/3 1600/10/3 1599/10/3
f 1602/6/3 1596/6/3 1601/6/3
f 1602/10/3 1599/10/3 1596/10/3
f 1603/6/3 1601/6/3 1597/6/3
f 1604/6/3 1601/6/3 1603/6/3
f 1605/10/3 1602/10/3 1601/10/3
f 1605/6/3 1601/6/3 1604/6/3
f 1606/10/3 1600/10/3 1602/10/3
f 1606/10/3 1602/10/3 1605/10/3
f 1607/10/3 1600/10/3 1606/10/3
f 1608/10/3 1605/10/3 1604/10/3
f 1608/10/3 1606/10/3 1605/10/3
f 1609/10/3 1606/10/3 1608/10/3
f 1613/10/3 1612/10/3 1611/10/3
f 1615/6/3 1611/6/3 1610/6/3
f 1616/6/3 1611/6/3 1615/6/3
f 1617/10/3 1614/10/3 1613/10/3
f 1617/6/3 1611/6/3 1616/6/3
f 1617/10/3 1613/10/3 1611/10/3
f 1618/10/3 1614/10/3 1617/10/3
f 1622/10/3 1616/10/3 1615/10/3
f 1623/10/3 1616/10/3 1622/10/3
f 1624/6/3 1621/6/3 1620/6/3
f 1624/6/3 1622/6/3 1621/6/3
f 1625/6/3 1622/6/3 1624/6/3
f 1626/6/3 1622/6/3 1625/6/3
f 1629/6/3 1626/6/3 1625/6/3
f 1630/10/3 1627/10/3 1626/10/3
f 1630/6/3 1626/6/3 1629/6/3
f 1631/10/3 1627/10/3 1630/10/3
f 1632/6/3 1629/6/3 1628/6/3
f 1632/6/3 1630/6/3 1629/6/3
f 1633/6/3 1630/6/3 1632/6/3
f 1634/10/3 1619/10/3 1618/10/3
f 1635/10/3 1619/10/3 1634/10/3
f 1636/6/3 1632/6/3 1628/6/3
f 1637/6/3 1632/6/3 1636/6/3
f 1642/6/3 1639/6/3 1638/6/3
f 1642/6/3 1640/6/3 1639/6/3
f 1643/6/3 1640/6/3 1642/6/3
f 1644/6/3 1640/6/3 1643/6/3
f 1645/6/3 1642/6/3 1641/6/3
f 1645/6/3 1643/6/3 1642/6/3
f 1645/10/3 1644/10/3 1643/10/3
f 1646/10/3 1644/10/3 1645/10/3
f 1647/6/3 1645/6/3 1641/6/3
f 1648/6/3 1645/6/3 1647/6/3
f 1652/6/3 1650/6/3 1649/6/3
f 1653/6/3 1650/6/3 1652/6/3
f 1653/6/3 1652/6/3 1651/6/3
f 1656/6/3 1653/6/3 1651/6/3
f 1656/6/3 1654/6/3 1653/6/3
f 1657/6/3 1654/6/3 1656/6/3
f 1658/6/3 1654/6/3 1657/6/3
f 1659/10/3 1655/10/3 1654/10/3
f 1659/6/3 1654/6/3 1658/6/3
f 1660/10/3 1655/10/3 1659/10/3
f 1661/10/3 1655/10/3 1660/10/3
f 1663/6/3 1658/6/3 1657/6/3
f 1664/6/3 1658/6/3 1663/6/3
f 1665/10/3 1662/10/3 1661/10/3
f 1666/10/3 1662/10/3 1665/10/3
f 1667/6/3 1658/6/3 1664/6/3
f 1668/6/3 1658/6/3 1667/6/3
f 1669/10/3 1668/10/3 1667/10/3
f 1670/10/3 1668/10/3 1669/10/3
f 1673/6/3 1672/6/3 1671/6/3
f 1674/6/3 1672/6/3 1673/6/3
f 1676/6/3 1672/6/3 1674/6/3
f 1677/6/3 1672/6/3 1676/6/3
f 1678/6/3 1676/6/3 1675/6/3
f 1679/6/3 1676/6/3 1678/6/3
f 1683/10/3 1681/10/3 1680/10/3
f 1684/10/3 1681/10/3 1683/10/3
f 1686/10/3 1683/10/3 1682/10/3
f 1687/10/3 1683/10/3 1686/10/3
f 1687/6/3 1686/6/3 1685/6/3
f 1688/10/3 1683/10/3 1687/10/3
f 1689/6/3 1687/6/3 1685/6/3
f 1690/6/3 1687/6/3 1689/6/3
f 1694/6/3 1692/6/3 1691/6/3
f 1695/6/3 1692/6/3 1694/6/3
f 1697/6/3 1694/6/3 1693/6/3
f 1698/6/3 1694/6/3 1697/6/3
f 1699/6/3 1696/6/3 1695/6/3
f 1700/6/3 1696/6/3 1699/6/3
f 1703/11/3 1702/11/3 1701/11/3
f 1706/10/3 1705/10/3 1704/10/3
f 1707/10/3 1705/10/3 1706/10/3
f 1708/11/3 1702/11/3 1703/11/3
f 1709/11/3 1702/11/3 1708/11/3
f 1712/6/3 1711/6/3 1710/6/3
f 1713/6/3 1711/6/3 1712/6/3
f 1717/10/3 1715/10/3 1714/10/3
f 1718/10/3 1715/10/3 1717/10/3
f 1720/10/3 1717/10/3 1716/10/3
f 1721/10/3 1717/10/3 1720/10/3
f 1722/6/3 1720/6/3 1719/6/3
f 1723/6/3 1720/6/3 1722/6/3
f 1726/10/3 1725/10/3 1724/10/3
f 1727/10/3 1725/10/3 1726/10/3
f 1728/10/3 1725/10/3 1727/10/3
f 1730/10/3 1727/10/3 1726/10/3
f 1731/11/3 1729/11/3 1728/11/3
f 1731/10/3 1727/10/3 1730/10/3
f 1731/11/3 1728/11/3 1727/11/3
f 1732/11/3 1729/11/3 1731/11/3
f 1733/11/3 1729/11/3 1732/11/3
f 1735/11/3 1732/11/3 1731/11/3
f 1736/11/3 1732/11/3 1735/11/3
f 1737/11/3 1735/11/3 1734/11/3
f 1738/11/3 1735/11/3 1737/11/3
f 1742/10/3 1740/10/3 1739/10/3
f 1743/10/3 1740/10/3 1742/10/3
f 1744/6/3 1742/6/3 1741/6/3
f 1745/6/3 1742/6/3 1744/6/3
f 1749/6/3 1747/6/3 1746/6/3
f 1750/6/3 1747/6/3 1749/6/3
f 1752/10/3 1749/10/3 1748/10/3
f 1753/10/3 1749/10/3 1752/10/3
f 1754/6/3 1751/6/3 1750/6/3
f 1755/6/3 1751/6/3 1754/6/3
f 1759/10/3 1757/10/3 1756/10/3
f 1760/10/3 1757/10/3 1759/10/3
f 1762/10/3 1759/10/3 1758/10/3
f 1763/10/3 1759/10/3 1762/10/3
f 1764/11/3 1761/11/3 1760/11/3
f 1765/11/3 1761/11/3 1764/11/3
f 1768/11/3 1766/11/3 1765/11/3
f 1769/11/3 1766/11/3 1768/11/3
f 1770/11/3 1768/11/3 1767/11/3
f 1771/11/3 1768/11/3 1770/11/3
f 1775/11/3 1773/11/3 1772/11/3
f 1776/11/3 1773/11/3 1775/11/3
f 1777/11/3 1775/11/3 1774/11/3
f 1778/11/3 1775/11/3 1777/11/3
f 1781/6/3 1780/6/3 1779/6/3
f 1782/6/3 1780/6/3 1781/6/3
f 1785/10/3 1784/10/3 1783/10/3
f 1786/10/3 1784/10/3 1785/10/3
f 1787/10/3 1785/10/3 1783/10/3
f 1788/10/3 1785/10/3 1787/10/3
f 1792/11/3 1790/11/3 1789/11/3
f 1793/11/3 1790/11/3 1792/11/3
f 1794/11/3 1792/11/3 1791/11/3
f 1795/11/3 1792/11/3 1794/11/3
f 1798/10/3 1797/10/3 1796/10/3
f 1799/10/3 1797/10/3 1798/10/3
f 1802/6/3 1801/6/3 1800/6/3
f 1803/6/3 1801/6/3 1802/6/3
f 1805/6/3 1802/6/3 1800/6/3
f 1806/6/3 1802/6/3 1805/6/3
f 1807/6/3 1804/6/3 1803/6/3
f 1808/6/3 1804/6/3 1807/6/3
f 1812/10/3 1810/10/3 1809/10/3
f 1813/11/3 1811/11/3 1810/11/3
f 1813/10/3 1810/10/3 1812/10/3
f 1814/11/3 1811/11/3 1813/11/3
f 1816/11/3 1815/11/3 1814/11/3
f 1817/11/3 1815/11/3 1816/11/3
f 1820/3/3 1819/3/3 1818/3/3
f 1821/3/3 1819/3/3 1820/3/3
f 1824/6/3 1823/6/3 1822/6/3
f 1825/6/3 1823/6/3 1824/6/3
f 1830/10/3 1827/10/3 1826/10/3
f 1831/10/3 1827/10/3 1830/10/3
f 1833/6/3 1829/6/3 1828/6/3
f 1834/10/3 1832/10/3 1831/10/3
f 1834/6/3 1829/6/3 1833/6/3
f 1834/10/3 1830/10/3 1829/10/3
f 1834/10/3 1831/10/3 1830/10/3
f 1835/10/3 1832/10/3 1834/10/3
f 1836/10/3 1832/10/3 1835/10/3
f 1838/11/3 1837/11/3 1836/11/3
f 1839/11/3 1837/11/3 1838/11/3
f 1843/10/3 1841/10/3 1840/10/3
f 1844/10/3 1841/10/3 1843/10/3
f 1846/10/3 1843/10/3 1842/10/3
f 1847/10/3 1843/10/3 1846/10/3
f 1848/10/3 1845/10/3 1844/10/3
f 1849/10/3 1845/10/3 1848/10/3
f 1851/11/3 1850/11/3 1849/11/3
f 1852/11/3 1850/11/3 1851/11/3
f 1855/3/3 1854/3/3 1853/3/3
f 1856/3/3 1854/3/3 1855/3/3
f 1860/10/3 1858/10/3 1857/10/3
f 1861/10/3 1858/10/3 1860/10/3
f 1862/10/3 1860/10/3 1859/10/3
f 1863/10/3 1860/10/3 1862/10/3
f 1867/11/3 1865/11/3 1864/11/3
f 1868/11/3 1865/11/3 1867/11/3
f 1869/11/3 1867/11/3 1866/11/3
f 1870/11/3 1867/11/3 1869/11/3
f 1871/11/3 1867/11/3 1870/11/3
f 1874/8/3 1873/8/3 1872/8/3
f 1875/8/3 1873/8/3 1874/8/3
f 1877/7/3 1876/7/3 1875/7/3
f 1878/7/3 1876/7/3 1877/7/3
f 1882/7/3 1880/7/3 1879/7/3
f 1883/7/3 1880/7/3 1882/7/3
f 1884/8/3 1882/8/3 1881/8/3
f 1885/8/3 1882/8/3 1884/8/3
f 1888/3/3 1887/3/3 1886/3/3
f 1889/3/3 1887/3/3 1888/3/3
f 1893/6/3 1891/6/3 1890/6/3
f 1894/6/3 1891/6/3 1893/6/3
f 1895/6/3 1893/6/3 1892/6/3
f 1896/6/3 1893/6/3 1895/6/3
f 1899/7/3 1898/7/3 1897/7/3
f 1900/7/3 1898/7/3 1899/7/3
f 1903/7/3 1901/7/3 1900/7/3
f 1904/7/3 1901/7/3 1903/7/3
f 1904/7/3 1903/7/3 1902/7/3
f 1905/7/3 1901/7/3 1904/7/3
f 1907/7/3 1904/7/3 1902/7/3
f 1908/7/3 1904/7/3 1907/7/3
f 1909/7/3 1907/7/3 1906/7/3
f 1910/7/3 1907/7/3 1909/7/3
f 1914/7/3 1912/7/3 1911/7/3
f 1915/7/3 1912/7/3 1914/7/3
f 1917/7/3 1914/7/3 1913/7/3
f 1918/7/3 1914/7/3 1917/7/3
f 1919/7/3 1917/7/3 1916/7/3
f 1920/7/3 1917/7/3 1919/7/3
f 1924/6/3 1922/6/3 1921/6/3
f 1925/6/3 1922/6/3 1924/6/3
f 1926/6/3 1924/6/3 1923/6/3
f 1927/6/3 1924/6/3 1926/6/3
f 1930/6/3 1929/6/3 1928/6/3
f 1931/6/3 1929/6/3 1930/6/3
f 1933/6/3 1932/6/3 1931/6/3
f 1934/6/3 1932/6/3 1933/6/3
f 1937/7/3 1936/7/3 1935/7/3
f 1938/7/3 1936/7/3 1937/7/3
f 1942/7/3 1940/7/3 1939/7/3
f 1943/7/3 1940/7/3 1942/7/3
f 1944/7/3 1942/7/3 1941/7/3
f 1945/9/3 1943/9/3 1942/9/3
f 1945/7/3 1942/7/3 1944/7/3
f 1946/9/3 1945/9/3 1944/9/3
f 1947/9/3 1943/9/3 1945/9/3
f 1947/9/3 1945/9/3 1946/9/3
f 1950/6/3 1949/6/3 1948/6/3
f 1951/6/3 1949/6/3 1950/6/3
f 1953/6/3 1952/6/3 1951/6/3
f 1954/6/3 1952/6/3 1953/6/3
f 1957/9/3 1956/9/3 1955/9/3
f 1958/9/3 1956/9/3 1957/9/3
f 1961/3/3 1960/3/3 1959/3/3
f 1962/3/3 1960/3/3 1961/3/3
f 1965/3/3 1964/3/3 1963/3/3
f 1966/3/3 1964/3/3 1965/3/3
f 1969/6/3 1968/6/3 1967/6/3
f 1970/6/3 1968/6/3 1969/6/3
f 1974/10/3 1972/10/3 1971/10/3
f 1975/6/3 1973/6/3 1972/6/3
f 1975/10/3 1972/10/3 1974/10/3
f 1976/6/3 1975/6/3 1974/6/3
f 1977/6/3 1973/6/3 1975/6/3
f 1977/6/3 1975/6/3 1976/6/3
f 1980/6/3 1979/6/3 1978/6/3
f 1981/6/3 1979/6/3 1980/6/3
f 1983/10/3 1982/10/3 1981/10/3
f 1985/10/3 1983/10/3 1981/10/3
f 1985/10/3 1984/10/3 1983/10/3
f 1986/10/3 1984/10/3 1985/10/3
f 1988/6/3 1986/6/3 1985/6/3
f 1989/10/3 1984/10/3 1986/10/3
f 1989/6/3 1986/6/3 1988/6/3
f 1990/10/3 1984/10/3 1989/10/3
f 1991/6/3 1988/6/3 1987/6/3
f 1992/6/3 1988/6/3 1991/6/3
f 1995/6/3 1994/6/3 1993/6/3
f 1996/6/3 1994/6/3 1995/6/3
f 1999/6/3 1998/6/3 1997/6/3
f 2000/6/3 1998/6/3 1999/6/3
f 2001/10/3 2000/10/3 1999/10/3
f 2002/10/3 2000/10/3 2001/10/3
f 2005/6/3 2002/6/3 2001/6/3
f 2006/6/3 2002/6/3 2005/6/3
f 2007/10/3 2004/10/3 2003/10/3
f 2008/6/3 2005/6/3 2004/6/3
f 2008/10/3 2004/10/3 2007/10/3
f 2009/6/3 2008/6/3 2007/6/3
f 2010/6/3 2005/6/3 2008/6/3
f 2010/6/3 2008/6/3 2009/6/3
f 2012/10/3 2011/10/3 2010/10/3
f 2013/10/3 2011/10/3 2012/10/3
f 2016/10/3 2015/10/3 2014/10/3
f 2017/10/3 2015/10/3 2016/10/3
f 2021/10/3 2018/10/3 2017/10/3
f 2022/10/3 2018/10/3 2021/10/3
f 2023/6/3 2020/6/3 2019/6/3
f 2024/10/3 2021/10/3 2020/10/3
f 2024/6/3 2020/6/3 2023/6/3
f 2025/10/3 2021/10/3 2024/10/3
f 2028/6/3 2027/6/3 2026/6/3
f 2029/6/3 2027/6/3 2028/6/3
f 2032/6/3 2030/6/3 2029/6/3
f 2033/6/3 2030/6/3 2032/6/3
f 2034/6/3 2032/6/3 2031/6/3
f 2035/6/3 2032/6/3 2034/6/3
f 2038/5/3 2037/5/3 2036/5/3
f 2039/5/3 2037/5/3 2038/5/3
f 2042/6/3 2041/6/3 2040/6/3
f 2043/6/3 2041/6/3 2042/6/3
f 2045/10/3 2044/10/3 2043/10/3
f 2046/10/3 2044/10/3 2045/10/3
f 2049/10/3 2048/10/3 2047/10/3
f 2050/10/3 2048/10/3 2049/10/3
f 2053/10/3 2052/10/3 2051/10/3
f 2054/10/3 2052/10/3 2053/10/3
f 2056/10/3 2055/10/3 2054/10/3
f 2057/10/3 2055/10/3 2056/10/3
f 2061/6/3 2059/6/3 2058/6/3
f 2062/6/3 2059/6/3 2061/6/3
f 2063/6/3 2059/6/3 2062/6/3
f 2064/10/3 2060/10/3 2059/10/3
f 2064/6/3 2059/6/3 2063/6/3
f 2065/10/3 2064/10/3 2063/10/3
f 2066/10/3 2060/10/3 2064/10/3
f 2066/10/3 2064/10/3 2065/10/3
f 2070/6/3 2068/6/3 2067/6/3
f 2071/6/3 2068/6/3 2070/6/3
f 2072/6/3 2070/6/3 2069/6/3
f 2073/6/3 2070/6/3 2072/6/3
f 2076/5/3 2075/5/3 2074/5/3
f 2077/5/3 2075/5/3 2076/5/3
f 2081/10/3 2079/10/3 2078/10/3
f 2082/11/3 2080/11/3 2079/11/3
f 2082/10/3 2079/10/3 2081/10/3
f 2083/11/3 2080/11/3 2082/11/3
f 2085/11/3 2084/11/3 2083/11/3
f 2086/11/3 2084/11/3 2085/11/3
f 2089/6/3 2088/6/3 2087/6/3
f 2090/6/3 2088/6/3 2089/6/3
f 2091/6/3 2088/6/3 2090/6/3
f 2094/10/3 2092/10/3 2091/10/3
f 2095/10/3 2092/10/3 2094/10/3
f 2096/10/3 2094/10/3 2093/10/3
f 2097/10/3 2094/10/3 2096/10/3
f 2100/5/3 2099/5/3 2098/5/3
f 2101/5/3 2099/5/3 2100/5/3
f 2103/7/3 2102/7/3 2101/7/3
f 2106/7/3 2103/7/3 2101/7/3
f 2106/7/3 2104/7/3 2103/7/3
f 2107/7/3 2104/7/3 2106/7/3
f 2108/7/3 2104/7/3 2107/7/3
f 2110/10/3 2106/10/3 2105/10/3
f 2110/10/3 2107/10/3 2106/10/3
f 2111/10/3 2107/10/3 2110/10/3
f 2112/5/3 2108/5/3 2107/5/3
f 2112/10/3 2107/10/3 2111/10/3
f 2113/4/3 2109/4/3 2108/4/3
f 2113/5/3 2108/5/3 2112/5/3
f 2114/4/3 2109/4/3 2113/4/3
f 2115/10/3 2113/10/3 2112/10/3
f 2116/10/3 2113/10/3 2115/10/3
f 2119/10/3 2118/10/3 2117/10/3
f 2120/10/3 2118/10/3 2119/10/3
f 2121/10/3 2119/10/3 2117/10/3
f 2122/11/3 2120/11/3 2119/11/3
f 2122/10/3 2119/10/3 2121/10/3
f 2123/11/3 2120/11/3 2122/11/3
f 2126/11/3 2125/11/3 2124/11/3
f 2127/11/3 2125/11/3 2126/11/3
f 2128/11/3 2125/11/3 2127/11/3
f 2130/11/3 2129/11/3 2128/11/3
f 2131/11/3 2129/11/3 2130/11/3
f 2134/10/3 2133/10/3 2132/10/3
f 2135/10/3 2133/10/3 2134/10/3
f 2136/10/3 2133/10/3 2135/10/3
f 2137/10/3 2133/10/3 2136/10/3
f 2141/10/3 2139/10/3 2138/10/3
f 2142/10/3 2139/10/3 2141/10/3
f 2143/10/3 2141/10/3 2140/10/3
f 2144/10/3 2141/10/3 2143/10/3
f 2146/5/3 2144/5/3 2143/5/3
f 2146/5/3 2145/5/3 2144/5/3
f 2147/5/3 2145/5/3 2146/5/3
f 2148/5/3 2145/5/3 2147/5/3
f 2150/7/3 2148/7/3 2147/7/3
f 2150/7/3 2149/7/3 2148/7/3
f 2151/7/3 2149/7/3 2150/7/3
f 2152/7/3 2149/7/3 2151/7/3
f 2154/4/3 2153/4/3 2152/4/3
f 2154/4/3 2152/4/3 2151/4/3
f 2155/4/3 2153/4/3 2154/4/3
f 2156/4/3 2153/4/3 2155/4/3
f 2159/4/3 2158/4/3 2157/4/3
f 2160/4/3 2158/4/3 2159/4/3
f 2163/10/3 2162/10/3 2161/10/3
f 2164/10/3 2162/10/3 2163/10/3
f 2166/10/3 2165/10/3 2164/10/3
f 2167/10/3 2165/10/3 2166/10/3
f 2168/11/3 2167/11/3 2166/11/3
f 2171/11/3 2167/11/3 2168/11/3
f 2172/11/3 2167/11/3 2171/11/3
f 2173/10/3 2170/10/3 2169/10/3
f 2174/11/3 2171/11/3 2170/11/3
f 2174/10/3 2170/10/3 2173/10/3
f 2175/11/3 2171/11/3 2174/11/3
f 2177/11/3 2176/11/3 2175/11/3
f 2178/11/3 2176/11/3 2177/11/3
f 2180/8/3 2179/8/3 2178/8/3
f 2181/8/3 2179/8/3 2180/8/3
f 2184/10/3 2183/10/3 2182/10/3
f 2185/10/3 2183/10/3 2184/10/3
f 2189/11/3 2187/11/3 2186/11/3
f 2190/11/3 2187/11/3 2189/11/3
f 2192/10/3 2189/10/3 2188/10/3
f 2193/10/3 2189/10/3 2192/10/3
f 2194/10/3 2192/10/3 2191/10/3
f 2195/10/3 2192/10/3 2194/10/3
f 2198/7/3 2197/7/3 2196/7/3
f 2199/7/3 2197/7/3 2198/7/3
f 2204/7/3 2200/7/3 2199/7/3
f 2205/9/3 2201/9/3 2200/9/3
f 2205/7/3 2200/7/3 2204/7/3
f 2206/9/3 2201/9/3 2205/9/3
f 2207/4/3 2203/4/3 2202/4/3
f 2207/7/3 2204/7/3 2203/7/3
f 2207/7/3 2205/7/3 2204/7/3
f 2208/7/3 2205/7/3 2207/7/3
f 2209/4/3 2207/4/3 2202/4/3
f 2210/4/3 2207/4/3 2209/4/3
f 2213/11/3 2212/11/3 2211/11/3
f 2214/11/3 2212/11/3 2213/11/3
f 2217/11/3 2215/11/3 2214/11/3
f 2218/7/3 2216/7/3 2215/7/3
f 2218/11/3 2215/11/3 2217/11/3
f 2219/8/3 2218/8/3 2217/8/3
f 2220/7/3 2216/7/3 2218/7/3
f 2220/8/3 2218/8/3 2219/8/3
f 2222/7/3 2216/7/3 2220/7/3
f 2223/7/3 2216/7/3 2222/7/3
f 2224/8/3 2222/8/3 2221/8/3
f 2225/8/3 2222/8/3 2224/8/3
f 2229/10/3 2227/10/3 2226/10/3
f 2230/10/3 2227/10/3 2229/10/3
f 2231/10/3 2229/10/3 2228/10/3
f 2232/10/3 2229/10/3 2231/10/3
f 2235/10/3 2234/10/3 2233/10/3
f 2236/10/3 2234/10/3 2235/10/3
f 2241/10/3 2238/10/3 2237/10/3
f 2242/10/3 2238/10/3 2241/10/3
f 2244/9/3 2240/9/3 2239/9/3
f 2245/9/3 2240/9/3 2244/9/3
f 2246/9/3 2244/9/3 2243/9/3
f 2247/9/3 2244/9/3 2246/9/3
f 2250/7/3 2249/7/3 2248/7/3
f 2253/7/3 2251/7/3 2250/7/3
f 2253/4/3 2252/4/3 2251/4/3
f 2254/4/3 2252/4/3 2253/4/3
f 2256/7/3 2250/7/3 2248/7/3
f 2256/7/3 2253/7/3 2250/7/3
f 2256/7/3 2254/7/3 2253/7/3
f 2257/7/3 2254/7/3 2256/7/3
f 2258/4/3 2252/4/3 2254/4/3
f 2258/7/3 2254/7/3 2257/7/3
f 2259/4/3 2252/4/3 2258/4/3
f 2261/8/3 2256/8/3 2255/8/3
f 2262/7/3 2257/7/3 2256/7/3
f 2263/7/3 2257/7/3 2262/7/3
f 2264/8/3 2261/8/3 2260/8/3
f 2265/8/3 2256/8/3 2261/8/3
f 2265/8/3 2261/8/3 2264/8/3
f 2265/7/3 2262/7/3 2256/7/3
f 2266/7/3 2262/7/3 2265/7/3
f 2270/10/3 2268/10/3 2267/10/3
f 2271/10/3 2268/10/3 2270/10/3
f 2272/10/3 2270/10/3 2269/10/3
f 2273/10/3 2270/10/3 2272/10/3
f 2277/4/3 2275/4/3 2274/4/3
f 2277/9/3 2276/9/3 2275/9/3
f 2278/9/3 2276/9/3 2277/9/3
f 2279/4/3 2277/4/3 2274/4/3
f 2279/4/3 2278/4/3 2277/4/3
f 2280/9/3 2276/9/3 2278/9/3
f 2280/4/3 2278/4/3 2279/4/3
f 2281/9/3 2276/9/3 2280/9/3
f 2284/8/3 2283/8/3 2282/8/3
f 2285/8/3 2283/8/3 2284/8/3
f 2288/6/3 2287/6/3 2286/6/3
f 2289/6/3 2287/6/3 2288/6/3
f 2292/9/3 2291/9/3 2290/9/3
f 2293/9/3 2291/9/3 2292/9/3
f 2294/11/4 2295/11/4 2297/11/4
f 2297/11/4 2295/11/4 2298/11/4
f 2296/11/4 2297/11/4 2299/11/4
f 2299/11/4 2297/11/4 2300/11/4
f 2301/10/4 2302/10/4 2303/10/4
f 2303/10/4 2302/10/4 2304/10/4
f 2305/11/4 2306/11/4 2307/11/4
f 2307/11/4 2306/11/4 2309/11/4
f 2309/11/4 2306/11/4 2310/11/4
f 2308/10/4 2309/10/4 2311/10/4
f 2311/10/4 2309/10/4 2312/10/4
f 2313/10/4 2314/10/4 2315/10/4
f 2315/10/4 2314/10/4 2316/10/4
f 2316/10/4 2314/10/4 2317/10/4
f 2318/11/4 2319/11/4 2320/11/4
f 2320/11/4 2319/11/4 2321/11/4
f 2322/10/4 2323/10/4 2325/10/4
f 2325/10/4 2323/10/4 2326/10/4
f 2324/10/4 2325/10/4 2327/10/4
f 2327/10/4 2325/10/4 2328/10/4
f 2327/2/4 2328/2/4 2329/2/4
f 2329/2/4 2328/2/4 2330/2/4
f 2331/11/4 2332/11/4 2333/11/4
f 2333/11/4 2332/11/4 2334/11/4
f 2334/11/4 2335/11/4 2336/11/4
f 2336/11/4 2335/11/4 2337/11/4
f 2337/11/4 2335/11/4 2338/11/4
f 2339/3/4 2340/3/4 2341/3/4
f 2341/3/4 2340/3/4 2342/3/4
f 2343/11/4 2344/11/4 2346/11/4
f 2346/11/4 2344/11/4 2347/11/4
f 2345/11/4 2346/11/4 2348/11/4
f 2348/11/4 2346/11/4 2349/11/4
f 2350/11/4 2351/11/4 2352/11/4
f 2352/11/4 2351/11/4 2353/11/4
f 2352/10/4 2353/10/4 2355/10/4
f 2353/11/4 2354/11/4 2356/11/4
f 2355/10/4 2353/10/4 2356/10/4
f 2356/11/4 2354/11/4 2357/11/4
f 2356/10/4 2357/10/4 2359/10/4
f 2359/10/4 2357/10/4 2360/10/4
f 2358/10/4 2359/10/4 2361/10/4
f 2361/10/4 2359/10/4 2362/10/4
f 2363/6/4 2364/6/4 2366/6/4
f 2366/6/4 2364/6/4 2367/6/4
f 2365/6/4 2366/6/4 2368/6/4
f 2368/6/4 2366/6/4 2369/6/4
f 2370/6/4 2371/6/4 2372/6/4
f 2372/6/4 2371/6/4 2373/6/4
f 2374/11/4 2375/11/4 2377/11/4
f 2376/11/4 2377/11/4 2378/11/4
f 2378/11/4 2377/11/4 2379/11/4
f 2379/11/4 2377/11/4 2380/11/4
f 2377/11/4 2375/11/4 2381/11/4
f 2380/11/4 2377/11/4 2381/11/4
f 2381/11/4 2375/11/4 2382/11/4
f 2380/11/4 2381/11/4 2386/11/4
f 2386/11/4 2381/11/4 2387/11/4
f 2383/10/4 2384/10/4 2388/10/4
f 2388/10/4 2384/10/4 2389/10/4
f 2384/11/4 2385/11/4 2390/11/4
f 2389/10/4 2384/10/4 2390/10/4
f 2385/11/4 2386/11/4 2390/11/4
f 2390/11/4 2386/11/4 2391/11/4
f 2389/10/4 2390/10/4 2392/10/4
f 2389/10/4 2392/10/4 2395/10/4
f 2392/10/4 2393/10/4 2395/10/4
f 2394/10/4 2395/10/4 2397/10/4
f 2396/10/4 2397/10/4 2398/10/4
f 2395/10/4 2393/10/4 2399/10/4
f 2398/10/4 2397/10/4 2399/10/4
f 2397/10/4 2395/10/4 2399/10/4
f 2400/2/4 2401/2/4 2404/2/4
f 2404/2/4 2401/2/4 2405/2/4
f 2402/6/4 2403/6/4 2407/6/4
f 2407/6/4 2403/6/4 2408/6/4
f 2406/6/4 2407/6/4 2409/6/4
f 2409/6/4 2407/6/4 2410/6/4
f 2411/10/4 2412/10/4 2413/10/4
f 2413/10/4 2412/10/4 2414/10/4
f 2413/11/4 2414/11/4 2416/11/4
f 2415/10/4 2416/10/4 2417/10/4
f 2416/11/4 2414/11/4 2418/11/4
f 2417/10/4 2416/10/4 2418/10/4
f 2418/11/4 2414/11/4 2419/11/4
f 2420/10/4 2421/10/4 2423/10/4
f 2423/10/4 2421/10/4 2424/10/4
f 2422/2/4 2423/2/4 2425/2/4
f 2425/2/4 2423/2/4 2426/2/4
f 2426/3/4 2427/3/4 2428/3/4
f 2428/3/4 2427/3/4 2429/3/4
f 2429/3/4 2430/3/4 2431/3/4
f 2431/3/4 2430/3/4 2432/3/4
f 2433/3/4 2434/3/4 2436/3/4
f 2436/3/4 2434/3/4 2437/3/4
f 2435/2/4 2436/2/4 2438/2/4
f 2438/2/4 2436/2/4 2439/2/4
f 2440/10/4 2441/10/4 2442/10/4
f 2442/10/4 2441/10/4 2443/10/4
f 2443/11/4 2444/11/4 2445/11/4
f 2445/11/4 2444/11/4 2446/11/4
f 2446/11/4 2447/11/4 2448/11/4
f 2448/11/4 2447/11/4 2449/11/4
f 2450/10/4 2451/10/4 2453/10/4
f 2453/10/4 2451/10/4 2454/10/4
f 2452/10/4 2453/10/4 2456/10/4
f 2453/10/4 2454/10/4 2456/10/4
f 2456/10/4 2454/10/4 2457/10/4
f 2454/8/4 2455/8/4 2458/8/4
f 2457/10/4 2454/10/4 2458/10/4
f 2458/8/4 2455/8/4 2459/8/4
f 2456/6/4 2457/6/4 2460/6/4
f 2457/10/4 2458/10/4 2461/10/4
f 2460/6/4 2457/6/4 2461/6/4
f 2461/10/4 2458/10/4 2462/10/4
f 2460/2/4 2461/2/4 2463/2/4
f 2463/2/4 2461/2/4 2464/2/4
f 2463/2/4 2464/2/4 2466/2/4
f 2464/2/4 2465/2/4 2466/2/4
f 2466/2/4 2465/2/4 2467/2/4
f 2467/3/4 2468/3/4 2469/3/4
f 2469/3/4 2468/3/4 2470/3/4
f 2470/3/4 2471/3/4 2473/3/4
f 2472/3/4 2473/3/4 2475/3/4
f 2473/3/4 2471/3/4 2476/3/4
f 2475/3/4 2473/3/4 2476/3/4
f 2474/2/4 2475/2/4 2477/2/4
f 2477/2/4 2475/2/4 2478/2/4
f 2479/6/4 2480/6/4 2481/6/4
f 2481/6/4 2480/6/4 2482/6/4
f 2482/6/4 2483/6/4 2486/6/4
f 2486/6/4 2483/6/4 2487/6/4
f 2484/10/4 2485/10/4 2489/10/4
f 2489/10/4 2485/10/4 2490/10/4
f 2488/10/4 2489/10/4 2492/10/4
f 2492/10/4 2489/10/4 2493/10/4
f 2490/11/4 2491/11/4 2494/11/4
f 2494/11/4 2491/11/4 2495/11/4
f 2495/11/4 2496/11/4 2497/11/4
f 2497/11/4 2496/11/4 2498/11/4
f 2499/7/4 2500/7/4 2501/7/4
f 2501/7/4 2500/7/4 2502/7/4
f 2503/8/4 2504/8/4 2505/8/4
f 2503/8/4 2505/8/4 2507/8/4
f 2505/8/4 2506/8/4 2507/8/4
f 2507/8/4 2506/8/4 2508/8/4
f 2508/8/4 2506/8/4 2509/8/4
f 2508/8/4 2509/8/4 2510/8/4
f 2510/8/4 2509/8/4 2511/8/4
f 2511/8/4 2512/8/4 2515/8/4
f 2515/8/4 2512/8/4 2516/8/4
f 2513/6/4 2514/6/4 2517/6/4
f 2517/6/4 2514/6/4 2518/6/4
f 2517/2/4 2518/2/4 2519/2/4
f 2513/6/4 2517/6/4 2521/6/4
f 2519/2/4 2520/2/4 2522/2/4
f 2521/6/4 2517/6/4 2522/6/4
f 2517/2/4 2519/2/4 2522/2/4
f 2522/2/4 2520/2/4 2523/2/4
f 2523/2/4 2520/2/4 2524/2/4
f 2524/2/4 2520/2/4 2525/2/4
f 2524/2/4 2525/2/4 2528/2/4
f 2525/3/4 2526/3/4 2529/3/4
f 2528/2/4 2525/2/4 2529/2/4
f 2529/3/4 2526/3/4 2530/3/4
f 2527/10/4 2528/10/4 2531/10/4
f 2528/2/4 2529/2/4 2532/2/4
f 2531/10/4 2528/10/4 2532/10/4
f 2532/2/4 2529/2/4 2533/2/4
f 2534/10/4 2535/10/4 2537/10/4
f 2537/10/4 2535/10/4 2538/10/4
f 2536/10/4 2537/10/4 2540/10/4
f 2537/10/4 2538/10/4 2540/10/4
f 2538/11/4 2539/11/4 2541/11/4
f 2540/10/4 2538/10/4 2541/10/4
f 2536/10/4 2540/10/4 2542/10/4
f 2542/10/4 2540/10/4 2543/10/4
f 2541/11/4 2539/11/4 2544/11/4
f 2544/11/4 2539/11/4 2545/11/4
f 2544/10/4 2545/10/4 2547/10/4
f 2545/11/4 2546/11/4 2548/11/4
f 2547/10/4 2545/10/4 2548/10/4
f 2548/11/4 2546/11/4 2549/11/4
f 2551/10/4 2552/10/4 2553/10/4
f 2553/10/4 2552/10/4 2554/10/4
f 2549/11/4 2550/11/4 2556/11/4
f 2556/11/4 2550/11/4 2557/11/4
f 2555/10/4 2556/10/4 2558/10/4
f 2558/10/4 2556/10/4 2559/10/4
f 2560/8/4 2561/8/4 2563/8/4
f 2563/8/4 2561/8/4 2564/8/4
f 2562/8/4 2563/8/4 2565/8/4
f 2565/8/4 2563/8/4 2566/8/4
f 2567/7/4 2568/7/4 2569/7/4
f 2569/7/4 2568/7/4 2570/7/4
f 2570/7/4 2571/7/4 2572/7/4
f 2572/7/4 2571/7/4 2573/7/4
f 2574/6/4 2575/6/4 2577/6/4
f 2575/2/4 2576/2/4 2578/2/4
f 2577/6/4 2575/6/4 2578/6/4
f 2578/2/4 2576/2/4 2579/2/4
f 2580/10/4 2581/10/4 2583/10/4
f 2583/10/4 2581/10/4 2584/10/4
f 2582/10/4 2583/10/4 2584/10/4
f 2582/10/4 2584/10/4 2586/10/4
f 2584/10/4 2585/10/4 2586/10/4
f 2586/10/4 2585/10/4 2587/10/4
f 2587/10/4 2585/10/4 2588/10/4
f 2588/10/4 2585/10/4 2590/10/4
f 2589/10/4 2590/10/4 2591/10/4
f 2590/10/4 2585/10/4 2592/10/4
f 2591/10/4 2590/10/4 2592/10/4
f 2592/10/4 2585/10/4 2593/10/4
f 2593/10/4 2585/10/4 2594/10/4
f 2592/10/4 2593/10/4 2596/10/4
f 2596/10/4 2593/10/4 2597/10/4
f 2595/10/4 2596/10/4 2598/10/4
f 2598/10/4 2596/10/4 2599/10/4
f 2599/10/4 2596/10/4 2600/10/4
f 2598/8/4 2599/8/4 2601/8/4
f 2601/8/4 2599/8/4 2602/8/4
f 2602/8/4 2599/8/4 2603/8/4
f 2601/8/4 2602/8/4 2605/8/4
f 2605/8/4 2602/8/4 2606/8/4
f 2603/7/4 2604/7/4 2607/7/4
f 2607/7/4 2604/7/4 2608/7/4
f 2608/7/4 2604/7/4 2609/7/4
f 2606/7/4 2607/7/4 2610/7/4
f 2607/7/4 2608/7/4 2610/7/4
f 2610/7/4 2608/7/4 2611/7/4
f 2611/7/4 2608/7/4 2612/7/4
f 2612/7/4 2608/7/4 2613/7/4
f 2611/7/4 2612/7/4 2614/7/4
f 2614/7/4 2612/7/4 2615/7/4
f 2615/7/4 2616/7/4 2617/7/4
f 2617/7/4 2616/7/4 2618/7/4
f 2618/7/4 2616/7/4 2619/7/4
f 2618/7/4 2619/7/4 2620/7/4
f 2620/7/4 2619/7/4 2621/7/4
f 2622/3/4 2623/3/4 2624/3/4
f 2622/3/4 2624/3/4 2626/3/4
f 2624/3/4 2625/3/4 2626/3/4
f 2626/3/4 2625/3/4 2627/3/4
f 2627/10/4 2628/10/4 2629/10/4
f 2629/10/4 2628/10/4 2631/10/4
f 2630/10/4 2631/10/4 2632/10/4
f 2631/10/4 2628/10/4 2633/10/4
f 2632/10/4 2631/10/4 2633/10/4
f 2634/7/4 2635/7/4 2639/7/4
f 2636/7/4 2637/7/4 2640/7/4
f 2640/7/4 2637/7/4 2641/7/4
f 2638/7/4 2639/7/4 2643/7/4
f 2639/7/4 2635/7/4 2644/7/4
f 2643/7/4 2639/7/4 2644/7/4
f 2641/7/4 2642/7/4 2645/7/4
f 2645/7/4 2642/7/4 2646/7/4
f 2647/7/4 2648/7/4 2649/7/4
f 2649/7/4 2648/7/4 2650/7/4
f 2650/9/4 2651/9/4 2652/9/4
f 2652/9/4 2651/9/4 2653/9/4
f 2654/6/4 2655/6/4 2656/6/4
f 2656/6/4 2655/6/4 2657/6/4
f 2657/6/4 2658/6/4 2659/6/4
f 2659/6/4 2658/6/4 2660/6/4
f 2661/6/4 2662/6/4 2663/6/4
f 2663/6/4 2662/6/4 2664/6/4
f 2664/2/4 2665/2/4 2666/2/4
f 2666/2/4 2665/2/4 2667/2/4
f 2666/3/4 2667/3/4 2668/3/4
f 2668/3/4 2667/3/4 2669/3/4
f 2670/2/4 2671/2/4 2673/2/4
f 2673/2/4 2671/2/4 2674/2/4
f 2672/2/4 2673/2/4 2675/2/4
f 2675/2/4 2673/2/4 2676/2/4
f 2679/7/4 2680/7/4 2681/7/4
f 2681/7/4 2682/7/4 2683/7/4
f 2677/6/4 2678/6/4 2686/6/4
f 2686/6/4 2678/6/4 2687/6/4
f 2679/7/4 2681/7/4 2688/7/4
f 2681/7/4 2683/7/4 2688/7/4
f 2688/7/4 2683/7/4 2689/7/4
f 2683/9/4 2684/9/4 2690/9/4
f 2689/7/4 2683/7/4 2690/7/4
f 2690/9/4 2684/9/4 2691/9/4
f 2685/6/4 2686/6/4 2693/6/4
f 2693/6/4 2686/6/4 2694/6/4
f 2689/9/4 2690/9/4 2695/9/4
f 2695/9/4 2690/9/4 2696/9/4
f 2691/9/4 2692/9/4 2697/9/4
f 2697/9/4 2692/9/4 2698/9/4
f 2696/9/4 2697/9/4 2699/9/4
f 2699/9/4 2697/9/4 2700/9/4
f 2701/2/4 2702/2/4 2703/2/4
f 2703/2/4 2702/2/4 2704/2/4
f 2704/2/4 2702/2/4 2705/2/4
f 2706/3/4 2707/3/4 2709/3/4
f 2709/3/4 2707/3/4 2710/3/4
f 2708/2/4 2709/2/4 2711/2/4
f 2711/2/4 2709/2/4 2712/2/4
f 2713/6/4 2714/6/4 2716/6/4
f 2716/6/4 2714/6/4 2717/6/4
f 2715/6/4 2716/6/4 2718/6/4
f 2718/6/4 2716/6/4 2719/6/4
f 2720/9/4 2721/9/4 2722/9/4
f 2722/9/4 2721/9/4 2723/9/4
f 2724/10/4 2725/10/4 2726/10/4
f 2726/10/4 2725/10/4 2727/10/4
f 2728/3/4 2729/3/4 2730/3/4
f 2730/3/4 2729/3/4 2731/3/4
f 2732/3/4 2733/3/4 2735/3/4
f 2735/3/4 2733/3/4 2736/3/4
f 2734/2/4 2735/2/4 2737/2/4
f 2737/2/4 2735/2/4 2738/2/4
f 2739/6/4 2740/6/4 2742/6/4
f 2742/6/4 2740/6/4 2743/6/4
f 2741/6/4 2742/6/4 2744/6/4
f 2744/6/4 2742/6/4 2745/6/4
f 2746/6/4 2747/6/4 2748/6/4
f 2748/6/4 2747/6/4 2749/6/4
f 2749/6/4 2750/6/4 2752/6/4
f 2752/6/4 2750/6/4 2753/6/4
f 2751/6/4 2752/6/4 2754/6/4
f 2754/6/4 2752/6/4 2755/6/4
f 2756/6/4 2757/6/4 2758/6/4
f 2758/6/4 2757/6/4 2759/6/4
f 2759/6/4 2760/6/4 2763/6/4
f 2763/6/4 2760/6/4 2764/6/4
f 2761/6/4 2762/6/4 2765/6/4
f 2762/10/4 2763/10/4 2766/10/4
f 2765/6/4 2762/6/4 2766/6/4
f 2766/10/4 2763/10/4 2767/10/4
f 2767/2/4 2768/2/4 2769/2/4
f 2769/2/4 2768/2/4 2770/2/4
f 2771/3/4 2772/3/4 2774/3/4
f 2774/3/4 2772/3/4 2775/3/4
f 2773/2/4 2774/2/4 2776/2/4
f 2776/2/4 2774/2/4 2777/2/4
f 2778/6/4 2779/6/4 2780/6/4
f 2780/6/4 2779/6/4 2781/6/4
f 2782/6/4 2783/6/4 2784/6/4
f 2784/6/4 2783/6/4 2785/6/4
f 2786/6/4 2787/6/4 2788/6/4
f 2788/6/4 2787/6/4 2789/6/4
f 2789/6/4 2790/6/4 2792/6/4
f 2790/2/4 2791/2/4 2793/2/4
f 2792/6/4 2790/6/4 2793/6/4
f 2793/2/4 2791/2/4 2794/2/4
f 2794/2/4 2791/2/4 2795/2/4
f 2795/2/4 2791/2/4 2796/2/4
f 2796/2/4 2791/2/4 2797/2/4
f 2798/6/4 2799/6/4 2801/6/4
f 2801/6/4 2799/6/4 2802/6/4
f 2800/6/4 2801/6/4 2803/6/4
f 2803/6/4 2801/6/4 2804/6/4
f 2805/6/4 2806/6/4 2807/6/4
f 2807/6/4 2806/6/4 2808/6/4
f 2808/6/4 2809/6/4 2810/6/4
f 2810/6/4 2809/6/4 2811/6/4
f 2812/6/4 2813/6/4 2815/6/4
f 2815/6/4 2813/6/4 2816/6/4
f 2814/6/4 2815/6/4 2817/6/4
f 2817/6/4 2815/6/4 2818/6/4
f 2819/6/4 2820/6/4 2821/6/4
f 2821/6/4 2820/6/4 2822/6/4
f 2822/6/4 2820/6/4 2823/6/4
f 2823/6/4 2824/6/4 2825/6/4
f 2825/6/4 2824/6/4 2826/6/4
f 2827/10/4 2828/10/4 2830/10/4
f 2828/6/4 2829/6/4 2831/6/4
f 2830/10/4 2828/10/4 2831/10/4
f 2831/6/4 2829/6/4 2832/6/4
f 2833/10/4 2834/10/4 2838/10/4
f 2838/10/4 2834/10/4 2839/10/4
f 2835/6/4 2836/6/4 2840/6/4
f 2836/10/4 2837/10/4 2841/10/4
f 2840/6/4 2836/6/4 2841/6/4
f 2837/10/4 2838/10/4 2841/10/4
f 2841/10/4 2838/10/4 2842/10/4
f 2843/7/4 2844/7/4 2845/7/4
f 2845/7/4 2844/7/4 2846/7/4
f 2845/5/4 2846/5/4 2847/5/4
f 2847/5/4 2846/5/4 2848/5/4
f 2849/10/4 2850/10/4 2851/10/4
f 2851/10/4 2850/10/4 2852/10/4
f 2852/10/4 2853/10/4 2854/10/4
f 2854/10/4 2853/10/4 2855/10/4
f 2856/7/4 2857/7/4 2858/7/4
f 2858/7/4 2857/7/4 2859/7/4
f 2860/10/4 2861/10/4 2865/10/4
f 2865/10/4 2861/10/4 2866/10/4
f 2863/6/4 2864/6/4 2868/6/4
f 2862/6/4 2863/6/4 2868/6/4
f 2864/10/4 2865/10/4 2869/10/4
f 2868/6/4 2864/6/4 2869/6/4
f 2869/10/4 2865/10/4 2870/10/4
f 2867/6/4 2868/6/4 2871/6/4
f 2871/6/4 2868/6/4 2872/6/4
f 2873/6/4 2874/6/4 2875/6/4
f 2875/6/4 2874/6/4 2876/6/4
f 2877/11/4 2878/11/4 2879/11/4
f 2879/11/4 2878/11/4 2880/11/4
f 2881/5/4 2882/5/4 2884/5/4
f 2882/7/4 2883/7/4 2885/7/4
f 2884/5/4 2882/5/4 2885/5/4
f 2885/7/4 2883/7/4 2886/7/4
f 2887/9/4 2888/9/4 2889/9/4
f 2889/9/4 2888/9/4 2890/9/4
f 2886/7/4 2887/7/4 2893/7/4
f 2887/9/4 2889/9/4 2894/9/4
f 2893/7/4 2887/7/4 2894/7/4
f 2894/9/4 2889/9/4 2895/9/4
f 2891/5/4 2892/5/4 2897/5/4
f 2892/7/4 2893/7/4 2898/7/4
f 2897/5/4 2892/5/4 2898/5/4
f 2898/7/4 2893/7/4 2899/7/4
f 2896/10/4 2897/10/4 2900/10/4
f 2900/10/4 2897/10/4 2901/10/4
f 2902/11/4 2903/11/4 2904/11/4
f 2904/11/4 2903/11/4 2905/11/4
f 2904/10/4 2905/10/4 2908/10/4
f 2908/10/4 2905/10/4 2909/10/4
f 2906/6/4 2907/6/4 2911/6/4
f 2907/10/4 2908/10/4 2912/10/4
f 2911/6/4 2907/6/4 2912/6/4
f 2912/10/4 2908/10/4 2913/10/4
f 2910/6/4 2911/6/4 2914/6/4
f 2914/6/4 2911/6/4 2915/6/4
f 2916/6/4 2917/6/4 2919/6/4
f 2917/10/4 2918/10/4 2920/10/4
f 2919/6/4 2917/6/4 2920/6/4
f 2920/10/4 2918/10/4 2921/10/4
f 2921/10/4 2922/10/4 2923/10/4
f 2920/10/4 2921/10/4 2923/10/4
f 2923/10/4 2922/10/4 2924/10/4
f 2924/10/4 2922/10/4 2925/10/4
f 2925/11/4 2926/11/4 2927/11/4
f 2924/11/4 2925/11/4 2927/11/4
f 2927/11/4 2926/11/4 2928/11/4
f 2928/11/4 2926/11/4 2930/11/4
f 2930/11/4 2926/11/4 2931/11/4
f 2929/10/4 2930/10/4 2932/10/4
f 2932/10/4 2930/10/4 2933/10/4
f 2934/5/4 2935/5/4 2937/5/4
f 2935/7/4 2936/7/4 2938/7/4
f 2937/5/4 2935/5/4 2938/5/4
f 2938/7/4 2936/7/4 2939/7/4
f 2940/6/4 2941/6/4 2944/6/4
f 2941/6/4 2942/6/4 2944/6/4
f 2942/10/4 2943/10/4 2945/10/4
f 2944/6/4 2942/6/4 2945/6/4
f 2945/10/4 2943/10/4 2946/10/4
f 2940/6/4 2944/6/4 2948/6/4
f 2948/6/4 2944/6/4 2949/6/4
f 2946/10/4 2947/10/4 2950/10/4
f 2950/10/4 2947/10/4 2951/10/4
f 2940/6/4 2948/6/4 2952/6/4
f 2952/6/4 2948/6/4 2953/6/4
f 2950/11/4 2951/11/4 2954/11/4
f 2952/10/4 2953/10/4 2955/10/4
f 2955/10/4 2953/10/4 2956/10/4
f 2954/11/4 2951/11/4 2957/11/4
f 2957/11/4 2951/11/4 2958/11/4
f 2959/8/4 2960/8/4 2962/8/4
f 2960/7/4 2961/7/4 2963/7/4
f 2962/8/4 2960/8/4 2963/8/4
f 2963/7/4 2961/7/4 2964/7/4
f 2965/9/4 2966/9/4 2969/9/4
f 2969/9/4 2966/9/4 2970/9/4
f 2967/7/4 2968/7/4 2972/7/4
f 2972/7/4 2968/7/4 2973/7/4
f 2971/7/4 2972/7/4 2975/7/4
f 2975/7/4 2972/7/4 2976/7/4
f 2976/7/4 2972/7/4 2977/7/4
f 2974/7/4 2975/7/4 2979/7/4
f 2975/7/4 2976/7/4 2979/7/4
f 2979/7/4 2976/7/4 2980/7/4
f 2978/8/4 2979/8/4 2981/8/4
f 2981/8/4 2979/8/4 2982/8/4
f 2983/10/4 2984/10/4 2985/10/4
f 2985/10/4 2984/10/4 2986/10/4
f 2987/6/4 2988/6/4 2990/6/4
f 2988/10/4 2989/10/4 2991/10/4
f 2990/6/4 2988/6/4 2991/6/4
f 2991/10/4 2989/10/4 2992/10/4
f 2992/10/4 2993/10/4 2994/10/4
f 2994/10/4 2993/10/4 2995/10/4
f 2995/10/4 2993/10/4 2996/10/4
f 2996/10/4 2997/10/4 2998/10/4
f 2995/10/4 2996/10/4 2998/10/4
f 2998/10/4 2997/10/4 2999/10/4
f 3000/6/4 3001/6/4 3002/6/4
f 3002/6/4 3001/6/4 3003/6/4
f 3004/6/4 3005/6/4 3007/6/4
f 3007/6/4 3005/6/4 3008/6/4
f 3006/6/4 3007/6/4 3008/6/4
f 3008/6/4 3005/6/4 3009/6/4
f 3009/6/4 3005/6/4 3010/6/4
f 3006/6/4 3008/6/4 3011/6/4
f 3011/6/4 3008/6/4 3012/6/4
f 3013/8/4 3014/8/4 3015/8/4
f 3015/8/4 3014/8/4 3016/8/4
f 3017/7/4 3018/7/4 3020/7/4
f 3020/7/4 3018/7/4 3021/7/4
f 3021/7/4 3018/7/4 3022/7/4
f 3018/4/4 3019/4/4 3023/4/4
f 3022/7/4 3018/7/4 3023/7/4
f 3023/4/4 3019/4/4 3024/4/4
f 3024/4/4 3019/4/4 3025/4/4
f 3021/7/4 3022/7/4 3029/7/4
f 3029/7/4 3022/7/4 3030/7/4
f 3023/7/4 3024/7/4 3031/7/4
f 3024/4/4 3025/4/4 3032/4/4
f 3031/7/4 3024/7/4 3032/7/4
f 3025/9/4 3026/9/4 3033/9/4
f 3032/4/4 3025/4/4 3033/4/4
f 3033/9/4 3026/9/4 3034/9/4
f 3027/7/4 3028/7/4 3036/7/4
f 3036/7/4 3028/7/4 3037/7/4
f 3035/8/4 3036/8/4 3038/8/4
f 3038/8/4 3036/8/4 3039/8/4
f 3040/11/4 3041/11/4 3043/11/4
f 3043/11/4 3041/11/4 3044/11/4
f 3042/10/4 3043/10/4 3046/10/4
f 3046/10/4 3043/10/4 3047/10/4
f 3045/6/4 3046/6/4 3049/6/4
f 3049/6/4 3046/6/4 3050/6/4
f 3048/6/4 3049/6/4 3051/6/4
f 3051/6/4 3049/6/4 3052/6/4
f 3053/6/4 3054/6/4 3055/6/4
f 3055/6/4 3054/6/4 3056/6/4
f 3056/6/4 3057/6/4 3059/6/4
f 3057/10/4 3058/10/4 3060/10/4
f 3059/6/4 3057/6/4 3060/6/4
f 3060/10/4 3058/10/4 3061/10/4
f 3061/10/4 3062/10/4 3063/10/4
f 3063/10/4 3062/10/4 3064/10/4
f 3065/8/4 3066/8/4 3067/8/4
f 3065/8/4 3067/8/4 3069/8/4
f 3067/7/4 3068/7/4 3070/7/4
f 3069/8/4 3067/8/4 3070/8/4
f 3070/7/4 3068/7/4 3071/7/4
f 3065/8/4 3069/8/4 3072/8/4
f 3072/8/4 3069/8/4 3073/8/4
f 3074/6/4 3075/6/4 3077/6/4
f 3077/6/4 3075/6/4 3078/6/4
f 3076/6/4 3077/6/4 3079/6/4
f 3079/6/4 3077/6/4 3080/6/4
f 3081/6/4 3082/6/4 3083/6/4
f 3081/6/4 3083/6/4 3086/6/4
f 3083/6/4 3084/6/4 3086/6/4
f 3084/10/4 3085/10/4 3087/10/4
f 3086/6/4 3084/6/4 3087/6/4
f 3087/10/4 3085/10/4 3088/10/4
f 3088/10/4 3089/10/4 3090/10/4
f 3090/10/4 3089/10/4 3094/10/4
f 3094/10/4 3089/10/4 3095/10/4
f 3092/10/4 3093/10/4 3096/10/4
f 3091/6/4 3092/6/4 3096/6/4
f 3093/10/4 3094/10/4 3096/10/4
f 3096/10/4 3094/10/4 3097/10/4
f 3091/6/4 3096/6/4 3098/6/4
f 3098/6/4 3096/6/4 3099/6/4
f 3100/6/4 3101/6/4 3104/6/4
f 3101/10/4 3102/10/4 3105/10/4
f 3104/6/4 3101/6/4 3105/6/4
f 3105/10/4 3102/10/4 3106/10/4
f 3103/6/4 3104/6/4 3108/6/4
f 3108/6/4 3104/6/4 3109/6/4
f 3106/10/4 3107/10/4 3110/10/4
f 3110/10/4 3107/10/4 3111/10/4
f 3110/11/4 3111/11/4 3112/11/4
f 3112/11/4 3111/11/4 3113/11/4
f 3113/11/4 3111/11/4 3114/11/4
f 3115/10/4 3116/10/4 3117/10/4
f 3117/10/4 3116/10/4 3118/10/4
f 3117/6/4 3118/6/4 3120/6/4
f 3118/6/4 3119/6/4 3120/6/4
f 3117/6/4 3120/6/4 3121/6/4
f 3121/6/4 3120/6/4 3122/6/4
f 3123/6/4 3124/6/4 3125/6/4
f 3125/6/4 3124/6/4 3126/6/4
f 3123/6/4 3125/6/4 3127/6/4
f 3125/10/4 3126/10/4 3128/10/4
f 3127/6/4 3125/6/4 3128/6/4
f 3128/10/4 3126/10/4 3129/10/4
f 3123/6/4 3127/6/4 3130/6/4
f 3130/6/4 3127/6/4 3131/6/4
f 3131/6/4 3132/6/4 3134/6/4
f 3134/6/4 3132/6/4 3135/6/4
f 3133/6/4 3134/6/4 3136/6/4
f 3136/6/4 3134/6/4 3137/6/4
f 3138/6/4 3139/6/4 3142/6/4
f 3139/10/4 3140/10/4 3143/10/4
f 3141/6/4 3142/6/4 3143/6/4
f 3142/6/4 3139/6/4 3143/6/4
f 3143/10/4 3140/10/4 3144/10/4
f 3141/6/4 3143/6/4 3145/6/4
f 3143/6/4 3144/6/4 3145/6/4
f 3145/6/4 3144/6/4 3146/6/4
f 3141/6/4 3145/6/4 3148/6/4
f 3148/6/4 3145/6/4 3149/6/4
f 3149/6/4 3145/6/4 3150/6/4
f 3150/6/4 3145/6/4 3151/6/4
f 3146/6/4 3147/6/4 3152/6/4
f 3152/6/4 3147/6/4 3153/6/4
f 3151/6/4 3152/6/4 3154/6/4
f 3154/6/4 3152/6/4 3155/6/4
f 3156/6/4 3157/6/4 3158/6/4
f 3158/6/4 3157/6/4 3159/6/4
f 3160/6/4 3161/6/4 3162/6/4
f 3162/6/4 3161/6/4 3163/6/4
f 3166/6/5 3165/6/5 3164/6/5
f 3171/6/5 3166/6/5 3164/6/5
f 3171/6/5 3167/6/5 3166/6/5
f 3172/6/5 3167/6/5 3171/6/5
f 3173/6/5 3167/6/5 3172/6/5
f 3174/6/5 3167/6/5 3173/6/5
f 3177/6/5 3169/6/5 3168/6/5
f 3178/6/5 3169/6/5 3177/6/5
f 3181/6/5 3171/6/5 3170/6/5
f 3181/6/5 3172/6/5 3171/6/5
f 3182/6/5 3172/6/5 3181/6/5
f 3183/10/5 3173/10/5 3172/10/5
f 3183/6/5 3172/6/5 3182/6/5
f 3184/6/5 3175/6/5 3174/6/5
f 3184/10/5 3173/10/5 3183/10/5
f 3184/6/5 3174/6/5 3173/6/5
f 3185/6/5 3175/6/5 3184/6/5
f 3186/6/5 3179/6/5 3178/6/5
f 3186/6/5 3178/6/5 3177/6/5
f 3186/6/5 3177/6/5 3176/6/5
f 3187/6/5 3179/6/5 3186/6/5
f 3188/6/5 3179/6/5 3187/6/5
f 3190/6/5 3182/6/5 3181/6/5
f 3190/6/5 3181/6/5 3180/6/5
f 3191/10/5 3183/10/5 3182/10/5
f 3191/6/5 3182/6/5 3190/6/5
f 3191/10/5 3185/10/5 3184/10/5
f 3191/10/5 3184/10/5 3183/10/5
f 3192/6/5 3186/6/5 3185/6/5
f 3192/10/5 3185/10/5 3191/10/5
f 3193/10/5 3187/10/5 3186/10/5
f 3193/6/5 3186/6/5 3192/6/5
f 3195/10/5 3192/10/5 3191/10/5
f 3195/10/5 3191/10/5 3190/10/5
f 3195/10/5 3193/10/5 3192/10/5
f 3196/6/5 3189/6/5 3188/6/5
f 3196/6/5 3188/6/5 3187/6/5
f 3198/10/5 3195/10/5 3194/10/5
f 3199/10/5 3193/10/5 3195/10/5
f 3199/10/5 3195/10/5 3198/10/5
f 3200/10/5 3187/10/5 3193/10/5
f 3200/10/5 3193/10/5 3199/10/5
f 3200/6/5 3197/6/5 3196/6/5
f 3200/6/5 3196/6/5 3187/6/5
f 3201/6/5 3197/6/5 3200/6/5
f 3203/6/5 3199/6/5 3198/6/5
f 3204/10/5 3200/10/5 3199/10/5
f 3204/10/5 3201/10/5 3200/10/5
f 3204/6/5 3199/6/5 3203/6/5
f 3206/6/5 3203/6/5 3202/6/5
f 3207/6/5 3197/6/5 3201/6/5
f 3207/10/5 3201/10/5 3204/10/5
f 3207/10/5 3204/10/5 3203/10/5
f 3208/6/5 3197/6/5 3207/6/5
f 3209/6/5 3206/6/5 3205/6/5
f 3209/6/5 3203/6/5 3206/6/5
f 3210/10/5 3208/10/5 3207/10/5
f 3210/6/5 3203/6/5 3209/6/5
f 3210/10/5 3207/10/5 3203/10/5
f 3211/10/5 3208/10/5 3210/10/5
f 3212/6/5 3197/6/5 3208/6/5
f 3212/10/5 3208/10/5 3211/10/5
f 3213/10/5 3211/10/5 3210/10/5
f 3213/10/5 3210/10/5 3209/10/5
f 3214/6/5 3212/6/5 3211/6/5
f 3214/10/5 3211/10/5 3213/10/5
f 3215/6/5 3197/6/5 3212/6/5
f 3215/6/5 3212/6/5 3214/6/5
f 3216/6/5 3197/6/5 3215/6/5
f 3217/10/5 3213/10/5 3209/10/5
f 3218/10/5 3213/10/5 3217/10/5
f 3219/6/5 3214/6/5 3213/6/5
f 3219/10/5 3213/10/5 3218/10/5
f 3219/6/5 3215/6/5 3214/6/5
f 3220/6/5 3215/6/5 3219/6/5
f 3221/6/5 3215/6/5 3220/6/5
f 3223/10/5 3217/10/5 3209/10/5
f 3224/6/5 3218/6/5 3217/6/5
f 3224/10/5 3217/10/5 3223/10/5
f 3225/10/5 3219/10/5 3218/10/5
f 3225/6/5 3218/6/5 3224/6/5
f 3225/10/5 3220/10/5 3219/10/5
f 3226/10/5 3220/10/5 3225/10/5
f 3227/6/5 3209/6/5 3205/6/5
f 3228/6/5 3209/6/5 3227/6/5
f 3229/10/5 3223/10/5 3209/10/5
f 3229/6/5 3209/6/5 3228/6/5
f 3230/10/5 3223/10/5 3229/10/5
f 3231/10/5 3223/10/5 3230/10/5
f 3232/6/5 3224/6/5 3223/6/5
f 3232/10/5 3223/10/5 3231/10/5
f 3232/6/5 3225/6/5 3224/6/5
f 3232/6/5 3226/6/5 3225/6/5
f 3233/6/5 3226/6/5 3232/6/5
f 3234/6/5 3226/6/5 3233/6/5
f 3235/10/5 3220/10/5 3226/10/5
f 3235/6/5 3226/6/5 3234/6/5
f 3236/10/5 3220/10/5 3235/10/5
f 3237/6/5 3222/6/5 3221/6/5
f 3237/10/5 3220/10/5 3236/10/5
f 3237/6/5 3221/6/5 3220/6/5
f 3238/6/5 3222/6/5 3237/6/5
f 3239/6/5 3222/6/5 3238/6/5
f 3242/6/5 3230/6/5 3229/6/5
f 3242/6/5 3229/6/5 3228/6/5
f 3243/6/5 3230/6/5 3242/6/5
f 3244/10/5 3231/10/5 3230/10/5
f 3244/6/5 3230/6/5 3243/6/5
f 3245/6/5 3236/6/5 3235/6/5
f 3245/6/5 3235/6/5 3234/6/5
f 3246/6/5 3236/6/5 3245/6/5
f 3247/10/5 3238/10/5 3237/10/5
f 3247/6/5 3236/6/5 3246/6/5
f 3247/10/5 3237/10/5 3236/10/5
f 3248/10/5 3238/10/5 3247/10/5
f 3250/6/5 3243/6/5 3242/6/5
f 3250/6/5 3242/6/5 3241/6/5
f 3251/10/5 3231/10/5 3244/10/5
f 3251/10/5 3244/10/5 3243/10/5
f 3252/10/5 3231/10/5 3251/10/5
f 3253/6/5 3248/6/5 3247/6/5
f 3253/6/5 3247/6/5 3246/6/5
f 3254/6/5 3248/6/5 3253/6/5
f 3255/10/5 3238/10/5 3248/10/5
f 3255/6/5 3248/6/5 3254/6/5
f 3256/10/5 3238/10/5 3255/10/5
f 3257/6/5 3250/6/5 3249/6/5
f 3257/6/5 3243/6/5 3250/6/5
f 3258/10/5 3251/10/5 3243/10/5
f 3258/6/5 3243/6/5 3257/6/5
f 3259/10/5 3251/10/5 3258/10/5
f 3260/6/5 3252/6/5 3251/6/5
f 3260/10/5 3251/10/5 3259/10/5
f 3261/10/5 3231/10/5 3252/10/5
f 3261/6/5 3252/6/5 3260/6/5
f 3262/6/5 3233/6/5 3232/6/5
f 3262/10/5 3231/10/5 3261/10/5
f 3262/6/5 3232/6/5 3231/6/5
f 3263/6/5 3233/6/5 3262/6/5
f 3264/6/5 3233/6/5 3263/6/5
f 3265/10/5 3258/10/5 3257/10/5
f 3265/10/5 3259/10/5 3258/10/5
f 3266/10/5 3259/10/5 3265/10/5
f 3267/10/5 3259/10/5 3266/10/5
f 3268/6/5 3260/6/5 3259/6/5
f 3268/10/5 3259/10/5 3267/10/5
f 3268/6/5 3261/6/5 3260/6/5
f 3268/6/5 3263/6/5 3262/6/5
f 3268/6/5 3262/6/5 3261/6/5
f 3269/6/5 3263/6/5 3268/6/5
f 3270/6/5 3263/6/5 3269/6/5
f 3271/10/5 3238/10/5 3256/10/5
f 3271/6/5 3256/6/5 3255/6/5
f 3271/6/5 3255/6/5 3254/6/5
f 3272/6/5 3240/6/5 3239/6/5
f 3272/10/5 3238/10/5 3271/10/5
f 3272/6/5 3239/6/5 3238/6/5
f 3273/6/5 3257/6/5 3249/6/5
f 3273/10/5 3265/10/5 3257/10/5
f 3274/6/5 3266/6/5 3265/6/5
f 3274/10/5 3265/10/5 3273/10/5
f 3275/10/5 3267/10/5 3266/10/5
f 3275/6/5 3266/6/5 3274/6/5
f 3276/10/5 3267/10/5 3275/10/5
f 3277/10/5 3267/10/5 3276/10/5
f 3278/6/5 3269/6/5 3268/6/5
f 3278/10/5 3267/10/5 3277/10/5
f 3278/6/5 3268/6/5 3267/6/5
f 3279/6/5 3269/6/5 3278/6/5
f 3280/6/5 3269/6/5 3279/6/5
f 3281/6/5 3271/6/5 3254/6/5
f 3281/6/5 3272/6/5 3271/6/5
f 3282/6/5 3272/6/5 3281/6/5
f 3283/6/5 3240/6/5 3272/6/5
f 3283/6/5 3272/6/5 3282/6/5
f 3284/6/5 3240/6/5 3283/6/5
f 3285/6/5 3274/6/5 3273/6/5
f 3285/6/5 3276/6/5 3275/6/5
f 3285/6/5 3273/6/5 3249/6/5
f 3285/6/5 3275/6/5 3274/6/5
f 3286/6/5 3276/6/5 3285/6/5
f 3287/6/5 3276/6/5 3286/6/5
f 3288/6/5 3276/6/5 3287/6/5
f 3289/10/5 3277/10/5 3276/10/5
f 3289/6/5 3276/6/5 3288/6/5
f 3290/10/5 3277/10/5 3289/10/5
f 3291/6/5 3283/6/5 3282/6/5
f 3292/6/5 3283/6/5 3291/6/5
f 3293/6/5 3287/6/5 3286/6/5
f 3294/6/5 3287/6/5 3293/6/5
f 3295/6/5 3290/6/5 3289/6/5
f 3295/6/5 3289/6/5 3288/6/5
f 3296/6/5 3290/6/5 3295/6/5
f 3297/10/5 3277/10/5 3290/10/5
f 3298/6/5 3279/6/5 3278/6/5
f 3298/10/5 3277/10/5 3297/10/5
f 3298/6/5 3278/6/5 3277/6/5
f 3299/6/5 3279/6/5 3298/6/5
f 3300/6/5 3279/6/5 3299/6/5
f 3301/6/5 3290/6/5 3296/6/5
f 3301/10/5 3297/10/5 3290/10/5
f 3302/10/5 3297/10/5 3301/10/5
f 3303/6/5 3301/6/5 3296/6/5
f 3303/6/5 3302/6/5 3301/6/5
f 3304/6/5 3302/6/5 3303/6/5
f 3305/10/5 3297/10/5 3302/10/5
f 3306/6/5 3299/6/5 3298/6/5
f 3306/10/5 3297/10/5 3305/10/5
f 3306/6/5 3298/6/5 3297/6/5
f 3307/6/5 3299/6/5 3306/6/5
f 3308/6/5 3299/6/5 3307/6/5
f 3309/10/5 3305/10/5 3302/10/5
f 3309/6/5 3307/6/5 3306/6/5
f 3309/6/5 3306/6/5 3305/6/5
f 3310/6/5 3307/6/5 3309/6/5
f 3313/6/5 3302/6/5 3304/6/5
f 3314/6/5 3302/6/5 3313/6/5
f 3315/10/5 3310/10/5 3309/10/5
f 3315/6/5 3302/6/5 3314/6/5
f 3315/10/5 3309/10/5 3302/10/5
f 3316/6/5 3307/6/5 3310/6/5
f 3316/10/5 3310/10/5 3315/10/5
f 3317/6/5 3307/6/5 3316/6/5
f 3321/6/5 3312/6/5 3311/6/5
f 3322/6/5 3312/6/5 3321/6/5
f 3323/6/5 3312/6/5 3322/6/5
f 3327/10/5 3315/10/5 3314/10/5
f 3327/10/5 3316/10/5 3315/10/5
f 3327/10/5 3317/10/5 3316/10/5
f 3327/10/5 3318/10/5 3317/10/5
f 3328/10/5 3318/10/5 3327/10/5
f 3329/10/5 3318/10/5 3328/10/5
f 3330/6/5 3319/6/5 3318/6/5
f 3330/10/5 3318/10/5 3329/10/5
f 3331/6/5 3319/6/5 3330/6/5
f 3333/6/5 3321/6/5 3320/6/5
f 3334/10/5 3322/10/5 3321/10/5
f 3334/6/5 3321/6/5 3333/6/5
f 3336/6/5 3326/6/5 3325/6/5
f 3337/6/5 3326/6/5 3336/6/5
f 3342/6/5 3329/6/5 3328/6/5
f 3343/10/5 3332/10/5 3331/10/5
f 3343/10/5 3330/10/5 3329/10/5
f 3343/6/5 3329/6/5 3342/6/5
f 3343/10/5 3331/10/5 3330/10/5
f 3344/6/5 3333/6/5 3332/6/5
f 3344/10/5 3332/10/5 3343/10/5
f 3345/10/5 3334/10/5 3333/10/5
f 3345/6/5 3333/6/5 3344/6/5
f 3346/6/5 3338/6/5 3337/6/5
f 3346/6/5 3336/6/5 3335/6/5
f 3346/6/5 3337/6/5 3336/6/5
f 3347/6/5 3338/6/5 3346/6/5
f 3348/6/5 3338/6/5 3347/6/5
f 3351/5/5 3340/5/5 3339/5/5
f 3352/6/5 3346/6/5 3335/6/5
f 3353/10/5 3347/10/5 3346/10/5
f 3353/6/5 3346/6/5 3352/6/5
f 3354/6/5 3349/6/5 3348/6/5
f 3354/10/5 3347/10/5 3353/10/5
f 3354/6/5 3348/6/5 3347/6/5
f 3355/6/5 3349/6/5 3354/6/5
f 3356/5/5 3351/5/5 3350/5/5
f 3357/5/5 3340/5/5 3351/5/5
f 3357/5/5 3351/5/5 3356/5/5
f 3358/6/5 3342/6/5 3341/6/5
f 3359/10/5 3344/10/5 3343/10/5
f 3359/10/5 3343/10/5 3342/10/5
f 3359/6/5 3342/6/5 3358/6/5
f 3359/10/5 3345/10/5 3344/10/5
f 3360/10/5 3353/10/5 3352/10/5
f 3360/10/5 3355/10/5 3354/10/5
f 3360/6/5 3352/6/5 3335/6/5
f 3360/10/5 3354/10/5 3353/10/5
f 3361/10/5 3355/10/5 3360/10/5
f 3362/5/5 3357/5/5 3356/5/5
f 3362/10/5 3355/10/5 3361/10/5
f 3362/5/5 3356/5/5 3355/5/5
f 3363/5/5 3357/5/5 3362/5/5
f 3364/10/5 3362/10/5 3361/10/5
f 3364/5/5 3357/5/5 3363/5/5
f 3364/10/5 3363/10/5 3362/10/5
f 3365/5/5 3357/5/5 3364/5/5
f 3366/10/5 3365/10/5 3364/10/5
f 3366/5/5 3357/5/5 3365/5/5
f 3367/10/5 3358/10/5 3357/10/5
f 3367/5/5 3357/5/5 3366/5/5
f 3367/10/5 3359/10/5 3358/10/5
f 3368/10/5 3359/10/5 3367/10/5
f 3369/10/5 3345/10/5 3359/10/5
f 3369/10/5 3359/10/5 3368/10/5
f 3370/10/5 3345/10/5 3369/10/5
f 3371/10/5 3322/10/5 3334/10/5
f 3371/10/5 3345/10/5 3370/10/5
f 3371/10/5 3334/10/5 3345/10/5
f 3372/6/5 3324/6/5 3323/6/5
f 3372/10/5 3322/10/5 3371/10/5
f 3372/6/5 3323/6/5 3322/6/5
f 3373/6/5 3324/6/5 3372/6/5
f 3374/6/5 3324/6/5 3373/6/5
f 3375/5/5 3368/5/5 3367/5/5
f 3375/10/5 3367/10/5 3366/10/5
f 3376/10/5 3369/10/5 3368/10/5
f 3376/5/5 3368/5/5 3375/5/5
f 3377/6/5 3370/6/5 3369/6/5
f 3377/10/5 3369/10/5 3376/10/5
f 3378/10/5 3371/10/5 3370/10/5
f 3379/6/5 3373/6/5 3372/6/5
f 3379/10/5 3371/10/5 3378/10/5
f 3379/6/5 3372/6/5 3371/6/5
f 3380/6/5 3373/6/5 3379/6/5
f 3381/6/5 3373/6/5 3380/6/5
f 3382/6/5 3370/6/5 3377/6/5
f 3382/6/5 3377/6/5 3376/6/5
f 3383/10/5 3378/10/5 3370/10/5
f 3383/6/5 3370/6/5 3382/6/5
f 3384/10/5 3378/10/5 3383/10/5
f 3385/10/5 3378/10/5 3384/10/5
f 3386/6/5 3380/6/5 3379/6/5
f 3386/10/5 3378/10/5 3385/10/5
f 3386/6/5 3379/6/5 3378/6/5
f 3387/10/5 3366/10/5 3364/10/5
f 3387/6/5 3361/6/5 3360/6/5
f 3387/10/5 3376/10/5 3375/10/5
f 3387/10/5 3375/10/5 3366/10/5
f 3387/10/5 3364/10/5 3361/10/5
f 3388/10/5 3376/10/5 3387/10/5
f 3389/10/5 3385/10/5 3384/10/5
f 3390/10/5 3385/10/5 3389/10/5
f 3391/10/5 3385/10/5 3390/10/5
f 3392/6/5 3386/6/5 3385/6/5
f 3392/10/5 3385/10/5 3391/10/5
f 3393/6/5 3380/6/5 3386/6/5
f 3393/6/5 3386/6/5 3392/6/5
f 3394/6/5 3380/6/5 3393/6/5
f 3395/6/5 3360/6/5 3335/6/5
f 3395/6/5 3387/6/5 3360/6/5
f 3395/6/5 3388/6/5 3387/6/5
f 3396/6/5 3388/6/5 3395/6/5
f 3397/10/5 3376/10/5 3388/10/5
f 3397/6/5 3388/6/5 3396/6/5
f 3398/10/5 3376/10/5 3397/10/5
f 3399/10/5 3391/10/5 3390/10/5
f 3399/6/5 3390/6/5 3389/6/5
f 3400/10/5 3391/10/5 3399/10/5
f 3401/6/5 3392/6/5 3391/6/5
f 3401/6/5 3393/6/5 3392/6/5
f 3402/6/5 3393/6/5 3401/6/5
f 3403/6/5 3398/6/5 3397/6/5
f 3403/6/5 3397/6/5 3396/6/5
f 3404/6/5 3398/6/5 3403/6/5
f 3405/10/5 3376/10/5 3398/10/5
f 3405/6/5 3398/6/5 3404/6/5
f 3406/6/5 3382/6/5 3376/6/5
f 3406/10/5 3376/10/5 3405/10/5
f 3407/6/5 3400/6/5 3399/6/5
f 3407/6/5 3399/6/5 3389/6/5
f 3408/6/5 3400/6/5 3407/6/5
f 3409/10/5 3391/10/5 3400/10/5
f 3409/6/5 3400/6/5 3408/6/5
f 3410/6/5 3401/6/5 3391/6/5
f 3410/10/5 3391/10/5 3409/10/5
f 3411/6/5 3401/6/5 3410/6/5
f 3412/6/5 3405/6/5 3404/6/5
f 3412/6/5 3406/6/5 3405/6/5
f 3413/6/5 3406/6/5 3412/6/5
f 3414/6/5 3382/6/5 3406/6/5
f 3414/6/5 3406/6/5 3413/6/5
f 3415/6/5 3382/6/5 3414/6/5
f 3416/6/5 3409/6/5 3408/6/5
f 3417/6/5 3409/6/5 3416/6/5
f 3418/6/5 3414/6/5 3413/6/5
f 3419/6/5 3414/6/5 3418/6/5
f 3425/6/5 3421/6/5 3420/6/5
f 3426/6/5 3421/6/5 3425/6/5
f 3428/6/5 3423/6/5 3422/6/5
f 3429/6/5 3423/6/5 3428/6/5
f 3430/6/5 3425/6/5 3424/6/5
f 3431/6/5 3425/6/5 3430/6/5
f 3432/6/5 3428/6/5 3427/6/5
f 3434/6/5 3432/6/5 3427/6/5
f 3435/6/5 3432/6/5 3434/6/5
f 3436/6/5 3434/6/5 3433/6/5
f 3437/6/5 3436/6/5 3433/6/5
f 3438/6/5 3436/6/5 3437/6/5
f 3442/6/5 3440/6/5 3439/6/5
f 3442/6/5 3441/6/5 3440/6/5
f 3443/6/5 3441/6/5 3442/6/5
f 3446/6/5 3445/6/5 3444/6/5
f 3447/6/5 3445/6/5 3446/6/5
f 3453/5/5 3451/5/5 3450/5/5
f 3453/5/5 3452/5/5 3451/5/5
f 3454/5/5 3452/5/5 3453/5/5
f 3455/6/5 3449/6/5 3448/6/5
f 3456/6/5 3449/6/5 3455/6/5
f 3459/6/5 3458/6/5 3457/6/5
f 3460/6/5 3458/6/5 3459/6/5
f 3463/6/5 3462/6/5 3461/6/5
f 3464/6/5 3462/6/5 3463/6/5
f 3468/6/5 3465/6/5 3464/6/5
f 3469/6/5 3465/6/5 3468/6/5
f 3471/6/5 3467/6/5 3466/6/5
f 3472/6/5 3467/6/5 3471/6/5
f 3473/6/5 3471/6/5 3470/6/5
f 3474/6/5 3471/6/5 3473/6/5
f 3477/6/5 3476/6/5 3475/6/5
f 3478/6/5 3476/6/5 3477/6/5
f 3479/6/5 3476/6/5 3478/6/5
f 3480/6/5 3479/6/5 3478/6/5
f 3481/6/5 3479/6/5 3480/6/5
f 3490/10/5 3483/10/5 3482/10/5
f 3491/10/5 3483/10/5 3490/10/5
f 3492/6/5 3485/6/5 3484/6/5
f 3493/6/5 3485/6/5 3492/6/5
f 3494/10/5 3487/10/5 3486/10/5
f 3495/10/5 3487/10/5 3494/10/5
f 3496/6/5 3489/6/5 3488/6/5
f 3497/10/5 3490/10/5 3489/10/5
f 3497/6/5 3489/6/5 3496/6/5
f 3498/10/5 3490/10/5 3497/10/5
f 3499/10/5 3490/10/5 3498/10/5
f 3500/10/5 3499/10/5 3498/10/5
f 3501/10/5 3499/10/5 3500/10/5
f 3506/8/5 3503/8/5 3502/8/5
f 3507/8/5 3503/8/5 3506/8/5
f 3508/8/5 3505/8/5 3504/8/5
f 3509/8/5 3505/8/5 3508/8/5
f 3510/7/5 3509/7/5 3508/7/5
f 3511/7/5 3509/7/5 3510/7/5
f 3514/6/5 3513/6/5 3512/6/5
f 3515/6/5 3513/6/5 3514/6/5
f 3520/10/5 3517/10/5 3516/10/5
f 3521/10/5 3517/10/5 3520/10/5
f 3522/10/5 3519/10/5 3518/10/5
f 3523/10/5 3519/10/5 3522/10/5
f 3528/8/5 3525/8/5 3524/8/5
f 3529/8/5 3525/8/5 3528/8/5
f 3530/8/5 3527/8/5 3526/8/5
f 3531/7/5 3528/7/5 3527/7/5
f 3531/8/5 3527/8/5 3530/8/5
f 3532/7/5 3528/7/5 3531/7/5
f 3533/7/5 3531/7/5 3530/7/5
f 3534/7/5 3531/7/5 3533/7/5
f 3537/10/5 3536/10/5 3535/10/5
f 3538/10/5 3536/10/5 3537/10/5
f 3543/10/5 3540/10/5 3539/10/5
f 3544/10/5 3540/10/5 3543/10/5
f 3546/10/5 3542/10/5 3541/10/5
f 3547/10/5 3542/10/5 3546/10/5
f 3548/10/5 3546/10/5 3545/10/5
f 3549/10/5 3546/10/5 3548/10/5
f 3553/10/5 3550/10/5 3549/10/5
f 3554/10/5 3550/10/5 3553/10/5
f 3560/7/5 3552/7/5 3551/7/5
f 3561/7/5 3552/7/5 3560/7/5
f 3562/10/5 3556/10/5 3555/10/5
f 3563/10/5 3556/10/5 3562/10/5
f 3564/7/5 3558/7/5 3557/7/5
f 3565/7/5 3558/7/5 3564/7/5
f 3567/7/5 3560/7/5 3559/7/5
f 3568/7/5 3560/7/5 3567/7/5
f 3569/7/5 3567/7/5 3566/7/5
f 3570/7/5 3567/7/5 3569/7/5
f 3573/10/5 3572/10/5 3571/10/5
f 3574/10/5 3572/10/5 3573/10/5
f 3578/10/5 3576/10/5 3575/10/5
f 3579/10/5 3576/10/5 3578/10/5
f 3580/10/5 3578/10/5 3577/10/5
f 3581/10/5 3578/10/5 3580/10/5
f 3586/7/5 3583/7/5 3582/7/5
f 3587/7/5 3583/7/5 3586/7/5
f 3588/7/5 3585/7/5 3584/7/5
f 3589/7/5 3585/7/5 3588/7/5
f 3593/10/5 3591/10/5 3590/10/5
f 3594/10/5 3591/10/5 3593/10/5
f 3595/10/5 3593/10/5 3592/10/5
f 3596/10/5 3593/10/5 3595/10/5
f 3599/10/5 3598/10/5 3597/10/5
f 3600/10/5 3598/10/5 3599/10/5
f 3605/8/5 3602/8/5 3601/8/5
f 3606/7/5 3603/7/5 3602/7/5
f 3606/8/5 3602/8/5 3605/8/5
f 3607/7/5 3603/7/5 3606/7/5
f 3608/7/5 3605/7/5 3604/7/5
f 3608/7/5 3606/7/5 3605/7/5
f 3609/7/5 3606/7/5 3608/7/5
f 3613/9/5 3611/9/5 3610/9/5
f 3614/9/5 3611/9/5 3613/9/5
f 3615/9/5 3613/9/5 3612/9/5
f 3616/9/5 3613/9/5 3615/9/5
f 3620/9/5 3618/9/5 3617/9/5
f 3621/9/5 3618/9/5 3620/9/5
f 3622/9/5 3620/9/5 3619/9/5
f 3623/9/5 3620/9/5 3622/9/5
f 3626/7/5 3625/7/5 3624/7/5
f 3627/7/5 3625/7/5 3626/7/5
f 3628/5/6 3629/5/6 3631/5/6
f 3630/5/6 3631/5/6 3633/5/6
f 3631/5/6 3629/5/6 3634/5/6
f 3633/5/6 3631/5/6 3634/5/6
f 3632/5/6 3633/5/6 3635/5/6
f 3635/5/6 3633/5/6 3636/5/6
f 3636/5/6 3633/5/6 3637/5/6
f 3638/5/6 3639/5/6 3641/5/6
f 3639/5/6 3640/5/6 3641/5/6
f 3641/5/6 3640/5/6 3642/5/6
f 3645/6/6 3646/6/6 3647/6/6
f 3647/6/6 3646/6/6 3648/6/6
f 3643/6/6 3644/6/6 3649/6/6
f 3649/6/6 3644/6/6 3650/6/6
f 3653/6/6 3654/6/6 3656/6/6
f 3656/6/6 3654/6/6 3657/6/6
f 3655/6/6 3656/6/6 3658/6/6
f 3658/6/6 3656/6/6 3659/6/6
f 3651/6/6 3652/6/6 3666/6/6
f 3666/6/6 3652/6/6 3667/6/6
f 3661/6/6 3662/6/6 3669/6/6
f 3662/6/6 3663/6/6 3669/6/6
f 3663/6/6 3664/6/6 3669/6/6
f 3669/6/6 3664/6/6 3670/6/6
f 3664/2/6 3665/2/6 3671/2/6
f 3670/6/6 3664/6/6 3671/6/6
f 3671/2/6 3665/2/6 3672/2/6
f 3659/6/6 3660/6/6 3675/6/6
f 3675/6/6 3660/6/6 3676/6/6
f 3667/6/6 3668/6/6 3679/6/6
f 3679/6/6 3668/6/6 3680/6/6
f 3673/6/6 3674/6/6 3681/6/6
f 3681/6/6 3674/6/6 3682/6/6
f 3678/6/6 3679/6/6 3684/6/6
f 3684/6/6 3679/6/6 3685/6/6
f 3681/6/6 3682/6/6 3686/6/6
f 3686/6/6 3682/6/6 3687/6/6
f 3669/6/6 3670/6/6 3690/6/6
f 3690/6/6 3670/6/6 3691/6/6
f 3689/6/6 3690/6/6 3693/6/6
f 3693/6/6 3690/6/6 3694/6/6
f 3692/6/6 3693/6/6 3698/6/6
f 3698/6/6 3693/6/6 3699/6/6
f 3687/6/6 3688/6/6 3700/6/6
f 3700/6/6 3688/6/6 3701/6/6
f 3676/6/6 3677/6/6 3702/6/6
f 3702/6/6 3677/6/6 3703/6/6
f 3683/6/6 3684/6/6 3704/6/6
f 3704/6/6 3684/6/6 3705/6/6
f 3695/10/6 3696/10/6 3706/10/6
f 3706/10/6 3696/10/6 3707/10/6
f 3701/6/6 3702/6/6 3709/6/6
f 3709/6/6 3702/6/6 3710/6/6
f 3705/6/6 3706/6/6 3711/6/6
f 3711/6/6 3706/6/6 3712/6/6
f 3707/6/6 3708/6/6 3713/6/6
f 3713/6/6 3708/6/6 3714/6/6
f 3697/6/6 3698/6/6 3717/6/6
f 3717/6/6 3698/6/6 3718/6/6
f 3714/6/6 3715/6/6 3719/6/6
f 3719/6/6 3715/6/6 3720/6/6
f 3716/6/6 3717/6/6 3723/6/6
f 3723/6/6 3717/6/6 3724/6/6
f 3720/6/6 3721/6/6 3727/6/6
f 3727/6/6 3721/6/6 3728/6/6
f 3722/6/6 3723/6/6 3729/6/6
f 3729/6/6 3723/6/6 3730/6/6
f 3725/6/6 3726/6/6 3733/6/6
f 3733/6/6 3726/6/6 3734/6/6
f 3734/6/6 3726/6/6 3735/6/6
f 3730/6/6 3731/6/6 3739/6/6
f 3728/6/6 3729/6/6 3739/6/6
f 3729/6/6 3730/6/6 3739/6/6
f 3739/6/6 3731/6/6 3740/6/6
f 3740/6/6 3731/6/6 3741/6/6
f 3741/6/6 3731/6/6 3742/6/6
f 3742/6/6 3731/6/6 3743/6/6
f 3743/6/6 3731/6/6 3744/6/6
f 3732/6/6 3733/6/6 3745/6/6
f 3745/6/6 3733/6/6 3746/6/6
f 3735/6/6 3736/6/6 3747/6/6
f 3747/6/6 3736/6/6 3748/6/6
f 3737/6/6 3738/6/6 3750/6/6
f 3750/6/6 3738/6/6 3751/6/6
f 3740/6/6 3741/6/6 3754/6/6
f 3754/6/6 3741/6/6 3755/6/6
f 3744/6/6 3745/6/6 3756/6/6
f 3756/6/6 3745/6/6 3757/6/6
f 3749/6/6 3750/6/6 3758/6/6
f 3758/6/6 3750/6/6 3759/6/6
f 3751/6/6 3752/6/6 3760/6/6
f 3760/6/6 3752/6/6 3761/6/6
f 3753/6/6 3754/6/6 3763/6/6
f 3763/6/6 3754/6/6 3764/6/6
f 3761/6/6 3762/6/6 3765/6/6
f 3765/6/6 3762/6/6 3766/6/6
f 3763/10/6 3764/10/6 3769/10/6
f 3769/10/6 3764/10/6 3770/10/6
f 3765/10/6 3766/10/6 3771/10/6
f 3771/10/6 3766/10/6 3772/10/6
f 3767/7/6 3768/7/6 3774/7/6
f 3774/7/6 3768/7/6 3775/7/6
f 3772/10/6 3773/10/6 3778/10/6
f 3778/10/6 3773/10/6 3779/10/6
f 3776/6/6 3777/6/6 3781/6/6
f 3781/6/6 3777/6/6 3782/6/6
f 3780/6/6 3781/6/6 3786/6/6
f 3786/6/6 3781/6/6 3787/6/6
f 3783/6/6 3784/6/6 3788/6/6
f 3788/6/6 3784/6/6 3789/6/6
f 3785/6/6 3786/6/6 3795/6/6
f 3795/6/6 3786/6/6 3796/6/6
f 3790/6/6 3791/6/6 3797/6/6
f 3797/6/6 3791/6/6 3798/6/6
f 3794/6/6 3795/6/6 3801/6/6
f 3801/6/6 3795/6/6 3802/6/6
f 3798/6/6 3799/6/6 3803/6/6
f 3803/6/6 3799/6/6 3804/6/6
f 3800/6/6 3801/6/6 3807/6/6
f 3807/6/6 3801/6/6 3808/6/6
f 3805/6/6 3806/6/6 3809/6/6
f 3809/6/6 3806/6/6 3810/6/6
f 3792/6/6 3793/6/6 3811/6/6
f 3811/6/6 3793/6/6 3812/6/6
f 3810/6/6 3811/6/6 3813/6/6
f 3813/6/6 3811/6/6 3814/6/6
f 3815/6/6 3816/6/6 3819/6/6
f 3817/6/6 3818/6/6 3820/6/6
f 3820/6/6 3818/6/6 3821/6/6
f 3815/6/6 3819/6/6 3824/6/6
f 3824/6/6 3819/6/6 3825/6/6
f 3825/6/6 3819/6/6 3826/6/6
f 3826/6/6 3819/6/6 3827/6/6
f 3822/6/6 3823/6/6 3828/6/6
f 3828/6/6 3823/6/6 3829/6/6
f 3826/10/6 3827/10/6 3832/10/6
f 3832/10/6 3827/10/6 3833/10/6
f 3830/6/6 3831/6/6 3834/6/6
f 3834/6/6 3831/6/6 3835/6/6
f 3835/6/6 3836/6/6 3837/6/6
f 3837/6/6 3836/6/6 3838/6/6
f 3839/6/6 3840/6/6 3842/6/6
f 3842/6/6 3840/6/6 3843/6/6
f 3841/6/6 3842/6/6 3846/6/6
f 3846/6/6 3842/6/6 3847/6/6
f 3848/2/6 3849/2/6 3855/2/6
f 3855/2/6 3849/2/6 3856/2/6
f 3850/10/6 3851/10/6 3858/10/6
f 3844/6/6 3845/6/6 3859/6/6
f 3859/6/6 3845/6/6 3860/6/6
f 3853/10/6 3854/10/6 3862/10/6
f 3862/10/6 3854/10/6 3863/10/6
f 3857/10/6 3858/10/6 3866/10/6
f 3858/10/6 3851/10/6 3867/10/6
f 3866/10/6 3858/10/6 3867/10/6
f 3851/6/6 3852/6/6 3867/6/6
f 3867/6/6 3852/6/6 3868/6/6
f 3864/2/6 3865/2/6 3872/2/6
f 3872/2/6 3865/2/6 3873/2/6
f 3867/10/6 3868/10/6 3874/10/6
f 3866/10/6 3867/10/6 3874/10/6
f 3874/10/6 3868/10/6 3875/10/6
f 3861/10/6 3862/10/6 3879/10/6
f 3862/6/6 3863/6/6 3880/6/6
f 3879/10/6 3862/10/6 3880/10/6
f 3875/10/6 3868/10/6 3881/10/6
f 3874/6/6 3875/6/6 3881/6/6
f 3868/6/6 3869/6/6 3882/6/6
f 3881/10/6 3868/10/6 3882/10/6
f 3870/6/6 3871/6/6 3884/6/6
f 3877/10/6 3878/10/6 3885/10/6
f 3876/10/6 3877/10/6 3885/10/6
f 3885/10/6 3878/10/6 3886/10/6
f 3878/6/6 3879/6/6 3887/6/6
f 3886/10/6 3878/10/6 3887/10/6
f 3879/6/6 3880/6/6 3887/6/6
f 3874/6/6 3881/6/6 3888/6/6
f 3881/6/6 3882/6/6 3888/6/6
f 3888/6/6 3882/6/6 3889/6/6
f 3883/6/6 3884/6/6 3890/6/6
f 3884/6/6 3871/6/6 3890/6/6
f 3885/10/6 3886/10/6 3893/10/6
f 3887/6/6 3880/6/6 3894/6/6
f 3886/6/6 3887/6/6 3894/6/6
f 3880/6/6 3863/6/6 3895/6/6
f 3894/6/6 3880/6/6 3895/6/6
f 3890/6/6 3891/6/6 3896/6/6
f 3892/2/6 3893/2/6 3899/2/6
f 3893/10/6 3886/10/6 3900/10/6
f 3899/2/6 3893/2/6 3900/2/6
f 3886/6/6 3894/6/6 3901/6/6
f 3901/6/6 3894/6/6 3902/6/6
f 3890/6/6 3896/6/6 3903/6/6
f 3896/10/6 3897/10/6 3903/10/6
f 3897/2/6 3898/2/6 3904/2/6
f 3903/10/6 3897/10/6 3904/10/6
f 3904/2/6 3898/2/6 3905/2/6
f 3899/10/6 3900/10/6 3907/10/6
f 3900/10/6 3886/10/6 3908/10/6
f 3907/10/6 3900/10/6 3908/10/6
f 3886/6/6 3901/6/6 3909/6/6
f 3908/10/6 3886/10/6 3909/10/6
f 3909/6/6 3901/6/6 3910/6/6
f 3889/6/6 3882/6/6 3911/6/6
f 3882/6/6 3869/6/6 3912/6/6
f 3911/6/6 3882/6/6 3912/6/6
f 3890/6/6 3903/6/6 3913/6/6
f 3883/6/6 3890/6/6 3913/6/6
f 3913/6/6 3903/6/6 3914/6/6
f 3904/2/6 3905/2/6 3915/2/6
f 3915/2/6 3905/2/6 3916/2/6
f 3906/10/6 3907/10/6 3918/10/6
f 3907/10/6 3908/10/6 3918/10/6
f 3918/10/6 3908/10/6 3919/10/6
f 3908/6/6 3909/6/6 3920/6/6
f 3919/10/6 3908/10/6 3920/10/6
f 3918/10/6 3919/10/6 3924/10/6
f 3917/10/6 3918/10/6 3924/10/6
f 3919/6/6 3920/6/6 3925/6/6
f 3924/10/6 3919/10/6 3925/10/6
f 3920/6/6 3909/6/6 3926/6/6
f 3925/6/6 3920/6/6 3926/6/6
f 3926/6/6 3909/6/6 3927/6/6
f 3922/10/6 3923/10/6 3928/10/6
f 3921/6/6 3922/6/6 3928/6/6
f 3924/6/6 3925/6/6 3929/6/6
f 3928/10/6 3923/10/6 3929/10/6
f 3923/6/6 3924/6/6 3929/6/6
f 3925/6/6 3926/6/6 3929/6/6
f 3921/6/6 3928/6/6 3930/6/6
f 3928/6/6 3929/6/6 3930/6/6
f 3930/6/6 3929/6/6 3931/6/6
f 3929/6/6 3926/6/6 3932/6/6
f 3931/6/6 3929/6/6 3932/6/6
f 3932/6/6 3926/6/6 3933/6/6
f 3931/6/6 3932/6/6 3934/6/6
f 3934/6/6 3932/6/6 3935/6/6
f 3936/10/6 3937/10/6 3943/10/6
f 3943/10/6 3937/10/6 3944/10/6
f 3944/10/6 3937/10/6 3945/10/6
f 3938/6/6 3939/6/6 3949/6/6
f 3939/10/6 3940/10/6 3950/10/6
f 3949/6/6 3939/6/6 3950/6/6
f 3940/6/6 3941/6/6 3951/6/6
f 3950/10/6 3940/10/6 3951/10/6
f 3951/6/6 3941/6/6 3952/6/6
f 3942/10/6 3943/10/6 3953/10/6
f 3943/10/6 3944/10/6 3953/10/6
f 3953/10/6 3944/10/6 3954/10/6
f 3954/10/6 3944/10/6 3955/10/6
f 3946/6/6 3947/6/6 3956/6/6
f 3956/6/6 3947/6/6 3957/6/6
f 3957/6/6 3947/6/6 3958/6/6
f 3958/6/6 3947/6/6 3959/6/6
f 3949/10/6 3950/10/6 3961/10/6
f 3948/10/6 3949/10/6 3961/10/6
f 3951/10/6 3952/10/6 3961/10/6
f 3950/10/6 3951/10/6 3961/10/6
f 3952/10/6 3953/10/6 3961/10/6
f 3953/10/6 3954/10/6 3961/10/6
f 3961/10/6 3954/10/6 3962/10/6
f 3958/10/6 3959/10/6 3963/10/6
f 3959/6/6 3960/6/6 3964/6/6
f 3963/10/6 3959/10/6 3964/10/6
f 3964/6/6 3960/6/6 3965/6/6
f 3948/10/6 3961/10/6 3969/10/6
f 3969/10/6 3961/10/6 3970/10/6
f 3970/10/6 3961/10/6 3971/10/6
f 3971/10/6 3961/10/6 3972/10/6
f 3972/10/6 3961/10/6 3973/10/6
f 3964/10/6 3965/10/6 3974/10/6
f 3966/7/6 3967/7/6 3978/7/6
f 3978/7/6 3967/7/6 3979/7/6
f 3968/10/6 3969/10/6 3980/10/6
f 3969/10/6 3970/10/6 3980/10/6
f 3980/10/6 3970/10/6 3981/10/6
f 3981/10/6 3970/10/6 3982/10/6
f 3982/10/6 3970/10/6 3983/10/6
f 3971/10/6 3972/10/6 3984/10/6
f 3984/10/6 3972/10/6 3985/10/6
f 3964/10/6 3974/10/6 3986/10/6
f 3974/10/6 3975/10/6 3986/10/6
f 3986/10/6 3975/10/6 3987/10/6
f 3976/5/6 3977/5/6 3988/5/6
f 3981/10/6 3982/10/6 3989/10/6
f 3987/10/6 3975/10/6 3990/10/6
f 3990/10/6 3975/10/6 3991/10/6
f 3991/10/6 3975/10/6 3992/10/6
f 3976/5/6 3988/5/6 3993/5/6
f 3991/10/6 3992/10/6 3994/10/6
f 3992/10/6 3993/10/6 3994/10/6
f 3994/10/6 3993/10/6 3995/10/6
f 3993/5/6 3988/5/6 3996/5/6
f 3995/10/6 3993/10/6 3996/10/6
f 3996/5/6 3988/5/6 3997/5/6
f 3989/10/6 3982/10/6 4000/10/6
f 4000/10/6 3982/10/6 4001/10/6
f 3997/10/6 3998/10/6 4002/10/6
f 3995/10/6 3996/10/6 4002/10/6
f 3996/10/6 3997/10/6 4002/10/6
f 3999/5/6 4000/5/6 4003/5/6
f 4003/5/6 4000/5/6 4004/5/6
f 4002/10/6 4003/10/6 4008/10/6
f 4004/6/6 4005/6/6 4009/6/6
f 4008/10/6 4003/10/6 4009/10/6
f 4003/6/6 4004/6/6 4009/6/6
f 4009/6/6 4005/6/6 4010/6/6
f 4010/6/6 4005/6/6 4011/6/6
f 4006/6/6 4007/6/6 4013/6/6
f 4013/6/6 4007/6/6 4014/6/6
f 4002/10/6 4008/10/6 4015/10/6
f 3995/10/6 4002/10/6 4015/10/6
f 4008/6/6 4009/6/6 4016/6/6
f 4015/10/6 4008/10/6 4016/10/6
f 4009/6/6 4010/6/6 4016/6/6
f 4012/6/6 4013/6/6 4017/6/6
f 4017/6/6 4013/6/6 4018/6/6
f 4015/6/6 4016/6/6 4019/6/6
f 4019/6/6 4016/6/6 4020/6/6
f 4020/6/6 4016/6/6 4021/6/6
f 4016/6/6 4010/6/6 4022/6/6
f 4021/6/6 4016/6/6 4022/6/6
f 4023/10/6 4024/10/6 4027/10/6
f 4027/10/6 4024/10/6 4028/10/6
f 4025/6/6 4026/6/6 4031/6/6
f 4031/6/6 4026/6/6 4032/6/6
f 4028/10/6 4029/10/6 4033/10/6
f 4033/10/6 4029/10/6 4034/10/6
f 4034/10/6 4035/10/6 4036/10/6
f 4036/10/6 4035/10/6 4037/10/6
f 4030/6/6 4031/6/6 4040/6/6
f 4040/6/6 4031/6/6 4041/6/6
f 4039/6/6 4040/6/6 4043/6/6
f 4043/6/6 4040/6/6 4044/6/6
f 4037/6/6 4038/6/6 4048/6/6
f 4046/2/6 4047/2/6 4049/2/6
f 4045/2/6 4046/2/6 4049/2/6
f 4049/2/6 4047/2/6 4050/2/6
f 4045/2/6 4049/2/6 4051/2/6
f 4049/3/6 4050/3/6 4051/3/6
f 4051/3/6 4050/3/6 4052/3/6
f 4048/6/6 4038/6/6 4053/6/6
f 4053/6/6 4038/6/6 4054/6/6
f 4042/6/6 4043/6/6 4055/6/6
f 4055/6/6 4043/6/6 4056/6/6
f 4045/2/6 4051/2/6 4060/2/6
f 4060/2/6 4051/2/6 4061/2/6
f 4057/2/6 4058/2/6 4064/2/6
f 4064/2/6 4058/2/6 4065/2/6
f 4059/10/6 4060/10/6 4066/10/6
f 4066/10/6 4060/10/6 4067/10/6
f 4061/2/6 4062/2/6 4068/2/6
f 4068/2/6 4062/2/6 4069/2/6
f 4063/2/6 4064/2/6 4072/2/6
f 4072/2/6 4064/2/6 4073/2/6
f 4069/2/6 4070/2/6 4076/2/6
f 4076/2/6 4070/2/6 4077/2/6
f 4071/2/6 4072/2/6 4078/2/6
f 4078/2/6 4072/2/6 4079/2/6
f 4074/10/6 4075/10/6 4080/10/6
f 4080/10/6 4075/10/6 4081/10/6
f 4082/8/6 4083/8/6 4084/8/6
f 4084/8/6 4083/8/6 4085/8/6
f 4080/6/6 4081/6/6 4086/6/6
f 4080/6/6 4086/6/6 4089/6/6
f 4089/6/6 4086/6/6 4090/6/6
f 4087/1/6 4088/1/6 4092/1/6
f 4090/2/6 4091/2/6 4093/2/6
f 4091/3/6 4092/3/6 4094/3/6
f 4093/2/6 4091/2/6 4094/2/6
f 4092/1/6 4088/1/6 4095/1/6
f 4094/3/6 4092/3/6 4095/3/6
f 4095/1/6 4088/1/6 4099/1/6
f 4099/1/6 4088/1/6 4100/1/6
f 4096/2/6 4097/2/6 4101/2/6
f 4101/2/6 4097/2/6 4102/2/6
f 4098/2/6 4099/2/6 4103/2/6
f 4100/2/6 4101/2/6 4104/2/6
f 4104/2/6 4101/2/6 4105/2/6
f 4098/2/6 4103/2/6 4106/2/6
f 4103/2/6 4104/2/6 4106/2/6
f 4106/2/6 4104/2/6 4107/2/6
f 4108/4/6 4109/4/6 4110/4/6
f 4110/4/6 4109/4/6 4111/4/6
f 4110/4/6 4111/4/6 4113/4/6
f 4111/4/6 4112/4/6 4113/4/6
f 4113/4/6 4112/4/6 4114/4/6
f 4115/10/6 4116/10/6 4119/10/6
f 4119/10/6 4120/10/6 4121/10/6
f 4117/6/6 4118/6/6 4124/6/6
f 4124/6/6 4118/6/6 4125/6/6
f 4121/10/6 4122/10/6 4128/10/6
f 4115/10/6 4119/10/6 4128/10/6
f 4119/10/6 4121/10/6 4128/10/6
f 4128/10/6 4122/10/6 4129/10/6
f 4125/10/6 4126/10/6 4130/10/6
f 4124/10/6 4125/10/6 4130/10/6
f 4130/10/6 4126/10/6 4131/10/6
f 4128/2/6 4129/2/6 4134/2/6
f 4127/2/6 4128/2/6 4134/2/6
f 4129/10/6 4122/10/6 4135/10/6
f 4134/2/6 4129/2/6 4135/2/6
f 4135/10/6 4122/10/6 4136/10/6
f 4123/6/6 4124/6/6 4138/6/6
f 4124/10/6 4130/10/6 4139/10/6
f 4138/6/6 4124/6/6 4139/6/6
f 4139/10/6 4130/10/6 4140/10/6
f 4132/10/6 4133/10/6 4142/10/6
f 4133/2/6 4134/2/6 4143/2/6
f 4135/2/6 4136/2/6 4143/2/6
f 4142/10/6 4133/10/6 4143/10/6
f 4134/2/6 4135/2/6 4143/2/6
f 4143/2/6 4136/2/6 4144/2/6
f 4136/10/6 4122/10/6 4145/10/6
f 4144/2/6 4136/2/6 4145/2/6
f 4145/10/6 4122/10/6 4146/10/6
f 4137/6/6 4138/6/6 4147/6/6
f 4138/6/6 4139/6/6 4147/6/6
f 4147/6/6 4139/6/6 4148/6/6
f 4137/6/6 4147/6/6 4151/6/6
f 4137/6/6 4151/6/6 4154/6/6
f 4154/6/6 4151/6/6 4155/6/6
f 4141/10/6 4142/10/6 4157/10/6
f 4145/2/6 4146/2/6 4158/2/6
f 4158/2/6 4146/2/6 4159/2/6
f 4156/10/6 4157/10/6 4160/10/6
f 4157/10/6 4142/10/6 4161/10/6
f 4160/10/6 4157/10/6 4161/10/6
f 4161/10/6 4142/10/6 4162/10/6
f 4152/3/6 4153/3/6 4163/3/6
f 4163/3/6 4153/3/6 4164/3/6
f 4149/1/6 4150/1/6 4165/1/6
f 4165/1/6 4150/1/6 4166/1/6
f 4164/3/6 4165/3/6 4167/3/6
f 4167/3/6 4165/3/6 4168/3/6
f 4168/3/6 4169/3/6 4170/3/6
f 4170/3/6 4169/3/6 4171/3/6
f 4172/10/6 4173/10/6 4174/10/6
f 4174/10/6 4173/10/6 4175/10/6
f 4172/10/6 4174/10/6 4177/10/6
f 4174/2/6 4175/2/6 4178/2/6
f 4177/10/6 4174/10/6 4178/10/6
f 4175/3/6 4176/3/6 4179/3/6
f 4179/3/6 4176/3/6 4180/3/6
f 4177/2/6 4178/2/6 4183/2/6
f 4178/2/6 4175/2/6 4184/2/6
f 4183/2/6 4178/2/6 4184/2/6
f 4175/3/6 4179/3/6 4184/3/6
f 4184/3/6 4179/3/6 4185/3/6
f 4181/2/6 4182/2/6 4187/2/6
f 4187/2/6 4182/2/6 4188/2/6
f 4186/2/6 4187/2/6 4192/2/6
f 4192/2/6 4187/2/6 4193/2/6
f 4189/3/6 4190/3/6 4194/3/6
f 4194/3/6 4190/3/6 4195/3/6
f 4191/3/6 4192/3/6 4196/3/6
f 4196/3/6 4192/3/6 4197/3/6
f 4195/3/6 4196/3/6 4198/3/6
f 4198/3/6 4196/3/6 4199/3/6
f 4200/10/6 4201/10/6 4203/10/6
f 4203/10/6 4201/10/6 4204/10/6
f 4202/10/6 4203/10/6 4207/10/6
f 4207/10/6 4203/10/6 4208/10/6
f 4206/10/6 4207/10/6 4212/10/6
f 4212/10/6 4207/10/6 4213/10/6
f 4209/10/6 4210/10/6 4215/10/6
f 4215/10/6 4210/10/6 4216/10/6
f 4211/11/6 4212/11/6 4222/11/6
f 4222/11/6 4212/11/6 4223/11/6
f 4214/6/6 4215/6/6 4224/6/6
f 4224/6/6 4215/6/6 4225/6/6
f 4218/10/6 4219/10/6 4227/10/6
f 4227/10/6 4219/10/6 4228/10/6
f 4219/11/6 4220/11/6 4229/11/6
f 4228/10/6 4219/10/6 4229/10/6
f 4229/11/6 4220/11/6 4230/11/6
f 4221/11/6 4222/11/6 4231/11/6
f 4231/11/6 4222/11/6 4232/11/6
f 4204/10/6 4205/10/6 4234/10/6
f 4234/10/6 4205/10/6 4235/10/6
f 4216/10/6 4217/10/6 4236/10/6
f 4236/10/6 4217/10/6 4237/10/6
f 4230/11/6 4231/11/6 4239/11/6
f 4239/11/6 4231/11/6 4240/11/6
f 4237/10/6 4238/10/6 4241/10/6
f 4241/10/6 4238/10/6 4242/10/6
f 4233/10/6 4234/10/6 4245/10/6
f 4245/10/6 4234/10/6 4246/10/6
f 4242/10/6 4243/10/6 4247/10/6
f 4247/10/6 4243/10/6 4248/10/6
f 4244/10/6 4245/10/6 4252/10/6
f 4252/10/6 4245/10/6 4253/10/6
f 4226/10/6 4227/10/6 4256/10/6
f 4256/10/6 4227/10/6 4257/10/6
f 4250/10/6 4251/10/6 4261/10/6
f 4251/10/6 4252/10/6 4261/10/6
f 4261/10/6 4252/10/6 4262/10/6
f 4254/10/6 4255/10/6 4263/10/6
f 4263/10/6 4255/10/6 4264/10/6
f 4258/6/6 4259/6/6 4266/6/6
f 4257/6/6 4258/6/6 4266/6/6
f 4259/10/6 4260/10/6 4267/10/6
f 4266/6/6 4259/6/6 4267/6/6
f 4250/10/6 4261/10/6 4269/10/6
f 4269/10/6 4261/10/6 4270/10/6
f 4264/10/6 4265/10/6 4271/10/6
f 4271/10/6 4265/10/6 4272/10/6
f 4267/10/6 4260/10/6 4274/10/6
f 4268/10/6 4269/10/6 4275/10/6
f 4275/10/6 4269/10/6 4276/10/6
f 4272/10/6 4273/10/6 4277/10/6
f 4277/10/6 4273/10/6 4278/10/6
f 4248/10/6 4249/10/6 4280/10/6
f 4280/10/6 4249/10/6 4281/10/6
f 4267/10/6 4274/10/6 4282/10/6
f 4282/10/6 4274/10/6 4283/10/6
f 4275/6/6 4276/6/6 4287/6/6
f 4278/6/6 4279/6/6 4288/6/6
f 4279/10/6 4280/10/6 4289/10/6
f 4288/6/6 4279/6/6 4289/6/6
f 4289/10/6 4280/10/6 4290/10/6
f 4284/10/6 4285/10/6 4291/10/6
f 4283/10/6 4284/10/6 4291/10/6
f 4285/6/6 4286/6/6 4292/6/6
f 4291/10/6 4285/10/6 4292/10/6
f 4292/6/6 4286/6/6 4293/6/6
f 4287/6/6 4276/6/6 4294/6/6
f 4294/6/6 4276/6/6 4295/6/6
f 4293/6/6 4294/6/6 4296/6/6
f 4296/6/6 4294/6/6 4297/6/6
f 4298/3/6 4299/3/6 4300/3/6
f 4300/3/6 4299/3/6 4301/3/6
f 4302/10/6 4303/10/6 4306/10/6
f 4306/10/6 4303/10/6 4307/10/6
f 4304/8/6 4305/8/6 4308/8/6
f 4308/8/6 4305/8/6 4309/8/6
f 4298/3/6 4300/3/6 4311/3/6
f 4311/3/6 4300/3/6 4312/3/6
f 4301/3/6 4299/3/6 4313/3/6
f 4313/3/6 4299/3/6 4314/3/6
f 4309/8/6 4310/8/6 4315/8/6
f 4315/8/6 4310/8/6 4316/8/6
f 4312/3/6 4313/3/6 4317/3/6
f 4317/3/6 4313/3/6 4318/3/6
f 4319/10/6 4320/10/6 4323/10/6
f 4323/10/6 4320/10/6 4324/10/6
f 4321/8/6 4322/8/6 4326/8/6
f 4326/8/6 4322/8/6 4327/8/6
f 4324/3/6 4325/3/6 4328/3/6
f 4323/3/6 4324/3/6 4328/3/6
f 4328/3/6 4325/3/6 4329/3/6
f 4330/2/6 4331/2/6 4332/2/6
f 4329/3/6 4330/3/6 4332/3/6
f 4332/2/6 4331/2/6 4333/2/6
f 4329/3/6 4332/3/6 4334/3/6
f 4334/3/6 4332/3/6 4335/3/6
f 4336/10/6 4337/10/6 4339/10/6
f 4338/10/6 4339/10/6 4341/10/6
f 4339/10/6 4337/10/6 4342/10/6
f 4341/10/6 4339/10/6 4342/10/6
f 4340/11/6 4341/11/6 4346/11/6
f 4341/11/6 4342/11/6 4346/11/6
f 4342/10/6 4337/10/6 4347/10/6
f 4346/11/6 4342/11/6 4347/11/6
f 4347/10/6 4337/10/6 4348/10/6
f 4343/10/6 4344/10/6 4349/10/6
f 4349/10/6 4344/10/6 4350/10/6
f 4345/11/6 4346/11/6 4357/11/6
f 4346/11/6 4347/11/6 4357/11/6
f 4347/11/6 4348/11/6 4357/11/6
f 4357/11/6 4348/11/6 4358/11/6
f 4348/10/6 4337/10/6 4359/10/6
f 4359/10/6 4337/10/6 4360/10/6
f 4351/7/6 4352/7/6 4361/7/6
f 4361/7/6 4352/7/6 4362/7/6
f 4354/11/6 4355/11/6 4365/11/6
f 4356/11/6 4357/11/6 4366/11/6
f 4366/11/6 4357/11/6 4367/11/6
f 4367/11/6 4357/11/6 4368/11/6
f 4358/11/6 4348/11/6 4369/11/6
f 4369/11/6 4348/11/6 4370/11/6
f 4363/4/6 4364/4/6 4375/4/6
f 4375/4/6 4364/4/6 4376/4/6
f 4365/11/6 4366/11/6 4377/11/6
f 4370/11/6 4348/11/6 4378/11/6
f 4378/11/6 4348/11/6 4379/11/6
f 4348/10/6 4359/10/6 4380/10/6
f 4380/10/6 4359/10/6 4381/10/6
f 4371/10/6 4372/10/6 4382/10/6
f 4373/7/6 4374/7/6 4384/7/6
f 4384/7/6 4374/7/6 4385/7/6
f 4375/7/6 4376/7/6 4386/7/6
f 4386/7/6 4376/7/6 4387/7/6
f 4379/11/6 4348/11/6 4388/11/6
f 4388/11/6 4348/11/6 4389/11/6
f 4389/11/6 4348/11/6 4390/11/6
f 4348/10/6 4380/10/6 4391/10/6
f 4390/11/6 4348/11/6 4391/11/6
f 4391/10/6 4380/10/6 4392/10/6
f 4382/10/6 4383/10/6 4394/10/6
f 4371/10/6 4382/10/6 4394/10/6
f 4385/7/6 4386/7/6 4395/7/6
f 4395/7/6 4386/7/6 4396/7/6
f 4353/10/6 4354/10/6 4397/10/6
f 4365/11/6 4377/11/6 4398/11/6
f 4397/10/6 4354/10/6 4398/10/6
f 4354/11/6 4365/11/6 4398/11/6
f 4398/11/6 4377/11/6 4399/11/6
f 4389/11/6 4390/11/6 4401/11/6
f 4393/10/6 4394/10/6 4403/10/6
f 4399/11/6 4377/11/6 4404/11/6
f 4400/11/6 4401/11/6 4407/11/6
f 4401/11/6 4390/11/6 4408/11/6
f 4407/11/6 4401/11/6 4408/11/6
f 4408/11/6 4390/11/6 4409/11/6
f 4402/10/6 4403/10/6 4410/10/6
f 4403/10/6 4394/10/6 4411/10/6
f 4410/10/6 4403/10/6 4411/10/6
f 4404/11/6 4405/11/6 4412/11/6
f 4399/11/6 4404/11/6 4412/11/6
f 4412/11/6 4405/11/6 4413/11/6
f 4413/11/6 4405/11/6 4414/11/6
f 4406/11/6 4407/11/6 4415/11/6
f 4407/11/6 4408/11/6 4415/11/6
f 4411/10/6 4394/10/6 4416/10/6
f 4394/10/6 4383/10/6 4417/10/6
f 4416/10/6 4394/10/6 4417/10/6
f 4412/10/6 4413/10/6 4418/10/6
f 4414/11/6 4415/11/6 4419/11/6
f 4418/10/6 4413/10/6 4419/10/6
f 4413/11/6 4414/11/6 4419/11/6
f 4419/11/6 4415/11/6 4420/11/6
f 4415/11/6 4408/11/6 4421/11/6
f 4420/11/6 4415/11/6 4421/11/6
f 4420/6/6 4421/6/6 4422/6/6
f 4422/6/6 4421/6/6 4423/6/6
f 4424/10/6 4425/10/6 4427/10/6
f 4427/10/6 4425/10/6 4428/10/6
f 4426/10/6 4427/10/6 4431/10/6
f 4431/10/6 4427/10/6 4432/10/6
f 4429/10/6 4430/10/6 4435/10/6
f 4435/10/6 4430/10/6 4436/10/6
f 4433/11/6 4434/11/6 4437/11/6
f 4434/10/6 4435/10/6 4438/10/6
f 4437/11/6 4434/11/6 4438/11/6
f 4438/10/6 4435/10/6 4439/10/6
f 4440/8/6 4441/8/6 4443/8/6
f 4443/8/6 4441/8/6 4444/8/6
f 4444/8/6 4441/8/6 4445/8/6
f 4442/8/6 4443/8/6 4447/8/6
f 4447/8/6 4443/8/6 4448/8/6
f 4445/7/6 4446/7/6 4449/7/6
f 4444/7/6 4445/7/6 4449/7/6
f 4449/7/6 4446/7/6 4450/7/6
f 4450/7/6 4451/7/6 4454/7/6
f 4454/7/6 4451/7/6 4455/7/6
f 4452/8/6 4453/8/6 4456/8/6
f 4456/8/6 4453/8/6 4457/8/6
f 4458/4/6 4459/4/6 4465/4/6
f 4465/4/6 4459/4/6 4466/4/6
f 4460/8/6 4461/8/6 4467/8/6
f 4467/8/6 4461/8/6 4468/8/6
f 4462/10/6 4463/10/6 4470/10/6
f 4470/10/6 4463/10/6 4471/10/6
f 4464/7/6 4465/7/6 4473/7/6
f 4473/7/6 4465/7/6 4474/7/6
f 4468/8/6 4469/8/6 4475/8/6
f 4475/8/6 4469/8/6 4476/8/6
f 4471/10/6 4472/10/6 4477/10/6
f 4471/10/6 4477/10/6 4480/10/6
f 4480/10/6 4477/10/6 4481/10/6
f 4478/8/6 4479/8/6 4487/8/6
f 4487/8/6 4479/8/6 4488/8/6
f 4482/10/6 4483/10/6 4489/10/6
f 4489/10/6 4483/10/6 4490/10/6
f 4484/8/6 4485/8/6 4491/8/6
f 4491/8/6 4485/8/6 4492/8/6
f 4486/8/6 4487/8/6 4494/8/6
f 4494/8/6 4487/8/6 4495/8/6
f 4493/8/6 4494/8/6 4496/8/6
f 4496/8/6 4494/8/6 4497/8/6
f 4498/10/6 4499/10/6 4503/10/6
f 4503/10/6 4499/10/6 4504/10/6
f 4500/10/6 4501/10/6 4505/10/6
f 4502/10/6 4503/10/6 4507/10/6
f 4505/10/6 4501/10/6 4508/10/6
f 4508/10/6 4501/10/6 4509/10/6
f 4506/10/6 4507/10/6 4510/10/6
f 4507/10/6 4503/10/6 4510/10/6
f 4508/11/6 4509/11/6 4512/11/6
f 4512/11/6 4509/11/6 4513/11/6
f 4506/10/6 4510/10/6 4514/10/6
f 4514/10/6 4510/10/6 4515/10/6
f 4511/11/6 4512/11/6 4516/11/6
f 4516/11/6 4512/11/6 4517/11/6
f 4518/10/6 4519/10/6 4521/10/6
f 4519/10/6 4520/10/6 4521/10/6
f 4521/10/6 4520/10/6 4522/10/6
f 4523/10/6 4524/10/6 4527/10/6
f 4525/7/6 4526/7/6 4528/7/6
f 4528/7/6 4526/7/6 4529/7/6
f 4523/10/6 4527/10/6 4532/10/6
f 4527/7/6 4528/7/6 4532/7/6
f 4532/7/6 4528/7/6 4533/7/6
f 4530/7/6 4531/7/6 4534/7/6
f 4534/7/6 4531/7/6 4535/7/6
f 4535/7/6 4536/7/6 4537/7/6
f 4537/7/6 4536/7/6 4538/7/6
f 4523/10/6 4532/10/6 4540/10/6
f 4540/10/6 4532/10/6 4541/10/6
f 4539/10/6 4540/10/6 4542/10/6
f 4542/10/6 4540/10/6 4543/10/6
f 4544/10/6 4545/10/6 4546/10/6
f 4546/10/6 4545/10/6 4547/10/6
f 4544/10/6 4546/10/6 4553/10/6
f 4553/10/6 4546/10/6 4554/10/6
f 4549/7/6 4550/7/6 4555/7/6
f 4555/7/6 4550/7/6 4556/7/6
f 4551/7/6 4552/7/6 4557/7/6
f 4557/7/6 4552/7/6 4558/7/6
f 4559/10/6 4560/10/6 4561/10/6
f 4561/10/6 4560/10/6 4562/10/6
f 4547/10/6 4548/10/6 4564/10/6
f 4564/10/6 4548/10/6 4565/10/6
f 4563/10/6 4564/10/6 4568/10/6
f 4568/10/6 4564/10/6 4569/10/6
f 4566/7/6 4567/7/6 4572/7/6
f 4572/7/6 4567/7/6 4573/7/6
f 4570/8/6 4571/8/6 4574/8/6
f 4574/8/6 4571/8/6 4575/8/6
f 4576/10/6 4577/10/6 4579/10/6
f 4579/10/6 4577/10/6 4580/10/6
f 4580/10/6 4577/10/6 4581/10/6
f 4578/10/6 4579/10/6 4582/10/6
f 4579/10/6 4580/10/6 4582/10/6
f 4580/11/6 4581/11/6 4583/11/6
f 4582/10/6 4580/10/6 4583/10/6
f 4578/10/6 4582/10/6 4584/10/6
f 4582/11/6 4583/11/6 4585/11/6
f 4584/10/6 4582/10/6 4585/10/6
f 4585/11/6 4583/11/6 4586/11/6
f 4586/11/6 4583/11/6 4587/11/6
f 4583/11/6 4581/11/6 4588/11/6
f 4587/11/6 4583/11/6 4588/11/6
f 4586/11/6 4587/11/6 4589/11/6
f 4589/11/6 4587/11/6 4590/11/6
f 4590/11/6 4587/11/6 4591/11/6
f 4591/11/6 4587/11/6 4592/11/6
f 4593/10/6 4594/10/6 4595/10/6
f 4596/11/6 4597/11/6 4598/11/6
f 4598/11/6 4597/11/6 4599/11/6
f 4595/10/6 4594/10/6 4601/10/6
f 4601/10/6 4594/10/6 4602/10/6
f 4600/10/6 4601/10/6 4605/10/6
f 4605/10/6 4601/10/6 4606/10/6
f 4603/11/6 4604/11/6 4607/11/6
f 4607/11/6 4604/11/6 4608/11/6
f 4611/10/6 4612/10/6 4615/10/6
f 4615/10/6 4612/10/6 4616/10/6
f 4609/10/6 4610/10/6 4618/10/6
f 4608/10/6 4609/10/6 4618/10/6
f 4613/7/6 4614/7/6 4619/7/6
f 4619/7/6 4614/7/6 4620/7/6
f 4616/10/6 4617/10/6 4622/10/6
f 4622/10/6 4617/10/6 4623/10/6
f 4618/10/6 4610/10/6 4628/10/6
f 4620/7/6 4621/7/6 4629/7/6
f 4625/10/6 4626/10/6 4631/10/6
f 4624/10/6 4625/10/6 4631/10/6
f 4631/10/6 4626/10/6 4632/10/6
f 4627/10/6 4628/10/6 4633/10/6
f 4628/10/6 4610/10/6 4634/10/6
f 4633/10/6 4628/10/6 4634/10/6
f 4613/7/6 4619/7/6 4635/7/6
f 4635/7/6 4619/7/6 4636/7/6
f 4629/7/6 4630/7/6 4637/7/6
f 4620/7/6 4629/7/6 4637/7/6
f 4637/7/6 4630/7/6 4638/7/6
f 4639/7/6 4640/7/6 4641/7/6
f 4641/7/6 4640/7/6 4642/7/6
f 4645/9/6 4646/9/6 4647/9/6
f 4647/9/6 4646/9/6 4648/9/6
f 4643/11/6 4644/11/6 4654/11/6
f 4654/11/6 4644/11/6 4655/11/6
f 4648/9/6 4649/9/6 4656/9/6
f 4656/9/6 4649/9/6 4657/9/6
f 4655/11/6 4644/11/6 4658/11/6
f 4658/11/6 4644/11/6 4659/11/6
f 4650/7/6 4651/7/6 4660/7/6
f 4660/7/6 4651/7/6 4661/7/6
f 4652/7/6 4653/7/6 4662/7/6
f 4662/7/6 4653/7/6 4663/7/6
f 4664/7/6 4665/7/6 4666/7/6
f 4666/7/6 4665/7/6 4667/7/6
f 4668/11/6 4669/11/6 4670/11/6
f 4670/11/6 4669/11/6 4671/11/6
f 4671/11/6 4672/11/6 4673/11/6
f 4673/11/6 4672/11/6 4674/11/6
f 4674/11/6 4675/11/6 4678/11/6
f 4678/11/6 4675/11/6 4679/11/6
f 4676/11/6 4677/11/6 4682/11/6
f 4682/11/6 4677/11/6 4683/11/6
f 4678/10/6 4679/10/6 4685/10/6
f 4680/10/6 4681/10/6 4687/10/6
f 4687/10/6 4681/10/6 4688/10/6
f 4683/11/6 4684/11/6 4689/11/6
f 4684/10/6 4685/10/6 4690/10/6
f 4689/11/6 4684/11/6 4690/11/6
f 4685/10/6 4679/10/6 4691/10/6
f 4690/10/6 4685/10/6 4691/10/6
f 4676/11/6 4682/11/6 4694/11/6
f 4694/11/6 4682/11/6 4695/11/6
f 4686/10/6 4687/10/6 4696/10/6
f 4692/10/6 4693/10/6 4697/10/6
f 4693/11/6 4694/11/6 4698/11/6
f 4697/10/6 4693/10/6 4698/10/6
f 4698/11/6 4694/11/6 4699/11/6
f 4686/10/6 4696/10/6 4700/10/6
f 4700/10/6 4696/10/6 4701/10/6
f 4701/11/6 4702/11/6 4703/11/6
f 4703/11/6 4702/11/6 4704/11/6
f 4704/11/6 4705/11/6 4708/11/6
f 4708/11/6 4705/11/6 4709/11/6
f 4706/7/6 4707/7/6 4710/7/6
f 4710/7/6 4707/7/6 4711/7/6
f 4706/7/6 4710/7/6 4712/7/6
f 4712/7/6 4710/7/6 4713/7/6
f 4713/7/6 4714/7/6 4715/7/6
f 4715/7/6 4714/7/6 4716/7/6
f 4717/9/6 4718/9/6 4721/9/6
f 4721/9/6 4718/9/6 4722/9/6
f 4719/7/6 4720/7/6 4724/7/6
f 4724/7/6 4720/7/6 4725/7/6
f 4723/7/6 4724/7/6 4726/7/6
f 4726/7/6 4724/7/6 4727/7/6
f 4728/10/6 4729/10/6 4733/10/6
f 4733/10/6 4729/10/6 4734/10/6
f 4730/11/6 4731/11/6 4735/11/6
f 4735/11/6 4731/11/6 4736/11/6
f 4736/11/6 4731/11/6 4737/11/6
f 4732/10/6 4733/10/6 4739/10/6
f 4739/10/6 4733/10/6 4740/10/6
f 4737/11/6 4738/11/6 4741/11/6
f 4736/11/6 4737/11/6 4741/11/6
f 4741/11/6 4738/11/6 4742/11/6
f 4739/11/6 4740/11/6 4744/11/6
f 4744/11/6 4740/11/6 4745/11/6
f 4742/11/6 4738/11/6 4746/11/6
f 4746/11/6 4738/11/6 4747/11/6
f 4743/11/6 4744/11/6 4749/11/6
f 4749/11/6 4744/11/6 4750/11/6
f 4747/11/6 4738/11/6 4751/11/6
f 4751/11/6 4738/11/6 4752/11/6
f 4748/10/6 4749/10/6 4754/10/6
f 4754/10/6 4749/10/6 4755/10/6
f 4742/11/6 4746/11/6 4757/11/6
f 4756/11/6 4757/11/6 4760/11/6
f 4757/11/6 4746/11/6 4761/11/6
f 4760/11/6 4757/11/6 4761/11/6
f 4753/10/6 4754/10/6 4762/10/6
f 4762/10/6 4754/10/6 4763/10/6
f 4758/11/6 4759/11/6 4764/11/6
f 4764/11/6 4759/11/6 4765/11/6
f 4762/11/6 4763/11/6 4767/11/6
f 4767/11/6 4763/11/6 4768/11/6
f 4768/11/6 4769/11/6 4770/11/6
f 4770/11/6 4769/11/6 4771/11/6
f 4765/11/6 4766/11/6 4772/11/6
f 4772/11/6 4766/11/6 4773/11/6
f 4771/11/6 4769/11/6 4774/11/6
f 4774/11/6 4769/11/6 4775/11/6
f 4772/10/6 4773/10/6 4776/10/6
f 4776/10/6 4773/10/6 4777/10/6
f 4775/10/6 4776/10/6 4778/10/6
f 4778/10/6 4776/10/6 4779/10/6
f 4780/7/6 4781/7/6 4783/7/6
f 4781/9/6 4782/9/6 4784/9/6
f 4783/7/6 4781/7/6 4784/7/6
f 4784/9/6 4782/9/6 4785/9/6
f 4785/9/6 4782/9/6 4786/9/6
f 4784/9/6 4785/9/6 4787/9/6
f 4787/9/6 4785/9/6 4788/9/6
f 4786/9/6 4782/9/6 4789/9/6
f 4789/9/6 4782/9/6 4790/9/6
f 4788/9/6 4789/9/6 4791/9/6
f 4791/9/6 4789/9/6 4792/9/6
f 4793/11/6 4794/11/6 4796/11/6
f 4796/11/6 4794/11/6 4797/11/6
f 4797/11/6 4798/11/6 4799/11/6
f 4799/11/6 4798/11/6 4800/11/6
f 4795/11/6 4796/11/6 4803/11/6
f 4802/11/6 4803/11/6 4805/11/6
f 4804/11/6 4805/11/6 4807/11/6
f 4803/11/6 4796/11/6 4808/11/6
f 4805/11/6 4803/11/6 4808/11/6
f 4807/11/6 4805/11/6 4808/11/6
f 4800/11/6 4801/11/6 4809/11/6
f 4809/11/6 4801/11/6 4810/11/6
f 4807/11/6 4808/11/6 4811/11/6
f 4806/11/6 4807/11/6 4811/11/6
f 4808/11/6 4809/11/6 4811/11/6
f 4811/11/6 4809/11/6 4812/11/6
f 4806/11/6 4811/11/6 4813/11/6
f 4806/11/6 4813/11/6 4815/11/6
f 4813/11/6 4814/11/6 4815/11/6
f 4815/11/6 4814/11/6 4816/11/6
f 4816/11/6 4814/11/6 4817/11/6
f 4817/11/6 4814/11/6 4818/11/6
f 4819/9/6 4820/9/6 4821/9/6
f 4821/9/6 4820/9/6 4822/9/6
f 4823/4/6 4824/4/6 4825/4/6
f 4825/4/6 4824/4/6 4826/4/6
f 4827/11/6 4828/11/6 4829/11/6
f 4827/11/6 4829/11/6 4831/11/6
f 4829/11/6 4830/11/6 4831/11/6
f 4831/11/6 4830/11/6 4832/11/6
f 4833/4/6 4834/4/6 4835/4/6
f 4835/4/6 4834/4/6 4836/4/6
f 4837/9/6 4838/9/6 4839/9/6
f 4839/9/6 4838/9/6 4840/9/6
f 4840/9/6 4838/9/6 4841/9/6
f 4842/9/6 4843/9/6 4844/9/6
f 4844/9/6 4843/9/6 4845/9/6
