# MagicaVoxel @ Ephtracy

# group
o 

# material
mtllib кристалы planet2.mtl
usemtl palette

# normals
vn -1 0 0
vn 1 0 0
vn 0 0 1
vn 0 0 -1
vn 0 -1 0
vn 0 1 0

# texcoords
vt 0.439453 0.5
vt 0.865234 0.5
vt 0.884766 0.5
vt 0.896484 0.5
vt 0.923828 0.5
vt 0.939453 0.5
vt 0.943359 0.5
vt 0.951172 0.5
vt 0.970703 0.5
vt 0.974609 0.5
vt 0.978516 0.5
vt 0.982422 0.5
vt 0.986328 0.5

# verts
v -2 0.5 -1.1
v -2 0.5 -1.2
v -2 0.7 -1.1
v -2 0.7 -1.2
v -1.9 0.2 -0.9
v -1.9 0.2 -1.3
v -1.9 0.4 -1.3
v -1.9 0.4 -1.4
v -1.9 0.5 -0.9
v -1.9 0.5 -1
v -1.9 0.5 -1.1
v -1.9 0.5 -1.2
v -1.9 0.5 -1.4
v -1.9 0.7 -1.1
v -1.9 0.7 -1.2
v -1.9 0.7 -1.4
v -1.9 0.8 -1
v -1.9 0.8 -1.2
v -1.8 0 -0.7
v -1.8 0 -1.6
v -1.8 0.2 -0.7
v -1.8 0.2 -0.8
v -1.8 0.2 -0.9
v -1.8 0.2 -1.3
v -1.8 0.2 -1.5
v -1.8 0.2 -1.6
v -1.8 0.4 -0.8
v -1.8 0.4 -0.9
v -1.8 0.4 -1.3
v -1.8 0.4 -1.4
v -1.8 0.4 -1.5
v -1.8 0.5 -0.8
v -1.8 0.5 -0.9
v -1.8 0.5 -1
v -1.8 0.5 -1.4
v -1.8 0.5 -1.5
v -1.8 0.6 -0.9
v -1.8 0.6 -1
v -1.8 0.7 -1.2
v -1.8 0.7 -1.3
v -1.8 0.7 -1.4
v -1.8 0.8 -1.1
v -1.8 0.8 -1.2
v -1.8 0.8 -1.3
v -1.8 0.8 -1.4
v -1.8 0.9 -1.1
v -1.8 0.9 -1.3
v -1.7 0 -0.6
v -1.7 0 -0.7
v -1.7 0 -1.6
v -1.7 0 -1.7
v -1.7 0.2 -0.6
v -1.7 0.2 -0.7
v -1.7 0.2 -0.8
v -1.7 0.2 -1.5
v -1.7 0.2 -1.6
v -1.7 0.2 -1.7
v -1.7 0.3 -0.7
v -1.7 0.3 -0.8
v -1.7 0.4 -1.5
v -1.7 0.4 -1.6
v -1.7 0.5 -1.4
v -1.7 0.5 -1.5
v -1.7 0.5 -1.6
v -1.7 0.7 -1.4
v -1.7 0.7 -1.5
v -1.7 0.8 -1.3
v -1.7 0.8 -1.4
v -1.7 0.9 -1.3
v -1.7 0.9 -1.4
v -1.6 0 0.4
v -1.6 0 -2.38419e-07
v -1.6 0.2 0.4
v -1.6 0.2 -2.38419e-07
v -1.6 0.2 -1.6
v -1.6 0.2 -1.7
v -1.6 0.4 -1.6
v -1.6 0.4 -1.7
v -1.6 0.5 -1.5
v -1.6 0.5 -1.6
v -1.6 0.5 -1.7
v -1.6 0.6 -1.5
v -1.6 0.6 -1.6
v -1.6 0.7 -1.4
v -1.6 0.7 -1.5
v -1.6 0.8 -1.4
v -1.6 0.8 -1.5
v -1.5 0 1.2
v -1.5 0 0.7
v -1.5 0 0.6
v -1.5 0 0.4
v -1.5 0 -2.38419e-07
v -1.5 0 -0.1
v -1.5 0 -1.7
v -1.5 0 -1.8
v -1.5 0.2 1.2
v -1.5 0.2 0.7
v -1.5 0.2 0.6
v -1.5 0.2 0.4
v -1.5 0.2 -2.38419e-07
v -1.5 0.2 -0.1
v -1.5 0.3 0.4
v -1.5 0.3 -2.38419e-07
v -1.5 0.4 -1.7
v -1.5 0.5 -1.6
v -1.5 0.5 -1.7
v -1.5 0.5 -1.8
v -1.5 0.6 -1.6
v -1.5 0.6 -1.7
v -1.4 0 1.3
v -1.4 0 1.2
v -1.4 0 0.7
v -1.4 0 0.6
v -1.4 0.2 1.2
v -1.4 0.2 0.7
v -1.4 0.2 0.6
v -1.4 0.2 0.4
v -1.4 0.3 1
v -1.4 0.3 0.7
v -1.4 0.3 0.6
v -1.4 0.3 0.4
v -1.4 0.4 1.3
v -1.4 0.4 1
v -1.4 0.6 1
v -1.4 0.6 0.7
v -1.4 0.7 1.1
v -1.4 0.7 1
v -1.4 0.9 0.8
v -1.4 0.9 0.7
v -1.4 1 1.1
v -1.4 1 0.8
v -1.3 0.1 1.5
v -1.3 0.1 1.3
v -1.3 0.2 0.7
v -1.3 0.2 0.6
v -1.3 0.3 1
v -1.3 0.3 0.7
v -1.3 0.3 0.6
v -1.3 0.3 0.4
v -1.3 0.3 0.3
v -1.3 0.4 1.5
v -1.3 0.4 1.3
v -1.3 0.4 1
v -1.3 0.4 0.7
v -1.3 0.4 0.6
v -1.3 0.4 0.4
v -1.3 0.4 0.3
v -1.3 0.5 1.3
v -1.3 0.5 1
v -1.3 0.6 1.1
v -1.3 0.6 1
v -1.3 0.6 0.7
v -1.3 0.6 0.6
v -1.3 0.7 1.2
v -1.3 0.7 1.1
v -1.3 0.7 1
v -1.3 0.9 0.8
v -1.3 0.9 0.7
v -1.3 0.9 0.6
v -1.3 1 1.2
v -1.3 1 1.1
v -1.3 1 0.9
v -1.3 1 0.8
v -1.3 1 0.7
v -1.3 1.1 1.1
v -1.3 1.1 0.9
v -1.3 1.1 0.8
v -1.2 0 1.5
v -1.2 0 1.4
v -1.2 0 1.3
v -1.2 0.1 1.7
v -1.2 0.1 1.5
v -1.2 0.1 1.4
v -1.2 0.1 1.3
v -1.2 0.3 0.3
v -1.2 0.3 0.2
v -1.2 0.4 1.7
v -1.2 0.4 1.5
v -1.2 0.4 1.3
v -1.2 0.4 0.7
v -1.2 0.4 0.6
v -1.2 0.4 0.4
v -1.2 0.4 0.3
v -1.2 0.4 0.2
v -1.2 0.5 1.5
v -1.2 0.5 1.3
v -1.2 0.5 1.2
v -1.2 0.5 1.1
v -1.2 0.5 1
v -1.2 0.5 0.6
v -1.2 0.5 0.3
v -1.2 0.6 1.2
v -1.2 0.6 1.1
v -1.2 0.6 1
v -1.2 0.6 0.7
v -1.2 0.6 0.6
v -1.2 0.7 1.2
v -1.2 0.7 1.1
v -1.2 0.7 0.0999999
v -1.2 0.7 -2.38419e-07
v -1.2 0.8 0.0999999
v -1.2 0.8 -2.38419e-07
v -1.2 0.9 0.7
v -1.2 0.9 0.6
v -1.2 1 1.2
v -1.2 1 1.1
v -1.2 1 0.8
v -1.2 1 0.7
v -1.2 1 0.6
v -1.2 1.1 1.2
v -1.2 1.1 1.1
v -1.2 1.1 0.9
v -1.2 1.1 0.8
v -1.2 1.1 0.7
v -1.2 1.2 1.1
v -1.2 1.2 0.8
v -1.1 0 1.7
v -1.1 0 1.6
v -1.1 0 1.5
v -1.1 0 -2.38419e-07
v -1.1 0 -0.1
v -1.1 0.1 1.8
v -1.1 0.1 1.7
v -1.1 0.1 1.6
v -1.1 0.1 1.5
v -1.1 0.1 -2.38419e-07
v -1.1 0.1 -0.1
v -1.1 0.2 0.0999999
v -1.1 0.2 -2.38419e-07
v -1.1 0.2 -0.1
v -1.1 0.3 0.0999999
v -1.1 0.3 -2.38419e-07
v -1.1 0.4 1.8
v -1.1 0.4 1.7
v -1.1 0.4 1.5
v -1.1 0.5 1.7
v -1.1 0.5 1.5
v -1.1 0.5 1.3
v -1.1 0.5 1.2
v -1.1 0.6 1.2
v -1.1 0.6 0.6
v -1.1 0.6 0.5
v -1.1 0.7 0.2
v -1.1 0.7 0.0999999
v -1.1 0.7 -2.38419e-07
v -1.1 0.7 -0.1
v -1.1 0.8 0.2
v -1.1 0.8 0.0999999
v -1.1 0.8 -2.38419e-07
v -1.1 0.8 -0.1
v -1.1 0.9 0.6
v -1.1 0.9 0.5
v -1.1 1 1.3
v -1.1 1 1.2
v -1.1 1 0.0999999
v -1.1 1 -2.38419e-07
v -1.1 1.1 1.3
v -1.1 1.1 1.2
v -1.1 1.1 1.1
v -1.1 1.2 1.2
v -1.1 1.2 1.1
v -1 0 1.8
v -1 0 1.7
v -1 0 -0.1
v -1 0 -0.3
v -1 0.1 1.8
v -1 0.1 1.7
v -1 0.1 -0.1
v -1 0.2 -2.38419e-07
v -1 0.2 -0.1
v -1 0.2 -0.3
v -1 0.2 -1
v -1 0.2 -1.2
v -1 0.3 0.2
v -1 0.3 -2.38419e-07
v -1 0.3 -1
v -1 0.3 -1.2
v -1 0.4 0.2
v -1 0.4 0.0999999
v -1 0.4 -0.1
v -1 0.5 1.4
v -1 0.5 1.3
v -1 0.5 0.6
v -1 0.5 0.5
v -1 0.5 0.2
v -1 0.5 0.0999999
v -1 0.6 0.6
v -1 0.6 0.5
v -1 0.7 0.3
v -1 0.7 0.2
v -1 0.7 -0.1
v -1 0.7 -0.2
v -1 0.8 1.5
v -1 0.8 1.4
v -1 0.8 0.3
v -1 0.8 0.2
v -1 0.8 0.0999999
v -1 0.8 -2.38419e-07
v -1 0.8 -0.1
v -1 0.8 -0.2
v -1 1 1.4
v -1 1 1.3
v -1 1 0.7
v -1 1 0.6
v -1 1 0.2
v -1 1 0.0999999
v -1 1 -2.38419e-07
v -1 1 -0.1
v -1 1.1 1.5
v -1 1.1 1.4
v -1 1.1 1.3
v -1 1.1 1.2
v -1 1.1 0.7
v -1 1.1 0.6
v -1 1.2 1.3
v -1 1.2 1.2
v -1 1.3 0.0999999
v -1 1.3 -2.38419e-07
v -0.9 0 -0.3
v -0.9 0 -0.5
v -0.9 0 -0.8
v -0.9 0 -0.9
v -0.9 0.1 -0.8
v -0.9 0.1 -0.9
v -0.9 0.1 -1
v -0.9 0.2 -0.1
v -0.9 0.2 -0.2
v -0.9 0.2 -0.3
v -0.9 0.2 -0.5
v -0.9 0.2 -0.9
v -0.9 0.2 -1
v -0.9 0.3 -0.1
v -0.9 0.3 -0.2
v -0.9 0.3 -0.3
v -0.9 0.3 -1
v -0.9 0.3 -1.1
v -0.9 0.3 -1.3
v -0.9 0.4 1.8
v -0.9 0.4 1.7
v -0.9 0.4 0.0999999
v -0.9 0.4 -2.38419e-07
v -0.9 0.4 -1.1
v -0.9 0.4 -1.3
v -0.9 0.5 1.8
v -0.9 0.5 1.7
v -0.9 0.5 1.5
v -0.9 0.5 0.0999999
v -0.9 0.5 -2.38419e-07
v -0.9 0.6 -1
v -0.9 0.6 -1.1
v -0.9 0.6 -1.2
v -0.9 0.6 -1.3
v -0.9 0.7 1.8
v -0.9 0.7 1.5
v -0.9 0.7 1.4
v -0.9 0.7 0.4
v -0.9 0.7 0.3
v -0.9 0.7 0.0999999
v -0.9 0.7 -2.38419e-07
v -0.9 0.7 -0.2
v -0.9 0.7 -0.3
v -0.9 0.7 -1.1
v -0.9 0.7 -1.2
v -0.9 0.8 1.6
v -0.9 0.8 1.5
v -0.9 0.8 1.4
v -0.9 0.8 0.4
v -0.9 0.8 0.3
v -0.9 0.8 0.2
v -0.9 0.8 0.0999999
v -0.9 0.8 -2.38419e-07
v -0.9 0.8 -0.1
v -0.9 0.8 -0.2
v -0.9 0.8 -0.3
v -0.9 0.9 0.6
v -0.9 0.9 0.5
v -0.9 0.9 0.0999999
v -0.9 0.9 -2.38419e-07
v -0.9 1 0.6
v -0.9 1 0.3
v -0.9 1 0.2
v -0.9 1 0.0999999
v -0.9 1 -2.38419e-07
v -0.9 1 -0.1
v -0.9 1 -0.2
v -0.9 1.1 1.6
v -0.9 1.1 1.5
v -0.9 1.1 1.4
v -0.9 1.1 1.3
v -0.9 1.1 0.8
v -0.9 1.1 0.6
v -0.9 1.1 0.5
v -0.9 1.2 1.5
v -0.9 1.2 1.3
v -0.9 1.2 0.8
v -0.9 1.2 0.6
v -0.9 1.3 0.2
v -0.9 1.3 0.0999999
v -0.9 1.3 -2.38419e-07
v -0.9 1.3 -0.1
v -0.9 1.4 0.0999999
v -0.9 1.4 -2.38419e-07
v -0.8 0 2
v -0.8 0 1.8
v -0.8 0 -0.5
v -0.8 0 -0.6
v -0.8 0 -0.7
v -0.8 0 -0.8
v -0.8 0 -1.8
v -0.8 0 -1.9
v -0.8 0.1 -0.5
v -0.8 0.1 -0.6
v -0.8 0.1 -0.7
v -0.8 0.1 -0.8
v -0.8 0.2 2
v -0.8 0.2 1.8
v -0.8 0.2 -0.3
v -0.8 0.2 -0.5
v -0.8 0.2 -0.6
v -0.8 0.2 -0.9
v -0.8 0.2 -1
v -0.8 0.2 -1.7
v -0.8 0.2 -1.8
v -0.8 0.2 -1.9
v -0.8 0.3 -0.3
v -0.8 0.3 -0.5
v -0.8 0.3 -0.9
v -0.8 0.3 -1
v -0.8 0.3 -1.3
v -0.8 0.3 -1.4
v -0.8 0.3 -1.7
v -0.8 0.3 -1.8
v -0.8 0.4 1.9
v -0.8 0.4 1.8
v -0.8 0.4 -1.3
v -0.8 0.4 -1.4
v -0.8 0.5 1.8
v -0.8 0.5 1.5
v -0.8 0.5 1.4
v -0.8 0.5 0.5
v -0.8 0.5 0.4
v -0.8 0.6 1.9
v -0.8 0.6 1.8
v -0.8 0.6 0.5
v -0.8 0.6 0.4
v -0.8 0.6 -1
v -0.8 0.6 -1.1
v -0.8 0.6 -1.2
v -0.8 0.6 -1.3
v -0.8 0.6 -1.4
v -0.8 0.7 1.9
v -0.8 0.7 1.8
v -0.8 0.7 1.5
v -0.8 0.7 1.4
v -0.8 0.7 -1
v -0.8 0.7 -1.1
v -0.8 0.7 -1.2
v -0.8 0.8 1.8
v -0.8 0.8 1.6
v -0.8 0.8 1.5
v -0.8 0.8 0.2
v -0.8 0.8 0.0999999
v -0.8 0.8 -2.38419e-07
v -0.8 0.8 -0.1
v -0.8 0.8 -1.1
v -0.8 0.8 -1.3
v -0.8 0.9 0.2
v -0.8 0.9 0.0999999
v -0.8 0.9 -2.38419e-07
v -0.8 0.9 -0.1
v -0.8 0.9 -1.1
v -0.8 0.9 -1.2
v -0.8 1 -1.2
v -0.8 1 -1.3
v -0.8 1.1 1.6
v -0.8 1.1 1.5
v -0.8 1.2 1.6
v -0.8 1.2 1.5
v -0.8 1.2 1.1
v -0.8 1.2 0.0999999
v -0.8 1.2 -2.38419e-07
v -0.8 1.3 1.5
v -0.8 1.3 1.1
v -0.7 0.1 -1.1
v -0.7 0.1 -1.2
v -0.7 0.2 2
v -0.7 0.2 1.8
v -0.7 0.2 -1.1
v -0.7 0.2 -1.2
v -0.7 0.3 2
v -0.7 0.3 1.8
v -0.7 0.3 -0.9
v -0.7 0.3 -1
v -0.7 0.4 -0.9
v -0.7 0.4 -1
v -0.7 0.6 0.6
v -0.7 0.6 0.5
v -0.7 0.7 1.9
v -0.7 0.7 1.8
v -0.7 0.8 1.9
v -0.7 0.8 1.8
v -0.7 0.8 0.6
v -0.7 0.8 0.5
v -0.7 0.8 0.0999999
v -0.7 0.8 -2.38419e-07
v -0.7 0.9 0.0999999
v -0.7 0.9 -2.38419e-07
v -0.6 0 -0.7
v -0.6 0 -0.9
v -0.6 0.1 -0.8
v -0.6 0.1 -0.9
v -0.6 0.2 -0.7
v -0.6 0.2 -0.8
v -0.6 0.2 -0.9
v -0.6 0.4 0.4
v -0.6 0.4 0.0999999
v -0.6 0.5 2
v -0.6 0.5 1.9
v -0.6 0.5 0.2
v -0.6 0.5 0.0999999
v -0.6 0.6 1.9
v -0.6 0.6 0.5
v -0.6 0.6 0.4
v -0.6 0.6 0.2
v -0.6 0.8 2
v -0.6 0.8 1.9
v -0.6 0.8 1.7
v -0.6 0.8 1.6
v -0.6 0.8 0.5
v -0.6 0.8 0.4
v -0.6 0.9 1.9
v -0.6 0.9 1.7
v -0.6 1 1.7
v -0.6 1 1.6
v -0.6 1.3 1.5
v -0.6 1.3 1.4
v -0.6 1.4 1.5
v -0.6 1.4 1.4
v -0.5 0 -0.6
v -0.5 0 -0.7
v -0.5 0.1 -0.6
v -0.5 0.2 -0.6
v -0.5 0.2 -0.7
v -0.5 0.2 -0.8
v -0.5 0.2 -0.9
v -0.5 0.3 -0.7
v -0.5 0.3 -0.9
v -0.5 0.9 1
v -0.5 0.9 0.9
v -0.5 1 1
v -0.5 1 0.9
v -0.5 1.3 1.6
v -0.5 1.3 1.5
v -0.5 1.3 1.4
v -0.5 1.3 1.3
v -0.5 1.4 1.6
v -0.5 1.4 1.5
v -0.5 1.4 1.4
v -0.5 1.4 1.3
v -0.5 1.6 1.5
v -0.5 1.6 1.4
v -0.4 0.2 -0.6
v -0.4 0.2 -0.7
v -0.4 0.2 -1.3
v -0.4 0.2 -1.4
v -0.4 0.3 -0.6
v -0.4 0.3 -0.7
v -0.4 0.3 -1
v -0.4 0.3 -1.3
v -0.4 0.3 -1.4
v -0.4 0.4 -1.3
v -0.4 0.4 -1.4
v -0.4 0.5 -1
v -0.4 0.5 -1.4
v -0.4 1.3 1.7
v -0.4 1.3 1.6
v -0.4 1.3 1.3
v -0.4 1.3 1.2
v -0.4 1.4 1.7
v -0.4 1.4 1.6
v -0.4 1.4 1.5
v -0.4 1.4 1.4
v -0.4 1.4 1.3
v -0.4 1.4 1.2
v -0.4 1.6 1.6
v -0.4 1.6 1.5
v -0.4 1.6 1.4
v -0.4 1.6 1.3
v -0.4 1.8 1.5
v -0.4 1.8 1.4
v -0.3 0.2 -1.4
v -0.3 0.2 -1.5
v -0.3 0.3 1.9
v -0.3 0.3 1.8
v -0.3 0.3 1.7
v -0.3 0.3 -0.9
v -0.3 0.3 -1
v -0.3 0.4 2
v -0.3 0.4 1.9
v -0.3 0.4 1.8
v -0.3 0.4 1.7
v -0.3 0.4 -1.4
v -0.3 0.5 2
v -0.3 0.5 1.9
v -0.3 0.5 -0.9
v -0.3 0.5 -1
v -0.3 0.5 -1.3
v -0.3 0.5 -1.4
v -0.3 0.5 -1.5
v -0.3 0.6 -1
v -0.3 0.6 -1.3
v -0.3 0.6 -1.4
v -0.3 1.3 1.8
v -0.3 1.3 1.7
v -0.3 1.3 1.2
v -0.3 1.3 1.1
v -0.3 1.4 1.8
v -0.3 1.4 1.7
v -0.3 1.4 1.6
v -0.3 1.4 1.3
v -0.3 1.4 1.2
v -0.3 1.4 1.1
v -0.3 1.6 1.7
v -0.3 1.6 1.6
v -0.3 1.6 1.5
v -0.3 1.6 1.4
v -0.3 1.6 1.3
v -0.3 1.6 1.2
v -0.3 1.8 1.6
v -0.3 1.8 1.5
v -0.3 1.8 1.4
v -0.3 1.8 1.3
v -0.3 2.1 1.5
v -0.3 2.1 1.4
v -0.2 0.1 -1.4
v -0.2 0.1 -1.5
v -0.2 0.2 -1.4
v -0.2 0.2 -1.5
v -0.2 1.1 1.5
v -0.2 1.1 1.4
v -0.2 1.3 1.9
v -0.2 1.3 1.8
v -0.2 1.3 1.5
v -0.2 1.3 1.4
v -0.2 1.3 1.1
v -0.2 1.3 1
v -0.2 1.4 1.9
v -0.2 1.4 1.8
v -0.2 1.4 1.7
v -0.2 1.4 1.2
v -0.2 1.4 1.1
v -0.2 1.4 1
v -0.2 1.5 1.5
v -0.2 1.5 1.4
v -0.2 1.6 1.8
v -0.2 1.6 1.7
v -0.2 1.6 1.6
v -0.2 1.6 1.5
v -0.2 1.6 1.4
v -0.2 1.6 1.3
v -0.2 1.6 1.2
v -0.2 1.6 1.1
v -0.2 1.8 1.7
v -0.2 1.8 1.6
v -0.2 1.8 1.5
v -0.2 1.8 1.4
v -0.2 1.8 1.3
v -0.2 1.8 1.2
v -0.2 2.1 1.6
v -0.2 2.1 1.5
v -0.2 2.1 1.4
v -0.2 2.1 1.3
v -0.2 2.2 1.5
v -0.2 2.2 1.4
v -0.0999999 0.2 2
v -0.0999999 0.2 1.9
v -0.0999999 0.2 -1.5
v -0.0999999 0.2 -1.7
v -0.0999999 0.3 2
v -0.0999999 0.3 1.9
v -0.0999999 0.4 -1.5
v -0.0999999 0.4 -1.7
v -0.0999999 0.5 -1.5
v -0.0999999 0.5 -1.7
v -0.0999999 0.6 1
v -0.0999999 0.6 0.9
v -0.0999999 0.6 0.6
v -0.0999999 0.6 0.5
v -0.0999999 0.7 1
v -0.0999999 0.7 0.9
v -0.0999999 0.7 0.8
v -0.0999999 0.7 0.7
v -0.0999999 0.7 0.6
v -0.0999999 0.8 0.9
v -0.0999999 0.8 0.8
v -0.0999999 0.8 0.7
v -0.0999999 0.9 0.8
v -0.0999999 0.9 0.5
v -0.0999999 1.5 1.6
v -0.0999999 1.5 1.5
v -0.0999999 1.5 1.4
v -0.0999999 1.5 1.3
v -0.0999999 1.6 1.5
v -0.0999999 1.6 1.4
v -0.0999999 1.7 1.6
v -0.0999999 1.7 1.5
v -0.0999999 1.7 1.4
v -0.0999999 1.7 1.3
v -0.0999999 1.8 1.5
v -0.0999999 1.8 1.4
v -0.0999999 1.9 1.5
v -0.0999999 1.9 1.4
v 2.38419e-07 0 -1.4
v 2.38419e-07 0 -1.5
v 2.38419e-07 0 -1.7
v 2.38419e-07 0.1 -1.4
v 2.38419e-07 0.1 -1.5
v 2.38419e-07 0.2 -1.5
v 2.38419e-07 0.2 -1.7
v 2.38419e-07 0.2 -1.8
v 2.38419e-07 0.4 0.6
v 2.38419e-07 0.4 0.5
v 2.38419e-07 0.4 -1.7
v 2.38419e-07 0.4 -1.8
v 2.38419e-07 0.5 -1.4
v 2.38419e-07 0.5 -1.5
v 2.38419e-07 0.5 -1.7
v 2.38419e-07 0.5 -1.8
v 2.38419e-07 0.6 0.6
v 2.38419e-07 0.6 0.5
v 2.38419e-07 0.6 -1.4
v 2.38419e-07 0.6 -1.7
v 2.38419e-07 0.7 0.5
v 2.38419e-07 0.7 0.4
v 2.38419e-07 0.8 0.4
v 2.38419e-07 0.8 0.3
v 2.38419e-07 0.9 1.2
v 2.38419e-07 0.9 1.1
v 2.38419e-07 0.9 0.7
v 2.38419e-07 0.9 0.5
v 2.38419e-07 0.9 0.4
v 2.38419e-07 0.9 0.3
v 2.38419e-07 1 1.3
v 2.38419e-07 1 1.2
v 2.38419e-07 1 1.1
v 2.38419e-07 1 0.7
v 2.38419e-07 1 0.4
v 2.38419e-07 1.1 1.3
v 2.38419e-07 1.1 1.2
v 2.38419e-07 1.5 1.5
v 2.38419e-07 1.5 1.4
v 2.38419e-07 1.7 1.5
v 2.38419e-07 1.7 1.4
v 0.1 0 -1.7
v 0.1 0 -1.8
v 0.1 0.2 -1.7
v 0.1 0.2 -1.8
v 0.1 0.6 0.5
v 0.1 0.6 0.4
v 0.1 0.7 0.5
v 0.1 0.7 0.4
v 0.1 0.8 1.1
v 0.1 0.8 1
v 0.1 0.9 1.1
v 0.1 0.9 1
v 0.1 0.9 0.4
v 0.1 0.9 0.3
v 0.1 1 0.5
v 0.1 1 0.4
v 0.1 1 0.3
v 0.1 1.1 0.5
v 0.1 1.1 0.4
v 0.2 0.3 -0.9
v 0.2 0.3 -1
v 0.2 0.4 -1
v 0.2 0.5 -0.9
v 0.2 0.5 -1
v 0.2 0.5 -1.1
v 0.2 0.6 -1
v 0.2 0.6 -1.1
v 0.2 0.6 -1.2
v 0.2 0.6 -1.5
v 0.2 0.7 -1.1
v 0.2 0.7 -1.2
v 0.2 0.7 -1.4
v 0.2 0.7 -1.5
v 0.2 0.8 -1.1
v 0.2 0.8 -1.2
v 0.2 0.8 -1.4
v 0.2 0.9 -1.2
v 0.2 0.9 -1.4
v 0.2 1 0.4
v 0.2 1 0.3
v 0.2 1.1 0.4
v 0.2 1.1 0.3
v 0.3 0.4 2
v 0.3 0.4 1.9
v 0.3 0.5 2
v 0.3 0.5 1.9
v 0.3 0.6 -1.5
v 0.3 0.6 -1.6
v 0.3 0.7 -1.4
v 0.3 0.7 -1.5
v 0.3 0.7 -1.6
v 0.3 0.8 -1.4
v 0.3 0.8 -1.5
v 0.3 0.8 -1.6
v 0.3 0.9 -1.2
v 0.3 0.9 -1.4
v 0.3 1 0.3
v 0.3 1 0.2
v 0.3 1 -1.2
v 0.3 1 -1.4
v 0.3 1.1 0.4
v 0.3 1.1 0.3
v 0.3 1.1 0.2
v 0.3 1.1 -1.4
v 0.3 1.1 -1.5
v 0.3 1.2 0.4
v 0.3 1.2 0.3
v 0.3 1.2 -1.2
v 0.3 1.2 -1.3
v 0.3 1.3 -1.3
v 0.3 1.3 -1.4
v 0.3 1.4 -1.4
v 0.3 1.4 -1.5
v 0.3 1.5 -1.3
v 0.3 1.5 -1.4
v 0.4 0 -0.5
v 0.4 0 -0.6
v 0.4 0.2 -0.5
v 0.4 0.2 -0.6
v 0.4 0.2 -0.7
v 0.4 0.3 2
v 0.4 0.3 1.9
v 0.4 0.3 -0.6
v 0.4 0.3 -0.7
v 0.4 0.3 -0.8
v 0.4 0.3 -0.9
v 0.4 0.4 2
v 0.4 0.4 1.9
v 0.4 0.5 -0.8
v 0.4 0.5 -0.9
v 0.4 0.5 -1
v 0.4 0.6 -0.9
v 0.4 0.6 -1
v 0.4 0.6 -1.1
v 0.4 0.7 -1
v 0.4 0.7 -1.1
v 0.4 0.8 2
v 0.4 0.8 1.9
v 0.4 0.8 -1.5
v 0.4 0.8 -1.6
v 0.4 0.9 2
v 0.4 0.9 1.9
v 0.4 0.9 -1.5
v 0.4 0.9 -1.6
v 0.4 1.4 -1.4
v 0.4 1.4 -1.5
v 0.4 1.5 -1.4
v 0.4 1.6 -1.4
v 0.4 1.6 -1.5
v 0.5 0 -0.4
v 0.5 0 -0.5
v 0.5 0.2 -0.4
v 0.5 0.2 -0.5
v 0.5 0.2 -0.6
v 0.5 0.2 -1.8
v 0.5 0.2 -1.9
v 0.5 0.3 -0.5
v 0.5 0.3 -0.6
v 0.5 0.4 -1.8
v 0.5 0.5 -1.7
v 0.5 0.5 -1.8
v 0.5 0.5 -1.9
v 0.5 0.6 -1.7
v 0.5 0.6 -1.8
v 0.6 0.3 0.9
v 0.6 0.3 0.8
v 0.6 0.3 -0.7
v 0.6 0.3 -0.8
v 0.6 0.4 1.1
v 0.6 0.4 1
v 0.6 0.4 0.9
v 0.6 0.4 0.8
v 0.6 0.4 -0.7
v 0.6 0.4 -0.8
v 0.6 0.5 1.1
v 0.6 0.5 1
v 0.6 0.5 0.9
v 0.6 0.5 -0.7
v 0.6 0.5 -0.8
v 0.6 0.5 -0.9
v 0.6 0.6 -0.8
v 0.6 0.6 -0.9
v 0.7 0 1.8
v 0.7 0 1.7
v 0.7 0.1 1.9
v 0.7 0.1 1.8
v 0.7 0.1 1.7
v 0.7 0.2 0.8
v 0.7 0.2 0.7
v 0.7 0.3 1.9
v 0.7 0.3 1.8
v 0.7 0.3 0.8
v 0.7 0.3 -0.6
v 0.7 0.3 -0.7
v 0.7 0.4 1.3
v 0.7 0.4 1.1
v 0.7 0.4 0.9
v 0.7 0.4 0.8
v 0.7 0.4 0.7
v 0.7 0.4 -0.7
v 0.7 0.5 1.3
v 0.7 0.5 1.1
v 0.7 0.5 1
v 0.7 0.5 0.9
v 0.7 0.5 0.8
v 0.7 0.5 -0.6
v 0.7 0.5 -0.7
v 0.7 0.5 -0.8
v 0.7 0.6 1.3
v 0.7 0.6 0.9
v 0.7 0.6 -0.7
v 0.7 0.6 -0.8
v 0.8 0 1.9
v 0.8 0 1.8
v 0.8 0 0.7
v 0.8 0 0.6
v 0.8 0.1 1.9
v 0.8 0.1 1.8
v 0.8 0.1 0.7
v 0.8 0.1 0.6
v 0.8 0.2 0.7
v 0.8 0.2 0.6
v 0.8 0.3 0.7
v 0.8 0.3 0.6
v 0.8 0.4 0.8
v 0.8 0.4 0.7
v 0.8 0.5 0.9
v 0.8 0.5 0.8
v 0.8 0.5 0.7
v 0.8 0.6 0.9
v 0.8 0.6 0.8
v 0.9 0.3 -0.5
v 0.9 0.3 -0.6
v 0.9 0.5 0.7
v 0.9 0.5 0.6
v 0.9 0.5 -0.5
v 0.9 0.5 -0.6
v 0.9 0.5 -0.7
v 0.9 0.6 0.7
v 0.9 0.6 0.6
v 0.9 0.6 -0.6
v 0.9 0.6 -0.7
v 1 0 0.6
v 1 0 0.4
v 1 0.1 0.6
v 1 0.2 0.6
v 1 0.2 0.4
v 1 0.5 0.8
v 1 0.5 0.7
v 1 0.5 0.6
v 1 0.5 0.5
v 1 0.6 0.8
v 1 0.6 0.7
v 1 0.6 0.6
v 1 0.6 0.5
v 1 0.8 0.7
v 1 0.8 0.6
v 1.1 0 0.4
v 1.1 0 0.0999999
v 1.1 0.2 0.7
v 1.1 0.2 0.6
v 1.1 0.2 0.4
v 1.1 0.2 0.0999999
v 1.1 0.3 0.7
v 1.1 0.3 0.6
v 1.1 0.3 0.4
v 1.1 0.5 1.2
v 1.1 0.5 0.9
v 1.1 0.5 0.5
v 1.1 0.5 0.4
v 1.1 0.6 1.2
v 1.1 0.6 0.9
v 1.1 0.6 0.8
v 1.1 0.6 0.7
v 1.1 0.6 0.6
v 1.1 0.6 0.5
v 1.1 0.6 0.4
v 1.1 0.8 0.8
v 1.1 0.8 0.7
v 1.1 0.8 0.6
v 1.1 0.8 0.5
v 1.1 1.1 0.7
v 1.1 1.1 0.6
v 1.2 0 0.0999999
v 1.2 0 -2.38419e-07
v 1.2 0.2 0.4
v 1.2 0.2 0.0999999
v 1.2 0.2 -2.38419e-07
v 1.2 0.3 0.7
v 1.2 0.3 0.6
v 1.2 0.3 0.4
v 1.2 0.3 0.0999999
v 1.2 0.5 0.7
v 1.2 0.5 0.6
v 1.2 0.5 0.4
v 1.2 0.5 0.3
v 1.2 0.6 0.9
v 1.2 0.6 0.8
v 1.2 0.6 0.5
v 1.2 0.6 0.4
v 1.2 0.6 0.3
v 1.2 0.8 0.9
v 1.2 0.8 0.8
v 1.2 0.8 0.7
v 1.2 0.8 0.6
v 1.2 0.8 0.5
v 1.2 0.8 0.4
v 1.2 1.1 0.8
v 1.2 1.1 0.7
v 1.2 1.1 0.6
v 1.2 1.1 0.5
v 1.2 1.2 0.7
v 1.2 1.2 0.6
v 1.3 0.7 0.7
v 1.3 0.7 0.6
v 1.3 0.9 0.7
v 1.3 0.9 0.6
v -1.5 0.3 -0.8
v -1.5 0.3 -0.9
v -1.5 0.5 -0.8
v -1.5 0.5 -0.9
v -1.5 0.5 -1.1
v -1.5 0.6 -0.9
v -1.5 0.6 -1
v -1.5 0.6 -1.4
v -1.5 0.6 -1.5
v -1.5 0.8 -1
v -1.5 0.8 -1.1
v -1.5 0.8 -1.4
v -1.5 0.8 -1.5
v -1.5 0.9 -1.1
v -1.5 0.9 -1.4
v -1.4 0 -0.6
v -1.4 0 -0.7
v -1.4 0.2 -0.6
v -1.4 0.2 -0.7
v -1.4 0.2 -0.8
v -1.4 0.3 -0.7
v -1.4 0.3 -0.8
v -1.4 0.3 -0.9
v -1.4 0.3 -1.1
v -1.4 0.5 -0.9
v -1.4 0.5 -1.1
v -1.4 0.5 -1.2
v -1.4 0.6 -1.2
v -1.4 0.6 -1.4
v -1.4 0.8 -1.1
v -1.4 0.8 -1.4
v -1.3 0.3 -1.1
v -1.3 0.3 -1.2
v -1.3 0.5 -1.1
v -1.3 0.5 -1.2
v -1.3 0.5 -1.3
v -1.3 0.6 -1.2
v -1.3 0.6 -1.3
v -1.2 0 -2.38419e-07
v -1.2 0 -0.1
v -1.2 0 -0.7
v -1.2 0 -0.8
v -1.2 0.1 -2.38419e-07
v -1.2 0.2 0.0999999
v -1.2 0.2 -2.38419e-07
v -1.2 0.2 -0.1
v -1.2 0.2 -0.7
v -1.2 0.2 -0.8
v -1.2 0.2 -0.9
v -1.2 0.2 -1
v -1.2 0.2 -1.7
v -1.2 0.2 -1.8
v -1.2 0.3 0.0999999
v -1.2 0.3 -2.38419e-07
v -1.2 0.3 -0.8
v -1.2 0.3 -0.9
v -1.2 0.3 -1
v -1.2 0.3 -1.2
v -1.2 0.3 -1.3
v -1.2 0.3 -1.7
v -1.2 0.4 -1.7
v -1.2 0.4 -1.8
v -1.2 0.5 -1.2
v -1.2 0.5 -1.3
v -1.2 0.5 -1.7
v -1.2 0.5 -1.8
v -1.2 0.6 -1.3
v -1.2 0.6 -1.7
v -1.1 0 -0.8
v -1.1 0 -0.9
v -1.1 0.1 -0.9
v -1.1 0.1 -1
v -1.1 0.2 -0.8
v -1.1 0.2 -0.9
v -1.1 0.2 -1
v -1.1 0.2 -1.2
v -1.1 0.3 -1
v -1.1 0.3 -1.2
v -1.1 0.3 -1.3
v -1.1 0.3 -1.6
v -1.1 0.3 -1.7
v -1.1 0.5 -1.3
v -1.1 0.5 -1.7
v -1 0.8 0.0999999
v -1 0.8 -2.38419e-07
v -1 0.9 0.0999999
v -1 0.9 -2.38419e-07
v -0.9 0.1 -1.1
v -0.9 0.1 -1.2
v -0.9 0.2 -1.1
v -0.9 0.2 -1.2
v -0.9 0.4 0.4
v -0.9 0.4 0.3
v -0.9 0.4 0.2
v -0.9 0.4 0.0999999
v -0.9 0.5 0.4
v -0.9 0.5 0.3
v -0.9 0.5 0.2
v -0.9 0.5 0.0999999
v -0.9 0.8 0.2
v -0.9 0.8 0.0999999
v -0.9 0.8 -2.38419e-07
v -0.9 0.8 -0.1
v -0.9 0.9 0.2
v -0.9 0.9 0.0999999
v -0.9 0.9 -2.38419e-07
v -0.9 0.9 -0.1
v -0.9 1.2 0.0999999
v -0.9 1.2 -2.38419e-07
v -0.8 0.5 0.0999999
v -0.8 0.5 -2.38419e-07
v -0.8 0.6 0.6
v -0.8 0.6 0.5
v -0.8 0.7 0.4
v -0.8 0.7 0.3
v -0.8 0.7 0.0999999
v -0.8 0.7 -2.38419e-07
v -0.8 0.7 -0.2
v -0.8 0.7 -0.3
v -0.8 0.8 0.6
v -0.8 0.8 0.5
v -0.8 0.8 0.4
v -0.8 0.8 0.3
v -0.8 0.8 0.2
v -0.8 0.8 0.0999999
v -0.8 0.8 -2.38419e-07
v -0.8 0.8 -0.1
v -0.8 0.8 -0.2
v -0.8 0.8 -0.3
v -0.8 0.9 0.0999999
v -0.8 0.9 -2.38419e-07
v -0.8 1 0.3
v -0.8 1 0.2
v -0.8 1 0.0999999
v -0.8 1 -2.38419e-07
v -0.8 1 -0.1
v -0.8 1 -0.2
v -0.8 1.1 1
v -0.8 1.1 0.9
v -0.8 1.2 1
v -0.8 1.2 0.9
v -0.8 1.3 0.2
v -0.8 1.3 0.0999999
v -0.8 1.3 -2.38419e-07
v -0.8 1.3 -0.1
v -0.8 1.4 0.0999999
v -0.8 1.4 -2.38419e-07
v -0.7 0 -0.7
v -0.7 0 -0.9
v -0.7 0.1 -0.7
v -0.7 0.1 -0.9
v -0.7 0.4 -1
v -0.7 0.4 -1.1
v -0.7 0.6 -1.1
v -0.7 0.7 0.3
v -0.7 0.7 0.2
v -0.7 0.7 -0.1
v -0.7 0.7 -0.2
v -0.7 0.7 -1
v -0.7 0.7 -1.1
v -0.7 0.8 0.3
v -0.7 0.8 0.2
v -0.7 0.8 0.0999999
v -0.7 0.8 -2.38419e-07
v -0.7 0.8 -0.1
v -0.7 0.8 -0.2
v -0.7 0.8 -1.1
v -0.7 0.8 -1.2
v -0.7 0.9 -1.1
v -0.7 0.9 -1.2
v -0.7 0.9 -1.3
v -0.7 1 0.2
v -0.7 1 0.0999999
v -0.7 1 -2.38419e-07
v -0.7 1 -0.1
v -0.7 1 -1.2
v -0.7 1 -1.3
v -0.7 1.3 0.0999999
v -0.7 1.3 -2.38419e-07
v -0.6 0.3 -2.38419e-07
v -0.6 0.3 -0.1
v -0.6 0.3 -0.9
v -0.6 0.3 -1
v -0.6 0.3 -1.3
v -0.6 0.3 -1.4
v -0.6 0.4 0.0999999
v -0.6 0.4 -2.38419e-07
v -0.6 0.4 -0.1
v -0.6 0.4 -0.9
v -0.6 0.4 -1
v -0.6 0.4 -1.3
v -0.6 0.4 -1.4
v -0.6 0.5 0.0999999
v -0.6 0.5 -2.38419e-07
v -0.6 0.6 -1.1
v -0.6 0.6 -1.2
v -0.6 0.6 -1.3
v -0.6 0.6 -1.4
v -0.6 0.7 0.2
v -0.6 0.7 0.0999999
v -0.6 0.7 -2.38419e-07
v -0.6 0.7 -0.1
v -0.6 0.8 0.2
v -0.6 0.8 0.0999999
v -0.6 0.8 -2.38419e-07
v -0.6 0.8 -0.1
v -0.6 0.8 -1.1
v -0.6 0.8 -1.2
v -0.6 0.8 -1.3
v -0.6 0.9 1
v -0.6 0.9 0.9
v -0.6 0.9 0.6
v -0.6 0.9 0.5
v -0.6 0.9 -1.2
v -0.6 0.9 -1.3
v -0.6 1 0.0999999
v -0.6 1 -2.38419e-07
v -0.6 1.1 1
v -0.6 1.1 0.9
v -0.6 1.1 0.7
v -0.6 1.1 0.6
v -0.6 1.1 0.5
v -0.6 1.2 0.9
v -0.6 1.2 0.6
v -0.5 0 -1.8
v -0.5 0 -1.9
v -0.5 0.2 -1.3
v -0.5 0.2 -1.4
v -0.5 0.2 -1.5
v -0.5 0.2 -1.8
v -0.5 0.2 -1.9
v -0.5 0.3 0.0999999
v -0.5 0.3 -2.38419e-07
v -0.5 0.3 -1
v -0.5 0.3 -1.1
v -0.5 0.3 -1.3
v -0.5 0.3 -1.4
v -0.5 0.3 -1.5
v -0.5 0.3 -1.8
v -0.5 0.4 0.2
v -0.5 0.4 0.0999999
v -0.5 0.4 -2.38419e-07
v -0.5 0.4 -1
v -0.5 0.4 -1.1
v -0.5 0.4 -1.2
v -0.5 0.4 -1.3
v -0.5 0.5 0.3
v -0.5 0.5 0.2
v -0.5 0.5 0.0999999
v -0.5 0.6 0.3
v -0.5 0.6 0.2
v -0.5 0.6 -1.1
v -0.5 0.6 -1.2
v -0.5 0.6 -1.3
v -0.5 0.7 0.0999999
v -0.5 0.7 -2.38419e-07
v -0.5 0.8 0.0999999
v -0.5 0.8 -2.38419e-07
v -0.5 0.9 0.9
v -0.5 0.9 0.7
v -0.5 0.9 0.6
v -0.5 1 0.9
v -0.5 1.1 1.6
v -0.5 1.1 1.5
v -0.5 1.1 0.9
v -0.5 1.1 0.7
v -0.5 1.1 0.6
v -0.5 1.2 1.6
v -0.5 1.2 1.5
v -0.5 1.2 1.4
v -0.5 1.3 1.5
v -0.5 1.3 1.4
v -0.4 0 -1.4
v -0.4 0 -1.8
v -0.4 0.2 -0.3
v -0.4 0.2 -0.5
v -0.4 0.2 -1.5
v -0.4 0.2 -1.8
v -0.4 0.3 1.8
v -0.4 0.3 1.7
v -0.4 0.3 0.3
v -0.4 0.3 0.2
v -0.4 0.3 0.0999999
v -0.4 0.3 -0.3
v -0.4 0.3 -0.5
v -0.4 0.3 -1.4
v -0.4 0.3 -1.5
v -0.4 0.4 1.8
v -0.4 0.4 1.7
v -0.4 0.4 0.2
v -0.4 0.4 0.0999999
v -0.4 0.5 0.4
v -0.4 0.5 0.3
v -0.4 0.5 0.2
v -0.4 0.6 0.4
v -0.4 0.6 0.3
v -0.4 1.1 1.5
v -0.4 1.1 1.4
v -0.4 1.1 1.1
v -0.4 1.1 1
v -0.4 1.2 1.5
v -0.4 1.2 1.4
v -0.4 1.2 1.1
v -0.4 1.2 1
v -0.4 1.3 1.4
v -0.4 1.3 1.2
v -0.4 1.3 1.1
v -0.3 0 -0.3
v -0.3 0 -0.5
v -0.3 0.2 2
v -0.3 0.2 1.9
v -0.3 0.2 -0.1
v -0.3 0.2 -0.3
v -0.3 0.2 -0.5
v -0.3 0.3 2
v -0.3 0.3 1.9
v -0.3 0.3 0.5
v -0.3 0.3 0.3
v -0.3 0.3 -0.1
v -0.3 0.3 -0.3
v -0.3 0.5 0.4
v -0.3 0.5 0.3
v -0.3 0.8 0.9
v -0.3 0.8 0.5
v -0.3 0.8 0.4
v -0.3 0.9 0.9
v -0.3 0.9 0.5
v -0.3 1.1 1.4
v -0.3 1.1 1.2
v -0.3 1.1 1.1
v -0.3 1.2 1.4
v -0.3 1.2 1.1
v -0.3 1.5 1.5
v -0.3 1.5 1.4
v -0.3 1.7 1.5
v -0.3 1.7 1.4
v -0.2 0 -0.1
v -0.2 0 -0.3
v -0.2 0.2 0.0999999
v -0.2 0.2 -0.1
v -0.2 0.2 -0.3
v -0.2 0.3 0.0999999
v -0.2 0.3 -0.1
v -0.2 0.6 1
v -0.2 0.6 0.9
v -0.2 0.6 0.6
v -0.2 0.6 0.5
v -0.2 0.7 0.9
v -0.2 0.7 0.8
v -0.2 0.7 0.7
v -0.2 0.7 0.6
v -0.2 0.8 0.9
v -0.2 0.8 0.8
v -0.2 0.8 0.7
v -0.2 0.8 0.5
v -0.2 1 1.3
v -0.2 1 1.2
v -0.2 1 1.1
v -0.2 1 1
v -0.2 1 0.9
v -0.2 1.1 1.3
v -0.2 1.1 1.2
v -0.2 1.1 1.1
v -0.2 1.1 1
v -0.2 1.5 1.6
v -0.2 1.5 1.5
v -0.2 1.5 1.4
v -0.2 1.5 1.3
v -0.2 1.6 1.5
v -0.2 1.6 1.4
v -0.2 1.7 1.6
v -0.2 1.7 1.5
v -0.2 1.7 1.4
v -0.2 1.7 1.3
v -0.2 1.8 1.5
v -0.2 1.8 1.4
v -0.2 1.9 1.5
v -0.2 1.9 1.4
v -0.0999999 0 0.0999999
v -0.0999999 0 -0.1
v -0.0999999 0.2 0.2
v -0.0999999 0.2 0.0999999
v -0.0999999 0.2 -0.1
v -0.0999999 0.3 0.2
v -0.0999999 0.3 0.0999999
v -0.0999999 0.4 0.6
v -0.0999999 0.4 0.5
v -0.0999999 0.6 0.6
v -0.0999999 0.6 0.5
v -0.0999999 0.8 1.1
v -0.0999999 0.8 1
v -0.0999999 0.9 1.2
v -0.0999999 0.9 1.1
v -0.0999999 1 1.2
v -0.0999999 1 1.1
v -0.0999999 1 1
v -0.0999999 1.1 1.5
v -0.0999999 1.1 1.4
v -0.0999999 1.1 1.2
v -0.0999999 1.1 1.1
v -0.0999999 1.3 1.9
v -0.0999999 1.3 1.8
v -0.0999999 1.3 1.5
v -0.0999999 1.3 1.4
v -0.0999999 1.3 1.1
v -0.0999999 1.3 1
v -0.0999999 1.4 1.9
v -0.0999999 1.4 1.8
v -0.0999999 1.4 1.7
v -0.0999999 1.4 1.2
v -0.0999999 1.4 1.1
v -0.0999999 1.4 1
v -0.0999999 1.5 1.5
v -0.0999999 1.5 1.4
v -0.0999999 1.6 1.8
v -0.0999999 1.6 1.7
v -0.0999999 1.6 1.6
v -0.0999999 1.6 1.5
v -0.0999999 1.6 1.4
v -0.0999999 1.6 1.3
v -0.0999999 1.6 1.2
v -0.0999999 1.6 1.1
v -0.0999999 1.8 1.7
v -0.0999999 1.8 1.6
v -0.0999999 1.8 1.5
v -0.0999999 1.8 1.4
v -0.0999999 1.8 1.3
v -0.0999999 1.8 1.2
v -0.0999999 2.1 1.6
v -0.0999999 2.1 1.5
v -0.0999999 2.1 1.4
v -0.0999999 2.1 1.3
v -0.0999999 2.2 1.5
v -0.0999999 2.2 1.4
v 2.38419e-07 0 0.2
v 2.38419e-07 0 0.0999999
v 2.38419e-07 0.2 0.3
v 2.38419e-07 0.2 0.2
v 2.38419e-07 0.2 0.0999999
v 2.38419e-07 0.3 0.7
v 2.38419e-07 0.3 0.6
v 2.38419e-07 0.3 0.5
v 2.38419e-07 0.3 0.3
v 2.38419e-07 0.3 0.2
v 2.38419e-07 0.4 2
v 2.38419e-07 0.4 1.9
v 2.38419e-07 0.4 0.7
v 2.38419e-07 0.4 0.6
v 2.38419e-07 0.4 0.5
v 2.38419e-07 0.5 2
v 2.38419e-07 0.5 1.9
v 2.38419e-07 1.3 1.8
v 2.38419e-07 1.3 1.7
v 2.38419e-07 1.3 1.2
v 2.38419e-07 1.3 1.1
v 2.38419e-07 1.4 1.8
v 2.38419e-07 1.4 1.7
v 2.38419e-07 1.4 1.6
v 2.38419e-07 1.4 1.3
v 2.38419e-07 1.4 1.2
v 2.38419e-07 1.4 1.1
v 2.38419e-07 1.6 1.7
v 2.38419e-07 1.6 1.6
v 2.38419e-07 1.6 1.5
v 2.38419e-07 1.6 1.4
v 2.38419e-07 1.6 1.3
v 2.38419e-07 1.6 1.2
v 2.38419e-07 1.8 1.6
v 2.38419e-07 1.8 1.5
v 2.38419e-07 1.8 1.4
v 2.38419e-07 1.8 1.3
v 2.38419e-07 2.1 1.5
v 2.38419e-07 2.1 1.4
v 0.1 0.3 -0.9
v 0.1 0.3 -1
v 0.1 0.4 0.7
v 0.1 0.4 0.6
v 0.1 0.4 0.5
v 0.1 0.4 -1
v 0.1 0.5 0.7
v 0.1 0.5 0.6
v 0.1 0.5 0.5
v 0.1 0.5 -0.9
v 0.1 0.5 -1
v 0.1 0.5 -1.1
v 0.1 0.6 -1
v 0.1 0.6 -1.1
v 0.1 0.7 0.9
v 0.1 0.7 0.8
v 0.1 0.8 0.9
v 0.1 0.8 0.8
v 0.1 1.3 1.7
v 0.1 1.3 1.6
v 0.1 1.3 1.3
v 0.1 1.3 1.2
v 0.1 1.4 1.7
v 0.1 1.4 1.6
v 0.1 1.4 1.5
v 0.1 1.4 1.4
v 0.1 1.4 1.3
v 0.1 1.4 1.2
v 0.1 1.6 1.6
v 0.1 1.6 1.5
v 0.1 1.6 1.4
v 0.1 1.6 1.3
v 0.1 1.8 1.5
v 0.1 1.8 1.4
v 0.2 0 -0.5
v 0.2 0 -0.6
v 0.2 0.2 -0.5
v 0.2 0.2 -0.6
v 0.2 0.2 -0.7
v 0.2 0.3 0.8
v 0.2 0.3 0.7
v 0.2 0.3 -0.6
v 0.2 0.3 -0.7
v 0.2 0.4 0.8
v 0.2 0.4 0.7
v 0.2 0.5 0.6
v 0.2 0.5 0.5
v 0.2 0.6 1
v 0.2 0.6 0.9
v 0.2 0.6 0.6
v 0.2 0.6 0.5
v 0.2 0.6 0.4
v 0.2 0.7 1
v 0.2 0.7 0.9
v 0.2 0.8 0.8
v 0.2 0.8 0.7
v 0.2 0.8 0.5
v 0.2 0.8 0.4
v 0.2 0.9 1.7
v 0.2 0.9 1.6
v 0.2 0.9 0.8
v 0.2 0.9 0.7
v 0.2 0.9 0.5
v 0.2 1 1.7
v 0.2 1 1.6
v 0.2 1 1.5
v 0.2 1 0.7
v 0.2 1 0.5
v 0.2 1.1 1.6
v 0.2 1.1 1.5
v 0.2 1.3 1.6
v 0.2 1.3 1.5
v 0.2 1.3 1.4
v 0.2 1.3 1.3
v 0.2 1.4 1.6
v 0.2 1.4 1.5
v 0.2 1.4 1.4
v 0.2 1.4 1.3
v 0.2 1.6 1.5
v 0.2 1.6 1.4
v 0.3 0 2
v 0.3 0 1.9
v 0.3 0 0.3
v 0.3 0 0.2
v 0.3 0.2 0.8
v 0.3 0.2 0.3
v 0.3 0.2 0.2
v 0.3 0.3 2
v 0.3 0.3 1.9
v 0.3 0.3 0.8
v 0.3 0.3 0.3
v 0.3 0.4 0.8
v 0.3 0.4 0.7
v 0.3 0.5 1
v 0.3 0.5 0.9
v 0.3 0.5 0.8
v 0.3 0.5 0.7
v 0.3 0.5 0.6
v 0.3 0.6 1
v 0.3 0.6 0.9
v 0.3 0.6 0.8
v 0.3 0.6 0.7
v 0.3 0.6 0.6
v 0.3 0.6 0.5
v 0.3 0.7 0.9
v 0.3 0.7 0.8
v 0.3 0.7 0.7
v 0.3 0.7 0.6
v 0.3 0.7 0.5
v 0.3 0.8 0.8
v 0.3 0.8 0.7
v 0.3 0.8 0.6
v 0.3 0.8 0.4
v 0.3 0.8 0.3
v 0.3 0.9 1.6
v 0.3 0.9 1.5
v 0.3 0.9 0.7
v 0.3 0.9 0.6
v 0.3 0.9 0.4
v 0.3 0.9 0.3
v 0.3 1 1.6
v 0.3 1 1.5
v 0.3 1 1.3
v 0.3 1 1.2
v 0.3 1.1 1.5
v 0.3 1.1 1.2
v 0.3 1.3 1.5
v 0.3 1.3 1.4
v 0.3 1.4 1.5
v 0.3 1.4 1.4
v 0.4 0 0.7
v 0.4 0 0.3
v 0.4 0.2 0.7
v 0.4 0.2 0.3
v 0.4 0.4 0.9
v 0.4 0.4 0.8
v 0.4 0.5 1.3
v 0.4 0.5 1.2
v 0.4 0.5 1
v 0.4 0.5 0.9
v 0.4 0.5 0.8
v 0.4 0.5 0.7
v 0.4 0.6 1.3
v 0.4 0.6 1.2
v 0.4 0.6 1.1
v 0.4 0.6 0.9
v 0.4 0.6 0.8
v 0.4 0.6 0.7
v 0.4 0.6 0.6
v 0.4 0.7 1.5
v 0.4 0.7 1.4
v 0.4 0.7 1.1
v 0.4 0.7 1
v 0.4 0.7 0.8
v 0.4 0.7 0.7
v 0.4 0.7 0.6
v 0.4 0.7 0.5
v 0.4 0.8 1.7
v 0.4 0.8 1.5
v 0.4 0.8 0.7
v 0.4 0.8 0.6
v 0.4 0.8 0.5
v 0.4 0.8 0.4
v 0.4 0.9 1.7
v 0.4 0.9 1.5
v 0.4 0.9 1.4
v 0.4 0.9 1.3
v 0.4 0.9 1.2
v 0.4 0.9 1.1
v 0.4 0.9 1
v 0.4 0.9 0.6
v 0.4 0.9 0.5
v 0.4 0.9 0.4
v 0.4 0.9 0.3
v 0.4 1 1.5
v 0.4 1 1.3
v 0.4 1 1.2
v 0.4 1 1.1
v 0.4 1 0.4
v 0.4 1 0.3
v 0.4 1 0.2
v 0.4 1 -1.4
v 0.4 1 -1.5
v 0.4 1.1 0.4
v 0.4 1.1 0.3
v 0.4 1.1 0.2
v 0.4 1.1 -1.4
v 0.4 1.1 -1.5
v 0.4 1.2 0.4
v 0.4 1.2 0.3
v 0.5 0 1.9
v 0.5 0 1.8
v 0.5 0.3 1.9
v 0.5 0.3 1.8
v 0.5 0.3 0.9
v 0.5 0.3 0.8
v 0.5 0.4 1.3
v 0.5 0.4 1.2
v 0.5 0.4 1.1
v 0.5 0.4 0.9
v 0.5 0.4 0.8
v 0.5 0.5 1.4
v 0.5 0.5 1.3
v 0.5 0.5 1.2
v 0.5 0.5 0.9
v 0.5 0.6 1.3
v 0.5 0.6 1.1
v 0.5 0.6 -1
v 0.5 0.6 -1.1
v 0.5 0.7 1.4
v 0.5 0.7 -1
v 0.5 0.7 -1.1
v 0.5 0.7 -1.2
v 0.5 0.7 -1.5
v 0.5 0.7 -1.6
v 0.5 0.8 -1.1
v 0.5 0.8 -1.2
v 0.5 0.8 -1.4
v 0.5 0.8 -1.5
v 0.5 0.8 -1.6
v 0.5 0.9 1.4
v 0.5 0.9 1.3
v 0.5 0.9 1.1
v 0.5 0.9 0.5
v 0.5 0.9 0.4
v 0.5 0.9 -1.5
v 0.5 0.9 -1.6
v 0.5 1 0.4
v 0.5 1 0.3
v 0.5 1 -1.2
v 0.5 1 -1.4
v 0.5 1 -1.5
v 0.5 1.1 0.5
v 0.5 1.1 0.3
v 0.5 1.1 -1.2
v 0.5 1.1 -1.3
v 0.5 1.1 -1.4
v 0.5 1.1 -1.5
v 0.5 1.2 -1.2
v 0.5 1.2 -1.3
v 0.5 1.2 -1.4
v 0.5 1.3 -1.4
v 0.5 1.3 -1.5
v 0.5 1.4 -1.3
v 0.5 1.4 -1.5
v 0.5 1.5 -1.3
v 0.5 1.5 -1.4
v 0.5 1.6 -1.4
v 0.5 1.6 -1.5
v 0.6 0 1.8
v 0.6 0 1.7
v 0.6 0.1 1.8
v 0.6 0.1 1.7
v 0.6 0.6 -1.1
v 0.6 0.6 -1.2
v 0.6 0.6 -1.5
v 0.6 0.6 -1.6
v 0.6 0.7 -1.1
v 0.6 0.7 -1.2
v 0.6 0.7 -1.4
v 0.6 0.7 -1.5
v 0.6 0.7 -1.6
v 0.6 0.8 -1.4
v 0.6 0.8 -1.5
v 0.6 0.9 -1.2
v 0.6 0.9 -1.4
v 0.6 1 -1.2
v 0.6 1 -1.4
v 0.7 0 -1.7
v 0.7 0 -1.8
v 0.7 0.1 -1.7
v 0.7 0.1 -1.8
v 0.7 0.3 2
v 0.7 0.3 1.9
v 0.7 0.4 2
v 0.7 0.4 1.9
v 0.7 0.5 1.5
v 0.7 0.5 1.4
v 0.7 0.6 -1.2
v 0.7 0.6 -1.3
v 0.7 0.6 -1.4
v 0.7 0.6 -1.5
v 0.7 0.7 1.7
v 0.7 0.7 1.5
v 0.7 0.7 1.4
v 0.7 0.7 -1.3
v 0.7 0.7 -1.4
v 0.7 0.7 -1.5
v 0.7 0.8 2
v 0.7 0.8 1.9
v 0.7 0.8 1.8
v 0.7 0.8 1.7
v 0.7 0.8 1.5
v 0.7 0.8 -1.2
v 0.7 0.8 -1.3
v 0.7 0.9 2
v 0.7 0.9 1.9
v 0.7 0.9 1.7
v 0.7 0.9 -1.2
v 0.7 0.9 -1.4
v 0.8 0.1 -1.7
v 0.8 0.1 -1.8
v 0.8 0.2 -1.7
v 0.8 0.2 -1.8
v 0.8 0.2 -1.9
v 0.8 0.4 2
v 0.8 0.4 1.9
v 0.8 0.4 1.8
v 0.8 0.5 1.8
v 0.8 0.5 1.5
v 0.8 0.5 1.2
v 0.8 0.5 0.9
v 0.8 0.5 -1.5
v 0.8 0.5 -1.6
v 0.8 0.5 -1.8
v 0.8 0.5 -1.9
v 0.8 0.6 1.2
v 0.8 0.6 0.9
v 0.8 0.6 -1.3
v 0.8 0.6 -1.4
v 0.8 0.6 -1.5
v 0.8 0.6 -1.6
v 0.8 0.6 -1.8
v 0.8 0.7 1.8
v 0.8 0.7 1.7
v 0.8 0.7 1.5
v 0.8 0.7 -1.3
v 0.8 0.7 -1.4
v 0.8 0.8 2
v 0.8 0.8 1.8
v 0.8 0.8 1.7
v 0.9 0.2 -1.6
v 0.9 0.2 -1.7
v 0.9 0.2 -1.8
v 0.9 0.3 -1.5
v 0.9 0.3 -1.6
v 0.9 0.5 -1.3
v 0.9 0.5 -1.5
v 0.9 0.5 -1.8
v 0.9 0.6 -1.3
v 0.9 0.6 -1.5
v 1 0 -1.6
v 1 0 -1.7
v 1 0.2 0.7
v 1 0.2 0.6
v 1 0.2 -1.5
v 1 0.2 -1.6
v 1 0.2 -1.7
v 1 0.3 1.9
v 1 0.3 1.8
v 1 0.3 0.7
v 1 0.3 0.6
v 1 0.3 -1.4
v 1 0.3 -1.5
v 1 0.3 -1.6
v 1 0.4 1.9
v 1 0.4 1.8
v 1 0.4 1.7
v 1 0.4 0.8
v 1 0.4 0.7
v 1 0.5 1.8
v 1 0.5 1.7
v 1 0.5 0.8
v 1 0.5 0.7
v 1 0.5 -1.4
v 1 0.5 -1.5
v 1.1 0 1.9
v 1.1 0 1.8
v 1.1 0 -1.5
v 1.1 0 -1.6
v 1.1 0.2 -1.3
v 1.1 0.2 -1.5
v 1.1 0.2 -1.6
v 1.1 0.3 1.9
v 1.1 0.3 1.8
v 1.1 0.3 0.8
v 1.1 0.3 0.7
v 1.1 0.3 -1.4
v 1.1 0.3 -1.5
v 1.1 0.4 0.9
v 1.1 0.4 0.8
v 1.1 0.4 0.7
v 1.1 0.5 0.9
v 1.1 0.5 0.8
v 1.1 0.5 -1.2
v 1.1 0.5 -1.3
v 1.1 0.5 -1.4
v 1.1 0.6 -1.2
v 1.1 0.6 -1.3
v 1.2 0 -1.3
v 1.2 0 -1.5
v 1.2 0.2 -1.2
v 1.2 0.2 -1.3
v 1.2 0.2 -1.5
v 1.2 0.3 1.8
v 1.2 0.3 1.7
v 1.2 0.3 0.9
v 1.2 0.3 0.8
v 1.2 0.4 1.8
v 1.2 0.4 1.7
v 1.2 0.4 1.6
v 1.2 0.4 1
v 1.2 0.4 0.9
v 1.2 0.4 0.8
v 1.2 0.5 1.7
v 1.2 0.5 1.6
v 1.2 0.5 1.3
v 1.2 0.5 1
v 1.2 0.5 0.9
v 1.2 0.5 -1
v 1.2 0.5 -1.2
v 1.2 0.5 -1.3
v 1.2 0.6 1.3
v 1.2 0.6 1
v 1.2 0.6 -1
v 1.2 0.6 -1.2
v 1.2 0.7 0.7
v 1.2 0.7 0.6
v 1.2 0.9 0.7
v 1.2 0.9 0.6
v 1.3 0 1.8
v 1.3 0 1.7
v 1.3 0 -0.4
v 1.3 0 -0.5
v 1.3 0 -1.2
v 1.3 0 -1.3
v 1.3 0.2 1
v 1.3 0.2 0.9
v 1.3 0.2 -0.4
v 1.3 0.2 -0.5
v 1.3 0.2 -0.6
v 1.3 0.2 -1
v 1.3 0.2 -1.2
v 1.3 0.2 -1.3
v 1.3 0.3 1.8
v 1.3 0.3 1.7
v 1.3 0.3 1.6
v 1.3 0.3 1.1
v 1.3 0.3 1
v 1.3 0.3 0.9
v 1.3 0.3 0.7
v 1.3 0.3 0.6
v 1.3 0.4 1.7
v 1.3 0.4 1.6
v 1.3 0.4 1.1
v 1.3 0.4 1
v 1.3 0.4 0.9
v 1.3 0.5 1.6
v 1.3 0.5 1
v 1.3 0.5 0.9
v 1.3 0.5 0.7
v 1.3 0.5 0.6
v 1.3 0.5 0.4
v 1.3 0.5 0.3
v 1.3 0.5 -0.5
v 1.3 0.5 -0.6
v 1.3 0.5 -1
v 1.3 0.5 -1.2
v 1.3 0.6 1
v 1.3 0.6 0.9
v 1.3 0.6 0.8
v 1.3 0.6 0.5
v 1.3 0.6 0.4
v 1.3 0.6 0.3
v 1.3 0.6 -0.6
v 1.3 0.6 -1
v 1.3 0.8 0.9
v 1.3 0.8 0.8
v 1.3 0.8 0.7
v 1.3 0.8 0.6
v 1.3 0.8 0.5
v 1.3 0.8 0.4
v 1.3 1.1 0.8
v 1.3 1.1 0.7
v 1.3 1.1 0.6
v 1.3 1.1 0.5
v 1.3 1.2 0.7
v 1.3 1.2 0.6
v 1.4 0 1.7
v 1.4 0 1.5
v 1.4 0 1
v 1.4 0 0.9
v 1.4 0 -0.5
v 1.4 0 -1.2
v 1.4 0.2 1.1
v 1.4 0.2 1
v 1.4 0.2 0.9
v 1.4 0.2 0.7
v 1.4 0.2 -0.5
v 1.4 0.2 -0.6
v 1.4 0.2 -1
v 1.4 0.2 -1.2
v 1.4 0.3 1.7
v 1.4 0.3 1.6
v 1.4 0.3 1.5
v 1.4 0.3 1.1
v 1.4 0.3 1
v 1.4 0.3 0.9
v 1.4 0.3 0.7
v 1.4 0.4 1.6
v 1.4 0.4 1.1
v 1.4 0.5 0.9
v 1.4 0.5 0.8
v 1.4 0.5 0.5
v 1.4 0.5 0.4
v 1.4 0.5 -0.6
v 1.4 0.5 -1
v 1.4 0.6 0.9
v 1.4 0.6 0.8
v 1.4 0.6 0.7
v 1.4 0.6 0.6
v 1.4 0.6 0.5
v 1.4 0.6 0.4
v 1.4 0.8 0.8
v 1.4 0.8 0.7
v 1.4 0.8 0.6
v 1.4 0.8 0.5
v 1.4 1.1 0.7
v 1.4 1.1 0.6
v 1.5 0 1.5
v 1.5 0 1
v 1.5 0 0.9
v 1.5 0 0.7
v 1.5 0 0.0999999
v 1.5 0 -2.38419e-07
v 1.5 0.2 1.1
v 1.5 0.2 1
v 1.5 0.2 0.9
v 1.5 0.2 0.7
v 1.5 0.2 0.0999999
v 1.5 0.2 -2.38419e-07
v 1.5 0.3 1.5
v 1.5 0.3 1.1
v 1.5 0.3 0.7
v 1.5 0.3 0.0999999
v 1.5 0.5 0.8
v 1.5 0.5 0.7
v 1.5 0.5 0.6
v 1.5 0.5 0.5
v 1.5 0.6 0.8
v 1.5 0.6 0.7
v 1.5 0.6 0.6
v 1.5 0.6 0.5
v 1.5 0.8 0.7
v 1.5 0.8 0.6
v 1.6 0 0.7
v 1.6 0 0.0999999
v 1.6 0.2 0.7
v 1.6 0.2 0.0999999
v 1.6 0.5 0.7
v 1.6 0.5 0.6
v 1.6 0.6 0.7
v 1.6 0.6 0.6
v -0.8 0 2
v -0.8 0.2 2
v -0.7 0.2 2
v -0.7 0.3 2
v -0.6 0.5 2
v -0.6 0.8 2
v -0.3 0.2 2
v -0.3 0.3 2
v -0.3 0.4 2
v -0.3 0.5 2
v -0.0999999 0.2 2
v -0.0999999 0.3 2
v 2.38419e-07 0.4 2
v 2.38419e-07 0.5 2
v 0.3 0 2
v 0.3 0.3 2
v 0.3 0.4 2
v 0.3 0.5 2
v 0.3 0.6 2
v 0.4 0.3 2
v 0.4 0.4 2
v 0.4 0.8 2
v 0.4 0.9 2
v 0.6 0.5 2
v 0.6 0.6 2
v 0.7 0.3 2
v 0.7 0.4 2
v 0.7 0.5 2
v 0.7 0.8 2
v 0.7 0.9 2
v 0.8 0.4 2
v 0.8 0.8 2
v -0.8 0.4 1.9
v -0.8 0.6 1.9
v -0.8 0.7 1.9
v -0.7 0.7 1.9
v -0.7 0.8 1.9
v -0.6 0.4 1.9
v -0.6 0.5 1.9
v -0.6 0.6 1.9
v -0.6 0.8 1.9
v -0.6 0.9 1.9
v -0.3 0.2 1.9
v -0.3 0.3 1.9
v -0.3 0.4 1.9
v -0.3 0.5 1.9
v -0.2 1.3 1.9
v -0.2 1.4 1.9
v -0.0999999 0.2 1.9
v -0.0999999 0.3 1.9
v -0.0999999 1.3 1.9
v -0.0999999 1.4 1.9
v 2.38419e-07 0.4 1.9
v 2.38419e-07 0.5 1.9
v 0.3 0 1.9
v 0.3 0.3 1.9
v 0.3 0.4 1.9
v 0.3 0.5 1.9
v 0.4 0.3 1.9
v 0.4 0.4 1.9
v 0.4 0.8 1.9
v 0.4 0.9 1.9
v 0.5 0 1.9
v 0.5 0.3 1.9
v 0.7 0.1 1.9
v 0.7 0.3 1.9
v 0.7 0.4 1.9
v 0.8 0 1.9
v 0.8 0.1 1.9
v 0.8 0.3 1.9
v 0.8 0.4 1.9
v 1 0.3 1.9
v 1 0.4 1.9
v 1.1 0 1.9
v 1.1 0.3 1.9
v -1.1 0.1 1.8
v -1.1 0.4 1.8
v -1 0 1.8
v -1 0.1 1.8
v -0.9 0.4 1.8
v -0.9 0.5 1.8
v -0.9 0.7 1.8
v -0.8 0 1.8
v -0.8 0.2 1.8
v -0.8 0.4 1.8
v -0.8 0.5 1.8
v -0.8 0.6 1.8
v -0.8 0.7 1.8
v -0.8 0.8 1.8
v -0.7 0.2 1.8
v -0.7 0.3 1.8
v -0.7 0.7 1.8
v -0.7 0.8 1.8
v -0.6 0.3 1.8
v -0.6 0.4 1.8
v -0.4 0.3 1.8
v -0.4 0.4 1.8
v -0.3 1.3 1.8
v -0.3 1.4 1.8
v -0.2 1.3 1.8
v -0.2 1.4 1.8
v -0.2 1.6 1.8
v -0.0999999 1.3 1.8
v -0.0999999 1.4 1.8
v -0.0999999 1.6 1.8
v 2.38419e-07 1.3 1.8
v 2.38419e-07 1.4 1.8
v 0.5 0 1.8
v 0.5 0.3 1.8
v 0.6 0 1.8
v 0.6 0.1 1.8
v 0.7 0 1.8
v 0.7 0.1 1.8
v 0.7 0.3 1.8
v 0.8 0 1.8
v 0.8 0.1 1.8
v 0.8 0.4 1.8
v 0.8 0.5 1.8
v 1 0.3 1.8
v 1 0.4 1.8
v 1 0.5 1.8
v 1.1 0 1.8
v 1.1 0.3 1.8
v 1.2 0.3 1.8
v 1.2 0.4 1.8
v 1.3 0 1.8
v 1.3 0.3 1.8
v -1.2 0.1 1.7
v -1.2 0.4 1.7
v -1.1 0 1.7
v -1.1 0.1 1.7
v -1.1 0.4 1.7
v -1.1 0.5 1.7
v -1 0 1.7
v -1 0.1 1.7
v -0.9 0.4 1.7
v -0.9 0.5 1.7
v -0.6 0.9 1.7
v -0.6 1 1.7
v -0.5 0.9 1.7
v -0.4 0.3 1.7
v -0.4 0.4 1.7
v -0.4 1.3 1.7
v -0.4 1.4 1.7
v -0.3 0.3 1.7
v -0.3 0.4 1.7
v -0.3 1.3 1.7
v -0.3 1.4 1.7
v -0.3 1.6 1.7
v -0.2 1.4 1.7
v -0.2 1.6 1.7
v -0.2 1.8 1.7
v -0.0999999 1.4 1.7
v -0.0999999 1.6 1.7
v -0.0999999 1.8 1.7
v 2.38419e-07 1.3 1.7
v 2.38419e-07 1.4 1.7
v 2.38419e-07 1.6 1.7
v 0.1 1.3 1.7
v 0.1 1.4 1.7
v 0.2 0.9 1.7
v 0.2 1 1.7
v 0.6 0 1.7
v 0.6 0.1 1.7
v 0.7 0 1.7
v 0.7 0.1 1.7
v 1 0.4 1.7
v 1 0.5 1.7
v 1.2 0.3 1.7
v 1.2 0.4 1.7
v 1.2 0.5 1.7
v 1.3 0 1.7
v 1.3 0.3 1.7
v 1.3 0.4 1.7
v 1.4 0 1.7
v 1.4 0.3 1.7
v -0.9 0.8 1.6
v -0.9 1.1 1.6
v -0.8 0.8 1.6
v -0.8 1 1.6
v -0.8 1.1 1.6
v -0.8 1.2 1.6
v -0.6 0.8 1.6
v -0.6 1 1.6
v -0.5 1.1 1.6
v -0.5 1.2 1.6
v -0.5 1.3 1.6
v -0.5 1.4 1.6
v -0.4 1.3 1.6
v -0.4 1.4 1.6
v -0.4 1.6 1.6
v -0.3 1.4 1.6
v -0.3 1.6 1.6
v -0.3 1.8 1.6
v -0.2 1.6 1.6
v -0.2 1.8 1.6
v -0.2 2.1 1.6
v -0.0999999 1.6 1.6
v -0.0999999 1.8 1.6
v -0.0999999 2.1 1.6
v 2.38419e-07 1.4 1.6
v 2.38419e-07 1.6 1.6
v 2.38419e-07 1.8 1.6
v 0.1 1.3 1.6
v 0.1 1.4 1.6
v 0.1 1.6 1.6
v 0.2 0.9 1.6
v 0.2 1 1.6
v 0.2 1.1 1.6
v 0.2 1.3 1.6
v 0.2 1.4 1.6
v 0.3 0.9 1.6
v 0.3 1 1.6
v 1.2 0.4 1.6
v 1.2 0.5 1.6
v 1.3 0.3 1.6
v 1.3 0.4 1.6
v 1.3 0.5 1.6
v 1.4 0.3 1.6
v 1.4 0.4 1.6
v -1.3 0.1 1.5
v -1.3 0.4 1.5
v -1.2 0 1.5
v -1.2 0.1 1.5
v -1.2 0.4 1.5
v -1.2 0.5 1.5
v -1.1 0 1.5
v -1.1 0.1 1.5
v -1.1 0.4 1.5
v -1.1 0.5 1.5
v -1 0.8 1.5
v -1 1.1 1.5
v -0.9 0.7 1.5
v -0.9 0.8 1.5
v -0.9 1.1 1.5
v -0.9 1.2 1.5
v -0.8 0.7 1.5
v -0.8 0.8 1.5
v -0.8 1.1 1.5
v -0.8 1.2 1.5
v -0.8 1.3 1.5
v -0.6 1.3 1.5
v -0.6 1.4 1.5
v -0.5 1.1 1.5
v -0.5 1.2 1.5
v -0.5 1.3 1.5
v -0.5 1.4 1.5
v -0.5 1.6 1.5
v -0.4 1.1 1.5
v -0.4 1.2 1.5
v -0.4 1.4 1.5
v -0.4 1.6 1.5
v -0.4 1.8 1.5
v -0.3 1.6 1.5
v -0.3 1.8 1.5
v -0.3 2.1 1.5
v -0.2 1.1 1.5
v -0.2 1.3 1.5
v -0.2 1.5 1.5
v -0.2 1.6 1.5
v -0.2 1.8 1.5
v -0.2 2.1 1.5
v -0.2 2.2 1.5
v -0.0999999 1.1 1.5
v -0.0999999 1.3 1.5
v -0.0999999 1.5 1.5
v -0.0999999 1.6 1.5
v -0.0999999 1.8 1.5
v -0.0999999 2.1 1.5
v -0.0999999 2.2 1.5
v 2.38419e-07 1.6 1.5
v 2.38419e-07 1.8 1.5
v 2.38419e-07 2.1 1.5
v 0.1 1.4 1.5
v 0.1 1.6 1.5
v 0.1 1.8 1.5
v 0.2 1 1.5
v 0.2 1.1 1.5
v 0.2 1.3 1.5
v 0.2 1.4 1.5
v 0.2 1.6 1.5
v 0.3 0.9 1.5
v 0.3 1 1.5
v 0.3 1.1 1.5
v 0.3 1.3 1.5
v 0.3 1.4 1.5
v 0.4 0.9 1.5
v 0.4 1 1.5
v 1.4 0 1.5
v 1.4 0.3 1.5
v 1.5 0 1.5
v 1.5 0.3 1.5
v -1 0.5 1.4
v -1 0.8 1.4
v -0.9 0.7 1.4
v -0.9 0.8 1.4
v -0.8 0.5 1.4
v -0.8 0.7 1.4
v -0.5 1.2 1.4
v -0.5 1.3 1.4
v -0.4 1.1 1.4
v -0.4 1.2 1.4
v -0.4 1.3 1.4
v -0.3 1.1 1.4
v -0.3 1.2 1.4
v -0.3 1.5 1.4
v -0.3 1.7 1.4
v -0.2 1.5 1.4
v -0.2 1.6 1.4
v -0.2 1.7 1.4
v -0.2 1.8 1.4
v -0.2 1.9 1.4
v -0.0999999 1.5 1.4
v -0.0999999 1.6 1.4
v -0.0999999 1.7 1.4
v -0.0999999 1.8 1.4
v -0.0999999 1.9 1.4
v 2.38419e-07 1.5 1.4
v 2.38419e-07 1.7 1.4
v 0.4 0.7 1.4
v 0.4 0.9 1.4
v 0.5 0.7 1.4
v 0.5 0.9 1.4
v -1.4 0 1.3
v -1.4 0.4 1.3
v -1.3 0.1 1.3
v -1.3 0.4 1.3
v -1.3 0.5 1.3
v -1.2 0 1.3
v -1.2 0.1 1.3
v -1.2 0.4 1.3
v -1.2 0.5 1.3
v -1.1 0.5 1.3
v -1.1 1 1.3
v -1.1 1.1 1.3
v -1 0.5 1.3
v -1 1 1.3
v -1 1.1 1.3
v -1 1.2 1.3
v -0.9 1.1 1.3
v -0.9 1.2 1.3
v -0.2 1.5 1.3
v -0.2 1.7 1.3
v -0.0999999 1.5 1.3
v -0.0999999 1.7 1.3
v 0.7 0.5 1.3
v 0.7 0.6 1.3
v 1.2 0.5 1.3
v 1.2 0.6 1.3
v -1.5 0 1.2
v -1.5 0.2 1.2
v -1.4 0 1.2
v -1.4 0.2 1.2
v -1.3 0.7 1.2
v -1.3 1 1.2
v -1.2 0.5 1.2
v -1.2 0.6 1.2
v -1.2 0.7 1.2
v -1.2 1 1.2
v -1.2 1.1 1.2
v -1.1 0.5 1.2
v -1.1 0.6 1.2
v -1.1 1 1.2
v -1.1 1.1 1.2
v -1.1 1.2 1.2
v -1 1.1 1.2
v -1 1.2 1.2
v -0.2 1 1.2
v -0.2 1.1 1.2
v -0.0999999 1 1.2
v -0.0999999 1.1 1.2
v -1.4 0.7 1.1
v -1.4 1 1.1
v -1.3 0.6 1.1
v -1.3 0.7 1.1
v -1.3 1 1.1
v -1.3 1.1 1.1
v -1.2 0.6 1.1
v -1.2 0.7 1.1
v -1.2 1 1.1
v -1.2 1.1 1.1
v -1.2 1.2 1.1
v -1.1 1.1 1.1
v -1.1 1.2 1.1
v 0.6 0.4 1.1
v 0.6 0.5 1.1
v 0.7 0.4 1.1
v 0.7 0.5 1.1
v -1.4 0.6 1
v -1.4 0.7 1
v -1.3 0.5 1
v -1.3 0.6 1
v -1.3 0.7 1
v -1.2 0.5 1
v -1.2 0.6 1
v 1.2 0.5 1
v 1.2 0.6 1
v 1.3 0.5 1
v 1.3 0.6 1
v -0.8 1.1 0.9
v -0.8 1.2 0.9
v -0.6 0.9 0.9
v -0.6 1.1 0.9
v -0.6 1.2 0.9
v -0.5 0.9 0.9
v -0.5 1 0.9
v -0.5 1.1 0.9
v -0.2 0.6 0.9
v -0.2 0.7 0.9
v -0.0999999 0.6 0.9
v -0.0999999 0.7 0.9
v -0.0999999 0.8 0.9
v 2.38419e-07 0.7 0.9
v 0.1 0.7 0.9
v 0.1 0.8 0.9
v 0.2 0.6 0.9
v 0.2 0.7 0.9
v 0.3 0.5 0.9
v 0.3 0.6 0.9
v 0.3 0.7 0.9
v 0.4 0.5 0.9
v 0.4 0.6 0.9
v 0.8 0.5 0.9
v 0.8 0.6 0.9
v 1.1 0.5 0.9
v 1.1 0.6 0.9
v 1.2 0.6 0.9
v 1.2 0.8 0.9
v 1.3 0.2 0.9
v 1.3 0.3 0.9
v 1.3 0.5 0.9
v 1.3 0.6 0.9
v 1.3 0.8 0.9
v 1.4 0 0.9
v 1.4 0.2 0.9
v 1.4 0.3 0.9
v 1.4 0.5 0.9
v 1.4 0.6 0.9
v 1.5 0 0.9
v 1.5 0.2 0.9
v -0.2 0.7 0.8
v -0.2 0.8 0.8
v -0.0999999 0.7 0.8
v -0.0999999 0.8 0.8
v -0.0999999 0.9 0.8
v 0.1 0.7 0.8
v 0.1 0.8 0.8
v 0.2 0.8 0.8
v 0.2 0.9 0.8
v 0.3 0.6 0.8
v 0.3 0.7 0.8
v 0.3 0.8 0.8
v 0.4 0.6 0.8
v 0.4 0.7 0.8
v 1.1 0.6 0.8
v 1.1 0.8 0.8
v 1.2 0.6 0.8
v 1.2 0.8 0.8
v 1.2 1.1 0.8
v 1.3 0.6 0.8
v 1.3 0.8 0.8
v 1.3 1.1 0.8
v 1.4 0.5 0.8
v 1.4 0.6 0.8
v 1.4 0.8 0.8
v 1.5 0.5 0.8
v 1.5 0.6 0.8
v 2.38419e-07 0.9 0.7
v 2.38419e-07 1 0.7
v 0.2 0.8 0.7
v 0.2 0.9 0.7
v 0.2 1 0.7
v 0.3 0.7 0.7
v 0.3 0.8 0.7
v 0.3 0.9 0.7
v 0.4 0.7 0.7
v 0.4 0.8 0.7
v 0.9 0.5 0.7
v 0.9 0.6 0.7
v 1 0.5 0.7
v 1 0.6 0.7
v 1 0.8 0.7
v 1.1 0.6 0.7
v 1.1 0.8 0.7
v 1.1 1.1 0.7
v 1.2 0.3 0.7
v 1.2 0.5 0.7
v 1.2 0.8 0.7
v 1.2 1.1 0.7
v 1.2 1.2 0.7
v 1.3 0.3 0.7
v 1.3 0.5 0.7
v 1.3 0.8 0.7
v 1.3 1.1 0.7
v 1.3 1.2 0.7
v 1.4 0.2 0.7
v 1.4 0.3 0.7
v 1.4 0.6 0.7
v 1.4 0.8 0.7
v 1.4 1.1 0.7
v 1.5 0 0.7
v 1.5 0.2 0.7
v 1.5 0.3 0.7
v 1.5 0.5 0.7
v 1.5 0.6 0.7
v 1.5 0.8 0.7
v 1.6 0 0.7
v 1.6 0.2 0.7
v 1.6 0.5 0.7
v 1.6 0.6 0.7
v -1.5 0 0.6
v -1.5 0.2 0.6
v -1.4 0 0.6
v -1.4 0.2 0.6
v -1.4 0.3 0.6
v -1.3 0.2 0.6
v -1.3 0.3 0.6
v 0.3 0.8 0.6
v 0.3 0.9 0.6
v 0.4 0.8 0.6
v 0.4 0.9 0.6
v 1.2 0.7 0.6
v 1.2 0.9 0.6
v 1.3 0.7 0.6
v 1.3 0.9 0.6
v 0.1 1 0.5
v 0.1 1.1 0.5
v 0.2 0.9 0.5
v 0.2 1 0.5
v 0.2 1.1 0.5
v 0.4 0.9 0.5
v 0.4 1 0.5
v 0.5 0.9 0.5
v 0.5 1.1 0.5
v -1.6 0 0.4
v -1.6 0.2 0.4
v -1.5 0 0.4
v -1.5 0.2 0.4
v -1.5 0.3 0.4
v -1.4 0.2 0.4
v -1.4 0.3 0.4
v -0.9 0.7 0.4
v -0.9 0.8 0.4
v -0.8 0.7 0.4
v -0.8 0.8 0.4
v 0.3 1.1 0.4
v 0.3 1.2 0.4
v 0.4 1.1 0.4
v 0.4 1.2 0.4
v -1 0.7 0.3
v -1 0.8 0.3
v -0.9 0.7 0.3
v -0.9 0.8 0.3
v -0.9 1 0.3
v -0.8 0.7 0.3
v -0.8 0.8 0.3
v -0.8 1 0.3
v -0.7 0.7 0.3
v -0.7 0.8 0.3
v -1.1 0.7 0.2
v -1.1 0.8 0.2
v -1 0.4 0.2
v -1 0.5 0.2
v -1 0.7 0.2
v -1 0.8 0.2
v -1 1 0.2
v -0.9 0.4 0.2
v -0.9 0.5 0.2
v -0.9 0.8 0.2
v -0.9 1 0.2
v -0.9 1.3 0.2
v -0.8 0.8 0.2
v -0.8 1 0.2
v -0.8 1.3 0.2
v -0.7 0.7 0.2
v -0.7 0.8 0.2
v -0.7 1 0.2
v -0.6 0.7 0.2
v -0.6 0.8 0.2
v -1.2 0.7 0.0999999
v -1.2 0.8 0.0999999
v -1.1 0.7 0.0999999
v -1.1 0.8 0.0999999
v -1.1 1 0.0999999
v -1 0.8 0.0999999
v -1 1 0.0999999
v -1 1.3 0.0999999
v -0.9 0.4 0.0999999
v -0.9 0.5 0.0999999
v -0.9 0.7 0.0999999
v -0.9 0.8 0.0999999
v -0.9 0.9 0.0999999
v -0.9 1 0.0999999
v -0.9 1.3 0.0999999
v -0.9 1.4 0.0999999
v -0.8 0.5 0.0999999
v -0.8 0.7 0.0999999
v -0.8 0.8 0.0999999
v -0.8 0.9 0.0999999
v -0.8 1 0.0999999
v -0.8 1.3 0.0999999
v -0.8 1.4 0.0999999
v -0.7 0.8 0.0999999
v -0.7 1 0.0999999
v -0.7 1.3 0.0999999
v -0.6 0.4 0.0999999
v -0.6 0.5 0.0999999
v -0.6 0.7 0.0999999
v -0.6 0.8 0.0999999
v -0.6 1 0.0999999
v -0.5 0.7 0.0999999
v -0.5 0.8 0.0999999
v -1 0.8 -2.38419e-07
v -1 0.9 -2.38419e-07
v -0.9 0.8 -2.38419e-07
v -0.9 0.9 -2.38419e-07
v -0.9 1.2 -2.38419e-07
v -0.8 0.8 -2.38419e-07
v -0.8 0.9 -2.38419e-07
v -0.8 1.2 -2.38419e-07
v -0.7 0.8 -2.38419e-07
v -0.7 0.9 -2.38419e-07
v -0.9 0.8 -0.1
v -0.9 0.9 -0.1
v -0.8 0.8 -0.1
v -0.8 0.9 -0.1
v 0.5 0 -0.4
v 0.5 0.2 -0.4
v 1.3 0 -0.4
v 1.3 0.2 -0.4
v -0.3 0 -0.5
v -0.3 0.2 -0.5
v 0.2 0 -0.5
v 0.2 0.2 -0.5
v 0.4 0 -0.5
v 0.4 0.2 -0.5
v 0.5 0 -0.5
v 0.5 0.2 -0.5
v 0.5 0.3 -0.5
v 0.9 0.3 -0.5
v 0.9 0.5 -0.5
v 1.3 0 -0.5
v 1.3 0.2 -0.5
v 1.3 0.5 -0.5
v 1.4 0 -0.5
v 1.4 0.2 -0.5
v -1.7 0 -0.6
v -1.7 0.2 -0.6
v -1.4 0 -0.6
v -1.4 0.2 -0.6
v -0.4 0.2 -0.6
v -0.4 0.3 -0.6
v -0.3 0.2 -0.6
v -0.3 0.3 -0.6
v 2.38419e-07 0.2 -0.6
v 2.38419e-07 0.3 -0.6
v 0.2 0 -0.6
v 0.2 0.2 -0.6
v 0.2 0.3 -0.6
v 0.4 0 -0.6
v 0.4 0.2 -0.6
v 0.4 0.3 -0.6
v 0.5 0.2 -0.6
v 0.5 0.3 -0.6
v 0.7 0.3 -0.6
v 0.7 0.5 -0.6
v 0.9 0.3 -0.6
v 0.9 0.5 -0.6
v 0.9 0.6 -0.6
v 1.3 0.2 -0.6
v 1.3 0.5 -0.6
v 1.3 0.6 -0.6
v 1.4 0.2 -0.6
v 1.4 0.5 -0.6
v -1.8 0 -0.7
v -1.8 0.2 -0.7
v -1.7 0 -0.7
v -1.7 0.2 -0.7
v -1.7 0.3 -0.7
v -1.4 0 -0.7
v -1.4 0.2 -0.7
v -1.4 0.3 -0.7
v -1.2 0 -0.7
v -1.2 0.2 -0.7
v -0.8 0 -0.7
v -0.8 0.1 -0.7
v -0.7 0 -0.7
v -0.7 0.1 -0.7
v -0.6 0 -0.7
v -0.6 0.2 -0.7
v -0.5 0 -0.7
v -0.5 0.2 -0.7
v -0.5 0.3 -0.7
v -0.4 0.2 -0.7
v -0.4 0.3 -0.7
v 0.2 0.2 -0.7
v 0.2 0.3 -0.7
v 0.4 0.2 -0.7
v 0.4 0.3 -0.7
v 0.6 0.3 -0.7
v 0.6 0.4 -0.7
v 0.6 0.5 -0.7
v 0.7 0.3 -0.7
v 0.7 0.4 -0.7
v 0.7 0.5 -0.7
v 0.7 0.6 -0.7
v 0.8 0.5 -0.7
v 0.8 0.6 -0.7
v 0.9 0.5 -0.7
v 0.9 0.6 -0.7
v -1.8 0.2 -0.8
v -1.8 0.4 -0.8
v -1.8 0.5 -0.8
v -1.7 0.2 -0.8
v -1.7 0.3 -0.8
v -1.6 0.3 -0.8
v -1.6 0.4 -0.8
v -1.5 0.3 -0.8
v -1.5 0.5 -0.8
v -1.4 0.2 -0.8
v -1.4 0.3 -0.8
v -1.2 0 -0.8
v -1.2 0.2 -0.8
v -1.2 0.3 -0.8
v -1.1 0 -0.8
v -1.1 0.2 -0.8
v -0.9 0 -0.8
v -0.9 0.1 -0.8
v -0.8 0 -0.8
v -0.8 0.1 -0.8
v 0.4 0.3 -0.8
v 0.4 0.5 -0.8
v 0.6 0.3 -0.8
v 0.6 0.4 -0.8
v 0.6 0.5 -0.8
v 0.6 0.6 -0.8
v 0.7 0.5 -0.8
v 0.7 0.6 -0.8
v -1.9 0.2 -0.9
v -1.9 0.5 -0.9
v -1.8 0.2 -0.9
v -1.8 0.4 -0.9
v -1.8 0.5 -0.9
v -1.8 0.6 -0.9
v -1.5 0.3 -0.9
v -1.5 0.5 -0.9
v -1.5 0.6 -0.9
v -1.4 0.3 -0.9
v -1.4 0.5 -0.9
v -1.1 0 -0.9
v -1.1 0.1 -0.9
v -0.9 0 -0.9
v -0.9 0.1 -0.9
v -0.9 0.2 -0.9
v -0.8 0.2 -0.9
v -0.8 0.3 -0.9
v -0.7 0 -0.9
v -0.7 0.1 -0.9
v -0.7 0.2 -0.9
v -0.7 0.3 -0.9
v -0.7 0.4 -0.9
v -0.6 0 -0.9
v -0.6 0.1 -0.9
v -0.6 0.2 -0.9
v -0.6 0.3 -0.9
v -0.6 0.4 -0.9
v -0.5 0.2 -0.9
v -0.5 0.3 -0.9
v -0.3 0.3 -0.9
v -0.3 0.5 -0.9
v -0.2 0.3 -0.9
v -0.2 0.5 -0.9
v 0.1 0.3 -0.9
v 0.1 0.5 -0.9
v 0.2 0.3 -0.9
v 0.2 0.5 -0.9
v 0.4 0.3 -0.9
v 0.4 0.5 -0.9
v 0.4 0.6 -0.9
v 0.6 0.5 -0.9
v 0.6 0.6 -0.9
v -1.9 0.5 -1
v -1.9 0.8 -1
v -1.8 0.5 -1
v -1.8 0.6 -1
v -1.5 0.6 -1
v -1.5 0.8 -1
v -1.2 0.2 -1
v -1.2 0.3 -1
v -1.1 0.1 -1
v -1.1 0.2 -1
v -1.1 0.3 -1
v -1 0.1 -1
v -1 0.2 -1
v -1 0.3 -1
v -0.9 0.1 -1
v -0.9 0.2 -1
v -0.9 0.3 -1
v -0.9 0.6 -1
v -0.8 0.2 -1
v -0.8 0.3 -1
v -0.8 0.6 -1
v -0.8 0.7 -1
v -0.7 0.3 -1
v -0.7 0.4 -1
v -0.7 0.7 -1
v -0.6 0.3 -1
v -0.6 0.4 -1
v -0.5 0.3 -1
v -0.5 0.4 -1
v -0.4 0.3 -1
v -0.4 0.5 -1
v -0.3 0.3 -1
v -0.3 0.5 -1
v -0.3 0.6 -1
v -0.2 0.5 -1
v 0.1 0.3 -1
v 0.1 0.4 -1
v 0.1 0.5 -1
v 0.1 0.6 -1
v 0.2 0.3 -1
v 0.2 0.4 -1
v 0.2 0.5 -1
v 0.2 0.6 -1
v 0.4 0.5 -1
v 0.4 0.6 -1
v 0.4 0.7 -1
v 0.5 0.6 -1
v 0.5 0.7 -1
v -2 0.5 -1.1
v -2 0.7 -1.1
v -1.9 0.5 -1.1
v -1.9 0.7 -1.1
v -1.8 0.8 -1.1
v -1.8 0.9 -1.1
v -1.5 0.5 -1.1
v -1.5 0.8 -1.1
v -1.5 0.9 -1.1
v -1.4 0.3 -1.1
v -1.4 0.5 -1.1
v -1.4 0.8 -1.1
v -1.3 0.3 -1.1
v -1.3 0.5 -1.1
v -0.9 0.6 -1.1
v -0.9 0.7 -1.1
v -0.8 0.6 -1.1
v -0.8 0.7 -1.1
v -0.8 0.8 -1.1
v -0.8 0.9 -1.1
v -0.7 0.4 -1.1
v -0.7 0.6 -1.1
v -0.7 0.7 -1.1
v -0.7 0.8 -1.1
v -0.7 0.9 -1.1
v -0.6 0.6 -1.1
v -0.6 0.8 -1.1
v -0.5 0.4 -1.1
v -0.5 0.6 -1.1
v 0.1 0.5 -1.1
v 0.1 0.6 -1.1
v 0.2 0.5 -1.1
v 0.2 0.6 -1.1
v 0.2 0.7 -1.1
v 0.2 0.8 -1.1
v 0.3 0.6 -1.1
v 0.3 0.7 -1.1
v 0.4 0.6 -1.1
v 0.4 0.7 -1.1
v 0.5 0.6 -1.1
v 0.5 0.7 -1.1
v 0.5 0.8 -1.1
v 0.6 0.6 -1.1
v 0.6 0.7 -1.1
v -1.4 0.5 -1.2
v -1.4 0.6 -1.2
v -1.3 0.3 -1.2
v -1.3 0.5 -1.2
v -1.3 0.6 -1.2
v -1.2 0.3 -1.2
v -1.2 0.5 -1.2
v -1.1 0.2 -1.2
v -1.1 0.3 -1.2
v -1 0.2 -1.2
v -1 0.3 -1.2
v -0.9 0.1 -1.2
v -0.9 0.2 -1.2
v -0.8 0.9 -1.2
v -0.8 1 -1.2
v -0.7 0.1 -1.2
v -0.7 0.2 -1.2
v -0.7 0.8 -1.2
v -0.7 0.9 -1.2
v -0.7 1 -1.2
v -0.6 0.8 -1.2
v -0.6 0.9 -1.2
v 0.2 0.8 -1.2
v 0.2 0.9 -1.2
v 0.3 0.9 -1.2
v 0.3 1 -1.2
v 0.3 1.2 -1.2
v 0.4 1 -1.2
v 0.4 1.1 -1.2
v 0.5 0.7 -1.2
v 0.5 0.8 -1.2
v 0.5 1 -1.2
v 0.5 1.1 -1.2
v 0.5 1.2 -1.2
v 0.6 0.6 -1.2
v 0.6 0.7 -1.2
v 0.6 0.9 -1.2
v 0.6 1 -1.2
v 0.7 0.6 -1.2
v 0.7 0.8 -1.2
v 0.7 0.9 -1.2
v -1.3 0.5 -1.3
v -1.3 0.6 -1.3
v -1.2 0.3 -1.3
v -1.2 0.5 -1.3
v -1.2 0.6 -1.3
v -1.1 0.3 -1.3
v -1.1 0.5 -1.3
v 0.3 1.2 -1.3
v 0.3 1.3 -1.3
v 0.3 1.5 -1.3
v 0.4 1.3 -1.3
v 0.4 1.4 -1.3
v 0.5 1.2 -1.3
v 0.5 1.4 -1.3
v 0.5 1.5 -1.3
v 0.7 0.6 -1.3
v 0.7 0.7 -1.3
v 0.8 0.6 -1.3
v 0.8 0.7 -1.3
v -0.5 0.2 -1.4
v -0.5 0.3 -1.4
v -0.4 0.2 -1.4
v -0.4 0.3 -1.4
v 0.4 1.5 -1.4
v 0.4 1.6 -1.4
v 0.5 1.5 -1.4
v 0.5 1.6 -1.4
v 0.4 0.8 1.7
v 0.4 0.9 1.7
v 0.7 0.7 1.7
v 0.7 0.8 1.7
v 0.7 0.9 1.7
v 0.8 0.7 1.7
v 0.8 0.8 1.7
v -0.2 1.5 1.6
v -0.2 1.7 1.6
v -0.0999999 1.5 1.6
v -0.0999999 1.7 1.6
v -0.9 0.5 1.5
v -0.9 0.7 1.5
v -0.8 0.5 1.5
v -0.8 0.7 1.5
v -0.3 1.5 1.5
v -0.3 1.7 1.5
v -0.2 1.5 1.5
v -0.2 1.6 1.5
v -0.2 1.7 1.5
v -0.2 1.8 1.5
v -0.2 1.9 1.5
v -0.0999999 1.5 1.5
v -0.0999999 1.6 1.5
v -0.0999999 1.7 1.5
v -0.0999999 1.8 1.5
v -0.0999999 1.9 1.5
v 2.38419e-07 1.5 1.5
v 2.38419e-07 1.7 1.5
v 0.4 0.7 1.5
v 0.4 0.8 1.5
v 0.5 0.7 1.5
v 0.7 0.5 1.5
v 0.7 0.7 1.5
v 0.7 0.8 1.5
v 0.8 0.5 1.5
v 0.8 0.7 1.5
v -0.6 1.3 1.4
v -0.6 1.4 1.4
v -0.5 1.3 1.4
v -0.5 1.4 1.4
v -0.5 1.6 1.4
v -0.4 1.4 1.4
v -0.4 1.6 1.4
v -0.4 1.8 1.4
v -0.3 1.6 1.4
v -0.3 1.8 1.4
v -0.3 2.1 1.4
v -0.2 1.1 1.4
v -0.2 1.3 1.4
v -0.2 1.5 1.4
v -0.2 1.6 1.4
v -0.2 1.8 1.4
v -0.2 2.1 1.4
v -0.2 2.2 1.4
v -0.0999999 1.1 1.4
v -0.0999999 1.3 1.4
v -0.0999999 1.5 1.4
v -0.0999999 1.6 1.4
v -0.0999999 1.8 1.4
v -0.0999999 2.1 1.4
v -0.0999999 2.2 1.4
v 2.38419e-07 1.6 1.4
v 2.38419e-07 1.8 1.4
v 2.38419e-07 2.1 1.4
v 0.1 1.4 1.4
v 0.1 1.6 1.4
v 0.1 1.8 1.4
v 0.2 1.3 1.4
v 0.2 1.4 1.4
v 0.2 1.6 1.4
v 0.3 1.3 1.4
v 0.3 1.4 1.4
v 0.5 0.5 1.4
v 0.5 0.7 1.4
v 0.7 0.5 1.4
v 0.7 0.7 1.4
v -0.5 1.3 1.3
v -0.5 1.4 1.3
v -0.4 1.3 1.3
v -0.4 1.4 1.3
v -0.4 1.6 1.3
v -0.3 1.4 1.3
v -0.3 1.6 1.3
v -0.3 1.8 1.3
v -0.2 1 1.3
v -0.2 1.1 1.3
v -0.2 1.6 1.3
v -0.2 1.8 1.3
v -0.2 2.1 1.3
v -0.0999999 1 1.3
v -0.0999999 1.1 1.3
v -0.0999999 1.6 1.3
v -0.0999999 1.8 1.3
v -0.0999999 2.1 1.3
v 2.38419e-07 1 1.3
v 2.38419e-07 1.1 1.3
v 2.38419e-07 1.4 1.3
v 2.38419e-07 1.6 1.3
v 2.38419e-07 1.8 1.3
v 0.1 1.3 1.3
v 0.1 1.4 1.3
v 0.1 1.6 1.3
v 0.2 1.3 1.3
v 0.2 1.4 1.3
v 0.4 0.5 1.3
v 0.4 0.6 1.3
v 0.5 0.4 1.3
v 0.5 0.5 1.3
v 0.5 0.6 1.3
v 0.7 0.4 1.3
v 0.7 0.5 1.3
v -0.4 1.3 1.2
v -0.4 1.4 1.2
v -0.3 1.3 1.2
v -0.3 1.4 1.2
v -0.3 1.6 1.2
v -0.2 1.4 1.2
v -0.2 1.6 1.2
v -0.2 1.8 1.2
v -0.0999999 0.9 1.2
v -0.0999999 1 1.2
v -0.0999999 1.4 1.2
v -0.0999999 1.6 1.2
v -0.0999999 1.8 1.2
v 2.38419e-07 0.9 1.2
v 2.38419e-07 1 1.2
v 2.38419e-07 1.1 1.2
v 2.38419e-07 1.3 1.2
v 2.38419e-07 1.4 1.2
v 2.38419e-07 1.6 1.2
v 0.1 1 1.2
v 0.1 1.1 1.2
v 0.1 1.3 1.2
v 0.1 1.4 1.2
v 0.3 1 1.2
v 0.3 1.1 1.2
v 0.8 0.5 1.2
v 0.8 0.6 1.2
v 1.1 0.5 1.2
v 1.1 0.6 1.2
v -0.8 1.2 1.1
v -0.8 1.3 1.1
v -0.4 1.1 1.1
v -0.4 1.2 1.1
v -0.4 1.3 1.1
v -0.3 1.1 1.1
v -0.3 1.2 1.1
v -0.3 1.3 1.1
v -0.3 1.4 1.1
v -0.2 1 1.1
v -0.2 1.1 1.1
v -0.2 1.3 1.1
v -0.2 1.4 1.1
v -0.2 1.6 1.1
v -0.0999999 0.8 1.1
v -0.0999999 0.9 1.1
v -0.0999999 1 1.1
v -0.0999999 1.1 1.1
v -0.0999999 1.3 1.1
v -0.0999999 1.4 1.1
v -0.0999999 1.6 1.1
v 2.38419e-07 0.9 1.1
v 2.38419e-07 1 1.1
v 2.38419e-07 1.3 1.1
v 2.38419e-07 1.4 1.1
v 0.1 0.8 1.1
v 0.1 0.9 1.1
v 0.4 0.6 1.1
v 0.4 0.7 1.1
v 0.4 0.9 1.1
v 0.4 1 1.1
v 0.5 0.6 1.1
v 0.5 0.9 1.1
v 1.3 0.3 1.1
v 1.3 0.4 1.1
v 1.4 0.2 1.1
v 1.4 0.3 1.1
v 1.4 0.4 1.1
v 1.5 0.2 1.1
v 1.5 0.3 1.1
v -1.4 0.3 1
v -1.4 0.4 1
v -1.3 0.3 1
v -1.3 0.4 1
v -0.8 1.1 1
v -0.8 1.2 1
v -0.6 0.9 1
v -0.6 1.1 1
v -0.5 0.9 1
v -0.5 1 1
v -0.4 1 1
v -0.4 1.1 1
v -0.4 1.2 1
v -0.3 1 1
v -0.3 1.1 1
v -0.2 0.6 1
v -0.2 1 1
v -0.2 1.1 1
v -0.2 1.3 1
v -0.2 1.4 1
v -0.0999999 0.6 1
v -0.0999999 0.7 1
v -0.0999999 0.8 1
v -0.0999999 1 1
v -0.0999999 1.3 1
v -0.0999999 1.4 1
v 2.38419e-07 0.7 1
v 0.1 0.8 1
v 0.1 0.9 1
v 0.2 0.6 1
v 0.2 0.7 1
v 0.3 0.5 1
v 0.3 0.6 1
v 0.4 0.5 1
v 0.4 0.7 1
v 0.4 0.9 1
v 1.2 0.4 1
v 1.2 0.5 1
v 1.3 0.2 1
v 1.3 0.3 1
v 1.3 0.4 1
v 1.3 0.5 1
v 1.4 0 1
v 1.4 0.2 1
v 1.4 0.3 1
v 1.5 0 1
v 1.5 0.2 1
v -0.5 0.9 0.9
v -0.5 1 0.9
v -0.4 0.9 0.9
v -0.4 1 0.9
v -0.3 0.8 0.9
v -0.3 0.9 0.9
v -0.2 0.8 0.9
v -0.2 1 0.9
v 0.4 0.4 0.9
v 0.4 0.5 0.9
v 0.5 0.3 0.9
v 0.5 0.4 0.9
v 0.5 0.5 0.9
v 0.6 0.3 0.9
v 0.6 0.4 0.9
v 0.6 0.5 0.9
v 0.7 0.4 0.9
v 0.7 0.5 0.9
v 0.7 0.6 0.9
v 0.8 0.5 0.9
v 0.8 0.6 0.9
v 1.1 0.4 0.9
v 1.1 0.5 0.9
v 1.2 0.3 0.9
v 1.2 0.4 0.9
v 1.2 0.5 0.9
v 1.3 0.3 0.9
v 1.3 0.4 0.9
v -1.4 0.9 0.8
v -1.4 1 0.8
v -1.3 0.9 0.8
v -1.3 1 0.8
v -1.3 1.1 0.8
v -1.2 1 0.8
v -1.2 1.1 0.8
v -1.2 1.2 0.8
v -0.9 1.1 0.8
v -0.9 1.2 0.8
v 0.2 0.3 0.8
v 0.2 0.4 0.8
v 0.3 0.2 0.8
v 0.3 0.3 0.8
v 0.3 0.4 0.8
v 0.3 0.5 0.8
v 0.4 0.4 0.8
v 0.4 0.5 0.8
v 0.5 0.3 0.8
v 0.5 0.4 0.8
v 0.6 0.3 0.8
v 0.6 0.4 0.8
v 0.7 0.2 0.8
v 0.7 0.3 0.8
v 0.7 0.4 0.8
v 0.7 0.5 0.8
v 0.8 0.4 0.8
v 0.8 0.5 0.8
v 0.8 0.6 0.8
v 1 0.4 0.8
v 1 0.5 0.8
v 1 0.6 0.8
v 1.1 0.3 0.8
v 1.1 0.4 0.8
v 1.1 0.5 0.8
v 1.2 0.3 0.8
v 1.2 0.4 0.8
v -1.5 0 0.7
v -1.5 0.2 0.7
v -1.4 0 0.7
v -1.4 0.2 0.7
v -1.4 0.3 0.7
v -1.4 0.6 0.7
v -1.4 0.9 0.7
v -1.3 0.2 0.7
v -1.3 0.3 0.7
v -1.3 0.4 0.7
v -1.3 0.6 0.7
v -1.3 0.9 0.7
v -1.3 1 0.7
v -1.2 0.4 0.7
v -1.2 0.6 0.7
v -1.2 0.9 0.7
v -1.2 1 0.7
v -1.2 1.1 0.7
v -1 1 0.7
v -1 1.1 0.7
v -0.2 0.7 0.7
v -0.2 0.8 0.7
v -0.0999999 0.7 0.7
v -0.0999999 0.8 0.7
v 2.38419e-07 0.3 0.7
v 2.38419e-07 0.4 0.7
v 0.1 0.3 0.7
v 0.1 0.4 0.7
v 0.1 0.5 0.7
v 0.2 0.3 0.7
v 0.2 0.4 0.7
v 0.2 0.5 0.7
v 0.3 0.4 0.7
v 0.3 0.5 0.7
v 0.3 0.6 0.7
v 0.4 0 0.7
v 0.4 0.2 0.7
v 0.4 0.5 0.7
v 0.4 0.6 0.7
v 0.7 0 0.7
v 0.7 0.2 0.7
v 0.7 0.4 0.7
v 0.8 0 0.7
v 0.8 0.1 0.7
v 0.8 0.2 0.7
v 0.8 0.3 0.7
v 0.8 0.4 0.7
v 0.8 0.5 0.7
v 0.9 0.3 0.7
v 0.9 0.4 0.7
v 0.9 0.5 0.7
v 1 0.2 0.7
v 1 0.3 0.7
v 1 0.4 0.7
v 1 0.5 0.7
v 1.1 0.2 0.7
v 1.1 0.3 0.7
v 1.1 0.4 0.7
v 1.2 0.7 0.7
v 1.2 0.9 0.7
v 1.3 0.7 0.7
v 1.3 0.9 0.7
v -1.3 0.6 0.6
v -1.3 0.9 0.6
v -1.2 0.5 0.6
v -1.2 0.6 0.6
v -1.2 0.9 0.6
v -1.2 1 0.6
v -1.1 0.6 0.6
v -1.1 0.9 0.6
v -1 0.5 0.6
v -1 0.6 0.6
v -1 0.9 0.6
v -1 1 0.6
v -1 1.1 0.6
v -0.9 0.9 0.6
v -0.9 1 0.6
v -0.9 1.1 0.6
v -0.9 1.2 0.6
v -0.8 0.6 0.6
v -0.8 0.8 0.6
v -0.7 0.6 0.6
v -0.7 0.8 0.6
v -0.6 0.9 0.6
v -0.6 1.1 0.6
v -0.6 1.2 0.6
v -0.5 0.9 0.6
v -0.5 1.1 0.6
v -0.2 0.6 0.6
v -0.2 0.7 0.6
v -0.0999999 0.4 0.6
v -0.0999999 0.6 0.6
v -0.0999999 0.7 0.6
v 2.38419e-07 0.4 0.6
v 2.38419e-07 0.6 0.6
v 0.2 0.5 0.6
v 0.2 0.6 0.6
v 0.3 0.5 0.6
v 0.3 0.6 0.6
v 0.3 0.7 0.6
v 0.4 0.6 0.6
v 0.4 0.7 0.6
v 0.8 0 0.6
v 0.8 0.1 0.6
v 0.8 0.2 0.6
v 0.8 0.3 0.6
v 0.9 0.2 0.6
v 0.9 0.3 0.6
v 0.9 0.5 0.6
v 0.9 0.6 0.6
v 1 0 0.6
v 1 0.1 0.6
v 1 0.2 0.6
v 1 0.3 0.6
v 1 0.5 0.6
v 1 0.6 0.6
v 1 0.8 0.6
v 1.1 0.6 0.6
v 1.1 0.8 0.6
v 1.1 1.1 0.6
v 1.2 0.3 0.6
v 1.2 0.5 0.6
v 1.2 0.8 0.6
v 1.2 1.1 0.6
v 1.2 1.2 0.6
v 1.3 0.3 0.6
v 1.3 0.5 0.6
v 1.3 0.8 0.6
v 1.3 1.1 0.6
v 1.3 1.2 0.6
v 1.4 0.6 0.6
v 1.4 0.8 0.6
v 1.4 1.1 0.6
v 1.5 0.5 0.6
v 1.5 0.6 0.6
v 1.5 0.8 0.6
v 1.6 0.5 0.6
v 1.6 0.6 0.6
v -1.1 0.6 0.5
v -1.1 0.9 0.5
v -1 0.5 0.5
v -1 0.6 0.5
v -0.9 0.9 0.5
v -0.9 1.1 0.5
v -0.8 0.5 0.5
v -0.8 0.6 0.5
v -0.8 0.8 0.5
v -0.7 0.6 0.5
v -0.7 0.8 0.5
v -0.6 0.6 0.5
v -0.6 0.8 0.5
v -0.6 0.9 0.5
v -0.6 1.1 0.5
v -0.5 0.8 0.5
v -0.5 0.9 0.5
v -0.3 0.3 0.5
v -0.3 0.8 0.5
v -0.3 0.9 0.5
v -0.2 0.3 0.5
v -0.2 0.6 0.5
v -0.2 0.8 0.5
v -0.0999999 0.4 0.5
v -0.0999999 0.6 0.5
v -0.0999999 0.9 0.5
v 2.38419e-07 0.3 0.5
v 2.38419e-07 0.4 0.5
v 2.38419e-07 0.6 0.5
v 2.38419e-07 0.7 0.5
v 2.38419e-07 0.9 0.5
v 0.1 0.4 0.5
v 0.1 0.5 0.5
v 0.1 0.6 0.5
v 0.1 0.7 0.5
v 0.2 0.5 0.5
v 0.2 0.6 0.5
v 0.2 0.8 0.5
v 0.3 0.6 0.5
v 0.3 0.7 0.5
v 0.3 0.8 0.5
v 0.4 0.7 0.5
v 0.4 0.8 0.5
v 1 0.5 0.5
v 1 0.6 0.5
v 1.1 0.5 0.5
v 1.1 0.6 0.5
v 1.1 0.8 0.5
v 1.2 0.6 0.5
v 1.2 0.8 0.5
v 1.2 1.1 0.5
v 1.3 0.6 0.5
v 1.3 0.8 0.5
v 1.3 1.1 0.5
v 1.4 0.5 0.5
v 1.4 0.6 0.5
v 1.4 0.8 0.5
v 1.5 0.5 0.5
v 1.5 0.6 0.5
v -0.9 0.4 0.4
v -0.9 0.5 0.4
v -0.8 0.5 0.4
v -0.8 0.6 0.4
v -0.6 0.4 0.4
v -0.6 0.6 0.4
v -0.6 0.8 0.4
v -0.5 0.6 0.4
v -0.5 0.8 0.4
v -0.4 0.5 0.4
v -0.4 0.6 0.4
v -0.3 0.5 0.4
v -0.3 0.8 0.4
v 2.38419e-07 0.7 0.4
v 2.38419e-07 0.8 0.4
v 2.38419e-07 0.9 0.4
v 2.38419e-07 1 0.4
v 0.1 0.6 0.4
v 0.1 0.7 0.4
v 0.1 0.9 0.4
v 0.1 1 0.4
v 0.1 1.1 0.4
v 0.2 0.6 0.4
v 0.2 0.8 0.4
v 0.2 1 0.4
v 0.2 1.1 0.4
v 0.3 0.8 0.4
v 0.3 0.9 0.4
v 0.4 0.8 0.4
v 0.4 0.9 0.4
v 0.4 1 0.4
v 0.5 0.9 0.4
v 0.5 1 0.4
v 1 0 0.4
v 1 0.2 0.4
v 1.1 0 0.4
v 1.1 0.2 0.4
v 1.1 0.3 0.4
v 1.1 0.5 0.4
v 1.1 0.6 0.4
v 1.2 0.2 0.4
v 1.2 0.3 0.4
v 1.2 0.5 0.4
v 1.2 0.6 0.4
v 1.2 0.8 0.4
v 1.3 0.5 0.4
v 1.3 0.6 0.4
v 1.3 0.8 0.4
v 1.4 0.5 0.4
v 1.4 0.6 0.4
v -1.3 0.3 0.3
v -1.3 0.4 0.3
v -1.2 0.3 0.3
v -1.2 0.4 0.3
v -1.2 0.5 0.3
v -0.9 0.4 0.3
v -0.9 0.5 0.3
v -0.5 0.5 0.3
v -0.5 0.6 0.3
v -0.4 0.3 0.3
v -0.4 0.5 0.3
v -0.4 0.6 0.3
v -0.3 0.3 0.3
v -0.3 0.5 0.3
v 2.38419e-07 0.2 0.3
v 2.38419e-07 0.3 0.3
v 2.38419e-07 0.8 0.3
v 2.38419e-07 0.9 0.3
v 0.1 0.9 0.3
v 0.1 1 0.3
v 0.2 1 0.3
v 0.2 1.1 0.3
v 0.3 0 0.3
v 0.3 0.2 0.3
v 0.3 0.3 0.3
v 0.3 0.8 0.3
v 0.3 0.9 0.3
v 0.3 1 0.3
v 0.3 1.1 0.3
v 0.3 1.2 0.3
v 0.4 0 0.3
v 0.4 0.2 0.3
v 0.4 0.9 0.3
v 0.4 1 0.3
v 0.4 1.1 0.3
v 0.4 1.2 0.3
v 0.5 1 0.3
v 0.5 1.1 0.3
v 1.2 0.5 0.3
v 1.2 0.6 0.3
v 1.3 0.5 0.3
v 1.3 0.6 0.3
v -1.2 0.3 0.2
v -1.2 0.4 0.2
v -1 0.3 0.2
v -1 0.4 0.2
v -0.9 0.8 0.2
v -0.9 0.9 0.2
v -0.8 0.8 0.2
v -0.8 0.9 0.2
v -0.6 0.5 0.2
v -0.6 0.6 0.2
v -0.5 0.4 0.2
v -0.5 0.5 0.2
v -0.5 0.6 0.2
v -0.4 0.4 0.2
v -0.4 0.5 0.2
v -0.0999999 0.2 0.2
v -0.0999999 0.3 0.2
v 2.38419e-07 0 0.2
v 2.38419e-07 0.2 0.2
v 2.38419e-07 0.3 0.2
v 0.3 0 0.2
v 0.3 0.2 0.2
v 0.3 1 0.2
v 0.3 1.1 0.2
v 0.4 1 0.2
v 0.4 1.1 0.2
v -1.2 0.2 0.0999999
v -1.2 0.3 0.0999999
v -1.1 0.2 0.0999999
v -1.1 0.3 0.0999999
v -1 0.4 0.0999999
v -1 0.5 0.0999999
v -1 0.8 0.0999999
v -1 0.9 0.0999999
v -0.9 0.4 0.0999999
v -0.9 0.5 0.0999999
v -0.9 0.8 0.0999999
v -0.9 0.9 0.0999999
v -0.9 1.2 0.0999999
v -0.8 0.8 0.0999999
v -0.8 0.9 0.0999999
v -0.8 1.2 0.0999999
v -0.7 0.8 0.0999999
v -0.7 0.9 0.0999999
v -0.6 0.4 0.0999999
v -0.6 0.5 0.0999999
v -0.5 0.3 0.0999999
v -0.5 0.4 0.0999999
v -0.5 0.5 0.0999999
v -0.4 0.3 0.0999999
v -0.4 0.4 0.0999999
v -0.2 0.2 0.0999999
v -0.2 0.3 0.0999999
v -0.0999999 0 0.0999999
v -0.0999999 0.2 0.0999999
v -0.0999999 0.3 0.0999999
v 2.38419e-07 0 0.0999999
v 2.38419e-07 0.2 0.0999999
v 1.1 0 0.0999999
v 1.1 0.2 0.0999999
v 1.2 0 0.0999999
v 1.2 0.2 0.0999999
v 1.2 0.3 0.0999999
v 1.5 0 0.0999999
v 1.5 0.2 0.0999999
v 1.5 0.3 0.0999999
v 1.6 0 0.0999999
v 1.6 0.2 0.0999999
v -1.6 0 -2.38419e-07
v -1.6 0.2 -2.38419e-07
v -1.5 0 -2.38419e-07
v -1.5 0.2 -2.38419e-07
v -1.5 0.3 -2.38419e-07
v -1.3 0.2 -2.38419e-07
v -1.3 0.3 -2.38419e-07
v -1.2 0 -2.38419e-07
v -1.2 0.1 -2.38419e-07
v -1.2 0.2 -2.38419e-07
v -1.2 0.3 -2.38419e-07
v -1.2 0.7 -2.38419e-07
v -1.2 0.8 -2.38419e-07
v -1.1 0 -2.38419e-07
v -1.1 0.1 -2.38419e-07
v -1.1 0.2 -2.38419e-07
v -1.1 0.3 -2.38419e-07
v -1.1 0.7 -2.38419e-07
v -1.1 0.8 -2.38419e-07
v -1.1 1 -2.38419e-07
v -1 0.2 -2.38419e-07
v -1 0.3 -2.38419e-07
v -1 0.8 -2.38419e-07
v -1 1 -2.38419e-07
v -1 1.3 -2.38419e-07
v -0.9 0.4 -2.38419e-07
v -0.9 0.5 -2.38419e-07
v -0.9 0.7 -2.38419e-07
v -0.9 0.8 -2.38419e-07
v -0.9 0.9 -2.38419e-07
v -0.9 1 -2.38419e-07
v -0.9 1.3 -2.38419e-07
v -0.9 1.4 -2.38419e-07
v -0.8 0.5 -2.38419e-07
v -0.8 0.7 -2.38419e-07
v -0.8 0.8 -2.38419e-07
v -0.8 0.9 -2.38419e-07
v -0.8 1 -2.38419e-07
v -0.8 1.3 -2.38419e-07
v -0.8 1.4 -2.38419e-07
v -0.7 0.8 -2.38419e-07
v -0.7 1 -2.38419e-07
v -0.7 1.3 -2.38419e-07
v -0.6 0.3 -2.38419e-07
v -0.6 0.4 -2.38419e-07
v -0.6 0.5 -2.38419e-07
v -0.6 0.7 -2.38419e-07
v -0.6 0.8 -2.38419e-07
v -0.6 1 -2.38419e-07
v -0.5 0.3 -2.38419e-07
v -0.5 0.4 -2.38419e-07
v -0.5 0.7 -2.38419e-07
v -0.5 0.8 -2.38419e-07
v 1.2 0 -2.38419e-07
v 1.2 0.2 -2.38419e-07
v 1.5 0 -2.38419e-07
v 1.5 0.2 -2.38419e-07
v -1.5 0 -0.1
v -1.5 0.2 -0.1
v -1.2 0 -0.1
v -1.2 0.2 -0.1
v -1.1 0 -0.1
v -1.1 0.1 -0.1
v -1.1 0.2 -0.1
v -1.1 0.7 -0.1
v -1.1 0.8 -0.1
v -1 0 -0.1
v -1 0.1 -0.1
v -1 0.2 -0.1
v -1 0.4 -0.1
v -1 0.7 -0.1
v -1 0.8 -0.1
v -1 1 -0.1
v -0.9 0.2 -0.1
v -0.9 0.3 -0.1
v -0.9 0.8 -0.1
v -0.9 1 -0.1
v -0.9 1.3 -0.1
v -0.8 0.8 -0.1
v -0.8 1 -0.1
v -0.8 1.3 -0.1
v -0.7 0.7 -0.1
v -0.7 0.8 -0.1
v -0.7 1 -0.1
v -0.6 0.3 -0.1
v -0.6 0.4 -0.1
v -0.6 0.7 -0.1
v -0.6 0.8 -0.1
v -0.3 0.2 -0.1
v -0.3 0.3 -0.1
v -0.2 0 -0.1
v -0.2 0.2 -0.1
v -0.2 0.3 -0.1
v -0.0999999 0 -0.1
v -0.0999999 0.2 -0.1
v -1 0.7 -0.2
v -1 0.8 -0.2
v -0.9 0.7 -0.2
v -0.9 0.8 -0.2
v -0.9 1 -0.2
v -0.8 0.7 -0.2
v -0.8 0.8 -0.2
v -0.8 1 -0.2
v -0.7 0.7 -0.2
v -0.7 0.8 -0.2
v -1 0 -0.3
v -1 0.2 -0.3
v -0.9 0 -0.3
v -0.9 0.2 -0.3
v -0.9 0.3 -0.3
v -0.9 0.7 -0.3
v -0.9 0.8 -0.3
v -0.8 0.2 -0.3
v -0.8 0.3 -0.3
v -0.8 0.7 -0.3
v -0.8 0.8 -0.3
v -0.4 0.2 -0.3
v -0.4 0.3 -0.3
v -0.3 0 -0.3
v -0.3 0.2 -0.3
v -0.3 0.3 -0.3
v -0.2 0 -0.3
v -0.2 0.2 -0.3
v -0.9 0 -0.5
v -0.9 0.2 -0.5
v -0.8 0 -0.5
v -0.8 0.1 -0.5
v -0.8 0.2 -0.5
v -0.8 0.3 -0.5
v -0.4 0.2 -0.5
v -0.4 0.3 -0.5
v -0.8 0 -0.6
v -0.8 0.1 -0.6
v -0.8 0.2 -0.6
v -0.5 0 -0.6
v -0.5 0.1 -0.6
v -0.5 0.2 -0.6
v 1.2 0.5 -1
v 1.2 0.6 -1
v 1.3 0.2 -1
v 1.3 0.5 -1
v 1.3 0.6 -1
v 1.4 0.2 -1
v 1.4 0.5 -1
v -0.9 0.1 -1.1
v -0.9 0.2 -1.1
v -0.8 0.1 -1.1
v -0.8 0.2 -1.1
v -0.7 0.1 -1.1
v -0.7 0.2 -1.1
v -2 0.5 -1.2
v -2 0.7 -1.2
v -1.9 0.5 -1.2
v -1.9 0.7 -1.2
v -1.9 0.8 -1.2
v -1.8 0.7 -1.2
v -1.8 0.8 -1.2
v -0.9 0.6 -1.2
v -0.9 0.7 -1.2
v -0.8 0.6 -1.2
v -0.8 0.7 -1.2
v 1.1 0.5 -1.2
v 1.1 0.6 -1.2
v 1.2 0.2 -1.2
v 1.2 0.5 -1.2
v 1.2 0.6 -1.2
v 1.3 0 -1.2
v 1.3 0.2 -1.2
v 1.3 0.5 -1.2
v 1.4 0 -1.2
v 1.4 0.2 -1.2
v -1.9 0.2 -1.3
v -1.9 0.4 -1.3
v -1.8 0.2 -1.3
v -1.8 0.4 -1.3
v -1.8 0.8 -1.3
v -1.8 0.9 -1.3
v -1.7 0.8 -1.3
v -1.7 0.9 -1.3
v -0.9 0.3 -1.3
v -0.9 0.4 -1.3
v -0.9 0.6 -1.3
v -0.8 0.3 -1.3
v -0.8 0.4 -1.3
v -0.8 0.6 -1.3
v -0.8 0.8 -1.3
v -0.8 1 -1.3
v -0.7 0.9 -1.3
v -0.7 1 -1.3
v -0.6 0.3 -1.3
v -0.6 0.4 -1.3
v -0.6 0.6 -1.3
v -0.6 0.8 -1.3
v -0.6 0.9 -1.3
v -0.5 0.2 -1.3
v -0.5 0.3 -1.3
v -0.5 0.4 -1.3
v -0.5 0.6 -1.3
v -0.4 0.2 -1.3
v -0.4 0.3 -1.3
v 0.9 0.5 -1.3
v 0.9 0.6 -1.3
v 1 0.5 -1.3
v 1 0.6 -1.3
v 1.1 0.2 -1.3
v 1.1 0.5 -1.3
v 1.1 0.6 -1.3
v 1.2 0 -1.3
v 1.2 0.2 -1.3
v 1.2 0.5 -1.3
v 1.3 0 -1.3
v 1.3 0.2 -1.3
v -1.9 0.4 -1.4
v -1.9 0.5 -1.4
v -1.9 0.7 -1.4
v -1.8 0.4 -1.4
v -1.8 0.5 -1.4
v -1.8 0.7 -1.4
v -1.8 0.8 -1.4
v -1.7 0.5 -1.4
v -1.7 0.7 -1.4
v -1.7 0.8 -1.4
v -1.7 0.9 -1.4
v -1.6 0.7 -1.4
v -1.6 0.8 -1.4
v -1.5 0.6 -1.4
v -1.5 0.8 -1.4
v -1.5 0.9 -1.4
v -1.4 0.6 -1.4
v -1.4 0.8 -1.4
v -0.8 0.3 -1.4
v -0.8 0.4 -1.4
v -0.8 0.6 -1.4
v -0.6 0.3 -1.4
v -0.6 0.4 -1.4
v -0.6 0.6 -1.4
v -0.4 0 -1.4
v -0.4 0.3 -1.4
v -0.4 0.4 -1.4
v -0.4 0.5 -1.4
v -0.3 0.2 -1.4
v -0.3 0.4 -1.4
v -0.3 0.5 -1.4
v -0.3 0.6 -1.4
v -0.2 0.1 -1.4
v -0.2 0.2 -1.4
v -0.2 0.5 -1.4
v -0.2 0.6 -1.4
v -0.0999999 0 -1.4
v -0.0999999 0.1 -1.4
v -0.0999999 0.5 -1.4
v 2.38419e-07 0 -1.4
v 2.38419e-07 0.1 -1.4
v 2.38419e-07 0.5 -1.4
v 2.38419e-07 0.6 -1.4
v 0.2 0.7 -1.4
v 0.2 0.8 -1.4
v 0.2 0.9 -1.4
v 0.3 0.7 -1.4
v 0.3 0.8 -1.4
v 0.3 0.9 -1.4
v 0.3 1.4 -1.4
v 0.3 1.5 -1.4
v 0.4 1 -1.4
v 0.4 1.1 -1.4
v 0.4 1.4 -1.4
v 0.4 1.5 -1.4
v 0.5 0.8 -1.4
v 0.5 1 -1.4
v 0.5 1.1 -1.4
v 0.6 0.7 -1.4
v 0.6 0.8 -1.4
v 0.6 0.9 -1.4
v 0.6 1 -1.4
v 0.7 0.6 -1.4
v 0.7 0.7 -1.4
v 0.7 0.9 -1.4
v 0.8 0.6 -1.4
v 0.8 0.7 -1.4
v 1 0.3 -1.4
v 1 0.5 -1.4
v 1.1 0.3 -1.4
v 1.1 0.5 -1.4
v -1.8 0.2 -1.5
v -1.8 0.4 -1.5
v -1.8 0.5 -1.5
v -1.7 0.2 -1.5
v -1.7 0.4 -1.5
v -1.7 0.5 -1.5
v -1.7 0.7 -1.5
v -1.6 0.5 -1.5
v -1.6 0.6 -1.5
v -1.6 0.7 -1.5
v -1.6 0.8 -1.5
v -1.5 0.6 -1.5
v -1.5 0.8 -1.5
v -0.5 0.2 -1.5
v -0.5 0.3 -1.5
v -0.4 0.2 -1.5
v -0.4 0.3 -1.5
v -0.3 0.2 -1.5
v -0.3 0.5 -1.5
v -0.2 0.1 -1.5
v -0.2 0.2 -1.5
v -0.0999999 0.2 -1.5
v -0.0999999 0.4 -1.5
v -0.0999999 0.5 -1.5
v 2.38419e-07 0.1 -1.5
v 2.38419e-07 0.2 -1.5
v 0.2 0.6 -1.5
v 0.2 0.7 -1.5
v 0.3 0.6 -1.5
v 0.3 0.7 -1.5
v 0.3 0.8 -1.5
v 0.3 1.1 -1.5
v 0.3 1.4 -1.5
v 0.4 0.8 -1.5
v 0.4 0.9 -1.5
v 0.4 1 -1.5
v 0.4 1.1 -1.5
v 0.4 1.3 -1.5
v 0.4 1.4 -1.5
v 0.4 1.6 -1.5
v 0.5 0.7 -1.5
v 0.5 0.8 -1.5
v 0.5 0.9 -1.5
v 0.5 1 -1.5
v 0.5 1.1 -1.5
v 0.5 1.3 -1.5
v 0.5 1.4 -1.5
v 0.5 1.6 -1.5
v 0.6 0.6 -1.5
v 0.6 0.7 -1.5
v 0.6 0.8 -1.5
v 0.7 0.6 -1.5
v 0.7 0.7 -1.5
v 0.8 0.5 -1.5
v 0.8 0.6 -1.5
v 0.9 0.3 -1.5
v 0.9 0.5 -1.5
v 0.9 0.6 -1.5
v 1 0.2 -1.5
v 1 0.3 -1.5
v 1 0.5 -1.5
v 1.1 0 -1.5
v 1.1 0.2 -1.5
v 1.1 0.3 -1.5
v 1.2 0 -1.5
v 1.2 0.2 -1.5
v -1.8 0 -1.6
v -1.8 0.2 -1.6
v -1.7 0 -1.6
v -1.7 0.2 -1.6
v -1.7 0.4 -1.6
v -1.7 0.5 -1.6
v -1.6 0.2 -1.6
v -1.6 0.4 -1.6
v -1.6 0.5 -1.6
v -1.6 0.6 -1.6
v -1.5 0.5 -1.6
v -1.5 0.6 -1.6
v 0.3 0.6 -1.6
v 0.3 0.7 -1.6
v 0.3 0.8 -1.6
v 0.4 0.6 -1.6
v 0.4 0.7 -1.6
v 0.4 0.8 -1.6
v 0.4 0.9 -1.6
v 0.5 0.7 -1.6
v 0.5 0.8 -1.6
v 0.5 0.9 -1.6
v 0.6 0.6 -1.6
v 0.6 0.7 -1.6
v 0.9 0.2 -1.6
v 0.9 0.3 -1.6
v 1 0 -1.6
v 1 0.2 -1.6
v 1 0.3 -1.6
v 1.1 0 -1.6
v 1.1 0.2 -1.6
v -1.7 0 -1.7
v -1.7 0.2 -1.7
v -1.6 0.2 -1.7
v -1.6 0.4 -1.7
v -1.6 0.5 -1.7
v -1.5 0 -1.7
v -1.5 0.4 -1.7
v -1.5 0.5 -1.7
v -1.5 0.6 -1.7
v -1.3 0.5 -1.7
v -1.2 0.2 -1.7
v -1.2 0.3 -1.7
v -1.2 0.4 -1.7
v -1.2 0.5 -1.7
v -1.2 0.6 -1.7
v -1.1 0.3 -1.7
v -1.1 0.5 -1.7
v -0.8 0.2 -1.7
v -0.8 0.3 -1.7
v -0.0999999 0.2 -1.7
v -0.0999999 0.4 -1.7
v -0.0999999 0.5 -1.7
v 2.38419e-07 0 -1.7
v 2.38419e-07 0.2 -1.7
v 2.38419e-07 0.4 -1.7
v 2.38419e-07 0.5 -1.7
v 2.38419e-07 0.6 -1.7
v 0.1 0 -1.7
v 0.1 0.2 -1.7
v 0.1 0.5 -1.7
v 0.5 0.5 -1.7
v 0.5 0.6 -1.7
v 0.7 0 -1.7
v 0.7 0.1 -1.7
v 0.8 0 -1.7
v 0.8 0.1 -1.7
v 0.8 0.2 -1.7
v 0.9 0.2 -1.7
v 1 0 -1.7
v 1 0.2 -1.7
v -1.5 0 -1.8
v -1.5 0.5 -1.8
v -1.3 0.4 -1.8
v -1.3 0.5 -1.8
v -1.2 0.2 -1.8
v -1.2 0.4 -1.8
v -1.2 0.5 -1.8
v -0.8 0 -1.8
v -0.8 0.2 -1.8
v -0.8 0.3 -1.8
v -0.5 0 -1.8
v -0.5 0.2 -1.8
v -0.5 0.3 -1.8
v -0.4 0 -1.8
v -0.4 0.2 -1.8
v 2.38419e-07 0.2 -1.8
v 2.38419e-07 0.4 -1.8
v 2.38419e-07 0.5 -1.8
v 0.1 0 -1.8
v 0.1 0.2 -1.8
v 0.1 0.4 -1.8
v 0.1 0.5 -1.8
v 0.5 0.2 -1.8
v 0.5 0.4 -1.8
v 0.5 0.5 -1.8
v 0.5 0.6 -1.8
v 0.6 0.5 -1.8
v 0.6 0.6 -1.8
v 0.7 0 -1.8
v 0.7 0.1 -1.8
v 0.8 0.1 -1.8
v 0.8 0.2 -1.8
v 0.8 0.5 -1.8
v 0.8 0.6 -1.8
v 0.9 0.2 -1.8
v 0.9 0.5 -1.8
v -0.8 0 -1.9
v -0.8 0.2 -1.9
v -0.5 0 -1.9
v -0.5 0.2 -1.9
v 0.5 0.2 -1.9
v 0.5 0.5 -1.9
v 0.8 0.2 -1.9
v 0.8 0.5 -1.9
v -0.8 0 2
v 0.3 0 2
v 0.3 0 1.9
v 0.5 0 1.9
v 0.8 0 1.9
v 1.1 0 1.9
v -1 0 1.8
v -0.8 0 1.8
v -0.6 0 1.8
v 0.2 0 1.8
v 0.5 0 1.8
v 0.6 0 1.8
v 0.7 0 1.8
v 0.8 0 1.8
v 1.1 0 1.8
v 1.3 0 1.8
v -1.1 0 1.7
v -1 0 1.7
v -0.7 0 1.7
v -0.6 0 1.7
v 0.2 0 1.7
v 0.6 0 1.7
v 0.7 0 1.7
v 1.2 0 1.7
v 1.3 0 1.7
v 1.4 0 1.7
v -1.1 0 1.6
v -0.7 0 1.6
v 0.6 0 1.6
v 0.7 0 1.6
v -1.2 0 1.5
v -1.1 0 1.5
v 1.4 0 1.5
v 1.5 0 1.5
v -1.2 0 1.4
v -1.1 0 1.4
v 1.2 0 1.4
v 1.3 0 1.4
v -1.4 0 1.3
v -1.2 0 1.3
v -1.1 0 1.3
v -1.5 0 1.2
v -1.4 0 1.2
v 1.3 0 1.2
v 1.4 0 1.2
v -1.3 0 1.1
v -1.2 0 1.1
v 1.3 0 1.1
v 1.4 0 1.1
v 1.2 0 1
v 1.3 0 1
v 1.4 0 1
v 1.5 0 1
v 0.3 0 0.9
v 0.4 0 0.9
v 0.6 0 0.9
v 0.7 0 0.9
v 0.8 0 0.9
v 1.2 0 0.9
v 1.3 0 0.9
v 1.4 0 0.9
v 1.5 0 0.9
v 0.2 0 0.8
v 0.3 0 0.8
v 0.4 0 0.8
v 0.6 0 0.8
v 0.7 0 0.8
v 0.8 0 0.8
v 1 0 0.8
v -1.5 0 0.7
v -1.4 0 0.7
v -1.3 0 0.7
v -1.2 0 0.7
v 0.4 0 0.7
v 0.7 0 0.7
v 0.8 0 0.7
v 1 0 0.7
v 1.1 0 0.7
v 1.3 0 0.7
v 1.4 0 0.7
v 1.5 0 0.7
v 1.6 0 0.7
v -1.5 0 0.6
v -1.4 0 0.6
v -1.3 0 0.6
v -1.2 0 0.6
v 0.2 0 0.6
v 0.3 0 0.6
v 0.8 0 0.6
v 1 0 0.6
v 1.1 0 0.6
v 1.2 0 0.6
v 0.2 0 0.5
v 0.3 0 0.5
v -1.6 0 0.4
v -1.5 0 0.4
v 2.38419e-07 0 0.4
v 0.1 0 0.4
v 0.2 0 0.4
v 0.3 0 0.4
v 1 0 0.4
v 1.1 0 0.4
v 1.2 0 0.4
v 1.3 0 0.4
v -1.4 0 0.3
v -1.3 0 0.3
v -0.0999999 0 0.3
v 2.38419e-07 0 0.3
v 0.1 0 0.3
v 0.2 0 0.3
v 0.3 0 0.3
v 0.4 0 0.3
v -1.2 0 0.2
v -1 0 0.2
v -0.2 0 0.2
v -0.0999999 0 0.2
v 2.38419e-07 0 0.2
v 0.3 0 0.2
v 1.3 0 0.2
v 1.4 0 0.2
v -1.4 0 0.0999999
v -1.2 0 0.0999999
v -1 0 0.0999999
v -0.9 0 0.0999999
v -0.3 0 0.0999999
v -0.2 0 0.0999999
v -0.0999999 0 0.0999999
v 2.38419e-07 0 0.0999999
v 1.1 0 0.0999999
v 1.2 0 0.0999999
v 1.5 0 0.0999999
v 1.6 0 0.0999999
v -1.6 0 -2.38419e-07
v -1.5 0 -2.38419e-07
v -1.2 0 -2.38419e-07
v -1.1 0 -2.38419e-07
v -0.9 0 -2.38419e-07
v -0.8 0 -2.38419e-07
v 1.2 0 -2.38419e-07
v 1.5 0 -2.38419e-07
v -1.5 0 -0.1
v -1.2 0 -0.1
v -1.1 0 -0.1
v -1 0 -0.1
v -0.4 0 -0.1
v -0.3 0 -0.1
v -0.2 0 -0.1
v -0.0999999 0 -0.1
v -0.8 0 -0.2
v -0.7 0 -0.2
v -1 0 -0.3
v -0.9 0 -0.3
v -0.5 0 -0.3
v -0.4 0 -0.3
v -0.3 0 -0.3
v -0.2 0 -0.3
v -0.5 0 -0.4
v -0.4 0 -0.4
v 0.5 0 -0.4
v 1.3 0 -0.4
v -0.9 0 -0.5
v -0.8 0 -0.5
v -0.7 0 -0.5
v -0.3 0 -0.5
v 0.2 0 -0.5
v 0.4 0 -0.5
v 0.5 0 -0.5
v 1.2 0 -0.5
v 1.3 0 -0.5
v 1.4 0 -0.5
v -1.7 0 -0.6
v -1.4 0 -0.6
v -0.8 0 -0.6
v -0.5 0 -0.6
v -0.4 0 -0.6
v 0.1 0 -0.6
v 0.2 0 -0.6
v 0.4 0 -0.6
v 0.5 0 -0.6
v -1.8 0 -0.7
v -1.7 0 -0.7
v -1.4 0 -0.7
v -1.2 0 -0.7
v -0.8 0 -0.7
v -0.7 0 -0.7
v -0.6 0 -0.7
v -0.5 0 -0.7
v -0.4 0 -0.7
v 0.1 0 -0.7
v 0.4 0 -0.7
v -1.6 0 -0.8
v -1.4 0 -0.8
v -1.2 0 -0.8
v -1.1 0 -0.8
v -0.9 0 -0.8
v -0.8 0 -0.8
v -1.7 0 -0.9
v -1.6 0 -0.9
v -1.4 0 -0.9
v -1.1 0 -0.9
v -0.9 0 -0.9
v -0.7 0 -0.9
v -0.6 0 -0.9
v -0.5 0 -0.9
v -1.7 0 -1
v -1.6 0 -1
v -1.1 0 -1
v -1 0 -1
v -1 0 -1.1
v -0.9 0 -1.1
v -0.9 0 -1.2
v -0.7 0 -1.2
v -0.6 0 -1.2
v -0.4 0 -1.2
v -0.0999999 0 -1.2
v 1.1 0 -1.2
v 1.2 0 -1.2
v 1.3 0 -1.2
v 1.4 0 -1.2
v -0.7 0 -1.3
v -0.6 0 -1.3
v -0.4 0 -1.3
v 1 0 -1.3
v 1.1 0 -1.3
v 1.2 0 -1.3
v 1.3 0 -1.3
v -0.4 0 -1.4
v -0.0999999 0 -1.4
v 2.38419e-07 0 -1.4
v 0.9 0 -1.4
v 1 0 -1.4
v -1.6 0 -1.5
v -1.5 0 -1.5
v 2.38419e-07 0 -1.5
v 0.2 0 -1.5
v 0.8 0 -1.5
v 0.9 0 -1.5
v 1.1 0 -1.5
v 1.2 0 -1.5
v -1.8 0 -1.6
v -1.7 0 -1.6
v -1.5 0 -1.6
v -0.8 0 -1.6
v 0.2 0 -1.6
v 0.7 0 -1.6
v 1 0 -1.6
v 1.1 0 -1.6
v -1.7 0 -1.7
v -1.5 0 -1.7
v -0.8 0 -1.7
v -0.6 0 -1.7
v 2.38419e-07 0 -1.7
v 0.1 0 -1.7
v 0.7 0 -1.7
v 0.8 0 -1.7
v 1 0 -1.7
v -1.5 0 -1.8
v -0.8 0 -1.8
v -0.5 0 -1.8
v -0.4 0 -1.8
v 0.1 0 -1.8
v 0.7 0 -1.8
v -0.8 0 -1.9
v -0.5 0 -1.9
v 0.7 0.1 1.9
v 0.8 0.1 1.9
v -1.1 0.1 1.8
v -1 0.1 1.8
v 0.6 0.1 1.8
v 0.7 0.1 1.8
v 0.8 0.1 1.8
v -1.2 0.1 1.7
v -1.1 0.1 1.7
v -1 0.1 1.7
v 0.6 0.1 1.7
v 0.7 0.1 1.7
v -1.1 0.1 1.6
v -1.3 0.1 1.5
v -1.2 0.1 1.5
v -1.1 0.1 1.5
v -1.2 0.1 1.4
v -1.3 0.1 1.3
v -1.2 0.1 1.3
v -0.2 0.1 -1.4
v -0.0999999 0.1 -1.4
v 2.38419e-07 0.1 -1.4
v -0.2 0.1 -1.5
v 2.38419e-07 0.1 -1.5
v 0.7 0.1 -1.7
v 0.8 0.1 -1.7
v 0.7 0.1 -1.8
v 0.8 0.1 -1.8
v -1.9 0.2 -0.9
v -1.8 0.2 -0.9
v -0.9 0.2 -1.1
v -0.8 0.2 -1.1
v -0.7 0.2 -1.1
v -0.9 0.2 -1.2
v -0.7 0.2 -1.2
v -1.9 0.2 -1.3
v -1.8 0.2 -1.3
v -0.3 0.2 -1.4
v -0.2 0.2 -1.4
v -0.3 0.2 -1.5
v -0.2 0.2 -1.5
v -0.0999999 0.2 -1.5
v 2.38419e-07 0.2 -1.5
v -0.0999999 0.2 -1.7
v 2.38419e-07 0.2 -1.7
v 0.1 0.2 -1.7
v 0.8 0.2 -1.7
v 0.9 0.2 -1.7
v 2.38419e-07 0.2 -1.8
v 0.1 0.2 -1.8
v 0.5 0.2 -1.8
v 0.8 0.2 -1.8
v 0.9 0.2 -1.8
v 0.5 0.2 -1.9
v 0.8 0.2 -1.9
v 0.4 0.3 2
v 0.7 0.3 2
v 0.4 0.3 1.9
v 0.5 0.3 1.9
v 0.7 0.3 1.9
v 0.5 0.3 1.8
v 0.7 0.3 1.8
v -0.3 0.4 2
v 2.38419e-07 0.4 2
v 0.3 0.4 2
v 0.4 0.4 2
v 0.7 0.4 2
v 0.8 0.4 2
v -0.8 0.4 1.9
v -0.6 0.4 1.9
v -0.3 0.4 1.9
v 2.38419e-07 0.4 1.9
v 0.3 0.4 1.9
v 0.4 0.4 1.9
v 0.7 0.4 1.9
v 0.8 0.4 1.9
v -0.8 0.4 1.8
v -0.6 0.4 1.8
v -0.4 0.4 1.8
v -0.3 0.4 1.8
v -0.4 0.4 1.7
v -0.3 0.4 1.7
v 0.2 0.4 0.8
v 0.3 0.4 0.8
v 2.38419e-07 0.4 0.7
v 0.1 0.4 0.7
v 0.2 0.4 0.7
v 0.3 0.4 0.7
v 2.38419e-07 0.4 0.6
v 0.1 0.4 0.6
v 2.38419e-07 0.4 0.5
v 0.1 0.4 0.5
v -1.9 0.4 -1.3
v -1.8 0.4 -1.3
v -1.9 0.4 -1.4
v -1.8 0.4 -1.4
v -0.6 0.5 2
v -0.3 0.5 2
v 2.38419e-07 0.5 2
v 0.3 0.5 2
v -0.6 0.5 1.9
v -0.3 0.5 1.9
v 2.38419e-07 0.5 1.9
v 0.3 0.5 1.9
v 1.2 0.5 1
v 1.3 0.5 1
v 1.1 0.5 0.9
v 1.2 0.5 0.9
v 1.3 0.5 0.9
v 1.4 0.5 0.9
v 0.3 0.5 0.8
v 0.4 0.5 0.8
v 1 0.5 0.8
v 1.1 0.5 0.8
v 1.4 0.5 0.8
v 1.5 0.5 0.8
v 0.1 0.5 0.7
v 0.2 0.5 0.7
v 0.3 0.5 0.7
v 0.4 0.5 0.7
v 0.9 0.5 0.7
v 1 0.5 0.7
v 1.2 0.5 0.7
v 1.3 0.5 0.7
v 1.5 0.5 0.7
v 1.6 0.5 0.7
v 0.1 0.5 0.6
v 0.2 0.5 0.6
v 0.3 0.5 0.6
v 0.9 0.5 0.6
v 1 0.5 0.6
v 1.2 0.5 0.6
v 1.3 0.5 0.6
v 1.5 0.5 0.6
v 1.6 0.5 0.6
v 0.1 0.5 0.5
v 0.2 0.5 0.5
v 1 0.5 0.5
v 1.1 0.5 0.5
v 1.4 0.5 0.5
v 1.5 0.5 0.5
v 1.1 0.5 0.4
v 1.2 0.5 0.4
v 1.3 0.5 0.4
v 1.4 0.5 0.4
v 1.2 0.5 0.3
v 1.3 0.5 0.3
v -2 0.5 -1.1
v -1.9 0.5 -1.1
v -2 0.5 -1.2
v -1.9 0.5 -1.2
v 0.4 0.6 1.3
v 0.5 0.6 1.3
v 0.4 0.6 1.2
v -1.3 0.6 1.1
v -1.2 0.6 1.1
v 0.4 0.6 1.1
v 0.5 0.6 1.1
v -1.4 0.6 1
v -1.3 0.6 1
v -1.2 0.6 1
v -1.4 0.6 0.7
v -1.3 0.6 0.7
v -1.2 0.6 0.7
v 0.3 0.6 0.7
v 0.4 0.6 0.7
v -1.3 0.6 0.6
v -1.2 0.6 0.6
v -1.1 0.6 0.6
v -1 0.6 0.6
v -0.0999999 0.6 0.6
v 2.38419e-07 0.6 0.6
v 0.2 0.6 0.6
v 0.3 0.6 0.6
v 0.4 0.6 0.6
v -1.1 0.6 0.5
v -1 0.6 0.5
v -0.0999999 0.6 0.5
v 2.38419e-07 0.6 0.5
v 0.1 0.6 0.5
v 0.2 0.6 0.5
v 0.3 0.6 0.5
v 0.1 0.6 0.4
v 0.2 0.6 0.4
v -0.9 0.7 1.5
v -0.8 0.7 1.5
v -0.9 0.7 1.4
v -0.8 0.7 1.4
v -1.3 0.7 1.2
v -1.2 0.7 1.2
v -1.4 0.7 1.1
v -1.3 0.7 1.1
v -1.2 0.7 1.1
v -1.4 0.7 1
v -1.3 0.7 1
v 0.3 0.7 0.6
v 0.4 0.7 0.6
v 2.38419e-07 0.7 0.5
v 0.1 0.7 0.5
v 0.3 0.7 0.5
v 0.4 0.7 0.5
v -0.9 0.7 0.4
v -0.8 0.7 0.4
v 2.38419e-07 0.7 0.4
v 0.1 0.7 0.4
v -1 0.7 0.3
v -0.9 0.7 0.3
v -0.8 0.7 0.3
v -0.7 0.7 0.3
v -1.1 0.7 0.2
v -1 0.7 0.2
v -0.7 0.7 0.2
v -0.6 0.7 0.2
v -1.2 0.7 0.0999999
v -1.1 0.7 0.0999999
v -0.9 0.7 0.0999999
v -0.8 0.7 0.0999999
v -0.6 0.7 0.0999999
v -0.5 0.7 0.0999999
v -1.2 0.7 -2.38419e-07
v -1.1 0.7 -2.38419e-07
v -0.9 0.7 -2.38419e-07
v -0.8 0.7 -2.38419e-07
v -0.6 0.7 -2.38419e-07
v -0.5 0.7 -2.38419e-07
v -1.1 0.7 -0.1
v -1 0.7 -0.1
v -0.7 0.7 -0.1
v -0.6 0.7 -0.1
v -1 0.7 -0.2
v -0.9 0.7 -0.2
v -0.8 0.7 -0.2
v -0.7 0.7 -0.2
v -0.9 0.7 -0.3
v -0.8 0.7 -0.3
v -0.9 0.8 1.6
v -0.8 0.8 1.6
v -1 0.8 1.5
v -0.9 0.8 1.5
v -0.8 0.8 1.5
v -1 0.8 1.4
v -0.9 0.8 1.4
v -0.8 0.8 0.6
v -0.7 0.8 0.6
v -0.8 0.8 0.5
v -0.7 0.8 0.5
v 0.2 0.8 0.5
v 0.3 0.8 0.5
v 0.4 0.8 0.5
v 2.38419e-07 0.8 0.4
v 0.2 0.8 0.4
v 0.3 0.8 0.4
v 0.4 0.8 0.4
v 2.38419e-07 0.8 0.3
v 0.3 0.8 0.3
v 1.2 0.9 0.7
v 1.3 0.9 0.7
v 1.2 0.9 0.6
v 1.3 0.9 0.6
v 0.4 0.9 0.5
v 0.5 0.9 0.5
v 0.3 0.9 0.4
v 0.4 0.9 0.4
v 0.5 0.9 0.4
v 0.3 0.9 0.3
v 0.4 0.9 0.3
v -0.9 0.9 0.2
v -0.8 0.9 0.2
v -1 0.9 0.0999999
v -0.9 0.9 0.0999999
v -0.8 0.9 0.0999999
v -0.7 0.9 0.0999999
v -1 0.9 -2.38419e-07
v -0.9 0.9 -2.38419e-07
v -0.8 0.9 -2.38419e-07
v -0.7 0.9 -2.38419e-07
v -0.9 0.9 -0.1
v -0.8 0.9 -0.1
v 0.4 1 0.4
v 0.5 1 0.4
v 0.3 1 0.3
v 0.4 1 0.3
v 0.5 1 0.3
v 0.3 1 0.2
v 0.4 1 0.2
v 0.4 1.1 -1.4
v 0.5 1.1 -1.4
v 0.4 1.1 -1.5
v 0.5 1.1 -1.5
v -0.9 1.2 0.0999999
v -0.8 1.2 0.0999999
v -0.9 1.2 -2.38419e-07
v -0.8 1.2 -2.38419e-07
v -0.2 1.3 1.9
v -0.0999999 1.3 1.9
v -0.3 1.3 1.8
v -0.2 1.3 1.8
v -0.0999999 1.3 1.8
v 2.38419e-07 1.3 1.8
v -0.4 1.3 1.7
v -0.3 1.3 1.7
v 2.38419e-07 1.3 1.7
v 0.1 1.3 1.7
v -0.5 1.3 1.6
v -0.4 1.3 1.6
v 0.1 1.3 1.6
v 0.2 1.3 1.6
v -0.5 1.3 1.5
v -0.2 1.3 1.5
v -0.0999999 1.3 1.5
v 0.2 1.3 1.5
v 0.3 1.3 1.5
v -0.5 1.3 1.4
v -0.4 1.3 1.4
v -0.2 1.3 1.4
v -0.0999999 1.3 1.4
v 0.2 1.3 1.4
v 0.3 1.3 1.4
v 0.1 1.3 1.3
v 0.2 1.3 1.3
v -0.4 1.3 1.2
v -0.3 1.3 1.2
v 2.38419e-07 1.3 1.2
v 0.1 1.3 1.2
v -0.3 1.3 1.1
v -0.2 1.3 1.1
v -0.0999999 1.3 1.1
v 2.38419e-07 1.3 1.1
v -0.2 1.3 1
v -0.0999999 1.3 1
v -0.2 1.7 1.6
v -0.0999999 1.7 1.6
v -0.3 1.7 1.5
v -0.2 1.7 1.5
v -0.0999999 1.7 1.5
v 2.38419e-07 1.7 1.5
v -0.3 1.7 1.4
v -0.2 1.7 1.4
v -0.0999999 1.7 1.4
v 2.38419e-07 1.7 1.4
v -0.2 1.7 1.3
v -0.0999999 1.7 1.3
v -0.2 1.9 1.5
v -0.0999999 1.9 1.5
v -0.2 1.9 1.4
v -0.0999999 1.9 1.4
v -0.8 0.1 -0.7
v -0.7 0.1 -0.7
v -0.9 0.1 -0.8
v -0.8 0.1 -0.8
v -1.1 0.1 -0.9
v -0.9 0.1 -0.9
v -0.7 0.1 -0.9
v -1.1 0.1 -1
v -1 0.1 -1
v -0.9 0.1 -1
v -0.9 0.1 -1.1
v -0.8 0.1 -1.1
v -0.7 0.1 -1.1
v -0.9 0.1 -1.2
v -0.7 0.1 -1.2
v -0.8 0.2 2
v -0.7 0.2 2
v -0.3 0.2 2
v -0.0999999 0.2 2
v -0.3 0.2 1.9
v -0.0999999 0.2 1.9
v -0.8 0.2 1.8
v -0.7 0.2 1.8
v -1.5 0.2 1.2
v -1.4 0.2 1.2
v 1.4 0.2 1.1
v 1.5 0.2 1.1
v 1.3 0.2 1
v 1.4 0.2 1
v 1.5 0.2 1
v 1.3 0.2 0.9
v 1.4 0.2 0.9
v 1.5 0.2 0.9
v 0.3 0.2 0.8
v 0.7 0.2 0.8
v -1.5 0.2 0.7
v -1.4 0.2 0.7
v -1.3 0.2 0.7
v 0.4 0.2 0.7
v 0.7 0.2 0.7
v 1 0.2 0.7
v 1.1 0.2 0.7
v 1.4 0.2 0.7
v 1.5 0.2 0.7
v 1.6 0.2 0.7
v -1.5 0.2 0.6
v -1.4 0.2 0.6
v -1.3 0.2 0.6
v 1 0.2 0.6
v 1.1 0.2 0.6
v -1.6 0.2 0.4
v -1.5 0.2 0.4
v -1.4 0.2 0.4
v 1 0.2 0.4
v 1.1 0.2 0.4
v 1.2 0.2 0.4
v 2.38419e-07 0.2 0.3
v 0.3 0.2 0.3
v 0.4 0.2 0.3
v -0.0999999 0.2 0.2
v 2.38419e-07 0.2 0.2
v 0.3 0.2 0.2
v -1.2 0.2 0.0999999
v -1.1 0.2 0.0999999
v -0.2 0.2 0.0999999
v -0.0999999 0.2 0.0999999
v 2.38419e-07 0.2 0.0999999
v 1.1 0.2 0.0999999
v 1.2 0.2 0.0999999
v 1.5 0.2 0.0999999
v 1.6 0.2 0.0999999
v -1.6 0.2 -2.38419e-07
v -1.5 0.2 -2.38419e-07
v -1.3 0.2 -2.38419e-07
v -1.2 0.2 -2.38419e-07
v -1.1 0.2 -2.38419e-07
v -1 0.2 -2.38419e-07
v 1.2 0.2 -2.38419e-07
v 1.5 0.2 -2.38419e-07
v -1.5 0.2 -0.1
v -1.2 0.2 -0.1
v -1.1 0.2 -0.1
v -1 0.2 -0.1
v -0.9 0.2 -0.1
v -0.3 0.2 -0.1
v -0.2 0.2 -0.1
v -0.0999999 0.2 -0.1
v -0.9 0.2 -0.2
v -1 0.2 -0.3
v -0.9 0.2 -0.3
v -0.8 0.2 -0.3
v -0.4 0.2 -0.3
v -0.3 0.2 -0.3
v -0.2 0.2 -0.3
v 0.5 0.2 -0.4
v 1.3 0.2 -0.4
v -0.9 0.2 -0.5
v -0.8 0.2 -0.5
v -0.4 0.2 -0.5
v -0.3 0.2 -0.5
v 0.2 0.2 -0.5
v 0.4 0.2 -0.5
v 0.5 0.2 -0.5
v 1.3 0.2 -0.5
v 1.4 0.2 -0.5
v -1.7 0.2 -0.6
v -1.4 0.2 -0.6
v -0.8 0.2 -0.6
v -0.5 0.2 -0.6
v -0.4 0.2 -0.6
v -0.3 0.2 -0.6
v 2.38419e-07 0.2 -0.6
v 0.2 0.2 -0.6
v 0.4 0.2 -0.6
v 0.5 0.2 -0.6
v 1.3 0.2 -0.6
v 1.4 0.2 -0.6
v -1.8 0.2 -0.7
v -1.7 0.2 -0.7
v -1.4 0.2 -0.7
v -1.2 0.2 -0.7
v -0.6 0.2 -0.7
v -0.5 0.2 -0.7
v -0.4 0.2 -0.7
v 0.2 0.2 -0.7
v 0.4 0.2 -0.7
v -1.8 0.2 -0.8
v -1.7 0.2 -0.8
v -1.4 0.2 -0.8
v -1.2 0.2 -0.8
v -1.1 0.2 -0.8
v -0.6 0.2 -0.8
v -0.5 0.2 -0.8
v -1.2 0.2 -0.9
v -1.1 0.2 -0.9
v -0.9 0.2 -0.9
v -0.8 0.2 -0.9
v -0.6 0.2 -0.9
v -0.5 0.2 -0.9
v -1.2 0.2 -1
v -1.1 0.2 -1
v -1 0.2 -1
v -0.9 0.2 -1
v -0.8 0.2 -1
v 1.3 0.2 -1
v 1.4 0.2 -1
v -1.1 0.2 -1.2
v -1 0.2 -1.2
v 1.2 0.2 -1.2
v 1.3 0.2 -1.2
v 1.4 0.2 -1.2
v -0.5 0.2 -1.3
v -0.4 0.2 -1.3
v 1.1 0.2 -1.3
v 1.2 0.2 -1.3
v 1.3 0.2 -1.3
v -0.5 0.2 -1.4
v -0.4 0.2 -1.4
v -1.8 0.2 -1.5
v -1.7 0.2 -1.5
v -0.5 0.2 -1.5
v -0.4 0.2 -1.5
v 1 0.2 -1.5
v 1.1 0.2 -1.5
v 1.2 0.2 -1.5
v -1.8 0.2 -1.6
v -1.7 0.2 -1.6
v -1.6 0.2 -1.6
v 0.9 0.2 -1.6
v 1 0.2 -1.6
v 1.1 0.2 -1.6
v -1.7 0.2 -1.7
v -1.6 0.2 -1.7
v -1.2 0.2 -1.7
v -0.8 0.2 -1.7
v 0.9 0.2 -1.7
v 1 0.2 -1.7
v -1.2 0.2 -1.8
v -0.8 0.2 -1.8
v -0.5 0.2 -1.8
v -0.4 0.2 -1.8
v -0.8 0.2 -1.9
v -0.5 0.2 -1.9
v -0.7 0.3 2
v -0.3 0.3 2
v -0.0999999 0.3 2
v 0.3 0.3 2
v -0.3 0.3 1.9
v -0.0999999 0.3 1.9
v 0.3 0.3 1.9
v 1 0.3 1.9
v 1.1 0.3 1.9
v -0.7 0.3 1.8
v -0.6 0.3 1.8
v -0.4 0.3 1.8
v -0.3 0.3 1.8
v 1 0.3 1.8
v 1.1 0.3 1.8
v 1.2 0.3 1.8
v 1.3 0.3 1.8
v -0.4 0.3 1.7
v -0.3 0.3 1.7
v 1.2 0.3 1.7
v 1.3 0.3 1.7
v 1.4 0.3 1.7
v 1.3 0.3 1.6
v 1.4 0.3 1.6
v 1.4 0.3 1.5
v 1.5 0.3 1.5
v 1.3 0.3 1.1
v 1.4 0.3 1.1
v 1.5 0.3 1.1
v -1.4 0.3 1
v -1.3 0.3 1
v 1.3 0.3 1
v 1.4 0.3 1
v 0.5 0.3 0.9
v 0.6 0.3 0.9
v 1.2 0.3 0.9
v 1.3 0.3 0.9
v 1.4 0.3 0.9
v 0.2 0.3 0.8
v 0.3 0.3 0.8
v 0.5 0.3 0.8
v 0.6 0.3 0.8
v 1.1 0.3 0.8
v 1.2 0.3 0.8
v -1.4 0.3 0.7
v -1.3 0.3 0.7
v 2.38419e-07 0.3 0.7
v 0.1 0.3 0.7
v 0.2 0.3 0.7
v 0.8 0.3 0.7
v 0.9 0.3 0.7
v 1 0.3 0.7
v 1.1 0.3 0.7
v 1.2 0.3 0.7
v 1.3 0.3 0.7
v 1.4 0.3 0.7
v 1.5 0.3 0.7
v -1.4 0.3 0.6
v -1.3 0.3 0.6
v 2.38419e-07 0.3 0.6
v 0.1 0.3 0.6
v 0.8 0.3 0.6
v 0.9 0.3 0.6
v 1 0.3 0.6
v 1.1 0.3 0.6
v 1.2 0.3 0.6
v 1.3 0.3 0.6
v -0.3 0.3 0.5
v -0.2 0.3 0.5
v 2.38419e-07 0.3 0.5
v 1.3 0.3 0.5
v 1.4 0.3 0.5
v -1.5 0.3 0.4
v -1.4 0.3 0.4
v -1.3 0.3 0.4
v -0.0999999 0.3 0.4
v 2.38419e-07 0.3 0.4
v 1.1 0.3 0.4
v 1.2 0.3 0.4
v -1.3 0.3 0.3
v -1.2 0.3 0.3
v -0.4 0.3 0.3
v -0.3 0.3 0.3
v -0.2 0.3 0.3
v -0.0999999 0.3 0.3
v 2.38419e-07 0.3 0.3
v 0.3 0.3 0.3
v -1.2 0.3 0.2
v -1 0.3 0.2
v -0.4 0.3 0.2
v -0.2 0.3 0.2
v -0.0999999 0.3 0.2
v 2.38419e-07 0.3 0.2
v -1.2 0.3 0.0999999
v -1.1 0.3 0.0999999
v -0.5 0.3 0.0999999
v -0.4 0.3 0.0999999
v -0.3 0.3 0.0999999
v -0.2 0.3 0.0999999
v -0.0999999 0.3 0.0999999
v 1.2 0.3 0.0999999
v 1.5 0.3 0.0999999
v -1.5 0.3 -2.38419e-07
v -1.3 0.3 -2.38419e-07
v -1.2 0.3 -2.38419e-07
v -1.1 0.3 -2.38419e-07
v -1 0.3 -2.38419e-07
v -0.6 0.3 -2.38419e-07
v -0.5 0.3 -2.38419e-07
v -0.4 0.3 -2.38419e-07
v -0.3 0.3 -2.38419e-07
v -0.9 0.3 -0.1
v -0.6 0.3 -0.1
v -0.4 0.3 -0.1
v -0.3 0.3 -0.1
v -0.2 0.3 -0.1
v -0.9 0.3 -0.2
v -0.6 0.3 -0.2
v -0.9 0.3 -0.3
v -0.8 0.3 -0.3
v -0.4 0.3 -0.3
v -0.3 0.3 -0.3
v -0.8 0.3 -0.5
v -0.4 0.3 -0.5
v 0.5 0.3 -0.5
v 0.9 0.3 -0.5
v -0.4 0.3 -0.6
v -0.3 0.3 -0.6
v 2.38419e-07 0.3 -0.6
v 0.2 0.3 -0.6
v 0.4 0.3 -0.6
v 0.5 0.3 -0.6
v 0.7 0.3 -0.6
v 0.9 0.3 -0.6
v -1.7 0.3 -0.7
v -1.4 0.3 -0.7
v -0.5 0.3 -0.7
v -0.4 0.3 -0.7
v -0.3 0.3 -0.7
v -0.2 0.3 -0.7
v 2.38419e-07 0.3 -0.7
v 0.2 0.3 -0.7
v 0.4 0.3 -0.7
v 0.6 0.3 -0.7
v 0.7 0.3 -0.7
v -1.7 0.3 -0.8
v -1.6 0.3 -0.8
v -1.5 0.3 -0.8
v -1.4 0.3 -0.8
v -1.2 0.3 -0.8
v 0.4 0.3 -0.8
v 0.6 0.3 -0.8
v -1.5 0.3 -0.9
v -1.4 0.3 -0.9
v -1.2 0.3 -0.9
v -0.8 0.3 -0.9
v -0.7 0.3 -0.9
v -0.6 0.3 -0.9
v -0.5 0.3 -0.9
v -0.3 0.3 -0.9
v -0.2 0.3 -0.9
v 0.1 0.3 -0.9
v 0.2 0.3 -0.9
v 0.4 0.3 -0.9
v -1.2 0.3 -1
v -1.1 0.3 -1
v -1 0.3 -1
v -0.9 0.3 -1
v -0.8 0.3 -1
v -0.7 0.3 -1
v -0.6 0.3 -1
v -0.5 0.3 -1
v -0.4 0.3 -1
v -0.3 0.3 -1
v 0.1 0.3 -1
v 0.2 0.3 -1
v -1.4 0.3 -1.1
v -1.3 0.3 -1.1
v -0.9 0.3 -1.1
v -0.5 0.3 -1.1
v -1.3 0.3 -1.2
v -1.2 0.3 -1.2
v -1.1 0.3 -1.2
v -1 0.3 -1.2
v -1.2 0.3 -1.3
v -1.1 0.3 -1.3
v -1 0.3 -1.3
v -0.9 0.3 -1.3
v -0.8 0.3 -1.3
v -0.6 0.3 -1.3
v -0.5 0.3 -1.3
v -0.4 0.3 -1.3
v -0.8 0.3 -1.4
v -0.6 0.3 -1.4
v -0.5 0.3 -1.4
v -0.4 0.3 -1.4
v 1 0.3 -1.4
v 1.1 0.3 -1.4
v -0.7 0.3 -1.5
v -0.6 0.3 -1.5
v -0.5 0.3 -1.5
v -0.4 0.3 -1.5
v 0.9 0.3 -1.5
v 1 0.3 -1.5
v 1.1 0.3 -1.5
v -1.1 0.3 -1.6
v -0.7 0.3 -1.6
v 0.9 0.3 -1.6
v 1 0.3 -1.6
v -1.1 0.3 -1.7
v -0.8 0.3 -1.7
v -0.8 0.3 -1.8
v -0.5 0.3 -1.8
v 0.8 0.4 1.9
v 1 0.4 1.9
v -1.1 0.4 1.8
v -0.9 0.4 1.8
v 0.8 0.4 1.8
v 1 0.4 1.8
v 1.2 0.4 1.8
v -1.2 0.4 1.7
v -1.1 0.4 1.7
v -0.9 0.4 1.7
v 1 0.4 1.7
v 1.2 0.4 1.7
v 1.3 0.4 1.7
v 1.2 0.4 1.6
v 1.3 0.4 1.6
v 1.4 0.4 1.6
v -1.3 0.4 1.5
v -1.2 0.4 1.5
v -1.1 0.4 1.5
v -1.4 0.4 1.3
v -1.3 0.4 1.3
v -1.2 0.4 1.3
v 0.5 0.4 1.3
v 0.7 0.4 1.3
v 0.5 0.4 1.2
v 0.5 0.4 1.1
v 0.6 0.4 1.1
v 0.7 0.4 1.1
v 1.3 0.4 1.1
v 1.4 0.4 1.1
v -1.4 0.4 1
v -1.3 0.4 1
v 0.6 0.4 1
v 1.2 0.4 1
v 1.3 0.4 1
v 0.4 0.4 0.9
v 0.5 0.4 0.9
v 0.6 0.4 0.9
v 0.7 0.4 0.9
v 1.1 0.4 0.9
v 1.2 0.4 0.9
v 1.3 0.4 0.9
v 0.4 0.4 0.8
v 0.5 0.4 0.8
v 0.6 0.4 0.8
v 0.7 0.4 0.8
v 0.8 0.4 0.8
v 1 0.4 0.8
v 1.1 0.4 0.8
v 1.2 0.4 0.8
v -1.3 0.4 0.7
v -1.2 0.4 0.7
v 0.7 0.4 0.7
v 0.8 0.4 0.7
v 1 0.4 0.7
v 1.1 0.4 0.7
v -1.3 0.4 0.6
v -1.2 0.4 0.6
v -0.0999999 0.4 0.6
v 2.38419e-07 0.4 0.6
v -0.0999999 0.4 0.5
v 2.38419e-07 0.4 0.5
v -1.3 0.4 0.4
v -1.2 0.4 0.4
v -0.9 0.4 0.4
v -0.6 0.4 0.4
v -1.3 0.4 0.3
v -1.2 0.4 0.3
v -0.9 0.4 0.3
v -1.2 0.4 0.2
v -1 0.4 0.2
v -0.9 0.4 0.2
v -0.5 0.4 0.2
v -0.4 0.4 0.2
v -1 0.4 0.0999999
v -0.9 0.4 0.0999999
v -0.6 0.4 0.0999999
v -0.5 0.4 0.0999999
v -0.4 0.4 0.0999999
v -0.9 0.4 -2.38419e-07
v -0.6 0.4 -2.38419e-07
v -0.5 0.4 -2.38419e-07
v -1 0.4 -0.1
v -0.6 0.4 -0.1
v -0.7 0.4 -0.9
v -0.6 0.4 -0.9
v -0.7 0.4 -1
v -0.6 0.4 -1
v -0.5 0.4 -1
v -0.7 0.4 -1.1
v -0.5 0.4 -1.1
v 0.8 0.5 1.8
v 1 0.5 1.8
v -1.1 0.5 1.7
v -0.9 0.5 1.7
v 1 0.5 1.7
v 1.2 0.5 1.7
v 1.2 0.5 1.6
v 1.3 0.5 1.6
v -1.2 0.5 1.5
v -1.1 0.5 1.5
v -0.9 0.5 1.5
v -0.8 0.5 1.5
v 0.7 0.5 1.5
v 0.8 0.5 1.5
v -1 0.5 1.4
v -0.8 0.5 1.4
v 0.5 0.5 1.4
v 0.7 0.5 1.4
v -1.3 0.5 1.3
v -1.2 0.5 1.3
v -1.1 0.5 1.3
v -1 0.5 1.3
v 0.4 0.5 1.3
v 0.5 0.5 1.3
v 0.7 0.5 1.3
v 1.2 0.5 1.3
v -1.2 0.5 1.2
v -1.1 0.5 1.2
v 0.4 0.5 1.2
v 0.5 0.5 1.2
v 0.8 0.5 1.2
v 1.1 0.5 1.2
v -1.2 0.5 1.1
v 0.6 0.5 1.1
v 0.7 0.5 1.1
v -1.3 0.5 1
v -1.2 0.5 1
v 0.3 0.5 1
v 0.4 0.5 1
v 0.6 0.5 1
v 0.7 0.5 1
v 1.2 0.5 1
v 1.3 0.5 1
v 0.3 0.5 0.9
v 0.4 0.5 0.9
v 0.5 0.5 0.9
v 0.6 0.5 0.9
v 0.7 0.5 0.9
v 0.8 0.5 0.9
v 1.1 0.5 0.9
v 0.7 0.5 0.8
v 0.8 0.5 0.8
v 1 0.5 0.8
v 0.8 0.5 0.7
v 0.9 0.5 0.7
v 1 0.5 0.7
v -1.2 0.5 0.6
v -1 0.5 0.6
v -1 0.5 0.5
v -0.8 0.5 0.5
v -0.9 0.5 0.4
v -0.8 0.5 0.4
v -0.4 0.5 0.4
v -0.3 0.5 0.4
v -1.2 0.5 0.3
v -0.9 0.5 0.3
v -0.5 0.5 0.3
v -0.4 0.5 0.3
v -0.3 0.5 0.3
v -1 0.5 0.2
v -0.9 0.5 0.2
v -0.6 0.5 0.2
v -0.5 0.5 0.2
v -0.4 0.5 0.2
v -1 0.5 0.0999999
v -0.9 0.5 0.0999999
v -0.8 0.5 0.0999999
v -0.6 0.5 0.0999999
v -0.5 0.5 0.0999999
v -0.8 0.5 -2.38419e-07
v -0.6 0.5 -2.38419e-07
v 0.9 0.5 -0.5
v 1.3 0.5 -0.5
v 0.7 0.5 -0.6
v 0.9 0.5 -0.6
v 1.3 0.5 -0.6
v 1.4 0.5 -0.6
v 0.6 0.5 -0.7
v 0.7 0.5 -0.7
v 0.8 0.5 -0.7
v 0.9 0.5 -0.7
v -1.8 0.5 -0.8
v -1.5 0.5 -0.8
v 0.4 0.5 -0.8
v 0.6 0.5 -0.8
v 0.7 0.5 -0.8
v -1.9 0.5 -0.9
v -1.8 0.5 -0.9
v -1.5 0.5 -0.9
v -1.4 0.5 -0.9
v -0.3 0.5 -0.9
v -0.2 0.5 -0.9
v 0.1 0.5 -0.9
v 0.2 0.5 -0.9
v 0.4 0.5 -0.9
v 0.6 0.5 -0.9
v -1.9 0.5 -1
v -1.8 0.5 -1
v -0.4 0.5 -1
v -0.3 0.5 -1
v -0.2 0.5 -1
v 0.1 0.5 -1
v 0.2 0.5 -1
v 0.4 0.5 -1
v 1.2 0.5 -1
v 1.3 0.5 -1
v 1.4 0.5 -1
v -1.5 0.5 -1.1
v -1.4 0.5 -1.1
v -1.3 0.5 -1.1
v 0.1 0.5 -1.1
v 0.2 0.5 -1.1
v -1.4 0.5 -1.2
v -1.3 0.5 -1.2
v -1.2 0.5 -1.2
v 1.1 0.5 -1.2
v 1.2 0.5 -1.2
v 1.3 0.5 -1.2
v -1.3 0.5 -1.3
v -1.2 0.5 -1.3
v -1.1 0.5 -1.3
v -0.3 0.5 -1.3
v 0.9 0.5 -1.3
v 1 0.5 -1.3
v 1.1 0.5 -1.3
v 1.2 0.5 -1.3
v -1.8 0.5 -1.4
v -1.7 0.5 -1.4
v -0.4 0.5 -1.4
v -0.3 0.5 -1.4
v -0.2 0.5 -1.4
v -0.0999999 0.5 -1.4
v 2.38419e-07 0.5 -1.4
v 1 0.5 -1.4
v 1.1 0.5 -1.4
v -1.8 0.5 -1.5
v -1.7 0.5 -1.5
v -1.6 0.5 -1.5
v -0.3 0.5 -1.5
v -0.0999999 0.5 -1.5
v 2.38419e-07 0.5 -1.5
v 0.8 0.5 -1.5
v 0.9 0.5 -1.5
v 1 0.5 -1.5
v -1.7 0.5 -1.6
v -1.6 0.5 -1.6
v -1.5 0.5 -1.6
v 0.8 0.5 -1.6
v -1.6 0.5 -1.7
v -1.5 0.5 -1.7
v -1.3 0.5 -1.7
v -1.2 0.5 -1.7
v -1.1 0.5 -1.7
v -0.0999999 0.5 -1.7
v 2.38419e-07 0.5 -1.7
v 0.1 0.5 -1.7
v 0.5 0.5 -1.7
v -1.5 0.5 -1.8
v -1.3 0.5 -1.8
v -1.2 0.5 -1.8
v 2.38419e-07 0.5 -1.8
v 0.1 0.5 -1.8
v 0.5 0.5 -1.8
v 0.6 0.5 -1.8
v 0.8 0.5 -1.8
v 0.9 0.5 -1.8
v 0.5 0.5 -1.9
v 0.8 0.5 -1.9
v 0.7 0.6 1.3
v 1.2 0.6 1.3
v 0.8 0.6 1.2
v 1.1 0.6 1.2
v -0.2 0.6 1
v -0.0999999 0.6 1
v 0.2 0.6 1
v 0.3 0.6 1
v 1.2 0.6 1
v 1.3 0.6 1
v -0.2 0.6 0.9
v -0.0999999 0.6 0.9
v 0.2 0.6 0.9
v 0.3 0.6 0.9
v 0.4 0.6 0.9
v 0.7 0.6 0.9
v 0.8 0.6 0.9
v 1.1 0.6 0.9
v 1.2 0.6 0.9
v 1.3 0.6 0.9
v 1.4 0.6 0.9
v 0.3 0.6 0.8
v 0.4 0.6 0.8
v 0.8 0.6 0.8
v 1 0.6 0.8
v 1.1 0.6 0.8
v 1.2 0.6 0.8
v 1.3 0.6 0.8
v 1.4 0.6 0.8
v 1.5 0.6 0.8
v 0.9 0.6 0.7
v 1 0.6 0.7
v 1.1 0.6 0.7
v 1.4 0.6 0.7
v 1.5 0.6 0.7
v 1.6 0.6 0.7
v -0.8 0.6 0.6
v -0.7 0.6 0.6
v -0.2 0.6 0.6
v -0.0999999 0.6 0.6
v 0.9 0.6 0.6
v 1 0.6 0.6
v 1.1 0.6 0.6
v 1.4 0.6 0.6
v 1.5 0.6 0.6
v 1.6 0.6 0.6
v -0.8 0.6 0.5
v -0.7 0.6 0.5
v -0.6 0.6 0.5
v -0.2 0.6 0.5
v -0.0999999 0.6 0.5
v 1 0.6 0.5
v 1.1 0.6 0.5
v 1.2 0.6 0.5
v 1.3 0.6 0.5
v 1.4 0.6 0.5
v 1.5 0.6 0.5
v -0.8 0.6 0.4
v -0.6 0.6 0.4
v -0.5 0.6 0.4
v -0.4 0.6 0.4
v 1.1 0.6 0.4
v 1.2 0.6 0.4
v 1.3 0.6 0.4
v 1.4 0.6 0.4
v -0.5 0.6 0.3
v -0.4 0.6 0.3
v 1.2 0.6 0.3
v 1.3 0.6 0.3
v -0.6 0.6 0.2
v -0.5 0.6 0.2
v 0.9 0.6 -0.6
v 1.3 0.6 -0.6
v 0.7 0.6 -0.7
v 0.8 0.6 -0.7
v 0.9 0.6 -0.7
v 0.6 0.6 -0.8
v 0.7 0.6 -0.8
v -1.8 0.6 -0.9
v -1.5 0.6 -0.9
v 0.4 0.6 -0.9
v 0.6 0.6 -0.9
v 0.8 0.6 -0.9
v -1.8 0.6 -1
v -1.5 0.6 -1
v -0.9 0.6 -1
v -0.8 0.6 -1
v -0.3 0.6 -1
v 0.1 0.6 -1
v 0.2 0.6 -1
v 0.4 0.6 -1
v 0.5 0.6 -1
v 0.8 0.6 -1
v 0.9 0.6 -1
v 1.2 0.6 -1
v 1.3 0.6 -1
v -0.9 0.6 -1.1
v -0.8 0.6 -1.1
v -0.6 0.6 -1.1
v -0.5 0.6 -1.1
v -0.0999999 0.6 -1.1
v 0.1 0.6 -1.1
v 0.2 0.6 -1.1
v 0.3 0.6 -1.1
v 0.4 0.6 -1.1
v 0.5 0.6 -1.1
v 0.6 0.6 -1.1
v 0.9 0.6 -1.1
v 1 0.6 -1.1
v -1.4 0.6 -1.2
v -1.3 0.6 -1.2
v -0.9 0.6 -1.2
v -0.8 0.6 -1.2
v -0.6 0.6 -1.2
v -0.5 0.6 -1.2
v 0.2 0.6 -1.2
v 0.6 0.6 -1.2
v 0.7 0.6 -1.2
v 1.1 0.6 -1.2
v 1.2 0.6 -1.2
v -1.3 0.6 -1.3
v -1.2 0.6 -1.3
v -0.9 0.6 -1.3
v -0.8 0.6 -1.3
v -0.6 0.6 -1.3
v -0.5 0.6 -1.3
v -0.3 0.6 -1.3
v -0.2 0.6 -1.3
v -0.0999999 0.6 -1.3
v 0.7 0.6 -1.3
v 0.8 0.6 -1.3
v 0.9 0.6 -1.3
v 1 0.6 -1.3
v 1.1 0.6 -1.3
v -1.5 0.6 -1.4
v -1.4 0.6 -1.4
v -0.8 0.6 -1.4
v -0.6 0.6 -1.4
v -0.3 0.6 -1.4
v -0.2 0.6 -1.4
v 2.38419e-07 0.6 -1.4
v 0.7 0.6 -1.4
v 0.8 0.6 -1.4
v -1.6 0.6 -1.5
v -1.5 0.6 -1.5
v 0.2 0.6 -1.5
v 0.3 0.6 -1.5
v 0.6 0.6 -1.5
v 0.7 0.6 -1.5
v 0.8 0.6 -1.5
v 0.9 0.6 -1.5
v -1.6 0.6 -1.6
v -1.5 0.6 -1.6
v 0.3 0.6 -1.6
v 0.4 0.6 -1.6
v 0.6 0.6 -1.6
v 0.7 0.6 -1.6
v 0.8 0.6 -1.6
v -1.5 0.6 -1.7
v -1.2 0.6 -1.7
v 2.38419e-07 0.6 -1.7
v 0.5 0.6 -1.7
v 0.6 0.6 -1.7
v 0.7 0.6 -1.7
v 0.5 0.6 -1.8
v 0.6 0.6 -1.8
v 0.8 0.6 -1.8
v -0.8 0.7 1.9
v -0.7 0.7 1.9
v -0.9 0.7 1.8
v -0.8 0.7 1.8
v -0.7 0.7 1.8
v 0.7 0.7 1.7
v 0.8 0.7 1.7
v -0.9 0.7 1.5
v -0.8 0.7 1.5
v 0.4 0.7 1.5
v 0.5 0.7 1.5
v 0.7 0.7 1.5
v 0.8 0.7 1.5
v 0.4 0.7 1.4
v 0.5 0.7 1.4
v 0.7 0.7 1.4
v -0.0999999 0.7 1
v 2.38419e-07 0.7 1
v 0.2 0.7 1
v -0.2 0.7 0.9
v -0.0999999 0.7 0.9
v 2.38419e-07 0.7 0.9
v 0.1 0.7 0.9
v 0.2 0.7 0.9
v 0.3 0.7 0.9
v -0.2 0.7 0.8
v -0.0999999 0.7 0.8
v 0.1 0.7 0.8
v 0.3 0.7 0.8
v 0.4 0.7 0.8
v -0.2 0.7 0.7
v -0.0999999 0.7 0.7
v 0.3 0.7 0.7
v 0.4 0.7 0.7
v 1.2 0.7 0.7
v 1.3 0.7 0.7
v -0.2 0.7 0.6
v -0.0999999 0.7 0.6
v 1.2 0.7 0.6
v 1.3 0.7 0.6
v -0.8 0.7 -1
v -0.7 0.7 -1
v 0.4 0.7 -1
v 0.5 0.7 -1
v -2 0.7 -1.1
v -1.9 0.7 -1.1
v -0.9 0.7 -1.1
v -0.8 0.7 -1.1
v -0.7 0.7 -1.1
v 0.4 0.7 -1.1
v 0.5 0.7 -1.1
v 0.6 0.7 -1.1
v -2 0.7 -1.2
v -1.9 0.7 -1.2
v -1.8 0.7 -1.2
v -0.9 0.7 -1.2
v -0.8 0.7 -1.2
v 0.5 0.7 -1.2
v 0.6 0.7 -1.2
v -1.8 0.7 -1.3
v 0.7 0.7 -1.3
v 0.8 0.7 -1.3
v -1.9 0.7 -1.4
v -1.8 0.7 -1.4
v -1.7 0.7 -1.4
v -1.6 0.7 -1.4
v 0.2 0.7 -1.4
v 0.3 0.7 -1.4
v 0.6 0.7 -1.4
v 0.7 0.7 -1.4
v 0.8 0.7 -1.4
v -1.7 0.7 -1.5
v -1.6 0.7 -1.5
v 0.2 0.7 -1.5
v 0.3 0.7 -1.5
v 0.5 0.7 -1.5
v 0.6 0.7 -1.5
v 0.7 0.7 -1.5
v 0.5 0.7 -1.6
v 0.6 0.7 -1.6
v -0.6 0.8 2
v 0.4 0.8 2
v 0.7 0.8 2
v 0.8 0.8 2
v -0.7 0.8 1.9
v -0.6 0.8 1.9
v 0.4 0.8 1.9
v 0.7 0.8 1.9
v -0.8 0.8 1.8
v -0.7 0.8 1.8
v 0.7 0.8 1.8
v 0.8 0.8 1.8
v -0.6 0.8 1.7
v 0.4 0.8 1.7
v 0.7 0.8 1.7
v 0.8 0.8 1.7
v -0.8 0.8 1.6
v -0.6 0.8 1.6
v 0.4 0.8 1.5
v 0.7 0.8 1.5
v -0.0999999 0.8 1.1
v 0.1 0.8 1.1
v -0.0999999 0.8 1
v 0.1 0.8 1
v -0.3 0.8 0.9
v -0.2 0.8 0.9
v -0.0999999 0.8 0.9
v 0.1 0.8 0.9
v 1.2 0.8 0.9
v 1.3 0.8 0.9
v -0.2 0.8 0.8
v -0.0999999 0.8 0.8
v 0.1 0.8 0.8
v 0.2 0.8 0.8
v 0.3 0.8 0.8
v 1.1 0.8 0.8
v 1.2 0.8 0.8
v 1.3 0.8 0.8
v 1.4 0.8 0.8
v -0.2 0.8 0.7
v -0.0999999 0.8 0.7
v 0.2 0.8 0.7
v 0.3 0.8 0.7
v 0.4 0.8 0.7
v 1 0.8 0.7
v 1.1 0.8 0.7
v 1.2 0.8 0.7
v 1.3 0.8 0.7
v 1.4 0.8 0.7
v 1.5 0.8 0.7
v 0.3 0.8 0.6
v 0.4 0.8 0.6
v 1 0.8 0.6
v 1.1 0.8 0.6
v 1.2 0.8 0.6
v 1.3 0.8 0.6
v 1.4 0.8 0.6
v 1.5 0.8 0.6
v -0.6 0.8 0.5
v -0.5 0.8 0.5
v -0.3 0.8 0.5
v -0.2 0.8 0.5
v 1.1 0.8 0.5
v 1.2 0.8 0.5
v 1.3 0.8 0.5
v 1.4 0.8 0.5
v -0.9 0.8 0.4
v -0.8 0.8 0.4
v -0.6 0.8 0.4
v -0.5 0.8 0.4
v -0.3 0.8 0.4
v 1.2 0.8 0.4
v 1.3 0.8 0.4
v -1 0.8 0.3
v -0.9 0.8 0.3
v -0.8 0.8 0.3
v -0.7 0.8 0.3
v -1.1 0.8 0.2
v -1 0.8 0.2
v -0.9 0.8 0.2
v -0.8 0.8 0.2
v -0.7 0.8 0.2
v -0.6 0.8 0.2
v -1.2 0.8 0.0999999
v -1.1 0.8 0.0999999
v -1 0.8 0.0999999
v -0.9 0.8 0.0999999
v -0.8 0.8 0.0999999
v -0.7 0.8 0.0999999
v -0.6 0.8 0.0999999
v -0.5 0.8 0.0999999
v -1.2 0.8 -2.38419e-07
v -1.1 0.8 -2.38419e-07
v -1 0.8 -2.38419e-07
v -0.9 0.8 -2.38419e-07
v -0.8 0.8 -2.38419e-07
v -0.7 0.8 -2.38419e-07
v -0.6 0.8 -2.38419e-07
v -0.5 0.8 -2.38419e-07
v -1.1 0.8 -0.1
v -1 0.8 -0.1
v -0.9 0.8 -0.1
v -0.8 0.8 -0.1
v -0.7 0.8 -0.1
v -0.6 0.8 -0.1
v -1 0.8 -0.2
v -0.9 0.8 -0.2
v -0.8 0.8 -0.2
v -0.7 0.8 -0.2
v -0.9 0.8 -0.3
v -0.8 0.8 -0.3
v -1.9 0.8 -1
v -1.5 0.8 -1
v -1.8 0.8 -1.1
v -1.5 0.8 -1.1
v -1.4 0.8 -1.1
v -0.7 0.8 -1.1
v -0.6 0.8 -1.1
v 0.2 0.8 -1.1
v 0.5 0.8 -1.1
v -1.9 0.8 -1.2
v -1.8 0.8 -1.2
v -0.7 0.8 -1.2
v -0.6 0.8 -1.2
v 0.2 0.8 -1.2
v 0.5 0.8 -1.2
v -1.8 0.8 -1.3
v -1.7 0.8 -1.3
v -1.8 0.8 -1.4
v -1.7 0.8 -1.4
v -1.6 0.8 -1.4
v -1.5 0.8 -1.4
v -1.4 0.8 -1.4
v 0.5 0.8 -1.4
v 0.6 0.8 -1.4
v -1.6 0.8 -1.5
v -1.5 0.8 -1.5
v 0.3 0.8 -1.5
v 0.4 0.8 -1.5
v 0.5 0.8 -1.5
v 0.6 0.8 -1.5
v 0.3 0.8 -1.6
v 0.4 0.8 -1.6
v 0.4 0.9 2
v 0.7 0.9 2
v -0.6 0.9 1.9
v 0.4 0.9 1.9
v 0.5 0.9 1.9
v 0.7 0.9 1.9
v -0.5 0.9 1.8
v 0.5 0.9 1.8
v -0.6 0.9 1.7
v -0.5 0.9 1.7
v 0.2 0.9 1.7
v 0.4 0.9 1.7
v 0.7 0.9 1.7
v 0.2 0.9 1.6
v 0.3 0.9 1.6
v 0.3 0.9 1.5
v 0.4 0.9 1.5
v 0.4 0.9 1.4
v 0.5 0.9 1.4
v 0.4 0.9 1.3
v 0.5 0.9 1.3
v -0.0999999 0.9 1.2
v 2.38419e-07 0.9 1.2
v 0.4 0.9 1.2
v -0.0999999 0.9 1.1
v 2.38419e-07 0.9 1.1
v 0.1 0.9 1.1
v 0.4 0.9 1.1
v 0.5 0.9 1.1
v -0.6 0.9 1
v -0.5 0.9 1
v 0.1 0.9 1
v 0.4 0.9 1
v -0.6 0.9 0.9
v -0.5 0.9 0.9
v -0.4 0.9 0.9
v -0.3 0.9 0.9
v -1.4 0.9 0.8
v -1.3 0.9 0.8
v -0.0999999 0.9 0.8
v 0.2 0.9 0.8
v -1.4 0.9 0.7
v -1.3 0.9 0.7
v -1.2 0.9 0.7
v -0.5 0.9 0.7
v 2.38419e-07 0.9 0.7
v 0.2 0.9 0.7
v 0.3 0.9 0.7
v -1.3 0.9 0.6
v -1.2 0.9 0.6
v -1.1 0.9 0.6
v -1 0.9 0.6
v -0.9 0.9 0.6
v -0.6 0.9 0.6
v -0.5 0.9 0.6
v 0.3 0.9 0.6
v 0.4 0.9 0.6
v -1.1 0.9 0.5
v -0.9 0.9 0.5
v -0.6 0.9 0.5
v -0.5 0.9 0.5
v -0.3 0.9 0.5
v -0.0999999 0.9 0.5
v 2.38419e-07 0.9 0.5
v 0.2 0.9 0.5
v 0.4 0.9 0.5
v 2.38419e-07 0.9 0.4
v 0.1 0.9 0.4
v 2.38419e-07 0.9 0.3
v 0.1 0.9 0.3
v -0.9 0.9 0.0999999
v -0.8 0.9 0.0999999
v -0.9 0.9 -2.38419e-07
v -0.8 0.9 -2.38419e-07
v -1.8 0.9 -1.1
v -1.5 0.9 -1.1
v -0.8 0.9 -1.1
v -0.7 0.9 -1.1
v -0.8 0.9 -1.2
v -0.7 0.9 -1.2
v -0.6 0.9 -1.2
v 0.2 0.9 -1.2
v 0.3 0.9 -1.2
v 0.6 0.9 -1.2
v 0.7 0.9 -1.2
v -1.8 0.9 -1.3
v -1.7 0.9 -1.3
v -0.7 0.9 -1.3
v -0.6 0.9 -1.3
v -1.7 0.9 -1.4
v -1.5 0.9 -1.4
v 0.2 0.9 -1.4
v 0.3 0.9 -1.4
v 0.6 0.9 -1.4
v 0.7 0.9 -1.4
v 0.4 0.9 -1.5
v 0.5 0.9 -1.5
v 0.4 0.9 -1.6
v 0.5 0.9 -1.6
v -0.6 1 1.7
v 0.2 1 1.7
v -0.6 1 1.6
v 0.2 1 1.6
v 0.3 1 1.6
v 0.2 1 1.5
v 0.3 1 1.5
v 0.4 1 1.5
v -0.2 1 1.3
v -0.0999999 1 1.3
v 2.38419e-07 1 1.3
v 0.3 1 1.3
v 0.4 1 1.3
v -1.3 1 1.2
v -1.2 1 1.2
v -0.2 1 1.2
v -0.0999999 1 1.2
v 2.38419e-07 1 1.2
v 0.1 1 1.2
v 0.3 1 1.2
v 0.4 1 1.2
v -1.4 1 1.1
v -1.3 1 1.1
v -1.2 1 1.1
v -0.2 1 1.1
v -0.0999999 1 1.1
v 2.38419e-07 1 1.1
v 0.4 1 1.1
v -0.5 1 1
v -0.4 1 1
v -0.3 1 1
v -0.2 1 1
v -0.0999999 1 1
v -1.3 1 0.9
v -0.5 1 0.9
v -0.4 1 0.9
v -0.2 1 0.9
v -1.4 1 0.8
v -1.3 1 0.8
v -1.2 1 0.8
v -1.3 1 0.7
v -1.2 1 0.7
v -1 1 0.7
v 2.38419e-07 1 0.7
v 0.2 1 0.7
v -1.2 1 0.6
v -1 1 0.6
v 0.1 1 0.5
v 0.2 1 0.5
v 2.38419e-07 1 0.4
v 0.1 1 0.4
v 0.2 1 0.4
v -0.9 1 0.3
v -0.8 1 0.3
v 0.1 1 0.3
v 0.2 1 0.3
v -1 1 0.2
v -0.9 1 0.2
v -0.8 1 0.2
v -0.7 1 0.2
v -1.1 1 0.0999999
v -1 1 0.0999999
v -0.9 1 0.0999999
v -0.8 1 0.0999999
v -0.7 1 0.0999999
v -0.6 1 0.0999999
v -1.1 1 -2.38419e-07
v -1 1 -2.38419e-07
v -0.9 1 -2.38419e-07
v -0.8 1 -2.38419e-07
v -0.7 1 -2.38419e-07
v -0.6 1 -2.38419e-07
v -1 1 -0.1
v -0.9 1 -0.1
v -0.8 1 -0.1
v -0.7 1 -0.1
v -0.9 1 -0.2
v -0.8 1 -0.2
v -0.8 1 -1.2
v -0.7 1 -1.2
v 0.5 1 -1.2
v 0.6 1 -1.2
v -0.8 1 -1.3
v -0.7 1 -1.3
v 0.4 1 -1.4
v 0.5 1 -1.4
v 0.6 1 -1.4
v 0.4 1 -1.5
v 0.5 1 -1.5
v -0.9 1.1 1.6
v -0.8 1.1 1.6
v -0.5 1.1 1.6
v 0.2 1.1 1.6
v -1 1.1 1.5
v -0.9 1.1 1.5
v -0.8 1.1 1.5
v -0.5 1.1 1.5
v -0.4 1.1 1.5
v -0.2 1.1 1.5
v -0.0999999 1.1 1.5
v 0.2 1.1 1.5
v 0.3 1.1 1.5
v -1 1.1 1.4
v -0.9 1.1 1.4
v -0.4 1.1 1.4
v -0.3 1.1 1.4
v -0.2 1.1 1.4
v -0.0999999 1.1 1.4
v 2.38419e-07 1.1 1.4
v -1.1 1.1 1.3
v -1 1.1 1.3
v -0.9 1.1 1.3
v -0.2 1.1 1.3
v -0.0999999 1.1 1.3
v 2.38419e-07 1.1 1.3
v 0.1 1.1 1.3
v -1.2 1.1 1.2
v -1.1 1.1 1.2
v -1 1.1 1.2
v -0.3 1.1 1.2
v -0.2 1.1 1.2
v -0.0999999 1.1 1.2
v 2.38419e-07 1.1 1.2
v 0.1 1.1 1.2
v 0.3 1.1 1.2
v -1.3 1.1 1.1
v -1.2 1.1 1.1
v -1.1 1.1 1.1
v -0.4 1.1 1.1
v -0.3 1.1 1.1
v -0.2 1.1 1.1
v -0.0999999 1.1 1.1
v -0.8 1.1 1
v -0.6 1.1 1
v -0.4 1.1 1
v -0.3 1.1 1
v -0.2 1.1 1
v -1.3 1.1 0.9
v -1.2 1.1 0.9
v -0.8 1.1 0.9
v -0.6 1.1 0.9
v -0.5 1.1 0.9
v -1.3 1.1 0.8
v -1.2 1.1 0.8
v -0.9 1.1 0.8
v 1.2 1.1 0.8
v 1.3 1.1 0.8
v -1.2 1.1 0.7
v -1 1.1 0.7
v -0.6 1.1 0.7
v -0.5 1.1 0.7
v 1.1 1.1 0.7
v 1.2 1.1 0.7
v 1.3 1.1 0.7
v 1.4 1.1 0.7
v -1 1.1 0.6
v -0.9 1.1 0.6
v -0.6 1.1 0.6
v -0.5 1.1 0.6
v 1.1 1.1 0.6
v 1.2 1.1 0.6
v 1.3 1.1 0.6
v 1.4 1.1 0.6
v -0.9 1.1 0.5
v -0.6 1.1 0.5
v 0.1 1.1 0.5
v 0.2 1.1 0.5
v 0.5 1.1 0.5
v 1.2 1.1 0.5
v 1.3 1.1 0.5
v 0.1 1.1 0.4
v 0.2 1.1 0.4
v 0.3 1.1 0.4
v 0.4 1.1 0.4
v 0.2 1.1 0.3
v 0.3 1.1 0.3
v 0.4 1.1 0.3
v 0.5 1.1 0.3
v 0.3 1.1 0.2
v 0.4 1.1 0.2
v -0.8 1.2 1.6
v -0.5 1.2 1.6
v -0.9 1.2 1.5
v -0.8 1.2 1.5
v -0.5 1.2 1.5
v -0.4 1.2 1.5
v -0.5 1.2 1.4
v -0.4 1.2 1.4
v -0.3 1.2 1.4
v -1 1.2 1.3
v -0.9 1.2 1.3
v -1.1 1.2 1.2
v -1 1.2 1.2
v -1.2 1.2 1.1
v -1.1 1.2 1.1
v -0.8 1.2 1.1
v -0.4 1.2 1.1
v -0.3 1.2 1.1
v -0.8 1.2 1
v -0.4 1.2 1
v -0.8 1.2 0.9
v -0.6 1.2 0.9
v -1.2 1.2 0.8
v -0.9 1.2 0.8
v 1.2 1.2 0.7
v 1.3 1.2 0.7
v -0.9 1.2 0.6
v -0.6 1.2 0.6
v 1.2 1.2 0.6
v 1.3 1.2 0.6
v 0.3 1.2 0.4
v 0.4 1.2 0.4
v 0.3 1.2 0.3
v 0.4 1.2 0.3
v 0.3 1.2 -1.2
v 0.5 1.2 -1.2
v 0.3 1.2 -1.3
v 0.5 1.2 -1.3
v -0.8 1.3 1.5
v -0.6 1.3 1.5
v -0.6 1.3 1.4
v -0.5 1.3 1.4
v -0.5 1.3 1.3
v -0.4 1.3 1.3
v -0.4 1.3 1.2
v -0.8 1.3 1.1
v -0.4 1.3 1.1
v -0.9 1.3 0.2
v -0.8 1.3 0.2
v -1 1.3 0.0999999
v -0.9 1.3 0.0999999
v -0.8 1.3 0.0999999
v -0.7 1.3 0.0999999
v -1 1.3 -2.38419e-07
v -0.9 1.3 -2.38419e-07
v -0.8 1.3 -2.38419e-07
v -0.7 1.3 -2.38419e-07
v -0.9 1.3 -0.1
v -0.8 1.3 -0.1
v -0.2 1.4 1.9
v -0.0999999 1.4 1.9
v -0.3 1.4 1.8
v -0.2 1.4 1.8
v -0.0999999 1.4 1.8
v 2.38419e-07 1.4 1.8
v -0.4 1.4 1.7
v -0.3 1.4 1.7
v -0.2 1.4 1.7
v -0.0999999 1.4 1.7
v 2.38419e-07 1.4 1.7
v 0.1 1.4 1.7
v -0.5 1.4 1.6
v -0.4 1.4 1.6
v -0.3 1.4 1.6
v 2.38419e-07 1.4 1.6
v 0.1 1.4 1.6
v 0.2 1.4 1.6
v -0.6 1.4 1.5
v -0.5 1.4 1.5
v -0.4 1.4 1.5
v 0.1 1.4 1.5
v 0.2 1.4 1.5
v 0.3 1.4 1.5
v -0.6 1.4 1.4
v -0.5 1.4 1.4
v -0.4 1.4 1.4
v 0.1 1.4 1.4
v 0.2 1.4 1.4
v 0.3 1.4 1.4
v -0.5 1.4 1.3
v -0.4 1.4 1.3
v -0.3 1.4 1.3
v 2.38419e-07 1.4 1.3
v 0.1 1.4 1.3
v 0.2 1.4 1.3
v -0.4 1.4 1.2
v -0.3 1.4 1.2
v -0.2 1.4 1.2
v -0.0999999 1.4 1.2
v 2.38419e-07 1.4 1.2
v 0.1 1.4 1.2
v -0.3 1.4 1.1
v -0.2 1.4 1.1
v -0.0999999 1.4 1.1
v 2.38419e-07 1.4 1.1
v -0.2 1.4 1
v -0.0999999 1.4 1
v -0.9 1.4 0.0999999
v -0.8 1.4 0.0999999
v -0.9 1.4 -2.38419e-07
v -0.8 1.4 -2.38419e-07
v 0.3 1.4 -1.4
v 0.4 1.4 -1.4
v 0.3 1.4 -1.5
v 0.4 1.4 -1.5
v -0.2 1.5 1.6
v -0.0999999 1.5 1.6
v -0.3 1.5 1.5
v -0.2 1.5 1.5
v -0.0999999 1.5 1.5
v 2.38419e-07 1.5 1.5
v -0.3 1.5 1.4
v -0.2 1.5 1.4
v -0.0999999 1.5 1.4
v 2.38419e-07 1.5 1.4
v -0.2 1.5 1.3
v -0.0999999 1.5 1.3
v 0.3 1.5 -1.3
v 0.5 1.5 -1.3
v 0.3 1.5 -1.4
v 0.4 1.5 -1.4
v 0.5 1.5 -1.4
v -0.2 1.6 1.8
v -0.0999999 1.6 1.8
v -0.3 1.6 1.7
v -0.2 1.6 1.7
v -0.0999999 1.6 1.7
v 2.38419e-07 1.6 1.7
v -0.4 1.6 1.6
v -0.3 1.6 1.6
v -0.2 1.6 1.6
v -0.0999999 1.6 1.6
v 2.38419e-07 1.6 1.6
v 0.1 1.6 1.6
v -0.5 1.6 1.5
v -0.4 1.6 1.5
v -0.3 1.6 1.5
v -0.2 1.6 1.5
v -0.0999999 1.6 1.5
v 2.38419e-07 1.6 1.5
v 0.1 1.6 1.5
v 0.2 1.6 1.5
v -0.5 1.6 1.4
v -0.4 1.6 1.4
v -0.3 1.6 1.4
v -0.2 1.6 1.4
v -0.0999999 1.6 1.4
v 2.38419e-07 1.6 1.4
v 0.1 1.6 1.4
v 0.2 1.6 1.4
v -0.4 1.6 1.3
v -0.3 1.6 1.3
v -0.2 1.6 1.3
v -0.0999999 1.6 1.3
v 2.38419e-07 1.6 1.3
v 0.1 1.6 1.3
v -0.3 1.6 1.2
v -0.2 1.6 1.2
v -0.0999999 1.6 1.2
v 2.38419e-07 1.6 1.2
v -0.2 1.6 1.1
v -0.0999999 1.6 1.1
v 0.4 1.6 -1.4
v 0.5 1.6 -1.4
v 0.4 1.6 -1.5
v 0.5 1.6 -1.5
v -0.2 1.8 1.7
v -0.0999999 1.8 1.7
v -0.3 1.8 1.6
v -0.2 1.8 1.6
v -0.0999999 1.8 1.6
v 2.38419e-07 1.8 1.6
v -0.4 1.8 1.5
v -0.3 1.8 1.5
v -0.2 1.8 1.5
v -0.0999999 1.8 1.5
v 2.38419e-07 1.8 1.5
v 0.1 1.8 1.5
v -0.4 1.8 1.4
v -0.3 1.8 1.4
v -0.2 1.8 1.4
v -0.0999999 1.8 1.4
v 2.38419e-07 1.8 1.4
v 0.1 1.8 1.4
v -0.3 1.8 1.3
v -0.2 1.8 1.3
v -0.0999999 1.8 1.3
v 2.38419e-07 1.8 1.3
v -0.2 1.8 1.2
v -0.0999999 1.8 1.2
v -0.2 2.1 1.6
v -0.0999999 2.1 1.6
v -0.3 2.1 1.5
v -0.2 2.1 1.5
v -0.0999999 2.1 1.5
v 2.38419e-07 2.1 1.5
v -0.3 2.1 1.4
v -0.2 2.1 1.4
v -0.0999999 2.1 1.4
v 2.38419e-07 2.1 1.4
v -0.2 2.1 1.3
v -0.0999999 2.1 1.3
v -0.2 2.2 1.5
v -0.0999999 2.2 1.5
v -0.2 2.2 1.4
v -0.0999999 2.2 1.4

# faces
f 3/12/1 2/12/1 1/12/1
f 4/12/1 2/12/1 3/12/1
f 7/8/1 6/8/1 5/8/1
f 9/8/1 7/8/1 5/8/1
f 9/8/1 8/8/1 7/8/1
f 10/8/1 8/8/1 9/8/1
f 11/8/1 8/8/1 10/8/1
f 12/8/1 8/8/1 11/8/1
f 13/8/1 8/8/1 12/8/1
f 14/12/1 11/12/1 10/12/1
f 15/12/1 13/12/1 12/12/1
f 16/12/1 13/12/1 15/12/1
f 17/12/1 14/12/1 10/12/1
f 17/12/1 15/12/1 14/12/1
f 18/12/1 15/12/1 17/12/1
f 21/8/1 20/8/1 19/8/1
f 22/8/1 20/8/1 21/8/1
f 23/8/1 20/8/1 22/8/1
f 24/8/1 20/8/1 23/8/1
f 25/8/1 20/8/1 24/8/1
f 26/8/1 20/8/1 25/8/1
f 27/8/1 23/8/1 22/8/1
f 28/8/1 23/8/1 27/8/1
f 29/8/1 25/8/1 24/8/1
f 30/8/1 25/8/1 29/8/1
f 31/8/1 25/8/1 30/8/1
f 32/12/1 28/12/1 27/12/1
f 33/12/1 28/12/1 32/12/1
f 35/12/1 31/12/1 30/12/1
f 36/12/1 31/12/1 35/12/1
f 37/12/1 34/12/1 33/12/1
f 38/12/1 34/12/1 37/12/1
f 43/13/1 40/13/1 39/13/1
f 44/12/1 41/12/1 40/12/1
f 44/13/1 40/13/1 43/13/1
f 45/12/1 41/12/1 44/12/1
f 46/13/1 43/13/1 42/13/1
f 46/13/1 44/13/1 43/13/1
f 47/13/1 44/13/1 46/13/1
f 52/8/1 49/8/1 48/8/1
f 53/8/1 49/8/1 52/8/1
f 56/8/1 51/8/1 50/8/1
f 57/8/1 51/8/1 56/8/1
f 58/8/1 54/8/1 53/8/1
f 59/8/1 54/8/1 58/8/1
f 60/8/1 56/8/1 55/8/1
f 61/8/1 56/8/1 60/8/1
f 63/12/1 61/12/1 60/12/1
f 64/12/1 61/12/1 63/12/1
f 65/12/1 63/12/1 62/12/1
f 66/12/1 63/12/1 65/12/1
f 69/13/1 68/13/1 67/13/1
f 70/13/1 68/13/1 69/13/1
f 73/8/1 72/8/1 71/8/1
f 74/8/1 72/8/1 73/8/1
f 77/8/1 76/8/1 75/8/1
f 78/8/1 76/8/1 77/8/1
f 80/12/1 78/12/1 77/12/1
f 81/12/1 78/12/1 80/12/1
f 82/12/1 80/12/1 79/12/1
f 83/12/1 80/12/1 82/12/1
f 86/12/1 85/12/1 84/12/1
f 87/12/1 85/12/1 86/12/1
f 96/8/1 89/8/1 88/8/1
f 97/8/1 89/8/1 96/8/1
f 98/8/1 91/8/1 90/8/1
f 99/8/1 91/8/1 98/8/1
f 100/8/1 93/8/1 92/8/1
f 101/8/1 93/8/1 100/8/1
f 102/8/1 100/8/1 99/8/1
f 103/8/1 100/8/1 102/8/1
f 104/8/1 95/8/1 94/8/1
f 106/8/1 95/8/1 104/8/1
f 107/8/1 95/8/1 106/8/1
f 108/12/1 106/12/1 105/12/1
f 109/12/1 106/12/1 108/12/1
f 114/8/1 111/8/1 110/8/1
f 115/8/1 113/8/1 112/8/1
f 116/8/1 113/8/1 115/8/1
f 118/8/1 115/8/1 114/8/1
f 119/8/1 115/8/1 118/8/1
f 120/8/1 117/8/1 116/8/1
f 121/8/1 117/8/1 120/8/1
f 122/8/1 114/8/1 110/8/1
f 122/8/1 118/8/1 114/8/1
f 123/8/1 118/8/1 122/8/1
f 127/12/1 125/12/1 124/12/1
f 128/12/1 125/12/1 127/12/1
f 128/12/1 127/12/1 126/12/1
f 129/12/1 125/12/1 128/12/1
f 130/12/1 128/12/1 126/12/1
f 131/12/1 128/12/1 130/12/1
f 137/8/1 135/8/1 134/8/1
f 138/8/1 135/8/1 137/8/1
f 141/8/1 133/8/1 132/8/1
f 142/8/1 133/8/1 141/8/1
f 143/8/1 137/8/1 136/8/1
f 144/12/1 138/12/1 137/12/1
f 144/8/1 137/8/1 143/8/1
f 145/8/1 139/8/1 138/8/1
f 145/12/1 138/12/1 144/12/1
f 146/12/1 140/12/1 139/12/1
f 146/8/1 139/8/1 145/8/1
f 147/12/1 140/12/1 146/12/1
f 148/8/1 143/8/1 142/8/1
f 149/12/1 144/12/1 143/12/1
f 149/8/1 143/8/1 148/8/1
f 151/12/1 144/12/1 149/12/1
f 152/12/1 144/12/1 151/12/1
f 155/12/1 151/12/1 150/12/1
f 156/12/1 151/12/1 155/12/1
f 158/12/1 153/12/1 152/12/1
f 159/12/1 153/12/1 158/12/1
f 160/12/1 155/12/1 154/12/1
f 161/12/1 155/12/1 160/12/1
f 163/13/1 158/13/1 157/13/1
f 164/13/1 158/13/1 163/13/1
f 165/12/1 162/12/1 161/12/1
f 166/13/1 163/13/1 162/13/1
f 166/12/1 162/12/1 165/12/1
f 167/13/1 163/13/1 166/13/1
f 172/12/1 169/12/1 168/12/1
f 173/8/1 170/8/1 169/8/1
f 173/12/1 169/12/1 172/12/1
f 174/8/1 170/8/1 173/8/1
f 177/8/1 172/8/1 171/8/1
f 178/8/1 172/8/1 177/8/1
f 183/12/1 176/12/1 175/12/1
f 184/12/1 176/12/1 183/12/1
f 185/8/1 179/8/1 178/8/1
f 186/8/1 179/8/1 185/8/1
f 190/12/1 182/12/1 181/12/1
f 190/12/1 183/12/1 182/12/1
f 190/12/1 181/12/1 180/12/1
f 191/12/1 183/12/1 190/12/1
f 192/8/1 188/8/1 187/8/1
f 193/12/1 189/12/1 188/12/1
f 193/8/1 188/8/1 192/8/1
f 194/12/1 189/12/1 193/12/1
f 195/12/1 190/12/1 180/12/1
f 196/12/1 190/12/1 195/12/1
f 197/12/1 193/12/1 192/12/1
f 198/12/1 193/12/1 197/12/1
f 201/1/1 200/1/1 199/1/1
f 202/1/1 200/1/1 201/1/1
f 208/13/1 204/13/1 203/13/1
f 209/13/1 204/13/1 208/13/1
f 210/12/1 206/12/1 205/12/1
f 211/12/1 206/12/1 210/12/1
f 213/13/1 208/13/1 207/13/1
f 214/13/1 208/13/1 213/13/1
f 215/13/1 212/13/1 211/13/1
f 215/13/1 213/13/1 212/13/1
f 216/13/1 213/13/1 215/13/1
f 223/8/1 218/8/1 217/8/1
f 224/12/1 219/12/1 218/12/1
f 224/8/1 218/8/1 223/8/1
f 225/12/1 219/12/1 224/12/1
f 226/8/1 221/8/1 220/8/1
f 227/8/1 221/8/1 226/8/1
f 229/12/1 227/12/1 226/12/1
f 230/12/1 227/12/1 229/12/1
f 231/12/1 229/12/1 228/12/1
f 232/12/1 229/12/1 231/12/1
f 233/8/1 223/8/1 222/8/1
f 234/8/1 223/8/1 233/8/1
f 236/8/1 235/8/1 234/8/1
f 237/8/1 235/8/1 236/8/1
f 240/12/1 239/12/1 238/12/1
f 247/1/1 244/1/1 243/1/1
f 248/1/1 244/1/1 247/1/1
f 249/1/1 246/1/1 245/1/1
f 250/1/1 246/1/1 249/1/1
f 251/12/1 242/12/1 241/12/1
f 252/12/1 242/12/1 251/12/1
f 253/12/1 240/12/1 238/12/1
f 254/12/1 240/12/1 253/12/1
f 255/1/1 249/1/1 248/1/1
f 256/1/1 249/1/1 255/1/1
f 257/13/1 254/13/1 253/13/1
f 258/13/1 254/13/1 257/13/1
f 260/13/1 259/13/1 258/13/1
f 261/13/1 259/13/1 260/13/1
f 266/8/1 263/8/1 262/8/1
f 267/8/1 263/8/1 266/8/1
f 268/8/1 265/8/1 264/8/1
f 270/8/1 265/8/1 268/8/1
f 271/8/1 265/8/1 270/8/1
f 275/12/1 270/12/1 269/12/1
f 276/7/1 273/7/1 272/7/1
f 277/7/1 273/7/1 276/7/1
f 278/12/1 275/12/1 274/12/1
f 279/12/1 275/12/1 278/12/1
f 280/12/1 270/12/1 275/12/1
f 280/12/1 275/12/1 279/12/1
f 285/12/1 279/12/1 278/12/1
f 286/12/1 279/12/1 285/12/1
f 287/12/1 284/12/1 283/12/1
f 288/12/1 284/12/1 287/12/1
f 294/12/1 282/12/1 281/12/1
f 295/1/1 290/1/1 289/1/1
f 296/1/1 290/1/1 295/1/1
f 299/1/1 292/1/1 291/1/1
f 300/1/1 292/1/1 299/1/1
f 301/12/1 294/12/1 293/12/1
f 301/12/1 282/12/1 294/12/1
f 302/12/1 282/12/1 301/12/1
f 305/1/1 297/1/1 296/1/1
f 306/1/1 297/1/1 305/1/1
f 307/1/1 299/1/1 298/1/1
f 308/1/1 299/1/1 307/1/1
f 309/12/1 301/12/1 293/12/1
f 310/13/1 302/13/1 301/13/1
f 310/12/1 301/12/1 309/12/1
f 311/13/1 302/13/1 310/13/1
f 313/13/1 304/13/1 303/13/1
f 314/13/1 304/13/1 313/13/1
f 315/13/1 312/13/1 311/13/1
f 316/13/1 312/13/1 315/13/1
f 317/1/1 307/1/1 306/1/1
f 318/1/1 307/1/1 317/1/1
f 323/7/1 322/7/1 321/7/1
f 324/7/1 322/7/1 323/7/1
f 328/8/1 320/8/1 319/8/1
f 329/8/1 320/8/1 328/8/1
f 330/9/1 325/9/1 324/9/1
f 331/9/1 325/9/1 330/9/1
f 332/12/1 327/12/1 326/12/1
f 333/8/1 328/8/1 327/8/1
f 333/12/1 327/12/1 332/12/1
f 334/8/1 328/8/1 333/8/1
f 342/7/1 337/7/1 336/7/1
f 342/9/1 336/9/1 335/9/1
f 343/7/1 337/7/1 342/7/1
f 344/8/1 339/8/1 338/8/1
f 345/8/1 339/8/1 344/8/1
f 347/12/1 341/12/1 340/12/1
f 348/12/1 341/12/1 347/12/1
f 349/9/1 342/9/1 335/9/1
f 349/9/1 343/9/1 342/9/1
f 350/9/1 343/9/1 349/9/1
f 351/9/1 343/9/1 350/9/1
f 352/9/1 343/9/1 351/9/1
f 353/12/1 346/12/1 345/12/1
f 353/12/1 345/12/1 344/12/1
f 354/12/1 346/12/1 353/12/1
f 358/3/1 348/3/1 347/3/1
f 359/3/1 348/3/1 358/3/1
f 362/9/1 351/9/1 350/9/1
f 363/9/1 351/9/1 362/9/1
f 365/12/1 355/12/1 354/12/1
f 366/12/1 355/12/1 365/12/1
f 367/1/1 357/1/1 356/1/1
f 368/1/1 357/1/1 367/1/1
f 373/1/1 361/1/1 360/1/1
f 374/1/1 361/1/1 373/1/1
f 377/3/1 371/3/1 370/3/1
f 378/3/1 371/3/1 377/3/1
f 379/12/1 376/12/1 375/12/1
f 380/1/1 369/1/1 368/1/1
f 381/1/1 369/1/1 380/1/1
f 384/1/1 373/1/1 372/1/1
f 385/1/1 373/1/1 384/1/1
f 386/12/1 365/12/1 364/12/1
f 387/12/1 365/12/1 386/12/1
f 391/12/1 376/12/1 379/12/1
f 392/12/1 376/12/1 391/12/1
f 393/13/1 389/13/1 388/13/1
f 393/13/1 388/13/1 387/13/1
f 394/13/1 389/13/1 393/13/1
f 395/13/1 391/13/1 390/13/1
f 396/13/1 391/13/1 395/13/1
f 397/1/1 382/1/1 381/1/1
f 398/1/1 382/1/1 397/1/1
f 399/1/1 384/1/1 383/1/1
f 400/1/1 384/1/1 399/1/1
f 401/1/1 399/1/1 398/1/1
f 402/1/1 399/1/1 401/1/1
f 411/12/1 406/12/1 405/12/1
f 412/12/1 406/12/1 411/12/1
f 413/7/1 408/7/1 407/7/1
f 414/7/1 408/7/1 413/7/1
f 415/8/1 404/8/1 403/8/1
f 416/8/1 404/8/1 415/8/1
f 418/8/1 412/8/1 411/8/1
f 419/8/1 412/8/1 418/8/1
f 423/8/1 410/8/1 409/8/1
f 424/8/1 410/8/1 423/8/1
f 425/8/1 418/8/1 417/8/1
f 426/8/1 418/8/1 425/8/1
f 427/9/1 421/9/1 420/9/1
f 428/9/1 421/9/1 427/9/1
f 431/8/1 423/8/1 422/8/1
f 432/8/1 423/8/1 431/8/1
f 435/7/1 430/7/1 429/7/1
f 436/7/1 430/7/1 435/7/1
f 437/8/1 434/8/1 433/8/1
f 442/8/1 437/8/1 433/8/1
f 443/8/1 437/8/1 442/8/1
f 444/12/1 441/12/1 440/12/1
f 445/12/1 441/12/1 444/12/1
f 449/9/1 436/9/1 435/9/1
f 450/9/1 436/9/1 449/9/1
f 451/12/1 443/12/1 442/12/1
f 452/12/1 443/12/1 451/12/1
f 453/12/1 439/12/1 438/12/1
f 454/12/1 439/12/1 453/12/1
f 455/6/1 447/6/1 446/6/1
f 456/6/1 447/6/1 455/6/1
f 457/9/1 449/9/1 448/9/1
f 458/12/1 453/12/1 452/12/1
f 459/12/1 453/12/1 458/12/1
f 460/12/1 453/12/1 459/12/1
f 465/9/1 457/9/1 456/9/1
f 466/9/1 449/9/1 457/9/1
f 466/9/1 457/9/1 465/9/1
f 467/1/1 462/1/1 461/1/1
f 468/1/1 462/1/1 467/1/1
f 469/1/1 464/1/1 463/1/1
f 470/1/1 464/1/1 469/1/1
f 471/11/1 466/11/1 465/11/1
f 472/11/1 466/11/1 471/11/1
f 473/11/1 466/11/1 472/11/1
f 474/11/1 466/11/1 473/11/1
f 477/13/1 476/13/1 475/13/1
f 478/13/1 476/13/1 477/13/1
f 480/1/1 469/1/1 468/1/1
f 481/1/1 469/1/1 480/1/1
f 482/13/1 479/13/1 478/13/1
f 483/13/1 479/13/1 482/13/1
f 488/12/1 485/12/1 484/12/1
f 489/12/1 485/12/1 488/12/1
f 490/8/1 487/8/1 486/8/1
f 491/8/1 487/8/1 490/8/1
f 494/6/1 493/6/1 492/6/1
f 495/6/1 493/6/1 494/6/1
f 500/12/1 499/12/1 498/12/1
f 501/12/1 499/12/1 500/12/1
f 502/12/1 497/12/1 496/12/1
f 503/12/1 497/12/1 502/12/1
f 506/1/1 505/1/1 504/1/1
f 507/1/1 505/1/1 506/1/1
f 510/8/1 509/8/1 508/8/1
f 511/8/1 509/8/1 510/8/1
f 512/8/1 510/8/1 508/8/1
f 513/12/1 511/12/1 510/12/1
f 513/8/1 510/8/1 512/8/1
f 514/12/1 511/12/1 513/12/1
f 519/12/1 516/12/1 515/12/1
f 520/12/1 516/12/1 519/12/1
f 521/12/1 518/12/1 517/12/1
f 523/12/1 519/12/1 515/12/1
f 524/12/1 519/12/1 523/12/1
f 525/12/1 521/12/1 517/12/1
f 526/12/1 521/12/1 525/12/1
f 529/12/1 523/12/1 522/12/1
f 530/12/1 523/12/1 529/12/1
f 531/12/1 527/12/1 526/12/1
f 532/13/1 528/13/1 527/13/1
f 532/12/1 527/12/1 531/12/1
f 533/13/1 528/13/1 532/13/1
f 534/13/1 528/13/1 533/13/1
f 537/1/1 536/1/1 535/1/1
f 538/1/1 536/1/1 537/1/1
f 541/8/1 540/8/1 539/8/1
f 542/8/1 540/8/1 541/8/1
f 543/8/1 540/8/1 542/8/1
f 546/12/1 545/12/1 544/12/1
f 546/12/1 544/12/1 543/12/1
f 547/12/1 545/12/1 546/12/1
f 550/12/1 549/12/1 548/12/1
f 551/12/1 549/12/1 550/12/1
f 556/1/1 553/1/1 552/1/1
f 557/1/1 553/1/1 556/1/1
f 558/1/1 555/1/1 554/1/1
f 559/1/1 555/1/1 558/1/1
f 560/1/1 558/1/1 557/1/1
f 561/1/1 558/1/1 560/1/1
f 566/8/1 563/8/1 562/8/1
f 567/8/1 563/8/1 566/8/1
f 569/8/1 565/8/1 564/8/1
f 570/8/1 565/8/1 569/8/1
f 571/12/1 569/12/1 568/12/1
f 571/8/1 570/8/1 569/8/1
f 572/8/1 570/8/1 571/8/1
f 573/12/1 571/12/1 568/12/1
f 573/12/1 572/12/1 571/12/1
f 574/12/1 572/12/1 573/12/1
f 579/1/1 576/1/1 575/1/1
f 580/1/1 576/1/1 579/1/1
f 583/1/1 578/1/1 577/1/1
f 584/1/1 578/1/1 583/1/1
f 585/1/1 581/1/1 580/1/1
f 586/1/1 581/1/1 585/1/1
f 587/1/1 583/1/1 582/1/1
f 588/1/1 583/1/1 587/1/1
f 589/1/1 587/1/1 586/1/1
f 590/1/1 587/1/1 589/1/1
f 599/8/1 594/8/1 593/8/1
f 600/12/1 595/12/1 594/12/1
f 600/8/1 594/8/1 599/8/1
f 601/12/1 595/12/1 600/12/1
f 602/8/1 592/8/1 591/8/1
f 603/12/1 599/12/1 598/12/1
f 604/12/1 599/12/1 603/12/1
f 605/12/1 597/12/1 596/12/1
f 606/12/1 597/12/1 605/12/1
f 608/8/1 592/8/1 602/8/1
f 609/8/1 592/8/1 608/8/1
f 610/2/1 607/2/1 606/2/1
f 611/12/1 608/12/1 607/12/1
f 611/2/1 607/2/1 610/2/1
f 612/12/1 608/12/1 611/12/1
f 617/1/1 614/1/1 613/1/1
f 618/1/1 614/1/1 617/1/1
f 621/1/1 616/1/1 615/1/1
f 622/1/1 616/1/1 621/1/1
f 623/1/1 619/1/1 618/1/1
f 624/1/1 619/1/1 623/1/1
f 627/1/1 621/1/1 620/1/1
f 628/1/1 621/1/1 627/1/1
f 629/1/1 625/1/1 624/1/1
f 630/1/1 625/1/1 629/1/1
f 631/1/1 627/1/1 626/1/1
f 632/1/1 627/1/1 631/1/1
f 633/1/1 631/1/1 630/1/1
f 634/1/1 631/1/1 633/1/1
f 637/8/1 636/8/1 635/8/1
f 638/8/1 636/8/1 637/8/1
f 643/3/1 640/3/1 639/3/1
f 644/3/1 640/3/1 643/3/1
f 647/1/1 642/1/1 641/1/1
f 648/1/1 642/1/1 647/1/1
f 651/1/1 646/1/1 645/1/1
f 652/1/1 646/1/1 651/1/1
f 655/1/1 649/1/1 648/1/1
f 656/1/1 649/1/1 655/1/1
f 658/3/1 654/3/1 653/3/1
f 659/3/1 654/3/1 658/3/1
f 661/1/1 651/1/1 650/1/1
f 662/1/1 651/1/1 661/1/1
f 663/1/1 657/1/1 656/1/1
f 664/1/1 657/1/1 663/1/1
f 667/1/1 661/1/1 660/1/1
f 668/1/1 661/1/1 667/1/1
f 669/1/1 665/1/1 664/1/1
f 670/1/1 665/1/1 669/1/1
f 671/1/1 667/1/1 666/1/1
f 672/1/1 667/1/1 671/1/1
f 673/1/1 671/1/1 670/1/1
f 674/1/1 671/1/1 673/1/1
f 679/8/1 676/8/1 675/8/1
f 680/8/1 676/8/1 679/8/1
f 681/8/1 678/8/1 677/8/1
f 682/8/1 678/8/1 681/8/1
f 683/12/1 682/12/1 681/12/1
f 684/12/1 682/12/1 683/12/1
f 689/4/1 686/4/1 685/4/1
f 690/4/1 686/4/1 689/4/1
f 693/9/1 688/9/1 687/9/1
f 694/9/1 691/9/1 690/9/1
f 695/9/1 691/9/1 694/9/1
f 696/9/1 693/9/1 692/9/1
f 697/9/1 696/9/1 695/9/1
f 698/9/1 693/9/1 696/9/1
f 698/9/1 696/9/1 697/9/1
f 698/9/1 688/9/1 693/9/1
f 703/1/1 700/1/1 699/1/1
f 704/1/1 702/1/1 701/1/1
f 705/1/1 703/1/1 699/1/1
f 706/1/1 703/1/1 705/1/1
f 707/1/1 702/1/1 704/1/1
f 708/1/1 702/1/1 707/1/1
f 711/1/1 710/1/1 709/1/1
f 712/1/1 710/1/1 711/1/1
f 716/12/1 714/12/1 713/12/1
f 717/8/1 715/8/1 714/8/1
f 717/12/1 714/12/1 716/12/1
f 718/8/1 715/8/1 717/8/1
f 719/8/1 715/8/1 718/8/1
f 723/8/1 720/8/1 719/8/1
f 724/8/1 720/8/1 723/8/1
f 727/12/1 724/12/1 723/12/1
f 728/12/1 724/12/1 727/12/1
f 729/9/1 722/9/1 721/9/1
f 730/9/1 722/9/1 729/9/1
f 731/4/1 726/4/1 725/4/1
f 731/4/1 727/4/1 726/4/1
f 732/4/1 727/4/1 731/4/1
f 735/9/1 734/9/1 733/9/1
f 740/9/1 735/9/1 733/9/1
f 740/9/1 736/9/1 735/9/1
f 741/9/1 736/9/1 740/9/1
f 742/9/1 736/9/1 741/9/1
f 744/4/1 738/4/1 737/4/1
f 745/4/1 738/4/1 744/4/1
f 746/9/1 740/9/1 739/9/1
f 746/9/1 741/9/1 740/9/1
f 747/9/1 741/9/1 746/9/1
f 748/4/1 744/4/1 743/4/1
f 749/4/1 744/4/1 748/4/1
f 752/1/1 751/1/1 750/1/1
f 753/1/1 751/1/1 752/1/1
f 756/8/1 755/8/1 754/8/1
f 757/8/1 755/8/1 756/8/1
f 760/9/1 759/9/1 758/9/1
f 761/9/1 759/9/1 760/9/1
f 764/4/1 763/4/1 762/4/1
f 765/4/1 763/4/1 764/4/1
f 769/9/1 767/9/1 766/9/1
f 770/9/1 767/9/1 769/9/1
f 771/9/1 769/9/1 768/9/1
f 772/9/1 769/9/1 771/9/1
f 775/2/1 774/2/1 773/2/1
f 776/2/1 775/2/1 773/2/1
f 777/2/1 775/2/1 776/2/1
f 779/4/1 778/4/1 777/4/1
f 780/4/1 778/4/1 779/4/1
f 783/4/1 781/4/1 780/4/1
f 784/10/1 782/10/1 781/10/1
f 784/4/1 781/4/1 783/4/1
f 785/10/1 782/10/1 784/10/1
f 786/10/1 782/10/1 785/10/1
f 787/9/1 784/9/1 783/9/1
f 788/10/1 785/10/1 784/10/1
f 788/9/1 784/9/1 787/9/1
f 789/10/1 785/10/1 788/10/1
f 790/9/1 789/9/1 788/9/1
f 791/9/1 789/9/1 790/9/1
f 794/11/1 793/11/1 792/11/1
f 795/11/1 793/11/1 794/11/1
f 798/8/1 797/8/1 796/8/1
f 799/8/1 797/8/1 798/8/1
f 803/4/1 801/4/1 800/4/1
f 804/4/1 801/4/1 803/4/1
f 805/10/1 803/10/1 802/10/1
f 805/10/1 804/10/1 803/10/1
f 806/10/1 804/10/1 805/10/1
f 807/10/1 804/10/1 806/10/1
f 809/9/1 806/9/1 805/9/1
f 812/9/1 809/9/1 808/9/1
f 813/9/1 806/9/1 809/9/1
f 813/9/1 809/9/1 812/9/1
f 815/11/1 811/11/1 810/11/1
f 816/11/1 811/11/1 815/11/1
f 817/9/1 806/9/1 813/9/1
f 817/6/1 813/6/1 812/6/1
f 818/9/1 806/9/1 817/9/1
f 819/11/1 815/11/1 814/11/1
f 820/11/1 815/11/1 819/11/1
f 821/6/1 818/6/1 817/6/1
f 821/6/1 817/6/1 812/6/1
f 822/6/1 818/6/1 821/6/1
f 823/6/1 818/6/1 822/6/1
f 824/6/1 818/6/1 823/6/1
f 825/11/1 824/11/1 823/11/1
f 825/6/1 818/6/1 824/6/1
f 826/6/1 818/6/1 825/6/1
f 827/11/1 825/11/1 823/11/1
f 828/11/1 825/11/1 827/11/1
f 831/8/1 830/8/1 829/8/1
f 832/8/1 830/8/1 831/8/1
f 836/8/1 833/8/1 832/8/1
f 837/8/1 833/8/1 836/8/1
f 840/8/1 835/8/1 834/8/1
f 841/8/1 835/8/1 840/8/1
f 842/2/1 839/2/1 838/2/1
f 843/2/1 839/2/1 842/2/1
f 845/4/1 844/4/1 843/4/1
f 846/4/1 844/4/1 845/4/1
f 848/10/1 847/10/1 846/10/1
f 849/10/1 847/10/1 848/10/1
f 854/12/1 851/12/1 850/12/1
f 855/12/1 851/12/1 854/12/1
f 856/9/1 853/9/1 852/9/1
f 857/9/1 853/9/1 856/9/1
f 860/11/1 859/11/1 858/11/1
f 861/11/1 859/11/1 860/11/1
f 862/11/1 859/11/1 861/11/1
f 865/8/1 864/8/1 863/8/1
f 866/8/1 864/8/1 865/8/1
f 870/8/1 867/8/1 866/8/1
f 871/8/1 867/8/1 870/8/1
f 872/8/1 869/8/1 868/8/1
f 874/8/1 869/8/1 872/8/1
f 875/8/1 869/8/1 874/8/1
f 876/4/1 874/4/1 873/4/1
f 877/4/1 874/4/1 876/4/1
f 884/4/1 879/4/1 878/4/1
f 885/4/1 879/4/1 884/4/1
f 886/8/1 881/8/1 880/8/1
f 887/8/1 881/8/1 886/8/1
f 888/12/1 883/12/1 882/12/1
f 889/4/1 884/4/1 883/4/1
f 889/12/1 883/12/1 888/12/1
f 890/4/1 884/4/1 889/4/1
f 891/2/1 887/2/1 886/2/1
f 892/2/1 887/2/1 891/2/1
f 894/2/1 893/2/1 892/2/1
f 895/2/1 893/2/1 894/2/1
f 899/8/1 897/8/1 896/8/1
f 900/8/1 897/8/1 899/8/1
f 903/8/1 899/8/1 898/8/1
f 904/8/1 899/8/1 903/8/1
f 905/4/1 902/4/1 901/4/1
f 911/4/1 902/4/1 905/4/1
f 912/4/1 902/4/1 911/4/1
f 913/8/1 907/8/1 906/8/1
f 914/12/1 909/12/1 908/12/1
f 915/12/1 909/12/1 914/12/1
f 917/12/1 911/12/1 910/12/1
f 918/12/1 911/12/1 917/12/1
f 919/8/1 913/8/1 906/8/1
f 920/8/1 913/8/1 919/8/1
f 922/12/1 916/12/1 915/12/1
f 922/12/1 917/12/1 916/12/1
f 922/12/1 915/12/1 914/12/1
f 923/12/1 917/12/1 922/12/1
f 924/2/1 921/2/1 920/2/1
f 925/2/1 921/2/1 924/2/1
f 930/8/1 927/8/1 926/8/1
f 931/8/1 927/8/1 930/8/1
f 932/8/1 929/8/1 928/8/1
f 933/8/1 929/8/1 932/8/1
f 934/12/1 933/12/1 932/12/1
f 935/12/1 933/12/1 934/12/1
f 936/4/1 935/4/1 934/4/1
f 937/4/1 935/4/1 936/4/1
f 941/12/1 939/12/1 938/12/1
f 942/12/1 939/12/1 941/12/1
f 943/12/1 941/12/1 940/12/1
f 944/12/1 941/12/1 943/12/1
f 949/8/1 946/8/1 945/8/1
f 950/8/1 946/8/1 949/8/1
f 952/1/1 948/1/1 947/1/1
f 953/1/1 948/1/1 952/1/1
f 954/8/1 951/8/1 950/8/1
f 955/8/1 951/8/1 954/8/1
f 958/8/1 957/8/1 956/8/1
f 959/8/1 957/8/1 958/8/1
f 960/8/1 957/8/1 959/8/1
f 965/1/1 962/1/1 961/1/1
f 966/1/1 962/1/1 965/1/1
f 967/1/1 964/1/1 963/1/1
f 968/1/1 964/1/1 967/1/1
f 969/1/1 967/1/1 966/1/1
f 970/1/1 967/1/1 969/1/1
f 975/8/1 972/8/1 971/8/1
f 976/8/1 972/8/1 975/8/1
f 977/12/1 974/12/1 973/12/1
f 978/8/1 975/8/1 974/8/1
f 978/12/1 974/12/1 977/12/1
f 979/8/1 975/8/1 978/8/1
f 984/12/1 981/12/1 980/12/1
f 985/12/1 981/12/1 984/12/1
f 989/1/1 983/1/1 982/1/1
f 990/1/1 983/1/1 989/1/1
f 991/1/1 987/1/1 986/1/1
f 992/1/1 987/1/1 991/1/1
f 993/1/1 989/1/1 988/1/1
f 994/1/1 989/1/1 993/1/1
f 995/1/1 993/1/1 992/1/1
f 996/1/1 993/1/1 995/1/1
f 1000/8/1 998/8/1 997/8/1
f 1001/8/1 998/8/1 1000/8/1
f 1004/8/1 1000/8/1 999/8/1
f 1005/8/1 1000/8/1 1004/8/1
f 1006/3/1 1003/3/1 1002/3/1
f 1007/3/1 1003/3/1 1006/3/1
f 1013/1/1 1009/1/1 1008/1/1
f 1014/1/1 1009/1/1 1013/1/1
f 1015/1/1 1011/1/1 1010/1/1
f 1016/1/1 1011/1/1 1015/1/1
f 1019/1/1 1013/1/1 1012/1/1
f 1020/1/1 1013/1/1 1019/1/1
f 1021/1/1 1017/1/1 1016/1/1
f 1022/1/1 1017/1/1 1021/1/1
f 1023/1/1 1019/1/1 1018/1/1
f 1024/1/1 1019/1/1 1023/1/1
f 1025/1/1 1023/1/1 1022/1/1
f 1026/1/1 1023/1/1 1025/1/1
f 1029/1/1 1028/1/1 1027/1/1
f 1030/1/1 1028/1/1 1029/1/1
f 1031/12/2 1032/12/2 1033/12/2
f 1033/12/2 1032/12/2 1034/12/2
f 1034/12/2 1035/12/2 1036/12/2
f 1036/12/2 1035/12/2 1037/12/2
f 1037/12/2 1035/12/2 1040/12/2
f 1040/12/2 1035/12/2 1041/12/2
f 1038/12/2 1039/12/2 1042/12/2
f 1042/12/2 1039/12/2 1043/12/2
f 1041/13/2 1042/13/2 1044/13/2
f 1044/13/2 1042/13/2 1045/13/2
f 1046/8/2 1047/8/2 1048/8/2
f 1048/8/2 1047/8/2 1049/8/2
f 1049/8/2 1050/8/2 1051/8/2
f 1051/8/2 1050/8/2 1052/8/2
f 1053/12/2 1054/12/2 1055/12/2
f 1055/12/2 1054/12/2 1056/12/2
f 1056/12/2 1057/12/2 1058/12/2
f 1056/12/2 1058/12/2 1060/12/2
f 1058/12/2 1059/12/2 1060/12/2
f 1060/12/2 1059/12/2 1061/12/2
f 1062/12/2 1063/12/2 1064/12/2
f 1064/12/2 1063/12/2 1065/12/2
f 1065/12/2 1066/12/2 1067/12/2
f 1067/12/2 1066/12/2 1068/12/2
f 1069/8/2 1070/8/2 1073/8/2
f 1073/8/2 1070/8/2 1075/8/2
f 1075/8/2 1070/8/2 1076/8/2
f 1071/8/2 1072/8/2 1077/8/2
f 1077/8/2 1072/8/2 1078/8/2
f 1074/12/2 1075/12/2 1083/12/2
f 1083/12/2 1075/12/2 1084/12/2
f 1078/8/2 1079/8/2 1085/8/2
f 1079/12/2 1080/12/2 1086/12/2
f 1085/8/2 1079/8/2 1086/8/2
f 1086/12/2 1080/12/2 1087/12/2
f 1081/8/2 1082/8/2 1090/8/2
f 1090/8/2 1082/8/2 1091/8/2
f 1091/8/2 1082/8/2 1092/8/2
f 1088/12/2 1089/12/2 1093/12/2
f 1093/12/2 1089/12/2 1094/12/2
f 1091/12/2 1092/12/2 1095/12/2
f 1095/12/2 1092/12/2 1096/12/2
f 1094/12/2 1095/12/2 1097/12/2
f 1097/12/2 1095/12/2 1098/12/2
f 1099/8/2 1100/8/2 1101/8/2
f 1099/8/2 1101/8/2 1103/8/2
f 1101/12/2 1102/12/2 1104/12/2
f 1103/8/2 1101/8/2 1104/8/2
f 1104/12/2 1102/12/2 1105/12/2
f 1105/12/2 1106/12/2 1107/12/2
f 1107/12/2 1106/12/2 1108/12/2
f 1110/12/2 1111/12/2 1112/12/2
f 1109/12/2 1110/12/2 1112/12/2
f 1112/12/2 1111/12/2 1113/12/2
f 1114/1/2 1115/1/2 1116/1/2
f 1116/1/2 1115/1/2 1117/1/2
f 1118/12/2 1119/12/2 1120/12/2
f 1120/12/2 1119/12/2 1121/12/2
f 1122/12/2 1123/12/2 1126/12/2
f 1126/12/2 1123/12/2 1127/12/2
f 1124/12/2 1125/12/2 1128/12/2
f 1128/12/2 1125/12/2 1129/12/2
f 1130/1/2 1131/1/2 1134/1/2
f 1134/1/2 1131/1/2 1135/1/2
f 1132/1/2 1133/1/2 1136/1/2
f 1136/1/2 1133/1/2 1137/1/2
f 1135/1/2 1136/1/2 1138/1/2
f 1138/1/2 1136/1/2 1139/1/2
f 1140/3/2 1141/3/2 1146/3/2
f 1146/3/2 1141/3/2 1147/3/2
f 1142/12/2 1143/12/2 1150/12/2
f 1150/12/2 1143/12/2 1151/12/2
f 1144/1/2 1145/1/2 1152/1/2
f 1152/1/2 1145/1/2 1153/1/2
f 1148/1/2 1149/1/2 1158/1/2
f 1158/1/2 1149/1/2 1159/1/2
f 1155/3/2 1156/3/2 1160/3/2
f 1160/3/2 1156/3/2 1161/3/2
f 1153/1/2 1154/1/2 1162/1/2
f 1162/1/2 1154/1/2 1163/1/2
f 1157/1/2 1158/1/2 1166/1/2
f 1166/1/2 1158/1/2 1167/1/2
f 1168/13/2 1169/13/2 1170/13/2
f 1170/13/2 1169/13/2 1171/13/2
f 1163/1/2 1164/1/2 1172/1/2
f 1172/1/2 1164/1/2 1173/1/2
f 1165/1/2 1166/1/2 1174/1/2
f 1174/1/2 1166/1/2 1175/1/2
f 1173/1/2 1174/1/2 1176/1/2
f 1176/1/2 1174/1/2 1177/1/2
f 1178/7/2 1179/7/2 1180/7/2
f 1180/7/2 1179/7/2 1181/7/2
f 1182/6/2 1183/6/2 1184/6/2
f 1182/6/2 1184/6/2 1189/6/2
f 1189/6/2 1184/6/2 1190/6/2
f 1185/1/2 1186/1/2 1191/1/2
f 1191/1/2 1186/1/2 1192/1/2
f 1187/1/2 1188/1/2 1195/1/2
f 1195/1/2 1188/1/2 1196/1/2
f 1197/11/2 1198/11/2 1199/11/2
f 1199/11/2 1198/11/2 1200/11/2
f 1192/1/2 1193/1/2 1202/1/2
f 1202/1/2 1193/1/2 1203/1/2
f 1194/1/2 1195/1/2 1204/1/2
f 1204/1/2 1195/1/2 1205/1/2
f 1200/11/2 1201/11/2 1206/11/2
f 1206/11/2 1201/11/2 1207/11/2
f 1203/1/2 1204/1/2 1208/1/2
f 1208/1/2 1204/1/2 1209/1/2
f 1210/12/2 1211/12/2 1217/12/2
f 1217/12/2 1211/12/2 1218/12/2
f 1212/6/2 1213/6/2 1219/6/2
f 1219/6/2 1213/6/2 1220/6/2
f 1214/7/2 1215/7/2 1221/7/2
f 1221/7/2 1215/7/2 1222/7/2
f 1216/12/2 1217/12/2 1223/12/2
f 1223/12/2 1217/12/2 1224/12/2
f 1221/9/2 1222/9/2 1227/9/2
f 1227/9/2 1222/9/2 1228/9/2
f 1229/1/2 1230/1/2 1233/1/2
f 1233/1/2 1230/1/2 1234/1/2
f 1231/1/2 1232/1/2 1235/1/2
f 1235/1/2 1232/1/2 1236/1/2
f 1225/9/2 1226/9/2 1237/9/2
f 1226/9/2 1227/9/2 1237/9/2
f 1237/9/2 1227/9/2 1238/9/2
f 1238/9/2 1227/9/2 1239/9/2
f 1238/11/2 1239/11/2 1244/11/2
f 1244/11/2 1239/11/2 1245/11/2
f 1234/1/2 1235/1/2 1246/1/2
f 1246/1/2 1235/1/2 1247/1/2
f 1240/13/2 1241/13/2 1248/13/2
f 1248/13/2 1241/13/2 1249/13/2
f 1242/12/2 1243/12/2 1251/12/2
f 1251/12/2 1243/12/2 1252/12/2
f 1249/13/2 1250/13/2 1253/13/2
f 1250/13/2 1251/13/2 1253/13/2
f 1253/13/2 1251/13/2 1254/13/2
f 1255/8/2 1256/8/2 1260/8/2
f 1260/8/2 1256/8/2 1261/8/2
f 1257/7/2 1258/7/2 1266/7/2
f 1266/7/2 1258/7/2 1267/7/2
f 1259/8/2 1260/8/2 1268/8/2
f 1268/8/2 1260/8/2 1269/8/2
f 1262/12/2 1263/12/2 1271/12/2
f 1271/12/2 1263/12/2 1272/12/2
f 1264/6/2 1265/6/2 1273/6/2
f 1265/7/2 1266/7/2 1274/7/2
f 1273/6/2 1265/6/2 1274/6/2
f 1274/7/2 1266/7/2 1275/7/2
f 1275/7/2 1266/7/2 1276/7/2
f 1270/12/2 1271/12/2 1278/12/2
f 1278/12/2 1271/12/2 1279/12/2
f 1277/12/2 1278/12/2 1280/12/2
f 1280/12/2 1278/12/2 1281/12/2
f 1274/6/2 1275/6/2 1282/6/2
f 1275/9/2 1276/9/2 1283/9/2
f 1282/6/2 1275/6/2 1283/6/2
f 1283/9/2 1276/9/2 1284/9/2
f 1285/1/2 1286/1/2 1287/1/2
f 1287/1/2 1286/1/2 1288/1/2
f 1289/13/2 1290/13/2 1292/13/2
f 1292/13/2 1290/13/2 1295/13/2
f 1290/12/2 1291/12/2 1296/12/2
f 1295/13/2 1290/13/2 1296/13/2
f 1296/12/2 1291/12/2 1297/12/2
f 1293/13/2 1294/13/2 1298/13/2
f 1298/13/2 1294/13/2 1299/13/2
f 1299/13/2 1300/13/2 1301/13/2
f 1301/13/2 1300/13/2 1302/13/2
f 1303/8/2 1304/8/2 1307/8/2
f 1307/8/2 1304/8/2 1308/8/2
f 1305/8/2 1306/8/2 1314/8/2
f 1314/8/2 1306/8/2 1315/8/2
f 1303/8/2 1307/8/2 1316/8/2
f 1316/8/2 1307/8/2 1317/8/2
f 1309/12/2 1310/12/2 1318/12/2
f 1318/12/2 1310/12/2 1319/12/2
f 1312/12/2 1313/12/2 1320/12/2
f 1311/4/2 1312/4/2 1320/4/2
f 1320/12/2 1313/12/2 1321/12/2
f 1311/4/2 1320/4/2 1323/4/2
f 1323/4/2 1320/4/2 1324/4/2
f 1322/4/2 1323/4/2 1325/4/2
f 1325/4/2 1323/4/2 1326/4/2
f 1327/13/2 1328/13/2 1331/13/2
f 1331/13/2 1328/13/2 1332/13/2
f 1329/13/2 1330/13/2 1333/13/2
f 1333/13/2 1330/13/2 1334/13/2
f 1332/13/2 1333/13/2 1335/13/2
f 1335/13/2 1333/13/2 1336/13/2
f 1336/13/2 1333/13/2 1337/13/2
f 1338/8/2 1339/8/2 1343/8/2
f 1343/8/2 1339/8/2 1344/8/2
f 1340/8/2 1341/8/2 1345/8/2
f 1345/8/2 1341/8/2 1346/8/2
f 1342/8/2 1343/8/2 1349/8/2
f 1349/8/2 1343/8/2 1350/8/2
f 1347/4/2 1348/4/2 1351/4/2
f 1351/4/2 1348/4/2 1352/4/2
f 1347/4/2 1351/4/2 1354/4/2
f 1354/4/2 1351/4/2 1355/4/2
f 1353/4/2 1354/4/2 1356/4/2
f 1356/4/2 1354/4/2 1357/4/2
f 1358/13/2 1359/13/2 1361/13/2
f 1359/13/2 1360/13/2 1361/13/2
f 1361/13/2 1360/13/2 1362/13/2
f 1363/1/2 1364/1/2 1365/1/2
f 1365/1/2 1364/1/2 1366/1/2
f 1367/8/2 1368/8/2 1370/8/2
f 1370/8/2 1368/8/2 1371/8/2
f 1369/8/2 1370/8/2 1372/8/2
f 1372/8/2 1370/8/2 1373/8/2
f 1374/4/2 1375/4/2 1378/4/2
f 1376/4/2 1377/4/2 1381/4/2
f 1378/4/2 1379/4/2 1382/4/2
f 1374/4/2 1378/4/2 1382/4/2
f 1382/4/2 1379/4/2 1383/4/2
f 1380/4/2 1381/4/2 1384/4/2
f 1381/4/2 1377/4/2 1385/4/2
f 1384/4/2 1381/4/2 1385/4/2
f 1374/4/2 1382/4/2 1389/4/2
f 1389/4/2 1382/4/2 1390/4/2
f 1386/13/2 1387/13/2 1391/13/2
f 1391/13/2 1387/13/2 1392/13/2
f 1388/4/2 1389/4/2 1393/4/2
f 1393/4/2 1389/4/2 1394/4/2
f 1395/1/2 1396/1/2 1399/1/2
f 1397/1/2 1398/1/2 1400/1/2
f 1395/1/2 1399/1/2 1401/1/2
f 1401/1/2 1399/1/2 1402/1/2
f 1400/1/2 1398/1/2 1403/1/2
f 1403/1/2 1398/1/2 1404/1/2
f 1405/1/2 1406/1/2 1407/1/2
f 1407/1/2 1406/1/2 1408/1/2
f 1409/8/2 1410/8/2 1412/8/2
f 1412/8/2 1410/8/2 1413/8/2
f 1411/2/2 1412/2/2 1414/2/2
f 1414/2/2 1412/2/2 1415/2/2
f 1416/10/2 1417/10/2 1418/10/2
f 1418/10/2 1417/10/2 1419/10/2
f 1420/4/2 1421/4/2 1423/4/2
f 1422/4/2 1423/4/2 1424/4/2
f 1423/4/2 1421/4/2 1425/4/2
f 1424/4/2 1423/4/2 1425/4/2
f 1425/4/2 1421/4/2 1426/4/2
f 1424/4/2 1425/4/2 1429/4/2
f 1429/4/2 1425/4/2 1430/4/2
f 1427/3/2 1428/3/2 1433/3/2
f 1433/3/2 1428/3/2 1434/3/2
f 1431/1/2 1432/1/2 1437/1/2
f 1437/1/2 1432/1/2 1438/1/2
f 1435/1/2 1436/1/2 1441/1/2
f 1441/1/2 1436/1/2 1442/1/2
f 1438/1/2 1439/1/2 1445/1/2
f 1445/1/2 1439/1/2 1446/1/2
f 1443/3/2 1444/3/2 1448/3/2
f 1448/3/2 1444/3/2 1449/3/2
f 1440/1/2 1441/1/2 1451/1/2
f 1451/1/2 1441/1/2 1452/1/2
f 1446/1/2 1447/1/2 1453/1/2
f 1453/1/2 1447/1/2 1454/1/2
f 1450/1/2 1451/1/2 1457/1/2
f 1457/1/2 1451/1/2 1458/1/2
f 1454/1/2 1455/1/2 1459/1/2
f 1459/1/2 1455/1/2 1460/1/2
f 1456/1/2 1457/1/2 1461/1/2
f 1461/1/2 1457/1/2 1462/1/2
f 1460/1/2 1461/1/2 1463/1/2
f 1463/1/2 1461/1/2 1464/1/2
f 1465/2/2 1466/2/2 1468/2/2
f 1468/2/2 1466/2/2 1469/2/2
f 1467/2/2 1468/2/2 1473/2/2
f 1473/2/2 1468/2/2 1474/2/2
f 1471/10/2 1472/10/2 1477/10/2
f 1470/10/2 1471/10/2 1477/10/2
f 1477/10/2 1472/10/2 1478/10/2
f 1478/10/2 1472/10/2 1479/10/2
f 1475/12/2 1476/12/2 1480/12/2
f 1480/12/2 1476/12/2 1481/12/2
f 1482/1/2 1483/1/2 1486/1/2
f 1486/1/2 1483/1/2 1487/1/2
f 1484/1/2 1485/1/2 1490/1/2
f 1490/1/2 1485/1/2 1491/1/2
f 1487/1/2 1488/1/2 1492/1/2
f 1492/1/2 1488/1/2 1493/1/2
f 1489/1/2 1490/1/2 1496/1/2
f 1496/1/2 1490/1/2 1497/1/2
f 1493/1/2 1494/1/2 1498/1/2
f 1498/1/2 1494/1/2 1499/1/2
f 1495/1/2 1496/1/2 1500/1/2
f 1500/1/2 1496/1/2 1501/1/2
f 1499/1/2 1500/1/2 1502/1/2
f 1502/1/2 1500/1/2 1503/1/2
f 1504/2/2 1505/2/2 1509/2/2
f 1506/10/2 1507/10/2 1510/10/2
f 1507/9/2 1508/9/2 1511/9/2
f 1510/10/2 1507/10/2 1511/10/2
f 1511/9/2 1508/9/2 1512/9/2
f 1504/2/2 1509/2/2 1513/2/2
f 1513/2/2 1509/2/2 1514/2/2
f 1514/2/2 1515/2/2 1516/2/2
f 1516/2/2 1515/2/2 1517/2/2
f 1518/9/2 1519/9/2 1520/9/2
f 1520/9/2 1519/9/2 1521/9/2
f 1522/1/2 1523/1/2 1526/1/2
f 1526/1/2 1523/1/2 1527/1/2
f 1524/1/2 1525/1/2 1530/1/2
f 1530/1/2 1525/1/2 1531/1/2
f 1527/1/2 1528/1/2 1532/1/2
f 1532/1/2 1528/1/2 1533/1/2
f 1529/1/2 1530/1/2 1534/1/2
f 1534/1/2 1530/1/2 1535/1/2
f 1533/1/2 1534/1/2 1536/1/2
f 1536/1/2 1534/1/2 1537/1/2
f 1538/8/2 1539/8/2 1540/8/2
f 1540/8/2 1539/8/2 1541/8/2
f 1541/8/2 1542/8/2 1545/8/2
f 1545/8/2 1542/8/2 1546/8/2
f 1543/10/2 1544/10/2 1547/10/2
f 1547/10/2 1544/10/2 1548/10/2
f 1549/9/2 1550/9/2 1553/9/2
f 1553/9/2 1550/9/2 1554/9/2
f 1551/10/2 1552/10/2 1556/10/2
f 1556/10/2 1552/10/2 1557/10/2
f 1554/9/2 1555/9/2 1560/9/2
f 1560/9/2 1555/9/2 1561/9/2
f 1558/9/2 1559/9/2 1564/9/2
f 1564/9/2 1559/9/2 1565/9/2
f 1562/13/2 1563/13/2 1567/13/2
f 1567/13/2 1563/13/2 1568/13/2
f 1565/9/2 1566/9/2 1570/9/2
f 1570/9/2 1566/9/2 1571/9/2
f 1568/13/2 1569/13/2 1572/13/2
f 1572/13/2 1569/13/2 1573/13/2
f 1574/1/2 1575/1/2 1578/1/2
f 1578/1/2 1575/1/2 1579/1/2
f 1576/1/2 1577/1/2 1580/1/2
f 1580/1/2 1577/1/2 1581/1/2
f 1579/1/2 1580/1/2 1582/1/2
f 1582/1/2 1580/1/2 1583/1/2
f 1586/2/2 1587/2/2 1589/2/2
f 1589/2/2 1587/2/2 1590/2/2
f 1584/8/2 1585/8/2 1591/8/2
f 1591/8/2 1585/8/2 1592/8/2
f 1588/2/2 1589/2/2 1593/2/2
f 1593/2/2 1589/2/2 1594/2/2
f 1595/10/2 1596/10/2 1599/10/2
f 1599/10/2 1596/10/2 1600/10/2
f 1597/2/2 1598/2/2 1602/2/2
f 1602/2/2 1598/2/2 1603/2/2
f 1600/9/2 1601/9/2 1605/9/2
f 1605/9/2 1601/9/2 1606/9/2
f 1603/9/2 1604/9/2 1608/9/2
f 1608/9/2 1604/9/2 1609/9/2
f 1606/9/2 1607/9/2 1611/9/2
f 1611/9/2 1607/9/2 1612/9/2
f 1609/9/2 1610/9/2 1613/9/2
f 1613/9/2 1610/9/2 1614/9/2
f 1614/9/2 1615/9/2 1620/9/2
f 1620/9/2 1615/9/2 1621/9/2
f 1616/9/2 1617/9/2 1622/9/2
f 1622/9/2 1617/9/2 1623/9/2
f 1618/13/2 1619/13/2 1624/13/2
f 1624/13/2 1619/13/2 1625/13/2
f 1626/13/2 1627/13/2 1628/13/2
f 1625/13/2 1626/13/2 1628/13/2
f 1628/13/2 1627/13/2 1629/13/2
f 1630/1/2 1631/1/2 1632/1/2
f 1632/1/2 1631/1/2 1633/1/2
f 1634/2/2 1635/2/2 1636/2/2
f 1636/2/2 1635/2/2 1637/2/2
f 1638/2/2 1639/2/2 1643/2/2
f 1643/2/2 1639/2/2 1644/2/2
f 1640/4/2 1641/4/2 1646/4/2
f 1641/2/2 1642/2/2 1647/2/2
f 1646/4/2 1641/4/2 1647/4/2
f 1647/2/2 1642/2/2 1648/2/2
f 1644/10/2 1645/10/2 1649/10/2
f 1643/10/2 1644/10/2 1649/10/2
f 1649/10/2 1645/10/2 1650/10/2
f 1650/10/2 1645/10/2 1651/10/2
f 1648/2/2 1642/2/2 1655/2/2
f 1655/2/2 1642/2/2 1656/2/2
f 1651/9/2 1652/9/2 1657/9/2
f 1650/9/2 1651/9/2 1657/9/2
f 1657/9/2 1652/9/2 1658/9/2
f 1658/9/2 1652/9/2 1659/9/2
f 1653/13/2 1654/13/2 1662/13/2
f 1658/9/2 1659/9/2 1663/9/2
f 1659/9/2 1660/9/2 1663/9/2
f 1663/9/2 1660/9/2 1664/9/2
f 1664/9/2 1660/9/2 1665/9/2
f 1661/13/2 1662/13/2 1667/13/2
f 1662/13/2 1654/13/2 1668/13/2
f 1667/13/2 1662/13/2 1668/13/2
f 1668/13/2 1654/13/2 1669/13/2
f 1655/4/2 1656/4/2 1672/4/2
f 1672/4/2 1656/4/2 1673/4/2
f 1665/9/2 1666/9/2 1674/9/2
f 1664/9/2 1665/9/2 1674/9/2
f 1674/9/2 1666/9/2 1675/9/2
f 1675/9/2 1666/9/2 1676/9/2
f 1668/13/2 1669/13/2 1678/13/2
f 1669/13/2 1670/13/2 1678/13/2
f 1670/12/2 1671/12/2 1679/12/2
f 1678/13/2 1670/13/2 1679/13/2
f 1671/4/2 1672/4/2 1680/4/2
f 1679/12/2 1671/12/2 1680/12/2
f 1680/4/2 1672/4/2 1681/4/2
f 1676/11/2 1677/11/2 1682/11/2
f 1682/11/2 1677/11/2 1683/11/2
f 1683/11/2 1684/11/2 1688/11/2
f 1688/11/2 1684/11/2 1689/11/2
f 1685/9/2 1686/9/2 1690/9/2
f 1690/9/2 1686/9/2 1691/9/2
f 1687/11/2 1688/11/2 1692/11/2
f 1692/11/2 1688/11/2 1693/11/2
f 1694/8/2 1695/8/2 1696/8/2
f 1696/8/2 1695/8/2 1697/8/2
f 1698/2/2 1699/2/2 1703/2/2
f 1703/2/2 1699/2/2 1704/2/2
f 1700/12/2 1701/12/2 1706/12/2
f 1701/2/2 1702/2/2 1707/2/2
f 1702/2/2 1703/2/2 1707/2/2
f 1706/12/2 1701/12/2 1707/12/2
f 1707/2/2 1703/2/2 1708/2/2
f 1705/12/2 1706/12/2 1709/12/2
f 1705/12/2 1709/12/2 1713/12/2
f 1711/10/2 1712/10/2 1714/10/2
f 1714/10/2 1712/10/2 1715/10/2
f 1715/9/2 1716/9/2 1719/9/2
f 1719/9/2 1716/9/2 1720/9/2
f 1717/10/2 1718/10/2 1722/10/2
f 1722/10/2 1718/10/2 1723/10/2
f 1713/12/2 1709/12/2 1724/12/2
f 1709/4/2 1710/4/2 1725/4/2
f 1724/12/2 1709/12/2 1725/12/2
f 1725/4/2 1710/4/2 1726/4/2
f 1722/9/2 1723/9/2 1729/9/2
f 1721/9/2 1722/9/2 1729/9/2
f 1729/9/2 1723/9/2 1730/9/2
f 1727/11/2 1728/11/2 1731/11/2
f 1721/9/2 1729/9/2 1734/9/2
f 1734/9/2 1729/9/2 1735/9/2
f 1731/11/2 1732/11/2 1736/11/2
f 1727/11/2 1731/11/2 1736/11/2
f 1736/11/2 1732/11/2 1737/11/2
f 1733/9/2 1734/9/2 1738/9/2
f 1738/9/2 1734/9/2 1739/9/2
f 1739/9/2 1734/9/2 1740/9/2
f 1738/6/2 1739/6/2 1742/6/2
f 1740/9/2 1741/9/2 1743/9/2
f 1742/6/2 1739/6/2 1743/6/2
f 1739/9/2 1740/9/2 1743/9/2
f 1743/9/2 1741/9/2 1744/9/2
f 1744/9/2 1741/9/2 1745/9/2
f 1743/6/2 1744/6/2 1745/6/2
f 1745/9/2 1741/9/2 1746/9/2
f 1743/6/2 1745/6/2 1747/6/2
f 1745/6/2 1746/6/2 1747/6/2
f 1747/6/2 1746/6/2 1748/6/2
f 1747/11/2 1748/11/2 1749/11/2
f 1749/11/2 1748/11/2 1750/11/2
f 1750/11/2 1748/11/2 1751/11/2
f 1751/11/2 1748/11/2 1752/11/2
f 1753/8/2 1754/8/2 1755/8/2
f 1755/8/2 1754/8/2 1756/8/2
f 1757/10/2 1758/10/2 1761/10/2
f 1761/10/2 1758/10/2 1762/10/2
f 1759/10/2 1760/10/2 1764/10/2
f 1764/10/2 1760/10/2 1765/10/2
f 1763/9/2 1764/9/2 1766/9/2
f 1766/9/2 1764/9/2 1767/9/2
f 1768/9/2 1769/9/2 1770/9/2
f 1770/9/2 1769/9/2 1771/9/2
f 1772/8/2 1773/8/2 1774/8/2
f 1774/8/2 1773/8/2 1775/8/2
f 1776/8/2 1777/8/2 1778/8/2
f 1778/8/2 1777/8/2 1779/8/2
f 1780/12/2 1781/12/2 1787/12/2
f 1787/12/2 1781/12/2 1788/12/2
f 1782/10/2 1783/10/2 1789/10/2
f 1784/10/2 1785/10/2 1790/10/2
f 1790/10/2 1785/10/2 1791/10/2
f 1786/13/2 1787/13/2 1795/13/2
f 1795/13/2 1787/13/2 1796/13/2
f 1782/10/2 1789/10/2 1797/10/2
f 1789/9/2 1790/9/2 1798/9/2
f 1797/10/2 1789/10/2 1798/10/2
f 1792/12/2 1793/12/2 1799/12/2
f 1793/13/2 1794/13/2 1800/13/2
f 1799/12/2 1793/12/2 1800/12/2
f 1794/13/2 1795/13/2 1800/13/2
f 1800/13/2 1795/13/2 1801/13/2
f 1797/9/2 1798/9/2 1802/9/2
f 1798/9/2 1790/9/2 1803/9/2
f 1802/9/2 1798/9/2 1803/9/2
f 1804/8/2 1805/8/2 1806/8/2
f 1806/8/2 1805/8/2 1807/8/2
f 1809/12/2 1810/12/2 1812/12/2
f 1810/12/2 1811/12/2 1812/12/2
f 1807/8/2 1808/8/2 1818/8/2
f 1818/8/2 1808/8/2 1819/8/2
f 1814/12/2 1815/12/2 1820/12/2
f 1820/12/2 1815/12/2 1821/12/2
f 1816/4/2 1817/4/2 1824/4/2
f 1817/8/2 1818/8/2 1825/8/2
f 1824/4/2 1817/4/2 1825/4/2
f 1825/8/2 1818/8/2 1826/8/2
f 1809/12/2 1812/12/2 1827/12/2
f 1812/12/2 1813/12/2 1827/12/2
f 1827/12/2 1813/12/2 1828/12/2
f 1828/12/2 1813/12/2 1829/12/2
f 1822/10/2 1823/10/2 1830/10/2
f 1830/10/2 1823/10/2 1831/10/2
f 1809/12/2 1827/12/2 1832/12/2
f 1827/13/2 1828/13/2 1833/13/2
f 1832/12/2 1827/12/2 1833/12/2
f 1833/13/2 1828/13/2 1834/13/2
f 1835/8/2 1836/8/2 1839/8/2
f 1836/8/2 1837/8/2 1839/8/2
f 1838/8/2 1839/8/2 1841/8/2
f 1839/8/2 1837/8/2 1842/8/2
f 1841/8/2 1839/8/2 1842/8/2
f 1840/4/2 1841/4/2 1843/4/2
f 1843/4/2 1841/4/2 1844/4/2
f 1845/8/2 1846/8/2 1850/8/2
f 1850/8/2 1846/8/2 1851/8/2
f 1847/12/2 1848/12/2 1854/12/2
f 1854/12/2 1848/12/2 1855/12/2
f 1849/8/2 1850/8/2 1857/8/2
f 1857/8/2 1850/8/2 1858/8/2
f 1852/12/2 1853/12/2 1859/12/2
f 1859/12/2 1853/12/2 1860/12/2
f 1860/12/2 1861/12/2 1864/12/2
f 1864/12/2 1861/12/2 1865/12/2
f 1862/12/2 1863/12/2 1866/12/2
f 1866/12/2 1863/12/2 1867/12/2
f 1856/8/2 1857/8/2 1868/8/2
f 1868/8/2 1857/8/2 1869/8/2
f 1872/8/2 1873/8/2 1875/8/2
f 1875/8/2 1873/8/2 1876/8/2
f 1870/8/2 1871/8/2 1877/8/2
f 1877/8/2 1871/8/2 1878/8/2
f 1874/8/2 1875/8/2 1881/8/2
f 1881/8/2 1875/8/2 1882/8/2
f 1879/12/2 1880/12/2 1884/12/2
f 1884/12/2 1880/12/2 1885/12/2
f 1883/12/2 1884/12/2 1886/12/2
f 1886/12/2 1884/12/2 1887/12/2
f 1874/8/2 1881/8/2 1889/8/2
f 1889/8/2 1881/8/2 1890/8/2
f 1888/8/2 1889/8/2 1891/8/2
f 1891/8/2 1889/8/2 1892/8/2
f 1893/8/2 1894/8/2 1896/8/2
f 1896/8/2 1894/8/2 1897/8/2
f 1898/12/2 1899/12/2 1902/12/2
f 1902/12/2 1899/12/2 1903/12/2
f 1900/12/2 1901/12/2 1906/12/2
f 1906/12/2 1901/12/2 1907/12/2
f 1903/12/2 1904/12/2 1908/12/2
f 1908/12/2 1904/12/2 1909/12/2
f 1905/12/2 1906/12/2 1911/12/2
f 1911/12/2 1906/12/2 1912/12/2
f 1895/8/2 1896/8/2 1914/8/2
f 1914/8/2 1896/8/2 1915/8/2
f 1910/12/2 1911/12/2 1916/12/2
f 1916/12/2 1911/12/2 1917/12/2
f 1913/8/2 1914/8/2 1918/8/2
f 1918/8/2 1914/8/2 1919/8/2
f 1920/1/2 1921/1/2 1922/1/2
f 1922/1/2 1921/1/2 1923/1/2
f 1926/8/2 1927/8/2 1932/8/2
f 1932/8/2 1927/8/2 1933/8/2
f 1928/8/2 1929/8/2 1936/8/2
f 1936/8/2 1929/8/2 1937/8/2
f 1924/8/2 1925/8/2 1938/8/2
f 1938/8/2 1925/8/2 1939/8/2
f 1930/8/2 1931/8/2 1942/8/2
f 1942/8/2 1931/8/2 1943/8/2
f 1939/12/2 1940/12/2 1946/12/2
f 1946/12/2 1940/12/2 1947/12/2
f 1942/12/2 1943/12/2 1948/12/2
f 1941/12/2 1942/12/2 1948/12/2
f 1948/12/2 1943/12/2 1949/12/2
f 1949/12/2 1943/12/2 1950/12/2
f 1947/12/2 1948/12/2 1951/12/2
f 1948/12/2 1949/12/2 1951/12/2
f 1951/12/2 1949/12/2 1952/12/2
f 1944/3/2 1945/3/2 1954/3/2
f 1954/3/2 1945/3/2 1955/3/2
f 1933/8/2 1934/8/2 1958/8/2
f 1958/8/2 1934/8/2 1959/8/2
f 1935/8/2 1936/8/2 1960/8/2
f 1960/8/2 1936/8/2 1961/8/2
f 1952/1/2 1953/1/2 1962/1/2
f 1962/1/2 1953/1/2 1963/1/2
f 1956/1/2 1957/1/2 1966/1/2
f 1966/1/2 1957/1/2 1967/1/2
f 1959/8/2 1960/8/2 1968/8/2
f 1968/8/2 1960/8/2 1969/8/2
f 1963/1/2 1964/1/2 1970/1/2
f 1970/1/2 1964/1/2 1971/1/2
f 1965/1/2 1966/1/2 1974/1/2
f 1974/1/2 1966/1/2 1975/1/2
f 1971/1/2 1972/1/2 1976/1/2
f 1976/1/2 1972/1/2 1977/1/2
f 1973/1/2 1974/1/2 1978/1/2
f 1978/1/2 1974/1/2 1979/1/2
f 1977/1/2 1978/1/2 1980/1/2
f 1980/1/2 1978/1/2 1981/1/2
f 1984/8/2 1985/8/2 1989/8/2
f 1989/8/2 1985/8/2 1990/8/2
f 1986/8/2 1987/8/2 1992/8/2
f 1992/8/2 1987/8/2 1993/8/2
f 1993/8/2 1987/8/2 1994/8/2
f 1994/8/2 1987/8/2 1995/8/2
f 1982/8/2 1983/8/2 1996/8/2
f 1996/8/2 1983/8/2 1997/8/2
f 1997/8/2 1983/8/2 1998/8/2
f 1988/8/2 1989/8/2 1999/8/2
f 1999/8/2 1989/8/2 2000/8/2
f 1990/8/2 1991/8/2 2001/8/2
f 2001/8/2 1991/8/2 2002/8/2
f 1997/8/2 1998/8/2 2003/8/2
f 1998/8/2 1999/8/2 2003/8/2
f 2003/8/2 1999/8/2 2004/8/2
f 1993/8/2 1994/8/2 2009/8/2
f 2009/8/2 1994/8/2 2010/8/2
f 2005/1/2 2006/1/2 2011/1/2
f 2011/1/2 2006/1/2 2012/1/2
f 2007/1/2 2008/1/2 2015/1/2
f 2015/1/2 2008/1/2 2016/1/2
f 2012/1/2 2013/1/2 2017/1/2
f 2017/1/2 2013/1/2 2018/1/2
f 2014/1/2 2015/1/2 2019/1/2
f 2019/1/2 2015/1/2 2020/1/2
f 2018/1/2 2019/1/2 2021/1/2
f 2021/1/2 2019/1/2 2022/1/2
f 2023/8/2 2024/8/2 2029/8/2
f 2029/8/2 2024/8/2 2030/8/2
f 2025/8/2 2026/8/2 2031/8/2
f 2031/8/2 2026/8/2 2032/8/2
f 2027/8/2 2028/8/2 2033/8/2
f 2033/8/2 2028/8/2 2034/8/2
f 2023/8/2 2029/8/2 2035/8/2
f 2035/8/2 2029/8/2 2036/8/2
f 2032/8/2 2033/8/2 2037/8/2
f 2037/8/2 2033/8/2 2038/8/2
f 2039/1/2 2040/1/2 2043/1/2
f 2043/1/2 2040/1/2 2044/1/2
f 2041/1/2 2042/1/2 2045/1/2
f 2045/1/2 2042/1/2 2046/1/2
f 2044/1/2 2045/1/2 2047/1/2
f 2047/1/2 2045/1/2 2048/1/2
f 2049/8/2 2050/8/2 2051/8/2
f 2051/8/2 2050/8/2 2052/8/2
f 2053/1/2 2054/1/2 2055/1/2
f 2055/1/2 2054/1/2 2056/1/2
f 2059/8/3 2058/8/3 2057/8/3
f 2063/8/3 2059/8/3 2057/8/3
f 2063/8/3 2060/8/3 2059/8/3
f 2064/8/3 2060/8/3 2063/8/3
f 2066/12/3 2062/12/3 2061/12/3
f 2067/8/3 2063/8/3 2057/8/3
f 2069/12/3 2066/12/3 2065/12/3
f 2070/12/3 2062/12/3 2066/12/3
f 2070/12/3 2066/12/3 2069/12/3
f 2071/8/3 2068/8/3 2067/8/3
f 2071/8/3 2067/8/3 2057/8/3
f 2072/8/3 2068/8/3 2071/8/3
f 2074/12/3 2062/12/3 2070/12/3
f 2075/12/3 2062/12/3 2074/12/3
f 2077/8/3 2074/8/3 2073/8/3
f 2077/8/3 2075/8/3 2074/8/3
f 2078/12/3 2062/12/3 2075/12/3
f 2080/8/3 2077/8/3 2076/8/3
f 2080/8/3 2075/8/3 2077/8/3
f 2081/12/3 2079/12/3 2078/12/3
f 2081/8/3 2075/8/3 2080/8/3
f 2081/12/3 2078/12/3 2075/12/3
f 2082/8/3 2080/8/3 2076/8/3
f 2083/8/3 2080/8/3 2082/8/3
f 2084/12/3 2081/12/3 2080/12/3
f 2084/8/3 2080/8/3 2083/8/3
f 2085/12/3 2079/12/3 2081/12/3
f 2085/12/3 2081/12/3 2084/12/3
f 2086/12/3 2079/12/3 2085/12/3
f 2087/12/3 2084/12/3 2083/12/3
f 2087/12/3 2085/12/3 2084/12/3
f 2088/12/3 2085/12/3 2087/12/3
f 2092/12/3 2091/12/3 2090/12/3
f 2094/8/3 2090/8/3 2089/8/3
f 2095/8/3 2090/8/3 2094/8/3
f 2096/12/3 2093/12/3 2092/12/3
f 2096/8/3 2090/8/3 2095/8/3
f 2096/12/3 2092/12/3 2090/12/3
f 2097/12/3 2093/12/3 2096/12/3
f 2101/12/3 2095/12/3 2094/12/3
f 2102/12/3 2095/12/3 2101/12/3
f 2105/8/3 2100/8/3 2099/8/3
f 2105/8/3 2101/8/3 2100/8/3
f 2106/8/3 2101/8/3 2105/8/3
f 2107/1/3 2104/1/3 2103/1/3
f 2108/1/3 2104/1/3 2107/1/3
f 2109/8/3 2101/8/3 2106/8/3
f 2112/8/3 2109/8/3 2106/8/3
f 2113/12/3 2110/12/3 2109/12/3
f 2113/8/3 2109/8/3 2112/8/3
f 2114/12/3 2110/12/3 2113/12/3
f 2115/8/3 2112/8/3 2111/8/3
f 2115/8/3 2113/8/3 2112/8/3
f 2116/8/3 2113/8/3 2115/8/3
f 2117/12/3 2098/12/3 2097/12/3
f 2118/12/3 2098/12/3 2117/12/3
f 2119/8/3 2115/8/3 2111/8/3
f 2120/8/3 2115/8/3 2119/8/3
f 2125/8/3 2122/8/3 2121/8/3
f 2125/8/3 2123/8/3 2122/8/3
f 2126/8/3 2123/8/3 2125/8/3
f 2127/8/3 2123/8/3 2126/8/3
f 2128/8/3 2125/8/3 2124/8/3
f 2128/8/3 2126/8/3 2125/8/3
f 2128/12/3 2127/12/3 2126/12/3
f 2129/12/3 2127/12/3 2128/12/3
f 2130/8/3 2128/8/3 2124/8/3
f 2131/8/3 2128/8/3 2130/8/3
f 2135/8/3 2133/8/3 2132/8/3
f 2136/8/3 2133/8/3 2135/8/3
f 2136/8/3 2135/8/3 2134/8/3
f 2139/8/3 2136/8/3 2134/8/3
f 2139/8/3 2137/8/3 2136/8/3
f 2140/8/3 2137/8/3 2139/8/3
f 2141/8/3 2137/8/3 2140/8/3
f 2142/12/3 2138/12/3 2137/12/3
f 2142/8/3 2137/8/3 2141/8/3
f 2143/12/3 2138/12/3 2142/12/3
f 2144/12/3 2138/12/3 2143/12/3
f 2146/8/3 2141/8/3 2140/8/3
f 2147/8/3 2141/8/3 2146/8/3
f 2148/12/3 2145/12/3 2144/12/3
f 2149/12/3 2145/12/3 2148/12/3
f 2150/8/3 2141/8/3 2147/8/3
f 2151/8/3 2141/8/3 2150/8/3
f 2152/12/3 2151/12/3 2150/12/3
f 2153/12/3 2151/12/3 2152/12/3
f 2156/1/3 2155/1/3 2154/1/3
f 2157/1/3 2155/1/3 2156/1/3
f 2160/1/3 2158/1/3 2157/1/3
f 2161/1/3 2158/1/3 2160/1/3
f 2162/1/3 2160/1/3 2159/1/3
f 2163/1/3 2160/1/3 2162/1/3
f 2166/8/3 2165/8/3 2164/8/3
f 2167/8/3 2165/8/3 2166/8/3
f 2169/8/3 2165/8/3 2167/8/3
f 2170/8/3 2165/8/3 2169/8/3
f 2171/8/3 2169/8/3 2168/8/3
f 2172/8/3 2169/8/3 2171/8/3
f 2176/12/3 2174/12/3 2173/12/3
f 2177/12/3 2174/12/3 2176/12/3
f 2179/12/3 2176/12/3 2175/12/3
f 2180/12/3 2176/12/3 2179/12/3
f 2180/8/3 2179/8/3 2178/8/3
f 2181/12/3 2176/12/3 2180/12/3
f 2182/8/3 2180/8/3 2178/8/3
f 2183/8/3 2180/8/3 2182/8/3
f 2187/8/3 2185/8/3 2184/8/3
f 2188/8/3 2185/8/3 2187/8/3
f 2190/8/3 2187/8/3 2186/8/3
f 2191/8/3 2187/8/3 2190/8/3
f 2192/8/3 2189/8/3 2188/8/3
f 2193/8/3 2189/8/3 2192/8/3
f 2196/13/3 2195/13/3 2194/13/3
f 2201/12/3 2198/12/3 2197/12/3
f 2202/12/3 2198/12/3 2201/12/3
f 2203/1/3 2200/1/3 2199/1/3
f 2204/1/3 2200/1/3 2203/1/3
f 2206/1/3 2205/1/3 2204/1/3
f 2207/1/3 2205/1/3 2206/1/3
f 2210/1/3 2208/1/3 2207/1/3
f 2211/1/3 2208/1/3 2210/1/3
f 2213/1/3 2210/1/3 2209/1/3
f 2214/1/3 2210/1/3 2213/1/3
f 2215/1/3 2213/1/3 2212/1/3
f 2216/1/3 2213/1/3 2215/1/3
f 2217/13/3 2195/13/3 2196/13/3
f 2218/13/3 2195/13/3 2217/13/3
f 2221/8/3 2220/8/3 2219/8/3
f 2222/8/3 2220/8/3 2221/8/3
f 2226/12/3 2224/12/3 2223/12/3
f 2227/12/3 2224/12/3 2226/12/3
f 2229/12/3 2226/12/3 2225/12/3
f 2230/12/3 2226/12/3 2229/12/3
f 2231/8/3 2229/8/3 2228/8/3
f 2232/8/3 2229/8/3 2231/8/3
f 2235/12/3 2234/12/3 2233/12/3
f 2236/12/3 2234/12/3 2235/12/3
f 2237/12/3 2234/12/3 2236/12/3
f 2239/12/3 2236/12/3 2235/12/3
f 2240/13/3 2238/13/3 2237/13/3
f 2240/12/3 2236/12/3 2239/12/3
f 2240/13/3 2237/13/3 2236/13/3
f 2241/13/3 2238/13/3 2240/13/3
f 2242/13/3 2238/13/3 2241/13/3
f 2245/1/3 2244/1/3 2243/1/3
f 2246/1/3 2244/1/3 2245/1/3
f 2248/1/3 2247/1/3 2246/1/3
f 2249/1/3 2247/1/3 2248/1/3
f 2251/1/3 2250/1/3 2249/1/3
f 2252/1/3 2250/1/3 2251/1/3
f 2255/1/3 2253/1/3 2252/1/3
f 2256/1/3 2253/1/3 2255/1/3
f 2258/1/3 2255/1/3 2254/1/3
f 2259/1/3 2255/1/3 2258/1/3
f 2261/1/3 2258/1/3 2257/1/3
f 2262/1/3 2258/1/3 2261/1/3
f 2264/13/3 2241/13/3 2240/13/3
f 2265/13/3 2241/13/3 2264/13/3
f 2266/1/3 2261/1/3 2260/1/3
f 2267/1/3 2261/1/3 2266/1/3
f 2268/13/3 2264/13/3 2263/13/3
f 2269/13/3 2264/13/3 2268/13/3
f 2273/12/3 2271/12/3 2270/12/3
f 2274/12/3 2271/12/3 2273/12/3
f 2275/8/3 2273/8/3 2272/8/3
f 2276/8/3 2273/8/3 2275/8/3
f 2280/8/3 2278/8/3 2277/8/3
f 2281/8/3 2278/8/3 2280/8/3
f 2283/12/3 2280/12/3 2279/12/3
f 2284/12/3 2280/12/3 2283/12/3
f 2285/8/3 2282/8/3 2281/8/3
f 2286/8/3 2282/8/3 2285/8/3
f 2290/12/3 2288/12/3 2287/12/3
f 2291/12/3 2288/12/3 2290/12/3
f 2293/12/3 2290/12/3 2289/12/3
f 2294/12/3 2290/12/3 2293/12/3
f 2295/13/3 2292/13/3 2291/13/3
f 2296/13/3 2292/13/3 2295/13/3
f 2298/13/3 2297/13/3 2296/13/3
f 2301/13/3 2298/13/3 2296/13/3
f 2302/1/3 2299/1/3 2298/1/3
f 2302/13/3 2298/13/3 2301/13/3
f 2303/1/3 2299/1/3 2302/1/3
f 2305/13/3 2301/13/3 2300/13/3
f 2306/13/3 2301/13/3 2305/13/3
f 2307/1/3 2304/1/3 2303/1/3
f 2308/1/3 2304/1/3 2307/1/3
f 2310/1/3 2309/1/3 2308/1/3
f 2311/1/3 2309/1/3 2310/1/3
f 2317/1/3 2312/1/3 2311/1/3
f 2318/1/3 2312/1/3 2317/1/3
f 2320/3/3 2314/3/3 2313/3/3
f 2321/3/3 2314/3/3 2320/3/3
f 2322/3/3 2316/3/3 2315/3/3
f 2323/3/3 2316/3/3 2322/3/3
f 2325/1/3 2319/1/3 2318/1/3
f 2326/1/3 2319/1/3 2325/1/3
f 2328/1/3 2325/1/3 2324/1/3
f 2329/1/3 2325/1/3 2328/1/3
f 2331/1/3 2328/1/3 2327/1/3
f 2332/1/3 2328/1/3 2331/1/3
f 2336/1/3 2331/1/3 2330/1/3
f 2337/1/3 2331/1/3 2336/1/3
f 2339/13/3 2334/13/3 2333/13/3
f 2340/13/3 2334/13/3 2339/13/3
f 2341/1/3 2336/1/3 2335/1/3
f 2342/1/3 2336/1/3 2341/1/3
f 2343/13/3 2339/13/3 2338/13/3
f 2344/13/3 2339/13/3 2343/13/3
f 2347/8/3 2346/8/3 2345/8/3
f 2348/8/3 2346/8/3 2347/8/3
f 2351/12/3 2350/12/3 2349/12/3
f 2352/12/3 2350/12/3 2351/12/3
f 2353/12/3 2351/12/3 2349/12/3
f 2354/12/3 2351/12/3 2353/12/3
f 2358/13/3 2356/13/3 2355/13/3
f 2359/13/3 2356/13/3 2358/13/3
f 2360/13/3 2358/13/3 2357/13/3
f 2361/13/3 2358/13/3 2360/13/3
f 2364/1/3 2363/1/3 2362/1/3
f 2365/1/3 2363/1/3 2364/1/3
f 2366/1/3 2363/1/3 2365/1/3
f 2372/1/3 2368/1/3 2367/1/3
f 2373/1/3 2368/1/3 2372/1/3
f 2374/1/3 2371/1/3 2370/1/3
f 2374/1/3 2370/1/3 2369/1/3
f 2375/1/3 2371/1/3 2374/1/3
f 2378/12/3 2377/12/3 2376/12/3
f 2379/12/3 2377/12/3 2378/12/3
f 2382/8/3 2381/8/3 2380/8/3
f 2383/8/3 2381/8/3 2382/8/3
f 2385/8/3 2382/8/3 2380/8/3
f 2386/8/3 2382/8/3 2385/8/3
f 2387/8/3 2384/8/3 2383/8/3
f 2388/8/3 2384/8/3 2387/8/3
f 2392/12/3 2390/12/3 2389/12/3
f 2393/13/3 2391/13/3 2390/13/3
f 2393/12/3 2390/12/3 2392/12/3
f 2394/13/3 2391/13/3 2393/13/3
f 2396/13/3 2395/13/3 2394/13/3
f 2397/13/3 2395/13/3 2396/13/3
f 2400/1/3 2399/1/3 2398/1/3
f 2401/1/3 2399/1/3 2400/1/3
f 2404/12/3 2403/12/3 2402/12/3
f 2405/12/3 2403/12/3 2404/12/3
f 2408/8/3 2407/8/3 2406/8/3
f 2409/8/3 2407/8/3 2408/8/3
f 2414/12/3 2411/12/3 2410/12/3
f 2415/12/3 2411/12/3 2414/12/3
f 2417/8/3 2413/8/3 2412/8/3
f 2418/12/3 2416/12/3 2415/12/3
f 2418/8/3 2413/8/3 2417/8/3
f 2418/12/3 2414/12/3 2413/12/3
f 2418/12/3 2415/12/3 2414/12/3
f 2419/12/3 2416/12/3 2418/12/3
f 2420/12/3 2416/12/3 2419/12/3
f 2422/13/3 2421/13/3 2420/13/3
f 2423/13/3 2421/13/3 2422/13/3
f 2426/4/3 2425/4/3 2424/4/3
f 2427/4/3 2425/4/3 2426/4/3
f 2431/12/3 2429/12/3 2428/12/3
f 2432/12/3 2429/12/3 2431/12/3
f 2434/12/3 2431/12/3 2430/12/3
f 2435/12/3 2431/12/3 2434/12/3
f 2436/12/3 2433/12/3 2432/12/3
f 2437/12/3 2433/12/3 2436/12/3
f 2439/13/3 2438/13/3 2437/13/3
f 2440/13/3 2438/13/3 2439/13/3
f 2443/12/3 2442/12/3 2441/12/3
f 2444/12/3 2442/12/3 2443/12/3
f 2448/12/3 2446/12/3 2445/12/3
f 2449/12/3 2446/12/3 2448/12/3
f 2450/12/3 2448/12/3 2447/12/3
f 2451/12/3 2448/12/3 2450/12/3
f 2454/1/3 2453/1/3 2452/1/3
f 2455/1/3 2453/1/3 2454/1/3
f 2459/13/3 2457/13/3 2456/13/3
f 2460/13/3 2457/13/3 2459/13/3
f 2461/13/3 2459/13/3 2458/13/3
f 2462/13/3 2459/13/3 2461/13/3
f 2463/13/3 2459/13/3 2462/13/3
f 2466/4/3 2465/4/3 2464/4/3
f 2467/4/3 2465/4/3 2466/4/3
f 2469/9/3 2468/9/3 2467/9/3
f 2470/9/3 2468/9/3 2469/9/3
f 2471/9/3 2468/9/3 2470/9/3
f 2475/9/3 2473/9/3 2472/9/3
f 2476/9/3 2473/9/3 2475/9/3
f 2477/10/3 2475/10/3 2474/10/3
f 2478/10/3 2475/10/3 2477/10/3
f 2481/12/3 2480/12/3 2479/12/3
f 2482/12/3 2480/12/3 2481/12/3
f 2488/1/3 2484/1/3 2483/1/3
f 2489/1/3 2484/1/3 2488/1/3
f 2491/8/3 2486/8/3 2485/8/3
f 2492/8/3 2486/8/3 2491/8/3
f 2493/1/3 2488/1/3 2487/1/3
f 2494/1/3 2488/1/3 2493/1/3
f 2495/8/3 2491/8/3 2490/8/3
f 2496/8/3 2491/8/3 2495/8/3
f 2499/4/3 2498/4/3 2497/4/3
f 2500/4/3 2498/4/3 2499/4/3
f 2503/9/3 2501/9/3 2500/9/3
f 2504/9/3 2501/9/3 2503/9/3
f 2504/9/3 2503/9/3 2502/9/3
f 2505/9/3 2501/9/3 2504/9/3
f 2507/9/3 2504/9/3 2502/9/3
f 2508/9/3 2504/9/3 2507/9/3
f 2509/9/3 2507/9/3 2506/9/3
f 2510/9/3 2507/9/3 2509/9/3
f 2513/1/3 2512/1/3 2511/1/3
f 2514/1/3 2512/1/3 2513/1/3
f 2517/1/3 2515/1/3 2514/1/3
f 2518/1/3 2515/1/3 2517/1/3
f 2520/1/3 2517/1/3 2516/1/3
f 2521/1/3 2517/1/3 2520/1/3
f 2522/1/3 2520/1/3 2519/1/3
f 2523/1/3 2520/1/3 2522/1/3
f 2527/9/3 2525/9/3 2524/9/3
f 2528/9/3 2525/9/3 2527/9/3
f 2530/9/3 2527/9/3 2526/9/3
f 2531/9/3 2527/9/3 2530/9/3
f 2532/9/3 2530/9/3 2529/9/3
f 2533/9/3 2530/9/3 2532/9/3
f 2536/1/3 2535/1/3 2534/1/3
f 2537/1/3 2535/1/3 2536/1/3
f 2539/1/3 2538/1/3 2537/1/3
f 2540/1/3 2538/1/3 2539/1/3
f 2544/1/3 2541/1/3 2540/1/3
f 2545/1/3 2541/1/3 2544/1/3
f 2547/3/3 2543/3/3 2542/3/3
f 2548/3/3 2543/3/3 2547/3/3
f 2550/1/3 2546/1/3 2545/1/3
f 2551/1/3 2546/1/3 2550/1/3
f 2555/1/3 2550/1/3 2549/1/3
f 2556/1/3 2550/1/3 2555/1/3
f 2558/8/3 2553/8/3 2552/8/3
f 2559/8/3 2553/8/3 2558/8/3
f 2561/1/3 2555/1/3 2554/1/3
f 2562/1/3 2555/1/3 2561/1/3
f 2563/8/3 2558/8/3 2557/8/3
f 2564/8/3 2558/8/3 2563/8/3
f 2565/1/3 2561/1/3 2560/1/3
f 2566/1/3 2561/1/3 2565/1/3
f 2569/8/3 2568/8/3 2567/8/3
f 2570/8/3 2568/8/3 2569/8/3
f 2572/8/3 2571/8/3 2570/8/3
f 2573/8/3 2571/8/3 2572/8/3
f 2576/9/3 2575/9/3 2574/9/3
f 2577/9/3 2575/9/3 2576/9/3
f 2580/1/3 2579/1/3 2578/1/3
f 2581/1/3 2579/1/3 2580/1/3
f 2585/9/3 2583/9/3 2582/9/3
f 2586/9/3 2583/9/3 2585/9/3
f 2587/9/3 2585/9/3 2584/9/3
f 2588/11/3 2586/11/3 2585/11/3
f 2588/9/3 2585/9/3 2587/9/3
f 2589/11/3 2588/11/3 2587/11/3
f 2590/11/3 2586/11/3 2588/11/3
f 2590/11/3 2588/11/3 2589/11/3
f 2593/8/3 2592/8/3 2591/8/3
f 2594/8/3 2592/8/3 2593/8/3
f 2596/8/3 2595/8/3 2594/8/3
f 2597/8/3 2595/8/3 2596/8/3
f 2600/1/3 2599/1/3 2598/1/3
f 2601/1/3 2599/1/3 2600/1/3
f 2604/11/3 2603/11/3 2602/11/3
f 2605/11/3 2603/11/3 2604/11/3
f 2608/1/3 2607/1/3 2606/1/3
f 2609/1/3 2607/1/3 2608/1/3
f 2612/1/3 2610/1/3 2609/1/3
f 2613/1/3 2610/1/3 2612/1/3
f 2614/1/3 2612/1/3 2611/1/3
f 2615/1/3 2612/1/3 2614/1/3
f 2620/1/3 2617/1/3 2616/1/3
f 2621/1/3 2617/1/3 2620/1/3
f 2623/12/3 2619/12/3 2618/12/3
f 2624/12/3 2619/12/3 2623/12/3
f 2625/1/3 2622/1/3 2621/1/3
f 2626/1/3 2622/1/3 2625/1/3
f 2629/1/3 2627/1/3 2626/1/3
f 2630/1/3 2627/1/3 2629/1/3
f 2632/1/3 2629/1/3 2628/1/3
f 2633/1/3 2629/1/3 2632/1/3
f 2634/1/3 2632/1/3 2631/1/3
f 2635/1/3 2632/1/3 2634/1/3
f 2638/1/3 2637/1/3 2636/1/3
f 2639/1/3 2637/1/3 2638/1/3
f 2641/1/3 2640/1/3 2639/1/3
f 2642/1/3 2640/1/3 2641/1/3
f 2649/1/3 2643/1/3 2642/1/3
f 2650/1/3 2643/1/3 2649/1/3
f 2652/12/3 2645/12/3 2644/12/3
f 2652/3/3 2646/3/3 2645/3/3
f 2653/3/3 2646/3/3 2652/3/3
f 2654/3/3 2648/3/3 2647/3/3
f 2655/3/3 2648/3/3 2654/3/3
f 2657/1/3 2651/1/3 2650/1/3
f 2658/1/3 2651/1/3 2657/1/3
f 2660/1/3 2657/1/3 2656/1/3
f 2661/1/3 2657/1/3 2660/1/3
f 2662/12/3 2652/12/3 2644/12/3
f 2663/12/3 2652/12/3 2662/12/3
f 2665/1/3 2660/1/3 2659/1/3
f 2666/1/3 2660/1/3 2665/1/3
f 2667/1/3 2665/1/3 2664/1/3
f 2668/1/3 2665/1/3 2667/1/3
f 2671/1/3 2670/1/3 2669/1/3
f 2672/1/3 2670/1/3 2671/1/3
f 2675/1/3 2673/1/3 2672/1/3
f 2676/1/3 2673/1/3 2675/1/3
f 2677/1/3 2675/1/3 2674/1/3
f 2678/1/3 2675/1/3 2677/1/3
f 2681/1/3 2680/1/3 2679/1/3
f 2682/1/3 2680/1/3 2681/1/3
f 2685/8/3 2684/8/3 2683/8/3
f 2686/8/3 2684/8/3 2685/8/3
f 2689/8/3 2688/8/3 2687/8/3
f 2690/8/3 2688/8/3 2689/8/3
f 2693/8/3 2692/8/3 2691/8/3
f 2694/8/3 2692/8/3 2693/8/3
f 2696/8/3 2695/8/3 2694/8/3
f 2699/8/3 2696/8/3 2694/8/3
f 2699/8/3 2697/8/3 2696/8/3
f 2700/8/3 2697/8/3 2699/8/3
f 2701/8/3 2699/8/3 2698/8/3
f 2702/8/3 2699/8/3 2701/8/3
f 2705/8/3 2704/8/3 2703/8/3
f 2706/8/3 2704/8/3 2705/8/3
f 2709/8/3 2708/8/3 2707/8/3
f 2710/8/3 2708/8/3 2709/8/3
f 2711/12/3 2710/12/3 2709/12/3
f 2712/12/3 2710/12/3 2711/12/3
f 2714/8/3 2712/8/3 2711/8/3
f 2715/8/3 2712/8/3 2714/8/3
f 2716/8/3 2714/8/3 2713/8/3
f 2717/8/3 2714/8/3 2716/8/3
f 2719/8/3 2718/8/3 2717/8/3
f 2720/8/3 2718/8/3 2719/8/3
f 2723/8/3 2722/8/3 2721/8/3
f 2724/8/3 2722/8/3 2723/8/3
f 2727/8/3 2725/8/3 2724/8/3
f 2728/8/3 2725/8/3 2727/8/3
f 2729/8/3 2727/8/3 2726/8/3
f 2730/8/3 2727/8/3 2729/8/3
f 2733/8/3 2732/8/3 2731/8/3
f 2734/8/3 2732/8/3 2733/8/3
f 2737/8/3 2735/8/3 2734/8/3
f 2738/8/3 2735/8/3 2737/8/3
f 2739/8/3 2737/8/3 2736/8/3
f 2740/8/3 2737/8/3 2739/8/3
f 2743/7/3 2742/7/3 2741/7/3
f 2744/7/3 2742/7/3 2743/7/3
f 2747/8/3 2746/8/3 2745/8/3
f 2748/8/3 2746/8/3 2747/8/3
f 2750/12/3 2749/12/3 2748/12/3
f 2751/12/3 2749/12/3 2750/12/3
f 2754/2/3 2753/2/3 2752/2/3
f 2755/2/3 2753/2/3 2754/2/3
f 2759/8/3 2757/8/3 2756/8/3
f 2760/2/3 2758/2/3 2757/2/3
f 2760/8/3 2757/8/3 2759/8/3
f 2761/2/3 2758/2/3 2760/2/3
f 2763/2/3 2762/2/3 2761/2/3
f 2764/2/3 2762/2/3 2763/2/3
f 2765/8/3 2764/8/3 2763/8/3
f 2766/8/3 2764/8/3 2765/8/3
f 2770/8/3 2768/8/3 2767/8/3
f 2771/8/3 2768/8/3 2770/8/3
f 2772/8/3 2768/8/3 2771/8/3
f 2773/12/3 2769/12/3 2768/12/3
f 2773/8/3 2768/8/3 2772/8/3
f 2774/12/3 2773/12/3 2772/12/3
f 2775/12/3 2769/12/3 2773/12/3
f 2775/12/3 2773/12/3 2774/12/3
f 2779/8/3 2777/8/3 2776/8/3
f 2780/8/3 2777/8/3 2779/8/3
f 2781/8/3 2779/8/3 2778/8/3
f 2782/8/3 2779/8/3 2781/8/3
f 2785/7/3 2784/7/3 2783/7/3
f 2786/7/3 2784/7/3 2785/7/3
f 2789/2/3 2788/2/3 2787/2/3
f 2790/2/3 2788/2/3 2789/2/3
f 2791/2/3 2788/2/3 2790/2/3
f 2793/2/3 2792/2/3 2791/2/3
f 2794/2/3 2792/2/3 2793/2/3
f 2797/8/3 2796/8/3 2795/8/3
f 2798/8/3 2796/8/3 2797/8/3
f 2799/8/3 2796/8/3 2798/8/3
f 2802/12/3 2800/12/3 2799/12/3
f 2803/12/3 2800/12/3 2802/12/3
f 2804/12/3 2802/12/3 2801/12/3
f 2805/12/3 2802/12/3 2804/12/3
f 2808/7/3 2807/7/3 2806/7/3
f 2809/7/3 2807/7/3 2808/7/3
f 2811/9/3 2810/9/3 2809/9/3
f 2814/9/3 2811/9/3 2809/9/3
f 2814/9/3 2812/9/3 2811/9/3
f 2815/9/3 2812/9/3 2814/9/3
f 2816/9/3 2812/9/3 2815/9/3
f 2818/12/3 2814/12/3 2813/12/3
f 2818/12/3 2815/12/3 2814/12/3
f 2819/12/3 2815/12/3 2818/12/3
f 2820/7/3 2816/7/3 2815/7/3
f 2820/12/3 2815/12/3 2819/12/3
f 2821/6/3 2817/6/3 2816/6/3
f 2821/7/3 2816/7/3 2820/7/3
f 2822/6/3 2817/6/3 2821/6/3
f 2823/12/3 2821/12/3 2820/12/3
f 2824/12/3 2821/12/3 2823/12/3
f 2827/12/3 2826/12/3 2825/12/3
f 2828/12/3 2826/12/3 2827/12/3
f 2829/2/3 2828/2/3 2827/2/3
f 2830/2/3 2828/2/3 2829/2/3
f 2833/2/3 2832/2/3 2831/2/3
f 2834/2/3 2832/2/3 2833/2/3
f 2836/4/3 2835/4/3 2834/4/3
f 2837/4/3 2835/4/3 2836/4/3
f 2840/12/3 2839/12/3 2838/12/3
f 2841/12/3 2839/12/3 2840/12/3
f 2842/12/3 2839/12/3 2841/12/3
f 2843/12/3 2839/12/3 2842/12/3
f 2847/12/3 2845/12/3 2844/12/3
f 2848/12/3 2845/12/3 2847/12/3
f 2849/12/3 2847/12/3 2846/12/3
f 2850/12/3 2847/12/3 2849/12/3
f 2852/7/3 2850/7/3 2849/7/3
f 2852/7/3 2851/7/3 2850/7/3
f 2853/7/3 2851/7/3 2852/7/3
f 2854/7/3 2851/7/3 2853/7/3
f 2856/9/3 2854/9/3 2853/9/3
f 2856/9/3 2855/9/3 2854/9/3
f 2857/9/3 2855/9/3 2856/9/3
f 2858/9/3 2855/9/3 2857/9/3
f 2860/6/3 2859/6/3 2858/6/3
f 2860/6/3 2858/6/3 2857/6/3
f 2861/6/3 2859/6/3 2860/6/3
f 2862/6/3 2859/6/3 2861/6/3
f 2865/6/3 2864/6/3 2863/6/3
f 2866/6/3 2864/6/3 2865/6/3
f 2869/12/3 2868/12/3 2867/12/3
f 2870/12/3 2868/12/3 2869/12/3
f 2872/2/3 2871/2/3 2870/2/3
f 2875/2/3 2871/2/3 2872/2/3
f 2876/2/3 2871/2/3 2875/2/3
f 2877/2/3 2874/2/3 2873/2/3
f 2878/4/3 2875/4/3 2874/4/3
f 2878/2/3 2874/2/3 2877/2/3
f 2879/4/3 2875/4/3 2878/4/3
f 2881/4/3 2880/4/3 2879/4/3
f 2882/4/3 2880/4/3 2881/4/3
f 2884/10/3 2883/10/3 2882/10/3
f 2885/10/3 2883/10/3 2884/10/3
f 2888/12/3 2887/12/3 2886/12/3
f 2889/12/3 2887/12/3 2888/12/3
f 2893/13/3 2891/13/3 2890/13/3
f 2894/13/3 2891/13/3 2893/13/3
f 2896/12/3 2893/12/3 2892/12/3
f 2897/12/3 2893/12/3 2896/12/3
f 2898/12/3 2896/12/3 2895/12/3
f 2899/12/3 2896/12/3 2898/12/3
f 2902/9/3 2901/9/3 2900/9/3
f 2903/9/3 2901/9/3 2902/9/3
f 2908/9/3 2904/9/3 2903/9/3
f 2909/11/3 2905/11/3 2904/11/3
f 2909/9/3 2904/9/3 2908/9/3
f 2910/11/3 2905/11/3 2909/11/3
f 2911/6/3 2907/6/3 2906/6/3
f 2911/9/3 2908/9/3 2907/9/3
f 2911/9/3 2909/9/3 2908/9/3
f 2912/9/3 2909/9/3 2911/9/3
f 2913/6/3 2911/6/3 2906/6/3
f 2914/6/3 2911/6/3 2913/6/3
f 2917/4/3 2916/4/3 2915/4/3
f 2918/4/3 2916/4/3 2917/4/3
f 2921/4/3 2919/4/3 2918/4/3
f 2922/9/3 2920/9/3 2919/9/3
f 2922/4/3 2919/4/3 2921/4/3
f 2923/10/3 2922/10/3 2921/10/3
f 2924/9/3 2920/9/3 2922/9/3
f 2924/10/3 2922/10/3 2923/10/3
f 2926/9/3 2920/9/3 2924/9/3
f 2927/9/3 2920/9/3 2926/9/3
f 2928/10/3 2926/10/3 2925/10/3
f 2929/10/3 2926/10/3 2928/10/3
f 2933/12/3 2931/12/3 2930/12/3
f 2934/12/3 2931/12/3 2933/12/3
f 2935/12/3 2933/12/3 2932/12/3
f 2936/12/3 2933/12/3 2935/12/3
f 2939/12/3 2938/12/3 2937/12/3
f 2940/12/3 2938/12/3 2939/12/3
f 2945/12/3 2942/12/3 2941/12/3
f 2946/12/3 2942/12/3 2945/12/3
f 2948/11/3 2944/11/3 2943/11/3
f 2949/11/3 2944/11/3 2948/11/3
f 2950/11/3 2948/11/3 2947/11/3
f 2951/11/3 2948/11/3 2950/11/3
f 2954/9/3 2953/9/3 2952/9/3
f 2957/9/3 2955/9/3 2954/9/3
f 2957/6/3 2956/6/3 2955/6/3
f 2958/6/3 2956/6/3 2957/6/3
f 2960/9/3 2954/9/3 2952/9/3
f 2960/9/3 2957/9/3 2954/9/3
f 2960/9/3 2958/9/3 2957/9/3
f 2961/9/3 2958/9/3 2960/9/3
f 2962/6/3 2956/6/3 2958/6/3
f 2962/9/3 2958/9/3 2961/9/3
f 2963/6/3 2956/6/3 2962/6/3
f 2965/10/3 2960/10/3 2959/10/3
f 2966/9/3 2961/9/3 2960/9/3
f 2967/9/3 2961/9/3 2966/9/3
f 2968/10/3 2965/10/3 2964/10/3
f 2969/10/3 2960/10/3 2965/10/3
f 2969/10/3 2965/10/3 2968/10/3
f 2969/9/3 2966/9/3 2960/9/3
f 2970/9/3 2966/9/3 2969/9/3
f 2974/12/3 2972/12/3 2971/12/3
f 2975/12/3 2972/12/3 2974/12/3
f 2976/12/3 2974/12/3 2973/12/3
f 2977/12/3 2974/12/3 2976/12/3
f 2981/6/3 2979/6/3 2978/6/3
f 2981/11/3 2980/11/3 2979/11/3
f 2982/11/3 2980/11/3 2981/11/3
f 2983/6/3 2981/6/3 2978/6/3
f 2983/6/3 2982/6/3 2981/6/3
f 2984/11/3 2980/11/3 2982/11/3
f 2984/6/3 2982/6/3 2983/6/3
f 2985/11/3 2980/11/3 2984/11/3
f 2988/10/3 2987/10/3 2986/10/3
f 2989/10/3 2987/10/3 2988/10/3
f 2992/8/3 2991/8/3 2990/8/3
f 2993/8/3 2991/8/3 2992/8/3
f 2996/11/3 2995/11/3 2994/11/3
f 2997/11/3 2995/11/3 2996/11/3
f 2998/13/4 2999/13/4 3001/13/4
f 3001/13/4 2999/13/4 3002/13/4
f 3000/13/4 3001/13/4 3003/13/4
f 3003/13/4 3001/13/4 3004/13/4
f 3005/1/4 3006/1/4 3007/1/4
f 3007/1/4 3006/1/4 3008/1/4
f 3009/12/4 3010/12/4 3011/12/4
f 3011/12/4 3010/12/4 3012/12/4
f 3013/1/4 3014/1/4 3015/1/4
f 3015/1/4 3014/1/4 3016/1/4
f 3016/1/4 3014/1/4 3017/1/4
f 3018/1/4 3019/1/4 3023/1/4
f 3023/1/4 3019/1/4 3024/1/4
f 3021/1/4 3022/1/4 3025/1/4
f 3020/1/4 3021/1/4 3025/1/4
f 3025/1/4 3022/1/4 3026/1/4
f 3027/13/4 3028/13/4 3029/13/4
f 3029/13/4 3028/13/4 3031/13/4
f 3031/13/4 3028/13/4 3032/13/4
f 3030/12/4 3031/12/4 3033/12/4
f 3033/12/4 3031/12/4 3034/12/4
f 3035/1/4 3036/1/4 3037/1/4
f 3037/1/4 3036/1/4 3038/1/4
f 3038/1/4 3039/1/4 3040/1/4
f 3040/1/4 3039/1/4 3041/1/4
f 3041/1/4 3042/1/4 3043/1/4
f 3043/1/4 3042/1/4 3044/1/4
f 3044/1/4 3045/1/4 3050/1/4
f 3050/1/4 3045/1/4 3051/1/4
f 3046/3/4 3047/3/4 3053/3/4
f 3053/3/4 3047/3/4 3054/3/4
f 3048/3/4 3049/3/4 3055/3/4
f 3055/3/4 3049/3/4 3056/3/4
f 3051/1/4 3052/1/4 3058/1/4
f 3058/1/4 3052/1/4 3059/1/4
f 3057/1/4 3058/1/4 3061/1/4
f 3061/1/4 3058/1/4 3062/1/4
f 3060/1/4 3061/1/4 3064/1/4
f 3064/1/4 3061/1/4 3065/1/4
f 3063/1/4 3064/1/4 3067/1/4
f 3067/1/4 3064/1/4 3068/1/4
f 3066/1/4 3067/1/4 3069/1/4
f 3069/1/4 3067/1/4 3070/1/4
f 3071/12/4 3072/12/4 3073/12/4
f 3073/12/4 3072/12/4 3074/12/4
f 3075/1/4 3076/1/4 3077/1/4
f 3077/1/4 3076/1/4 3078/1/4
f 3078/1/4 3079/1/4 3080/1/4
f 3080/1/4 3079/1/4 3081/1/4
f 3081/1/4 3082/1/4 3085/1/4
f 3085/1/4 3082/1/4 3086/1/4
f 3083/13/4 3084/13/4 3088/13/4
f 3088/13/4 3084/13/4 3089/13/4
f 3086/1/4 3087/1/4 3091/1/4
f 3091/1/4 3087/1/4 3092/1/4
f 3088/4/4 3089/4/4 3093/4/4
f 3093/4/4 3089/4/4 3094/4/4
f 3090/1/4 3091/1/4 3096/1/4
f 3096/1/4 3091/1/4 3097/1/4
f 3095/1/4 3096/1/4 3099/1/4
f 3099/1/4 3096/1/4 3100/1/4
f 3098/1/4 3099/1/4 3101/1/4
f 3101/1/4 3099/1/4 3102/1/4
f 3103/12/4 3104/12/4 3106/12/4
f 3106/12/4 3104/12/4 3107/12/4
f 3105/12/4 3106/12/4 3108/12/4
f 3108/12/4 3106/12/4 3109/12/4
f 3110/1/4 3111/1/4 3112/1/4
f 3112/1/4 3111/1/4 3113/1/4
f 3113/1/4 3114/1/4 3115/1/4
f 3115/1/4 3114/1/4 3116/1/4
f 3116/1/4 3117/1/4 3121/1/4
f 3121/1/4 3117/1/4 3122/1/4
f 3118/4/4 3119/4/4 3123/4/4
f 3123/4/4 3119/4/4 3124/4/4
f 3120/1/4 3121/1/4 3127/1/4
f 3127/1/4 3121/1/4 3128/1/4
f 3124/4/4 3125/4/4 3129/4/4
f 3129/4/4 3125/4/4 3130/4/4
f 3126/1/4 3127/1/4 3131/1/4
f 3131/1/4 3127/1/4 3132/1/4
f 3129/13/4 3130/13/4 3133/13/4
f 3133/13/4 3130/13/4 3134/13/4
f 3135/12/4 3136/12/4 3137/12/4
f 3137/12/4 3136/12/4 3138/12/4
f 3139/13/4 3140/13/4 3142/13/4
f 3142/13/4 3140/13/4 3143/13/4
f 3141/13/4 3142/13/4 3144/13/4
f 3144/13/4 3142/13/4 3145/13/4
f 3146/1/4 3147/1/4 3150/1/4
f 3150/1/4 3147/1/4 3151/1/4
f 3148/4/4 3149/4/4 3155/4/4
f 3155/4/4 3149/4/4 3156/4/4
f 3151/1/4 3152/1/4 3158/1/4
f 3158/1/4 3152/1/4 3159/1/4
f 3153/4/4 3154/4/4 3160/4/4
f 3157/1/4 3158/1/4 3162/1/4
f 3162/1/4 3158/1/4 3163/1/4
f 3160/4/4 3161/4/4 3164/4/4
f 3153/4/4 3160/4/4 3164/4/4
f 3164/4/4 3161/4/4 3165/4/4
f 3165/4/4 3161/4/4 3168/4/4
f 3168/4/4 3161/4/4 3169/4/4
f 3166/4/4 3167/4/4 3170/4/4
f 3167/4/4 3168/4/4 3170/4/4
f 3170/4/4 3168/4/4 3171/4/4
f 3172/8/4 3173/8/4 3175/8/4
f 3175/8/4 3173/8/4 3176/8/4
f 3174/8/4 3175/8/4 3177/8/4
f 3177/8/4 3175/8/4 3178/8/4
f 3179/8/4 3180/8/4 3181/8/4
f 3181/8/4 3180/8/4 3182/8/4
f 3183/13/4 3184/13/4 3186/13/4
f 3185/13/4 3186/13/4 3187/13/4
f 3187/13/4 3186/13/4 3188/13/4
f 3188/13/4 3186/13/4 3189/13/4
f 3186/13/4 3184/13/4 3190/13/4
f 3189/13/4 3186/13/4 3190/13/4
f 3190/13/4 3184/13/4 3191/13/4
f 3189/13/4 3190/13/4 3192/13/4
f 3192/13/4 3190/13/4 3193/13/4
f 3192/4/4 3193/4/4 3195/4/4
f 3195/4/4 3193/4/4 3196/4/4
f 3194/4/4 3195/4/4 3199/4/4
f 3199/4/4 3195/4/4 3200/4/4
f 3200/4/4 3195/4/4 3201/4/4
f 3201/4/4 3195/4/4 3202/4/4
f 3197/1/4 3198/1/4 3203/1/4
f 3203/1/4 3198/1/4 3204/1/4
f 3200/4/4 3201/4/4 3205/4/4
f 3205/4/4 3201/4/4 3206/4/4
f 3205/4/4 3206/4/4 3209/4/4
f 3206/4/4 3207/4/4 3209/4/4
f 3208/2/4 3209/2/4 3211/2/4
f 3210/2/4 3211/2/4 3212/2/4
f 3209/4/4 3207/4/4 3213/4/4
f 3212/2/4 3211/2/4 3213/2/4
f 3211/2/4 3209/2/4 3213/2/4
f 3213/4/4 3207/4/4 3214/4/4
f 3215/12/4 3216/12/4 3219/12/4
f 3219/12/4 3216/12/4 3220/12/4
f 3217/8/4 3218/8/4 3222/8/4
f 3222/8/4 3218/8/4 3223/8/4
f 3221/8/4 3222/8/4 3224/8/4
f 3224/8/4 3222/8/4 3225/8/4
f 3226/12/4 3227/12/4 3228/12/4
f 3228/12/4 3227/12/4 3229/12/4
f 3228/4/4 3229/4/4 3231/4/4
f 3230/4/4 3231/4/4 3232/4/4
f 3231/4/4 3229/4/4 3233/4/4
f 3232/4/4 3231/4/4 3233/4/4
f 3234/2/4 3235/2/4 3237/2/4
f 3237/2/4 3235/2/4 3238/2/4
f 3236/4/4 3237/4/4 3239/4/4
f 3239/4/4 3237/4/4 3240/4/4
f 3240/4/4 3241/4/4 3242/4/4
f 3242/4/4 3241/4/4 3243/4/4
f 3243/12/4 3244/12/4 3245/12/4
f 3245/12/4 3244/12/4 3246/12/4
f 3247/12/4 3248/12/4 3250/12/4
f 3250/12/4 3248/12/4 3251/12/4
f 3249/12/4 3250/12/4 3252/12/4
f 3252/12/4 3250/12/4 3253/12/4
f 3254/12/4 3255/12/4 3256/12/4
f 3256/12/4 3255/12/4 3257/12/4
f 3257/13/4 3258/13/4 3259/13/4
f 3259/13/4 3258/13/4 3260/13/4
f 3260/13/4 3261/13/4 3262/13/4
f 3262/13/4 3261/13/4 3263/13/4
f 3264/4/4 3265/4/4 3267/4/4
f 3267/4/4 3265/4/4 3268/4/4
f 3266/2/4 3267/2/4 3270/2/4
f 3268/2/4 3269/2/4 3270/2/4
f 3267/2/4 3268/2/4 3270/2/4
f 3270/2/4 3269/2/4 3271/2/4
f 3266/2/4 3270/2/4 3272/2/4
f 3272/2/4 3270/2/4 3273/2/4
f 3266/2/4 3272/2/4 3274/2/4
f 3266/2/4 3274/2/4 3276/2/4
f 3274/4/4 3275/4/4 3277/4/4
f 3276/2/4 3274/2/4 3277/2/4
f 3277/4/4 3275/4/4 3278/4/4
f 3278/12/4 3279/12/4 3280/12/4
f 3280/12/4 3279/12/4 3281/12/4
f 3281/12/4 3282/12/4 3284/12/4
f 3284/12/4 3282/12/4 3285/12/4
f 3283/12/4 3284/12/4 3287/12/4
f 3287/12/4 3284/12/4 3288/12/4
f 3286/12/4 3287/12/4 3289/12/4
f 3289/12/4 3287/12/4 3290/12/4
f 3291/8/4 3292/8/4 3293/8/4
f 3293/8/4 3292/8/4 3294/8/4
f 3294/8/4 3295/8/4 3298/8/4
f 3298/8/4 3295/8/4 3299/8/4
f 3296/12/4 3297/12/4 3301/12/4
f 3301/12/4 3297/12/4 3302/12/4
f 3300/12/4 3301/12/4 3304/12/4
f 3304/12/4 3301/12/4 3305/12/4
f 3302/13/4 3303/13/4 3306/13/4
f 3306/13/4 3303/13/4 3307/13/4
f 3307/13/4 3308/13/4 3309/13/4
f 3309/13/4 3308/13/4 3310/13/4
f 3311/4/4 3312/4/4 3313/4/4
f 3313/4/4 3312/4/4 3314/4/4
f 3315/10/4 3316/10/4 3317/10/4
f 3317/10/4 3316/10/4 3318/10/4
f 3317/10/4 3318/10/4 3320/10/4
f 3318/10/4 3319/10/4 3320/10/4
f 3320/10/4 3319/10/4 3321/10/4
f 3321/10/4 3319/10/4 3322/10/4
f 3321/10/4 3322/10/4 3323/10/4
f 3323/10/4 3322/10/4 3324/10/4
f 3324/10/4 3325/10/4 3328/10/4
f 3328/10/4 3325/10/4 3329/10/4
f 3326/2/4 3327/2/4 3330/2/4
f 3330/2/4 3327/2/4 3331/2/4
f 3330/4/4 3331/4/4 3333/4/4
f 3331/4/4 3332/4/4 3333/4/4
f 3333/4/4 3332/4/4 3334/4/4
f 3334/4/4 3332/4/4 3335/4/4
f 3335/4/4 3332/4/4 3336/4/4
f 3336/4/4 3332/4/4 3337/4/4
f 3336/4/4 3337/4/4 3339/4/4
f 3337/12/4 3338/12/4 3340/12/4
f 3339/4/4 3337/4/4 3340/4/4
f 3340/12/4 3338/12/4 3341/12/4
f 3339/12/4 3340/12/4 3343/12/4
f 3340/12/4 3341/12/4 3343/12/4
f 3343/12/4 3341/12/4 3344/12/4
f 3344/12/4 3341/12/4 3345/12/4
f 3342/12/4 3343/12/4 3346/12/4
f 3343/12/4 3344/12/4 3346/12/4
f 3346/12/4 3344/12/4 3347/12/4
f 3347/12/4 3344/12/4 3348/12/4
f 3349/1/4 3350/1/4 3351/1/4
f 3351/1/4 3350/1/4 3352/1/4
f 3353/12/4 3354/12/4 3356/12/4
f 3356/12/4 3354/12/4 3357/12/4
f 3355/12/4 3356/12/4 3359/12/4
f 3356/12/4 3357/12/4 3359/12/4
f 3357/13/4 3358/13/4 3360/13/4
f 3359/12/4 3357/12/4 3360/12/4
f 3355/12/4 3359/12/4 3361/12/4
f 3361/12/4 3359/12/4 3362/12/4
f 3360/13/4 3358/13/4 3363/13/4
f 3363/13/4 3358/13/4 3364/13/4
f 3363/12/4 3364/12/4 3366/12/4
f 3364/13/4 3365/13/4 3367/13/4
f 3366/12/4 3364/12/4 3367/12/4
f 3367/13/4 3365/13/4 3368/13/4
f 3370/12/4 3371/12/4 3372/12/4
f 3372/12/4 3371/12/4 3373/12/4
f 3368/13/4 3369/13/4 3375/13/4
f 3375/13/4 3369/13/4 3376/13/4
f 3374/12/4 3375/12/4 3377/12/4
f 3377/12/4 3375/12/4 3378/12/4
f 3379/10/4 3380/10/4 3382/10/4
f 3382/10/4 3380/10/4 3383/10/4
f 3381/10/4 3382/10/4 3384/10/4
f 3384/10/4 3382/10/4 3385/10/4
f 3386/9/4 3387/9/4 3388/9/4
f 3388/9/4 3387/9/4 3389/9/4
f 3389/9/4 3390/9/4 3391/9/4
f 3391/9/4 3390/9/4 3392/9/4
f 3394/12/4 3395/12/4 3397/12/4
f 3395/4/4 3396/4/4 3397/4/4
f 3397/4/4 3396/4/4 3398/4/4
f 3393/8/4 3394/8/4 3401/8/4
f 3394/12/4 3397/12/4 3402/12/4
f 3401/8/4 3394/8/4 3402/8/4
f 3397/12/4 3398/12/4 3402/12/4
f 3402/12/4 3398/12/4 3403/12/4
f 3403/12/4 3398/12/4 3404/12/4
f 3399/1/4 3400/1/4 3405/1/4
f 3405/1/4 3400/1/4 3406/1/4
f 3406/1/4 3407/1/4 3408/1/4
f 3408/1/4 3407/1/4 3409/1/4
f 3409/1/4 3410/1/4 3413/1/4
f 3413/1/4 3410/1/4 3414/1/4
f 3411/3/4 3412/3/4 3416/3/4
f 3416/3/4 3412/3/4 3417/3/4
f 3414/1/4 3415/1/4 3419/1/4
f 3419/1/4 3415/1/4 3420/1/4
f 3418/1/4 3419/1/4 3422/1/4
f 3422/1/4 3419/1/4 3423/1/4
f 3421/1/4 3422/1/4 3425/1/4
f 3425/1/4 3422/1/4 3426/1/4
f 3424/1/4 3425/1/4 3427/1/4
f 3427/1/4 3425/1/4 3428/1/4
f 3429/12/4 3430/12/4 3432/12/4
f 3432/12/4 3430/12/4 3433/12/4
f 3431/12/4 3432/12/4 3433/12/4
f 3431/12/4 3433/12/4 3435/12/4
f 3433/12/4 3434/12/4 3435/12/4
f 3435/12/4 3434/12/4 3436/12/4
f 3436/12/4 3434/12/4 3437/12/4
f 3437/12/4 3434/12/4 3439/12/4
f 3438/12/4 3439/12/4 3440/12/4
f 3439/12/4 3434/12/4 3441/12/4
f 3440/12/4 3439/12/4 3441/12/4
f 3441/12/4 3434/12/4 3442/12/4
f 3442/12/4 3434/12/4 3443/12/4
f 3441/12/4 3442/12/4 3444/12/4
f 3444/12/4 3442/12/4 3445/12/4
f 3444/4/4 3445/4/4 3447/4/4
f 3447/4/4 3445/4/4 3448/4/4
f 3446/4/4 3447/4/4 3449/4/4
f 3449/4/4 3447/4/4 3450/4/4
f 3450/4/4 3447/4/4 3451/4/4
f 3449/10/4 3450/10/4 3452/10/4
f 3452/10/4 3450/10/4 3453/10/4
f 3449/10/4 3452/10/4 3455/10/4
f 3455/10/4 3452/10/4 3456/10/4
f 3453/9/4 3454/9/4 3457/9/4
f 3457/9/4 3454/9/4 3458/9/4
f 3458/9/4 3454/9/4 3459/9/4
f 3456/9/4 3457/9/4 3460/9/4
f 3457/9/4 3458/9/4 3460/9/4
f 3460/9/4 3458/9/4 3461/9/4
f 3461/9/4 3458/9/4 3462/9/4
f 3462/9/4 3458/9/4 3463/9/4
f 3461/9/4 3462/9/4 3464/9/4
f 3464/9/4 3462/9/4 3465/9/4
f 3465/9/4 3466/9/4 3467/9/4
f 3467/9/4 3466/9/4 3468/9/4
f 3468/9/4 3466/9/4 3469/9/4
f 3468/9/4 3469/9/4 3470/9/4
f 3470/9/4 3469/9/4 3471/9/4
f 3472/1/4 3473/1/4 3474/1/4
f 3474/1/4 3473/1/4 3475/1/4
f 3475/1/4 3476/1/4 3477/1/4
f 3477/1/4 3476/1/4 3478/1/4
f 3478/1/4 3479/1/4 3481/1/4
f 3481/1/4 3479/1/4 3482/1/4
f 3480/1/4 3481/1/4 3484/1/4
f 3484/1/4 3481/1/4 3485/1/4
f 3483/1/4 3484/1/4 3486/1/4
f 3486/1/4 3484/1/4 3487/1/4
f 3488/12/4 3489/12/4 3490/12/4
f 3488/12/4 3490/12/4 3492/12/4
f 3490/12/4 3491/12/4 3492/12/4
f 3492/12/4 3491/12/4 3493/12/4
f 3493/12/4 3494/12/4 3495/12/4
f 3495/12/4 3494/12/4 3496/12/4
f 3495/4/4 3496/4/4 3498/4/4
f 3497/4/4 3498/4/4 3499/4/4
f 3498/4/4 3496/4/4 3500/4/4
f 3499/4/4 3498/4/4 3500/4/4
f 3501/9/4 3502/9/4 3506/9/4
f 3503/9/4 3504/9/4 3507/9/4
f 3507/9/4 3504/9/4 3508/9/4
f 3505/9/4 3506/9/4 3510/9/4
f 3506/9/4 3502/9/4 3511/9/4
f 3510/9/4 3506/9/4 3511/9/4
f 3508/9/4 3509/9/4 3512/9/4
f 3512/9/4 3509/9/4 3513/9/4
f 3514/9/4 3515/9/4 3516/9/4
f 3516/9/4 3515/9/4 3517/9/4
f 3517/11/4 3518/11/4 3519/11/4
f 3519/11/4 3518/11/4 3520/11/4
f 3521/8/4 3522/8/4 3523/8/4
f 3523/8/4 3522/8/4 3524/8/4
f 3524/8/4 3525/8/4 3528/8/4
f 3528/8/4 3525/8/4 3529/8/4
f 3526/1/4 3527/1/4 3530/1/4
f 3530/1/4 3527/1/4 3531/1/4
f 3531/1/4 3532/1/4 3534/1/4
f 3534/1/4 3532/1/4 3535/1/4
f 3533/1/4 3534/1/4 3536/1/4
f 3536/1/4 3534/1/4 3537/1/4
f 3538/12/4 3539/12/4 3540/12/4
f 3540/12/4 3539/12/4 3541/12/4
f 3541/12/4 3542/12/4 3543/12/4
f 3543/12/4 3542/12/4 3544/12/4
f 3545/4/4 3546/4/4 3548/4/4
f 3548/4/4 3546/4/4 3549/4/4
f 3547/4/4 3548/4/4 3550/4/4
f 3550/4/4 3548/4/4 3551/4/4
f 3554/9/4 3555/9/4 3556/9/4
f 3556/9/4 3557/9/4 3558/9/4
f 3552/2/4 3553/2/4 3561/2/4
f 3561/2/4 3553/2/4 3562/2/4
f 3554/9/4 3556/9/4 3563/9/4
f 3556/9/4 3558/9/4 3563/9/4
f 3563/9/4 3558/9/4 3564/9/4
f 3558/11/4 3559/11/4 3565/11/4
f 3564/9/4 3558/9/4 3565/9/4
f 3565/11/4 3559/11/4 3566/11/4
f 3560/2/4 3561/2/4 3568/2/4
f 3568/2/4 3561/2/4 3569/2/4
f 3564/11/4 3565/11/4 3570/11/4
f 3570/11/4 3565/11/4 3571/11/4
f 3566/11/4 3567/11/4 3572/11/4
f 3572/11/4 3567/11/4 3573/11/4
f 3571/11/4 3572/11/4 3574/11/4
f 3574/11/4 3572/11/4 3575/11/4
f 3576/1/4 3577/1/4 3578/1/4
f 3578/1/4 3577/1/4 3579/1/4
f 3580/12/4 3581/12/4 3582/12/4
f 3582/12/4 3581/12/4 3583/12/4
f 3584/1/4 3585/1/4 3586/1/4
f 3586/1/4 3585/1/4 3587/1/4
f 3588/12/4 3589/12/4 3591/12/4
f 3591/12/4 3589/12/4 3592/12/4
f 3590/4/4 3591/4/4 3593/4/4
f 3593/4/4 3591/4/4 3594/4/4
f 3595/2/4 3596/2/4 3598/2/4
f 3598/2/4 3596/2/4 3599/2/4
f 3597/2/4 3598/2/4 3600/2/4
f 3600/2/4 3598/2/4 3601/2/4
f 3602/11/4 3603/11/4 3604/11/4
f 3604/11/4 3603/11/4 3605/11/4
f 3606/12/4 3607/12/4 3608/12/4
f 3608/12/4 3607/12/4 3609/12/4
f 3610/12/4 3611/12/4 3614/12/4
f 3614/12/4 3611/12/4 3615/12/4
f 3612/1/4 3613/1/4 3616/1/4
f 3616/1/4 3613/1/4 3617/1/4
f 3617/1/4 3618/1/4 3620/1/4
f 3620/1/4 3618/1/4 3621/1/4
f 3619/1/4 3620/1/4 3622/1/4
f 3622/1/4 3620/1/4 3623/1/4
f 3624/12/4 3625/12/4 3627/12/4
f 3627/12/4 3625/12/4 3628/12/4
f 3626/12/4 3627/12/4 3629/12/4
f 3629/12/4 3627/12/4 3630/12/4
f 3631/2/4 3632/2/4 3634/2/4
f 3634/2/4 3632/2/4 3635/2/4
f 3633/2/4 3634/2/4 3636/2/4
f 3636/2/4 3634/2/4 3637/2/4
f 3638/8/4 3639/8/4 3640/8/4
f 3640/8/4 3639/8/4 3641/8/4
f 3641/8/4 3642/8/4 3644/8/4
f 3644/8/4 3642/8/4 3645/8/4
f 3643/8/4 3644/8/4 3646/8/4
f 3646/8/4 3644/8/4 3647/8/4
f 3648/8/4 3649/8/4 3650/8/4
f 3650/8/4 3649/8/4 3651/8/4
f 3651/8/4 3652/8/4 3653/8/4
f 3653/8/4 3652/8/4 3654/8/4
f 3653/12/4 3654/12/4 3657/12/4
f 3657/12/4 3654/12/4 3658/12/4
f 3655/8/4 3656/8/4 3661/8/4
f 3656/12/4 3657/12/4 3662/12/4
f 3661/8/4 3656/8/4 3662/8/4
f 3662/12/4 3657/12/4 3663/12/4
f 3659/1/4 3660/1/4 3665/1/4
f 3665/1/4 3660/1/4 3666/1/4
f 3663/12/4 3664/12/4 3668/12/4
f 3668/12/4 3664/12/4 3669/12/4
f 3666/1/4 3667/1/4 3670/1/4
f 3670/1/4 3667/1/4 3671/1/4
f 3671/1/4 3672/1/4 3678/1/4
f 3678/1/4 3672/1/4 3679/1/4
f 3673/12/4 3674/12/4 3681/12/4
f 3674/3/4 3675/3/4 3681/3/4
f 3681/3/4 3675/3/4 3682/3/4
f 3676/3/4 3677/3/4 3683/3/4
f 3683/3/4 3677/3/4 3684/3/4
f 3679/1/4 3680/1/4 3686/1/4
f 3686/1/4 3680/1/4 3687/1/4
f 3685/1/4 3686/1/4 3689/1/4
f 3689/1/4 3686/1/4 3690/1/4
f 3673/12/4 3681/12/4 3692/12/4
f 3692/12/4 3681/12/4 3693/12/4
f 3688/1/4 3689/1/4 3695/1/4
f 3695/1/4 3689/1/4 3696/1/4
f 3691/12/4 3692/12/4 3697/12/4
f 3697/12/4 3692/12/4 3698/12/4
f 3694/1/4 3695/1/4 3699/1/4
f 3699/1/4 3695/1/4 3700/1/4
f 3701/8/4 3702/8/4 3703/8/4
f 3703/8/4 3702/8/4 3704/8/4
f 3705/8/4 3706/8/4 3707/8/4
f 3707/8/4 3706/8/4 3708/8/4
f 3709/8/4 3710/8/4 3714/8/4
f 3710/12/4 3711/12/4 3715/12/4
f 3714/8/4 3710/8/4 3715/8/4
f 3715/12/4 3711/12/4 3716/12/4
f 3712/1/4 3713/1/4 3718/1/4
f 3718/1/4 3713/1/4 3719/1/4
f 3716/12/4 3717/12/4 3721/12/4
f 3721/12/4 3717/12/4 3722/12/4
f 3719/1/4 3720/1/4 3723/1/4
f 3723/1/4 3720/1/4 3724/1/4
f 3724/1/4 3725/1/4 3727/1/4
f 3727/1/4 3725/1/4 3728/1/4
f 3726/1/4 3727/1/4 3730/1/4
f 3730/1/4 3727/1/4 3731/1/4
f 3722/12/4 3717/12/4 3732/12/4
f 3732/12/4 3717/12/4 3733/12/4
f 3729/1/4 3730/1/4 3734/1/4
f 3734/1/4 3730/1/4 3735/1/4
f 3736/8/4 3737/8/4 3739/8/4
f 3739/8/4 3737/8/4 3740/8/4
f 3738/8/4 3739/8/4 3741/8/4
f 3741/8/4 3739/8/4 3742/8/4
f 3743/1/4 3744/1/4 3745/1/4
f 3745/1/4 3744/1/4 3746/1/4
f 3746/1/4 3747/1/4 3749/1/4
f 3749/1/4 3747/1/4 3750/1/4
f 3748/1/4 3749/1/4 3751/1/4
f 3751/1/4 3749/1/4 3752/1/4
f 3753/8/4 3754/8/4 3755/8/4
f 3755/8/4 3754/8/4 3756/8/4
f 3756/8/4 3757/8/4 3760/8/4
f 3760/8/4 3757/8/4 3761/8/4
f 3758/1/4 3759/1/4 3762/1/4
f 3762/1/4 3759/1/4 3763/1/4
f 3764/8/4 3765/8/4 3767/8/4
f 3767/8/4 3765/8/4 3768/8/4
f 3766/8/4 3767/8/4 3769/8/4
f 3769/8/4 3767/8/4 3770/8/4
f 3771/8/4 3772/8/4 3773/8/4
f 3773/8/4 3772/8/4 3774/8/4
f 3774/8/4 3772/8/4 3775/8/4
f 3775/8/4 3776/8/4 3777/8/4
f 3777/8/4 3776/8/4 3778/8/4
f 3779/12/4 3780/12/4 3782/12/4
f 3780/8/4 3781/8/4 3783/8/4
f 3782/12/4 3780/12/4 3783/12/4
f 3783/8/4 3781/8/4 3784/8/4
f 3785/8/4 3786/8/4 3788/8/4
f 3788/8/4 3786/8/4 3789/8/4
f 3787/8/4 3788/8/4 3790/8/4
f 3790/8/4 3788/8/4 3791/8/4
f 3792/9/4 3793/9/4 3794/9/4
f 3794/9/4 3793/9/4 3795/9/4
f 3794/7/4 3795/7/4 3796/7/4
f 3796/7/4 3795/7/4 3797/7/4
f 3798/12/4 3799/12/4 3800/12/4
f 3800/12/4 3799/12/4 3801/12/4
f 3801/12/4 3802/12/4 3803/12/4
f 3803/12/4 3802/12/4 3804/12/4
f 3805/9/4 3806/9/4 3807/9/4
f 3807/9/4 3806/9/4 3808/9/4
f 3809/8/4 3810/8/4 3812/8/4
f 3812/8/4 3810/8/4 3813/8/4
f 3811/8/4 3812/8/4 3815/8/4
f 3815/8/4 3812/8/4 3816/8/4
f 3814/8/4 3815/8/4 3817/8/4
f 3817/8/4 3815/8/4 3818/8/4
f 3819/8/4 3820/8/4 3821/8/4
f 3821/8/4 3820/8/4 3822/8/4
f 3823/13/4 3824/13/4 3825/13/4
f 3825/13/4 3824/13/4 3826/13/4
f 3827/7/4 3828/7/4 3830/7/4
f 3828/9/4 3829/9/4 3831/9/4
f 3830/7/4 3828/7/4 3831/7/4
f 3831/9/4 3829/9/4 3832/9/4
f 3833/11/4 3834/11/4 3835/11/4
f 3835/11/4 3834/11/4 3836/11/4
f 3832/9/4 3833/9/4 3839/9/4
f 3833/11/4 3835/11/4 3840/11/4
f 3839/9/4 3833/9/4 3840/9/4
f 3840/11/4 3835/11/4 3841/11/4
f 3837/7/4 3838/7/4 3843/7/4
f 3838/9/4 3839/9/4 3844/9/4
f 3843/7/4 3838/7/4 3844/7/4
f 3844/9/4 3839/9/4 3845/9/4
f 3842/12/4 3843/12/4 3846/12/4
f 3846/12/4 3843/12/4 3847/12/4
f 3848/4/4 3849/4/4 3850/4/4
f 3850/4/4 3849/4/4 3851/4/4
f 3850/8/4 3851/8/4 3853/8/4
f 3853/8/4 3851/8/4 3854/8/4
f 3852/8/4 3853/8/4 3856/8/4
f 3856/8/4 3853/8/4 3857/8/4
f 3855/8/4 3856/8/4 3858/8/4
f 3858/8/4 3856/8/4 3859/8/4
f 3860/8/4 3861/8/4 3863/8/4
f 3861/12/4 3862/12/4 3864/12/4
f 3863/8/4 3861/8/4 3864/8/4
f 3864/12/4 3862/12/4 3865/12/4
f 3865/12/4 3866/12/4 3867/12/4
f 3864/12/4 3865/12/4 3867/12/4
f 3867/12/4 3866/12/4 3868/12/4
f 3868/12/4 3866/12/4 3869/12/4
f 3869/13/4 3870/13/4 3871/13/4
f 3868/13/4 3869/13/4 3871/13/4
f 3871/13/4 3870/13/4 3872/13/4
f 3872/13/4 3870/13/4 3874/13/4
f 3874/13/4 3870/13/4 3875/13/4
f 3873/12/4 3874/12/4 3876/12/4
f 3876/12/4 3874/12/4 3877/12/4
f 3878/7/4 3879/7/4 3881/7/4
f 3879/9/4 3880/9/4 3882/9/4
f 3881/7/4 3879/7/4 3882/7/4
f 3882/9/4 3880/9/4 3883/9/4
f 3884/8/4 3885/8/4 3888/8/4
f 3885/8/4 3886/8/4 3888/8/4
f 3886/12/4 3887/12/4 3889/12/4
f 3888/8/4 3886/8/4 3889/8/4
f 3889/12/4 3887/12/4 3890/12/4
f 3884/8/4 3888/8/4 3892/8/4
f 3892/8/4 3888/8/4 3893/8/4
f 3890/12/4 3891/12/4 3894/12/4
f 3894/12/4 3891/12/4 3895/12/4
f 3884/8/4 3892/8/4 3896/8/4
f 3896/8/4 3892/8/4 3897/8/4
f 3894/4/4 3895/4/4 3898/4/4
f 3896/12/4 3897/12/4 3899/12/4
f 3899/12/4 3897/12/4 3900/12/4
f 3898/4/4 3895/4/4 3901/4/4
f 3901/4/4 3895/4/4 3902/4/4
f 3903/10/4 3904/10/4 3906/10/4
f 3904/9/4 3905/9/4 3907/9/4
f 3906/10/4 3904/10/4 3907/10/4
f 3907/9/4 3905/9/4 3908/9/4
f 3909/11/4 3910/11/4 3913/11/4
f 3913/11/4 3910/11/4 3914/11/4
f 3911/9/4 3912/9/4 3916/9/4
f 3916/9/4 3912/9/4 3917/9/4
f 3915/9/4 3916/9/4 3919/9/4
f 3919/9/4 3916/9/4 3920/9/4
f 3920/9/4 3916/9/4 3921/9/4
f 3918/9/4 3919/9/4 3923/9/4
f 3919/9/4 3920/9/4 3923/9/4
f 3923/9/4 3920/9/4 3924/9/4
f 3922/10/4 3923/10/4 3925/10/4
f 3925/10/4 3923/10/4 3926/10/4
f 3927/8/4 3928/8/4 3929/8/4
f 3929/8/4 3928/8/4 3930/8/4
f 3931/8/4 3932/8/4 3934/8/4
f 3932/12/4 3933/12/4 3935/12/4
f 3934/8/4 3932/8/4 3935/8/4
f 3935/12/4 3933/12/4 3936/12/4
f 3936/12/4 3937/12/4 3938/12/4
f 3938/12/4 3937/12/4 3939/12/4
f 3939/12/4 3937/12/4 3940/12/4
f 3940/12/4 3941/12/4 3942/12/4
f 3939/12/4 3940/12/4 3942/12/4
f 3942/12/4 3941/12/4 3943/12/4
f 3944/8/4 3945/8/4 3946/8/4
f 3946/8/4 3945/8/4 3947/8/4
f 3948/8/4 3949/8/4 3951/8/4
f 3951/8/4 3949/8/4 3952/8/4
f 3950/8/4 3951/8/4 3952/8/4
f 3952/8/4 3949/8/4 3953/8/4
f 3953/8/4 3949/8/4 3954/8/4
f 3950/8/4 3952/8/4 3955/8/4
f 3955/8/4 3952/8/4 3956/8/4
f 3957/10/4 3958/10/4 3959/10/4
f 3959/10/4 3958/10/4 3960/10/4
f 3961/9/4 3962/9/4 3964/9/4
f 3964/9/4 3962/9/4 3965/9/4
f 3965/9/4 3962/9/4 3966/9/4
f 3962/6/4 3963/6/4 3967/6/4
f 3966/9/4 3962/9/4 3967/9/4
f 3967/6/4 3963/6/4 3968/6/4
f 3968/6/4 3963/6/4 3969/6/4
f 3965/9/4 3966/9/4 3973/9/4
f 3973/9/4 3966/9/4 3974/9/4
f 3967/9/4 3968/9/4 3975/9/4
f 3968/6/4 3969/6/4 3976/6/4
f 3975/9/4 3968/9/4 3976/9/4
f 3969/11/4 3970/11/4 3977/11/4
f 3976/6/4 3969/6/4 3977/6/4
f 3977/11/4 3970/11/4 3978/11/4
f 3971/9/4 3972/9/4 3980/9/4
f 3980/9/4 3972/9/4 3981/9/4
f 3979/10/4 3980/10/4 3982/10/4
f 3982/10/4 3980/10/4 3983/10/4
f 3984/4/4 3985/4/4 3987/4/4
f 3987/4/4 3985/4/4 3988/4/4
f 3986/8/4 3987/8/4 3990/8/4
f 3990/8/4 3987/8/4 3991/8/4
f 3989/8/4 3990/8/4 3993/8/4
f 3993/8/4 3990/8/4 3994/8/4
f 3992/8/4 3993/8/4 3995/8/4
f 3995/8/4 3993/8/4 3996/8/4
f 3997/8/4 3998/8/4 3999/8/4
f 3999/8/4 3998/8/4 4000/8/4
f 4000/8/4 4001/8/4 4003/8/4
f 4001/12/4 4002/12/4 4004/12/4
f 4003/8/4 4001/8/4 4004/8/4
f 4004/12/4 4002/12/4 4005/12/4
f 4005/12/4 4006/12/4 4007/12/4
f 4007/12/4 4006/12/4 4008/12/4
f 4009/4/4 4010/4/4 4012/4/4
f 4010/10/4 4011/10/4 4013/10/4
f 4012/4/4 4010/4/4 4013/4/4
f 4013/10/4 4011/10/4 4014/10/4
f 4012/10/4 4013/10/4 4016/10/4
f 4013/10/4 4014/10/4 4016/10/4
f 4014/9/4 4015/9/4 4017/9/4
f 4016/10/4 4014/10/4 4017/10/4
f 4017/9/4 4015/9/4 4018/9/4
f 4012/10/4 4016/10/4 4019/10/4
f 4019/10/4 4016/10/4 4020/10/4
f 4021/8/4 4022/8/4 4024/8/4
f 4024/8/4 4022/8/4 4025/8/4
f 4023/8/4 4024/8/4 4026/8/4
f 4026/8/4 4024/8/4 4027/8/4
f 4028/8/4 4029/8/4 4030/8/4
f 4028/8/4 4030/8/4 4033/8/4
f 4030/8/4 4031/8/4 4033/8/4
f 4031/12/4 4032/12/4 4034/12/4
f 4033/8/4 4031/8/4 4034/8/4
f 4034/12/4 4032/12/4 4035/12/4
f 4035/12/4 4036/12/4 4037/12/4
f 4037/12/4 4036/12/4 4041/12/4
f 4041/12/4 4036/12/4 4042/12/4
f 4039/12/4 4040/12/4 4043/12/4
f 4038/8/4 4039/8/4 4043/8/4
f 4040/12/4 4041/12/4 4043/12/4
f 4043/12/4 4041/12/4 4044/12/4
f 4038/8/4 4043/8/4 4045/8/4
f 4045/8/4 4043/8/4 4046/8/4
f 4047/8/4 4048/8/4 4051/8/4
f 4048/12/4 4049/12/4 4052/12/4
f 4051/8/4 4048/8/4 4052/8/4
f 4052/12/4 4049/12/4 4053/12/4
f 4050/8/4 4051/8/4 4055/8/4
f 4055/8/4 4051/8/4 4056/8/4
f 4053/4/4 4054/4/4 4057/4/4
f 4057/4/4 4054/4/4 4058/4/4
f 4058/4/4 4054/4/4 4059/4/4
f 4060/12/4 4061/12/4 4062/12/4
f 4062/12/4 4061/12/4 4063/12/4
f 4062/8/4 4063/8/4 4065/8/4
f 4063/8/4 4064/8/4 4065/8/4
f 4062/8/4 4065/8/4 4066/8/4
f 4066/8/4 4065/8/4 4067/8/4
f 4068/8/4 4069/8/4 4070/8/4
f 4070/8/4 4069/8/4 4071/8/4
f 4068/8/4 4070/8/4 4072/8/4
f 4070/12/4 4071/12/4 4073/12/4
f 4072/8/4 4070/8/4 4073/8/4
f 4073/12/4 4071/12/4 4074/12/4
f 4068/8/4 4072/8/4 4075/8/4
f 4075/8/4 4072/8/4 4076/8/4
f 4076/8/4 4077/8/4 4079/8/4
f 4079/8/4 4077/8/4 4080/8/4
f 4078/8/4 4079/8/4 4081/8/4
f 4081/8/4 4079/8/4 4082/8/4
f 4083/8/4 4084/8/4 4087/8/4
f 4084/12/4 4085/12/4 4088/12/4
f 4087/8/4 4084/8/4 4088/8/4
f 4088/12/4 4085/12/4 4089/12/4
f 4086/8/4 4087/8/4 4090/8/4
f 4087/8/4 4088/8/4 4090/8/4
f 4088/4/4 4089/4/4 4091/4/4
f 4090/8/4 4088/8/4 4091/8/4
f 4091/4/4 4089/4/4 4092/4/4
f 4092/4/4 4093/4/4 4094/4/4
f 4094/4/4 4093/4/4 4095/4/4
f 4086/8/4 4090/8/4 4096/8/4
f 4096/8/4 4090/8/4 4097/8/4
f 4097/8/4 4090/8/4 4098/8/4
f 4098/8/4 4090/8/4 4099/8/4
f 4094/8/4 4095/8/4 4100/8/4
f 4100/8/4 4095/8/4 4101/8/4
f 4099/8/4 4100/8/4 4102/8/4
f 4102/8/4 4100/8/4 4103/8/4
f 4104/8/4 4105/8/4 4106/8/4
f 4106/8/4 4105/8/4 4107/8/4
f 4108/8/4 4109/8/4 4110/8/4
f 4110/8/4 4109/8/4 4111/8/4
f 4114/8/5 4113/8/5 4112/8/5
f 4119/8/5 4114/8/5 4112/8/5
f 4119/8/5 4115/8/5 4114/8/5
f 4120/8/5 4115/8/5 4119/8/5
f 4121/8/5 4115/8/5 4120/8/5
f 4122/8/5 4115/8/5 4121/8/5
f 4125/8/5 4117/8/5 4116/8/5
f 4126/8/5 4117/8/5 4125/8/5
f 4129/8/5 4119/8/5 4118/8/5
f 4129/8/5 4120/8/5 4119/8/5
f 4130/8/5 4120/8/5 4129/8/5
f 4131/12/5 4121/12/5 4120/12/5
f 4131/8/5 4120/8/5 4130/8/5
f 4132/8/5 4123/8/5 4122/8/5
f 4132/12/5 4121/12/5 4131/12/5
f 4132/8/5 4122/8/5 4121/8/5
f 4133/8/5 4123/8/5 4132/8/5
f 4134/8/5 4127/8/5 4126/8/5
f 4134/8/5 4126/8/5 4125/8/5
f 4134/8/5 4125/8/5 4124/8/5
f 4135/8/5 4127/8/5 4134/8/5
f 4136/8/5 4127/8/5 4135/8/5
f 4138/8/5 4130/8/5 4129/8/5
f 4138/8/5 4129/8/5 4128/8/5
f 4139/12/5 4131/12/5 4130/12/5
f 4139/8/5 4130/8/5 4138/8/5
f 4139/12/5 4133/12/5 4132/12/5
f 4139/12/5 4132/12/5 4131/12/5
f 4140/8/5 4134/8/5 4133/8/5
f 4140/12/5 4133/12/5 4139/12/5
f 4141/12/5 4135/12/5 4134/12/5
f 4141/8/5 4134/8/5 4140/8/5
f 4143/12/5 4140/12/5 4139/12/5
f 4143/12/5 4139/12/5 4138/12/5
f 4143/12/5 4141/12/5 4140/12/5
f 4144/8/5 4137/8/5 4136/8/5
f 4144/8/5 4136/8/5 4135/8/5
f 4146/12/5 4143/12/5 4142/12/5
f 4147/12/5 4141/12/5 4143/12/5
f 4147/12/5 4143/12/5 4146/12/5
f 4148/12/5 4135/12/5 4141/12/5
f 4148/12/5 4141/12/5 4147/12/5
f 4148/8/5 4145/8/5 4144/8/5
f 4148/8/5 4144/8/5 4135/8/5
f 4149/8/5 4145/8/5 4148/8/5
f 4151/8/5 4147/8/5 4146/8/5
f 4152/12/5 4148/12/5 4147/12/5
f 4152/12/5 4149/12/5 4148/12/5
f 4152/8/5 4147/8/5 4151/8/5
f 4154/8/5 4151/8/5 4150/8/5
f 4155/8/5 4145/8/5 4149/8/5
f 4155/12/5 4149/12/5 4152/12/5
f 4155/12/5 4152/12/5 4151/12/5
f 4156/8/5 4145/8/5 4155/8/5
f 4157/8/5 4154/8/5 4153/8/5
f 4157/8/5 4151/8/5 4154/8/5
f 4158/12/5 4156/12/5 4155/12/5
f 4158/8/5 4151/8/5 4157/8/5
f 4158/12/5 4155/12/5 4151/12/5
f 4159/12/5 4156/12/5 4158/12/5
f 4160/8/5 4145/8/5 4156/8/5
f 4160/12/5 4156/12/5 4159/12/5
f 4161/12/5 4159/12/5 4158/12/5
f 4161/12/5 4158/12/5 4157/12/5
f 4162/8/5 4160/8/5 4159/8/5
f 4162/12/5 4159/12/5 4161/12/5
f 4163/8/5 4145/8/5 4160/8/5
f 4163/8/5 4160/8/5 4162/8/5
f 4164/8/5 4145/8/5 4163/8/5
f 4165/12/5 4161/12/5 4157/12/5
f 4166/12/5 4161/12/5 4165/12/5
f 4167/12/5 4161/12/5 4166/12/5
f 4168/12/5 4161/12/5 4167/12/5
f 4169/12/5 4161/12/5 4168/12/5
f 4170/8/5 4162/8/5 4161/8/5
f 4170/12/5 4161/12/5 4169/12/5
f 4170/8/5 4163/8/5 4162/8/5
f 4171/8/5 4163/8/5 4170/8/5
f 4172/8/5 4163/8/5 4171/8/5
f 4174/12/5 4165/12/5 4157/12/5
f 4175/4/5 4166/4/5 4165/4/5
f 4175/12/5 4165/12/5 4174/12/5
f 4176/8/5 4167/8/5 4166/8/5
f 4176/4/5 4166/4/5 4175/4/5
f 4177/12/5 4168/12/5 4167/12/5
f 4177/8/5 4167/8/5 4176/8/5
f 4178/8/5 4169/8/5 4168/8/5
f 4178/12/5 4168/12/5 4177/12/5
f 4179/12/5 4170/12/5 4169/12/5
f 4179/8/5 4169/8/5 4178/8/5
f 4179/12/5 4171/12/5 4170/12/5
f 4180/12/5 4171/12/5 4179/12/5
f 4181/8/5 4157/8/5 4153/8/5
f 4182/8/5 4157/8/5 4181/8/5
f 4183/12/5 4174/12/5 4157/12/5
f 4183/8/5 4157/8/5 4182/8/5
f 4184/12/5 4174/12/5 4183/12/5
f 4185/2/5 4177/2/5 4176/2/5
f 4185/2/5 4176/2/5 4175/2/5
f 4185/2/5 4178/2/5 4177/2/5
f 4186/4/5 4179/4/5 4178/4/5
f 4186/2/5 4178/2/5 4185/2/5
f 4187/8/5 4180/8/5 4179/8/5
f 4187/4/5 4179/4/5 4186/4/5
f 4188/12/5 4171/12/5 4180/12/5
f 4188/8/5 4180/8/5 4187/8/5
f 4189/12/5 4171/12/5 4188/12/5
f 4190/8/5 4173/8/5 4172/8/5
f 4190/12/5 4171/12/5 4189/12/5
f 4190/8/5 4172/8/5 4171/8/5
f 4191/8/5 4173/8/5 4190/8/5
f 4192/8/5 4173/8/5 4191/8/5
f 4195/8/5 4184/8/5 4183/8/5
f 4195/8/5 4183/8/5 4182/8/5
f 4196/8/5 4184/8/5 4195/8/5
f 4197/12/5 4174/12/5 4184/12/5
f 4197/8/5 4184/8/5 4196/8/5
f 4198/4/5 4175/4/5 4174/4/5
f 4198/12/5 4174/12/5 4197/12/5
f 4199/2/5 4185/2/5 4175/2/5
f 4199/4/5 4175/4/5 4198/4/5
f 4200/8/5 4189/8/5 4188/8/5
f 4200/8/5 4188/8/5 4187/8/5
f 4201/8/5 4189/8/5 4200/8/5
f 4202/12/5 4191/12/5 4190/12/5
f 4202/8/5 4189/8/5 4201/8/5
f 4202/12/5 4190/12/5 4189/12/5
f 4203/12/5 4191/12/5 4202/12/5
f 4204/12/5 4197/12/5 4196/12/5
f 4204/8/5 4199/8/5 4198/8/5
f 4204/12/5 4198/12/5 4197/12/5
f 4205/2/5 4185/2/5 4199/2/5
f 4205/8/5 4199/8/5 4204/8/5
f 4207/8/5 4196/8/5 4195/8/5
f 4207/8/5 4195/8/5 4194/8/5
f 4208/12/5 4204/12/5 4196/12/5
f 4209/12/5 4204/12/5 4208/12/5
f 4210/4/5 4205/4/5 4204/4/5
f 4210/12/5 4204/12/5 4209/12/5
f 4211/2/5 4185/2/5 4205/2/5
f 4211/4/5 4205/4/5 4210/4/5
f 4212/8/5 4203/8/5 4202/8/5
f 4212/8/5 4202/8/5 4201/8/5
f 4213/8/5 4203/8/5 4212/8/5
f 4214/12/5 4191/12/5 4203/12/5
f 4214/8/5 4203/8/5 4213/8/5
f 4215/12/5 4191/12/5 4214/12/5
f 4216/8/5 4207/8/5 4206/8/5
f 4216/8/5 4196/8/5 4207/8/5
f 4217/12/5 4208/12/5 4196/12/5
f 4217/8/5 4196/8/5 4216/8/5
f 4218/12/5 4208/12/5 4217/12/5
f 4219/8/5 4209/8/5 4208/8/5
f 4219/12/5 4208/12/5 4218/12/5
f 4220/12/5 4210/12/5 4209/12/5
f 4220/8/5 4209/8/5 4219/8/5
f 4221/2/5 4211/2/5 4210/2/5
f 4221/12/5 4210/12/5 4220/12/5
f 4222/2/5 4185/2/5 4211/2/5
f 4222/2/5 4211/2/5 4221/2/5
f 4223/2/5 4185/2/5 4222/2/5
f 4224/12/5 4218/12/5 4217/12/5
f 4224/12/5 4217/12/5 4216/12/5
f 4225/12/5 4218/12/5 4224/12/5
f 4226/12/5 4218/12/5 4225/12/5
f 4227/2/5 4219/2/5 4218/2/5
f 4227/12/5 4218/12/5 4226/12/5
f 4227/2/5 4221/2/5 4220/2/5
f 4227/2/5 4220/2/5 4219/2/5
f 4227/2/5 4222/2/5 4221/2/5
f 4228/2/5 4222/2/5 4227/2/5
f 4229/2/5 4222/2/5 4228/2/5
f 4230/12/5 4191/12/5 4215/12/5
f 4230/8/5 4215/8/5 4214/8/5
f 4230/8/5 4214/8/5 4213/8/5
f 4231/8/5 4193/8/5 4192/8/5
f 4231/12/5 4191/12/5 4230/12/5
f 4231/8/5 4192/8/5 4191/8/5
f 4232/8/5 4216/8/5 4206/8/5
f 4232/12/5 4224/12/5 4216/12/5
f 4233/8/5 4225/8/5 4224/8/5
f 4233/12/5 4224/12/5 4232/12/5
f 4234/12/5 4226/12/5 4225/12/5
f 4234/8/5 4225/8/5 4233/8/5
f 4235/12/5 4226/12/5 4234/12/5
f 4236/12/5 4226/12/5 4235/12/5
f 4237/8/5 4227/8/5 4226/8/5
f 4237/12/5 4226/12/5 4236/12/5
f 4238/2/5 4228/2/5 4227/2/5
f 4238/8/5 4227/8/5 4237/8/5
f 4239/2/5 4228/2/5 4238/2/5
f 4240/8/5 4230/8/5 4213/8/5
f 4240/8/5 4231/8/5 4230/8/5
f 4241/8/5 4231/8/5 4240/8/5
f 4242/8/5 4193/8/5 4231/8/5
f 4242/8/5 4231/8/5 4241/8/5
f 4243/8/5 4193/8/5 4242/8/5
f 4244/8/5 4233/8/5 4232/8/5
f 4244/8/5 4232/8/5 4206/8/5
f 4244/8/5 4235/8/5 4234/8/5
f 4244/8/5 4234/8/5 4233/8/5
f 4245/8/5 4235/8/5 4244/8/5
f 4246/8/5 4235/8/5 4245/8/5
f 4247/8/5 4235/8/5 4246/8/5
f 4248/12/5 4236/12/5 4235/12/5
f 4248/8/5 4235/8/5 4247/8/5
f 4249/12/5 4236/12/5 4248/12/5
f 4250/8/5 4242/8/5 4241/8/5
f 4251/8/5 4242/8/5 4250/8/5
f 4252/8/5 4246/8/5 4245/8/5
f 4253/8/5 4246/8/5 4252/8/5
f 4254/8/5 4249/8/5 4248/8/5
f 4254/8/5 4248/8/5 4247/8/5
f 4255/8/5 4249/8/5 4254/8/5
f 4256/12/5 4236/12/5 4249/12/5
f 4257/8/5 4238/8/5 4237/8/5
f 4257/12/5 4236/12/5 4256/12/5
f 4257/8/5 4237/8/5 4236/8/5
f 4258/8/5 4238/8/5 4257/8/5
f 4259/8/5 4238/8/5 4258/8/5
f 4260/8/5 4249/8/5 4255/8/5
f 4260/12/5 4256/12/5 4249/12/5
f 4261/12/5 4256/12/5 4260/12/5
f 4262/8/5 4260/8/5 4255/8/5
f 4262/8/5 4261/8/5 4260/8/5
f 4263/8/5 4261/8/5 4262/8/5
f 4264/12/5 4256/12/5 4261/12/5
f 4265/8/5 4258/8/5 4257/8/5
f 4265/12/5 4256/12/5 4264/12/5
f 4265/8/5 4257/8/5 4256/8/5
f 4266/8/5 4258/8/5 4265/8/5
f 4267/8/5 4258/8/5 4266/8/5
f 4268/12/5 4264/12/5 4261/12/5
f 4268/8/5 4266/8/5 4265/8/5
f 4268/8/5 4265/8/5 4264/8/5
f 4269/8/5 4266/8/5 4268/8/5
f 4272/8/5 4261/8/5 4263/8/5
f 4273/8/5 4261/8/5 4272/8/5
f 4274/12/5 4269/12/5 4268/12/5
f 4274/8/5 4261/8/5 4273/8/5
f 4274/12/5 4268/12/5 4261/12/5
f 4275/8/5 4266/8/5 4269/8/5
f 4278/8/5 4271/8/5 4270/8/5
f 4279/8/5 4271/8/5 4278/8/5
f 4280/8/5 4271/8/5 4279/8/5
f 4284/12/5 4274/12/5 4273/12/5
f 4285/12/5 4269/12/5 4274/12/5
f 4285/12/5 4274/12/5 4284/12/5
f 4286/8/5 4276/8/5 4275/8/5
f 4286/12/5 4269/12/5 4285/12/5
f 4286/8/5 4275/8/5 4269/8/5
f 4287/8/5 4276/8/5 4286/8/5
f 4288/8/5 4276/8/5 4287/8/5
f 4289/8/5 4278/8/5 4277/8/5
f 4290/12/5 4279/12/5 4278/12/5
f 4290/8/5 4278/8/5 4289/8/5
f 4292/8/5 4283/8/5 4282/8/5
f 4293/8/5 4283/8/5 4292/8/5
f 4298/8/5 4286/8/5 4285/8/5
f 4299/12/5 4287/12/5 4286/12/5
f 4299/8/5 4286/8/5 4298/8/5
f 4300/8/5 4288/8/5 4287/8/5
f 4300/12/5 4287/12/5 4299/12/5
f 4300/8/5 4289/8/5 4288/8/5
f 4301/12/5 4290/12/5 4289/12/5
f 4301/8/5 4289/8/5 4300/8/5
f 4302/8/5 4292/8/5 4291/8/5
f 4302/8/5 4293/8/5 4292/8/5
f 4302/8/5 4294/8/5 4293/8/5
f 4303/8/5 4294/8/5 4302/8/5
f 4304/8/5 4294/8/5 4303/8/5
f 4307/7/5 4296/7/5 4295/7/5
f 4308/8/5 4302/8/5 4291/8/5
f 4309/12/5 4303/12/5 4302/12/5
f 4309/8/5 4302/8/5 4308/8/5
f 4310/8/5 4305/8/5 4304/8/5
f 4310/12/5 4303/12/5 4309/12/5
f 4310/8/5 4304/8/5 4303/8/5
f 4311/8/5 4305/8/5 4310/8/5
f 4312/7/5 4307/7/5 4306/7/5
f 4313/7/5 4296/7/5 4307/7/5
f 4313/7/5 4307/7/5 4312/7/5
f 4314/8/5 4298/8/5 4297/8/5
f 4315/12/5 4300/12/5 4299/12/5
f 4315/12/5 4299/12/5 4298/12/5
f 4315/8/5 4298/8/5 4314/8/5
f 4315/12/5 4301/12/5 4300/12/5
f 4316/12/5 4309/12/5 4308/12/5
f 4316/12/5 4311/12/5 4310/12/5
f 4316/8/5 4308/8/5 4291/8/5
f 4316/12/5 4310/12/5 4309/12/5
f 4317/12/5 4311/12/5 4316/12/5
f 4318/7/5 4313/7/5 4312/7/5
f 4318/12/5 4311/12/5 4317/12/5
f 4318/7/5 4312/7/5 4311/7/5
f 4319/7/5 4313/7/5 4318/7/5
f 4320/12/5 4318/12/5 4317/12/5
f 4320/7/5 4313/7/5 4319/7/5
f 4320/12/5 4319/12/5 4318/12/5
f 4321/7/5 4313/7/5 4320/7/5
f 4322/12/5 4321/12/5 4320/12/5
f 4322/7/5 4313/7/5 4321/7/5
f 4323/12/5 4314/12/5 4313/12/5
f 4323/7/5 4313/7/5 4322/7/5
f 4323/12/5 4315/12/5 4314/12/5
f 4324/12/5 4315/12/5 4323/12/5
f 4325/12/5 4301/12/5 4315/12/5
f 4325/12/5 4315/12/5 4324/12/5
f 4326/12/5 4301/12/5 4325/12/5
f 4327/12/5 4279/12/5 4290/12/5
f 4327/12/5 4301/12/5 4326/12/5
f 4327/12/5 4290/12/5 4301/12/5
f 4328/8/5 4281/8/5 4280/8/5
f 4328/12/5 4279/12/5 4327/12/5
f 4328/8/5 4280/8/5 4279/8/5
f 4329/8/5 4281/8/5 4328/8/5
f 4330/8/5 4281/8/5 4329/8/5
f 4331/12/5 4323/12/5 4322/12/5
f 4331/7/5 4324/7/5 4323/7/5
f 4332/12/5 4325/12/5 4324/12/5
f 4332/7/5 4324/7/5 4331/7/5
f 4333/8/5 4326/8/5 4325/8/5
f 4333/12/5 4325/12/5 4332/12/5
f 4334/12/5 4327/12/5 4326/12/5
f 4335/8/5 4329/8/5 4328/8/5
f 4335/12/5 4327/12/5 4334/12/5
f 4335/8/5 4328/8/5 4327/8/5
f 4336/8/5 4329/8/5 4335/8/5
f 4337/8/5 4329/8/5 4336/8/5
f 4338/8/5 4326/8/5 4333/8/5
f 4338/8/5 4333/8/5 4332/8/5
f 4339/12/5 4334/12/5 4326/12/5
f 4339/8/5 4326/8/5 4338/8/5
f 4340/12/5 4334/12/5 4339/12/5
f 4341/12/5 4334/12/5 4340/12/5
f 4342/8/5 4336/8/5 4335/8/5
f 4342/12/5 4334/12/5 4341/12/5
f 4342/8/5 4335/8/5 4334/8/5
f 4343/12/5 4332/12/5 4331/12/5
f 4343/12/5 4322/12/5 4320/12/5
f 4343/8/5 4317/8/5 4316/8/5
f 4343/12/5 4331/12/5 4322/12/5
f 4343/12/5 4320/12/5 4317/12/5
f 4344/12/5 4332/12/5 4343/12/5
f 4345/12/5 4341/12/5 4340/12/5
f 4346/12/5 4341/12/5 4345/12/5
f 4347/12/5 4341/12/5 4346/12/5
f 4348/8/5 4342/8/5 4341/8/5
f 4348/12/5 4341/12/5 4347/12/5
f 4349/8/5 4336/8/5 4342/8/5
f 4349/8/5 4342/8/5 4348/8/5
f 4350/8/5 4336/8/5 4349/8/5
f 4351/8/5 4316/8/5 4291/8/5
f 4351/8/5 4343/8/5 4316/8/5
f 4351/8/5 4344/8/5 4343/8/5
f 4352/8/5 4344/8/5 4351/8/5
f 4353/12/5 4332/12/5 4344/12/5
f 4353/8/5 4344/8/5 4352/8/5
f 4354/12/5 4332/12/5 4353/12/5
f 4355/12/5 4347/12/5 4346/12/5
f 4355/8/5 4346/8/5 4345/8/5
f 4356/12/5 4347/12/5 4355/12/5
f 4357/8/5 4348/8/5 4347/8/5
f 4357/8/5 4349/8/5 4348/8/5
f 4358/8/5 4349/8/5 4357/8/5
f 4359/8/5 4354/8/5 4353/8/5
f 4359/8/5 4353/8/5 4352/8/5
f 4360/8/5 4354/8/5 4359/8/5
f 4361/12/5 4332/12/5 4354/12/5
f 4361/8/5 4354/8/5 4360/8/5
f 4362/8/5 4338/8/5 4332/8/5
f 4362/12/5 4332/12/5 4361/12/5
f 4363/8/5 4356/8/5 4355/8/5
f 4363/8/5 4355/8/5 4345/8/5
f 4364/8/5 4356/8/5 4363/8/5
f 4365/12/5 4347/12/5 4356/12/5
f 4365/8/5 4356/8/5 4364/8/5
f 4366/8/5 4357/8/5 4347/8/5
f 4366/12/5 4347/12/5 4365/12/5
f 4367/8/5 4357/8/5 4366/8/5
f 4368/8/5 4361/8/5 4360/8/5
f 4368/8/5 4362/8/5 4361/8/5
f 4369/8/5 4362/8/5 4368/8/5
f 4370/8/5 4338/8/5 4362/8/5
f 4370/8/5 4362/8/5 4369/8/5
f 4371/8/5 4338/8/5 4370/8/5
f 4372/8/5 4365/8/5 4364/8/5
f 4373/8/5 4365/8/5 4372/8/5
f 4374/8/5 4370/8/5 4369/8/5
f 4375/8/5 4370/8/5 4374/8/5
f 4381/8/5 4377/8/5 4376/8/5
f 4382/8/5 4377/8/5 4381/8/5
f 4384/8/5 4379/8/5 4378/8/5
f 4385/8/5 4379/8/5 4384/8/5
f 4386/8/5 4381/8/5 4380/8/5
f 4387/8/5 4381/8/5 4386/8/5
f 4388/8/5 4384/8/5 4383/8/5
f 4390/8/5 4388/8/5 4383/8/5
f 4391/8/5 4388/8/5 4390/8/5
f 4392/8/5 4390/8/5 4389/8/5
f 4393/8/5 4392/8/5 4389/8/5
f 4394/8/5 4392/8/5 4393/8/5
f 4398/8/5 4396/8/5 4395/8/5
f 4398/8/5 4397/8/5 4396/8/5
f 4399/8/5 4397/8/5 4398/8/5
f 4402/8/5 4401/8/5 4400/8/5
f 4403/8/5 4401/8/5 4402/8/5
f 4409/7/5 4407/7/5 4406/7/5
f 4409/7/5 4408/7/5 4407/7/5
f 4410/7/5 4408/7/5 4409/7/5
f 4411/8/5 4405/8/5 4404/8/5
f 4412/8/5 4405/8/5 4411/8/5
f 4415/8/5 4414/8/5 4413/8/5
f 4416/8/5 4414/8/5 4415/8/5
f 4419/8/5 4418/8/5 4417/8/5
f 4420/8/5 4418/8/5 4419/8/5
f 4424/8/5 4421/8/5 4420/8/5
f 4425/8/5 4421/8/5 4424/8/5
f 4427/8/5 4423/8/5 4422/8/5
f 4428/8/5 4423/8/5 4427/8/5
f 4429/8/5 4427/8/5 4426/8/5
f 4430/8/5 4427/8/5 4429/8/5
f 4433/8/5 4432/8/5 4431/8/5
f 4434/8/5 4432/8/5 4433/8/5
f 4435/8/5 4432/8/5 4434/8/5
f 4436/8/5 4435/8/5 4434/8/5
f 4437/8/5 4435/8/5 4436/8/5
f 4446/12/5 4439/12/5 4438/12/5
f 4447/12/5 4439/12/5 4446/12/5
f 4448/8/5 4441/8/5 4440/8/5
f 4449/8/5 4441/8/5 4448/8/5
f 4450/12/5 4443/12/5 4442/12/5
f 4451/12/5 4443/12/5 4450/12/5
f 4452/8/5 4445/8/5 4444/8/5
f 4453/12/5 4446/12/5 4445/12/5
f 4453/8/5 4445/8/5 4452/8/5
f 4454/12/5 4446/12/5 4453/12/5
f 4455/12/5 4446/12/5 4454/12/5
f 4456/12/5 4455/12/5 4454/12/5
f 4457/12/5 4455/12/5 4456/12/5
f 4462/10/5 4459/10/5 4458/10/5
f 4463/10/5 4459/10/5 4462/10/5
f 4464/10/5 4461/10/5 4460/10/5
f 4465/10/5 4461/10/5 4464/10/5
f 4466/9/5 4465/9/5 4464/9/5
f 4467/9/5 4465/9/5 4466/9/5
f 4470/8/5 4469/8/5 4468/8/5
f 4471/8/5 4469/8/5 4470/8/5
f 4476/12/5 4473/12/5 4472/12/5
f 4477/12/5 4473/12/5 4476/12/5
f 4478/12/5 4475/12/5 4474/12/5
f 4479/12/5 4475/12/5 4478/12/5
f 4483/1/5 4481/1/5 4480/1/5
f 4484/1/5 4481/1/5 4483/1/5
f 4489/1/5 4483/1/5 4482/1/5
f 4489/1/5 4484/1/5 4483/1/5
f 4489/1/5 4485/1/5 4484/1/5
f 4490/1/5 4485/1/5 4489/1/5
f 4494/10/5 4487/10/5 4486/10/5
f 4495/10/5 4487/10/5 4494/10/5
f 4497/1/5 4489/1/5 4488/1/5
f 4497/1/5 4490/1/5 4489/1/5
f 4497/1/5 4491/1/5 4490/1/5
f 4498/1/5 4491/1/5 4497/1/5
f 4499/1/5 4491/1/5 4498/1/5
f 4500/1/5 4491/1/5 4499/1/5
f 4502/10/5 4493/10/5 4492/10/5
f 4503/9/5 4494/9/5 4493/9/5
f 4503/10/5 4493/10/5 4502/10/5
f 4504/9/5 4494/9/5 4503/9/5
f 4505/1/5 4497/1/5 4496/1/5
f 4505/1/5 4498/1/5 4497/1/5
f 4506/1/5 4498/1/5 4505/1/5
f 4507/1/5 4498/1/5 4506/1/5
f 4508/1/5 4501/1/5 4500/1/5
f 4508/1/5 4500/1/5 4499/1/5
f 4509/1/5 4501/1/5 4508/1/5
f 4510/1/5 4501/1/5 4509/1/5
f 4511/9/5 4503/9/5 4502/9/5
f 4512/9/5 4503/9/5 4511/9/5
f 4513/1/5 4507/1/5 4506/1/5
f 4513/1/5 4509/1/5 4508/1/5
f 4513/1/5 4508/1/5 4507/1/5
f 4514/1/5 4509/1/5 4513/1/5
f 4515/1/5 4509/1/5 4514/1/5
f 4516/1/5 4509/1/5 4515/1/5
f 4517/1/5 4515/1/5 4514/1/5
f 4518/1/5 4515/1/5 4517/1/5
f 4519/1/5 4515/1/5 4518/1/5
f 4520/1/5 4515/1/5 4519/1/5
f 4521/1/5 4519/1/5 4518/1/5
f 4522/1/5 4519/1/5 4521/1/5
f 4525/12/5 4524/12/5 4523/12/5
f 4526/12/5 4524/12/5 4525/12/5
f 4529/4/5 4528/4/5 4527/4/5
f 4532/4/5 4528/4/5 4529/4/5
f 4533/4/5 4528/4/5 4532/4/5
f 4535/12/5 4531/12/5 4530/12/5
f 4536/12/5 4531/12/5 4535/12/5
f 4537/12/5 4535/12/5 4534/12/5
f 4538/12/5 4535/12/5 4537/12/5
f 4542/12/5 4539/12/5 4538/12/5
f 4543/12/5 4539/12/5 4542/12/5
f 4549/9/5 4541/9/5 4540/9/5
f 4550/9/5 4541/9/5 4549/9/5
f 4551/12/5 4545/12/5 4544/12/5
f 4552/12/5 4545/12/5 4551/12/5
f 4553/9/5 4547/9/5 4546/9/5
f 4554/9/5 4547/9/5 4553/9/5
f 4556/9/5 4549/9/5 4548/9/5
f 4557/9/5 4549/9/5 4556/9/5
f 4558/9/5 4556/9/5 4555/9/5
f 4559/9/5 4556/9/5 4558/9/5
f 4562/12/5 4561/12/5 4560/12/5
f 4563/12/5 4561/12/5 4562/12/5
f 4567/12/5 4565/12/5 4564/12/5
f 4568/12/5 4565/12/5 4567/12/5
f 4569/12/5 4567/12/5 4566/12/5
f 4570/12/5 4567/12/5 4569/12/5
f 4575/9/5 4572/9/5 4571/9/5
f 4576/9/5 4572/9/5 4575/9/5
f 4579/9/5 4574/9/5 4573/9/5
f 4580/9/5 4574/9/5 4579/9/5
f 4582/1/5 4578/1/5 4577/1/5
f 4583/1/5 4578/1/5 4582/1/5
f 4586/1/5 4582/1/5 4581/1/5
f 4586/1/5 4584/1/5 4583/1/5
f 4586/1/5 4583/1/5 4582/1/5
f 4587/1/5 4584/1/5 4586/1/5
f 4590/1/5 4586/1/5 4585/1/5
f 4590/1/5 4588/1/5 4587/1/5
f 4590/1/5 4587/1/5 4586/1/5
f 4591/1/5 4588/1/5 4590/1/5
f 4592/1/5 4588/1/5 4591/1/5
f 4593/1/5 4588/1/5 4592/1/5
f 4595/1/5 4590/1/5 4589/1/5
f 4595/1/5 4591/1/5 4590/1/5
f 4596/1/5 4591/1/5 4595/1/5
f 4597/1/5 4591/1/5 4596/1/5
f 4598/1/5 4594/1/5 4593/1/5
f 4598/1/5 4593/1/5 4592/1/5
f 4599/1/5 4594/1/5 4598/1/5
f 4600/1/5 4594/1/5 4599/1/5
f 4601/1/5 4597/1/5 4596/1/5
f 4601/1/5 4599/1/5 4598/1/5
f 4601/1/5 4598/1/5 4597/1/5
f 4602/1/5 4599/1/5 4601/1/5
f 4603/1/5 4599/1/5 4602/1/5
f 4604/1/5 4599/1/5 4603/1/5
f 4605/1/5 4603/1/5 4602/1/5
f 4606/1/5 4603/1/5 4605/1/5
f 4607/1/5 4603/1/5 4606/1/5
f 4608/1/5 4603/1/5 4607/1/5
f 4609/1/5 4607/1/5 4606/1/5
f 4610/1/5 4607/1/5 4609/1/5
f 4614/12/5 4612/12/5 4611/12/5
f 4615/12/5 4612/12/5 4614/12/5
f 4616/12/5 4614/12/5 4613/12/5
f 4617/12/5 4614/12/5 4616/12/5
f 4620/12/5 4619/12/5 4618/12/5
f 4621/12/5 4619/12/5 4620/12/5
f 4626/10/5 4623/10/5 4622/10/5
f 4627/9/5 4624/9/5 4623/9/5
f 4627/10/5 4623/10/5 4626/10/5
f 4628/9/5 4624/9/5 4627/9/5
f 4629/9/5 4626/9/5 4625/9/5
f 4629/9/5 4627/9/5 4626/9/5
f 4630/9/5 4627/9/5 4629/9/5
f 4633/1/5 4632/1/5 4631/1/5
f 4634/1/5 4632/1/5 4633/1/5
f 4638/11/5 4636/11/5 4635/11/5
f 4639/11/5 4636/11/5 4638/11/5
f 4640/11/5 4638/11/5 4637/11/5
f 4641/11/5 4638/11/5 4640/11/5
f 4645/1/5 4643/1/5 4642/1/5
f 4646/1/5 4643/1/5 4645/1/5
f 4648/1/5 4645/1/5 4644/1/5
f 4649/1/5 4645/1/5 4648/1/5
f 4650/1/5 4647/1/5 4646/1/5
f 4651/1/5 4647/1/5 4650/1/5
f 4652/1/5 4650/1/5 4649/1/5
f 4653/1/5 4650/1/5 4652/1/5
f 4657/11/5 4655/11/5 4654/11/5
f 4658/11/5 4655/11/5 4657/11/5
f 4659/11/5 4657/11/5 4656/11/5
f 4660/11/5 4657/11/5 4659/11/5
f 4663/9/5 4662/9/5 4661/9/5
f 4664/9/5 4662/9/5 4663/9/5
f 4667/1/5 4666/1/5 4665/1/5
f 4668/1/5 4666/1/5 4667/1/5
f 4672/1/5 4670/1/5 4669/1/5
f 4673/1/5 4670/1/5 4672/1/5
f 4676/1/5 4672/1/5 4671/1/5
f 4676/1/5 4674/1/5 4673/1/5
f 4676/1/5 4673/1/5 4672/1/5
f 4677/1/5 4674/1/5 4676/1/5
f 4680/1/5 4676/1/5 4675/1/5
f 4680/1/5 4678/1/5 4677/1/5
f 4680/1/5 4677/1/5 4676/1/5
f 4681/1/5 4678/1/5 4680/1/5
f 4683/1/5 4680/1/5 4679/1/5
f 4683/1/5 4682/1/5 4681/1/5
f 4683/1/5 4681/1/5 4680/1/5
f 4684/1/5 4682/1/5 4683/1/5
f 4685/1/5 4682/1/5 4684/1/5
f 4686/1/5 4682/1/5 4685/1/5
f 4688/1/5 4684/1/5 4683/1/5
f 4689/1/5 4684/1/5 4688/1/5
f 4690/1/5 4684/1/5 4689/1/5
f 4691/1/5 4687/1/5 4686/1/5
f 4691/1/5 4686/1/5 4685/1/5
f 4692/1/5 4687/1/5 4691/1/5
f 4693/1/5 4687/1/5 4692/1/5
f 4694/1/5 4690/1/5 4689/1/5
f 4694/1/5 4692/1/5 4691/1/5
f 4694/1/5 4691/1/5 4690/1/5
f 4695/1/5 4692/1/5 4694/1/5
f 4696/1/5 4694/1/5 4689/1/5
f 4697/1/5 4694/1/5 4696/1/5
f 4698/1/5 4694/1/5 4697/1/5
f 4699/1/5 4694/1/5 4698/1/5
f 4700/1/5 4698/1/5 4697/1/5
f 4701/1/5 4698/1/5 4700/1/5
f 4702/1/5 4698/1/5 4701/1/5
f 4703/1/5 4698/1/5 4702/1/5
f 4704/1/5 4702/1/5 4701/1/5
f 4705/1/5 4702/1/5 4704/1/5
f 4709/1/5 4707/1/5 4706/1/5
f 4710/1/5 4707/1/5 4709/1/5
f 4712/1/5 4709/1/5 4708/1/5
f 4712/1/5 4711/1/5 4710/1/5
f 4712/1/5 4710/1/5 4709/1/5
f 4713/1/5 4711/1/5 4712/1/5
f 4714/1/5 4711/1/5 4713/1/5
f 4715/1/5 4711/1/5 4714/1/5
f 4716/1/5 4714/1/5 4713/1/5
f 4717/1/5 4714/1/5 4716/1/5
f 4720/1/5 4719/1/5 4718/1/5
f 4721/1/5 4719/1/5 4720/1/5
f 4722/7/6 4723/7/6 4725/7/6
f 4724/7/6 4725/7/6 4727/7/6
f 4725/7/6 4723/7/6 4728/7/6
f 4727/7/6 4725/7/6 4728/7/6
f 4726/7/6 4727/7/6 4729/7/6
f 4729/7/6 4727/7/6 4730/7/6
f 4730/7/6 4727/7/6 4731/7/6
f 4732/7/6 4733/7/6 4735/7/6
f 4733/7/6 4734/7/6 4735/7/6
f 4735/7/6 4734/7/6 4736/7/6
f 4739/8/6 4740/8/6 4741/8/6
f 4741/8/6 4740/8/6 4742/8/6
f 4737/8/6 4738/8/6 4743/8/6
f 4743/8/6 4738/8/6 4744/8/6
f 4747/8/6 4748/8/6 4750/8/6
f 4750/8/6 4748/8/6 4751/8/6
f 4749/8/6 4750/8/6 4752/8/6
f 4752/8/6 4750/8/6 4753/8/6
f 4745/8/6 4746/8/6 4757/8/6
f 4757/8/6 4746/8/6 4758/8/6
f 4755/2/6 4756/2/6 4760/2/6
f 4760/2/6 4756/2/6 4761/2/6
f 4753/8/6 4754/8/6 4764/8/6
f 4764/8/6 4754/8/6 4765/8/6
f 4758/8/6 4759/8/6 4768/8/6
f 4768/8/6 4759/8/6 4769/8/6
f 4762/8/6 4763/8/6 4770/8/6
f 4770/8/6 4763/8/6 4771/8/6
f 4767/8/6 4768/8/6 4773/8/6
f 4773/8/6 4768/8/6 4774/8/6
f 4770/8/6 4771/8/6 4775/8/6
f 4775/8/6 4771/8/6 4776/8/6
f 4755/2/6 4760/2/6 4779/2/6
f 4779/2/6 4760/2/6 4780/2/6
f 4778/2/6 4779/2/6 4782/2/6
f 4782/2/6 4779/2/6 4783/2/6
f 4781/2/6 4782/2/6 4787/2/6
f 4787/2/6 4782/2/6 4788/2/6
f 4776/8/6 4777/8/6 4789/8/6
f 4789/8/6 4777/8/6 4790/8/6
f 4765/8/6 4766/8/6 4791/8/6
f 4791/8/6 4766/8/6 4792/8/6
f 4772/8/6 4773/8/6 4793/8/6
f 4793/8/6 4773/8/6 4794/8/6
f 4784/12/6 4785/12/6 4796/12/6
f 4796/12/6 4785/12/6 4797/12/6
f 4790/8/6 4791/8/6 4799/8/6
f 4799/8/6 4791/8/6 4800/8/6
f 4794/8/6 4795/8/6 4801/8/6
f 4795/8/6 4796/8/6 4801/8/6
f 4801/8/6 4796/8/6 4802/8/6
f 4797/12/6 4798/12/6 4803/12/6
f 4803/12/6 4798/12/6 4804/12/6
f 4786/8/6 4787/8/6 4807/8/6
f 4807/8/6 4787/8/6 4808/8/6
f 4804/8/6 4805/8/6 4809/8/6
f 4804/8/6 4809/8/6 4810/8/6
f 4810/8/6 4809/8/6 4811/8/6
f 4806/8/6 4807/8/6 4814/8/6
f 4814/8/6 4807/8/6 4815/8/6
f 4811/8/6 4812/8/6 4818/8/6
f 4818/8/6 4812/8/6 4819/8/6
f 4813/8/6 4814/8/6 4820/8/6
f 4820/8/6 4814/8/6 4821/8/6
f 4816/8/6 4817/8/6 4824/8/6
f 4824/8/6 4817/8/6 4825/8/6
f 4821/8/6 4822/8/6 4829/8/6
f 4819/8/6 4820/8/6 4829/8/6
f 4820/8/6 4821/8/6 4829/8/6
f 4829/8/6 4822/8/6 4830/8/6
f 4830/8/6 4822/8/6 4831/8/6
f 4831/8/6 4822/8/6 4832/8/6
f 4832/8/6 4822/8/6 4833/8/6
f 4833/8/6 4822/8/6 4834/8/6
f 4823/8/6 4824/8/6 4835/8/6
f 4835/8/6 4824/8/6 4836/8/6
f 4825/8/6 4826/8/6 4837/8/6
f 4837/8/6 4826/8/6 4838/8/6
f 4827/8/6 4828/8/6 4840/8/6
f 4840/8/6 4828/8/6 4841/8/6
f 4830/8/6 4831/8/6 4844/8/6
f 4844/8/6 4831/8/6 4845/8/6
f 4834/8/6 4835/8/6 4846/8/6
f 4846/8/6 4835/8/6 4847/8/6
f 4839/8/6 4840/8/6 4848/8/6
f 4848/8/6 4840/8/6 4849/8/6
f 4841/8/6 4842/8/6 4850/8/6
f 4850/8/6 4842/8/6 4851/8/6
f 4843/8/6 4844/8/6 4853/8/6
f 4853/8/6 4844/8/6 4854/8/6
f 4851/8/6 4852/8/6 4855/8/6
f 4855/8/6 4852/8/6 4856/8/6
f 4853/12/6 4854/12/6 4859/12/6
f 4859/12/6 4854/12/6 4860/12/6
f 4855/12/6 4856/12/6 4861/12/6
f 4861/12/6 4856/12/6 4862/12/6
f 4857/9/6 4858/9/6 4864/9/6
f 4864/9/6 4858/9/6 4865/9/6
f 4862/12/6 4863/12/6 4868/12/6
f 4868/12/6 4863/12/6 4869/12/6
f 4866/8/6 4867/8/6 4871/8/6
f 4871/8/6 4867/8/6 4872/8/6
f 4870/8/6 4871/8/6 4876/8/6
f 4876/8/6 4871/8/6 4877/8/6
f 4873/8/6 4874/8/6 4878/8/6
f 4878/8/6 4874/8/6 4879/8/6
f 4875/8/6 4876/8/6 4885/8/6
f 4885/8/6 4876/8/6 4886/8/6
f 4880/8/6 4881/8/6 4887/8/6
f 4887/8/6 4881/8/6 4888/8/6
f 4884/8/6 4885/8/6 4891/8/6
f 4891/8/6 4885/8/6 4892/8/6
f 4888/8/6 4889/8/6 4893/8/6
f 4893/8/6 4889/8/6 4894/8/6
f 4890/8/6 4891/8/6 4897/8/6
f 4897/8/6 4891/8/6 4898/8/6
f 4895/8/6 4896/8/6 4899/8/6
f 4899/8/6 4896/8/6 4900/8/6
f 4882/8/6 4883/8/6 4901/8/6
f 4901/8/6 4883/8/6 4902/8/6
f 4900/8/6 4901/8/6 4903/8/6
f 4903/8/6 4901/8/6 4904/8/6
f 4905/8/6 4906/8/6 4909/8/6
f 4907/8/6 4908/8/6 4910/8/6
f 4910/8/6 4908/8/6 4911/8/6
f 4905/8/6 4909/8/6 4914/8/6
f 4914/8/6 4909/8/6 4915/8/6
f 4915/8/6 4909/8/6 4916/8/6
f 4916/8/6 4909/8/6 4917/8/6
f 4912/8/6 4913/8/6 4918/8/6
f 4918/8/6 4913/8/6 4919/8/6
f 4916/12/6 4917/12/6 4922/12/6
f 4922/12/6 4917/12/6 4923/12/6
f 4920/8/6 4921/8/6 4924/8/6
f 4924/8/6 4921/8/6 4925/8/6
f 4925/8/6 4926/8/6 4927/8/6
f 4927/8/6 4926/8/6 4928/8/6
f 4929/8/6 4930/8/6 4932/8/6
f 4932/8/6 4930/8/6 4933/8/6
f 4931/8/6 4932/8/6 4936/8/6
f 4936/8/6 4932/8/6 4937/8/6
f 4938/2/6 4939/2/6 4945/2/6
f 4945/2/6 4939/2/6 4946/2/6
f 4940/12/6 4941/12/6 4948/12/6
f 4934/8/6 4935/8/6 4949/8/6
f 4949/8/6 4935/8/6 4950/8/6
f 4943/2/6 4944/2/6 4953/2/6
f 4947/12/6 4948/12/6 4957/12/6
f 4948/12/6 4941/12/6 4958/12/6
f 4957/12/6 4948/12/6 4958/12/6
f 4941/8/6 4942/8/6 4959/8/6
f 4958/12/6 4941/12/6 4959/12/6
f 4959/8/6 4942/8/6 4960/8/6
f 4951/12/6 4952/12/6 4964/12/6
f 4952/2/6 4953/2/6 4965/2/6
f 4964/12/6 4952/12/6 4965/12/6
f 4954/4/6 4955/4/6 4966/4/6
f 4955/12/6 4956/12/6 4967/12/6
f 4966/4/6 4955/4/6 4967/4/6
f 4967/12/6 4956/12/6 4968/12/6
f 4957/12/6 4958/12/6 4969/12/6
f 4969/12/6 4958/12/6 4970/12/6
f 4959/12/6 4960/12/6 4971/12/6
f 4964/2/6 4965/2/6 4974/2/6
f 4969/8/6 4970/8/6 4975/8/6
f 4970/8/6 4971/8/6 4975/8/6
f 4971/12/6 4960/12/6 4975/12/6
f 4960/8/6 4961/8/6 4976/8/6
f 4975/12/6 4960/12/6 4976/12/6
f 4962/8/6 4963/8/6 4978/8/6
f 4978/8/6 4963/8/6 4979/8/6
f 4973/4/6 4974/4/6 4980/4/6
f 4972/4/6 4973/4/6 4980/4/6
f 4974/2/6 4965/2/6 4981/2/6
f 4980/4/6 4974/4/6 4981/4/6
f 4969/8/6 4975/8/6 4982/8/6
f 4975/8/6 4976/8/6 4982/8/6
f 4982/8/6 4976/8/6 4983/8/6
f 4978/8/6 4979/8/6 4984/8/6
f 4977/8/6 4978/8/6 4984/8/6
f 4972/4/6 4980/4/6 4987/4/6
f 4987/4/6 4980/4/6 4988/4/6
f 4980/2/6 4981/2/6 4989/2/6
f 4988/4/6 4980/4/6 4989/4/6
f 4981/2/6 4965/2/6 4990/2/6
f 4989/2/6 4981/2/6 4990/2/6
f 4953/2/6 4944/2/6 4991/2/6
f 4990/2/6 4965/2/6 4991/2/6
f 4965/2/6 4953/2/6 4991/2/6
f 4984/12/6 4985/12/6 4992/12/6
f 4986/4/6 4987/4/6 4994/4/6
f 4987/4/6 4988/4/6 4994/4/6
f 4988/2/6 4989/2/6 4995/2/6
f 4994/4/6 4988/4/6 4995/4/6
f 4989/2/6 4990/2/6 4995/2/6
f 4995/2/6 4990/2/6 4996/2/6
f 4996/2/6 4990/2/6 4997/2/6
f 4992/12/6 4993/12/6 4998/12/6
f 4984/12/6 4992/12/6 4998/12/6
f 4998/12/6 4993/12/6 4999/12/6
f 4994/12/6 4995/12/6 5001/12/6
f 5001/12/6 4995/12/6 5002/12/6
f 4995/2/6 4996/2/6 5003/2/6
f 5002/12/6 4995/12/6 5003/12/6
f 5003/2/6 4996/2/6 5004/2/6
f 4983/8/6 4976/8/6 5005/8/6
f 4976/8/6 4961/8/6 5006/8/6
f 5005/8/6 4976/8/6 5006/8/6
f 4977/8/6 4984/8/6 5007/8/6
f 4984/12/6 4998/12/6 5008/12/6
f 5007/8/6 4984/8/6 5008/8/6
f 5008/12/6 4998/12/6 5009/12/6
f 4999/12/6 4993/12/6 5010/12/6
f 5010/12/6 4993/12/6 5011/12/6
f 5000/12/6 5001/12/6 5013/12/6
f 5001/12/6 5002/12/6 5013/12/6
f 5013/12/6 5002/12/6 5014/12/6
f 5002/8/6 5003/8/6 5015/8/6
f 5014/12/6 5002/12/6 5015/12/6
f 5013/12/6 5014/12/6 5017/12/6
f 5012/12/6 5013/12/6 5017/12/6
f 5014/8/6 5015/8/6 5018/8/6
f 5017/12/6 5014/12/6 5018/12/6
f 5015/8/6 5003/8/6 5019/8/6
f 5018/8/6 5015/8/6 5019/8/6
f 5019/8/6 5003/8/6 5020/8/6
f 5016/12/6 5017/12/6 5021/12/6
f 5017/8/6 5018/8/6 5022/8/6
f 5021/12/6 5017/12/6 5022/12/6
f 5018/8/6 5019/8/6 5022/8/6
f 5021/8/6 5022/8/6 5023/8/6
f 5023/8/6 5022/8/6 5024/8/6
f 5022/8/6 5019/8/6 5025/8/6
f 5024/8/6 5022/8/6 5025/8/6
f 5025/8/6 5019/8/6 5026/8/6
f 5024/8/6 5025/8/6 5027/8/6
f 5027/8/6 5025/8/6 5028/8/6
f 5029/8/6 5030/8/6 5036/8/6
f 5036/8/6 5030/8/6 5037/8/6
f 5037/8/6 5030/8/6 5038/8/6
f 5031/8/6 5032/8/6 5042/8/6
f 5032/12/6 5033/12/6 5043/12/6
f 5042/8/6 5032/8/6 5043/8/6
f 5043/12/6 5033/12/6 5044/12/6
f 5033/8/6 5034/8/6 5045/8/6
f 5044/12/6 5033/12/6 5045/12/6
f 5045/8/6 5034/8/6 5046/8/6
f 5035/8/6 5036/8/6 5047/8/6
f 5036/8/6 5037/8/6 5047/8/6
f 5047/8/6 5037/8/6 5048/8/6
f 5048/8/6 5037/8/6 5049/8/6
f 5039/8/6 5040/8/6 5050/8/6
f 5050/8/6 5040/8/6 5051/8/6
f 5051/8/6 5040/8/6 5052/8/6
f 5052/8/6 5040/8/6 5053/8/6
f 5045/2/6 5046/2/6 5055/2/6
f 5044/2/6 5045/2/6 5055/2/6
f 5046/2/6 5047/2/6 5055/2/6
f 5047/8/6 5048/8/6 5055/8/6
f 5055/8/6 5048/8/6 5056/8/6
f 5052/12/6 5053/12/6 5057/12/6
f 5053/8/6 5054/8/6 5058/8/6
f 5057/12/6 5053/12/6 5058/12/6
f 5058/8/6 5054/8/6 5059/8/6
f 5043/12/6 5044/12/6 5063/12/6
f 5041/12/6 5042/12/6 5063/12/6
f 5042/12/6 5043/12/6 5063/12/6
f 5063/12/6 5044/12/6 5064/12/6
f 5044/2/6 5055/2/6 5065/2/6
f 5064/12/6 5044/12/6 5065/12/6
f 5065/2/6 5055/2/6 5066/2/6
f 5066/2/6 5055/2/6 5067/2/6
f 5067/2/6 5055/2/6 5068/2/6
f 5058/12/6 5059/12/6 5069/12/6
f 5060/9/6 5061/9/6 5073/9/6
f 5073/9/6 5061/9/6 5074/9/6
f 5063/12/6 5064/12/6 5075/12/6
f 5062/12/6 5063/12/6 5075/12/6
f 5075/12/6 5064/12/6 5076/12/6
f 5076/12/6 5064/12/6 5077/12/6
f 5077/12/6 5064/12/6 5078/12/6
f 5066/2/6 5067/2/6 5079/2/6
f 5079/2/6 5067/2/6 5080/2/6
f 5058/12/6 5069/12/6 5081/12/6
f 5069/12/6 5070/12/6 5081/12/6
f 5081/12/6 5070/12/6 5082/12/6
f 5071/7/6 5072/7/6 5083/7/6
f 5076/12/6 5077/12/6 5084/12/6
f 5082/12/6 5070/12/6 5085/12/6
f 5085/12/6 5070/12/6 5086/12/6
f 5086/12/6 5070/12/6 5087/12/6
f 5071/7/6 5083/7/6 5088/7/6
f 5086/12/6 5087/12/6 5089/12/6
f 5087/12/6 5088/12/6 5089/12/6
f 5089/12/6 5088/12/6 5090/12/6
f 5088/7/6 5083/7/6 5091/7/6
f 5090/12/6 5088/12/6 5091/12/6
f 5091/7/6 5083/7/6 5092/7/6
f 5084/12/6 5077/12/6 5095/12/6
f 5095/12/6 5077/12/6 5096/12/6
f 5092/12/6 5093/12/6 5097/12/6
f 5090/12/6 5091/12/6 5097/12/6
f 5091/12/6 5092/12/6 5097/12/6
f 5094/7/6 5095/7/6 5098/7/6
f 5098/7/6 5095/7/6 5099/7/6
f 5097/12/6 5098/12/6 5103/12/6
f 5099/8/6 5100/8/6 5104/8/6
f 5103/12/6 5098/12/6 5104/12/6
f 5098/8/6 5099/8/6 5104/8/6
f 5104/8/6 5100/8/6 5105/8/6
f 5105/8/6 5100/8/6 5106/8/6
f 5101/8/6 5102/8/6 5108/8/6
f 5108/8/6 5102/8/6 5109/8/6
f 5097/12/6 5103/12/6 5110/12/6
f 5090/12/6 5097/12/6 5110/12/6
f 5103/8/6 5104/8/6 5111/8/6
f 5110/12/6 5103/12/6 5111/12/6
f 5104/8/6 5105/8/6 5111/8/6
f 5107/8/6 5108/8/6 5112/8/6
f 5112/8/6 5108/8/6 5113/8/6
f 5110/8/6 5111/8/6 5114/8/6
f 5114/8/6 5111/8/6 5115/8/6
f 5115/8/6 5111/8/6 5116/8/6
f 5111/8/6 5105/8/6 5117/8/6
f 5116/8/6 5111/8/6 5117/8/6
f 5118/12/6 5119/12/6 5122/12/6
f 5122/12/6 5119/12/6 5123/12/6
f 5120/8/6 5121/8/6 5126/8/6
f 5126/8/6 5121/8/6 5127/8/6
f 5123/12/6 5124/12/6 5128/12/6
f 5128/12/6 5124/12/6 5129/12/6
f 5129/12/6 5130/12/6 5131/12/6
f 5131/12/6 5130/12/6 5132/12/6
f 5125/8/6 5126/8/6 5135/8/6
f 5135/8/6 5126/8/6 5136/8/6
f 5134/8/6 5135/8/6 5138/8/6
f 5138/8/6 5135/8/6 5139/8/6
f 5140/12/6 5141/12/6 5142/12/6
f 5142/12/6 5141/12/6 5143/12/6
f 5143/12/6 5141/12/6 5144/12/6
f 5144/12/6 5141/12/6 5145/12/6
f 5132/8/6 5133/8/6 5146/8/6
f 5146/8/6 5133/8/6 5147/8/6
f 5137/8/6 5138/8/6 5148/8/6
f 5148/8/6 5138/8/6 5149/8/6
f 5143/4/6 5144/4/6 5150/4/6
f 5143/4/6 5150/4/6 5154/4/6
f 5154/4/6 5150/4/6 5155/4/6
f 5151/12/6 5152/12/6 5158/12/6
f 5158/12/6 5152/12/6 5159/12/6
f 5153/2/6 5154/2/6 5160/2/6
f 5160/2/6 5154/2/6 5161/2/6
f 5155/4/6 5156/4/6 5162/4/6
f 5162/4/6 5156/4/6 5163/4/6
f 5157/12/6 5158/12/6 5166/12/6
f 5166/12/6 5158/12/6 5167/12/6
f 5163/4/6 5164/4/6 5170/4/6
f 5170/4/6 5164/4/6 5171/4/6
f 5165/12/6 5166/12/6 5172/12/6
f 5172/12/6 5166/12/6 5173/12/6
f 5168/12/6 5169/12/6 5174/12/6
f 5174/12/6 5169/12/6 5175/12/6
f 5176/10/6 5177/10/6 5178/10/6
f 5178/10/6 5177/10/6 5179/10/6
f 5174/8/6 5175/8/6 5180/8/6
f 5180/8/6 5175/8/6 5181/8/6
f 5180/12/6 5181/12/6 5184/12/6
f 5184/12/6 5181/12/6 5185/12/6
f 5182/12/6 5183/12/6 5186/12/6
f 5185/12/6 5186/12/6 5187/12/6
f 5187/12/6 5186/12/6 5188/12/6
f 5186/12/6 5183/12/6 5189/12/6
f 5188/12/6 5186/12/6 5189/12/6
f 5189/12/6 5183/12/6 5193/12/6
f 5193/12/6 5183/12/6 5194/12/6
f 5190/12/6 5191/12/6 5195/12/6
f 5195/12/6 5191/12/6 5196/12/6
f 5192/12/6 5193/12/6 5197/12/6
f 5194/12/6 5195/12/6 5198/12/6
f 5198/12/6 5195/12/6 5199/12/6
f 5192/12/6 5197/12/6 5200/12/6
f 5197/12/6 5198/12/6 5200/12/6
f 5200/12/6 5198/12/6 5201/12/6
f 5202/6/6 5203/6/6 5204/6/6
f 5204/6/6 5203/6/6 5205/6/6
f 5204/6/6 5205/6/6 5207/6/6
f 5205/6/6 5206/6/6 5207/6/6
f 5207/6/6 5206/6/6 5208/6/6
f 5209/12/6 5210/12/6 5213/12/6
f 5213/12/6 5214/12/6 5215/12/6
f 5211/8/6 5212/8/6 5218/8/6
f 5218/8/6 5212/8/6 5219/8/6
f 5215/12/6 5216/12/6 5222/12/6
f 5209/12/6 5213/12/6 5222/12/6
f 5213/12/6 5215/12/6 5222/12/6
f 5219/12/6 5220/12/6 5223/12/6
f 5218/12/6 5219/12/6 5223/12/6
f 5223/12/6 5220/12/6 5224/12/6
f 5221/12/6 5222/12/6 5226/12/6
f 5217/8/6 5218/8/6 5228/8/6
f 5218/12/6 5223/12/6 5229/12/6
f 5228/8/6 5218/8/6 5229/8/6
f 5229/12/6 5223/12/6 5230/12/6
f 5225/12/6 5226/12/6 5232/12/6
f 5226/12/6 5222/12/6 5233/12/6
f 5232/12/6 5226/12/6 5233/12/6
f 5222/12/6 5216/12/6 5234/12/6
f 5233/12/6 5222/12/6 5234/12/6
f 5227/8/6 5228/8/6 5235/8/6
f 5228/8/6 5229/8/6 5235/8/6
f 5235/8/6 5229/8/6 5236/8/6
f 5231/12/6 5232/12/6 5237/12/6
f 5237/12/6 5232/12/6 5238/12/6
f 5227/8/6 5235/8/6 5241/8/6
f 5227/8/6 5241/8/6 5244/8/6
f 5244/8/6 5241/8/6 5245/8/6
f 5237/2/6 5238/2/6 5247/2/6
f 5242/12/6 5243/12/6 5248/12/6
f 5248/12/6 5243/12/6 5249/12/6
f 5234/12/6 5216/12/6 5250/12/6
f 5250/12/6 5216/12/6 5251/12/6
f 5246/2/6 5247/2/6 5252/2/6
f 5247/2/6 5238/2/6 5253/2/6
f 5252/2/6 5247/2/6 5253/2/6
f 5253/2/6 5238/2/6 5254/2/6
f 5248/4/6 5249/4/6 5255/4/6
f 5255/4/6 5249/4/6 5256/4/6
f 5239/12/6 5240/12/6 5257/12/6
f 5257/12/6 5240/12/6 5258/12/6
f 5256/12/6 5257/12/6 5259/12/6
f 5259/12/6 5257/12/6 5260/12/6
f 5260/12/6 5261/12/6 5262/12/6
f 5262/12/6 5261/12/6 5263/12/6
f 5263/12/6 5261/12/6 5264/12/6
f 5265/12/6 5266/12/6 5267/12/6
f 5267/12/6 5268/12/6 5269/12/6
f 5269/12/6 5268/12/6 5270/12/6
f 5265/12/6 5267/12/6 5273/12/6
f 5267/12/6 5269/12/6 5273/12/6
f 5273/12/6 5269/12/6 5274/12/6
f 5271/4/6 5272/4/6 5276/4/6
f 5276/4/6 5272/4/6 5277/4/6
f 5275/4/6 5276/4/6 5281/4/6
f 5281/4/6 5276/4/6 5282/4/6
f 5278/12/6 5279/12/6 5283/12/6
f 5283/12/6 5279/12/6 5284/12/6
f 5280/12/6 5281/12/6 5286/12/6
f 5286/12/6 5281/12/6 5287/12/6
f 5285/12/6 5286/12/6 5288/12/6
f 5288/12/6 5286/12/6 5289/12/6
f 5290/8/6 5291/8/6 5293/8/6
f 5293/8/6 5291/8/6 5294/8/6
f 5292/8/6 5293/8/6 5297/8/6
f 5297/8/6 5293/8/6 5298/8/6
f 5298/8/6 5293/8/6 5299/8/6
f 5296/2/6 5297/2/6 5303/2/6
f 5303/2/6 5297/2/6 5304/2/6
f 5300/12/6 5301/12/6 5306/12/6
f 5306/12/6 5301/12/6 5307/12/6
f 5302/2/6 5303/2/6 5313/2/6
f 5313/2/6 5303/2/6 5314/2/6
f 5305/8/6 5306/8/6 5315/8/6
f 5315/8/6 5306/8/6 5316/8/6
f 5309/12/6 5310/12/6 5318/12/6
f 5310/2/6 5311/2/6 5319/2/6
f 5318/12/6 5310/12/6 5319/12/6
f 5319/2/6 5311/2/6 5320/2/6
f 5312/2/6 5313/2/6 5321/2/6
f 5321/2/6 5313/2/6 5322/2/6
f 5294/8/6 5295/8/6 5324/8/6
f 5324/8/6 5295/8/6 5325/8/6
f 5307/12/6 5308/12/6 5326/12/6
f 5326/12/6 5308/12/6 5327/12/6
f 5320/4/6 5321/4/6 5329/4/6
f 5329/4/6 5321/4/6 5330/4/6
f 5327/12/6 5328/12/6 5331/12/6
f 5331/12/6 5328/12/6 5332/12/6
f 5323/8/6 5324/8/6 5335/8/6
f 5335/8/6 5324/8/6 5336/8/6
f 5332/12/6 5333/12/6 5337/12/6
f 5337/12/6 5333/12/6 5338/12/6
f 5317/12/6 5318/12/6 5340/12/6
f 5334/8/6 5335/8/6 5343/8/6
f 5343/8/6 5335/8/6 5344/8/6
f 5317/12/6 5340/12/6 5347/12/6
f 5347/12/6 5340/12/6 5348/12/6
f 5341/8/6 5342/8/6 5352/8/6
f 5342/8/6 5343/8/6 5352/8/6
f 5352/8/6 5343/8/6 5353/8/6
f 5345/12/6 5346/12/6 5354/12/6
f 5354/12/6 5346/12/6 5355/12/6
f 5349/8/6 5350/8/6 5357/8/6
f 5348/8/6 5349/8/6 5357/8/6
f 5350/4/6 5351/4/6 5358/4/6
f 5357/8/6 5350/8/6 5358/8/6
f 5358/4/6 5351/4/6 5359/4/6
f 5341/8/6 5352/8/6 5361/8/6
f 5361/8/6 5352/8/6 5362/8/6
f 5355/12/6 5356/12/6 5363/12/6
f 5363/12/6 5356/12/6 5364/12/6
f 5360/8/6 5361/8/6 5366/8/6
f 5364/12/6 5365/12/6 5367/12/6
f 5367/12/6 5365/12/6 5368/12/6
f 5338/12/6 5339/12/6 5370/12/6
f 5370/12/6 5339/12/6 5371/12/6
f 5358/12/6 5359/12/6 5372/12/6
f 5372/12/6 5359/12/6 5373/12/6
f 5368/8/6 5369/8/6 5376/8/6
f 5369/12/6 5370/12/6 5377/12/6
f 5376/8/6 5369/8/6 5377/8/6
f 5377/12/6 5370/12/6 5378/12/6
f 5373/12/6 5374/12/6 5379/12/6
f 5374/4/6 5375/4/6 5380/4/6
f 5379/12/6 5374/12/6 5380/12/6
f 5380/4/6 5375/4/6 5381/4/6
f 5366/8/6 5361/8/6 5383/8/6
f 5383/8/6 5361/8/6 5384/8/6
f 5381/8/6 5382/8/6 5385/8/6
f 5382/8/6 5383/8/6 5385/8/6
f 5385/8/6 5383/8/6 5386/8/6
f 5387/12/6 5388/12/6 5389/12/6
f 5389/12/6 5388/12/6 5390/12/6
f 5390/12/6 5388/12/6 5395/12/6
f 5391/4/6 5392/4/6 5397/4/6
f 5397/4/6 5392/4/6 5398/4/6
f 5393/2/6 5394/2/6 5399/2/6
f 5399/2/6 5394/2/6 5400/2/6
f 5387/12/6 5389/12/6 5402/12/6
f 5402/12/6 5389/12/6 5403/12/6
f 5390/12/6 5395/12/6 5404/12/6
f 5395/1/6 5396/1/6 5405/1/6
f 5404/12/6 5395/12/6 5405/12/6
f 5405/1/6 5396/1/6 5406/1/6
f 5400/10/6 5401/10/6 5408/10/6
f 5408/10/6 5401/10/6 5409/10/6
f 5403/12/6 5404/12/6 5410/12/6
f 5410/12/6 5404/12/6 5411/12/6
f 5404/1/6 5405/1/6 5412/1/6
f 5411/12/6 5404/12/6 5412/12/6
f 5412/1/6 5405/1/6 5413/1/6
f 5406/1/6 5407/1/6 5414/1/6
f 5414/1/6 5407/1/6 5415/1/6
f 5411/1/6 5412/1/6 5418/1/6
f 5418/1/6 5412/1/6 5419/1/6
f 5415/1/6 5416/1/6 5420/1/6
f 5420/1/6 5416/1/6 5421/1/6
f 5417/1/6 5418/1/6 5427/1/6
f 5427/1/6 5418/1/6 5428/1/6
f 5421/1/6 5422/1/6 5431/1/6
f 5431/1/6 5422/1/6 5432/1/6
f 5423/12/6 5424/12/6 5433/12/6
f 5433/12/6 5424/12/6 5434/12/6
f 5425/10/6 5426/10/6 5436/10/6
f 5436/10/6 5426/10/6 5437/10/6
f 5428/1/6 5429/1/6 5438/1/6
f 5438/1/6 5429/1/6 5439/1/6
f 5430/1/6 5431/1/6 5442/1/6
f 5442/1/6 5431/1/6 5443/1/6
f 5434/12/6 5435/12/6 5444/12/6
f 5433/12/6 5434/12/6 5444/12/6
f 5444/12/6 5435/12/6 5445/12/6
f 5439/1/6 5440/1/6 5448/1/6
f 5448/1/6 5440/1/6 5449/1/6
f 5441/1/6 5442/1/6 5450/1/6
f 5450/1/6 5442/1/6 5451/1/6
f 5446/4/6 5447/4/6 5452/4/6
f 5445/12/6 5446/12/6 5452/12/6
f 5452/4/6 5447/4/6 5453/4/6
f 5449/1/6 5450/1/6 5454/1/6
f 5454/1/6 5450/1/6 5455/1/6
f 5445/12/6 5452/12/6 5456/12/6
f 5456/12/6 5452/12/6 5457/12/6
f 5458/8/6 5459/8/6 5462/8/6
f 5460/2/6 5461/2/6 5464/2/6
f 5463/2/6 5464/2/6 5468/2/6
f 5461/8/6 5462/8/6 5469/8/6
f 5464/2/6 5461/2/6 5469/2/6
f 5468/2/6 5464/2/6 5469/2/6
f 5465/12/6 5466/12/6 5470/12/6
f 5470/12/6 5466/12/6 5471/12/6
f 5467/4/6 5468/4/6 5477/4/6
f 5468/4/6 5469/4/6 5477/4/6
f 5477/4/6 5469/4/6 5478/4/6
f 5469/8/6 5462/8/6 5479/8/6
f 5478/4/6 5469/4/6 5479/4/6
f 5462/8/6 5459/8/6 5480/8/6
f 5479/8/6 5462/8/6 5480/8/6
f 5480/8/6 5459/8/6 5481/8/6
f 5481/8/6 5459/8/6 5482/8/6
f 5472/9/6 5473/9/6 5483/9/6
f 5483/9/6 5473/9/6 5484/9/6
f 5474/2/6 5475/2/6 5487/2/6
f 5487/2/6 5475/2/6 5488/2/6
f 5476/4/6 5477/4/6 5489/4/6
f 5489/4/6 5477/4/6 5490/4/6
f 5490/4/6 5477/4/6 5491/4/6
f 5478/4/6 5479/4/6 5492/4/6
f 5479/4/6 5480/4/6 5492/4/6
f 5492/4/6 5480/4/6 5493/4/6
f 5480/8/6 5481/8/6 5494/8/6
f 5493/4/6 5480/4/6 5494/4/6
f 5494/8/6 5481/8/6 5495/8/6
f 5485/6/6 5486/6/6 5500/6/6
f 5500/6/6 5486/6/6 5501/6/6
f 5487/4/6 5488/4/6 5502/4/6
f 5488/4/6 5489/4/6 5502/4/6
f 5494/4/6 5495/4/6 5503/4/6
f 5493/4/6 5494/4/6 5503/4/6
f 5503/4/6 5495/4/6 5504/4/6
f 5495/8/6 5481/8/6 5505/8/6
f 5505/8/6 5481/8/6 5506/8/6
f 5496/12/6 5497/12/6 5507/12/6
f 5498/9/6 5499/9/6 5509/9/6
f 5509/9/6 5499/9/6 5510/9/6
f 5500/9/6 5501/9/6 5511/9/6
f 5511/9/6 5501/9/6 5512/9/6
f 5474/2/6 5487/2/6 5513/2/6
f 5513/2/6 5487/2/6 5514/2/6
f 5487/4/6 5502/4/6 5515/4/6
f 5514/2/6 5487/2/6 5515/2/6
f 5504/4/6 5495/4/6 5516/4/6
f 5516/4/6 5495/4/6 5517/4/6
f 5517/4/6 5495/4/6 5518/4/6
f 5495/8/6 5505/8/6 5519/8/6
f 5518/4/6 5495/4/6 5519/4/6
f 5519/8/6 5505/8/6 5520/8/6
f 5507/12/6 5508/12/6 5522/12/6
f 5496/12/6 5507/12/6 5522/12/6
f 5510/9/6 5511/9/6 5523/9/6
f 5523/9/6 5511/9/6 5524/9/6
f 5513/12/6 5514/12/6 5525/12/6
f 5514/4/6 5515/4/6 5526/4/6
f 5525/12/6 5514/12/6 5526/12/6
f 5515/4/6 5502/4/6 5527/4/6
f 5526/4/6 5515/4/6 5527/4/6
f 5517/4/6 5518/4/6 5529/4/6
f 5521/12/6 5522/12/6 5531/12/6
f 5527/4/6 5502/4/6 5532/4/6
f 5528/4/6 5529/4/6 5535/4/6
f 5529/4/6 5518/4/6 5536/4/6
f 5535/4/6 5529/4/6 5536/4/6
f 5536/4/6 5518/4/6 5537/4/6
f 5530/12/6 5531/12/6 5538/12/6
f 5531/12/6 5522/12/6 5539/12/6
f 5538/12/6 5531/12/6 5539/12/6
f 5532/4/6 5533/4/6 5540/4/6
f 5534/4/6 5535/4/6 5542/4/6
f 5535/4/6 5536/4/6 5542/4/6
f 5542/4/6 5536/4/6 5543/4/6
f 5543/4/6 5536/4/6 5544/4/6
f 5539/12/6 5522/12/6 5545/12/6
f 5522/12/6 5508/12/6 5546/12/6
f 5545/12/6 5522/12/6 5546/12/6
f 5540/4/6 5541/4/6 5547/4/6
f 5527/4/6 5532/4/6 5547/4/6
f 5542/4/6 5543/4/6 5547/4/6
f 5541/4/6 5542/4/6 5547/4/6
f 5532/4/6 5540/4/6 5547/4/6
f 5547/4/6 5543/4/6 5548/4/6
f 5548/4/6 5543/4/6 5549/4/6
f 5543/8/6 5544/8/6 5550/8/6
f 5549/4/6 5543/4/6 5550/4/6
f 5548/4/6 5549/4/6 5551/4/6
f 5549/8/6 5550/8/6 5552/8/6
f 5551/4/6 5549/4/6 5552/4/6
f 5550/8/6 5544/8/6 5553/8/6
f 5552/8/6 5550/8/6 5553/8/6
f 5554/12/6 5555/12/6 5557/12/6
f 5557/12/6 5555/12/6 5558/12/6
f 5556/12/6 5557/12/6 5561/12/6
f 5561/12/6 5557/12/6 5562/12/6
f 5559/12/6 5560/12/6 5565/12/6
f 5565/12/6 5560/12/6 5566/12/6
f 5563/13/6 5564/13/6 5567/13/6
f 5564/12/6 5565/12/6 5568/12/6
f 5567/13/6 5564/13/6 5568/13/6
f 5568/12/6 5565/12/6 5569/12/6
f 5570/4/6 5571/4/6 5574/4/6
f 5571/10/6 5572/10/6 5575/10/6
f 5574/4/6 5571/4/6 5575/4/6
f 5575/10/6 5572/10/6 5576/10/6
f 5576/10/6 5572/10/6 5577/10/6
f 5573/4/6 5574/4/6 5579/4/6
f 5579/4/6 5574/4/6 5580/4/6
f 5577/9/6 5578/9/6 5581/9/6
f 5576/9/6 5577/9/6 5581/9/6
f 5581/9/6 5578/9/6 5582/9/6
f 5582/9/6 5583/9/6 5586/9/6
f 5586/9/6 5583/9/6 5587/9/6
f 5584/10/6 5585/10/6 5590/10/6
f 5590/10/6 5585/10/6 5591/10/6
f 5588/3/6 5589/3/6 5592/3/6
f 5592/3/6 5589/3/6 5593/3/6
f 5594/6/6 5595/6/6 5601/6/6
f 5601/6/6 5595/6/6 5602/6/6
f 5596/10/6 5597/10/6 5603/10/6
f 5603/10/6 5597/10/6 5604/10/6
f 5598/12/6 5599/12/6 5606/12/6
f 5606/12/6 5599/12/6 5607/12/6
f 5600/9/6 5601/9/6 5609/9/6
f 5609/9/6 5601/9/6 5610/9/6
f 5604/10/6 5605/10/6 5611/10/6
f 5611/10/6 5605/10/6 5612/10/6
f 5607/12/6 5608/12/6 5613/12/6
f 5607/12/6 5613/12/6 5616/12/6
f 5616/12/6 5613/12/6 5617/12/6
f 5614/10/6 5615/10/6 5623/10/6
f 5623/10/6 5615/10/6 5624/10/6
f 5618/12/6 5619/12/6 5625/12/6
f 5625/12/6 5619/12/6 5626/12/6
f 5620/10/6 5621/10/6 5627/10/6
f 5627/10/6 5621/10/6 5628/10/6
f 5622/10/6 5623/10/6 5630/10/6
f 5630/10/6 5623/10/6 5631/10/6
f 5629/10/6 5630/10/6 5632/10/6
f 5632/10/6 5630/10/6 5633/10/6
f 5634/12/6 5635/12/6 5639/12/6
f 5639/12/6 5635/12/6 5640/12/6
f 5636/12/6 5637/12/6 5641/12/6
f 5638/12/6 5639/12/6 5643/12/6
f 5641/12/6 5637/12/6 5644/12/6
f 5644/12/6 5637/12/6 5645/12/6
f 5642/12/6 5643/12/6 5646/12/6
f 5643/12/6 5639/12/6 5646/12/6
f 5644/13/6 5645/13/6 5648/13/6
f 5648/13/6 5645/13/6 5649/13/6
f 5642/12/6 5646/12/6 5650/12/6
f 5650/12/6 5646/12/6 5651/12/6
f 5647/13/6 5648/13/6 5652/13/6
f 5652/13/6 5648/13/6 5653/13/6
f 5654/4/6 5655/4/6 5656/4/6
f 5656/4/6 5655/4/6 5657/4/6
f 5658/4/6 5659/4/6 5664/4/6
f 5660/9/6 5661/9/6 5665/9/6
f 5665/9/6 5661/9/6 5666/9/6
f 5662/1/6 5663/1/6 5670/1/6
f 5670/1/6 5663/1/6 5671/1/6
f 5658/4/6 5664/4/6 5673/4/6
f 5664/4/6 5665/4/6 5673/4/6
f 5673/4/6 5665/4/6 5674/4/6
f 5667/9/6 5668/9/6 5675/9/6
f 5675/9/6 5668/9/6 5676/9/6
f 5669/1/6 5670/1/6 5679/1/6
f 5679/1/6 5670/1/6 5680/1/6
f 5671/1/6 5672/1/6 5681/1/6
f 5681/1/6 5672/1/6 5682/1/6
f 5676/9/6 5677/9/6 5684/9/6
f 5684/9/6 5677/9/6 5685/9/6
f 5678/1/6 5679/1/6 5686/1/6
f 5686/1/6 5679/1/6 5687/1/6
f 5682/1/6 5683/1/6 5690/1/6
f 5690/1/6 5683/1/6 5691/1/6
f 5658/4/6 5673/4/6 5694/4/6
f 5694/4/6 5673/4/6 5695/4/6
f 5687/1/6 5688/1/6 5696/1/6
f 5696/1/6 5688/1/6 5697/1/6
f 5689/1/6 5690/1/6 5698/1/6
f 5698/1/6 5690/1/6 5699/1/6
f 5692/12/6 5693/12/6 5702/12/6
f 5693/4/6 5694/4/6 5703/4/6
f 5702/12/6 5693/12/6 5703/12/6
f 5703/4/6 5694/4/6 5704/4/6
f 5697/1/6 5698/1/6 5705/1/6
f 5705/1/6 5698/1/6 5706/1/6
f 5700/1/6 5701/1/6 5708/1/6
f 5708/1/6 5701/1/6 5709/1/6
f 5707/1/6 5708/1/6 5712/1/6
f 5712/1/6 5708/1/6 5713/1/6
f 5709/1/6 5710/1/6 5714/1/6
f 5714/1/6 5710/1/6 5715/1/6
f 5711/1/6 5712/1/6 5718/1/6
f 5718/1/6 5712/1/6 5719/1/6
f 5713/1/6 5714/1/6 5720/1/6
f 5720/1/6 5714/1/6 5721/1/6
f 5715/1/6 5716/1/6 5722/1/6
f 5722/1/6 5716/1/6 5723/1/6
f 5717/1/6 5718/1/6 5725/1/6
f 5725/1/6 5718/1/6 5726/1/6
f 5719/1/6 5720/1/6 5727/1/6
f 5727/1/6 5720/1/6 5728/1/6
f 5721/1/6 5722/1/6 5729/1/6
f 5729/1/6 5722/1/6 5730/1/6
f 5723/1/6 5724/1/6 5731/1/6
f 5731/1/6 5724/1/6 5732/1/6
f 5726/1/6 5727/1/6 5733/1/6
f 5733/1/6 5727/1/6 5734/1/6
f 5728/1/6 5729/1/6 5735/1/6
f 5735/1/6 5729/1/6 5736/1/6
f 5730/1/6 5731/1/6 5737/1/6
f 5737/1/6 5731/1/6 5738/1/6
f 5734/1/6 5735/1/6 5739/1/6
f 5739/1/6 5735/1/6 5740/1/6
f 5736/1/6 5737/1/6 5741/1/6
f 5741/1/6 5737/1/6 5742/1/6
f 5740/1/6 5741/1/6 5743/1/6
f 5743/1/6 5741/1/6 5744/1/6
f 5745/12/6 5746/12/6 5747/12/6
f 5747/12/6 5746/12/6 5748/12/6
f 5745/12/6 5747/12/6 5754/12/6
f 5754/12/6 5747/12/6 5755/12/6
f 5750/9/6 5751/9/6 5756/9/6
f 5756/9/6 5751/9/6 5757/9/6
f 5752/9/6 5753/9/6 5758/9/6
f 5758/9/6 5753/9/6 5759/9/6
f 5760/12/6 5761/12/6 5762/12/6
f 5762/12/6 5761/12/6 5763/12/6
f 5748/12/6 5749/12/6 5765/12/6
f 5765/12/6 5749/12/6 5766/12/6
f 5764/12/6 5765/12/6 5769/12/6
f 5769/12/6 5765/12/6 5770/12/6
f 5767/9/6 5768/9/6 5773/9/6
f 5773/9/6 5768/9/6 5774/9/6
f 5771/10/6 5772/10/6 5775/10/6
f 5775/10/6 5772/10/6 5776/10/6
f 5777/12/6 5778/12/6 5780/12/6
f 5780/12/6 5778/12/6 5781/12/6
f 5781/12/6 5778/12/6 5782/12/6
f 5779/12/6 5780/12/6 5783/12/6
f 5780/12/6 5781/12/6 5783/12/6
f 5781/13/6 5782/13/6 5784/13/6
f 5783/12/6 5781/12/6 5784/12/6
f 5779/12/6 5783/12/6 5785/12/6
f 5783/13/6 5784/13/6 5786/13/6
f 5785/12/6 5783/12/6 5786/12/6
f 5786/13/6 5784/13/6 5787/13/6
f 5787/13/6 5784/13/6 5788/13/6
f 5784/13/6 5782/13/6 5789/13/6
f 5788/13/6 5784/13/6 5789/13/6
f 5787/13/6 5788/13/6 5790/13/6
f 5790/13/6 5788/13/6 5791/13/6
f 5791/13/6 5788/13/6 5792/13/6
f 5792/13/6 5788/13/6 5793/13/6
f 5794/12/6 5795/12/6 5796/12/6
f 5796/12/6 5795/12/6 5797/12/6
f 5796/4/6 5797/4/6 5800/4/6
f 5798/4/6 5799/4/6 5801/4/6
f 5801/4/6 5799/4/6 5802/4/6
f 5800/4/6 5797/4/6 5804/4/6
f 5804/4/6 5797/4/6 5805/4/6
f 5803/4/6 5804/4/6 5808/4/6
f 5808/4/6 5804/4/6 5809/4/6
f 5806/13/6 5807/13/6 5810/13/6
f 5810/13/6 5807/13/6 5811/13/6
f 5814/12/6 5815/12/6 5818/12/6
f 5818/12/6 5815/12/6 5819/12/6
f 5812/4/6 5813/4/6 5821/4/6
f 5811/4/6 5812/4/6 5821/4/6
f 5816/9/6 5817/9/6 5822/9/6
f 5822/9/6 5817/9/6 5823/9/6
f 5819/12/6 5820/12/6 5825/12/6
f 5825/12/6 5820/12/6 5826/12/6
f 5821/4/6 5813/4/6 5831/4/6
f 5823/9/6 5824/9/6 5832/9/6
f 5828/12/6 5829/12/6 5834/12/6
f 5827/12/6 5828/12/6 5834/12/6
f 5834/12/6 5829/12/6 5835/12/6
f 5830/12/6 5831/12/6 5836/12/6
f 5831/4/6 5813/4/6 5837/4/6
f 5836/12/6 5831/12/6 5837/12/6
f 5837/4/6 5813/4/6 5838/4/6
f 5816/9/6 5822/9/6 5839/9/6
f 5839/9/6 5822/9/6 5840/9/6
f 5832/9/6 5833/9/6 5841/9/6
f 5823/9/6 5832/9/6 5841/9/6
f 5841/9/6 5833/9/6 5842/9/6
f 5843/9/6 5844/9/6 5845/9/6
f 5845/9/6 5844/9/6 5846/9/6
f 5847/3/6 5848/3/6 5849/3/6
f 5849/3/6 5848/3/6 5850/3/6
f 5853/11/6 5854/11/6 5855/11/6
f 5855/11/6 5854/11/6 5856/11/6
f 5851/13/6 5852/13/6 5862/13/6
f 5862/13/6 5852/13/6 5863/13/6
f 5856/11/6 5857/11/6 5864/11/6
f 5864/11/6 5857/11/6 5865/11/6
f 5863/13/6 5852/13/6 5866/13/6
f 5866/13/6 5852/13/6 5867/13/6
f 5858/9/6 5859/9/6 5868/9/6
f 5868/9/6 5859/9/6 5869/9/6
f 5860/9/6 5861/9/6 5870/9/6
f 5870/9/6 5861/9/6 5871/9/6
f 5872/9/6 5873/9/6 5874/9/6
f 5874/9/6 5873/9/6 5875/9/6
f 5876/13/6 5877/13/6 5878/13/6
f 5878/13/6 5877/13/6 5879/13/6
f 5879/13/6 5880/13/6 5881/13/6
f 5881/13/6 5880/13/6 5882/13/6
f 5882/13/6 5883/13/6 5887/13/6
f 5887/13/6 5883/13/6 5888/13/6
f 5885/4/6 5886/4/6 5891/4/6
f 5884/4/6 5885/4/6 5891/4/6
f 5891/4/6 5886/4/6 5892/4/6
f 5892/4/6 5886/4/6 5893/4/6
f 5887/12/6 5888/12/6 5895/12/6
f 5895/12/6 5888/12/6 5896/12/6
f 5889/12/6 5890/12/6 5898/12/6
f 5898/12/6 5890/12/6 5899/12/6
f 5894/4/6 5895/4/6 5902/4/6
f 5893/4/6 5894/4/6 5902/4/6
f 5895/4/6 5896/4/6 5902/4/6
f 5902/4/6 5896/4/6 5903/4/6
f 5900/4/6 5901/4/6 5907/4/6
f 5907/4/6 5901/4/6 5908/4/6
f 5897/12/6 5898/12/6 5909/12/6
f 5904/12/6 5905/12/6 5910/12/6
f 5905/4/6 5906/4/6 5911/4/6
f 5910/12/6 5905/12/6 5911/12/6
f 5906/4/6 5907/4/6 5911/4/6
f 5911/4/6 5907/4/6 5912/4/6
f 5897/12/6 5909/12/6 5913/12/6
f 5913/12/6 5909/12/6 5914/12/6
f 5914/13/6 5915/13/6 5916/13/6
f 5916/13/6 5915/13/6 5917/13/6
f 5917/13/6 5918/13/6 5921/13/6
f 5921/13/6 5918/13/6 5922/13/6
f 5919/9/6 5920/9/6 5923/9/6
f 5923/9/6 5920/9/6 5924/9/6
f 5919/9/6 5923/9/6 5925/9/6
f 5925/9/6 5923/9/6 5926/9/6
f 5926/9/6 5927/9/6 5930/9/6
f 5930/9/6 5927/9/6 5931/9/6
f 5928/1/6 5929/1/6 5933/1/6
f 5933/1/6 5929/1/6 5934/1/6
f 5932/1/6 5933/1/6 5937/1/6
f 5937/1/6 5933/1/6 5938/1/6
f 5934/1/6 5935/1/6 5939/1/6
f 5939/1/6 5935/1/6 5940/1/6
f 5936/1/6 5937/1/6 5942/1/6
f 5942/1/6 5937/1/6 5943/1/6
f 5940/1/6 5941/1/6 5946/1/6
f 5946/1/6 5941/1/6 5947/1/6
f 5943/1/6 5944/1/6 5948/1/6
f 5948/1/6 5944/1/6 5949/1/6
f 5945/1/6 5946/1/6 5950/1/6
f 5950/1/6 5946/1/6 5951/1/6
f 5949/1/6 5950/1/6 5952/1/6
f 5952/1/6 5950/1/6 5953/1/6
f 5954/11/6 5955/11/6 5958/11/6
f 5958/11/6 5955/11/6 5959/11/6
f 5956/9/6 5957/9/6 5961/9/6
f 5961/9/6 5957/9/6 5962/9/6
f 5960/9/6 5961/9/6 5963/9/6
f 5963/9/6 5961/9/6 5964/9/6
f 5965/12/6 5966/12/6 5970/12/6
f 5970/12/6 5966/12/6 5971/12/6
f 5967/13/6 5968/13/6 5972/13/6
f 5972/13/6 5968/13/6 5973/13/6
f 5973/13/6 5968/13/6 5974/13/6
f 5974/13/6 5968/13/6 5975/13/6
f 5975/13/6 5968/13/6 5976/13/6
f 5969/12/6 5970/12/6 5978/12/6
f 5978/12/6 5970/12/6 5979/12/6
f 5973/13/6 5974/13/6 5980/13/6
f 5980/13/6 5974/13/6 5981/13/6
f 5981/13/6 5974/13/6 5982/13/6
f 5976/13/6 5977/13/6 5983/13/6
f 5975/13/6 5976/13/6 5983/13/6
f 5983/13/6 5977/13/6 5984/13/6
f 5978/13/6 5979/13/6 5986/13/6
f 5986/13/6 5979/13/6 5987/13/6
f 5981/13/6 5982/13/6 5988/13/6
f 5982/13/6 5983/13/6 5988/13/6
f 5983/4/6 5984/4/6 5989/4/6
f 5988/13/6 5983/13/6 5989/13/6
f 5984/13/6 5977/13/6 5990/13/6
f 5989/4/6 5984/4/6 5990/4/6
f 5990/13/6 5977/13/6 5991/13/6
f 5985/13/6 5986/13/6 5993/13/6
f 5993/13/6 5986/13/6 5994/13/6
f 5981/13/6 5988/13/6 5995/13/6
f 5995/13/6 5988/13/6 5996/13/6
f 5990/4/6 5991/4/6 5998/4/6
f 5991/13/6 5977/13/6 5999/13/6
f 5998/4/6 5991/4/6 5999/4/6
f 5999/13/6 5977/13/6 6000/13/6
f 5992/12/6 5993/12/6 6002/12/6
f 6002/12/6 5993/12/6 6003/12/6
f 5996/4/6 5997/4/6 6005/4/6
f 5995/4/6 5996/4/6 6005/4/6
f 6005/4/6 5997/4/6 6006/4/6
f 6006/4/6 5997/4/6 6007/4/6
f 6004/13/6 6005/13/6 6010/13/6
f 6005/4/6 6006/4/6 6011/4/6
f 6010/13/6 6005/13/6 6011/13/6
f 6011/4/6 6006/4/6 6012/4/6
f 6001/12/6 6002/12/6 6013/12/6
f 6013/12/6 6002/12/6 6014/12/6
f 6008/13/6 6009/13/6 6015/13/6
f 6015/13/6 6009/13/6 6016/13/6
f 6013/13/6 6014/13/6 6018/13/6
f 6018/13/6 6014/13/6 6019/13/6
f 6019/13/6 6020/13/6 6023/13/6
f 6023/13/6 6020/13/6 6024/13/6
f 6016/13/6 6017/13/6 6025/13/6
f 6025/13/6 6017/13/6 6026/13/6
f 6021/1/6 6022/1/6 6028/1/6
f 6028/1/6 6022/1/6 6029/1/6
f 6024/13/6 6020/13/6 6031/13/6
f 6031/13/6 6020/13/6 6032/13/6
f 6025/12/6 6026/12/6 6033/12/6
f 6033/12/6 6026/12/6 6034/12/6
f 6027/1/6 6028/1/6 6035/1/6
f 6035/1/6 6028/1/6 6036/1/6
f 6029/1/6 6030/1/6 6037/1/6
f 6037/1/6 6030/1/6 6038/1/6
f 6032/12/6 6033/12/6 6039/12/6
f 6039/12/6 6033/12/6 6040/12/6
f 6036/1/6 6037/1/6 6044/1/6
f 6044/1/6 6037/1/6 6045/1/6
f 6041/9/6 6042/9/6 6046/9/6
f 6042/11/6 6043/11/6 6047/11/6
f 6046/9/6 6042/9/6 6047/9/6
f 6047/11/6 6043/11/6 6048/11/6
f 6048/11/6 6043/11/6 6049/11/6
f 6047/11/6 6048/11/6 6050/11/6
f 6050/11/6 6048/11/6 6051/11/6
f 6049/11/6 6043/11/6 6052/11/6
f 6052/11/6 6043/11/6 6053/11/6
f 6051/11/6 6052/11/6 6054/11/6
f 6054/11/6 6052/11/6 6055/11/6
f 6056/13/6 6057/13/6 6059/13/6
f 6059/13/6 6057/13/6 6060/13/6
f 6060/13/6 6061/13/6 6062/13/6
f 6062/13/6 6061/13/6 6063/13/6
f 6058/13/6 6059/13/6 6066/13/6
f 6065/13/6 6066/13/6 6068/13/6
f 6067/13/6 6068/13/6 6070/13/6
f 6066/13/6 6059/13/6 6071/13/6
f 6068/13/6 6066/13/6 6071/13/6
f 6070/13/6 6068/13/6 6071/13/6
f 6063/13/6 6064/13/6 6072/13/6
f 6072/13/6 6064/13/6 6073/13/6
f 6070/13/6 6071/13/6 6074/13/6
f 6069/13/6 6070/13/6 6074/13/6
f 6071/13/6 6072/13/6 6074/13/6
f 6074/13/6 6072/13/6 6075/13/6
f 6069/13/6 6074/13/6 6076/13/6
f 6069/13/6 6076/13/6 6078/13/6
f 6076/13/6 6077/13/6 6078/13/6
f 6078/13/6 6077/13/6 6079/13/6
f 6079/13/6 6077/13/6 6082/13/6
f 6082/13/6 6077/13/6 6083/13/6
f 6080/1/6 6081/1/6 6084/1/6
f 6084/1/6 6081/1/6 6085/1/6
f 6086/11/6 6087/11/6 6088/11/6
f 6088/11/6 6087/11/6 6089/11/6
f 6090/6/6 6091/6/6 6092/6/6
f 6092/6/6 6091/6/6 6093/6/6
f 6094/13/6 6095/13/6 6096/13/6
f 6096/13/6 6097/13/6 6098/13/6
f 6098/13/6 6099/13/6 6100/13/6
f 6094/13/6 6096/13/6 6101/13/6
f 6096/13/6 6098/13/6 6101/13/6
f 6098/13/6 6100/13/6 6101/13/6
f 6101/13/6 6100/13/6 6102/13/6
f 6103/1/6 6104/1/6 6106/1/6
f 6106/1/6 6104/1/6 6107/1/6
f 6105/1/6 6106/1/6 6109/1/6
f 6109/1/6 6106/1/6 6110/1/6
f 6107/1/6 6108/1/6 6111/1/6
f 6111/1/6 6108/1/6 6112/1/6
f 6110/1/6 6111/1/6 6113/1/6
f 6113/1/6 6111/1/6 6114/1/6
f 6115/1/6 6116/1/6 6118/1/6
f 6118/1/6 6116/1/6 6119/1/6
f 6117/1/6 6118/1/6 6122/1/6
f 6122/1/6 6118/1/6 6123/1/6
f 6119/1/6 6120/1/6 6124/1/6
f 6124/1/6 6120/1/6 6125/1/6
f 6121/1/6 6122/1/6 6128/1/6
f 6128/1/6 6122/1/6 6129/1/6
f 6125/1/6 6126/1/6 6130/1/6
f 6130/1/6 6126/1/6 6131/1/6
f 6127/1/6 6128/1/6 6134/1/6
f 6134/1/6 6128/1/6 6135/1/6
f 6131/1/6 6132/1/6 6136/1/6
f 6136/1/6 6132/1/6 6137/1/6
f 6133/1/6 6134/1/6 6139/1/6
f 6139/1/6 6134/1/6 6140/1/6
f 6137/1/6 6138/1/6 6143/1/6
f 6143/1/6 6138/1/6 6144/1/6
f 6140/1/6 6141/1/6 6145/1/6
f 6145/1/6 6141/1/6 6146/1/6
f 6142/1/6 6143/1/6 6149/1/6
f 6149/1/6 6143/1/6 6150/1/6
f 6146/1/6 6147/1/6 6151/1/6
f 6151/1/6 6147/1/6 6152/1/6
f 6148/1/6 6149/1/6 6155/1/6
f 6155/1/6 6149/1/6 6156/1/6
f 6152/1/6 6153/1/6 6157/1/6
f 6157/1/6 6153/1/6 6158/1/6
f 6154/1/6 6155/1/6 6159/1/6
f 6159/1/6 6155/1/6 6160/1/6
f 6158/1/6 6159/1/6 6161/1/6
f 6161/1/6 6159/1/6 6162/1/6
f 6163/1/6 6164/1/6 6165/1/6
f 6165/1/6 6164/1/6 6166/1/6
f 6167/6/6 6168/6/6 6169/6/6
f 6169/6/6 6168/6/6 6170/6/6
f 6171/1/6 6172/1/6 6174/1/6
f 6174/1/6 6172/1/6 6175/1/6
f 6173/1/6 6174/1/6 6177/1/6
f 6177/1/6 6174/1/6 6178/1/6
f 6175/1/6 6176/1/6 6179/1/6
f 6179/1/6 6176/1/6 6180/1/6
f 6178/1/6 6179/1/6 6181/1/6
f 6181/1/6 6179/1/6 6182/1/6
f 6183/11/6 6184/11/6 6185/11/6
f 6185/11/6 6184/11/6 6186/11/6
f 6186/11/6 6184/11/6 6187/11/6
f 6188/1/6 6189/1/6 6191/1/6
f 6191/1/6 6189/1/6 6192/1/6
f 6190/1/6 6191/1/6 6195/1/6
f 6195/1/6 6191/1/6 6196/1/6
f 6192/1/6 6193/1/6 6197/1/6
f 6197/1/6 6193/1/6 6198/1/6
f 6194/1/6 6195/1/6 6201/1/6
f 6201/1/6 6195/1/6 6202/1/6
f 6198/1/6 6199/1/6 6205/1/6
f 6205/1/6 6199/1/6 6206/1/6
f 6200/1/6 6201/1/6 6208/1/6
f 6208/1/6 6201/1/6 6209/1/6
f 6203/3/6 6204/3/6 6211/3/6
f 6211/3/6 6204/3/6 6212/3/6
f 6206/1/6 6207/1/6 6214/1/6
f 6214/1/6 6207/1/6 6215/1/6
f 6209/1/6 6210/1/6 6216/1/6
f 6216/1/6 6210/1/6 6217/1/6
f 6213/1/6 6214/1/6 6220/1/6
f 6220/1/6 6214/1/6 6221/1/6
f 6217/1/6 6218/1/6 6222/1/6
f 6222/1/6 6218/1/6 6223/1/6
f 6219/1/6 6220/1/6 6224/1/6
f 6224/1/6 6220/1/6 6225/1/6
f 6223/1/6 6224/1/6 6226/1/6
f 6226/1/6 6224/1/6 6227/1/6
f 6228/11/6 6229/11/6 6230/11/6
f 6230/11/6 6229/11/6 6231/11/6
f 6232/1/6 6233/1/6 6235/1/6
f 6235/1/6 6233/1/6 6236/1/6
f 6234/1/6 6235/1/6 6239/1/6
f 6239/1/6 6235/1/6 6240/1/6
f 6236/1/6 6237/1/6 6241/1/6
f 6241/1/6 6237/1/6 6242/1/6
f 6238/1/6 6239/1/6 6244/1/6
f 6244/1/6 6239/1/6 6245/1/6
f 6240/1/6 6241/1/6 6246/1/6
f 6246/1/6 6241/1/6 6247/1/6
f 6242/1/6 6243/1/6 6248/1/6
f 6248/1/6 6243/1/6 6249/1/6
f 6245/1/6 6246/1/6 6250/1/6
f 6250/1/6 6246/1/6 6251/1/6
f 6247/1/6 6248/1/6 6252/1/6
f 6252/1/6 6248/1/6 6253/1/6
f 6251/1/6 6252/1/6 6254/1/6
f 6254/1/6 6252/1/6 6255/1/6
f 6256/1/6 6257/1/6 6259/1/6
f 6259/1/6 6257/1/6 6260/1/6
f 6258/1/6 6259/1/6 6262/1/6
f 6262/1/6 6259/1/6 6263/1/6
f 6260/1/6 6261/1/6 6264/1/6
f 6264/1/6 6261/1/6 6265/1/6
f 6263/1/6 6264/1/6 6266/1/6
f 6266/1/6 6264/1/6 6267/1/6
f 6268/1/6 6269/1/6 6270/1/6
f 6270/1/6 6269/1/6 6271/1/6
