# MagicaVoxel @ Ephtracy

# group
o 

# material
mtllib кристалы.mtl
usemtl palette

# normals
vn -1 0 0
vn 1 0 0
vn 0 0 1
vn 0 0 -1
vn 0 -1 0
vn 0 1 0

# texcoords
vt 0.939453 0.5
vt 0.943359 0.5
vt 0.951172 0.5
vt 0.970703 0.5
vt 0.974609 0.5
vt 0.978516 0.5
vt 0.982422 0.5
vt 0.986328 0.5

# verts
v -2 0.5 -1.1
v -2 0.5 -1.2
v -2 0.7 -1.1
v -2 0.7 -1.2
v -1.9 0.2 -0.9
v -1.9 0.2 -1.3
v -1.9 0.4 -1.3
v -1.9 0.4 -1.4
v -1.9 0.5 -0.9
v -1.9 0.5 -1
v -1.9 0.5 -1.1
v -1.9 0.5 -1.2
v -1.9 0.5 -1.4
v -1.9 0.7 -1.1
v -1.9 0.7 -1.2
v -1.9 0.7 -1.4
v -1.9 0.8 -1
v -1.9 0.8 -1.2
v -1.8 0 -0.7
v -1.8 0 -1.6
v -1.8 0.2 -0.7
v -1.8 0.2 -0.8
v -1.8 0.2 -0.9
v -1.8 0.2 -1.3
v -1.8 0.2 -1.5
v -1.8 0.2 -1.6
v -1.8 0.4 -0.8
v -1.8 0.4 -0.9
v -1.8 0.4 -1.3
v -1.8 0.4 -1.4
v -1.8 0.4 -1.5
v -1.8 0.5 -0.8
v -1.8 0.5 -0.9
v -1.8 0.5 -1
v -1.8 0.5 -1.4
v -1.8 0.5 -1.5
v -1.8 0.6 -0.9
v -1.8 0.6 -1
v -1.8 0.7 -1.2
v -1.8 0.7 -1.3
v -1.8 0.7 -1.4
v -1.8 0.8 -1.1
v -1.8 0.8 -1.2
v -1.8 0.8 -1.3
v -1.8 0.8 -1.4
v -1.8 0.9 -1.1
v -1.8 0.9 -1.3
v -1.7 0 -0.6
v -1.7 0 -0.7
v -1.7 0 -1.6
v -1.7 0 -1.7
v -1.7 0.2 -0.6
v -1.7 0.2 -0.7
v -1.7 0.2 -0.8
v -1.7 0.2 -1.5
v -1.7 0.2 -1.6
v -1.7 0.2 -1.7
v -1.7 0.3 -0.7
v -1.7 0.3 -0.8
v -1.7 0.4 -1.5
v -1.7 0.4 -1.6
v -1.7 0.5 -1.4
v -1.7 0.5 -1.5
v -1.7 0.5 -1.6
v -1.7 0.7 -1.4
v -1.7 0.7 -1.5
v -1.7 0.8 -1.3
v -1.7 0.8 -1.4
v -1.7 0.9 -1.3
v -1.7 0.9 -1.4
v -1.6 0 0.4
v -1.6 0 -2.38419e-07
v -1.6 0.2 0.4
v -1.6 0.2 -2.38419e-07
v -1.6 0.2 -1.6
v -1.6 0.2 -1.7
v -1.6 0.4 -1.6
v -1.6 0.4 -1.7
v -1.6 0.5 -1.5
v -1.6 0.5 -1.6
v -1.6 0.5 -1.7
v -1.6 0.6 -1.5
v -1.6 0.6 -1.6
v -1.6 0.7 -1.4
v -1.6 0.7 -1.5
v -1.6 0.8 -1.4
v -1.6 0.8 -1.5
v -1.5 0 1.2
v -1.5 0 0.7
v -1.5 0 0.6
v -1.5 0 0.4
v -1.5 0 -2.38419e-07
v -1.5 0 -0.1
v -1.5 0 -1.7
v -1.5 0 -1.8
v -1.5 0.2 1.2
v -1.5 0.2 0.7
v -1.5 0.2 0.6
v -1.5 0.2 0.4
v -1.5 0.2 -2.38419e-07
v -1.5 0.2 -0.1
v -1.5 0.3 0.4
v -1.5 0.3 -2.38419e-07
v -1.5 0.4 -1.7
v -1.5 0.5 -1.6
v -1.5 0.5 -1.7
v -1.5 0.5 -1.8
v -1.5 0.6 -1.6
v -1.5 0.6 -1.7
v -1.4 0 1.3
v -1.4 0 1.2
v -1.4 0 0.7
v -1.4 0 0.6
v -1.4 0.2 1.2
v -1.4 0.2 0.7
v -1.4 0.2 0.6
v -1.4 0.2 0.4
v -1.4 0.3 1
v -1.4 0.3 0.7
v -1.4 0.3 0.6
v -1.4 0.3 0.4
v -1.4 0.4 1.3
v -1.4 0.4 1
v -1.4 0.6 1
v -1.4 0.6 0.7
v -1.4 0.7 1.1
v -1.4 0.7 1
v -1.4 0.9 0.8
v -1.4 0.9 0.7
v -1.4 1 1.1
v -1.4 1 0.8
v -1.3 0.1 1.5
v -1.3 0.1 1.3
v -1.3 0.2 0.7
v -1.3 0.2 0.6
v -1.3 0.3 1
v -1.3 0.3 0.7
v -1.3 0.3 0.6
v -1.3 0.3 0.3
v -1.3 0.4 1.5
v -1.3 0.4 1.3
v -1.3 0.4 1
v -1.3 0.4 0.7
v -1.3 0.4 0.6
v -1.3 0.4 0.3
v -1.3 0.5 1.3
v -1.3 0.5 1
v -1.3 0.6 1.1
v -1.3 0.6 1
v -1.3 0.6 0.7
v -1.3 0.6 0.6
v -1.3 0.7 1.2
v -1.3 0.7 1.1
v -1.3 0.7 1
v -1.3 0.9 0.8
v -1.3 0.9 0.7
v -1.3 0.9 0.6
v -1.3 1 1.2
v -1.3 1 1.1
v -1.3 1 0.9
v -1.3 1 0.8
v -1.3 1 0.7
v -1.3 1.1 1.1
v -1.3 1.1 0.9
v -1.3 1.1 0.8
v -1.2 0 1.5
v -1.2 0 1.4
v -1.2 0 1.3
v -1.2 0.1 1.7
v -1.2 0.1 1.5
v -1.2 0.1 1.4
v -1.2 0.1 1.3
v -1.2 0.3 0.3
v -1.2 0.3 0.2
v -1.2 0.4 1.7
v -1.2 0.4 1.5
v -1.2 0.4 1.3
v -1.2 0.4 0.7
v -1.2 0.4 0.6
v -1.2 0.4 0.3
v -1.2 0.4 0.2
v -1.2 0.5 1.5
v -1.2 0.5 1.3
v -1.2 0.5 1.2
v -1.2 0.5 1.1
v -1.2 0.5 1
v -1.2 0.5 0.6
v -1.2 0.5 0.3
v -1.2 0.6 1.2
v -1.2 0.6 1.1
v -1.2 0.6 1
v -1.2 0.6 0.7
v -1.2 0.6 0.6
v -1.2 0.7 1.2
v -1.2 0.7 1.1
v -1.2 0.9 0.7
v -1.2 0.9 0.6
v -1.2 1 1.2
v -1.2 1 1.1
v -1.2 1 0.8
v -1.2 1 0.7
v -1.2 1 0.6
v -1.2 1.1 1.2
v -1.2 1.1 1.1
v -1.2 1.1 0.9
v -1.2 1.1 0.8
v -1.2 1.1 0.7
v -1.2 1.2 1.1
v -1.2 1.2 0.8
v -1.1 0 1.7
v -1.1 0 1.6
v -1.1 0 1.5
v -1.1 0 -2.38419e-07
v -1.1 0 -0.1
v -1.1 0.1 1.8
v -1.1 0.1 1.7
v -1.1 0.1 1.6
v -1.1 0.1 1.5
v -1.1 0.2 -2.38419e-07
v -1.1 0.2 -0.1
v -1.1 0.4 1.8
v -1.1 0.4 1.7
v -1.1 0.4 1.5
v -1.1 0.5 1.7
v -1.1 0.5 1.5
v -1.1 0.5 1.3
v -1.1 0.5 1.2
v -1.1 0.6 1.2
v -1.1 0.6 0.6
v -1.1 0.6 0.5
v -1.1 0.9 0.6
v -1.1 0.9 0.5
v -1.1 1 1.3
v -1.1 1 1.2
v -1.1 1.1 1.3
v -1.1 1.1 1.2
v -1.1 1.1 1.1
v -1.1 1.2 1.2
v -1.1 1.2 1.1
v -1 0 1.8
v -1 0 1.7
v -1 0 -0.1
v -1 0 -0.3
v -1 0.1 1.8
v -1 0.1 1.7
v -1 0.2 0.2
v -1 0.2 -0.1
v -1 0.2 -0.3
v -1 0.2 -1
v -1 0.2 -1.2
v -1 0.3 0.0999999
v -1 0.3 -0.1
v -1 0.3 -1
v -1 0.3 -1.2
v -1 0.4 0.2
v -1 0.4 0.0999999
v -1 0.5 1.4
v -1 0.5 1.3
v -1 0.5 0.6
v -1 0.5 0.5
v -1 0.5 0.2
v -1 0.5 0.0999999
v -1 0.6 0.6
v -1 0.6 0.5
v -1 0.8 1.5
v -1 0.8 1.4
v -1 1 1.4
v -1 1 1.3
v -1 1 0.7
v -1 1 0.6
v -1 1.1 1.5
v -1 1.1 1.4
v -1 1.1 1.3
v -1 1.1 1.2
v -1 1.1 0.7
v -1 1.1 0.6
v -1 1.2 1.3
v -1 1.2 1.2
v -0.9 0 -0.3
v -0.9 0 -0.5
v -0.9 0 -0.8
v -0.9 0 -0.9
v -0.9 0.1 -0.8
v -0.9 0.1 -0.9
v -0.9 0.1 -1
v -0.9 0.2 -0.1
v -0.9 0.2 -0.3
v -0.9 0.2 -0.5
v -0.9 0.2 -0.9
v -0.9 0.2 -1
v -0.9 0.3 0.0999999
v -0.9 0.3 -2.38419e-07
v -0.9 0.3 -0.1
v -0.9 0.3 -0.3
v -0.9 0.3 -1
v -0.9 0.3 -1.1
v -0.9 0.3 -1.3
v -0.9 0.4 1.8
v -0.9 0.4 1.7
v -0.9 0.4 0.3
v -0.9 0.4 0.2
v -0.9 0.4 0.0999999
v -0.9 0.4 -2.38419e-07
v -0.9 0.4 -1.1
v -0.9 0.4 -1.3
v -0.9 0.5 1.8
v -0.9 0.5 1.7
v -0.9 0.5 1.5
v -0.9 0.5 0.4
v -0.9 0.5 0.3
v -0.9 0.5 0.2
v -0.9 0.5 0.0999999
v -0.9 0.5 -2.38419e-07
v -0.9 0.6 0.4
v -0.9 0.6 0.0999999
v -0.9 0.6 -1
v -0.9 0.6 -1.1
v -0.9 0.6 -1.2
v -0.9 0.6 -1.3
v -0.9 0.7 1.8
v -0.9 0.7 1.5
v -0.9 0.7 1.4
v -0.9 0.7 -1.1
v -0.9 0.7 -1.2
v -0.9 0.8 1.6
v -0.9 0.8 1.5
v -0.9 0.8 1.4
v -0.9 0.9 0.6
v -0.9 0.9 0.5
v -0.9 1 0.6
v -0.9 1.1 1.6
v -0.9 1.1 1.5
v -0.9 1.1 1.4
v -0.9 1.1 1.3
v -0.9 1.1 0.8
v -0.9 1.1 0.6
v -0.9 1.1 0.5
v -0.9 1.2 1.5
v -0.9 1.2 1.3
v -0.9 1.2 0.8
v -0.9 1.2 0.6
v -0.8 0 2
v -0.8 0 1.8
v -0.8 0 -0.5
v -0.8 0 -0.6
v -0.8 0 -0.7
v -0.8 0 -0.8
v -0.8 0 -1.8
v -0.8 0 -1.9
v -0.8 0.1 -0.5
v -0.8 0.1 -0.6
v -0.8 0.1 -0.7
v -0.8 0.1 -0.8
v -0.8 0.2 2
v -0.8 0.2 1.8
v -0.8 0.2 -0.3
v -0.8 0.2 -0.5
v -0.8 0.2 -0.6
v -0.8 0.2 -0.9
v -0.8 0.2 -1
v -0.8 0.2 -1.7
v -0.8 0.2 -1.8
v -0.8 0.2 -1.9
v -0.8 0.3 -0.3
v -0.8 0.3 -0.5
v -0.8 0.3 -0.9
v -0.8 0.3 -1
v -0.8 0.3 -1.3
v -0.8 0.3 -1.4
v -0.8 0.3 -1.7
v -0.8 0.3 -1.8
v -0.8 0.4 1.9
v -0.8 0.4 1.8
v -0.8 0.4 -1.3
v -0.8 0.4 -1.4
v -0.8 0.5 1.8
v -0.8 0.5 1.5
v -0.8 0.5 1.4
v -0.8 0.5 0.5
v -0.8 0.5 0.4
v -0.8 0.6 1.9
v -0.8 0.6 1.8
v -0.8 0.6 0.5
v -0.8 0.6 0.4
v -0.8 0.6 -1
v -0.8 0.6 -1.1
v -0.8 0.6 -1.2
v -0.8 0.6 -1.3
v -0.8 0.6 -1.4
v -0.8 0.7 1.9
v -0.8 0.7 1.8
v -0.8 0.7 1.5
v -0.8 0.7 1.4
v -0.8 0.7 -1
v -0.8 0.7 -1.1
v -0.8 0.7 -1.2
v -0.8 0.8 1.8
v -0.8 0.8 1.6
v -0.8 0.8 1.5
v -0.8 0.8 -1.1
v -0.8 0.8 -1.3
v -0.8 0.9 -1.1
v -0.8 0.9 -1.2
v -0.8 1 -1.2
v -0.8 1 -1.3
v -0.8 1.1 1.6
v -0.8 1.1 1.5
v -0.8 1.2 1.6
v -0.8 1.2 1.5
v -0.8 1.2 1.1
v -0.8 1.3 1.5
v -0.8 1.3 1.1
v -0.7 0.1 -1.1
v -0.7 0.1 -1.2
v -0.7 0.2 2
v -0.7 0.2 1.8
v -0.7 0.2 -1.1
v -0.7 0.2 -1.2
v -0.7 0.3 2
v -0.7 0.3 1.8
v -0.7 0.3 -0.9
v -0.7 0.3 -1
v -0.7 0.4 -0.9
v -0.7 0.4 -1
v -0.7 0.6 0.6
v -0.7 0.6 0.5
v -0.7 0.7 1.9
v -0.7 0.7 1.8
v -0.7 0.8 1.9
v -0.7 0.8 1.8
v -0.7 0.8 0.6
v -0.7 0.8 0.5
v -0.6 0 -0.7
v -0.6 0 -0.9
v -0.6 0.2 -0.7
v -0.6 0.2 -0.9
v -0.6 0.5 2
v -0.6 0.5 1.9
v -0.6 0.6 1.9
v -0.6 0.6 0.5
v -0.6 0.6 0.4
v -0.6 0.8 2
v -0.6 0.8 1.9
v -0.6 0.8 1.7
v -0.6 0.8 1.6
v -0.6 0.8 0.5
v -0.6 0.8 0.4
v -0.6 0.9 1.9
v -0.6 0.9 1.7
v -0.6 1 1.7
v -0.6 1 1.6
v -0.5 0 -0.6
v -0.5 0 -0.7
v -0.5 0.2 -0.6
v -0.5 0.2 -0.7
v -0.5 0.2 -0.9
v -0.5 0.3 -0.7
v -0.5 0.3 -0.9
v -0.5 0.9 1
v -0.5 0.9 0.9
v -0.5 1 1
v -0.5 1 0.9
v -0.4 0.2 -0.6
v -0.4 0.2 -0.7
v -0.4 0.2 -1.3
v -0.4 0.2 -1.4
v -0.4 0.3 -0.6
v -0.4 0.3 -0.7
v -0.4 0.3 -1
v -0.4 0.3 -1.3
v -0.4 0.3 -1.4
v -0.4 0.4 -1.3
v -0.4 0.4 -1.4
v -0.4 0.5 -1
v -0.4 0.5 -1.4
v -0.3 0.2 -1.4
v -0.3 0.2 -1.5
v -0.3 0.3 1.9
v -0.3 0.3 1.8
v -0.3 0.3 1.7
v -0.3 0.3 -0.9
v -0.3 0.3 -1
v -0.3 0.4 2
v -0.3 0.4 1.9
v -0.3 0.4 1.8
v -0.3 0.4 1.7
v -0.3 0.4 -1.4
v -0.3 0.5 2
v -0.3 0.5 1.9
v -0.3 0.5 -0.9
v -0.3 0.5 -1
v -0.3 0.5 -1.4
v -0.3 0.5 -1.5
v -0.3 0.6 -1
v -0.3 0.6 -1.4
v -0.2 0.1 -1.4
v -0.2 0.1 -1.5
v -0.2 0.2 -1.4
v -0.2 0.2 -1.5
v -0.0999999 0.2 2
v -0.0999999 0.2 1.9
v -0.0999999 0.2 -1.5
v -0.0999999 0.2 -1.7
v -0.0999999 0.3 2
v -0.0999999 0.3 1.9
v -0.0999999 0.4 -1.5
v -0.0999999 0.4 -1.7
v -0.0999999 0.5 -1.5
v -0.0999999 0.5 -1.7
v -0.0999999 0.6 1
v -0.0999999 0.6 0.9
v -0.0999999 0.6 0.6
v -0.0999999 0.6 0.5
v -0.0999999 0.7 1
v -0.0999999 0.7 0.9
v -0.0999999 0.7 0.8
v -0.0999999 0.7 0.7
v -0.0999999 0.7 0.6
v -0.0999999 0.8 0.9
v -0.0999999 0.8 0.8
v -0.0999999 0.8 0.7
v -0.0999999 0.9 0.8
v -0.0999999 0.9 0.5
v 2.38419e-07 0 -1.4
v 2.38419e-07 0 -1.5
v 2.38419e-07 0 -1.7
v 2.38419e-07 0.1 -1.4
v 2.38419e-07 0.1 -1.5
v 2.38419e-07 0.2 -1.5
v 2.38419e-07 0.2 -1.7
v 2.38419e-07 0.2 -1.8
v 2.38419e-07 0.4 0.6
v 2.38419e-07 0.4 0.5
v 2.38419e-07 0.4 -1.7
v 2.38419e-07 0.4 -1.8
v 2.38419e-07 0.5 -1.4
v 2.38419e-07 0.5 -1.6
v 2.38419e-07 0.5 -1.7
v 2.38419e-07 0.5 -1.8
v 2.38419e-07 0.6 0.6
v 2.38419e-07 0.6 0.5
v 2.38419e-07 0.6 -1.4
v 2.38419e-07 0.6 -1.6
v 2.38419e-07 0.6 -1.7
v 2.38419e-07 0.7 0.5
v 2.38419e-07 0.7 0.4
v 2.38419e-07 0.8 0.4
v 2.38419e-07 0.8 0.3
v 2.38419e-07 0.9 1.2
v 2.38419e-07 0.9 1.1
v 2.38419e-07 0.9 0.7
v 2.38419e-07 0.9 0.5
v 2.38419e-07 0.9 0.4
v 2.38419e-07 0.9 0.3
v 2.38419e-07 1 1.3
v 2.38419e-07 1 1.2
v 2.38419e-07 1 1.1
v 2.38419e-07 1 0.7
v 2.38419e-07 1 0.4
v 2.38419e-07 1.1 1.3
v 2.38419e-07 1.1 1.2
v 0.1 0 -1.7
v 0.1 0 -1.8
v 0.1 0.2 -1.7
v 0.1 0.2 -1.8
v 0.1 0.6 0.5
v 0.1 0.6 0.4
v 0.1 0.7 0.5
v 0.1 0.7 0.4
v 0.1 0.8 1.1
v 0.1 0.8 1
v 0.1 0.9 1.1
v 0.1 0.9 1
v 0.1 0.9 0.4
v 0.1 0.9 0.3
v 0.1 1 0.5
v 0.1 1 0.4
v 0.1 1 0.3
v 0.1 1.1 0.5
v 0.1 1.1 0.4
v 0.2 0.3 -0.9
v 0.2 0.3 -1
v 0.2 0.4 -1
v 0.2 0.5 -0.9
v 0.2 0.5 -1
v 0.2 0.5 -1.1
v 0.2 0.6 -1
v 0.2 0.6 -1.1
v 0.2 0.6 -1.2
v 0.2 0.6 -1.5
v 0.2 0.7 -1.1
v 0.2 0.7 -1.2
v 0.2 0.7 -1.4
v 0.2 0.7 -1.5
v 0.2 0.8 -1.1
v 0.2 0.8 -1.2
v 0.2 0.8 -1.4
v 0.2 0.9 -1.2
v 0.2 0.9 -1.4
v 0.2 1 0.4
v 0.2 1 0.3
v 0.2 1.1 0.4
v 0.2 1.1 0.3
v 0.3 0.4 2
v 0.3 0.4 1.9
v 0.3 0.5 2
v 0.3 0.5 1.9
v 0.3 0.6 -1.5
v 0.3 0.6 -1.6
v 0.3 0.7 -1.4
v 0.3 0.7 -1.5
v 0.3 0.8 -1.4
v 0.3 0.8 -1.5
v 0.3 0.8 -1.6
v 0.3 0.9 -1.2
v 0.3 0.9 -1.4
v 0.3 1 0.3
v 0.3 1 0.2
v 0.3 1 -1.2
v 0.3 1 -1.4
v 0.3 1.1 0.4
v 0.3 1.1 0.3
v 0.3 1.1 0.2
v 0.3 1.1 -1.4
v 0.3 1.1 -1.5
v 0.3 1.2 0.4
v 0.3 1.2 0.3
v 0.3 1.2 -1.2
v 0.3 1.2 -1.3
v 0.3 1.3 -1.3
v 0.3 1.3 -1.4
v 0.3 1.4 -1.4
v 0.3 1.4 -1.5
v 0.3 1.5 -1.3
v 0.3 1.5 -1.4
v 0.4 0 -0.5
v 0.4 0 -0.6
v 0.4 0.2 -0.5
v 0.4 0.2 -0.6
v 0.4 0.2 -0.7
v 0.4 0.3 2
v 0.4 0.3 1.9
v 0.4 0.3 -0.6
v 0.4 0.3 -0.7
v 0.4 0.3 -0.8
v 0.4 0.3 -0.9
v 0.4 0.4 2
v 0.4 0.4 1.9
v 0.4 0.4 -0.8
v 0.4 0.4 -0.9
v 0.4 0.5 -0.8
v 0.4 0.5 -0.9
v 0.4 0.5 -1
v 0.4 0.6 -0.9
v 0.4 0.6 -1
v 0.4 0.6 -1.1
v 0.4 0.7 -1
v 0.4 0.7 -1.1
v 0.4 0.8 2
v 0.4 0.8 1.9
v 0.4 0.8 -1.5
v 0.4 0.8 -1.6
v 0.4 0.9 2
v 0.4 0.9 1.9
v 0.4 0.9 -1.5
v 0.4 0.9 -1.6
v 0.4 1.4 -1.4
v 0.4 1.4 -1.5
v 0.4 1.5 -1.4
v 0.4 1.6 -1.4
v 0.4 1.6 -1.5
v 0.5 0 -0.4
v 0.5 0 -0.5
v 0.5 0.2 -0.4
v 0.5 0.2 -0.5
v 0.5 0.2 -0.6
v 0.5 0.2 -1.8
v 0.5 0.2 -1.9
v 0.5 0.3 -0.5
v 0.5 0.3 -0.6
v 0.5 0.5 -1.7
v 0.5 0.5 -1.8
v 0.5 0.5 -1.9
v 0.5 0.6 -1.7
v 0.5 0.6 -1.8
v 0.6 0.3 -0.7
v 0.6 0.3 -0.8
v 0.6 0.4 -0.8
v 0.6 0.5 -0.7
v 0.6 0.5 -0.8
v 0.6 0.5 -0.9
v 0.6 0.6 -0.8
v 0.6 0.6 -0.9
v 0.7 0 1.8
v 0.7 0 1.7
v 0.7 0.1 1.9
v 0.7 0.1 1.8
v 0.7 0.1 1.7
v 0.7 0.3 1.9
v 0.7 0.3 1.8
v 0.7 0.3 -0.6
v 0.7 0.3 -0.7
v 0.7 0.5 -0.6
v 0.7 0.5 -0.7
v 0.7 0.5 -0.8
v 0.7 0.6 -0.7
v 0.7 0.6 -0.8
v 0.8 0 1.9
v 0.8 0 1.8
v 0.8 0 0.7
v 0.8 0 0.6
v 0.8 0.1 1.9
v 0.8 0.1 1.8
v 0.8 0.2 0.8
v 0.8 0.2 0.7
v 0.8 0.2 0.6
v 0.8 0.3 0.8
v 0.8 0.3 0.7
v 0.9 0.3 -0.5
v 0.9 0.3 -0.6
v 0.9 0.5 -0.5
v 0.9 0.5 -0.6
v 0.9 0.5 -0.7
v 0.9 0.6 -0.6
v 0.9 0.6 -0.7
v 1 0 0.6
v 1 0 0.4
v 1 0.2 0.6
v 1 0.2 0.4
v 1 0.3 1.3
v 1 0.3 1.2
v 1 0.4 1.4
v 1 0.4 1.3
v 1 0.4 1.2
v 1 0.5 1.4
v 1 0.5 1.3
v 1.1 0 0.4
v 1.1 0 0.0999999
v 1.1 0.2 0.7
v 1.1 0.2 0.6
v 1.1 0.2 0.4
v 1.1 0.2 0.0999999
v 1.1 0.3 1.2
v 1.1 0.3 1.1
v 1.1 0.3 0.7
v 1.1 0.3 0.6
v 1.1 0.3 0.4
v 1.1 0.4 1.2
v 1.1 0.4 1.1
v 1.2 0 0.0999999
v 1.2 0 -2.38419e-07
v 1.2 0.2 0.4
v 1.2 0.2 0.0999999
v 1.2 0.2 -2.38419e-07
v 1.2 0.3 0.4
v 1.2 0.3 0.0999999
v -1.5 0.3 -0.8
v -1.5 0.3 -0.9
v -1.5 0.5 -0.8
v -1.5 0.5 -0.9
v -1.5 0.5 -1.1
v -1.5 0.6 -0.9
v -1.5 0.6 -1
v -1.5 0.6 -1.4
v -1.5 0.6 -1.5
v -1.5 0.8 -1
v -1.5 0.8 -1.1
v -1.5 0.8 -1.4
v -1.5 0.8 -1.5
v -1.5 0.9 -1.1
v -1.5 0.9 -1.4
v -1.4 0 -0.6
v -1.4 0 -0.7
v -1.4 0.2 -0.6
v -1.4 0.2 -0.7
v -1.4 0.2 -0.8
v -1.4 0.3 -0.7
v -1.4 0.3 -0.8
v -1.4 0.3 -0.9
v -1.4 0.3 -1.1
v -1.4 0.5 -0.9
v -1.4 0.5 -1.1
v -1.4 0.5 -1.2
v -1.4 0.6 -1.2
v -1.4 0.6 -1.4
v -1.4 0.8 -1.1
v -1.4 0.8 -1.4
v -1.3 0.3 -1.1
v -1.3 0.3 -1.2
v -1.3 0.5 -1.1
v -1.3 0.5 -1.2
v -1.3 0.5 -1.3
v -1.3 0.6 -1.2
v -1.3 0.6 -1.3
v -1.2 0 -2.38419e-07
v -1.2 0 -0.1
v -1.2 0 -0.7
v -1.2 0 -0.8
v -1.2 0.2 0.2
v -1.2 0.2 -2.38419e-07
v -1.2 0.2 -0.1
v -1.2 0.2 -0.7
v -1.2 0.2 -0.8
v -1.2 0.2 -0.9
v -1.2 0.2 -1
v -1.2 0.2 -1.7
v -1.2 0.2 -1.8
v -1.2 0.3 0.2
v -1.2 0.3 -2.38419e-07
v -1.2 0.3 -0.8
v -1.2 0.3 -0.9
v -1.2 0.3 -1
v -1.2 0.3 -1.2
v -1.2 0.3 -1.3
v -1.2 0.3 -1.7
v -1.2 0.4 -1.7
v -1.2 0.4 -1.8
v -1.2 0.5 -1.2
v -1.2 0.5 -1.3
v -1.2 0.5 -1.7
v -1.2 0.5 -1.8
v -1.2 0.6 -1.3
v -1.2 0.6 -1.7
v -1.1 0 -0.8
v -1.1 0 -0.9
v -1.1 0.1 -0.9
v -1.1 0.1 -1
v -1.1 0.2 -0.8
v -1.1 0.2 -0.9
v -1.1 0.2 -1
v -1.1 0.2 -1.2
v -1.1 0.3 -1
v -1.1 0.3 -1.2
v -1.1 0.3 -1.3
v -1.1 0.3 -1.6
v -1.1 0.3 -1.7
v -1.1 0.5 -1.3
v -1.1 0.5 -1.7
v -0.9 0.1 -1.1
v -0.9 0.1 -1.2
v -0.9 0.2 -1.1
v -0.9 0.2 -1.2
v -0.8 0.6 0.6
v -0.8 0.6 0.5
v -0.8 0.8 0.6
v -0.8 0.8 0.5
v -0.8 1.1 1
v -0.8 1.1 0.9
v -0.8 1.2 1
v -0.8 1.2 0.9
v -0.7 0 -0.7
v -0.7 0 -0.9
v -0.7 0.1 -0.7
v -0.7 0.1 -0.9
v -0.7 0.4 -1
v -0.7 0.4 -1.1
v -0.7 0.6 -1.1
v -0.7 0.7 -1
v -0.7 0.7 -1.1
v -0.7 0.8 -1.1
v -0.7 0.8 -1.2
v -0.7 0.9 -1.1
v -0.7 0.9 -1.2
v -0.7 0.9 -1.3
v -0.7 1 -1.2
v -0.7 1 -1.3
v -0.6 0.3 0.0999999
v -0.6 0.3 -2.38419e-07
v -0.6 0.3 -0.9
v -0.6 0.3 -1
v -0.6 0.3 -1.3
v -0.6 0.3 -1.4
v -0.6 0.4 -0.9
v -0.6 0.4 -1
v -0.6 0.4 -1.3
v -0.6 0.4 -1.4
v -0.6 0.5 0.2
v -0.6 0.5 0.0999999
v -0.6 0.5 -2.38419e-07
v -0.6 0.6 0.2
v -0.6 0.6 0.0999999
v -0.6 0.6 -1.1
v -0.6 0.6 -1.2
v -0.6 0.6 -1.3
v -0.6 0.6 -1.4
v -0.6 0.8 -1.1
v -0.6 0.8 -1.2
v -0.6 0.8 -1.3
v -0.6 0.9 1
v -0.6 0.9 0.9
v -0.6 0.9 0.6
v -0.6 0.9 0.5
v -0.6 0.9 -1.2
v -0.6 0.9 -1.3
v -0.6 1.1 1
v -0.6 1.1 0.9
v -0.6 1.1 0.7
v -0.6 1.1 0.6
v -0.6 1.1 0.5
v -0.6 1.2 0.9
v -0.6 1.2 0.6
v -0.5 0 -1.8
v -0.5 0 -1.9
v -0.5 0.2 -1.3
v -0.5 0.2 -1.4
v -0.5 0.2 -1.5
v -0.5 0.2 -1.8
v -0.5 0.2 -1.9
v -0.5 0.3 0.2
v -0.5 0.3 0.0999999
v -0.5 0.3 -1
v -0.5 0.3 -1.1
v -0.5 0.3 -1.3
v -0.5 0.3 -1.4
v -0.5 0.3 -1.5
v -0.5 0.3 -1.8
v -0.5 0.4 -1
v -0.5 0.4 -1.1
v -0.5 0.4 -1.2
v -0.5 0.4 -1.3
v -0.5 0.5 0.3
v -0.5 0.5 0.2
v -0.5 0.5 0.0999999
v -0.5 0.6 0.3
v -0.5 0.6 0.2
v -0.5 0.6 -1.1
v -0.5 0.6 -1.2
v -0.5 0.6 -1.3
v -0.5 0.9 0.9
v -0.5 0.9 0.7
v -0.5 0.9 0.6
v -0.5 1 0.9
v -0.5 1.1 1.6
v -0.5 1.1 1.5
v -0.5 1.1 0.9
v -0.5 1.1 0.7
v -0.5 1.1 0.6
v -0.5 1.2 1.6
v -0.5 1.2 1.5
v -0.5 1.2 1.4
v -0.5 1.3 1.5
v -0.5 1.3 1.4
v -0.4 0 -1.4
v -0.4 0 -1.8
v -0.4 0.2 -0.3
v -0.4 0.2 -0.5
v -0.4 0.2 -1.5
v -0.4 0.2 -1.8
v -0.4 0.3 1.8
v -0.4 0.3 1.7
v -0.4 0.3 0.3
v -0.4 0.3 0.2
v -0.4 0.3 -0.3
v -0.4 0.3 -0.5
v -0.4 0.3 -1.4
v -0.4 0.3 -1.5
v -0.4 0.4 1.8
v -0.4 0.4 1.7
v -0.4 0.5 0.4
v -0.4 0.5 0.3
v -0.4 0.5 0.2
v -0.4 0.6 0.4
v -0.4 0.6 0.3
v -0.4 1.1 1.5
v -0.4 1.1 1.4
v -0.4 1.1 1.1
v -0.4 1.1 1
v -0.4 1.2 1.5
v -0.4 1.2 1.4
v -0.4 1.2 1.1
v -0.4 1.2 1
v -0.4 1.3 1.4
v -0.4 1.3 1.1
v -0.3 0 -0.3
v -0.3 0 -0.5
v -0.3 0.2 2
v -0.3 0.2 1.9
v -0.3 0.2 -0.1
v -0.3 0.2 -0.3
v -0.3 0.2 -0.5
v -0.3 0.3 2
v -0.3 0.3 1.9
v -0.3 0.3 0.5
v -0.3 0.3 0.3
v -0.3 0.3 -0.1
v -0.3 0.3 -0.3
v -0.3 0.5 0.4
v -0.3 0.5 0.3
v -0.3 0.8 0.9
v -0.3 0.8 0.5
v -0.3 0.8 0.4
v -0.3 0.9 0.9
v -0.3 0.9 0.5
v -0.3 1.1 1.4
v -0.3 1.1 1.1
v -0.3 1.2 1.4
v -0.3 1.2 1.1
v -0.2 0 -0.1
v -0.2 0 -0.3
v -0.2 0.2 0.0999999
v -0.2 0.2 -0.1
v -0.2 0.2 -0.3
v -0.2 0.3 0.0999999
v -0.2 0.3 -0.1
v -0.2 0.6 1
v -0.2 0.6 0.9
v -0.2 0.6 0.6
v -0.2 0.6 0.5
v -0.2 0.7 0.9
v -0.2 0.7 0.8
v -0.2 0.7 0.7
v -0.2 0.7 0.6
v -0.2 0.8 1
v -0.2 0.8 0.9
v -0.2 0.8 0.8
v -0.2 0.8 0.7
v -0.2 0.8 0.5
v -0.2 0.9 1
v -0.2 0.9 0.9
v -0.2 1 1.3
v -0.2 1 1
v -0.2 1 0.9
v -0.2 1.1 1.3
v -0.2 1.1 1
v -0.0999999 0 0.0999999
v -0.0999999 0 -0.1
v -0.0999999 0.2 0.2
v -0.0999999 0.2 0.0999999
v -0.0999999 0.2 -0.1
v -0.0999999 0.3 0.2
v -0.0999999 0.3 0.0999999
v -0.0999999 0.4 0.6
v -0.0999999 0.4 0.5
v -0.0999999 0.6 0.6
v -0.0999999 0.6 0.5
v -0.0999999 0.8 1.1
v -0.0999999 0.8 1
v -0.0999999 0.9 1.2
v -0.0999999 0.9 1.1
v -0.0999999 1 1.2
v -0.0999999 1 1
v 2.38419e-07 0 0.2
v 2.38419e-07 0 0.0999999
v 2.38419e-07 0.2 0.3
v 2.38419e-07 0.2 0.2
v 2.38419e-07 0.2 0.0999999
v 2.38419e-07 0.3 0.7
v 2.38419e-07 0.3 0.5
v 2.38419e-07 0.3 0.3
v 2.38419e-07 0.3 0.2
v 2.38419e-07 0.4 2
v 2.38419e-07 0.4 1.9
v 2.38419e-07 0.4 0.7
v 2.38419e-07 0.4 0.6
v 2.38419e-07 0.4 0.5
v 2.38419e-07 0.5 2
v 2.38419e-07 0.5 1.9
v 0.1 0.3 -0.9
v 0.1 0.3 -1
v 0.1 0.4 0.7
v 0.1 0.4 0.6
v 0.1 0.4 0.5
v 0.1 0.4 -0.9
v 0.1 0.4 -1
v 0.1 0.5 0.7
v 0.1 0.5 0.6
v 0.1 0.5 0.5
v 0.1 0.5 -0.9
v 0.1 0.5 -1
v 0.1 0.5 -1.1
v 0.1 0.6 -1
v 0.1 0.6 -1.1
v 0.1 0.7 0.9
v 0.1 0.7 0.8
v 0.1 0.8 0.9
v 0.1 0.8 0.8
v 0.2 0 -0.5
v 0.2 0 -0.6
v 0.2 0.2 -0.5
v 0.2 0.2 -0.6
v 0.2 0.2 -0.7
v 0.2 0.3 0.8
v 0.2 0.3 0.7
v 0.2 0.3 -0.6
v 0.2 0.3 -0.7
v 0.2 0.4 0.8
v 0.2 0.4 0.7
v 0.2 0.5 0.6
v 0.2 0.5 0.5
v 0.2 0.6 1
v 0.2 0.6 0.9
v 0.2 0.6 0.6
v 0.2 0.6 0.5
v 0.2 0.6 0.4
v 0.2 0.7 1
v 0.2 0.7 0.9
v 0.2 0.8 0.8
v 0.2 0.8 0.7
v 0.2 0.8 0.5
v 0.2 0.8 0.4
v 0.2 0.9 1.7
v 0.2 0.9 1.6
v 0.2 0.9 0.8
v 0.2 0.9 0.7
v 0.2 0.9 0.5
v 0.2 1 1.7
v 0.2 1 1.6
v 0.2 1 1.5
v 0.2 1 0.7
v 0.2 1 0.5
v 0.2 1.1 1.6
v 0.2 1.1 1.5
v 0.3 0 2
v 0.3 0 1.9
v 0.3 0 0.3
v 0.3 0 0.2
v 0.3 0.2 0.8
v 0.3 0.2 0.7
v 0.3 0.2 0.3
v 0.3 0.2 0.2
v 0.3 0.3 2
v 0.3 0.3 1.9
v 0.3 0.3 0.8
v 0.3 0.3 0.7
v 0.3 0.3 0.3
v 0.3 0.4 0.8
v 0.3 0.4 0.7
v 0.3 0.5 1
v 0.3 0.5 0.9
v 0.3 0.5 0.8
v 0.3 0.5 0.7
v 0.3 0.5 0.6
v 0.3 0.6 1
v 0.3 0.6 0.9
v 0.3 0.6 0.8
v 0.3 0.6 0.7
v 0.3 0.6 0.6
v 0.3 0.6 0.5
v 0.3 0.7 0.9
v 0.3 0.7 0.8
v 0.3 0.7 0.7
v 0.3 0.7 0.6
v 0.3 0.7 0.5
v 0.3 0.8 0.8
v 0.3 0.8 0.7
v 0.3 0.8 0.6
v 0.3 0.8 0.4
v 0.3 0.8 0.3
v 0.3 0.9 1.6
v 0.3 0.9 1.5
v 0.3 0.9 0.7
v 0.3 0.9 0.6
v 0.3 0.9 0.4
v 0.3 0.9 0.3
v 0.3 1 1.6
v 0.3 1 1.5
v 0.3 1 1.3
v 0.3 1 1.2
v 0.3 1.1 1.5
v 0.3 1.1 1.2
v 0.4 0 0.7
v 0.4 0 0.3
v 0.4 0.2 0.7
v 0.4 0.2 0.3
v 0.4 0.4 0.9
v 0.4 0.4 0.8
v 0.4 0.5 1.3
v 0.4 0.5 1
v 0.4 0.5 0.9
v 0.4 0.5 0.8
v 0.4 0.5 0.7
v 0.4 0.6 1.3
v 0.4 0.6 1.1
v 0.4 0.6 0.9
v 0.4 0.6 0.8
v 0.4 0.6 0.7
v 0.4 0.6 0.6
v 0.4 0.7 1.5
v 0.4 0.7 1.4
v 0.4 0.7 0.8
v 0.4 0.7 0.7
v 0.4 0.7 0.6
v 0.4 0.7 0.5
v 0.4 0.8 1.7
v 0.4 0.8 1.5
v 0.4 0.8 0.7
v 0.4 0.8 0.6
v 0.4 0.8 0.5
v 0.4 0.8 0.4
v 0.4 0.9 1.7
v 0.4 0.9 1.5
v 0.4 0.9 1.4
v 0.4 0.9 1.3
v 0.4 0.9 1.1
v 0.4 0.9 1
v 0.4 0.9 0.6
v 0.4 0.9 0.5
v 0.4 0.9 0.4
v 0.4 0.9 0.3
v 0.4 1 1.5
v 0.4 1 1.3
v 0.4 1 1.1
v 0.4 1 0.4
v 0.4 1 0.3
v 0.4 1 0.2
v 0.4 1 -1.4
v 0.4 1 -1.5
v 0.4 1.1 0.4
v 0.4 1.1 0.3
v 0.4 1.1 0.2
v 0.4 1.1 -1.4
v 0.4 1.1 -1.5
v 0.4 1.2 0.4
v 0.4 1.2 0.3
v 0.5 0 1.9
v 0.5 0 1.8
v 0.5 0.3 1.9
v 0.5 0.3 1.8
v 0.5 0.3 0.9
v 0.5 0.3 0.8
v 0.5 0.4 1.3
v 0.5 0.4 0.9
v 0.5 0.4 0.8
v 0.5 0.5 1.4
v 0.5 0.5 1.3
v 0.5 0.5 0.9
v 0.5 0.6 1.3
v 0.5 0.6 1.1
v 0.5 0.6 -1
v 0.5 0.6 -1.1
v 0.5 0.7 1.4
v 0.5 0.7 -1
v 0.5 0.7 -1.1
v 0.5 0.7 -1.2
v 0.5 0.7 -1.5
v 0.5 0.7 -1.6
v 0.5 0.8 -1.1
v 0.5 0.8 -1.2
v 0.5 0.8 -1.4
v 0.5 0.8 -1.5
v 0.5 0.8 -1.6
v 0.5 0.9 1.4
v 0.5 0.9 1.1
v 0.5 0.9 0.5
v 0.5 0.9 0.4
v 0.5 0.9 -1.5
v 0.5 0.9 -1.6
v 0.5 1 0.4
v 0.5 1 0.3
v 0.5 1 -1.2
v 0.5 1 -1.4
v 0.5 1 -1.5
v 0.5 1.1 0.5
v 0.5 1.1 0.3
v 0.5 1.1 -1.2
v 0.5 1.1 -1.3
v 0.5 1.1 -1.4
v 0.5 1.1 -1.5
v 0.5 1.2 -1.2
v 0.5 1.2 -1.3
v 0.5 1.2 -1.4
v 0.5 1.3 -1.4
v 0.5 1.3 -1.5
v 0.5 1.4 -1.3
v 0.5 1.4 -1.5
v 0.5 1.5 -1.3
v 0.5 1.5 -1.4
v 0.5 1.6 -1.4
v 0.5 1.6 -1.5
v 0.6 0 1.8
v 0.6 0 1.7
v 0.6 0.1 1.8
v 0.6 0.1 1.7
v 0.6 0.3 1.2
v 0.6 0.3 0.9
v 0.6 0.4 1.2
v 0.6 0.4 0.9
v 0.6 0.6 -1.1
v 0.6 0.6 -1.2
v 0.6 0.6 -1.5
v 0.6 0.6 -1.6
v 0.6 0.7 -1.1
v 0.6 0.7 -1.2
v 0.6 0.7 -1.4
v 0.6 0.7 -1.5
v 0.6 0.7 -1.6
v 0.6 0.8 -1.4
v 0.6 0.8 -1.5
v 0.6 0.9 -1.2
v 0.6 0.9 -1.4
v 0.6 1 -1.2
v 0.6 1 -1.4
v 0.7 0 -1.7
v 0.7 0 -1.8
v 0.7 0.1 -1.7
v 0.7 0.1 -1.8
v 0.7 0.3 2
v 0.7 0.3 1.9
v 0.7 0.4 2
v 0.7 0.4 1.9
v 0.7 0.5 1.5
v 0.7 0.5 1.4
v 0.7 0.6 -1.2
v 0.7 0.6 -1.3
v 0.7 0.6 -1.4
v 0.7 0.6 -1.5
v 0.7 0.7 1.7
v 0.7 0.7 1.5
v 0.7 0.7 1.4
v 0.7 0.7 -1.3
v 0.7 0.7 -1.4
v 0.7 0.7 -1.5
v 0.7 0.8 2
v 0.7 0.8 1.9
v 0.7 0.8 1.8
v 0.7 0.8 1.7
v 0.7 0.8 1.5
v 0.7 0.8 -1.2
v 0.7 0.8 -1.3
v 0.7 0.9 2
v 0.7 0.9 1.9
v 0.7 0.9 1.7
v 0.7 0.9 -1.2
v 0.7 0.9 -1.4
v 0.8 0.1 -1.7
v 0.8 0.1 -1.8
v 0.8 0.2 -1.7
v 0.8 0.2 -1.8
v 0.8 0.2 -1.9
v 0.8 0.3 1.3
v 0.8 0.3 1.2
v 0.8 0.4 2
v 0.8 0.4 1.9
v 0.8 0.4 1.8
v 0.8 0.4 1.4
v 0.8 0.4 1.3
v 0.8 0.4 1.2
v 0.8 0.5 1.8
v 0.8 0.5 1.5
v 0.8 0.5 1.4
v 0.8 0.5 1.3
v 0.8 0.5 -1.5
v 0.8 0.5 -1.6
v 0.8 0.5 -1.7
v 0.8 0.5 -1.8
v 0.8 0.5 -1.9
v 0.8 0.6 -1.3
v 0.8 0.6 -1.4
v 0.8 0.6 -1.5
v 0.8 0.6 -1.7
v 0.8 0.6 -1.8
v 0.8 0.7 1.8
v 0.8 0.7 1.7
v 0.8 0.7 1.5
v 0.8 0.7 -1.3
v 0.8 0.7 -1.4
v 0.8 0.8 2
v 0.8 0.8 1.8
v 0.8 0.8 1.7
v 0.9 0.2 -1.6
v 0.9 0.2 -1.7
v 0.9 0.2 -1.8
v 0.9 0.3 -1.5
v 0.9 0.3 -1.6
v 0.9 0.5 -1.3
v 0.9 0.5 -1.5
v 0.9 0.5 -1.6
v 0.9 0.5 -1.8
v 0.9 0.6 -1.3
v 0.9 0.6 -1.5
v 1 0 -1.6
v 1 0 -1.7
v 1 0.2 -1.5
v 1 0.2 -1.6
v 1 0.2 -1.7
v 1 0.3 1.9
v 1 0.3 1.8
v 1 0.3 -1.4
v 1 0.3 -1.5
v 1 0.3 -1.6
v 1 0.4 1.9
v 1 0.4 1.8
v 1 0.4 1.7
v 1 0.5 1.8
v 1 0.5 1.7
v 1 0.5 -1.4
v 1 0.5 -1.5
v 1.1 0 1.9
v 1.1 0 1.8
v 1.1 0 -1.5
v 1.1 0 -1.6
v 1.1 0.2 -1.3
v 1.1 0.2 -1.5
v 1.1 0.2 -1.6
v 1.1 0.3 1.9
v 1.1 0.3 1.8
v 1.1 0.3 -1.3
v 1.1 0.3 -1.4
v 1.1 0.3 -1.5
v 1.1 0.5 -1.2
v 1.1 0.5 -1.3
v 1.1 0.5 -1.4
v 1.1 0.6 -1.2
v 1.1 0.6 -1.3
v 1.2 0 -1.3
v 1.2 0 -1.5
v 1.2 0.2 -1.2
v 1.2 0.2 -1.3
v 1.2 0.2 -1.5
v 1.2 0.3 1.8
v 1.2 0.3 1.7
v 1.2 0.3 -1.2
v 1.2 0.3 -1.3
v 1.2 0.4 1.8
v 1.2 0.4 1.7
v 1.2 0.4 1.6
v 1.2 0.4 -1.2
v 1.2 0.5 1.7
v 1.2 0.5 1.6
v 1.2 0.5 -1
v 1.2 0.5 -1.2
v 1.2 0.5 -1.3
v 1.2 0.6 -1
v 1.2 0.6 -1.2
v 1.3 0 1.8
v 1.3 0 1.7
v 1.3 0 -0.4
v 1.3 0 -0.5
v 1.3 0 -1.2
v 1.3 0 -1.3
v 1.3 0.1 -0.4
v 1.3 0.1 -0.5
v 1.3 0.2 1
v 1.3 0.2 0.9
v 1.3 0.2 -0.4
v 1.3 0.2 -0.5
v 1.3 0.2 -0.6
v 1.3 0.2 -1
v 1.3 0.2 -1.2
v 1.3 0.2 -1.3
v 1.3 0.3 1.8
v 1.3 0.3 1.7
v 1.3 0.3 1.6
v 1.3 0.3 1
v 1.3 0.3 0.9
v 1.3 0.3 -0.5
v 1.3 0.3 -0.6
v 1.3 0.3 -1
v 1.3 0.4 1.7
v 1.3 0.4 1.6
v 1.3 0.4 1.3
v 1.3 0.4 -1
v 1.3 0.4 -1.2
v 1.3 0.5 1.6
v 1.3 0.5 1.3
v 1.3 0.5 -0.5
v 1.3 0.5 -0.6
v 1.3 0.5 -1
v 1.3 0.5 -1.2
v 1.3 0.6 -0.6
v 1.3 0.6 -1
v 1.4 0 1.7
v 1.4 0 1.5
v 1.4 0 1
v 1.4 0 0.9
v 1.4 0 -0.5
v 1.4 0 -1.2
v 1.4 0.2 1.1
v 1.4 0.2 1
v 1.4 0.2 0.9
v 1.4 0.2 0.7
v 1.4 0.2 -0.5
v 1.4 0.2 -0.6
v 1.4 0.2 -1
v 1.4 0.2 -1.2
v 1.4 0.3 1.7
v 1.4 0.3 1.6
v 1.4 0.3 1.5
v 1.4 0.3 1.1
v 1.4 0.3 1
v 1.4 0.3 0.9
v 1.4 0.3 0.7
v 1.4 0.3 -0.6
v 1.4 0.3 -1
v 1.4 0.4 1.6
v 1.4 0.4 1.1
v 1.4 0.5 -0.6
v 1.4 0.5 -1
v 1.5 0 1.5
v 1.5 0 1
v 1.5 0 0.9
v 1.5 0 0.7
v 1.5 0 0.0999999
v 1.5 0 -2.38419e-07
v 1.5 0.2 1.1
v 1.5 0.2 1
v 1.5 0.2 0.9
v 1.5 0.2 0.7
v 1.5 0.2 0.0999999
v 1.5 0.2 -2.38419e-07
v 1.5 0.3 1.5
v 1.5 0.3 1.1
v 1.5 0.3 0.7
v 1.5 0.3 0.0999999
v 1.6 0 0.7
v 1.6 0 0.0999999
v 1.6 0.2 0.7
v 1.6 0.2 0.0999999
v -0.8 0 2
v -0.8 0.2 2
v -0.7 0.2 2
v -0.7 0.3 2
v -0.6 0.5 2
v -0.6 0.8 2
v -0.3 0.2 2
v -0.3 0.3 2
v -0.3 0.4 2
v -0.3 0.5 2
v -0.0999999 0.2 2
v -0.0999999 0.3 2
v 2.38419e-07 0.4 2
v 2.38419e-07 0.5 2
v 0.3 0 2
v 0.3 0.3 2
v 0.3 0.4 2
v 0.3 0.5 2
v 0.3 0.6 2
v 0.4 0.3 2
v 0.4 0.4 2
v 0.4 0.8 2
v 0.4 0.9 2
v 0.6 0.5 2
v 0.6 0.6 2
v 0.7 0.3 2
v 0.7 0.4 2
v 0.7 0.5 2
v 0.7 0.8 2
v 0.7 0.9 2
v 0.8 0.4 2
v 0.8 0.8 2
v -0.8 0.4 1.9
v -0.8 0.6 1.9
v -0.8 0.7 1.9
v -0.7 0.7 1.9
v -0.7 0.8 1.9
v -0.6 0.4 1.9
v -0.6 0.5 1.9
v -0.6 0.6 1.9
v -0.6 0.8 1.9
v -0.6 0.9 1.9
v -0.3 0.2 1.9
v -0.3 0.3 1.9
v -0.3 0.4 1.9
v -0.3 0.5 1.9
v -0.0999999 0.2 1.9
v -0.0999999 0.3 1.9
v 2.38419e-07 0.4 1.9
v 2.38419e-07 0.5 1.9
v 0.3 0 1.9
v 0.3 0.3 1.9
v 0.3 0.4 1.9
v 0.3 0.5 1.9
v 0.4 0.3 1.9
v 0.4 0.4 1.9
v 0.4 0.8 1.9
v 0.4 0.9 1.9
v 0.5 0 1.9
v 0.5 0.3 1.9
v 0.7 0.1 1.9
v 0.7 0.3 1.9
v 0.7 0.4 1.9
v 0.8 0 1.9
v 0.8 0.1 1.9
v 0.8 0.3 1.9
v 0.8 0.4 1.9
v 1 0.3 1.9
v 1 0.4 1.9
v 1.1 0 1.9
v 1.1 0.3 1.9
v -1.1 0.1 1.8
v -1.1 0.4 1.8
v -1 0 1.8
v -1 0.1 1.8
v -0.9 0.4 1.8
v -0.9 0.5 1.8
v -0.9 0.7 1.8
v -0.8 0 1.8
v -0.8 0.2 1.8
v -0.8 0.4 1.8
v -0.8 0.5 1.8
v -0.8 0.6 1.8
v -0.8 0.7 1.8
v -0.8 0.8 1.8
v -0.7 0.2 1.8
v -0.7 0.3 1.8
v -0.7 0.7 1.8
v -0.7 0.8 1.8
v -0.6 0.3 1.8
v -0.6 0.4 1.8
v -0.4 0.3 1.8
v -0.4 0.4 1.8
v 0.5 0 1.8
v 0.5 0.3 1.8
v 0.6 0 1.8
v 0.6 0.1 1.8
v 0.7 0 1.8
v 0.7 0.1 1.8
v 0.7 0.3 1.8
v 0.8 0 1.8
v 0.8 0.1 1.8
v 0.8 0.4 1.8
v 0.8 0.5 1.8
v 1 0.3 1.8
v 1 0.4 1.8
v 1 0.5 1.8
v 1.1 0 1.8
v 1.1 0.3 1.8
v 1.2 0.3 1.8
v 1.2 0.4 1.8
v 1.3 0 1.8
v 1.3 0.3 1.8
v -1.2 0.1 1.7
v -1.2 0.4 1.7
v -1.1 0 1.7
v -1.1 0.1 1.7
v -1.1 0.4 1.7
v -1.1 0.5 1.7
v -1 0 1.7
v -1 0.1 1.7
v -0.9 0.4 1.7
v -0.9 0.5 1.7
v -0.6 0.9 1.7
v -0.6 1 1.7
v -0.5 0.9 1.7
v -0.4 0.3 1.7
v -0.4 0.4 1.7
v -0.3 0.3 1.7
v -0.3 0.4 1.7
v 0.2 0.9 1.7
v 0.2 1 1.7
v 0.6 0 1.7
v 0.6 0.1 1.7
v 0.7 0 1.7
v 0.7 0.1 1.7
v 1 0.4 1.7
v 1 0.5 1.7
v 1.2 0.3 1.7
v 1.2 0.4 1.7
v 1.2 0.5 1.7
v 1.3 0 1.7
v 1.3 0.3 1.7
v 1.3 0.4 1.7
v 1.4 0 1.7
v 1.4 0.3 1.7
v -0.9 0.8 1.6
v -0.9 1.1 1.6
v -0.8 0.8 1.6
v -0.8 1 1.6
v -0.8 1.1 1.6
v -0.8 1.2 1.6
v -0.6 0.8 1.6
v -0.6 1 1.6
v -0.5 1.1 1.6
v -0.5 1.2 1.6
v 0.2 0.9 1.6
v 0.2 1 1.6
v 0.2 1.1 1.6
v 0.3 0.9 1.6
v 0.3 1 1.6
v 1.2 0.4 1.6
v 1.2 0.5 1.6
v 1.3 0.3 1.6
v 1.3 0.4 1.6
v 1.3 0.5 1.6
v 1.4 0.3 1.6
v 1.4 0.4 1.6
v -1.3 0.1 1.5
v -1.3 0.4 1.5
v -1.2 0 1.5
v -1.2 0.1 1.5
v -1.2 0.4 1.5
v -1.2 0.5 1.5
v -1.1 0 1.5
v -1.1 0.1 1.5
v -1.1 0.4 1.5
v -1.1 0.5 1.5
v -1 0.8 1.5
v -1 1.1 1.5
v -0.9 0.7 1.5
v -0.9 0.8 1.5
v -0.9 1.1 1.5
v -0.9 1.2 1.5
v -0.8 0.7 1.5
v -0.8 0.8 1.5
v -0.8 1.1 1.5
v -0.8 1.2 1.5
v -0.8 1.3 1.5
v -0.5 1.1 1.5
v -0.5 1.2 1.5
v -0.5 1.3 1.5
v -0.4 1.1 1.5
v -0.4 1.2 1.5
v 0.2 1 1.5
v 0.2 1.1 1.5
v 0.3 0.9 1.5
v 0.3 1 1.5
v 0.3 1.1 1.5
v 0.4 0.9 1.5
v 0.4 1 1.5
v 1.4 0 1.5
v 1.4 0.3 1.5
v 1.5 0 1.5
v 1.5 0.3 1.5
v -1 0.5 1.4
v -1 0.8 1.4
v -0.9 0.7 1.4
v -0.9 0.8 1.4
v -0.8 0.5 1.4
v -0.8 0.7 1.4
v -0.5 1.2 1.4
v -0.5 1.3 1.4
v -0.4 1.1 1.4
v -0.4 1.2 1.4
v -0.4 1.3 1.4
v -0.3 1.1 1.4
v -0.3 1.2 1.4
v 0.4 0.7 1.4
v 0.4 0.9 1.4
v 0.5 0.7 1.4
v 0.5 0.9 1.4
v -1.4 0 1.3
v -1.4 0.4 1.3
v -1.3 0.1 1.3
v -1.3 0.4 1.3
v -1.3 0.5 1.3
v -1.2 0 1.3
v -1.2 0.1 1.3
v -1.2 0.4 1.3
v -1.2 0.5 1.3
v -1.1 0.5 1.3
v -1.1 1 1.3
v -1.1 1.1 1.3
v -1 0.5 1.3
v -1 1 1.3
v -1 1.1 1.3
v -1 1.2 1.3
v -0.9 1.1 1.3
v -0.9 1.2 1.3
v -1.5 0 1.2
v -1.5 0.2 1.2
v -1.4 0 1.2
v -1.4 0.2 1.2
v -1.3 0.7 1.2
v -1.3 1 1.2
v -1.2 0.5 1.2
v -1.2 0.6 1.2
v -1.2 0.7 1.2
v -1.2 1 1.2
v -1.2 1.1 1.2
v -1.1 0.5 1.2
v -1.1 0.6 1.2
v -1.1 1 1.2
v -1.1 1.1 1.2
v -1.1 1.2 1.2
v -1 1.1 1.2
v -1 1.2 1.2
v -1.4 0.7 1.1
v -1.4 1 1.1
v -1.3 0.6 1.1
v -1.3 0.7 1.1
v -1.3 1 1.1
v -1.3 1.1 1.1
v -1.2 0.6 1.1
v -1.2 0.7 1.1
v -1.2 1 1.1
v -1.2 1.1 1.1
v -1.2 1.2 1.1
v -1.1 1.1 1.1
v -1.1 1.2 1.1
v -1.4 0.6 1
v -1.4 0.7 1
v -1.3 0.5 1
v -1.3 0.6 1
v -1.3 0.7 1
v -1.2 0.5 1
v -1.2 0.6 1
v -0.8 1.1 0.9
v -0.8 1.2 0.9
v -0.6 0.9 0.9
v -0.6 1.1 0.9
v -0.6 1.2 0.9
v -0.5 0.9 0.9
v -0.5 1 0.9
v -0.5 1.1 0.9
v -0.2 0.6 0.9
v -0.2 0.7 0.9
v -0.0999999 0.6 0.9
v -0.0999999 0.7 0.9
v -0.0999999 0.8 0.9
v 0.1 0.7 0.9
v 0.1 0.8 0.9
v 0.2 0.6 0.9
v 0.2 0.7 0.9
v 0.3 0.5 0.9
v 0.3 0.6 0.9
v 0.3 0.7 0.9
v 0.4 0.5 0.9
v 0.4 0.6 0.9
v 1.3 0.2 0.9
v 1.3 0.3 0.9
v 1.4 0 0.9
v 1.4 0.2 0.9
v 1.4 0.3 0.9
v 1.5 0 0.9
v 1.5 0.2 0.9
v -0.2 0.7 0.8
v -0.2 0.8 0.8
v -0.0999999 0.7 0.8
v -0.0999999 0.8 0.8
v -0.0999999 0.9 0.8
v 0.1 0.7 0.8
v 0.1 0.8 0.8
v 0.2 0.8 0.8
v 0.2 0.9 0.8
v 0.3 0.6 0.8
v 0.3 0.7 0.8
v 0.3 0.8 0.8
v 0.4 0.6 0.8
v 0.4 0.7 0.8
v 2.38419e-07 0.9 0.7
v 2.38419e-07 1 0.7
v 0.2 0.8 0.7
v 0.2 0.9 0.7
v 0.2 1 0.7
v 0.3 0.7 0.7
v 0.3 0.8 0.7
v 0.3 0.9 0.7
v 0.4 0.7 0.7
v 0.4 0.8 0.7
v 1.4 0.2 0.7
v 1.4 0.3 0.7
v 1.5 0 0.7
v 1.5 0.2 0.7
v 1.5 0.3 0.7
v 1.6 0 0.7
v 1.6 0.2 0.7
v -1.5 0 0.6
v -1.5 0.2 0.6
v -1.4 0 0.6
v -1.4 0.2 0.6
v -1.4 0.3 0.6
v -1.3 0.2 0.6
v -1.3 0.3 0.6
v 0.3 0.8 0.6
v 0.3 0.9 0.6
v 0.4 0.8 0.6
v 0.4 0.9 0.6
v 0.1 1 0.5
v 0.1 1.1 0.5
v 0.2 0.9 0.5
v 0.2 1 0.5
v 0.2 1.1 0.5
v 0.4 0.9 0.5
v 0.4 1 0.5
v 0.5 0.9 0.5
v 0.5 1.1 0.5
v -1.6 0 0.4
v -1.6 0.2 0.4
v -1.5 0 0.4
v -1.5 0.2 0.4
v -1.5 0.3 0.4
v -1.4 0.2 0.4
v -1.4 0.3 0.4
v -0.9 0.5 0.4
v -0.9 0.6 0.4
v -0.8 0.5 0.4
v -0.8 0.6 0.4
v 0.3 1.1 0.4
v 0.3 1.2 0.4
v 0.4 1.1 0.4
v 0.4 1.2 0.4
v -1 0.4 0.2
v -1 0.5 0.2
v -0.9 0.4 0.2
v -0.9 0.5 0.2
v 0.5 0 -0.4
v 0.5 0.2 -0.4
v 1.2 0.1 -0.4
v 1.2 0.2 -0.4
v 1.3 0 -0.4
v 1.3 0.1 -0.4
v 1.3 0.2 -0.4
v -0.3 0 -0.5
v -0.3 0.2 -0.5
v 0.2 0 -0.5
v 0.2 0.2 -0.5
v 0.4 0 -0.5
v 0.4 0.2 -0.5
v 0.5 0 -0.5
v 0.5 0.2 -0.5
v 0.5 0.3 -0.5
v 0.9 0.3 -0.5
v 0.9 0.5 -0.5
v 1.2 0.2 -0.5
v 1.2 0.3 -0.5
v 1.3 0 -0.5
v 1.3 0.1 -0.5
v 1.3 0.2 -0.5
v 1.3 0.3 -0.5
v 1.3 0.5 -0.5
v 1.4 0 -0.5
v 1.4 0.2 -0.5
v -1.7 0 -0.6
v -1.7 0.2 -0.6
v -1.4 0 -0.6
v -1.4 0.2 -0.6
v -0.4 0.2 -0.6
v -0.4 0.3 -0.6
v 0.2 0 -0.6
v 0.2 0.2 -0.6
v 0.2 0.3 -0.6
v 0.4 0 -0.6
v 0.4 0.2 -0.6
v 0.4 0.3 -0.6
v 0.5 0.2 -0.6
v 0.5 0.3 -0.6
v 0.7 0.3 -0.6
v 0.7 0.5 -0.6
v 0.9 0.3 -0.6
v 0.9 0.5 -0.6
v 0.9 0.6 -0.6
v 1.3 0.2 -0.6
v 1.3 0.3 -0.6
v 1.3 0.5 -0.6
v 1.3 0.6 -0.6
v 1.4 0.2 -0.6
v 1.4 0.3 -0.6
v 1.4 0.5 -0.6
v -1.8 0 -0.7
v -1.8 0.2 -0.7
v -1.7 0 -0.7
v -1.7 0.2 -0.7
v -1.7 0.3 -0.7
v -1.4 0 -0.7
v -1.4 0.2 -0.7
v -1.4 0.3 -0.7
v -1.2 0 -0.7
v -1.2 0.2 -0.7
v -0.8 0 -0.7
v -0.8 0.1 -0.7
v -0.7 0 -0.7
v -0.7 0.1 -0.7
v -0.6 0 -0.7
v -0.6 0.2 -0.7
v -0.5 0 -0.7
v -0.5 0.2 -0.7
v -0.5 0.3 -0.7
v -0.4 0.2 -0.7
v -0.4 0.3 -0.7
v 0.2 0.2 -0.7
v 0.2 0.3 -0.7
v 0.4 0.2 -0.7
v 0.4 0.3 -0.7
v 0.6 0.3 -0.7
v 0.6 0.5 -0.7
v 0.7 0.3 -0.7
v 0.7 0.5 -0.7
v 0.7 0.6 -0.7
v 0.9 0.5 -0.7
v 0.9 0.6 -0.7
v -1.8 0.2 -0.8
v -1.8 0.4 -0.8
v -1.8 0.5 -0.8
v -1.7 0.2 -0.8
v -1.7 0.3 -0.8
v -1.6 0.3 -0.8
v -1.6 0.4 -0.8
v -1.5 0.3 -0.8
v -1.5 0.5 -0.8
v -1.4 0.2 -0.8
v -1.4 0.3 -0.8
v -1.2 0 -0.8
v -1.2 0.2 -0.8
v -1.2 0.3 -0.8
v -1.1 0 -0.8
v -1.1 0.2 -0.8
v -0.9 0 -0.8
v -0.9 0.1 -0.8
v -0.8 0 -0.8
v -0.8 0.1 -0.8
v 0.4 0.3 -0.8
v 0.4 0.4 -0.8
v 0.4 0.5 -0.8
v 0.6 0.3 -0.8
v 0.6 0.4 -0.8
v 0.6 0.5 -0.8
v 0.6 0.6 -0.8
v 0.7 0.5 -0.8
v 0.7 0.6 -0.8
v -1.9 0.2 -0.9
v -1.9 0.5 -0.9
v -1.8 0.2 -0.9
v -1.8 0.4 -0.9
v -1.8 0.5 -0.9
v -1.8 0.6 -0.9
v -1.5 0.3 -0.9
v -1.5 0.5 -0.9
v -1.5 0.6 -0.9
v -1.4 0.3 -0.9
v -1.4 0.5 -0.9
v -1.1 0 -0.9
v -1.1 0.1 -0.9
v -0.9 0 -0.9
v -0.9 0.1 -0.9
v -0.9 0.2 -0.9
v -0.8 0.2 -0.9
v -0.8 0.3 -0.9
v -0.7 0 -0.9
v -0.7 0.1 -0.9
v -0.7 0.2 -0.9
v -0.7 0.3 -0.9
v -0.7 0.4 -0.9
v -0.6 0 -0.9
v -0.6 0.2 -0.9
v -0.6 0.3 -0.9
v -0.6 0.4 -0.9
v -0.5 0.2 -0.9
v -0.5 0.3 -0.9
v -0.3 0.3 -0.9
v -0.3 0.5 -0.9
v 2.38419e-07 0.4 -0.9
v 2.38419e-07 0.5 -0.9
v 0.1 0.3 -0.9
v 0.1 0.4 -0.9
v 0.1 0.5 -0.9
v 0.2 0.3 -0.9
v 0.2 0.5 -0.9
v 0.4 0.3 -0.9
v 0.4 0.4 -0.9
v 0.4 0.5 -0.9
v 0.4 0.6 -0.9
v 0.6 0.5 -0.9
v 0.6 0.6 -0.9
v -1.9 0.5 -1
v -1.9 0.8 -1
v -1.8 0.5 -1
v -1.8 0.6 -1
v -1.5 0.6 -1
v -1.5 0.8 -1
v -1.2 0.2 -1
v -1.2 0.3 -1
v -1.1 0.1 -1
v -1.1 0.2 -1
v -1.1 0.3 -1
v -1 0.1 -1
v -1 0.2 -1
v -1 0.3 -1
v -0.9 0.1 -1
v -0.9 0.2 -1
v -0.9 0.3 -1
v -0.9 0.6 -1
v -0.8 0.2 -1
v -0.8 0.3 -1
v -0.8 0.6 -1
v -0.8 0.7 -1
v -0.7 0.3 -1
v -0.7 0.4 -1
v -0.7 0.7 -1
v -0.6 0.3 -1
v -0.6 0.4 -1
v -0.5 0.3 -1
v -0.5 0.4 -1
v -0.4 0.3 -1
v -0.4 0.5 -1
v -0.3 0.3 -1
v -0.3 0.5 -1
v -0.3 0.6 -1
v -0.2 0.5 -1
v -0.2 0.6 -1
v 2.38419e-07 0.5 -1
v 0.1 0.3 -1
v 0.1 0.4 -1
v 0.1 0.5 -1
v 0.1 0.6 -1
v 0.2 0.3 -1
v 0.2 0.4 -1
v 0.2 0.5 -1
v 0.2 0.6 -1
v 0.4 0.5 -1
v 0.4 0.6 -1
v 0.4 0.7 -1
v 0.5 0.6 -1
v 0.5 0.7 -1
v -2 0.5 -1.1
v -2 0.7 -1.1
v -1.9 0.5 -1.1
v -1.9 0.7 -1.1
v -1.8 0.8 -1.1
v -1.8 0.9 -1.1
v -1.5 0.5 -1.1
v -1.5 0.8 -1.1
v -1.5 0.9 -1.1
v -1.4 0.3 -1.1
v -1.4 0.5 -1.1
v -1.4 0.8 -1.1
v -1.3 0.3 -1.1
v -1.3 0.5 -1.1
v -0.9 0.6 -1.1
v -0.9 0.7 -1.1
v -0.8 0.6 -1.1
v -0.8 0.7 -1.1
v -0.8 0.8 -1.1
v -0.8 0.9 -1.1
v -0.7 0.4 -1.1
v -0.7 0.6 -1.1
v -0.7 0.7 -1.1
v -0.7 0.8 -1.1
v -0.7 0.9 -1.1
v -0.6 0.6 -1.1
v -0.6 0.8 -1.1
v -0.5 0.4 -1.1
v -0.5 0.6 -1.1
v 0.1 0.5 -1.1
v 0.1 0.6 -1.1
v 0.2 0.5 -1.1
v 0.2 0.6 -1.1
v 0.2 0.7 -1.1
v 0.2 0.8 -1.1
v 0.3 0.6 -1.1
v 0.3 0.7 -1.1
v 0.4 0.6 -1.1
v 0.4 0.7 -1.1
v 0.5 0.6 -1.1
v 0.5 0.7 -1.1
v 0.5 0.8 -1.1
v 0.6 0.6 -1.1
v 0.6 0.7 -1.1
v -1.4 0.5 -1.2
v -1.4 0.6 -1.2
v -1.3 0.3 -1.2
v -1.3 0.5 -1.2
v -1.3 0.6 -1.2
v -1.2 0.3 -1.2
v -1.2 0.5 -1.2
v -1.1 0.2 -1.2
v -1.1 0.3 -1.2
v -1 0.2 -1.2
v -1 0.3 -1.2
v -0.9 0.1 -1.2
v -0.9 0.2 -1.2
v -0.8 0.9 -1.2
v -0.8 1 -1.2
v -0.7 0.1 -1.2
v -0.7 0.2 -1.2
v -0.7 0.8 -1.2
v -0.7 0.9 -1.2
v -0.7 1 -1.2
v -0.6 0.8 -1.2
v -0.6 0.9 -1.2
v 0.2 0.8 -1.2
v 0.2 0.9 -1.2
v 0.3 0.9 -1.2
v 0.3 1 -1.2
v 0.3 1.2 -1.2
v 0.4 1 -1.2
v 0.4 1.1 -1.2
v 0.5 0.7 -1.2
v 0.5 0.8 -1.2
v 0.5 1 -1.2
v 0.5 1.1 -1.2
v 0.5 1.2 -1.2
v 0.6 0.6 -1.2
v 0.6 0.7 -1.2
v 0.6 0.9 -1.2
v 0.6 1 -1.2
v 0.7 0.6 -1.2
v 0.7 0.8 -1.2
v 0.7 0.9 -1.2
v -1.3 0.5 -1.3
v -1.3 0.6 -1.3
v -1.2 0.3 -1.3
v -1.2 0.5 -1.3
v -1.2 0.6 -1.3
v -1.1 0.3 -1.3
v -1.1 0.5 -1.3
v 0.3 1.2 -1.3
v 0.3 1.3 -1.3
v 0.3 1.5 -1.3
v 0.4 1.3 -1.3
v 0.4 1.4 -1.3
v 0.5 1.2 -1.3
v 0.5 1.4 -1.3
v 0.5 1.5 -1.3
v 0.7 0.6 -1.3
v 0.7 0.7 -1.3
v 0.8 0.6 -1.3
v 0.8 0.7 -1.3
v -0.5 0.2 -1.4
v -0.5 0.3 -1.4
v -0.4 0.2 -1.4
v -0.4 0.3 -1.4
v 0.4 1.5 -1.4
v 0.4 1.6 -1.4
v 0.5 1.5 -1.4
v 0.5 1.6 -1.4
v 0.4 0.8 1.7
v 0.4 0.9 1.7
v 0.7 0.7 1.7
v 0.7 0.8 1.7
v 0.7 0.9 1.7
v 0.8 0.7 1.7
v 0.8 0.8 1.7
v -0.9 0.5 1.5
v -0.9 0.7 1.5
v -0.8 0.5 1.5
v -0.8 0.7 1.5
v 0.4 0.7 1.5
v 0.4 0.8 1.5
v 0.5 0.7 1.5
v 0.7 0.5 1.5
v 0.7 0.7 1.5
v 0.7 0.8 1.5
v 0.8 0.5 1.5
v 0.8 0.7 1.5
v 0.5 0.5 1.4
v 0.5 0.7 1.4
v 0.7 0.5 1.4
v 0.7 0.7 1.4
v 0.8 0.4 1.4
v 0.8 0.5 1.4
v 1 0.4 1.4
v 1 0.5 1.4
v -0.2 1 1.3
v -0.2 1.1 1.3
v 2.38419e-07 1 1.3
v 2.38419e-07 1.1 1.3
v 0.4 0.5 1.3
v 0.4 0.6 1.3
v 0.5 0.4 1.3
v 0.5 0.5 1.3
v 0.5 0.6 1.3
v 0.8 0.3 1.3
v 0.8 0.4 1.3
v 0.8 0.5 1.3
v 1 0.3 1.3
v 1 0.4 1.3
v 1 0.5 1.3
v 1.3 0.4 1.3
v 1.3 0.5 1.3
v -0.0999999 0.9 1.2
v -0.0999999 1 1.2
v 2.38419e-07 0.9 1.2
v 2.38419e-07 1 1.2
v 2.38419e-07 1.1 1.2
v 0.1 1 1.2
v 0.3 1 1.2
v 0.3 1.1 1.2
v 0.6 0.3 1.2
v 0.6 0.4 1.2
v 0.8 0.3 1.2
v 0.8 0.4 1.2
v 1 0.3 1.2
v 1 0.4 1.2
v 1.1 0.3 1.2
v 1.1 0.4 1.2
v -0.8 1.2 1.1
v -0.8 1.3 1.1
v -0.4 1.1 1.1
v -0.4 1.2 1.1
v -0.4 1.3 1.1
v -0.3 1.1 1.1
v -0.3 1.2 1.1
v -0.0999999 0.8 1.1
v -0.0999999 0.9 1.1
v 2.38419e-07 0.8 1.1
v 2.38419e-07 0.9 1.1
v 2.38419e-07 1 1.1
v 0.1 0.8 1.1
v 0.1 0.9 1.1
v 0.1 1 1.1
v 0.4 0.6 1.1
v 0.4 0.9 1.1
v 0.4 1 1.1
v 0.5 0.6 1.1
v 0.5 0.9 1.1
v 1.1 0.3 1.1
v 1.1 0.4 1.1
v 1.2 0.3 1.1
v 1.3 0.3 1.1
v 1.3 0.4 1.1
v 1.4 0.2 1.1
v 1.4 0.3 1.1
v 1.4 0.4 1.1
v 1.5 0.2 1.1
v 1.5 0.3 1.1
v -1.4 0.3 1
v -1.4 0.4 1
v -1.3 0.3 1
v -1.3 0.4 1
v -0.8 1.1 1
v -0.8 1.2 1
v -0.6 0.9 1
v -0.6 1.1 1
v -0.5 0.9 1
v -0.5 1 1
v -0.4 1 1
v -0.4 1.1 1
v -0.4 1.2 1
v -0.2 0.6 1
v -0.2 0.8 1
v -0.2 0.9 1
v -0.2 1 1
v -0.2 1.1 1
v -0.0999999 0.6 1
v -0.0999999 0.7 1
v -0.0999999 0.8 1
v -0.0999999 1 1
v 0.1 0.8 1
v 0.1 0.9 1
v 0.2 0.6 1
v 0.2 0.7 1
v 0.3 0.5 1
v 0.3 0.6 1
v 0.4 0.5 1
v 0.4 0.9 1
v 1.3 0.2 1
v 1.3 0.3 1
v 1.4 0 1
v 1.4 0.2 1
v 1.4 0.3 1
v 1.5 0 1
v 1.5 0.2 1
v -0.5 0.9 0.9
v -0.5 1 0.9
v -0.4 0.9 0.9
v -0.4 1 0.9
v -0.3 0.8 0.9
v -0.3 0.9 0.9
v -0.2 0.8 0.9
v -0.2 0.9 0.9
v -0.2 1 0.9
v 0.4 0.4 0.9
v 0.4 0.5 0.9
v 0.5 0.3 0.9
v 0.5 0.4 0.9
v 0.5 0.5 0.9
v 0.6 0.3 0.9
v 0.6 0.4 0.9
v -1.4 0.9 0.8
v -1.4 1 0.8
v -1.3 0.9 0.8
v -1.3 1 0.8
v -1.3 1.1 0.8
v -1.2 1 0.8
v -1.2 1.1 0.8
v -1.2 1.2 0.8
v -0.9 1.1 0.8
v -0.9 1.2 0.8
v 0.2 0.3 0.8
v 0.2 0.4 0.8
v 0.3 0.2 0.8
v 0.3 0.3 0.8
v 0.3 0.4 0.8
v 0.3 0.5 0.8
v 0.4 0.2 0.8
v 0.4 0.3 0.8
v 0.4 0.4 0.8
v 0.4 0.5 0.8
v 0.5 0.3 0.8
v 0.5 0.4 0.8
v 0.8 0.2 0.8
v 0.8 0.3 0.8
v -1.5 0 0.7
v -1.5 0.2 0.7
v -1.4 0 0.7
v -1.4 0.2 0.7
v -1.4 0.3 0.7
v -1.4 0.6 0.7
v -1.4 0.9 0.7
v -1.3 0.2 0.7
v -1.3 0.3 0.7
v -1.3 0.4 0.7
v -1.3 0.6 0.7
v -1.3 0.9 0.7
v -1.3 1 0.7
v -1.2 0.4 0.7
v -1.2 0.6 0.7
v -1.2 0.9 0.7
v -1.2 1 0.7
v -1.2 1.1 0.7
v -1 1 0.7
v -1 1.1 0.7
v -0.2 0.7 0.7
v -0.2 0.8 0.7
v -0.0999999 0.7 0.7
v -0.0999999 0.8 0.7
v 2.38419e-07 0.3 0.7
v 2.38419e-07 0.4 0.7
v 0.1 0.4 0.7
v 0.1 0.5 0.7
v 0.2 0.3 0.7
v 0.2 0.4 0.7
v 0.2 0.5 0.7
v 0.3 0.4 0.7
v 0.3 0.5 0.7
v 0.3 0.6 0.7
v 0.4 0 0.7
v 0.4 0.2 0.7
v 0.4 0.5 0.7
v 0.4 0.6 0.7
v 0.8 0 0.7
v 0.8 0.2 0.7
v 0.8 0.3 0.7
v 1 0.2 0.7
v 1 0.3 0.7
v 1.1 0.2 0.7
v 1.1 0.3 0.7
v -1.3 0.6 0.6
v -1.3 0.9 0.6
v -1.2 0.5 0.6
v -1.2 0.6 0.6
v -1.2 0.9 0.6
v -1.2 1 0.6
v -1.1 0.6 0.6
v -1.1 0.9 0.6
v -1 0.5 0.6
v -1 0.6 0.6
v -1 0.9 0.6
v -1 1 0.6
v -1 1.1 0.6
v -0.9 0.9 0.6
v -0.9 1 0.6
v -0.9 1.1 0.6
v -0.9 1.2 0.6
v -0.8 0.6 0.6
v -0.8 0.8 0.6
v -0.7 0.6 0.6
v -0.7 0.8 0.6
v -0.6 0.9 0.6
v -0.6 1.1 0.6
v -0.6 1.2 0.6
v -0.5 0.9 0.6
v -0.5 1.1 0.6
v -0.2 0.6 0.6
v -0.2 0.7 0.6
v -0.0999999 0.4 0.6
v -0.0999999 0.6 0.6
v -0.0999999 0.7 0.6
v 2.38419e-07 0.4 0.6
v 2.38419e-07 0.6 0.6
v 0.2 0.5 0.6
v 0.2 0.6 0.6
v 0.3 0.5 0.6
v 0.3 0.6 0.6
v 0.3 0.7 0.6
v 0.4 0.6 0.6
v 0.4 0.7 0.6
v 0.8 0 0.6
v 0.8 0.2 0.6
v 1 0 0.6
v 1 0.2 0.6
v -1.1 0.6 0.5
v -1.1 0.9 0.5
v -1 0.5 0.5
v -1 0.6 0.5
v -0.9 0.9 0.5
v -0.9 1.1 0.5
v -0.8 0.5 0.5
v -0.8 0.6 0.5
v -0.8 0.8 0.5
v -0.7 0.6 0.5
v -0.7 0.8 0.5
v -0.6 0.6 0.5
v -0.6 0.8 0.5
v -0.6 0.9 0.5
v -0.6 1.1 0.5
v -0.3 0.3 0.5
v -0.3 0.8 0.5
v -0.3 0.9 0.5
v -0.2 0.3 0.5
v -0.2 0.6 0.5
v -0.2 0.8 0.5
v -0.0999999 0.3 0.5
v -0.0999999 0.4 0.5
v -0.0999999 0.6 0.5
v -0.0999999 0.9 0.5
v 2.38419e-07 0.3 0.5
v 2.38419e-07 0.4 0.5
v 2.38419e-07 0.6 0.5
v 2.38419e-07 0.7 0.5
v 2.38419e-07 0.9 0.5
v 0.1 0.4 0.5
v 0.1 0.5 0.5
v 0.1 0.6 0.5
v 0.1 0.7 0.5
v 0.2 0.5 0.5
v 0.2 0.6 0.5
v 0.2 0.8 0.5
v 0.3 0.6 0.5
v 0.3 0.7 0.5
v 0.3 0.8 0.5
v 0.4 0.7 0.5
v 0.4 0.8 0.5
v -0.6 0.6 0.4
v -0.6 0.8 0.4
v -0.4 0.5 0.4
v -0.4 0.6 0.4
v -0.3 0.5 0.4
v -0.3 0.8 0.4
v 2.38419e-07 0.7 0.4
v 2.38419e-07 0.8 0.4
v 2.38419e-07 0.9 0.4
v 2.38419e-07 1 0.4
v 0.1 0.6 0.4
v 0.1 0.7 0.4
v 0.1 0.9 0.4
v 0.1 1 0.4
v 0.1 1.1 0.4
v 0.2 0.6 0.4
v 0.2 0.8 0.4
v 0.2 1 0.4
v 0.2 1.1 0.4
v 0.3 0.8 0.4
v 0.3 0.9 0.4
v 0.4 0.8 0.4
v 0.4 0.9 0.4
v 0.4 1 0.4
v 0.5 0.9 0.4
v 0.5 1 0.4
v 1 0 0.4
v 1 0.2 0.4
v 1.1 0 0.4
v 1.1 0.2 0.4
v 1.1 0.3 0.4
v 1.2 0.2 0.4
v 1.2 0.3 0.4
v -1.3 0.3 0.3
v -1.3 0.4 0.3
v -1.2 0.3 0.3
v -1.2 0.4 0.3
v -1.2 0.5 0.3
v -1.1 0.4 0.3
v -0.9 0.4 0.3
v -0.9 0.5 0.3
v -0.5 0.5 0.3
v -0.5 0.6 0.3
v -0.4 0.3 0.3
v -0.4 0.5 0.3
v -0.4 0.6 0.3
v -0.3 0.3 0.3
v -0.3 0.5 0.3
v 2.38419e-07 0.2 0.3
v 2.38419e-07 0.3 0.3
v 2.38419e-07 0.8 0.3
v 2.38419e-07 0.9 0.3
v 0.1 0.9 0.3
v 0.1 1 0.3
v 0.2 1 0.3
v 0.2 1.1 0.3
v 0.3 0 0.3
v 0.3 0.2 0.3
v 0.3 0.3 0.3
v 0.3 0.8 0.3
v 0.3 0.9 0.3
v 0.3 1 0.3
v 0.3 1.1 0.3
v 0.3 1.2 0.3
v 0.4 0 0.3
v 0.4 0.2 0.3
v 0.4 0.9 0.3
v 0.4 1 0.3
v 0.4 1.1 0.3
v 0.4 1.2 0.3
v 0.5 1 0.3
v 0.5 1.1 0.3
v -1.2 0.2 0.2
v -1.2 0.3 0.2
v -1.2 0.4 0.2
v -1.1 0.2 0.2
v -1.1 0.4 0.2
v -1 0.2 0.2
v -1 0.4 0.2
v -0.6 0.5 0.2
v -0.6 0.6 0.2
v -0.5 0.3 0.2
v -0.5 0.5 0.2
v -0.5 0.6 0.2
v -0.4 0.3 0.2
v -0.4 0.5 0.2
v -0.0999999 0.2 0.2
v -0.0999999 0.3 0.2
v 2.38419e-07 0 0.2
v 2.38419e-07 0.2 0.2
v 2.38419e-07 0.3 0.2
v 0.3 0 0.2
v 0.3 0.2 0.2
v 0.3 1 0.2
v 0.3 1.1 0.2
v 0.4 1 0.2
v 0.4 1.1 0.2
v -1 0.3 0.0999999
v -1 0.4 0.0999999
v -1 0.5 0.0999999
v -0.9 0.3 0.0999999
v -0.9 0.4 0.0999999
v -0.9 0.5 0.0999999
v -0.9 0.6 0.0999999
v -0.6 0.3 0.0999999
v -0.6 0.5 0.0999999
v -0.6 0.6 0.0999999
v -0.5 0.3 0.0999999
v -0.5 0.5 0.0999999
v -0.2 0.2 0.0999999
v -0.2 0.3 0.0999999
v -0.0999999 0 0.0999999
v -0.0999999 0.2 0.0999999
v -0.0999999 0.3 0.0999999
v 2.38419e-07 0 0.0999999
v 2.38419e-07 0.2 0.0999999
v 1.1 0 0.0999999
v 1.1 0.2 0.0999999
v 1.2 0 0.0999999
v 1.2 0.2 0.0999999
v 1.2 0.3 0.0999999
v 1.5 0 0.0999999
v 1.5 0.2 0.0999999
v 1.5 0.3 0.0999999
v 1.6 0 0.0999999
v 1.6 0.2 0.0999999
v -1.6 0 -2.38419e-07
v -1.6 0.2 -2.38419e-07
v -1.5 0 -2.38419e-07
v -1.5 0.2 -2.38419e-07
v -1.5 0.3 -2.38419e-07
v -1.2 0 -2.38419e-07
v -1.2 0.2 -2.38419e-07
v -1.2 0.3 -2.38419e-07
v -1.1 0 -2.38419e-07
v -1.1 0.2 -2.38419e-07
v -0.9 0.3 -2.38419e-07
v -0.9 0.4 -2.38419e-07
v -0.9 0.5 -2.38419e-07
v -0.8 0.3 -2.38419e-07
v -0.8 0.4 -2.38419e-07
v -0.6 0.3 -2.38419e-07
v -0.6 0.5 -2.38419e-07
v 1.2 0 -2.38419e-07
v 1.2 0.2 -2.38419e-07
v 1.5 0 -2.38419e-07
v 1.5 0.2 -2.38419e-07
v -1.5 0 -0.1
v -1.5 0.2 -0.1
v -1.2 0 -0.1
v -1.2 0.2 -0.1
v -1.1 0 -0.1
v -1.1 0.2 -0.1
v -1 0 -0.1
v -1 0.2 -0.1
v -1 0.3 -0.1
v -0.9 0.2 -0.1
v -0.9 0.3 -0.1
v -0.3 0.2 -0.1
v -0.3 0.3 -0.1
v -0.2 0 -0.1
v -0.2 0.2 -0.1
v -0.2 0.3 -0.1
v -0.0999999 0 -0.1
v -0.0999999 0.2 -0.1
v -1 0 -0.3
v -1 0.2 -0.3
v -0.9 0 -0.3
v -0.9 0.2 -0.3
v -0.9 0.3 -0.3
v -0.8 0.2 -0.3
v -0.8 0.3 -0.3
v -0.4 0.2 -0.3
v -0.4 0.3 -0.3
v -0.3 0 -0.3
v -0.3 0.2 -0.3
v -0.3 0.3 -0.3
v -0.2 0 -0.3
v -0.2 0.2 -0.3
v -0.9 0 -0.5
v -0.9 0.2 -0.5
v -0.8 0 -0.5
v -0.8 0.1 -0.5
v -0.8 0.2 -0.5
v -0.8 0.3 -0.5
v -0.6 0.2 -0.5
v -0.4 0.2 -0.5
v -0.4 0.3 -0.5
v -0.8 0 -0.6
v -0.8 0.1 -0.6
v -0.8 0.2 -0.6
v -0.6 0.1 -0.6
v -0.6 0.2 -0.6
v -0.5 0 -0.6
v -0.5 0.2 -0.6
v 1.2 0.5 -1
v 1.2 0.6 -1
v 1.3 0.2 -1
v 1.3 0.3 -1
v 1.3 0.4 -1
v 1.3 0.5 -1
v 1.3 0.6 -1
v 1.4 0.2 -1
v 1.4 0.3 -1
v 1.4 0.5 -1
v -0.9 0.1 -1.1
v -0.9 0.2 -1.1
v -0.8 0.1 -1.1
v -0.8 0.2 -1.1
v -0.7 0.1 -1.1
v -0.7 0.2 -1.1
v -2 0.5 -1.2
v -2 0.7 -1.2
v -1.9 0.5 -1.2
v -1.9 0.7 -1.2
v -1.9 0.8 -1.2
v -1.8 0.7 -1.2
v -1.8 0.8 -1.2
v -0.9 0.6 -1.2
v -0.9 0.7 -1.2
v -0.8 0.6 -1.2
v -0.8 0.7 -1.2
v 1.1 0.5 -1.2
v 1.1 0.6 -1.2
v 1.2 0.2 -1.2
v 1.2 0.3 -1.2
v 1.2 0.4 -1.2
v 1.2 0.5 -1.2
v 1.2 0.6 -1.2
v 1.3 0 -1.2
v 1.3 0.2 -1.2
v 1.3 0.4 -1.2
v 1.3 0.5 -1.2
v 1.4 0 -1.2
v 1.4 0.2 -1.2
v -1.9 0.2 -1.3
v -1.9 0.4 -1.3
v -1.8 0.2 -1.3
v -1.8 0.4 -1.3
v -1.8 0.8 -1.3
v -1.8 0.9 -1.3
v -1.7 0.8 -1.3
v -1.7 0.9 -1.3
v -0.9 0.3 -1.3
v -0.9 0.4 -1.3
v -0.9 0.6 -1.3
v -0.8 0.3 -1.3
v -0.8 0.4 -1.3
v -0.8 0.6 -1.3
v -0.8 0.8 -1.3
v -0.8 1 -1.3
v -0.7 0.9 -1.3
v -0.7 1 -1.3
v -0.6 0.3 -1.3
v -0.6 0.4 -1.3
v -0.6 0.6 -1.3
v -0.6 0.8 -1.3
v -0.6 0.9 -1.3
v -0.5 0.2 -1.3
v -0.5 0.3 -1.3
v -0.5 0.4 -1.3
v -0.5 0.6 -1.3
v -0.4 0.2 -1.3
v -0.4 0.3 -1.3
v 0.9 0.5 -1.3
v 0.9 0.6 -1.3
v 1 0.5 -1.3
v 1 0.6 -1.3
v 1.1 0.2 -1.3
v 1.1 0.3 -1.3
v 1.1 0.5 -1.3
v 1.1 0.6 -1.3
v 1.2 0 -1.3
v 1.2 0.2 -1.3
v 1.2 0.3 -1.3
v 1.2 0.5 -1.3
v 1.3 0 -1.3
v 1.3 0.2 -1.3
v -1.9 0.4 -1.4
v -1.9 0.5 -1.4
v -1.9 0.7 -1.4
v -1.8 0.4 -1.4
v -1.8 0.5 -1.4
v -1.8 0.7 -1.4
v -1.8 0.8 -1.4
v -1.7 0.5 -1.4
v -1.7 0.7 -1.4
v -1.7 0.8 -1.4
v -1.7 0.9 -1.4
v -1.6 0.7 -1.4
v -1.6 0.8 -1.4
v -1.5 0.6 -1.4
v -1.5 0.8 -1.4
v -1.5 0.9 -1.4
v -1.4 0.6 -1.4
v -1.4 0.8 -1.4
v -0.8 0.3 -1.4
v -0.8 0.4 -1.4
v -0.8 0.6 -1.4
v -0.6 0.3 -1.4
v -0.6 0.4 -1.4
v -0.6 0.6 -1.4
v -0.4 0 -1.4
v -0.4 0.3 -1.4
v -0.4 0.4 -1.4
v -0.4 0.5 -1.4
v -0.3 0.2 -1.4
v -0.3 0.4 -1.4
v -0.3 0.5 -1.4
v -0.3 0.6 -1.4
v -0.2 0.1 -1.4
v -0.2 0.2 -1.4
v -0.2 0.5 -1.4
v -0.2 0.6 -1.4
v -0.0999999 0 -1.4
v -0.0999999 0.1 -1.4
v -0.0999999 0.5 -1.4
v 2.38419e-07 0 -1.4
v 2.38419e-07 0.1 -1.4
v 2.38419e-07 0.5 -1.4
v 2.38419e-07 0.6 -1.4
v 0.2 0.7 -1.4
v 0.2 0.8 -1.4
v 0.2 0.9 -1.4
v 0.3 0.7 -1.4
v 0.3 0.8 -1.4
v 0.3 0.9 -1.4
v 0.3 1.4 -1.4
v 0.3 1.5 -1.4
v 0.4 1 -1.4
v 0.4 1.1 -1.4
v 0.4 1.4 -1.4
v 0.4 1.5 -1.4
v 0.5 0.8 -1.4
v 0.5 1 -1.4
v 0.5 1.1 -1.4
v 0.6 0.7 -1.4
v 0.6 0.8 -1.4
v 0.6 0.9 -1.4
v 0.6 1 -1.4
v 0.7 0.6 -1.4
v 0.7 0.7 -1.4
v 0.7 0.9 -1.4
v 0.8 0.6 -1.4
v 0.8 0.7 -1.4
v 1 0.3 -1.4
v 1 0.5 -1.4
v 1.1 0.3 -1.4
v 1.1 0.5 -1.4
v -1.8 0.2 -1.5
v -1.8 0.4 -1.5
v -1.8 0.5 -1.5
v -1.7 0.2 -1.5
v -1.7 0.4 -1.5
v -1.7 0.5 -1.5
v -1.7 0.7 -1.5
v -1.6 0.5 -1.5
v -1.6 0.6 -1.5
v -1.6 0.7 -1.5
v -1.6 0.8 -1.5
v -1.5 0.6 -1.5
v -1.5 0.8 -1.5
v -0.5 0.2 -1.5
v -0.5 0.3 -1.5
v -0.4 0.2 -1.5
v -0.4 0.3 -1.5
v -0.3 0.2 -1.5
v -0.3 0.5 -1.5
v -0.2 0.1 -1.5
v -0.2 0.2 -1.5
v -0.0999999 0.2 -1.5
v -0.0999999 0.4 -1.5
v -0.0999999 0.5 -1.5
v 2.38419e-07 0.1 -1.5
v 2.38419e-07 0.2 -1.5
v 0.2 0.6 -1.5
v 0.2 0.7 -1.5
v 0.3 0.6 -1.5
v 0.3 0.7 -1.5
v 0.3 0.8 -1.5
v 0.3 1.1 -1.5
v 0.3 1.4 -1.5
v 0.4 0.8 -1.5
v 0.4 0.9 -1.5
v 0.4 1 -1.5
v 0.4 1.1 -1.5
v 0.4 1.3 -1.5
v 0.4 1.4 -1.5
v 0.4 1.6 -1.5
v 0.5 0.7 -1.5
v 0.5 0.8 -1.5
v 0.5 0.9 -1.5
v 0.5 1 -1.5
v 0.5 1.1 -1.5
v 0.5 1.3 -1.5
v 0.5 1.4 -1.5
v 0.5 1.6 -1.5
v 0.6 0.6 -1.5
v 0.6 0.7 -1.5
v 0.6 0.8 -1.5
v 0.7 0.6 -1.5
v 0.7 0.7 -1.5
v 0.8 0.5 -1.5
v 0.8 0.6 -1.5
v 0.9 0.3 -1.5
v 0.9 0.5 -1.5
v 0.9 0.6 -1.5
v 1 0.2 -1.5
v 1 0.3 -1.5
v 1 0.5 -1.5
v 1.1 0 -1.5
v 1.1 0.2 -1.5
v 1.1 0.3 -1.5
v 1.2 0 -1.5
v 1.2 0.2 -1.5
v -1.8 0 -1.6
v -1.8 0.2 -1.6
v -1.7 0 -1.6
v -1.7 0.2 -1.6
v -1.7 0.4 -1.6
v -1.7 0.5 -1.6
v -1.6 0.2 -1.6
v -1.6 0.4 -1.6
v -1.6 0.5 -1.6
v -1.6 0.6 -1.6
v -1.5 0.5 -1.6
v -1.5 0.6 -1.6
v 0.3 0.6 -1.6
v 0.3 0.8 -1.6
v 0.4 0.8 -1.6
v 0.4 0.9 -1.6
v 0.5 0.7 -1.6
v 0.5 0.8 -1.6
v 0.5 0.9 -1.6
v 0.6 0.6 -1.6
v 0.6 0.7 -1.6
v 0.9 0.2 -1.6
v 0.9 0.3 -1.6
v 1 0 -1.6
v 1 0.2 -1.6
v 1 0.3 -1.6
v 1.1 0 -1.6
v 1.1 0.2 -1.6
v -1.7 0 -1.7
v -1.7 0.2 -1.7
v -1.6 0.2 -1.7
v -1.6 0.4 -1.7
v -1.6 0.5 -1.7
v -1.5 0 -1.7
v -1.5 0.4 -1.7
v -1.5 0.5 -1.7
v -1.5 0.6 -1.7
v -1.3 0.5 -1.7
v -1.2 0.2 -1.7
v -1.2 0.3 -1.7
v -1.2 0.4 -1.7
v -1.2 0.5 -1.7
v -1.2 0.6 -1.7
v -1.1 0.3 -1.7
v -1.1 0.5 -1.7
v -0.8 0.2 -1.7
v -0.8 0.3 -1.7
v -0.0999999 0.2 -1.7
v -0.0999999 0.4 -1.7
v -0.0999999 0.5 -1.7
v 2.38419e-07 0 -1.7
v 2.38419e-07 0.2 -1.7
v 2.38419e-07 0.4 -1.7
v 2.38419e-07 0.5 -1.7
v 2.38419e-07 0.6 -1.7
v 0.1 0 -1.7
v 0.1 0.2 -1.7
v 0.1 0.5 -1.7
v 0.1 0.6 -1.7
v 0.4 0.5 -1.7
v 0.5 0.5 -1.7
v 0.5 0.6 -1.7
v 0.7 0 -1.7
v 0.7 0.1 -1.7
v 0.8 0 -1.7
v 0.8 0.1 -1.7
v 0.8 0.2 -1.7
v 0.9 0.2 -1.7
v 1 0 -1.7
v 1 0.2 -1.7
v -1.5 0 -1.8
v -1.5 0.5 -1.8
v -1.3 0.4 -1.8
v -1.3 0.5 -1.8
v -1.2 0.2 -1.8
v -1.2 0.4 -1.8
v -1.2 0.5 -1.8
v -0.8 0 -1.8
v -0.8 0.2 -1.8
v -0.8 0.3 -1.8
v -0.5 0 -1.8
v -0.5 0.2 -1.8
v -0.5 0.3 -1.8
v -0.4 0 -1.8
v -0.4 0.2 -1.8
v 2.38419e-07 0.2 -1.8
v 2.38419e-07 0.4 -1.8
v 2.38419e-07 0.5 -1.8
v 0.1 0 -1.8
v 0.1 0.2 -1.8
v 0.4 0.4 -1.8
v 0.4 0.5 -1.8
v 0.5 0.2 -1.8
v 0.5 0.5 -1.8
v 0.5 0.6 -1.8
v 0.7 0 -1.8
v 0.7 0.1 -1.8
v 0.8 0.1 -1.8
v 0.8 0.2 -1.8
v 0.8 0.5 -1.8
v 0.8 0.6 -1.8
v 0.9 0.2 -1.8
v 0.9 0.5 -1.8
v -0.8 0 -1.9
v -0.8 0.2 -1.9
v -0.5 0 -1.9
v -0.5 0.2 -1.9
v 0.5 0.2 -1.9
v 0.5 0.5 -1.9
v 0.8 0.2 -1.9
v 0.8 0.5 -1.9
v -0.8 0 2
v 0.3 0 2
v 0.3 0 1.9
v 0.5 0 1.9
v 0.8 0 1.9
v 1.1 0 1.9
v -1 0 1.8
v -0.8 0 1.8
v -0.6 0 1.8
v 0.2 0 1.8
v 0.5 0 1.8
v 0.6 0 1.8
v 0.7 0 1.8
v 0.8 0 1.8
v 1.1 0 1.8
v 1.3 0 1.8
v -1.1 0 1.7
v -1 0 1.7
v -0.7 0 1.7
v -0.6 0 1.7
v 0.2 0 1.7
v 0.6 0 1.7
v 0.7 0 1.7
v 1.2 0 1.7
v 1.3 0 1.7
v 1.4 0 1.7
v -1.1 0 1.6
v -0.7 0 1.6
v 0.6 0 1.6
v 0.7 0 1.6
v -1.2 0 1.5
v -1.1 0 1.5
v 1.4 0 1.5
v 1.5 0 1.5
v -1.2 0 1.4
v -1.1 0 1.4
v 1.2 0 1.4
v 1.3 0 1.4
v -1.4 0 1.3
v -1.2 0 1.3
v -1.1 0 1.3
v -1.5 0 1.2
v -1.4 0 1.2
v 1.3 0 1.2
v 1.4 0 1.2
v -1.3 0 1.1
v -1.2 0 1.1
v 1.3 0 1.1
v 1.4 0 1.1
v 1.2 0 1
v 1.3 0 1
v 1.4 0 1
v 1.5 0 1
v 0.4 0 0.9
v 0.8 0 0.9
v 1.2 0 0.9
v 1.3 0 0.9
v 1.4 0 0.9
v 1.5 0 0.9
v 0.3 0 0.8
v 0.4 0 0.8
v 0.8 0 0.8
v 1 0 0.8
v -1.5 0 0.7
v -1.4 0 0.7
v -1.3 0 0.7
v -1.2 0 0.7
v 0.2 0 0.7
v 0.3 0 0.7
v 0.4 0 0.7
v 0.8 0 0.7
v 1 0 0.7
v 1.1 0 0.7
v 1.3 0 0.7
v 1.4 0 0.7
v 1.5 0 0.7
v 1.6 0 0.7
v -1.5 0 0.6
v -1.4 0 0.6
v -1.3 0 0.6
v -1.2 0 0.6
v 0.8 0 0.6
v 1 0 0.6
v 1.1 0 0.6
v 1.2 0 0.6
v -1.6 0 0.4
v -1.5 0 0.4
v 2.38419e-07 0 0.4
v 0.1 0 0.4
v 1 0 0.4
v 1.1 0 0.4
v 1.2 0 0.4
v 1.3 0 0.4
v -1.4 0 0.3
v -1.3 0 0.3
v -0.0999999 0 0.3
v 2.38419e-07 0 0.3
v 0.1 0 0.3
v 0.2 0 0.3
v 0.3 0 0.3
v 0.4 0 0.3
v -1.2 0 0.2
v -1 0 0.2
v -0.2 0 0.2
v -0.0999999 0 0.2
v 2.38419e-07 0 0.2
v 0.3 0 0.2
v 1.3 0 0.2
v 1.4 0 0.2
v -1.4 0 0.0999999
v -1.2 0 0.0999999
v -1 0 0.0999999
v -0.9 0 0.0999999
v -0.3 0 0.0999999
v -0.2 0 0.0999999
v -0.0999999 0 0.0999999
v 2.38419e-07 0 0.0999999
v 1.1 0 0.0999999
v 1.2 0 0.0999999
v 1.5 0 0.0999999
v 1.6 0 0.0999999
v -1.6 0 -2.38419e-07
v -1.5 0 -2.38419e-07
v -1.2 0 -2.38419e-07
v -1.1 0 -2.38419e-07
v -0.9 0 -2.38419e-07
v -0.8 0 -2.38419e-07
v 1.2 0 -2.38419e-07
v 1.5 0 -2.38419e-07
v -1.5 0 -0.1
v -1.2 0 -0.1
v -1.1 0 -0.1
v -1 0 -0.1
v -0.4 0 -0.1
v -0.3 0 -0.1
v -0.2 0 -0.1
v -0.0999999 0 -0.1
v -0.8 0 -0.2
v -0.7 0 -0.2
v -1 0 -0.3
v -0.9 0 -0.3
v -0.5 0 -0.3
v -0.4 0 -0.3
v -0.3 0 -0.3
v -0.2 0 -0.3
v -0.5 0 -0.4
v -0.4 0 -0.4
v 0.5 0 -0.4
v 1.3 0 -0.4
v -0.9 0 -0.5
v -0.8 0 -0.5
v -0.7 0 -0.5
v -0.4 0 -0.5
v -0.3 0 -0.5
v 0.2 0 -0.5
v 0.4 0 -0.5
v 0.5 0 -0.5
v 1.2 0 -0.5
v 1.3 0 -0.5
v 1.4 0 -0.5
v -1.7 0 -0.6
v -1.4 0 -0.6
v -0.8 0 -0.6
v -0.5 0 -0.6
v 0.2 0 -0.6
v 0.4 0 -0.6
v -1.8 0 -0.7
v -1.7 0 -0.7
v -1.4 0 -0.7
v -1.2 0 -0.7
v -0.8 0 -0.7
v -0.7 0 -0.7
v -0.6 0 -0.7
v -0.5 0 -0.7
v -1.6 0 -0.8
v -1.4 0 -0.8
v -1.2 0 -0.8
v -1.1 0 -0.8
v -0.9 0 -0.8
v -0.8 0 -0.8
v -1.7 0 -0.9
v -1.6 0 -0.9
v -1.4 0 -0.9
v -1.1 0 -0.9
v -0.9 0 -0.9
v -0.7 0 -0.9
v -0.6 0 -0.9
v -1.7 0 -1
v -1.6 0 -1
v -1.1 0 -1
v -1 0 -1
v -1 0 -1.1
v -0.9 0 -1.1
v -0.9 0 -1.2
v -0.7 0 -1.2
v -0.6 0 -1.2
v -0.4 0 -1.2
v -0.0999999 0 -1.2
v 1.1 0 -1.2
v 1.2 0 -1.2
v 1.3 0 -1.2
v 1.4 0 -1.2
v -0.7 0 -1.3
v -0.6 0 -1.3
v -0.4 0 -1.3
v 1 0 -1.3
v 1.1 0 -1.3
v 1.2 0 -1.3
v 1.3 0 -1.3
v -0.4 0 -1.4
v -0.0999999 0 -1.4
v 2.38419e-07 0 -1.4
v 0.9 0 -1.4
v 1 0 -1.4
v -1.6 0 -1.5
v -1.5 0 -1.5
v 2.38419e-07 0 -1.5
v 0.2 0 -1.5
v 0.8 0 -1.5
v 0.9 0 -1.5
v 1.1 0 -1.5
v 1.2 0 -1.5
v -1.8 0 -1.6
v -1.7 0 -1.6
v -1.5 0 -1.6
v -0.8 0 -1.6
v 0.2 0 -1.6
v 0.7 0 -1.6
v 1 0 -1.6
v 1.1 0 -1.6
v -1.7 0 -1.7
v -1.5 0 -1.7
v -0.8 0 -1.7
v -0.6 0 -1.7
v 2.38419e-07 0 -1.7
v 0.1 0 -1.7
v 0.7 0 -1.7
v 0.8 0 -1.7
v 1 0 -1.7
v -1.5 0 -1.8
v -0.8 0 -1.8
v -0.5 0 -1.8
v -0.4 0 -1.8
v 0.1 0 -1.8
v 0.7 0 -1.8
v -0.8 0 -1.9
v -0.5 0 -1.9
v 0.7 0.1 1.9
v 0.8 0.1 1.9
v -1.1 0.1 1.8
v -1 0.1 1.8
v 0.6 0.1 1.8
v 0.7 0.1 1.8
v 0.8 0.1 1.8
v -1.2 0.1 1.7
v -1.1 0.1 1.7
v -1 0.1 1.7
v 0.6 0.1 1.7
v 0.7 0.1 1.7
v -1.1 0.1 1.6
v -1.3 0.1 1.5
v -1.2 0.1 1.5
v -1.1 0.1 1.5
v -1.2 0.1 1.4
v -1.3 0.1 1.3
v -1.2 0.1 1.3
v -0.2 0.1 -1.4
v -0.0999999 0.1 -1.4
v 2.38419e-07 0.1 -1.4
v -0.2 0.1 -1.5
v 2.38419e-07 0.1 -1.5
v 0.7 0.1 -1.7
v 0.8 0.1 -1.7
v 0.7 0.1 -1.8
v 0.8 0.1 -1.8
v -1.9 0.2 -0.9
v -1.8 0.2 -0.9
v -0.9 0.2 -1.1
v -0.8 0.2 -1.1
v -0.7 0.2 -1.1
v -0.9 0.2 -1.2
v -0.7 0.2 -1.2
v -1.9 0.2 -1.3
v -1.8 0.2 -1.3
v -0.3 0.2 -1.4
v -0.2 0.2 -1.4
v -0.3 0.2 -1.5
v -0.2 0.2 -1.5
v -0.0999999 0.2 -1.5
v 2.38419e-07 0.2 -1.5
v -0.0999999 0.2 -1.7
v 2.38419e-07 0.2 -1.7
v 0.1 0.2 -1.7
v 0.8 0.2 -1.7
v 0.9 0.2 -1.7
v 2.38419e-07 0.2 -1.8
v 0.1 0.2 -1.8
v 0.5 0.2 -1.8
v 0.8 0.2 -1.8
v 0.9 0.2 -1.8
v 0.5 0.2 -1.9
v 0.8 0.2 -1.9
v 0.4 0.3 2
v 0.7 0.3 2
v 0.4 0.3 1.9
v 0.5 0.3 1.9
v 0.7 0.3 1.9
v 0.5 0.3 1.8
v 0.7 0.3 1.8
v -0.3 0.4 2
v 2.38419e-07 0.4 2
v 0.3 0.4 2
v 0.4 0.4 2
v 0.7 0.4 2
v 0.8 0.4 2
v -0.8 0.4 1.9
v -0.6 0.4 1.9
v -0.3 0.4 1.9
v 2.38419e-07 0.4 1.9
v 0.3 0.4 1.9
v 0.4 0.4 1.9
v 0.7 0.4 1.9
v 0.8 0.4 1.9
v -0.8 0.4 1.8
v -0.6 0.4 1.8
v -0.4 0.4 1.8
v -0.3 0.4 1.8
v -0.4 0.4 1.7
v -0.3 0.4 1.7
v 0.2 0.4 0.8
v 0.3 0.4 0.8
v 2.38419e-07 0.4 0.7
v 0.1 0.4 0.7
v 0.2 0.4 0.7
v 0.3 0.4 0.7
v 2.38419e-07 0.4 0.6
v 0.1 0.4 0.6
v 2.38419e-07 0.4 0.5
v 0.1 0.4 0.5
v -1.9 0.4 -1.3
v -1.8 0.4 -1.3
v -1.9 0.4 -1.4
v -1.8 0.4 -1.4
v -0.6 0.5 2
v -0.3 0.5 2
v 2.38419e-07 0.5 2
v 0.3 0.5 2
v -0.6 0.5 1.9
v -0.3 0.5 1.9
v 2.38419e-07 0.5 1.9
v 0.3 0.5 1.9
v 0.3 0.5 0.8
v 0.4 0.5 0.8
v 0.1 0.5 0.7
v 0.2 0.5 0.7
v 0.3 0.5 0.7
v 0.4 0.5 0.7
v 0.1 0.5 0.6
v 0.2 0.5 0.6
v 0.3 0.5 0.6
v 0.1 0.5 0.5
v 0.2 0.5 0.5
v -2 0.5 -1.1
v -1.9 0.5 -1.1
v -2 0.5 -1.2
v -1.9 0.5 -1.2
v 0.4 0.6 1.3
v 0.5 0.6 1.3
v -1.3 0.6 1.1
v -1.2 0.6 1.1
v 0.4 0.6 1.1
v 0.5 0.6 1.1
v -1.4 0.6 1
v -1.3 0.6 1
v -1.2 0.6 1
v -1.4 0.6 0.7
v -1.3 0.6 0.7
v -1.2 0.6 0.7
v 0.3 0.6 0.7
v 0.4 0.6 0.7
v -1.3 0.6 0.6
v -1.2 0.6 0.6
v -1.1 0.6 0.6
v -1 0.6 0.6
v -0.0999999 0.6 0.6
v 2.38419e-07 0.6 0.6
v 0.2 0.6 0.6
v 0.3 0.6 0.6
v 0.4 0.6 0.6
v -1.1 0.6 0.5
v -1 0.6 0.5
v -0.0999999 0.6 0.5
v 2.38419e-07 0.6 0.5
v 0.1 0.6 0.5
v 0.2 0.6 0.5
v 0.3 0.6 0.5
v 0.1 0.6 0.4
v 0.2 0.6 0.4
v -0.9 0.7 1.5
v -0.8 0.7 1.5
v -0.9 0.7 1.4
v -0.8 0.7 1.4
v -1.3 0.7 1.2
v -1.2 0.7 1.2
v -1.4 0.7 1.1
v -1.3 0.7 1.1
v -1.2 0.7 1.1
v -1.4 0.7 1
v -1.3 0.7 1
v 0.3 0.7 0.6
v 0.4 0.7 0.6
v 2.38419e-07 0.7 0.5
v 0.1 0.7 0.5
v 0.3 0.7 0.5
v 0.4 0.7 0.5
v 2.38419e-07 0.7 0.4
v 0.1 0.7 0.4
v -0.9 0.8 1.6
v -0.8 0.8 1.6
v -1 0.8 1.5
v -0.9 0.8 1.5
v -0.8 0.8 1.5
v -1 0.8 1.4
v -0.9 0.8 1.4
v -0.8 0.8 0.6
v -0.7 0.8 0.6
v -0.8 0.8 0.5
v -0.7 0.8 0.5
v 0.2 0.8 0.5
v 0.3 0.8 0.5
v 0.4 0.8 0.5
v 2.38419e-07 0.8 0.4
v 0.2 0.8 0.4
v 0.3 0.8 0.4
v 0.4 0.8 0.4
v 2.38419e-07 0.8 0.3
v 0.3 0.8 0.3
v 0.4 0.9 0.5
v 0.5 0.9 0.5
v 0.3 0.9 0.4
v 0.4 0.9 0.4
v 0.5 0.9 0.4
v 0.3 0.9 0.3
v 0.4 0.9 0.3
v 0.4 1 0.4
v 0.5 1 0.4
v 0.3 1 0.3
v 0.4 1 0.3
v 0.5 1 0.3
v 0.3 1 0.2
v 0.4 1 0.2
v 0.4 1.1 -1.4
v 0.5 1.1 -1.4
v 0.4 1.1 -1.5
v 0.5 1.1 -1.5
v -0.8 0.1 -0.7
v -0.7 0.1 -0.7
v -0.9 0.1 -0.8
v -0.8 0.1 -0.8
v -1.1 0.1 -0.9
v -0.9 0.1 -0.9
v -0.7 0.1 -0.9
v -1.1 0.1 -1
v -1 0.1 -1
v -0.9 0.1 -1
v -0.9 0.1 -1.1
v -0.8 0.1 -1.1
v -0.7 0.1 -1.1
v -0.9 0.1 -1.2
v -0.7 0.1 -1.2
v -0.8 0.2 2
v -0.7 0.2 2
v -0.3 0.2 2
v -0.0999999 0.2 2
v -0.3 0.2 1.9
v -0.0999999 0.2 1.9
v -0.8 0.2 1.8
v -0.7 0.2 1.8
v -1.5 0.2 1.2
v -1.4 0.2 1.2
v 1.4 0.2 1.1
v 1.5 0.2 1.1
v 1.3 0.2 1
v 1.4 0.2 1
v 1.5 0.2 1
v 1.3 0.2 0.9
v 1.4 0.2 0.9
v 1.5 0.2 0.9
v 0.3 0.2 0.8
v 0.4 0.2 0.8
v 0.8 0.2 0.8
v -1.5 0.2 0.7
v -1.4 0.2 0.7
v -1.3 0.2 0.7
v 0.3 0.2 0.7
v 0.4 0.2 0.7
v 0.8 0.2 0.7
v 1 0.2 0.7
v 1.1 0.2 0.7
v 1.4 0.2 0.7
v 1.5 0.2 0.7
v 1.6 0.2 0.7
v -1.5 0.2 0.6
v -1.4 0.2 0.6
v -1.3 0.2 0.6
v 0.8 0.2 0.6
v 1 0.2 0.6
v 1.1 0.2 0.6
v -1.6 0.2 0.4
v -1.5 0.2 0.4
v -1.4 0.2 0.4
v 1 0.2 0.4
v 1.1 0.2 0.4
v 1.2 0.2 0.4
v 2.38419e-07 0.2 0.3
v 0.3 0.2 0.3
v 0.4 0.2 0.3
v -1.2 0.2 0.2
v -1.1 0.2 0.2
v -1 0.2 0.2
v -0.0999999 0.2 0.2
v 2.38419e-07 0.2 0.2
v 0.3 0.2 0.2
v -0.2 0.2 0.0999999
v -0.0999999 0.2 0.0999999
v 2.38419e-07 0.2 0.0999999
v 1.1 0.2 0.0999999
v 1.2 0.2 0.0999999
v 1.5 0.2 0.0999999
v 1.6 0.2 0.0999999
v -1.6 0.2 -2.38419e-07
v -1.5 0.2 -2.38419e-07
v -1.2 0.2 -2.38419e-07
v -1.1 0.2 -2.38419e-07
v 1.2 0.2 -2.38419e-07
v 1.5 0.2 -2.38419e-07
v -1.5 0.2 -0.1
v -1.2 0.2 -0.1
v -1.1 0.2 -0.1
v -1 0.2 -0.1
v -0.9 0.2 -0.1
v -0.3 0.2 -0.1
v -0.2 0.2 -0.1
v -0.0999999 0.2 -0.1
v -1 0.2 -0.3
v -0.9 0.2 -0.3
v -0.8 0.2 -0.3
v -0.4 0.2 -0.3
v -0.3 0.2 -0.3
v -0.2 0.2 -0.3
v 0.5 0.2 -0.4
v 1.2 0.2 -0.4
v 1.3 0.2 -0.4
v -0.9 0.2 -0.5
v -0.8 0.2 -0.5
v -0.6 0.2 -0.5
v -0.4 0.2 -0.5
v -0.3 0.2 -0.5
v 0.2 0.2 -0.5
v 0.4 0.2 -0.5
v 0.5 0.2 -0.5
v 1.2 0.2 -0.5
v 1.3 0.2 -0.5
v 1.4 0.2 -0.5
v -1.7 0.2 -0.6
v -1.4 0.2 -0.6
v -0.8 0.2 -0.6
v -0.6 0.2 -0.6
v -0.5 0.2 -0.6
v -0.4 0.2 -0.6
v 0.2 0.2 -0.6
v 0.4 0.2 -0.6
v 0.5 0.2 -0.6
v 1.3 0.2 -0.6
v 1.4 0.2 -0.6
v -1.8 0.2 -0.7
v -1.7 0.2 -0.7
v -1.4 0.2 -0.7
v -1.2 0.2 -0.7
v -0.6 0.2 -0.7
v -0.5 0.2 -0.7
v -0.4 0.2 -0.7
v 0.2 0.2 -0.7
v 0.4 0.2 -0.7
v -1.8 0.2 -0.8
v -1.7 0.2 -0.8
v -1.4 0.2 -0.8
v -1.2 0.2 -0.8
v -1.1 0.2 -0.8
v -1.2 0.2 -0.9
v -1.1 0.2 -0.9
v -0.9 0.2 -0.9
v -0.8 0.2 -0.9
v -0.6 0.2 -0.9
v -0.5 0.2 -0.9
v -1.2 0.2 -1
v -1.1 0.2 -1
v -1 0.2 -1
v -0.9 0.2 -1
v -0.8 0.2 -1
v 1.3 0.2 -1
v 1.4 0.2 -1
v -1.1 0.2 -1.2
v -1 0.2 -1.2
v 1.2 0.2 -1.2
v 1.3 0.2 -1.2
v 1.4 0.2 -1.2
v -0.5 0.2 -1.3
v -0.4 0.2 -1.3
v 1.1 0.2 -1.3
v 1.2 0.2 -1.3
v 1.3 0.2 -1.3
v -0.5 0.2 -1.4
v -0.4 0.2 -1.4
v -1.8 0.2 -1.5
v -1.7 0.2 -1.5
v -0.5 0.2 -1.5
v -0.4 0.2 -1.5
v 1 0.2 -1.5
v 1.1 0.2 -1.5
v 1.2 0.2 -1.5
v -1.8 0.2 -1.6
v -1.7 0.2 -1.6
v -1.6 0.2 -1.6
v 0.9 0.2 -1.6
v 1 0.2 -1.6
v 1.1 0.2 -1.6
v -1.7 0.2 -1.7
v -1.6 0.2 -1.7
v -1.2 0.2 -1.7
v -0.8 0.2 -1.7
v 0.9 0.2 -1.7
v 1 0.2 -1.7
v -1.2 0.2 -1.8
v -0.8 0.2 -1.8
v -0.5 0.2 -1.8
v -0.4 0.2 -1.8
v -0.8 0.2 -1.9
v -0.5 0.2 -1.9
v -0.7 0.3 2
v -0.3 0.3 2
v -0.0999999 0.3 2
v 0.3 0.3 2
v -0.3 0.3 1.9
v -0.0999999 0.3 1.9
v 0.3 0.3 1.9
v 1 0.3 1.9
v 1.1 0.3 1.9
v -0.7 0.3 1.8
v -0.6 0.3 1.8
v -0.4 0.3 1.8
v -0.3 0.3 1.8
v 1 0.3 1.8
v 1.1 0.3 1.8
v 1.2 0.3 1.8
v 1.3 0.3 1.8
v -0.4 0.3 1.7
v -0.3 0.3 1.7
v 1.2 0.3 1.7
v 1.3 0.3 1.7
v 1.4 0.3 1.7
v 1.3 0.3 1.6
v 1.4 0.3 1.6
v 1.4 0.3 1.5
v 1.5 0.3 1.5
v 0.8 0.3 1.3
v 1 0.3 1.3
v 0.6 0.3 1.2
v 0.8 0.3 1.2
v 1 0.3 1.2
v 1.1 0.3 1.2
v 1.1 0.3 1.1
v 1.2 0.3 1.1
v 1.3 0.3 1.1
v 1.4 0.3 1.1
v 1.5 0.3 1.1
v -1.4 0.3 1
v -1.3 0.3 1
v 1.3 0.3 1
v 1.4 0.3 1
v 0.5 0.3 0.9
v 0.6 0.3 0.9
v 1 0.3 0.9
v 1.2 0.3 0.9
v 1.3 0.3 0.9
v 1.4 0.3 0.9
v 0.2 0.3 0.8
v 0.3 0.3 0.8
v 0.5 0.3 0.8
v 0.8 0.3 0.8
v -1.4 0.3 0.7
v -1.3 0.3 0.7
v 2.38419e-07 0.3 0.7
v 0.2 0.3 0.7
v 0.3 0.3 0.7
v 0.8 0.3 0.7
v 1 0.3 0.7
v 1.1 0.3 0.7
v 1.3 0.3 0.7
v 1.4 0.3 0.7
v 1.5 0.3 0.7
v -1.4 0.3 0.6
v -1.3 0.3 0.6
v 1.1 0.3 0.6
v 1.3 0.3 0.6
v -0.3 0.3 0.5
v -0.2 0.3 0.5
v -0.0999999 0.3 0.5
v 2.38419e-07 0.3 0.5
v 0.2 0.3 0.5
v 1.3 0.3 0.5
v 1.4 0.3 0.5
v -1.5 0.3 0.4
v -1.4 0.3 0.4
v -0.2 0.3 0.4
v -0.0999999 0.3 0.4
v 1.1 0.3 0.4
v 1.2 0.3 0.4
v -1.3 0.3 0.3
v -1.2 0.3 0.3
v -0.4 0.3 0.3
v -0.3 0.3 0.3
v -0.2 0.3 0.3
v 2.38419e-07 0.3 0.3
v 0.3 0.3 0.3
v -1.2 0.3 0.2
v -0.5 0.3 0.2
v -0.4 0.3 0.2
v -0.0999999 0.3 0.2
v 2.38419e-07 0.3 0.2
v -1 0.3 0.0999999
v -0.9 0.3 0.0999999
v -0.6 0.3 0.0999999
v -0.5 0.3 0.0999999
v -0.4 0.3 0.0999999
v -0.3 0.3 0.0999999
v -0.2 0.3 0.0999999
v -0.0999999 0.3 0.0999999
v 1.2 0.3 0.0999999
v 1.5 0.3 0.0999999
v -1.5 0.3 -2.38419e-07
v -1.2 0.3 -2.38419e-07
v -0.9 0.3 -2.38419e-07
v -0.8 0.3 -2.38419e-07
v -0.6 0.3 -2.38419e-07
v -1 0.3 -0.1
v -0.9 0.3 -0.1
v -0.7 0.3 -0.1
v -0.4 0.3 -0.1
v -0.3 0.3 -0.1
v -0.2 0.3 -0.1
v -0.8 0.3 -0.2
v -0.7 0.3 -0.2
v -0.9 0.3 -0.3
v -0.8 0.3 -0.3
v -0.4 0.3 -0.3
v -0.3 0.3 -0.3
v -0.8 0.3 -0.5
v -0.4 0.3 -0.5
v 0.5 0.3 -0.5
v 0.9 0.3 -0.5
v -0.4 0.3 -0.6
v 0.2 0.3 -0.6
v 0.4 0.3 -0.6
v 0.5 0.3 -0.6
v 0.7 0.3 -0.6
v 0.9 0.3 -0.6
v -1.7 0.3 -0.7
v -1.4 0.3 -0.7
v -0.5 0.3 -0.7
v -0.4 0.3 -0.7
v 0.2 0.3 -0.7
v 0.4 0.3 -0.7
v 0.6 0.3 -0.7
v 0.7 0.3 -0.7
v -1.7 0.3 -0.8
v -1.6 0.3 -0.8
v -1.5 0.3 -0.8
v -1.4 0.3 -0.8
v -1.2 0.3 -0.8
v 0.4 0.3 -0.8
v 0.6 0.3 -0.8
v -1.5 0.3 -0.9
v -1.4 0.3 -0.9
v -1.2 0.3 -0.9
v -0.8 0.3 -0.9
v -0.7 0.3 -0.9
v -0.6 0.3 -0.9
v -0.5 0.3 -0.9
v -0.3 0.3 -0.9
v 0.1 0.3 -0.9
v 0.2 0.3 -0.9
v 0.4 0.3 -0.9
v -1.2 0.3 -1
v -1.1 0.3 -1
v -1 0.3 -1
v -0.9 0.3 -1
v -0.8 0.3 -1
v -0.7 0.3 -1
v -0.6 0.3 -1
v -0.5 0.3 -1
v -0.4 0.3 -1
v -0.3 0.3 -1
v 0.1 0.3 -1
v 0.2 0.3 -1
v -1.4 0.3 -1.1
v -1.3 0.3 -1.1
v -0.9 0.3 -1.1
v -0.5 0.3 -1.1
v -1.3 0.3 -1.2
v -1.2 0.3 -1.2
v -1.1 0.3 -1.2
v -1 0.3 -1.2
v -1.2 0.3 -1.3
v -1.1 0.3 -1.3
v -1 0.3 -1.3
v -0.9 0.3 -1.3
v -0.8 0.3 -1.3
v -0.6 0.3 -1.3
v -0.5 0.3 -1.3
v -0.4 0.3 -1.3
v -0.8 0.3 -1.4
v -0.6 0.3 -1.4
v -0.5 0.3 -1.4
v -0.4 0.3 -1.4
v 1 0.3 -1.4
v 1.1 0.3 -1.4
v -0.7 0.3 -1.5
v -0.6 0.3 -1.5
v -0.5 0.3 -1.5
v -0.4 0.3 -1.5
v 0.9 0.3 -1.5
v 1 0.3 -1.5
v 1.1 0.3 -1.5
v -1.1 0.3 -1.6
v -0.7 0.3 -1.6
v 0.9 0.3 -1.6
v 1 0.3 -1.6
v -1.1 0.3 -1.7
v -0.8 0.3 -1.7
v -0.8 0.3 -1.8
v -0.5 0.3 -1.8
v 0.8 0.4 1.9
v 1 0.4 1.9
v -1.1 0.4 1.8
v -0.9 0.4 1.8
v 0.8 0.4 1.8
v 1 0.4 1.8
v 1.2 0.4 1.8
v -1.2 0.4 1.7
v -1.1 0.4 1.7
v -0.9 0.4 1.7
v 1 0.4 1.7
v 1.2 0.4 1.7
v 1.3 0.4 1.7
v 1.2 0.4 1.6
v 1.3 0.4 1.6
v 1.4 0.4 1.6
v -1.3 0.4 1.5
v -1.2 0.4 1.5
v -1.1 0.4 1.5
v 0.8 0.4 1.4
v 1 0.4 1.4
v -1.4 0.4 1.3
v -1.3 0.4 1.3
v -1.2 0.4 1.3
v 0.5 0.4 1.3
v 0.8 0.4 1.3
v 1 0.4 1.3
v 1.3 0.4 1.3
v 0.6 0.4 1.2
v 0.8 0.4 1.2
v 1 0.4 1.2
v 1.1 0.4 1.2
v 1.1 0.4 1.1
v 1.3 0.4 1.1
v 1.4 0.4 1.1
v -1.4 0.4 1
v -1.3 0.4 1
v 0.4 0.4 0.9
v 0.5 0.4 0.9
v 0.6 0.4 0.9
v 0.4 0.4 0.8
v 0.5 0.4 0.8
v -1.3 0.4 0.7
v -1.2 0.4 0.7
v -1.3 0.4 0.6
v -1.2 0.4 0.6
v -0.0999999 0.4 0.6
v 2.38419e-07 0.4 0.6
v -0.0999999 0.4 0.5
v 2.38419e-07 0.4 0.5
v -1.3 0.4 0.3
v -1.2 0.4 0.3
v -1.1 0.4 0.3
v -0.9 0.4 0.3
v -1.2 0.4 0.2
v -1.1 0.4 0.2
v -1 0.4 0.2
v -0.9 0.4 0.2
v -0.7 0.4 -0.9
v -0.6 0.4 -0.9
v -0.7 0.4 -1
v -0.6 0.4 -1
v -0.5 0.4 -1
v -0.7 0.4 -1.1
v -0.5 0.4 -1.1
v 0.8 0.5 1.8
v 1 0.5 1.8
v -1.1 0.5 1.7
v -0.9 0.5 1.7
v 1 0.5 1.7
v 1.2 0.5 1.7
v 1.2 0.5 1.6
v 1.3 0.5 1.6
v -1.2 0.5 1.5
v -1.1 0.5 1.5
v -0.9 0.5 1.5
v -0.8 0.5 1.5
v 0.7 0.5 1.5
v 0.8 0.5 1.5
v -1 0.5 1.4
v -0.8 0.5 1.4
v 0.5 0.5 1.4
v 0.7 0.5 1.4
v 0.8 0.5 1.4
v 1 0.5 1.4
v -1.3 0.5 1.3
v -1.2 0.5 1.3
v -1.1 0.5 1.3
v -1 0.5 1.3
v 0.4 0.5 1.3
v 0.5 0.5 1.3
v 0.8 0.5 1.3
v 1 0.5 1.3
v 1.3 0.5 1.3
v -1.2 0.5 1.2
v -1.1 0.5 1.2
v -1.2 0.5 1.1
v -1.3 0.5 1
v -1.2 0.5 1
v 0.3 0.5 1
v 0.4 0.5 1
v 0.3 0.5 0.9
v 0.4 0.5 0.9
v 0.5 0.5 0.9
v -1.2 0.5 0.6
v -1 0.5 0.6
v -1 0.5 0.5
v -0.8 0.5 0.5
v -0.9 0.5 0.4
v -0.8 0.5 0.4
v -0.4 0.5 0.4
v -0.3 0.5 0.4
v -1.2 0.5 0.3
v -0.9 0.5 0.3
v -0.5 0.5 0.3
v -0.4 0.5 0.3
v -0.3 0.5 0.3
v -1 0.5 0.2
v -0.9 0.5 0.2
v -0.6 0.5 0.2
v -0.5 0.5 0.2
v -0.4 0.5 0.2
v -1 0.5 0.0999999
v -0.9 0.5 0.0999999
v -0.6 0.5 0.0999999
v -0.5 0.5 0.0999999
v -0.9 0.5 -2.38419e-07
v -0.6 0.5 -2.38419e-07
v 0.9 0.5 -0.5
v 1.3 0.5 -0.5
v 0.7 0.5 -0.6
v 0.9 0.5 -0.6
v 1.3 0.5 -0.6
v 1.4 0.5 -0.6
v 0.6 0.5 -0.7
v 0.7 0.5 -0.7
v 0.9 0.5 -0.7
v -1.8 0.5 -0.8
v -1.5 0.5 -0.8
v 0.4 0.5 -0.8
v 0.6 0.5 -0.8
v 0.7 0.5 -0.8
v -1.9 0.5 -0.9
v -1.8 0.5 -0.9
v -1.5 0.5 -0.9
v -1.4 0.5 -0.9
v -0.3 0.5 -0.9
v 2.38419e-07 0.5 -0.9
v 0.1 0.5 -0.9
v 0.2 0.5 -0.9
v 0.4 0.5 -0.9
v 0.6 0.5 -0.9
v -1.9 0.5 -1
v -1.8 0.5 -1
v -0.4 0.5 -1
v -0.3 0.5 -1
v -0.2 0.5 -1
v 2.38419e-07 0.5 -1
v 0.1 0.5 -1
v 0.2 0.5 -1
v 0.4 0.5 -1
v 1.2 0.5 -1
v 1.3 0.5 -1
v 1.4 0.5 -1
v -1.5 0.5 -1.1
v -1.4 0.5 -1.1
v -1.3 0.5 -1.1
v 0.1 0.5 -1.1
v 0.2 0.5 -1.1
v -1.4 0.5 -1.2
v -1.3 0.5 -1.2
v -1.2 0.5 -1.2
v 1.1 0.5 -1.2
v 1.2 0.5 -1.2
v 1.3 0.5 -1.2
v -1.3 0.5 -1.3
v -1.2 0.5 -1.3
v -1.1 0.5 -1.3
v 0.9 0.5 -1.3
v 1 0.5 -1.3
v 1.1 0.5 -1.3
v 1.2 0.5 -1.3
v -1.8 0.5 -1.4
v -1.7 0.5 -1.4
v -0.4 0.5 -1.4
v -0.3 0.5 -1.4
v -0.2 0.5 -1.4
v -0.0999999 0.5 -1.4
v 2.38419e-07 0.5 -1.4
v 1 0.5 -1.4
v 1.1 0.5 -1.4
v -1.8 0.5 -1.5
v -1.7 0.5 -1.5
v -1.6 0.5 -1.5
v -0.3 0.5 -1.5
v -0.0999999 0.5 -1.5
v 0.8 0.5 -1.5
v 0.9 0.5 -1.5
v 1 0.5 -1.5
v -1.7 0.5 -1.6
v -1.6 0.5 -1.6
v -1.5 0.5 -1.6
v 2.38419e-07 0.5 -1.6
v 0.8 0.5 -1.6
v 0.9 0.5 -1.6
v -1.6 0.5 -1.7
v -1.5 0.5 -1.7
v -1.3 0.5 -1.7
v -1.2 0.5 -1.7
v -1.1 0.5 -1.7
v -0.0999999 0.5 -1.7
v 2.38419e-07 0.5 -1.7
v 0.1 0.5 -1.7
v 0.4 0.5 -1.7
v 0.5 0.5 -1.7
v 0.8 0.5 -1.7
v -1.5 0.5 -1.8
v -1.3 0.5 -1.8
v -1.2 0.5 -1.8
v 2.38419e-07 0.5 -1.8
v 0.4 0.5 -1.8
v 0.5 0.5 -1.8
v 0.8 0.5 -1.8
v 0.9 0.5 -1.8
v 0.5 0.5 -1.9
v 0.8 0.5 -1.9
v -0.2 0.6 1
v -0.0999999 0.6 1
v 0.2 0.6 1
v 0.3 0.6 1
v -0.2 0.6 0.9
v -0.0999999 0.6 0.9
v 0.2 0.6 0.9
v 0.3 0.6 0.9
v 0.4 0.6 0.9
v 0.3 0.6 0.8
v 0.4 0.6 0.8
v -0.8 0.6 0.6
v -0.7 0.6 0.6
v -0.2 0.6 0.6
v -0.0999999 0.6 0.6
v -0.8 0.6 0.5
v -0.7 0.6 0.5
v -0.6 0.6 0.5
v -0.2 0.6 0.5
v -0.0999999 0.6 0.5
v -0.9 0.6 0.4
v -0.8 0.6 0.4
v -0.6 0.6 0.4
v -0.4 0.6 0.4
v -0.5 0.6 0.3
v -0.4 0.6 0.3
v -0.6 0.6 0.2
v -0.5 0.6 0.2
v -0.9 0.6 0.0999999
v -0.6 0.6 0.0999999
v 0.9 0.6 -0.6
v 1.3 0.6 -0.6
v 0.7 0.6 -0.7
v 0.9 0.6 -0.7
v 0.6 0.6 -0.8
v 0.7 0.6 -0.8
v 0.9 0.6 -0.8
v -1.8 0.6 -0.9
v -1.5 0.6 -0.9
v 0.4 0.6 -0.9
v 0.6 0.6 -0.9
v 0.9 0.6 -0.9
v 1 0.6 -0.9
v -1.8 0.6 -1
v -1.5 0.6 -1
v -0.9 0.6 -1
v -0.8 0.6 -1
v -0.3 0.6 -1
v -0.2 0.6 -1
v 0.1 0.6 -1
v 0.2 0.6 -1
v 0.4 0.6 -1
v 0.5 0.6 -1
v 1.2 0.6 -1
v 1.3 0.6 -1
v -0.9 0.6 -1.1
v -0.8 0.6 -1.1
v -0.6 0.6 -1.1
v -0.5 0.6 -1.1
v 0.1 0.6 -1.1
v 0.2 0.6 -1.1
v 0.3 0.6 -1.1
v 0.4 0.6 -1.1
v 0.5 0.6 -1.1
v 0.6 0.6 -1.1
v -1.4 0.6 -1.2
v -1.3 0.6 -1.2
v -0.9 0.6 -1.2
v -0.8 0.6 -1.2
v -0.6 0.6 -1.2
v -0.5 0.6 -1.2
v 0.2 0.6 -1.2
v 0.6 0.6 -1.2
v 0.7 0.6 -1.2
v 1.1 0.6 -1.2
v 1.2 0.6 -1.2
v -1.3 0.6 -1.3
v -1.2 0.6 -1.3
v -0.9 0.6 -1.3
v -0.8 0.6 -1.3
v -0.6 0.6 -1.3
v -0.5 0.6 -1.3
v 0.7 0.6 -1.3
v 0.8 0.6 -1.3
v 0.9 0.6 -1.3
v 1 0.6 -1.3
v 1.1 0.6 -1.3
v -1.5 0.6 -1.4
v -1.4 0.6 -1.4
v -0.8 0.6 -1.4
v -0.6 0.6 -1.4
v -0.3 0.6 -1.4
v -0.2 0.6 -1.4
v 2.38419e-07 0.6 -1.4
v 0.7 0.6 -1.4
v 0.8 0.6 -1.4
v -1.6 0.6 -1.5
v -1.5 0.6 -1.5
v 0.2 0.6 -1.5
v 0.3 0.6 -1.5
v 0.6 0.6 -1.5
v 0.7 0.6 -1.5
v 0.8 0.6 -1.5
v 0.9 0.6 -1.5
v -1.6 0.6 -1.6
v -1.5 0.6 -1.6
v 2.38419e-07 0.6 -1.6
v 0.1 0.6 -1.6
v 0.3 0.6 -1.6
v 0.6 0.6 -1.6
v -1.5 0.6 -1.7
v -1.2 0.6 -1.7
v 2.38419e-07 0.6 -1.7
v 0.1 0.6 -1.7
v 0.5 0.6 -1.7
v 0.8 0.6 -1.7
v 0.5 0.6 -1.8
v 0.8 0.6 -1.8
v -0.8 0.7 1.9
v -0.7 0.7 1.9
v -0.9 0.7 1.8
v -0.8 0.7 1.8
v -0.7 0.7 1.8
v 0.7 0.7 1.7
v 0.8 0.7 1.7
v -0.9 0.7 1.5
v -0.8 0.7 1.5
v 0.4 0.7 1.5
v 0.5 0.7 1.5
v 0.7 0.7 1.5
v 0.8 0.7 1.5
v 0.4 0.7 1.4
v 0.5 0.7 1.4
v 0.7 0.7 1.4
v -0.0999999 0.7 1
v 0.2 0.7 1
v -0.2 0.7 0.9
v -0.0999999 0.7 0.9
v 0.1 0.7 0.9
v 0.2 0.7 0.9
v 0.3 0.7 0.9
v -0.2 0.7 0.8
v -0.0999999 0.7 0.8
v 0.1 0.7 0.8
v 0.3 0.7 0.8
v 0.4 0.7 0.8
v -0.2 0.7 0.7
v -0.0999999 0.7 0.7
v 0.3 0.7 0.7
v 0.4 0.7 0.7
v -0.2 0.7 0.6
v -0.0999999 0.7 0.6
v -0.8 0.7 -1
v -0.7 0.7 -1
v 0.4 0.7 -1
v 0.5 0.7 -1
v -2 0.7 -1.1
v -1.9 0.7 -1.1
v -0.9 0.7 -1.1
v -0.8 0.7 -1.1
v -0.7 0.7 -1.1
v 0.4 0.7 -1.1
v 0.5 0.7 -1.1
v 0.6 0.7 -1.1
v -2 0.7 -1.2
v -1.9 0.7 -1.2
v -1.8 0.7 -1.2
v -0.9 0.7 -1.2
v -0.8 0.7 -1.2
v 0.5 0.7 -1.2
v 0.6 0.7 -1.2
v -1.8 0.7 -1.3
v 0.7 0.7 -1.3
v 0.8 0.7 -1.3
v -1.9 0.7 -1.4
v -1.8 0.7 -1.4
v -1.7 0.7 -1.4
v -1.6 0.7 -1.4
v 0.2 0.7 -1.4
v 0.3 0.7 -1.4
v 0.6 0.7 -1.4
v 0.7 0.7 -1.4
v 0.8 0.7 -1.4
v -1.7 0.7 -1.5
v -1.6 0.7 -1.5
v 0.2 0.7 -1.5
v 0.3 0.7 -1.5
v 0.5 0.7 -1.5
v 0.6 0.7 -1.5
v 0.7 0.7 -1.5
v 0.5 0.7 -1.6
v 0.6 0.7 -1.6
v -0.6 0.8 2
v 0.4 0.8 2
v 0.7 0.8 2
v 0.8 0.8 2
v -0.7 0.8 1.9
v -0.6 0.8 1.9
v 0.4 0.8 1.9
v 0.7 0.8 1.9
v -0.8 0.8 1.8
v -0.7 0.8 1.8
v 0.7 0.8 1.8
v 0.8 0.8 1.8
v -0.6 0.8 1.7
v 0.4 0.8 1.7
v 0.7 0.8 1.7
v 0.8 0.8 1.7
v -0.8 0.8 1.6
v -0.6 0.8 1.6
v 0.4 0.8 1.5
v 0.7 0.8 1.5
v -0.0999999 0.8 1.1
v 2.38419e-07 0.8 1.1
v 0.1 0.8 1.1
v -0.0999999 0.8 1
v 0.1 0.8 1
v -0.3 0.8 0.9
v -0.2 0.8 0.9
v -0.0999999 0.8 0.9
v 0.1 0.8 0.9
v -0.2 0.8 0.8
v -0.0999999 0.8 0.8
v 0.1 0.8 0.8
v 0.2 0.8 0.8
v 0.3 0.8 0.8
v -0.2 0.8 0.7
v -0.0999999 0.8 0.7
v 0.2 0.8 0.7
v 0.3 0.8 0.7
v 0.4 0.8 0.7
v 0.3 0.8 0.6
v 0.4 0.8 0.6
v -0.6 0.8 0.5
v -0.3 0.8 0.5
v -0.2 0.8 0.5
v -0.6 0.8 0.4
v -0.3 0.8 0.4
v -1.9 0.8 -1
v -1.5 0.8 -1
v -1.8 0.8 -1.1
v -1.5 0.8 -1.1
v -1.4 0.8 -1.1
v -0.7 0.8 -1.1
v -0.6 0.8 -1.1
v 0.2 0.8 -1.1
v 0.5 0.8 -1.1
v -1.9 0.8 -1.2
v -1.8 0.8 -1.2
v -0.7 0.8 -1.2
v -0.6 0.8 -1.2
v 0.2 0.8 -1.2
v 0.5 0.8 -1.2
v -1.8 0.8 -1.3
v -1.7 0.8 -1.3
v -1.8 0.8 -1.4
v -1.7 0.8 -1.4
v -1.6 0.8 -1.4
v -1.5 0.8 -1.4
v -1.4 0.8 -1.4
v 0.5 0.8 -1.4
v 0.6 0.8 -1.4
v -1.6 0.8 -1.5
v -1.5 0.8 -1.5
v 0.3 0.8 -1.5
v 0.4 0.8 -1.5
v 0.5 0.8 -1.5
v 0.6 0.8 -1.5
v 0.3 0.8 -1.6
v 0.4 0.8 -1.6
v 0.4 0.9 2
v 0.7 0.9 2
v -0.6 0.9 1.9
v 0.4 0.9 1.9
v 0.5 0.9 1.9
v 0.7 0.9 1.9
v -0.5 0.9 1.8
v 0.5 0.9 1.8
v -0.6 0.9 1.7
v -0.5 0.9 1.7
v 0.2 0.9 1.7
v 0.4 0.9 1.7
v 0.7 0.9 1.7
v 0.2 0.9 1.6
v 0.3 0.9 1.6
v 0.3 0.9 1.5
v 0.4 0.9 1.5
v 0.4 0.9 1.4
v 0.5 0.9 1.4
v 0.4 0.9 1.3
v -0.0999999 0.9 1.2
v 2.38419e-07 0.9 1.2
v -0.0999999 0.9 1.1
v 2.38419e-07 0.9 1.1
v 0.1 0.9 1.1
v 0.4 0.9 1.1
v 0.5 0.9 1.1
v -0.6 0.9 1
v -0.5 0.9 1
v 0.1 0.9 1
v 0.4 0.9 1
v -0.6 0.9 0.9
v -0.5 0.9 0.9
v -0.4 0.9 0.9
v -0.3 0.9 0.9
v -1.4 0.9 0.8
v -1.3 0.9 0.8
v -0.0999999 0.9 0.8
v 0.2 0.9 0.8
v -1.4 0.9 0.7
v -1.3 0.9 0.7
v -1.2 0.9 0.7
v -0.5 0.9 0.7
v 2.38419e-07 0.9 0.7
v 0.2 0.9 0.7
v 0.3 0.9 0.7
v -1.3 0.9 0.6
v -1.2 0.9 0.6
v -1.1 0.9 0.6
v -1 0.9 0.6
v -0.9 0.9 0.6
v -0.6 0.9 0.6
v -0.5 0.9 0.6
v 0.3 0.9 0.6
v 0.4 0.9 0.6
v -1.1 0.9 0.5
v -0.9 0.9 0.5
v -0.6 0.9 0.5
v -0.3 0.9 0.5
v -0.0999999 0.9 0.5
v 2.38419e-07 0.9 0.5
v 0.2 0.9 0.5
v 0.4 0.9 0.5
v 2.38419e-07 0.9 0.4
v 0.1 0.9 0.4
v 2.38419e-07 0.9 0.3
v 0.1 0.9 0.3
v -1.8 0.9 -1.1
v -1.5 0.9 -1.1
v -0.8 0.9 -1.1
v -0.7 0.9 -1.1
v -0.8 0.9 -1.2
v -0.7 0.9 -1.2
v -0.6 0.9 -1.2
v 0.2 0.9 -1.2
v 0.3 0.9 -1.2
v 0.6 0.9 -1.2
v 0.7 0.9 -1.2
v -1.8 0.9 -1.3
v -1.7 0.9 -1.3
v -0.7 0.9 -1.3
v -0.6 0.9 -1.3
v -1.7 0.9 -1.4
v -1.5 0.9 -1.4
v 0.2 0.9 -1.4
v 0.3 0.9 -1.4
v 0.6 0.9 -1.4
v 0.7 0.9 -1.4
v 0.4 0.9 -1.5
v 0.5 0.9 -1.5
v 0.4 0.9 -1.6
v 0.5 0.9 -1.6
v -0.6 1 1.7
v 0.2 1 1.7
v -0.6 1 1.6
v 0.2 1 1.6
v 0.3 1 1.6
v 0.2 1 1.5
v 0.3 1 1.5
v 0.4 1 1.5
v -0.2 1 1.3
v 2.38419e-07 1 1.3
v 0.3 1 1.3
v 0.4 1 1.3
v -1.3 1 1.2
v -1.2 1 1.2
v -0.0999999 1 1.2
v 2.38419e-07 1 1.2
v 0.1 1 1.2
v 0.3 1 1.2
v -1.4 1 1.1
v -1.3 1 1.1
v -1.2 1 1.1
v 2.38419e-07 1 1.1
v 0.1 1 1.1
v 0.4 1 1.1
v -0.5 1 1
v -0.4 1 1
v -0.2 1 1
v -0.0999999 1 1
v -1.3 1 0.9
v -0.5 1 0.9
v -0.4 1 0.9
v -0.2 1 0.9
v -1.4 1 0.8
v -1.3 1 0.8
v -1.2 1 0.8
v -1.3 1 0.7
v -1.2 1 0.7
v -1 1 0.7
v 2.38419e-07 1 0.7
v 0.2 1 0.7
v -1.2 1 0.6
v -1 1 0.6
v 0.1 1 0.5
v 0.2 1 0.5
v 2.38419e-07 1 0.4
v 0.1 1 0.4
v 0.2 1 0.4
v 0.1 1 0.3
v 0.2 1 0.3
v -0.8 1 -1.2
v -0.7 1 -1.2
v 0.5 1 -1.2
v 0.6 1 -1.2
v -0.8 1 -1.3
v -0.7 1 -1.3
v 0.4 1 -1.4
v 0.5 1 -1.4
v 0.6 1 -1.4
v 0.4 1 -1.5
v 0.5 1 -1.5
v -0.9 1.1 1.6
v -0.8 1.1 1.6
v -0.5 1.1 1.6
v 0.2 1.1 1.6
v -1 1.1 1.5
v -0.9 1.1 1.5
v -0.8 1.1 1.5
v -0.5 1.1 1.5
v -0.4 1.1 1.5
v 0.2 1.1 1.5
v 0.3 1.1 1.5
v -1 1.1 1.4
v -0.9 1.1 1.4
v -0.4 1.1 1.4
v -0.3 1.1 1.4
v -1.1 1.1 1.3
v -1 1.1 1.3
v -0.9 1.1 1.3
v -0.2 1.1 1.3
v 2.38419e-07 1.1 1.3
v -1.2 1.1 1.2
v -1.1 1.1 1.2
v -1 1.1 1.2
v 2.38419e-07 1.1 1.2
v 0.3 1.1 1.2
v -1.3 1.1 1.1
v -1.2 1.1 1.1
v -1.1 1.1 1.1
v -0.4 1.1 1.1
v -0.3 1.1 1.1
v -0.8 1.1 1
v -0.6 1.1 1
v -0.4 1.1 1
v -0.2 1.1 1
v -1.3 1.1 0.9
v -1.2 1.1 0.9
v -0.8 1.1 0.9
v -0.6 1.1 0.9
v -0.5 1.1 0.9
v -1.3 1.1 0.8
v -1.2 1.1 0.8
v -0.9 1.1 0.8
v -1.2 1.1 0.7
v -1 1.1 0.7
v -0.6 1.1 0.7
v -0.5 1.1 0.7
v -1 1.1 0.6
v -0.9 1.1 0.6
v -0.6 1.1 0.6
v -0.5 1.1 0.6
v -0.9 1.1 0.5
v -0.6 1.1 0.5
v 0.1 1.1 0.5
v 0.2 1.1 0.5
v 0.5 1.1 0.5
v 0.1 1.1 0.4
v 0.2 1.1 0.4
v 0.3 1.1 0.4
v 0.4 1.1 0.4
v 0.2 1.1 0.3
v 0.3 1.1 0.3
v 0.4 1.1 0.3
v 0.5 1.1 0.3
v 0.3 1.1 0.2
v 0.4 1.1 0.2
v -0.8 1.2 1.6
v -0.5 1.2 1.6
v -0.9 1.2 1.5
v -0.8 1.2 1.5
v -0.5 1.2 1.5
v -0.4 1.2 1.5
v -0.5 1.2 1.4
v -0.4 1.2 1.4
v -0.3 1.2 1.4
v -1 1.2 1.3
v -0.9 1.2 1.3
v -1.1 1.2 1.2
v -1 1.2 1.2
v -1.2 1.2 1.1
v -1.1 1.2 1.1
v -0.8 1.2 1.1
v -0.4 1.2 1.1
v -0.3 1.2 1.1
v -0.8 1.2 1
v -0.4 1.2 1
v -0.8 1.2 0.9
v -0.6 1.2 0.9
v -1.2 1.2 0.8
v -0.9 1.2 0.8
v -0.9 1.2 0.6
v -0.6 1.2 0.6
v 0.3 1.2 0.4
v 0.4 1.2 0.4
v 0.3 1.2 0.3
v 0.4 1.2 0.3
v 0.3 1.2 -1.2
v 0.5 1.2 -1.2
v 0.3 1.2 -1.3
v 0.5 1.2 -1.3
v -0.8 1.3 1.5
v -0.5 1.3 1.5
v -0.5 1.3 1.4
v -0.4 1.3 1.4
v -0.8 1.3 1.1
v -0.4 1.3 1.1
v 0.3 1.4 -1.4
v 0.4 1.4 -1.4
v 0.3 1.4 -1.5
v 0.4 1.4 -1.5
v 0.3 1.5 -1.3
v 0.5 1.5 -1.3
v 0.3 1.5 -1.4
v 0.4 1.5 -1.4
v 0.5 1.5 -1.4
v 0.4 1.6 -1.4
v 0.5 1.6 -1.4
v 0.4 1.6 -1.5
v 0.5 1.6 -1.5

# faces
f 3/7/1 2/7/1 1/7/1
f 4/7/1 2/7/1 3/7/1
f 7/3/1 6/3/1 5/3/1
f 9/3/1 7/3/1 5/3/1
f 9/3/1 8/3/1 7/3/1
f 10/3/1 8/3/1 9/3/1
f 11/3/1 8/3/1 10/3/1
f 12/3/1 8/3/1 11/3/1
f 13/3/1 8/3/1 12/3/1
f 14/7/1 11/7/1 10/7/1
f 15/7/1 13/7/1 12/7/1
f 16/7/1 13/7/1 15/7/1
f 17/7/1 14/7/1 10/7/1
f 17/7/1 15/7/1 14/7/1
f 18/7/1 15/7/1 17/7/1
f 21/3/1 20/3/1 19/3/1
f 22/3/1 20/3/1 21/3/1
f 23/3/1 20/3/1 22/3/1
f 24/3/1 20/3/1 23/3/1
f 25/3/1 20/3/1 24/3/1
f 26/3/1 20/3/1 25/3/1
f 27/3/1 23/3/1 22/3/1
f 28/3/1 23/3/1 27/3/1
f 29/3/1 25/3/1 24/3/1
f 30/3/1 25/3/1 29/3/1
f 31/3/1 25/3/1 30/3/1
f 32/7/1 28/7/1 27/7/1
f 33/7/1 28/7/1 32/7/1
f 35/7/1 31/7/1 30/7/1
f 36/7/1 31/7/1 35/7/1
f 37/7/1 34/7/1 33/7/1
f 38/7/1 34/7/1 37/7/1
f 43/8/1 40/8/1 39/8/1
f 44/7/1 41/7/1 40/7/1
f 44/8/1 40/8/1 43/8/1
f 45/7/1 41/7/1 44/7/1
f 46/8/1 43/8/1 42/8/1
f 46/8/1 44/8/1 43/8/1
f 47/8/1 44/8/1 46/8/1
f 52/3/1 49/3/1 48/3/1
f 53/3/1 49/3/1 52/3/1
f 56/3/1 51/3/1 50/3/1
f 57/3/1 51/3/1 56/3/1
f 58/3/1 54/3/1 53/3/1
f 59/3/1 54/3/1 58/3/1
f 60/3/1 56/3/1 55/3/1
f 61/3/1 56/3/1 60/3/1
f 63/7/1 61/7/1 60/7/1
f 64/7/1 61/7/1 63/7/1
f 65/7/1 63/7/1 62/7/1
f 66/7/1 63/7/1 65/7/1
f 69/8/1 68/8/1 67/8/1
f 70/8/1 68/8/1 69/8/1
f 73/3/1 72/3/1 71/3/1
f 74/3/1 72/3/1 73/3/1
f 77/3/1 76/3/1 75/3/1
f 78/3/1 76/3/1 77/3/1
f 80/7/1 78/7/1 77/7/1
f 81/7/1 78/7/1 80/7/1
f 82/7/1 80/7/1 79/7/1
f 83/7/1 80/7/1 82/7/1
f 86/7/1 85/7/1 84/7/1
f 87/7/1 85/7/1 86/7/1
f 96/3/1 89/3/1 88/3/1
f 97/3/1 89/3/1 96/3/1
f 98/3/1 91/3/1 90/3/1
f 99/3/1 91/3/1 98/3/1
f 100/3/1 93/3/1 92/3/1
f 101/3/1 93/3/1 100/3/1
f 102/3/1 100/3/1 99/3/1
f 103/3/1 100/3/1 102/3/1
f 104/3/1 95/3/1 94/3/1
f 106/3/1 95/3/1 104/3/1
f 107/3/1 95/3/1 106/3/1
f 108/7/1 106/7/1 105/7/1
f 109/7/1 106/7/1 108/7/1
f 114/3/1 111/3/1 110/3/1
f 115/3/1 113/3/1 112/3/1
f 116/3/1 113/3/1 115/3/1
f 118/3/1 115/3/1 114/3/1
f 119/3/1 115/3/1 118/3/1
f 120/3/1 117/3/1 116/3/1
f 121/3/1 117/3/1 120/3/1
f 122/3/1 114/3/1 110/3/1
f 122/3/1 118/3/1 114/3/1
f 123/3/1 118/3/1 122/3/1
f 127/7/1 125/7/1 124/7/1
f 128/7/1 125/7/1 127/7/1
f 128/7/1 127/7/1 126/7/1
f 129/7/1 125/7/1 128/7/1
f 130/7/1 128/7/1 126/7/1
f 131/7/1 128/7/1 130/7/1
f 137/3/1 135/3/1 134/3/1
f 138/3/1 135/3/1 137/3/1
f 140/3/1 133/3/1 132/3/1
f 141/3/1 133/3/1 140/3/1
f 142/3/1 137/3/1 136/3/1
f 143/7/1 138/7/1 137/7/1
f 143/3/1 137/3/1 142/3/1
f 144/3/1 139/3/1 138/3/1
f 144/7/1 138/7/1 143/7/1
f 145/3/1 139/3/1 144/3/1
f 146/3/1 142/3/1 141/3/1
f 147/7/1 143/7/1 142/7/1
f 147/3/1 142/3/1 146/3/1
f 149/7/1 143/7/1 147/7/1
f 150/7/1 143/7/1 149/7/1
f 153/7/1 149/7/1 148/7/1
f 154/7/1 149/7/1 153/7/1
f 156/7/1 151/7/1 150/7/1
f 157/7/1 151/7/1 156/7/1
f 158/7/1 153/7/1 152/7/1
f 159/7/1 153/7/1 158/7/1
f 161/8/1 156/8/1 155/8/1
f 162/8/1 156/8/1 161/8/1
f 163/7/1 160/7/1 159/7/1
f 164/8/1 161/8/1 160/8/1
f 164/7/1 160/7/1 163/7/1
f 165/8/1 161/8/1 164/8/1
f 170/7/1 167/7/1 166/7/1
f 171/3/1 168/3/1 167/3/1
f 171/7/1 167/7/1 170/7/1
f 172/3/1 168/3/1 171/3/1
f 175/3/1 170/3/1 169/3/1
f 176/3/1 170/3/1 175/3/1
f 180/3/1 174/3/1 173/3/1
f 181/3/1 174/3/1 180/3/1
f 182/3/1 177/3/1 176/3/1
f 183/3/1 177/3/1 182/3/1
f 187/7/1 179/7/1 178/7/1
f 187/7/1 180/7/1 179/7/1
f 188/7/1 180/7/1 187/7/1
f 189/3/1 185/3/1 184/3/1
f 190/7/1 186/7/1 185/7/1
f 190/3/1 185/3/1 189/3/1
f 191/7/1 186/7/1 190/7/1
f 192/7/1 187/7/1 178/7/1
f 193/7/1 187/7/1 192/7/1
f 194/7/1 190/7/1 189/7/1
f 195/7/1 190/7/1 194/7/1
f 201/8/1 197/8/1 196/8/1
f 202/8/1 197/8/1 201/8/1
f 203/7/1 199/7/1 198/7/1
f 204/7/1 199/7/1 203/7/1
f 206/8/1 201/8/1 200/8/1
f 207/8/1 201/8/1 206/8/1
f 208/8/1 205/8/1 204/8/1
f 208/8/1 206/8/1 205/8/1
f 209/8/1 206/8/1 208/8/1
f 216/3/1 211/3/1 210/3/1
f 217/7/1 212/7/1 211/7/1
f 217/3/1 211/3/1 216/3/1
f 218/7/1 212/7/1 217/7/1
f 219/3/1 214/3/1 213/3/1
f 220/3/1 214/3/1 219/3/1
f 221/3/1 216/3/1 215/3/1
f 222/3/1 216/3/1 221/3/1
f 224/3/1 223/3/1 222/3/1
f 225/3/1 223/3/1 224/3/1
f 228/7/1 227/7/1 226/7/1
f 231/7/1 230/7/1 229/7/1
f 232/7/1 230/7/1 231/7/1
f 233/7/1 228/7/1 226/7/1
f 234/7/1 228/7/1 233/7/1
f 235/8/1 234/8/1 233/8/1
f 236/8/1 234/8/1 235/8/1
f 238/8/1 237/8/1 236/8/1
f 239/8/1 237/8/1 238/8/1
f 244/3/1 241/3/1 240/3/1
f 245/3/1 241/3/1 244/3/1
f 247/3/1 243/3/1 242/3/1
f 248/3/1 243/3/1 247/3/1
f 251/3/1 247/3/1 246/3/1
f 252/3/1 247/3/1 251/3/1
f 253/2/1 250/2/1 249/2/1
f 254/2/1 250/2/1 253/2/1
f 255/3/1 251/3/1 246/3/1
f 256/3/1 251/3/1 255/3/1
f 261/7/1 256/7/1 255/7/1
f 262/7/1 256/7/1 261/7/1
f 263/7/1 260/7/1 259/7/1
f 264/7/1 260/7/1 263/7/1
f 266/7/1 258/7/1 257/7/1
f 267/7/1 258/7/1 266/7/1
f 267/7/1 266/7/1 265/7/1
f 268/7/1 258/7/1 267/7/1
f 271/7/1 267/7/1 265/7/1
f 272/8/1 268/8/1 267/8/1
f 272/7/1 267/7/1 271/7/1
f 273/8/1 268/8/1 272/8/1
f 275/8/1 270/8/1 269/8/1
f 276/8/1 270/8/1 275/8/1
f 277/8/1 274/8/1 273/8/1
f 278/8/1 274/8/1 277/8/1
f 283/2/1 282/2/1 281/2/1
f 284/2/1 282/2/1 283/2/1
f 287/3/1 280/3/1 279/3/1
f 288/3/1 280/3/1 287/3/1
f 289/4/1 285/4/1 284/4/1
f 290/4/1 285/4/1 289/4/1
f 293/3/1 287/3/1 286/3/1
f 294/3/1 287/3/1 293/3/1
f 302/3/1 292/3/1 291/3/1
f 303/3/1 292/3/1 302/3/1
f 304/2/1 297/2/1 296/2/1
f 304/4/1 296/4/1 295/4/1
f 305/2/1 297/2/1 304/2/1
f 306/3/1 299/3/1 298/3/1
f 307/3/1 299/3/1 306/3/1
f 310/7/1 301/7/1 300/7/1
f 311/7/1 301/7/1 310/7/1
f 312/7/1 303/7/1 302/7/1
f 313/7/1 303/7/1 312/7/1
f 314/7/1 311/7/1 310/7/1
f 314/7/1 310/7/1 309/7/1
f 314/7/1 312/7/1 311/7/1
f 315/7/1 312/7/1 314/7/1
f 316/4/1 304/4/1 295/4/1
f 316/4/1 305/4/1 304/4/1
f 317/4/1 305/4/1 316/4/1
f 318/4/1 305/4/1 317/4/1
f 319/4/1 305/4/1 318/4/1
f 320/7/1 308/7/1 307/7/1
f 320/7/1 307/7/1 306/7/1
f 321/7/1 308/7/1 320/7/1
f 323/4/1 318/4/1 317/4/1
f 324/4/1 318/4/1 323/4/1
f 326/7/1 322/7/1 321/7/1
f 327/7/1 322/7/1 326/7/1
f 330/7/1 329/7/1 328/7/1
f 331/7/1 326/7/1 325/7/1
f 332/7/1 326/7/1 331/7/1
f 336/7/1 329/7/1 330/7/1
f 337/7/1 329/7/1 336/7/1
f 338/8/1 334/8/1 333/8/1
f 338/8/1 333/8/1 332/8/1
f 339/8/1 334/8/1 338/8/1
f 340/8/1 336/8/1 335/8/1
f 341/8/1 336/8/1 340/8/1
f 350/7/1 345/7/1 344/7/1
f 351/7/1 345/7/1 350/7/1
f 352/2/1 347/2/1 346/2/1
f 353/2/1 347/2/1 352/2/1
f 354/3/1 343/3/1 342/3/1
f 355/3/1 343/3/1 354/3/1
f 357/3/1 351/3/1 350/3/1
f 358/3/1 351/3/1 357/3/1
f 362/3/1 349/3/1 348/3/1
f 363/3/1 349/3/1 362/3/1
f 364/3/1 357/3/1 356/3/1
f 365/3/1 357/3/1 364/3/1
f 366/4/1 360/4/1 359/4/1
f 367/4/1 360/4/1 366/4/1
f 370/3/1 362/3/1 361/3/1
f 371/3/1 362/3/1 370/3/1
f 374/2/1 369/2/1 368/2/1
f 375/2/1 369/2/1 374/2/1
f 376/3/1 373/3/1 372/3/1
f 381/3/1 376/3/1 372/3/1
f 382/3/1 376/3/1 381/3/1
f 383/7/1 380/7/1 379/7/1
f 384/7/1 380/7/1 383/7/1
f 388/4/1 375/4/1 374/4/1
f 389/4/1 375/4/1 388/4/1
f 390/7/1 382/7/1 381/7/1
f 391/7/1 382/7/1 390/7/1
f 392/7/1 378/7/1 377/7/1
f 393/7/1 378/7/1 392/7/1
f 394/1/1 386/1/1 385/1/1
f 395/1/1 386/1/1 394/1/1
f 396/4/1 388/4/1 387/4/1
f 397/7/1 392/7/1 391/7/1
f 398/7/1 392/7/1 397/7/1
f 399/7/1 392/7/1 398/7/1
f 400/4/1 396/4/1 395/4/1
f 401/4/1 388/4/1 396/4/1
f 401/4/1 396/4/1 400/4/1
f 402/6/1 401/6/1 400/6/1
f 403/6/1 401/6/1 402/6/1
f 404/6/1 401/6/1 403/6/1
f 405/6/1 401/6/1 404/6/1
f 408/8/1 407/8/1 406/8/1
f 409/8/1 407/8/1 408/8/1
f 411/8/1 410/8/1 409/8/1
f 412/8/1 410/8/1 411/8/1
f 417/7/1 414/7/1 413/7/1
f 418/7/1 414/7/1 417/7/1
f 419/3/1 416/3/1 415/3/1
f 420/3/1 416/3/1 419/3/1
f 423/1/1 422/1/1 421/1/1
f 424/1/1 422/1/1 423/1/1
f 429/7/1 428/7/1 427/7/1
f 430/7/1 428/7/1 429/7/1
f 431/7/1 426/7/1 425/7/1
f 432/7/1 426/7/1 431/7/1
f 435/7/1 434/7/1 433/7/1
f 436/7/1 434/7/1 435/7/1
f 439/7/1 438/7/1 437/7/1
f 442/7/1 439/7/1 437/7/1
f 443/7/1 439/7/1 442/7/1
f 446/7/1 441/7/1 440/7/1
f 447/7/1 441/7/1 446/7/1
f 448/7/1 444/7/1 443/7/1
f 449/8/1 445/8/1 444/8/1
f 449/7/1 444/7/1 448/7/1
f 450/8/1 445/8/1 449/8/1
f 451/8/1 445/8/1 450/8/1
f 454/7/1 453/7/1 452/7/1
f 455/7/1 453/7/1 454/7/1
f 457/7/1 456/7/1 455/7/1
f 458/7/1 456/7/1 457/7/1
f 461/7/1 460/7/1 459/7/1
f 462/7/1 460/7/1 461/7/1
f 467/7/1 464/7/1 463/7/1
f 468/7/1 464/7/1 467/7/1
f 470/3/1 466/3/1 465/3/1
f 471/3/1 466/3/1 470/3/1
f 472/7/1 470/7/1 469/7/1
f 472/3/1 471/3/1 470/3/1
f 473/3/1 471/3/1 472/3/1
f 474/7/1 472/7/1 469/7/1
f 474/7/1 473/7/1 472/7/1
f 475/7/1 473/7/1 474/7/1
f 484/3/1 479/3/1 478/3/1
f 485/7/1 480/7/1 479/7/1
f 485/3/1 479/3/1 484/3/1
f 486/7/1 480/7/1 485/7/1
f 487/3/1 477/3/1 476/3/1
f 488/7/1 484/7/1 483/7/1
f 489/7/1 484/7/1 488/7/1
f 490/7/1 482/7/1 481/7/1
f 491/7/1 482/7/1 490/7/1
f 492/3/1 477/3/1 487/3/1
f 493/3/1 477/3/1 492/3/1
f 494/7/1 492/7/1 491/7/1
f 495/7/1 492/7/1 494/7/1
f 498/3/1 497/3/1 496/3/1
f 499/3/1 497/3/1 498/3/1
f 504/3/1 501/3/1 500/3/1
f 505/3/1 501/3/1 504/3/1
f 506/3/1 503/3/1 502/3/1
f 507/3/1 503/3/1 506/3/1
f 508/7/1 507/7/1 506/7/1
f 509/7/1 507/7/1 508/7/1
f 514/5/1 511/5/1 510/5/1
f 515/5/1 511/5/1 514/5/1
f 518/4/1 513/4/1 512/4/1
f 519/4/1 516/4/1 515/4/1
f 520/4/1 516/4/1 519/4/1
f 521/4/1 518/4/1 517/4/1
f 522/4/1 521/4/1 520/4/1
f 523/4/1 518/4/1 521/4/1
f 523/4/1 521/4/1 522/4/1
f 523/4/1 513/4/1 518/4/1
f 527/7/1 525/7/1 524/7/1
f 528/3/1 526/3/1 525/3/1
f 528/7/1 525/7/1 527/7/1
f 529/3/1 526/3/1 528/3/1
f 530/3/1 526/3/1 529/3/1
f 534/3/1 531/3/1 530/3/1
f 535/3/1 531/3/1 534/3/1
f 538/7/1 535/7/1 534/7/1
f 539/7/1 535/7/1 538/7/1
f 540/4/1 533/4/1 532/4/1
f 541/4/1 533/4/1 540/4/1
f 542/8/1 537/8/1 536/8/1
f 543/7/1 538/7/1 537/7/1
f 543/8/1 537/8/1 542/8/1
f 544/7/1 538/7/1 543/7/1
f 547/4/1 546/4/1 545/4/1
f 552/4/1 547/4/1 545/4/1
f 552/4/1 548/4/1 547/4/1
f 553/4/1 548/4/1 552/4/1
f 554/4/1 548/4/1 553/4/1
f 556/8/1 550/8/1 549/8/1
f 557/8/1 550/8/1 556/8/1
f 558/4/1 552/4/1 551/4/1
f 558/4/1 553/4/1 552/4/1
f 559/4/1 553/4/1 558/4/1
f 560/8/1 556/8/1 555/8/1
f 561/8/1 556/8/1 560/8/1
f 564/3/1 563/3/1 562/3/1
f 565/3/1 563/3/1 564/3/1
f 568/4/1 567/4/1 566/4/1
f 569/4/1 567/4/1 568/4/1
f 572/7/1 571/7/1 570/7/1
f 573/7/1 571/7/1 572/7/1
f 577/4/1 575/4/1 574/4/1
f 578/4/1 575/4/1 577/4/1
f 579/4/1 577/4/1 576/4/1
f 580/4/1 577/4/1 579/4/1
f 583/8/1 582/8/1 581/8/1
f 584/8/1 583/8/1 581/8/1
f 585/8/1 583/8/1 584/8/1
f 587/8/1 586/8/1 585/8/1
f 588/8/1 586/8/1 587/8/1
f 591/8/1 589/8/1 588/8/1
f 592/5/1 590/5/1 589/5/1
f 592/8/1 589/8/1 591/8/1
f 593/5/1 590/5/1 592/5/1
f 594/5/1 590/5/1 593/5/1
f 595/4/1 592/4/1 591/4/1
f 596/5/1 593/5/1 592/5/1
f 596/4/1 592/4/1 595/4/1
f 597/5/1 593/5/1 596/5/1
f 598/4/1 597/4/1 596/4/1
f 599/4/1 597/4/1 598/4/1
f 602/6/1 601/6/1 600/6/1
f 603/6/1 601/6/1 602/6/1
f 606/3/1 605/3/1 604/3/1
f 607/3/1 605/3/1 606/3/1
f 611/5/1 609/5/1 608/5/1
f 612/5/1 611/5/1 610/5/1
f 613/5/1 609/5/1 611/5/1
f 613/5/1 611/5/1 612/5/1
f 614/5/1 609/5/1 613/5/1
f 616/4/1 613/4/1 612/4/1
f 619/4/1 616/4/1 615/4/1
f 620/4/1 613/4/1 616/4/1
f 620/4/1 616/4/1 619/4/1
f 622/6/1 618/6/1 617/6/1
f 623/6/1 618/6/1 622/6/1
f 624/4/1 613/4/1 620/4/1
f 624/1/1 620/1/1 619/1/1
f 625/4/1 613/4/1 624/4/1
f 626/6/1 622/6/1 621/6/1
f 627/6/1 622/6/1 626/6/1
f 628/1/1 625/1/1 624/1/1
f 628/1/1 624/1/1 619/1/1
f 629/1/1 625/1/1 628/1/1
f 630/1/1 625/1/1 629/1/1
f 631/1/1 625/1/1 630/1/1
f 632/6/1 631/6/1 630/6/1
f 632/1/1 625/1/1 631/1/1
f 633/1/1 625/1/1 632/1/1
f 634/6/1 632/6/1 630/6/1
f 635/6/1 632/6/1 634/6/1
f 638/7/1 637/7/1 636/7/1
f 639/7/1 637/7/1 638/7/1
f 643/7/1 640/7/1 639/7/1
f 644/7/1 640/7/1 643/7/1
f 647/3/1 642/3/1 641/3/1
f 648/3/1 642/3/1 647/3/1
f 649/7/1 646/7/1 645/7/1
f 650/7/1 646/7/1 649/7/1
f 651/8/1 650/8/1 649/8/1
f 652/8/1 650/8/1 651/8/1
f 654/8/1 653/8/1 652/8/1
f 655/8/1 653/8/1 654/8/1
f 657/5/1 656/5/1 655/5/1
f 658/5/1 656/5/1 657/5/1
f 663/7/1 660/7/1 659/7/1
f 664/7/1 660/7/1 663/7/1
f 665/4/1 662/4/1 661/4/1
f 666/4/1 662/4/1 665/4/1
f 669/6/1 668/6/1 667/6/1
f 670/6/1 668/6/1 669/6/1
f 671/6/1 668/6/1 670/6/1
f 674/7/1 673/7/1 672/7/1
f 675/7/1 673/7/1 674/7/1
f 679/7/1 676/7/1 675/7/1
f 680/7/1 676/7/1 679/7/1
f 682/3/1 678/3/1 677/3/1
f 683/3/1 678/3/1 682/3/1
f 684/3/1 682/3/1 681/3/1
f 685/3/1 682/3/1 684/3/1
f 688/7/1 687/7/1 686/7/1
f 689/7/1 688/7/1 686/7/1
f 690/7/1 688/7/1 689/7/1
f 692/8/1 691/8/1 690/8/1
f 693/8/1 691/8/1 692/8/1
f 697/3/1 695/3/1 694/3/1
f 698/3/1 695/3/1 697/3/1
f 699/3/1 697/3/1 696/3/1
f 700/3/1 697/3/1 699/3/1
f 703/7/1 702/7/1 701/7/1
f 704/7/1 702/7/1 703/7/1
f 706/7/1 705/7/1 704/7/1
f 707/7/1 705/7/1 706/7/1
f 712/3/1 709/3/1 708/3/1
f 713/3/1 709/3/1 712/3/1
f 715/3/1 711/3/1 710/3/1
f 716/3/1 711/3/1 715/3/1
f 717/3/1 715/3/1 714/3/1
f 718/3/1 715/3/1 717/3/1
f 721/7/1 720/7/1 719/7/1
f 722/7/1 720/7/1 721/7/1
f 724/7/1 723/7/1 722/7/1
f 725/7/1 723/7/1 724/7/1
f 728/3/1 727/3/1 726/3/1
f 729/3/1 727/3/1 728/3/1
f 733/7/1 731/7/1 730/7/1
f 734/7/1 731/7/1 733/7/1
f 735/7/1 733/7/1 732/7/1
f 736/7/1 733/7/1 735/7/1
f 741/3/1 738/3/1 737/3/1
f 742/3/1 738/3/1 741/3/1
f 745/7/1 740/7/1 739/7/1
f 746/3/1 741/3/1 740/3/1
f 746/7/1 740/7/1 745/7/1
f 747/3/1 741/3/1 746/3/1
f 748/7/1 744/7/1 743/7/1
f 749/7/1 744/7/1 748/7/1
f 753/3/1 751/3/1 750/3/1
f 754/3/1 751/3/1 753/3/1
f 755/3/1 753/3/1 752/3/1
f 756/3/1 753/3/1 755/3/1
f 757/7/2 758/7/2 759/7/2
f 759/7/2 758/7/2 760/7/2
f 760/7/2 761/7/2 762/7/2
f 762/7/2 761/7/2 763/7/2
f 763/7/2 761/7/2 766/7/2
f 766/7/2 761/7/2 767/7/2
f 764/7/2 765/7/2 768/7/2
f 768/7/2 765/7/2 769/7/2
f 767/8/2 768/8/2 770/8/2
f 770/8/2 768/8/2 771/8/2
f 772/3/2 773/3/2 774/3/2
f 774/3/2 773/3/2 775/3/2
f 775/3/2 776/3/2 777/3/2
f 777/3/2 776/3/2 778/3/2
f 779/7/2 780/7/2 781/7/2
f 781/7/2 780/7/2 782/7/2
f 782/7/2 783/7/2 784/7/2
f 782/7/2 784/7/2 786/7/2
f 784/7/2 785/7/2 786/7/2
f 786/7/2 785/7/2 787/7/2
f 788/7/2 789/7/2 790/7/2
f 790/7/2 789/7/2 791/7/2
f 791/7/2 792/7/2 793/7/2
f 793/7/2 792/7/2 794/7/2
f 795/3/2 796/3/2 800/3/2
f 800/3/2 796/3/2 801/3/2
f 797/3/2 798/3/2 802/3/2
f 802/3/2 798/3/2 803/3/2
f 799/3/2 800/3/2 808/3/2
f 808/3/2 800/3/2 809/3/2
f 803/3/2 804/3/2 810/3/2
f 804/7/2 805/7/2 811/7/2
f 810/3/2 804/3/2 811/3/2
f 811/7/2 805/7/2 812/7/2
f 806/3/2 807/3/2 815/3/2
f 815/3/2 807/3/2 816/3/2
f 816/3/2 807/3/2 817/3/2
f 813/7/2 814/7/2 818/7/2
f 818/7/2 814/7/2 819/7/2
f 816/7/2 817/7/2 820/7/2
f 820/7/2 817/7/2 821/7/2
f 819/7/2 820/7/2 822/7/2
f 822/7/2 820/7/2 823/7/2
f 824/3/2 825/3/2 826/3/2
f 824/3/2 826/3/2 828/3/2
f 826/7/2 827/7/2 829/7/2
f 828/3/2 826/3/2 829/3/2
f 829/7/2 827/7/2 830/7/2
f 830/7/2 831/7/2 832/7/2
f 832/7/2 831/7/2 833/7/2
f 835/7/2 836/7/2 837/7/2
f 834/7/2 835/7/2 837/7/2
f 837/7/2 836/7/2 838/7/2
f 839/7/2 840/7/2 841/7/2
f 841/7/2 840/7/2 842/7/2
f 843/7/2 844/7/2 845/7/2
f 845/7/2 844/7/2 846/7/2
f 847/8/2 848/8/2 849/8/2
f 849/8/2 848/8/2 850/8/2
f 851/2/2 852/2/2 853/2/2
f 853/2/2 852/2/2 854/2/2
f 855/1/2 856/1/2 857/1/2
f 855/1/2 857/1/2 858/1/2
f 858/1/2 857/1/2 859/1/2
f 860/6/2 861/6/2 862/6/2
f 862/6/2 861/6/2 863/6/2
f 863/6/2 864/6/2 865/6/2
f 865/6/2 864/6/2 866/6/2
f 869/1/2 870/1/2 873/1/2
f 873/1/2 870/1/2 874/1/2
f 871/2/2 872/2/2 875/2/2
f 875/2/2 872/2/2 876/2/2
f 867/7/2 868/7/2 878/7/2
f 878/7/2 868/7/2 879/7/2
f 877/7/2 878/7/2 880/7/2
f 880/7/2 878/7/2 881/7/2
f 875/4/2 876/4/2 884/4/2
f 884/4/2 876/4/2 885/4/2
f 882/4/2 883/4/2 886/4/2
f 883/4/2 884/4/2 886/4/2
f 886/4/2 884/4/2 887/4/2
f 887/4/2 884/4/2 888/4/2
f 887/6/2 888/6/2 893/6/2
f 893/6/2 888/6/2 894/6/2
f 889/8/2 890/8/2 895/8/2
f 895/8/2 890/8/2 896/8/2
f 891/7/2 892/7/2 898/7/2
f 898/7/2 892/7/2 899/7/2
f 896/8/2 897/8/2 900/8/2
f 897/8/2 898/8/2 900/8/2
f 900/8/2 898/8/2 901/8/2
f 902/3/2 903/3/2 907/3/2
f 907/3/2 903/3/2 908/3/2
f 904/2/2 905/2/2 913/2/2
f 913/2/2 905/2/2 914/2/2
f 906/3/2 907/3/2 915/3/2
f 915/3/2 907/3/2 916/3/2
f 911/1/2 912/1/2 917/1/2
f 912/2/2 913/2/2 918/2/2
f 917/1/2 912/1/2 918/1/2
f 918/2/2 913/2/2 919/2/2
f 919/2/2 913/2/2 920/2/2
f 909/7/2 910/7/2 922/7/2
f 922/7/2 910/7/2 923/7/2
f 921/7/2 922/7/2 924/7/2
f 924/7/2 922/7/2 925/7/2
f 918/1/2 919/1/2 926/1/2
f 919/4/2 920/4/2 927/4/2
f 926/1/2 919/1/2 927/1/2
f 927/4/2 920/4/2 928/4/2
f 929/8/2 930/8/2 932/8/2
f 932/8/2 930/8/2 935/8/2
f 930/7/2 931/7/2 936/7/2
f 935/8/2 930/8/2 936/8/2
f 936/7/2 931/7/2 937/7/2
f 933/8/2 934/8/2 938/8/2
f 938/8/2 934/8/2 939/8/2
f 939/8/2 940/8/2 941/8/2
f 941/8/2 940/8/2 942/8/2
f 943/3/2 944/3/2 947/3/2
f 947/3/2 944/3/2 948/3/2
f 945/3/2 946/3/2 953/3/2
f 953/3/2 946/3/2 954/3/2
f 943/3/2 947/3/2 955/3/2
f 955/3/2 947/3/2 956/3/2
f 949/7/2 950/7/2 957/7/2
f 957/7/2 950/7/2 958/7/2
f 951/7/2 952/7/2 960/7/2
f 960/7/2 952/7/2 961/7/2
f 959/7/2 960/7/2 962/7/2
f 962/7/2 960/7/2 963/7/2
f 964/8/2 965/8/2 968/8/2
f 968/8/2 965/8/2 969/8/2
f 966/8/2 967/8/2 970/8/2
f 970/8/2 967/8/2 971/8/2
f 969/8/2 970/8/2 972/8/2
f 972/8/2 970/8/2 973/8/2
f 974/3/2 975/3/2 979/3/2
f 979/3/2 975/3/2 980/3/2
f 976/3/2 977/3/2 981/3/2
f 981/3/2 977/3/2 982/3/2
f 978/3/2 979/3/2 985/3/2
f 985/3/2 979/3/2 986/3/2
f 983/7/2 984/7/2 987/7/2
f 987/7/2 984/7/2 988/7/2
f 983/7/2 987/7/2 990/7/2
f 990/7/2 987/7/2 991/7/2
f 989/7/2 990/7/2 992/7/2
f 992/7/2 990/7/2 993/7/2
f 994/8/2 995/8/2 996/8/2
f 996/8/2 995/8/2 997/8/2
f 998/3/2 999/3/2 1001/3/2
f 1001/3/2 999/3/2 1002/3/2
f 1000/3/2 1001/3/2 1003/3/2
f 1003/3/2 1001/3/2 1004/3/2
f 1005/7/2 1006/7/2 1009/7/2
f 1007/7/2 1008/7/2 1012/7/2
f 1009/7/2 1010/7/2 1013/7/2
f 1005/7/2 1009/7/2 1013/7/2
f 1013/7/2 1010/7/2 1014/7/2
f 1014/7/2 1010/7/2 1015/7/2
f 1011/7/2 1012/7/2 1016/7/2
f 1012/7/2 1008/7/2 1017/7/2
f 1016/7/2 1012/7/2 1017/7/2
f 1013/7/2 1014/7/2 1018/7/2
f 1018/7/2 1014/7/2 1019/7/2
f 1018/8/2 1019/8/2 1021/8/2
f 1021/8/2 1019/8/2 1022/8/2
f 1020/8/2 1021/8/2 1023/8/2
f 1023/8/2 1021/8/2 1024/8/2
f 1025/3/2 1026/3/2 1028/3/2
f 1028/3/2 1026/3/2 1029/3/2
f 1027/3/2 1028/3/2 1030/3/2
f 1030/3/2 1028/3/2 1031/3/2
f 1032/5/2 1033/5/2 1034/5/2
f 1034/5/2 1033/5/2 1035/5/2
f 1036/8/2 1037/8/2 1039/8/2
f 1038/8/2 1039/8/2 1040/8/2
f 1039/8/2 1037/8/2 1041/8/2
f 1040/8/2 1039/8/2 1041/8/2
f 1042/3/2 1043/3/2 1045/3/2
f 1045/3/2 1043/3/2 1046/3/2
f 1044/3/2 1045/3/2 1049/3/2
f 1049/3/2 1045/3/2 1050/3/2
f 1047/5/2 1048/5/2 1053/5/2
f 1053/5/2 1048/5/2 1054/5/2
f 1054/5/2 1048/5/2 1055/5/2
f 1051/7/2 1052/7/2 1056/7/2
f 1056/7/2 1052/7/2 1057/7/2
f 1058/7/2 1059/7/2 1063/7/2
f 1063/7/2 1059/7/2 1064/7/2
f 1060/5/2 1061/5/2 1065/5/2
f 1061/4/2 1062/4/2 1066/4/2
f 1065/5/2 1061/5/2 1066/5/2
f 1066/4/2 1062/4/2 1067/4/2
f 1063/8/2 1064/8/2 1068/8/2
f 1068/8/2 1064/8/2 1069/8/2
f 1069/8/2 1070/8/2 1071/8/2
f 1071/8/2 1070/8/2 1072/8/2
f 1073/4/2 1074/4/2 1075/4/2
f 1075/4/2 1074/4/2 1076/4/2
f 1077/7/2 1078/7/2 1079/7/2
f 1079/7/2 1078/7/2 1080/7/2
f 1080/7/2 1081/7/2 1084/7/2
f 1084/7/2 1081/7/2 1085/7/2
f 1082/5/2 1083/5/2 1086/5/2
f 1086/5/2 1083/5/2 1087/5/2
f 1088/4/2 1089/4/2 1092/4/2
f 1092/4/2 1089/4/2 1093/4/2
f 1090/5/2 1091/5/2 1095/5/2
f 1095/5/2 1091/5/2 1096/5/2
f 1093/4/2 1094/4/2 1099/4/2
f 1099/4/2 1094/4/2 1100/4/2
f 1097/4/2 1098/4/2 1103/4/2
f 1103/4/2 1098/4/2 1104/4/2
f 1101/8/2 1102/8/2 1106/8/2
f 1106/8/2 1102/8/2 1107/8/2
f 1104/4/2 1105/4/2 1109/4/2
f 1109/4/2 1105/4/2 1110/4/2
f 1107/8/2 1108/8/2 1111/8/2
f 1111/8/2 1108/8/2 1112/8/2
f 1115/3/2 1116/3/2 1119/3/2
f 1119/3/2 1116/3/2 1120/3/2
f 1113/3/2 1114/3/2 1121/3/2
f 1121/3/2 1114/3/2 1122/3/2
f 1117/7/2 1118/7/2 1123/7/2
f 1118/3/2 1119/3/2 1124/3/2
f 1123/7/2 1118/7/2 1124/7/2
f 1124/3/2 1119/3/2 1125/3/2
f 1126/5/2 1127/5/2 1130/5/2
f 1130/5/2 1127/5/2 1131/5/2
f 1128/5/2 1129/5/2 1133/5/2
f 1133/5/2 1129/5/2 1134/5/2
f 1131/4/2 1132/4/2 1136/4/2
f 1136/4/2 1132/4/2 1137/4/2
f 1134/4/2 1135/4/2 1139/4/2
f 1139/4/2 1135/4/2 1140/4/2
f 1137/4/2 1138/4/2 1142/4/2
f 1142/4/2 1138/4/2 1143/4/2
f 1140/4/2 1141/4/2 1144/4/2
f 1144/4/2 1141/4/2 1145/4/2
f 1145/4/2 1146/4/2 1151/4/2
f 1151/4/2 1146/4/2 1152/4/2
f 1147/4/2 1148/4/2 1153/4/2
f 1153/4/2 1148/4/2 1154/4/2
f 1149/8/2 1150/8/2 1155/8/2
f 1155/8/2 1150/8/2 1156/8/2
f 1157/8/2 1158/8/2 1159/8/2
f 1156/8/2 1157/8/2 1159/8/2
f 1159/8/2 1158/8/2 1160/8/2
f 1161/3/2 1162/3/2 1163/3/2
f 1163/3/2 1162/3/2 1164/3/2
f 1165/5/2 1166/5/2 1169/5/2
f 1169/5/2 1166/5/2 1170/5/2
f 1167/7/2 1168/7/2 1172/7/2
f 1172/7/2 1168/7/2 1173/7/2
f 1170/5/2 1171/5/2 1174/5/2
f 1169/5/2 1170/5/2 1174/5/2
f 1174/5/2 1171/5/2 1175/5/2
f 1175/5/2 1171/5/2 1176/5/2
f 1176/4/2 1177/4/2 1180/4/2
f 1175/4/2 1176/4/2 1180/4/2
f 1180/4/2 1177/4/2 1181/4/2
f 1181/4/2 1177/4/2 1182/4/2
f 1178/8/2 1179/8/2 1185/8/2
f 1181/4/2 1182/4/2 1186/4/2
f 1182/4/2 1183/4/2 1186/4/2
f 1186/4/2 1183/4/2 1187/4/2
f 1187/4/2 1183/4/2 1188/4/2
f 1184/8/2 1185/8/2 1190/8/2
f 1185/8/2 1179/8/2 1191/8/2
f 1190/8/2 1185/8/2 1191/8/2
f 1191/8/2 1179/8/2 1192/8/2
f 1173/7/2 1168/7/2 1194/7/2
f 1194/7/2 1168/7/2 1195/7/2
f 1188/4/2 1189/4/2 1196/4/2
f 1187/4/2 1188/4/2 1196/4/2
f 1196/4/2 1189/4/2 1197/4/2
f 1197/4/2 1189/4/2 1198/4/2
f 1192/8/2 1193/8/2 1200/8/2
f 1191/8/2 1192/8/2 1200/8/2
f 1193/7/2 1194/7/2 1201/7/2
f 1200/8/2 1193/8/2 1201/8/2
f 1201/7/2 1194/7/2 1202/7/2
f 1198/6/2 1199/6/2 1203/6/2
f 1203/6/2 1199/6/2 1204/6/2
f 1204/6/2 1205/6/2 1209/6/2
f 1209/6/2 1205/6/2 1210/6/2
f 1206/4/2 1207/4/2 1211/4/2
f 1211/4/2 1207/4/2 1212/4/2
f 1208/6/2 1209/6/2 1213/6/2
f 1213/6/2 1209/6/2 1214/6/2
f 1215/3/2 1216/3/2 1217/3/2
f 1217/3/2 1216/3/2 1218/3/2
f 1219/7/2 1220/7/2 1222/7/2
f 1222/7/2 1220/7/2 1223/7/2
f 1221/7/2 1222/7/2 1225/7/2
f 1225/7/2 1222/7/2 1226/7/2
f 1224/7/2 1225/7/2 1227/7/2
f 1227/7/2 1228/7/2 1231/7/2
f 1224/7/2 1227/7/2 1231/7/2
f 1229/5/2 1230/5/2 1232/5/2
f 1232/5/2 1230/5/2 1233/5/2
f 1233/4/2 1234/4/2 1237/4/2
f 1237/4/2 1234/4/2 1238/4/2
f 1235/5/2 1236/5/2 1240/5/2
f 1240/5/2 1236/5/2 1241/5/2
f 1231/7/2 1228/7/2 1242/7/2
f 1242/7/2 1228/7/2 1243/7/2
f 1240/4/2 1241/4/2 1246/4/2
f 1239/4/2 1240/4/2 1246/4/2
f 1246/4/2 1241/4/2 1247/4/2
f 1244/6/2 1245/6/2 1248/6/2
f 1239/4/2 1246/4/2 1251/4/2
f 1251/4/2 1246/4/2 1252/4/2
f 1248/6/2 1249/6/2 1253/6/2
f 1244/6/2 1248/6/2 1253/6/2
f 1253/6/2 1249/6/2 1254/6/2
f 1250/4/2 1251/4/2 1255/4/2
f 1255/4/2 1251/4/2 1256/4/2
f 1256/4/2 1251/4/2 1257/4/2
f 1255/1/2 1256/1/2 1259/1/2
f 1257/4/2 1258/4/2 1260/4/2
f 1259/1/2 1256/1/2 1260/1/2
f 1256/4/2 1257/4/2 1260/4/2
f 1260/4/2 1258/4/2 1261/4/2
f 1261/4/2 1258/4/2 1262/4/2
f 1260/1/2 1261/1/2 1262/1/2
f 1262/4/2 1258/4/2 1263/4/2
f 1260/1/2 1262/1/2 1264/1/2
f 1262/1/2 1263/1/2 1264/1/2
f 1264/1/2 1263/1/2 1265/1/2
f 1264/6/2 1265/6/2 1266/6/2
f 1266/6/2 1265/6/2 1267/6/2
f 1267/6/2 1265/6/2 1268/6/2
f 1268/6/2 1265/6/2 1269/6/2
f 1270/3/2 1271/3/2 1272/3/2
f 1272/3/2 1271/3/2 1273/3/2
f 1274/7/2 1275/7/2 1276/7/2
f 1276/7/2 1275/7/2 1277/7/2
f 1278/5/2 1279/5/2 1282/5/2
f 1282/5/2 1279/5/2 1283/5/2
f 1280/5/2 1281/5/2 1285/5/2
f 1285/5/2 1281/5/2 1286/5/2
f 1284/4/2 1285/4/2 1287/4/2
f 1287/4/2 1285/4/2 1288/4/2
f 1289/4/2 1290/4/2 1291/4/2
f 1291/4/2 1290/4/2 1292/4/2
f 1293/3/2 1294/3/2 1295/3/2
f 1295/3/2 1294/3/2 1296/3/2
f 1297/3/2 1298/3/2 1299/3/2
f 1299/3/2 1298/3/2 1300/3/2
f 1301/7/2 1302/7/2 1308/7/2
f 1308/7/2 1302/7/2 1309/7/2
f 1303/5/2 1304/5/2 1310/5/2
f 1305/5/2 1306/5/2 1311/5/2
f 1311/5/2 1306/5/2 1312/5/2
f 1307/8/2 1308/8/2 1316/8/2
f 1316/8/2 1308/8/2 1317/8/2
f 1303/5/2 1310/5/2 1318/5/2
f 1310/4/2 1311/4/2 1319/4/2
f 1318/5/2 1310/5/2 1319/5/2
f 1313/7/2 1314/7/2 1320/7/2
f 1314/8/2 1315/8/2 1321/8/2
f 1320/7/2 1314/7/2 1321/7/2
f 1315/8/2 1316/8/2 1321/8/2
f 1321/8/2 1316/8/2 1322/8/2
f 1318/4/2 1319/4/2 1323/4/2
f 1319/4/2 1311/4/2 1324/4/2
f 1323/4/2 1319/4/2 1324/4/2
f 1325/3/2 1326/3/2 1327/3/2
f 1327/3/2 1326/3/2 1328/3/2
f 1330/7/2 1331/7/2 1336/7/2
f 1336/7/2 1331/7/2 1337/7/2
f 1333/7/2 1334/7/2 1338/7/2
f 1332/7/2 1333/7/2 1338/7/2
f 1335/7/2 1336/7/2 1340/7/2
f 1340/7/2 1336/7/2 1341/7/2
f 1328/3/2 1329/3/2 1345/3/2
f 1345/3/2 1329/3/2 1346/3/2
f 1343/8/2 1344/8/2 1349/8/2
f 1342/8/2 1343/8/2 1349/8/2
f 1344/3/2 1345/3/2 1350/3/2
f 1349/8/2 1344/8/2 1350/8/2
f 1350/3/2 1345/3/2 1351/3/2
f 1338/7/2 1339/7/2 1352/7/2
f 1332/7/2 1338/7/2 1352/7/2
f 1352/7/2 1339/7/2 1353/7/2
f 1353/7/2 1339/7/2 1354/7/2
f 1347/5/2 1348/5/2 1355/5/2
f 1355/5/2 1348/5/2 1356/5/2
f 1332/7/2 1352/7/2 1357/7/2
f 1352/8/2 1353/8/2 1358/8/2
f 1357/7/2 1352/7/2 1358/7/2
f 1358/8/2 1353/8/2 1359/8/2
f 1360/3/2 1361/3/2 1364/3/2
f 1361/3/2 1362/3/2 1364/3/2
f 1363/7/2 1364/7/2 1366/7/2
f 1364/3/2 1362/3/2 1367/3/2
f 1366/7/2 1364/7/2 1367/7/2
f 1367/3/2 1362/3/2 1368/3/2
f 1365/8/2 1366/8/2 1369/8/2
f 1369/8/2 1366/8/2 1370/8/2
f 1371/3/2 1372/3/2 1374/3/2
f 1374/3/2 1372/3/2 1375/3/2
f 1373/3/2 1374/3/2 1379/3/2
f 1379/3/2 1374/3/2 1380/3/2
f 1376/7/2 1377/7/2 1381/7/2
f 1381/7/2 1377/7/2 1382/7/2
f 1382/7/2 1383/7/2 1384/7/2
f 1384/7/2 1383/7/2 1385/7/2
f 1378/7/2 1379/7/2 1386/7/2
f 1386/7/2 1379/7/2 1387/7/2
f 1390/3/2 1391/3/2 1393/3/2
f 1393/3/2 1391/3/2 1394/3/2
f 1388/3/2 1389/3/2 1395/3/2
f 1395/3/2 1389/3/2 1396/3/2
f 1392/3/2 1393/3/2 1397/3/2
f 1397/3/2 1393/3/2 1398/3/2
f 1398/3/2 1393/3/2 1399/3/2
f 1397/7/2 1398/7/2 1401/7/2
f 1401/7/2 1398/7/2 1402/7/2
f 1400/7/2 1401/7/2 1403/7/2
f 1403/7/2 1401/7/2 1404/7/2
f 1405/3/2 1406/3/2 1408/3/2
f 1408/3/2 1406/3/2 1409/3/2
f 1407/3/2 1408/3/2 1412/3/2
f 1412/3/2 1408/3/2 1413/3/2
f 1410/7/2 1411/7/2 1414/7/2
f 1414/7/2 1411/7/2 1415/7/2
f 1412/7/2 1413/7/2 1417/7/2
f 1415/7/2 1416/7/2 1418/7/2
f 1418/7/2 1416/7/2 1419/7/2
f 1417/7/2 1413/7/2 1421/7/2
f 1421/7/2 1413/7/2 1422/7/2
f 1420/7/2 1421/7/2 1423/7/2
f 1423/7/2 1421/7/2 1424/7/2
f 1427/7/2 1428/7/2 1431/7/2
f 1431/7/2 1428/7/2 1432/7/2
f 1431/3/2 1432/3/2 1435/3/2
f 1435/3/2 1432/3/2 1436/3/2
f 1429/3/2 1430/3/2 1439/3/2
f 1439/3/2 1430/3/2 1440/3/2
f 1425/3/2 1426/3/2 1441/3/2
f 1441/3/2 1426/3/2 1442/3/2
f 1433/3/2 1434/3/2 1444/3/2
f 1444/3/2 1434/3/2 1445/3/2
f 1436/3/2 1437/3/2 1446/3/2
f 1446/3/2 1437/3/2 1447/3/2
f 1438/3/2 1439/3/2 1448/3/2
f 1442/7/2 1443/7/2 1449/7/2
f 1449/7/2 1443/7/2 1450/7/2
f 1448/3/2 1439/3/2 1452/3/2
f 1452/3/2 1439/3/2 1453/3/2
f 1450/7/2 1451/7/2 1454/7/2
f 1454/7/2 1451/7/2 1455/7/2
f 1446/7/2 1447/7/2 1456/7/2
f 1456/7/2 1447/7/2 1457/7/2
f 1452/7/2 1453/7/2 1458/7/2
f 1458/7/2 1453/7/2 1459/7/2
f 1457/7/2 1458/7/2 1460/7/2
f 1460/7/2 1458/7/2 1461/7/2
f 1464/3/2 1465/3/2 1469/3/2
f 1469/3/2 1465/3/2 1470/3/2
f 1466/3/2 1467/3/2 1472/3/2
f 1472/3/2 1467/3/2 1473/3/2
f 1473/3/2 1467/3/2 1474/3/2
f 1474/3/2 1467/3/2 1475/3/2
f 1462/3/2 1463/3/2 1476/3/2
f 1476/3/2 1463/3/2 1477/3/2
f 1477/3/2 1463/3/2 1478/3/2
f 1468/3/2 1469/3/2 1479/3/2
f 1479/3/2 1469/3/2 1480/3/2
f 1470/3/2 1471/3/2 1481/3/2
f 1481/3/2 1471/3/2 1482/3/2
f 1473/3/2 1474/3/2 1483/3/2
f 1483/3/2 1474/3/2 1484/3/2
f 1477/3/2 1478/3/2 1485/3/2
f 1478/3/2 1479/3/2 1485/3/2
f 1485/3/2 1479/3/2 1486/3/2
f 1483/7/2 1484/7/2 1487/7/2
f 1487/7/2 1484/7/2 1488/7/2
f 1489/3/2 1490/3/2 1495/3/2
f 1495/3/2 1490/3/2 1496/3/2
f 1491/3/2 1492/3/2 1497/3/2
f 1497/3/2 1492/3/2 1498/3/2
f 1493/3/2 1494/3/2 1499/3/2
f 1499/3/2 1494/3/2 1500/3/2
f 1489/3/2 1495/3/2 1501/3/2
f 1501/3/2 1495/3/2 1502/3/2
f 1498/3/2 1499/3/2 1503/3/2
f 1503/3/2 1499/3/2 1504/3/2
f 1505/3/2 1506/3/2 1507/3/2
f 1507/3/2 1506/3/2 1508/3/2
f 1511/3/3 1510/3/3 1509/3/3
f 1515/3/3 1511/3/3 1509/3/3
f 1515/3/3 1512/3/3 1511/3/3
f 1516/3/3 1512/3/3 1515/3/3
f 1518/7/3 1514/7/3 1513/7/3
f 1519/3/3 1515/3/3 1509/3/3
f 1521/7/3 1518/7/3 1517/7/3
f 1522/7/3 1514/7/3 1518/7/3
f 1522/7/3 1518/7/3 1521/7/3
f 1523/3/3 1520/3/3 1519/3/3
f 1523/3/3 1519/3/3 1509/3/3
f 1524/3/3 1520/3/3 1523/3/3
f 1526/7/3 1514/7/3 1522/7/3
f 1527/7/3 1514/7/3 1526/7/3
f 1529/3/3 1526/3/3 1525/3/3
f 1529/3/3 1527/3/3 1526/3/3
f 1530/7/3 1514/7/3 1527/7/3
f 1532/3/3 1529/3/3 1528/3/3
f 1532/3/3 1527/3/3 1529/3/3
f 1533/7/3 1531/7/3 1530/7/3
f 1533/3/3 1527/3/3 1532/3/3
f 1533/7/3 1530/7/3 1527/7/3
f 1534/3/3 1532/3/3 1528/3/3
f 1535/3/3 1532/3/3 1534/3/3
f 1536/7/3 1533/7/3 1532/7/3
f 1536/3/3 1532/3/3 1535/3/3
f 1537/7/3 1531/7/3 1533/7/3
f 1537/7/3 1533/7/3 1536/7/3
f 1538/7/3 1531/7/3 1537/7/3
f 1539/7/3 1536/7/3 1535/7/3
f 1539/7/3 1537/7/3 1536/7/3
f 1540/7/3 1537/7/3 1539/7/3
f 1544/7/3 1543/7/3 1542/7/3
f 1546/3/3 1542/3/3 1541/3/3
f 1547/3/3 1542/3/3 1546/3/3
f 1548/7/3 1545/7/3 1544/7/3
f 1548/3/3 1542/3/3 1547/3/3
f 1548/7/3 1544/7/3 1542/7/3
f 1549/7/3 1545/7/3 1548/7/3
f 1553/7/3 1547/7/3 1546/7/3
f 1554/7/3 1547/7/3 1553/7/3
f 1555/3/3 1552/3/3 1551/3/3
f 1555/3/3 1553/3/3 1552/3/3
f 1556/3/3 1553/3/3 1555/3/3
f 1557/3/3 1553/3/3 1556/3/3
f 1560/3/3 1557/3/3 1556/3/3
f 1561/7/3 1558/7/3 1557/7/3
f 1561/3/3 1557/3/3 1560/3/3
f 1562/7/3 1558/7/3 1561/7/3
f 1563/3/3 1560/3/3 1559/3/3
f 1563/3/3 1561/3/3 1560/3/3
f 1564/3/3 1561/3/3 1563/3/3
f 1565/7/3 1550/7/3 1549/7/3
f 1566/7/3 1550/7/3 1565/7/3
f 1567/3/3 1563/3/3 1559/3/3
f 1568/3/3 1563/3/3 1567/3/3
f 1573/3/3 1570/3/3 1569/3/3
f 1573/3/3 1571/3/3 1570/3/3
f 1574/3/3 1571/3/3 1573/3/3
f 1575/3/3 1571/3/3 1574/3/3
f 1576/3/3 1573/3/3 1572/3/3
f 1576/3/3 1574/3/3 1573/3/3
f 1576/7/3 1575/7/3 1574/7/3
f 1577/7/3 1575/7/3 1576/7/3
f 1578/3/3 1576/3/3 1572/3/3
f 1579/3/3 1576/3/3 1578/3/3
f 1583/3/3 1581/3/3 1580/3/3
f 1584/3/3 1581/3/3 1583/3/3
f 1584/3/3 1583/3/3 1582/3/3
f 1587/3/3 1584/3/3 1582/3/3
f 1587/3/3 1585/3/3 1584/3/3
f 1588/3/3 1585/3/3 1587/3/3
f 1589/3/3 1585/3/3 1588/3/3
f 1590/7/3 1586/7/3 1585/7/3
f 1590/3/3 1585/3/3 1589/3/3
f 1591/7/3 1586/7/3 1590/7/3
f 1592/7/3 1586/7/3 1591/7/3
f 1594/3/3 1589/3/3 1588/3/3
f 1595/3/3 1589/3/3 1594/3/3
f 1596/7/3 1593/7/3 1592/7/3
f 1597/7/3 1593/7/3 1596/7/3
f 1598/3/3 1589/3/3 1595/3/3
f 1599/3/3 1589/3/3 1598/3/3
f 1600/7/3 1599/7/3 1598/7/3
f 1601/7/3 1599/7/3 1600/7/3
f 1604/3/3 1603/3/3 1602/3/3
f 1605/3/3 1603/3/3 1604/3/3
f 1607/3/3 1603/3/3 1605/3/3
f 1608/3/3 1603/3/3 1607/3/3
f 1609/3/3 1607/3/3 1606/3/3
f 1610/3/3 1607/3/3 1609/3/3
f 1614/7/3 1612/7/3 1611/7/3
f 1615/7/3 1612/7/3 1614/7/3
f 1617/7/3 1614/7/3 1613/7/3
f 1618/7/3 1614/7/3 1617/7/3
f 1618/3/3 1617/3/3 1616/3/3
f 1619/7/3 1614/7/3 1618/7/3
f 1620/3/3 1618/3/3 1616/3/3
f 1621/3/3 1618/3/3 1620/3/3
f 1625/3/3 1623/3/3 1622/3/3
f 1626/3/3 1623/3/3 1625/3/3
f 1628/3/3 1625/3/3 1624/3/3
f 1629/3/3 1625/3/3 1628/3/3
f 1630/3/3 1627/3/3 1626/3/3
f 1631/3/3 1627/3/3 1630/3/3
f 1634/8/3 1633/8/3 1632/8/3
f 1637/7/3 1636/7/3 1635/7/3
f 1638/7/3 1636/7/3 1637/7/3
f 1639/8/3 1633/8/3 1634/8/3
f 1640/8/3 1633/8/3 1639/8/3
f 1643/3/3 1642/3/3 1641/3/3
f 1644/3/3 1642/3/3 1643/3/3
f 1648/7/3 1646/7/3 1645/7/3
f 1649/7/3 1646/7/3 1648/7/3
f 1651/7/3 1648/7/3 1647/7/3
f 1652/7/3 1648/7/3 1651/7/3
f 1653/3/3 1651/3/3 1650/3/3
f 1654/3/3 1651/3/3 1653/3/3
f 1657/7/3 1656/7/3 1655/7/3
f 1658/7/3 1656/7/3 1657/7/3
f 1659/7/3 1656/7/3 1658/7/3
f 1661/7/3 1658/7/3 1657/7/3
f 1662/8/3 1660/8/3 1659/8/3
f 1662/7/3 1658/7/3 1661/7/3
f 1662/8/3 1659/8/3 1658/8/3
f 1663/8/3 1660/8/3 1662/8/3
f 1664/8/3 1660/8/3 1663/8/3
f 1666/8/3 1663/8/3 1662/8/3
f 1667/8/3 1663/8/3 1666/8/3
f 1668/8/3 1666/8/3 1665/8/3
f 1669/8/3 1666/8/3 1668/8/3
f 1673/7/3 1671/7/3 1670/7/3
f 1674/7/3 1671/7/3 1673/7/3
f 1675/3/3 1673/3/3 1672/3/3
f 1676/3/3 1673/3/3 1675/3/3
f 1680/3/3 1678/3/3 1677/3/3
f 1681/3/3 1678/3/3 1680/3/3
f 1683/7/3 1680/7/3 1679/7/3
f 1684/7/3 1680/7/3 1683/7/3
f 1685/3/3 1682/3/3 1681/3/3
f 1686/3/3 1682/3/3 1685/3/3
f 1690/7/3 1688/7/3 1687/7/3
f 1691/7/3 1688/7/3 1690/7/3
f 1693/7/3 1690/7/3 1689/7/3
f 1694/7/3 1690/7/3 1693/7/3
f 1695/8/3 1692/8/3 1691/8/3
f 1696/8/3 1692/8/3 1695/8/3
f 1699/8/3 1697/8/3 1696/8/3
f 1700/8/3 1697/8/3 1699/8/3
f 1701/8/3 1699/8/3 1698/8/3
f 1702/8/3 1699/8/3 1701/8/3
f 1706/8/3 1704/8/3 1703/8/3
f 1707/8/3 1704/8/3 1706/8/3
f 1708/8/3 1706/8/3 1705/8/3
f 1709/8/3 1706/8/3 1708/8/3
f 1712/3/3 1711/3/3 1710/3/3
f 1713/3/3 1711/3/3 1712/3/3
f 1716/7/3 1715/7/3 1714/7/3
f 1717/7/3 1715/7/3 1716/7/3
f 1718/7/3 1716/7/3 1714/7/3
f 1719/7/3 1716/7/3 1718/7/3
f 1723/8/3 1721/8/3 1720/8/3
f 1724/8/3 1721/8/3 1723/8/3
f 1725/8/3 1723/8/3 1722/8/3
f 1726/8/3 1723/8/3 1725/8/3
f 1729/7/3 1728/7/3 1727/7/3
f 1730/7/3 1728/7/3 1729/7/3
f 1733/3/3 1732/3/3 1731/3/3
f 1734/3/3 1732/3/3 1733/3/3
f 1736/3/3 1733/3/3 1731/3/3
f 1737/3/3 1733/3/3 1736/3/3
f 1738/3/3 1735/3/3 1734/3/3
f 1739/3/3 1735/3/3 1738/3/3
f 1743/7/3 1741/7/3 1740/7/3
f 1744/8/3 1742/8/3 1741/8/3
f 1744/7/3 1741/7/3 1743/7/3
f 1745/8/3 1742/8/3 1744/8/3
f 1747/8/3 1746/8/3 1745/8/3
f 1748/8/3 1746/8/3 1747/8/3
f 1751/3/3 1750/3/3 1749/3/3
f 1752/3/3 1750/3/3 1751/3/3
f 1757/7/3 1754/7/3 1753/7/3
f 1758/7/3 1754/7/3 1757/7/3
f 1760/3/3 1756/3/3 1755/3/3
f 1761/7/3 1759/7/3 1758/7/3
f 1761/3/3 1756/3/3 1760/3/3
f 1761/7/3 1757/7/3 1756/7/3
f 1761/7/3 1758/7/3 1757/7/3
f 1762/7/3 1759/7/3 1761/7/3
f 1763/7/3 1759/7/3 1762/7/3
f 1765/8/3 1764/8/3 1763/8/3
f 1766/8/3 1764/8/3 1765/8/3
f 1770/7/3 1768/7/3 1767/7/3
f 1771/7/3 1768/7/3 1770/7/3
f 1773/7/3 1770/7/3 1769/7/3
f 1774/7/3 1770/7/3 1773/7/3
f 1775/7/3 1772/7/3 1771/7/3
f 1776/7/3 1772/7/3 1775/7/3
f 1778/8/3 1777/8/3 1776/8/3
f 1779/8/3 1777/8/3 1778/8/3
f 1783/7/3 1781/7/3 1780/7/3
f 1784/7/3 1781/7/3 1783/7/3
f 1785/7/3 1783/7/3 1782/7/3
f 1786/7/3 1783/7/3 1785/7/3
f 1790/8/3 1788/8/3 1787/8/3
f 1791/8/3 1788/8/3 1790/8/3
f 1792/8/3 1790/8/3 1789/8/3
f 1793/8/3 1790/8/3 1792/8/3
f 1794/8/3 1790/8/3 1793/8/3
f 1797/5/3 1796/5/3 1795/5/3
f 1798/5/3 1796/5/3 1797/5/3
f 1800/4/3 1799/4/3 1798/4/3
f 1801/4/3 1799/4/3 1800/4/3
f 1805/4/3 1803/4/3 1802/4/3
f 1806/4/3 1803/4/3 1805/4/3
f 1807/5/3 1805/5/3 1804/5/3
f 1808/5/3 1805/5/3 1807/5/3
f 1812/3/3 1810/3/3 1809/3/3
f 1813/3/3 1810/3/3 1812/3/3
f 1814/3/3 1812/3/3 1811/3/3
f 1815/3/3 1812/3/3 1814/3/3
f 1818/4/3 1817/4/3 1816/4/3
f 1819/4/3 1817/4/3 1818/4/3
f 1822/4/3 1820/4/3 1819/4/3
f 1823/4/3 1820/4/3 1822/4/3
f 1823/4/3 1822/4/3 1821/4/3
f 1824/4/3 1820/4/3 1823/4/3
f 1826/4/3 1823/4/3 1821/4/3
f 1827/4/3 1823/4/3 1826/4/3
f 1828/4/3 1826/4/3 1825/4/3
f 1829/4/3 1826/4/3 1828/4/3
f 1833/4/3 1831/4/3 1830/4/3
f 1834/4/3 1831/4/3 1833/4/3
f 1836/4/3 1833/4/3 1832/4/3
f 1837/4/3 1833/4/3 1836/4/3
f 1838/4/3 1836/4/3 1835/4/3
f 1839/4/3 1836/4/3 1838/4/3
f 1843/3/3 1841/3/3 1840/3/3
f 1844/3/3 1841/3/3 1843/3/3
f 1845/3/3 1843/3/3 1842/3/3
f 1846/3/3 1843/3/3 1845/3/3
f 1849/3/3 1848/3/3 1847/3/3
f 1850/3/3 1848/3/3 1849/3/3
f 1852/3/3 1851/3/3 1850/3/3
f 1853/3/3 1851/3/3 1852/3/3
f 1856/4/3 1855/4/3 1854/4/3
f 1857/4/3 1855/4/3 1856/4/3
f 1861/4/3 1859/4/3 1858/4/3
f 1862/4/3 1859/4/3 1861/4/3
f 1863/4/3 1861/4/3 1860/4/3
f 1864/6/3 1862/6/3 1861/6/3
f 1864/4/3 1861/4/3 1863/4/3
f 1865/6/3 1864/6/3 1863/6/3
f 1866/6/3 1862/6/3 1864/6/3
f 1866/6/3 1864/6/3 1865/6/3
f 1869/3/3 1868/3/3 1867/3/3
f 1870/3/3 1868/3/3 1869/3/3
f 1872/3/3 1871/3/3 1870/3/3
f 1873/3/3 1871/3/3 1872/3/3
f 1876/7/3 1875/7/3 1874/7/3
f 1877/7/3 1875/7/3 1876/7/3
f 1880/6/3 1879/6/3 1878/6/3
f 1881/6/3 1879/6/3 1880/6/3
f 1884/7/3 1883/7/3 1882/7/3
f 1885/7/3 1883/7/3 1884/7/3
f 1888/7/3 1887/7/3 1886/7/3
f 1889/7/3 1887/7/3 1888/7/3
f 1890/7/3 1888/7/3 1886/7/3
f 1891/3/3 1889/3/3 1888/3/3
f 1891/7/3 1888/7/3 1890/7/3
f 1892/3/3 1889/3/3 1891/3/3
f 1895/7/3 1894/7/3 1893/7/3
f 1896/7/3 1894/7/3 1895/7/3
f 1899/7/3 1898/7/3 1897/7/3
f 1900/7/3 1898/7/3 1899/7/3
f 1902/7/3 1901/7/3 1900/7/3
f 1904/7/3 1902/7/3 1900/7/3
f 1904/7/3 1903/7/3 1902/7/3
f 1905/7/3 1903/7/3 1904/7/3
f 1908/3/3 1905/3/3 1904/3/3
f 1909/7/3 1903/7/3 1905/7/3
f 1909/3/3 1905/3/3 1908/3/3
f 1910/7/3 1903/7/3 1909/7/3
f 1911/3/3 1907/3/3 1906/3/3
f 1911/3/3 1908/3/3 1907/3/3
f 1912/3/3 1908/3/3 1911/3/3
f 1915/3/3 1914/3/3 1913/3/3
f 1916/3/3 1914/3/3 1915/3/3
f 1920/7/3 1918/7/3 1917/7/3
f 1921/7/3 1918/7/3 1920/7/3
f 1922/7/3 1920/7/3 1919/7/3
f 1923/7/3 1920/7/3 1922/7/3
f 1925/7/3 1924/7/3 1923/7/3
f 1926/7/3 1924/7/3 1925/7/3
f 1929/7/3 1928/7/3 1927/7/3
f 1930/7/3 1928/7/3 1929/7/3
f 1934/7/3 1931/7/3 1930/7/3
f 1935/7/3 1931/7/3 1934/7/3
f 1936/3/3 1933/3/3 1932/3/3
f 1937/7/3 1934/7/3 1933/7/3
f 1937/3/3 1933/3/3 1936/3/3
f 1938/7/3 1934/7/3 1937/7/3
f 1941/3/3 1940/3/3 1939/3/3
f 1942/3/3 1940/3/3 1941/3/3
f 1945/3/3 1943/3/3 1942/3/3
f 1946/3/3 1943/3/3 1945/3/3
f 1947/3/3 1945/3/3 1944/3/3
f 1948/3/3 1945/3/3 1947/3/3
f 1951/2/3 1950/2/3 1949/2/3
f 1952/2/3 1950/2/3 1951/2/3
f 1955/7/3 1954/7/3 1953/7/3
f 1956/7/3 1954/7/3 1955/7/3
f 1958/7/3 1957/7/3 1956/7/3
f 1959/7/3 1957/7/3 1958/7/3
f 1962/7/3 1961/7/3 1960/7/3
f 1963/7/3 1961/7/3 1962/7/3
f 1966/7/3 1965/7/3 1964/7/3
f 1967/7/3 1965/7/3 1966/7/3
f 1969/7/3 1968/7/3 1967/7/3
f 1970/7/3 1968/7/3 1969/7/3
f 1974/3/3 1972/3/3 1971/3/3
f 1975/3/3 1972/3/3 1974/3/3
f 1976/3/3 1972/3/3 1975/3/3
f 1977/7/3 1973/7/3 1972/7/3
f 1977/3/3 1972/3/3 1976/3/3
f 1978/7/3 1977/7/3 1976/7/3
f 1979/7/3 1973/7/3 1977/7/3
f 1979/7/3 1977/7/3 1978/7/3
f 1983/3/3 1981/3/3 1980/3/3
f 1984/3/3 1981/3/3 1983/3/3
f 1985/3/3 1983/3/3 1982/3/3
f 1986/3/3 1983/3/3 1985/3/3
f 1989/2/3 1988/2/3 1987/2/3
f 1990/2/3 1988/2/3 1989/2/3
f 1994/7/3 1992/7/3 1991/7/3
f 1995/8/3 1993/8/3 1992/8/3
f 1995/7/3 1992/7/3 1994/7/3
f 1996/8/3 1993/8/3 1995/8/3
f 1998/8/3 1997/8/3 1996/8/3
f 1999/8/3 1997/8/3 1998/8/3
f 2002/3/3 2001/3/3 2000/3/3
f 2003/3/3 2001/3/3 2002/3/3
f 2004/3/3 2001/3/3 2003/3/3
f 2007/7/3 2005/7/3 2004/7/3
f 2008/7/3 2005/7/3 2007/7/3
f 2009/7/3 2007/7/3 2006/7/3
f 2010/7/3 2007/7/3 2009/7/3
f 2013/2/3 2012/2/3 2011/2/3
f 2014/2/3 2012/2/3 2013/2/3
f 2016/4/3 2015/4/3 2014/4/3
f 2019/4/3 2016/4/3 2014/4/3
f 2019/4/3 2017/4/3 2016/4/3
f 2020/4/3 2017/4/3 2019/4/3
f 2021/4/3 2017/4/3 2020/4/3
f 2023/7/3 2019/7/3 2018/7/3
f 2023/7/3 2020/7/3 2019/7/3
f 2024/2/3 2021/2/3 2020/2/3
f 2024/7/3 2020/7/3 2023/7/3
f 2025/1/3 2022/1/3 2021/1/3
f 2025/2/3 2021/2/3 2024/2/3
f 2026/1/3 2022/1/3 2025/1/3
f 2027/7/3 2025/7/3 2024/7/3
f 2028/7/3 2025/7/3 2027/7/3
f 2031/7/3 2030/7/3 2029/7/3
f 2032/7/3 2030/7/3 2031/7/3
f 2033/7/3 2031/7/3 2029/7/3
f 2034/8/3 2032/8/3 2031/8/3
f 2034/7/3 2031/7/3 2033/7/3
f 2035/8/3 2032/8/3 2034/8/3
f 2038/8/3 2037/8/3 2036/8/3
f 2039/8/3 2037/8/3 2038/8/3
f 2040/8/3 2037/8/3 2039/8/3
f 2042/8/3 2041/8/3 2040/8/3
f 2043/8/3 2041/8/3 2042/8/3
f 2046/7/3 2045/7/3 2044/7/3
f 2047/7/3 2045/7/3 2046/7/3
f 2048/7/3 2045/7/3 2047/7/3
f 2049/7/3 2045/7/3 2048/7/3
f 2053/7/3 2051/7/3 2050/7/3
f 2054/7/3 2051/7/3 2053/7/3
f 2055/7/3 2053/7/3 2052/7/3
f 2056/7/3 2053/7/3 2055/7/3
f 2058/2/3 2056/2/3 2055/2/3
f 2058/2/3 2057/2/3 2056/2/3
f 2059/2/3 2057/2/3 2058/2/3
f 2060/2/3 2057/2/3 2059/2/3
f 2062/4/3 2060/4/3 2059/4/3
f 2062/4/3 2061/4/3 2060/4/3
f 2063/4/3 2061/4/3 2062/4/3
f 2064/4/3 2061/4/3 2063/4/3
f 2066/1/3 2065/1/3 2064/1/3
f 2066/1/3 2064/1/3 2063/1/3
f 2067/1/3 2065/1/3 2066/1/3
f 2068/1/3 2065/1/3 2067/1/3
f 2071/1/3 2070/1/3 2069/1/3
f 2072/1/3 2070/1/3 2071/1/3
f 2075/7/3 2074/7/3 2073/7/3
f 2076/7/3 2074/7/3 2075/7/3
f 2078/7/3 2077/7/3 2076/7/3
f 2079/7/3 2077/7/3 2078/7/3
f 2080/8/3 2079/8/3 2078/8/3
f 2083/8/3 2079/8/3 2080/8/3
f 2084/8/3 2079/8/3 2083/8/3
f 2085/7/3 2082/7/3 2081/7/3
f 2086/8/3 2083/8/3 2082/8/3
f 2086/7/3 2082/7/3 2085/7/3
f 2087/8/3 2083/8/3 2086/8/3
f 2089/8/3 2088/8/3 2087/8/3
f 2090/8/3 2088/8/3 2089/8/3
f 2092/5/3 2091/5/3 2090/5/3
f 2093/5/3 2091/5/3 2092/5/3
f 2096/7/3 2095/7/3 2094/7/3
f 2097/7/3 2095/7/3 2096/7/3
f 2101/8/3 2099/8/3 2098/8/3
f 2102/8/3 2099/8/3 2101/8/3
f 2104/7/3 2101/7/3 2100/7/3
f 2105/7/3 2101/7/3 2104/7/3
f 2106/7/3 2104/7/3 2103/7/3
f 2107/7/3 2104/7/3 2106/7/3
f 2110/4/3 2109/4/3 2108/4/3
f 2111/4/3 2109/4/3 2110/4/3
f 2116/4/3 2112/4/3 2111/4/3
f 2117/6/3 2113/6/3 2112/6/3
f 2117/4/3 2112/4/3 2116/4/3
f 2118/6/3 2113/6/3 2117/6/3
f 2119/1/3 2115/1/3 2114/1/3
f 2119/4/3 2116/4/3 2115/4/3
f 2119/4/3 2117/4/3 2116/4/3
f 2120/4/3 2117/4/3 2119/4/3
f 2121/1/3 2119/1/3 2114/1/3
f 2122/1/3 2119/1/3 2121/1/3
f 2125/8/3 2124/8/3 2123/8/3
f 2126/8/3 2124/8/3 2125/8/3
f 2129/8/3 2127/8/3 2126/8/3
f 2130/4/3 2128/4/3 2127/4/3
f 2130/8/3 2127/8/3 2129/8/3
f 2131/5/3 2130/5/3 2129/5/3
f 2132/4/3 2128/4/3 2130/4/3
f 2132/5/3 2130/5/3 2131/5/3
f 2134/4/3 2128/4/3 2132/4/3
f 2135/4/3 2128/4/3 2134/4/3
f 2136/5/3 2134/5/3 2133/5/3
f 2137/5/3 2134/5/3 2136/5/3
f 2141/7/3 2139/7/3 2138/7/3
f 2142/7/3 2139/7/3 2141/7/3
f 2143/7/3 2141/7/3 2140/7/3
f 2144/7/3 2141/7/3 2143/7/3
f 2147/7/3 2146/7/3 2145/7/3
f 2148/7/3 2146/7/3 2147/7/3
f 2153/7/3 2150/7/3 2149/7/3
f 2154/7/3 2150/7/3 2153/7/3
f 2156/6/3 2152/6/3 2151/6/3
f 2157/6/3 2152/6/3 2156/6/3
f 2158/6/3 2156/6/3 2155/6/3
f 2159/6/3 2156/6/3 2158/6/3
f 2162/4/3 2161/4/3 2160/4/3
f 2165/4/3 2163/4/3 2162/4/3
f 2165/1/3 2164/1/3 2163/1/3
f 2166/1/3 2164/1/3 2165/1/3
f 2168/4/3 2162/4/3 2160/4/3
f 2168/4/3 2165/4/3 2162/4/3
f 2168/4/3 2166/4/3 2165/4/3
f 2169/4/3 2166/4/3 2168/4/3
f 2170/1/3 2164/1/3 2166/1/3
f 2170/4/3 2166/4/3 2169/4/3
f 2171/1/3 2164/1/3 2170/1/3
f 2173/5/3 2168/5/3 2167/5/3
f 2174/4/3 2169/4/3 2168/4/3
f 2175/4/3 2169/4/3 2174/4/3
f 2176/5/3 2173/5/3 2172/5/3
f 2177/5/3 2168/5/3 2173/5/3
f 2177/5/3 2173/5/3 2176/5/3
f 2177/4/3 2174/4/3 2168/4/3
f 2178/4/3 2174/4/3 2177/4/3
f 2182/7/3 2180/7/3 2179/7/3
f 2183/7/3 2180/7/3 2182/7/3
f 2184/7/3 2182/7/3 2181/7/3
f 2185/7/3 2182/7/3 2184/7/3
f 2189/1/3 2187/1/3 2186/1/3
f 2189/6/3 2188/6/3 2187/6/3
f 2190/6/3 2188/6/3 2189/6/3
f 2191/1/3 2189/1/3 2186/1/3
f 2191/1/3 2190/1/3 2189/1/3
f 2192/6/3 2188/6/3 2190/6/3
f 2192/1/3 2190/1/3 2191/1/3
f 2193/6/3 2188/6/3 2192/6/3
f 2196/5/3 2195/5/3 2194/5/3
f 2197/5/3 2195/5/3 2196/5/3
f 2200/3/3 2199/3/3 2198/3/3
f 2201/3/3 2199/3/3 2200/3/3
f 2204/6/3 2203/6/3 2202/6/3
f 2205/6/3 2203/6/3 2204/6/3
f 2206/8/4 2207/8/4 2209/8/4
f 2209/8/4 2207/8/4 2210/8/4
f 2208/8/4 2209/8/4 2211/8/4
f 2211/8/4 2209/8/4 2212/8/4
f 2213/7/4 2214/7/4 2215/7/4
f 2215/7/4 2214/7/4 2216/7/4
f 2217/8/4 2218/8/4 2219/8/4
f 2219/8/4 2218/8/4 2221/8/4
f 2221/8/4 2218/8/4 2222/8/4
f 2220/7/4 2221/7/4 2223/7/4
f 2223/7/4 2221/7/4 2224/7/4
f 2225/7/4 2226/7/4 2227/7/4
f 2227/7/4 2226/7/4 2228/7/4
f 2229/7/4 2230/7/4 2231/7/4
f 2231/7/4 2230/7/4 2232/7/4
f 2233/8/4 2234/8/4 2235/8/4
f 2235/8/4 2234/8/4 2236/8/4
f 2237/7/4 2238/7/4 2240/7/4
f 2240/7/4 2238/7/4 2241/7/4
f 2239/7/4 2240/7/4 2243/7/4
f 2243/7/4 2240/7/4 2244/7/4
f 2242/7/4 2243/7/4 2245/7/4
f 2245/7/4 2243/7/4 2246/7/4
f 2246/7/4 2247/7/4 2248/7/4
f 2248/7/4 2247/7/4 2249/7/4
f 2250/8/4 2251/8/4 2252/8/4
f 2252/8/4 2251/8/4 2253/8/4
f 2253/8/4 2254/8/4 2255/8/4
f 2255/8/4 2254/8/4 2256/8/4
f 2256/8/4 2254/8/4 2257/8/4
f 2258/7/4 2259/7/4 2260/7/4
f 2260/7/4 2259/7/4 2261/7/4
f 2262/7/4 2263/7/4 2264/7/4
f 2264/7/4 2263/7/4 2265/7/4
f 2266/8/4 2267/8/4 2269/8/4
f 2269/8/4 2267/8/4 2270/8/4
f 2268/8/4 2269/8/4 2271/8/4
f 2271/8/4 2269/8/4 2272/8/4
f 2273/8/4 2274/8/4 2275/8/4
f 2275/8/4 2274/8/4 2276/8/4
f 2275/7/4 2276/7/4 2278/7/4
f 2276/8/4 2277/8/4 2279/8/4
f 2278/7/4 2276/7/4 2279/7/4
f 2279/8/4 2277/8/4 2280/8/4
f 2279/7/4 2280/7/4 2282/7/4
f 2282/7/4 2280/7/4 2283/7/4
f 2281/7/4 2282/7/4 2284/7/4
f 2284/7/4 2282/7/4 2285/7/4
f 2286/7/4 2287/7/4 2288/7/4
f 2288/7/4 2287/7/4 2289/7/4
f 2289/7/4 2287/7/4 2290/7/4
f 2289/3/4 2290/3/4 2292/3/4
f 2292/3/4 2290/3/4 2293/3/4
f 2291/3/4 2292/3/4 2294/3/4
f 2294/3/4 2292/3/4 2295/3/4
f 2296/3/4 2297/3/4 2298/3/4
f 2298/3/4 2297/3/4 2299/3/4
f 2300/8/4 2301/8/4 2303/8/4
f 2302/8/4 2303/8/4 2304/8/4
f 2304/8/4 2303/8/4 2305/8/4
f 2305/8/4 2303/8/4 2306/8/4
f 2303/8/4 2301/8/4 2307/8/4
f 2306/8/4 2303/8/4 2307/8/4
f 2307/8/4 2301/8/4 2308/8/4
f 2306/8/4 2307/8/4 2312/8/4
f 2312/8/4 2307/8/4 2313/8/4
f 2309/7/4 2310/7/4 2314/7/4
f 2314/7/4 2310/7/4 2315/7/4
f 2310/8/4 2311/8/4 2316/8/4
f 2315/7/4 2310/7/4 2316/7/4
f 2311/8/4 2312/8/4 2316/8/4
f 2316/8/4 2312/8/4 2317/8/4
f 2315/7/4 2316/7/4 2318/7/4
f 2315/7/4 2318/7/4 2321/7/4
f 2318/7/4 2319/7/4 2321/7/4
f 2320/7/4 2321/7/4 2323/7/4
f 2322/7/4 2323/7/4 2324/7/4
f 2321/7/4 2319/7/4 2325/7/4
f 2324/7/4 2323/7/4 2325/7/4
f 2323/7/4 2321/7/4 2325/7/4
f 2326/3/4 2327/3/4 2329/3/4
f 2329/3/4 2327/3/4 2330/3/4
f 2328/3/4 2329/3/4 2331/3/4
f 2331/3/4 2329/3/4 2332/3/4
f 2333/7/4 2334/7/4 2335/7/4
f 2335/7/4 2334/7/4 2336/7/4
f 2335/8/4 2336/8/4 2338/8/4
f 2337/7/4 2338/7/4 2339/7/4
f 2338/8/4 2336/8/4 2340/8/4
f 2339/7/4 2338/7/4 2340/7/4
f 2340/8/4 2336/8/4 2341/8/4
f 2342/7/4 2343/7/4 2345/7/4
f 2345/7/4 2343/7/4 2346/7/4
f 2344/7/4 2345/7/4 2347/7/4
f 2347/7/4 2345/7/4 2348/7/4
f 2349/7/4 2350/7/4 2351/7/4
f 2351/7/4 2350/7/4 2352/7/4
f 2352/8/4 2353/8/4 2354/8/4
f 2354/8/4 2353/8/4 2355/8/4
f 2355/8/4 2356/8/4 2357/8/4
f 2357/8/4 2356/8/4 2358/8/4
f 2359/7/4 2360/7/4 2362/7/4
f 2362/7/4 2360/7/4 2363/7/4
f 2361/7/4 2362/7/4 2365/7/4
f 2362/7/4 2363/7/4 2365/7/4
f 2365/7/4 2363/7/4 2366/7/4
f 2363/5/4 2364/5/4 2367/5/4
f 2366/7/4 2363/7/4 2367/7/4
f 2367/5/4 2364/5/4 2368/5/4
f 2365/3/4 2366/3/4 2369/3/4
f 2366/7/4 2367/7/4 2369/7/4
f 2369/7/4 2367/7/4 2370/7/4
f 2365/3/4 2369/3/4 2371/3/4
f 2371/3/4 2369/3/4 2372/3/4
f 2373/3/4 2374/3/4 2375/3/4
f 2375/3/4 2374/3/4 2376/3/4
f 2376/3/4 2377/3/4 2380/3/4
f 2380/3/4 2377/3/4 2381/3/4
f 2378/7/4 2379/7/4 2383/7/4
f 2383/7/4 2379/7/4 2384/7/4
f 2382/7/4 2383/7/4 2386/7/4
f 2386/7/4 2383/7/4 2387/7/4
f 2384/8/4 2385/8/4 2388/8/4
f 2388/8/4 2385/8/4 2389/8/4
f 2389/8/4 2390/8/4 2391/8/4
f 2391/8/4 2390/8/4 2392/8/4
f 2393/4/4 2394/4/4 2395/4/4
f 2395/4/4 2394/4/4 2396/4/4
f 2397/5/4 2398/5/4 2399/5/4
f 2397/5/4 2399/5/4 2401/5/4
f 2399/5/4 2400/5/4 2401/5/4
f 2401/5/4 2400/5/4 2402/5/4
f 2402/5/4 2400/5/4 2403/5/4
f 2402/5/4 2403/5/4 2404/5/4
f 2404/5/4 2403/5/4 2405/5/4
f 2405/5/4 2406/5/4 2409/5/4
f 2409/5/4 2406/5/4 2410/5/4
f 2407/3/4 2408/3/4 2411/3/4
f 2411/3/4 2408/3/4 2412/3/4
f 2412/3/4 2413/3/4 2414/3/4
f 2414/3/4 2413/3/4 2415/3/4
f 2414/7/4 2415/7/4 2416/7/4
f 2416/7/4 2415/7/4 2417/7/4
f 2418/7/4 2419/7/4 2421/7/4
f 2421/7/4 2419/7/4 2422/7/4
f 2420/7/4 2421/7/4 2424/7/4
f 2421/7/4 2422/7/4 2424/7/4
f 2422/8/4 2423/8/4 2425/8/4
f 2424/7/4 2422/7/4 2425/7/4
f 2420/7/4 2424/7/4 2426/7/4
f 2426/7/4 2424/7/4 2427/7/4
f 2425/8/4 2423/8/4 2428/8/4
f 2428/8/4 2423/8/4 2429/8/4
f 2428/7/4 2429/7/4 2431/7/4
f 2429/8/4 2430/8/4 2432/8/4
f 2431/7/4 2429/7/4 2432/7/4
f 2432/8/4 2430/8/4 2433/8/4
f 2435/7/4 2436/7/4 2437/7/4
f 2437/7/4 2436/7/4 2438/7/4
f 2433/8/4 2434/8/4 2440/8/4
f 2440/8/4 2434/8/4 2441/8/4
f 2439/7/4 2440/7/4 2442/7/4
f 2442/7/4 2440/7/4 2443/7/4
f 2444/5/4 2445/5/4 2447/5/4
f 2447/5/4 2445/5/4 2448/5/4
f 2446/5/4 2447/5/4 2449/5/4
f 2449/5/4 2447/5/4 2450/5/4
f 2451/4/4 2452/4/4 2453/4/4
f 2453/4/4 2452/4/4 2454/4/4
f 2454/4/4 2455/4/4 2456/4/4
f 2456/4/4 2455/4/4 2457/4/4
f 2458/3/4 2459/3/4 2460/3/4
f 2460/3/4 2459/3/4 2461/3/4
f 2462/7/4 2463/7/4 2465/7/4
f 2465/7/4 2463/7/4 2466/7/4
f 2464/7/4 2465/7/4 2466/7/4
f 2464/7/4 2466/7/4 2468/7/4
f 2466/7/4 2467/7/4 2468/7/4
f 2468/7/4 2467/7/4 2469/7/4
f 2469/7/4 2467/7/4 2470/7/4
f 2470/7/4 2467/7/4 2472/7/4
f 2471/7/4 2472/7/4 2473/7/4
f 2472/7/4 2467/7/4 2474/7/4
f 2473/7/4 2472/7/4 2474/7/4
f 2474/7/4 2467/7/4 2475/7/4
f 2475/7/4 2467/7/4 2476/7/4
f 2474/7/4 2475/7/4 2478/7/4
f 2478/7/4 2475/7/4 2479/7/4
f 2477/7/4 2478/7/4 2480/7/4
f 2480/7/4 2478/7/4 2481/7/4
f 2481/7/4 2478/7/4 2482/7/4
f 2480/5/4 2481/5/4 2483/5/4
f 2483/5/4 2481/5/4 2484/5/4
f 2484/5/4 2481/5/4 2485/5/4
f 2483/5/4 2484/5/4 2487/5/4
f 2487/5/4 2484/5/4 2488/5/4
f 2485/4/4 2486/4/4 2489/4/4
f 2489/4/4 2486/4/4 2490/4/4
f 2490/4/4 2486/4/4 2491/4/4
f 2488/4/4 2489/4/4 2492/4/4
f 2489/4/4 2490/4/4 2492/4/4
f 2492/4/4 2490/4/4 2493/4/4
f 2493/4/4 2490/4/4 2494/4/4
f 2494/4/4 2490/4/4 2495/4/4
f 2493/4/4 2494/4/4 2496/4/4
f 2496/4/4 2494/4/4 2497/4/4
f 2497/4/4 2498/4/4 2499/4/4
f 2499/4/4 2498/4/4 2500/4/4
f 2500/4/4 2498/4/4 2501/4/4
f 2500/4/4 2501/4/4 2502/4/4
f 2502/4/4 2501/4/4 2503/4/4
f 2504/7/4 2505/7/4 2507/7/4
f 2506/7/4 2507/7/4 2508/7/4
f 2507/7/4 2505/7/4 2509/7/4
f 2508/7/4 2507/7/4 2509/7/4
f 2510/4/4 2511/4/4 2515/4/4
f 2512/4/4 2513/4/4 2516/4/4
f 2516/4/4 2513/4/4 2517/4/4
f 2514/4/4 2515/4/4 2519/4/4
f 2515/4/4 2511/4/4 2520/4/4
f 2519/4/4 2515/4/4 2520/4/4
f 2517/4/4 2518/4/4 2521/4/4
f 2521/4/4 2518/4/4 2522/4/4
f 2523/4/4 2524/4/4 2525/4/4
f 2525/4/4 2524/4/4 2526/4/4
f 2526/6/4 2527/6/4 2528/6/4
f 2528/6/4 2527/6/4 2529/6/4
f 2530/3/4 2531/3/4 2532/3/4
f 2532/3/4 2531/3/4 2533/3/4
f 2533/3/4 2534/3/4 2535/3/4
f 2535/3/4 2534/3/4 2536/3/4
f 2537/3/4 2538/3/4 2539/3/4
f 2539/3/4 2538/3/4 2540/3/4
f 2540/7/4 2541/7/4 2542/7/4
f 2542/7/4 2541/7/4 2543/7/4
f 2543/7/4 2541/7/4 2544/7/4
f 2545/7/4 2546/7/4 2548/7/4
f 2548/7/4 2546/7/4 2549/7/4
f 2547/7/4 2548/7/4 2550/7/4
f 2550/7/4 2548/7/4 2551/7/4
f 2554/4/4 2555/4/4 2556/4/4
f 2556/4/4 2557/4/4 2558/4/4
f 2552/3/4 2553/3/4 2561/3/4
f 2561/3/4 2553/3/4 2562/3/4
f 2554/4/4 2556/4/4 2563/4/4
f 2556/4/4 2558/4/4 2563/4/4
f 2563/4/4 2558/4/4 2564/4/4
f 2558/6/4 2559/6/4 2565/6/4
f 2564/4/4 2558/4/4 2565/4/4
f 2565/6/4 2559/6/4 2566/6/4
f 2560/3/4 2561/3/4 2568/3/4
f 2568/3/4 2561/3/4 2569/3/4
f 2564/6/4 2565/6/4 2570/6/4
f 2570/6/4 2565/6/4 2571/6/4
f 2566/6/4 2567/6/4 2572/6/4
f 2572/6/4 2567/6/4 2573/6/4
f 2571/6/4 2572/6/4 2574/6/4
f 2574/6/4 2572/6/4 2575/6/4
f 2576/3/4 2577/3/4 2579/3/4
f 2577/3/4 2578/3/4 2579/3/4
f 2579/3/4 2578/3/4 2580/3/4
f 2579/7/4 2580/7/4 2581/7/4
f 2581/7/4 2580/7/4 2582/7/4
f 2583/7/4 2584/7/4 2586/7/4
f 2586/7/4 2584/7/4 2587/7/4
f 2585/7/4 2586/7/4 2588/7/4
f 2588/7/4 2586/7/4 2589/7/4
f 2590/3/4 2591/3/4 2593/3/4
f 2593/3/4 2591/3/4 2594/3/4
f 2592/3/4 2593/3/4 2595/3/4
f 2595/3/4 2593/3/4 2596/3/4
f 2597/6/4 2598/6/4 2599/6/4
f 2599/6/4 2598/6/4 2600/6/4
f 2601/3/4 2602/3/4 2604/3/4
f 2602/7/4 2603/7/4 2605/7/4
f 2604/3/4 2602/3/4 2605/3/4
f 2605/7/4 2603/7/4 2606/7/4
f 2606/7/4 2607/7/4 2609/7/4
f 2609/7/4 2607/7/4 2610/7/4
f 2608/7/4 2609/7/4 2611/7/4
f 2611/7/4 2609/7/4 2612/7/4
f 2613/3/4 2614/3/4 2616/3/4
f 2616/3/4 2614/3/4 2617/3/4
f 2615/3/4 2616/3/4 2618/3/4
f 2618/3/4 2616/3/4 2619/3/4
f 2620/3/4 2621/3/4 2622/3/4
f 2622/3/4 2621/3/4 2623/3/4
f 2623/3/4 2624/3/4 2626/3/4
f 2626/3/4 2624/3/4 2627/3/4
f 2625/3/4 2626/3/4 2628/3/4
f 2628/3/4 2626/3/4 2629/3/4
f 2630/3/4 2631/3/4 2632/3/4
f 2632/3/4 2631/3/4 2633/3/4
f 2633/3/4 2634/3/4 2636/3/4
f 2636/3/4 2634/3/4 2637/3/4
f 2635/3/4 2636/3/4 2638/3/4
f 2638/3/4 2636/3/4 2639/3/4
f 2640/3/4 2641/3/4 2643/3/4
f 2641/7/4 2642/7/4 2644/7/4
f 2643/3/4 2641/3/4 2644/3/4
f 2643/7/4 2644/7/4 2645/7/4
f 2644/7/4 2642/7/4 2646/7/4
f 2645/7/4 2644/7/4 2646/7/4
f 2647/3/4 2648/3/4 2649/3/4
f 2649/3/4 2648/3/4 2650/3/4
f 2651/3/4 2652/3/4 2653/3/4
f 2653/3/4 2652/3/4 2654/3/4
f 2655/3/4 2656/3/4 2657/3/4
f 2657/3/4 2656/3/4 2658/3/4
f 2658/3/4 2659/3/4 2660/3/4
f 2660/3/4 2659/3/4 2661/3/4
f 2662/3/4 2663/3/4 2665/3/4
f 2665/3/4 2663/3/4 2666/3/4
f 2664/3/4 2665/3/4 2667/3/4
f 2667/3/4 2665/3/4 2668/3/4
f 2669/3/4 2670/3/4 2671/3/4
f 2671/3/4 2670/3/4 2672/3/4
f 2672/3/4 2673/3/4 2674/3/4
f 2674/3/4 2673/3/4 2675/3/4
f 2676/3/4 2677/3/4 2679/3/4
f 2679/3/4 2677/3/4 2680/3/4
f 2678/3/4 2679/3/4 2681/3/4
f 2681/3/4 2679/3/4 2682/3/4
f 2683/3/4 2684/3/4 2685/3/4
f 2685/3/4 2684/3/4 2686/3/4
f 2686/3/4 2684/3/4 2687/3/4
f 2687/3/4 2688/3/4 2689/3/4
f 2689/3/4 2688/3/4 2690/3/4
f 2690/3/4 2688/3/4 2691/3/4
f 2692/7/4 2693/7/4 2695/7/4
f 2693/3/4 2694/3/4 2695/3/4
f 2695/3/4 2694/3/4 2696/3/4
f 2692/7/4 2695/7/4 2697/7/4
f 2695/7/4 2696/7/4 2697/7/4
f 2697/7/4 2696/7/4 2698/7/4
f 2699/7/4 2700/7/4 2704/7/4
f 2704/7/4 2700/7/4 2705/7/4
f 2701/3/4 2702/3/4 2706/3/4
f 2702/7/4 2703/7/4 2707/7/4
f 2706/3/4 2702/3/4 2707/3/4
f 2703/7/4 2704/7/4 2707/7/4
f 2707/7/4 2704/7/4 2708/7/4
f 2709/4/4 2710/4/4 2711/4/4
f 2711/4/4 2710/4/4 2712/4/4
f 2711/2/4 2712/2/4 2713/2/4
f 2713/2/4 2712/2/4 2714/2/4
f 2715/7/4 2716/7/4 2717/7/4
f 2717/7/4 2716/7/4 2718/7/4
f 2718/7/4 2719/7/4 2720/7/4
f 2720/7/4 2719/7/4 2721/7/4
f 2722/4/4 2723/4/4 2724/4/4
f 2724/4/4 2723/4/4 2725/4/4
f 2726/7/4 2727/7/4 2731/7/4
f 2731/7/4 2727/7/4 2732/7/4
f 2729/3/4 2730/3/4 2734/3/4
f 2728/3/4 2729/3/4 2734/3/4
f 2730/7/4 2731/7/4 2735/7/4
f 2734/3/4 2730/3/4 2735/3/4
f 2735/7/4 2731/7/4 2736/7/4
f 2733/3/4 2734/3/4 2737/3/4
f 2737/3/4 2734/3/4 2738/3/4
f 2739/3/4 2740/3/4 2741/3/4
f 2741/3/4 2740/3/4 2742/3/4
f 2743/8/4 2744/8/4 2745/8/4
f 2745/8/4 2744/8/4 2746/8/4
f 2747/2/4 2748/2/4 2750/2/4
f 2748/4/4 2749/4/4 2751/4/4
f 2750/2/4 2748/2/4 2751/2/4
f 2751/4/4 2749/4/4 2752/4/4
f 2753/6/4 2754/6/4 2755/6/4
f 2755/6/4 2754/6/4 2756/6/4
f 2752/4/4 2753/4/4 2759/4/4
f 2753/6/4 2755/6/4 2760/6/4
f 2759/4/4 2753/4/4 2760/4/4
f 2760/6/4 2755/6/4 2761/6/4
f 2757/2/4 2758/2/4 2763/2/4
f 2758/4/4 2759/4/4 2764/4/4
f 2763/2/4 2758/2/4 2764/2/4
f 2764/4/4 2759/4/4 2765/4/4
f 2762/7/4 2763/7/4 2766/7/4
f 2766/7/4 2763/7/4 2767/7/4
f 2768/8/4 2769/8/4 2770/8/4
f 2770/8/4 2769/8/4 2771/8/4
f 2770/7/4 2771/7/4 2774/7/4
f 2774/7/4 2771/7/4 2775/7/4
f 2772/3/4 2773/3/4 2777/3/4
f 2773/7/4 2774/7/4 2778/7/4
f 2777/3/4 2773/3/4 2778/3/4
f 2778/7/4 2774/7/4 2779/7/4
f 2776/3/4 2777/3/4 2780/3/4
f 2780/3/4 2777/3/4 2781/3/4
f 2782/3/4 2783/3/4 2785/3/4
f 2783/7/4 2784/7/4 2786/7/4
f 2785/3/4 2783/3/4 2786/3/4
f 2786/7/4 2784/7/4 2787/7/4
f 2787/7/4 2788/7/4 2789/7/4
f 2786/7/4 2787/7/4 2789/7/4
f 2789/7/4 2788/7/4 2790/7/4
f 2790/7/4 2788/7/4 2791/7/4
f 2791/8/4 2792/8/4 2793/8/4
f 2790/8/4 2791/8/4 2793/8/4
f 2793/8/4 2792/8/4 2794/8/4
f 2794/8/4 2792/8/4 2796/8/4
f 2796/8/4 2792/8/4 2797/8/4
f 2795/7/4 2796/7/4 2798/7/4
f 2798/7/4 2796/7/4 2799/7/4
f 2800/2/4 2801/2/4 2803/2/4
f 2801/4/4 2802/4/4 2804/4/4
f 2803/2/4 2801/2/4 2804/2/4
f 2804/4/4 2802/4/4 2805/4/4
f 2806/3/4 2807/3/4 2810/3/4
f 2807/3/4 2808/3/4 2810/3/4
f 2808/7/4 2809/7/4 2811/7/4
f 2810/3/4 2808/3/4 2811/3/4
f 2811/7/4 2809/7/4 2812/7/4
f 2806/3/4 2810/3/4 2814/3/4
f 2814/3/4 2810/3/4 2815/3/4
f 2812/7/4 2813/7/4 2816/7/4
f 2816/7/4 2813/7/4 2817/7/4
f 2806/3/4 2814/3/4 2818/3/4
f 2818/3/4 2814/3/4 2819/3/4
f 2816/8/4 2817/8/4 2820/8/4
f 2818/7/4 2819/7/4 2821/7/4
f 2821/7/4 2819/7/4 2822/7/4
f 2820/8/4 2817/8/4 2823/8/4
f 2823/8/4 2817/8/4 2824/8/4
f 2825/5/4 2826/5/4 2828/5/4
f 2826/4/4 2827/4/4 2829/4/4
f 2828/5/4 2826/5/4 2829/5/4
f 2829/4/4 2827/4/4 2830/4/4
f 2831/6/4 2832/6/4 2835/6/4
f 2835/6/4 2832/6/4 2836/6/4
f 2833/4/4 2834/4/4 2838/4/4
f 2838/4/4 2834/4/4 2839/4/4
f 2837/4/4 2838/4/4 2841/4/4
f 2841/4/4 2838/4/4 2842/4/4
f 2842/4/4 2838/4/4 2843/4/4
f 2840/4/4 2841/4/4 2845/4/4
f 2841/4/4 2842/4/4 2845/4/4
f 2845/4/4 2842/4/4 2846/4/4
f 2844/5/4 2845/5/4 2847/5/4
f 2847/5/4 2845/5/4 2848/5/4
f 2849/7/4 2850/7/4 2851/7/4
f 2851/7/4 2850/7/4 2852/7/4
f 2853/3/4 2854/3/4 2856/3/4
f 2854/7/4 2855/7/4 2857/7/4
f 2856/3/4 2854/3/4 2857/3/4
f 2857/7/4 2855/7/4 2858/7/4
f 2858/7/4 2859/7/4 2860/7/4
f 2860/7/4 2859/7/4 2861/7/4
f 2861/7/4 2859/7/4 2862/7/4
f 2862/7/4 2863/7/4 2864/7/4
f 2861/7/4 2862/7/4 2864/7/4
f 2864/7/4 2863/7/4 2865/7/4
f 2866/3/4 2867/3/4 2868/3/4
f 2868/3/4 2867/3/4 2869/3/4
f 2870/3/4 2871/3/4 2873/3/4
f 2873/3/4 2871/3/4 2874/3/4
f 2872/3/4 2873/3/4 2874/3/4
f 2874/3/4 2871/3/4 2875/3/4
f 2875/3/4 2871/3/4 2876/3/4
f 2872/3/4 2874/3/4 2877/3/4
f 2877/3/4 2874/3/4 2878/3/4
f 2879/5/4 2880/5/4 2881/5/4
f 2881/5/4 2880/5/4 2882/5/4
f 2883/4/4 2884/4/4 2886/4/4
f 2886/4/4 2884/4/4 2887/4/4
f 2887/4/4 2884/4/4 2888/4/4
f 2884/1/4 2885/1/4 2889/1/4
f 2888/4/4 2884/4/4 2889/4/4
f 2889/1/4 2885/1/4 2890/1/4
f 2890/1/4 2885/1/4 2891/1/4
f 2887/4/4 2888/4/4 2895/4/4
f 2895/4/4 2888/4/4 2896/4/4
f 2889/4/4 2890/4/4 2897/4/4
f 2890/1/4 2891/1/4 2898/1/4
f 2897/4/4 2890/4/4 2898/4/4
f 2891/6/4 2892/6/4 2899/6/4
f 2898/1/4 2891/1/4 2899/1/4
f 2899/6/4 2892/6/4 2900/6/4
f 2893/4/4 2894/4/4 2902/4/4
f 2902/4/4 2894/4/4 2903/4/4
f 2901/5/4 2902/5/4 2904/5/4
f 2904/5/4 2902/5/4 2905/5/4
f 2906/8/4 2907/8/4 2909/8/4
f 2909/8/4 2907/8/4 2910/8/4
f 2908/7/4 2909/7/4 2912/7/4
f 2912/7/4 2909/7/4 2913/7/4
f 2911/3/4 2912/3/4 2915/3/4
f 2915/3/4 2912/3/4 2916/3/4
f 2914/3/4 2915/3/4 2917/3/4
f 2917/3/4 2915/3/4 2918/3/4
f 2919/3/4 2920/3/4 2921/3/4
f 2921/3/4 2920/3/4 2922/3/4
f 2922/3/4 2923/3/4 2925/3/4
f 2923/7/4 2924/7/4 2926/7/4
f 2925/3/4 2923/3/4 2926/3/4
f 2926/7/4 2924/7/4 2927/7/4
f 2927/7/4 2928/7/4 2929/7/4
f 2929/7/4 2928/7/4 2930/7/4
f 2931/5/4 2932/5/4 2933/5/4
f 2931/5/4 2933/5/4 2935/5/4
f 2933/4/4 2934/4/4 2936/4/4
f 2935/5/4 2933/5/4 2936/5/4
f 2936/4/4 2934/4/4 2937/4/4
f 2931/5/4 2935/5/4 2938/5/4
f 2938/5/4 2935/5/4 2939/5/4
f 2940/3/4 2941/3/4 2943/3/4
f 2943/3/4 2941/3/4 2944/3/4
f 2942/3/4 2943/3/4 2945/3/4
f 2945/3/4 2943/3/4 2946/3/4
f 2947/3/4 2948/3/4 2949/3/4
f 2947/3/4 2949/3/4 2952/3/4
f 2949/3/4 2950/3/4 2952/3/4
f 2950/7/4 2951/7/4 2953/7/4
f 2952/3/4 2950/3/4 2953/3/4
f 2953/7/4 2951/7/4 2954/7/4
f 2954/7/4 2955/7/4 2956/7/4
f 2956/7/4 2955/7/4 2960/7/4
f 2960/7/4 2955/7/4 2961/7/4
f 2958/7/4 2959/7/4 2962/7/4
f 2957/3/4 2958/3/4 2962/3/4
f 2959/7/4 2960/7/4 2962/7/4
f 2962/7/4 2960/7/4 2963/7/4
f 2957/3/4 2962/3/4 2964/3/4
f 2964/3/4 2962/3/4 2965/3/4
f 2966/3/4 2967/3/4 2970/3/4
f 2967/7/4 2968/7/4 2971/7/4
f 2970/3/4 2967/3/4 2971/3/4
f 2971/7/4 2968/7/4 2972/7/4
f 2969/3/4 2970/3/4 2974/3/4
f 2974/3/4 2970/3/4 2975/3/4
f 2972/7/4 2973/7/4 2976/7/4
f 2976/7/4 2973/7/4 2977/7/4
f 2976/8/4 2977/8/4 2978/8/4
f 2978/8/4 2977/8/4 2979/8/4
f 2979/8/4 2977/8/4 2980/8/4
f 2981/7/4 2982/7/4 2983/7/4
f 2983/7/4 2982/7/4 2984/7/4
f 2983/3/4 2984/3/4 2986/3/4
f 2984/3/4 2985/3/4 2986/3/4
f 2983/3/4 2986/3/4 2987/3/4
f 2987/3/4 2986/3/4 2988/3/4
f 2989/3/4 2990/3/4 2991/3/4
f 2991/3/4 2990/3/4 2992/3/4
f 2989/3/4 2991/3/4 2993/3/4
f 2991/7/4 2992/7/4 2994/7/4
f 2993/3/4 2991/3/4 2994/3/4
f 2994/7/4 2992/7/4 2995/7/4
f 2989/3/4 2993/3/4 2996/3/4
f 2996/3/4 2993/3/4 2997/3/4
f 2997/3/4 2998/3/4 3000/3/4
f 3000/3/4 2998/3/4 3001/3/4
f 2999/3/4 3000/3/4 3002/3/4
f 3002/3/4 3000/3/4 3003/3/4
f 3004/3/4 3005/3/4 3008/3/4
f 3005/7/4 3006/7/4 3009/7/4
f 3007/3/4 3008/3/4 3009/3/4
f 3008/3/4 3005/3/4 3009/3/4
f 3009/7/4 3006/7/4 3010/7/4
f 3007/3/4 3009/3/4 3011/3/4
f 3009/3/4 3010/3/4 3011/3/4
f 3011/3/4 3010/3/4 3012/3/4
f 3007/3/4 3011/3/4 3014/3/4
f 3014/3/4 3011/3/4 3015/3/4
f 3015/3/4 3011/3/4 3016/3/4
f 3016/3/4 3011/3/4 3017/3/4
f 3012/3/4 3013/3/4 3018/3/4
f 3018/3/4 3013/3/4 3019/3/4
f 3017/3/4 3018/3/4 3020/3/4
f 3020/3/4 3018/3/4 3021/3/4
f 3022/3/4 3023/3/4 3024/3/4
f 3024/3/4 3023/3/4 3025/3/4
f 3026/3/4 3027/3/4 3028/3/4
f 3028/3/4 3027/3/4 3029/3/4
f 3032/3/5 3031/3/5 3030/3/5
f 3037/3/5 3032/3/5 3030/3/5
f 3037/3/5 3033/3/5 3032/3/5
f 3038/3/5 3033/3/5 3037/3/5
f 3039/3/5 3033/3/5 3038/3/5
f 3040/3/5 3033/3/5 3039/3/5
f 3043/3/5 3035/3/5 3034/3/5
f 3044/3/5 3035/3/5 3043/3/5
f 3047/3/5 3037/3/5 3036/3/5
f 3047/3/5 3038/3/5 3037/3/5
f 3048/3/5 3038/3/5 3047/3/5
f 3049/7/5 3039/7/5 3038/7/5
f 3049/3/5 3038/3/5 3048/3/5
f 3050/3/5 3041/3/5 3040/3/5
f 3050/7/5 3039/7/5 3049/7/5
f 3050/3/5 3040/3/5 3039/3/5
f 3051/3/5 3041/3/5 3050/3/5
f 3052/3/5 3045/3/5 3044/3/5
f 3052/3/5 3044/3/5 3043/3/5
f 3052/3/5 3043/3/5 3042/3/5
f 3053/3/5 3045/3/5 3052/3/5
f 3054/3/5 3045/3/5 3053/3/5
f 3056/3/5 3048/3/5 3047/3/5
f 3056/3/5 3047/3/5 3046/3/5
f 3057/7/5 3049/7/5 3048/7/5
f 3057/3/5 3048/3/5 3056/3/5
f 3057/7/5 3051/7/5 3050/7/5
f 3057/7/5 3050/7/5 3049/7/5
f 3058/3/5 3052/3/5 3051/3/5
f 3058/7/5 3051/7/5 3057/7/5
f 3059/7/5 3053/7/5 3052/7/5
f 3059/3/5 3052/3/5 3058/3/5
f 3061/7/5 3058/7/5 3057/7/5
f 3061/7/5 3057/7/5 3056/7/5
f 3061/7/5 3059/7/5 3058/7/5
f 3062/3/5 3055/3/5 3054/3/5
f 3062/3/5 3054/3/5 3053/3/5
f 3064/7/5 3061/7/5 3060/7/5
f 3065/7/5 3059/7/5 3061/7/5
f 3065/7/5 3061/7/5 3064/7/5
f 3066/7/5 3053/7/5 3059/7/5
f 3066/7/5 3059/7/5 3065/7/5
f 3066/3/5 3063/3/5 3062/3/5
f 3066/3/5 3062/3/5 3053/3/5
f 3067/3/5 3063/3/5 3066/3/5
f 3069/3/5 3065/3/5 3064/3/5
f 3070/7/5 3066/7/5 3065/7/5
f 3070/7/5 3067/7/5 3066/7/5
f 3070/3/5 3065/3/5 3069/3/5
f 3072/3/5 3069/3/5 3068/3/5
f 3073/3/5 3063/3/5 3067/3/5
f 3073/7/5 3067/7/5 3070/7/5
f 3073/7/5 3070/7/5 3069/7/5
f 3074/3/5 3063/3/5 3073/3/5
f 3075/3/5 3072/3/5 3071/3/5
f 3075/3/5 3069/3/5 3072/3/5
f 3076/7/5 3074/7/5 3073/7/5
f 3076/3/5 3069/3/5 3075/3/5
f 3076/7/5 3073/7/5 3069/7/5
f 3077/7/5 3074/7/5 3076/7/5
f 3078/3/5 3063/3/5 3074/3/5
f 3078/7/5 3074/7/5 3077/7/5
f 3079/7/5 3077/7/5 3076/7/5
f 3079/7/5 3076/7/5 3075/7/5
f 3080/3/5 3078/3/5 3077/3/5
f 3080/7/5 3077/7/5 3079/7/5
f 3081/3/5 3063/3/5 3078/3/5
f 3081/3/5 3078/3/5 3080/3/5
f 3082/3/5 3063/3/5 3081/3/5
f 3083/7/5 3079/7/5 3075/7/5
f 3084/7/5 3079/7/5 3083/7/5
f 3085/3/5 3080/3/5 3079/3/5
f 3085/7/5 3079/7/5 3084/7/5
f 3085/3/5 3081/3/5 3080/3/5
f 3086/3/5 3081/3/5 3085/3/5
f 3087/3/5 3081/3/5 3086/3/5
f 3089/7/5 3083/7/5 3075/7/5
f 3090/3/5 3084/3/5 3083/3/5
f 3090/7/5 3083/7/5 3089/7/5
f 3091/7/5 3085/7/5 3084/7/5
f 3091/3/5 3084/3/5 3090/3/5
f 3091/7/5 3086/7/5 3085/7/5
f 3092/7/5 3086/7/5 3091/7/5
f 3093/3/5 3075/3/5 3071/3/5
f 3094/3/5 3075/3/5 3093/3/5
f 3095/7/5 3089/7/5 3075/7/5
f 3095/3/5 3075/3/5 3094/3/5
f 3096/7/5 3089/7/5 3095/7/5
f 3097/7/5 3089/7/5 3096/7/5
f 3098/3/5 3090/3/5 3089/3/5
f 3098/7/5 3089/7/5 3097/7/5
f 3098/3/5 3091/3/5 3090/3/5
f 3098/3/5 3092/3/5 3091/3/5
f 3099/3/5 3092/3/5 3098/3/5
f 3100/3/5 3092/3/5 3099/3/5
f 3101/7/5 3086/7/5 3092/7/5
f 3101/3/5 3092/3/5 3100/3/5
f 3102/7/5 3086/7/5 3101/7/5
f 3103/3/5 3088/3/5 3087/3/5
f 3103/7/5 3086/7/5 3102/7/5
f 3103/3/5 3087/3/5 3086/3/5
f 3104/3/5 3088/3/5 3103/3/5
f 3105/3/5 3088/3/5 3104/3/5
f 3108/3/5 3096/3/5 3095/3/5
f 3108/3/5 3095/3/5 3094/3/5
f 3109/3/5 3096/3/5 3108/3/5
f 3110/7/5 3097/7/5 3096/7/5
f 3110/3/5 3096/3/5 3109/3/5
f 3111/3/5 3102/3/5 3101/3/5
f 3111/3/5 3101/3/5 3100/3/5
f 3112/3/5 3102/3/5 3111/3/5
f 3113/7/5 3104/7/5 3103/7/5
f 3113/3/5 3102/3/5 3112/3/5
f 3113/7/5 3103/7/5 3102/7/5
f 3114/7/5 3104/7/5 3113/7/5
f 3116/3/5 3109/3/5 3108/3/5
f 3116/3/5 3108/3/5 3107/3/5
f 3117/7/5 3097/7/5 3110/7/5
f 3117/7/5 3110/7/5 3109/7/5
f 3118/7/5 3097/7/5 3117/7/5
f 3119/3/5 3114/3/5 3113/3/5
f 3119/3/5 3113/3/5 3112/3/5
f 3120/3/5 3114/3/5 3119/3/5
f 3121/7/5 3104/7/5 3114/7/5
f 3121/3/5 3114/3/5 3120/3/5
f 3122/7/5 3104/7/5 3121/7/5
f 3123/3/5 3116/3/5 3115/3/5
f 3123/3/5 3109/3/5 3116/3/5
f 3124/7/5 3117/7/5 3109/7/5
f 3124/3/5 3109/3/5 3123/3/5
f 3125/7/5 3117/7/5 3124/7/5
f 3126/3/5 3118/3/5 3117/3/5
f 3126/7/5 3117/7/5 3125/7/5
f 3127/7/5 3097/7/5 3118/7/5
f 3127/3/5 3118/3/5 3126/3/5
f 3128/3/5 3099/3/5 3098/3/5
f 3128/7/5 3097/7/5 3127/7/5
f 3128/3/5 3098/3/5 3097/3/5
f 3129/3/5 3099/3/5 3128/3/5
f 3130/3/5 3099/3/5 3129/3/5
f 3131/7/5 3124/7/5 3123/7/5
f 3131/7/5 3125/7/5 3124/7/5
f 3132/7/5 3125/7/5 3131/7/5
f 3133/7/5 3125/7/5 3132/7/5
f 3134/3/5 3126/3/5 3125/3/5
f 3134/7/5 3125/7/5 3133/7/5
f 3134/3/5 3127/3/5 3126/3/5
f 3134/3/5 3129/3/5 3128/3/5
f 3134/3/5 3128/3/5 3127/3/5
f 3135/3/5 3129/3/5 3134/3/5
f 3136/3/5 3129/3/5 3135/3/5
f 3137/7/5 3104/7/5 3122/7/5
f 3137/3/5 3122/3/5 3121/3/5
f 3137/3/5 3121/3/5 3120/3/5
f 3138/3/5 3106/3/5 3105/3/5
f 3138/7/5 3104/7/5 3137/7/5
f 3138/3/5 3105/3/5 3104/3/5
f 3139/3/5 3123/3/5 3115/3/5
f 3139/7/5 3131/7/5 3123/7/5
f 3140/3/5 3132/3/5 3131/3/5
f 3140/7/5 3131/7/5 3139/7/5
f 3141/7/5 3133/7/5 3132/7/5
f 3141/3/5 3132/3/5 3140/3/5
f 3142/7/5 3133/7/5 3141/7/5
f 3143/7/5 3133/7/5 3142/7/5
f 3144/3/5 3135/3/5 3134/3/5
f 3144/7/5 3133/7/5 3143/7/5
f 3144/3/5 3134/3/5 3133/3/5
f 3145/3/5 3135/3/5 3144/3/5
f 3146/3/5 3135/3/5 3145/3/5
f 3147/3/5 3137/3/5 3120/3/5
f 3147/3/5 3138/3/5 3137/3/5
f 3148/3/5 3138/3/5 3147/3/5
f 3149/3/5 3106/3/5 3138/3/5
f 3149/3/5 3138/3/5 3148/3/5
f 3150/3/5 3106/3/5 3149/3/5
f 3151/3/5 3140/3/5 3139/3/5
f 3151/3/5 3142/3/5 3141/3/5
f 3151/3/5 3139/3/5 3115/3/5
f 3151/3/5 3141/3/5 3140/3/5
f 3152/3/5 3142/3/5 3151/3/5
f 3153/3/5 3142/3/5 3152/3/5
f 3154/3/5 3142/3/5 3153/3/5
f 3155/7/5 3143/7/5 3142/7/5
f 3155/3/5 3142/3/5 3154/3/5
f 3156/7/5 3143/7/5 3155/7/5
f 3157/3/5 3149/3/5 3148/3/5
f 3158/3/5 3149/3/5 3157/3/5
f 3159/3/5 3153/3/5 3152/3/5
f 3160/3/5 3153/3/5 3159/3/5
f 3161/3/5 3156/3/5 3155/3/5
f 3161/3/5 3155/3/5 3154/3/5
f 3162/3/5 3156/3/5 3161/3/5
f 3163/7/5 3143/7/5 3156/7/5
f 3164/3/5 3145/3/5 3144/3/5
f 3164/7/5 3143/7/5 3163/7/5
f 3164/3/5 3144/3/5 3143/3/5
f 3165/3/5 3145/3/5 3164/3/5
f 3166/3/5 3145/3/5 3165/3/5
f 3167/3/5 3156/3/5 3162/3/5
f 3167/7/5 3163/7/5 3156/7/5
f 3168/7/5 3163/7/5 3167/7/5
f 3169/3/5 3167/3/5 3162/3/5
f 3169/3/5 3168/3/5 3167/3/5
f 3170/3/5 3168/3/5 3169/3/5
f 3171/7/5 3163/7/5 3168/7/5
f 3172/3/5 3165/3/5 3164/3/5
f 3172/7/5 3163/7/5 3171/7/5
f 3172/3/5 3164/3/5 3163/3/5
f 3173/3/5 3165/3/5 3172/3/5
f 3174/3/5 3165/3/5 3173/3/5
f 3175/7/5 3171/7/5 3168/7/5
f 3175/3/5 3173/3/5 3172/3/5
f 3175/3/5 3172/3/5 3171/3/5
f 3176/3/5 3173/3/5 3175/3/5
f 3179/3/5 3168/3/5 3170/3/5
f 3180/3/5 3168/3/5 3179/3/5
f 3181/7/5 3176/7/5 3175/7/5
f 3181/3/5 3168/3/5 3180/3/5
f 3181/7/5 3175/7/5 3168/7/5
f 3182/3/5 3173/3/5 3176/3/5
f 3182/7/5 3176/7/5 3181/7/5
f 3183/3/5 3173/3/5 3182/3/5
f 3186/7/5 3178/7/5 3177/7/5
f 3187/7/5 3178/7/5 3186/7/5
f 3188/7/5 3178/7/5 3187/7/5
f 3192/7/5 3181/7/5 3180/7/5
f 3192/7/5 3184/7/5 3183/7/5
f 3192/7/5 3182/7/5 3181/7/5
f 3192/7/5 3183/7/5 3182/7/5
f 3193/7/5 3184/7/5 3192/7/5
f 3194/7/5 3184/7/5 3193/7/5
f 3195/7/5 3187/7/5 3186/7/5
f 3195/7/5 3186/7/5 3185/7/5
f 3197/3/5 3191/3/5 3190/3/5
f 3198/3/5 3191/3/5 3197/3/5
f 3203/7/5 3194/7/5 3193/7/5
f 3203/7/5 3195/7/5 3194/7/5
f 3204/3/5 3199/3/5 3198/3/5
f 3204/3/5 3197/3/5 3196/3/5
f 3204/3/5 3198/3/5 3197/3/5
f 3205/3/5 3199/3/5 3204/3/5
f 3206/3/5 3199/3/5 3205/3/5
f 3209/2/5 3201/2/5 3200/2/5
f 3210/3/5 3204/3/5 3196/3/5
f 3211/7/5 3205/7/5 3204/7/5
f 3211/3/5 3204/3/5 3210/3/5
f 3212/3/5 3207/3/5 3206/3/5
f 3212/7/5 3205/7/5 3211/7/5
f 3212/3/5 3206/3/5 3205/3/5
f 3213/3/5 3207/3/5 3212/3/5
f 3214/2/5 3209/2/5 3208/2/5
f 3215/2/5 3201/2/5 3209/2/5
f 3215/2/5 3209/2/5 3214/2/5
f 3216/7/5 3203/7/5 3202/7/5
f 3217/7/5 3211/7/5 3210/7/5
f 3217/7/5 3213/7/5 3212/7/5
f 3217/3/5 3210/3/5 3196/3/5
f 3217/7/5 3212/7/5 3211/7/5
f 3218/7/5 3213/7/5 3217/7/5
f 3219/2/5 3215/2/5 3214/2/5
f 3219/7/5 3213/7/5 3218/7/5
f 3219/2/5 3214/2/5 3213/2/5
f 3220/2/5 3215/2/5 3219/2/5
f 3221/7/5 3219/7/5 3218/7/5
f 3221/2/5 3215/2/5 3220/2/5
f 3221/7/5 3220/7/5 3219/7/5
f 3222/2/5 3215/2/5 3221/2/5
f 3223/7/5 3222/7/5 3221/7/5
f 3223/2/5 3215/2/5 3222/2/5
f 3224/7/5 3216/7/5 3215/7/5
f 3224/2/5 3215/2/5 3223/2/5
f 3225/7/5 3203/7/5 3216/7/5
f 3225/7/5 3216/7/5 3224/7/5
f 3226/7/5 3195/7/5 3203/7/5
f 3226/7/5 3203/7/5 3225/7/5
f 3227/7/5 3195/7/5 3226/7/5
f 3228/7/5 3187/7/5 3195/7/5
f 3228/7/5 3195/7/5 3227/7/5
f 3229/3/5 3189/3/5 3188/3/5
f 3229/7/5 3187/7/5 3228/7/5
f 3229/3/5 3188/3/5 3187/3/5
f 3230/3/5 3189/3/5 3229/3/5
f 3231/3/5 3189/3/5 3230/3/5
f 3232/2/5 3225/2/5 3224/2/5
f 3232/7/5 3224/7/5 3223/7/5
f 3233/7/5 3226/7/5 3225/7/5
f 3233/2/5 3225/2/5 3232/2/5
f 3234/3/5 3227/3/5 3226/3/5
f 3234/7/5 3226/7/5 3233/7/5
f 3235/7/5 3228/7/5 3227/7/5
f 3236/3/5 3230/3/5 3229/3/5
f 3236/7/5 3228/7/5 3235/7/5
f 3236/3/5 3229/3/5 3228/3/5
f 3237/3/5 3230/3/5 3236/3/5
f 3238/3/5 3230/3/5 3237/3/5
f 3239/3/5 3227/3/5 3234/3/5
f 3239/3/5 3234/3/5 3233/3/5
f 3240/7/5 3235/7/5 3227/7/5
f 3240/3/5 3227/3/5 3239/3/5
f 3241/7/5 3235/7/5 3240/7/5
f 3242/7/5 3235/7/5 3241/7/5
f 3243/3/5 3237/3/5 3236/3/5
f 3243/7/5 3235/7/5 3242/7/5
f 3243/3/5 3236/3/5 3235/3/5
f 3244/7/5 3233/7/5 3232/7/5
f 3244/7/5 3232/7/5 3223/7/5
f 3244/7/5 3223/7/5 3221/7/5
f 3244/3/5 3218/3/5 3217/3/5
f 3244/7/5 3221/7/5 3218/7/5
f 3245/7/5 3233/7/5 3244/7/5
f 3246/7/5 3242/7/5 3241/7/5
f 3247/7/5 3242/7/5 3246/7/5
f 3248/7/5 3242/7/5 3247/7/5
f 3249/3/5 3243/3/5 3242/3/5
f 3249/7/5 3242/7/5 3248/7/5
f 3250/3/5 3237/3/5 3243/3/5
f 3250/3/5 3243/3/5 3249/3/5
f 3251/3/5 3237/3/5 3250/3/5
f 3252/3/5 3217/3/5 3196/3/5
f 3252/3/5 3244/3/5 3217/3/5
f 3252/3/5 3245/3/5 3244/3/5
f 3253/3/5 3245/3/5 3252/3/5
f 3254/7/5 3233/7/5 3245/7/5
f 3254/3/5 3245/3/5 3253/3/5
f 3255/7/5 3233/7/5 3254/7/5
f 3256/7/5 3248/7/5 3247/7/5
f 3256/3/5 3247/3/5 3246/3/5
f 3257/7/5 3248/7/5 3256/7/5
f 3258/3/5 3249/3/5 3248/3/5
f 3258/3/5 3250/3/5 3249/3/5
f 3259/3/5 3250/3/5 3258/3/5
f 3260/3/5 3255/3/5 3254/3/5
f 3260/3/5 3254/3/5 3253/3/5
f 3261/3/5 3255/3/5 3260/3/5
f 3262/7/5 3233/7/5 3255/7/5
f 3262/3/5 3255/3/5 3261/3/5
f 3263/3/5 3239/3/5 3233/3/5
f 3263/7/5 3233/7/5 3262/7/5
f 3264/3/5 3257/3/5 3256/3/5
f 3264/3/5 3256/3/5 3246/3/5
f 3265/3/5 3257/3/5 3264/3/5
f 3266/7/5 3248/7/5 3257/7/5
f 3266/3/5 3257/3/5 3265/3/5
f 3267/3/5 3258/3/5 3248/3/5
f 3267/7/5 3248/7/5 3266/7/5
f 3268/3/5 3258/3/5 3267/3/5
f 3269/3/5 3262/3/5 3261/3/5
f 3269/3/5 3263/3/5 3262/3/5
f 3270/3/5 3263/3/5 3269/3/5
f 3271/3/5 3239/3/5 3263/3/5
f 3271/3/5 3263/3/5 3270/3/5
f 3272/3/5 3239/3/5 3271/3/5
f 3273/3/5 3266/3/5 3265/3/5
f 3274/3/5 3266/3/5 3273/3/5
f 3275/3/5 3271/3/5 3270/3/5
f 3276/3/5 3271/3/5 3275/3/5
f 3282/3/5 3278/3/5 3277/3/5
f 3283/3/5 3278/3/5 3282/3/5
f 3285/3/5 3280/3/5 3279/3/5
f 3286/3/5 3280/3/5 3285/3/5
f 3287/3/5 3282/3/5 3281/3/5
f 3288/3/5 3282/3/5 3287/3/5
f 3289/3/5 3285/3/5 3284/3/5
f 3291/3/5 3289/3/5 3284/3/5
f 3292/3/5 3289/3/5 3291/3/5
f 3293/3/5 3291/3/5 3290/3/5
f 3294/3/5 3293/3/5 3290/3/5
f 3295/3/5 3293/3/5 3294/3/5
f 3299/3/5 3297/3/5 3296/3/5
f 3299/3/5 3298/3/5 3297/3/5
f 3300/3/5 3298/3/5 3299/3/5
f 3303/3/5 3302/3/5 3301/3/5
f 3304/3/5 3302/3/5 3303/3/5
f 3310/2/5 3308/2/5 3307/2/5
f 3310/2/5 3309/2/5 3308/2/5
f 3311/2/5 3309/2/5 3310/2/5
f 3312/3/5 3306/3/5 3305/3/5
f 3313/3/5 3306/3/5 3312/3/5
f 3316/3/5 3315/3/5 3314/3/5
f 3317/3/5 3315/3/5 3316/3/5
f 3320/3/5 3319/3/5 3318/3/5
f 3321/3/5 3319/3/5 3320/3/5
f 3325/3/5 3322/3/5 3321/3/5
f 3326/3/5 3322/3/5 3325/3/5
f 3328/3/5 3324/3/5 3323/3/5
f 3329/3/5 3324/3/5 3328/3/5
f 3330/3/5 3328/3/5 3327/3/5
f 3331/3/5 3328/3/5 3330/3/5
f 3334/3/5 3333/3/5 3332/3/5
f 3335/3/5 3333/3/5 3334/3/5
f 3336/3/5 3333/3/5 3335/3/5
f 3337/3/5 3336/3/5 3335/3/5
f 3338/3/5 3336/3/5 3337/3/5
f 3347/7/5 3340/7/5 3339/7/5
f 3348/7/5 3340/7/5 3347/7/5
f 3349/3/5 3342/3/5 3341/3/5
f 3350/3/5 3342/3/5 3349/3/5
f 3351/7/5 3344/7/5 3343/7/5
f 3352/7/5 3344/7/5 3351/7/5
f 3353/3/5 3346/3/5 3345/3/5
f 3354/7/5 3347/7/5 3346/7/5
f 3354/3/5 3346/3/5 3353/3/5
f 3355/7/5 3347/7/5 3354/7/5
f 3356/7/5 3347/7/5 3355/7/5
f 3357/7/5 3356/7/5 3355/7/5
f 3358/7/5 3356/7/5 3357/7/5
f 3363/5/5 3360/5/5 3359/5/5
f 3364/5/5 3360/5/5 3363/5/5
f 3365/5/5 3362/5/5 3361/5/5
f 3366/5/5 3362/5/5 3365/5/5
f 3367/4/5 3366/4/5 3365/4/5
f 3368/4/5 3366/4/5 3367/4/5
f 3371/3/5 3370/3/5 3369/3/5
f 3372/3/5 3370/3/5 3371/3/5
f 3377/7/5 3374/7/5 3373/7/5
f 3378/7/5 3374/7/5 3377/7/5
f 3379/7/5 3376/7/5 3375/7/5
f 3380/7/5 3376/7/5 3379/7/5
f 3385/5/5 3382/5/5 3381/5/5
f 3386/5/5 3382/5/5 3385/5/5
f 3387/5/5 3384/5/5 3383/5/5
f 3388/4/5 3385/4/5 3384/4/5
f 3388/5/5 3384/5/5 3387/5/5
f 3389/4/5 3385/4/5 3388/4/5
f 3390/4/5 3388/4/5 3387/4/5
f 3391/4/5 3388/4/5 3390/4/5
f 3394/7/5 3393/7/5 3392/7/5
f 3395/7/5 3393/7/5 3394/7/5
f 3400/7/5 3397/7/5 3396/7/5
f 3401/7/5 3397/7/5 3400/7/5
f 3403/7/5 3399/7/5 3398/7/5
f 3404/7/5 3399/7/5 3403/7/5
f 3405/7/5 3403/7/5 3402/7/5
f 3406/7/5 3403/7/5 3405/7/5
f 3410/7/5 3407/7/5 3406/7/5
f 3411/7/5 3407/7/5 3410/7/5
f 3417/4/5 3409/4/5 3408/4/5
f 3418/4/5 3409/4/5 3417/4/5
f 3419/7/5 3413/7/5 3412/7/5
f 3420/7/5 3413/7/5 3419/7/5
f 3421/4/5 3415/4/5 3414/4/5
f 3422/4/5 3415/4/5 3421/4/5
f 3424/4/5 3417/4/5 3416/4/5
f 3425/4/5 3417/4/5 3424/4/5
f 3426/4/5 3424/4/5 3423/4/5
f 3427/4/5 3424/4/5 3426/4/5
f 3430/7/5 3429/7/5 3428/7/5
f 3431/7/5 3429/7/5 3430/7/5
f 3435/7/5 3433/7/5 3432/7/5
f 3436/7/5 3433/7/5 3435/7/5
f 3437/7/5 3435/7/5 3434/7/5
f 3438/7/5 3435/7/5 3437/7/5
f 3443/4/5 3440/4/5 3439/4/5
f 3444/4/5 3440/4/5 3443/4/5
f 3445/4/5 3442/4/5 3441/4/5
f 3446/4/5 3442/4/5 3445/4/5
f 3450/7/5 3448/7/5 3447/7/5
f 3451/7/5 3448/7/5 3450/7/5
f 3452/7/5 3450/7/5 3449/7/5
f 3453/7/5 3450/7/5 3452/7/5
f 3456/7/5 3455/7/5 3454/7/5
f 3457/7/5 3455/7/5 3456/7/5
f 3462/5/5 3459/5/5 3458/5/5
f 3463/4/5 3460/4/5 3459/4/5
f 3463/5/5 3459/5/5 3462/5/5
f 3464/4/5 3460/4/5 3463/4/5
f 3465/4/5 3462/4/5 3461/4/5
f 3465/4/5 3463/4/5 3462/4/5
f 3466/4/5 3463/4/5 3465/4/5
f 3470/6/5 3468/6/5 3467/6/5
f 3471/6/5 3468/6/5 3470/6/5
f 3472/6/5 3470/6/5 3469/6/5
f 3473/6/5 3470/6/5 3472/6/5
f 3477/6/5 3475/6/5 3474/6/5
f 3478/6/5 3475/6/5 3477/6/5
f 3479/6/5 3477/6/5 3476/6/5
f 3480/6/5 3477/6/5 3479/6/5
f 3483/4/5 3482/4/5 3481/4/5
f 3484/4/5 3482/4/5 3483/4/5
f 3485/2/6 3486/2/6 3488/2/6
f 3487/2/6 3488/2/6 3490/2/6
f 3488/2/6 3486/2/6 3491/2/6
f 3490/2/6 3488/2/6 3491/2/6
f 3489/2/6 3490/2/6 3492/2/6
f 3492/2/6 3490/2/6 3493/2/6
f 3493/2/6 3490/2/6 3494/2/6
f 3495/2/6 3496/2/6 3498/2/6
f 3496/2/6 3497/2/6 3498/2/6
f 3498/2/6 3497/2/6 3499/2/6
f 3502/3/6 3503/3/6 3504/3/6
f 3504/3/6 3503/3/6 3505/3/6
f 3500/3/6 3501/3/6 3506/3/6
f 3506/3/6 3501/3/6 3507/3/6
f 3510/3/6 3511/3/6 3513/3/6
f 3513/3/6 3511/3/6 3514/3/6
f 3512/3/6 3513/3/6 3515/3/6
f 3515/3/6 3513/3/6 3516/3/6
f 3508/3/6 3509/3/6 3521/3/6
f 3521/3/6 3509/3/6 3522/3/6
f 3519/3/6 3520/3/6 3524/3/6
f 3518/3/6 3519/3/6 3524/3/6
f 3524/3/6 3520/3/6 3525/3/6
f 3525/3/6 3520/3/6 3526/3/6
f 3516/3/6 3517/3/6 3529/3/6
f 3529/3/6 3517/3/6 3530/3/6
f 3522/3/6 3523/3/6 3533/3/6
f 3533/3/6 3523/3/6 3534/3/6
f 3526/3/6 3527/3/6 3535/3/6
f 3527/3/6 3528/3/6 3535/3/6
f 3535/3/6 3528/3/6 3536/3/6
f 3536/3/6 3528/3/6 3537/3/6
f 3532/3/6 3533/3/6 3539/3/6
f 3539/3/6 3533/3/6 3540/3/6
f 3536/3/6 3537/3/6 3541/3/6
f 3541/3/6 3537/3/6 3542/3/6
f 3524/3/6 3525/3/6 3545/3/6
f 3545/3/6 3525/3/6 3546/3/6
f 3544/3/6 3545/3/6 3551/3/6
f 3551/3/6 3545/3/6 3552/3/6
f 3550/3/6 3551/3/6 3554/3/6
f 3554/3/6 3551/3/6 3555/3/6
f 3542/3/6 3543/3/6 3556/3/6
f 3556/3/6 3543/3/6 3557/3/6
f 3530/3/6 3531/3/6 3558/3/6
f 3558/3/6 3531/3/6 3559/3/6
f 3538/3/6 3539/3/6 3560/3/6
f 3560/3/6 3539/3/6 3561/3/6
f 3548/3/6 3549/3/6 3562/3/6
f 3547/3/6 3548/3/6 3562/3/6
f 3562/3/6 3549/3/6 3563/3/6
f 3557/3/6 3558/3/6 3564/3/6
f 3564/3/6 3558/3/6 3565/3/6
f 3561/3/6 3562/3/6 3566/3/6
f 3566/3/6 3562/3/6 3567/3/6
f 3563/3/6 3549/3/6 3568/3/6
f 3568/3/6 3549/3/6 3569/3/6
f 3553/3/6 3554/3/6 3572/3/6
f 3572/3/6 3554/3/6 3573/3/6
f 3569/3/6 3570/3/6 3574/3/6
f 3574/3/6 3570/3/6 3575/3/6
f 3571/3/6 3572/3/6 3578/3/6
f 3578/3/6 3572/3/6 3579/3/6
f 3575/3/6 3576/3/6 3583/3/6
f 3583/3/6 3576/3/6 3584/3/6
f 3577/3/6 3578/3/6 3586/3/6
f 3586/3/6 3578/3/6 3587/3/6
f 3580/7/6 3581/7/6 3590/7/6
f 3581/3/6 3582/3/6 3591/3/6
f 3590/7/6 3581/7/6 3591/7/6
f 3591/3/6 3582/3/6 3592/3/6
f 3584/3/6 3585/3/6 3596/3/6
f 3587/7/6 3588/7/6 3597/7/6
f 3596/3/6 3585/3/6 3597/3/6
f 3585/7/6 3586/7/6 3597/7/6
f 3586/7/6 3587/7/6 3597/7/6
f 3597/7/6 3588/7/6 3598/7/6
f 3598/7/6 3588/7/6 3599/7/6
f 3599/7/6 3588/7/6 3600/7/6
f 3589/7/6 3590/7/6 3601/7/6
f 3601/7/6 3590/7/6 3602/7/6
f 3592/3/6 3593/3/6 3603/3/6
f 3603/3/6 3593/3/6 3604/3/6
f 3594/3/6 3595/3/6 3606/3/6
f 3606/3/6 3595/3/6 3607/3/6
f 3598/7/6 3599/7/6 3610/7/6
f 3610/7/6 3599/7/6 3611/7/6
f 3600/7/6 3601/7/6 3612/7/6
f 3612/7/6 3601/7/6 3613/7/6
f 3605/3/6 3606/3/6 3614/3/6
f 3614/3/6 3606/3/6 3615/3/6
f 3607/3/6 3608/3/6 3616/3/6
f 3616/3/6 3608/3/6 3617/3/6
f 3617/3/6 3618/3/6 3619/3/6
f 3619/3/6 3618/3/6 3620/3/6
f 3609/7/6 3610/7/6 3623/7/6
f 3623/7/6 3610/7/6 3624/7/6
f 3619/7/6 3620/7/6 3625/7/6
f 3625/7/6 3620/7/6 3626/7/6
f 3621/4/6 3622/4/6 3628/4/6
f 3628/4/6 3622/4/6 3629/4/6
f 3626/7/6 3627/7/6 3632/7/6
f 3632/7/6 3627/7/6 3633/7/6
f 3630/3/6 3631/3/6 3635/3/6
f 3635/3/6 3631/3/6 3636/3/6
f 3634/3/6 3635/3/6 3640/3/6
f 3640/3/6 3635/3/6 3641/3/6
f 3637/3/6 3638/3/6 3642/3/6
f 3642/3/6 3638/3/6 3643/3/6
f 3639/3/6 3640/3/6 3649/3/6
f 3649/3/6 3640/3/6 3650/3/6
f 3644/3/6 3645/3/6 3651/3/6
f 3651/3/6 3645/3/6 3652/3/6
f 3648/3/6 3649/3/6 3655/3/6
f 3655/3/6 3649/3/6 3656/3/6
f 3652/3/6 3653/3/6 3657/3/6
f 3657/3/6 3653/3/6 3658/3/6
f 3654/3/6 3655/3/6 3661/3/6
f 3661/3/6 3655/3/6 3662/3/6
f 3659/3/6 3660/3/6 3663/3/6
f 3663/3/6 3660/3/6 3664/3/6
f 3646/3/6 3647/3/6 3665/3/6
f 3665/3/6 3647/3/6 3666/3/6
f 3664/3/6 3665/3/6 3667/3/6
f 3667/3/6 3665/3/6 3668/3/6
f 3669/3/6 3670/3/6 3673/3/6
f 3671/3/6 3672/3/6 3674/3/6
f 3674/3/6 3672/3/6 3675/3/6
f 3669/3/6 3673/3/6 3678/3/6
f 3678/3/6 3673/3/6 3679/3/6
f 3679/3/6 3673/3/6 3680/3/6
f 3680/3/6 3673/3/6 3681/3/6
f 3676/3/6 3677/3/6 3682/3/6
f 3682/3/6 3677/3/6 3683/3/6
f 3680/7/6 3681/7/6 3686/7/6
f 3686/7/6 3681/7/6 3687/7/6
f 3684/3/6 3685/3/6 3688/3/6
f 3688/3/6 3685/3/6 3689/3/6
f 3689/3/6 3690/3/6 3691/3/6
f 3691/3/6 3690/3/6 3692/3/6
f 3695/7/6 3696/7/6 3698/7/6
f 3698/7/6 3696/7/6 3699/7/6
f 3697/7/6 3698/7/6 3701/7/6
f 3699/7/6 3700/7/6 3701/7/6
f 3698/7/6 3699/7/6 3701/7/6
f 3693/3/6 3694/3/6 3704/3/6
f 3704/3/6 3694/3/6 3705/3/6
f 3702/3/6 3703/3/6 3708/3/6
f 3703/3/6 3704/3/6 3708/3/6
f 3708/3/6 3704/3/6 3709/3/6
f 3697/7/6 3701/7/6 3711/7/6
f 3701/7/6 3702/7/6 3711/7/6
f 3711/7/6 3702/7/6 3712/7/6
f 3702/3/6 3708/3/6 3713/3/6
f 3712/7/6 3702/7/6 3713/7/6
f 3713/3/6 3708/3/6 3714/3/6
f 3711/3/6 3712/3/6 3718/3/6
f 3710/3/6 3711/3/6 3718/3/6
f 3718/3/6 3712/3/6 3719/3/6
f 3706/3/6 3707/3/6 3720/3/6
f 3720/3/6 3707/3/6 3721/3/6
f 3716/7/6 3717/7/6 3723/7/6
f 3723/7/6 3717/7/6 3724/7/6
f 3719/3/6 3712/3/6 3725/3/6
f 3712/7/6 3713/7/6 3726/7/6
f 3725/3/6 3712/3/6 3726/3/6
f 3713/7/6 3714/7/6 3726/7/6
f 3726/7/6 3714/7/6 3727/7/6
f 3714/3/6 3715/3/6 3728/3/6
f 3727/7/6 3714/7/6 3728/7/6
f 3728/3/6 3715/3/6 3729/3/6
f 3728/7/6 3729/7/6 3733/7/6
f 3727/7/6 3728/7/6 3733/7/6
f 3733/7/6 3729/7/6 3734/7/6
f 3722/7/6 3723/7/6 3738/7/6
f 3723/3/6 3724/3/6 3739/3/6
f 3738/7/6 3723/7/6 3739/7/6
f 3733/3/6 3734/3/6 3740/3/6
f 3734/7/6 3729/7/6 3740/7/6
f 3729/3/6 3730/3/6 3741/3/6
f 3740/7/6 3729/7/6 3741/7/6
f 3731/3/6 3732/3/6 3743/3/6
f 3736/7/6 3737/7/6 3744/7/6
f 3735/7/6 3736/7/6 3744/7/6
f 3737/3/6 3738/3/6 3745/3/6
f 3744/7/6 3737/7/6 3745/7/6
f 3738/3/6 3739/3/6 3745/3/6
f 3733/3/6 3740/3/6 3746/3/6
f 3740/3/6 3741/3/6 3746/3/6
f 3746/3/6 3741/3/6 3747/3/6
f 3742/3/6 3743/3/6 3748/3/6
f 3743/3/6 3732/3/6 3748/3/6
f 3735/7/6 3744/7/6 3751/7/6
f 3744/3/6 3745/3/6 3752/3/6
f 3751/7/6 3744/7/6 3752/7/6
f 3745/3/6 3739/3/6 3753/3/6
f 3752/3/6 3745/3/6 3753/3/6
f 3739/3/6 3724/3/6 3754/3/6
f 3753/3/6 3739/3/6 3754/3/6
f 3748/3/6 3749/3/6 3755/3/6
f 3750/7/6 3751/7/6 3757/7/6
f 3751/3/6 3752/3/6 3758/3/6
f 3752/3/6 3753/3/6 3758/3/6
f 3758/3/6 3753/3/6 3759/3/6
f 3756/7/6 3757/7/6 3763/7/6
f 3757/7/6 3751/7/6 3764/7/6
f 3763/7/6 3757/7/6 3764/7/6
f 3751/3/6 3758/3/6 3765/3/6
f 3764/7/6 3751/7/6 3765/7/6
f 3765/3/6 3758/3/6 3766/3/6
f 3766/3/6 3758/3/6 3767/3/6
f 3747/3/6 3741/3/6 3768/3/6
f 3741/3/6 3730/3/6 3769/3/6
f 3768/3/6 3741/3/6 3769/3/6
f 3748/3/6 3755/3/6 3770/3/6
f 3742/3/6 3748/3/6 3770/3/6
f 3770/3/6 3755/3/6 3771/3/6
f 3760/3/6 3761/3/6 3772/3/6
f 3762/7/6 3763/7/6 3774/7/6
f 3763/7/6 3764/7/6 3774/7/6
f 3772/3/6 3773/3/6 3775/3/6
f 3760/3/6 3772/3/6 3775/3/6
f 3775/3/6 3773/3/6 3776/3/6
f 3773/7/6 3774/7/6 3777/7/6
f 3765/3/6 3766/3/6 3778/3/6
f 3777/7/6 3774/7/6 3778/7/6
f 3774/7/6 3764/7/6 3778/7/6
f 3764/3/6 3765/3/6 3778/3/6
f 3778/3/6 3766/3/6 3779/3/6
f 3779/3/6 3766/3/6 3780/3/6
f 3776/3/6 3773/3/6 3781/3/6
f 3773/7/6 3777/7/6 3781/7/6
f 3778/3/6 3779/3/6 3782/3/6
f 3781/7/6 3777/7/6 3782/7/6
f 3777/3/6 3778/3/6 3782/3/6
f 3776/3/6 3781/3/6 3783/3/6
f 3781/3/6 3782/3/6 3783/3/6
f 3783/3/6 3782/3/6 3784/3/6
f 3782/3/6 3779/3/6 3785/3/6
f 3784/3/6 3782/3/6 3785/3/6
f 3785/3/6 3779/3/6 3786/3/6
f 3784/3/6 3785/3/6 3787/3/6
f 3787/3/6 3785/3/6 3788/3/6
f 3789/7/6 3790/7/6 3794/7/6
f 3794/7/6 3790/7/6 3795/7/6
f 3795/7/6 3790/7/6 3796/7/6
f 3791/7/6 3792/7/6 3800/7/6
f 3800/7/6 3792/7/6 3801/7/6
f 3793/7/6 3794/7/6 3802/7/6
f 3794/7/6 3795/7/6 3802/7/6
f 3802/7/6 3795/7/6 3803/7/6
f 3803/7/6 3795/7/6 3804/7/6
f 3797/3/6 3798/3/6 3805/3/6
f 3805/3/6 3798/3/6 3806/3/6
f 3806/3/6 3798/3/6 3807/3/6
f 3807/3/6 3798/3/6 3808/3/6
f 3800/7/6 3801/7/6 3810/7/6
f 3799/7/6 3800/7/6 3810/7/6
f 3801/7/6 3802/7/6 3810/7/6
f 3802/7/6 3803/7/6 3810/7/6
f 3810/7/6 3803/7/6 3811/7/6
f 3807/7/6 3808/7/6 3812/7/6
f 3808/3/6 3809/3/6 3813/3/6
f 3812/7/6 3808/7/6 3813/7/6
f 3813/3/6 3809/3/6 3814/3/6
f 3799/7/6 3810/7/6 3818/7/6
f 3818/7/6 3810/7/6 3819/7/6
f 3819/7/6 3810/7/6 3820/7/6
f 3820/7/6 3810/7/6 3821/7/6
f 3821/7/6 3810/7/6 3822/7/6
f 3813/7/6 3814/7/6 3823/7/6
f 3815/4/6 3816/4/6 3827/4/6
f 3827/4/6 3816/4/6 3828/4/6
f 3817/7/6 3818/7/6 3829/7/6
f 3818/7/6 3819/7/6 3829/7/6
f 3829/7/6 3819/7/6 3830/7/6
f 3830/7/6 3819/7/6 3831/7/6
f 3831/7/6 3819/7/6 3832/7/6
f 3820/7/6 3821/7/6 3833/7/6
f 3833/7/6 3821/7/6 3834/7/6
f 3813/7/6 3823/7/6 3835/7/6
f 3823/7/6 3824/7/6 3835/7/6
f 3835/7/6 3824/7/6 3836/7/6
f 3825/2/6 3826/2/6 3837/2/6
f 3830/7/6 3831/7/6 3838/7/6
f 3836/7/6 3824/7/6 3839/7/6
f 3839/7/6 3824/7/6 3840/7/6
f 3840/7/6 3824/7/6 3841/7/6
f 3825/2/6 3837/2/6 3842/2/6
f 3840/7/6 3841/7/6 3843/7/6
f 3841/7/6 3842/7/6 3843/7/6
f 3843/7/6 3842/7/6 3844/7/6
f 3842/2/6 3837/2/6 3845/2/6
f 3844/7/6 3842/7/6 3845/7/6
f 3845/2/6 3837/2/6 3846/2/6
f 3838/7/6 3831/7/6 3849/7/6
f 3849/7/6 3831/7/6 3850/7/6
f 3846/7/6 3847/7/6 3851/7/6
f 3844/7/6 3845/7/6 3851/7/6
f 3845/7/6 3846/7/6 3851/7/6
f 3848/2/6 3849/2/6 3852/2/6
f 3852/2/6 3849/2/6 3853/2/6
f 3851/7/6 3852/7/6 3857/7/6
f 3853/3/6 3854/3/6 3858/3/6
f 3857/7/6 3852/7/6 3858/7/6
f 3852/3/6 3853/3/6 3858/3/6
f 3858/3/6 3854/3/6 3859/3/6
f 3859/3/6 3854/3/6 3860/3/6
f 3855/3/6 3856/3/6 3862/3/6
f 3862/3/6 3856/3/6 3863/3/6
f 3851/7/6 3857/7/6 3864/7/6
f 3844/7/6 3851/7/6 3864/7/6
f 3857/3/6 3858/3/6 3865/3/6
f 3864/7/6 3857/7/6 3865/7/6
f 3858/3/6 3859/3/6 3865/3/6
f 3861/3/6 3862/3/6 3866/3/6
f 3866/3/6 3862/3/6 3867/3/6
f 3864/3/6 3865/3/6 3868/3/6
f 3868/3/6 3865/3/6 3869/3/6
f 3869/3/6 3865/3/6 3870/3/6
f 3865/3/6 3859/3/6 3871/3/6
f 3870/3/6 3865/3/6 3871/3/6
f 3872/7/6 3873/7/6 3876/7/6
f 3876/7/6 3873/7/6 3877/7/6
f 3874/3/6 3875/3/6 3880/3/6
f 3880/3/6 3875/3/6 3881/3/6
f 3877/7/6 3878/7/6 3882/7/6
f 3882/7/6 3878/7/6 3883/7/6
f 3883/7/6 3884/7/6 3885/7/6
f 3885/7/6 3884/7/6 3886/7/6
f 3879/3/6 3880/3/6 3889/3/6
f 3889/3/6 3880/3/6 3890/3/6
f 3888/3/6 3889/3/6 3894/3/6
f 3894/3/6 3889/3/6 3895/3/6
f 3891/7/6 3892/7/6 3897/7/6
f 3897/7/6 3892/7/6 3898/7/6
f 3886/3/6 3887/3/6 3899/3/6
f 3896/7/6 3897/7/6 3900/7/6
f 3900/7/6 3897/7/6 3901/7/6
f 3898/7/6 3899/7/6 3902/7/6
f 3902/7/6 3899/7/6 3903/7/6
f 3903/7/6 3899/7/6 3904/7/6
f 3899/3/6 3887/3/6 3905/3/6
f 3904/7/6 3899/7/6 3905/7/6
f 3905/3/6 3887/3/6 3906/3/6
f 3893/3/6 3894/3/6 3907/3/6
f 3907/3/6 3894/3/6 3908/3/6
f 3896/7/6 3900/7/6 3910/7/6
f 3910/7/6 3900/7/6 3911/7/6
f 3909/7/6 3910/7/6 3912/7/6
f 3912/7/6 3910/7/6 3913/7/6
f 3914/7/6 3915/7/6 3916/7/6
f 3916/7/6 3915/7/6 3917/7/6
f 3918/5/6 3919/5/6 3920/5/6
f 3920/5/6 3919/5/6 3921/5/6
f 3916/3/6 3917/3/6 3922/3/6
f 3922/3/6 3917/3/6 3923/3/6
f 3923/3/6 3924/3/6 3926/3/6
f 3924/7/6 3925/7/6 3927/7/6
f 3926/3/6 3924/3/6 3927/3/6
f 3927/7/6 3925/7/6 3928/7/6
f 3928/7/6 3925/7/6 3929/7/6
f 3930/1/6 3931/1/6 3932/1/6
f 3932/1/6 3931/1/6 3933/1/6
f 3932/1/6 3933/1/6 3935/1/6
f 3933/1/6 3934/1/6 3935/1/6
f 3935/1/6 3934/1/6 3936/1/6
f 3937/7/6 3938/7/6 3941/7/6
f 3941/7/6 3942/7/6 3943/7/6
f 3939/3/6 3940/3/6 3946/3/6
f 3946/3/6 3940/3/6 3947/3/6
f 3943/7/6 3944/7/6 3950/7/6
f 3937/7/6 3941/7/6 3950/7/6
f 3941/7/6 3943/7/6 3950/7/6
f 3947/7/6 3948/7/6 3951/7/6
f 3946/7/6 3947/7/6 3951/7/6
f 3951/7/6 3948/7/6 3952/7/6
f 3949/7/6 3950/7/6 3954/7/6
f 3950/7/6 3944/7/6 3955/7/6
f 3954/7/6 3950/7/6 3955/7/6
f 3955/7/6 3944/7/6 3956/7/6
f 3945/3/6 3946/3/6 3958/3/6
f 3946/7/6 3951/7/6 3959/7/6
f 3958/3/6 3946/3/6 3959/3/6
f 3959/7/6 3951/7/6 3960/7/6
f 3953/7/6 3954/7/6 3962/7/6
f 3954/7/6 3955/7/6 3962/7/6
f 3962/7/6 3955/7/6 3963/7/6
f 3956/7/6 3944/7/6 3964/7/6
f 3964/7/6 3944/7/6 3965/7/6
f 3958/3/6 3959/3/6 3966/3/6
f 3957/3/6 3958/3/6 3966/3/6
f 3966/3/6 3959/3/6 3967/3/6
f 3957/3/6 3966/3/6 3968/3/6
f 3957/3/6 3968/3/6 3969/3/6
f 3969/3/6 3968/3/6 3970/3/6
f 3961/7/6 3962/7/6 3972/7/6
f 3971/7/6 3972/7/6 3973/7/6
f 3972/7/6 3962/7/6 3974/7/6
f 3973/7/6 3972/7/6 3974/7/6
f 3974/7/6 3962/7/6 3975/7/6
f 3976/7/6 3977/7/6 3978/7/6
f 3978/7/6 3979/7/6 3980/7/6
f 3980/7/6 3979/7/6 3981/7/6
f 3976/7/6 3978/7/6 3984/7/6
f 3978/7/6 3980/7/6 3984/7/6
f 3984/7/6 3980/7/6 3985/7/6
f 3982/7/6 3983/7/6 3987/7/6
f 3987/7/6 3983/7/6 3988/7/6
f 3986/7/6 3987/7/6 3992/7/6
f 3992/7/6 3987/7/6 3993/7/6
f 3989/7/6 3990/7/6 3994/7/6
f 3994/7/6 3990/7/6 3995/7/6
f 3991/7/6 3992/7/6 3996/7/6
f 3996/7/6 3992/7/6 3997/7/6
f 3995/7/6 3996/7/6 3998/7/6
f 3998/7/6 3996/7/6 3999/7/6
f 4000/7/6 4001/7/6 4003/7/6
f 4003/7/6 4001/7/6 4004/7/6
f 4002/7/6 4003/7/6 4007/7/6
f 4007/7/6 4003/7/6 4008/7/6
f 4006/7/6 4007/7/6 4012/7/6
f 4012/7/6 4007/7/6 4013/7/6
f 4009/7/6 4010/7/6 4015/7/6
f 4015/7/6 4010/7/6 4016/7/6
f 4011/8/6 4012/8/6 4022/8/6
f 4022/8/6 4012/8/6 4023/8/6
f 4014/3/6 4015/3/6 4024/3/6
f 4024/3/6 4015/3/6 4025/3/6
f 4018/7/6 4019/7/6 4027/7/6
f 4027/7/6 4019/7/6 4028/7/6
f 4019/8/6 4020/8/6 4029/8/6
f 4028/7/6 4019/7/6 4029/7/6
f 4029/8/6 4020/8/6 4030/8/6
f 4021/8/6 4022/8/6 4031/8/6
f 4031/8/6 4022/8/6 4032/8/6
f 4004/7/6 4005/7/6 4034/7/6
f 4034/7/6 4005/7/6 4035/7/6
f 4016/7/6 4017/7/6 4036/7/6
f 4036/7/6 4017/7/6 4037/7/6
f 4030/8/6 4031/8/6 4039/8/6
f 4039/8/6 4031/8/6 4040/8/6
f 4037/7/6 4038/7/6 4041/7/6
f 4041/7/6 4038/7/6 4042/7/6
f 4033/7/6 4034/7/6 4045/7/6
f 4045/7/6 4034/7/6 4046/7/6
f 4042/7/6 4043/7/6 4047/7/6
f 4047/7/6 4043/7/6 4048/7/6
f 4044/7/6 4045/7/6 4052/7/6
f 4052/7/6 4045/7/6 4053/7/6
f 4026/7/6 4027/7/6 4056/7/6
f 4056/7/6 4027/7/6 4057/7/6
f 4050/7/6 4051/7/6 4061/7/6
f 4051/7/6 4052/7/6 4061/7/6
f 4061/7/6 4052/7/6 4062/7/6
f 4054/7/6 4055/7/6 4063/7/6
f 4063/7/6 4055/7/6 4064/7/6
f 4058/3/6 4059/3/6 4066/3/6
f 4057/3/6 4058/3/6 4066/3/6
f 4059/7/6 4060/7/6 4067/7/6
f 4066/3/6 4059/3/6 4067/3/6
f 4050/7/6 4061/7/6 4069/7/6
f 4069/7/6 4061/7/6 4070/7/6
f 4064/7/6 4065/7/6 4071/7/6
f 4071/7/6 4065/7/6 4072/7/6
f 4067/7/6 4060/7/6 4074/7/6
f 4068/7/6 4069/7/6 4075/7/6
f 4075/7/6 4069/7/6 4076/7/6
f 4072/7/6 4073/7/6 4077/7/6
f 4077/7/6 4073/7/6 4078/7/6
f 4048/7/6 4049/7/6 4080/7/6
f 4080/7/6 4049/7/6 4081/7/6
f 4067/7/6 4074/7/6 4082/7/6
f 4082/7/6 4074/7/6 4083/7/6
f 4075/3/6 4076/3/6 4087/3/6
f 4078/3/6 4079/3/6 4088/3/6
f 4079/7/6 4080/7/6 4089/7/6
f 4088/3/6 4079/3/6 4089/3/6
f 4089/7/6 4080/7/6 4090/7/6
f 4084/7/6 4085/7/6 4091/7/6
f 4083/7/6 4084/7/6 4091/7/6
f 4085/3/6 4086/3/6 4092/3/6
f 4091/7/6 4085/7/6 4092/7/6
f 4092/3/6 4086/3/6 4093/3/6
f 4087/3/6 4076/3/6 4094/3/6
f 4094/3/6 4076/3/6 4095/3/6
f 4093/3/6 4094/3/6 4096/3/6
f 4096/3/6 4094/3/6 4097/3/6
f 4098/7/6 4099/7/6 4102/7/6
f 4102/7/6 4099/7/6 4103/7/6
f 4100/5/6 4101/5/6 4104/5/6
f 4104/5/6 4101/5/6 4105/5/6
f 4105/5/6 4106/5/6 4107/5/6
f 4107/5/6 4106/5/6 4108/5/6
f 4109/7/6 4110/7/6 4113/7/6
f 4113/7/6 4110/7/6 4114/7/6
f 4111/5/6 4112/5/6 4116/5/6
f 4116/5/6 4112/5/6 4117/5/6
f 4114/7/6 4115/7/6 4119/7/6
f 4113/7/6 4114/7/6 4119/7/6
f 4119/7/6 4115/7/6 4120/7/6
f 4118/7/6 4119/7/6 4122/7/6
f 4120/7/6 4121/7/6 4122/7/6
f 4119/7/6 4120/7/6 4122/7/6
f 4122/7/6 4121/7/6 4123/7/6
f 4118/7/6 4122/7/6 4124/7/6
f 4124/7/6 4122/7/6 4125/7/6
f 4118/7/6 4124/7/6 4126/7/6
f 4126/7/6 4124/7/6 4127/7/6
f 4128/7/6 4129/7/6 4131/7/6
f 4130/7/6 4131/7/6 4133/7/6
f 4131/7/6 4129/7/6 4134/7/6
f 4133/7/6 4131/7/6 4134/7/6
f 4132/8/6 4133/8/6 4138/8/6
f 4133/8/6 4134/8/6 4138/8/6
f 4134/7/6 4129/7/6 4139/7/6
f 4138/8/6 4134/8/6 4139/8/6
f 4139/7/6 4129/7/6 4140/7/6
f 4135/7/6 4136/7/6 4141/7/6
f 4141/7/6 4136/7/6 4142/7/6
f 4137/8/6 4138/8/6 4149/8/6
f 4138/8/6 4139/8/6 4149/8/6
f 4139/8/6 4140/8/6 4149/8/6
f 4149/8/6 4140/8/6 4150/8/6
f 4140/7/6 4129/7/6 4151/7/6
f 4151/7/6 4129/7/6 4152/7/6
f 4143/4/6 4144/4/6 4153/4/6
f 4153/4/6 4144/4/6 4154/4/6
f 4146/8/6 4147/8/6 4157/8/6
f 4148/8/6 4149/8/6 4158/8/6
f 4158/8/6 4149/8/6 4159/8/6
f 4159/8/6 4149/8/6 4160/8/6
f 4150/8/6 4140/8/6 4161/8/6
f 4161/8/6 4140/8/6 4162/8/6
f 4155/1/6 4156/1/6 4167/1/6
f 4167/1/6 4156/1/6 4168/1/6
f 4157/8/6 4158/8/6 4169/8/6
f 4162/8/6 4140/8/6 4170/8/6
f 4170/8/6 4140/8/6 4171/8/6
f 4140/7/6 4151/7/6 4172/7/6
f 4172/7/6 4151/7/6 4173/7/6
f 4163/7/6 4164/7/6 4174/7/6
f 4165/4/6 4166/4/6 4176/4/6
f 4176/4/6 4166/4/6 4177/4/6
f 4167/4/6 4168/4/6 4178/4/6
f 4178/4/6 4168/4/6 4179/4/6
f 4171/8/6 4140/8/6 4180/8/6
f 4180/8/6 4140/8/6 4181/8/6
f 4181/8/6 4140/8/6 4182/8/6
f 4140/7/6 4172/7/6 4183/7/6
f 4182/8/6 4140/8/6 4183/8/6
f 4183/7/6 4172/7/6 4184/7/6
f 4174/7/6 4175/7/6 4186/7/6
f 4163/7/6 4174/7/6 4186/7/6
f 4177/4/6 4178/4/6 4187/4/6
f 4187/4/6 4178/4/6 4188/4/6
f 4145/7/6 4146/7/6 4189/7/6
f 4157/8/6 4169/8/6 4190/8/6
f 4189/7/6 4146/7/6 4190/7/6
f 4146/8/6 4157/8/6 4190/8/6
f 4190/8/6 4169/8/6 4191/8/6
f 4181/8/6 4182/8/6 4193/8/6
f 4185/7/6 4186/7/6 4195/7/6
f 4191/8/6 4169/8/6 4196/8/6
f 4192/8/6 4193/8/6 4199/8/6
f 4193/8/6 4182/8/6 4200/8/6
f 4199/8/6 4193/8/6 4200/8/6
f 4200/8/6 4182/8/6 4201/8/6
f 4194/7/6 4195/7/6 4202/7/6
f 4195/7/6 4186/7/6 4203/7/6
f 4202/7/6 4195/7/6 4203/7/6
f 4196/8/6 4197/8/6 4204/8/6
f 4191/8/6 4196/8/6 4204/8/6
f 4204/8/6 4197/8/6 4205/8/6
f 4205/8/6 4197/8/6 4206/8/6
f 4198/8/6 4199/8/6 4207/8/6
f 4199/8/6 4200/8/6 4207/8/6
f 4203/7/6 4186/7/6 4208/7/6
f 4186/7/6 4175/7/6 4209/7/6
f 4208/7/6 4186/7/6 4209/7/6
f 4204/7/6 4205/7/6 4210/7/6
f 4206/8/6 4207/8/6 4211/8/6
f 4210/7/6 4205/7/6 4211/7/6
f 4205/8/6 4206/8/6 4211/8/6
f 4211/8/6 4207/8/6 4212/8/6
f 4207/8/6 4200/8/6 4213/8/6
f 4212/8/6 4207/8/6 4213/8/6
f 4212/3/6 4213/3/6 4214/3/6
f 4214/3/6 4213/3/6 4215/3/6
f 4216/7/6 4217/7/6 4219/7/6
f 4219/7/6 4217/7/6 4220/7/6
f 4218/7/6 4219/7/6 4223/7/6
f 4223/7/6 4219/7/6 4224/7/6
f 4221/7/6 4222/7/6 4227/7/6
f 4227/7/6 4222/7/6 4228/7/6
f 4225/8/6 4226/8/6 4229/8/6
f 4226/7/6 4227/7/6 4230/7/6
f 4229/8/6 4226/8/6 4230/8/6
f 4230/7/6 4227/7/6 4231/7/6
f 4232/5/6 4233/5/6 4235/5/6
f 4235/5/6 4233/5/6 4236/5/6
f 4236/5/6 4233/5/6 4237/5/6
f 4234/5/6 4235/5/6 4239/5/6
f 4239/5/6 4235/5/6 4240/5/6
f 4237/4/6 4238/4/6 4241/4/6
f 4236/4/6 4237/4/6 4241/4/6
f 4241/4/6 4238/4/6 4242/4/6
f 4242/4/6 4243/4/6 4246/4/6
f 4246/4/6 4243/4/6 4247/4/6
f 4244/5/6 4245/5/6 4248/5/6
f 4248/5/6 4245/5/6 4249/5/6
f 4250/1/6 4251/1/6 4257/1/6
f 4257/1/6 4251/1/6 4258/1/6
f 4252/5/6 4253/5/6 4259/5/6
f 4259/5/6 4253/5/6 4260/5/6
f 4254/7/6 4255/7/6 4262/7/6
f 4262/7/6 4255/7/6 4263/7/6
f 4256/4/6 4257/4/6 4265/4/6
f 4265/4/6 4257/4/6 4266/4/6
f 4260/5/6 4261/5/6 4267/5/6
f 4267/5/6 4261/5/6 4268/5/6
f 4263/7/6 4264/7/6 4269/7/6
f 4263/7/6 4269/7/6 4272/7/6
f 4272/7/6 4269/7/6 4273/7/6
f 4270/5/6 4271/5/6 4279/5/6
f 4279/5/6 4271/5/6 4280/5/6
f 4274/7/6 4275/7/6 4281/7/6
f 4281/7/6 4275/7/6 4282/7/6
f 4276/5/6 4277/5/6 4283/5/6
f 4283/5/6 4277/5/6 4284/5/6
f 4278/5/6 4279/5/6 4286/5/6
f 4286/5/6 4279/5/6 4287/5/6
f 4285/5/6 4286/5/6 4288/5/6
f 4288/5/6 4286/5/6 4289/5/6
f 4290/7/6 4291/7/6 4295/7/6
f 4295/7/6 4291/7/6 4296/7/6
f 4292/7/6 4293/7/6 4297/7/6
f 4294/7/6 4295/7/6 4299/7/6
f 4297/7/6 4293/7/6 4300/7/6
f 4300/7/6 4293/7/6 4301/7/6
f 4298/7/6 4299/7/6 4302/7/6
f 4299/7/6 4295/7/6 4302/7/6
f 4300/8/6 4301/8/6 4304/8/6
f 4304/8/6 4301/8/6 4305/8/6
f 4298/7/6 4302/7/6 4306/7/6
f 4306/7/6 4302/7/6 4307/7/6
f 4303/8/6 4304/8/6 4308/8/6
f 4308/8/6 4304/8/6 4309/8/6
f 4310/7/6 4311/7/6 4313/7/6
f 4311/7/6 4312/7/6 4313/7/6
f 4313/7/6 4312/7/6 4314/7/6
f 4315/7/6 4316/7/6 4319/7/6
f 4317/4/6 4318/4/6 4320/4/6
f 4320/4/6 4318/4/6 4321/4/6
f 4315/7/6 4319/7/6 4324/7/6
f 4319/4/6 4320/4/6 4324/4/6
f 4324/4/6 4320/4/6 4325/4/6
f 4322/4/6 4323/4/6 4326/4/6
f 4326/4/6 4323/4/6 4327/4/6
f 4327/4/6 4328/4/6 4329/4/6
f 4329/4/6 4328/4/6 4330/4/6
f 4315/7/6 4324/7/6 4332/7/6
f 4332/7/6 4324/7/6 4333/7/6
f 4331/7/6 4332/7/6 4334/7/6
f 4334/7/6 4332/7/6 4335/7/6
f 4336/7/6 4337/7/6 4338/7/6
f 4338/7/6 4337/7/6 4339/7/6
f 4336/7/6 4338/7/6 4345/7/6
f 4345/7/6 4338/7/6 4346/7/6
f 4341/4/6 4342/4/6 4347/4/6
f 4347/4/6 4342/4/6 4348/4/6
f 4343/4/6 4344/4/6 4349/4/6
f 4349/4/6 4344/4/6 4350/4/6
f 4351/7/6 4352/7/6 4353/7/6
f 4353/7/6 4352/7/6 4354/7/6
f 4339/7/6 4340/7/6 4356/7/6
f 4356/7/6 4340/7/6 4357/7/6
f 4355/7/6 4356/7/6 4360/7/6
f 4360/7/6 4356/7/6 4361/7/6
f 4358/4/6 4359/4/6 4364/4/6
f 4364/4/6 4359/4/6 4365/4/6
f 4362/5/6 4363/5/6 4366/5/6
f 4366/5/6 4363/5/6 4367/5/6
f 4368/7/6 4369/7/6 4371/7/6
f 4371/7/6 4369/7/6 4372/7/6
f 4372/7/6 4369/7/6 4373/7/6
f 4370/7/6 4371/7/6 4374/7/6
f 4371/7/6 4372/7/6 4374/7/6
f 4372/8/6 4373/8/6 4375/8/6
f 4374/7/6 4372/7/6 4375/7/6
f 4370/7/6 4374/7/6 4376/7/6
f 4374/8/6 4375/8/6 4377/8/6
f 4376/7/6 4374/7/6 4377/7/6
f 4377/8/6 4375/8/6 4378/8/6
f 4378/8/6 4375/8/6 4379/8/6
f 4375/8/6 4373/8/6 4380/8/6
f 4379/8/6 4375/8/6 4380/8/6
f 4378/8/6 4379/8/6 4381/8/6
f 4381/8/6 4379/8/6 4382/8/6
f 4382/8/6 4379/8/6 4383/8/6
f 4383/8/6 4379/8/6 4384/8/6
f 4385/7/6 4386/7/6 4387/7/6
f 4388/8/6 4389/8/6 4390/8/6
f 4390/8/6 4389/8/6 4391/8/6
f 4387/7/6 4386/7/6 4393/7/6
f 4393/7/6 4386/7/6 4394/7/6
f 4392/7/6 4393/7/6 4397/7/6
f 4397/7/6 4393/7/6 4398/7/6
f 4395/8/6 4396/8/6 4399/8/6
f 4399/8/6 4396/8/6 4400/8/6
f 4403/7/6 4404/7/6 4407/7/6
f 4407/7/6 4404/7/6 4408/7/6
f 4401/7/6 4402/7/6 4410/7/6
f 4400/7/6 4401/7/6 4410/7/6
f 4405/4/6 4406/4/6 4411/4/6
f 4411/4/6 4406/4/6 4412/4/6
f 4408/7/6 4409/7/6 4414/7/6
f 4414/7/6 4409/7/6 4415/7/6
f 4410/7/6 4402/7/6 4420/7/6
f 4412/4/6 4413/4/6 4421/4/6
f 4417/7/6 4418/7/6 4423/7/6
f 4416/7/6 4417/7/6 4423/7/6
f 4423/7/6 4418/7/6 4424/7/6
f 4419/7/6 4420/7/6 4425/7/6
f 4420/7/6 4402/7/6 4426/7/6
f 4425/7/6 4420/7/6 4426/7/6
f 4405/4/6 4411/4/6 4427/4/6
f 4427/4/6 4411/4/6 4428/4/6
f 4421/4/6 4422/4/6 4429/4/6
f 4412/4/6 4421/4/6 4429/4/6
f 4429/4/6 4422/4/6 4430/4/6
f 4431/4/6 4432/4/6 4433/4/6
f 4433/4/6 4432/4/6 4434/4/6
f 4437/6/6 4438/6/6 4439/6/6
f 4439/6/6 4438/6/6 4440/6/6
f 4435/8/6 4436/8/6 4446/8/6
f 4446/8/6 4436/8/6 4447/8/6
f 4440/6/6 4441/6/6 4448/6/6
f 4448/6/6 4441/6/6 4449/6/6
f 4447/8/6 4436/8/6 4450/8/6
f 4450/8/6 4436/8/6 4451/8/6
f 4442/4/6 4443/4/6 4452/4/6
f 4452/4/6 4443/4/6 4453/4/6
f 4444/4/6 4445/4/6 4454/4/6
f 4454/4/6 4445/4/6 4455/4/6
f 4456/4/6 4457/4/6 4458/4/6
f 4458/4/6 4457/4/6 4459/4/6
f 4460/8/6 4461/8/6 4462/8/6
f 4462/8/6 4461/8/6 4463/8/6
f 4463/8/6 4464/8/6 4465/8/6
f 4465/8/6 4464/8/6 4466/8/6
f 4466/8/6 4467/8/6 4470/8/6
f 4470/8/6 4467/8/6 4471/8/6
f 4468/8/6 4469/8/6 4474/8/6
f 4474/8/6 4469/8/6 4475/8/6
f 4470/7/6 4471/7/6 4477/7/6
f 4472/7/6 4473/7/6 4479/7/6
f 4479/7/6 4473/7/6 4480/7/6
f 4475/8/6 4476/8/6 4481/8/6
f 4476/7/6 4477/7/6 4482/7/6
f 4481/8/6 4476/8/6 4482/8/6
f 4477/7/6 4471/7/6 4483/7/6
f 4482/7/6 4477/7/6 4483/7/6
f 4468/8/6 4474/8/6 4486/8/6
f 4486/8/6 4474/8/6 4487/8/6
f 4478/7/6 4479/7/6 4488/7/6
f 4484/7/6 4485/7/6 4489/7/6
f 4485/8/6 4486/8/6 4490/8/6
f 4489/7/6 4485/7/6 4490/7/6
f 4490/8/6 4486/8/6 4491/8/6
f 4478/7/6 4488/7/6 4492/7/6
f 4492/7/6 4488/7/6 4493/7/6
f 4493/8/6 4494/8/6 4495/8/6
f 4495/8/6 4494/8/6 4496/8/6
f 4496/8/6 4497/8/6 4500/8/6
f 4500/8/6 4497/8/6 4501/8/6
f 4498/4/6 4499/4/6 4502/4/6
f 4502/4/6 4499/4/6 4503/4/6
f 4498/4/6 4502/4/6 4504/4/6
f 4504/4/6 4502/4/6 4505/4/6
f 4505/4/6 4506/4/6 4507/4/6
f 4507/4/6 4506/4/6 4508/4/6
f 4509/6/6 4510/6/6 4513/6/6
f 4513/6/6 4510/6/6 4514/6/6
f 4511/4/6 4512/4/6 4516/4/6
f 4516/4/6 4512/4/6 4517/4/6
f 4515/4/6 4516/4/6 4518/4/6
f 4518/4/6 4516/4/6 4519/4/6
f 4520/7/6 4521/7/6 4525/7/6
f 4525/7/6 4521/7/6 4526/7/6
f 4522/8/6 4523/8/6 4527/8/6
f 4527/8/6 4523/8/6 4528/8/6
f 4528/8/6 4523/8/6 4529/8/6
f 4524/7/6 4525/7/6 4531/7/6
f 4531/7/6 4525/7/6 4532/7/6
f 4529/8/6 4530/8/6 4533/8/6
f 4528/8/6 4529/8/6 4533/8/6
f 4533/8/6 4530/8/6 4534/8/6
f 4531/8/6 4532/8/6 4536/8/6
f 4536/8/6 4532/8/6 4537/8/6
f 4534/8/6 4530/8/6 4538/8/6
f 4538/8/6 4530/8/6 4539/8/6
f 4535/8/6 4536/8/6 4541/8/6
f 4541/8/6 4536/8/6 4542/8/6
f 4539/8/6 4530/8/6 4543/8/6
f 4543/8/6 4530/8/6 4544/8/6
f 4540/7/6 4541/7/6 4546/7/6
f 4546/7/6 4541/7/6 4547/7/6
f 4534/8/6 4538/8/6 4549/8/6
f 4548/8/6 4549/8/6 4552/8/6
f 4549/8/6 4538/8/6 4553/8/6
f 4552/8/6 4549/8/6 4553/8/6
f 4545/7/6 4546/7/6 4554/7/6
f 4554/7/6 4546/7/6 4555/7/6
f 4550/8/6 4551/8/6 4556/8/6
f 4556/8/6 4551/8/6 4557/8/6
f 4554/8/6 4555/8/6 4559/8/6
f 4559/8/6 4555/8/6 4560/8/6
f 4560/8/6 4561/8/6 4562/8/6
f 4562/8/6 4561/8/6 4563/8/6
f 4557/8/6 4558/8/6 4564/8/6
f 4564/8/6 4558/8/6 4565/8/6
f 4563/8/6 4561/8/6 4566/8/6
f 4566/8/6 4561/8/6 4567/8/6
f 4564/7/6 4565/7/6 4568/7/6
f 4568/7/6 4565/7/6 4569/7/6
f 4567/7/6 4568/7/6 4570/7/6
f 4570/7/6 4568/7/6 4571/7/6
f 4572/4/6 4573/4/6 4575/4/6
f 4573/6/6 4574/6/6 4576/6/6
f 4575/4/6 4573/4/6 4576/4/6
f 4576/6/6 4574/6/6 4577/6/6
f 4577/6/6 4574/6/6 4578/6/6
f 4576/6/6 4577/6/6 4579/6/6
f 4579/6/6 4577/6/6 4580/6/6
f 4578/6/6 4574/6/6 4581/6/6
f 4581/6/6 4574/6/6 4582/6/6
f 4580/6/6 4581/6/6 4583/6/6
f 4583/6/6 4581/6/6 4584/6/6
f 4585/8/6 4586/8/6 4588/8/6
f 4588/8/6 4586/8/6 4589/8/6
f 4589/8/6 4590/8/6 4591/8/6
f 4591/8/6 4590/8/6 4592/8/6
f 4587/8/6 4588/8/6 4595/8/6
f 4594/8/6 4595/8/6 4597/8/6
f 4596/8/6 4597/8/6 4599/8/6
f 4595/8/6 4588/8/6 4600/8/6
f 4597/8/6 4595/8/6 4600/8/6
f 4599/8/6 4597/8/6 4600/8/6
f 4592/8/6 4593/8/6 4601/8/6
f 4601/8/6 4593/8/6 4602/8/6
f 4599/8/6 4600/8/6 4603/8/6
f 4598/8/6 4599/8/6 4603/8/6
f 4600/8/6 4601/8/6 4603/8/6
f 4603/8/6 4601/8/6 4604/8/6
f 4598/8/6 4603/8/6 4605/8/6
f 4598/8/6 4605/8/6 4607/8/6
f 4605/8/6 4606/8/6 4607/8/6
f 4607/8/6 4606/8/6 4608/8/6
f 4608/8/6 4606/8/6 4609/8/6
f 4609/8/6 4606/8/6 4610/8/6
f 4611/6/6 4612/6/6 4613/6/6
f 4613/6/6 4612/6/6 4614/6/6
f 4615/1/6 4616/1/6 4617/1/6
f 4617/1/6 4616/1/6 4618/1/6
f 4619/8/6 4620/8/6 4621/8/6
f 4619/8/6 4621/8/6 4623/8/6
f 4621/8/6 4622/8/6 4623/8/6
f 4623/8/6 4622/8/6 4624/8/6
f 4625/1/6 4626/1/6 4627/1/6
f 4627/1/6 4626/1/6 4628/1/6
f 4629/6/6 4630/6/6 4631/6/6
f 4631/6/6 4630/6/6 4632/6/6
f 4632/6/6 4630/6/6 4633/6/6
f 4634/6/6 4635/6/6 4636/6/6
f 4636/6/6 4635/6/6 4637/6/6
