# MagicaVoxel @ Ephtracy

# group
o 

# material
mtllib пришелец.mtl
usemtl palette

# normals
vn -1 0 0
vn 1 0 0
vn 0 0 1
vn 0 0 -1
vn 0 -1 0
vn 0 1 0

# texcoords
vt 0.376953 0.5
vt 0.396484 0.5
vt 0.400391 0.5
vt 0.408203 0.5
vt 0.412109 0.5
vt 0.416016 0.5
vt 0.419922 0.5
vt 0.427734 0.5
vt 0.431641 0.5

# verts
v -1.7 1 0.7
v -1.7 1 -0.7
v -1.7 1.2 0.3
v -1.7 1.2 0.2
v -1.7 1.2 -0.2
v -1.7 1.2 -0.3
v -1.7 1.3 0.3
v -1.7 1.3 0.2
v -1.7 1.3 -0.2
v -1.7 1.3 -0.3
v -1.7 1.4 0.8
v -1.7 1.4 0.7
v -1.7 1.4 0.2
v -1.7 1.4 -0.2
v -1.7 1.4 -0.7
v -1.7 1.4 -0.8
v -1.7 1.5 0.5
v -1.7 1.5 0.4
v -1.7 1.5 0.2
v -1.7 1.5 -0.2
v -1.7 1.5 -0.4
v -1.7 1.5 -0.5
v -1.7 1.7 0.4
v -1.7 1.7 0.2
v -1.7 1.7 -0.2
v -1.7 1.7 -0.4
v -1.7 1.8 0.8
v -1.7 1.8 0.7
v -1.7 1.8 0.5
v -1.7 1.8 0.2
v -1.7 1.8 0.0999999
v -1.7 1.8 -0.1
v -1.7 1.8 -0.2
v -1.7 1.8 -0.5
v -1.7 1.8 -0.7
v -1.7 1.8 -0.8
v -1.7 1.9 0.5
v -1.7 1.9 0.2
v -1.7 1.9 0.0999999
v -1.7 1.9 -0.1
v -1.7 1.9 -0.2
v -1.7 1.9 -0.5
v -1.7 2 0.5
v -1.7 2 0.2
v -1.7 2 -0.2
v -1.7 2 -0.5
v -1.7 2.1 0.7
v -1.7 2.1 -0.7
v -1.6 0.8 0.8
v -1.6 0.8 -0.8
v -1.6 1 0.7
v -1.6 1 -0.7
v -1.6 1.4 0.8
v -1.6 1.4 0.7
v -1.6 1.4 -0.7
v -1.6 1.4 -0.8
v -1.6 2.1 0.6
v -1.6 2.1 -0.6
v -1.6 2.3 0.6
v -1.6 2.3 -0.6
v -1.5 0.4 1.2
v -1.5 0.4 -1.2
v -1.5 0.6 1.2
v -1.5 0.6 1.1
v -1.5 0.6 -1.1
v -1.5 0.6 -1.2
v -1.5 0.7 1.1
v -1.5 0.7 1
v -1.5 0.7 -1
v -1.5 0.7 -1.1
v -1.5 0.8 1
v -1.5 0.8 0.8
v -1.5 0.8 -0.8
v -1.5 0.8 -1
v -1.5 0.9 0.9
v -1.5 0.9 0.8
v -1.5 0.9 -0.8
v -1.5 0.9 -0.9
v -1.5 1.6 0.9
v -1.5 1.6 0.8
v -1.5 1.6 -0.8
v -1.5 1.6 -0.9
v -1.4 0 1.4
v -1.4 0 -1.4
v -1.4 0.2 1.4
v -1.4 0.2 1.3
v -1.4 0.2 1.1
v -1.4 0.2 0.9
v -1.4 0.2 0.5
v -1.4 0.2 -0.5
v -1.4 0.2 -0.9
v -1.4 0.2 -1.1
v -1.4 0.2 -1.3
v -1.4 0.2 -1.4
v -1.4 0.3 1.3
v -1.4 0.3 1.1
v -1.4 0.3 0.9
v -1.4 0.3 0.5
v -1.4 0.3 -0.5
v -1.4 0.3 -0.9
v -1.4 0.3 -1.1
v -1.4 0.3 -1.3
v -1.4 0.4 1.3
v -1.4 0.4 1.2
v -1.4 0.4 -1.2
v -1.4 0.4 -1.3
v -1.4 2.3 0.6
v -1.4 2.3 -0.6
v -1.4 2.4 0.6
v -1.4 2.4 -0.6
v -1.3 0 1.8
v -1.3 0 1.4
v -1.3 0 -1.4
v -1.3 0 -1.8
v -1.3 0.1 1.8
v -1.3 0.1 1.5
v -1.3 0.1 -1.5
v -1.3 0.1 -1.8
v -1.3 0.2 1.5
v -1.3 0.2 1.4
v -1.3 0.2 -1.4
v -1.3 0.2 -1.5
v -1.2 0.2 1.4
v -1.2 0.2 1.3
v -1.2 0.2 -1.3
v -1.2 0.2 -1.4
v -1.2 0.3 1.4
v -1.2 0.3 1.3
v -1.2 0.3 -1.3
v -1.2 0.3 -1.4
v -1.2 2.4 0.5
v -1.2 2.4 -0.5
v -1.2 2.5 0.5
v -1.2 2.5 -0.5
v -1.1 0.1 1.7
v -1.1 0.1 1.5
v -1.1 0.1 -1.5
v -1.1 0.1 -1.7
v -1.1 0.2 1.7
v -1.1 0.2 1.5
v -1.1 0.2 -1.5
v -1.1 0.2 -1.7
v -1 0.2 1.6
v -1 0.2 1.5
v -1 0.2 1.4
v -1 0.2 -1.4
v -1 0.2 -1.5
v -1 0.2 -1.6
v -1 0.3 1.6
v -1 0.3 1.5
v -1 0.3 1.4
v -1 0.3 1.3
v -1 0.3 -1.3
v -1 0.3 -1.4
v -1 0.3 -1.5
v -1 0.3 -1.6
v -1 0.4 1.4
v -1 0.4 1.3
v -1 0.4 -1.3
v -1 0.4 -1.4
v -1 1.6 0.9
v -1 1.6 0.8
v -1 1.6 -0.8
v -1 1.6 -0.9
v -1 1.8 0.8
v -1 1.8 0.7
v -1 1.8 -0.7
v -1 1.8 -0.8
v -1 2 0.7
v -1 2 0.6
v -1 2 -0.6
v -1 2 -0.7
v -1 2.4 0.9
v -1 2.4 0.8
v -1 2.4 0.6
v -1 2.4 -0.6
v -1 2.4 -0.8
v -1 2.4 -0.9
v -1 2.7 0.7
v -1 2.7 0.6
v -1 2.7 -0.6
v -1 2.7 -0.7
v -1 2.8 0.8
v -1 2.8 0.7
v -1 2.8 -0.7
v -1 2.8 -0.8
v 1.19209e-07 1.6 0.9
v 1.19209e-07 1.6 0.8
v 1.19209e-07 1.6 -0.8
v 1.19209e-07 1.6 -0.9
v 1.19209e-07 1.9 0.8
v 1.19209e-07 1.9 0.6
v 1.19209e-07 1.9 -0.6
v 1.19209e-07 1.9 -0.8
v 1.19209e-07 2 0.9
v 1.19209e-07 2 0.8
v 1.19209e-07 2 -0.8
v 1.19209e-07 2 -0.9
v 1.19209e-07 2.1 0.8
v 1.19209e-07 2.1 0.7
v 1.19209e-07 2.1 0.6
v 1.19209e-07 2.1 -0.6
v 1.19209e-07 2.1 -0.7
v 1.19209e-07 2.1 -0.8
v 1.19209e-07 2.3 0.8
v 1.19209e-07 2.3 0.7
v 1.19209e-07 2.3 -0.7
v 1.19209e-07 2.3 -0.8
v 0.1 0.8 0.9
v 0.1 0.8 0.8
v 0.1 0.8 -0.8
v 0.1 0.8 -0.9
v 0.1 0.9 0.9
v 0.1 0.9 0.8
v 0.1 0.9 -0.8
v 0.1 0.9 -0.9
v 0.5 0.7 1.1
v 0.5 0.7 1
v 0.5 0.7 -1
v 0.5 0.7 -1.1
v 0.5 0.8 1.1
v 0.5 0.8 1
v 0.5 0.8 0.9
v 0.5 0.8 -0.9
v 0.5 0.8 -1
v 0.5 0.8 -1.1
v 0.5 1 0.9
v 0.5 1 0.8
v 0.5 1 -0.8
v 0.5 1 -0.9
v 0.5 1.1 0.8
v 0.5 1.1 0.7
v 0.5 1.1 0.5
v 0.5 1.1 -0.5
v 0.5 1.1 -0.7
v 0.5 1.1 -0.8
v 0.5 1.2 1
v 0.5 1.2 0.9
v 0.5 1.2 0.8
v 0.5 1.2 0.7
v 0.5 1.2 -0.7
v 0.5 1.2 -0.8
v 0.5 1.2 -0.9
v 0.5 1.2 -1
v 0.5 1.4 0.9
v 0.5 1.4 0.8
v 0.5 1.4 0.6
v 0.5 1.4 0.5
v 0.5 1.4 -0.5
v 0.5 1.4 -0.6
v 0.5 1.4 -0.8
v 0.5 1.4 -0.9
v 0.5 1.5 0.8
v 0.5 1.5 0.7
v 0.5 1.5 -0.7
v 0.5 1.5 -0.8
v 0.5 1.6 0.7
v 0.5 1.6 0.6
v 0.5 1.6 -0.6
v 0.5 1.6 -0.7
v 0.5 1.7 0.8
v 0.5 1.7 0.7
v 0.5 1.7 -0.7
v 0.5 1.7 -0.8
v 0.9 0.5 1.1
v 0.9 0.5 0.7
v 0.9 0.5 -0.7
v 0.9 0.5 -1.1
v 0.9 0.6 1.1
v 0.9 0.6 1
v 0.9 0.6 0.7
v 0.9 0.6 0.5
v 0.9 0.6 -0.5
v 0.9 0.6 -0.7
v 0.9 0.6 -1
v 0.9 0.6 -1.1
v 0.9 0.8 1
v 0.9 0.8 0.9
v 0.9 0.8 0.6
v 0.9 0.8 0.5
v 0.9 0.8 -0.5
v 0.9 0.8 -0.6
v 0.9 0.8 -0.9
v 0.9 0.8 -1
v 0.9 1 0.7
v 0.9 1 0.6
v 0.9 1 -0.6
v 0.9 1 -0.7
v 0.9 1.1 0.9
v 0.9 1.1 0.8
v 0.9 1.1 0.7
v 0.9 1.1 -0.7
v 0.9 1.1 -0.8
v 0.9 1.1 -0.9
v 0.9 1.3 0.8
v 0.9 1.3 0.7
v 0.9 1.3 -0.7
v 0.9 1.3 -0.8
v 1.3 0.4 0.8
v 1.3 0.4 0.5
v 1.3 0.4 -0.5
v 1.3 0.4 -0.8
v 1.3 0.5 0.8
v 1.3 0.5 0.7
v 1.3 0.5 0.6
v 1.3 0.5 0.5
v 1.3 0.5 -0.5
v 1.3 0.5 -0.6
v 1.3 0.5 -0.7
v 1.3 0.5 -0.8
v 1.3 0.6 0.7
v 1.3 0.6 0.6
v 1.3 0.6 -0.6
v 1.3 0.6 -0.7
v 1.4 0.6 0.7
v 1.4 0.6 0.6
v 1.4 0.6 -0.6
v 1.4 0.6 -0.7
v 1.4 0.7 0.7
v 1.4 0.7 0.6
v 1.4 0.7 -0.6
v 1.4 0.7 -0.7
v -1.2 2 0.7
v -1.2 2 0.6
v -1.2 2 -0.6
v -1.2 2 -0.7
v -1.2 2.1 0.7
v -1.2 2.1 0.6
v -1.2 2.1 -0.6
v -1.2 2.1 -0.7
v -0.9 2.6 0.7
v -0.9 2.6 0.6
v -0.9 2.6 -0.6
v -0.9 2.6 -0.7
v -0.9 2.7 0.7
v -0.9 2.7 0.6
v -0.9 2.7 -0.6
v -0.9 2.7 -0.7
v -0.8 2.4 0.7
v -0.8 2.4 0.6
v -0.8 2.4 -0.6
v -0.8 2.4 -0.7
v -0.8 2.6 0.7
v -0.8 2.6 0.6
v -0.8 2.6 -0.6
v -0.8 2.6 -0.7
v -0.8 2.7 0.8
v -0.8 2.7 0.7
v -0.8 2.7 -0.7
v -0.8 2.7 -0.8
v -0.8 2.8 0.8
v -0.8 2.8 0.7
v -0.8 2.8 -0.7
v -0.8 2.8 -0.8
v -0.7 2 0.7
v -0.7 2 0.6
v -0.7 2 -0.6
v -0.7 2 -0.7
v -0.7 2.1 0.9
v -0.7 2.1 0.8
v -0.7 2.1 -0.8
v -0.7 2.1 -0.9
v -0.7 2.4 0.9
v -0.7 2.4 0.8
v -0.7 2.4 0.7
v -0.7 2.4 0.6
v -0.7 2.4 -0.6
v -0.7 2.4 -0.7
v -0.7 2.4 -0.8
v -0.7 2.4 -0.9
v -0.7 2.5 0.8
v -0.7 2.5 0.7
v -0.7 2.5 -0.7
v -0.7 2.5 -0.8
v -0.7 2.7 0.8
v -0.7 2.7 0.7
v -0.7 2.7 -0.7
v -0.7 2.7 -0.8
v -0.6 1.9 0.9
v -0.6 1.9 0.8
v -0.6 1.9 -0.8
v -0.6 1.9 -0.9
v -0.6 2.1 0.9
v -0.6 2.1 0.8
v -0.6 2.1 -0.8
v -0.6 2.1 -0.9
v -0.6 2.3 0.8
v -0.6 2.3 0.7
v -0.6 2.3 0.6
v -0.6 2.3 0.4
v -0.6 2.3 -0.4
v -0.6 2.3 -0.6
v -0.6 2.3 -0.7
v -0.6 2.3 -0.8
v -0.6 2.4 0.6
v -0.6 2.4 0.5
v -0.6 2.4 -0.5
v -0.6 2.4 -0.6
v -0.6 2.5 0.8
v -0.6 2.5 0.7
v -0.6 2.5 0.5
v -0.6 2.5 0.4
v -0.6 2.5 -0.4
v -0.6 2.5 -0.5
v -0.6 2.5 -0.7
v -0.6 2.5 -0.8
v -0.5 1.8 0.9
v -0.5 1.8 0.8
v -0.5 1.8 -0.8
v -0.5 1.8 -0.9
v -0.5 1.9 0.9
v -0.5 1.9 0.8
v -0.5 1.9 -0.8
v -0.5 1.9 -0.9
v -0.5 2 0.8
v -0.5 2 0.7
v -0.5 2 -0.7
v -0.5 2 -0.8
v -0.5 2.3 0.8
v -0.5 2.3 0.7
v -0.5 2.3 -0.7
v -0.5 2.3 -0.8
v -0.4 0.2 1.6
v -0.4 0.2 1.5
v -0.4 0.2 1.4
v -0.4 0.2 -1.4
v -0.4 0.2 -1.5
v -0.4 0.2 -1.6
v -0.4 0.3 1.6
v -0.4 0.3 1.5
v -0.4 0.3 1.4
v -0.4 0.3 -1.4
v -0.4 0.3 -1.5
v -0.4 0.3 -1.6
v -0.4 1.6 0.9
v -0.4 1.6 0.8
v -0.4 1.6 -0.8
v -0.4 1.6 -0.9
v -0.4 1.8 0.9
v -0.4 1.8 0.8
v -0.4 1.8 -0.8
v -0.4 1.8 -0.9
v -0.4 1.9 0.8
v -0.4 1.9 0.7
v -0.4 1.9 0.6
v -0.4 1.9 -0.6
v -0.4 1.9 -0.7
v -0.4 1.9 -0.8
v -0.4 2 0.8
v -0.4 2 0.7
v -0.4 2 0.6
v -0.4 2 -0.6
v -0.4 2 -0.7
v -0.4 2 -0.8
v -0.3 1.9 0.6
v -0.3 1.9 0.4
v -0.3 1.9 -0.4
v -0.3 1.9 -0.6
v -0.3 2.3 0.6
v -0.3 2.3 0.4
v -0.3 2.3 -0.4
v -0.3 2.3 -0.6
v -0.3 2.4 0.4
v -0.3 2.4 -0.4
v -0.3 2.5 0.4
v -0.3 2.5 -0.4
v -0.2 0.1 1.7
v -0.2 0.1 1.5
v -0.2 0.1 -1.5
v -0.2 0.1 -1.7
v -0.2 0.2 1.7
v -0.2 0.2 1.5
v -0.2 0.2 -1.5
v -0.2 0.2 -1.7
v -0.2 0.3 1.4
v -0.2 0.3 1.3
v -0.2 0.3 -1.3
v -0.2 0.3 -1.4
v -0.2 0.4 1.4
v -0.2 0.4 1.3
v -0.2 0.4 -1.3
v -0.2 0.4 -1.4
v -0.2 2.3 0.4
v -0.2 2.3 -0.4
v -0.2 2.4 0.4
v -0.2 2.4 -0.4
v -0.0999999 2 0.4
v -0.0999999 2 -0.4
v -0.0999999 2.3 0.4
v -0.0999999 2.3 -0.4
v 1.19209e-07 1.5 0.4
v 1.19209e-07 1.5 0.0999999
v 1.19209e-07 1.5 -0.1
v 1.19209e-07 1.5 -0.4
v 1.19209e-07 1.6 0.0999999
v 1.19209e-07 1.6 -0.1
v 1.19209e-07 1.7 0.5
v 1.19209e-07 1.7 0.4
v 1.19209e-07 1.7 0.0999999
v 1.19209e-07 1.7 -0.1
v 1.19209e-07 1.7 -0.4
v 1.19209e-07 1.7 -0.5
v 1.19209e-07 1.9 0.5
v 1.19209e-07 1.9 0.4
v 1.19209e-07 1.9 -0.4
v 1.19209e-07 1.9 -0.5
v 1.19209e-07 2 0.4
v 1.19209e-07 2 -0.4
v 0.1 0 1.8
v 0.1 0 1.7
v 0.1 0 -1.7
v 0.1 0 -1.8
v 0.1 0.1 1.8
v 0.1 0.1 1.7
v 0.1 0.1 -1.7
v 0.1 0.1 -1.8
v 0.1 0.2 1.4
v 0.1 0.2 1.3
v 0.1 0.2 -1.3
v 0.1 0.2 -1.4
v 0.1 0.3 1.4
v 0.1 0.3 1.3
v 0.1 0.3 -1.3
v 0.1 0.3 -1.4
v 0.1 2 0.7
v 0.1 2 0.6
v 0.1 2 -0.6
v 0.1 2 -0.7
v 0.1 2.1 0.7
v 0.1 2.1 0.6
v 0.1 2.1 -0.6
v 0.1 2.1 -0.7
v 0.1 2.2 0.8
v 0.1 2.2 0.7
v 0.1 2.2 -0.7
v 0.1 2.2 -0.8
v 0.1 2.3 0.8
v 0.1 2.3 0.7
v 0.1 2.3 -0.7
v 0.1 2.3 -0.8
v 0.2 1.4 0.6
v 0.2 1.4 0.0999999
v 0.2 1.4 -0.1
v 0.2 1.4 -0.6
v 0.2 1.5 0.6
v 0.2 1.5 0.4
v 0.2 1.5 0.0999999
v 0.2 1.5 -0.1
v 0.2 1.5 -0.4
v 0.2 1.5 -0.6
v 0.2 1.6 0.0999999
v 0.2 1.6 -0.1
v 0.2 1.7 0.5
v 0.2 1.7 0.4
v 0.2 1.7 0.0999999
v 0.2 1.7 -0.1
v 0.2 1.7 -0.4
v 0.2 1.7 -0.5
v 0.2 1.8 0.9
v 0.2 1.8 0.8
v 0.2 1.8 -0.8
v 0.2 1.8 -0.9
v 0.2 1.9 0.8
v 0.2 1.9 0.6
v 0.2 1.9 0.5
v 0.2 1.9 -0.5
v 0.2 1.9 -0.6
v 0.2 1.9 -0.8
v 0.2 2 0.9
v 0.2 2 0.8
v 0.2 2 -0.8
v 0.2 2 -0.9
v 0.2 2.1 0.8
v 0.2 2.1 0.7
v 0.2 2.1 -0.7
v 0.2 2.1 -0.8
v 0.2 2.2 0.8
v 0.2 2.2 0.7
v 0.2 2.2 -0.7
v 0.2 2.2 -0.8
v 0.3 1.1 0.9
v 0.3 1.1 0.8
v 0.3 1.1 -0.8
v 0.3 1.1 -0.9
v 0.3 1.4 0.9
v 0.3 1.4 0.8
v 0.3 1.4 -0.8
v 0.3 1.4 -0.9
v 0.3 1.5 0.8
v 0.3 1.5 -0.8
v 0.3 1.6 0.7
v 0.3 1.6 0.6
v 0.3 1.6 -0.6
v 0.3 1.6 -0.7
v 0.3 1.8 0.9
v 0.3 1.8 0.8
v 0.3 1.8 0.7
v 0.3 1.8 -0.7
v 0.3 1.8 -0.8
v 0.3 1.8 -0.9
v 0.3 2 0.8
v 0.3 2 0.7
v 0.3 2 0.6
v 0.3 2 -0.6
v 0.3 2 -0.7
v 0.3 2 -0.8
v 0.3 2.1 0.8
v 0.3 2.1 0.7
v 0.3 2.1 -0.7
v 0.3 2.1 -0.8
v 0.4 1 0.9
v 0.4 1 0.8
v 0.4 1 -0.8
v 0.4 1 -0.9
v 0.4 1.1 0.9
v 0.4 1.1 0.8
v 0.4 1.1 0.7
v 0.4 1.1 0.0999999
v 0.4 1.1 -0.1
v 0.4 1.1 -0.7
v 0.4 1.1 -0.8
v 0.4 1.1 -0.9
v 0.4 1.2 0.8
v 0.4 1.2 0.7
v 0.4 1.2 -0.7
v 0.4 1.2 -0.8
v 0.4 1.4 0.7
v 0.4 1.4 0.6
v 0.4 1.4 0.0999999
v 0.4 1.4 -0.1
v 0.4 1.4 -0.6
v 0.4 1.4 -0.7
v 0.4 1.5 0.8
v 0.4 1.5 0.7
v 0.4 1.5 0.0999999
v 0.4 1.5 -0.1
v 0.4 1.5 -0.7
v 0.4 1.5 -0.8
v 0.4 1.6 0.7
v 0.4 1.6 0.6
v 0.4 1.6 0.0999999
v 0.4 1.6 -0.1
v 0.4 1.6 -0.6
v 0.4 1.6 -0.7
v 0.4 1.8 0.8
v 0.4 1.8 0.7
v 0.4 1.8 -0.7
v 0.4 1.8 -0.8
v 0.4 2 0.8
v 0.4 2 0.7
v 0.4 2 -0.7
v 0.4 2 -0.8
v 0.5 0.1 1.5
v 0.5 0.1 1.4
v 0.5 0.1 -1.4
v 0.5 0.1 -1.5
v 0.5 0.2 1.5
v 0.5 0.2 1.4
v 0.5 0.2 -1.4
v 0.5 0.2 -1.5
v 0.5 1 0.4
v 0.5 1 0.0999999
v 0.5 1 -0.1
v 0.5 1 -0.4
v 0.5 1.1 0.4
v 0.5 1.1 0.0999999
v 0.5 1.1 -0.1
v 0.5 1.1 -0.4
v 0.5 1.4 0.0999999
v 0.5 1.4 -0.1
v 0.5 1.5 0.0999999
v 0.5 1.5 -0.1
v 0.6 0 1.7
v 0.6 0 1.6
v 0.6 0 -1.6
v 0.6 0 -1.7
v 0.6 0.1 1.7
v 0.6 0.1 1.6
v 0.6 0.1 -1.6
v 0.6 0.1 -1.7
v 0.6 0.5 1.2
v 0.6 0.5 1.1
v 0.6 0.5 -1.1
v 0.6 0.5 -1.2
v 0.6 0.6 1.2
v 0.6 0.6 1.1
v 0.6 0.6 -1.1
v 0.6 0.6 -1.2
v 0.6 0.8 0.4
v 0.6 0.8 0.0999999
v 0.6 0.8 -0.1
v 0.6 0.8 -0.4
v 0.6 0.9 1
v 0.6 0.9 0.9
v 0.6 0.9 -0.9
v 0.6 0.9 -1
v 0.6 1 0.5
v 0.6 1 0.4
v 0.6 1 0.0999999
v 0.6 1 -0.1
v 0.6 1 -0.4
v 0.6 1 -0.5
v 0.6 1.1 0.6
v 0.6 1.1 0.5
v 0.6 1.1 0.4
v 0.6 1.1 0.0999999
v 0.6 1.1 -0.1
v 0.6 1.1 -0.4
v 0.6 1.1 -0.5
v 0.6 1.1 -0.6
v 0.6 1.2 1
v 0.6 1.2 0.9
v 0.6 1.2 -0.9
v 0.6 1.2 -1
v 0.6 1.4 0.6
v 0.6 1.4 0.5
v 0.6 1.4 0.0999999
v 0.6 1.4 -0.1
v 0.6 1.4 -0.5
v 0.6 1.4 -0.6
v 0.6 1.5 0.7
v 0.6 1.5 0.6
v 0.6 1.5 -0.6
v 0.6 1.5 -0.7
v 0.6 1.6 0.8
v 0.6 1.6 0.7
v 0.6 1.6 0.6
v 0.6 1.6 -0.6
v 0.6 1.6 -0.7
v 0.6 1.6 -0.8
v 0.6 1.7 0.8
v 0.6 1.7 0.7
v 0.6 1.7 -0.7
v 0.6 1.7 -0.8
v 0.7 0.7 1.1
v 0.7 0.7 1
v 0.7 0.7 0.6
v 0.7 0.7 0.0999999
v 0.7 0.7 -0.1
v 0.7 0.7 -0.6
v 0.7 0.7 -1
v 0.7 0.7 -1.1
v 0.7 0.8 1.1
v 0.7 0.8 1
v 0.7 0.8 0.6
v 0.7 0.8 0.4
v 0.7 0.8 0.0999999
v 0.7 0.8 -0.1
v 0.7 0.8 -0.4
v 0.7 0.8 -0.6
v 0.7 0.8 -1
v 0.7 0.8 -1.1
v 0.7 0.9 0.7
v 0.7 0.9 0.6
v 0.7 0.9 -0.6
v 0.7 0.9 -0.7
v 0.7 1 0.5
v 0.7 1 0.4
v 0.7 1 0.0999999
v 0.7 1 -0.1
v 0.7 1 -0.4
v 0.7 1 -0.5
v 0.7 1.1 0.9
v 0.7 1.1 0.8
v 0.7 1.1 0.6
v 0.7 1.1 0.5
v 0.7 1.1 0.0999999
v 0.7 1.1 -0.1
v 0.7 1.1 -0.5
v 0.7 1.1 -0.6
v 0.7 1.1 -0.8
v 0.7 1.1 -0.9
v 0.7 1.3 0.8
v 0.7 1.3 0.7
v 0.7 1.3 -0.7
v 0.7 1.3 -0.8
v 0.7 1.4 0.9
v 0.7 1.4 0.8
v 0.7 1.4 -0.8
v 0.7 1.4 -0.9
v 0.7 1.5 0.8
v 0.7 1.5 0.7
v 0.7 1.5 0.6
v 0.7 1.5 -0.6
v 0.7 1.5 -0.7
v 0.7 1.5 -0.8
v 0.7 1.6 0.8
v 0.7 1.6 0.7
v 0.7 1.6 -0.7
v 0.7 1.6 -0.8
v 0.8 0.5 1.1
v 0.8 0.5 0.7
v 0.8 0.5 -0.7
v 0.8 0.5 -1.1
v 0.8 0.6 0.7
v 0.8 0.6 0.0999999
v 0.8 0.6 -0.1
v 0.8 0.6 -0.7
v 0.8 0.7 1.1
v 0.8 0.7 1
v 0.8 0.7 0.9
v 0.8 0.7 0.8
v 0.8 0.7 0.6
v 0.8 0.7 0.0999999
v 0.8 0.7 -0.1
v 0.8 0.7 -0.6
v 0.8 0.7 -0.8
v 0.8 0.7 -0.9
v 0.8 0.7 -1
v 0.8 0.7 -1.1
v 0.8 0.8 0.9
v 0.8 0.8 0.8
v 0.8 0.8 0.0999999
v 0.8 0.8 -0.1
v 0.8 0.8 -0.8
v 0.8 0.8 -0.9
v 0.8 0.9 1
v 0.8 0.9 0.9
v 0.8 0.9 0.7
v 0.8 0.9 0.6
v 0.8 0.9 -0.6
v 0.8 0.9 -0.7
v 0.8 0.9 -0.9
v 0.8 0.9 -1
v 0.8 1 0.0999999
v 0.8 1 -0.1
v 0.8 1.1 0.9
v 0.8 1.1 0.8
v 0.8 1.1 -0.8
v 0.8 1.1 -0.9
v 0.8 1.3 0.8
v 0.8 1.3 0.7
v 0.8 1.3 -0.7
v 0.8 1.3 -0.8
v 0.8 1.5 0.8
v 0.8 1.5 0.7
v 0.8 1.5 -0.7
v 0.8 1.5 -0.8
v 1 0.5 1.1
v 1 0.5 1
v 1 0.5 -1
v 1 0.5 -1.1
v 1 0.6 1.1
v 1 0.6 1
v 1 0.6 -1
v 1 0.6 -1.1
v 1 0.7 1
v 1 0.7 0.9
v 1 0.7 -0.9
v 1 0.7 -1
v 1 0.8 1
v 1 0.8 0.9
v 1 0.8 -0.9
v 1 0.8 -1
v 1 1.2 0.8
v 1 1.2 0.7
v 1 1.2 -0.7
v 1 1.2 -0.8
v 1 1.3 0.8
v 1 1.3 0.7
v 1 1.3 -0.7
v 1 1.3 -0.8
v 1.1 0.5 1
v 1.1 0.5 0.9
v 1.1 0.5 0.5
v 1.1 0.5 0.0999999
v 1.1 0.5 -0.1
v 1.1 0.5 -0.5
v 1.1 0.5 -0.9
v 1.1 0.5 -1
v 1.1 0.6 0.6
v 1.1 0.6 0.5
v 1.1 0.6 0.0999999
v 1.1 0.6 -0.1
v 1.1 0.6 -0.5
v 1.1 0.6 -0.6
v 1.1 0.7 1
v 1.1 0.7 0.9
v 1.1 0.7 0.0999999
v 1.1 0.7 -0.1
v 1.1 0.7 -0.9
v 1.1 0.7 -1
v 1.1 0.8 0.9
v 1.1 0.8 0.8
v 1.1 0.8 0.6
v 1.1 0.8 0.5
v 1.1 0.8 0.0999999
v 1.1 0.8 -0.1
v 1.1 0.8 -0.5
v 1.1 0.8 -0.6
v 1.1 0.8 -0.8
v 1.1 0.8 -0.9
v 1.1 0.9 0.7
v 1.1 0.9 0.6
v 1.1 0.9 -0.6
v 1.1 0.9 -0.7
v 1.1 1 0.8
v 1.1 1 0.7
v 1.1 1 0.6
v 1.1 1 -0.6
v 1.1 1 -0.7
v 1.1 1 -0.8
v 1.1 1.1 0.9
v 1.1 1.1 0.8
v 1.1 1.1 0.7
v 1.1 1.1 -0.7
v 1.1 1.1 -0.8
v 1.1 1.1 -0.9
v 1.1 1.2 0.8
v 1.1 1.2 0.7
v 1.1 1.2 -0.7
v 1.1 1.2 -0.8
v 1.2 0.4 1.2
v 1.2 0.4 0.0999999
v 1.2 0.4 -0.1
v 1.2 0.4 -1.2
v 1.2 0.5 1.2
v 1.2 0.5 0.9
v 1.2 0.5 0.5
v 1.2 0.5 0.0999999
v 1.2 0.5 -0.1
v 1.2 0.5 -0.5
v 1.2 0.5 -0.9
v 1.2 0.5 -1.2
v 1.2 0.6 0.6
v 1.2 0.6 0.5
v 1.2 0.6 0.0999999
v 1.2 0.6 -0.1
v 1.2 0.6 -0.5
v 1.2 0.6 -0.6
v 1.2 0.7 0.0999999
v 1.2 0.7 -0.1
v 1.2 0.8 0.9
v 1.2 0.8 0.8
v 1.2 0.8 -0.8
v 1.2 0.8 -0.9
v 1.2 0.9 0.7
v 1.2 0.9 0.6
v 1.2 0.9 -0.6
v 1.2 0.9 -0.7
v 1.2 1 0.8
v 1.2 1 0.7
v 1.2 1 -0.7
v 1.2 1 -0.8
v 1.2 1.1 0.8
v 1.2 1.1 0.7
v 1.2 1.1 -0.7
v 1.2 1.1 -0.8
v 1.3 0.1 1.4
v 1.3 0.1 1.2
v 1.3 0.1 -1.2
v 1.3 0.1 -1.4
v 1.3 0.2 1.4
v 1.3 0.2 1.3
v 1.3 0.2 1.2
v 1.3 0.2 0.9
v 1.3 0.2 -0.9
v 1.3 0.2 -1.2
v 1.3 0.2 -1.3
v 1.3 0.2 -1.4
v 1.3 0.3 1.3
v 1.3 0.3 1.2
v 1.3 0.3 0.9
v 1.3 0.3 0.8
v 1.3 0.3 0.5
v 1.3 0.3 0.0999999
v 1.3 0.3 -0.1
v 1.3 0.3 -0.5
v 1.3 0.3 -0.8
v 1.3 0.3 -0.9
v 1.3 0.3 -1.2
v 1.3 0.3 -1.3
v 1.3 0.4 1.3
v 1.3 0.4 0.8
v 1.3 0.4 0.5
v 1.3 0.4 0.0999999
v 1.3 0.4 -0.1
v 1.3 0.4 -0.5
v 1.3 0.4 -0.8
v 1.3 0.4 -1.3
v 1.3 0.5 0.0999999
v 1.3 0.5 -0.1
v 1.3 0.6 0.0999999
v 1.3 0.6 -0.1
v 1.4 0.2 0.9
v 1.4 0.2 0.8
v 1.4 0.2 -0.8
v 1.4 0.2 -0.9
v 1.4 0.3 0.9
v 1.4 0.3 0.8
v 1.4 0.3 -0.8
v 1.4 0.3 -0.9
v 1.5 0 1.6
v 1.5 0 1.4
v 1.5 0 -1.4
v 1.5 0 -1.6
v 1.5 0.1 1.6
v 1.5 0.1 1.4
v 1.5 0.1 -1.4
v 1.5 0.1 -1.6
v 1.5 0.3 0.8
v 1.5 0.3 0.7
v 1.5 0.3 -0.7
v 1.5 0.3 -0.8
v 1.5 0.4 0.7
v 1.5 0.4 0.6
v 1.5 0.4 0.5
v 1.5 0.4 -0.5
v 1.5 0.4 -0.6
v 1.5 0.4 -0.7
v 1.5 0.5 0.8
v 1.5 0.5 0.7
v 1.5 0.5 0.6
v 1.5 0.5 0.5
v 1.5 0.5 -0.5
v 1.5 0.5 -0.6
v 1.5 0.5 -0.7
v 1.5 0.5 -0.8
v 1.5 0.7 0.7
v 1.5 0.7 0.6
v 1.5 0.7 -0.6
v 1.5 0.7 -0.7
v 1.6 0.2 0.8
v 1.6 0.2 0.6
v 1.6 0.2 0.3
v 1.6 0.2 0.0999999
v 1.6 0.2 -0.1
v 1.6 0.2 -0.3
v 1.6 0.2 -0.6
v 1.6 0.2 -0.8
v 1.6 0.3 0.8
v 1.6 0.3 0.7
v 1.6 0.3 0.6
v 1.6 0.3 0.5
v 1.6 0.3 0.0999999
v 1.6 0.3 -0.1
v 1.6 0.3 -0.5
v 1.6 0.3 -0.6
v 1.6 0.3 -0.7
v 1.6 0.3 -0.8
v 1.6 0.4 0.7
v 1.6 0.4 0.6
v 1.6 0.4 0.5
v 1.6 0.4 0.0999999
v 1.6 0.4 -0.1
v 1.6 0.4 -0.5
v 1.6 0.4 -0.6
v 1.6 0.4 -0.7
v 1.6 0.5 0.7
v 1.6 0.5 0.6
v 1.6 0.5 0.0999999
v 1.6 0.5 -0.1
v 1.6 0.5 -0.6
v 1.6 0.5 -0.7
v 1.7 0.1 1.2
v 1.7 0.1 0.9
v 1.7 0.1 0.6
v 1.7 0.1 0.3
v 1.7 0.1 0.0999999
v 1.7 0.1 -0.1
v 1.7 0.1 -0.3
v 1.7 0.1 -0.6
v 1.7 0.1 -0.9
v 1.7 0.1 -1.2
v 1.7 0.2 1.2
v 1.7 0.2 0.9
v 1.7 0.2 0.6
v 1.7 0.2 0.3
v 1.7 0.2 0.0999999
v 1.7 0.2 -0.1
v 1.7 0.2 -0.3
v 1.7 0.2 -0.6
v 1.7 0.2 -0.9
v 1.7 0.2 -1.2
v 1.7 0.3 0.0999999
v 1.7 0.3 -0.1
v 1.7 0.4 0.0999999
v 1.7 0.4 -0.1
v 1.8 0 1.4
v 1.8 0 -1.4
v 1.8 0.1 1.4
v 1.8 0.1 0.0999999
v 1.8 0.1 -0.1
v 1.8 0.1 -1.4
v 1.8 0.2 0.0999999
v 1.8 0.2 -0.1
v 1.8 0.3 0.0999999
v 1.8 0.3 -0.1
v -1.3 0 1.8
v -1.3 0.1 1.8
v 0.1 0 1.8
v 0.1 0.1 1.8
v -1.1 0.1 1.7
v -1.1 0.2 1.7
v -0.2 0.1 1.7
v -0.2 0.2 1.7
v 0.1 0 1.7
v 0.1 0.1 1.7
v 0.6 0 1.7
v 0.6 0.1 1.7
v -1 0.2 1.6
v -1 0.3 1.6
v -0.4 0.2 1.6
v -0.4 0.3 1.6
v 0.6 0 1.6
v 0.6 0.1 1.6
v 1.5 0 1.6
v 1.5 0.1 1.6
v -1.3 0.1 1.5
v -1.3 0.2 1.5
v -1.1 0.1 1.5
v -1.1 0.2 1.5
v -0.2 0.1 1.5
v -0.2 0.2 1.5
v 0.5 0.1 1.5
v 0.5 0.2 1.5
v -1.4 0 1.4
v -1.4 0.2 1.4
v -1.3 0 1.4
v -1.3 0.2 1.4
v -1.2 0.2 1.4
v -1.2 0.3 1.4
v -1.1 0.2 1.4
v -1.1 0.3 1.4
v -1 0.2 1.4
v -1 0.3 1.4
v -1 0.4 1.4
v -0.4 0.2 1.4
v -0.4 0.3 1.4
v -0.2 0.2 1.4
v -0.2 0.3 1.4
v -0.2 0.4 1.4
v 0.1 0.2 1.4
v 0.1 0.3 1.4
v 0.5 0.1 1.4
v 0.5 0.2 1.4
v 1.3 0.1 1.4
v 1.3 0.2 1.4
v 1.5 0 1.4
v 1.5 0.1 1.4
v 1.8 0 1.4
v 1.8 0.1 1.4
v -1.4 0.2 1.3
v -1.4 0.3 1.3
v -1.4 0.4 1.3
v -1.2 0.2 1.3
v -1.2 0.3 1.3
v -1.1 0.3 1.3
v -1 0.3 1.3
v -1 0.4 1.3
v -0.2 0.3 1.3
v -0.2 0.4 1.3
v 0.1 0.2 1.3
v 0.1 0.3 1.3
v 0.4 0.2 1.3
v 0.4 0.3 1.3
v 1.3 0.2 1.3
v 1.3 0.3 1.3
v 1.3 0.4 1.3
v -1.5 0.4 1.2
v -1.5 0.6 1.2
v -1.4 0.4 1.2
v 0.6 0.5 1.2
v 0.6 0.6 1.2
v 1.2 0.4 1.2
v 1.2 0.5 1.2
v 1.3 0.1 1.2
v 1.3 0.2 1.2
v 1.6 0.1 1.2
v 1.6 0.2 1.2
v 1.7 0.1 1.2
v 1.7 0.2 1.2
v -1.5 0.6 1.1
v -1.5 0.7 1.1
v 0.5 0.7 1.1
v 0.5 0.8 1.1
v 0.6 0.5 1.1
v 0.6 0.6 1.1
v 0.7 0.7 1.1
v 0.7 0.8 1.1
v 0.8 0.5 1.1
v 0.8 0.7 1.1
v 0.9 0.5 1.1
v 0.9 0.6 1.1
v 1 0.5 1.1
v 1 0.6 1.1
v -1.5 0.7 1
v -1.5 0.8 1
v 0.5 0.7 1
v 0.5 0.8 1
v 0.5 1.2 1
v 0.6 0.9 1
v 0.6 1.2 1
v 0.7 0.7 1
v 0.7 0.8 1
v 0.8 0.7 1
v 0.8 0.9 1
v 0.9 0.6 1
v 0.9 0.8 1
v 1 0.5 1
v 1 0.6 1
v 1 0.7 1
v 1 0.8 1
v 1.1 0.5 1
v 1.1 0.7 1
v -1.5 0.9 0.9
v -1.5 1.6 0.9
v -1 1.6 0.9
v -1 2.4 0.9
v -0.7 2.1 0.9
v -0.7 2.4 0.9
v -0.6 1.9 0.9
v -0.6 2.1 0.9
v -0.5 1.8 0.9
v -0.5 1.9 0.9
v -0.4 1.6 0.9
v -0.4 1.8 0.9
v 1.19209e-07 1.4 0.9
v 1.19209e-07 1.6 0.9
v 1.19209e-07 2 0.9
v 0.1 0.8 0.9
v 0.1 0.9 0.9
v 0.2 1.8 0.9
v 0.2 2 0.9
v 0.3 1.1 0.9
v 0.3 1.4 0.9
v 0.3 1.8 0.9
v 0.4 1 0.9
v 0.4 1.1 0.9
v 0.5 0.8 0.9
v 0.5 1 0.9
v 0.5 1.2 0.9
v 0.5 1.4 0.9
v 0.6 0.9 0.9
v 0.6 1.2 0.9
v 0.7 1.1 0.9
v 0.7 1.4 0.9
v 0.8 0.9 0.9
v 0.8 1.1 0.9
v 0.9 0.8 0.9
v 0.9 1.1 0.9
v 1 0.7 0.9
v 1 0.8 0.9
v 1.1 0.5 0.9
v 1.1 0.7 0.9
v 1.1 0.8 0.9
v 1.1 1.1 0.9
v 1.2 0.5 0.9
v 1.2 0.8 0.9
v 1.3 0.2 0.9
v 1.3 0.3 0.9
v 1.4 0.2 0.9
v 1.4 0.3 0.9
v -1.7 1.4 0.8
v -1.7 1.8 0.8
v -1.6 0.8 0.8
v -1.6 1.4 0.8
v -1.5 0.8 0.8
v -1.5 0.9 0.8
v -1.5 1.6 0.8
v -1 1.6 0.8
v -1 1.8 0.8
v -1 2.4 0.8
v -1 2.8 0.8
v -0.8 2.7 0.8
v -0.8 2.8 0.8
v -0.7 2.1 0.8
v -0.7 2.4 0.8
v -0.7 2.5 0.8
v -0.7 2.7 0.8
v -0.6 1.9 0.8
v -0.6 2.1 0.8
v -0.6 2.3 0.8
v -0.6 2.5 0.8
v -0.5 1.8 0.8
v -0.5 1.9 0.8
v -0.5 2 0.8
v -0.5 2.3 0.8
v -0.4 1.6 0.8
v -0.4 1.8 0.8
v -0.4 1.9 0.8
v -0.4 2 0.8
v 1.19209e-07 1.6 0.8
v 1.19209e-07 1.9 0.8
v 1.19209e-07 2 0.8
v 1.19209e-07 2.1 0.8
v 1.19209e-07 2.3 0.8
v 0.1 0.8 0.8
v 0.1 0.9 0.8
v 0.1 2 0.8
v 0.1 2.1 0.8
v 0.1 2.2 0.8
v 0.1 2.3 0.8
v 0.2 1.8 0.8
v 0.2 1.9 0.8
v 0.2 2 0.8
v 0.2 2.1 0.8
v 0.2 2.2 0.8
v 0.3 1.1 0.8
v 0.3 1.4 0.8
v 0.3 1.5 0.8
v 0.3 1.8 0.8
v 0.3 1.9 0.8
v 0.3 2 0.8
v 0.3 2.1 0.8
v 0.4 1 0.8
v 0.4 1.1 0.8
v 0.4 1.2 0.8
v 0.4 1.5 0.8
v 0.4 1.8 0.8
v 0.4 2 0.8
v 0.5 1 0.8
v 0.5 1.1 0.8
v 0.5 1.2 0.8
v 0.5 1.4 0.8
v 0.5 1.5 0.8
v 0.5 1.7 0.8
v 0.6 1.4 0.8
v 0.6 1.5 0.8
v 0.6 1.6 0.8
v 0.6 1.7 0.8
v 0.7 1.1 0.8
v 0.7 1.3 0.8
v 0.7 1.4 0.8
v 0.7 1.5 0.8
v 0.7 1.6 0.8
v 0.8 1.1 0.8
v 0.8 1.3 0.8
v 0.8 1.5 0.8
v 0.9 1.1 0.8
v 0.9 1.3 0.8
v 1 1.2 0.8
v 1 1.3 0.8
v 1.1 0.8 0.8
v 1.1 1 0.8
v 1.1 1.1 0.8
v 1.1 1.2 0.8
v 1.2 0.8 0.8
v 1.2 1 0.8
v 1.2 1.1 0.8
v 1.3 0.3 0.8
v 1.3 0.4 0.8
v 1.3 0.5 0.8
v 1.4 0.2 0.8
v 1.4 0.3 0.8
v 1.5 0.3 0.8
v 1.5 0.5 0.8
v 1.6 0.2 0.8
v 1.6 0.3 0.8
v -1.7 1 0.7
v -1.7 1.4 0.7
v -1.7 1.8 0.7
v -1.7 2.1 0.7
v -1.6 1 0.7
v -1.6 1.4 0.7
v -1.2 2 0.7
v -1.2 2.1 0.7
v -1 1.8 0.7
v -1 2 0.7
v 0.8 0.5 0.7
v 0.8 0.6 0.7
v 0.9 0.5 0.7
v 0.9 0.6 0.7
v 1.3 0.5 0.7
v 1.3 0.6 0.7
v 1.4 0.6 0.7
v 1.4 0.7 0.7
v 1.5 0.3 0.7
v 1.5 0.4 0.7
v 1.5 0.5 0.7
v 1.5 0.7 0.7
v 1.6 0.3 0.7
v 1.6 0.4 0.7
v 1.6 0.5 0.7
v -1.6 2.1 0.6
v -1.6 2.3 0.6
v -1.4 2.3 0.6
v -1.4 2.4 0.6
v -1.2 2 0.6
v -1.2 2.1 0.6
v -1 2 0.6
v -1 2.4 0.6
v -0.7 2 0.6
v -0.7 2.4 0.6
v -0.6 2.3 0.6
v -0.6 2.4 0.6
v -0.4 1.9 0.6
v -0.4 2 0.6
v -0.3 1.9 0.6
v -0.3 2.3 0.6
v -1.2 2.4 0.5
v -1.2 2.5 0.5
v -0.6 2.4 0.5
v -0.6 2.5 0.5
v -0.6 2.3 0.4
v -0.6 2.5 0.4
v -0.3 1.9 0.4
v -0.3 2.3 0.4
v -0.3 2.4 0.4
v -0.3 2.5 0.4
v -0.2 2.3 0.4
v -0.2 2.4 0.4
v -0.0999999 2 0.4
v -0.0999999 2.3 0.4
v 1.19209e-07 1.9 0.4
v 1.19209e-07 2 0.4
v 1.19209e-07 1.5 0.0999999
v 1.19209e-07 1.6 0.0999999
v 1.19209e-07 1.7 0.0999999
v 0.2 1.4 0.0999999
v 0.2 1.5 0.0999999
v 0.2 1.6 0.0999999
v 0.2 1.7 0.0999999
v 0.4 1.1 0.0999999
v 0.4 1.4 0.0999999
v 0.4 1.5 0.0999999
v 0.4 1.6 0.0999999
v 0.5 1 0.0999999
v 0.5 1.1 0.0999999
v 0.5 1.4 0.0999999
v 0.5 1.5 0.0999999
v 0.6 0.8 0.0999999
v 0.6 1 0.0999999
v 0.6 1.1 0.0999999
v 0.6 1.4 0.0999999
v 0.7 0.7 0.0999999
v 0.7 0.8 0.0999999
v 0.7 1 0.0999999
v 0.7 1.1 0.0999999
v 0.8 0.6 0.0999999
v 0.8 0.7 0.0999999
v 0.8 0.8 0.0999999
v 0.8 1 0.0999999
v 1.1 0.5 0.0999999
v 1.1 0.6 0.0999999
v 1.1 0.7 0.0999999
v 1.1 0.8 0.0999999
v 1.2 0.4 0.0999999
v 1.2 0.5 0.0999999
v 1.2 0.6 0.0999999
v 1.2 0.7 0.0999999
v 1.3 0.3 0.0999999
v 1.3 0.4 0.0999999
v 1.3 0.5 0.0999999
v 1.3 0.6 0.0999999
v 1.6 0.2 0.0999999
v 1.6 0.3 0.0999999
v 1.6 0.4 0.0999999
v 1.6 0.5 0.0999999
v 1.7 0.1 0.0999999
v 1.7 0.2 0.0999999
v 1.7 0.3 0.0999999
v 1.7 0.4 0.0999999
v 1.8 0.1 0.0999999
v 1.8 0.2 0.0999999
v 1.8 0.3 0.0999999
v 1.19209e-07 1.5 -0.4
v 1.19209e-07 1.7 -0.4
v 0.2 1.5 -0.4
v 0.2 1.7 -0.4
v 0.5 1 -0.4
v 0.5 1.1 -0.4
v 0.6 0.8 -0.4
v 0.6 1 -0.4
v 0.6 1.1 -0.4
v 0.7 0.8 -0.4
v 0.7 1 -0.4
v 1.19209e-07 1.7 -0.5
v 1.19209e-07 1.9 -0.5
v 0.2 1.7 -0.5
v 0.2 1.9 -0.5
v 0.5 1.1 -0.5
v 0.5 1.4 -0.5
v 0.6 1 -0.5
v 0.6 1.1 -0.5
v 0.6 1.4 -0.5
v 0.7 1 -0.5
v 0.7 1.1 -0.5
v 0.9 0.6 -0.5
v 0.9 0.8 -0.5
v 1.1 0.5 -0.5
v 1.1 0.6 -0.5
v 1.1 0.8 -0.5
v 1.2 0.5 -0.5
v 1.2 0.6 -0.5
v 1.3 0.3 -0.5
v 1.3 0.4 -0.5
v 1.3 0.5 -0.5
v 1.5 0.4 -0.5
v 1.5 0.5 -0.5
v 1.6 0.3 -0.5
v 1.6 0.4 -0.5
v -1 2.4 -0.6
v -1 2.7 -0.6
v -0.9 2.6 -0.6
v -0.9 2.7 -0.6
v -0.8 2.4 -0.6
v -0.8 2.6 -0.6
v 1.19209e-07 1.9 -0.6
v 1.19209e-07 2.1 -0.6
v 0.1 2 -0.6
v 0.1 2.1 -0.6
v 0.2 1.4 -0.6
v 0.2 1.5 -0.6
v 0.2 1.9 -0.6
v 0.3 1.6 -0.6
v 0.3 2 -0.6
v 0.4 1.4 -0.6
v 0.4 1.6 -0.6
v 0.5 1.4 -0.6
v 0.5 1.6 -0.6
v 0.6 1.1 -0.6
v 0.6 1.4 -0.6
v 0.6 1.5 -0.6
v 0.6 1.6 -0.6
v 0.7 0.7 -0.6
v 0.7 0.8 -0.6
v 0.7 0.9 -0.6
v 0.7 1.1 -0.6
v 0.7 1.5 -0.6
v 0.8 0.7 -0.6
v 0.8 0.9 -0.6
v 0.9 0.8 -0.6
v 0.9 1 -0.6
v 1.1 0.6 -0.6
v 1.1 0.8 -0.6
v 1.1 0.9 -0.6
v 1.1 1 -0.6
v 1.2 0.6 -0.6
v 1.2 0.9 -0.6
v 1.3 0.5 -0.6
v 1.3 0.6 -0.6
v 1.4 0.6 -0.6
v 1.4 0.7 -0.6
v 1.5 0.4 -0.6
v 1.5 0.5 -0.6
v 1.5 0.7 -0.6
v 1.6 0.4 -0.6
v 1.6 0.5 -0.6
v -1 2.7 -0.7
v -1 2.8 -0.7
v -0.9 2.6 -0.7
v -0.9 2.7 -0.7
v -0.8 2.4 -0.7
v -0.8 2.6 -0.7
v -0.8 2.7 -0.7
v -0.8 2.8 -0.7
v -0.7 2 -0.7
v -0.7 2.4 -0.7
v -0.7 2.5 -0.7
v -0.7 2.7 -0.7
v -0.6 2.3 -0.7
v -0.6 2.5 -0.7
v -0.5 2 -0.7
v -0.5 2.3 -0.7
v 1.19209e-07 2.1 -0.7
v 1.19209e-07 2.3 -0.7
v 0.1 2 -0.7
v 0.1 2.1 -0.7
v 0.1 2.2 -0.7
v 0.1 2.3 -0.7
v 0.2 2.1 -0.7
v 0.2 2.2 -0.7
v 0.3 1.6 -0.7
v 0.3 1.8 -0.7
v 0.3 2 -0.7
v 0.3 2.1 -0.7
v 0.4 1.1 -0.7
v 0.4 1.2 -0.7
v 0.4 1.6 -0.7
v 0.4 1.8 -0.7
v 0.4 2 -0.7
v 0.5 1.1 -0.7
v 0.5 1.2 -0.7
v 0.5 1.6 -0.7
v 0.5 1.7 -0.7
v 0.6 1.5 -0.7
v 0.6 1.6 -0.7
v 0.6 1.7 -0.7
v 0.7 0.9 -0.7
v 0.7 1.3 -0.7
v 0.7 1.5 -0.7
v 0.7 1.6 -0.7
v 0.8 0.9 -0.7
v 0.8 1.3 -0.7
v 0.8 1.5 -0.7
v 0.9 1 -0.7
v 0.9 1.1 -0.7
v 0.9 1.3 -0.7
v 1 1.2 -0.7
v 1 1.3 -0.7
v 1.1 0.9 -0.7
v 1.1 1 -0.7
v 1.1 1.1 -0.7
v 1.1 1.2 -0.7
v 1.2 0.9 -0.7
v 1.2 1 -0.7
v 1.2 1.1 -0.7
v -1 2.7 0.7
v -1 2.8 0.7
v -0.9 2.6 0.7
v -0.9 2.7 0.7
v -0.8 2.4 0.7
v -0.8 2.6 0.7
v -0.8 2.7 0.7
v -0.8 2.8 0.7
v -0.7 2 0.7
v -0.7 2.4 0.7
v -0.7 2.5 0.7
v -0.7 2.7 0.7
v -0.6 2.3 0.7
v -0.6 2.5 0.7
v -0.5 2 0.7
v -0.5 2.3 0.7
v 1.19209e-07 2.1 0.7
v 1.19209e-07 2.3 0.7
v 0.1 2 0.7
v 0.1 2.1 0.7
v 0.1 2.2 0.7
v 0.1 2.3 0.7
v 0.2 2.1 0.7
v 0.2 2.2 0.7
v 0.3 1.6 0.7
v 0.3 1.8 0.7
v 0.3 2 0.7
v 0.3 2.1 0.7
v 0.4 1.1 0.7
v 0.4 1.2 0.7
v 0.4 1.6 0.7
v 0.4 1.8 0.7
v 0.4 2 0.7
v 0.5 1.1 0.7
v 0.5 1.2 0.7
v 0.5 1.6 0.7
v 0.5 1.7 0.7
v 0.6 1.5 0.7
v 0.6 1.6 0.7
v 0.6 1.7 0.7
v 0.7 0.9 0.7
v 0.7 1.3 0.7
v 0.7 1.5 0.7
v 0.7 1.6 0.7
v 0.8 0.9 0.7
v 0.8 1.3 0.7
v 0.8 1.5 0.7
v 0.9 1 0.7
v 0.9 1.1 0.7
v 0.9 1.3 0.7
v 1 1.2 0.7
v 1 1.3 0.7
v 1.1 0.9 0.7
v 1.1 1 0.7
v 1.1 1.1 0.7
v 1.1 1.2 0.7
v 1.2 0.9 0.7
v 1.2 1 0.7
v 1.2 1.1 0.7
v -1 2.4 0.6
v -1 2.7 0.6
v -0.9 2.6 0.6
v -0.9 2.7 0.6
v -0.8 2.4 0.6
v -0.8 2.6 0.6
v 1.19209e-07 1.9 0.6
v 1.19209e-07 2.1 0.6
v 0.1 2 0.6
v 0.1 2.1 0.6
v 0.2 1.4 0.6
v 0.2 1.5 0.6
v 0.2 1.9 0.6
v 0.3 1.6 0.6
v 0.3 2 0.6
v 0.4 1.4 0.6
v 0.4 1.6 0.6
v 0.5 1.4 0.6
v 0.5 1.6 0.6
v 0.6 1.1 0.6
v 0.6 1.4 0.6
v 0.6 1.5 0.6
v 0.6 1.6 0.6
v 0.7 0.7 0.6
v 0.7 0.8 0.6
v 0.7 0.9 0.6
v 0.7 1.1 0.6
v 0.7 1.5 0.6
v 0.8 0.7 0.6
v 0.8 0.9 0.6
v 0.9 0.8 0.6
v 0.9 1 0.6
v 1.1 0.6 0.6
v 1.1 0.8 0.6
v 1.1 0.9 0.6
v 1.1 1 0.6
v 1.2 0.6 0.6
v 1.2 0.9 0.6
v 1.3 0.5 0.6
v 1.3 0.6 0.6
v 1.4 0.6 0.6
v 1.4 0.7 0.6
v 1.5 0.4 0.6
v 1.5 0.5 0.6
v 1.5 0.7 0.6
v 1.6 0.4 0.6
v 1.6 0.5 0.6
v 1.19209e-07 1.7 0.5
v 1.19209e-07 1.9 0.5
v 0.2 1.7 0.5
v 0.2 1.9 0.5
v 0.5 1.1 0.5
v 0.5 1.4 0.5
v 0.6 1 0.5
v 0.6 1.1 0.5
v 0.6 1.4 0.5
v 0.7 1 0.5
v 0.7 1.1 0.5
v 0.9 0.6 0.5
v 0.9 0.8 0.5
v 1.1 0.5 0.5
v 1.1 0.6 0.5
v 1.1 0.8 0.5
v 1.2 0.5 0.5
v 1.2 0.6 0.5
v 1.3 0.3 0.5
v 1.3 0.4 0.5
v 1.3 0.5 0.5
v 1.5 0.4 0.5
v 1.5 0.5 0.5
v 1.6 0.3 0.5
v 1.6 0.4 0.5
v 1.19209e-07 1.5 0.4
v 1.19209e-07 1.7 0.4
v 0.2 1.5 0.4
v 0.2 1.7 0.4
v 0.5 1 0.4
v 0.5 1.1 0.4
v 0.6 0.8 0.4
v 0.6 1 0.4
v 0.6 1.1 0.4
v 0.7 0.8 0.4
v 0.7 1 0.4
v 1.19209e-07 1.5 -0.1
v 1.19209e-07 1.6 -0.1
v 1.19209e-07 1.7 -0.1
v 0.2 1.4 -0.1
v 0.2 1.5 -0.1
v 0.2 1.6 -0.1
v 0.2 1.7 -0.1
v 0.4 1.1 -0.1
v 0.4 1.4 -0.1
v 0.4 1.5 -0.1
v 0.4 1.6 -0.1
v 0.5 1 -0.1
v 0.5 1.1 -0.1
v 0.5 1.4 -0.1
v 0.5 1.5 -0.1
v 0.6 0.8 -0.1
v 0.6 1 -0.1
v 0.6 1.1 -0.1
v 0.6 1.4 -0.1
v 0.7 0.7 -0.1
v 0.7 0.8 -0.1
v 0.7 1 -0.1
v 0.7 1.1 -0.1
v 0.8 0.6 -0.1
v 0.8 0.7 -0.1
v 0.8 0.8 -0.1
v 0.8 1 -0.1
v 1.1 0.5 -0.1
v 1.1 0.6 -0.1
v 1.1 0.7 -0.1
v 1.1 0.8 -0.1
v 1.2 0.4 -0.1
v 1.2 0.5 -0.1
v 1.2 0.6 -0.1
v 1.2 0.7 -0.1
v 1.3 0.3 -0.1
v 1.3 0.4 -0.1
v 1.3 0.5 -0.1
v 1.3 0.6 -0.1
v 1.6 0.2 -0.1
v 1.6 0.3 -0.1
v 1.6 0.4 -0.1
v 1.6 0.5 -0.1
v 1.7 0.1 -0.1
v 1.7 0.2 -0.1
v 1.7 0.3 -0.1
v 1.7 0.4 -0.1
v 1.8 0.1 -0.1
v 1.8 0.2 -0.1
v 1.8 0.3 -0.1
v -0.6 2.3 -0.4
v -0.6 2.5 -0.4
v -0.3 1.9 -0.4
v -0.3 2.3 -0.4
v -0.3 2.4 -0.4
v -0.3 2.5 -0.4
v -0.2 2.3 -0.4
v -0.2 2.4 -0.4
v -0.0999999 2 -0.4
v -0.0999999 2.3 -0.4
v 1.19209e-07 1.9 -0.4
v 1.19209e-07 2 -0.4
v -1.2 2.4 -0.5
v -1.2 2.5 -0.5
v -0.6 2.4 -0.5
v -0.6 2.5 -0.5
v -1.6 2.1 -0.6
v -1.6 2.3 -0.6
v -1.4 2.3 -0.6
v -1.4 2.4 -0.6
v -1.2 2 -0.6
v -1.2 2.1 -0.6
v -1 2 -0.6
v -1 2.4 -0.6
v -0.7 2 -0.6
v -0.7 2.4 -0.6
v -0.6 2.3 -0.6
v -0.6 2.4 -0.6
v -0.4 1.9 -0.6
v -0.4 2 -0.6
v -0.3 1.9 -0.6
v -0.3 2.3 -0.6
v -1.7 1 -0.7
v -1.7 1.4 -0.7
v -1.7 1.8 -0.7
v -1.7 2.1 -0.7
v -1.6 1 -0.7
v -1.6 1.4 -0.7
v -1.2 2 -0.7
v -1.2 2.1 -0.7
v -1 1.8 -0.7
v -1 2 -0.7
v 0.8 0.5 -0.7
v 0.8 0.6 -0.7
v 0.9 0.5 -0.7
v 0.9 0.6 -0.7
v 1.3 0.5 -0.7
v 1.3 0.6 -0.7
v 1.4 0.6 -0.7
v 1.4 0.7 -0.7
v 1.5 0.3 -0.7
v 1.5 0.4 -0.7
v 1.5 0.5 -0.7
v 1.5 0.7 -0.7
v 1.6 0.3 -0.7
v 1.6 0.4 -0.7
v 1.6 0.5 -0.7
v -1.7 1.4 -0.8
v -1.7 1.8 -0.8
v -1.6 0.8 -0.8
v -1.6 1.4 -0.8
v -1.5 0.8 -0.8
v -1.5 0.9 -0.8
v -1.5 1.6 -0.8
v -1 1.6 -0.8
v -1 1.8 -0.8
v -1 2.4 -0.8
v -1 2.8 -0.8
v -0.8 2.7 -0.8
v -0.8 2.8 -0.8
v -0.7 2.1 -0.8
v -0.7 2.4 -0.8
v -0.7 2.5 -0.8
v -0.7 2.7 -0.8
v -0.6 1.9 -0.8
v -0.6 2.1 -0.8
v -0.6 2.3 -0.8
v -0.6 2.5 -0.8
v -0.5 1.8 -0.8
v -0.5 1.9 -0.8
v -0.5 2 -0.8
v -0.5 2.3 -0.8
v -0.4 1.6 -0.8
v -0.4 1.8 -0.8
v -0.4 1.9 -0.8
v -0.4 2 -0.8
v 1.19209e-07 1.6 -0.8
v 1.19209e-07 1.9 -0.8
v 1.19209e-07 2 -0.8
v 1.19209e-07 2.1 -0.8
v 1.19209e-07 2.3 -0.8
v 0.1 0.8 -0.8
v 0.1 0.9 -0.8
v 0.1 2 -0.8
v 0.1 2.1 -0.8
v 0.1 2.2 -0.8
v 0.1 2.3 -0.8
v 0.2 1.8 -0.8
v 0.2 1.9 -0.8
v 0.2 2 -0.8
v 0.2 2.1 -0.8
v 0.2 2.2 -0.8
v 0.3 1.1 -0.8
v 0.3 1.4 -0.8
v 0.3 1.5 -0.8
v 0.3 1.8 -0.8
v 0.3 1.9 -0.8
v 0.3 2 -0.8
v 0.3 2.1 -0.8
v 0.4 1 -0.8
v 0.4 1.1 -0.8
v 0.4 1.2 -0.8
v 0.4 1.5 -0.8
v 0.4 1.8 -0.8
v 0.4 2 -0.8
v 0.5 1 -0.8
v 0.5 1.1 -0.8
v 0.5 1.2 -0.8
v 0.5 1.4 -0.8
v 0.5 1.5 -0.8
v 0.5 1.7 -0.8
v 0.6 1.4 -0.8
v 0.6 1.5 -0.8
v 0.6 1.6 -0.8
v 0.6 1.7 -0.8
v 0.7 1.1 -0.8
v 0.7 1.3 -0.8
v 0.7 1.4 -0.8
v 0.7 1.5 -0.8
v 0.7 1.6 -0.8
v 0.8 1.1 -0.8
v 0.8 1.3 -0.8
v 0.8 1.5 -0.8
v 0.9 1.1 -0.8
v 0.9 1.3 -0.8
v 1 1.2 -0.8
v 1 1.3 -0.8
v 1.1 0.8 -0.8
v 1.1 1 -0.8
v 1.1 1.1 -0.8
v 1.1 1.2 -0.8
v 1.2 0.8 -0.8
v 1.2 1 -0.8
v 1.2 1.1 -0.8
v 1.3 0.3 -0.8
v 1.3 0.4 -0.8
v 1.3 0.5 -0.8
v 1.4 0.2 -0.8
v 1.4 0.3 -0.8
v 1.5 0.3 -0.8
v 1.5 0.5 -0.8
v 1.6 0.2 -0.8
v 1.6 0.3 -0.8
v -1.5 0.9 -0.9
v -1.5 1.6 -0.9
v -1 1.6 -0.9
v -1 2.4 -0.9
v -0.7 2.1 -0.9
v -0.7 2.4 -0.9
v -0.6 1.9 -0.9
v -0.6 2.1 -0.9
v -0.5 1.8 -0.9
v -0.5 1.9 -0.9
v -0.4 1.6 -0.9
v -0.4 1.8 -0.9
v 1.19209e-07 1.4 -0.9
v 1.19209e-07 1.6 -0.9
v 1.19209e-07 2 -0.9
v 0.1 0.8 -0.9
v 0.1 0.9 -0.9
v 0.2 1.8 -0.9
v 0.2 2 -0.9
v 0.3 1.1 -0.9
v 0.3 1.4 -0.9
v 0.3 1.8 -0.9
v 0.4 1 -0.9
v 0.4 1.1 -0.9
v 0.5 0.8 -0.9
v 0.5 1 -0.9
v 0.5 1.2 -0.9
v 0.5 1.4 -0.9
v 0.6 0.9 -0.9
v 0.6 1.2 -0.9
v 0.7 1.1 -0.9
v 0.7 1.4 -0.9
v 0.8 0.9 -0.9
v 0.8 1.1 -0.9
v 0.9 0.8 -0.9
v 0.9 1.1 -0.9
v 1 0.7 -0.9
v 1 0.8 -0.9
v 1.1 0.5 -0.9
v 1.1 0.7 -0.9
v 1.1 0.8 -0.9
v 1.1 1.1 -0.9
v 1.2 0.5 -0.9
v 1.2 0.8 -0.9
v 1.3 0.2 -0.9
v 1.3 0.3 -0.9
v 1.4 0.2 -0.9
v 1.4 0.3 -0.9
v -1.5 0.7 -1
v -1.5 0.8 -1
v 0.5 0.7 -1
v 0.5 0.8 -1
v 0.5 1.2 -1
v 0.6 0.9 -1
v 0.6 1.2 -1
v 0.7 0.7 -1
v 0.7 0.8 -1
v 0.8 0.7 -1
v 0.8 0.9 -1
v 0.9 0.6 -1
v 0.9 0.8 -1
v 1 0.5 -1
v 1 0.6 -1
v 1 0.7 -1
v 1 0.8 -1
v 1.1 0.5 -1
v 1.1 0.7 -1
v -1.5 0.6 -1.1
v -1.5 0.7 -1.1
v 0.5 0.7 -1.1
v 0.5 0.8 -1.1
v 0.6 0.5 -1.1
v 0.6 0.6 -1.1
v 0.7 0.7 -1.1
v 0.7 0.8 -1.1
v 0.8 0.5 -1.1
v 0.8 0.7 -1.1
v 0.9 0.5 -1.1
v 0.9 0.6 -1.1
v 1 0.5 -1.1
v 1 0.6 -1.1
v -1.5 0.4 -1.2
v -1.5 0.6 -1.2
v -1.4 0.4 -1.2
v 0.6 0.5 -1.2
v 0.6 0.6 -1.2
v 1.2 0.4 -1.2
v 1.2 0.5 -1.2
v 1.3 0.1 -1.2
v 1.3 0.2 -1.2
v 1.6 0.1 -1.2
v 1.6 0.2 -1.2
v 1.7 0.1 -1.2
v 1.7 0.2 -1.2
v -1.4 0.2 -1.3
v -1.4 0.3 -1.3
v -1.4 0.4 -1.3
v -1.2 0.2 -1.3
v -1.2 0.3 -1.3
v -1.1 0.3 -1.3
v -1 0.3 -1.3
v -1 0.4 -1.3
v -0.2 0.3 -1.3
v -0.2 0.4 -1.3
v 0.1 0.2 -1.3
v 0.1 0.3 -1.3
v 0.4 0.2 -1.3
v 0.4 0.3 -1.3
v 1.3 0.2 -1.3
v 1.3 0.3 -1.3
v 1.3 0.4 -1.3
v -1.4 0 -1.4
v -1.4 0.2 -1.4
v -1.3 0 -1.4
v -1.3 0.2 -1.4
v -1.2 0.2 -1.4
v -1.2 0.3 -1.4
v -1.1 0.2 -1.4
v -1.1 0.3 -1.4
v -1 0.2 -1.4
v -1 0.3 -1.4
v -1 0.4 -1.4
v -0.4 0.2 -1.4
v -0.4 0.3 -1.4
v -0.2 0.2 -1.4
v -0.2 0.3 -1.4
v -0.2 0.4 -1.4
v 0.1 0.2 -1.4
v 0.1 0.3 -1.4
v 0.5 0.1 -1.4
v 0.5 0.2 -1.4
v 1.3 0.1 -1.4
v 1.3 0.2 -1.4
v 1.5 0 -1.4
v 1.5 0.1 -1.4
v 1.8 0 -1.4
v 1.8 0.1 -1.4
v -1.3 0.1 -1.5
v -1.3 0.2 -1.5
v -1.1 0.1 -1.5
v -1.1 0.2 -1.5
v -0.2 0.1 -1.5
v -0.2 0.2 -1.5
v 0.5 0.1 -1.5
v 0.5 0.2 -1.5
v -1 0.2 -1.6
v -1 0.3 -1.6
v -0.4 0.2 -1.6
v -0.4 0.3 -1.6
v 0.6 0 -1.6
v 0.6 0.1 -1.6
v 1.5 0 -1.6
v 1.5 0.1 -1.6
v -1.1 0.1 -1.7
v -1.1 0.2 -1.7
v -0.2 0.1 -1.7
v -0.2 0.2 -1.7
v 0.1 0 -1.7
v 0.1 0.1 -1.7
v 0.6 0 -1.7
v 0.6 0.1 -1.7
v -1.3 0 -1.8
v -1.3 0.1 -1.8
v 0.1 0 -1.8
v 0.1 0.1 -1.8
v -1.3 0 1.8
v 0.1 0 1.8
v 0.1 0 1.7
v 0.6 0 1.7
v 0.6 0 1.6
v 1.5 0 1.6
v -1 0 1.5
v -0.4 0 1.5
v -1.4 0 1.4
v -1.3 0 1.4
v -1.1 0 1.4
v -1 0 1.4
v -0.4 0 1.4
v -0.2 0 1.4
v 1.5 0 1.4
v 1.8 0 1.4
v -1.2 0 1.3
v -1.1 0 1.3
v -0.2 0 1.3
v 0.4 0 1.3
v 0.4 0 1.2
v 1.5 0 1.2
v 1.5 0 1.1
v 1.6 0 1.1
v 1.6 0 0.8
v 1.7 0 0.8
v 1.6 0 0.7
v 1.7 0 0.7
v 1.6 0 -0.7
v 1.7 0 -0.7
v 1.6 0 -0.8
v 1.7 0 -0.8
v 1.5 0 -1.1
v 1.6 0 -1.1
v 0.4 0 -1.2
v 1.5 0 -1.2
v -1.2 0 -1.3
v -1.1 0 -1.3
v -0.2 0 -1.3
v 0.4 0 -1.3
v -1.4 0 -1.4
v -1.3 0 -1.4
v -1.1 0 -1.4
v -1 0 -1.4
v -0.4 0 -1.4
v -0.2 0 -1.4
v 1.5 0 -1.4
v 1.8 0 -1.4
v -1 0 -1.5
v -0.4 0 -1.5
v 0.6 0 -1.6
v 1.5 0 -1.6
v 0.1 0 -1.7
v 0.6 0 -1.7
v -1.3 0 -1.8
v 0.1 0 -1.8
v -1.5 0.4 1.2
v -1.4 0.4 1.2
v -1.5 0.4 -1.2
v -1.4 0.4 -1.2
v -1.6 0.8 0.8
v -1.5 0.8 0.8
v -1.6 0.8 -0.8
v -1.5 0.8 -0.8
v -1.5 0.9 0.9
v 0.1 0.9 0.9
v -1.5 0.9 0.8
v 0.1 0.9 0.8
v -1.5 0.9 -0.8
v 0.1 0.9 -0.8
v -1.5 0.9 -0.9
v 0.1 0.9 -0.9
v -1.7 1 0.7
v -1.6 1 0.7
v -1.7 1 -0.7
v -1.6 1 -0.7
v -1.7 1.4 0.8
v -1.6 1.4 0.8
v -1.7 1.4 0.7
v -1.6 1.4 0.7
v -1.7 1.4 -0.7
v -1.6 1.4 -0.7
v -1.7 1.4 -0.8
v -1.6 1.4 -0.8
v -1.3 0.1 1.8
v 0.1 0.1 1.8
v -1.1 0.1 1.7
v -0.2 0.1 1.7
v 0.1 0.1 1.7
v 0.6 0.1 1.7
v 0.6 0.1 1.6
v 1.5 0.1 1.6
v -1.3 0.1 1.5
v -1.1 0.1 1.5
v -0.2 0.1 1.5
v 0.5 0.1 1.5
v 0.5 0.1 1.4
v 1.3 0.1 1.4
v 1.5 0.1 1.4
v 1.8 0.1 1.4
v 1.3 0.1 1.2
v 1.6 0.1 1.2
v 1.7 0.1 1.2
v 1.7 0.1 0.9
v 1.7 0.1 0.6
v 1.7 0.1 0.3
v 1.7 0.1 0.0999999
v 1.8 0.1 0.0999999
v 1.7 0.1 -0.1
v 1.8 0.1 -0.1
v 1.7 0.1 -0.3
v 1.7 0.1 -0.6
v 1.7 0.1 -0.9
v 1.3 0.1 -1.2
v 1.6 0.1 -1.2
v 1.7 0.1 -1.2
v 0.5 0.1 -1.4
v 1.3 0.1 -1.4
v 1.5 0.1 -1.4
v 1.8 0.1 -1.4
v -1.3 0.1 -1.5
v -1.1 0.1 -1.5
v -0.2 0.1 -1.5
v 0.5 0.1 -1.5
v 0.6 0.1 -1.6
v 1.5 0.1 -1.6
v -1.1 0.1 -1.7
v -0.2 0.1 -1.7
v 0.1 0.1 -1.7
v 0.6 0.1 -1.7
v -1.3 0.1 -1.8
v 0.1 0.1 -1.8
v -1.1 0.2 1.7
v -0.2 0.2 1.7
v -1 0.2 1.6
v -0.4 0.2 1.6
v -1.3 0.2 1.5
v -1.1 0.2 1.5
v -1 0.2 1.5
v -0.4 0.2 1.5
v -0.2 0.2 1.5
v 0.5 0.2 1.5
v -1.4 0.2 1.4
v -1.3 0.2 1.4
v -1.2 0.2 1.4
v -1.1 0.2 1.4
v -1 0.2 1.4
v -0.4 0.2 1.4
v -0.2 0.2 1.4
v 0.1 0.2 1.4
v 0.5 0.2 1.4
v 1.3 0.2 1.4
v -1.4 0.2 1.3
v -1.2 0.2 1.3
v 0.1 0.2 1.3
v 0.4 0.2 1.3
v 1.3 0.2 1.3
v 1.3 0.2 1.2
v 1.6 0.2 1.2
v 1.7 0.2 1.2
v 1.3 0.2 0.9
v 1.4 0.2 0.9
v 1.6 0.2 0.9
v 1.7 0.2 0.9
v 1.4 0.2 0.8
v 1.6 0.2 0.8
v 1.6 0.2 0.6
v 1.7 0.2 0.6
v 1.6 0.2 0.3
v 1.7 0.2 0.3
v 1.6 0.2 0.0999999
v 1.7 0.2 0.0999999
v 1.6 0.2 -0.1
v 1.7 0.2 -0.1
v 1.6 0.2 -0.3
v 1.7 0.2 -0.3
v 1.6 0.2 -0.6
v 1.7 0.2 -0.6
v 1.4 0.2 -0.8
v 1.6 0.2 -0.8
v 1.3 0.2 -0.9
v 1.4 0.2 -0.9
v 1.6 0.2 -0.9
v 1.7 0.2 -0.9
v 1.3 0.2 -1.2
v 1.6 0.2 -1.2
v 1.7 0.2 -1.2
v -1.4 0.2 -1.3
v -1.2 0.2 -1.3
v 0.1 0.2 -1.3
v 0.4 0.2 -1.3
v 1.3 0.2 -1.3
v -1.4 0.2 -1.4
v -1.3 0.2 -1.4
v -1.2 0.2 -1.4
v -1.1 0.2 -1.4
v -1 0.2 -1.4
v -0.4 0.2 -1.4
v -0.2 0.2 -1.4
v 0.1 0.2 -1.4
v 0.5 0.2 -1.4
v 1.3 0.2 -1.4
v -1.3 0.2 -1.5
v -1.1 0.2 -1.5
v -1 0.2 -1.5
v -0.4 0.2 -1.5
v -0.2 0.2 -1.5
v 0.5 0.2 -1.5
v -1 0.2 -1.6
v -0.4 0.2 -1.6
v -1.1 0.2 -1.7
v -0.2 0.2 -1.7
v -1 0.3 1.6
v -0.4 0.3 1.6
v -1 0.3 1.5
v -0.4 0.3 1.5
v -1.2 0.3 1.4
v -1.1 0.3 1.4
v -1 0.3 1.4
v -0.4 0.3 1.4
v -0.2 0.3 1.4
v 0.1 0.3 1.4
v -1.2 0.3 1.3
v -1.1 0.3 1.3
v -1 0.3 1.3
v -0.2 0.3 1.3
v 0.1 0.3 1.3
v 1.3 0.3 0.9
v 1.4 0.3 0.9
v 1.3 0.3 0.8
v 1.4 0.3 0.8
v 1.5 0.3 0.8
v 1.6 0.3 0.8
v 1.5 0.3 0.7
v 1.6 0.3 0.7
v 1.3 0.3 0.5
v 1.6 0.3 0.5
v 1.3 0.3 0.0999999
v 1.6 0.3 0.0999999
v 1.7 0.3 0.0999999
v 1.8 0.3 0.0999999
v 1.3 0.3 -0.1
v 1.6 0.3 -0.1
v 1.7 0.3 -0.1
v 1.8 0.3 -0.1
v 1.3 0.3 -0.5
v 1.6 0.3 -0.5
v 1.5 0.3 -0.7
v 1.6 0.3 -0.7
v 1.3 0.3 -0.8
v 1.4 0.3 -0.8
v 1.5 0.3 -0.8
v 1.6 0.3 -0.8
v 1.3 0.3 -0.9
v 1.4 0.3 -0.9
v -1.2 0.3 -1.3
v -1.1 0.3 -1.3
v -1 0.3 -1.3
v -0.2 0.3 -1.3
v 0.1 0.3 -1.3
v -1.2 0.3 -1.4
v -1.1 0.3 -1.4
v -1 0.3 -1.4
v -0.4 0.3 -1.4
v -0.2 0.3 -1.4
v 0.1 0.3 -1.4
v -1 0.3 -1.5
v -0.4 0.3 -1.5
v -1 0.3 -1.6
v -0.4 0.3 -1.6
v -1 0.4 1.4
v -0.2 0.4 1.4
v -1.4 0.4 1.3
v -1 0.4 1.3
v -0.2 0.4 1.3
v 1.3 0.4 1.3
v -1.4 0.4 1.2
v 1.2 0.4 1.2
v 1.3 0.4 0.8
v 1.5 0.4 0.6
v 1.6 0.4 0.6
v 1.3 0.4 0.5
v 1.5 0.4 0.5
v 1.6 0.4 0.5
v 1.2 0.4 0.0999999
v 1.3 0.4 0.0999999
v 1.6 0.4 0.0999999
v 1.7 0.4 0.0999999
v 1.2 0.4 -0.1
v 1.3 0.4 -0.1
v 1.6 0.4 -0.1
v 1.7 0.4 -0.1
v 1.3 0.4 -0.5
v 1.5 0.4 -0.5
v 1.6 0.4 -0.5
v 1.5 0.4 -0.6
v 1.6 0.4 -0.6
v 1.3 0.4 -0.8
v -1.4 0.4 -1.2
v 1.2 0.4 -1.2
v -1.4 0.4 -1.3
v -1 0.4 -1.3
v -0.2 0.4 -1.3
v 1.3 0.4 -1.3
v -1 0.4 -1.4
v -0.2 0.4 -1.4
v 0.6 0.5 1.2
v 1.2 0.5 1.2
v 0.6 0.5 1.1
v 0.8 0.5 1.1
v 0.9 0.5 1.1
v 1 0.5 1.1
v 1 0.5 1
v 1.1 0.5 1
v 1.1 0.5 0.9
v 1.2 0.5 0.9
v 1.3 0.5 0.8
v 1.5 0.5 0.8
v 0.8 0.5 0.7
v 0.9 0.5 0.7
v 1.3 0.5 0.7
v 1.5 0.5 0.7
v 1.6 0.5 0.7
v 1.3 0.5 0.6
v 1.5 0.5 0.6
v 1.6 0.5 0.6
v 1.1 0.5 0.5
v 1.2 0.5 0.5
v 1.3 0.5 0.5
v 1.5 0.5 0.5
v 1.1 0.5 0.0999999
v 1.2 0.5 0.0999999
v 1.3 0.5 0.0999999
v 1.6 0.5 0.0999999
v 1.1 0.5 -0.1
v 1.2 0.5 -0.1
v 1.3 0.5 -0.1
v 1.6 0.5 -0.1
v 1.1 0.5 -0.5
v 1.2 0.5 -0.5
v 1.3 0.5 -0.5
v 1.5 0.5 -0.5
v 1.3 0.5 -0.6
v 1.5 0.5 -0.6
v 1.6 0.5 -0.6
v 0.8 0.5 -0.7
v 0.9 0.5 -0.7
v 1.3 0.5 -0.7
v 1.5 0.5 -0.7
v 1.6 0.5 -0.7
v 1.3 0.5 -0.8
v 1.5 0.5 -0.8
v 1.1 0.5 -0.9
v 1.2 0.5 -0.9
v 1 0.5 -1
v 1.1 0.5 -1
v 0.6 0.5 -1.1
v 0.8 0.5 -1.1
v 0.9 0.5 -1.1
v 1 0.5 -1.1
v 0.6 0.5 -1.2
v 1.2 0.5 -1.2
v -1.5 0.6 1.2
v 0.6 0.6 1.2
v -1.5 0.6 1.1
v 0.6 0.6 1.1
v 0.9 0.6 1.1
v 1 0.6 1.1
v 0.9 0.6 1
v 1 0.6 1
v 0.8 0.6 0.7
v 0.9 0.6 0.7
v 1.3 0.6 0.7
v 1.4 0.6 0.7
v 1.1 0.6 0.6
v 1.2 0.6 0.6
v 1.3 0.6 0.6
v 1.4 0.6 0.6
v 0.9 0.6 0.5
v 1.1 0.6 0.5
v 1.2 0.6 0.5
v 0.8 0.6 0.0999999
v 1.1 0.6 0.0999999
v 1.2 0.6 0.0999999
v 1.3 0.6 0.0999999
v 0.8 0.6 -0.1
v 1.1 0.6 -0.1
v 1.2 0.6 -0.1
v 1.3 0.6 -0.1
v 0.9 0.6 -0.5
v 1.1 0.6 -0.5
v 1.2 0.6 -0.5
v 1.1 0.6 -0.6
v 1.2 0.6 -0.6
v 1.3 0.6 -0.6
v 1.4 0.6 -0.6
v 0.8 0.6 -0.7
v 0.9 0.6 -0.7
v 1.3 0.6 -0.7
v 1.4 0.6 -0.7
v 0.9 0.6 -1
v 1 0.6 -1
v -1.5 0.6 -1.1
v 0.6 0.6 -1.1
v 0.9 0.6 -1.1
v 1 0.6 -1.1
v -1.5 0.6 -1.2
v 0.6 0.6 -1.2
v -1.5 0.7 1.1
v 0.5 0.7 1.1
v 0.7 0.7 1.1
v 0.8 0.7 1.1
v -1.5 0.7 1
v 0.5 0.7 1
v 0.7 0.7 1
v 0.8 0.7 1
v 1 0.7 1
v 1.1 0.7 1
v 1 0.7 0.9
v 1.1 0.7 0.9
v 1.4 0.7 0.7
v 1.5 0.7 0.7
v 0.7 0.7 0.6
v 0.8 0.7 0.6
v 1.4 0.7 0.6
v 1.5 0.7 0.6
v 0.7 0.7 0.0999999
v 0.8 0.7 0.0999999
v 1.1 0.7 0.0999999
v 1.2 0.7 0.0999999
v 0.7 0.7 -0.1
v 0.8 0.7 -0.1
v 1.1 0.7 -0.1
v 1.2 0.7 -0.1
v 0.7 0.7 -0.6
v 0.8 0.7 -0.6
v 1.4 0.7 -0.6
v 1.5 0.7 -0.6
v 1.4 0.7 -0.7
v 1.5 0.7 -0.7
v 1 0.7 -0.9
v 1.1 0.7 -0.9
v -1.5 0.7 -1
v 0.5 0.7 -1
v 0.7 0.7 -1
v 0.8 0.7 -1
v 1 0.7 -1
v 1.1 0.7 -1
v -1.5 0.7 -1.1
v 0.5 0.7 -1.1
v 0.7 0.7 -1.1
v 0.8 0.7 -1.1
v 0.5 0.8 1.1
v 0.7 0.8 1.1
v -1.5 0.8 1
v 0.5 0.8 1
v 0.7 0.8 1
v 0.9 0.8 1
v 1 0.8 1
v 0.1 0.8 0.9
v 0.5 0.8 0.9
v 0.9 0.8 0.9
v 1 0.8 0.9
v 1.1 0.8 0.9
v 1.2 0.8 0.9
v -1.5 0.8 0.8
v 0.1 0.8 0.8
v 1.1 0.8 0.8
v 1.2 0.8 0.8
v 0.9 0.8 0.6
v 1.1 0.8 0.6
v 0.9 0.8 0.5
v 1.1 0.8 0.5
v 0.6 0.8 0.4
v 0.7 0.8 0.4
v 0.6 0.8 0.0999999
v 0.7 0.8 0.0999999
v 0.8 0.8 0.0999999
v 1.1 0.8 0.0999999
v 0.6 0.8 -0.1
v 0.7 0.8 -0.1
v 0.8 0.8 -0.1
v 1.1 0.8 -0.1
v 0.6 0.8 -0.4
v 0.7 0.8 -0.4
v 0.9 0.8 -0.5
v 1.1 0.8 -0.5
v 0.9 0.8 -0.6
v 1.1 0.8 -0.6
v -1.5 0.8 -0.8
v 0.1 0.8 -0.8
v 1.1 0.8 -0.8
v 1.2 0.8 -0.8
v 0.1 0.8 -0.9
v 0.5 0.8 -0.9
v 0.9 0.8 -0.9
v 1 0.8 -0.9
v 1.1 0.8 -0.9
v 1.2 0.8 -0.9
v -1.5 0.8 -1
v 0.5 0.8 -1
v 0.7 0.8 -1
v 0.9 0.8 -1
v 1 0.8 -1
v 0.5 0.8 -1.1
v 0.7 0.8 -1.1
v 0.6 0.9 1
v 0.8 0.9 1
v 0.6 0.9 0.9
v 0.8 0.9 0.9
v 0.7 0.9 0.7
v 0.8 0.9 0.7
v 1.1 0.9 0.7
v 1.2 0.9 0.7
v 0.7 0.9 0.6
v 0.8 0.9 0.6
v 1.1 0.9 0.6
v 1.2 0.9 0.6
v 0.7 0.9 -0.6
v 0.8 0.9 -0.6
v 1.1 0.9 -0.6
v 1.2 0.9 -0.6
v 0.7 0.9 -0.7
v 0.8 0.9 -0.7
v 1.1 0.9 -0.7
v 1.2 0.9 -0.7
v 0.6 0.9 -0.9
v 0.8 0.9 -0.9
v 0.6 0.9 -1
v 0.8 0.9 -1
v 0.4 1 0.9
v 0.5 1 0.9
v 0.4 1 0.8
v 0.5 1 0.8
v 0.9 1 0.7
v 1.1 1 0.7
v 0.9 1 0.6
v 1.1 1 0.6
v 0.6 1 0.5
v 0.7 1 0.5
v 0.5 1 0.4
v 0.6 1 0.4
v 0.7 1 0.4
v 0.5 1 0.0999999
v 0.6 1 0.0999999
v 0.7 1 0.0999999
v 0.8 1 0.0999999
v 0.5 1 -0.1
v 0.6 1 -0.1
v 0.7 1 -0.1
v 0.8 1 -0.1
v 0.5 1 -0.4
v 0.6 1 -0.4
v 0.7 1 -0.4
v 0.6 1 -0.5
v 0.7 1 -0.5
v 0.9 1 -0.6
v 1.1 1 -0.6
v 0.9 1 -0.7
v 1.1 1 -0.7
v 0.4 1 -0.8
v 0.5 1 -0.8
v 0.4 1 -0.9
v 0.5 1 -0.9
v 0.3 1.1 0.9
v 0.4 1.1 0.9
v 0.7 1.1 0.9
v 0.8 1.1 0.9
v 0.9 1.1 0.9
v 1.1 1.1 0.9
v 0.3 1.1 0.8
v 0.4 1.1 0.8
v 0.7 1.1 0.8
v 0.8 1.1 0.8
v 0.9 1.1 0.8
v 1.1 1.1 0.8
v 1.2 1.1 0.8
v 0.4 1.1 0.7
v 0.5 1.1 0.7
v 1.1 1.1 0.7
v 1.2 1.1 0.7
v 0.6 1.1 0.6
v 0.7 1.1 0.6
v 0.5 1.1 0.5
v 0.6 1.1 0.5
v 0.7 1.1 0.5
v 0.5 1.1 0.4
v 0.6 1.1 0.4
v 0.4 1.1 0.0999999
v 0.5 1.1 0.0999999
v 0.6 1.1 0.0999999
v 0.7 1.1 0.0999999
v 0.4 1.1 -0.1
v 0.5 1.1 -0.1
v 0.6 1.1 -0.1
v 0.7 1.1 -0.1
v 0.5 1.1 -0.4
v 0.6 1.1 -0.4
v 0.5 1.1 -0.5
v 0.6 1.1 -0.5
v 0.7 1.1 -0.5
v 0.6 1.1 -0.6
v 0.7 1.1 -0.6
v 0.4 1.1 -0.7
v 0.5 1.1 -0.7
v 1.1 1.1 -0.7
v 1.2 1.1 -0.7
v 0.3 1.1 -0.8
v 0.4 1.1 -0.8
v 0.7 1.1 -0.8
v 0.8 1.1 -0.8
v 0.9 1.1 -0.8
v 1.1 1.1 -0.8
v 1.2 1.1 -0.8
v 0.3 1.1 -0.9
v 0.4 1.1 -0.9
v 0.7 1.1 -0.9
v 0.8 1.1 -0.9
v 0.9 1.1 -0.9
v 1.1 1.1 -0.9
v 0.5 1.2 1
v 0.6 1.2 1
v 0.5 1.2 0.9
v 0.6 1.2 0.9
v 0.4 1.2 0.8
v 0.5 1.2 0.8
v 1 1.2 0.8
v 1.1 1.2 0.8
v 0.4 1.2 0.7
v 0.5 1.2 0.7
v 1 1.2 0.7
v 1.1 1.2 0.7
v 0.4 1.2 -0.7
v 0.5 1.2 -0.7
v 1 1.2 -0.7
v 1.1 1.2 -0.7
v 0.4 1.2 -0.8
v 0.5 1.2 -0.8
v 1 1.2 -0.8
v 1.1 1.2 -0.8
v 0.5 1.2 -0.9
v 0.6 1.2 -0.9
v 0.5 1.2 -1
v 0.6 1.2 -1
v 0.9 1.3 0.8
v 1 1.3 0.8
v 0.9 1.3 0.7
v 1 1.3 0.7
v 0.9 1.3 -0.7
v 1 1.3 -0.7
v 0.9 1.3 -0.8
v 1 1.3 -0.8
v 0.5 1.4 0.9
v 0.7 1.4 0.9
v 0.5 1.4 0.8
v 0.6 1.4 0.8
v 0.7 1.4 0.8
v 0.2 1.4 0.6
v 0.4 1.4 0.6
v 0.5 1.4 0.6
v 0.6 1.4 0.6
v 0.5 1.4 0.5
v 0.6 1.4 0.5
v 0.2 1.4 0.0999999
v 0.4 1.4 0.0999999
v 0.5 1.4 0.0999999
v 0.6 1.4 0.0999999
v 0.2 1.4 -0.1
v 0.4 1.4 -0.1
v 0.5 1.4 -0.1
v 0.6 1.4 -0.1
v 0.5 1.4 -0.5
v 0.6 1.4 -0.5
v 0.2 1.4 -0.6
v 0.4 1.4 -0.6
v 0.5 1.4 -0.6
v 0.6 1.4 -0.6
v 0.5 1.4 -0.8
v 0.6 1.4 -0.8
v 0.7 1.4 -0.8
v 0.5 1.4 -0.9
v 0.7 1.4 -0.9
v 0.7 1.5 0.8
v 0.8 1.5 0.8
v 0.6 1.5 0.7
v 0.7 1.5 0.7
v 0.8 1.5 0.7
v 0.6 1.5 0.6
v 0.7 1.5 0.6
v 1.19209e-07 1.5 0.4
v 0.2 1.5 0.4
v 1.19209e-07 1.5 0.0999999
v 0.2 1.5 0.0999999
v 0.4 1.5 0.0999999
v 0.5 1.5 0.0999999
v 1.19209e-07 1.5 -0.1
v 0.2 1.5 -0.1
v 0.4 1.5 -0.1
v 0.5 1.5 -0.1
v 1.19209e-07 1.5 -0.4
v 0.2 1.5 -0.4
v 0.6 1.5 -0.6
v 0.7 1.5 -0.6
v 0.6 1.5 -0.7
v 0.7 1.5 -0.7
v 0.8 1.5 -0.7
v 0.7 1.5 -0.8
v 0.8 1.5 -0.8
v -1.5 1.6 0.9
v -1 1.6 0.9
v -0.4 1.6 0.9
v 1.19209e-07 1.6 0.9
v -1.5 1.6 0.8
v -1 1.6 0.8
v -0.4 1.6 0.8
v 1.19209e-07 1.6 0.8
v 0.6 1.6 0.8
v 0.7 1.6 0.8
v 0.3 1.6 0.7
v 0.4 1.6 0.7
v 0.5 1.6 0.7
v 0.6 1.6 0.7
v 0.7 1.6 0.7
v 0.3 1.6 0.6
v 0.4 1.6 0.6
v 0.5 1.6 0.6
v 0.6 1.6 0.6
v 0.2 1.6 0.0999999
v 0.4 1.6 0.0999999
v 0.2 1.6 -0.1
v 0.4 1.6 -0.1
v 0.3 1.6 -0.6
v 0.4 1.6 -0.6
v 0.5 1.6 -0.6
v 0.6 1.6 -0.6
v 0.3 1.6 -0.7
v 0.4 1.6 -0.7
v 0.5 1.6 -0.7
v 0.6 1.6 -0.7
v 0.7 1.6 -0.7
v -1.5 1.6 -0.8
v -1 1.6 -0.8
v -0.4 1.6 -0.8
v 1.19209e-07 1.6 -0.8
v 0.6 1.6 -0.8
v 0.7 1.6 -0.8
v -1.5 1.6 -0.9
v -1 1.6 -0.9
v -0.4 1.6 -0.9
v 1.19209e-07 1.6 -0.9
v 0.5 1.7 0.8
v 0.6 1.7 0.8
v 0.5 1.7 0.7
v 0.6 1.7 0.7
v 1.19209e-07 1.7 0.5
v 0.2 1.7 0.5
v 1.19209e-07 1.7 0.4
v 0.2 1.7 0.4
v 1.19209e-07 1.7 0.0999999
v 0.2 1.7 0.0999999
v 1.19209e-07 1.7 -0.1
v 0.2 1.7 -0.1
v 1.19209e-07 1.7 -0.4
v 0.2 1.7 -0.4
v 1.19209e-07 1.7 -0.5
v 0.2 1.7 -0.5
v 0.5 1.7 -0.7
v 0.6 1.7 -0.7
v 0.5 1.7 -0.8
v 0.6 1.7 -0.8
v -0.5 1.8 0.9
v -0.4 1.8 0.9
v 0.2 1.8 0.9
v 0.3 1.8 0.9
v -1.7 1.8 0.8
v -1 1.8 0.8
v -0.5 1.8 0.8
v -0.4 1.8 0.8
v 0.2 1.8 0.8
v 0.3 1.8 0.8
v -1.7 1.8 0.7
v -1 1.8 0.7
v -1.7 1.8 -0.7
v -1 1.8 -0.7
v -1.7 1.8 -0.8
v -1 1.8 -0.8
v -0.5 1.8 -0.8
v -0.4 1.8 -0.8
v 0.2 1.8 -0.8
v 0.3 1.8 -0.8
v -0.5 1.8 -0.9
v -0.4 1.8 -0.9
v 0.2 1.8 -0.9
v 0.3 1.8 -0.9
v -0.6 1.9 0.9
v -0.5 1.9 0.9
v -0.6 1.9 0.8
v -0.5 1.9 0.8
v -0.4 1.9 0.8
v 1.19209e-07 1.9 0.8
v -0.4 1.9 0.7
v -0.4 1.9 0.6
v -0.3 1.9 0.6
v 1.19209e-07 1.9 0.6
v 0.2 1.9 0.6
v 1.19209e-07 1.9 0.5
v 0.2 1.9 0.5
v -0.3 1.9 0.4
v 1.19209e-07 1.9 0.4
v -0.3 1.9 -0.4
v 1.19209e-07 1.9 -0.4
v 1.19209e-07 1.9 -0.5
v 0.2 1.9 -0.5
v -0.4 1.9 -0.6
v -0.3 1.9 -0.6
v 1.19209e-07 1.9 -0.6
v 0.2 1.9 -0.6
v -0.4 1.9 -0.7
v -0.6 1.9 -0.8
v -0.5 1.9 -0.8
v -0.4 1.9 -0.8
v 1.19209e-07 1.9 -0.8
v -0.6 1.9 -0.9
v -0.5 1.9 -0.9
v 1.19209e-07 2 0.9
v 0.2 2 0.9
v -0.5 2 0.8
v -0.4 2 0.8
v 1.19209e-07 2 0.8
v 0.1 2 0.8
v 0.2 2 0.8
v 0.3 2 0.8
v 0.4 2 0.8
v -1.2 2 0.7
v -1 2 0.7
v -0.7 2 0.7
v -0.5 2 0.7
v -0.4 2 0.7
v 0.1 2 0.7
v 0.3 2 0.7
v 0.4 2 0.7
v -1.2 2 0.6
v -1 2 0.6
v -0.7 2 0.6
v -0.4 2 0.6
v 0.1 2 0.6
v 0.3 2 0.6
v -0.0999999 2 0.4
v 1.19209e-07 2 0.4
v -0.0999999 2 -0.4
v 1.19209e-07 2 -0.4
v -1.2 2 -0.6
v -1 2 -0.6
v -0.7 2 -0.6
v -0.4 2 -0.6
v 0.1 2 -0.6
v 0.3 2 -0.6
v -1.2 2 -0.7
v -1 2 -0.7
v -0.7 2 -0.7
v -0.5 2 -0.7
v -0.4 2 -0.7
v 0.1 2 -0.7
v 0.3 2 -0.7
v 0.4 2 -0.7
v -0.5 2 -0.8
v -0.4 2 -0.8
v 1.19209e-07 2 -0.8
v 0.1 2 -0.8
v 0.2 2 -0.8
v 0.3 2 -0.8
v 0.4 2 -0.8
v 1.19209e-07 2 -0.9
v 0.2 2 -0.9
v -0.7 2.1 0.9
v -0.6 2.1 0.9
v -0.7 2.1 0.8
v -0.6 2.1 0.8
v 0.2 2.1 0.8
v 0.3 2.1 0.8
v -1.7 2.1 0.7
v -1.2 2.1 0.7
v 1.19209e-07 2.1 0.7
v 0.1 2.1 0.7
v 0.2 2.1 0.7
v 0.3 2.1 0.7
v -1.6 2.1 0.6
v -1.2 2.1 0.6
v 1.19209e-07 2.1 0.6
v 0.1 2.1 0.6
v -1.6 2.1 -0.6
v -1.2 2.1 -0.6
v 1.19209e-07 2.1 -0.6
v 0.1 2.1 -0.6
v -1.7 2.1 -0.7
v -1.2 2.1 -0.7
v 1.19209e-07 2.1 -0.7
v 0.1 2.1 -0.7
v 0.2 2.1 -0.7
v 0.3 2.1 -0.7
v -0.7 2.1 -0.8
v -0.6 2.1 -0.8
v 0.2 2.1 -0.8
v 0.3 2.1 -0.8
v -0.7 2.1 -0.9
v -0.6 2.1 -0.9
v 0.1 2.2 0.8
v 0.2 2.2 0.8
v 0.1 2.2 0.7
v 0.2 2.2 0.7
v 0.1 2.2 -0.7
v 0.2 2.2 -0.7
v 0.1 2.2 -0.8
v 0.2 2.2 -0.8
v -0.6 2.3 0.8
v -0.5 2.3 0.8
v 1.19209e-07 2.3 0.8
v 0.1 2.3 0.8
v -0.6 2.3 0.7
v -0.5 2.3 0.7
v 1.19209e-07 2.3 0.7
v 0.1 2.3 0.7
v -1.6 2.3 0.6
v -1.4 2.3 0.6
v -0.6 2.3 0.6
v -0.3 2.3 0.6
v -0.6 2.3 0.4
v -0.3 2.3 0.4
v -0.2 2.3 0.4
v -0.0999999 2.3 0.4
v -0.6 2.3 -0.4
v -0.3 2.3 -0.4
v -0.2 2.3 -0.4
v -0.0999999 2.3 -0.4
v -1.6 2.3 -0.6
v -1.4 2.3 -0.6
v -0.6 2.3 -0.6
v -0.3 2.3 -0.6
v -0.6 2.3 -0.7
v -0.5 2.3 -0.7
v 1.19209e-07 2.3 -0.7
v 0.1 2.3 -0.7
v -0.6 2.3 -0.8
v -0.5 2.3 -0.8
v 1.19209e-07 2.3 -0.8
v 0.1 2.3 -0.8
v -1 2.4 0.9
v -0.7 2.4 0.9
v -1 2.4 0.8
v -0.7 2.4 0.8
v -0.8 2.4 0.7
v -0.7 2.4 0.7
v -1.4 2.4 0.6
v -1 2.4 0.6
v -0.8 2.4 0.6
v -0.7 2.4 0.6
v -0.6 2.4 0.6
v -1.2 2.4 0.5
v -0.6 2.4 0.5
v -0.3 2.4 0.4
v -0.2 2.4 0.4
v -0.3 2.4 -0.4
v -0.2 2.4 -0.4
v -1.2 2.4 -0.5
v -0.6 2.4 -0.5
v -1.4 2.4 -0.6
v -1 2.4 -0.6
v -0.8 2.4 -0.6
v -0.7 2.4 -0.6
v -0.6 2.4 -0.6
v -0.8 2.4 -0.7
v -0.7 2.4 -0.7
v -1 2.4 -0.8
v -0.7 2.4 -0.8
v -1 2.4 -0.9
v -0.7 2.4 -0.9
v -0.7 2.5 0.8
v -0.6 2.5 0.8
v -0.7 2.5 0.7
v -0.6 2.5 0.7
v -1.2 2.5 0.5
v -0.6 2.5 0.5
v -0.6 2.5 0.4
v -0.3 2.5 0.4
v -0.6 2.5 -0.4
v -0.3 2.5 -0.4
v -1.2 2.5 -0.5
v -0.6 2.5 -0.5
v -0.7 2.5 -0.7
v -0.6 2.5 -0.7
v -0.7 2.5 -0.8
v -0.6 2.5 -0.8
v -0.9 2.6 0.7
v -0.8 2.6 0.7
v -0.9 2.6 0.6
v -0.8 2.6 0.6
v -0.9 2.6 -0.6
v -0.8 2.6 -0.6
v -0.9 2.6 -0.7
v -0.8 2.6 -0.7
v -0.8 2.7 0.8
v -0.7 2.7 0.8
v -1 2.7 0.7
v -0.9 2.7 0.7
v -0.8 2.7 0.7
v -0.7 2.7 0.7
v -1 2.7 0.6
v -0.9 2.7 0.6
v -1 2.7 -0.6
v -0.9 2.7 -0.6
v -1 2.7 -0.7
v -0.9 2.7 -0.7
v -0.8 2.7 -0.7
v -0.7 2.7 -0.7
v -0.8 2.7 -0.8
v -0.7 2.7 -0.8
v -1 2.8 0.8
v -0.8 2.8 0.8
v -1 2.8 0.7
v -0.8 2.8 0.7
v -1 2.8 -0.7
v -0.8 2.8 -0.7
v -1 2.8 -0.8
v -0.8 2.8 -0.8

# faces
f 3/4/1 2/4/1 1/4/1
f 4/4/1 2/4/1 3/4/1
f 5/4/1 2/4/1 4/4/1
f 6/4/1 2/4/1 5/4/1
f 7/4/1 3/4/1 1/4/1
f 7/8/1 4/8/1 3/8/1
f 8/4/1 5/4/1 4/4/1
f 8/8/1 4/8/1 7/8/1
f 9/8/1 6/8/1 5/8/1
f 9/4/1 5/4/1 8/4/1
f 10/4/1 2/4/1 6/4/1
f 10/8/1 6/8/1 9/8/1
f 12/4/1 8/4/1 7/4/1
f 12/4/1 7/4/1 1/4/1
f 13/8/1 9/8/1 8/8/1
f 13/4/1 8/4/1 12/4/1
f 14/4/1 10/4/1 9/4/1
f 14/8/1 9/8/1 13/8/1
f 15/4/1 2/4/1 10/4/1
f 15/4/1 10/4/1 14/4/1
f 17/4/1 12/4/1 11/4/1
f 17/4/1 16/4/1 15/4/1
f 17/4/1 15/4/1 14/4/1
f 17/4/1 14/4/1 13/4/1
f 17/4/1 13/4/1 12/4/1
f 18/4/1 16/4/1 17/4/1
f 19/4/1 16/4/1 18/4/1
f 20/4/1 16/4/1 19/4/1
f 21/4/1 16/4/1 20/4/1
f 22/4/1 16/4/1 21/4/1
f 23/6/1 18/6/1 17/6/1
f 23/7/1 19/7/1 18/7/1
f 24/4/1 20/4/1 19/4/1
f 24/7/1 19/7/1 23/7/1
f 25/7/1 21/7/1 20/7/1
f 25/4/1 20/4/1 24/4/1
f 26/6/1 22/6/1 21/6/1
f 26/7/1 21/7/1 25/7/1
f 27/4/1 17/4/1 11/4/1
f 28/4/1 17/4/1 27/4/1
f 29/6/1 23/6/1 17/6/1
f 29/4/1 17/4/1 28/4/1
f 29/6/1 24/6/1 23/6/1
f 30/4/1 25/4/1 24/4/1
f 30/6/1 24/6/1 29/6/1
f 31/4/1 25/4/1 30/4/1
f 32/4/1 25/4/1 31/4/1
f 33/6/1 26/6/1 25/6/1
f 33/4/1 25/4/1 32/4/1
f 34/6/1 22/6/1 26/6/1
f 34/6/1 26/6/1 33/6/1
f 34/4/1 16/4/1 22/4/1
f 35/4/1 16/4/1 34/4/1
f 36/4/1 16/4/1 35/4/1
f 37/4/1 29/4/1 28/4/1
f 37/4/1 30/4/1 29/4/1
f 38/8/1 31/8/1 30/8/1
f 38/4/1 30/4/1 37/4/1
f 39/4/1 32/4/1 31/4/1
f 39/8/1 31/8/1 38/8/1
f 40/8/1 33/8/1 32/8/1
f 40/4/1 32/4/1 39/4/1
f 41/4/1 35/4/1 34/4/1
f 41/8/1 33/8/1 40/8/1
f 41/4/1 34/4/1 33/4/1
f 42/4/1 35/4/1 41/4/1
f 43/4/1 37/4/1 28/4/1
f 43/8/1 38/8/1 37/8/1
f 44/4/1 39/4/1 38/4/1
f 44/8/1 38/8/1 43/8/1
f 44/4/1 40/4/1 39/4/1
f 44/4/1 41/4/1 40/4/1
f 45/8/1 42/8/1 41/8/1
f 45/4/1 41/4/1 44/4/1
f 46/4/1 35/4/1 42/4/1
f 46/8/1 42/8/1 45/8/1
f 47/4/1 43/4/1 28/4/1
f 47/4/1 45/4/1 44/4/1
f 47/4/1 46/4/1 45/4/1
f 47/4/1 44/4/1 43/4/1
f 48/4/1 35/4/1 46/4/1
f 48/4/1 46/4/1 47/4/1
f 51/4/1 50/4/1 49/4/1
f 52/4/1 50/4/1 51/4/1
f 53/4/1 51/4/1 49/4/1
f 54/4/1 51/4/1 53/4/1
f 55/4/1 50/4/1 52/4/1
f 56/4/1 50/4/1 55/4/1
f 59/4/1 58/4/1 57/4/1
f 60/4/1 58/4/1 59/4/1
f 63/4/1 62/4/1 61/4/1
f 64/4/1 62/4/1 63/4/1
f 65/4/1 62/4/1 64/4/1
f 66/4/1 62/4/1 65/4/1
f 67/4/1 65/4/1 64/4/1
f 68/4/1 65/4/1 67/4/1
f 69/4/1 65/4/1 68/4/1
f 70/4/1 65/4/1 69/4/1
f 71/4/1 69/4/1 68/4/1
f 72/4/1 69/4/1 71/4/1
f 73/4/1 69/4/1 72/4/1
f 74/4/1 69/4/1 73/4/1
f 79/4/1 76/4/1 75/4/1
f 80/4/1 76/4/1 79/4/1
f 81/4/1 78/4/1 77/4/1
f 82/4/1 78/4/1 81/4/1
f 85/1/1 84/1/1 83/1/1
f 86/1/1 84/1/1 85/1/1
f 87/1/1 84/1/1 86/1/1
f 88/1/1 84/1/1 87/1/1
f 89/1/1 84/1/1 88/1/1
f 90/1/1 84/1/1 89/1/1
f 91/1/1 84/1/1 90/1/1
f 92/1/1 84/1/1 91/1/1
f 93/1/1 84/1/1 92/1/1
f 94/1/1 84/1/1 93/1/1
f 95/1/1 87/1/1 86/1/1
f 96/4/1 88/4/1 87/4/1
f 96/1/1 87/1/1 95/1/1
f 97/1/1 89/1/1 88/1/1
f 97/4/1 88/4/1 96/4/1
f 98/4/1 90/4/1 89/4/1
f 98/1/1 89/1/1 97/1/1
f 99/1/1 91/1/1 90/1/1
f 99/4/1 90/4/1 98/4/1
f 100/4/1 92/4/1 91/4/1
f 100/1/1 91/1/1 99/1/1
f 101/1/1 93/1/1 92/1/1
f 101/4/1 92/4/1 100/4/1
f 102/1/1 93/1/1 101/1/1
f 103/4/1 100/4/1 99/4/1
f 103/4/1 96/4/1 95/4/1
f 103/4/1 102/4/1 101/4/1
f 103/4/1 101/4/1 100/4/1
f 103/4/1 99/4/1 98/4/1
f 103/4/1 98/4/1 97/4/1
f 103/4/1 97/4/1 96/4/1
f 104/4/1 102/4/1 103/4/1
f 105/4/1 102/4/1 104/4/1
f 106/4/1 102/4/1 105/4/1
f 109/4/1 108/4/1 107/4/1
f 110/4/1 108/4/1 109/4/1
f 115/1/1 112/1/1 111/1/1
f 116/1/1 112/1/1 115/1/1
f 117/1/1 114/1/1 113/1/1
f 118/1/1 114/1/1 117/1/1
f 119/1/1 112/1/1 116/1/1
f 120/1/1 112/1/1 119/1/1
f 121/1/1 117/1/1 113/1/1
f 122/1/1 117/1/1 121/1/1
f 127/1/1 124/1/1 123/1/1
f 128/1/1 124/1/1 127/1/1
f 129/1/1 126/1/1 125/1/1
f 130/1/1 126/1/1 129/1/1
f 133/4/1 132/4/1 131/4/1
f 134/4/1 132/4/1 133/4/1
f 139/1/1 136/1/1 135/1/1
f 140/1/1 136/1/1 139/1/1
f 141/1/1 138/1/1 137/1/1
f 142/1/1 138/1/1 141/1/1
f 149/1/1 144/1/1 143/1/1
f 150/4/1 145/4/1 144/4/1
f 150/1/1 144/1/1 149/1/1
f 151/4/1 145/4/1 150/4/1
f 154/4/1 147/4/1 146/4/1
f 155/1/1 148/1/1 147/1/1
f 155/4/1 147/4/1 154/4/1
f 156/1/1 148/1/1 155/1/1
f 157/4/1 152/4/1 151/4/1
f 158/4/1 152/4/1 157/4/1
f 159/4/1 154/4/1 153/4/1
f 160/4/1 154/4/1 159/4/1
f 165/3/1 162/3/1 161/3/1
f 168/3/1 164/3/1 163/3/1
f 169/9/1 166/9/1 165/9/1
f 172/9/1 168/9/1 167/9/1
f 173/3/1 165/3/1 161/3/1
f 174/9/1 169/9/1 165/9/1
f 174/3/1 165/3/1 173/3/1
f 175/3/1 170/3/1 169/3/1
f 176/3/1 172/3/1 171/3/1
f 177/3/1 164/3/1 168/3/1
f 177/9/1 168/9/1 172/9/1
f 178/3/1 164/3/1 177/3/1
f 179/9/1 169/9/1 174/9/1
f 179/3/1 175/3/1 169/3/1
f 180/3/1 175/3/1 179/3/1
f 181/3/1 172/3/1 176/3/1
f 182/9/1 177/9/1 172/9/1
f 182/3/1 172/3/1 181/3/1
f 183/9/1 179/9/1 174/9/1
f 184/9/1 179/9/1 183/9/1
f 185/9/1 177/9/1 182/9/1
f 186/9/1 177/9/1 185/9/1
f 191/5/1 188/5/1 187/5/1
f 194/5/1 190/5/1 189/5/1
f 195/5/1 192/5/1 191/5/1
f 195/5/1 191/5/1 187/5/1
f 196/5/1 192/5/1 195/5/1
f 197/5/1 194/5/1 193/5/1
f 197/5/1 190/5/1 194/5/1
f 198/5/1 190/5/1 197/5/1
f 199/5/1 192/5/1 196/5/1
f 200/5/1 192/5/1 199/5/1
f 201/5/1 192/5/1 200/5/1
f 202/5/1 197/5/1 193/5/1
f 203/5/1 197/5/1 202/5/1
f 204/5/1 197/5/1 203/5/1
f 205/9/1 200/9/1 199/9/1
f 206/9/1 200/9/1 205/9/1
f 207/9/1 204/9/1 203/9/1
f 208/9/1 204/9/1 207/9/1
f 213/4/1 210/4/1 209/4/1
f 214/4/1 210/4/1 213/4/1
f 215/4/1 212/4/1 211/4/1
f 216/4/1 212/4/1 215/4/1
f 221/5/1 218/5/1 217/5/1
f 222/5/1 218/5/1 221/5/1
f 225/5/1 220/5/1 219/5/1
f 226/5/1 220/5/1 225/5/1
f 227/5/1 223/5/1 222/5/1
f 230/5/1 225/5/1 224/5/1
f 231/5/1 228/5/1 227/5/1
f 236/5/1 230/5/1 229/5/1
f 237/5/1 227/5/1 222/5/1
f 237/5/1 231/5/1 227/5/1
f 238/5/1 231/5/1 237/5/1
f 239/5/1 231/5/1 238/5/1
f 240/5/1 233/5/1 232/5/1
f 241/5/1 235/5/1 234/5/1
f 242/5/1 230/5/1 236/5/1
f 243/5/1 225/5/1 230/5/1
f 243/5/1 230/5/1 242/5/1
f 244/5/1 225/5/1 243/5/1
f 245/5/1 240/5/1 239/5/1
f 245/5/1 239/5/1 238/5/1
f 246/5/1 240/5/1 245/5/1
f 247/5/1 233/5/1 240/5/1
f 247/5/1 240/5/1 246/5/1
f 248/5/1 233/5/1 247/5/1
f 249/5/1 241/5/1 234/5/1
f 249/5/1 242/5/1 241/5/1
f 249/5/1 243/5/1 242/5/1
f 250/5/1 243/5/1 249/5/1
f 251/5/1 243/5/1 250/5/1
f 252/5/1 243/5/1 251/5/1
f 253/5/1 247/5/1 246/5/1
f 254/5/1 247/5/1 253/5/1
f 255/5/1 251/5/1 250/5/1
f 256/5/1 251/5/1 255/5/1
f 257/5/1 247/5/1 254/5/1
f 257/9/1 254/9/1 253/9/1
f 258/5/1 247/5/1 257/5/1
f 259/5/1 255/5/1 250/5/1
f 260/9/1 256/9/1 255/9/1
f 260/5/1 255/5/1 259/5/1
f 261/9/1 257/9/1 253/9/1
f 262/9/1 257/9/1 261/9/1
f 263/9/1 256/9/1 260/9/1
f 264/9/1 256/9/1 263/9/1
f 269/5/1 266/5/1 265/5/1
f 270/5/1 266/5/1 269/5/1
f 271/5/1 266/5/1 270/5/1
f 274/5/1 268/5/1 267/5/1
f 275/5/1 268/5/1 274/5/1
f 276/5/1 268/5/1 275/5/1
f 277/5/1 272/5/1 271/5/1
f 277/5/1 271/5/1 270/5/1
f 278/5/1 272/5/1 277/5/1
f 279/5/1 272/5/1 278/5/1
f 280/5/1 272/5/1 279/5/1
f 281/5/1 275/5/1 274/5/1
f 281/5/1 274/5/1 273/5/1
f 282/5/1 275/5/1 281/5/1
f 283/5/1 275/5/1 282/5/1
f 284/5/1 275/5/1 283/5/1
f 285/5/1 279/5/1 278/5/1
f 286/5/1 279/5/1 285/5/1
f 287/5/1 283/5/1 282/5/1
f 288/5/1 283/5/1 287/5/1
f 289/5/1 285/5/1 278/5/1
f 290/5/1 285/5/1 289/5/1
f 291/5/1 285/5/1 290/5/1
f 292/5/1 283/5/1 288/5/1
f 293/5/1 283/5/1 292/5/1
f 294/5/1 283/5/1 293/5/1
f 295/9/1 291/9/1 290/9/1
f 296/9/1 291/9/1 295/9/1
f 297/9/1 293/9/1 292/9/1
f 298/9/1 293/9/1 297/9/1
f 303/5/1 300/5/1 299/5/1
f 304/5/1 300/5/1 303/5/1
f 305/5/1 300/5/1 304/5/1
f 306/5/1 300/5/1 305/5/1
f 307/5/1 302/5/1 301/5/1
f 308/5/1 302/5/1 307/5/1
f 309/5/1 302/5/1 308/5/1
f 310/5/1 302/5/1 309/5/1
f 311/9/1 305/9/1 304/9/1
f 312/9/1 305/9/1 311/9/1
f 313/9/1 309/9/1 308/9/1
f 314/9/1 309/9/1 313/9/1
f 319/9/1 316/9/1 315/9/1
f 320/9/1 316/9/1 319/9/1
f 321/9/1 318/9/1 317/9/1
f 322/9/1 318/9/1 321/9/1
f 323/4/2 324/4/2 327/4/2
f 327/4/2 324/4/2 328/4/2
f 325/4/2 326/4/2 329/4/2
f 329/4/2 326/4/2 330/4/2
f 331/3/2 332/3/2 335/3/2
f 335/3/2 332/3/2 336/3/2
f 333/3/2 334/3/2 337/3/2
f 337/3/2 334/3/2 338/3/2
f 339/3/2 340/3/2 343/3/2
f 343/3/2 340/3/2 344/3/2
f 341/3/2 342/3/2 345/3/2
f 345/3/2 342/3/2 346/3/2
f 347/9/2 348/9/2 351/9/2
f 351/9/2 348/9/2 352/9/2
f 349/9/2 350/9/2 353/9/2
f 353/9/2 350/9/2 354/9/2
f 359/3/2 360/3/2 363/3/2
f 363/3/2 360/3/2 364/3/2
f 355/3/2 356/3/2 365/3/2
f 365/3/2 356/3/2 366/3/2
f 357/3/2 358/3/2 367/3/2
f 367/3/2 358/3/2 368/3/2
f 361/3/2 362/3/2 369/3/2
f 369/3/2 362/3/2 370/3/2
f 371/9/2 372/9/2 375/9/2
f 375/9/2 372/9/2 376/9/2
f 373/9/2 374/9/2 377/9/2
f 377/9/2 374/9/2 378/9/2
f 379/3/2 380/3/2 383/3/2
f 383/3/2 380/3/2 384/3/2
f 381/3/2 382/3/2 385/3/2
f 385/3/2 382/3/2 386/3/2
f 389/4/2 390/4/2 395/4/2
f 395/4/2 390/4/2 396/4/2
f 391/4/2 392/4/2 397/4/2
f 397/4/2 392/4/2 398/4/2
f 387/9/2 388/9/2 399/9/2
f 399/9/2 388/9/2 400/9/2
f 396/4/2 390/4/2 401/4/2
f 401/4/2 390/4/2 402/4/2
f 391/4/2 397/4/2 403/4/2
f 403/4/2 397/4/2 404/4/2
f 393/9/2 394/9/2 405/9/2
f 405/9/2 394/9/2 406/9/2
f 407/3/2 408/3/2 411/3/2
f 411/3/2 408/3/2 412/3/2
f 409/3/2 410/3/2 413/3/2
f 413/3/2 410/3/2 414/3/2
f 415/9/2 416/9/2 419/9/2
f 419/9/2 416/9/2 420/9/2
f 417/9/2 418/9/2 421/9/2
f 421/9/2 418/9/2 422/9/2
f 423/1/2 424/1/2 429/1/2
f 424/4/2 425/4/2 430/4/2
f 429/1/2 424/1/2 430/1/2
f 430/4/2 425/4/2 431/4/2
f 426/4/2 427/4/2 432/4/2
f 427/1/2 428/1/2 433/1/2
f 432/4/2 427/4/2 433/4/2
f 433/1/2 428/1/2 434/1/2
f 435/3/2 436/3/2 439/3/2
f 439/3/2 436/3/2 440/3/2
f 437/3/2 438/3/2 441/3/2
f 441/3/2 438/3/2 442/3/2
f 443/9/2 444/9/2 449/9/2
f 444/4/2 445/4/2 450/4/2
f 449/9/2 444/9/2 450/9/2
f 450/4/2 445/4/2 451/4/2
f 446/4/2 447/4/2 452/4/2
f 447/9/2 448/9/2 453/9/2
f 452/4/2 447/4/2 453/4/2
f 453/9/2 448/9/2 454/9/2
f 455/4/2 456/4/2 459/4/2
f 459/4/2 456/4/2 460/4/2
f 457/4/2 458/4/2 461/4/2
f 461/4/2 458/4/2 462/4/2
f 463/4/2 464/4/2 465/4/2
f 465/4/2 464/4/2 466/4/2
f 467/1/2 468/1/2 471/1/2
f 471/1/2 468/1/2 472/1/2
f 469/1/2 470/1/2 473/1/2
f 473/1/2 470/1/2 474/1/2
f 475/4/2 476/4/2 479/4/2
f 479/4/2 476/4/2 480/4/2
f 477/4/2 478/4/2 481/4/2
f 481/4/2 478/4/2 482/4/2
f 483/4/2 484/4/2 485/4/2
f 485/4/2 484/4/2 486/4/2
f 487/4/2 488/4/2 489/4/2
f 489/4/2 488/4/2 490/4/2
f 491/4/2 492/4/2 495/4/2
f 493/4/2 494/4/2 496/4/2
f 491/4/2 495/4/2 498/4/2
f 498/4/2 495/4/2 499/4/2
f 496/4/2 494/4/2 500/4/2
f 500/4/2 494/4/2 501/4/2
f 498/4/2 499/4/2 503/4/2
f 501/4/2 502/4/2 503/4/2
f 500/4/2 501/4/2 503/4/2
f 499/4/2 500/4/2 503/4/2
f 497/4/2 498/4/2 503/4/2
f 503/4/2 502/4/2 504/4/2
f 504/4/2 502/4/2 505/4/2
f 505/4/2 502/4/2 506/4/2
f 504/4/2 505/4/2 507/4/2
f 507/4/2 505/4/2 508/4/2
f 509/1/2 510/1/2 513/1/2
f 513/1/2 510/1/2 514/1/2
f 511/1/2 512/1/2 515/1/2
f 515/1/2 512/1/2 516/1/2
f 517/1/2 518/1/2 521/1/2
f 521/1/2 518/1/2 522/1/2
f 519/1/2 520/1/2 523/1/2
f 523/1/2 520/1/2 524/1/2
f 525/5/2 526/5/2 529/5/2
f 529/5/2 526/5/2 530/5/2
f 527/5/2 528/5/2 531/5/2
f 531/5/2 528/5/2 532/5/2
f 533/9/2 534/9/2 537/9/2
f 537/9/2 534/9/2 538/9/2
f 535/9/2 536/9/2 539/9/2
f 539/9/2 536/9/2 540/9/2
f 541/4/2 542/4/2 545/4/2
f 545/4/2 542/4/2 546/4/2
f 546/4/2 542/4/2 547/4/2
f 543/4/2 544/4/2 548/4/2
f 548/4/2 544/4/2 549/4/2
f 549/4/2 544/4/2 550/4/2
f 545/5/2 546/5/2 553/5/2
f 553/5/2 546/5/2 554/5/2
f 551/2/2 552/2/2 555/2/2
f 555/2/2 552/2/2 556/2/2
f 549/5/2 550/5/2 557/5/2
f 557/5/2 550/5/2 558/5/2
f 559/5/2 560/5/2 563/5/2
f 545/5/2 553/5/2 564/5/2
f 564/5/2 553/5/2 565/5/2
f 558/5/2 550/5/2 566/5/2
f 566/5/2 550/5/2 567/5/2
f 561/5/2 562/5/2 568/5/2
f 559/5/2 563/5/2 569/5/2
f 569/5/2 563/5/2 570/5/2
f 568/5/2 562/5/2 571/5/2
f 571/5/2 562/5/2 572/5/2
f 573/9/2 574/9/2 577/9/2
f 577/9/2 574/9/2 578/9/2
f 575/9/2 576/9/2 579/9/2
f 579/9/2 576/9/2 580/9/2
f 581/4/2 582/4/2 585/4/2
f 585/4/2 582/4/2 586/4/2
f 583/4/2 584/4/2 587/4/2
f 587/4/2 584/4/2 588/4/2
f 585/5/2 586/5/2 589/5/2
f 587/5/2 588/5/2 590/5/2
f 585/5/2 589/5/2 595/5/2
f 595/5/2 589/5/2 596/5/2
f 591/5/2 592/5/2 597/5/2
f 593/5/2 594/5/2 598/5/2
f 590/5/2 588/5/2 599/5/2
f 599/5/2 588/5/2 600/5/2
f 597/5/2 592/5/2 602/5/2
f 602/5/2 592/5/2 603/5/2
f 593/5/2 598/5/2 604/5/2
f 604/5/2 598/5/2 605/5/2
f 601/9/2 602/9/2 607/9/2
f 607/9/2 602/9/2 608/9/2
f 605/9/2 606/9/2 609/9/2
f 609/9/2 606/9/2 610/9/2
f 611/4/2 612/4/2 615/4/2
f 615/4/2 612/4/2 616/4/2
f 613/4/2 614/4/2 621/4/2
f 621/4/2 614/4/2 622/4/2
f 617/4/2 618/4/2 624/4/2
f 619/4/2 620/4/2 625/4/2
f 623/4/2 624/4/2 627/4/2
f 624/4/2 618/4/2 627/4/2
f 627/4/2 618/4/2 628/4/2
f 628/4/2 618/4/2 629/4/2
f 625/4/2 626/4/2 630/4/2
f 619/4/2 625/4/2 630/4/2
f 630/4/2 626/4/2 631/4/2
f 631/4/2 626/4/2 632/4/2
f 623/4/2 627/4/2 633/4/2
f 627/5/2 628/5/2 634/5/2
f 633/4/2 627/4/2 634/4/2
f 632/4/2 626/4/2 637/4/2
f 631/5/2 632/5/2 637/5/2
f 637/4/2 626/4/2 638/4/2
f 634/5/2 628/5/2 639/5/2
f 633/5/2 634/5/2 639/5/2
f 639/5/2 628/5/2 640/5/2
f 635/2/2 636/2/2 641/2/2
f 641/2/2 636/2/2 642/2/2
f 637/5/2 638/5/2 643/5/2
f 631/5/2 637/5/2 643/5/2
f 643/5/2 638/5/2 644/5/2
f 633/5/2 639/5/2 645/5/2
f 645/5/2 639/5/2 646/5/2
f 644/5/2 638/5/2 647/5/2
f 647/5/2 638/5/2 648/5/2
f 645/9/2 646/9/2 649/9/2
f 649/9/2 646/9/2 650/9/2
f 647/9/2 648/9/2 651/9/2
f 651/9/2 648/9/2 652/9/2
f 653/1/2 654/1/2 657/1/2
f 657/1/2 654/1/2 658/1/2
f 655/1/2 656/1/2 659/1/2
f 659/1/2 656/1/2 660/1/2
f 661/4/2 662/4/2 665/4/2
f 665/4/2 662/4/2 666/4/2
f 663/4/2 664/4/2 667/4/2
f 667/4/2 664/4/2 668/4/2
f 669/2/2 670/2/2 671/2/2
f 671/2/2 670/2/2 672/2/2
f 673/1/2 674/1/2 677/1/2
f 677/1/2 674/1/2 678/1/2
f 675/1/2 676/1/2 679/1/2
f 679/1/2 676/1/2 680/1/2
f 681/4/2 682/4/2 685/4/2
f 685/4/2 682/4/2 686/4/2
f 683/4/2 684/4/2 687/4/2
f 687/4/2 684/4/2 688/4/2
f 689/4/2 690/4/2 698/4/2
f 698/4/2 690/4/2 699/4/2
f 691/4/2 692/4/2 700/4/2
f 700/4/2 692/4/2 701/4/2
f 697/5/2 698/5/2 704/5/2
f 704/5/2 698/5/2 705/5/2
f 701/5/2 702/5/2 708/5/2
f 708/5/2 702/5/2 709/5/2
f 693/5/2 694/5/2 711/5/2
f 711/5/2 694/5/2 712/5/2
f 695/5/2 696/5/2 713/5/2
f 713/5/2 696/5/2 714/5/2
f 703/5/2 704/5/2 715/5/2
f 715/5/2 704/5/2 716/5/2
f 706/2/2 707/2/2 717/2/2
f 717/2/2 707/2/2 718/2/2
f 709/5/2 710/5/2 719/5/2
f 719/5/2 710/5/2 720/5/2
f 721/5/2 722/5/2 726/5/2
f 726/5/2 722/5/2 727/5/2
f 723/5/2 724/5/2 728/5/2
f 728/5/2 724/5/2 729/5/2
f 725/9/2 726/9/2 731/9/2
f 731/9/2 726/9/2 732/9/2
f 729/9/2 730/9/2 733/9/2
f 733/9/2 730/9/2 734/9/2
f 735/5/2 736/5/2 743/5/2
f 743/5/2 736/5/2 744/5/2
f 737/4/2 738/4/2 745/4/2
f 745/4/2 738/4/2 746/4/2
f 746/4/2 738/4/2 747/4/2
f 739/4/2 740/4/2 748/4/2
f 748/4/2 740/4/2 749/4/2
f 749/4/2 740/4/2 750/4/2
f 741/5/2 742/5/2 751/5/2
f 751/5/2 742/5/2 752/5/2
f 745/5/2 746/5/2 754/5/2
f 749/5/2 750/5/2 755/5/2
f 753/5/2 754/5/2 757/5/2
f 754/5/2 746/5/2 757/5/2
f 757/5/2 746/5/2 758/5/2
f 755/5/2 756/5/2 761/5/2
f 749/5/2 755/5/2 761/5/2
f 761/5/2 756/5/2 762/5/2
f 753/5/2 757/5/2 765/5/2
f 765/5/2 757/5/2 766/5/2
f 759/2/2 760/2/2 767/2/2
f 767/2/2 760/2/2 768/2/2
f 762/5/2 756/5/2 769/5/2
f 769/5/2 756/5/2 770/5/2
f 763/5/2 764/5/2 773/5/2
f 753/5/2 765/5/2 774/5/2
f 770/5/2 756/5/2 775/5/2
f 771/5/2 772/5/2 776/5/2
f 763/5/2 773/5/2 777/5/2
f 777/5/2 773/5/2 778/5/2
f 776/5/2 772/5/2 779/5/2
f 779/5/2 772/5/2 780/5/2
f 774/5/2 765/5/2 782/5/2
f 782/5/2 765/5/2 783/5/2
f 770/5/2 775/5/2 784/5/2
f 784/5/2 775/5/2 785/5/2
f 781/9/2 782/9/2 787/9/2
f 787/9/2 782/9/2 788/9/2
f 785/9/2 786/9/2 789/9/2
f 789/9/2 786/9/2 790/9/2
f 791/4/2 792/4/2 795/4/2
f 793/4/2 794/4/2 798/4/2
f 795/4/2 796/4/2 799/4/2
f 791/4/2 795/4/2 799/4/2
f 799/4/2 796/4/2 800/4/2
f 800/4/2 796/4/2 801/4/2
f 801/4/2 796/4/2 802/4/2
f 802/4/2 796/4/2 803/4/2
f 803/4/2 796/4/2 804/4/2
f 797/4/2 798/4/2 805/4/2
f 805/4/2 798/4/2 806/4/2
f 798/4/2 794/4/2 807/4/2
f 806/4/2 798/4/2 807/4/2
f 807/4/2 794/4/2 808/4/2
f 808/4/2 794/4/2 809/4/2
f 809/4/2 794/4/2 810/4/2
f 800/5/2 801/5/2 811/5/2
f 801/4/2 802/4/2 811/4/2
f 802/5/2 803/5/2 812/5/2
f 811/4/2 802/4/2 812/4/2
f 807/4/2 808/4/2 815/4/2
f 806/5/2 807/5/2 815/5/2
f 808/5/2 809/5/2 816/5/2
f 815/4/2 808/4/2 816/4/2
f 800/5/2 811/5/2 817/5/2
f 811/5/2 812/5/2 817/5/2
f 817/5/2 812/5/2 818/5/2
f 812/5/2 803/5/2 819/5/2
f 818/5/2 812/5/2 819/5/2
f 819/5/2 803/5/2 820/5/2
f 806/5/2 815/5/2 821/5/2
f 815/5/2 816/5/2 821/5/2
f 821/5/2 816/5/2 822/5/2
f 816/5/2 809/5/2 823/5/2
f 822/5/2 816/5/2 823/5/2
f 823/5/2 809/5/2 824/5/2
f 813/2/2 814/2/2 825/2/2
f 825/2/2 814/2/2 826/2/2
f 818/5/2 819/5/2 827/5/2
f 827/5/2 819/5/2 828/5/2
f 822/5/2 823/5/2 829/5/2
f 829/5/2 823/5/2 830/5/2
f 828/5/2 819/5/2 831/5/2
f 831/5/2 819/5/2 832/5/2
f 822/5/2 829/5/2 833/5/2
f 833/5/2 829/5/2 834/5/2
f 831/9/2 832/9/2 835/9/2
f 835/9/2 832/9/2 836/9/2
f 833/9/2 834/9/2 837/9/2
f 837/9/2 834/9/2 838/9/2
f 839/5/2 840/5/2 843/5/2
f 843/5/2 840/5/2 844/5/2
f 841/5/2 842/5/2 845/5/2
f 845/5/2 842/5/2 846/5/2
f 847/5/2 848/5/2 851/5/2
f 851/5/2 848/5/2 852/5/2
f 849/5/2 850/5/2 853/5/2
f 853/5/2 850/5/2 854/5/2
f 855/9/2 856/9/2 859/9/2
f 859/9/2 856/9/2 860/9/2
f 857/9/2 858/9/2 861/9/2
f 861/9/2 858/9/2 862/9/2
f 865/4/2 866/4/2 872/4/2
f 872/4/2 866/4/2 873/4/2
f 867/4/2 868/4/2 874/4/2
f 874/4/2 868/4/2 875/4/2
f 863/5/2 864/5/2 877/5/2
f 877/5/2 864/5/2 878/5/2
f 869/5/2 870/5/2 881/5/2
f 881/5/2 870/5/2 882/5/2
f 871/5/2 872/5/2 885/5/2
f 885/5/2 872/5/2 886/5/2
f 879/2/2 880/2/2 887/2/2
f 887/2/2 880/2/2 888/2/2
f 875/5/2 876/5/2 889/5/2
f 889/5/2 876/5/2 890/5/2
f 883/5/2 884/5/2 897/5/2
f 893/5/2 894/5/2 898/5/2
f 898/5/2 894/5/2 899/5/2
f 895/5/2 896/5/2 900/5/2
f 900/5/2 896/5/2 901/5/2
f 891/5/2 892/5/2 902/5/2
f 883/5/2 897/5/2 903/5/2
f 903/5/2 897/5/2 904/5/2
f 902/5/2 892/5/2 907/5/2
f 907/5/2 892/5/2 908/5/2
f 904/9/2 905/9/2 909/9/2
f 909/9/2 905/9/2 910/9/2
f 906/9/2 907/9/2 911/9/2
f 911/9/2 907/9/2 912/9/2
f 913/4/2 914/4/2 917/4/2
f 917/4/2 914/4/2 918/4/2
f 918/4/2 914/4/2 919/4/2
f 919/4/2 914/4/2 920/4/2
f 915/4/2 916/4/2 921/4/2
f 921/4/2 916/4/2 922/4/2
f 922/4/2 916/4/2 923/4/2
f 923/4/2 916/4/2 924/4/2
f 918/5/2 919/5/2 925/5/2
f 925/5/2 919/5/2 926/5/2
f 922/5/2 923/5/2 929/5/2
f 929/5/2 923/5/2 930/5/2
f 927/2/2 928/2/2 931/2/2
f 931/2/2 928/2/2 932/2/2
f 918/5/2 925/5/2 933/5/2
f 933/5/2 925/5/2 934/5/2
f 930/5/2 923/5/2 935/5/2
f 935/5/2 923/5/2 936/5/2
f 934/5/2 925/5/2 937/5/2
f 937/5/2 925/5/2 938/5/2
f 930/5/2 935/5/2 939/5/2
f 939/5/2 935/5/2 940/5/2
f 934/5/2 937/5/2 941/5/2
f 941/5/2 937/5/2 942/5/2
f 940/5/2 935/5/2 943/5/2
f 943/5/2 935/5/2 944/5/2
f 941/9/2 942/9/2 945/9/2
f 945/9/2 942/9/2 946/9/2
f 943/9/2 944/9/2 947/9/2
f 947/9/2 944/9/2 948/9/2
f 949/1/2 950/1/2 953/1/2
f 953/1/2 950/1/2 954/1/2
f 954/1/2 950/1/2 955/1/2
f 951/1/2 952/1/2 958/1/2
f 958/1/2 952/1/2 959/1/2
f 959/1/2 952/1/2 960/1/2
f 954/1/2 955/1/2 961/1/2
f 955/4/2 956/4/2 962/4/2
f 961/1/2 955/1/2 962/1/2
f 962/4/2 956/4/2 963/4/2
f 957/4/2 958/4/2 970/4/2
f 958/1/2 959/1/2 971/1/2
f 970/4/2 958/4/2 971/4/2
f 971/1/2 959/1/2 972/1/2
f 961/4/2 962/4/2 973/4/2
f 962/4/2 963/4/2 973/4/2
f 963/4/2 964/4/2 973/4/2
f 973/4/2 964/4/2 974/4/2
f 965/4/2 966/4/2 975/4/2
f 975/4/2 966/4/2 976/4/2
f 967/4/2 968/4/2 977/4/2
f 977/4/2 968/4/2 978/4/2
f 969/4/2 970/4/2 979/4/2
f 971/4/2 972/4/2 979/4/2
f 970/4/2 971/4/2 979/4/2
f 979/4/2 972/4/2 980/4/2
f 981/2/2 982/2/2 983/2/2
f 983/2/2 982/2/2 984/2/2
f 985/5/2 986/5/2 989/5/2
f 989/5/2 986/5/2 990/5/2
f 987/5/2 988/5/2 991/5/2
f 991/5/2 988/5/2 992/5/2
f 993/1/2 994/1/2 997/1/2
f 997/1/2 994/1/2 998/1/2
f 995/1/2 996/1/2 999/1/2
f 999/1/2 996/1/2 1000/1/2
f 1001/5/2 1002/5/2 1005/5/2
f 1003/5/2 1004/5/2 1010/5/2
f 1001/5/2 1005/5/2 1011/5/2
f 1011/5/2 1005/5/2 1012/5/2
f 1006/5/2 1007/5/2 1013/5/2
f 1013/5/2 1007/5/2 1014/5/2
f 1008/5/2 1009/5/2 1015/5/2
f 1015/5/2 1009/5/2 1016/5/2
f 1010/5/2 1004/5/2 1017/5/2
f 1017/5/2 1004/5/2 1018/5/2
f 1012/9/2 1013/9/2 1019/9/2
f 1019/9/2 1013/9/2 1020/9/2
f 1016/9/2 1017/9/2 1021/9/2
f 1021/9/2 1017/9/2 1022/9/2
f 1023/5/2 1024/5/2 1031/5/2
f 1031/5/2 1024/5/2 1032/5/2
f 1024/4/2 1025/4/2 1033/4/2
f 1032/5/2 1024/5/2 1033/5/2
f 1025/4/2 1026/4/2 1033/4/2
f 1033/4/2 1026/4/2 1034/4/2
f 1034/4/2 1026/4/2 1035/4/2
f 1027/4/2 1028/4/2 1036/4/2
f 1028/4/2 1029/4/2 1036/4/2
f 1036/4/2 1029/4/2 1037/4/2
f 1029/5/2 1030/5/2 1038/5/2
f 1037/4/2 1029/4/2 1038/4/2
f 1038/5/2 1030/5/2 1039/5/2
f 1039/5/2 1030/5/2 1040/5/2
f 1033/5/2 1034/5/2 1041/5/2
f 1032/5/2 1033/5/2 1041/5/2
f 1041/5/2 1034/5/2 1042/5/2
f 1042/5/2 1034/5/2 1043/5/2
f 1038/5/2 1039/5/2 1046/5/2
f 1037/5/2 1038/5/2 1046/5/2
f 1046/5/2 1039/5/2 1047/5/2
f 1047/5/2 1039/5/2 1048/5/2
f 1041/9/2 1042/9/2 1049/9/2
f 1049/9/2 1042/9/2 1050/9/2
f 1044/2/2 1045/2/2 1051/2/2
f 1051/2/2 1045/2/2 1052/2/2
f 1047/9/2 1048/9/2 1053/9/2
f 1053/9/2 1048/9/2 1054/9/2
f 1055/1/2 1056/1/2 1065/1/2
f 1056/4/2 1057/4/2 1066/4/2
f 1065/1/2 1056/1/2 1066/1/2
f 1057/1/2 1058/1/2 1067/1/2
f 1066/4/2 1057/4/2 1067/4/2
f 1058/4/2 1059/4/2 1068/4/2
f 1067/1/2 1058/1/2 1068/1/2
f 1068/4/2 1059/4/2 1069/4/2
f 1060/4/2 1061/4/2 1070/4/2
f 1061/1/2 1062/1/2 1071/1/2
f 1070/4/2 1061/4/2 1071/4/2
f 1062/4/2 1063/4/2 1072/4/2
f 1071/1/2 1062/1/2 1072/1/2
f 1063/1/2 1064/1/2 1073/1/2
f 1072/4/2 1063/4/2 1073/4/2
f 1073/1/2 1064/1/2 1074/1/2
f 1075/2/2 1076/2/2 1077/2/2
f 1077/2/2 1076/2/2 1078/2/2
f 1079/1/2 1080/1/2 1081/1/2
f 1081/1/2 1080/1/2 1082/1/2
f 1082/1/2 1080/1/2 1083/1/2
f 1083/1/2 1080/1/2 1084/1/2
f 1082/1/2 1083/1/2 1085/1/2
f 1085/1/2 1083/1/2 1086/1/2
f 1085/2/2 1086/2/2 1087/2/2
f 1087/2/2 1086/2/2 1088/2/2
f 1091/1/3 1090/1/3 1089/1/3
f 1092/1/3 1090/1/3 1091/1/3
f 1095/1/3 1094/1/3 1093/1/3
f 1096/1/3 1094/1/3 1095/1/3
f 1099/1/3 1098/1/3 1097/1/3
f 1100/1/3 1098/1/3 1099/1/3
f 1103/1/3 1102/1/3 1101/1/3
f 1104/1/3 1102/1/3 1103/1/3
f 1107/1/3 1106/1/3 1105/1/3
f 1108/1/3 1106/1/3 1107/1/3
f 1111/1/3 1110/1/3 1109/1/3
f 1112/1/3 1110/1/3 1111/1/3
f 1115/1/3 1114/1/3 1113/1/3
f 1116/1/3 1114/1/3 1115/1/3
f 1119/1/3 1118/1/3 1117/1/3
f 1120/1/3 1118/1/3 1119/1/3
f 1123/1/3 1122/1/3 1121/1/3
f 1124/1/3 1122/1/3 1123/1/3
f 1125/4/3 1124/4/3 1123/4/3
f 1126/4/3 1124/4/3 1125/4/3
f 1129/4/3 1127/4/3 1126/4/3
f 1130/4/3 1129/4/3 1128/4/3
f 1131/4/3 1127/4/3 1129/4/3
f 1131/4/3 1129/4/3 1130/4/3
f 1132/4/3 1127/4/3 1131/4/3
f 1133/1/3 1131/1/3 1130/1/3
f 1134/1/3 1131/1/3 1133/1/3
f 1137/1/3 1136/1/3 1135/1/3
f 1138/1/3 1136/1/3 1137/1/3
f 1141/1/3 1140/1/3 1139/1/3
f 1142/1/3 1140/1/3 1141/1/3
f 1146/1/3 1144/1/3 1143/1/3
f 1147/4/3 1145/4/3 1144/4/3
f 1147/1/3 1144/1/3 1146/1/3
f 1148/4/3 1145/4/3 1147/4/3
f 1149/4/3 1145/4/3 1148/4/3
f 1150/4/3 1145/4/3 1149/4/3
f 1154/4/3 1152/4/3 1151/4/3
f 1155/4/3 1154/4/3 1153/4/3
f 1156/4/3 1152/4/3 1154/4/3
f 1156/4/3 1154/4/3 1155/4/3
f 1157/1/3 1156/1/3 1155/1/3
f 1158/4/3 1152/4/3 1156/4/3
f 1158/1/3 1156/1/3 1157/1/3
f 1159/4/3 1152/4/3 1158/4/3
f 1162/4/3 1161/4/3 1160/4/3
f 1163/4/3 1161/4/3 1162/4/3
f 1164/4/3 1161/4/3 1163/4/3
f 1165/4/3 1163/4/3 1162/4/3
f 1166/4/3 1163/4/3 1165/4/3
f 1169/4/3 1168/4/3 1167/4/3
f 1170/4/3 1168/4/3 1169/4/3
f 1171/1/3 1170/1/3 1169/1/3
f 1172/1/3 1170/1/3 1171/1/3
f 1175/4/3 1174/4/3 1173/4/3
f 1178/4/3 1175/4/3 1173/4/3
f 1179/5/3 1176/5/3 1175/5/3
f 1179/4/3 1178/4/3 1177/4/3
f 1179/4/3 1175/4/3 1178/4/3
f 1180/5/3 1176/5/3 1179/5/3
f 1181/4/3 1179/4/3 1177/4/3
f 1182/4/3 1179/4/3 1181/4/3
f 1185/5/3 1184/5/3 1183/5/3
f 1186/5/3 1184/5/3 1185/5/3
f 1189/4/3 1188/4/3 1187/4/3
f 1190/4/3 1188/4/3 1189/4/3
f 1192/5/3 1191/5/3 1190/5/3
f 1193/5/3 1191/5/3 1192/5/3
f 1195/5/3 1192/5/3 1190/5/3
f 1196/5/3 1195/5/3 1194/5/3
f 1197/5/3 1192/5/3 1195/5/3
f 1197/5/3 1195/5/3 1196/5/3
f 1201/5/3 1199/5/3 1198/5/3
f 1202/5/3 1199/5/3 1201/5/3
f 1203/5/3 1199/5/3 1202/5/3
f 1204/5/3 1201/5/3 1200/5/3
f 1204/5/3 1202/5/3 1201/5/3
f 1205/5/3 1202/5/3 1204/5/3
f 1208/4/3 1207/4/3 1206/4/3
f 1210/3/3 1209/3/3 1208/3/3
f 1211/3/3 1209/3/3 1210/3/3
f 1212/3/3 1210/3/3 1208/3/3
f 1213/3/3 1210/3/3 1212/3/3
f 1214/3/3 1212/3/3 1208/3/3
f 1215/3/3 1212/3/3 1214/3/3
f 1216/4/3 1208/4/3 1206/4/3
f 1216/3/3 1214/3/3 1208/3/3
f 1217/3/3 1214/3/3 1216/3/3
f 1218/4/3 1216/4/3 1206/4/3
f 1219/4/3 1216/4/3 1218/4/3
f 1222/4/3 1218/4/3 1206/4/3
f 1223/5/3 1219/5/3 1218/5/3
f 1223/5/3 1220/5/3 1219/5/3
f 1224/5/3 1220/5/3 1223/5/3
f 1225/4/3 1222/4/3 1221/4/3
f 1225/4/3 1218/4/3 1222/4/3
f 1226/5/3 1223/5/3 1218/5/3
f 1226/4/3 1218/4/3 1225/4/3
f 1227/5/3 1223/5/3 1226/5/3
f 1228/4/3 1225/4/3 1221/4/3
f 1229/4/3 1225/4/3 1228/4/3
f 1230/4/3 1228/4/3 1221/4/3
f 1231/4/3 1228/4/3 1230/4/3
f 1235/5/3 1233/5/3 1232/5/3
f 1236/5/3 1235/5/3 1234/5/3
f 1237/5/3 1233/5/3 1235/5/3
f 1237/5/3 1235/5/3 1236/5/3
f 1238/5/3 1236/5/3 1234/5/3
f 1239/5/3 1236/5/3 1238/5/3
f 1243/5/3 1241/5/3 1240/5/3
f 1245/5/3 1243/5/3 1242/5/3
f 1246/5/3 1241/5/3 1243/5/3
f 1246/5/3 1243/5/3 1245/5/3
f 1247/5/3 1241/5/3 1246/5/3
f 1248/5/3 1245/5/3 1244/5/3
f 1248/5/3 1246/5/3 1245/5/3
f 1249/5/3 1246/5/3 1248/5/3
f 1252/5/3 1251/5/3 1250/5/3
f 1253/5/3 1251/5/3 1252/5/3
f 1257/4/3 1255/4/3 1254/4/3
f 1258/4/3 1257/4/3 1256/4/3
f 1259/4/3 1257/4/3 1258/4/3
f 1260/4/3 1255/4/3 1257/4/3
f 1260/4/3 1257/4/3 1259/4/3
f 1261/4/3 1255/4/3 1260/4/3
f 1262/4/3 1255/4/3 1261/4/3
f 1265/9/3 1264/9/3 1263/9/3
f 1266/9/3 1264/9/3 1265/9/3
f 1268/9/3 1265/9/3 1263/9/3
f 1269/9/3 1265/9/3 1268/9/3
f 1270/9/3 1265/9/3 1269/9/3
f 1272/9/3 1268/9/3 1267/9/3
f 1272/9/3 1269/9/3 1268/9/3
f 1273/9/3 1269/9/3 1272/9/3
f 1274/9/3 1269/9/3 1273/9/3
f 1276/9/3 1272/9/3 1271/9/3
f 1276/9/3 1273/9/3 1272/9/3
f 1277/9/3 1273/9/3 1276/9/3
f 1278/9/3 1273/9/3 1277/9/3
f 1280/9/3 1276/9/3 1275/9/3
f 1280/9/3 1277/9/3 1276/9/3
f 1281/9/3 1277/9/3 1280/9/3
f 1282/9/3 1277/9/3 1281/9/3
f 1283/4/3 1280/4/3 1279/4/3
f 1283/4/3 1281/4/3 1280/4/3
f 1284/4/3 1281/4/3 1283/4/3
f 1288/4/3 1259/4/3 1258/4/3
f 1289/4/3 1259/4/3 1288/4/3
f 1290/5/3 1286/5/3 1285/5/3
f 1291/9/3 1287/9/3 1286/9/3
f 1291/5/3 1286/5/3 1290/5/3
f 1292/9/3 1287/9/3 1291/9/3
f 1293/9/3 1287/9/3 1292/9/3
f 1296/9/3 1291/9/3 1290/9/3
f 1296/9/3 1292/9/3 1291/9/3
f 1297/9/3 1292/9/3 1296/9/3
f 1298/9/3 1292/9/3 1297/9/3
f 1302/5/3 1295/5/3 1294/5/3
f 1303/9/3 1296/9/3 1295/9/3
f 1303/9/3 1297/9/3 1296/9/3
f 1303/5/3 1295/5/3 1302/5/3
f 1304/9/3 1297/9/3 1303/9/3
f 1305/9/3 1297/9/3 1304/9/3
f 1307/4/3 1301/4/3 1300/4/3
f 1307/4/3 1300/4/3 1299/4/3
f 1308/4/3 1301/4/3 1307/4/3
f 1309/5/3 1302/5/3 1301/5/3
f 1309/4/3 1301/4/3 1308/4/3
f 1310/9/3 1304/9/3 1303/9/3
f 1310/5/3 1302/5/3 1309/5/3
f 1310/9/3 1303/9/3 1302/9/3
f 1311/9/3 1304/9/3 1310/9/3
f 1312/4/3 1307/4/3 1306/4/3
f 1313/5/3 1308/5/3 1307/5/3
f 1313/4/3 1307/4/3 1312/4/3
f 1314/5/3 1308/5/3 1313/5/3
f 1318/5/3 1316/5/3 1315/5/3
f 1319/9/3 1317/9/3 1316/9/3
f 1319/5/3 1316/5/3 1318/5/3
f 1320/9/3 1317/9/3 1319/9/3
f 1321/9/3 1317/9/3 1320/9/3
f 1324/9/3 1319/9/3 1318/9/3
f 1324/9/3 1320/9/3 1319/9/3
f 1325/9/3 1320/9/3 1324/9/3
f 1326/9/3 1320/9/3 1325/9/3
f 1327/5/3 1323/5/3 1322/5/3
f 1328/9/3 1324/9/3 1323/9/3
f 1328/5/3 1323/5/3 1327/5/3
f 1328/9/3 1325/9/3 1324/9/3
f 1329/9/3 1325/9/3 1328/9/3
f 1332/9/3 1331/9/3 1330/9/3
f 1333/9/3 1331/9/3 1332/9/3
f 1336/9/3 1332/9/3 1330/9/3
f 1337/9/3 1332/9/3 1336/9/3
f 1338/5/3 1335/5/3 1334/5/3
f 1339/9/3 1336/9/3 1335/9/3
f 1339/5/3 1335/5/3 1338/5/3
f 1340/9/3 1336/9/3 1339/9/3
f 1345/5/3 1342/5/3 1341/5/3
f 1345/5/3 1343/5/3 1342/5/3
f 1346/5/3 1343/5/3 1345/5/3
f 1346/5/3 1345/5/3 1344/5/3
f 1347/5/3 1343/5/3 1346/5/3
f 1348/5/3 1346/5/3 1344/5/3
f 1349/5/3 1346/5/3 1348/5/3
f 1354/4/3 1351/4/3 1350/4/3
f 1355/4/3 1351/4/3 1354/4/3
f 1356/4/3 1353/4/3 1352/4/3
f 1357/4/3 1353/4/3 1356/4/3
f 1358/4/3 1356/4/3 1352/4/3
f 1359/4/3 1356/4/3 1358/4/3
f 1362/4/3 1361/4/3 1360/4/3
f 1363/4/3 1361/4/3 1362/4/3
f 1366/9/3 1365/9/3 1364/9/3
f 1370/9/3 1366/9/3 1364/9/3
f 1370/9/3 1367/9/3 1366/9/3
f 1371/9/3 1367/9/3 1370/9/3
f 1372/5/3 1369/5/3 1368/5/3
f 1373/9/3 1370/9/3 1369/9/3
f 1373/5/3 1369/5/3 1372/5/3
f 1374/9/3 1370/9/3 1373/9/3
f 1377/4/3 1376/4/3 1375/4/3
f 1380/4/3 1377/4/3 1375/4/3
f 1380/4/3 1378/4/3 1377/4/3
f 1381/4/3 1380/4/3 1379/4/3
f 1382/4/3 1378/4/3 1380/4/3
f 1382/4/3 1380/4/3 1381/4/3
f 1385/4/3 1384/4/3 1383/4/3
f 1386/4/3 1384/4/3 1385/4/3
f 1388/4/3 1385/4/3 1383/4/3
f 1389/4/3 1388/4/3 1387/4/3
f 1390/4/3 1385/4/3 1388/4/3
f 1390/4/3 1388/4/3 1389/4/3
f 1393/4/3 1392/4/3 1391/4/3
f 1394/4/3 1392/4/3 1393/4/3
f 1398/4/3 1396/4/3 1395/4/3
f 1399/4/3 1396/4/3 1398/4/3
f 1400/4/3 1396/4/3 1399/4/3
f 1401/4/3 1398/4/3 1397/4/3
f 1401/4/3 1399/4/3 1398/4/3
f 1402/4/3 1399/4/3 1401/4/3
f 1403/4/3 1401/4/3 1397/4/3
f 1404/4/3 1401/4/3 1403/4/3
f 1405/4/3 1403/4/3 1397/4/3
f 1406/4/3 1403/4/3 1405/4/3
f 1411/5/3 1408/5/3 1407/5/3
f 1412/2/3 1409/2/3 1408/2/3
f 1412/5/3 1408/5/3 1411/5/3
f 1413/2/3 1409/2/3 1412/2/3
f 1415/5/3 1411/5/3 1410/5/3
f 1416/2/3 1412/2/3 1411/2/3
f 1416/5/3 1411/5/3 1415/5/3
f 1417/2/3 1412/2/3 1416/2/3
f 1419/5/3 1415/5/3 1414/5/3
f 1420/2/3 1416/2/3 1415/2/3
f 1420/5/3 1415/5/3 1419/5/3
f 1421/2/3 1416/2/3 1420/2/3
f 1423/5/3 1419/5/3 1418/5/3
f 1424/2/3 1420/2/3 1419/2/3
f 1424/5/3 1419/5/3 1423/5/3
f 1425/2/3 1420/2/3 1424/2/3
f 1427/5/3 1423/5/3 1422/5/3
f 1428/2/3 1424/2/3 1423/2/3
f 1428/5/3 1423/5/3 1427/5/3
f 1429/2/3 1424/2/3 1428/2/3
f 1431/5/3 1427/5/3 1426/5/3
f 1432/2/3 1428/2/3 1427/2/3
f 1432/5/3 1427/5/3 1431/5/3
f 1433/2/3 1428/2/3 1432/2/3
f 1435/5/3 1431/5/3 1430/5/3
f 1436/2/3 1432/2/3 1431/2/3
f 1436/5/3 1431/5/3 1435/5/3
f 1437/2/3 1432/2/3 1436/2/3
f 1439/5/3 1435/5/3 1434/5/3
f 1440/2/3 1436/2/3 1435/2/3
f 1440/5/3 1435/5/3 1439/5/3
f 1441/2/3 1436/2/3 1440/2/3
f 1443/5/3 1439/5/3 1438/5/3
f 1444/2/3 1440/2/3 1439/2/3
f 1444/5/3 1439/5/3 1443/5/3
f 1445/2/3 1440/2/3 1444/2/3
f 1447/5/3 1443/5/3 1442/5/3
f 1448/2/3 1444/2/3 1443/2/3
f 1448/5/3 1443/5/3 1447/5/3
f 1449/2/3 1444/2/3 1448/2/3
f 1451/5/3 1447/5/3 1446/5/3
f 1452/2/3 1448/2/3 1447/2/3
f 1452/5/3 1447/5/3 1451/5/3
f 1453/2/3 1448/2/3 1452/2/3
f 1454/1/3 1451/1/3 1450/1/3
f 1455/2/3 1452/2/3 1451/2/3
f 1455/1/3 1451/1/3 1454/1/3
f 1456/2/3 1452/2/3 1455/2/3
f 1459/5/3 1458/5/3 1457/5/3
f 1460/5/3 1458/5/3 1459/5/3
f 1464/5/3 1462/5/3 1461/5/3
f 1465/5/3 1462/5/3 1464/5/3
f 1466/5/3 1464/5/3 1463/5/3
f 1467/5/3 1464/5/3 1466/5/3
f 1470/5/3 1469/5/3 1468/5/3
f 1471/5/3 1469/5/3 1470/5/3
f 1475/5/3 1473/5/3 1472/5/3
f 1476/5/3 1473/5/3 1475/5/3
f 1477/5/3 1475/5/3 1474/5/3
f 1478/5/3 1475/5/3 1477/5/3
f 1482/5/3 1480/5/3 1479/5/3
f 1483/5/3 1480/5/3 1482/5/3
f 1484/5/3 1482/5/3 1481/5/3
f 1485/5/3 1482/5/3 1484/5/3
f 1489/5/3 1487/5/3 1486/5/3
f 1489/5/3 1488/5/3 1487/5/3
f 1490/5/3 1488/5/3 1489/5/3
f 1491/5/3 1489/5/3 1486/5/3
f 1492/5/3 1489/5/3 1491/5/3
f 1495/3/3 1494/3/3 1493/3/3
f 1496/3/3 1494/3/3 1495/3/3
f 1497/3/3 1495/3/3 1493/3/3
f 1498/3/3 1495/3/3 1497/3/3
f 1501/5/3 1500/5/3 1499/5/3
f 1502/5/3 1500/5/3 1501/5/3
f 1505/5/3 1501/5/3 1499/5/3
f 1506/5/3 1504/5/3 1503/5/3
f 1506/5/3 1505/5/3 1504/5/3
f 1507/5/3 1501/5/3 1505/5/3
f 1507/5/3 1505/5/3 1506/5/3
f 1508/5/3 1506/5/3 1503/5/3
f 1509/5/3 1506/5/3 1508/5/3
f 1513/5/3 1511/5/3 1510/5/3
f 1514/5/3 1511/5/3 1513/5/3
f 1515/5/3 1511/5/3 1514/5/3
f 1519/5/3 1513/5/3 1512/5/3
f 1519/5/3 1514/5/3 1513/5/3
f 1520/5/3 1514/5/3 1519/5/3
f 1521/5/3 1518/5/3 1517/5/3
f 1521/5/3 1517/5/3 1516/5/3
f 1522/5/3 1518/5/3 1521/5/3
f 1526/5/3 1524/5/3 1523/5/3
f 1527/5/3 1524/5/3 1526/5/3
f 1528/5/3 1524/5/3 1527/5/3
f 1529/5/3 1526/5/3 1525/5/3
f 1529/5/3 1527/5/3 1526/5/3
f 1530/5/3 1527/5/3 1529/5/3
f 1533/9/3 1532/9/3 1531/9/3
f 1536/9/3 1533/9/3 1531/9/3
f 1536/9/3 1534/9/3 1533/9/3
f 1537/9/3 1534/9/3 1536/9/3
f 1538/9/3 1536/9/3 1535/9/3
f 1539/9/3 1536/9/3 1538/9/3
f 1543/9/3 1541/9/3 1540/9/3
f 1545/9/3 1543/9/3 1542/9/3
f 1546/9/3 1541/9/3 1543/9/3
f 1546/9/3 1543/9/3 1545/9/3
f 1547/9/3 1541/9/3 1546/9/3
f 1549/9/3 1545/9/3 1544/9/3
f 1549/9/3 1546/9/3 1545/9/3
f 1550/9/3 1546/9/3 1549/9/3
f 1551/9/3 1546/9/3 1550/9/3
f 1552/9/3 1549/9/3 1548/9/3
f 1552/9/3 1550/9/3 1549/9/3
f 1553/9/3 1550/9/3 1552/9/3
f 1554/9/3 1552/9/3 1548/9/3
f 1555/9/3 1552/9/3 1554/9/3
f 1559/9/3 1557/9/3 1556/9/3
f 1560/9/3 1557/9/3 1559/9/3
f 1561/9/3 1557/9/3 1560/9/3
f 1562/9/3 1559/9/3 1558/9/3
f 1562/9/3 1560/9/3 1559/9/3
f 1563/9/3 1560/9/3 1562/9/3
f 1566/9/3 1562/9/3 1558/9/3
f 1567/9/3 1562/9/3 1566/9/3
f 1570/5/3 1565/5/3 1564/5/3
f 1571/9/3 1566/9/3 1565/9/3
f 1571/5/3 1565/5/3 1570/5/3
f 1572/9/3 1566/9/3 1571/9/3
f 1573/5/3 1569/5/3 1568/5/3
f 1574/5/3 1569/5/3 1573/5/3
f 1578/9/3 1576/9/3 1575/9/3
f 1579/9/3 1576/9/3 1578/9/3
f 1582/9/3 1578/9/3 1577/9/3
f 1583/9/3 1578/9/3 1582/9/3
f 1584/5/3 1581/5/3 1580/5/3
f 1585/9/3 1582/9/3 1581/9/3
f 1585/5/3 1581/5/3 1584/5/3
f 1586/9/3 1582/9/3 1585/9/3
f 1590/9/3 1589/9/3 1588/9/3
f 1591/9/3 1589/9/3 1590/9/3
f 1593/5/3 1588/5/3 1587/5/3
f 1594/9/3 1590/9/3 1588/9/3
f 1594/5/3 1588/5/3 1593/5/3
f 1595/9/3 1590/9/3 1594/9/3
f 1596/5/3 1593/5/3 1592/5/3
f 1597/9/3 1594/9/3 1593/9/3
f 1597/5/3 1593/5/3 1596/5/3
f 1598/9/3 1594/9/3 1597/9/3
f 1599/9/4 1600/9/4 1602/9/4
f 1601/9/4 1602/9/4 1604/9/4
f 1602/9/4 1600/9/4 1605/9/4
f 1604/9/4 1602/9/4 1605/9/4
f 1605/9/4 1600/9/4 1606/9/4
f 1603/9/4 1604/9/4 1608/9/4
f 1604/9/4 1605/9/4 1608/9/4
f 1608/9/4 1605/9/4 1609/9/4
f 1609/9/4 1605/9/4 1610/9/4
f 1607/9/4 1608/9/4 1611/9/4
f 1608/9/4 1609/9/4 1611/9/4
f 1611/9/4 1609/9/4 1612/9/4
f 1607/9/4 1611/9/4 1613/9/4
f 1613/9/4 1611/9/4 1614/9/4
f 1615/9/4 1616/9/4 1618/9/4
f 1618/9/4 1616/9/4 1619/9/4
f 1619/9/4 1616/9/4 1620/9/4
f 1617/9/4 1618/9/4 1621/9/4
f 1618/9/4 1619/9/4 1621/9/4
f 1621/9/4 1619/9/4 1622/9/4
f 1617/9/4 1621/9/4 1625/9/4
f 1625/9/4 1621/9/4 1626/9/4
f 1623/5/4 1624/5/4 1629/5/4
f 1624/9/4 1625/9/4 1630/9/4
f 1629/5/4 1624/5/4 1630/5/4
f 1630/9/4 1625/9/4 1631/9/4
f 1627/5/4 1628/5/4 1632/5/4
f 1632/5/4 1628/5/4 1633/5/4
f 1634/9/4 1635/9/4 1637/9/4
f 1637/9/4 1635/9/4 1638/9/4
f 1636/9/4 1637/9/4 1641/9/4
f 1641/9/4 1637/9/4 1642/9/4
f 1639/5/4 1640/5/4 1643/5/4
f 1640/9/4 1641/9/4 1644/9/4
f 1643/5/4 1640/5/4 1644/5/4
f 1644/9/4 1641/9/4 1645/9/4
f 1647/9/4 1648/9/4 1649/9/4
f 1649/9/4 1648/9/4 1650/9/4
f 1646/5/4 1647/5/4 1652/5/4
f 1647/9/4 1649/9/4 1653/9/4
f 1652/5/4 1647/5/4 1653/5/4
f 1653/9/4 1649/9/4 1654/9/4
f 1651/5/4 1652/5/4 1655/5/4
f 1652/9/4 1653/9/4 1656/9/4
f 1655/5/4 1652/5/4 1656/5/4
f 1656/9/4 1653/9/4 1657/9/4
f 1658/3/4 1659/3/4 1660/3/4
f 1660/3/4 1659/3/4 1661/3/4
f 1658/3/4 1660/3/4 1662/3/4
f 1662/3/4 1660/3/4 1663/3/4
f 1664/5/4 1665/5/4 1666/5/4
f 1666/5/4 1665/5/4 1667/5/4
f 1664/5/4 1666/5/4 1670/5/4
f 1668/5/4 1669/5/4 1671/5/4
f 1669/5/4 1670/5/4 1671/5/4
f 1670/5/4 1666/5/4 1672/5/4
f 1671/5/4 1670/5/4 1672/5/4
f 1668/5/4 1671/5/4 1673/5/4
f 1673/5/4 1671/5/4 1674/5/4
f 1675/5/4 1676/5/4 1678/5/4
f 1678/5/4 1676/5/4 1679/5/4
f 1679/5/4 1676/5/4 1680/5/4
f 1677/5/4 1678/5/4 1684/5/4
f 1678/5/4 1679/5/4 1684/5/4
f 1684/5/4 1679/5/4 1685/5/4
f 1682/5/4 1683/5/4 1686/5/4
f 1681/5/4 1682/5/4 1686/5/4
f 1686/5/4 1683/5/4 1687/5/4
f 1688/5/4 1689/5/4 1691/5/4
f 1691/5/4 1689/5/4 1692/5/4
f 1692/5/4 1689/5/4 1693/5/4
f 1690/5/4 1691/5/4 1694/5/4
f 1691/5/4 1692/5/4 1694/5/4
f 1694/5/4 1692/5/4 1695/5/4
f 1696/9/4 1697/9/4 1698/9/4
f 1696/9/4 1698/9/4 1701/9/4
f 1698/9/4 1699/9/4 1701/9/4
f 1701/9/4 1699/9/4 1702/9/4
f 1700/9/4 1701/9/4 1703/9/4
f 1703/9/4 1701/9/4 1704/9/4
f 1705/5/4 1706/5/4 1707/5/4
f 1707/5/4 1706/5/4 1708/5/4
f 1709/5/4 1710/5/4 1712/5/4
f 1712/5/4 1710/5/4 1713/5/4
f 1711/5/4 1712/5/4 1714/5/4
f 1714/5/4 1712/5/4 1715/5/4
f 1716/5/4 1717/5/4 1719/5/4
f 1719/5/4 1717/5/4 1720/5/4
f 1718/5/4 1719/5/4 1721/5/4
f 1721/5/4 1719/5/4 1722/5/4
f 1723/5/4 1724/5/4 1726/5/4
f 1724/5/4 1725/5/4 1726/5/4
f 1726/5/4 1725/5/4 1727/5/4
f 1723/5/4 1726/5/4 1728/5/4
f 1728/5/4 1726/5/4 1729/5/4
f 1730/5/4 1731/5/4 1732/5/4
f 1732/5/4 1731/5/4 1733/5/4
f 1734/5/4 1735/5/4 1737/5/4
f 1737/5/4 1735/5/4 1738/5/4
f 1736/5/4 1737/5/4 1739/5/4
f 1739/5/4 1737/5/4 1740/5/4
f 1741/5/4 1742/5/4 1745/5/4
f 1742/2/4 1743/2/4 1746/2/4
f 1745/5/4 1742/5/4 1746/5/4
f 1746/2/4 1743/2/4 1747/2/4
f 1744/5/4 1745/5/4 1749/5/4
f 1745/2/4 1746/2/4 1750/2/4
f 1749/5/4 1745/5/4 1750/5/4
f 1750/2/4 1746/2/4 1751/2/4
f 1748/5/4 1749/5/4 1753/5/4
f 1749/2/4 1750/2/4 1754/2/4
f 1753/5/4 1749/5/4 1754/5/4
f 1754/2/4 1750/2/4 1755/2/4
f 1752/5/4 1753/5/4 1757/5/4
f 1753/2/4 1754/2/4 1758/2/4
f 1757/5/4 1753/5/4 1758/5/4
f 1758/2/4 1754/2/4 1759/2/4
f 1756/5/4 1757/5/4 1761/5/4
f 1757/2/4 1758/2/4 1762/2/4
f 1761/5/4 1757/5/4 1762/5/4
f 1762/2/4 1758/2/4 1763/2/4
f 1760/5/4 1761/5/4 1765/5/4
f 1761/2/4 1762/2/4 1766/2/4
f 1765/5/4 1761/5/4 1766/5/4
f 1766/2/4 1762/2/4 1767/2/4
f 1764/5/4 1765/5/4 1769/5/4
f 1765/2/4 1766/2/4 1770/2/4
f 1769/5/4 1765/5/4 1770/5/4
f 1770/2/4 1766/2/4 1771/2/4
f 1768/5/4 1769/5/4 1773/5/4
f 1769/2/4 1770/2/4 1774/2/4
f 1773/5/4 1769/5/4 1774/5/4
f 1774/2/4 1770/2/4 1775/2/4
f 1772/5/4 1773/5/4 1777/5/4
f 1773/2/4 1774/2/4 1778/2/4
f 1777/5/4 1773/5/4 1778/5/4
f 1778/2/4 1774/2/4 1779/2/4
f 1776/5/4 1777/5/4 1781/5/4
f 1777/2/4 1778/2/4 1782/2/4
f 1781/5/4 1777/5/4 1782/5/4
f 1782/2/4 1778/2/4 1783/2/4
f 1780/5/4 1781/5/4 1785/5/4
f 1781/2/4 1782/2/4 1786/2/4
f 1785/5/4 1781/5/4 1786/5/4
f 1786/2/4 1782/2/4 1787/2/4
f 1784/1/4 1785/1/4 1788/1/4
f 1785/2/4 1786/2/4 1789/2/4
f 1788/1/4 1785/1/4 1789/1/4
f 1789/2/4 1786/2/4 1790/2/4
f 1791/4/4 1792/4/4 1794/4/4
f 1794/4/4 1792/4/4 1795/4/4
f 1795/4/4 1792/4/4 1796/4/4
f 1793/4/4 1794/4/4 1797/4/4
f 1794/4/4 1795/4/4 1797/4/4
f 1797/4/4 1795/4/4 1798/4/4
f 1793/4/4 1797/4/4 1799/4/4
f 1799/4/4 1797/4/4 1800/4/4
f 1793/4/4 1799/4/4 1801/4/4
f 1801/4/4 1799/4/4 1802/4/4
f 1803/4/4 1804/4/4 1805/4/4
f 1805/4/4 1804/4/4 1806/4/4
f 1807/4/4 1808/4/4 1809/4/4
f 1807/4/4 1809/4/4 1812/4/4
f 1809/4/4 1810/4/4 1812/4/4
f 1811/4/4 1812/4/4 1813/4/4
f 1812/4/4 1810/4/4 1814/4/4
f 1813/4/4 1812/4/4 1814/4/4
f 1815/4/4 1816/4/4 1817/4/4
f 1817/4/4 1816/4/4 1818/4/4
f 1815/4/4 1817/4/4 1820/4/4
f 1819/4/4 1820/4/4 1821/4/4
f 1820/4/4 1817/4/4 1822/4/4
f 1821/4/4 1820/4/4 1822/4/4
f 1823/4/4 1824/4/4 1827/4/4
f 1827/4/4 1824/4/4 1828/4/4
f 1825/4/4 1826/4/4 1829/4/4
f 1829/4/4 1826/4/4 1830/4/4
f 1825/4/4 1829/4/4 1831/4/4
f 1831/4/4 1829/4/4 1832/4/4
f 1833/4/4 1834/4/4 1835/4/4
f 1835/4/4 1834/4/4 1836/4/4
f 1837/9/4 1838/9/4 1839/9/4
f 1837/9/4 1839/9/4 1843/9/4
f 1839/9/4 1840/9/4 1843/9/4
f 1843/9/4 1840/9/4 1844/9/4
f 1841/5/4 1842/5/4 1845/5/4
f 1842/9/4 1843/9/4 1846/9/4
f 1845/5/4 1842/5/4 1846/5/4
f 1846/9/4 1843/9/4 1847/9/4
f 1848/4/4 1849/4/4 1851/4/4
f 1850/4/4 1851/4/4 1852/4/4
f 1852/4/4 1851/4/4 1853/4/4
f 1851/4/4 1849/4/4 1854/4/4
f 1853/4/4 1851/4/4 1854/4/4
f 1854/4/4 1849/4/4 1855/4/4
f 1855/4/4 1849/4/4 1856/4/4
f 1857/9/4 1858/9/4 1859/9/4
f 1859/9/4 1858/9/4 1860/9/4
f 1857/9/4 1859/9/4 1862/9/4
f 1862/9/4 1859/9/4 1863/9/4
f 1863/9/4 1859/9/4 1864/9/4
f 1861/9/4 1862/9/4 1866/9/4
f 1862/9/4 1863/9/4 1866/9/4
f 1866/9/4 1863/9/4 1867/9/4
f 1867/9/4 1863/9/4 1868/9/4
f 1865/9/4 1866/9/4 1870/9/4
f 1866/9/4 1867/9/4 1870/9/4
f 1870/9/4 1867/9/4 1871/9/4
f 1871/9/4 1867/9/4 1872/9/4
f 1869/9/4 1870/9/4 1874/9/4
f 1870/9/4 1871/9/4 1874/9/4
f 1874/9/4 1871/9/4 1875/9/4
f 1875/9/4 1871/9/4 1876/9/4
f 1873/4/4 1874/4/4 1877/4/4
f 1874/4/4 1875/4/4 1877/4/4
f 1877/4/4 1875/4/4 1878/4/4
f 1852/4/4 1853/4/4 1882/4/4
f 1882/4/4 1853/4/4 1883/4/4
f 1879/5/4 1880/5/4 1884/5/4
f 1880/9/4 1881/9/4 1885/9/4
f 1884/5/4 1880/5/4 1885/5/4
f 1885/9/4 1881/9/4 1886/9/4
f 1886/9/4 1881/9/4 1887/9/4
f 1884/9/4 1885/9/4 1890/9/4
f 1885/9/4 1886/9/4 1890/9/4
f 1890/9/4 1886/9/4 1891/9/4
f 1891/9/4 1886/9/4 1892/9/4
f 1888/5/4 1889/5/4 1896/5/4
f 1889/9/4 1890/9/4 1897/9/4
f 1890/9/4 1891/9/4 1897/9/4
f 1896/5/4 1889/5/4 1897/5/4
f 1897/9/4 1891/9/4 1898/9/4
f 1898/9/4 1891/9/4 1899/9/4
f 1894/4/4 1895/4/4 1901/4/4
f 1893/4/4 1894/4/4 1901/4/4
f 1901/4/4 1895/4/4 1902/4/4
f 1895/5/4 1896/5/4 1903/5/4
f 1902/4/4 1895/4/4 1903/4/4
f 1897/9/4 1898/9/4 1904/9/4
f 1903/5/4 1896/5/4 1904/5/4
f 1896/9/4 1897/9/4 1904/9/4
f 1904/9/4 1898/9/4 1905/9/4
f 1900/4/4 1901/4/4 1906/4/4
f 1901/5/4 1902/5/4 1907/5/4
f 1906/4/4 1901/4/4 1907/4/4
f 1907/5/4 1902/5/4 1908/5/4
f 1909/5/4 1910/5/4 1912/5/4
f 1910/9/4 1911/9/4 1913/9/4
f 1912/5/4 1910/5/4 1913/5/4
f 1913/9/4 1911/9/4 1914/9/4
f 1914/9/4 1911/9/4 1915/9/4
f 1912/9/4 1913/9/4 1918/9/4
f 1913/9/4 1914/9/4 1918/9/4
f 1918/9/4 1914/9/4 1919/9/4
f 1919/9/4 1914/9/4 1920/9/4
f 1916/5/4 1917/5/4 1921/5/4
f 1917/9/4 1918/9/4 1922/9/4
f 1921/5/4 1917/5/4 1922/5/4
f 1918/9/4 1919/9/4 1922/9/4
f 1922/9/4 1919/9/4 1923/9/4
f 1924/9/4 1925/9/4 1926/9/4
f 1926/9/4 1925/9/4 1927/9/4
f 1924/9/4 1926/9/4 1930/9/4
f 1930/9/4 1926/9/4 1931/9/4
f 1928/5/4 1929/5/4 1932/5/4
f 1929/9/4 1930/9/4 1933/9/4
f 1932/5/4 1929/5/4 1933/5/4
f 1933/9/4 1930/9/4 1934/9/4
f 1935/5/4 1936/5/4 1939/5/4
f 1936/5/4 1937/5/4 1939/5/4
f 1939/5/4 1937/5/4 1940/5/4
f 1938/5/4 1939/5/4 1940/5/4
f 1940/5/4 1937/5/4 1941/5/4
f 1938/5/4 1940/5/4 1942/5/4
f 1942/5/4 1940/5/4 1943/5/4
f 1944/4/4 1945/4/4 1946/4/4
f 1946/3/4 1947/3/4 1948/3/4
f 1948/3/4 1947/3/4 1949/3/4
f 1946/3/4 1948/3/4 1950/3/4
f 1950/3/4 1948/3/4 1951/3/4
f 1946/3/4 1950/3/4 1952/3/4
f 1952/3/4 1950/3/4 1953/3/4
f 1944/4/4 1946/4/4 1954/4/4
f 1946/3/4 1952/3/4 1954/3/4
f 1954/3/4 1952/3/4 1955/3/4
f 1944/4/4 1954/4/4 1956/4/4
f 1956/4/4 1954/4/4 1957/4/4
f 1944/4/4 1956/4/4 1960/4/4
f 1956/5/4 1957/5/4 1961/5/4
f 1957/5/4 1958/5/4 1961/5/4
f 1961/5/4 1958/5/4 1962/5/4
f 1959/4/4 1960/4/4 1963/4/4
f 1960/4/4 1956/4/4 1963/4/4
f 1956/5/4 1961/5/4 1964/5/4
f 1963/4/4 1956/4/4 1964/4/4
f 1964/5/4 1961/5/4 1965/5/4
f 1959/4/4 1963/4/4 1966/4/4
f 1966/4/4 1963/4/4 1967/4/4
f 1959/4/4 1966/4/4 1968/4/4
f 1968/4/4 1966/4/4 1969/4/4
f 1970/5/4 1971/5/4 1973/5/4
f 1972/5/4 1973/5/4 1974/5/4
f 1973/5/4 1971/5/4 1975/5/4
f 1974/5/4 1973/5/4 1975/5/4
f 1972/5/4 1974/5/4 1976/5/4
f 1976/5/4 1974/5/4 1977/5/4
f 1978/5/4 1979/5/4 1981/5/4
f 1980/5/4 1981/5/4 1983/5/4
f 1981/5/4 1979/5/4 1984/5/4
f 1983/5/4 1981/5/4 1984/5/4
f 1984/5/4 1979/5/4 1985/5/4
f 1982/5/4 1983/5/4 1986/5/4
f 1983/5/4 1984/5/4 1986/5/4
f 1986/5/4 1984/5/4 1987/5/4
f 1988/5/4 1989/5/4 1990/5/4
f 1990/5/4 1989/5/4 1991/5/4
f 1992/4/4 1993/4/4 1994/4/4
f 1994/4/4 1993/4/4 1995/4/4
f 1995/5/4 1996/5/4 1997/5/4
f 1997/5/4 1996/5/4 1998/5/4
f 1995/5/4 1997/5/4 2000/5/4
f 1999/5/4 2000/5/4 2001/5/4
f 2000/5/4 1997/5/4 2002/5/4
f 2001/5/4 2000/5/4 2002/5/4
f 2003/5/4 2004/5/4 2006/5/4
f 2006/5/4 2004/5/4 2007/5/4
f 2007/5/4 2004/5/4 2008/5/4
f 2005/5/4 2006/5/4 2009/5/4
f 2006/5/4 2007/5/4 2009/5/4
f 2009/5/4 2007/5/4 2010/5/4
f 2011/4/4 2012/4/4 2013/4/4
f 2011/4/4 2013/4/4 2016/4/4
f 2013/5/4 2014/5/4 2017/5/4
f 2015/4/4 2016/4/4 2017/4/4
f 2016/4/4 2013/4/4 2017/4/4
f 2017/5/4 2014/5/4 2018/5/4
f 2015/4/4 2017/4/4 2019/4/4
f 2019/4/4 2017/4/4 2020/4/4
f 2021/5/4 2022/5/4 2023/5/4
f 2023/5/4 2022/5/4 2024/5/4
f 2025/4/4 2026/4/4 2027/4/4
f 2027/4/4 2026/4/4 2028/4/4
f 2028/4/4 2026/4/4 2029/4/4
f 2027/4/4 2028/4/4 2030/4/4
f 2030/4/4 2028/4/4 2031/4/4
f 2032/4/4 2033/4/4 2034/4/4
f 2034/4/4 2033/4/4 2035/4/4
f 2034/1/4 2035/1/4 2036/1/4
f 2036/1/4 2035/1/4 2037/1/4
f 2038/1/4 2039/1/4 2041/1/4
f 2039/4/4 2040/4/4 2042/4/4
f 2041/1/4 2039/1/4 2042/1/4
f 2042/4/4 2040/4/4 2043/4/4
f 2043/4/4 2040/4/4 2044/4/4
f 2044/4/4 2040/4/4 2045/4/4
f 2046/4/4 2047/4/4 2049/4/4
f 2048/4/4 2049/4/4 2050/4/4
f 2049/4/4 2047/4/4 2051/4/4
f 2050/4/4 2049/4/4 2051/4/4
f 2050/1/4 2051/1/4 2052/1/4
f 2051/4/4 2047/4/4 2053/4/4
f 2052/1/4 2051/1/4 2053/1/4
f 2053/4/4 2047/4/4 2054/4/4
f 2055/1/4 2056/1/4 2057/1/4
f 2057/1/4 2056/1/4 2058/1/4
f 2059/1/4 2060/1/4 2061/1/4
f 2061/1/4 2060/1/4 2062/1/4
f 2061/4/4 2062/4/4 2063/4/4
f 2063/4/4 2062/4/4 2064/4/4
f 2064/4/4 2065/4/4 2067/4/4
f 2066/4/4 2067/4/4 2068/4/4
f 2067/4/4 2065/4/4 2069/4/4
f 2068/4/4 2067/4/4 2069/4/4
f 2069/4/4 2065/4/4 2070/4/4
f 2068/1/4 2069/1/4 2071/1/4
f 2071/1/4 2069/1/4 2072/1/4
f 2073/1/4 2074/1/4 2075/1/4
f 2075/1/4 2074/1/4 2076/1/4
f 2077/1/4 2078/1/4 2079/1/4
f 2079/1/4 2078/1/4 2080/1/4
f 2081/1/4 2082/1/4 2083/1/4
f 2083/1/4 2082/1/4 2084/1/4
f 2085/1/4 2086/1/4 2087/1/4
f 2087/1/4 2086/1/4 2088/1/4
f 2089/1/4 2090/1/4 2091/1/4
f 2091/1/4 2090/1/4 2092/1/4
f 2093/1/4 2094/1/4 2095/1/4
f 2095/1/4 2094/1/4 2096/1/4
f 2097/1/4 2098/1/4 2099/1/4
f 2099/1/4 2098/1/4 2100/1/4
f 2101/1/4 2102/1/4 2103/1/4
f 2103/1/4 2102/1/4 2104/1/4
f 2105/1/4 2106/1/4 2107/1/4
f 2107/1/4 2106/1/4 2108/1/4
f 2111/1/5 2110/1/5 2109/1/5
f 2113/1/5 2112/1/5 2111/1/5
f 2115/1/5 2111/1/5 2109/1/5
f 2115/1/5 2114/1/5 2113/1/5
f 2115/1/5 2113/1/5 2111/1/5
f 2116/1/5 2114/1/5 2115/1/5
f 2118/1/5 2115/1/5 2109/1/5
f 2119/1/5 2115/1/5 2118/1/5
f 2120/4/5 2116/4/5 2115/4/5
f 2120/1/5 2115/1/5 2119/1/5
f 2121/1/5 2114/1/5 2116/1/5
f 2121/4/5 2116/4/5 2120/4/5
f 2122/1/5 2114/1/5 2121/1/5
f 2123/1/5 2114/1/5 2122/1/5
f 2125/1/5 2119/1/5 2118/1/5
f 2125/1/5 2118/1/5 2117/1/5
f 2126/4/5 2120/4/5 2119/4/5
f 2126/1/5 2119/1/5 2125/1/5
f 2126/4/5 2121/4/5 2120/4/5
f 2126/4/5 2122/4/5 2121/4/5
f 2127/1/5 2124/1/5 2123/1/5
f 2127/4/5 2122/4/5 2126/4/5
f 2127/1/5 2123/1/5 2122/1/5
f 2128/1/5 2124/1/5 2127/1/5
f 2129/4/5 2126/4/5 2125/4/5
f 2129/1/5 2124/1/5 2128/1/5
f 2129/4/5 2128/4/5 2127/4/5
f 2129/4/5 2127/4/5 2126/4/5
f 2130/1/5 2124/1/5 2129/1/5
f 2131/4/5 2130/4/5 2129/4/5
f 2131/1/5 2124/1/5 2130/1/5
f 2132/1/5 2124/1/5 2131/1/5
f 2133/4/5 2132/4/5 2131/4/5
f 2133/1/5 2124/1/5 2132/1/5
f 2134/1/5 2124/1/5 2133/1/5
f 2135/4/5 2133/4/5 2131/4/5
f 2135/4/5 2134/4/5 2133/4/5
f 2136/1/5 2124/1/5 2134/1/5
f 2136/4/5 2134/4/5 2135/4/5
f 2137/4/5 2135/4/5 2131/4/5
f 2137/1/5 2136/1/5 2135/1/5
f 2138/1/5 2124/1/5 2136/1/5
f 2138/1/5 2136/1/5 2137/1/5
f 2139/4/5 2137/4/5 2131/4/5
f 2139/4/5 2138/4/5 2137/4/5
f 2140/1/5 2124/1/5 2138/1/5
f 2140/4/5 2138/4/5 2139/4/5
f 2141/4/5 2131/4/5 2129/4/5
f 2141/4/5 2139/4/5 2131/4/5
f 2142/1/5 2140/1/5 2139/1/5
f 2142/4/5 2139/4/5 2141/4/5
f 2143/4/5 2129/4/5 2125/4/5
f 2143/4/5 2141/4/5 2129/4/5
f 2144/1/5 2142/1/5 2141/1/5
f 2144/4/5 2141/4/5 2143/4/5
f 2145/1/5 2125/1/5 2117/1/5
f 2145/4/5 2143/4/5 2125/4/5
f 2146/4/5 2143/4/5 2145/4/5
f 2147/4/5 2143/4/5 2146/4/5
f 2148/1/5 2144/1/5 2143/1/5
f 2148/4/5 2143/4/5 2147/4/5
f 2149/1/5 2145/1/5 2117/1/5
f 2149/1/5 2146/1/5 2145/1/5
f 2150/1/5 2146/1/5 2149/1/5
f 2151/4/5 2147/4/5 2146/4/5
f 2151/1/5 2146/1/5 2150/1/5
f 2152/4/5 2147/4/5 2151/4/5
f 2153/4/5 2147/4/5 2152/4/5
f 2154/1/5 2148/1/5 2147/1/5
f 2154/4/5 2147/4/5 2153/4/5
f 2155/1/5 2142/1/5 2144/1/5
f 2155/1/5 2148/1/5 2154/1/5
f 2155/1/5 2144/1/5 2148/1/5
f 2156/1/5 2140/1/5 2142/1/5
f 2156/1/5 2142/1/5 2155/1/5
f 2156/1/5 2124/1/5 2140/1/5
f 2157/1/5 2151/1/5 2150/1/5
f 2157/1/5 2152/1/5 2151/1/5
f 2157/4/5 2153/4/5 2152/4/5
f 2158/1/5 2154/1/5 2153/1/5
f 2158/4/5 2153/4/5 2157/4/5
f 2158/1/5 2155/1/5 2154/1/5
f 2159/1/5 2158/1/5 2157/1/5
f 2159/1/5 2155/1/5 2158/1/5
f 2160/1/5 2155/1/5 2159/1/5
f 2161/1/5 2159/1/5 2157/1/5
f 2162/1/5 2159/1/5 2161/1/5
f 2163/1/5 2157/1/5 2150/1/5
f 2163/1/5 2161/1/5 2157/1/5
f 2164/1/5 2161/1/5 2163/1/5
f 2167/4/5 2166/4/5 2165/4/5
f 2168/4/5 2166/4/5 2167/4/5
f 2171/4/5 2170/4/5 2169/4/5
f 2172/4/5 2170/4/5 2171/4/5
f 2175/4/5 2174/4/5 2173/4/5
f 2176/4/5 2174/4/5 2175/4/5
f 2179/4/5 2178/4/5 2177/4/5
f 2180/4/5 2178/4/5 2179/4/5
f 2183/4/5 2182/4/5 2181/4/5
f 2184/4/5 2182/4/5 2183/4/5
f 2187/4/5 2186/4/5 2185/4/5
f 2188/4/5 2186/4/5 2187/4/5
f 2191/4/5 2190/4/5 2189/4/5
f 2192/4/5 2190/4/5 2191/4/5
f 2193/1/6 2194/1/6 2195/1/6
f 2195/1/6 2194/1/6 2196/1/6
f 2196/1/6 2194/1/6 2197/1/6
f 2197/1/6 2198/1/6 2199/1/6
f 2196/1/6 2197/1/6 2199/1/6
f 2193/1/6 2195/1/6 2201/1/6
f 2201/1/6 2195/1/6 2202/1/6
f 2199/1/6 2200/1/6 2203/1/6
f 2196/1/6 2199/1/6 2203/1/6
f 2203/1/6 2200/1/6 2204/1/6
f 2204/1/6 2200/1/6 2205/1/6
f 2205/1/6 2200/1/6 2206/1/6
f 2206/1/6 2200/1/6 2207/1/6
f 2207/1/6 2208/1/6 2209/1/6
f 2206/1/6 2207/1/6 2209/1/6
f 2209/1/6 2208/1/6 2210/1/6
f 2210/1/6 2208/1/6 2211/1/6
f 2211/1/6 2208/1/6 2212/1/6
f 2212/1/6 2208/1/6 2213/1/6
f 2213/1/6 2208/1/6 2214/1/6
f 2214/1/6 2208/1/6 2215/1/6
f 2215/1/6 2208/1/6 2216/1/6
f 2217/1/6 2218/1/6 2219/1/6
f 2219/1/6 2218/1/6 2220/1/6
f 2220/1/6 2218/1/6 2221/1/6
f 2221/1/6 2218/1/6 2224/1/6
f 2222/1/6 2223/1/6 2226/1/6
f 2223/1/6 2224/1/6 2226/1/6
f 2226/1/6 2224/1/6 2227/1/6
f 2224/1/6 2218/1/6 2228/1/6
f 2227/1/6 2224/1/6 2228/1/6
f 2226/1/6 2227/1/6 2232/1/6
f 2225/1/6 2226/1/6 2232/1/6
f 2232/1/6 2227/1/6 2233/1/6
f 2231/1/6 2232/1/6 2233/1/6
f 2233/1/6 2227/1/6 2234/1/6
f 2229/1/6 2230/1/6 2235/1/6
f 2231/1/6 2233/1/6 2236/1/6
f 2236/1/6 2233/1/6 2237/1/6
f 2237/1/6 2233/1/6 2238/1/6
f 2229/1/6 2235/1/6 2239/1/6
f 2235/1/6 2236/1/6 2239/1/6
f 2236/1/6 2237/1/6 2239/1/6
f 2239/1/6 2237/1/6 2240/1/6
f 2241/1/6 2242/1/6 2243/1/6
f 2243/1/6 2242/1/6 2244/1/6
f 2241/1/6 2243/1/6 2246/1/6
f 2246/1/6 2243/1/6 2247/1/6
f 2244/1/6 2242/1/6 2248/1/6
f 2248/1/6 2242/1/6 2249/1/6
f 2246/1/6 2247/1/6 2252/1/6
f 2245/1/6 2246/1/6 2252/1/6
f 2252/1/6 2247/1/6 2253/1/6
f 2253/1/6 2247/1/6 2254/1/6
f 2254/1/6 2247/1/6 2255/1/6
f 2249/1/6 2250/1/6 2256/1/6
f 2248/1/6 2249/1/6 2256/1/6
f 2256/1/6 2250/1/6 2257/1/6
f 2257/1/6 2250/1/6 2258/1/6
f 2258/1/6 2250/1/6 2259/1/6
f 2251/1/6 2252/1/6 2261/1/6
f 2252/1/6 2253/1/6 2261/1/6
f 2261/1/6 2253/1/6 2262/1/6
f 2259/1/6 2260/1/6 2263/1/6
f 2258/1/6 2259/1/6 2263/1/6
f 2263/1/6 2260/1/6 2264/1/6
f 2264/1/6 2260/1/6 2265/1/6
f 2266/4/6 2267/4/6 2269/4/6
f 2269/4/6 2267/4/6 2270/4/6
f 2267/1/6 2268/1/6 2271/1/6
f 2270/4/6 2267/4/6 2271/4/6
f 2271/1/6 2268/1/6 2272/1/6
f 2270/4/6 2271/4/6 2273/4/6
f 2271/4/6 2272/4/6 2273/4/6
f 2273/4/6 2272/4/6 2274/4/6
f 2274/4/6 2272/4/6 2275/4/6
f 2275/4/6 2272/4/6 2276/4/6
f 2275/1/6 2276/1/6 2277/1/6
f 2277/1/6 2276/1/6 2278/1/6
f 2277/4/6 2278/4/6 2279/4/6
f 2279/4/6 2278/4/6 2280/4/6
f 2281/4/6 2282/4/6 2283/4/6
f 2283/4/6 2282/4/6 2284/4/6
f 2283/1/6 2284/1/6 2285/1/6
f 2285/1/6 2284/1/6 2286/1/6
f 2285/4/6 2286/4/6 2288/4/6
f 2287/4/6 2288/4/6 2290/4/6
f 2288/4/6 2286/4/6 2291/4/6
f 2290/4/6 2288/4/6 2291/4/6
f 2291/4/6 2286/4/6 2292/4/6
f 2289/4/6 2290/4/6 2293/4/6
f 2290/4/6 2291/4/6 2293/4/6
f 2291/1/6 2292/1/6 2294/1/6
f 2293/4/6 2291/4/6 2294/4/6
f 2294/1/6 2292/1/6 2295/1/6
f 2296/1/6 2297/1/6 2301/1/6
f 2301/1/6 2297/1/6 2302/1/6
f 2302/1/6 2297/1/6 2303/1/6
f 2299/1/6 2300/1/6 2308/1/6
f 2298/1/6 2299/1/6 2308/1/6
f 2308/1/6 2300/1/6 2309/1/6
f 2309/1/6 2300/1/6 2310/1/6
f 2304/1/6 2305/1/6 2311/1/6
f 2302/1/6 2303/1/6 2311/1/6
f 2303/1/6 2304/1/6 2311/1/6
f 2311/1/6 2305/1/6 2312/1/6
f 2312/1/6 2305/1/6 2313/1/6
f 2306/1/6 2307/1/6 2314/1/6
f 2308/1/6 2309/1/6 2314/1/6
f 2307/1/6 2308/1/6 2314/1/6
f 2314/1/6 2309/1/6 2315/1/6
f 2315/1/6 2309/1/6 2316/1/6
f 2312/1/6 2313/1/6 2317/1/6
f 2314/1/6 2315/1/6 2318/1/6
f 2312/1/6 2317/1/6 2319/1/6
f 2317/1/6 2318/1/6 2319/1/6
f 2318/1/6 2315/1/6 2320/1/6
f 2319/1/6 2318/1/6 2320/1/6
f 2321/1/6 2322/1/6 2323/1/6
f 2323/1/6 2322/1/6 2324/1/6
f 2323/4/6 2324/4/6 2327/4/6
f 2327/4/6 2324/4/6 2328/4/6
f 2325/1/6 2326/1/6 2331/1/6
f 2326/4/6 2327/4/6 2332/4/6
f 2331/1/6 2326/1/6 2332/1/6
f 2332/4/6 2327/4/6 2333/4/6
f 2329/1/6 2330/1/6 2334/1/6
f 2334/1/6 2330/1/6 2335/1/6
f 2336/5/6 2337/5/6 2338/5/6
f 2338/5/6 2337/5/6 2339/5/6
f 2340/5/6 2341/5/6 2342/5/6
f 2342/5/6 2341/5/6 2343/5/6
f 2344/4/6 2345/4/6 2346/4/6
f 2346/4/6 2345/4/6 2347/4/6
f 2348/2/6 2349/2/6 2352/2/6
f 2352/2/6 2349/2/6 2353/2/6
f 2350/4/6 2351/4/6 2354/4/6
f 2354/4/6 2351/4/6 2355/4/6
f 2356/5/6 2357/5/6 2360/5/6
f 2360/5/6 2357/5/6 2361/5/6
f 2358/5/6 2359/5/6 2362/5/6
f 2362/5/6 2359/5/6 2363/5/6
f 2364/1/6 2365/1/6 2369/1/6
f 2365/4/6 2366/4/6 2370/4/6
f 2369/1/6 2365/1/6 2370/1/6
f 2370/4/6 2366/4/6 2371/4/6
f 2367/1/6 2368/1/6 2373/1/6
f 2373/1/6 2368/1/6 2374/1/6
f 2371/4/6 2372/4/6 2375/4/6
f 2375/4/6 2372/4/6 2376/4/6
f 2375/1/6 2376/1/6 2377/1/6
f 2377/1/6 2376/1/6 2378/1/6
f 2379/4/6 2380/4/6 2382/4/6
f 2382/4/6 2380/4/6 2383/4/6
f 2381/4/6 2382/4/6 2385/4/6
f 2383/4/6 2384/4/6 2385/4/6
f 2382/4/6 2383/4/6 2385/4/6
f 2385/4/6 2384/4/6 2386/4/6
f 2386/4/6 2384/4/6 2387/4/6
f 2386/4/6 2387/4/6 2390/4/6
f 2388/5/6 2389/5/6 2391/5/6
f 2391/5/6 2389/5/6 2392/5/6
f 2386/4/6 2390/4/6 2393/4/6
f 2393/4/6 2390/4/6 2394/4/6
f 2395/2/6 2396/2/6 2399/2/6
f 2399/2/6 2396/2/6 2400/2/6
f 2397/4/6 2398/4/6 2401/4/6
f 2402/5/6 2403/5/6 2404/5/6
f 2404/5/6 2403/5/6 2405/5/6
f 2397/4/6 2401/4/6 2406/4/6
f 2397/4/6 2406/4/6 2408/4/6
f 2407/4/6 2408/4/6 2409/4/6
f 2409/4/6 2408/4/6 2410/4/6
f 2410/4/6 2408/4/6 2411/4/6
f 2408/4/6 2406/4/6 2412/4/6
f 2411/4/6 2408/4/6 2412/4/6
f 2410/4/6 2411/4/6 2413/4/6
f 2413/4/6 2411/4/6 2414/4/6
f 2415/4/6 2416/4/6 2417/4/6
f 2417/4/6 2416/4/6 2418/4/6
f 2418/4/6 2416/4/6 2419/4/6
f 2419/4/6 2416/4/6 2420/4/6
f 2420/4/6 2416/4/6 2421/4/6
f 2421/4/6 2416/4/6 2422/4/6
f 2422/4/6 2416/4/6 2423/4/6
f 2423/4/6 2416/4/6 2424/4/6
f 2418/4/6 2419/4/6 2427/4/6
f 2427/4/6 2419/4/6 2428/4/6
f 2425/5/6 2426/5/6 2429/5/6
f 2429/5/6 2426/5/6 2430/5/6
f 2430/9/6 2431/9/6 2433/9/6
f 2433/9/6 2431/9/6 2434/9/6
f 2432/5/6 2433/5/6 2437/5/6
f 2437/5/6 2433/5/6 2438/5/6
f 2435/4/6 2436/4/6 2439/4/6
f 2439/4/6 2436/4/6 2440/4/6
f 2441/2/6 2442/2/6 2445/2/6
f 2445/2/6 2442/2/6 2446/2/6
f 2443/4/6 2444/4/6 2447/4/6
f 2447/4/6 2444/4/6 2448/4/6
f 2449/5/6 2450/5/6 2451/5/6
f 2451/5/6 2450/5/6 2452/5/6
f 2452/9/6 2453/9/6 2457/9/6
f 2457/9/6 2453/9/6 2458/9/6
f 2456/5/6 2457/5/6 2459/5/6
f 2459/5/6 2457/5/6 2460/5/6
f 2461/4/6 2462/4/6 2464/4/6
f 2454/4/6 2455/4/6 2466/4/6
f 2466/4/6 2455/4/6 2467/4/6
f 2463/4/6 2464/4/6 2468/4/6
f 2466/4/6 2467/4/6 2469/4/6
f 2467/4/6 2468/4/6 2469/4/6
f 2465/4/6 2466/4/6 2469/4/6
f 2468/4/6 2464/4/6 2470/4/6
f 2469/4/6 2468/4/6 2470/4/6
f 2464/4/6 2462/4/6 2470/4/6
f 2471/4/6 2472/4/6 2473/4/6
f 2473/4/6 2472/4/6 2474/4/6
f 2475/5/6 2476/5/6 2477/5/6
f 2477/5/6 2476/5/6 2478/5/6
f 2481/9/6 2482/9/6 2485/9/6
f 2485/9/6 2482/9/6 2486/9/6
f 2479/4/6 2480/4/6 2487/4/6
f 2483/5/6 2484/5/6 2488/5/6
f 2488/5/6 2484/5/6 2489/5/6
f 2479/4/6 2487/4/6 2490/4/6
f 2487/4/6 2488/4/6 2490/4/6
f 2490/4/6 2488/4/6 2491/4/6
f 2492/2/6 2493/2/6 2496/2/6
f 2496/2/6 2493/2/6 2497/2/6
f 2494/4/6 2495/4/6 2498/4/6
f 2498/4/6 2495/4/6 2499/4/6
f 2499/5/6 2500/5/6 2501/5/6
f 2501/5/6 2500/5/6 2502/5/6
f 2494/4/6 2498/4/6 2505/4/6
f 2505/4/6 2498/4/6 2506/4/6
f 2503/9/6 2504/9/6 2507/9/6
f 2507/9/6 2504/9/6 2508/9/6
f 2509/5/6 2510/5/6 2513/5/6
f 2513/5/6 2510/5/6 2514/5/6
f 2511/4/6 2512/4/6 2515/4/6
f 2515/4/6 2512/4/6 2516/4/6
f 2517/4/6 2518/4/6 2521/4/6
f 2521/4/6 2518/4/6 2522/4/6
f 2519/4/6 2520/4/6 2523/4/6
f 2523/4/6 2520/4/6 2524/4/6
f 2525/5/6 2526/5/6 2527/5/6
f 2527/5/6 2526/5/6 2528/5/6
f 2529/9/6 2530/9/6 2533/9/6
f 2533/9/6 2530/9/6 2534/9/6
f 2531/4/6 2532/4/6 2535/4/6
f 2535/4/6 2532/4/6 2536/4/6
f 2537/2/6 2538/2/6 2541/2/6
f 2541/2/6 2538/2/6 2542/2/6
f 2539/4/6 2540/4/6 2543/4/6
f 2543/4/6 2540/4/6 2544/4/6
f 2545/9/6 2546/9/6 2547/9/6
f 2547/9/6 2546/9/6 2548/9/6
f 2549/5/6 2550/5/6 2555/5/6
f 2555/5/6 2550/5/6 2556/5/6
f 2551/4/6 2552/4/6 2557/4/6
f 2557/4/6 2552/4/6 2558/4/6
f 2553/4/6 2554/4/6 2559/4/6
f 2559/4/6 2554/4/6 2560/4/6
f 2561/5/6 2562/5/6 2564/5/6
f 2564/5/6 2562/5/6 2565/5/6
f 2563/4/6 2564/4/6 2568/4/6
f 2568/4/6 2564/4/6 2569/4/6
f 2566/5/6 2567/5/6 2570/5/6
f 2570/5/6 2567/5/6 2571/5/6
f 2563/4/6 2568/4/6 2574/4/6
f 2574/4/6 2568/4/6 2575/4/6
f 2572/5/6 2573/5/6 2576/5/6
f 2576/5/6 2573/5/6 2577/5/6
f 2578/5/6 2579/5/6 2580/5/6
f 2580/5/6 2579/5/6 2581/5/6
f 2582/4/6 2583/4/6 2584/4/6
f 2584/4/6 2583/4/6 2585/4/6
f 2586/2/6 2587/2/6 2590/2/6
f 2590/2/6 2587/2/6 2591/2/6
f 2588/4/6 2589/4/6 2592/4/6
f 2592/4/6 2589/4/6 2593/4/6
f 2594/5/6 2595/5/6 2596/5/6
f 2596/5/6 2595/5/6 2597/5/6
f 2598/4/6 2599/4/6 2602/4/6
f 2600/5/6 2601/5/6 2606/5/6
f 2606/5/6 2601/5/6 2607/5/6
f 2598/4/6 2602/4/6 2608/4/6
f 2602/4/6 2603/4/6 2608/4/6
f 2608/4/6 2603/4/6 2609/4/6
f 2604/5/6 2605/5/6 2611/5/6
f 2611/5/6 2605/5/6 2612/5/6
f 2609/5/6 2610/5/6 2613/5/6
f 2613/5/6 2610/5/6 2614/5/6
f 2615/5/6 2616/5/6 2617/5/6
f 2617/5/6 2616/5/6 2618/5/6
f 2619/5/6 2620/5/6 2623/5/6
f 2623/5/6 2620/5/6 2624/5/6
f 2621/5/6 2622/5/6 2625/5/6
f 2625/5/6 2622/5/6 2626/5/6
f 2627/5/6 2628/5/6 2631/5/6
f 2631/5/6 2628/5/6 2632/5/6
f 2629/5/6 2630/5/6 2633/5/6
f 2633/5/6 2630/5/6 2634/5/6
f 2635/5/6 2636/5/6 2637/5/6
f 2637/5/6 2636/5/6 2638/5/6
f 2639/4/6 2640/4/6 2641/4/6
f 2641/4/6 2640/4/6 2642/4/6
f 2643/5/6 2644/5/6 2645/5/6
f 2645/5/6 2644/5/6 2646/5/6
f 2647/5/6 2648/5/6 2650/5/6
f 2650/5/6 2648/5/6 2651/5/6
f 2649/4/6 2650/4/6 2652/4/6
f 2652/4/6 2650/4/6 2653/4/6
f 2654/2/6 2655/2/6 2658/2/6
f 2658/2/6 2655/2/6 2659/2/6
f 2656/4/6 2657/4/6 2660/4/6
f 2660/4/6 2657/4/6 2661/4/6
f 2661/5/6 2662/5/6 2663/5/6
f 2663/5/6 2662/5/6 2664/5/6
f 2665/5/6 2666/5/6 2667/5/6
f 2667/5/6 2666/5/6 2668/5/6
f 2669/4/6 2670/4/6 2671/4/6
f 2671/4/6 2670/4/6 2672/4/6
f 2673/4/6 2674/4/6 2679/4/6
f 2679/4/6 2674/4/6 2680/4/6
f 2675/5/6 2676/5/6 2681/5/6
f 2681/5/6 2676/5/6 2682/5/6
f 2677/5/6 2678/5/6 2683/5/6
f 2683/5/6 2678/5/6 2684/5/6
f 2684/9/6 2685/9/6 2688/9/6
f 2688/9/6 2685/9/6 2689/9/6
f 2686/4/6 2687/4/6 2692/4/6
f 2690/5/6 2691/5/6 2693/5/6
f 2693/5/6 2691/5/6 2694/5/6
f 2686/4/6 2692/4/6 2695/4/6
f 2692/5/6 2693/5/6 2695/5/6
f 2695/5/6 2693/5/6 2696/5/6
f 2686/4/6 2695/4/6 2697/4/6
f 2697/4/6 2695/4/6 2698/4/6
f 2699/2/6 2700/2/6 2703/2/6
f 2703/2/6 2700/2/6 2704/2/6
f 2701/4/6 2702/4/6 2705/4/6
f 2701/4/6 2705/4/6 2707/4/6
f 2705/5/6 2706/5/6 2707/5/6
f 2707/5/6 2706/5/6 2708/5/6
f 2708/5/6 2709/5/6 2710/5/6
f 2710/5/6 2709/5/6 2711/5/6
f 2701/4/6 2707/4/6 2712/4/6
f 2712/4/6 2707/4/6 2713/4/6
f 2714/9/6 2715/9/6 2721/9/6
f 2721/9/6 2715/9/6 2722/9/6
f 2716/4/6 2717/4/6 2723/4/6
f 2723/4/6 2717/4/6 2724/4/6
f 2718/5/6 2719/5/6 2725/5/6
f 2725/5/6 2719/5/6 2726/5/6
f 2720/5/6 2721/5/6 2727/5/6
f 2727/5/6 2721/5/6 2728/5/6
f 2729/5/6 2730/5/6 2731/5/6
f 2731/5/6 2730/5/6 2732/5/6
f 2733/5/6 2734/5/6 2737/5/6
f 2737/5/6 2734/5/6 2738/5/6
f 2735/9/6 2736/9/6 2739/9/6
f 2739/9/6 2736/9/6 2740/9/6
f 2741/5/6 2742/5/6 2745/5/6
f 2745/5/6 2742/5/6 2746/5/6
f 2743/9/6 2744/9/6 2747/9/6
f 2747/9/6 2744/9/6 2748/9/6
f 2749/5/6 2750/5/6 2751/5/6
f 2751/5/6 2750/5/6 2752/5/6
f 2753/9/6 2754/9/6 2755/9/6
f 2755/9/6 2754/9/6 2756/9/6
f 2757/9/6 2758/9/6 2759/9/6
f 2759/9/6 2758/9/6 2760/9/6
f 2761/5/6 2762/5/6 2763/5/6
f 2763/5/6 2762/5/6 2764/5/6
f 2764/5/6 2762/5/6 2765/5/6
f 2768/5/6 2769/5/6 2770/5/6
f 2770/5/6 2769/5/6 2771/5/6
f 2766/4/6 2767/4/6 2772/4/6
f 2772/4/6 2767/4/6 2773/4/6
f 2774/2/6 2775/2/6 2778/2/6
f 2778/2/6 2775/2/6 2779/2/6
f 2776/4/6 2777/4/6 2782/4/6
f 2782/4/6 2777/4/6 2783/4/6
f 2780/5/6 2781/5/6 2784/5/6
f 2784/5/6 2781/5/6 2785/5/6
f 2786/5/6 2787/5/6 2789/5/6
f 2787/5/6 2788/5/6 2789/5/6
f 2789/5/6 2788/5/6 2790/5/6
f 2791/9/6 2792/9/6 2794/9/6
f 2794/9/6 2792/9/6 2795/9/6
f 2793/5/6 2794/5/6 2796/5/6
f 2796/5/6 2794/5/6 2797/5/6
f 2798/4/6 2799/4/6 2800/4/6
f 2800/4/6 2799/4/6 2801/4/6
f 2802/2/6 2803/2/6 2806/2/6
f 2806/2/6 2803/2/6 2807/2/6
f 2804/4/6 2805/4/6 2808/4/6
f 2808/4/6 2805/4/6 2809/4/6
f 2810/5/6 2811/5/6 2812/5/6
f 2812/5/6 2811/5/6 2813/5/6
f 2813/9/6 2814/9/6 2815/9/6
f 2815/9/6 2814/9/6 2816/9/6
f 2817/4/6 2818/4/6 2821/4/6
f 2821/4/6 2818/4/6 2822/4/6
f 2819/4/6 2820/4/6 2823/4/6
f 2823/4/6 2820/4/6 2824/4/6
f 2825/9/6 2826/9/6 2830/9/6
f 2830/9/6 2826/9/6 2831/9/6
f 2827/5/6 2828/5/6 2832/5/6
f 2832/5/6 2828/5/6 2833/5/6
f 2829/5/6 2830/5/6 2834/5/6
f 2834/5/6 2830/5/6 2835/5/6
f 2836/2/6 2837/2/6 2838/2/6
f 2838/2/6 2837/2/6 2839/2/6
f 2840/5/6 2841/5/6 2844/5/6
f 2844/5/6 2841/5/6 2845/5/6
f 2842/5/6 2843/5/6 2846/5/6
f 2846/5/6 2843/5/6 2847/5/6
f 2847/9/6 2848/9/6 2853/9/6
f 2853/9/6 2848/9/6 2854/9/6
f 2849/4/6 2850/4/6 2855/4/6
f 2855/4/6 2850/4/6 2856/4/6
f 2851/4/6 2852/4/6 2857/4/6
f 2857/4/6 2852/4/6 2858/4/6
f 2859/9/6 2860/9/6 2861/9/6
f 2861/9/6 2860/9/6 2862/9/6
f 2863/5/6 2864/5/6 2865/5/6
f 2865/5/6 2864/5/6 2866/5/6
f 2867/2/6 2868/2/6 2869/2/6
f 2869/2/6 2868/2/6 2870/2/6
f 2871/5/6 2872/5/6 2873/5/6
f 2873/5/6 2872/5/6 2874/5/6
f 2875/9/6 2876/9/6 2877/9/6
f 2877/9/6 2876/9/6 2878/9/6
f 2879/3/6 2880/3/6 2885/3/6
f 2885/3/6 2880/3/6 2886/3/6
f 2881/5/6 2882/5/6 2887/5/6
f 2887/5/6 2882/5/6 2888/5/6
f 2883/4/6 2884/4/6 2889/4/6
f 2889/4/6 2884/4/6 2890/4/6
f 2891/4/6 2892/4/6 2893/4/6
f 2893/4/6 2892/4/6 2894/4/6
f 2895/3/6 2896/3/6 2899/3/6
f 2899/3/6 2896/3/6 2900/3/6
f 2897/5/6 2898/5/6 2901/5/6
f 2901/5/6 2898/5/6 2902/5/6
f 2903/3/6 2904/3/6 2905/3/6
f 2905/3/6 2904/3/6 2906/3/6
f 2907/4/6 2908/4/6 2909/4/6
f 2909/4/6 2908/4/6 2910/4/6
f 2910/4/6 2908/4/6 2911/4/6
f 2911/4/6 2908/4/6 2912/4/6
f 2912/5/6 2913/5/6 2914/5/6
f 2911/4/6 2912/4/6 2914/4/6
f 2914/5/6 2913/5/6 2915/5/6
f 2911/4/6 2914/4/6 2916/4/6
f 2916/4/6 2914/4/6 2917/4/6
f 2918/4/6 2919/4/6 2920/4/6
f 2918/4/6 2920/4/6 2923/4/6
f 2920/5/6 2921/5/6 2924/5/6
f 2923/4/6 2920/4/6 2924/4/6
f 2924/5/6 2921/5/6 2925/5/6
f 2922/4/6 2923/4/6 2926/4/6
f 2923/4/6 2924/4/6 2926/4/6
f 2926/4/6 2924/4/6 2929/4/6
f 2929/4/6 2924/4/6 2930/4/6
f 2927/3/6 2928/3/6 2931/3/6
f 2931/3/6 2928/3/6 2932/3/6
f 2933/5/6 2934/5/6 2937/5/6
f 2937/5/6 2934/5/6 2938/5/6
f 2938/5/6 2934/5/6 2939/5/6
f 2935/9/6 2936/9/6 2945/9/6
f 2945/9/6 2936/9/6 2946/9/6
f 2940/9/6 2941/9/6 2948/9/6
f 2948/9/6 2941/9/6 2949/9/6
f 2942/4/6 2943/4/6 2950/4/6
f 2950/4/6 2943/4/6 2951/4/6
f 2945/4/6 2946/4/6 2952/4/6
f 2944/4/6 2945/4/6 2952/4/6
f 2952/4/6 2946/4/6 2953/4/6
f 2947/5/6 2948/5/6 2954/5/6
f 2954/5/6 2948/5/6 2955/5/6
f 2956/4/6 2957/4/6 2958/4/6
f 2958/4/6 2957/4/6 2959/4/6
f 2960/4/6 2961/4/6 2966/4/6
f 2966/4/6 2961/4/6 2967/4/6
f 2962/4/6 2963/4/6 2968/4/6
f 2968/4/6 2963/4/6 2969/4/6
f 2969/4/6 2963/4/6 2970/4/6
f 2964/5/6 2965/5/6 2971/5/6
f 2971/5/6 2965/5/6 2972/5/6
f 2969/9/6 2970/9/6 2974/9/6
f 2974/9/6 2970/9/6 2975/9/6
f 2972/9/6 2973/9/6 2979/9/6
f 2979/9/6 2973/9/6 2980/9/6
f 2977/5/6 2978/5/6 2981/5/6
f 2976/5/6 2977/5/6 2981/5/6
f 2981/5/6 2978/5/6 2982/5/6
f 2983/3/6 2984/3/6 2985/3/6
f 2985/3/6 2984/3/6 2986/3/6
f 2987/9/6 2988/9/6 2993/9/6
f 2993/9/6 2988/9/6 2994/9/6
f 2989/4/6 2990/4/6 2995/4/6
f 2995/4/6 2990/4/6 2996/4/6
f 2991/5/6 2992/5/6 2997/5/6
f 2997/5/6 2992/5/6 2998/5/6
f 2989/4/6 2995/4/6 2999/4/6
f 2989/4/6 2999/4/6 3003/4/6
f 2999/4/6 3000/4/6 3003/4/6
f 3003/4/6 3000/4/6 3004/4/6
f 3001/5/6 3002/5/6 3005/5/6
f 3005/5/6 3002/5/6 3006/5/6
f 3007/9/6 3008/9/6 3011/9/6
f 3011/9/6 3008/9/6 3012/9/6
f 3009/3/6 3010/3/6 3013/3/6
f 3013/3/6 3010/3/6 3014/3/6
f 3015/9/6 3016/9/6 3017/9/6
f 3017/9/6 3016/9/6 3018/9/6
f 3019/9/6 3020/9/6 3021/9/6
f 3021/9/6 3020/9/6 3022/9/6
f 3023/9/6 3024/9/6 3027/9/6
f 3027/9/6 3024/9/6 3028/9/6
f 3025/9/6 3026/9/6 3029/9/6
f 3029/9/6 3026/9/6 3030/9/6
f 3033/4/6 3034/4/6 3035/4/6
f 3035/4/6 3034/4/6 3036/4/6
f 3037/4/6 3038/4/6 3041/4/6
f 3041/4/6 3038/4/6 3042/4/6
f 3031/4/6 3032/4/6 3043/4/6
f 3043/4/6 3032/4/6 3044/4/6
f 3039/4/6 3040/4/6 3045/4/6
f 3045/4/6 3040/4/6 3046/4/6
f 3047/9/6 3048/9/6 3051/9/6
f 3051/9/6 3048/9/6 3052/9/6
f 3049/9/6 3050/9/6 3053/9/6
f 3053/9/6 3050/9/6 3054/9/6
f 3055/3/6 3056/3/6 3057/3/6
f 3057/3/6 3056/3/6 3058/3/6
f 3059/3/6 3060/3/6 3063/3/6
f 3063/3/6 3060/3/6 3064/3/6
f 3063/4/6 3064/4/6 3066/4/6
f 3064/4/6 3065/4/6 3066/4/6
f 3062/4/6 3063/4/6 3066/4/6
f 3061/4/6 3062/4/6 3066/4/6
f 3066/4/6 3065/4/6 3067/4/6
f 3068/4/6 3069/4/6 3070/4/6
f 3070/4/6 3069/4/6 3071/4/6
f 3061/4/6 3066/4/6 3072/4/6
f 3061/4/6 3072/4/6 3074/4/6
f 3072/4/6 3073/4/6 3074/4/6
f 3074/4/6 3073/4/6 3075/4/6
f 3075/4/6 3073/4/6 3076/4/6
f 3076/4/6 3073/4/6 3077/4/6
f 3077/4/6 3073/4/6 3078/4/6
f 3076/3/6 3077/3/6 3079/3/6
f 3079/3/6 3077/3/6 3080/3/6
f 3081/3/6 3082/3/6 3083/3/6
f 3083/3/6 3082/3/6 3084/3/6
f 3085/9/6 3086/9/6 3087/9/6
f 3087/9/6 3086/9/6 3088/9/6
f 3089/4/6 3090/4/6 3091/4/6
f 3089/4/6 3091/4/6 3093/4/6
f 3091/4/6 3092/4/6 3093/4/6
f 3093/4/6 3092/4/6 3094/4/6
f 3089/4/6 3093/4/6 3095/4/6
f 3095/4/6 3093/4/6 3096/4/6
f 3097/9/6 3098/9/6 3099/9/6
f 3099/9/6 3098/9/6 3100/9/6
f 3101/3/6 3102/3/6 3103/3/6
f 3103/3/6 3102/3/6 3104/3/6
f 3105/3/6 3106/3/6 3107/3/6
f 3107/3/6 3106/3/6 3108/3/6
f 3109/9/6 3110/9/6 3113/9/6
f 3113/9/6 3110/9/6 3114/9/6
f 3111/3/6 3112/3/6 3115/3/6
f 3115/3/6 3112/3/6 3116/3/6
f 3117/3/6 3118/3/6 3119/3/6
f 3119/3/6 3118/3/6 3120/3/6
f 3121/9/6 3122/9/6 3123/9/6
f 3123/9/6 3122/9/6 3124/9/6
f 3125/9/6 3126/9/6 3127/9/6
f 3127/9/6 3126/9/6 3128/9/6
f 3129/9/6 3130/9/6 3131/9/6
f 3131/9/6 3130/9/6 3132/9/6
