# MagicaVoxel @ Ephtracy

# group
o 

# material
mtllib пришелец боль.mtl
usemtl palette

# normals
vn -1 0 0
vn 1 0 0
vn 0 0 1
vn 0 0 -1
vn 0 -1 0
vn 0 1 0

# texcoords
vt 0.376953 0.5
vt 0.396484 0.5
vt 0.400391 0.5
vt 0.408203 0.5
vt 0.412109 0.5
vt 0.427734 0.5
vt 0.431641 0.5
vt 0.607422 0.5
vt 0.611328 0.5
vt 0.615234 0.5

# verts
v -1.7 1 0.7
v -1.7 1 -0.7
v -1.7 1.1 0.2
v -1.7 1.1 -0.2
v -1.7 1.2 0.3
v -1.7 1.2 0.2
v -1.7 1.2 -0.2
v -1.7 1.2 -0.3
v -1.7 1.3 0.3
v -1.7 1.3 0.2
v -1.7 1.3 -0.2
v -1.7 1.3 -0.3
v -1.7 1.4 0.8
v -1.7 1.4 0.7
v -1.7 1.4 0.6
v -1.7 1.4 0.5
v -1.7 1.4 0.2
v -1.7 1.4 -0.2
v -1.7 1.4 -0.5
v -1.7 1.4 -0.6
v -1.7 1.4 -0.7
v -1.7 1.4 -0.8
v -1.7 1.6 0.5
v -1.7 1.6 0.4
v -1.7 1.6 -0.4
v -1.7 1.6 -0.5
v -1.7 1.7 0.4
v -1.7 1.7 0.2
v -1.7 1.7 -0.2
v -1.7 1.7 -0.4
v -1.7 1.8 0.8
v -1.7 1.8 0.7
v -1.7 1.8 0.2
v -1.7 1.8 0.0999999
v -1.7 1.8 -0.1
v -1.7 1.8 -0.2
v -1.7 1.8 -0.7
v -1.7 1.8 -0.8
v -1.7 1.9 0.6
v -1.7 1.9 0.5
v -1.7 1.9 0.2
v -1.7 1.9 0.0999999
v -1.7 1.9 -0.1
v -1.7 1.9 -0.2
v -1.7 1.9 -0.5
v -1.7 1.9 -0.6
v -1.7 2 0.5
v -1.7 2 0.2
v -1.7 2 -0.2
v -1.7 2 -0.5
v -1.7 2.1 0.7
v -1.7 2.1 -0.7
v -1.6 0.8 0.8
v -1.6 0.8 -0.8
v -1.6 1 0.7
v -1.6 1 -0.7
v -1.6 1.4 0.8
v -1.6 1.4 0.7
v -1.6 1.4 -0.7
v -1.6 1.4 -0.8
v -1.6 2.1 0.6
v -1.6 2.1 -0.6
v -1.6 2.3 0.6
v -1.6 2.3 -0.6
v -1.5 0.4 1.2
v -1.5 0.4 0.6
v -1.5 0.4 0.5
v -1.5 0.4 -0.5
v -1.5 0.4 -0.6
v -1.5 0.4 -1.2
v -1.5 0.5 0.7
v -1.5 0.5 0.6
v -1.5 0.5 0.5
v -1.5 0.5 -0.5
v -1.5 0.5 -0.6
v -1.5 0.5 -0.7
v -1.5 0.6 1.2
v -1.5 0.6 1.1
v -1.5 0.6 0.8
v -1.5 0.6 0.7
v -1.5 0.6 0.6
v -1.5 0.6 -0.6
v -1.5 0.6 -0.7
v -1.5 0.6 -0.8
v -1.5 0.6 -1.1
v -1.5 0.6 -1.2
v -1.5 0.7 1.1
v -1.5 0.7 1
v -1.5 0.7 0.8
v -1.5 0.7 0.7
v -1.5 0.7 -0.7
v -1.5 0.7 -0.8
v -1.5 0.7 -1
v -1.5 0.7 -1.1
v -1.5 0.8 1
v -1.5 0.8 0.8
v -1.5 0.8 -0.8
v -1.5 0.8 -1
v -1.5 0.9 0.9
v -1.5 0.9 0.8
v -1.5 0.9 -0.8
v -1.5 0.9 -0.9
v -1.5 1.6 0.9
v -1.5 1.6 0.8
v -1.5 1.6 -0.8
v -1.5 1.6 -0.9
v -1.4 0 1.4
v -1.4 0 0.0999999
v -1.4 0 -0.1
v -1.4 0 -1.4
v -1.4 0.1 0.2
v -1.4 0.1 0.0999999
v -1.4 0.1 -0.1
v -1.4 0.1 -0.2
v -1.4 0.2 1.4
v -1.4 0.2 1.3
v -1.4 0.2 1.1
v -1.4 0.2 0.9
v -1.4 0.2 0.5
v -1.4 0.2 0.3
v -1.4 0.2 0.2
v -1.4 0.2 0.0999999
v -1.4 0.2 -0.1
v -1.4 0.2 -0.2
v -1.4 0.2 -0.3
v -1.4 0.2 -0.5
v -1.4 0.2 -0.9
v -1.4 0.2 -1.1
v -1.4 0.2 -1.3
v -1.4 0.2 -1.4
v -1.4 0.3 1.3
v -1.4 0.3 1.1
v -1.4 0.3 0.9
v -1.4 0.3 0.5
v -1.4 0.3 0.4
v -1.4 0.3 0.3
v -1.4 0.3 0.2
v -1.4 0.3 -0.2
v -1.4 0.3 -0.3
v -1.4 0.3 -0.4
v -1.4 0.3 -0.5
v -1.4 0.3 -0.9
v -1.4 0.3 -1.1
v -1.4 0.3 -1.3
v -1.4 0.4 1.3
v -1.4 0.4 1.2
v -1.4 0.4 0.6
v -1.4 0.4 0.5
v -1.4 0.4 0.4
v -1.4 0.4 0.3
v -1.4 0.4 -0.3
v -1.4 0.4 -0.4
v -1.4 0.4 -0.5
v -1.4 0.4 -0.6
v -1.4 0.4 -1.2
v -1.4 0.4 -1.3
v -1.4 2.3 0.6
v -1.4 2.3 -0.6
v -1.4 2.4 0.6
v -1.4 2.4 -0.6
v -1.3 0 1.8
v -1.3 0 1.7
v -1.3 0 1.5
v -1.3 0 1.4
v -1.3 0 -1.4
v -1.3 0 -1.5
v -1.3 0 -1.7
v -1.3 0 -1.8
v -1.3 0.1 1.8
v -1.3 0.1 1.7
v -1.3 0.1 1.5
v -1.3 0.1 -1.5
v -1.3 0.1 -1.7
v -1.3 0.1 -1.8
v -1.3 0.2 1.5
v -1.3 0.2 1.4
v -1.3 0.2 -1.4
v -1.3 0.2 -1.5
v -1.2 0.2 1.4
v -1.2 0.2 1.3
v -1.2 0.2 -1.3
v -1.2 0.2 -1.4
v -1.2 0.3 1.4
v -1.2 0.3 1.3
v -1.2 0.3 -1.3
v -1.2 0.3 -1.4
v -1.2 2.4 0.5
v -1.2 2.4 -0.5
v -1.2 2.5 0.5
v -1.2 2.5 -0.5
v -1.1 0.1 1.7
v -1.1 0.1 1.5
v -1.1 0.1 -1.5
v -1.1 0.1 -1.7
v -1.1 0.2 1.7
v -1.1 0.2 1.5
v -1.1 0.2 -1.5
v -1.1 0.2 -1.7
v -1 0.2 1.6
v -1 0.2 1.5
v -1 0.2 1.4
v -1 0.2 -1.4
v -1 0.2 -1.5
v -1 0.2 -1.6
v -1 0.3 1.6
v -1 0.3 1.4
v -1 0.3 1.3
v -1 0.3 -1.3
v -1 0.3 -1.4
v -1 0.3 -1.6
v -1 0.4 1.4
v -1 0.4 1.3
v -1 0.4 -1.3
v -1 0.4 -1.4
v -1 1.6 0.9
v -1 1.6 0.8
v -1 1.6 -0.8
v -1 1.6 -0.9
v -1 1.8 0.8
v -1 1.8 0.7
v -1 1.8 -0.7
v -1 1.8 -0.8
v -1 1.9 0.7
v -1 1.9 -0.7
v -1 2 0.8
v -1 2 0.7
v -1 2 0.6
v -1 2 -0.6
v -1 2 -0.7
v -1 2 -0.8
v -1 2.1 0.9
v -1 2.1 0.8
v -1 2.1 0.7
v -1 2.1 -0.7
v -1 2.1 -0.8
v -1 2.1 -0.9
v -1 2.4 0.9
v -1 2.4 0.8
v -1 2.4 0.6
v -1 2.4 -0.6
v -1 2.4 -0.8
v -1 2.4 -0.9
v -1 2.7 0.7
v -1 2.7 0.6
v -1 2.7 -0.6
v -1 2.7 -0.7
v -1 2.8 0.8
v -1 2.8 0.7
v -1 2.8 -0.7
v -1 2.8 -0.8
v 1.19209e-07 1.6 0.9
v 1.19209e-07 1.6 0.8
v 1.19209e-07 1.6 -0.8
v 1.19209e-07 1.6 -0.9
v 1.19209e-07 1.7 0.8
v 1.19209e-07 1.7 -0.8
v 1.19209e-07 1.9 0.9
v 1.19209e-07 1.9 0.8
v 1.19209e-07 1.9 0.7
v 1.19209e-07 1.9 0.6
v 1.19209e-07 1.9 -0.6
v 1.19209e-07 1.9 -0.7
v 1.19209e-07 1.9 -0.8
v 1.19209e-07 1.9 -0.9
v 1.19209e-07 2 0.9
v 1.19209e-07 2 0.8
v 1.19209e-07 2 -0.8
v 1.19209e-07 2 -0.9
v 1.19209e-07 2.1 0.8
v 1.19209e-07 2.1 0.7
v 1.19209e-07 2.1 0.6
v 1.19209e-07 2.1 -0.6
v 1.19209e-07 2.1 -0.7
v 1.19209e-07 2.1 -0.8
v 1.19209e-07 2.2 0.8
v 1.19209e-07 2.2 0.7
v 1.19209e-07 2.2 -0.7
v 1.19209e-07 2.2 -0.8
v 1.19209e-07 2.3 0.8
v 1.19209e-07 2.3 0.7
v 1.19209e-07 2.3 -0.7
v 1.19209e-07 2.3 -0.8
v 0.1 0.8 0.9
v 0.1 0.8 0.8
v 0.1 0.8 -0.8
v 0.1 0.8 -0.9
v 0.1 0.9 0.9
v 0.1 0.9 0.8
v 0.1 0.9 -0.8
v 0.1 0.9 -0.9
v 0.5 0.7 1.1
v 0.5 0.7 1
v 0.5 0.7 -1
v 0.5 0.7 -1.1
v 0.5 0.8 1.1
v 0.5 0.8 1
v 0.5 0.8 0.9
v 0.5 0.8 -0.9
v 0.5 0.8 -1
v 0.5 0.8 -1.1
v 0.5 1 0.9
v 0.5 1 0.8
v 0.5 1 -0.8
v 0.5 1 -0.9
v 0.5 1.1 1
v 0.5 1.1 0.9
v 0.5 1.1 0.8
v 0.5 1.1 0.7
v 0.5 1.1 0.6
v 0.5 1.1 0.5
v 0.5 1.1 -0.5
v 0.5 1.1 -0.6
v 0.5 1.1 -0.7
v 0.5 1.1 -0.8
v 0.5 1.1 -0.9
v 0.5 1.1 -1
v 0.5 1.2 1
v 0.5 1.2 0.9
v 0.5 1.2 0.8
v 0.5 1.2 0.7
v 0.5 1.2 0.6
v 0.5 1.2 0.5
v 0.5 1.2 -0.5
v 0.5 1.2 -0.6
v 0.5 1.2 -0.7
v 0.5 1.2 -0.8
v 0.5 1.2 -0.9
v 0.5 1.2 -1
v 0.5 1.4 0.9
v 0.5 1.4 0.8
v 0.5 1.4 0.6
v 0.5 1.4 0.5
v 0.5 1.4 -0.5
v 0.5 1.4 -0.6
v 0.5 1.4 -0.8
v 0.5 1.4 -0.9
v 0.5 1.5 0.8
v 0.5 1.5 0.7
v 0.5 1.5 -0.7
v 0.5 1.5 -0.8
v 0.5 1.6 0.7
v 0.5 1.6 0.6
v 0.5 1.6 -0.6
v 0.5 1.6 -0.7
v 0.5 1.7 0.8
v 0.5 1.7 0.7
v 0.5 1.7 -0.7
v 0.5 1.7 -0.8
v 0.9 0.5 1.1
v 0.9 0.5 0.7
v 0.9 0.5 -0.7
v 0.9 0.5 -1.1
v 0.9 0.6 1.1
v 0.9 0.6 1
v 0.9 0.6 0.7
v 0.9 0.6 0.6
v 0.9 0.6 0.5
v 0.9 0.6 -0.5
v 0.9 0.6 -0.6
v 0.9 0.6 -0.7
v 0.9 0.6 -1
v 0.9 0.6 -1.1
v 0.9 0.7 1
v 0.9 0.7 0.9
v 0.9 0.7 0.6
v 0.9 0.7 0.5
v 0.9 0.7 -0.5
v 0.9 0.7 -0.6
v 0.9 0.7 -0.9
v 0.9 0.7 -1
v 0.9 0.8 1
v 0.9 0.8 0.9
v 0.9 0.8 0.8
v 0.9 0.8 0.6
v 0.9 0.8 0.5
v 0.9 0.8 -0.5
v 0.9 0.8 -0.6
v 0.9 0.8 -0.8
v 0.9 0.8 -0.9
v 0.9 0.8 -1
v 0.9 0.9 0.9
v 0.9 0.9 0.8
v 0.9 0.9 -0.8
v 0.9 0.9 -0.9
v 0.9 1 0.7
v 0.9 1 0.6
v 0.9 1 -0.6
v 0.9 1 -0.7
v 0.9 1.1 0.9
v 0.9 1.1 0.8
v 0.9 1.1 0.7
v 0.9 1.1 -0.7
v 0.9 1.1 -0.8
v 0.9 1.1 -0.9
v 0.9 1.3 0.8
v 0.9 1.3 0.7
v 0.9 1.3 -0.7
v 0.9 1.3 -0.8
v 1.3 0.4 0.8
v 1.3 0.4 0.5
v 1.3 0.4 -0.5
v 1.3 0.4 -0.8
v 1.3 0.5 0.8
v 1.3 0.5 0.7
v 1.3 0.5 0.6
v 1.3 0.5 0.5
v 1.3 0.5 -0.5
v 1.3 0.5 -0.6
v 1.3 0.5 -0.7
v 1.3 0.5 -0.8
v 1.3 0.6 0.7
v 1.3 0.6 0.6
v 1.3 0.6 -0.6
v 1.3 0.6 -0.7
v 1.4 0.6 0.7
v 1.4 0.6 0.6
v 1.4 0.6 -0.6
v 1.4 0.6 -0.7
v 1.4 0.7 0.7
v 1.4 0.7 0.6
v 1.4 0.7 -0.6
v 1.4 0.7 -0.7
v -1.2 2 0.7
v -1.2 2 0.6
v -1.2 2 -0.6
v -1.2 2 -0.7
v -1.2 2.1 0.7
v -1.2 2.1 0.6
v -1.2 2.1 -0.6
v -1.2 2.1 -0.7
v -0.9 2.6 0.7
v -0.9 2.6 0.6
v -0.9 2.6 -0.6
v -0.9 2.6 -0.7
v -0.9 2.7 0.7
v -0.9 2.7 0.6
v -0.9 2.7 -0.6
v -0.9 2.7 -0.7
v -0.8 2.4 0.7
v -0.8 2.4 0.6
v -0.8 2.4 -0.6
v -0.8 2.4 -0.7
v -0.8 2.6 0.7
v -0.8 2.6 0.6
v -0.8 2.6 -0.6
v -0.8 2.6 -0.7
v -0.8 2.7 0.8
v -0.8 2.7 0.7
v -0.8 2.7 -0.7
v -0.8 2.7 -0.8
v -0.8 2.8 0.8
v -0.8 2.8 0.7
v -0.8 2.8 -0.7
v -0.8 2.8 -0.8
v -0.7 2 0.7
v -0.7 2 0.6
v -0.7 2 -0.6
v -0.7 2 -0.7
v -0.7 2.1 0.9
v -0.7 2.1 0.8
v -0.7 2.1 -0.8
v -0.7 2.1 -0.9
v -0.7 2.3 0.6
v -0.7 2.3 -0.6
v -0.7 2.4 0.9
v -0.7 2.4 0.8
v -0.7 2.4 0.7
v -0.7 2.4 0.6
v -0.7 2.4 -0.6
v -0.7 2.4 -0.7
v -0.7 2.4 -0.8
v -0.7 2.4 -0.9
v -0.7 2.5 0.8
v -0.7 2.5 0.7
v -0.7 2.5 -0.7
v -0.7 2.5 -0.8
v -0.7 2.7 0.8
v -0.7 2.7 0.7
v -0.7 2.7 -0.7
v -0.7 2.7 -0.8
v -0.6 1.9 0.9
v -0.6 1.9 0.8
v -0.6 1.9 -0.8
v -0.6 1.9 -0.9
v -0.6 2.1 0.9
v -0.6 2.1 0.8
v -0.6 2.1 -0.8
v -0.6 2.1 -0.9
v -0.6 2.3 0.8
v -0.6 2.3 0.7
v -0.6 2.3 0.6
v -0.6 2.3 0.5
v -0.6 2.3 0.4
v -0.6 2.3 -0.4
v -0.6 2.3 -0.5
v -0.6 2.3 -0.6
v -0.6 2.3 -0.7
v -0.6 2.3 -0.8
v -0.6 2.4 0.6
v -0.6 2.4 0.5
v -0.6 2.4 0.4
v -0.6 2.4 -0.4
v -0.6 2.4 -0.5
v -0.6 2.4 -0.6
v -0.6 2.5 0.8
v -0.6 2.5 0.7
v -0.6 2.5 0.5
v -0.6 2.5 0.4
v -0.6 2.5 -0.4
v -0.6 2.5 -0.5
v -0.6 2.5 -0.7
v -0.6 2.5 -0.8
v -0.5 1.8 0.9
v -0.5 1.8 0.8
v -0.5 1.8 -0.8
v -0.5 1.8 -0.9
v -0.5 1.9 0.9
v -0.5 1.9 0.8
v -0.5 1.9 -0.8
v -0.5 1.9 -0.9
v -0.5 2 0.8
v -0.5 2 0.7
v -0.5 2 -0.7
v -0.5 2 -0.8
v -0.5 2.3 0.8
v -0.5 2.3 0.7
v -0.5 2.3 -0.7
v -0.5 2.3 -0.8
v -0.4 0.2 1.6
v -0.4 0.2 1.5
v -0.4 0.2 1.4
v -0.4 0.2 -1.4
v -0.4 0.2 -1.5
v -0.4 0.2 -1.6
v -0.4 0.3 1.6
v -0.4 0.3 1.5
v -0.4 0.3 1.4
v -0.4 0.3 -1.4
v -0.4 0.3 -1.5
v -0.4 0.3 -1.6
v -0.4 1.6 0.9
v -0.4 1.6 0.8
v -0.4 1.6 -0.8
v -0.4 1.6 -0.9
v -0.4 1.8 0.9
v -0.4 1.8 0.8
v -0.4 1.8 -0.8
v -0.4 1.8 -0.9
v -0.4 1.9 0.8
v -0.4 1.9 0.7
v -0.4 1.9 0.6
v -0.4 1.9 -0.6
v -0.4 1.9 -0.7
v -0.4 1.9 -0.8
v -0.4 2 0.8
v -0.4 2 0.7
v -0.4 2 0.6
v -0.4 2 -0.6
v -0.4 2 -0.7
v -0.4 2 -0.8
v -0.3 1.9 0.6
v -0.3 1.9 0.4
v -0.3 1.9 -0.4
v -0.3 1.9 -0.6
v -0.3 2.3 0.6
v -0.3 2.3 0.4
v -0.3 2.3 -0.4
v -0.3 2.3 -0.6
v -0.3 2.4 0.4
v -0.3 2.4 0.3
v -0.3 2.4 0.2
v -0.3 2.4 -0.2
v -0.3 2.4 -0.3
v -0.3 2.4 -0.4
v -0.3 2.5 0.4
v -0.3 2.5 0.3
v -0.3 2.5 -0.3
v -0.3 2.5 -0.4
v -0.2 0.1 1.7
v -0.2 0.1 1.5
v -0.2 0.1 -1.5
v -0.2 0.1 -1.7
v -0.2 0.2 1.7
v -0.2 0.2 1.5
v -0.2 0.2 -1.5
v -0.2 0.2 -1.7
v -0.2 0.3 1.4
v -0.2 0.3 1.3
v -0.2 0.3 -1.3
v -0.2 0.3 -1.4
v -0.2 0.4 1.4
v -0.2 0.4 1.3
v -0.2 0.4 -1.3
v -0.2 0.4 -1.4
v -0.2 2.3 0.4
v -0.2 2.3 0.2
v -0.2 2.3 -0.2
v -0.2 2.3 -0.4
v -0.2 2.4 0.4
v -0.2 2.4 0.2
v -0.2 2.4 -0.2
v -0.2 2.4 -0.4
v -0.0999999 2 0.4
v -0.0999999 2 -0.4
v -0.0999999 2.2 0.4
v -0.0999999 2.2 0.2
v -0.0999999 2.2 -0.2
v -0.0999999 2.2 -0.4
v -0.0999999 2.3 0.4
v -0.0999999 2.3 0.2
v -0.0999999 2.3 -0.2
v -0.0999999 2.3 -0.4
v 1.19209e-07 1.5 0.4
v 1.19209e-07 1.5 0.0999999
v 1.19209e-07 1.5 -0.1
v 1.19209e-07 1.5 -0.4
v 1.19209e-07 1.6 0.0999999
v 1.19209e-07 1.6 -0.1
v 1.19209e-07 1.7 0.5
v 1.19209e-07 1.7 0.4
v 1.19209e-07 1.7 0.0999999
v 1.19209e-07 1.7 -0.1
v 1.19209e-07 1.7 -0.4
v 1.19209e-07 1.7 -0.5
v 1.19209e-07 1.9 0.5
v 1.19209e-07 1.9 0.4
v 1.19209e-07 1.9 -0.4
v 1.19209e-07 1.9 -0.5
v 1.19209e-07 2 0.4
v 1.19209e-07 2 -0.4
v 0.1 0 1.8
v 0.1 0 1.7
v 0.1 0 -1.7
v 0.1 0 -1.8
v 0.1 0.1 1.8
v 0.1 0.1 1.7
v 0.1 0.1 -1.7
v 0.1 0.1 -1.8
v 0.1 0.2 1.4
v 0.1 0.2 1.3
v 0.1 0.2 -1.3
v 0.1 0.2 -1.4
v 0.1 0.3 1.4
v 0.1 0.3 1.3
v 0.1 0.3 -1.3
v 0.1 0.3 -1.4
v 0.1 2 0.7
v 0.1 2 0.6
v 0.1 2 -0.6
v 0.1 2 -0.7
v 0.1 2.1 0.7
v 0.1 2.1 0.6
v 0.1 2.1 -0.6
v 0.1 2.1 -0.7
v 0.1 2.2 0.8
v 0.1 2.2 0.7
v 0.1 2.2 -0.7
v 0.1 2.2 -0.8
v 0.1 2.3 0.8
v 0.1 2.3 0.7
v 0.1 2.3 -0.7
v 0.1 2.3 -0.8
v 0.2 1.4 0.6
v 0.2 1.4 0.0999999
v 0.2 1.4 -0.1
v 0.2 1.4 -0.6
v 0.2 1.5 0.6
v 0.2 1.5 0.4
v 0.2 1.5 0.0999999
v 0.2 1.5 -0.1
v 0.2 1.5 -0.4
v 0.2 1.5 -0.6
v 0.2 1.6 0.0999999
v 0.2 1.6 -0.1
v 0.2 1.7 0.5
v 0.2 1.7 0.4
v 0.2 1.7 0.0999999
v 0.2 1.7 -0.1
v 0.2 1.7 -0.4
v 0.2 1.7 -0.5
v 0.2 1.8 0.9
v 0.2 1.8 0.8
v 0.2 1.8 -0.8
v 0.2 1.8 -0.9
v 0.2 1.9 0.9
v 0.2 1.9 0.8
v 0.2 1.9 0.6
v 0.2 1.9 0.5
v 0.2 1.9 -0.5
v 0.2 1.9 -0.6
v 0.2 1.9 -0.8
v 0.2 1.9 -0.9
v 0.2 2 0.9
v 0.2 2 0.8
v 0.2 2 -0.8
v 0.2 2 -0.9
v 0.2 2.1 0.8
v 0.2 2.1 0.7
v 0.2 2.1 -0.7
v 0.2 2.1 -0.8
v 0.2 2.2 0.8
v 0.2 2.2 0.7
v 0.2 2.2 -0.7
v 0.2 2.2 -0.8
v 0.3 1.1 0.9
v 0.3 1.1 0.8
v 0.3 1.1 -0.8
v 0.3 1.1 -0.9
v 0.3 1.4 0.9
v 0.3 1.4 0.8
v 0.3 1.4 -0.8
v 0.3 1.4 -0.9
v 0.3 1.5 0.8
v 0.3 1.5 -0.8
v 0.3 1.6 0.7
v 0.3 1.6 0.6
v 0.3 1.6 -0.6
v 0.3 1.6 -0.7
v 0.3 1.8 0.9
v 0.3 1.8 0.8
v 0.3 1.8 0.7
v 0.3 1.8 -0.7
v 0.3 1.8 -0.8
v 0.3 1.8 -0.9
v 0.3 1.9 0.7
v 0.3 1.9 -0.7
v 0.3 2 0.8
v 0.3 2 0.7
v 0.3 2 0.6
v 0.3 2 -0.6
v 0.3 2 -0.7
v 0.3 2 -0.8
v 0.3 2.1 0.8
v 0.3 2.1 0.7
v 0.3 2.1 -0.7
v 0.3 2.1 -0.8
v 0.4 1 0.9
v 0.4 1 0.8
v 0.4 1 -0.8
v 0.4 1 -0.9
v 0.4 1.1 0.9
v 0.4 1.1 0.8
v 0.4 1.1 0.7
v 0.4 1.1 0.4
v 0.4 1.1 0.0999999
v 0.4 1.1 -0.1
v 0.4 1.1 -0.4
v 0.4 1.1 -0.7
v 0.4 1.1 -0.8
v 0.4 1.1 -0.9
v 0.4 1.2 0.8
v 0.4 1.2 0.7
v 0.4 1.2 -0.7
v 0.4 1.2 -0.8
v 0.4 1.4 0.7
v 0.4 1.4 0.6
v 0.4 1.4 0.0999999
v 0.4 1.4 -0.1
v 0.4 1.4 -0.6
v 0.4 1.4 -0.7
v 0.4 1.5 0.8
v 0.4 1.5 0.7
v 0.4 1.5 0.0999999
v 0.4 1.5 -0.1
v 0.4 1.5 -0.7
v 0.4 1.5 -0.8
v 0.4 1.6 0.7
v 0.4 1.6 0.6
v 0.4 1.6 0.0999999
v 0.4 1.6 -0.1
v 0.4 1.6 -0.6
v 0.4 1.6 -0.7
v 0.4 1.8 0.8
v 0.4 1.8 0.7
v 0.4 1.8 -0.7
v 0.4 1.8 -0.8
v 0.4 1.9 0.8
v 0.4 1.9 0.7
v 0.4 1.9 -0.7
v 0.4 1.9 -0.8
v 0.4 2 0.8
v 0.4 2 0.7
v 0.4 2 -0.7
v 0.4 2 -0.8
v 0.5 0.1 1.5
v 0.5 0.1 1.4
v 0.5 0.1 -1.4
v 0.5 0.1 -1.5
v 0.5 0.2 1.5
v 0.5 0.2 1.4
v 0.5 0.2 -1.4
v 0.5 0.2 -1.5
v 0.5 1 0.4
v 0.5 1 0.0999999
v 0.5 1 -0.1
v 0.5 1 -0.4
v 0.5 1.1 0.4
v 0.5 1.1 0.0999999
v 0.5 1.1 -0.1
v 0.5 1.1 -0.4
v 0.5 1.4 0.0999999
v 0.5 1.4 -0.1
v 0.5 1.5 0.0999999
v 0.5 1.5 -0.1
v 0.6 0 1.7
v 0.6 0 1.6
v 0.6 0 -1.6
v 0.6 0 -1.7
v 0.6 0.1 1.7
v 0.6 0.1 1.6
v 0.6 0.1 -1.6
v 0.6 0.1 -1.7
v 0.6 0.5 1.2
v 0.6 0.5 1.1
v 0.6 0.5 -1.1
v 0.6 0.5 -1.2
v 0.6 0.6 1.2
v 0.6 0.6 1.1
v 0.6 0.6 -1.1
v 0.6 0.6 -1.2
v 0.6 0.8 0.4
v 0.6 0.8 0.0999999
v 0.6 0.8 -0.1
v 0.6 0.8 -0.4
v 0.6 0.9 1
v 0.6 0.9 0.9
v 0.6 0.9 -0.9
v 0.6 0.9 -1
v 0.6 1 0.5
v 0.6 1 0.4
v 0.6 1 0.0999999
v 0.6 1 -0.1
v 0.6 1 -0.4
v 0.6 1 -0.5
v 0.6 1.1 1
v 0.6 1.1 0.9
v 0.6 1.1 0.6
v 0.6 1.1 0.5
v 0.6 1.1 0.4
v 0.6 1.1 0.0999999
v 0.6 1.1 -0.1
v 0.6 1.1 -0.4
v 0.6 1.1 -0.5
v 0.6 1.1 -0.6
v 0.6 1.1 -0.9
v 0.6 1.1 -1
v 0.6 1.2 1
v 0.6 1.2 0.9
v 0.6 1.2 0.6
v 0.6 1.2 0.5
v 0.6 1.2 0.0999999
v 0.6 1.2 -0.1
v 0.6 1.2 -0.5
v 0.6 1.2 -0.6
v 0.6 1.2 -0.9
v 0.6 1.2 -1
v 0.6 1.3 0.6
v 0.6 1.3 -0.6
v 0.6 1.4 0.6
v 0.6 1.4 0.5
v 0.6 1.4 0.0999999
v 0.6 1.4 -0.1
v 0.6 1.4 -0.5
v 0.6 1.4 -0.6
v 0.6 1.5 0.7
v 0.6 1.5 0.6
v 0.6 1.5 -0.6
v 0.6 1.5 -0.7
v 0.6 1.6 0.8
v 0.6 1.6 0.7
v 0.6 1.6 0.6
v 0.6 1.6 -0.6
v 0.6 1.6 -0.7
v 0.6 1.6 -0.8
v 0.6 1.7 0.8
v 0.6 1.7 0.7
v 0.6 1.7 -0.7
v 0.6 1.7 -0.8
v 0.7 0.7 1.1
v 0.7 0.7 1
v 0.7 0.7 0.6
v 0.7 0.7 0.4
v 0.7 0.7 0.0999999
v 0.7 0.7 -0.1
v 0.7 0.7 -0.4
v 0.7 0.7 -0.6
v 0.7 0.7 -1
v 0.7 0.7 -1.1
v 0.7 0.8 1.1
v 0.7 0.8 1
v 0.7 0.8 0.6
v 0.7 0.8 0.4
v 0.7 0.8 0.0999999
v 0.7 0.8 -0.1
v 0.7 0.8 -0.4
v 0.7 0.8 -0.6
v 0.7 0.8 -1
v 0.7 0.8 -1.1
v 0.7 0.9 0.7
v 0.7 0.9 0.6
v 0.7 0.9 -0.6
v 0.7 0.9 -0.7
v 0.7 1 0.5
v 0.7 1 0.4
v 0.7 1 0.0999999
v 0.7 1 -0.1
v 0.7 1 -0.4
v 0.7 1 -0.5
v 0.7 1.1 0.9
v 0.7 1.1 0.8
v 0.7 1.1 0.7
v 0.7 1.1 0.6
v 0.7 1.1 0.5
v 0.7 1.1 0.0999999
v 0.7 1.1 -0.1
v 0.7 1.1 -0.5
v 0.7 1.1 -0.6
v 0.7 1.1 -0.7
v 0.7 1.1 -0.8
v 0.7 1.1 -0.9
v 0.7 1.2 0.8
v 0.7 1.2 0.7
v 0.7 1.2 -0.7
v 0.7 1.2 -0.8
v 0.7 1.3 0.9
v 0.7 1.3 0.8
v 0.7 1.3 0.7
v 0.7 1.3 0.6
v 0.7 1.3 -0.6
v 0.7 1.3 -0.7
v 0.7 1.3 -0.8
v 0.7 1.3 -0.9
v 0.7 1.4 0.9
v 0.7 1.4 0.8
v 0.7 1.4 -0.8
v 0.7 1.4 -0.9
v 0.7 1.5 0.8
v 0.7 1.5 0.7
v 0.7 1.5 0.6
v 0.7 1.5 -0.6
v 0.7 1.5 -0.7
v 0.7 1.5 -0.8
v 0.7 1.6 0.8
v 0.7 1.6 0.7
v 0.7 1.6 -0.7
v 0.7 1.6 -0.8
v 0.8 0.5 1.1
v 0.8 0.5 0.7
v 0.8 0.5 -0.7
v 0.8 0.5 -1.1
v 0.8 0.6 1.1
v 0.8 0.6 0.9
v 0.8 0.6 0.7
v 0.8 0.6 0.6
v 0.8 0.6 0.4
v 0.8 0.6 0.3
v 0.8 0.6 0.0999999
v 0.8 0.6 -0.1
v 0.8 0.6 -0.3
v 0.8 0.6 -0.4
v 0.8 0.6 -0.6
v 0.8 0.6 -0.7
v 0.8 0.6 -0.9
v 0.8 0.6 -1.1
v 0.8 0.7 1.1
v 0.8 0.7 1
v 0.8 0.7 0.9
v 0.8 0.7 0.8
v 0.8 0.7 0.6
v 0.8 0.7 0.4
v 0.8 0.7 0.0999999
v 0.8 0.7 -0.1
v 0.8 0.7 -0.4
v 0.8 0.7 -0.6
v 0.8 0.7 -0.8
v 0.8 0.7 -0.9
v 0.8 0.7 -1
v 0.8 0.7 -1.1
v 0.8 0.8 0.9
v 0.8 0.8 0.8
v 0.8 0.8 0.0999999
v 0.8 0.8 -0.1
v 0.8 0.8 -0.8
v 0.8 0.8 -0.9
v 0.8 0.9 1
v 0.8 0.9 0.9
v 0.8 0.9 0.7
v 0.8 0.9 0.6
v 0.8 0.9 -0.6
v 0.8 0.9 -0.7
v 0.8 0.9 -0.9
v 0.8 0.9 -1
v 0.8 1 0.0999999
v 0.8 1 -0.1
v 0.8 1.1 0.9
v 0.8 1.1 0.8
v 0.8 1.1 -0.8
v 0.8 1.1 -0.9
v 0.8 1.2 0.8
v 0.8 1.2 0.7
v 0.8 1.2 -0.7
v 0.8 1.2 -0.8
v 0.8 1.3 0.8
v 0.8 1.3 0.7
v 0.8 1.3 -0.7
v 0.8 1.3 -0.8
v 0.8 1.5 0.8
v 0.8 1.5 0.7
v 0.8 1.5 -0.7
v 0.8 1.5 -0.8
v 1 0.5 1.1
v 1 0.5 1
v 1 0.5 -1
v 1 0.5 -1.1
v 1 0.6 1.1
v 1 0.6 1
v 1 0.6 -1
v 1 0.6 -1.1
v 1 0.7 1
v 1 0.7 0.9
v 1 0.7 -0.9
v 1 0.7 -1
v 1 0.8 1
v 1 0.8 0.9
v 1 0.8 -0.9
v 1 0.8 -1
v 1 1.2 0.8
v 1 1.2 0.7
v 1 1.2 -0.7
v 1 1.2 -0.8
v 1 1.3 0.8
v 1 1.3 0.7
v 1 1.3 -0.7
v 1 1.3 -0.8
v 1.1 0.5 1
v 1.1 0.5 0.9
v 1.1 0.5 0.5
v 1.1 0.5 0.0999999
v 1.1 0.5 -0.1
v 1.1 0.5 -0.5
v 1.1 0.5 -0.9
v 1.1 0.5 -1
v 1.1 0.6 0.6
v 1.1 0.6 0.5
v 1.1 0.6 0.0999999
v 1.1 0.6 -0.1
v 1.1 0.6 -0.5
v 1.1 0.6 -0.6
v 1.1 0.7 1
v 1.1 0.7 0.9
v 1.1 0.7 0.6
v 1.1 0.7 0.5
v 1.1 0.7 0.0999999
v 1.1 0.7 -0.1
v 1.1 0.7 -0.5
v 1.1 0.7 -0.6
v 1.1 0.7 -0.9
v 1.1 0.7 -1
v 1.1 0.8 0.9
v 1.1 0.8 0.8
v 1.1 0.8 0.6
v 1.1 0.8 0.5
v 1.1 0.8 0.0999999
v 1.1 0.8 -0.1
v 1.1 0.8 -0.5
v 1.1 0.8 -0.6
v 1.1 0.8 -0.8
v 1.1 0.8 -0.9
v 1.1 0.9 0.9
v 1.1 0.9 0.8
v 1.1 0.9 0.7
v 1.1 0.9 0.6
v 1.1 0.9 -0.6
v 1.1 0.9 -0.7
v 1.1 0.9 -0.8
v 1.1 0.9 -0.9
v 1.1 1 0.8
v 1.1 1 0.7
v 1.1 1 0.6
v 1.1 1 -0.6
v 1.1 1 -0.7
v 1.1 1 -0.8
v 1.1 1.1 0.9
v 1.1 1.1 0.8
v 1.1 1.1 0.7
v 1.1 1.1 -0.7
v 1.1 1.1 -0.8
v 1.1 1.1 -0.9
v 1.1 1.2 0.8
v 1.1 1.2 0.7
v 1.1 1.2 -0.7
v 1.1 1.2 -0.8
v 1.2 0.4 1.2
v 1.2 0.4 0.0999999
v 1.2 0.4 -0.1
v 1.2 0.4 -1.2
v 1.2 0.5 1.2
v 1.2 0.5 0.9
v 1.2 0.5 0.5
v 1.2 0.5 0.0999999
v 1.2 0.5 -0.1
v 1.2 0.5 -0.5
v 1.2 0.5 -0.9
v 1.2 0.5 -1.2
v 1.2 0.6 0.6
v 1.2 0.6 0.5
v 1.2 0.6 0.0999999
v 1.2 0.6 -0.1
v 1.2 0.6 -0.5
v 1.2 0.6 -0.6
v 1.2 0.7 0.9
v 1.2 0.7 0.8
v 1.2 0.7 0.0999999
v 1.2 0.7 -0.1
v 1.2 0.7 -0.8
v 1.2 0.7 -0.9
v 1.2 0.8 0.9
v 1.2 0.8 0.8
v 1.2 0.8 0.6
v 1.2 0.8 -0.6
v 1.2 0.8 -0.8
v 1.2 0.8 -0.9
v 1.2 0.9 0.7
v 1.2 0.9 0.6
v 1.2 0.9 -0.6
v 1.2 0.9 -0.7
v 1.2 1 0.8
v 1.2 1 0.7
v 1.2 1 -0.7
v 1.2 1 -0.8
v 1.2 1.1 0.8
v 1.2 1.1 0.7
v 1.2 1.1 -0.7
v 1.2 1.1 -0.8
v 1.3 0.1 1.4
v 1.3 0.1 1.2
v 1.3 0.1 -1.2
v 1.3 0.1 -1.4
v 1.3 0.2 1.4
v 1.3 0.2 1.3
v 1.3 0.2 1.2
v 1.3 0.2 1
v 1.3 0.2 0.9
v 1.3 0.2 -0.9
v 1.3 0.2 -1
v 1.3 0.2 -1.2
v 1.3 0.2 -1.3
v 1.3 0.2 -1.4
v 1.3 0.3 1.3
v 1.3 0.3 1
v 1.3 0.3 0.9
v 1.3 0.3 0.8
v 1.3 0.3 0.5
v 1.3 0.3 0.0999999
v 1.3 0.3 -0.1
v 1.3 0.3 -0.5
v 1.3 0.3 -0.8
v 1.3 0.3 -0.9
v 1.3 0.3 -1
v 1.3 0.3 -1.3
v 1.3 0.4 1.3
v 1.3 0.4 0.8
v 1.3 0.4 0.5
v 1.3 0.4 0.0999999
v 1.3 0.4 -0.1
v 1.3 0.4 -0.5
v 1.3 0.4 -0.8
v 1.3 0.4 -1.3
v 1.3 0.5 0.0999999
v 1.3 0.5 -0.1
v 1.3 0.6 0.0999999
v 1.3 0.6 -0.1
v 1.4 0.2 0.9
v 1.4 0.2 0.8
v 1.4 0.2 -0.8
v 1.4 0.2 -0.9
v 1.4 0.3 0.9
v 1.4 0.3 0.8
v 1.4 0.3 -0.8
v 1.4 0.3 -0.9
v 1.5 0 1.6
v 1.5 0 1.4
v 1.5 0 -1.4
v 1.5 0 -1.6
v 1.5 0.1 1.6
v 1.5 0.1 1.4
v 1.5 0.1 -1.4
v 1.5 0.1 -1.6
v 1.5 0.3 0.8
v 1.5 0.3 0.7
v 1.5 0.3 -0.7
v 1.5 0.3 -0.8
v 1.5 0.4 0.6
v 1.5 0.4 0.5
v 1.5 0.4 -0.5
v 1.5 0.4 -0.6
v 1.5 0.5 0.8
v 1.5 0.5 0.7
v 1.5 0.5 0.6
v 1.5 0.5 0.5
v 1.5 0.5 -0.5
v 1.5 0.5 -0.6
v 1.5 0.5 -0.7
v 1.5 0.5 -0.8
v 1.5 0.7 0.7
v 1.5 0.7 0.6
v 1.5 0.7 -0.6
v 1.5 0.7 -0.7
v 1.6 0.2 0.8
v 1.6 0.2 0.7
v 1.6 0.2 0.6
v 1.6 0.2 0.3
v 1.6 0.2 0.0999999
v 1.6 0.2 -0.1
v 1.6 0.2 -0.3
v 1.6 0.2 -0.6
v 1.6 0.2 -0.7
v 1.6 0.2 -0.8
v 1.6 0.3 0.8
v 1.6 0.3 0.7
v 1.6 0.3 0.6
v 1.6 0.3 0.5
v 1.6 0.3 0.0999999
v 1.6 0.3 -0.1
v 1.6 0.3 -0.5
v 1.6 0.3 -0.6
v 1.6 0.3 -0.7
v 1.6 0.3 -0.8
v 1.6 0.4 0.6
v 1.6 0.4 0.5
v 1.6 0.4 0.0999999
v 1.6 0.4 -0.1
v 1.6 0.4 -0.5
v 1.6 0.4 -0.6
v 1.6 0.5 0.7
v 1.6 0.5 0.6
v 1.6 0.5 0.0999999
v 1.6 0.5 -0.1
v 1.6 0.5 -0.6
v 1.6 0.5 -0.7
v 1.7 0.1 1.2
v 1.7 0.1 0.9
v 1.7 0.1 0.6
v 1.7 0.1 0.3
v 1.7 0.1 0.0999999
v 1.7 0.1 -0.1
v 1.7 0.1 -0.3
v 1.7 0.1 -0.6
v 1.7 0.1 -0.9
v 1.7 0.1 -1.2
v 1.7 0.2 1.2
v 1.7 0.2 0.9
v 1.7 0.2 0.6
v 1.7 0.2 0.3
v 1.7 0.2 0.0999999
v 1.7 0.2 -0.1
v 1.7 0.2 -0.3
v 1.7 0.2 -0.6
v 1.7 0.2 -0.9
v 1.7 0.2 -1.2
v 1.7 0.3 0.0999999
v 1.7 0.3 -0.1
v 1.7 0.4 0.0999999
v 1.7 0.4 -0.1
v 1.8 0 1.4
v 1.8 0 -1.4
v 1.8 0.1 1.4
v 1.8 0.1 0.0999999
v 1.8 0.1 -0.1
v 1.8 0.1 -1.4
v 1.8 0.2 0.0999999
v 1.8 0.2 -0.1
v 1.8 0.3 0.0999999
v 1.8 0.3 -0.1
v -1.3 0 1.8
v -1.3 0.1 1.8
v -0.7 0 1.8
v -0.7 0.1 1.8
v -0.4 0 1.8
v -0.4 0.1 1.8
v 0.1 0 1.8
v 0.1 0.1 1.8
v -1.1 0.1 1.7
v -1.1 0.2 1.7
v -1 0.1 1.7
v -1 0.2 1.7
v -0.7 0.1 1.7
v -0.5 0.1 1.7
v -0.5 0.2 1.7
v -0.4 0.1 1.7
v -0.2 0.1 1.7
v -0.2 0.2 1.7
v 0.1 0 1.7
v 0.1 0.1 1.7
v 0.6 0 1.7
v 0.6 0.1 1.7
v -1 0.2 1.6
v -1 0.3 1.6
v -0.9 0.2 1.6
v -0.9 0.3 1.6
v -0.5 0.2 1.6
v -0.4 0.2 1.6
v -0.4 0.3 1.6
v 0.6 0 1.6
v 0.6 0.1 1.6
v 1.1 0 1.6
v 1.1 0.1 1.6
v 1.3 0 1.6
v 1.3 0.1 1.6
v 1.5 0 1.6
v 1.5 0.1 1.6
v -1.3 0.1 1.5
v -1.3 0.2 1.5
v -1.2 0.1 1.5
v -1.1 0.1 1.5
v -1.1 0.2 1.5
v -0.2 0.1 1.5
v -0.2 0.2 1.5
v -0.0999999 0.1 1.5
v -0.0999999 0.2 1.5
v 0.5 0.1 1.5
v 0.5 0.2 1.5
v -1.4 0 1.4
v -1.4 0.2 1.4
v -1.3 0 1.4
v -1.3 0.2 1.4
v -1.2 0.2 1.4
v -1.2 0.3 1.4
v -1.1 0.2 1.4
v -1.1 0.3 1.4
v -1 0.2 1.4
v -1 0.3 1.4
v -1 0.4 1.4
v -0.9 0.3 1.4
v -0.9 0.4 1.4
v -0.7 0.3 1.4
v -0.7 0.4 1.4
v -0.4 0.2 1.4
v -0.4 0.3 1.4
v -0.2 0.2 1.4
v -0.2 0.3 1.4
v -0.2 0.4 1.4
v -0.0999999 0.2 1.4
v 0.1 0.2 1.4
v 0.1 0.3 1.4
v 0.5 0.1 1.4
v 0.5 0.2 1.4
v 1.2 0.1 1.4
v 1.2 0.2 1.4
v 1.3 0.1 1.4
v 1.3 0.2 1.4
v 1.5 0 1.4
v 1.5 0.1 1.4
v 1.8 0 1.4
v 1.8 0.1 1.4
v -1.4 0.2 1.3
v -1.4 0.3 1.3
v -1.4 0.4 1.3
v -1.2 0.2 1.3
v -1.2 0.3 1.3
v -1.1 0.3 1.3
v -1 0.3 1.3
v -1 0.4 1.3
v -0.2 0.3 1.3
v -0.2 0.4 1.3
v 0.1 0.2 1.3
v 0.1 0.3 1.3
v 0.2 0.2 1.3
v 0.2 0.3 1.3
v 0.2 0.4 1.3
v 0.4 0.2 1.3
v 0.4 0.3 1.3
v 0.4 0.4 1.3
v 1.2 0.2 1.3
v 1.2 0.3 1.3
v 1.3 0.2 1.3
v 1.3 0.3 1.3
v 1.3 0.4 1.3
v -1.5 0.4 1.2
v -1.5 0.6 1.2
v -1.4 0.4 1.2
v -0.7 0.4 1.2
v -0.7 0.5 1.2
v -0.6 0.4 1.2
v -0.5 0.4 1.2
v -0.5 0.5 1.2
v -0.5 0.6 1.2
v -0.3 0.5 1.2
v -0.3 0.6 1.2
v 0.2 0.4 1.2
v 0.3 0.4 1.2
v 0.3 0.5 1.2
v 0.4 0.4 1.2
v 0.5 0.4 1.2
v 0.5 0.5 1.2
v 0.5 0.6 1.2
v 0.6 0.5 1.2
v 0.6 0.6 1.2
v 1.2 0.4 1.2
v 1.2 0.5 1.2
v 1.3 0.1 1.2
v 1.3 0.2 1.2
v 1.5 0.1 1.2
v 1.5 0.2 1.2
v 1.6 0.1 1.2
v 1.6 0.2 1.2
v 1.7 0.1 1.2
v 1.7 0.2 1.2
v -1.5 0.6 1.1
v -1.5 0.7 1.1
v -0.5 0.6 1.1
v -0.4 0.6 1.1
v -0.4 0.7 1.1
v -0.3 0.6 1.1
v -0.0999999 0.6 1.1
v -0.0999999 0.7 1.1
v 0.5 0.6 1.1
v 0.5 0.7 1.1
v 0.5 0.8 1.1
v 0.6 0.5 1.1
v 0.6 0.6 1.1
v 0.7 0.5 1.1
v 0.7 0.6 1.1
v 0.7 0.7 1.1
v 0.7 0.8 1.1
v 0.8 0.5 1.1
v 0.8 0.6 1.1
v 0.8 0.7 1.1
v 0.9 0.5 1.1
v 0.9 0.6 1.1
v 1 0.5 1.1
v 1 0.6 1.1
v -1.5 0.7 1
v -1.5 0.8 1
v -1.4 0.7 1
v -1.4 0.8 1
v -0.4 0.7 1
v -0.2 0.7 1
v -0.2 0.8 1
v -0.0999999 0.7 1
v 1.19209e-07 0.7 1
v 1.19209e-07 0.8 1
v 0.5 0.7 1
v 0.5 0.8 1
v 0.5 1.1 1
v 0.5 1.2 1
v 0.6 0.9 1
v 0.6 1.1 1
v 0.6 1.2 1
v 0.7 0.7 1
v 0.7 0.8 1
v 0.8 0.7 1
v 0.8 0.9 1
v 0.9 0.6 1
v 0.9 0.7 1
v 0.9 0.8 1
v 1 0.5 1
v 1 0.6 1
v 1 0.7 1
v 1 0.8 1
v 1.1 0.5 1
v 1.1 0.7 1
v -1.5 0.9 0.9
v -1.5 1.6 0.9
v -1.3 0.9 0.9
v -1.3 1 0.9
v -1.2 0.9 0.9
v -1.2 1 0.9
v -1.2 1.1 0.9
v -1 1 0.9
v -1 1.1 0.9
v -1 1.2 0.9
v -1 1.6 0.9
v -1 2.1 0.9
v -1 2.4 0.9
v -0.9 2.1 0.9
v -0.9 2.3 0.9
v -0.8 1.1 0.9
v -0.8 1.2 0.9
v -0.8 1.3 0.9
v -0.8 2.3 0.9
v -0.8 2.4 0.9
v -0.7 1.2 0.9
v -0.7 1.3 0.9
v -0.7 1.4 0.9
v -0.7 2.1 0.9
v -0.7 2.4 0.9
v -0.6 1.3 0.9
v -0.6 1.4 0.9
v -0.6 1.5 0.9
v -0.6 1.9 0.9
v -0.6 2.1 0.9
v -0.5 1.8 0.9
v -0.5 1.9 0.9
v -0.4 1.4 0.9
v -0.4 1.5 0.9
v -0.4 1.6 0.9
v -0.4 1.8 0.9
v -0.0999999 1.5 0.9
v -0.0999999 1.6 0.9
v 1.19209e-07 1.4 0.9
v 1.19209e-07 1.6 0.9
v 1.19209e-07 1.9 0.9
v 1.19209e-07 2 0.9
v 0.1 0.8 0.9
v 0.1 0.9 0.9
v 0.1 1.6 0.9
v 0.1 1.9 0.9
v 0.1 2 0.9
v 0.2 0.8 0.9
v 0.2 0.9 0.9
v 0.2 1 0.9
v 0.2 1.8 0.9
v 0.2 1.9 0.9
v 0.2 2 0.9
v 0.3 1 0.9
v 0.3 1.1 0.9
v 0.3 1.4 0.9
v 0.3 1.8 0.9
v 0.4 0.9 0.9
v 0.4 1 0.9
v 0.4 1.1 0.9
v 0.5 0.8 0.9
v 0.5 1 0.9
v 0.5 1.2 0.9
v 0.5 1.4 0.9
v 0.6 0.9 0.9
v 0.6 1.1 0.9
v 0.6 1.2 0.9
v 0.6 1.3 0.9
v 0.7 1.1 0.9
v 0.7 1.3 0.9
v 0.7 1.4 0.9
v 0.8 0.9 0.9
v 0.8 1.1 0.9
v 0.9 0.8 0.9
v 0.9 0.9 0.9
v 0.9 1.1 0.9
v 1 0.7 0.9
v 1 0.8 0.9
v 1.1 0.5 0.9
v 1.1 0.7 0.9
v 1.1 0.8 0.9
v 1.1 0.9 0.9
v 1.1 1.1 0.9
v 1.2 0.5 0.9
v 1.2 0.7 0.9
v 1.2 0.8 0.9
v 1.3 0.2 0.9
v 1.3 0.3 0.9
v 1.4 0.2 0.9
v 1.4 0.3 0.9
v -1.7 1.4 0.8
v -1.7 1.8 0.8
v -1.6 0.8 0.8
v -1.6 1.4 0.8
v -1.6 1.6 0.8
v -1.6 1.7 0.8
v -1.5 0.8 0.8
v -1.5 0.9 0.8
v -1.5 1.6 0.8
v -1.5 1.7 0.8
v -1.5 1.8 0.8
v -1.3 0.8 0.8
v -1.3 0.9 0.8
v -1.2 0.8 0.8
v -1.2 0.9 0.8
v -1.2 1.7 0.8
v -1.2 1.8 0.8
v -1.1 0.8 0.8
v -1.1 0.9 0.8
v -1 1.6 0.8
v -1 1.8 0.8
v -1 2.4 0.8
v -1 2.8 0.8
v -0.9 2.4 0.8
v -0.9 2.5 0.8
v -0.8 2.4 0.8
v -0.8 2.5 0.8
v -0.8 2.7 0.8
v -0.8 2.8 0.8
v -0.7 2.1 0.8
v -0.7 2.4 0.8
v -0.7 2.5 0.8
v -0.7 2.7 0.8
v -0.6 1.9 0.8
v -0.6 2.1 0.8
v -0.6 2.3 0.8
v -0.6 2.5 0.8
v -0.5 1.8 0.8
v -0.5 1.9 0.8
v -0.5 2 0.8
v -0.5 2.3 0.8
v -0.4 1.6 0.8
v -0.4 1.8 0.8
v -0.4 1.9 0.8
v -0.4 2 0.8
v -0.2 1.6 0.8
v -0.2 1.7 0.8
v -0.0999999 0.8 0.8
v -0.0999999 1.6 0.8
v 1.19209e-07 0.8 0.8
v 1.19209e-07 1.6 0.8
v 1.19209e-07 1.7 0.8
v 1.19209e-07 1.9 0.8
v 1.19209e-07 2 0.8
v 1.19209e-07 2.1 0.8
v 1.19209e-07 2.2 0.8
v 1.19209e-07 2.3 0.8
v 0.1 0.8 0.8
v 0.1 0.9 0.8
v 0.1 2 0.8
v 0.1 2.1 0.8
v 0.1 2.2 0.8
v 0.1 2.3 0.8
v 0.2 1.8 0.8
v 0.2 1.9 0.8
v 0.2 2 0.8
v 0.2 2.1 0.8
v 0.2 2.2 0.8
v 0.3 1.1 0.8
v 0.3 1.4 0.8
v 0.3 1.5 0.8
v 0.3 1.8 0.8
v 0.3 1.9 0.8
v 0.3 2 0.8
v 0.3 2.1 0.8
v 0.4 1 0.8
v 0.4 1.1 0.8
v 0.4 1.2 0.8
v 0.4 1.5 0.8
v 0.4 1.8 0.8
v 0.4 1.9 0.8
v 0.4 2 0.8
v 0.5 1 0.8
v 0.5 1.1 0.8
v 0.5 1.2 0.8
v 0.5 1.4 0.8
v 0.5 1.5 0.8
v 0.5 1.7 0.8
v 0.6 1.4 0.8
v 0.6 1.5 0.8
v 0.6 1.6 0.8
v 0.6 1.7 0.8
v 0.7 1.1 0.8
v 0.7 1.2 0.8
v 0.7 1.3 0.8
v 0.7 1.4 0.8
v 0.7 1.5 0.8
v 0.7 1.6 0.8
v 0.8 1.1 0.8
v 0.8 1.2 0.8
v 0.8 1.3 0.8
v 0.8 1.5 0.8
v 0.9 1.1 0.8
v 0.9 1.3 0.8
v 1 1.2 0.8
v 1 1.3 0.8
v 1.1 0.8 0.8
v 1.1 0.9 0.8
v 1.1 1 0.8
v 1.1 1.1 0.8
v 1.1 1.2 0.8
v 1.2 0.8 0.8
v 1.2 1 0.8
v 1.2 1.1 0.8
v 1.3 0.3 0.8
v 1.3 0.4 0.8
v 1.3 0.5 0.8
v 1.4 0.2 0.8
v 1.4 0.3 0.8
v 1.5 0.2 0.8
v 1.5 0.3 0.8
v 1.5 0.5 0.8
v 1.6 0.2 0.8
v 1.6 0.3 0.8
v -1.7 1 0.7
v -1.7 1.4 0.7
v -1.7 1.8 0.7
v -1.7 2.1 0.7
v -1.6 1 0.7
v -1.6 1.4 0.7
v -1.5 1.8 0.7
v -1.3 1.8 0.7
v -1.3 1.9 0.7
v -1.2 1.8 0.7
v -1.2 1.9 0.7
v -1.2 2 0.7
v -1.2 2.1 0.7
v -1.1 1.8 0.7
v -1.1 1.9 0.7
v -1 1.8 0.7
v -1 1.9 0.7
v -1 2 0.7
v 0.8 0.5 0.7
v 0.8 0.6 0.7
v 0.9 0.5 0.7
v 0.9 0.6 0.7
v 1.3 0.5 0.7
v 1.3 0.6 0.7
v 1.4 0.6 0.7
v 1.4 0.7 0.7
v 1.5 0.3 0.7
v 1.5 0.5 0.7
v 1.5 0.7 0.7
v 1.6 0.3 0.7
v 1.6 0.5 0.7
v -1.6 2.1 0.6
v -1.6 2.3 0.6
v -1.4 2.3 0.6
v -1.4 2.4 0.6
v -1.2 2 0.6
v -1.2 2.1 0.6
v -1 2 0.6
v -1 2.4 0.6
v -0.7 2 0.6
v -0.7 2.3 0.6
v -0.7 2.4 0.6
v -0.6 2.3 0.6
v -0.6 2.4 0.6
v -0.4 1.9 0.6
v -0.4 2 0.6
v -0.3 1.9 0.6
v -0.3 2.3 0.6
v -1.2 2.4 0.5
v -1.2 2.5 0.5
v -0.7 2.4 0.5
v -0.7 2.5 0.5
v -0.6 2.4 0.5
v -0.6 2.5 0.5
v -0.6 2.3 0.4
v -0.6 2.4 0.4
v -0.6 2.5 0.4
v -0.5 2.3 0.4
v -0.5 2.4 0.4
v -0.4 2.4 0.4
v -0.4 2.5 0.4
v -0.3 1.9 0.4
v -0.3 2.3 0.4
v -0.3 2.4 0.4
v -0.3 2.5 0.4
v -0.2 2.2 0.4
v -0.2 2.3 0.4
v -0.2 2.4 0.4
v -0.0999999 2 0.4
v -0.0999999 2.2 0.4
v -0.0999999 2.3 0.4
v 1.19209e-07 1.9 0.4
v 1.19209e-07 2 0.4
v 1.19209e-07 1.5 0.0999999
v 1.19209e-07 1.6 0.0999999
v 1.19209e-07 1.7 0.0999999
v 0.2 1.4 0.0999999
v 0.2 1.5 0.0999999
v 0.2 1.6 0.0999999
v 0.2 1.7 0.0999999
v 0.4 1.1 0.0999999
v 0.4 1.4 0.0999999
v 0.4 1.5 0.0999999
v 0.4 1.6 0.0999999
v 0.5 1 0.0999999
v 0.5 1.1 0.0999999
v 0.5 1.2 0.0999999
v 0.5 1.4 0.0999999
v 0.5 1.5 0.0999999
v 0.6 0.8 0.0999999
v 0.6 1 0.0999999
v 0.6 1.1 0.0999999
v 0.6 1.2 0.0999999
v 0.6 1.4 0.0999999
v 0.7 0.7 0.0999999
v 0.7 0.8 0.0999999
v 0.7 1 0.0999999
v 0.7 1.1 0.0999999
v 0.8 0.6 0.0999999
v 0.8 0.7 0.0999999
v 0.8 0.8 0.0999999
v 0.8 1 0.0999999
v 0.9 0.6 0.0999999
v 0.9 0.7 0.0999999
v 0.9 0.8 0.0999999
v 1.1 0.5 0.0999999
v 1.1 0.6 0.0999999
v 1.1 0.7 0.0999999
v 1.1 0.8 0.0999999
v 1.2 0.4 0.0999999
v 1.2 0.5 0.0999999
v 1.2 0.6 0.0999999
v 1.2 0.7 0.0999999
v 1.3 0.3 0.0999999
v 1.3 0.4 0.0999999
v 1.3 0.5 0.0999999
v 1.3 0.6 0.0999999
v 1.4 0.3 0.0999999
v 1.4 0.4 0.0999999
v 1.5 0.3 0.0999999
v 1.5 0.4 0.0999999
v 1.5 0.5 0.0999999
v 1.6 0.2 0.0999999
v 1.6 0.3 0.0999999
v 1.6 0.4 0.0999999
v 1.6 0.5 0.0999999
v 1.7 0.1 0.0999999
v 1.7 0.2 0.0999999
v 1.7 0.3 0.0999999
v 1.7 0.4 0.0999999
v 1.8 0.1 0.0999999
v 1.8 0.2 0.0999999
v 1.8 0.3 0.0999999
v 1.19209e-07 1.5 -0.4
v 1.19209e-07 1.7 -0.4
v 0.2 1.5 -0.4
v 0.2 1.7 -0.4
v 0.5 1 -0.4
v 0.5 1.1 -0.4
v 0.6 0.8 -0.4
v 0.6 1 -0.4
v 0.6 1.1 -0.4
v 0.7 0.8 -0.4
v 0.7 1 -0.4
v 1.19209e-07 1.7 -0.5
v 1.19209e-07 1.9 -0.5
v 0.2 1.7 -0.5
v 0.2 1.9 -0.5
v 0.5 1.1 -0.5
v 0.5 1.2 -0.5
v 0.5 1.4 -0.5
v 0.6 1 -0.5
v 0.6 1.1 -0.5
v 0.6 1.2 -0.5
v 0.6 1.4 -0.5
v 0.7 1 -0.5
v 0.7 1.1 -0.5
v 0.9 0.6 -0.5
v 0.9 0.7 -0.5
v 0.9 0.8 -0.5
v 1 0.6 -0.5
v 1 0.7 -0.5
v 1 0.8 -0.5
v 1.1 0.5 -0.5
v 1.1 0.6 -0.5
v 1.1 0.7 -0.5
v 1.1 0.8 -0.5
v 1.2 0.5 -0.5
v 1.2 0.6 -0.5
v 1.3 0.3 -0.5
v 1.3 0.4 -0.5
v 1.3 0.5 -0.5
v 1.4 0.3 -0.5
v 1.4 0.4 -0.5
v 1.5 0.3 -0.5
v 1.5 0.4 -0.5
v 1.5 0.5 -0.5
v 1.6 0.3 -0.5
v 1.6 0.4 -0.5
v -1 2.4 -0.6
v -1 2.7 -0.6
v -0.9 2.6 -0.6
v -0.9 2.7 -0.6
v -0.8 2.4 -0.6
v -0.8 2.6 -0.6
v 1.19209e-07 1.9 -0.6
v 1.19209e-07 2.1 -0.6
v 0.1 1.9 -0.6
v 0.1 2 -0.6
v 0.1 2.1 -0.6
v 0.2 1.4 -0.6
v 0.2 1.5 -0.6
v 0.2 1.9 -0.6
v 0.3 1.6 -0.6
v 0.3 2 -0.6
v 0.4 1.4 -0.6
v 0.4 1.6 -0.6
v 0.5 1.4 -0.6
v 0.5 1.6 -0.6
v 0.6 1.1 -0.6
v 0.6 1.2 -0.6
v 0.6 1.3 -0.6
v 0.6 1.4 -0.6
v 0.6 1.5 -0.6
v 0.6 1.6 -0.6
v 0.7 0.7 -0.6
v 0.7 0.8 -0.6
v 0.7 0.9 -0.6
v 0.7 1.1 -0.6
v 0.7 1.3 -0.6
v 0.7 1.5 -0.6
v 0.8 0.7 -0.6
v 0.8 0.9 -0.6
v 0.9 0.8 -0.6
v 0.9 1 -0.6
v 1 0.8 -0.6
v 1.1 0.6 -0.6
v 1.1 0.7 -0.6
v 1.1 0.8 -0.6
v 1.1 0.9 -0.6
v 1.1 1 -0.6
v 1.2 0.6 -0.6
v 1.2 0.8 -0.6
v 1.2 0.9 -0.6
v 1.3 0.5 -0.6
v 1.3 0.6 -0.6
v 1.4 0.6 -0.6
v 1.4 0.7 -0.6
v 1.5 0.4 -0.6
v 1.5 0.5 -0.6
v 1.5 0.7 -0.6
v 1.6 0.4 -0.6
v 1.6 0.5 -0.6
v -1 2.7 -0.7
v -1 2.8 -0.7
v -0.9 2.6 -0.7
v -0.9 2.7 -0.7
v -0.8 2.4 -0.7
v -0.8 2.6 -0.7
v -0.8 2.7 -0.7
v -0.8 2.8 -0.7
v -0.7 2 -0.7
v -0.7 2.4 -0.7
v -0.7 2.5 -0.7
v -0.7 2.7 -0.7
v -0.6 2.3 -0.7
v -0.6 2.5 -0.7
v -0.5 2 -0.7
v -0.5 2.3 -0.7
v 1.19209e-07 2.1 -0.7
v 1.19209e-07 2.2 -0.7
v 1.19209e-07 2.3 -0.7
v 0.1 2 -0.7
v 0.1 2.1 -0.7
v 0.1 2.2 -0.7
v 0.1 2.3 -0.7
v 0.2 2.1 -0.7
v 0.2 2.2 -0.7
v 0.3 1.6 -0.7
v 0.3 1.8 -0.7
v 0.3 1.9 -0.7
v 0.3 2 -0.7
v 0.3 2.1 -0.7
v 0.4 1.1 -0.7
v 0.4 1.2 -0.7
v 0.4 1.6 -0.7
v 0.4 1.8 -0.7
v 0.4 1.9 -0.7
v 0.4 2 -0.7
v 0.5 1.1 -0.7
v 0.5 1.2 -0.7
v 0.5 1.6 -0.7
v 0.5 1.7 -0.7
v 0.6 1.5 -0.7
v 0.6 1.6 -0.7
v 0.6 1.7 -0.7
v 0.7 0.9 -0.7
v 0.7 1.1 -0.7
v 0.7 1.2 -0.7
v 0.7 1.3 -0.7
v 0.7 1.5 -0.7
v 0.7 1.6 -0.7
v 0.8 0.9 -0.7
v 0.8 1.2 -0.7
v 0.8 1.3 -0.7
v 0.8 1.5 -0.7
v 0.9 1 -0.7
v 0.9 1.1 -0.7
v 0.9 1.3 -0.7
v 1 1.2 -0.7
v 1 1.3 -0.7
v 1.1 0.9 -0.7
v 1.1 1 -0.7
v 1.1 1.1 -0.7
v 1.1 1.2 -0.7
v 1.2 0.9 -0.7
v 1.2 1 -0.7
v 1.2 1.1 -0.7
v -1 2.7 0.7
v -1 2.8 0.7
v -0.9 2.6 0.7
v -0.9 2.7 0.7
v -0.8 2.4 0.7
v -0.8 2.6 0.7
v -0.8 2.7 0.7
v -0.8 2.8 0.7
v -0.7 2 0.7
v -0.7 2.4 0.7
v -0.7 2.5 0.7
v -0.7 2.7 0.7
v -0.6 2.3 0.7
v -0.6 2.5 0.7
v -0.5 2 0.7
v -0.5 2.3 0.7
v 1.19209e-07 2.1 0.7
v 1.19209e-07 2.2 0.7
v 1.19209e-07 2.3 0.7
v 0.1 2 0.7
v 0.1 2.1 0.7
v 0.1 2.2 0.7
v 0.1 2.3 0.7
v 0.2 2.1 0.7
v 0.2 2.2 0.7
v 0.3 1.6 0.7
v 0.3 1.8 0.7
v 0.3 1.9 0.7
v 0.3 2 0.7
v 0.3 2.1 0.7
v 0.4 1.1 0.7
v 0.4 1.2 0.7
v 0.4 1.6 0.7
v 0.4 1.8 0.7
v 0.4 1.9 0.7
v 0.4 2 0.7
v 0.5 1.1 0.7
v 0.5 1.2 0.7
v 0.5 1.6 0.7
v 0.5 1.7 0.7
v 0.6 1.5 0.7
v 0.6 1.6 0.7
v 0.6 1.7 0.7
v 0.7 0.9 0.7
v 0.7 1.1 0.7
v 0.7 1.2 0.7
v 0.7 1.3 0.7
v 0.7 1.5 0.7
v 0.7 1.6 0.7
v 0.8 0.9 0.7
v 0.8 1.2 0.7
v 0.8 1.3 0.7
v 0.8 1.5 0.7
v 0.9 1 0.7
v 0.9 1.1 0.7
v 0.9 1.3 0.7
v 1 1.2 0.7
v 1 1.3 0.7
v 1.1 0.9 0.7
v 1.1 1 0.7
v 1.1 1.1 0.7
v 1.1 1.2 0.7
v 1.2 0.9 0.7
v 1.2 1 0.7
v 1.2 1.1 0.7
v -1 2.4 0.6
v -1 2.7 0.6
v -0.9 2.6 0.6
v -0.9 2.7 0.6
v -0.8 2.4 0.6
v -0.8 2.6 0.6
v 1.19209e-07 1.9 0.6
v 1.19209e-07 2.1 0.6
v 0.1 1.9 0.6
v 0.1 2 0.6
v 0.1 2.1 0.6
v 0.2 1.4 0.6
v 0.2 1.5 0.6
v 0.2 1.9 0.6
v 0.3 1.6 0.6
v 0.3 2 0.6
v 0.4 1.4 0.6
v 0.4 1.6 0.6
v 0.5 1.4 0.6
v 0.5 1.6 0.6
v 0.6 1.1 0.6
v 0.6 1.2 0.6
v 0.6 1.3 0.6
v 0.6 1.4 0.6
v 0.6 1.5 0.6
v 0.6 1.6 0.6
v 0.7 0.7 0.6
v 0.7 0.8 0.6
v 0.7 0.9 0.6
v 0.7 1.1 0.6
v 0.7 1.3 0.6
v 0.7 1.5 0.6
v 0.8 0.7 0.6
v 0.8 0.9 0.6
v 0.9 0.8 0.6
v 0.9 1 0.6
v 1 0.8 0.6
v 1.1 0.6 0.6
v 1.1 0.7 0.6
v 1.1 0.8 0.6
v 1.1 0.9 0.6
v 1.1 1 0.6
v 1.2 0.6 0.6
v 1.2 0.8 0.6
v 1.2 0.9 0.6
v 1.3 0.5 0.6
v 1.3 0.6 0.6
v 1.4 0.6 0.6
v 1.4 0.7 0.6
v 1.5 0.4 0.6
v 1.5 0.5 0.6
v 1.5 0.7 0.6
v 1.6 0.4 0.6
v 1.6 0.5 0.6
v 1.19209e-07 1.7 0.5
v 1.19209e-07 1.9 0.5
v 0.2 1.7 0.5
v 0.2 1.9 0.5
v 0.5 1.1 0.5
v 0.5 1.2 0.5
v 0.5 1.4 0.5
v 0.6 1 0.5
v 0.6 1.1 0.5
v 0.6 1.2 0.5
v 0.6 1.4 0.5
v 0.7 1 0.5
v 0.7 1.1 0.5
v 0.9 0.6 0.5
v 0.9 0.7 0.5
v 0.9 0.8 0.5
v 1 0.6 0.5
v 1 0.7 0.5
v 1 0.8 0.5
v 1.1 0.5 0.5
v 1.1 0.6 0.5
v 1.1 0.7 0.5
v 1.1 0.8 0.5
v 1.2 0.5 0.5
v 1.2 0.6 0.5
v 1.3 0.3 0.5
v 1.3 0.4 0.5
v 1.3 0.5 0.5
v 1.4 0.3 0.5
v 1.4 0.4 0.5
v 1.5 0.3 0.5
v 1.5 0.4 0.5
v 1.5 0.5 0.5
v 1.6 0.3 0.5
v 1.6 0.4 0.5
v 1.19209e-07 1.5 0.4
v 1.19209e-07 1.7 0.4
v 0.2 1.5 0.4
v 0.2 1.7 0.4
v 0.5 1 0.4
v 0.5 1.1 0.4
v 0.6 0.8 0.4
v 0.6 1 0.4
v 0.6 1.1 0.4
v 0.7 0.8 0.4
v 0.7 1 0.4
v 1.19209e-07 1.5 -0.1
v 1.19209e-07 1.6 -0.1
v 1.19209e-07 1.7 -0.1
v 0.2 1.4 -0.1
v 0.2 1.5 -0.1
v 0.2 1.6 -0.1
v 0.2 1.7 -0.1
v 0.4 1.1 -0.1
v 0.4 1.4 -0.1
v 0.4 1.5 -0.1
v 0.4 1.6 -0.1
v 0.5 1 -0.1
v 0.5 1.1 -0.1
v 0.5 1.2 -0.1
v 0.5 1.4 -0.1
v 0.5 1.5 -0.1
v 0.6 0.8 -0.1
v 0.6 1 -0.1
v 0.6 1.1 -0.1
v 0.6 1.2 -0.1
v 0.6 1.4 -0.1
v 0.7 0.7 -0.1
v 0.7 0.8 -0.1
v 0.7 1 -0.1
v 0.7 1.1 -0.1
v 0.8 0.6 -0.1
v 0.8 0.7 -0.1
v 0.8 0.8 -0.1
v 0.8 1 -0.1
v 0.9 0.6 -0.1
v 0.9 0.7 -0.1
v 0.9 0.8 -0.1
v 1.1 0.5 -0.1
v 1.1 0.6 -0.1
v 1.1 0.7 -0.1
v 1.1 0.8 -0.1
v 1.2 0.4 -0.1
v 1.2 0.5 -0.1
v 1.2 0.6 -0.1
v 1.2 0.7 -0.1
v 1.3 0.3 -0.1
v 1.3 0.4 -0.1
v 1.3 0.5 -0.1
v 1.3 0.6 -0.1
v 1.4 0.3 -0.1
v 1.4 0.4 -0.1
v 1.5 0.3 -0.1
v 1.5 0.4 -0.1
v 1.5 0.5 -0.1
v 1.6 0.2 -0.1
v 1.6 0.3 -0.1
v 1.6 0.4 -0.1
v 1.6 0.5 -0.1
v 1.7 0.1 -0.1
v 1.7 0.2 -0.1
v 1.7 0.3 -0.1
v 1.7 0.4 -0.1
v 1.8 0.1 -0.1
v 1.8 0.2 -0.1
v 1.8 0.3 -0.1
v -0.6 2.3 -0.4
v -0.6 2.4 -0.4
v -0.6 2.5 -0.4
v -0.5 2.3 -0.4
v -0.5 2.4 -0.4
v -0.4 2.4 -0.4
v -0.4 2.5 -0.4
v -0.3 1.9 -0.4
v -0.3 2.3 -0.4
v -0.3 2.4 -0.4
v -0.3 2.5 -0.4
v -0.2 2.2 -0.4
v -0.2 2.3 -0.4
v -0.2 2.4 -0.4
v -0.0999999 2 -0.4
v -0.0999999 2.2 -0.4
v -0.0999999 2.3 -0.4
v 1.19209e-07 1.9 -0.4
v 1.19209e-07 2 -0.4
v -1.2 2.4 -0.5
v -1.2 2.5 -0.5
v -0.7 2.4 -0.5
v -0.7 2.5 -0.5
v -0.6 2.4 -0.5
v -0.6 2.5 -0.5
v -1.6 2.1 -0.6
v -1.6 2.3 -0.6
v -1.4 2.3 -0.6
v -1.4 2.4 -0.6
v -1.2 2 -0.6
v -1.2 2.1 -0.6
v -1 2 -0.6
v -1 2.4 -0.6
v -0.7 2 -0.6
v -0.7 2.3 -0.6
v -0.7 2.4 -0.6
v -0.6 2.3 -0.6
v -0.6 2.4 -0.6
v -0.4 1.9 -0.6
v -0.4 2 -0.6
v -0.3 1.9 -0.6
v -0.3 2.3 -0.6
v -1.7 1 -0.7
v -1.7 1.4 -0.7
v -1.7 1.8 -0.7
v -1.7 2.1 -0.7
v -1.6 1 -0.7
v -1.6 1.4 -0.7
v -1.5 1.8 -0.7
v -1.3 1.8 -0.7
v -1.3 1.9 -0.7
v -1.2 1.8 -0.7
v -1.2 1.9 -0.7
v -1.2 2 -0.7
v -1.2 2.1 -0.7
v -1.1 1.8 -0.7
v -1.1 1.9 -0.7
v -1 1.8 -0.7
v -1 1.9 -0.7
v -1 2 -0.7
v 0.8 0.5 -0.7
v 0.8 0.6 -0.7
v 0.9 0.5 -0.7
v 0.9 0.6 -0.7
v 1.3 0.5 -0.7
v 1.3 0.6 -0.7
v 1.4 0.6 -0.7
v 1.4 0.7 -0.7
v 1.5 0.3 -0.7
v 1.5 0.5 -0.7
v 1.5 0.7 -0.7
v 1.6 0.3 -0.7
v 1.6 0.5 -0.7
v -1.7 1.4 -0.8
v -1.7 1.8 -0.8
v -1.6 0.8 -0.8
v -1.6 1.4 -0.8
v -1.6 1.6 -0.8
v -1.6 1.7 -0.8
v -1.5 0.8 -0.8
v -1.5 0.9 -0.8
v -1.5 1.6 -0.8
v -1.5 1.7 -0.8
v -1.5 1.8 -0.8
v -1.3 0.8 -0.8
v -1.3 0.9 -0.8
v -1.2 0.8 -0.8
v -1.2 0.9 -0.8
v -1.2 1.7 -0.8
v -1.2 1.8 -0.8
v -1.1 0.8 -0.8
v -1.1 0.9 -0.8
v -1 1.6 -0.8
v -1 1.8 -0.8
v -1 2.4 -0.8
v -1 2.8 -0.8
v -0.9 2.4 -0.8
v -0.9 2.5 -0.8
v -0.8 2.4 -0.8
v -0.8 2.5 -0.8
v -0.8 2.7 -0.8
v -0.8 2.8 -0.8
v -0.7 2.1 -0.8
v -0.7 2.4 -0.8
v -0.7 2.5 -0.8
v -0.7 2.7 -0.8
v -0.6 1.9 -0.8
v -0.6 2.1 -0.8
v -0.6 2.3 -0.8
v -0.6 2.5 -0.8
v -0.5 1.8 -0.8
v -0.5 1.9 -0.8
v -0.5 2 -0.8
v -0.5 2.3 -0.8
v -0.4 1.6 -0.8
v -0.4 1.8 -0.8
v -0.4 1.9 -0.8
v -0.4 2 -0.8
v -0.2 1.6 -0.8
v -0.2 1.7 -0.8
v -0.0999999 0.8 -0.8
v -0.0999999 1.6 -0.8
v 1.19209e-07 0.8 -0.8
v 1.19209e-07 1.6 -0.8
v 1.19209e-07 1.7 -0.8
v 1.19209e-07 1.9 -0.8
v 1.19209e-07 2 -0.8
v 1.19209e-07 2.1 -0.8
v 1.19209e-07 2.2 -0.8
v 1.19209e-07 2.3 -0.8
v 0.1 0.8 -0.8
v 0.1 0.9 -0.8
v 0.1 2 -0.8
v 0.1 2.1 -0.8
v 0.1 2.2 -0.8
v 0.1 2.3 -0.8
v 0.2 1.8 -0.8
v 0.2 1.9 -0.8
v 0.2 2 -0.8
v 0.2 2.1 -0.8
v 0.2 2.2 -0.8
v 0.3 1.1 -0.8
v 0.3 1.4 -0.8
v 0.3 1.5 -0.8
v 0.3 1.8 -0.8
v 0.3 1.9 -0.8
v 0.3 2 -0.8
v 0.3 2.1 -0.8
v 0.4 1 -0.8
v 0.4 1.1 -0.8
v 0.4 1.2 -0.8
v 0.4 1.5 -0.8
v 0.4 1.8 -0.8
v 0.4 1.9 -0.8
v 0.4 2 -0.8
v 0.5 1 -0.8
v 0.5 1.1 -0.8
v 0.5 1.2 -0.8
v 0.5 1.4 -0.8
v 0.5 1.5 -0.8
v 0.5 1.7 -0.8
v 0.6 1.4 -0.8
v 0.6 1.5 -0.8
v 0.6 1.6 -0.8
v 0.6 1.7 -0.8
v 0.7 1.1 -0.8
v 0.7 1.2 -0.8
v 0.7 1.3 -0.8
v 0.7 1.4 -0.8
v 0.7 1.5 -0.8
v 0.7 1.6 -0.8
v 0.8 1.1 -0.8
v 0.8 1.2 -0.8
v 0.8 1.3 -0.8
v 0.8 1.5 -0.8
v 0.9 1.1 -0.8
v 0.9 1.3 -0.8
v 1 1.2 -0.8
v 1 1.3 -0.8
v 1.1 0.8 -0.8
v 1.1 0.9 -0.8
v 1.1 1 -0.8
v 1.1 1.1 -0.8
v 1.1 1.2 -0.8
v 1.2 0.8 -0.8
v 1.2 1 -0.8
v 1.2 1.1 -0.8
v 1.3 0.3 -0.8
v 1.3 0.4 -0.8
v 1.3 0.5 -0.8
v 1.4 0.2 -0.8
v 1.4 0.3 -0.8
v 1.5 0.2 -0.8
v 1.5 0.3 -0.8
v 1.5 0.5 -0.8
v 1.6 0.2 -0.8
v 1.6 0.3 -0.8
v -1.5 0.9 -0.9
v -1.5 1.6 -0.9
v -1.3 0.9 -0.9
v -1.3 1 -0.9
v -1.2 0.9 -0.9
v -1.2 1 -0.9
v -1.2 1.1 -0.9
v -1 1 -0.9
v -1 1.1 -0.9
v -1 1.2 -0.9
v -1 1.6 -0.9
v -1 2.1 -0.9
v -1 2.4 -0.9
v -0.9 2.1 -0.9
v -0.9 2.3 -0.9
v -0.8 1.1 -0.9
v -0.8 1.2 -0.9
v -0.8 1.3 -0.9
v -0.8 2.3 -0.9
v -0.8 2.4 -0.9
v -0.7 1.2 -0.9
v -0.7 1.3 -0.9
v -0.7 1.4 -0.9
v -0.7 2.1 -0.9
v -0.7 2.4 -0.9
v -0.6 1.3 -0.9
v -0.6 1.4 -0.9
v -0.6 1.5 -0.9
v -0.6 1.9 -0.9
v -0.6 2.1 -0.9
v -0.5 1.8 -0.9
v -0.5 1.9 -0.9
v -0.4 1.4 -0.9
v -0.4 1.5 -0.9
v -0.4 1.6 -0.9
v -0.4 1.8 -0.9
v -0.0999999 1.5 -0.9
v -0.0999999 1.6 -0.9
v 1.19209e-07 1.4 -0.9
v 1.19209e-07 1.6 -0.9
v 1.19209e-07 1.9 -0.9
v 1.19209e-07 2 -0.9
v 0.1 0.8 -0.9
v 0.1 0.9 -0.9
v 0.1 1.6 -0.9
v 0.1 1.9 -0.9
v 0.1 2 -0.9
v 0.2 0.8 -0.9
v 0.2 0.9 -0.9
v 0.2 1 -0.9
v 0.2 1.8 -0.9
v 0.2 1.9 -0.9
v 0.2 2 -0.9
v 0.3 1 -0.9
v 0.3 1.1 -0.9
v 0.3 1.4 -0.9
v 0.3 1.8 -0.9
v 0.4 0.9 -0.9
v 0.4 1 -0.9
v 0.4 1.1 -0.9
v 0.5 0.8 -0.9
v 0.5 1 -0.9
v 0.5 1.2 -0.9
v 0.5 1.4 -0.9
v 0.6 0.9 -0.9
v 0.6 1.1 -0.9
v 0.6 1.2 -0.9
v 0.6 1.3 -0.9
v 0.7 1.1 -0.9
v 0.7 1.3 -0.9
v 0.7 1.4 -0.9
v 0.8 0.9 -0.9
v 0.8 1.1 -0.9
v 0.9 0.8 -0.9
v 0.9 0.9 -0.9
v 0.9 1.1 -0.9
v 1 0.7 -0.9
v 1 0.8 -0.9
v 1.1 0.5 -0.9
v 1.1 0.7 -0.9
v 1.1 0.8 -0.9
v 1.1 0.9 -0.9
v 1.1 1.1 -0.9
v 1.2 0.5 -0.9
v 1.2 0.7 -0.9
v 1.2 0.8 -0.9
v 1.3 0.2 -0.9
v 1.3 0.3 -0.9
v 1.4 0.2 -0.9
v 1.4 0.3 -0.9
v -1.5 0.7 -1
v -1.5 0.8 -1
v -1.4 0.7 -1
v -1.4 0.8 -1
v -0.4 0.7 -1
v -0.2 0.7 -1
v -0.2 0.8 -1
v -0.0999999 0.7 -1
v 1.19209e-07 0.7 -1
v 1.19209e-07 0.8 -1
v 0.5 0.7 -1
v 0.5 0.8 -1
v 0.5 1.1 -1
v 0.5 1.2 -1
v 0.6 0.9 -1
v 0.6 1.1 -1
v 0.6 1.2 -1
v 0.7 0.7 -1
v 0.7 0.8 -1
v 0.8 0.7 -1
v 0.8 0.9 -1
v 0.9 0.6 -1
v 0.9 0.7 -1
v 0.9 0.8 -1
v 1 0.5 -1
v 1 0.6 -1
v 1 0.7 -1
v 1 0.8 -1
v 1.1 0.5 -1
v 1.1 0.7 -1
v -1.5 0.6 -1.1
v -1.5 0.7 -1.1
v -0.5 0.6 -1.1
v -0.4 0.6 -1.1
v -0.4 0.7 -1.1
v -0.3 0.6 -1.1
v -0.0999999 0.6 -1.1
v -0.0999999 0.7 -1.1
v 0.5 0.6 -1.1
v 0.5 0.7 -1.1
v 0.5 0.8 -1.1
v 0.6 0.5 -1.1
v 0.6 0.6 -1.1
v 0.7 0.5 -1.1
v 0.7 0.6 -1.1
v 0.7 0.7 -1.1
v 0.7 0.8 -1.1
v 0.8 0.5 -1.1
v 0.8 0.6 -1.1
v 0.8 0.7 -1.1
v 0.9 0.5 -1.1
v 0.9 0.6 -1.1
v 1 0.5 -1.1
v 1 0.6 -1.1
v -1.5 0.4 -1.2
v -1.5 0.6 -1.2
v -1.4 0.4 -1.2
v -0.7 0.4 -1.2
v -0.7 0.5 -1.2
v -0.6 0.4 -1.2
v -0.5 0.4 -1.2
v -0.5 0.5 -1.2
v -0.5 0.6 -1.2
v -0.3 0.5 -1.2
v -0.3 0.6 -1.2
v 0.2 0.4 -1.2
v 0.3 0.4 -1.2
v 0.3 0.5 -1.2
v 0.4 0.4 -1.2
v 0.5 0.4 -1.2
v 0.5 0.5 -1.2
v 0.5 0.6 -1.2
v 0.6 0.5 -1.2
v 0.6 0.6 -1.2
v 1.2 0.4 -1.2
v 1.2 0.5 -1.2
v 1.3 0.1 -1.2
v 1.3 0.2 -1.2
v 1.5 0.1 -1.2
v 1.5 0.2 -1.2
v 1.6 0.1 -1.2
v 1.6 0.2 -1.2
v 1.7 0.1 -1.2
v 1.7 0.2 -1.2
v -1.4 0.2 -1.3
v -1.4 0.3 -1.3
v -1.4 0.4 -1.3
v -1.2 0.2 -1.3
v -1.2 0.3 -1.3
v -1.1 0.3 -1.3
v -1 0.3 -1.3
v -1 0.4 -1.3
v -0.2 0.3 -1.3
v -0.2 0.4 -1.3
v 0.1 0.2 -1.3
v 0.1 0.3 -1.3
v 0.2 0.2 -1.3
v 0.2 0.3 -1.3
v 0.2 0.4 -1.3
v 0.4 0.2 -1.3
v 0.4 0.3 -1.3
v 0.4 0.4 -1.3
v 1.2 0.2 -1.3
v 1.2 0.3 -1.3
v 1.3 0.2 -1.3
v 1.3 0.3 -1.3
v 1.3 0.4 -1.3
v -1.4 0 -1.4
v -1.4 0.2 -1.4
v -1.3 0 -1.4
v -1.3 0.2 -1.4
v -1.2 0.2 -1.4
v -1.2 0.3 -1.4
v -1.1 0.2 -1.4
v -1.1 0.3 -1.4
v -1 0.2 -1.4
v -1 0.3 -1.4
v -1 0.4 -1.4
v -0.9 0.3 -1.4
v -0.9 0.4 -1.4
v -0.7 0.3 -1.4
v -0.7 0.4 -1.4
v -0.4 0.2 -1.4
v -0.4 0.3 -1.4
v -0.2 0.2 -1.4
v -0.2 0.3 -1.4
v -0.2 0.4 -1.4
v -0.0999999 0.2 -1.4
v 0.1 0.2 -1.4
v 0.1 0.3 -1.4
v 0.5 0.1 -1.4
v 0.5 0.2 -1.4
v 1.2 0.1 -1.4
v 1.2 0.2 -1.4
v 1.3 0.1 -1.4
v 1.3 0.2 -1.4
v 1.5 0 -1.4
v 1.5 0.1 -1.4
v 1.8 0 -1.4
v 1.8 0.1 -1.4
v -1.3 0.1 -1.5
v -1.3 0.2 -1.5
v -1.2 0.1 -1.5
v -1.1 0.1 -1.5
v -1.1 0.2 -1.5
v -0.2 0.1 -1.5
v -0.2 0.2 -1.5
v -0.0999999 0.1 -1.5
v -0.0999999 0.2 -1.5
v 0.5 0.1 -1.5
v 0.5 0.2 -1.5
v -1 0.2 -1.6
v -1 0.3 -1.6
v -0.9 0.2 -1.6
v -0.9 0.3 -1.6
v -0.5 0.2 -1.6
v -0.4 0.2 -1.6
v -0.4 0.3 -1.6
v 0.6 0 -1.6
v 0.6 0.1 -1.6
v 1.1 0 -1.6
v 1.1 0.1 -1.6
v 1.3 0 -1.6
v 1.3 0.1 -1.6
v 1.5 0 -1.6
v 1.5 0.1 -1.6
v -1.1 0.1 -1.7
v -1.1 0.2 -1.7
v -1 0.1 -1.7
v -1 0.2 -1.7
v -0.7 0.1 -1.7
v -0.5 0.1 -1.7
v -0.5 0.2 -1.7
v -0.4 0.1 -1.7
v -0.2 0.1 -1.7
v -0.2 0.2 -1.7
v 0.1 0 -1.7
v 0.1 0.1 -1.7
v 0.6 0 -1.7
v 0.6 0.1 -1.7
v -1.3 0 -1.8
v -1.3 0.1 -1.8
v -0.7 0 -1.8
v -0.7 0.1 -1.8
v -0.4 0 -1.8
v -0.4 0.1 -1.8
v 0.1 0 -1.8
v 0.1 0.1 -1.8
v -1.3 0 1.8
v -0.7 0 1.8
v -0.4 0 1.8
v 0.1 0 1.8
v -1.3 0 1.7
v -1.2 0 1.7
v -0.7 0 1.7
v -0.4 0 1.7
v 0.1 0 1.7
v 0.6 0 1.7
v 0.6 0 1.6
v 1.1 0 1.6
v 1.3 0 1.6
v 1.5 0 1.6
v -1.3 0 1.5
v -1.2 0 1.5
v -1 0 1.5
v -0.4 0 1.5
v 1.1 0 1.5
v 1.2 0 1.5
v -1.4 0 1.4
v -1.3 0 1.4
v -1.1 0 1.4
v -1 0 1.4
v -0.4 0 1.4
v -0.2 0 1.4
v 1.2 0 1.4
v 1.3 0 1.4
v 1.5 0 1.4
v 1.8 0 1.4
v -1.2 0 1.3
v -1.1 0 1.3
v -0.2 0 1.3
v 0.4 0 1.3
v 0.4 0 1.2
v 1.5 0 1.2
v 1.5 0 1.1
v 1.6 0 1.1
v 1.6 0 0.8
v 1.7 0 0.8
v 1.6 0 0.7
v 1.7 0 0.7
v -1.4 0 0.0999999
v -1.3 0 0.0999999
v -1.4 0 -0.1
v -1.3 0 -0.1
v 1.6 0 -0.7
v 1.7 0 -0.7
v 1.6 0 -0.8
v 1.7 0 -0.8
v 1.5 0 -1.1
v 1.6 0 -1.1
v 0.4 0 -1.2
v 1.5 0 -1.2
v -1.2 0 -1.3
v -1.1 0 -1.3
v -0.2 0 -1.3
v 0.4 0 -1.3
v -1.4 0 -1.4
v -1.3 0 -1.4
v -1.1 0 -1.4
v -1 0 -1.4
v -0.4 0 -1.4
v -0.2 0 -1.4
v 1.2 0 -1.4
v 1.3 0 -1.4
v 1.5 0 -1.4
v 1.8 0 -1.4
v -1.3 0 -1.5
v -1.2 0 -1.5
v -1 0 -1.5
v -0.4 0 -1.5
v 1.1 0 -1.5
v 1.2 0 -1.5
v 0.6 0 -1.6
v 1.1 0 -1.6
v 1.3 0 -1.6
v 1.5 0 -1.6
v -1.3 0 -1.7
v -1.2 0 -1.7
v -0.7 0 -1.7
v -0.4 0 -1.7
v 0.1 0 -1.7
v 0.6 0 -1.7
v -1.3 0 -1.8
v -0.7 0 -1.8
v -0.4 0 -1.8
v 0.1 0 -1.8
v -1.5 0.4 1.2
v -1.4 0.4 1.2
v -1.5 0.4 0.6
v -1.4 0.4 0.6
v -1.5 0.4 0.5
v -1.4 0.4 0.5
v -1.4 0.4 0.4
v -1.4 0.4 0.3
v -1.4 0.4 -0.3
v -1.4 0.4 -0.4
v -1.5 0.4 -0.5
v -1.4 0.4 -0.5
v -1.5 0.4 -0.6
v -1.4 0.4 -0.6
v -1.5 0.4 -1.2
v -1.4 0.4 -1.2
v -1.6 0.8 0.8
v -1.5 0.8 0.8
v -1.6 0.8 -0.8
v -1.5 0.8 -0.8
v -1.5 0.9 0.9
v -1.3 0.9 0.9
v -1.2 0.9 0.9
v 0.1 0.9 0.9
v -1.5 0.9 0.8
v -1.3 0.9 0.8
v -1.2 0.9 0.8
v -1.1 0.9 0.8
v 0.1 0.9 0.8
v -1.5 0.9 -0.8
v -1.3 0.9 -0.8
v -1.2 0.9 -0.8
v -1.1 0.9 -0.8
v 0.1 0.9 -0.8
v -1.5 0.9 -0.9
v -1.3 0.9 -0.9
v -1.2 0.9 -0.9
v 0.1 0.9 -0.9
v -1.7 1 0.7
v -1.6 1 0.7
v -1.7 1 -0.7
v -1.6 1 -0.7
v -1.7 1.4 0.8
v -1.6 1.4 0.8
v -1.7 1.4 0.7
v -1.6 1.4 0.7
v -1.7 1.4 -0.7
v -1.6 1.4 -0.7
v -1.7 1.4 -0.8
v -1.6 1.4 -0.8
v -1.3 0.1 1.8
v -0.7 0.1 1.8
v -0.4 0.1 1.8
v 0.1 0.1 1.8
v -1.3 0.1 1.7
v -1.2 0.1 1.7
v -1.1 0.1 1.7
v -1 0.1 1.7
v -0.7 0.1 1.7
v -0.5 0.1 1.7
v -0.4 0.1 1.7
v -0.2 0.1 1.7
v 0.1 0.1 1.7
v 0.6 0.1 1.7
v 0.6 0.1 1.6
v 1.1 0.1 1.6
v 1.3 0.1 1.6
v 1.5 0.1 1.6
v -1.3 0.1 1.5
v -1.2 0.1 1.5
v -1.1 0.1 1.5
v -0.2 0.1 1.5
v -0.0999999 0.1 1.5
v 0.5 0.1 1.5
v 1.1 0.1 1.5
v 1.2 0.1 1.5
v 0.5 0.1 1.4
v 1.2 0.1 1.4
v 1.3 0.1 1.4
v 1.5 0.1 1.4
v 1.8 0.1 1.4
v 1.3 0.1 1.2
v 1.5 0.1 1.2
v 1.6 0.1 1.2
v 1.7 0.1 1.2
v 1.7 0.1 0.9
v 1.7 0.1 0.6
v 1.7 0.1 0.3
v 1.7 0.1 0.0999999
v 1.8 0.1 0.0999999
v 1.7 0.1 -0.1
v 1.8 0.1 -0.1
v 1.7 0.1 -0.3
v 1.7 0.1 -0.6
v 1.7 0.1 -0.9
v 1.3 0.1 -1.2
v 1.5 0.1 -1.2
v 1.6 0.1 -1.2
v 1.7 0.1 -1.2
v 0.5 0.1 -1.4
v 1.2 0.1 -1.4
v 1.3 0.1 -1.4
v 1.5 0.1 -1.4
v 1.8 0.1 -1.4
v -1.3 0.1 -1.5
v -1.2 0.1 -1.5
v -1.1 0.1 -1.5
v -0.2 0.1 -1.5
v -0.0999999 0.1 -1.5
v 0.5 0.1 -1.5
v 1.1 0.1 -1.5
v 1.2 0.1 -1.5
v 0.6 0.1 -1.6
v 1.1 0.1 -1.6
v 1.3 0.1 -1.6
v 1.5 0.1 -1.6
v -1.3 0.1 -1.7
v -1.2 0.1 -1.7
v -1.1 0.1 -1.7
v -1 0.1 -1.7
v -0.7 0.1 -1.7
v -0.5 0.1 -1.7
v -0.4 0.1 -1.7
v -0.2 0.1 -1.7
v 0.1 0.1 -1.7
v 0.6 0.1 -1.7
v -1.3 0.1 -1.8
v -0.7 0.1 -1.8
v -0.4 0.1 -1.8
v 0.1 0.1 -1.8
v -1.1 0.2 1.7
v -1 0.2 1.7
v -0.5 0.2 1.7
v -0.2 0.2 1.7
v -1 0.2 1.6
v -0.9 0.2 1.6
v -0.5 0.2 1.6
v -0.4 0.2 1.6
v -0.3 0.2 1.6
v -1.3 0.2 1.5
v -1.1 0.2 1.5
v -1 0.2 1.5
v -0.4 0.2 1.5
v -0.3 0.2 1.5
v -0.2 0.2 1.5
v -0.0999999 0.2 1.5
v 0.5 0.2 1.5
v -1.4 0.2 1.4
v -1.3 0.2 1.4
v -1.2 0.2 1.4
v -1.1 0.2 1.4
v -1 0.2 1.4
v -0.4 0.2 1.4
v -0.2 0.2 1.4
v -0.0999999 0.2 1.4
v 0.1 0.2 1.4
v 0.5 0.2 1.4
v 1.2 0.2 1.4
v 1.3 0.2 1.4
v -1.4 0.2 1.3
v -1.2 0.2 1.3
v 0.1 0.2 1.3
v 0.2 0.2 1.3
v 0.4 0.2 1.3
v 1.2 0.2 1.3
v 1.3 0.2 1.3
v 1.3 0.2 1.2
v 1.5 0.2 1.2
v 1.6 0.2 1.2
v 1.7 0.2 1.2
v 1.3 0.2 1
v 1.4 0.2 1
v 1.3 0.2 0.9
v 1.4 0.2 0.9
v 1.6 0.2 0.9
v 1.7 0.2 0.9
v 1.4 0.2 0.8
v 1.5 0.2 0.8
v 1.6 0.2 0.8
v 1.6 0.2 0.7
v 1.6 0.2 0.6
v 1.7 0.2 0.6
v 1.6 0.2 0.3
v 1.7 0.2 0.3
v 1.6 0.2 0.0999999
v 1.7 0.2 0.0999999
v 1.6 0.2 -0.1
v 1.7 0.2 -0.1
v 1.6 0.2 -0.3
v 1.7 0.2 -0.3
v 1.6 0.2 -0.6
v 1.7 0.2 -0.6
v 1.6 0.2 -0.7
v 1.4 0.2 -0.8
v 1.5 0.2 -0.8
v 1.6 0.2 -0.8
v 1.3 0.2 -0.9
v 1.4 0.2 -0.9
v 1.6 0.2 -0.9
v 1.7 0.2 -0.9
v 1.3 0.2 -1
v 1.4 0.2 -1
v 1.3 0.2 -1.2
v 1.5 0.2 -1.2
v 1.6 0.2 -1.2
v 1.7 0.2 -1.2
v -1.4 0.2 -1.3
v -1.2 0.2 -1.3
v 0.1 0.2 -1.3
v 0.2 0.2 -1.3
v 0.4 0.2 -1.3
v 1.2 0.2 -1.3
v 1.3 0.2 -1.3
v -1.4 0.2 -1.4
v -1.3 0.2 -1.4
v -1.2 0.2 -1.4
v -1.1 0.2 -1.4
v -1 0.2 -1.4
v -0.4 0.2 -1.4
v -0.2 0.2 -1.4
v -0.0999999 0.2 -1.4
v 0.1 0.2 -1.4
v 0.5 0.2 -1.4
v 1.2 0.2 -1.4
v 1.3 0.2 -1.4
v -1.3 0.2 -1.5
v -1.1 0.2 -1.5
v -1 0.2 -1.5
v -0.4 0.2 -1.5
v -0.3 0.2 -1.5
v -0.2 0.2 -1.5
v -0.0999999 0.2 -1.5
v 0.5 0.2 -1.5
v -1 0.2 -1.6
v -0.9 0.2 -1.6
v -0.5 0.2 -1.6
v -0.4 0.2 -1.6
v -0.3 0.2 -1.6
v -1.1 0.2 -1.7
v -1 0.2 -1.7
v -0.5 0.2 -1.7
v -0.2 0.2 -1.7
v -1 0.3 1.6
v -0.9 0.3 1.6
v -0.4 0.3 1.6
v -0.9 0.3 1.5
v -0.4 0.3 1.5
v -1.2 0.3 1.4
v -1.1 0.3 1.4
v -1 0.3 1.4
v -0.9 0.3 1.4
v -0.7 0.3 1.4
v -0.4 0.3 1.4
v -0.2 0.3 1.4
v 0.1 0.3 1.4
v -1.2 0.3 1.3
v -1.1 0.3 1.3
v -1 0.3 1.3
v -0.2 0.3 1.3
v 0.1 0.3 1.3
v 1.3 0.3 0.9
v 1.4 0.3 0.9
v 1.3 0.3 0.8
v 1.4 0.3 0.8
v 1.5 0.3 0.8
v 1.6 0.3 0.8
v 1.5 0.3 0.7
v 1.6 0.3 0.7
v 1.3 0.3 0.5
v 1.4 0.3 0.5
v 1.5 0.3 0.5
v 1.6 0.3 0.5
v 1.3 0.3 0.0999999
v 1.4 0.3 0.0999999
v 1.5 0.3 0.0999999
v 1.6 0.3 0.0999999
v 1.7 0.3 0.0999999
v 1.8 0.3 0.0999999
v 1.3 0.3 -0.1
v 1.4 0.3 -0.1
v 1.5 0.3 -0.1
v 1.6 0.3 -0.1
v 1.7 0.3 -0.1
v 1.8 0.3 -0.1
v 1.3 0.3 -0.5
v 1.4 0.3 -0.5
v 1.5 0.3 -0.5
v 1.6 0.3 -0.5
v 1.5 0.3 -0.7
v 1.6 0.3 -0.7
v 1.3 0.3 -0.8
v 1.4 0.3 -0.8
v 1.5 0.3 -0.8
v 1.6 0.3 -0.8
v 1.3 0.3 -0.9
v 1.4 0.3 -0.9
v -1.2 0.3 -1.3
v -1.1 0.3 -1.3
v -1 0.3 -1.3
v -0.2 0.3 -1.3
v 0.1 0.3 -1.3
v -1.2 0.3 -1.4
v -1.1 0.3 -1.4
v -1 0.3 -1.4
v -0.9 0.3 -1.4
v -0.7 0.3 -1.4
v -0.4 0.3 -1.4
v -0.2 0.3 -1.4
v 0.1 0.3 -1.4
v -0.9 0.3 -1.5
v -0.4 0.3 -1.5
v -1 0.3 -1.6
v -0.9 0.3 -1.6
v -0.4 0.3 -1.6
v -1 0.4 1.4
v -0.9 0.4 1.4
v -0.7 0.4 1.4
v -0.2 0.4 1.4
v -1.4 0.4 1.3
v -1 0.4 1.3
v -0.9 0.4 1.3
v -0.7 0.4 1.3
v -0.6 0.4 1.3
v -0.2 0.4 1.3
v 0.2 0.4 1.3
v 0.4 0.4 1.3
v 1.3 0.4 1.3
v -1.4 0.4 1.2
v -0.7 0.4 1.2
v -0.6 0.4 1.2
v -0.5 0.4 1.2
v 0.2 0.4 1.2
v 0.3 0.4 1.2
v 0.4 0.4 1.2
v 0.5 0.4 1.2
v 1.2 0.4 1.2
v 1.3 0.4 0.8
v 1.5 0.4 0.6
v 1.6 0.4 0.6
v 1.3 0.4 0.5
v 1.5 0.4 0.5
v 1.6 0.4 0.5
v 1.2 0.4 0.0999999
v 1.3 0.4 0.0999999
v 1.6 0.4 0.0999999
v 1.7 0.4 0.0999999
v 1.2 0.4 -0.1
v 1.3 0.4 -0.1
v 1.6 0.4 -0.1
v 1.7 0.4 -0.1
v 1.3 0.4 -0.5
v 1.5 0.4 -0.5
v 1.6 0.4 -0.5
v 1.5 0.4 -0.6
v 1.6 0.4 -0.6
v 1.3 0.4 -0.8
v -1.4 0.4 -1.2
v -0.7 0.4 -1.2
v -0.6 0.4 -1.2
v -0.5 0.4 -1.2
v 0.2 0.4 -1.2
v 0.3 0.4 -1.2
v 0.4 0.4 -1.2
v 0.5 0.4 -1.2
v 1.2 0.4 -1.2
v -1.4 0.4 -1.3
v -1 0.4 -1.3
v -0.9 0.4 -1.3
v -0.7 0.4 -1.3
v -0.6 0.4 -1.3
v -0.2 0.4 -1.3
v 0.2 0.4 -1.3
v 0.4 0.4 -1.3
v 1.3 0.4 -1.3
v -1 0.4 -1.4
v -0.9 0.4 -1.4
v -0.7 0.4 -1.4
v -0.2 0.4 -1.4
v 0.6 0.5 1.2
v 1.2 0.5 1.2
v 0.6 0.5 1.1
v 0.7 0.5 1.1
v 0.8 0.5 1.1
v 0.9 0.5 1.1
v 1 0.5 1.1
v 1 0.5 1
v 1.1 0.5 1
v 1.1 0.5 0.9
v 1.2 0.5 0.9
v 1.3 0.5 0.8
v 1.5 0.5 0.8
v 0.8 0.5 0.7
v 0.9 0.5 0.7
v 1.3 0.5 0.7
v 1.5 0.5 0.7
v 1.6 0.5 0.7
v 1.3 0.5 0.6
v 1.5 0.5 0.6
v 1.6 0.5 0.6
v 1.1 0.5 0.5
v 1.2 0.5 0.5
v 1.3 0.5 0.5
v 1.5 0.5 0.5
v 1.1 0.5 0.0999999
v 1.2 0.5 0.0999999
v 1.3 0.5 0.0999999
v 1.5 0.5 0.0999999
v 1.6 0.5 0.0999999
v 1.1 0.5 -0.1
v 1.2 0.5 -0.1
v 1.3 0.5 -0.1
v 1.5 0.5 -0.1
v 1.6 0.5 -0.1
v 1.1 0.5 -0.5
v 1.2 0.5 -0.5
v 1.3 0.5 -0.5
v 1.5 0.5 -0.5
v 1.3 0.5 -0.6
v 1.5 0.5 -0.6
v 1.6 0.5 -0.6
v 0.8 0.5 -0.7
v 0.9 0.5 -0.7
v 1.3 0.5 -0.7
v 1.5 0.5 -0.7
v 1.6 0.5 -0.7
v 1.3 0.5 -0.8
v 1.5 0.5 -0.8
v 1.1 0.5 -0.9
v 1.2 0.5 -0.9
v 1 0.5 -1
v 1.1 0.5 -1
v 0.6 0.5 -1.1
v 0.7 0.5 -1.1
v 0.8 0.5 -1.1
v 0.9 0.5 -1.1
v 1 0.5 -1.1
v 0.6 0.5 -1.2
v 1.2 0.5 -1.2
v -1.5 0.6 1.2
v -0.5 0.6 1.2
v -0.3 0.6 1.2
v 0.5 0.6 1.2
v 0.6 0.6 1.2
v -1.5 0.6 1.1
v -0.5 0.6 1.1
v -0.4 0.6 1.1
v -0.3 0.6 1.1
v -0.0999999 0.6 1.1
v 0.5 0.6 1.1
v 0.6 0.6 1.1
v 0.9 0.6 1.1
v 1 0.6 1.1
v 0.9 0.6 1
v 1 0.6 1
v 0.8 0.6 0.7
v 0.9 0.6 0.7
v 1.3 0.6 0.7
v 1.4 0.6 0.7
v 0.8 0.6 0.6
v 0.9 0.6 0.6
v 1.1 0.6 0.6
v 1.2 0.6 0.6
v 1.3 0.6 0.6
v 1.4 0.6 0.6
v 0.9 0.6 0.5
v 1 0.6 0.5
v 1.1 0.6 0.5
v 1.2 0.6 0.5
v 0.8 0.6 0.4
v 0.8 0.6 0.3
v 0.9 0.6 0.3
v 0.8 0.6 0.0999999
v 0.9 0.6 0.0999999
v 1.1 0.6 0.0999999
v 1.2 0.6 0.0999999
v 1.3 0.6 0.0999999
v 0.8 0.6 -0.1
v 0.9 0.6 -0.1
v 1.1 0.6 -0.1
v 1.2 0.6 -0.1
v 1.3 0.6 -0.1
v 0.8 0.6 -0.3
v 0.9 0.6 -0.3
v 0.8 0.6 -0.4
v 0.9 0.6 -0.5
v 1 0.6 -0.5
v 1.1 0.6 -0.5
v 1.2 0.6 -0.5
v 0.8 0.6 -0.6
v 0.9 0.6 -0.6
v 1.1 0.6 -0.6
v 1.2 0.6 -0.6
v 1.3 0.6 -0.6
v 1.4 0.6 -0.6
v 0.8 0.6 -0.7
v 0.9 0.6 -0.7
v 1.3 0.6 -0.7
v 1.4 0.6 -0.7
v 0.9 0.6 -1
v 1 0.6 -1
v -1.5 0.6 -1.1
v -0.5 0.6 -1.1
v -0.4 0.6 -1.1
v -0.3 0.6 -1.1
v -0.0999999 0.6 -1.1
v 0.5 0.6 -1.1
v 0.6 0.6 -1.1
v 0.9 0.6 -1.1
v 1 0.6 -1.1
v -1.5 0.6 -1.2
v -0.5 0.6 -1.2
v -0.3 0.6 -1.2
v 0.5 0.6 -1.2
v 0.6 0.6 -1.2
v -1.5 0.7 1.1
v -0.4 0.7 1.1
v -0.0999999 0.7 1.1
v 0.5 0.7 1.1
v 0.7 0.7 1.1
v 0.8 0.7 1.1
v -1.5 0.7 1
v -1.4 0.7 1
v -0.4 0.7 1
v -0.2 0.7 1
v -0.0999999 0.7 1
v 1.19209e-07 0.7 1
v 0.5 0.7 1
v 0.7 0.7 1
v 0.8 0.7 1
v 1 0.7 1
v 1.1 0.7 1
v 1 0.7 0.9
v 1.1 0.7 0.9
v 1.4 0.7 0.7
v 1.5 0.7 0.7
v 0.7 0.7 0.6
v 0.8 0.7 0.6
v 1.4 0.7 0.6
v 1.5 0.7 0.6
v 0.7 0.7 0.4
v 0.8 0.7 0.4
v 0.7 0.7 0.0999999
v 0.8 0.7 0.0999999
v 1.1 0.7 0.0999999
v 1.2 0.7 0.0999999
v 0.7 0.7 -0.1
v 0.8 0.7 -0.1
v 1.1 0.7 -0.1
v 1.2 0.7 -0.1
v 0.7 0.7 -0.4
v 0.8 0.7 -0.4
v 0.7 0.7 -0.6
v 0.8 0.7 -0.6
v 1.4 0.7 -0.6
v 1.5 0.7 -0.6
v 1.4 0.7 -0.7
v 1.5 0.7 -0.7
v 1 0.7 -0.9
v 1.1 0.7 -0.9
v -1.5 0.7 -1
v -1.4 0.7 -1
v -0.4 0.7 -1
v -0.2 0.7 -1
v -0.0999999 0.7 -1
v 1.19209e-07 0.7 -1
v 0.5 0.7 -1
v 0.7 0.7 -1
v 0.8 0.7 -1
v 1 0.7 -1
v 1.1 0.7 -1
v -1.5 0.7 -1.1
v -0.4 0.7 -1.1
v -0.0999999 0.7 -1.1
v 0.5 0.7 -1.1
v 0.7 0.7 -1.1
v 0.8 0.7 -1.1
v 0.5 0.8 1.1
v 0.7 0.8 1.1
v -1.5 0.8 1
v -1.4 0.8 1
v -0.2 0.8 1
v 1.19209e-07 0.8 1
v 0.5 0.8 1
v 0.7 0.8 1
v 0.9 0.8 1
v 1 0.8 1
v -1.4 0.8 0.9
v -1.2 0.8 0.9
v -0.2 0.8 0.9
v -0.0999999 0.8 0.9
v 0.1 0.8 0.9
v 0.2 0.8 0.9
v 0.5 0.8 0.9
v 0.9 0.8 0.9
v 1 0.8 0.9
v 1.1 0.8 0.9
v 1.2 0.8 0.9
v -1.5 0.8 0.8
v -1.3 0.8 0.8
v -1.2 0.8 0.8
v -1.1 0.8 0.8
v -0.0999999 0.8 0.8
v 1.19209e-07 0.8 0.8
v 0.1 0.8 0.8
v 1.1 0.8 0.8
v 1.2 0.8 0.8
v 0.9 0.8 0.6
v 1 0.8 0.6
v 1.1 0.8 0.6
v 0.9 0.8 0.5
v 1 0.8 0.5
v 1.1 0.8 0.5
v 0.6 0.8 0.4
v 0.7 0.8 0.4
v 0.6 0.8 0.0999999
v 0.7 0.8 0.0999999
v 0.8 0.8 0.0999999
v 0.9 0.8 0.0999999
v 1.1 0.8 0.0999999
v 0.6 0.8 -0.1
v 0.7 0.8 -0.1
v 0.8 0.8 -0.1
v 0.9 0.8 -0.1
v 1.1 0.8 -0.1
v 0.6 0.8 -0.4
v 0.7 0.8 -0.4
v 0.9 0.8 -0.5
v 1 0.8 -0.5
v 1.1 0.8 -0.5
v 0.9 0.8 -0.6
v 1 0.8 -0.6
v 1.1 0.8 -0.6
v -1.5 0.8 -0.8
v -1.3 0.8 -0.8
v -1.2 0.8 -0.8
v -1.1 0.8 -0.8
v -0.0999999 0.8 -0.8
v 1.19209e-07 0.8 -0.8
v 0.1 0.8 -0.8
v 1.1 0.8 -0.8
v 1.2 0.8 -0.8
v -1.4 0.8 -0.9
v -1.2 0.8 -0.9
v -0.2 0.8 -0.9
v -0.0999999 0.8 -0.9
v 0.1 0.8 -0.9
v 0.2 0.8 -0.9
v 0.5 0.8 -0.9
v 0.9 0.8 -0.9
v 1 0.8 -0.9
v 1.1 0.8 -0.9
v 1.2 0.8 -0.9
v -1.5 0.8 -1
v -1.4 0.8 -1
v -0.2 0.8 -1
v 1.19209e-07 0.8 -1
v 0.5 0.8 -1
v 0.7 0.8 -1
v 0.9 0.8 -1
v 1 0.8 -1
v 0.5 0.8 -1.1
v 0.7 0.8 -1.1
v 0.6 0.9 1
v 0.8 0.9 1
v 0.6 0.9 0.9
v 0.8 0.9 0.9
v 0.7 0.9 0.7
v 0.8 0.9 0.7
v 1.1 0.9 0.7
v 1.2 0.9 0.7
v 0.7 0.9 0.6
v 0.8 0.9 0.6
v 1.1 0.9 0.6
v 1.2 0.9 0.6
v 0.7 0.9 -0.6
v 0.8 0.9 -0.6
v 1.1 0.9 -0.6
v 1.2 0.9 -0.6
v 0.7 0.9 -0.7
v 0.8 0.9 -0.7
v 1.1 0.9 -0.7
v 1.2 0.9 -0.7
v 0.6 0.9 -0.9
v 0.8 0.9 -0.9
v 0.6 0.9 -1
v 0.8 0.9 -1
v 0.4 1 0.9
v 0.5 1 0.9
v 0.4 1 0.8
v 0.5 1 0.8
v 0.9 1 0.7
v 1.1 1 0.7
v 0.9 1 0.6
v 1.1 1 0.6
v 0.6 1 0.5
v 0.7 1 0.5
v 0.5 1 0.4
v 0.6 1 0.4
v 0.7 1 0.4
v 0.5 1 0.0999999
v 0.6 1 0.0999999
v 0.7 1 0.0999999
v 0.8 1 0.0999999
v 0.5 1 -0.1
v 0.6 1 -0.1
v 0.7 1 -0.1
v 0.8 1 -0.1
v 0.5 1 -0.4
v 0.6 1 -0.4
v 0.7 1 -0.4
v 0.6 1 -0.5
v 0.7 1 -0.5
v 0.9 1 -0.6
v 1.1 1 -0.6
v 0.9 1 -0.7
v 1.1 1 -0.7
v 0.4 1 -0.8
v 0.5 1 -0.8
v 0.4 1 -0.9
v 0.5 1 -0.9
v 0.3 1.1 0.9
v 0.4 1.1 0.9
v 0.7 1.1 0.9
v 0.8 1.1 0.9
v 0.9 1.1 0.9
v 1.1 1.1 0.9
v 0.3 1.1 0.8
v 0.4 1.1 0.8
v 0.7 1.1 0.8
v 0.8 1.1 0.8
v 0.9 1.1 0.8
v 1.1 1.1 0.8
v 1.2 1.1 0.8
v 0.4 1.1 0.7
v 0.5 1.1 0.7
v 1.1 1.1 0.7
v 1.2 1.1 0.7
v 0.5 1.1 0.6
v 0.6 1.1 0.6
v 0.7 1.1 0.6
v 0.5 1.1 0.5
v 0.6 1.1 0.5
v 0.7 1.1 0.5
v 0.4 1.1 0.4
v 0.5 1.1 0.4
v 0.6 1.1 0.4
v 0.4 1.1 0.0999999
v 0.5 1.1 0.0999999
v 0.6 1.1 0.0999999
v 0.7 1.1 0.0999999
v 0.4 1.1 -0.1
v 0.5 1.1 -0.1
v 0.6 1.1 -0.1
v 0.7 1.1 -0.1
v 0.4 1.1 -0.4
v 0.5 1.1 -0.4
v 0.6 1.1 -0.4
v 0.5 1.1 -0.5
v 0.6 1.1 -0.5
v 0.7 1.1 -0.5
v 0.5 1.1 -0.6
v 0.6 1.1 -0.6
v 0.7 1.1 -0.6
v 0.4 1.1 -0.7
v 0.5 1.1 -0.7
v 1.1 1.1 -0.7
v 1.2 1.1 -0.7
v 0.3 1.1 -0.8
v 0.4 1.1 -0.8
v 0.7 1.1 -0.8
v 0.8 1.1 -0.8
v 0.9 1.1 -0.8
v 1.1 1.1 -0.8
v 1.2 1.1 -0.8
v 0.3 1.1 -0.9
v 0.4 1.1 -0.9
v 0.7 1.1 -0.9
v 0.8 1.1 -0.9
v 0.9 1.1 -0.9
v 1.1 1.1 -0.9
v 0.5 1.2 1
v 0.6 1.2 1
v 0.5 1.2 0.9
v 0.6 1.2 0.9
v 0.4 1.2 0.8
v 0.5 1.2 0.8
v 1 1.2 0.8
v 1.1 1.2 0.8
v 0.4 1.2 0.7
v 0.5 1.2 0.7
v 1 1.2 0.7
v 1.1 1.2 0.7
v 0.4 1.2 -0.7
v 0.5 1.2 -0.7
v 1 1.2 -0.7
v 1.1 1.2 -0.7
v 0.4 1.2 -0.8
v 0.5 1.2 -0.8
v 1 1.2 -0.8
v 1.1 1.2 -0.8
v 0.5 1.2 -0.9
v 0.6 1.2 -0.9
v 0.5 1.2 -1
v 0.6 1.2 -1
v 0.9 1.3 0.8
v 1 1.3 0.8
v 0.9 1.3 0.7
v 1 1.3 0.7
v 0.9 1.3 -0.7
v 1 1.3 -0.7
v 0.9 1.3 -0.8
v 1 1.3 -0.8
v 0.5 1.4 0.9
v 0.7 1.4 0.9
v 0.5 1.4 0.8
v 0.6 1.4 0.8
v 0.7 1.4 0.8
v 0.2 1.4 0.6
v 0.4 1.4 0.6
v 0.5 1.4 0.6
v 0.6 1.4 0.6
v 0.5 1.4 0.5
v 0.6 1.4 0.5
v 0.2 1.4 0.0999999
v 0.4 1.4 0.0999999
v 0.5 1.4 0.0999999
v 0.6 1.4 0.0999999
v 0.2 1.4 -0.1
v 0.4 1.4 -0.1
v 0.5 1.4 -0.1
v 0.6 1.4 -0.1
v 0.5 1.4 -0.5
v 0.6 1.4 -0.5
v 0.2 1.4 -0.6
v 0.4 1.4 -0.6
v 0.5 1.4 -0.6
v 0.6 1.4 -0.6
v 0.5 1.4 -0.8
v 0.6 1.4 -0.8
v 0.7 1.4 -0.8
v 0.5 1.4 -0.9
v 0.7 1.4 -0.9
v 0.7 1.5 0.8
v 0.8 1.5 0.8
v 0.6 1.5 0.7
v 0.7 1.5 0.7
v 0.8 1.5 0.7
v 0.6 1.5 0.6
v 0.7 1.5 0.6
v 1.19209e-07 1.5 0.4
v 0.2 1.5 0.4
v 1.19209e-07 1.5 0.0999999
v 0.2 1.5 0.0999999
v 0.4 1.5 0.0999999
v 0.5 1.5 0.0999999
v 1.19209e-07 1.5 -0.1
v 0.2 1.5 -0.1
v 0.4 1.5 -0.1
v 0.5 1.5 -0.1
v 1.19209e-07 1.5 -0.4
v 0.2 1.5 -0.4
v 0.6 1.5 -0.6
v 0.7 1.5 -0.6
v 0.6 1.5 -0.7
v 0.7 1.5 -0.7
v 0.8 1.5 -0.7
v 0.7 1.5 -0.8
v 0.8 1.5 -0.8
v -1.5 1.6 0.9
v -1 1.6 0.9
v -0.4 1.6 0.9
v -0.0999999 1.6 0.9
v 1.19209e-07 1.6 0.9
v -1.5 1.6 0.8
v -1 1.6 0.8
v -0.4 1.6 0.8
v -0.2 1.6 0.8
v -0.0999999 1.6 0.8
v 1.19209e-07 1.6 0.8
v 0.6 1.6 0.8
v 0.7 1.6 0.8
v 0.3 1.6 0.7
v 0.4 1.6 0.7
v 0.5 1.6 0.7
v 0.6 1.6 0.7
v 0.7 1.6 0.7
v 0.3 1.6 0.6
v 0.4 1.6 0.6
v 0.5 1.6 0.6
v 0.6 1.6 0.6
v 0.2 1.6 0.0999999
v 0.4 1.6 0.0999999
v 0.2 1.6 -0.1
v 0.4 1.6 -0.1
v 0.3 1.6 -0.6
v 0.4 1.6 -0.6
v 0.5 1.6 -0.6
v 0.6 1.6 -0.6
v 0.3 1.6 -0.7
v 0.4 1.6 -0.7
v 0.5 1.6 -0.7
v 0.6 1.6 -0.7
v 0.7 1.6 -0.7
v -1.5 1.6 -0.8
v -1 1.6 -0.8
v -0.4 1.6 -0.8
v -0.2 1.6 -0.8
v -0.0999999 1.6 -0.8
v 1.19209e-07 1.6 -0.8
v 0.6 1.6 -0.8
v 0.7 1.6 -0.8
v -1.5 1.6 -0.9
v -1 1.6 -0.9
v -0.4 1.6 -0.9
v -0.0999999 1.6 -0.9
v 1.19209e-07 1.6 -0.9
v 0.5 1.7 0.8
v 0.6 1.7 0.8
v 0.5 1.7 0.7
v 0.6 1.7 0.7
v 1.19209e-07 1.7 0.5
v 0.2 1.7 0.5
v 1.19209e-07 1.7 0.4
v 0.2 1.7 0.4
v 1.19209e-07 1.7 0.0999999
v 0.2 1.7 0.0999999
v 1.19209e-07 1.7 -0.1
v 0.2 1.7 -0.1
v 1.19209e-07 1.7 -0.4
v 0.2 1.7 -0.4
v 1.19209e-07 1.7 -0.5
v 0.2 1.7 -0.5
v 0.5 1.7 -0.7
v 0.6 1.7 -0.7
v 0.5 1.7 -0.8
v 0.6 1.7 -0.8
v -0.5 1.8 0.9
v -0.4 1.8 0.9
v 0.2 1.8 0.9
v 0.3 1.8 0.9
v -1.7 1.8 0.8
v -1.5 1.8 0.8
v -1.2 1.8 0.8
v -1 1.8 0.8
v -0.5 1.8 0.8
v -0.4 1.8 0.8
v 0.2 1.8 0.8
v 0.3 1.8 0.8
v -1.7 1.8 0.7
v -1.5 1.8 0.7
v -1.3 1.8 0.7
v -1.2 1.8 0.7
v -1.1 1.8 0.7
v -1 1.8 0.7
v -1.7 1.8 -0.7
v -1.5 1.8 -0.7
v -1.3 1.8 -0.7
v -1.2 1.8 -0.7
v -1.1 1.8 -0.7
v -1 1.8 -0.7
v -1.7 1.8 -0.8
v -1.5 1.8 -0.8
v -1.2 1.8 -0.8
v -1 1.8 -0.8
v -0.5 1.8 -0.8
v -0.4 1.8 -0.8
v 0.2 1.8 -0.8
v 0.3 1.8 -0.8
v -0.5 1.8 -0.9
v -0.4 1.8 -0.9
v 0.2 1.8 -0.9
v 0.3 1.8 -0.9
v -0.6 1.9 0.9
v -0.5 1.9 0.9
v -0.6 1.9 0.8
v -0.5 1.9 0.8
v -0.4 1.9 0.8
v 1.19209e-07 1.9 0.8
v -0.4 1.9 0.7
v 1.19209e-07 1.9 0.7
v -0.4 1.9 0.6
v -0.3 1.9 0.6
v 1.19209e-07 1.9 0.6
v 0.1 1.9 0.6
v 0.2 1.9 0.6
v 1.19209e-07 1.9 0.5
v 0.2 1.9 0.5
v -0.3 1.9 0.4
v 1.19209e-07 1.9 0.4
v -0.3 1.9 -0.4
v 1.19209e-07 1.9 -0.4
v 1.19209e-07 1.9 -0.5
v 0.2 1.9 -0.5
v -0.4 1.9 -0.6
v -0.3 1.9 -0.6
v 1.19209e-07 1.9 -0.6
v 0.1 1.9 -0.6
v 0.2 1.9 -0.6
v -0.4 1.9 -0.7
v 1.19209e-07 1.9 -0.7
v -0.6 1.9 -0.8
v -0.5 1.9 -0.8
v -0.4 1.9 -0.8
v 1.19209e-07 1.9 -0.8
v -0.6 1.9 -0.9
v -0.5 1.9 -0.9
v 1.19209e-07 2 0.9
v 0.1 2 0.9
v 0.2 2 0.9
v -0.5 2 0.8
v -0.4 2 0.8
v 1.19209e-07 2 0.8
v 0.1 2 0.8
v 0.2 2 0.8
v 0.3 2 0.8
v 0.4 2 0.8
v -1.2 2 0.7
v -1 2 0.7
v -0.7 2 0.7
v -0.5 2 0.7
v -0.4 2 0.7
v 0.1 2 0.7
v 0.3 2 0.7
v 0.4 2 0.7
v -1.2 2 0.6
v -1 2 0.6
v -0.7 2 0.6
v -0.4 2 0.6
v 0.1 2 0.6
v 0.3 2 0.6
v -0.0999999 2 0.4
v 1.19209e-07 2 0.4
v -0.0999999 2 -0.4
v 1.19209e-07 2 -0.4
v -1.2 2 -0.6
v -1 2 -0.6
v -0.7 2 -0.6
v -0.4 2 -0.6
v 0.1 2 -0.6
v 0.3 2 -0.6
v -1.2 2 -0.7
v -1 2 -0.7
v -0.7 2 -0.7
v -0.5 2 -0.7
v -0.4 2 -0.7
v 0.1 2 -0.7
v 0.3 2 -0.7
v 0.4 2 -0.7
v -0.5 2 -0.8
v -0.4 2 -0.8
v 1.19209e-07 2 -0.8
v 0.1 2 -0.8
v 0.2 2 -0.8
v 0.3 2 -0.8
v 0.4 2 -0.8
v 1.19209e-07 2 -0.9
v 0.1 2 -0.9
v 0.2 2 -0.9
v -0.7 2.1 0.9
v -0.6 2.1 0.9
v -0.7 2.1 0.8
v -0.6 2.1 0.8
v 0.2 2.1 0.8
v 0.3 2.1 0.8
v -1.7 2.1 0.7
v -1.2 2.1 0.7
v 1.19209e-07 2.1 0.7
v 0.1 2.1 0.7
v 0.2 2.1 0.7
v 0.3 2.1 0.7
v -1.6 2.1 0.6
v -1.2 2.1 0.6
v 1.19209e-07 2.1 0.6
v 0.1 2.1 0.6
v -1.6 2.1 -0.6
v -1.2 2.1 -0.6
v 1.19209e-07 2.1 -0.6
v 0.1 2.1 -0.6
v -1.7 2.1 -0.7
v -1.2 2.1 -0.7
v 1.19209e-07 2.1 -0.7
v 0.1 2.1 -0.7
v 0.2 2.1 -0.7
v 0.3 2.1 -0.7
v -0.7 2.1 -0.8
v -0.6 2.1 -0.8
v 0.2 2.1 -0.8
v 0.3 2.1 -0.8
v -0.7 2.1 -0.9
v -0.6 2.1 -0.9
v 0.1 2.2 0.8
v 0.2 2.2 0.8
v 0.1 2.2 0.7
v 0.2 2.2 0.7
v 0.1 2.2 -0.7
v 0.2 2.2 -0.7
v 0.1 2.2 -0.8
v 0.2 2.2 -0.8
v -0.6 2.3 0.8
v -0.5 2.3 0.8
v 1.19209e-07 2.3 0.8
v 0.1 2.3 0.8
v -0.6 2.3 0.7
v -0.5 2.3 0.7
v 1.19209e-07 2.3 0.7
v 0.1 2.3 0.7
v -1.6 2.3 0.6
v -1.4 2.3 0.6
v -0.6 2.3 0.6
v -0.3 2.3 0.6
v -0.6 2.3 0.5
v -0.6 2.3 0.4
v -0.5 2.3 0.4
v -0.3 2.3 0.4
v -0.2 2.3 0.4
v -0.0999999 2.3 0.4
v -0.2 2.3 0.2
v -0.0999999 2.3 0.2
v -0.2 2.3 -0.2
v -0.0999999 2.3 -0.2
v -0.6 2.3 -0.4
v -0.5 2.3 -0.4
v -0.3 2.3 -0.4
v -0.2 2.3 -0.4
v -0.0999999 2.3 -0.4
v -0.6 2.3 -0.5
v -1.6 2.3 -0.6
v -1.4 2.3 -0.6
v -0.6 2.3 -0.6
v -0.3 2.3 -0.6
v -0.6 2.3 -0.7
v -0.5 2.3 -0.7
v 1.19209e-07 2.3 -0.7
v 0.1 2.3 -0.7
v -0.6 2.3 -0.8
v -0.5 2.3 -0.8
v 1.19209e-07 2.3 -0.8
v 0.1 2.3 -0.8
v -1 2.4 0.9
v -0.8 2.4 0.9
v -0.7 2.4 0.9
v -1 2.4 0.8
v -0.9 2.4 0.8
v -0.8 2.4 0.8
v -0.7 2.4 0.8
v -0.8 2.4 0.7
v -0.7 2.4 0.7
v -1.4 2.4 0.6
v -1 2.4 0.6
v -0.8 2.4 0.6
v -0.7 2.4 0.6
v -0.6 2.4 0.6
v -1.2 2.4 0.5
v -0.7 2.4 0.5
v -0.6 2.4 0.5
v -0.3 2.4 0.4
v -0.2 2.4 0.4
v -0.3 2.4 0.3
v -0.3 2.4 0.2
v -0.2 2.4 0.2
v -0.3 2.4 -0.2
v -0.2 2.4 -0.2
v -0.3 2.4 -0.3
v -0.3 2.4 -0.4
v -0.2 2.4 -0.4
v -1.2 2.4 -0.5
v -0.7 2.4 -0.5
v -0.6 2.4 -0.5
v -1.4 2.4 -0.6
v -1 2.4 -0.6
v -0.8 2.4 -0.6
v -0.7 2.4 -0.6
v -0.6 2.4 -0.6
v -0.8 2.4 -0.7
v -0.7 2.4 -0.7
v -1 2.4 -0.8
v -0.9 2.4 -0.8
v -0.8 2.4 -0.8
v -0.7 2.4 -0.8
v -1 2.4 -0.9
v -0.8 2.4 -0.9
v -0.7 2.4 -0.9
v -0.7 2.5 0.8
v -0.6 2.5 0.8
v -0.7 2.5 0.7
v -0.6 2.5 0.7
v -1.2 2.5 0.5
v -0.7 2.5 0.5
v -0.6 2.5 0.5
v -0.7 2.5 0.4
v -0.6 2.5 0.4
v -0.4 2.5 0.4
v -0.3 2.5 0.4
v -0.6 2.5 0.3
v -0.5 2.5 0.3
v -0.4 2.5 0.3
v -0.3 2.5 0.3
v -0.5 2.5 0.2
v -0.4 2.5 0.2
v -0.5 2.5 -0.2
v -0.4 2.5 -0.2
v -0.6 2.5 -0.3
v -0.5 2.5 -0.3
v -0.4 2.5 -0.3
v -0.3 2.5 -0.3
v -0.7 2.5 -0.4
v -0.6 2.5 -0.4
v -0.4 2.5 -0.4
v -0.3 2.5 -0.4
v -1.2 2.5 -0.5
v -0.7 2.5 -0.5
v -0.6 2.5 -0.5
v -0.7 2.5 -0.7
v -0.6 2.5 -0.7
v -0.7 2.5 -0.8
v -0.6 2.5 -0.8
v -0.9 2.6 0.7
v -0.8 2.6 0.7
v -0.9 2.6 0.6
v -0.8 2.6 0.6
v -0.9 2.6 -0.6
v -0.8 2.6 -0.6
v -0.9 2.6 -0.7
v -0.8 2.6 -0.7
v -0.8 2.7 0.8
v -0.7 2.7 0.8
v -1 2.7 0.7
v -0.9 2.7 0.7
v -0.8 2.7 0.7
v -0.7 2.7 0.7
v -1 2.7 0.6
v -0.9 2.7 0.6
v -1 2.7 -0.6
v -0.9 2.7 -0.6
v -1 2.7 -0.7
v -0.9 2.7 -0.7
v -0.8 2.7 -0.7
v -0.7 2.7 -0.7
v -0.8 2.7 -0.8
v -0.7 2.7 -0.8
v -1 2.8 0.8
v -0.8 2.8 0.8
v -1 2.8 0.7
v -0.8 2.8 0.7
v -1 2.8 -0.7
v -0.8 2.8 -0.7
v -1 2.8 -0.8
v -0.8 2.8 -0.8

# faces
f 3/4/1 2/4/1 1/4/1
f 4/4/1 2/4/1 3/4/1
f 5/4/1 3/4/1 1/4/1
f 6/10/1 4/10/1 3/10/1
f 6/4/1 3/4/1 5/4/1
f 7/4/1 2/4/1 4/4/1
f 7/10/1 4/10/1 6/10/1
f 8/4/1 2/4/1 7/4/1
f 9/6/1 6/6/1 5/6/1
f 9/4/1 5/4/1 1/4/1
f 10/10/1 7/10/1 6/10/1
f 10/6/1 6/6/1 9/6/1
f 11/6/1 8/6/1 7/6/1
f 11/10/1 7/10/1 10/10/1
f 12/4/1 2/4/1 8/4/1
f 12/6/1 8/6/1 11/6/1
f 14/4/1 10/4/1 9/4/1
f 14/4/1 9/4/1 1/4/1
f 15/4/1 10/4/1 14/4/1
f 16/4/1 10/4/1 15/4/1
f 17/6/1 11/6/1 10/6/1
f 17/4/1 10/4/1 16/4/1
f 18/4/1 12/4/1 11/4/1
f 18/6/1 11/6/1 17/6/1
f 19/4/1 2/4/1 12/4/1
f 19/4/1 12/4/1 18/4/1
f 20/4/1 2/4/1 19/4/1
f 21/4/1 2/4/1 20/4/1
f 23/8/1 16/8/1 15/8/1
f 23/9/1 17/9/1 16/9/1
f 24/9/1 17/9/1 23/9/1
f 25/9/1 19/9/1 18/9/1
f 26/8/1 20/8/1 19/8/1
f 26/9/1 19/9/1 25/9/1
f 27/9/1 17/9/1 24/9/1
f 27/8/1 24/8/1 23/8/1
f 28/4/1 18/4/1 17/4/1
f 28/9/1 17/9/1 27/9/1
f 29/9/1 25/9/1 18/9/1
f 29/4/1 18/4/1 28/4/1
f 30/8/1 26/8/1 25/8/1
f 30/9/1 25/9/1 29/9/1
f 31/4/1 14/4/1 13/4/1
f 31/4/1 15/4/1 14/4/1
f 32/4/1 15/4/1 31/4/1
f 33/8/1 28/8/1 27/8/1
f 33/4/1 29/4/1 28/4/1
f 34/4/1 29/4/1 33/4/1
f 35/4/1 29/4/1 34/4/1
f 36/8/1 30/8/1 29/8/1
f 36/4/1 29/4/1 35/4/1
f 37/4/1 22/4/1 21/4/1
f 37/4/1 21/4/1 20/4/1
f 38/4/1 22/4/1 37/4/1
f 39/8/1 27/8/1 23/8/1
f 39/4/1 15/4/1 32/4/1
f 39/8/1 23/8/1 15/8/1
f 39/8/1 33/8/1 27/8/1
f 40/8/1 33/8/1 39/8/1
f 41/6/1 34/6/1 33/6/1
f 41/8/1 33/8/1 40/8/1
f 42/4/1 35/4/1 34/4/1
f 42/6/1 34/6/1 41/6/1
f 43/6/1 36/6/1 35/6/1
f 43/4/1 35/4/1 42/4/1
f 44/8/1 30/8/1 36/8/1
f 44/6/1 36/6/1 43/6/1
f 45/8/1 26/8/1 30/8/1
f 45/8/1 30/8/1 44/8/1
f 45/8/1 20/8/1 26/8/1
f 46/4/1 37/4/1 20/4/1
f 46/8/1 20/8/1 45/8/1
f 47/6/1 41/6/1 40/6/1
f 47/4/1 40/4/1 39/4/1
f 48/4/1 43/4/1 42/4/1
f 48/6/1 41/6/1 47/6/1
f 48/4/1 42/4/1 41/4/1
f 48/4/1 44/4/1 43/4/1
f 49/6/1 45/6/1 44/6/1
f 49/4/1 44/4/1 48/4/1
f 50/4/1 46/4/1 45/4/1
f 50/6/1 45/6/1 49/6/1
f 51/4/1 47/4/1 39/4/1
f 51/4/1 49/4/1 48/4/1
f 51/4/1 50/4/1 49/4/1
f 51/4/1 48/4/1 47/4/1
f 51/4/1 39/4/1 32/4/1
f 52/4/1 46/4/1 50/4/1
f 52/4/1 50/4/1 51/4/1
f 52/4/1 37/4/1 46/4/1
f 55/4/1 54/4/1 53/4/1
f 56/4/1 54/4/1 55/4/1
f 57/4/1 55/4/1 53/4/1
f 58/4/1 55/4/1 57/4/1
f 59/4/1 54/4/1 56/4/1
f 60/4/1 54/4/1 59/4/1
f 63/4/1 62/4/1 61/4/1
f 64/4/1 62/4/1 63/4/1
f 71/4/1 66/4/1 65/4/1
f 72/10/1 67/10/1 66/10/1
f 72/4/1 66/4/1 71/4/1
f 73/4/1 68/4/1 67/4/1
f 73/10/1 67/10/1 72/10/1
f 74/10/1 69/10/1 68/10/1
f 74/4/1 68/4/1 73/4/1
f 75/4/1 70/4/1 69/4/1
f 75/10/1 69/10/1 74/10/1
f 76/4/1 70/4/1 75/4/1
f 77/4/1 71/4/1 65/4/1
f 78/4/1 71/4/1 77/4/1
f 79/4/1 71/4/1 78/4/1
f 80/10/1 72/10/1 71/10/1
f 80/4/1 71/4/1 79/4/1
f 81/4/1 74/4/1 73/4/1
f 81/10/1 72/10/1 80/10/1
f 81/4/1 73/4/1 72/4/1
f 81/4/1 75/4/1 74/4/1
f 82/10/1 76/10/1 75/10/1
f 82/4/1 75/4/1 81/4/1
f 83/4/1 70/4/1 76/4/1
f 83/10/1 76/10/1 82/10/1
f 84/4/1 70/4/1 83/4/1
f 85/4/1 70/4/1 84/4/1
f 86/4/1 70/4/1 85/4/1
f 87/4/1 79/4/1 78/4/1
f 88/4/1 79/4/1 87/4/1
f 89/10/1 80/10/1 79/10/1
f 89/4/1 79/4/1 88/4/1
f 90/4/1 82/4/1 81/4/1
f 90/10/1 80/10/1 89/10/1
f 90/4/1 81/4/1 80/4/1
f 90/4/1 83/4/1 82/4/1
f 91/10/1 84/10/1 83/10/1
f 91/4/1 83/4/1 90/4/1
f 92/4/1 85/4/1 84/4/1
f 92/10/1 84/10/1 91/10/1
f 93/4/1 85/4/1 92/4/1
f 94/4/1 85/4/1 93/4/1
f 95/10/1 89/10/1 88/10/1
f 96/4/1 91/4/1 90/4/1
f 96/10/1 89/10/1 95/10/1
f 96/4/1 90/4/1 89/4/1
f 96/4/1 92/4/1 91/4/1
f 97/10/1 93/10/1 92/10/1
f 97/4/1 92/4/1 96/4/1
f 98/10/1 93/10/1 97/10/1
f 103/4/1 100/4/1 99/4/1
f 104/4/1 100/4/1 103/4/1
f 105/4/1 102/4/1 101/4/1
f 106/4/1 102/4/1 105/4/1
f 111/1/1 108/1/1 107/1/1
f 112/10/1 109/10/1 108/10/1
f 112/1/1 108/1/1 111/1/1
f 113/1/1 110/1/1 109/1/1
f 113/10/1 109/10/1 112/10/1
f 114/1/1 110/1/1 113/1/1
f 115/1/1 111/1/1 107/1/1
f 116/1/1 111/1/1 115/1/1
f 117/1/1 111/1/1 116/1/1
f 118/1/1 111/1/1 117/1/1
f 119/1/1 111/1/1 118/1/1
f 120/1/1 111/1/1 119/1/1
f 121/10/1 112/10/1 111/10/1
f 121/1/1 111/1/1 120/1/1
f 122/1/1 113/1/1 112/1/1
f 122/10/1 112/10/1 121/10/1
f 123/10/1 114/10/1 113/10/1
f 123/1/1 113/1/1 122/1/1
f 124/1/1 110/1/1 114/1/1
f 124/10/1 114/10/1 123/10/1
f 125/1/1 110/1/1 124/1/1
f 126/1/1 110/1/1 125/1/1
f 127/1/1 110/1/1 126/1/1
f 128/1/1 110/1/1 127/1/1
f 129/1/1 110/1/1 128/1/1
f 130/1/1 110/1/1 129/1/1
f 131/1/1 117/1/1 116/1/1
f 132/4/1 118/4/1 117/4/1
f 132/1/1 117/1/1 131/1/1
f 133/1/1 119/1/1 118/1/1
f 133/4/1 118/4/1 132/4/1
f 134/4/1 120/4/1 119/4/1
f 134/1/1 119/1/1 133/1/1
f 135/4/1 120/4/1 134/4/1
f 136/10/1 121/10/1 120/10/1
f 136/4/1 120/4/1 135/4/1
f 137/4/1 123/4/1 122/4/1
f 137/10/1 121/10/1 136/10/1
f 137/4/1 122/4/1 121/4/1
f 137/4/1 124/4/1 123/4/1
f 138/10/1 125/10/1 124/10/1
f 138/4/1 124/4/1 137/4/1
f 139/4/1 126/4/1 125/4/1
f 139/10/1 125/10/1 138/10/1
f 140/4/1 126/4/1 139/4/1
f 141/1/1 127/1/1 126/1/1
f 141/4/1 126/4/1 140/4/1
f 142/4/1 128/4/1 127/4/1
f 142/1/1 127/1/1 141/1/1
f 143/1/1 129/1/1 128/1/1
f 143/4/1 128/4/1 142/4/1
f 144/1/1 129/1/1 143/1/1
f 145/4/1 133/4/1 132/4/1
f 145/4/1 135/4/1 134/4/1
f 145/4/1 134/4/1 133/4/1
f 145/4/1 132/4/1 131/4/1
f 146/4/1 135/4/1 145/4/1
f 147/4/1 135/4/1 146/4/1
f 148/4/1 135/4/1 147/4/1
f 149/10/1 136/10/1 135/10/1
f 149/4/1 135/4/1 148/4/1
f 150/4/1 139/4/1 138/4/1
f 150/10/1 136/10/1 149/10/1
f 150/4/1 137/4/1 136/4/1
f 150/4/1 138/4/1 137/4/1
f 151/10/1 140/10/1 139/10/1
f 151/4/1 139/4/1 150/4/1
f 152/4/1 144/4/1 143/4/1
f 152/10/1 140/10/1 151/10/1
f 152/4/1 143/4/1 142/4/1
f 152/4/1 142/4/1 141/4/1
f 152/4/1 141/4/1 140/4/1
f 153/4/1 144/4/1 152/4/1
f 154/4/1 144/4/1 153/4/1
f 155/4/1 144/4/1 154/4/1
f 156/4/1 144/4/1 155/4/1
f 159/4/1 158/4/1 157/4/1
f 160/4/1 158/4/1 159/4/1
f 169/1/1 162/1/1 161/1/1
f 170/10/1 163/10/1 162/10/1
f 170/1/1 162/1/1 169/1/1
f 171/1/1 164/1/1 163/1/1
f 171/10/1 163/10/1 170/10/1
f 172/1/1 166/1/1 165/1/1
f 172/10/1 167/10/1 166/10/1
f 173/1/1 168/1/1 167/1/1
f 173/10/1 167/10/1 172/10/1
f 174/1/1 168/1/1 173/1/1
f 175/1/1 164/1/1 171/1/1
f 176/1/1 164/1/1 175/1/1
f 177/1/1 172/1/1 165/1/1
f 178/1/1 172/1/1 177/1/1
f 183/1/1 180/1/1 179/1/1
f 184/1/1 180/1/1 183/1/1
f 185/1/1 182/1/1 181/1/1
f 186/1/1 182/1/1 185/1/1
f 189/4/1 188/4/1 187/4/1
f 190/4/1 188/4/1 189/4/1
f 195/10/1 192/10/1 191/10/1
f 196/10/1 192/10/1 195/10/1
f 197/10/1 194/10/1 193/10/1
f 198/10/1 194/10/1 197/10/1
f 205/10/1 200/10/1 199/10/1
f 205/10/1 201/10/1 200/10/1
f 206/10/1 201/10/1 205/10/1
f 209/10/1 204/10/1 203/10/1
f 209/10/1 203/10/1 202/10/1
f 210/10/1 204/10/1 209/10/1
f 211/4/1 207/4/1 206/4/1
f 212/4/1 207/4/1 211/4/1
f 213/4/1 209/4/1 208/4/1
f 214/4/1 209/4/1 213/4/1
f 219/3/1 216/3/1 215/3/1
f 222/3/1 218/3/1 217/3/1
f 223/7/1 220/7/1 219/7/1
f 224/7/1 222/7/1 221/7/1
f 225/7/1 223/7/1 219/7/1
f 225/3/1 219/3/1 215/3/1
f 226/7/1 223/7/1 225/7/1
f 229/7/1 222/7/1 224/7/1
f 230/3/1 218/3/1 222/3/1
f 230/7/1 222/7/1 229/7/1
f 231/3/1 225/3/1 215/3/1
f 232/10/1 226/10/1 225/10/1
f 232/3/1 225/3/1 231/3/1
f 233/3/1 227/3/1 226/3/1
f 233/10/1 226/10/1 232/10/1
f 234/3/1 229/3/1 228/3/1
f 234/10/1 230/10/1 229/10/1
f 235/3/1 218/3/1 230/3/1
f 235/10/1 230/10/1 234/10/1
f 236/3/1 218/3/1 235/3/1
f 237/10/1 232/10/1 231/10/1
f 238/7/1 233/7/1 232/7/1
f 238/10/1 232/10/1 237/10/1
f 239/3/1 227/3/1 233/3/1
f 240/3/1 234/3/1 228/3/1
f 241/7/1 235/7/1 234/7/1
f 241/10/1 236/10/1 235/10/1
f 242/10/1 236/10/1 241/10/1
f 243/7/1 233/7/1 238/7/1
f 243/3/1 239/3/1 233/3/1
f 244/3/1 239/3/1 243/3/1
f 245/3/1 234/3/1 240/3/1
f 246/7/1 241/7/1 234/7/1
f 246/3/1 234/3/1 245/3/1
f 247/7/1 243/7/1 238/7/1
f 248/7/1 243/7/1 247/7/1
f 249/7/1 241/7/1 246/7/1
f 250/7/1 241/7/1 249/7/1
f 255/10/1 252/10/1 251/10/1
f 256/10/1 254/10/1 253/10/1
f 257/10/1 255/10/1 251/10/1
f 258/10/1 255/10/1 257/10/1
f 263/10/1 254/10/1 256/10/1
f 264/10/1 254/10/1 263/10/1
f 265/5/1 258/5/1 257/5/1
f 265/5/1 259/5/1 258/5/1
f 266/5/1 259/5/1 265/5/1
f 267/5/1 264/5/1 263/5/1
f 267/5/1 263/5/1 262/5/1
f 268/5/1 264/5/1 267/5/1
f 269/5/1 259/5/1 266/5/1
f 270/10/1 260/10/1 259/10/1
f 270/5/1 259/5/1 269/5/1
f 271/10/1 260/10/1 270/10/1
f 272/10/1 262/10/1 261/10/1
f 273/5/1 267/5/1 262/5/1
f 273/10/1 262/10/1 272/10/1
f 274/5/1 267/5/1 273/5/1
f 275/10/1 270/10/1 269/10/1
f 276/10/1 270/10/1 275/10/1
f 277/10/1 274/10/1 273/10/1
f 278/10/1 274/10/1 277/10/1
f 279/7/1 276/7/1 275/7/1
f 280/7/1 276/7/1 279/7/1
f 281/7/1 278/7/1 277/7/1
f 282/7/1 278/7/1 281/7/1
f 287/10/1 284/10/1 283/10/1
f 288/10/1 284/10/1 287/10/1
f 289/10/1 286/10/1 285/10/1
f 290/10/1 286/10/1 289/10/1
f 295/5/1 292/5/1 291/5/1
f 296/5/1 292/5/1 295/5/1
f 299/5/1 294/5/1 293/5/1
f 300/5/1 294/5/1 299/5/1
f 301/5/1 297/5/1 296/5/1
f 304/5/1 299/5/1 298/5/1
f 305/5/1 302/5/1 301/5/1
f 305/5/1 301/5/1 296/5/1
f 306/5/1 302/5/1 305/5/1
f 307/5/1 302/5/1 306/5/1
f 314/5/1 304/5/1 303/5/1
f 315/5/1 299/5/1 304/5/1
f 315/5/1 304/5/1 314/5/1
f 316/5/1 299/5/1 315/5/1
f 317/10/1 306/10/1 305/10/1
f 318/5/1 307/5/1 306/5/1
f 318/10/1 306/10/1 317/10/1
f 319/5/1 307/5/1 318/5/1
f 320/5/1 309/5/1 308/5/1
f 321/10/1 310/10/1 309/10/1
f 321/5/1 309/5/1 320/5/1
f 322/10/1 310/10/1 321/10/1
f 323/10/1 312/10/1 311/10/1
f 324/5/1 313/5/1 312/5/1
f 324/10/1 312/10/1 323/10/1
f 325/5/1 313/5/1 324/5/1
f 326/5/1 315/5/1 314/5/1
f 327/10/1 316/10/1 315/10/1
f 327/5/1 315/5/1 326/5/1
f 328/10/1 316/10/1 327/10/1
f 329/5/1 319/5/1 318/5/1
f 329/5/1 320/5/1 319/5/1
f 329/5/1 322/5/1 321/5/1
f 329/5/1 321/5/1 320/5/1
f 330/5/1 322/5/1 329/5/1
f 331/5/1 322/5/1 330/5/1
f 332/5/1 322/5/1 331/5/1
f 333/5/1 327/5/1 326/5/1
f 333/5/1 325/5/1 324/5/1
f 333/5/1 326/5/1 325/5/1
f 333/5/1 324/5/1 323/5/1
f 334/5/1 327/5/1 333/5/1
f 335/5/1 327/5/1 334/5/1
f 336/5/1 327/5/1 335/5/1
f 337/5/1 331/5/1 330/5/1
f 338/5/1 331/5/1 337/5/1
f 339/5/1 335/5/1 334/5/1
f 340/5/1 335/5/1 339/5/1
f 341/5/1 331/5/1 338/5/1
f 341/7/1 338/7/1 337/7/1
f 342/5/1 331/5/1 341/5/1
f 343/5/1 339/5/1 334/5/1
f 344/7/1 340/7/1 339/7/1
f 344/5/1 339/5/1 343/5/1
f 345/7/1 341/7/1 337/7/1
f 346/7/1 341/7/1 345/7/1
f 347/7/1 340/7/1 344/7/1
f 348/7/1 340/7/1 347/7/1
f 353/5/1 350/5/1 349/5/1
f 354/5/1 350/5/1 353/5/1
f 355/5/1 350/5/1 354/5/1
f 360/5/1 352/5/1 351/5/1
f 361/5/1 352/5/1 360/5/1
f 362/5/1 352/5/1 361/5/1
f 363/5/1 355/5/1 354/5/1
f 363/5/1 356/5/1 355/5/1
f 364/5/1 356/5/1 363/5/1
f 365/10/1 357/10/1 356/10/1
f 365/5/1 356/5/1 364/5/1
f 366/10/1 357/10/1 365/10/1
f 367/10/1 359/10/1 358/10/1
f 368/5/1 361/5/1 360/5/1
f 368/10/1 359/10/1 367/10/1
f 368/5/1 360/5/1 359/5/1
f 369/5/1 361/5/1 368/5/1
f 370/5/1 361/5/1 369/5/1
f 371/10/1 364/10/1 363/10/1
f 372/5/1 366/5/1 365/5/1
f 372/10/1 364/10/1 371/10/1
f 372/5/1 365/5/1 364/5/1
f 373/5/1 366/5/1 372/5/1
f 374/5/1 366/5/1 373/5/1
f 375/5/1 366/5/1 374/5/1
f 376/5/1 368/5/1 367/5/1
f 376/5/1 369/5/1 368/5/1
f 377/5/1 369/5/1 376/5/1
f 378/5/1 369/5/1 377/5/1
f 379/10/1 370/10/1 369/10/1
f 379/5/1 369/5/1 378/5/1
f 380/10/1 370/10/1 379/10/1
f 381/10/1 373/10/1 372/10/1
f 382/5/1 374/5/1 373/5/1
f 382/10/1 373/10/1 381/10/1
f 383/5/1 378/5/1 377/5/1
f 383/10/1 379/10/1 378/10/1
f 384/10/1 379/10/1 383/10/1
f 385/5/1 374/5/1 382/5/1
f 385/5/1 382/5/1 381/5/1
f 386/5/1 374/5/1 385/5/1
f 387/5/1 384/5/1 383/5/1
f 387/5/1 383/5/1 377/5/1
f 388/5/1 384/5/1 387/5/1
f 389/5/1 385/5/1 381/5/1
f 390/5/1 385/5/1 389/5/1
f 391/5/1 385/5/1 390/5/1
f 392/5/1 384/5/1 388/5/1
f 393/5/1 384/5/1 392/5/1
f 394/5/1 384/5/1 393/5/1
f 395/7/1 391/7/1 390/7/1
f 396/7/1 391/7/1 395/7/1
f 397/7/1 393/7/1 392/7/1
f 398/7/1 393/7/1 397/7/1
f 403/5/1 400/5/1 399/5/1
f 404/5/1 400/5/1 403/5/1
f 405/5/1 400/5/1 404/5/1
f 406/5/1 400/5/1 405/5/1
f 407/5/1 402/5/1 401/5/1
f 408/5/1 402/5/1 407/5/1
f 409/5/1 402/5/1 408/5/1
f 410/5/1 402/5/1 409/5/1
f 411/7/1 405/7/1 404/7/1
f 412/7/1 405/7/1 411/7/1
f 413/7/1 409/7/1 408/7/1
f 414/7/1 409/7/1 413/7/1
f 419/7/1 416/7/1 415/7/1
f 420/7/1 416/7/1 419/7/1
f 421/7/1 418/7/1 417/7/1
f 422/7/1 418/7/1 421/7/1
f 423/4/2 424/4/2 427/4/2
f 427/4/2 424/4/2 428/4/2
f 425/4/2 426/4/2 429/4/2
f 429/4/2 426/4/2 430/4/2
f 431/3/2 432/3/2 435/3/2
f 435/3/2 432/3/2 436/3/2
f 433/3/2 434/3/2 437/3/2
f 437/3/2 434/3/2 438/3/2
f 439/3/2 440/3/2 443/3/2
f 443/3/2 440/3/2 444/3/2
f 441/3/2 442/3/2 445/3/2
f 445/3/2 442/3/2 446/3/2
f 447/7/2 448/7/2 451/7/2
f 451/7/2 448/7/2 452/7/2
f 449/7/2 450/7/2 453/7/2
f 453/7/2 450/7/2 454/7/2
f 455/3/2 456/3/2 463/3/2
f 457/3/2 458/3/2 464/3/2
f 459/3/2 460/3/2 465/3/2
f 465/3/2 460/3/2 466/3/2
f 455/3/2 463/3/2 467/3/2
f 467/3/2 463/3/2 468/3/2
f 464/3/2 458/3/2 469/3/2
f 469/3/2 458/3/2 470/3/2
f 461/3/2 462/3/2 471/3/2
f 471/3/2 462/3/2 472/3/2
f 473/10/2 474/10/2 477/10/2
f 477/10/2 474/10/2 478/10/2
f 475/10/2 476/10/2 479/10/2
f 479/10/2 476/10/2 480/10/2
f 481/3/2 482/3/2 485/3/2
f 485/3/2 482/3/2 486/3/2
f 483/3/2 484/3/2 487/3/2
f 487/3/2 484/3/2 488/3/2
f 491/10/2 492/10/2 499/10/2
f 492/4/2 493/4/2 500/4/2
f 499/10/2 492/10/2 500/10/2
f 500/4/2 493/4/2 501/4/2
f 494/4/2 495/4/2 502/4/2
f 495/10/2 496/10/2 503/10/2
f 502/4/2 495/4/2 503/4/2
f 503/10/2 496/10/2 504/10/2
f 489/7/2 490/7/2 505/7/2
f 505/7/2 490/7/2 506/7/2
f 500/10/2 501/10/2 507/10/2
f 507/10/2 501/10/2 508/10/2
f 502/10/2 503/10/2 509/10/2
f 509/10/2 503/10/2 510/10/2
f 497/7/2 498/7/2 511/7/2
f 511/7/2 498/7/2 512/7/2
f 513/3/2 514/3/2 517/3/2
f 517/3/2 514/3/2 518/3/2
f 515/3/2 516/3/2 519/3/2
f 519/3/2 516/3/2 520/3/2
f 521/7/2 522/7/2 525/7/2
f 525/7/2 522/7/2 526/7/2
f 523/7/2 524/7/2 527/7/2
f 527/7/2 524/7/2 528/7/2
f 529/1/2 530/1/2 535/1/2
f 530/4/2 531/4/2 536/4/2
f 535/1/2 530/1/2 536/1/2
f 536/4/2 531/4/2 537/4/2
f 532/4/2 533/4/2 538/4/2
f 533/1/2 534/1/2 539/1/2
f 538/4/2 533/4/2 539/4/2
f 539/1/2 534/1/2 540/1/2
f 541/3/2 542/3/2 545/3/2
f 545/3/2 542/3/2 546/3/2
f 543/3/2 544/3/2 547/3/2
f 547/3/2 544/3/2 548/3/2
f 549/7/2 550/7/2 555/7/2
f 550/4/2 551/4/2 556/4/2
f 555/7/2 550/7/2 556/7/2
f 556/4/2 551/4/2 557/4/2
f 552/4/2 553/4/2 558/4/2
f 553/7/2 554/7/2 559/7/2
f 558/4/2 553/4/2 559/4/2
f 559/7/2 554/7/2 560/7/2
f 561/4/2 562/4/2 565/4/2
f 565/4/2 562/4/2 566/4/2
f 563/4/2 564/4/2 567/4/2
f 567/4/2 564/4/2 568/4/2
f 569/4/2 570/4/2 575/4/2
f 570/10/2 571/10/2 576/10/2
f 575/4/2 570/4/2 576/4/2
f 571/10/2 572/10/2 576/10/2
f 572/10/2 573/10/2 576/10/2
f 573/4/2 574/4/2 577/4/2
f 576/10/2 573/10/2 577/10/2
f 577/4/2 574/4/2 578/4/2
f 579/10/2 580/10/2 583/10/2
f 583/10/2 580/10/2 584/10/2
f 581/10/2 582/10/2 585/10/2
f 585/10/2 582/10/2 586/10/2
f 587/4/2 588/4/2 591/4/2
f 591/4/2 588/4/2 592/4/2
f 589/4/2 590/4/2 593/4/2
f 593/4/2 590/4/2 594/4/2
f 595/4/2 596/4/2 599/4/2
f 596/10/2 597/10/2 600/10/2
f 599/4/2 596/4/2 600/4/2
f 597/4/2 598/4/2 601/4/2
f 600/10/2 597/10/2 601/10/2
f 601/4/2 598/4/2 602/4/2
f 603/4/2 604/4/2 605/4/2
f 605/4/2 604/4/2 606/4/2
f 606/4/2 604/4/2 607/4/2
f 607/4/2 604/4/2 608/4/2
f 605/10/2 606/10/2 609/10/2
f 606/4/2 607/4/2 610/4/2
f 609/10/2 606/10/2 610/10/2
f 607/10/2 608/10/2 611/10/2
f 610/4/2 607/4/2 611/4/2
f 611/10/2 608/10/2 612/10/2
f 613/4/2 614/4/2 617/4/2
f 615/4/2 616/4/2 618/4/2
f 613/4/2 617/4/2 620/4/2
f 620/4/2 617/4/2 621/4/2
f 618/4/2 616/4/2 622/4/2
f 622/4/2 616/4/2 623/4/2
f 620/4/2 621/4/2 625/4/2
f 623/4/2 624/4/2 625/4/2
f 622/4/2 623/4/2 625/4/2
f 621/4/2 622/4/2 625/4/2
f 619/4/2 620/4/2 625/4/2
f 625/4/2 624/4/2 626/4/2
f 626/4/2 624/4/2 627/4/2
f 627/4/2 624/4/2 628/4/2
f 626/4/2 627/4/2 629/4/2
f 629/4/2 627/4/2 630/4/2
f 631/1/2 632/1/2 635/1/2
f 635/1/2 632/1/2 636/1/2
f 633/1/2 634/1/2 637/1/2
f 637/1/2 634/1/2 638/1/2
f 639/10/2 640/10/2 643/10/2
f 643/10/2 640/10/2 644/10/2
f 641/10/2 642/10/2 645/10/2
f 645/10/2 642/10/2 646/10/2
f 647/10/2 648/10/2 651/10/2
f 651/10/2 648/10/2 652/10/2
f 649/10/2 650/10/2 653/10/2
f 653/10/2 650/10/2 654/10/2
f 655/7/2 656/7/2 659/7/2
f 659/7/2 656/7/2 660/7/2
f 657/7/2 658/7/2 661/7/2
f 661/7/2 658/7/2 662/7/2
f 663/4/2 664/4/2 667/4/2
f 667/4/2 664/4/2 668/4/2
f 668/4/2 664/4/2 669/4/2
f 665/4/2 666/4/2 670/4/2
f 670/4/2 666/4/2 671/4/2
f 671/4/2 666/4/2 672/4/2
f 667/5/2 668/5/2 675/5/2
f 675/5/2 668/5/2 676/5/2
f 673/2/2 674/2/2 677/2/2
f 677/2/2 674/2/2 678/2/2
f 671/5/2 672/5/2 679/5/2
f 679/5/2 672/5/2 680/5/2
f 681/5/2 682/5/2 685/5/2
f 685/5/2 682/5/2 686/5/2
f 667/5/2 675/5/2 687/5/2
f 687/5/2 675/5/2 688/5/2
f 680/5/2 672/5/2 689/5/2
f 689/5/2 672/5/2 690/5/2
f 683/5/2 684/5/2 691/5/2
f 691/5/2 684/5/2 692/5/2
f 685/10/2 686/10/2 693/10/2
f 693/10/2 686/10/2 694/10/2
f 691/10/2 692/10/2 695/10/2
f 695/10/2 692/10/2 696/10/2
f 697/10/2 698/10/2 701/10/2
f 701/10/2 698/10/2 702/10/2
f 699/10/2 700/10/2 703/10/2
f 703/10/2 700/10/2 704/10/2
f 705/4/2 706/4/2 709/4/2
f 709/4/2 706/4/2 710/4/2
f 707/4/2 708/4/2 711/4/2
f 711/4/2 708/4/2 712/4/2
f 709/5/2 710/5/2 713/5/2
f 711/5/2 712/5/2 714/5/2
f 709/5/2 713/5/2 719/5/2
f 719/5/2 713/5/2 720/5/2
f 715/5/2 716/5/2 721/5/2
f 717/5/2 718/5/2 722/5/2
f 714/5/2 712/5/2 723/5/2
f 723/5/2 712/5/2 724/5/2
f 721/5/2 716/5/2 725/5/2
f 717/5/2 722/5/2 726/5/2
f 725/5/2 716/5/2 728/5/2
f 728/5/2 716/5/2 729/5/2
f 717/5/2 726/5/2 730/5/2
f 730/5/2 726/5/2 731/5/2
f 727/7/2 728/7/2 733/7/2
f 733/7/2 728/7/2 734/7/2
f 731/7/2 732/7/2 735/7/2
f 735/7/2 732/7/2 736/7/2
f 737/10/2 738/10/2 741/10/2
f 741/10/2 738/10/2 742/10/2
f 739/10/2 740/10/2 749/10/2
f 749/10/2 740/10/2 750/10/2
f 743/4/2 744/4/2 752/4/2
f 744/4/2 745/4/2 752/4/2
f 747/4/2 748/4/2 753/4/2
f 746/4/2 747/4/2 753/4/2
f 751/4/2 752/4/2 755/4/2
f 752/4/2 745/4/2 755/4/2
f 755/4/2 745/4/2 756/4/2
f 756/4/2 745/4/2 757/4/2
f 753/4/2 754/4/2 758/4/2
f 746/4/2 753/4/2 758/4/2
f 758/4/2 754/4/2 759/4/2
f 759/4/2 754/4/2 760/4/2
f 751/4/2 755/4/2 761/4/2
f 755/5/2 756/5/2 762/5/2
f 761/4/2 755/4/2 762/4/2
f 760/4/2 754/4/2 765/4/2
f 759/5/2 760/5/2 765/5/2
f 765/4/2 754/4/2 766/4/2
f 762/5/2 756/5/2 767/5/2
f 761/5/2 762/5/2 767/5/2
f 767/5/2 756/5/2 768/5/2
f 763/2/2 764/2/2 769/2/2
f 769/2/2 764/2/2 770/2/2
f 765/5/2 766/5/2 771/5/2
f 759/5/2 765/5/2 771/5/2
f 771/5/2 766/5/2 772/5/2
f 761/5/2 767/5/2 773/5/2
f 773/5/2 767/5/2 774/5/2
f 772/5/2 766/5/2 775/5/2
f 775/5/2 766/5/2 776/5/2
f 773/7/2 774/7/2 777/7/2
f 777/7/2 774/7/2 778/7/2
f 775/7/2 776/7/2 779/7/2
f 779/7/2 776/7/2 780/7/2
f 777/10/2 778/10/2 781/10/2
f 781/10/2 778/10/2 782/10/2
f 779/10/2 780/10/2 783/10/2
f 783/10/2 780/10/2 784/10/2
f 785/1/2 786/1/2 789/1/2
f 789/1/2 786/1/2 790/1/2
f 787/1/2 788/1/2 791/1/2
f 791/1/2 788/1/2 792/1/2
f 793/10/2 794/10/2 797/10/2
f 797/10/2 794/10/2 798/10/2
f 795/10/2 796/10/2 799/10/2
f 799/10/2 796/10/2 800/10/2
f 801/2/2 802/2/2 803/2/2
f 803/2/2 802/2/2 804/2/2
f 805/1/2 806/1/2 809/1/2
f 809/1/2 806/1/2 810/1/2
f 807/1/2 808/1/2 811/1/2
f 811/1/2 808/1/2 812/1/2
f 813/10/2 814/10/2 817/10/2
f 817/10/2 814/10/2 818/10/2
f 815/10/2 816/10/2 819/10/2
f 819/10/2 816/10/2 820/10/2
f 821/4/2 822/4/2 830/4/2
f 830/4/2 822/4/2 831/4/2
f 823/4/2 824/4/2 832/4/2
f 832/4/2 824/4/2 833/4/2
f 825/5/2 826/5/2 835/5/2
f 835/5/2 826/5/2 836/5/2
f 829/10/2 830/10/2 838/10/2
f 838/10/2 830/10/2 839/10/2
f 833/10/2 834/10/2 842/10/2
f 842/10/2 834/10/2 843/10/2
f 827/5/2 828/5/2 845/5/2
f 845/5/2 828/5/2 846/5/2
f 835/10/2 836/10/2 847/10/2
f 847/10/2 836/10/2 848/10/2
f 837/10/2 838/10/2 849/10/2
f 849/10/2 838/10/2 850/10/2
f 840/10/2 841/10/2 851/10/2
f 851/10/2 841/10/2 852/10/2
f 843/10/2 844/10/2 853/10/2
f 853/10/2 844/10/2 854/10/2
f 845/10/2 846/10/2 855/10/2
f 855/10/2 846/10/2 856/10/2
f 849/5/2 850/5/2 857/5/2
f 853/5/2 854/5/2 858/5/2
f 857/5/2 850/5/2 859/5/2
f 859/5/2 850/5/2 860/5/2
f 851/2/2 852/2/2 861/2/2
f 861/2/2 852/2/2 862/2/2
f 853/5/2 858/5/2 863/5/2
f 863/5/2 858/5/2 864/5/2
f 865/5/2 866/5/2 870/5/2
f 870/5/2 866/5/2 871/5/2
f 867/5/2 868/5/2 872/5/2
f 872/5/2 868/5/2 873/5/2
f 869/7/2 870/7/2 875/7/2
f 875/7/2 870/7/2 876/7/2
f 873/7/2 874/7/2 877/7/2
f 877/7/2 874/7/2 878/7/2
f 879/5/2 880/5/2 889/5/2
f 889/5/2 880/5/2 890/5/2
f 881/4/2 882/4/2 891/4/2
f 882/4/2 883/4/2 891/4/2
f 891/4/2 883/4/2 892/4/2
f 892/4/2 883/4/2 893/4/2
f 884/4/2 885/4/2 894/4/2
f 885/4/2 886/4/2 894/4/2
f 894/4/2 886/4/2 895/4/2
f 895/4/2 886/4/2 896/4/2
f 887/5/2 888/5/2 897/5/2
f 897/5/2 888/5/2 898/5/2
f 891/5/2 892/5/2 900/5/2
f 895/5/2 896/5/2 901/5/2
f 899/5/2 900/5/2 903/5/2
f 900/5/2 892/5/2 903/5/2
f 903/5/2 892/5/2 904/5/2
f 901/5/2 902/5/2 907/5/2
f 895/5/2 901/5/2 907/5/2
f 907/5/2 902/5/2 908/5/2
f 899/5/2 903/5/2 911/5/2
f 911/5/2 903/5/2 912/5/2
f 912/5/2 903/5/2 913/5/2
f 905/2/2 906/2/2 914/2/2
f 914/2/2 906/2/2 915/2/2
f 908/5/2 902/5/2 916/5/2
f 916/5/2 902/5/2 917/5/2
f 917/5/2 902/5/2 918/5/2
f 909/10/2 910/10/2 921/10/2
f 911/10/2 912/10/2 922/10/2
f 917/10/2 918/10/2 923/10/2
f 919/10/2 920/10/2 924/10/2
f 909/10/2 921/10/2 925/10/2
f 925/10/2 921/10/2 926/10/2
f 922/10/2 912/10/2 927/10/2
f 927/10/2 912/10/2 928/10/2
f 917/10/2 923/10/2 929/10/2
f 929/10/2 923/10/2 930/10/2
f 924/10/2 920/10/2 931/10/2
f 931/10/2 920/10/2 932/10/2
f 925/5/2 926/5/2 933/5/2
f 933/5/2 926/5/2 934/5/2
f 931/5/2 932/5/2 935/5/2
f 935/5/2 932/5/2 936/5/2
f 927/5/2 928/5/2 938/5/2
f 938/5/2 928/5/2 939/5/2
f 929/5/2 930/5/2 940/5/2
f 940/5/2 930/5/2 941/5/2
f 937/7/2 938/7/2 943/7/2
f 943/7/2 938/7/2 944/7/2
f 941/7/2 942/7/2 945/7/2
f 945/7/2 942/7/2 946/7/2
f 947/4/2 948/4/2 951/4/2
f 951/4/2 948/4/2 952/4/2
f 952/4/2 948/4/2 953/4/2
f 949/4/2 950/4/2 962/4/2
f 962/4/2 950/4/2 963/4/2
f 963/4/2 950/4/2 964/4/2
f 951/10/2 952/10/2 965/10/2
f 965/10/2 952/10/2 966/10/2
f 952/4/2 953/4/2 967/4/2
f 966/10/2 952/10/2 967/10/2
f 953/4/2 954/4/2 967/4/2
f 954/4/2 955/4/2 967/4/2
f 967/4/2 955/4/2 968/4/2
f 968/4/2 955/4/2 969/4/2
f 955/10/2 956/10/2 970/10/2
f 969/4/2 955/4/2 970/4/2
f 956/10/2 957/10/2 970/10/2
f 970/10/2 957/10/2 971/10/2
f 958/10/2 959/10/2 972/10/2
f 959/10/2 960/10/2 972/10/2
f 960/4/2 961/4/2 973/4/2
f 972/10/2 960/10/2 973/10/2
f 961/4/2 962/4/2 973/4/2
f 962/4/2 963/4/2 973/4/2
f 973/4/2 963/4/2 974/4/2
f 974/4/2 963/4/2 975/4/2
f 963/10/2 964/10/2 976/10/2
f 975/4/2 963/4/2 976/4/2
f 976/10/2 964/10/2 977/10/2
f 977/10/2 964/10/2 978/10/2
f 967/4/2 968/4/2 979/4/2
f 966/5/2 967/5/2 979/5/2
f 968/5/2 969/5/2 980/5/2
f 979/4/2 968/4/2 980/4/2
f 974/5/2 975/5/2 983/5/2
f 975/4/2 976/4/2 983/4/2
f 976/5/2 977/5/2 984/5/2
f 983/4/2 976/4/2 984/4/2
f 966/5/2 979/5/2 985/5/2
f 979/5/2 980/5/2 985/5/2
f 985/5/2 980/5/2 986/5/2
f 980/5/2 969/5/2 987/5/2
f 986/5/2 980/5/2 987/5/2
f 987/5/2 969/5/2 988/5/2
f 974/5/2 983/5/2 989/5/2
f 983/5/2 984/5/2 989/5/2
f 989/5/2 984/5/2 990/5/2
f 984/5/2 977/5/2 991/5/2
f 990/5/2 984/5/2 991/5/2
f 991/5/2 977/5/2 992/5/2
f 981/2/2 982/2/2 993/2/2
f 993/2/2 982/2/2 994/2/2
f 986/5/2 987/5/2 995/5/2
f 995/5/2 987/5/2 996/5/2
f 990/5/2 991/5/2 997/5/2
f 997/5/2 991/5/2 998/5/2
f 996/5/2 987/5/2 999/5/2
f 999/5/2 987/5/2 1000/5/2
f 990/5/2 997/5/2 1001/5/2
f 1001/5/2 997/5/2 1002/5/2
f 999/10/2 1000/10/2 1003/10/2
f 1003/10/2 1000/10/2 1004/10/2
f 1001/10/2 1002/10/2 1005/10/2
f 1005/10/2 1002/10/2 1006/10/2
f 1003/7/2 1004/7/2 1007/7/2
f 1007/7/2 1004/7/2 1008/7/2
f 1005/7/2 1006/7/2 1009/7/2
f 1009/7/2 1006/7/2 1010/7/2
f 1011/5/2 1012/5/2 1015/5/2
f 1015/5/2 1012/5/2 1016/5/2
f 1013/5/2 1014/5/2 1017/5/2
f 1017/5/2 1014/5/2 1018/5/2
f 1019/10/2 1020/10/2 1023/10/2
f 1023/10/2 1020/10/2 1024/10/2
f 1021/10/2 1022/10/2 1025/10/2
f 1025/10/2 1022/10/2 1026/10/2
f 1027/7/2 1028/7/2 1031/7/2
f 1031/7/2 1028/7/2 1032/7/2
f 1029/7/2 1030/7/2 1033/7/2
f 1033/7/2 1030/7/2 1034/7/2
f 1037/4/2 1038/4/2 1044/4/2
f 1044/4/2 1038/4/2 1045/4/2
f 1039/4/2 1040/4/2 1046/4/2
f 1046/4/2 1040/4/2 1047/4/2
f 1035/5/2 1036/5/2 1049/5/2
f 1049/5/2 1036/5/2 1050/5/2
f 1043/5/2 1044/5/2 1051/5/2
f 1051/5/2 1044/5/2 1052/5/2
f 1047/5/2 1048/5/2 1055/5/2
f 1055/5/2 1048/5/2 1056/5/2
f 1041/5/2 1042/5/2 1057/5/2
f 1057/5/2 1042/5/2 1058/5/2
f 1051/10/2 1052/10/2 1061/10/2
f 1061/10/2 1052/10/2 1062/10/2
f 1053/10/2 1054/10/2 1063/10/2
f 1063/10/2 1054/10/2 1064/10/2
f 1055/10/2 1056/10/2 1065/10/2
f 1065/10/2 1056/10/2 1066/10/2
f 1059/10/2 1060/10/2 1069/10/2
f 1069/10/2 1060/10/2 1070/10/2
f 1067/10/2 1068/10/2 1075/10/2
f 1075/10/2 1068/10/2 1076/10/2
f 1069/5/2 1070/5/2 1077/5/2
f 1071/5/2 1072/5/2 1078/5/2
f 1078/5/2 1072/5/2 1079/5/2
f 1073/5/2 1074/5/2 1080/5/2
f 1080/5/2 1074/5/2 1081/5/2
f 1075/5/2 1076/5/2 1082/5/2
f 1069/5/2 1077/5/2 1083/5/2
f 1083/5/2 1077/5/2 1084/5/2
f 1082/5/2 1076/5/2 1087/5/2
f 1087/5/2 1076/5/2 1088/5/2
f 1084/7/2 1085/7/2 1089/7/2
f 1089/7/2 1085/7/2 1090/7/2
f 1086/7/2 1087/7/2 1091/7/2
f 1091/7/2 1087/7/2 1092/7/2
f 1093/4/2 1094/4/2 1097/4/2
f 1097/4/2 1094/4/2 1098/4/2
f 1098/4/2 1094/4/2 1099/4/2
f 1099/4/2 1094/4/2 1100/4/2
f 1095/4/2 1096/4/2 1101/4/2
f 1101/4/2 1096/4/2 1102/4/2
f 1102/4/2 1096/4/2 1103/4/2
f 1103/4/2 1096/4/2 1104/4/2
f 1098/5/2 1099/5/2 1105/5/2
f 1105/5/2 1099/5/2 1106/5/2
f 1102/5/2 1103/5/2 1109/5/2
f 1109/5/2 1103/5/2 1110/5/2
f 1098/5/2 1105/5/2 1111/5/2
f 1111/5/2 1105/5/2 1112/5/2
f 1107/2/2 1108/2/2 1113/2/2
f 1113/2/2 1108/2/2 1114/2/2
f 1110/5/2 1103/5/2 1115/5/2
f 1115/5/2 1103/5/2 1116/5/2
f 1111/10/2 1112/10/2 1117/10/2
f 1112/5/2 1105/5/2 1118/5/2
f 1117/10/2 1112/10/2 1118/10/2
f 1118/5/2 1105/5/2 1119/5/2
f 1110/5/2 1115/5/2 1120/5/2
f 1115/10/2 1116/10/2 1121/10/2
f 1120/5/2 1115/5/2 1121/5/2
f 1121/10/2 1116/10/2 1122/10/2
f 1118/10/2 1119/10/2 1123/10/2
f 1123/10/2 1119/10/2 1124/10/2
f 1120/10/2 1121/10/2 1125/10/2
f 1125/10/2 1121/10/2 1126/10/2
f 1118/10/2 1123/10/2 1127/10/2
f 1127/10/2 1123/10/2 1128/10/2
f 1126/10/2 1121/10/2 1129/10/2
f 1129/10/2 1121/10/2 1130/10/2
f 1127/7/2 1128/7/2 1131/7/2
f 1131/7/2 1128/7/2 1132/7/2
f 1129/7/2 1130/7/2 1133/7/2
f 1133/7/2 1130/7/2 1134/7/2
f 1135/10/2 1136/10/2 1139/10/2
f 1139/10/2 1136/10/2 1140/10/2
f 1140/10/2 1136/10/2 1141/10/2
f 1137/10/2 1138/10/2 1146/10/2
f 1146/10/2 1138/10/2 1147/10/2
f 1147/10/2 1138/10/2 1148/10/2
f 1140/10/2 1141/10/2 1149/10/2
f 1141/10/2 1142/10/2 1149/10/2
f 1142/4/2 1143/4/2 1150/4/2
f 1149/10/2 1142/10/2 1150/10/2
f 1150/4/2 1143/4/2 1151/4/2
f 1144/4/2 1145/4/2 1158/4/2
f 1146/10/2 1147/10/2 1159/10/2
f 1145/10/2 1146/10/2 1159/10/2
f 1158/4/2 1145/4/2 1159/4/2
f 1159/10/2 1147/10/2 1160/10/2
f 1149/4/2 1150/4/2 1161/4/2
f 1150/4/2 1151/4/2 1161/4/2
f 1151/4/2 1152/4/2 1161/4/2
f 1161/4/2 1152/4/2 1162/4/2
f 1153/4/2 1154/4/2 1163/4/2
f 1163/4/2 1154/4/2 1164/4/2
f 1155/4/2 1156/4/2 1165/4/2
f 1165/4/2 1156/4/2 1166/4/2
f 1157/4/2 1158/4/2 1167/4/2
f 1159/4/2 1160/4/2 1167/4/2
f 1158/4/2 1159/4/2 1167/4/2
f 1167/4/2 1160/4/2 1168/4/2
f 1169/2/2 1170/2/2 1171/2/2
f 1171/2/2 1170/2/2 1172/2/2
f 1173/5/2 1174/5/2 1177/5/2
f 1177/5/2 1174/5/2 1178/5/2
f 1175/5/2 1176/5/2 1179/5/2
f 1179/5/2 1176/5/2 1180/5/2
f 1181/1/2 1182/1/2 1185/1/2
f 1185/1/2 1182/1/2 1186/1/2
f 1183/1/2 1184/1/2 1187/1/2
f 1187/1/2 1184/1/2 1188/1/2
f 1189/5/2 1190/5/2 1197/5/2
f 1197/5/2 1190/5/2 1198/5/2
f 1193/5/2 1194/5/2 1199/5/2
f 1199/5/2 1194/5/2 1200/5/2
f 1195/5/2 1196/5/2 1201/5/2
f 1201/5/2 1196/5/2 1202/5/2
f 1191/5/2 1192/5/2 1203/5/2
f 1203/5/2 1192/5/2 1204/5/2
f 1198/7/2 1199/7/2 1205/7/2
f 1205/7/2 1199/7/2 1206/7/2
f 1202/7/2 1203/7/2 1207/7/2
f 1207/7/2 1203/7/2 1208/7/2
f 1209/10/2 1210/10/2 1219/10/2
f 1210/5/2 1211/5/2 1220/5/2
f 1219/10/2 1210/10/2 1220/10/2
f 1211/4/2 1212/4/2 1221/4/2
f 1220/5/2 1211/5/2 1221/5/2
f 1212/4/2 1213/4/2 1221/4/2
f 1221/4/2 1213/4/2 1222/4/2
f 1222/4/2 1213/4/2 1223/4/2
f 1214/4/2 1215/4/2 1224/4/2
f 1215/4/2 1216/4/2 1224/4/2
f 1224/4/2 1216/4/2 1225/4/2
f 1216/5/2 1217/5/2 1226/5/2
f 1225/4/2 1216/4/2 1226/4/2
f 1217/10/2 1218/10/2 1227/10/2
f 1226/5/2 1217/5/2 1227/5/2
f 1227/10/2 1218/10/2 1228/10/2
f 1221/10/2 1222/10/2 1229/10/2
f 1220/10/2 1221/10/2 1229/10/2
f 1229/10/2 1222/10/2 1230/10/2
f 1225/10/2 1226/10/2 1233/10/2
f 1226/10/2 1227/10/2 1233/10/2
f 1233/10/2 1227/10/2 1234/10/2
f 1220/10/2 1229/10/2 1235/10/2
f 1235/10/2 1229/10/2 1236/10/2
f 1231/10/2 1232/10/2 1237/10/2
f 1237/10/2 1232/10/2 1238/10/2
f 1234/10/2 1227/10/2 1239/10/2
f 1239/10/2 1227/10/2 1240/10/2
f 1241/1/2 1242/1/2 1251/1/2
f 1242/4/2 1243/4/2 1252/4/2
f 1251/1/2 1242/1/2 1252/1/2
f 1243/1/2 1244/1/2 1253/1/2
f 1252/4/2 1243/4/2 1253/4/2
f 1244/4/2 1245/4/2 1254/4/2
f 1253/1/2 1244/1/2 1254/1/2
f 1254/4/2 1245/4/2 1255/4/2
f 1246/4/2 1247/4/2 1256/4/2
f 1247/1/2 1248/1/2 1257/1/2
f 1256/4/2 1247/4/2 1257/4/2
f 1248/4/2 1249/4/2 1258/4/2
f 1257/1/2 1248/1/2 1258/1/2
f 1249/1/2 1250/1/2 1259/1/2
f 1258/4/2 1249/4/2 1259/4/2
f 1259/1/2 1250/1/2 1260/1/2
f 1261/2/2 1262/2/2 1263/2/2
f 1263/2/2 1262/2/2 1264/2/2
f 1265/1/2 1266/1/2 1267/1/2
f 1267/1/2 1266/1/2 1268/1/2
f 1268/1/2 1266/1/2 1269/1/2
f 1269/1/2 1266/1/2 1270/1/2
f 1268/1/2 1269/1/2 1271/1/2
f 1271/1/2 1269/1/2 1272/1/2
f 1271/2/2 1272/2/2 1273/2/2
f 1273/2/2 1272/2/2 1274/2/2
f 1277/1/3 1276/1/3 1275/1/3
f 1278/1/3 1276/1/3 1277/1/3
f 1279/10/3 1278/10/3 1277/10/3
f 1280/10/3 1278/10/3 1279/10/3
f 1281/1/3 1280/1/3 1279/1/3
f 1282/1/3 1280/1/3 1281/1/3
f 1285/10/3 1284/10/3 1283/10/3
f 1286/10/3 1284/10/3 1285/10/3
f 1287/1/3 1286/1/3 1285/1/3
f 1288/1/3 1286/1/3 1287/1/3
f 1289/1/3 1286/1/3 1288/1/3
f 1290/10/3 1289/10/3 1288/10/3
f 1291/10/3 1289/10/3 1290/10/3
f 1292/10/3 1289/10/3 1291/10/3
f 1295/1/3 1294/1/3 1293/1/3
f 1296/1/3 1294/1/3 1295/1/3
f 1299/10/3 1298/10/3 1297/10/3
f 1300/10/3 1298/10/3 1299/10/3
f 1301/1/3 1300/1/3 1299/1/3
f 1302/1/3 1300/1/3 1301/1/3
f 1303/1/3 1300/1/3 1302/1/3
f 1306/1/3 1305/1/3 1304/1/3
f 1307/1/3 1305/1/3 1306/1/3
f 1308/10/3 1307/10/3 1306/10/3
f 1309/10/3 1307/10/3 1308/10/3
f 1310/1/3 1309/1/3 1308/1/3
f 1311/1/3 1309/1/3 1310/1/3
f 1314/1/3 1313/1/3 1312/1/3
f 1315/1/3 1313/1/3 1314/1/3
f 1316/1/3 1313/1/3 1315/1/3
f 1319/10/3 1318/10/3 1317/10/3
f 1320/10/3 1318/10/3 1319/10/3
f 1321/1/3 1320/1/3 1319/1/3
f 1322/1/3 1320/1/3 1321/1/3
f 1325/1/3 1324/1/3 1323/1/3
f 1326/1/3 1324/1/3 1325/1/3
f 1329/1/3 1328/1/3 1327/1/3
f 1330/1/3 1328/1/3 1329/1/3
f 1331/4/3 1330/4/3 1329/4/3
f 1332/4/3 1330/4/3 1331/4/3
f 1334/4/3 1333/4/3 1332/4/3
f 1335/4/3 1333/4/3 1334/4/3
f 1336/10/3 1335/10/3 1334/10/3
f 1337/10/3 1335/10/3 1336/10/3
f 1339/4/3 1337/4/3 1336/4/3
f 1340/4/3 1339/4/3 1338/4/3
f 1341/4/3 1337/4/3 1339/4/3
f 1341/4/3 1339/4/3 1340/4/3
f 1342/4/3 1337/4/3 1341/4/3
f 1343/10/3 1341/10/3 1340/10/3
f 1344/10/3 1341/10/3 1343/10/3
f 1345/10/3 1341/10/3 1344/10/3
f 1348/1/3 1347/1/3 1346/1/3
f 1349/1/3 1347/1/3 1348/1/3
f 1350/10/3 1349/10/3 1348/10/3
f 1351/10/3 1349/10/3 1350/10/3
f 1354/1/3 1353/1/3 1352/1/3
f 1355/1/3 1353/1/3 1354/1/3
f 1359/1/3 1357/1/3 1356/1/3
f 1360/4/3 1358/4/3 1357/4/3
f 1360/1/3 1357/1/3 1359/1/3
f 1361/4/3 1358/4/3 1360/4/3
f 1362/4/3 1358/4/3 1361/4/3
f 1363/4/3 1358/4/3 1362/4/3
f 1367/4/3 1365/4/3 1364/4/3
f 1368/10/3 1367/10/3 1366/10/3
f 1369/4/3 1365/4/3 1367/4/3
f 1369/10/3 1367/10/3 1368/10/3
f 1370/4/3 1365/4/3 1369/4/3
f 1371/4/3 1369/4/3 1368/4/3
f 1372/10/3 1370/10/3 1369/10/3
f 1372/4/3 1369/4/3 1371/4/3
f 1373/10/3 1370/10/3 1372/10/3
f 1374/1/3 1372/1/3 1371/1/3
f 1375/4/3 1373/4/3 1372/4/3
f 1375/1/3 1372/1/3 1374/1/3
f 1376/10/3 1375/10/3 1374/10/3
f 1377/4/3 1373/4/3 1375/4/3
f 1377/10/3 1375/10/3 1376/10/3
f 1378/4/3 1373/4/3 1377/4/3
f 1381/4/3 1380/4/3 1379/4/3
f 1382/4/3 1380/4/3 1381/4/3
f 1383/4/3 1380/4/3 1382/4/3
f 1384/10/3 1383/10/3 1382/10/3
f 1385/10/3 1383/10/3 1384/10/3
f 1386/4/3 1380/4/3 1383/4/3
f 1386/10/3 1383/10/3 1385/10/3
f 1387/4/3 1380/4/3 1386/4/3
f 1388/4/3 1386/4/3 1385/4/3
f 1388/10/3 1387/10/3 1386/10/3
f 1389/10/3 1387/10/3 1388/10/3
f 1390/4/3 1388/4/3 1385/4/3
f 1390/4/3 1389/4/3 1388/4/3
f 1391/4/3 1389/4/3 1390/4/3
f 1392/4/3 1389/4/3 1391/4/3
f 1393/10/3 1392/10/3 1391/10/3
f 1394/10/3 1392/10/3 1393/10/3
f 1395/4/3 1389/4/3 1392/4/3
f 1395/10/3 1392/10/3 1394/10/3
f 1396/4/3 1389/4/3 1395/4/3
f 1397/4/3 1395/4/3 1394/4/3
f 1397/10/3 1396/10/3 1395/10/3
f 1398/10/3 1396/10/3 1397/10/3
f 1399/4/3 1397/4/3 1394/4/3
f 1400/4/3 1397/4/3 1399/4/3
f 1403/10/3 1402/10/3 1401/10/3
f 1404/10/3 1402/10/3 1403/10/3
f 1405/4/3 1404/4/3 1403/4/3
f 1406/4/3 1404/4/3 1405/4/3
f 1407/1/3 1406/1/3 1405/1/3
f 1408/1/3 1406/1/3 1407/1/3
f 1411/4/3 1410/4/3 1409/4/3
f 1412/4/3 1410/4/3 1411/4/3
f 1413/4/3 1410/4/3 1412/4/3
f 1414/10/3 1413/10/3 1412/10/3
f 1415/10/3 1413/10/3 1414/10/3
f 1416/10/3 1413/10/3 1415/10/3
f 1417/4/3 1416/4/3 1415/4/3
f 1418/4/3 1416/4/3 1417/4/3
f 1421/4/3 1418/4/3 1417/4/3
f 1422/10/3 1421/10/3 1420/10/3
f 1423/4/3 1418/4/3 1421/4/3
f 1423/10/3 1421/10/3 1422/10/3
f 1424/5/3 1419/5/3 1418/5/3
f 1424/4/3 1418/4/3 1423/4/3
f 1425/5/3 1419/5/3 1424/5/3
f 1426/4/3 1423/4/3 1422/4/3
f 1427/10/3 1424/10/3 1423/10/3
f 1427/4/3 1423/4/3 1426/4/3
f 1428/10/3 1424/10/3 1427/10/3
f 1431/5/3 1430/5/3 1429/5/3
f 1432/5/3 1430/5/3 1431/5/3
f 1435/10/3 1434/10/3 1433/10/3
f 1436/10/3 1434/10/3 1435/10/3
f 1437/4/3 1436/4/3 1435/4/3
f 1438/4/3 1436/4/3 1437/4/3
f 1439/4/3 1436/4/3 1438/4/3
f 1440/10/3 1439/10/3 1438/10/3
f 1441/10/3 1439/10/3 1440/10/3
f 1442/10/3 1439/10/3 1441/10/3
f 1443/4/3 1442/4/3 1441/4/3
f 1444/4/3 1442/4/3 1443/4/3
f 1447/5/3 1445/5/3 1444/5/3
f 1448/10/3 1446/10/3 1445/10/3
f 1448/5/3 1445/5/3 1447/5/3
f 1449/10/3 1446/10/3 1448/10/3
f 1451/5/3 1447/5/3 1444/5/3
f 1452/5/3 1451/5/3 1450/5/3
f 1453/5/3 1447/5/3 1451/5/3
f 1453/5/3 1451/5/3 1452/5/3
f 1458/5/3 1455/5/3 1454/5/3
f 1459/10/3 1456/10/3 1455/10/3
f 1459/5/3 1455/5/3 1458/5/3
f 1460/10/3 1456/10/3 1459/10/3
f 1461/5/3 1458/5/3 1457/5/3
f 1461/5/3 1459/5/3 1458/5/3
f 1462/5/3 1459/5/3 1461/5/3
f 1465/4/3 1464/4/3 1463/4/3
f 1466/4/3 1464/4/3 1465/4/3
f 1467/10/3 1466/10/3 1465/10/3
f 1468/4/3 1464/4/3 1466/4/3
f 1468/10/3 1466/10/3 1467/10/3
f 1469/4/3 1464/4/3 1468/4/3
f 1470/4/3 1468/4/3 1467/4/3
f 1470/10/3 1469/10/3 1468/10/3
f 1471/4/3 1464/4/3 1469/4/3
f 1471/10/3 1469/10/3 1470/10/3
f 1472/4/3 1464/4/3 1471/4/3
f 1473/4/3 1464/4/3 1472/4/3
f 1476/3/3 1474/3/3 1473/3/3
f 1476/10/3 1475/10/3 1474/10/3
f 1477/10/3 1475/10/3 1476/10/3
f 1478/4/3 1471/4/3 1470/4/3
f 1478/10/3 1472/10/3 1471/10/3
f 1479/4/3 1473/4/3 1472/4/3
f 1479/10/3 1472/10/3 1478/10/3
f 1480/4/3 1473/4/3 1479/4/3
f 1481/10/3 1475/10/3 1477/10/3
f 1481/3/3 1477/3/3 1476/3/3
f 1482/10/3 1475/10/3 1481/10/3
f 1483/10/3 1480/10/3 1479/10/3
f 1483/4/3 1479/4/3 1478/4/3
f 1484/4/3 1473/4/3 1480/4/3
f 1484/10/3 1480/10/3 1483/10/3
f 1485/4/3 1473/4/3 1484/4/3
f 1486/3/3 1476/3/3 1473/3/3
f 1486/3/3 1482/3/3 1481/3/3
f 1486/3/3 1481/3/3 1476/3/3
f 1487/3/3 1482/3/3 1486/3/3
f 1488/10/3 1485/10/3 1484/10/3
f 1488/4/3 1484/4/3 1483/4/3
f 1489/4/3 1473/4/3 1485/4/3
f 1489/10/3 1485/10/3 1488/10/3
f 1490/4/3 1473/4/3 1489/4/3
f 1491/3/3 1486/3/3 1473/3/3
f 1492/3/3 1486/3/3 1491/3/3
f 1493/3/3 1491/3/3 1473/3/3
f 1494/3/3 1491/3/3 1493/3/3
f 1495/4/3 1489/4/3 1488/4/3
f 1495/10/3 1490/10/3 1489/10/3
f 1496/4/3 1473/4/3 1490/4/3
f 1496/10/3 1490/10/3 1495/10/3
f 1497/3/3 1493/3/3 1473/3/3
f 1497/4/3 1473/4/3 1496/4/3
f 1498/3/3 1493/3/3 1497/3/3
f 1499/4/3 1496/4/3 1495/4/3
f 1499/10/3 1497/10/3 1496/10/3
f 1500/10/3 1497/10/3 1499/10/3
f 1501/4/3 1495/4/3 1488/4/3
f 1501/4/3 1499/4/3 1495/4/3
f 1501/4/3 1500/4/3 1499/4/3
f 1502/4/3 1500/4/3 1501/4/3
f 1506/4/3 1470/4/3 1467/4/3
f 1506/4/3 1483/4/3 1478/4/3
f 1506/4/3 1478/4/3 1470/4/3
f 1506/4/3 1501/4/3 1488/4/3
f 1506/4/3 1488/4/3 1483/4/3
f 1507/10/3 1503/10/3 1502/10/3
f 1507/5/3 1502/5/3 1501/5/3
f 1508/5/3 1504/5/3 1503/5/3
f 1508/10/3 1503/10/3 1507/10/3
f 1509/5/3 1504/5/3 1508/5/3
f 1510/10/3 1506/10/3 1505/10/3
f 1511/4/3 1501/4/3 1506/4/3
f 1511/10/3 1506/10/3 1510/10/3
f 1512/4/3 1501/4/3 1511/4/3
f 1513/5/3 1508/5/3 1507/5/3
f 1514/10/3 1509/10/3 1508/10/3
f 1514/5/3 1508/5/3 1513/5/3
f 1515/10/3 1509/10/3 1514/10/3
f 1516/4/3 1501/4/3 1512/4/3
f 1516/10/3 1512/10/3 1511/10/3
f 1517/4/3 1501/4/3 1516/4/3
f 1518/5/3 1507/5/3 1501/5/3
f 1518/4/3 1501/4/3 1517/4/3
f 1518/5/3 1513/5/3 1507/5/3
f 1519/5/3 1513/5/3 1518/5/3
f 1520/10/3 1517/10/3 1516/10/3
f 1520/10/3 1516/10/3 1511/10/3
f 1520/4/3 1511/4/3 1510/4/3
f 1521/10/3 1517/10/3 1520/10/3
f 1522/10/3 1517/10/3 1521/10/3
f 1523/4/3 1520/4/3 1510/4/3
f 1523/4/3 1521/4/3 1520/4/3
f 1524/4/3 1521/4/3 1523/4/3
f 1529/5/3 1526/5/3 1525/5/3
f 1530/5/3 1526/5/3 1529/5/3
f 1531/5/3 1528/5/3 1527/5/3
f 1531/10/3 1529/10/3 1528/10/3
f 1531/10/3 1530/10/3 1529/10/3
f 1532/5/3 1526/5/3 1530/5/3
f 1532/10/3 1530/10/3 1531/10/3
f 1533/5/3 1526/5/3 1532/5/3
f 1534/5/3 1531/5/3 1527/5/3
f 1535/5/3 1531/5/3 1534/5/3
f 1540/10/3 1537/10/3 1536/10/3
f 1542/5/3 1540/5/3 1539/5/3
f 1543/10/3 1537/10/3 1540/10/3
f 1543/5/3 1540/5/3 1542/5/3
f 1544/5/3 1538/5/3 1537/5/3
f 1544/10/3 1537/10/3 1543/10/3
f 1545/5/3 1538/5/3 1544/5/3
f 1546/5/3 1542/5/3 1541/5/3
f 1547/10/3 1543/10/3 1542/10/3
f 1547/5/3 1542/5/3 1546/5/3
f 1548/10/3 1543/10/3 1547/10/3
f 1551/5/3 1550/5/3 1549/5/3
f 1552/5/3 1550/5/3 1551/5/3
f 1556/4/3 1554/4/3 1553/4/3
f 1557/4/3 1554/4/3 1556/4/3
f 1558/4/3 1554/4/3 1557/4/3
f 1559/4/3 1556/4/3 1555/4/3
f 1559/4/3 1557/4/3 1556/4/3
f 1560/4/3 1557/4/3 1559/4/3
f 1561/10/3 1558/10/3 1557/10/3
f 1561/4/3 1557/4/3 1560/4/3
f 1562/4/3 1554/4/3 1558/4/3
f 1562/10/3 1558/10/3 1561/10/3
f 1563/4/3 1554/4/3 1562/4/3
f 1564/4/3 1560/4/3 1559/4/3
f 1565/4/3 1560/4/3 1564/4/3
f 1566/10/3 1565/10/3 1564/10/3
f 1567/10/3 1565/10/3 1566/10/3
f 1568/10/3 1563/10/3 1562/10/3
f 1568/4/3 1562/4/3 1561/4/3
f 1569/10/3 1563/10/3 1568/10/3
f 1570/10/3 1567/10/3 1566/10/3
f 1571/10/3 1567/10/3 1570/10/3
f 1572/4/3 1568/4/3 1561/4/3
f 1572/4/3 1569/4/3 1568/4/3
f 1573/4/3 1569/4/3 1572/4/3
f 1576/7/3 1575/7/3 1574/7/3
f 1577/7/3 1575/7/3 1576/7/3
f 1578/10/3 1577/10/3 1576/10/3
f 1579/7/3 1575/7/3 1577/7/3
f 1579/10/3 1577/10/3 1578/10/3
f 1580/7/3 1575/7/3 1579/7/3
f 1581/7/3 1575/7/3 1580/7/3
f 1583/10/3 1579/10/3 1578/10/3
f 1583/10/3 1580/10/3 1579/10/3
f 1584/10/3 1580/10/3 1583/10/3
f 1585/10/3 1580/10/3 1584/10/3
f 1587/7/3 1583/7/3 1582/7/3
f 1587/7/3 1584/7/3 1583/7/3
f 1588/7/3 1584/7/3 1587/7/3
f 1589/7/3 1584/7/3 1588/7/3
f 1591/7/3 1587/7/3 1586/7/3
f 1591/7/3 1588/7/3 1587/7/3
f 1592/7/3 1588/7/3 1591/7/3
f 1593/7/3 1588/7/3 1592/7/3
f 1595/7/3 1591/7/3 1590/7/3
f 1595/7/3 1592/7/3 1591/7/3
f 1596/7/3 1592/7/3 1595/7/3
f 1597/7/3 1592/7/3 1596/7/3
f 1598/4/3 1595/4/3 1594/4/3
f 1598/4/3 1596/4/3 1595/4/3
f 1599/4/3 1596/4/3 1598/4/3
f 1600/4/3 1571/4/3 1570/4/3
f 1601/10/3 1599/10/3 1598/10/3
f 1602/4/3 1571/4/3 1600/4/3
f 1603/10/3 1599/10/3 1601/10/3
f 1604/4/3 1596/4/3 1599/4/3
f 1604/10/3 1599/10/3 1603/10/3
f 1605/4/3 1596/4/3 1604/4/3
f 1610/4/3 1571/4/3 1602/4/3
f 1611/4/3 1571/4/3 1610/4/3
f 1612/5/3 1607/5/3 1606/5/3
f 1613/10/3 1608/10/3 1607/10/3
f 1613/5/3 1607/5/3 1612/5/3
f 1614/7/3 1609/7/3 1608/7/3
f 1614/10/3 1608/10/3 1613/10/3
f 1615/7/3 1609/7/3 1614/7/3
f 1618/7/3 1613/7/3 1612/7/3
f 1619/10/3 1614/10/3 1613/10/3
f 1619/7/3 1613/7/3 1618/7/3
f 1620/10/3 1614/10/3 1619/10/3
f 1624/5/3 1617/5/3 1616/5/3
f 1625/10/3 1618/10/3 1617/10/3
f 1625/5/3 1617/5/3 1624/5/3
f 1626/7/3 1619/7/3 1618/7/3
f 1626/10/3 1618/10/3 1625/10/3
f 1627/7/3 1619/7/3 1626/7/3
f 1629/4/3 1623/4/3 1622/4/3
f 1629/4/3 1622/4/3 1621/4/3
f 1630/4/3 1623/4/3 1629/4/3
f 1631/5/3 1624/5/3 1623/5/3
f 1631/4/3 1623/4/3 1630/4/3
f 1632/7/3 1625/7/3 1624/7/3
f 1632/5/3 1624/5/3 1631/5/3
f 1633/10/3 1626/10/3 1625/10/3
f 1633/7/3 1625/7/3 1632/7/3
f 1634/10/3 1626/10/3 1633/10/3
f 1635/4/3 1629/4/3 1628/4/3
f 1636/5/3 1630/5/3 1629/5/3
f 1636/4/3 1629/4/3 1635/4/3
f 1637/5/3 1630/5/3 1636/5/3
f 1641/5/3 1639/5/3 1638/5/3
f 1642/7/3 1640/7/3 1639/7/3
f 1642/5/3 1639/5/3 1641/5/3
f 1643/7/3 1640/7/3 1642/7/3
f 1644/7/3 1640/7/3 1643/7/3
f 1648/7/3 1642/7/3 1641/7/3
f 1648/7/3 1643/7/3 1642/7/3
f 1649/7/3 1643/7/3 1648/7/3
f 1650/7/3 1643/7/3 1649/7/3
f 1651/5/3 1646/5/3 1645/5/3
f 1652/10/3 1647/10/3 1646/10/3
f 1652/5/3 1646/5/3 1651/5/3
f 1653/7/3 1648/7/3 1647/7/3
f 1653/10/3 1647/10/3 1652/10/3
f 1653/7/3 1649/7/3 1648/7/3
f 1654/7/3 1649/7/3 1653/7/3
f 1657/7/3 1656/7/3 1655/7/3
f 1658/7/3 1656/7/3 1657/7/3
f 1662/7/3 1657/7/3 1655/7/3
f 1663/7/3 1657/7/3 1662/7/3
f 1664/10/3 1661/10/3 1660/10/3
f 1664/10/3 1660/10/3 1659/10/3
f 1665/7/3 1662/7/3 1661/7/3
f 1665/10/3 1661/10/3 1664/10/3
f 1666/7/3 1662/7/3 1665/7/3
f 1671/5/3 1668/5/3 1667/5/3
f 1671/5/3 1669/5/3 1668/5/3
f 1672/10/3 1671/10/3 1670/10/3
f 1673/5/3 1669/5/3 1671/5/3
f 1673/10/3 1671/10/3 1672/10/3
f 1674/5/3 1669/5/3 1673/5/3
f 1675/10/3 1673/10/3 1672/10/3
f 1676/10/3 1673/10/3 1675/10/3
f 1681/4/3 1678/4/3 1677/4/3
f 1682/4/3 1678/4/3 1681/4/3
f 1683/4/3 1680/4/3 1679/4/3
f 1684/4/3 1680/4/3 1683/4/3
f 1685/4/3 1680/4/3 1684/4/3
f 1686/10/3 1685/10/3 1684/10/3
f 1687/4/3 1680/4/3 1685/4/3
f 1687/10/3 1685/10/3 1686/10/3
f 1688/4/3 1680/4/3 1687/4/3
f 1689/4/3 1680/4/3 1688/4/3
f 1690/10/3 1687/10/3 1686/10/3
f 1690/10/3 1688/10/3 1687/10/3
f 1691/10/3 1688/10/3 1690/10/3
f 1692/4/3 1691/4/3 1690/4/3
f 1693/10/3 1688/10/3 1691/10/3
f 1693/4/3 1691/4/3 1692/4/3
f 1694/10/3 1688/10/3 1693/10/3
f 1697/4/3 1696/4/3 1695/4/3
f 1698/4/3 1696/4/3 1697/4/3
f 1701/7/3 1700/7/3 1699/7/3
f 1704/7/3 1701/7/3 1699/7/3
f 1704/7/3 1702/7/3 1701/7/3
f 1705/7/3 1702/7/3 1704/7/3
f 1706/10/3 1704/10/3 1703/10/3
f 1707/10/3 1704/10/3 1706/10/3
f 1710/4/3 1709/4/3 1708/4/3
f 1713/4/3 1710/4/3 1708/4/3
f 1713/4/3 1711/4/3 1710/4/3
f 1714/4/3 1713/4/3 1712/4/3
f 1715/4/3 1711/4/3 1713/4/3
f 1715/4/3 1713/4/3 1714/4/3
f 1719/4/3 1717/4/3 1716/4/3
f 1719/10/3 1718/10/3 1717/10/3
f 1720/10/3 1718/10/3 1719/10/3
f 1722/4/3 1719/4/3 1716/4/3
f 1723/4/3 1722/4/3 1721/4/3
f 1724/4/3 1719/4/3 1722/4/3
f 1724/4/3 1722/4/3 1723/4/3
f 1727/4/3 1726/4/3 1725/4/3
f 1728/4/3 1726/4/3 1727/4/3
f 1729/10/3 1728/10/3 1727/10/3
f 1730/10/3 1728/10/3 1729/10/3
f 1734/10/3 1732/10/3 1731/10/3
f 1734/10/3 1733/10/3 1732/10/3
f 1735/10/3 1733/10/3 1734/10/3
f 1736/4/3 1735/4/3 1734/4/3
f 1736/10/3 1733/10/3 1735/10/3
f 1737/10/3 1733/10/3 1736/10/3
f 1739/4/3 1736/4/3 1734/4/3
f 1739/4/3 1737/4/3 1736/4/3
f 1740/4/3 1737/4/3 1739/4/3
f 1741/4/3 1737/4/3 1740/4/3
f 1742/4/3 1739/4/3 1738/4/3
f 1742/4/3 1740/4/3 1739/4/3
f 1743/4/3 1740/4/3 1742/4/3
f 1744/4/3 1740/4/3 1743/4/3
f 1745/4/3 1742/4/3 1738/4/3
f 1746/10/3 1743/10/3 1742/10/3
f 1746/4/3 1742/4/3 1745/4/3
f 1747/10/3 1743/10/3 1746/10/3
f 1748/4/3 1745/4/3 1738/4/3
f 1749/4/3 1745/4/3 1748/4/3
f 1754/5/3 1751/5/3 1750/5/3
f 1755/2/3 1752/2/3 1751/2/3
f 1755/5/3 1751/5/3 1754/5/3
f 1756/2/3 1752/2/3 1755/2/3
f 1758/5/3 1754/5/3 1753/5/3
f 1759/2/3 1755/2/3 1754/2/3
f 1759/5/3 1754/5/3 1758/5/3
f 1760/2/3 1755/2/3 1759/2/3
f 1762/5/3 1758/5/3 1757/5/3
f 1763/5/3 1758/5/3 1762/5/3
f 1764/2/3 1759/2/3 1758/2/3
f 1764/5/3 1758/5/3 1763/5/3
f 1765/2/3 1759/2/3 1764/2/3
f 1767/5/3 1762/5/3 1761/5/3
f 1768/10/3 1763/10/3 1762/10/3
f 1768/5/3 1762/5/3 1767/5/3
f 1769/2/3 1764/2/3 1763/2/3
f 1769/10/3 1763/10/3 1768/10/3
f 1770/2/3 1764/2/3 1769/2/3
f 1772/5/3 1767/5/3 1766/5/3
f 1773/2/3 1768/2/3 1767/2/3
f 1773/5/3 1767/5/3 1772/5/3
f 1774/2/3 1768/2/3 1773/2/3
f 1776/5/3 1772/5/3 1771/5/3
f 1777/2/3 1773/2/3 1772/2/3
f 1777/5/3 1772/5/3 1776/5/3
f 1778/2/3 1773/2/3 1777/2/3
f 1779/10/3 1776/10/3 1775/10/3
f 1780/2/3 1777/2/3 1776/2/3
f 1780/10/3 1776/10/3 1779/10/3
f 1781/2/3 1777/2/3 1780/2/3
f 1783/5/3 1780/5/3 1779/5/3
f 1784/10/3 1781/10/3 1780/10/3
f 1784/5/3 1780/5/3 1783/5/3
f 1785/10/3 1781/10/3 1784/10/3
f 1787/5/3 1783/5/3 1782/5/3
f 1788/2/3 1784/2/3 1783/2/3
f 1788/5/3 1783/5/3 1787/5/3
f 1789/2/3 1784/2/3 1788/2/3
f 1791/5/3 1787/5/3 1786/5/3
f 1792/2/3 1788/2/3 1787/2/3
f 1792/5/3 1787/5/3 1791/5/3
f 1793/2/3 1788/2/3 1792/2/3
f 1794/5/3 1791/5/3 1790/5/3
f 1795/2/3 1792/2/3 1791/2/3
f 1795/5/3 1791/5/3 1794/5/3
f 1796/10/3 1795/10/3 1794/10/3
f 1797/2/3 1792/2/3 1795/2/3
f 1797/10/3 1795/10/3 1796/10/3
f 1798/2/3 1792/2/3 1797/2/3
f 1800/10/3 1797/10/3 1796/10/3
f 1800/10/3 1798/10/3 1797/10/3
f 1801/10/3 1798/10/3 1800/10/3
f 1802/10/3 1798/10/3 1801/10/3
f 1804/5/3 1800/5/3 1799/5/3
f 1805/2/3 1801/2/3 1800/2/3
f 1805/5/3 1800/5/3 1804/5/3
f 1806/2/3 1801/2/3 1805/2/3
f 1807/1/3 1804/1/3 1803/1/3
f 1808/2/3 1805/2/3 1804/2/3
f 1808/1/3 1804/1/3 1807/1/3
f 1809/2/3 1805/2/3 1808/2/3
f 1812/5/3 1811/5/3 1810/5/3
f 1813/5/3 1811/5/3 1812/5/3
f 1817/10/3 1815/10/3 1814/10/3
f 1818/10/3 1815/10/3 1817/10/3
f 1819/5/3 1817/5/3 1816/5/3
f 1820/5/3 1817/5/3 1819/5/3
f 1823/5/3 1822/5/3 1821/5/3
f 1824/5/3 1822/5/3 1823/5/3
f 1829/10/3 1826/10/3 1825/10/3
f 1830/5/3 1827/5/3 1826/5/3
f 1830/10/3 1826/10/3 1829/10/3
f 1831/5/3 1827/5/3 1830/5/3
f 1832/5/3 1829/5/3 1828/5/3
f 1833/5/3 1829/5/3 1832/5/3
f 1837/10/3 1835/10/3 1834/10/3
f 1838/5/3 1836/5/3 1835/5/3
f 1838/10/3 1835/10/3 1837/10/3
f 1839/5/3 1836/5/3 1838/5/3
f 1841/5/3 1838/5/3 1837/5/3
f 1842/10/3 1839/10/3 1838/10/3
f 1842/5/3 1838/5/3 1841/5/3
f 1843/10/3 1839/10/3 1842/10/3
f 1844/5/3 1841/5/3 1840/5/3
f 1845/5/3 1841/5/3 1844/5/3
f 1849/5/3 1847/5/3 1846/5/3
f 1849/5/3 1848/5/3 1847/5/3
f 1850/5/3 1848/5/3 1849/5/3
f 1851/10/3 1850/10/3 1849/10/3
f 1852/5/3 1848/5/3 1850/5/3
f 1852/10/3 1850/10/3 1851/10/3
f 1853/5/3 1848/5/3 1852/5/3
f 1854/10/3 1852/10/3 1851/10/3
f 1855/10/3 1852/10/3 1854/10/3
f 1858/3/3 1857/3/3 1856/3/3
f 1859/3/3 1857/3/3 1858/3/3
f 1860/3/3 1858/3/3 1856/3/3
f 1861/3/3 1858/3/3 1860/3/3
f 1864/10/3 1863/10/3 1862/10/3
f 1865/10/3 1863/10/3 1864/10/3
f 1866/10/3 1863/10/3 1865/10/3
f 1869/5/3 1865/5/3 1864/5/3
f 1870/5/3 1868/5/3 1867/5/3
f 1870/5/3 1869/5/3 1868/5/3
f 1871/5/3 1865/5/3 1869/5/3
f 1871/5/3 1869/5/3 1870/5/3
f 1872/5/3 1870/5/3 1867/5/3
f 1873/5/3 1870/5/3 1872/5/3
f 1879/5/3 1875/5/3 1874/5/3
f 1880/5/3 1875/5/3 1879/5/3
f 1881/5/3 1875/5/3 1880/5/3
f 1885/10/3 1878/10/3 1877/10/3
f 1885/10/3 1877/10/3 1876/10/3
f 1886/5/3 1879/5/3 1878/5/3
f 1886/10/3 1878/10/3 1885/10/3
f 1886/5/3 1880/5/3 1879/5/3
f 1887/5/3 1880/5/3 1886/5/3
f 1888/5/3 1884/5/3 1883/5/3
f 1888/5/3 1883/5/3 1882/5/3
f 1889/5/3 1884/5/3 1888/5/3
f 1892/5/3 1891/5/3 1890/5/3
f 1895/5/3 1891/5/3 1892/5/3
f 1896/5/3 1891/5/3 1895/5/3
f 1897/5/3 1891/5/3 1896/5/3
f 1898/5/3 1894/5/3 1893/5/3
f 1898/5/3 1895/5/3 1894/5/3
f 1899/10/3 1896/10/3 1895/10/3
f 1899/5/3 1895/5/3 1898/5/3
f 1900/10/3 1896/10/3 1899/10/3
f 1903/7/3 1902/7/3 1901/7/3
f 1906/7/3 1903/7/3 1901/7/3
f 1906/7/3 1904/7/3 1903/7/3
f 1907/7/3 1904/7/3 1906/7/3
f 1908/10/3 1906/10/3 1905/10/3
f 1909/10/3 1906/10/3 1908/10/3
f 1913/7/3 1911/7/3 1910/7/3
f 1915/7/3 1913/7/3 1912/7/3
f 1916/7/3 1911/7/3 1913/7/3
f 1916/7/3 1913/7/3 1915/7/3
f 1917/7/3 1911/7/3 1916/7/3
f 1919/10/3 1915/10/3 1914/10/3
f 1919/10/3 1916/10/3 1915/10/3
f 1920/10/3 1916/10/3 1919/10/3
f 1921/10/3 1916/10/3 1920/10/3
f 1922/7/3 1919/7/3 1918/7/3
f 1922/7/3 1920/7/3 1919/7/3
f 1923/7/3 1920/7/3 1922/7/3
f 1924/7/3 1922/7/3 1918/7/3
f 1925/7/3 1922/7/3 1924/7/3
f 1930/10/3 1927/10/3 1926/10/3
f 1931/7/3 1928/7/3 1927/7/3
f 1931/10/3 1927/10/3 1930/10/3
f 1932/7/3 1928/7/3 1931/7/3
f 1933/7/3 1930/7/3 1929/7/3
f 1933/10/3 1931/10/3 1930/10/3
f 1934/10/3 1931/10/3 1933/10/3
f 1938/7/3 1933/7/3 1929/7/3
f 1939/7/3 1933/7/3 1938/7/3
f 1942/5/3 1936/5/3 1935/5/3
f 1943/7/3 1937/7/3 1936/7/3
f 1943/5/3 1936/5/3 1942/5/3
f 1944/10/3 1938/10/3 1937/10/3
f 1944/7/3 1937/7/3 1943/7/3
f 1945/10/3 1938/10/3 1944/10/3
f 1946/5/3 1941/5/3 1940/5/3
f 1947/5/3 1941/5/3 1946/5/3
f 1951/7/3 1949/7/3 1948/7/3
f 1952/7/3 1949/7/3 1951/7/3
f 1957/7/3 1951/7/3 1950/7/3
f 1958/7/3 1951/7/3 1957/7/3
f 1959/5/3 1954/5/3 1953/5/3
f 1959/5/3 1955/5/3 1954/5/3
f 1960/10/3 1956/10/3 1955/10/3
f 1960/5/3 1955/5/3 1959/5/3
f 1961/7/3 1957/7/3 1956/7/3
f 1961/10/3 1956/10/3 1960/10/3
f 1962/7/3 1957/7/3 1961/7/3
f 1966/7/3 1965/7/3 1964/7/3
f 1967/7/3 1965/7/3 1966/7/3
f 1969/5/3 1964/5/3 1963/5/3
f 1970/7/3 1966/7/3 1964/7/3
f 1970/5/3 1964/5/3 1969/5/3
f 1971/7/3 1966/7/3 1970/7/3
f 1972/10/3 1969/10/3 1968/10/3
f 1973/7/3 1970/7/3 1969/7/3
f 1973/10/3 1969/10/3 1972/10/3
f 1974/7/3 1970/7/3 1973/7/3
f 1975/7/4 1976/7/4 1978/7/4
f 1977/7/4 1978/7/4 1980/7/4
f 1978/7/4 1976/7/4 1981/7/4
f 1980/7/4 1978/7/4 1981/7/4
f 1981/7/4 1976/7/4 1982/7/4
f 1979/10/4 1980/10/4 1984/10/4
f 1980/10/4 1981/10/4 1984/10/4
f 1984/10/4 1981/10/4 1985/10/4
f 1985/10/4 1981/10/4 1986/10/4
f 1983/7/4 1984/7/4 1987/7/4
f 1984/7/4 1985/7/4 1987/7/4
f 1987/7/4 1985/7/4 1988/7/4
f 1983/7/4 1987/7/4 1989/7/4
f 1989/7/4 1987/7/4 1990/7/4
f 1991/10/4 1992/10/4 1995/10/4
f 1992/7/4 1993/7/4 1996/7/4
f 1995/10/4 1992/10/4 1996/10/4
f 1996/7/4 1993/7/4 1997/7/4
f 1994/7/4 1995/7/4 1998/7/4
f 1995/10/4 1996/10/4 1998/10/4
f 1998/10/4 1996/10/4 1999/10/4
f 1994/7/4 1998/7/4 2003/7/4
f 2003/7/4 1998/7/4 2004/7/4
f 2000/5/4 2001/5/4 2007/5/4
f 2001/7/4 2002/7/4 2008/7/4
f 2007/5/4 2001/5/4 2008/5/4
f 2002/10/4 2003/10/4 2009/10/4
f 2008/7/4 2002/7/4 2009/7/4
f 2009/10/4 2003/10/4 2010/10/4
f 2005/5/4 2006/5/4 2011/5/4
f 2011/5/4 2006/5/4 2012/5/4
f 2013/7/4 2014/7/4 2016/7/4
f 2016/7/4 2014/7/4 2017/7/4
f 2015/7/4 2016/7/4 2022/7/4
f 2022/7/4 2016/7/4 2023/7/4
f 2018/5/4 2019/5/4 2024/5/4
f 2019/5/4 2020/5/4 2024/5/4
f 2020/10/4 2021/10/4 2025/10/4
f 2024/5/4 2020/5/4 2025/5/4
f 2021/7/4 2022/7/4 2026/7/4
f 2025/10/4 2021/10/4 2026/10/4
f 2026/7/4 2022/7/4 2027/7/4
f 2029/7/4 2030/7/4 2031/7/4
f 2031/7/4 2030/7/4 2032/7/4
f 2028/5/4 2029/5/4 2034/5/4
f 2029/7/4 2031/7/4 2035/7/4
f 2034/5/4 2029/5/4 2035/5/4
f 2035/7/4 2031/7/4 2036/7/4
f 2033/10/4 2034/10/4 2037/10/4
f 2034/7/4 2035/7/4 2038/7/4
f 2037/10/4 2034/10/4 2038/10/4
f 2038/7/4 2035/7/4 2039/7/4
f 2040/3/4 2041/3/4 2042/3/4
f 2042/3/4 2041/3/4 2043/3/4
f 2040/3/4 2042/3/4 2044/3/4
f 2044/3/4 2042/3/4 2045/3/4
f 2046/10/4 2047/10/4 2048/10/4
f 2048/10/4 2047/10/4 2049/10/4
f 2049/10/4 2047/10/4 2050/10/4
f 2048/5/4 2049/5/4 2053/5/4
f 2051/5/4 2052/5/4 2054/5/4
f 2052/5/4 2053/5/4 2054/5/4
f 2053/5/4 2049/5/4 2055/5/4
f 2054/5/4 2053/5/4 2055/5/4
f 2051/5/4 2054/5/4 2056/5/4
f 2056/5/4 2054/5/4 2057/5/4
f 2058/5/4 2059/5/4 2063/5/4
f 2063/5/4 2059/5/4 2064/5/4
f 2064/5/4 2059/5/4 2065/5/4
f 2061/10/4 2062/10/4 2069/10/4
f 2060/10/4 2061/10/4 2069/10/4
f 2062/5/4 2063/5/4 2070/5/4
f 2069/10/4 2062/10/4 2070/10/4
f 2063/5/4 2064/5/4 2070/5/4
f 2070/5/4 2064/5/4 2071/5/4
f 2067/5/4 2068/5/4 2072/5/4
f 2066/5/4 2067/5/4 2072/5/4
f 2072/5/4 2068/5/4 2073/5/4
f 2074/5/4 2075/5/4 2076/5/4
f 2076/5/4 2075/5/4 2079/5/4
f 2079/5/4 2075/5/4 2080/5/4
f 2080/5/4 2075/5/4 2081/5/4
f 2077/5/4 2078/5/4 2082/5/4
f 2078/5/4 2079/5/4 2082/5/4
f 2079/10/4 2080/10/4 2083/10/4
f 2082/5/4 2079/5/4 2083/5/4
f 2083/10/4 2080/10/4 2084/10/4
f 2085/7/4 2086/7/4 2087/7/4
f 2085/7/4 2087/7/4 2090/7/4
f 2087/7/4 2088/7/4 2090/7/4
f 2090/7/4 2088/7/4 2091/7/4
f 2089/10/4 2090/10/4 2092/10/4
f 2092/10/4 2090/10/4 2093/10/4
f 2094/5/4 2095/5/4 2096/5/4
f 2096/5/4 2095/5/4 2097/5/4
f 2098/10/4 2099/10/4 2102/10/4
f 2099/5/4 2100/5/4 2103/5/4
f 2102/10/4 2099/10/4 2103/10/4
f 2103/5/4 2100/5/4 2104/5/4
f 2101/5/4 2102/5/4 2105/5/4
f 2105/5/4 2102/5/4 2106/5/4
f 2107/10/4 2108/10/4 2110/10/4
f 2108/5/4 2109/5/4 2111/5/4
f 2110/10/4 2108/10/4 2111/10/4
f 2111/5/4 2109/5/4 2112/5/4
f 2110/5/4 2111/5/4 2114/5/4
f 2111/10/4 2112/10/4 2115/10/4
f 2114/5/4 2111/5/4 2115/5/4
f 2115/10/4 2112/10/4 2116/10/4
f 2113/5/4 2114/5/4 2117/5/4
f 2117/5/4 2114/5/4 2118/5/4
f 2119/5/4 2120/5/4 2122/5/4
f 2120/5/4 2121/5/4 2122/5/4
f 2122/5/4 2121/5/4 2123/5/4
f 2122/10/4 2123/10/4 2124/10/4
f 2123/5/4 2121/5/4 2125/5/4
f 2124/10/4 2123/10/4 2125/10/4
f 2125/5/4 2121/5/4 2126/5/4
f 2124/10/4 2125/10/4 2127/10/4
f 2127/10/4 2125/10/4 2128/10/4
f 2129/5/4 2130/5/4 2131/5/4
f 2131/5/4 2130/5/4 2132/5/4
f 2133/10/4 2134/10/4 2136/10/4
f 2136/10/4 2134/10/4 2137/10/4
f 2135/5/4 2136/5/4 2138/5/4
f 2138/5/4 2136/5/4 2139/5/4
f 2140/5/4 2141/5/4 2144/5/4
f 2141/2/4 2142/2/4 2145/2/4
f 2144/5/4 2141/5/4 2145/5/4
f 2145/2/4 2142/2/4 2146/2/4
f 2143/5/4 2144/5/4 2148/5/4
f 2144/2/4 2145/2/4 2149/2/4
f 2148/5/4 2144/5/4 2149/5/4
f 2149/2/4 2145/2/4 2150/2/4
f 2147/5/4 2148/5/4 2152/5/4
f 2152/5/4 2148/5/4 2153/5/4
f 2148/2/4 2149/2/4 2154/2/4
f 2153/5/4 2148/5/4 2154/5/4
f 2154/2/4 2149/2/4 2155/2/4
f 2151/5/4 2152/5/4 2157/5/4
f 2152/10/4 2153/10/4 2158/10/4
f 2157/5/4 2152/5/4 2158/5/4
f 2153/2/4 2154/2/4 2159/2/4
f 2158/10/4 2153/10/4 2159/10/4
f 2159/2/4 2154/2/4 2160/2/4
f 2156/5/4 2157/5/4 2162/5/4
f 2157/2/4 2158/2/4 2163/2/4
f 2162/5/4 2157/5/4 2163/5/4
f 2163/2/4 2158/2/4 2164/2/4
f 2161/5/4 2162/5/4 2166/5/4
f 2162/2/4 2163/2/4 2167/2/4
f 2166/5/4 2162/5/4 2167/5/4
f 2167/2/4 2163/2/4 2168/2/4
f 2165/10/4 2166/10/4 2169/10/4
f 2166/2/4 2167/2/4 2170/2/4
f 2169/10/4 2166/10/4 2170/10/4
f 2170/2/4 2167/2/4 2171/2/4
f 2169/5/4 2170/5/4 2173/5/4
f 2170/10/4 2171/10/4 2174/10/4
f 2173/5/4 2170/5/4 2174/5/4
f 2174/10/4 2171/10/4 2175/10/4
f 2172/5/4 2173/5/4 2177/5/4
f 2173/2/4 2174/2/4 2178/2/4
f 2177/5/4 2173/5/4 2178/5/4
f 2178/2/4 2174/2/4 2179/2/4
f 2176/5/4 2177/5/4 2181/5/4
f 2177/2/4 2178/2/4 2182/2/4
f 2181/5/4 2177/5/4 2182/5/4
f 2182/2/4 2178/2/4 2183/2/4
f 2180/5/4 2181/5/4 2184/5/4
f 2181/2/4 2182/2/4 2185/2/4
f 2184/5/4 2181/5/4 2185/5/4
f 2184/10/4 2185/10/4 2186/10/4
f 2185/2/4 2182/2/4 2187/2/4
f 2186/10/4 2185/10/4 2187/10/4
f 2187/2/4 2182/2/4 2188/2/4
f 2186/10/4 2187/10/4 2190/10/4
f 2187/10/4 2188/10/4 2190/10/4
f 2190/10/4 2188/10/4 2191/10/4
f 2191/10/4 2188/10/4 2192/10/4
f 2189/5/4 2190/5/4 2194/5/4
f 2190/2/4 2191/2/4 2195/2/4
f 2194/5/4 2190/5/4 2195/5/4
f 2195/2/4 2191/2/4 2196/2/4
f 2193/1/4 2194/1/4 2197/1/4
f 2194/2/4 2195/2/4 2198/2/4
f 2197/1/4 2194/1/4 2198/1/4
f 2198/2/4 2195/2/4 2199/2/4
f 2200/10/4 2201/10/4 2203/10/4
f 2201/10/4 2202/10/4 2203/10/4
f 2203/10/4 2202/10/4 2204/10/4
f 2203/4/4 2204/4/4 2205/4/4
f 2204/10/4 2202/10/4 2205/10/4
f 2205/10/4 2202/10/4 2206/10/4
f 2203/4/4 2205/4/4 2208/4/4
f 2205/4/4 2206/4/4 2208/4/4
f 2208/4/4 2206/4/4 2209/4/4
f 2209/4/4 2206/4/4 2210/4/4
f 2207/4/4 2208/4/4 2211/4/4
f 2208/4/4 2209/4/4 2211/4/4
f 2211/4/4 2209/4/4 2212/4/4
f 2212/4/4 2209/4/4 2213/4/4
f 2207/4/4 2211/4/4 2214/4/4
f 2211/10/4 2212/10/4 2215/10/4
f 2214/4/4 2211/4/4 2215/4/4
f 2215/10/4 2212/10/4 2216/10/4
f 2207/4/4 2214/4/4 2217/4/4
f 2217/4/4 2214/4/4 2218/4/4
f 2219/4/4 2220/4/4 2221/4/4
f 2221/4/4 2220/4/4 2222/4/4
f 2221/10/4 2222/10/4 2223/10/4
f 2223/10/4 2222/10/4 2224/10/4
f 2225/4/4 2226/4/4 2227/4/4
f 2225/4/4 2227/4/4 2230/4/4
f 2227/4/4 2228/4/4 2230/4/4
f 2229/4/4 2230/4/4 2231/4/4
f 2230/4/4 2228/4/4 2232/4/4
f 2231/4/4 2230/4/4 2232/4/4
f 2233/4/4 2234/4/4 2236/4/4
f 2234/10/4 2235/10/4 2236/10/4
f 2236/10/4 2235/10/4 2237/10/4
f 2233/4/4 2236/4/4 2239/4/4
f 2238/4/4 2239/4/4 2240/4/4
f 2239/4/4 2236/4/4 2241/4/4
f 2240/4/4 2239/4/4 2241/4/4
f 2242/4/4 2243/4/4 2246/4/4
f 2246/4/4 2243/4/4 2247/4/4
f 2244/4/4 2245/4/4 2248/4/4
f 2248/4/4 2245/4/4 2249/4/4
f 2249/4/4 2245/4/4 2250/4/4
f 2249/10/4 2250/10/4 2251/10/4
f 2250/4/4 2245/4/4 2252/4/4
f 2251/10/4 2250/10/4 2252/10/4
f 2252/4/4 2245/4/4 2253/4/4
f 2253/4/4 2245/4/4 2254/4/4
f 2251/10/4 2252/10/4 2255/10/4
f 2252/10/4 2253/10/4 2255/10/4
f 2255/10/4 2253/10/4 2256/10/4
f 2255/4/4 2256/4/4 2257/4/4
f 2256/10/4 2253/10/4 2258/10/4
f 2257/4/4 2256/4/4 2258/4/4
f 2258/10/4 2253/10/4 2259/10/4
f 2260/4/4 2261/4/4 2262/4/4
f 2262/4/4 2261/4/4 2263/4/4
f 2264/7/4 2265/7/4 2266/7/4
f 2264/7/4 2266/7/4 2269/7/4
f 2266/7/4 2267/7/4 2269/7/4
f 2269/7/4 2267/7/4 2270/7/4
f 2268/10/4 2269/10/4 2271/10/4
f 2271/10/4 2269/10/4 2272/10/4
f 2273/4/4 2274/4/4 2276/4/4
f 2276/4/4 2274/4/4 2277/4/4
f 2277/4/4 2274/4/4 2278/4/4
f 2275/4/4 2276/4/4 2279/4/4
f 2276/4/4 2277/4/4 2279/4/4
f 2279/4/4 2277/4/4 2280/4/4
f 2277/10/4 2278/10/4 2281/10/4
f 2280/4/4 2277/4/4 2281/4/4
f 2278/4/4 2274/4/4 2282/4/4
f 2281/10/4 2278/10/4 2282/10/4
f 2282/4/4 2274/4/4 2283/4/4
f 2279/4/4 2280/4/4 2284/4/4
f 2284/4/4 2280/4/4 2285/4/4
f 2284/10/4 2285/10/4 2286/10/4
f 2286/10/4 2285/10/4 2287/10/4
f 2282/10/4 2283/10/4 2288/10/4
f 2281/4/4 2282/4/4 2288/4/4
f 2288/10/4 2283/10/4 2289/10/4
f 2286/10/4 2287/10/4 2290/10/4
f 2290/10/4 2287/10/4 2291/10/4
f 2281/4/4 2288/4/4 2292/4/4
f 2288/4/4 2289/4/4 2292/4/4
f 2292/4/4 2289/4/4 2293/4/4
f 2294/7/4 2295/7/4 2296/7/4
f 2296/7/4 2295/7/4 2297/7/4
f 2296/10/4 2297/10/4 2298/10/4
f 2297/7/4 2295/7/4 2299/7/4
f 2298/10/4 2297/10/4 2299/10/4
f 2299/7/4 2295/7/4 2300/7/4
f 2300/7/4 2295/7/4 2301/7/4
f 2298/10/4 2299/10/4 2303/10/4
f 2299/10/4 2300/10/4 2303/10/4
f 2303/10/4 2300/10/4 2304/10/4
f 2304/10/4 2300/10/4 2305/10/4
f 2302/7/4 2303/7/4 2307/7/4
f 2303/7/4 2304/7/4 2307/7/4
f 2307/7/4 2304/7/4 2308/7/4
f 2308/7/4 2304/7/4 2309/7/4
f 2306/7/4 2307/7/4 2311/7/4
f 2307/7/4 2308/7/4 2311/7/4
f 2311/7/4 2308/7/4 2312/7/4
f 2312/7/4 2308/7/4 2313/7/4
f 2310/7/4 2311/7/4 2315/7/4
f 2311/7/4 2312/7/4 2315/7/4
f 2315/7/4 2312/7/4 2316/7/4
f 2316/7/4 2312/7/4 2317/7/4
f 2314/4/4 2315/4/4 2318/4/4
f 2315/4/4 2316/4/4 2318/4/4
f 2318/4/4 2316/4/4 2319/4/4
f 2290/4/4 2291/4/4 2320/4/4
f 2318/10/4 2319/10/4 2321/10/4
f 2320/4/4 2291/4/4 2322/4/4
f 2321/10/4 2319/10/4 2323/10/4
f 2319/4/4 2316/4/4 2324/4/4
f 2323/10/4 2319/10/4 2324/10/4
f 2324/4/4 2316/4/4 2325/4/4
f 2322/4/4 2291/4/4 2330/4/4
f 2330/4/4 2291/4/4 2331/4/4
f 2326/5/4 2327/5/4 2332/5/4
f 2327/10/4 2328/10/4 2333/10/4
f 2332/5/4 2327/5/4 2333/5/4
f 2328/7/4 2329/7/4 2334/7/4
f 2333/10/4 2328/10/4 2334/10/4
f 2334/7/4 2329/7/4 2335/7/4
f 2332/7/4 2333/7/4 2338/7/4
f 2333/10/4 2334/10/4 2339/10/4
f 2338/7/4 2333/7/4 2339/7/4
f 2339/10/4 2334/10/4 2340/10/4
f 2336/5/4 2337/5/4 2344/5/4
f 2337/10/4 2338/10/4 2345/10/4
f 2344/5/4 2337/5/4 2345/5/4
f 2338/7/4 2339/7/4 2346/7/4
f 2345/10/4 2338/10/4 2346/10/4
f 2346/7/4 2339/7/4 2347/7/4
f 2342/4/4 2343/4/4 2349/4/4
f 2341/4/4 2342/4/4 2349/4/4
f 2349/4/4 2343/4/4 2350/4/4
f 2343/5/4 2344/5/4 2351/5/4
f 2350/4/4 2343/4/4 2351/4/4
f 2344/7/4 2345/7/4 2352/7/4
f 2351/5/4 2344/5/4 2352/5/4
f 2345/10/4 2346/10/4 2353/10/4
f 2352/7/4 2345/7/4 2353/7/4
f 2353/10/4 2346/10/4 2354/10/4
f 2348/4/4 2349/4/4 2355/4/4
f 2349/5/4 2350/5/4 2356/5/4
f 2355/4/4 2349/4/4 2356/4/4
f 2356/5/4 2350/5/4 2357/5/4
f 2358/5/4 2359/5/4 2361/5/4
f 2359/7/4 2360/7/4 2362/7/4
f 2361/5/4 2359/5/4 2362/5/4
f 2362/7/4 2360/7/4 2363/7/4
f 2363/7/4 2360/7/4 2364/7/4
f 2361/7/4 2362/7/4 2368/7/4
f 2362/7/4 2363/7/4 2368/7/4
f 2368/7/4 2363/7/4 2369/7/4
f 2369/7/4 2363/7/4 2370/7/4
f 2365/5/4 2366/5/4 2371/5/4
f 2366/10/4 2367/10/4 2372/10/4
f 2371/5/4 2366/5/4 2372/5/4
f 2367/7/4 2368/7/4 2373/7/4
f 2372/10/4 2367/10/4 2373/10/4
f 2368/7/4 2369/7/4 2373/7/4
f 2373/7/4 2369/7/4 2374/7/4
f 2375/7/4 2376/7/4 2377/7/4
f 2377/7/4 2376/7/4 2378/7/4
f 2375/7/4 2377/7/4 2382/7/4
f 2382/7/4 2377/7/4 2383/7/4
f 2380/10/4 2381/10/4 2384/10/4
f 2379/10/4 2380/10/4 2384/10/4
f 2381/7/4 2382/7/4 2385/7/4
f 2384/10/4 2381/10/4 2385/10/4
f 2385/7/4 2382/7/4 2386/7/4
f 2387/5/4 2388/5/4 2391/5/4
f 2388/5/4 2389/5/4 2391/5/4
f 2390/10/4 2391/10/4 2392/10/4
f 2391/5/4 2389/5/4 2393/5/4
f 2392/10/4 2391/10/4 2393/10/4
f 2393/5/4 2389/5/4 2394/5/4
f 2392/10/4 2393/10/4 2395/10/4
f 2395/10/4 2393/10/4 2396/10/4
f 2397/4/4 2398/4/4 2399/4/4
f 2399/4/4 2398/4/4 2400/4/4
f 2399/10/4 2400/10/4 2401/10/4
f 2400/4/4 2398/4/4 2402/4/4
f 2401/10/4 2400/10/4 2402/10/4
f 2402/4/4 2398/4/4 2403/4/4
f 2401/4/4 2402/4/4 2404/4/4
f 2402/10/4 2403/10/4 2404/10/4
f 2403/4/4 2398/4/4 2405/4/4
f 2404/10/4 2403/10/4 2405/10/4
f 2405/4/4 2398/4/4 2406/4/4
f 2406/4/4 2398/4/4 2407/4/4
f 2407/3/4 2408/3/4 2410/3/4
f 2408/10/4 2409/10/4 2410/10/4
f 2410/10/4 2409/10/4 2411/10/4
f 2404/4/4 2405/4/4 2412/4/4
f 2405/10/4 2406/10/4 2412/10/4
f 2406/4/4 2407/4/4 2413/4/4
f 2412/10/4 2406/10/4 2413/10/4
f 2413/4/4 2407/4/4 2414/4/4
f 2411/10/4 2409/10/4 2415/10/4
f 2410/3/4 2411/3/4 2415/3/4
f 2415/10/4 2409/10/4 2416/10/4
f 2413/10/4 2414/10/4 2417/10/4
f 2412/4/4 2413/4/4 2417/4/4
f 2414/4/4 2407/4/4 2418/4/4
f 2417/10/4 2414/10/4 2418/10/4
f 2418/4/4 2407/4/4 2419/4/4
f 2407/3/4 2410/3/4 2420/3/4
f 2415/3/4 2416/3/4 2420/3/4
f 2410/3/4 2415/3/4 2420/3/4
f 2420/3/4 2416/3/4 2421/3/4
f 2418/10/4 2419/10/4 2422/10/4
f 2417/4/4 2418/4/4 2422/4/4
f 2419/4/4 2407/4/4 2423/4/4
f 2422/10/4 2419/10/4 2423/10/4
f 2423/4/4 2407/4/4 2424/4/4
f 2407/3/4 2420/3/4 2425/3/4
f 2425/3/4 2420/3/4 2426/3/4
f 2407/3/4 2425/3/4 2427/3/4
f 2427/3/4 2425/3/4 2428/3/4
f 2422/4/4 2423/4/4 2429/4/4
f 2423/10/4 2424/10/4 2429/10/4
f 2424/4/4 2407/4/4 2430/4/4
f 2429/10/4 2424/10/4 2430/10/4
f 2407/3/4 2427/3/4 2431/3/4
f 2430/4/4 2407/4/4 2431/4/4
f 2431/3/4 2427/3/4 2432/3/4
f 2429/4/4 2430/4/4 2433/4/4
f 2430/10/4 2431/10/4 2433/10/4
f 2433/10/4 2431/10/4 2434/10/4
f 2422/4/4 2429/4/4 2435/4/4
f 2429/4/4 2433/4/4 2435/4/4
f 2433/4/4 2434/4/4 2435/4/4
f 2435/4/4 2434/4/4 2436/4/4
f 2401/4/4 2404/4/4 2440/4/4
f 2412/4/4 2417/4/4 2440/4/4
f 2404/4/4 2412/4/4 2440/4/4
f 2422/4/4 2435/4/4 2440/4/4
f 2417/4/4 2422/4/4 2440/4/4
f 2436/10/4 2437/10/4 2441/10/4
f 2435/5/4 2436/5/4 2441/5/4
f 2437/5/4 2438/5/4 2442/5/4
f 2441/10/4 2437/10/4 2442/10/4
f 2442/5/4 2438/5/4 2443/5/4
f 2439/10/4 2440/10/4 2444/10/4
f 2440/4/4 2435/4/4 2445/4/4
f 2444/10/4 2440/10/4 2445/10/4
f 2445/4/4 2435/4/4 2446/4/4
f 2441/5/4 2442/5/4 2447/5/4
f 2442/10/4 2443/10/4 2448/10/4
f 2447/5/4 2442/5/4 2448/5/4
f 2448/10/4 2443/10/4 2449/10/4
f 2446/4/4 2435/4/4 2450/4/4
f 2445/10/4 2446/10/4 2450/10/4
f 2450/4/4 2435/4/4 2451/4/4
f 2435/5/4 2441/5/4 2452/5/4
f 2451/4/4 2435/4/4 2452/4/4
f 2441/5/4 2447/5/4 2452/5/4
f 2452/5/4 2447/5/4 2453/5/4
f 2450/10/4 2451/10/4 2454/10/4
f 2445/10/4 2450/10/4 2454/10/4
f 2444/4/4 2445/4/4 2454/4/4
f 2454/10/4 2451/10/4 2455/10/4
f 2455/10/4 2451/10/4 2456/10/4
f 2444/4/4 2454/4/4 2457/4/4
f 2454/4/4 2455/4/4 2457/4/4
f 2457/4/4 2455/4/4 2458/4/4
f 2459/5/4 2460/5/4 2463/5/4
f 2463/5/4 2460/5/4 2464/5/4
f 2461/5/4 2462/5/4 2465/5/4
f 2462/10/4 2463/10/4 2465/10/4
f 2463/10/4 2464/10/4 2465/10/4
f 2464/5/4 2460/5/4 2466/5/4
f 2465/10/4 2464/10/4 2466/10/4
f 2466/5/4 2460/5/4 2467/5/4
f 2461/5/4 2465/5/4 2468/5/4
f 2468/5/4 2465/5/4 2469/5/4
f 2470/10/4 2471/10/4 2474/10/4
f 2473/5/4 2474/5/4 2476/5/4
f 2474/10/4 2471/10/4 2477/10/4
f 2476/5/4 2474/5/4 2477/5/4
f 2471/5/4 2472/5/4 2478/5/4
f 2477/10/4 2471/10/4 2478/10/4
f 2478/5/4 2472/5/4 2479/5/4
f 2475/5/4 2476/5/4 2480/5/4
f 2476/10/4 2477/10/4 2481/10/4
f 2480/5/4 2476/5/4 2481/5/4
f 2481/10/4 2477/10/4 2482/10/4
f 2483/5/4 2484/5/4 2485/5/4
f 2485/5/4 2484/5/4 2486/5/4
f 2487/10/4 2488/10/4 2489/10/4
f 2489/10/4 2488/10/4 2490/10/4
f 2489/4/4 2490/4/4 2491/4/4
f 2491/4/4 2490/4/4 2492/4/4
f 2492/4/4 2490/4/4 2493/4/4
f 2492/10/4 2493/10/4 2494/10/4
f 2494/10/4 2493/10/4 2495/10/4
f 2495/10/4 2493/10/4 2496/10/4
f 2495/4/4 2496/4/4 2497/4/4
f 2497/4/4 2496/4/4 2498/4/4
f 2498/5/4 2499/5/4 2501/5/4
f 2499/10/4 2500/10/4 2502/10/4
f 2501/5/4 2499/5/4 2502/5/4
f 2502/10/4 2500/10/4 2503/10/4
f 2498/5/4 2501/5/4 2505/5/4
f 2504/5/4 2505/5/4 2506/5/4
f 2505/5/4 2501/5/4 2507/5/4
f 2506/5/4 2505/5/4 2507/5/4
f 2508/5/4 2509/5/4 2512/5/4
f 2509/10/4 2510/10/4 2513/10/4
f 2512/5/4 2509/5/4 2513/5/4
f 2513/10/4 2510/10/4 2514/10/4
f 2511/5/4 2512/5/4 2515/5/4
f 2512/5/4 2513/5/4 2515/5/4
f 2515/5/4 2513/5/4 2516/5/4
f 2517/4/4 2518/4/4 2519/4/4
f 2519/4/4 2518/4/4 2520/4/4
f 2520/4/4 2518/4/4 2521/4/4
f 2520/10/4 2521/10/4 2522/10/4
f 2522/10/4 2521/10/4 2523/10/4
f 2523/10/4 2521/10/4 2524/10/4
f 2523/4/4 2524/4/4 2525/4/4
f 2525/4/4 2524/4/4 2526/4/4
f 2525/4/4 2526/4/4 2529/4/4
f 2528/10/4 2529/10/4 2530/10/4
f 2529/4/4 2526/4/4 2531/4/4
f 2530/10/4 2529/10/4 2531/10/4
f 2526/5/4 2527/5/4 2532/5/4
f 2531/4/4 2526/4/4 2532/4/4
f 2532/5/4 2527/5/4 2533/5/4
f 2530/4/4 2531/4/4 2534/4/4
f 2531/10/4 2532/10/4 2535/10/4
f 2534/4/4 2531/4/4 2535/4/4
f 2535/10/4 2532/10/4 2536/10/4
f 2537/5/4 2538/5/4 2539/5/4
f 2539/5/4 2538/5/4 2540/5/4
f 2541/4/4 2542/4/4 2543/4/4
f 2543/4/4 2542/4/4 2544/4/4
f 2544/4/4 2542/4/4 2545/4/4
f 2544/10/4 2545/10/4 2546/10/4
f 2546/10/4 2545/10/4 2547/10/4
f 2545/4/4 2542/4/4 2548/4/4
f 2547/10/4 2545/10/4 2548/10/4
f 2548/4/4 2542/4/4 2549/4/4
f 2547/4/4 2548/4/4 2550/4/4
f 2548/10/4 2549/10/4 2550/10/4
f 2550/10/4 2549/10/4 2551/10/4
f 2547/4/4 2550/4/4 2552/4/4
f 2550/4/4 2551/4/4 2552/4/4
f 2552/4/4 2551/4/4 2553/4/4
f 2553/4/4 2551/4/4 2554/4/4
f 2553/10/4 2554/10/4 2555/10/4
f 2555/10/4 2554/10/4 2556/10/4
f 2554/4/4 2551/4/4 2557/4/4
f 2556/10/4 2554/10/4 2557/10/4
f 2557/4/4 2551/4/4 2558/4/4
f 2556/4/4 2557/4/4 2559/4/4
f 2557/10/4 2558/10/4 2559/10/4
f 2559/10/4 2558/10/4 2560/10/4
f 2556/4/4 2559/4/4 2561/4/4
f 2561/4/4 2559/4/4 2562/4/4
f 2563/10/4 2564/10/4 2565/10/4
f 2565/10/4 2564/10/4 2566/10/4
f 2565/4/4 2566/4/4 2567/4/4
f 2567/4/4 2566/4/4 2568/4/4
f 2567/1/4 2568/1/4 2569/1/4
f 2569/1/4 2568/1/4 2570/1/4
f 2571/1/4 2572/1/4 2574/1/4
f 2572/4/4 2573/4/4 2575/4/4
f 2574/1/4 2572/1/4 2575/1/4
f 2575/4/4 2573/4/4 2576/4/4
f 2576/4/4 2573/4/4 2577/4/4
f 2577/4/4 2573/4/4 2578/4/4
f 2579/4/4 2580/4/4 2582/4/4
f 2581/10/4 2582/10/4 2583/10/4
f 2582/4/4 2580/4/4 2584/4/4
f 2583/10/4 2582/10/4 2584/10/4
f 2584/4/4 2580/4/4 2585/4/4
f 2583/4/4 2584/4/4 2586/4/4
f 2584/10/4 2585/10/4 2587/10/4
f 2586/4/4 2584/4/4 2587/4/4
f 2587/10/4 2585/10/4 2588/10/4
f 2586/1/4 2587/1/4 2589/1/4
f 2587/4/4 2588/4/4 2590/4/4
f 2589/1/4 2587/1/4 2590/1/4
f 2589/10/4 2590/10/4 2591/10/4
f 2590/4/4 2588/4/4 2592/4/4
f 2591/10/4 2590/10/4 2592/10/4
f 2592/4/4 2588/4/4 2593/4/4
f 2594/1/4 2595/1/4 2596/1/4
f 2596/1/4 2595/1/4 2597/1/4
f 2598/1/4 2599/1/4 2600/1/4
f 2600/1/4 2599/1/4 2601/1/4
f 2600/4/4 2601/4/4 2602/4/4
f 2602/4/4 2601/4/4 2603/4/4
f 2603/4/4 2604/4/4 2605/4/4
f 2605/4/4 2604/4/4 2606/4/4
f 2605/10/4 2606/10/4 2607/10/4
f 2607/10/4 2606/10/4 2608/10/4
f 2607/4/4 2608/4/4 2610/4/4
f 2609/4/4 2610/4/4 2611/4/4
f 2610/4/4 2608/4/4 2612/4/4
f 2611/4/4 2610/4/4 2612/4/4
f 2612/4/4 2608/4/4 2613/4/4
f 2611/10/4 2612/10/4 2614/10/4
f 2614/10/4 2612/10/4 2615/10/4
f 2615/10/4 2612/10/4 2616/10/4
f 2617/1/4 2618/1/4 2619/1/4
f 2619/1/4 2618/1/4 2620/1/4
f 2619/10/4 2620/10/4 2621/10/4
f 2621/10/4 2620/10/4 2622/10/4
f 2623/1/4 2624/1/4 2625/1/4
f 2625/1/4 2624/1/4 2626/1/4
f 2627/1/4 2628/1/4 2629/1/4
f 2629/1/4 2628/1/4 2630/1/4
f 2630/1/4 2628/1/4 2631/1/4
f 2632/10/4 2633/10/4 2634/10/4
f 2634/10/4 2633/10/4 2635/10/4
f 2634/1/4 2635/1/4 2636/1/4
f 2636/1/4 2635/1/4 2637/1/4
f 2638/10/4 2639/10/4 2640/10/4
f 2640/10/4 2639/10/4 2641/10/4
f 2640/1/4 2641/1/4 2642/1/4
f 2642/1/4 2641/1/4 2643/1/4
f 2643/1/4 2641/1/4 2644/1/4
f 2645/1/4 2646/1/4 2647/1/4
f 2647/1/4 2646/1/4 2648/1/4
f 2647/10/4 2648/10/4 2649/10/4
f 2649/10/4 2648/10/4 2650/10/4
f 2649/1/4 2650/1/4 2651/1/4
f 2651/1/4 2650/1/4 2652/1/4
f 2653/10/4 2654/10/4 2655/10/4
f 2655/10/4 2654/10/4 2656/10/4
f 2655/1/4 2656/1/4 2657/1/4
f 2657/1/4 2656/1/4 2658/1/4
f 2658/1/4 2656/1/4 2659/1/4
f 2658/10/4 2659/10/4 2660/10/4
f 2660/10/4 2659/10/4 2661/10/4
f 2661/10/4 2659/10/4 2662/10/4
f 2663/1/4 2664/1/4 2665/1/4
f 2665/1/4 2664/1/4 2666/1/4
f 2667/1/4 2668/1/4 2669/1/4
f 2669/1/4 2668/1/4 2670/1/4
f 2669/10/4 2670/10/4 2671/10/4
f 2671/10/4 2670/10/4 2672/10/4
f 2671/1/4 2672/1/4 2673/1/4
f 2673/1/4 2672/1/4 2674/1/4
f 2679/1/5 2676/1/5 2675/1/5
f 2680/1/5 2676/1/5 2679/1/5
f 2681/10/5 2677/10/5 2676/10/5
f 2681/1/5 2676/1/5 2680/1/5
f 2682/1/5 2678/1/5 2677/1/5
f 2682/10/5 2677/10/5 2681/10/5
f 2683/1/5 2678/1/5 2682/1/5
f 2685/1/5 2681/1/5 2680/1/5
f 2685/1/5 2684/1/5 2683/1/5
f 2685/1/5 2683/1/5 2682/1/5
f 2685/1/5 2682/1/5 2681/1/5
f 2689/10/5 2680/10/5 2679/10/5
f 2690/1/5 2685/1/5 2680/1/5
f 2690/10/5 2680/10/5 2689/10/5
f 2690/1/5 2686/1/5 2685/1/5
f 2691/1/5 2686/1/5 2690/1/5
f 2692/1/5 2686/1/5 2691/1/5
f 2693/10/5 2687/10/5 2686/10/5
f 2693/1/5 2686/1/5 2692/1/5
f 2694/10/5 2687/10/5 2693/10/5
f 2696/1/5 2690/1/5 2689/1/5
f 2696/1/5 2691/1/5 2690/1/5
f 2697/1/5 2691/1/5 2696/1/5
f 2698/4/5 2692/4/5 2691/4/5
f 2698/1/5 2691/1/5 2697/1/5
f 2699/1/5 2694/1/5 2693/1/5
f 2699/4/5 2692/4/5 2698/4/5
f 2699/1/5 2693/1/5 2692/1/5
f 2700/1/5 2694/1/5 2699/1/5
f 2701/10/5 2687/10/5 2694/10/5
f 2701/1/5 2694/1/5 2700/1/5
f 2702/1/5 2688/1/5 2687/1/5
f 2702/10/5 2687/10/5 2701/10/5
f 2703/1/5 2688/1/5 2702/1/5
f 2705/1/5 2697/1/5 2696/1/5
f 2705/1/5 2696/1/5 2695/1/5
f 2706/4/5 2700/4/5 2699/4/5
f 2706/1/5 2697/1/5 2705/1/5
f 2706/4/5 2698/4/5 2697/4/5
f 2706/4/5 2699/4/5 2698/4/5
f 2707/1/5 2701/1/5 2700/1/5
f 2707/4/5 2700/4/5 2706/4/5
f 2707/1/5 2704/1/5 2703/1/5
f 2707/1/5 2702/1/5 2701/1/5
f 2707/1/5 2703/1/5 2702/1/5
f 2708/1/5 2704/1/5 2707/1/5
f 2709/4/5 2706/4/5 2705/4/5
f 2709/1/5 2704/1/5 2708/1/5
f 2709/4/5 2708/4/5 2707/4/5
f 2709/4/5 2707/4/5 2706/4/5
f 2710/1/5 2704/1/5 2709/1/5
f 2711/4/5 2710/4/5 2709/4/5
f 2711/1/5 2704/1/5 2710/1/5
f 2712/1/5 2704/1/5 2711/1/5
f 2713/4/5 2712/4/5 2711/4/5
f 2713/1/5 2704/1/5 2712/1/5
f 2714/1/5 2704/1/5 2713/1/5
f 2715/4/5 2713/4/5 2711/4/5
f 2715/4/5 2714/4/5 2713/4/5
f 2716/1/5 2704/1/5 2714/1/5
f 2716/4/5 2714/4/5 2715/4/5
f 2717/1/5 2705/1/5 2695/1/5
f 2718/1/5 2705/1/5 2717/1/5
f 2719/10/5 2718/10/5 2717/10/5
f 2720/1/5 2705/1/5 2718/1/5
f 2720/10/5 2718/10/5 2719/10/5
f 2721/4/5 2715/4/5 2711/4/5
f 2721/1/5 2716/1/5 2715/1/5
f 2722/1/5 2704/1/5 2716/1/5
f 2722/1/5 2716/1/5 2721/1/5
f 2723/4/5 2721/4/5 2711/4/5
f 2723/4/5 2722/4/5 2721/4/5
f 2724/1/5 2704/1/5 2722/1/5
f 2724/4/5 2722/4/5 2723/4/5
f 2725/4/5 2723/4/5 2711/4/5
f 2725/4/5 2711/4/5 2709/4/5
f 2726/1/5 2724/1/5 2723/1/5
f 2726/4/5 2723/4/5 2725/4/5
f 2727/4/5 2709/4/5 2705/4/5
f 2727/4/5 2725/4/5 2709/4/5
f 2728/1/5 2726/1/5 2725/1/5
f 2728/4/5 2725/4/5 2727/4/5
f 2729/4/5 2727/4/5 2705/4/5
f 2729/1/5 2705/1/5 2720/1/5
f 2729/1/5 2720/1/5 2719/1/5
f 2730/4/5 2727/4/5 2729/4/5
f 2731/4/5 2727/4/5 2730/4/5
f 2732/1/5 2728/1/5 2727/1/5
f 2732/4/5 2727/4/5 2731/4/5
f 2733/1/5 2729/1/5 2719/1/5
f 2733/1/5 2730/1/5 2729/1/5
f 2734/1/5 2730/1/5 2733/1/5
f 2735/4/5 2731/4/5 2730/4/5
f 2735/1/5 2730/1/5 2734/1/5
f 2736/4/5 2731/4/5 2735/4/5
f 2737/4/5 2731/4/5 2736/4/5
f 2738/1/5 2732/1/5 2731/1/5
f 2738/4/5 2731/4/5 2737/4/5
f 2739/1/5 2728/1/5 2732/1/5
f 2739/1/5 2732/1/5 2738/1/5
f 2740/1/5 2728/1/5 2739/1/5
f 2741/1/5 2726/1/5 2728/1/5
f 2741/1/5 2728/1/5 2740/1/5
f 2742/1/5 2704/1/5 2724/1/5
f 2742/1/5 2726/1/5 2741/1/5
f 2742/1/5 2724/1/5 2726/1/5
f 2743/1/5 2735/1/5 2734/1/5
f 2743/1/5 2736/1/5 2735/1/5
f 2744/1/5 2736/1/5 2743/1/5
f 2745/4/5 2737/4/5 2736/4/5
f 2745/1/5 2736/1/5 2744/1/5
f 2746/1/5 2739/1/5 2738/1/5
f 2746/4/5 2737/4/5 2745/4/5
f 2746/1/5 2738/1/5 2737/1/5
f 2747/1/5 2739/1/5 2746/1/5
f 2748/10/5 2740/10/5 2739/10/5
f 2748/1/5 2739/1/5 2747/1/5
f 2749/1/5 2745/1/5 2744/1/5
f 2749/1/5 2747/1/5 2746/1/5
f 2749/1/5 2746/1/5 2745/1/5
f 2750/10/5 2748/10/5 2747/10/5
f 2750/1/5 2747/1/5 2749/1/5
f 2751/1/5 2741/1/5 2740/1/5
f 2751/10/5 2748/10/5 2750/10/5
f 2751/10/5 2740/10/5 2748/10/5
f 2752/1/5 2741/1/5 2751/1/5
f 2753/10/5 2744/10/5 2743/10/5
f 2754/1/5 2749/1/5 2744/1/5
f 2754/10/5 2744/10/5 2753/10/5
f 2755/1/5 2749/1/5 2754/1/5
f 2756/1/5 2749/1/5 2755/1/5
f 2757/1/5 2749/1/5 2756/1/5
f 2758/1/5 2749/1/5 2757/1/5
f 2759/1/5 2754/1/5 2753/1/5
f 2759/1/5 2755/1/5 2754/1/5
f 2760/10/5 2756/10/5 2755/10/5
f 2760/1/5 2755/1/5 2759/1/5
f 2761/1/5 2757/1/5 2756/1/5
f 2761/10/5 2756/10/5 2760/10/5
f 2762/1/5 2757/1/5 2761/1/5
f 2765/4/5 2764/4/5 2763/4/5
f 2766/4/5 2764/4/5 2765/4/5
f 2767/10/5 2766/10/5 2765/10/5
f 2768/10/5 2766/10/5 2767/10/5
f 2769/4/5 2768/4/5 2767/4/5
f 2770/4/5 2769/4/5 2767/4/5
f 2771/4/5 2770/4/5 2767/4/5
f 2772/4/5 2771/4/5 2767/4/5
f 2773/4/5 2772/4/5 2767/4/5
f 2774/4/5 2772/4/5 2773/4/5
f 2775/10/5 2774/10/5 2773/10/5
f 2776/10/5 2774/10/5 2775/10/5
f 2777/4/5 2776/4/5 2775/4/5
f 2778/4/5 2776/4/5 2777/4/5
f 2781/4/5 2780/4/5 2779/4/5
f 2782/4/5 2780/4/5 2781/4/5
f 2787/4/5 2784/4/5 2783/4/5
f 2788/10/5 2785/10/5 2784/10/5
f 2788/4/5 2784/4/5 2787/4/5
f 2789/4/5 2786/4/5 2785/4/5
f 2789/10/5 2785/10/5 2788/10/5
f 2790/4/5 2786/4/5 2789/4/5
f 2791/4/5 2786/4/5 2790/4/5
f 2797/4/5 2793/4/5 2792/4/5
f 2798/10/5 2794/10/5 2793/10/5
f 2798/4/5 2793/4/5 2797/4/5
f 2799/4/5 2796/4/5 2795/4/5
f 2799/10/5 2794/10/5 2798/10/5
f 2799/4/5 2795/4/5 2794/4/5
f 2800/4/5 2796/4/5 2799/4/5
f 2803/4/5 2802/4/5 2801/4/5
f 2804/4/5 2802/4/5 2803/4/5
f 2807/4/5 2806/4/5 2805/4/5
f 2808/4/5 2806/4/5 2807/4/5
f 2811/4/5 2810/4/5 2809/4/5
f 2812/4/5 2810/4/5 2811/4/5
f 2813/1/6 2814/1/6 2817/1/6
f 2817/1/6 2814/1/6 2818/1/6
f 2818/1/6 2814/1/6 2819/1/6
f 2819/1/6 2814/1/6 2820/1/6
f 2814/10/6 2815/10/6 2821/10/6
f 2820/1/6 2814/1/6 2821/1/6
f 2821/10/6 2815/10/6 2822/10/6
f 2815/1/6 2816/1/6 2823/1/6
f 2822/10/6 2815/10/6 2823/10/6
f 2823/1/6 2816/1/6 2824/1/6
f 2824/1/6 2816/1/6 2825/1/6
f 2825/1/6 2826/1/6 2827/1/6
f 2824/1/6 2825/1/6 2827/1/6
f 2817/10/6 2818/10/6 2831/10/6
f 2818/1/6 2819/1/6 2832/1/6
f 2831/10/6 2818/10/6 2832/10/6
f 2832/1/6 2819/1/6 2833/1/6
f 2824/1/6 2827/1/6 2834/1/6
f 2827/1/6 2828/1/6 2834/1/6
f 2834/1/6 2828/1/6 2835/1/6
f 2835/1/6 2828/1/6 2836/1/6
f 2828/10/6 2829/10/6 2837/10/6
f 2836/1/6 2828/1/6 2837/1/6
f 2837/10/6 2829/10/6 2838/10/6
f 2837/1/6 2838/1/6 2839/1/6
f 2836/1/6 2837/1/6 2839/1/6
f 2838/10/6 2829/10/6 2840/10/6
f 2839/1/6 2838/1/6 2840/1/6
f 2829/1/6 2830/1/6 2841/1/6
f 2840/10/6 2829/10/6 2841/10/6
f 2841/1/6 2830/1/6 2842/1/6
f 2842/1/6 2843/1/6 2844/1/6
f 2841/1/6 2842/1/6 2844/1/6
f 2844/1/6 2843/1/6 2845/1/6
f 2845/1/6 2843/1/6 2846/1/6
f 2846/1/6 2843/1/6 2847/1/6
f 2847/1/6 2843/1/6 2848/1/6
f 2848/1/6 2843/1/6 2849/1/6
f 2849/1/6 2843/1/6 2850/1/6
f 2850/1/6 2843/1/6 2851/1/6
f 2851/1/6 2843/1/6 2852/1/6
f 2853/1/6 2854/1/6 2855/1/6
f 2855/1/6 2854/1/6 2856/1/6
f 2856/1/6 2854/1/6 2857/1/6
f 2857/1/6 2854/1/6 2861/1/6
f 2859/1/6 2860/1/6 2864/1/6
f 2858/1/6 2859/1/6 2864/1/6
f 2860/1/6 2861/1/6 2864/1/6
f 2864/1/6 2861/1/6 2865/1/6
f 2861/1/6 2854/1/6 2866/1/6
f 2865/1/6 2861/1/6 2866/1/6
f 2862/1/6 2863/1/6 2872/1/6
f 2872/1/6 2863/1/6 2873/1/6
f 2863/10/6 2864/10/6 2874/10/6
f 2873/1/6 2863/1/6 2874/1/6
f 2870/1/6 2871/1/6 2875/1/6
f 2872/1/6 2873/1/6 2875/1/6
f 2871/1/6 2872/1/6 2875/1/6
f 2873/10/6 2874/10/6 2876/10/6
f 2875/1/6 2873/1/6 2876/1/6
f 2874/10/6 2864/10/6 2877/10/6
f 2876/10/6 2874/10/6 2877/10/6
f 2864/1/6 2865/1/6 2877/1/6
f 2877/1/6 2865/1/6 2878/1/6
f 2867/10/6 2868/10/6 2879/10/6
f 2868/1/6 2869/1/6 2880/1/6
f 2879/10/6 2868/10/6 2880/10/6
f 2880/1/6 2869/1/6 2881/1/6
f 2870/1/6 2875/1/6 2886/1/6
f 2886/1/6 2875/1/6 2887/1/6
f 2887/1/6 2875/1/6 2888/1/6
f 2879/1/6 2880/1/6 2889/1/6
f 2880/1/6 2881/1/6 2889/1/6
f 2881/1/6 2882/1/6 2889/1/6
f 2882/1/6 2883/1/6 2889/1/6
f 2884/10/6 2885/10/6 2890/10/6
f 2889/1/6 2883/1/6 2890/1/6
f 2883/10/6 2884/10/6 2890/10/6
f 2886/1/6 2887/1/6 2891/1/6
f 2890/10/6 2885/10/6 2891/10/6
f 2885/1/6 2886/1/6 2891/1/6
f 2891/1/6 2887/1/6 2892/1/6
f 2893/10/6 2894/10/6 2897/10/6
f 2894/1/6 2895/1/6 2897/1/6
f 2897/1/6 2895/1/6 2898/1/6
f 2895/10/6 2896/10/6 2899/10/6
f 2898/1/6 2895/1/6 2899/1/6
f 2899/10/6 2896/10/6 2900/10/6
f 2900/10/6 2896/10/6 2901/10/6
f 2893/10/6 2897/10/6 2903/10/6
f 2903/10/6 2897/10/6 2904/10/6
f 2900/1/6 2901/1/6 2905/1/6
f 2901/10/6 2896/10/6 2906/10/6
f 2905/1/6 2901/1/6 2906/1/6
f 2906/10/6 2896/10/6 2907/10/6
f 2903/1/6 2904/1/6 2911/1/6
f 2902/1/6 2903/1/6 2911/1/6
f 2911/1/6 2904/1/6 2912/1/6
f 2912/1/6 2904/1/6 2913/1/6
f 2913/1/6 2904/1/6 2914/1/6
f 2905/1/6 2906/1/6 2915/1/6
f 2906/1/6 2907/1/6 2915/1/6
f 2907/10/6 2908/10/6 2916/10/6
f 2915/1/6 2907/1/6 2916/1/6
f 2908/1/6 2909/1/6 2917/1/6
f 2916/10/6 2908/10/6 2917/10/6
f 2917/1/6 2909/1/6 2918/1/6
f 2918/1/6 2909/1/6 2919/1/6
f 2910/1/6 2911/1/6 2922/1/6
f 2911/1/6 2912/1/6 2922/1/6
f 2922/1/6 2912/1/6 2923/1/6
f 2919/1/6 2920/1/6 2924/1/6
f 2918/1/6 2919/1/6 2924/1/6
f 2924/1/6 2920/1/6 2925/1/6
f 2925/1/6 2920/1/6 2926/1/6
f 2920/10/6 2921/10/6 2927/10/6
f 2926/1/6 2920/1/6 2927/1/6
f 2927/10/6 2921/10/6 2928/10/6
f 2929/10/6 2930/10/6 2933/10/6
f 2933/10/6 2930/10/6 2934/10/6
f 2933/4/6 2934/4/6 2935/4/6
f 2934/10/6 2930/10/6 2936/10/6
f 2935/4/6 2934/4/6 2936/4/6
f 2931/1/6 2932/1/6 2937/1/6
f 2930/4/6 2931/4/6 2937/4/6
f 2937/1/6 2932/1/6 2938/1/6
f 2936/10/6 2930/10/6 2939/10/6
f 2937/4/6 2938/4/6 2940/4/6
f 2939/10/6 2930/10/6 2940/10/6
f 2930/4/6 2937/4/6 2940/4/6
f 2940/4/6 2938/4/6 2941/4/6
f 2941/4/6 2938/4/6 2942/4/6
f 2942/4/6 2938/4/6 2943/4/6
f 2943/4/6 2938/4/6 2944/4/6
f 2943/1/6 2944/1/6 2945/1/6
f 2945/1/6 2944/1/6 2946/1/6
f 2945/4/6 2946/4/6 2947/4/6
f 2947/4/6 2946/4/6 2948/4/6
f 2949/4/6 2950/4/6 2951/4/6
f 2951/4/6 2950/4/6 2952/4/6
f 2951/1/6 2952/1/6 2953/1/6
f 2953/1/6 2952/1/6 2954/1/6
f 2953/4/6 2954/4/6 2955/4/6
f 2955/4/6 2954/4/6 2958/4/6
f 2956/10/6 2957/10/6 2960/10/6
f 2957/4/6 2958/4/6 2961/4/6
f 2958/4/6 2954/4/6 2961/4/6
f 2961/4/6 2954/4/6 2962/4/6
f 2959/4/6 2960/4/6 2963/4/6
f 2960/10/6 2957/10/6 2964/10/6
f 2963/4/6 2960/4/6 2964/4/6
f 2963/10/6 2964/10/6 2965/10/6
f 2957/4/6 2961/4/6 2966/4/6
f 2965/10/6 2964/10/6 2966/10/6
f 2964/10/6 2957/10/6 2966/10/6
f 2961/1/6 2962/1/6 2967/1/6
f 2966/4/6 2961/4/6 2967/4/6
f 2967/1/6 2962/1/6 2968/1/6
f 2969/1/6 2970/1/6 2976/1/6
f 2976/1/6 2970/1/6 2977/1/6
f 2977/1/6 2970/1/6 2978/1/6
f 2971/1/6 2972/1/6 2984/1/6
f 2972/1/6 2973/1/6 2984/1/6
f 2973/1/6 2974/1/6 2984/1/6
f 2984/1/6 2974/1/6 2985/1/6
f 2974/10/6 2975/10/6 2986/10/6
f 2985/1/6 2974/1/6 2986/1/6
f 2986/10/6 2975/10/6 2987/10/6
f 2979/1/6 2980/1/6 2988/1/6
f 2977/1/6 2978/1/6 2988/1/6
f 2978/1/6 2979/1/6 2988/1/6
f 2988/1/6 2980/1/6 2989/1/6
f 2989/1/6 2980/1/6 2990/1/6
f 2981/1/6 2982/1/6 2991/1/6
f 2991/1/6 2982/1/6 2992/1/6
f 2982/10/6 2983/10/6 2993/10/6
f 2992/1/6 2982/1/6 2993/1/6
f 2984/1/6 2985/1/6 2994/1/6
f 2993/10/6 2983/10/6 2994/10/6
f 2983/1/6 2984/1/6 2994/1/6
f 2994/1/6 2985/1/6 2995/1/6
f 2989/10/6 2990/10/6 2996/10/6
f 2991/1/6 2992/1/6 2999/1/6
f 2992/10/6 2993/10/6 3000/10/6
f 2999/1/6 2992/1/6 3000/1/6
f 2989/10/6 2996/10/6 3001/10/6
f 2997/1/6 2998/1/6 3002/1/6
f 3001/10/6 2996/10/6 3002/10/6
f 2996/1/6 2997/1/6 3002/1/6
f 2998/10/6 2999/10/6 3003/10/6
f 3002/1/6 2998/1/6 3003/1/6
f 2999/10/6 3000/10/6 3003/10/6
f 3000/10/6 2993/10/6 3004/10/6
f 3003/10/6 3000/10/6 3004/10/6
f 3005/10/6 3006/10/6 3008/10/6
f 3006/1/6 3007/1/6 3008/1/6
f 3008/1/6 3007/1/6 3009/1/6
f 3005/10/6 3008/10/6 3012/10/6
f 3008/4/6 3009/4/6 3013/4/6
f 3012/10/6 3008/10/6 3013/10/6
f 3013/4/6 3009/4/6 3014/4/6
f 3014/4/6 3009/4/6 3015/4/6
f 3010/1/6 3011/1/6 3018/1/6
f 3011/4/6 3012/4/6 3019/4/6
f 3018/1/6 3011/1/6 3019/1/6
f 3019/4/6 3012/4/6 3020/4/6
f 3016/10/6 3017/10/6 3021/10/6
f 3021/10/6 3017/10/6 3022/10/6
f 3023/5/6 3024/5/6 3025/5/6
f 3025/5/6 3024/5/6 3026/5/6
f 3027/10/6 3028/10/6 3029/10/6
f 3029/10/6 3028/10/6 3030/10/6
f 3031/4/6 3032/4/6 3035/4/6
f 3032/10/6 3033/10/6 3036/10/6
f 3035/4/6 3032/4/6 3036/4/6
f 3033/4/6 3034/4/6 3037/4/6
f 3036/10/6 3033/10/6 3037/10/6
f 3037/4/6 3034/4/6 3038/4/6
f 3039/2/6 3040/2/6 3045/2/6
f 3045/2/6 3040/2/6 3046/2/6
f 3041/4/6 3042/4/6 3047/4/6
f 3042/10/6 3043/10/6 3048/10/6
f 3047/4/6 3042/4/6 3048/4/6
f 3043/4/6 3044/4/6 3049/4/6
f 3048/10/6 3043/10/6 3049/10/6
f 3049/4/6 3044/4/6 3050/4/6
f 3051/10/6 3052/10/6 3055/10/6
f 3055/10/6 3052/10/6 3056/10/6
f 3053/5/6 3054/5/6 3057/5/6
f 3057/5/6 3054/5/6 3058/5/6
f 3059/1/6 3060/1/6 3064/1/6
f 3060/4/6 3061/4/6 3065/4/6
f 3064/1/6 3060/1/6 3065/1/6
f 3065/4/6 3061/4/6 3066/4/6
f 3062/10/6 3063/10/6 3070/10/6
f 3070/10/6 3063/10/6 3071/10/6
f 3068/4/6 3069/4/6 3072/4/6
f 3067/4/6 3068/4/6 3072/4/6
f 3066/10/6 3067/10/6 3072/10/6
f 3072/4/6 3069/4/6 3073/4/6
f 3066/10/6 3072/10/6 3074/10/6
f 3072/1/6 3073/1/6 3075/1/6
f 3074/10/6 3072/10/6 3075/10/6
f 3075/1/6 3073/1/6 3076/1/6
f 3077/4/6 3078/4/6 3082/4/6
f 3078/10/6 3079/10/6 3083/10/6
f 3082/4/6 3078/4/6 3083/4/6
f 3079/4/6 3080/4/6 3084/4/6
f 3083/10/6 3079/10/6 3084/10/6
f 3084/4/6 3080/4/6 3085/4/6
f 3085/4/6 3080/4/6 3086/4/6
f 3082/4/6 3083/4/6 3090/4/6
f 3081/4/6 3082/4/6 3090/4/6
f 3083/4/6 3084/4/6 3090/4/6
f 3084/10/6 3085/10/6 3091/10/6
f 3090/4/6 3084/4/6 3091/4/6
f 3086/4/6 3087/4/6 3092/4/6
f 3091/10/6 3085/10/6 3092/10/6
f 3085/4/6 3086/4/6 3092/4/6
f 3092/4/6 3087/4/6 3093/4/6
f 3087/10/6 3088/10/6 3094/10/6
f 3093/4/6 3087/4/6 3094/4/6
f 3094/10/6 3088/10/6 3095/10/6
f 3088/4/6 3089/4/6 3096/4/6
f 3095/10/6 3088/10/6 3096/10/6
f 3096/4/6 3089/4/6 3097/4/6
f 3097/4/6 3089/4/6 3098/4/6
f 3098/4/6 3089/4/6 3099/4/6
f 3098/4/6 3099/4/6 3102/4/6
f 3100/10/6 3101/10/6 3103/10/6
f 3103/10/6 3101/10/6 3104/10/6
f 3098/4/6 3102/4/6 3105/4/6
f 3105/4/6 3102/4/6 3106/4/6
f 3107/2/6 3108/2/6 3111/2/6
f 3111/2/6 3108/2/6 3112/2/6
f 3109/4/6 3110/4/6 3113/4/6
f 3114/10/6 3115/10/6 3116/10/6
f 3116/10/6 3115/10/6 3117/10/6
f 3109/4/6 3113/4/6 3118/4/6
f 3109/4/6 3118/4/6 3127/4/6
f 3119/4/6 3120/4/6 3128/4/6
f 3128/4/6 3120/4/6 3129/4/6
f 3129/4/6 3120/4/6 3130/4/6
f 3120/10/6 3121/10/6 3131/10/6
f 3130/4/6 3120/4/6 3131/4/6
f 3121/4/6 3122/4/6 3132/4/6
f 3131/10/6 3121/10/6 3132/10/6
f 3122/4/6 3123/4/6 3132/4/6
f 3132/4/6 3123/4/6 3133/4/6
f 3123/10/6 3124/10/6 3134/10/6
f 3133/4/6 3123/4/6 3134/4/6
f 3124/10/6 3125/10/6 3134/10/6
f 3125/4/6 3126/4/6 3135/4/6
f 3134/10/6 3125/10/6 3135/10/6
f 3126/4/6 3127/4/6 3135/4/6
f 3127/4/6 3118/4/6 3136/4/6
f 3135/4/6 3127/4/6 3136/4/6
f 3129/4/6 3130/4/6 3137/4/6
f 3130/10/6 3131/10/6 3138/10/6
f 3137/4/6 3130/4/6 3138/4/6
f 3131/4/6 3132/4/6 3139/4/6
f 3138/10/6 3131/10/6 3139/10/6
f 3132/4/6 3133/4/6 3139/4/6
f 3139/4/6 3133/4/6 3140/4/6
f 3141/4/6 3142/4/6 3143/4/6
f 3143/4/6 3142/4/6 3144/4/6
f 3144/4/6 3142/4/6 3145/4/6
f 3145/4/6 3142/4/6 3146/4/6
f 3146/4/6 3142/4/6 3147/4/6
f 3147/4/6 3142/4/6 3148/4/6
f 3148/4/6 3142/4/6 3149/4/6
f 3149/4/6 3142/4/6 3150/4/6
f 3150/4/6 3142/4/6 3151/4/6
f 3145/4/6 3146/4/6 3154/4/6
f 3154/4/6 3146/4/6 3155/4/6
f 3152/5/6 3153/5/6 3156/5/6
f 3156/5/6 3153/5/6 3157/5/6
f 3157/10/6 3158/10/6 3160/10/6
f 3160/10/6 3158/10/6 3161/10/6
f 3159/5/6 3160/5/6 3164/5/6
f 3164/5/6 3160/5/6 3165/5/6
f 3162/4/6 3163/4/6 3166/4/6
f 3166/4/6 3163/4/6 3167/4/6
f 3168/2/6 3169/2/6 3173/2/6
f 3169/10/6 3170/10/6 3174/10/6
f 3173/2/6 3169/2/6 3174/2/6
f 3174/10/6 3170/10/6 3175/10/6
f 3171/4/6 3172/4/6 3176/4/6
f 3176/4/6 3172/4/6 3177/4/6
f 3178/5/6 3179/5/6 3180/5/6
f 3180/5/6 3179/5/6 3181/5/6
f 3181/10/6 3182/10/6 3186/10/6
f 3186/10/6 3182/10/6 3187/10/6
f 3185/5/6 3186/5/6 3188/5/6
f 3188/5/6 3186/5/6 3189/5/6
f 3190/4/6 3191/4/6 3193/4/6
f 3183/4/6 3184/4/6 3196/4/6
f 3196/4/6 3184/4/6 3197/4/6
f 3192/4/6 3193/4/6 3198/4/6
f 3194/4/6 3195/4/6 3199/4/6
f 3197/4/6 3198/4/6 3199/4/6
f 3196/4/6 3197/4/6 3199/4/6
f 3195/4/6 3196/4/6 3199/4/6
f 3198/4/6 3193/4/6 3200/4/6
f 3199/4/6 3198/4/6 3200/4/6
f 3193/4/6 3191/4/6 3200/4/6
f 3201/4/6 3202/4/6 3206/4/6
f 3202/10/6 3203/10/6 3207/10/6
f 3206/4/6 3202/4/6 3207/4/6
f 3207/10/6 3203/10/6 3208/10/6
f 3203/4/6 3204/4/6 3209/4/6
f 3208/10/6 3203/10/6 3209/10/6
f 3209/4/6 3204/4/6 3210/4/6
f 3204/10/6 3205/10/6 3211/10/6
f 3210/4/6 3204/4/6 3211/4/6
f 3211/10/6 3205/10/6 3212/10/6
f 3213/5/6 3214/5/6 3215/5/6
f 3215/5/6 3214/5/6 3216/5/6
f 3217/4/6 3218/4/6 3221/4/6
f 3221/4/6 3218/4/6 3222/4/6
f 3219/7/6 3220/7/6 3225/7/6
f 3225/7/6 3220/7/6 3226/7/6
f 3221/10/6 3222/10/6 3227/10/6
f 3223/5/6 3224/5/6 3229/5/6
f 3229/5/6 3224/5/6 3230/5/6
f 3221/10/6 3227/10/6 3231/10/6
f 3231/10/6 3227/10/6 3232/10/6
f 3227/4/6 3228/4/6 3233/4/6
f 3232/10/6 3227/10/6 3233/10/6
f 3228/4/6 3229/4/6 3233/4/6
f 3232/4/6 3233/4/6 3234/4/6
f 3233/4/6 3229/4/6 3235/4/6
f 3234/4/6 3233/4/6 3235/4/6
f 3235/4/6 3229/4/6 3236/4/6
f 3237/2/6 3238/2/6 3242/2/6
f 3242/2/6 3238/2/6 3243/2/6
f 3240/4/6 3241/4/6 3244/4/6
f 3239/4/6 3240/4/6 3244/4/6
f 3244/4/6 3241/4/6 3245/4/6
f 3244/10/6 3245/10/6 3246/10/6
f 3245/4/6 3241/4/6 3247/4/6
f 3246/10/6 3245/10/6 3247/10/6
f 3247/4/6 3241/4/6 3248/4/6
f 3248/4/6 3241/4/6 3249/4/6
f 3246/10/6 3247/10/6 3251/10/6
f 3251/10/6 3247/10/6 3252/10/6
f 3249/5/6 3250/5/6 3253/5/6
f 3253/5/6 3250/5/6 3254/5/6
f 3251/4/6 3252/4/6 3257/4/6
f 3257/4/6 3252/4/6 3258/4/6
f 3255/7/6 3256/7/6 3259/7/6
f 3259/7/6 3256/7/6 3260/7/6
f 3261/5/6 3262/5/6 3270/5/6
f 3270/5/6 3262/5/6 3271/5/6
f 3263/4/6 3264/4/6 3272/4/6
f 3264/10/6 3265/10/6 3273/10/6
f 3272/4/6 3264/4/6 3273/4/6
f 3265/10/6 3266/10/6 3273/10/6
f 3266/4/6 3267/4/6 3274/4/6
f 3273/10/6 3266/10/6 3274/10/6
f 3267/4/6 3268/4/6 3274/4/6
f 3268/10/6 3269/10/6 3275/10/6
f 3274/4/6 3268/4/6 3275/4/6
f 3275/10/6 3269/10/6 3276/10/6
f 3277/4/6 3278/4/6 3283/4/6
f 3283/4/6 3278/4/6 3284/4/6
f 3278/10/6 3279/10/6 3285/10/6
f 3284/4/6 3278/4/6 3285/4/6
f 3285/10/6 3279/10/6 3286/10/6
f 3279/4/6 3280/4/6 3287/4/6
f 3286/10/6 3279/10/6 3287/10/6
f 3287/4/6 3280/4/6 3288/4/6
f 3288/4/6 3280/4/6 3289/4/6
f 3281/10/6 3282/10/6 3290/10/6
f 3290/10/6 3282/10/6 3291/10/6
f 3292/5/6 3293/5/6 3294/5/6
f 3294/5/6 3293/5/6 3295/5/6
f 3296/7/6 3297/7/6 3300/7/6
f 3300/7/6 3297/7/6 3301/7/6
f 3298/4/6 3299/4/6 3302/4/6
f 3302/4/6 3299/4/6 3303/4/6
f 3302/10/6 3303/10/6 3304/10/6
f 3304/10/6 3303/10/6 3305/10/6
f 3306/2/6 3307/2/6 3310/2/6
f 3310/2/6 3307/2/6 3311/2/6
f 3308/10/6 3309/10/6 3312/10/6
f 3312/10/6 3309/10/6 3313/10/6
f 3312/4/6 3313/4/6 3314/4/6
f 3314/4/6 3313/4/6 3315/4/6
f 3316/7/6 3317/7/6 3318/7/6
f 3318/7/6 3317/7/6 3319/7/6
f 3320/5/6 3321/5/6 3331/5/6
f 3331/5/6 3321/5/6 3332/5/6
f 3322/4/6 3323/4/6 3333/4/6
f 3323/4/6 3324/4/6 3333/4/6
f 3324/10/6 3325/10/6 3334/10/6
f 3333/4/6 3324/4/6 3334/4/6
f 3325/10/6 3326/10/6 3334/10/6
f 3327/4/6 3328/4/6 3335/4/6
f 3334/10/6 3326/10/6 3335/10/6
f 3326/4/6 3327/4/6 3335/4/6
f 3335/4/6 3328/4/6 3336/4/6
f 3329/10/6 3330/10/6 3337/10/6
f 3337/10/6 3330/10/6 3338/10/6
f 3339/5/6 3340/5/6 3345/5/6
f 3345/5/6 3340/5/6 3346/5/6
f 3341/10/6 3342/10/6 3349/10/6
f 3342/4/6 3343/4/6 3349/4/6
f 3349/4/6 3343/4/6 3350/4/6
f 3343/10/6 3344/10/6 3351/10/6
f 3350/4/6 3343/4/6 3351/4/6
f 3351/10/6 3344/10/6 3352/10/6
f 3344/4/6 3345/4/6 3353/4/6
f 3353/4/6 3345/4/6 3354/4/6
f 3354/4/6 3345/4/6 3355/4/6
f 3347/10/6 3348/10/6 3356/10/6
f 3356/10/6 3348/10/6 3357/10/6
f 3349/10/6 3350/10/6 3360/10/6
f 3341/10/6 3349/10/6 3360/10/6
f 3360/10/6 3350/10/6 3361/10/6
f 3350/4/6 3351/4/6 3362/4/6
f 3361/10/6 3350/10/6 3362/10/6
f 3351/4/6 3352/4/6 3362/4/6
f 3362/4/6 3352/4/6 3363/4/6
f 3352/10/6 3344/10/6 3364/10/6
f 3363/4/6 3352/4/6 3364/4/6
f 3344/4/6 3353/4/6 3365/4/6
f 3364/10/6 3344/10/6 3365/10/6
f 3365/4/6 3353/4/6 3366/4/6
f 3358/10/6 3359/10/6 3367/10/6
f 3367/10/6 3359/10/6 3368/10/6
f 3369/5/6 3370/5/6 3372/5/6
f 3370/10/6 3371/10/6 3373/10/6
f 3372/5/6 3370/5/6 3373/5/6
f 3373/10/6 3371/10/6 3374/10/6
f 3375/4/6 3376/4/6 3377/4/6
f 3377/4/6 3376/4/6 3378/4/6
f 3379/2/6 3380/2/6 3384/2/6
f 3380/10/6 3381/10/6 3385/10/6
f 3384/2/6 3380/2/6 3385/2/6
f 3385/10/6 3381/10/6 3386/10/6
f 3382/4/6 3383/4/6 3387/4/6
f 3387/4/6 3383/4/6 3388/4/6
f 3389/5/6 3390/5/6 3392/5/6
f 3390/10/6 3391/10/6 3393/10/6
f 3392/5/6 3390/5/6 3393/5/6
f 3393/10/6 3391/10/6 3394/10/6
f 3395/10/6 3396/10/6 3404/10/6
f 3396/10/6 3397/10/6 3404/10/6
f 3398/4/6 3399/4/6 3405/4/6
f 3404/10/6 3397/10/6 3405/10/6
f 3397/4/6 3398/4/6 3405/4/6
f 3405/4/6 3399/4/6 3406/4/6
f 3399/10/6 3400/10/6 3407/10/6
f 3406/4/6 3399/4/6 3407/4/6
f 3400/4/6 3401/4/6 3408/4/6
f 3402/10/6 3403/10/6 3413/10/6
f 3413/10/6 3403/10/6 3414/10/6
f 3395/10/6 3404/10/6 3415/10/6
f 3405/4/6 3406/4/6 3416/4/6
f 3415/10/6 3404/10/6 3416/10/6
f 3404/4/6 3405/4/6 3416/4/6
f 3406/10/6 3407/10/6 3417/10/6
f 3416/4/6 3406/4/6 3417/4/6
f 3407/10/6 3400/10/6 3418/10/6
f 3417/10/6 3407/10/6 3418/10/6
f 3400/4/6 3408/4/6 3418/4/6
f 3409/4/6 3410/4/6 3418/4/6
f 3408/4/6 3409/4/6 3418/4/6
f 3418/4/6 3410/4/6 3419/4/6
f 3411/10/6 3412/10/6 3421/10/6
f 3421/10/6 3412/10/6 3422/10/6
f 3419/5/6 3420/5/6 3423/5/6
f 3423/5/6 3420/5/6 3424/5/6
f 3425/5/6 3426/5/6 3427/5/6
f 3427/5/6 3426/5/6 3428/5/6
f 3429/5/6 3430/5/6 3433/5/6
f 3433/5/6 3430/5/6 3434/5/6
f 3431/10/6 3432/10/6 3435/10/6
f 3435/10/6 3432/10/6 3436/10/6
f 3437/5/6 3438/5/6 3441/5/6
f 3441/5/6 3438/5/6 3442/5/6
f 3439/10/6 3440/10/6 3443/10/6
f 3443/10/6 3440/10/6 3444/10/6
f 3445/5/6 3446/5/6 3447/5/6
f 3447/5/6 3446/5/6 3448/5/6
f 3449/4/6 3450/4/6 3451/4/6
f 3451/4/6 3450/4/6 3452/4/6
f 3453/5/6 3454/5/6 3455/5/6
f 3455/5/6 3454/5/6 3456/5/6
f 3457/5/6 3458/5/6 3460/5/6
f 3460/5/6 3458/5/6 3461/5/6
f 3459/4/6 3460/4/6 3462/4/6
f 3462/4/6 3460/4/6 3463/4/6
f 3464/2/6 3465/2/6 3468/2/6
f 3468/2/6 3465/2/6 3469/2/6
f 3466/4/6 3467/4/6 3470/4/6
f 3470/4/6 3467/4/6 3471/4/6
f 3471/5/6 3472/5/6 3473/5/6
f 3473/5/6 3472/5/6 3474/5/6
f 3475/5/6 3476/5/6 3477/5/6
f 3477/5/6 3476/5/6 3478/5/6
f 3479/4/6 3480/4/6 3481/4/6
f 3481/4/6 3480/4/6 3482/4/6
f 3483/10/6 3484/10/6 3489/10/6
f 3489/10/6 3484/10/6 3490/10/6
f 3485/5/6 3486/5/6 3491/5/6
f 3491/5/6 3486/5/6 3492/5/6
f 3487/5/6 3488/5/6 3493/5/6
f 3493/5/6 3488/5/6 3494/5/6
f 3494/7/6 3495/7/6 3498/7/6
f 3498/7/6 3495/7/6 3499/7/6
f 3496/4/6 3497/4/6 3500/4/6
f 3496/4/6 3500/4/6 3503/4/6
f 3501/5/6 3502/5/6 3504/5/6
f 3504/5/6 3502/5/6 3505/5/6
f 3496/4/6 3503/4/6 3506/4/6
f 3503/10/6 3504/10/6 3507/10/6
f 3506/4/6 3503/4/6 3507/4/6
f 3507/10/6 3504/10/6 3508/10/6
f 3506/10/6 3507/10/6 3509/10/6
f 3509/10/6 3507/10/6 3510/10/6
f 3511/2/6 3512/2/6 3515/2/6
f 3515/2/6 3512/2/6 3516/2/6
f 3513/10/6 3514/10/6 3517/10/6
f 3517/10/6 3514/10/6 3518/10/6
f 3517/4/6 3518/4/6 3520/4/6
f 3518/10/6 3519/10/6 3520/10/6
f 3520/10/6 3519/10/6 3521/10/6
f 3517/4/6 3520/4/6 3523/4/6
f 3521/5/6 3522/5/6 3524/5/6
f 3524/5/6 3522/5/6 3525/5/6
f 3517/4/6 3523/4/6 3526/4/6
f 3526/4/6 3523/4/6 3527/4/6
f 3528/7/6 3529/7/6 3535/7/6
f 3535/7/6 3529/7/6 3536/7/6
f 3530/10/6 3531/10/6 3537/10/6
f 3537/10/6 3531/10/6 3538/10/6
f 3532/5/6 3533/5/6 3539/5/6
f 3539/5/6 3533/5/6 3540/5/6
f 3534/5/6 3535/5/6 3541/5/6
f 3541/5/6 3535/5/6 3542/5/6
f 3543/10/6 3544/10/6 3545/10/6
f 3545/10/6 3544/10/6 3546/10/6
f 3547/5/6 3548/5/6 3551/5/6
f 3551/5/6 3548/5/6 3552/5/6
f 3549/7/6 3550/7/6 3553/7/6
f 3553/7/6 3550/7/6 3554/7/6
f 3555/5/6 3556/5/6 3559/5/6
f 3559/5/6 3556/5/6 3560/5/6
f 3557/7/6 3558/7/6 3561/7/6
f 3561/7/6 3558/7/6 3562/7/6
f 3563/10/6 3564/10/6 3565/10/6
f 3565/10/6 3564/10/6 3566/10/6
f 3567/7/6 3568/7/6 3569/7/6
f 3569/7/6 3568/7/6 3570/7/6
f 3571/7/6 3572/7/6 3573/7/6
f 3573/7/6 3572/7/6 3574/7/6
f 3575/5/6 3576/5/6 3577/5/6
f 3577/5/6 3576/5/6 3578/5/6
f 3578/5/6 3576/5/6 3579/5/6
f 3582/5/6 3583/5/6 3584/5/6
f 3584/5/6 3583/5/6 3585/5/6
f 3580/4/6 3581/4/6 3586/4/6
f 3586/4/6 3581/4/6 3587/4/6
f 3588/2/6 3589/2/6 3592/2/6
f 3592/2/6 3589/2/6 3593/2/6
f 3590/4/6 3591/4/6 3596/4/6
f 3596/4/6 3591/4/6 3597/4/6
f 3594/5/6 3595/5/6 3598/5/6
f 3598/5/6 3595/5/6 3599/5/6
f 3600/5/6 3601/5/6 3603/5/6
f 3601/5/6 3602/5/6 3603/5/6
f 3603/5/6 3602/5/6 3604/5/6
f 3605/7/6 3606/7/6 3608/7/6
f 3608/7/6 3606/7/6 3609/7/6
f 3607/5/6 3608/5/6 3610/5/6
f 3610/5/6 3608/5/6 3611/5/6
f 3612/4/6 3613/4/6 3614/4/6
f 3614/4/6 3613/4/6 3615/4/6
f 3616/2/6 3617/2/6 3620/2/6
f 3620/2/6 3617/2/6 3621/2/6
f 3618/4/6 3619/4/6 3622/4/6
f 3622/4/6 3619/4/6 3623/4/6
f 3624/5/6 3625/5/6 3626/5/6
f 3626/5/6 3625/5/6 3627/5/6
f 3627/7/6 3628/7/6 3629/7/6
f 3629/7/6 3628/7/6 3630/7/6
f 3631/4/6 3632/4/6 3636/4/6
f 3636/4/6 3632/4/6 3637/4/6
f 3633/10/6 3634/10/6 3638/10/6
f 3638/10/6 3634/10/6 3639/10/6
f 3634/4/6 3635/4/6 3640/4/6
f 3639/10/6 3634/10/6 3640/10/6
f 3640/4/6 3635/4/6 3641/4/6
f 3642/7/6 3643/7/6 3647/7/6
f 3647/7/6 3643/7/6 3648/7/6
f 3644/5/6 3645/5/6 3649/5/6
f 3649/5/6 3645/5/6 3650/5/6
f 3646/5/6 3647/5/6 3651/5/6
f 3651/5/6 3647/5/6 3652/5/6
f 3653/2/6 3654/2/6 3655/2/6
f 3655/2/6 3654/2/6 3656/2/6
f 3657/5/6 3658/5/6 3661/5/6
f 3661/5/6 3658/5/6 3662/5/6
f 3659/5/6 3660/5/6 3663/5/6
f 3663/5/6 3660/5/6 3664/5/6
f 3664/7/6 3665/7/6 3672/7/6
f 3672/7/6 3665/7/6 3673/7/6
f 3666/4/6 3667/4/6 3674/4/6
f 3674/4/6 3667/4/6 3675/4/6
f 3668/10/6 3669/10/6 3676/10/6
f 3669/10/6 3670/10/6 3676/10/6
f 3670/4/6 3671/4/6 3677/4/6
f 3676/10/6 3670/10/6 3677/10/6
f 3677/4/6 3671/4/6 3678/4/6
f 3679/7/6 3680/7/6 3681/7/6
f 3681/7/6 3680/7/6 3682/7/6
f 3683/5/6 3684/5/6 3685/5/6
f 3685/5/6 3684/5/6 3686/5/6
f 3687/2/6 3688/2/6 3689/2/6
f 3689/2/6 3688/2/6 3690/2/6
f 3691/5/6 3692/5/6 3693/5/6
f 3693/5/6 3692/5/6 3694/5/6
f 3695/7/6 3696/7/6 3697/7/6
f 3697/7/6 3696/7/6 3698/7/6
f 3699/3/6 3700/3/6 3707/3/6
f 3707/3/6 3700/3/6 3708/3/6
f 3701/5/6 3702/5/6 3709/5/6
f 3709/5/6 3702/5/6 3710/5/6
f 3703/4/6 3704/4/6 3711/4/6
f 3704/10/6 3705/10/6 3712/10/6
f 3711/4/6 3704/4/6 3712/4/6
f 3712/10/6 3705/10/6 3713/10/6
f 3705/4/6 3706/4/6 3714/4/6
f 3713/10/6 3705/10/6 3714/10/6
f 3714/4/6 3706/4/6 3715/4/6
f 3715/4/6 3706/4/6 3716/4/6
f 3717/4/6 3718/4/6 3723/4/6
f 3718/10/6 3719/10/6 3724/10/6
f 3723/4/6 3718/4/6 3724/4/6
f 3719/10/6 3720/10/6 3724/10/6
f 3721/4/6 3722/4/6 3725/4/6
f 3724/10/6 3720/10/6 3725/10/6
f 3720/4/6 3721/4/6 3725/4/6
f 3725/4/6 3722/4/6 3726/4/6
f 3727/3/6 3728/3/6 3731/3/6
f 3731/3/6 3728/3/6 3732/3/6
f 3729/5/6 3730/5/6 3733/5/6
f 3733/5/6 3730/5/6 3734/5/6
f 3735/3/6 3736/3/6 3737/3/6
f 3737/3/6 3736/3/6 3738/3/6
f 3739/4/6 3740/4/6 3741/4/6
f 3741/4/6 3740/4/6 3742/4/6
f 3741/4/6 3742/4/6 3743/4/6
f 3743/4/6 3742/4/6 3744/4/6
f 3744/4/6 3742/4/6 3745/4/6
f 3744/4/6 3745/4/6 3748/4/6
f 3746/5/6 3747/5/6 3748/5/6
f 3745/5/6 3746/5/6 3748/5/6
f 3748/5/6 3747/5/6 3749/5/6
f 3744/4/6 3748/4/6 3750/4/6
f 3750/4/6 3748/4/6 3751/4/6
f 3752/4/6 3753/4/6 3754/4/6
f 3752/4/6 3754/4/6 3757/4/6
f 3754/5/6 3755/5/6 3758/5/6
f 3757/4/6 3754/4/6 3758/4/6
f 3758/5/6 3755/5/6 3759/5/6
f 3759/5/6 3755/5/6 3760/5/6
f 3756/4/6 3757/4/6 3761/4/6
f 3757/4/6 3758/4/6 3761/4/6
f 3761/4/6 3758/4/6 3762/4/6
f 3761/4/6 3762/4/6 3765/4/6
f 3765/4/6 3762/4/6 3766/4/6
f 3763/3/6 3764/3/6 3767/3/6
f 3767/3/6 3764/3/6 3768/3/6
f 3769/5/6 3770/5/6 3774/5/6
f 3770/10/6 3771/10/6 3775/10/6
f 3774/5/6 3770/5/6 3775/5/6
f 3775/10/6 3771/10/6 3776/10/6
f 3772/7/6 3773/7/6 3782/7/6
f 3782/7/6 3773/7/6 3783/7/6
f 3777/10/6 3778/10/6 3785/10/6
f 3785/10/6 3778/10/6 3786/10/6
f 3779/10/6 3780/10/6 3787/10/6
f 3787/10/6 3780/10/6 3788/10/6
f 3782/4/6 3783/4/6 3789/4/6
f 3781/4/6 3782/4/6 3789/4/6
f 3789/4/6 3783/4/6 3790/4/6
f 3784/5/6 3785/5/6 3791/5/6
f 3791/5/6 3785/5/6 3792/5/6
f 3793/4/6 3794/4/6 3795/4/6
f 3795/4/6 3794/4/6 3796/4/6
f 3797/10/6 3798/10/6 3803/10/6
f 3803/10/6 3798/10/6 3804/10/6
f 3799/4/6 3800/4/6 3805/4/6
f 3805/4/6 3800/4/6 3806/4/6
f 3806/4/6 3800/4/6 3807/4/6
f 3801/5/6 3802/5/6 3808/5/6
f 3808/5/6 3802/5/6 3809/5/6
f 3806/7/6 3807/7/6 3811/7/6
f 3811/7/6 3807/7/6 3812/7/6
f 3809/10/6 3810/10/6 3816/10/6
f 3816/10/6 3810/10/6 3817/10/6
f 3813/5/6 3814/5/6 3818/5/6
f 3814/10/6 3815/10/6 3819/10/6
f 3818/5/6 3814/5/6 3819/5/6
f 3819/10/6 3815/10/6 3820/10/6
f 3821/3/6 3822/3/6 3823/3/6
f 3823/3/6 3822/3/6 3824/3/6
f 3825/7/6 3826/7/6 3831/7/6
f 3831/7/6 3826/7/6 3832/7/6
f 3827/4/6 3828/4/6 3833/4/6
f 3833/4/6 3828/4/6 3834/4/6
f 3829/10/6 3830/10/6 3835/10/6
f 3835/10/6 3830/10/6 3836/10/6
f 3827/4/6 3833/4/6 3837/4/6
f 3827/4/6 3837/4/6 3841/4/6
f 3837/4/6 3838/4/6 3841/4/6
f 3841/4/6 3838/4/6 3842/4/6
f 3839/10/6 3840/10/6 3843/10/6
f 3843/10/6 3840/10/6 3844/10/6
f 3845/7/6 3846/7/6 3849/7/6
f 3849/7/6 3846/7/6 3850/7/6
f 3847/3/6 3848/3/6 3851/3/6
f 3851/3/6 3848/3/6 3852/3/6
f 3853/10/6 3854/10/6 3855/10/6
f 3855/10/6 3854/10/6 3856/10/6
f 3857/10/6 3858/10/6 3859/10/6
f 3859/10/6 3858/10/6 3860/10/6
f 3861/7/6 3862/7/6 3865/7/6
f 3865/7/6 3862/7/6 3866/7/6
f 3863/7/6 3864/7/6 3867/7/6
f 3867/7/6 3864/7/6 3868/7/6
f 3871/4/6 3872/4/6 3873/4/6
f 3873/4/6 3872/4/6 3874/4/6
f 3874/4/6 3872/4/6 3875/4/6
f 3875/4/6 3872/4/6 3876/4/6
f 3877/10/6 3878/10/6 3879/10/6
f 3879/10/6 3878/10/6 3880/10/6
f 3879/4/6 3880/4/6 3881/4/6
f 3881/4/6 3880/4/6 3882/4/6
f 3881/10/6 3882/10/6 3886/10/6
f 3886/10/6 3882/10/6 3887/10/6
f 3884/4/6 3885/4/6 3888/4/6
f 3883/4/6 3884/4/6 3888/4/6
f 3869/4/6 3870/4/6 3889/4/6
f 3889/4/6 3870/4/6 3890/4/6
f 3888/4/6 3885/4/6 3891/4/6
f 3891/4/6 3885/4/6 3892/4/6
f 3893/7/6 3894/7/6 3897/7/6
f 3897/7/6 3894/7/6 3898/7/6
f 3895/7/6 3896/7/6 3899/7/6
f 3899/7/6 3896/7/6 3900/7/6
f 3901/10/6 3902/10/6 3904/10/6
f 3904/10/6 3902/10/6 3905/10/6
f 3902/3/6 3903/3/6 3906/3/6
f 3905/10/6 3902/10/6 3906/10/6
f 3906/3/6 3903/3/6 3907/3/6
f 3908/3/6 3909/3/6 3912/3/6
f 3912/3/6 3909/3/6 3913/3/6
f 3912/4/6 3913/4/6 3915/4/6
f 3910/4/6 3911/4/6 3915/4/6
f 3911/4/6 3912/4/6 3915/4/6
f 3913/10/6 3914/10/6 3916/10/6
f 3915/4/6 3913/4/6 3916/4/6
f 3916/10/6 3914/10/6 3917/10/6
f 3918/4/6 3919/4/6 3920/4/6
f 3920/4/6 3919/4/6 3921/4/6
f 3921/4/6 3919/4/6 3922/4/6
f 3921/10/6 3922/10/6 3923/10/6
f 3923/10/6 3922/10/6 3924/10/6
f 3923/4/6 3924/4/6 3925/4/6
f 3925/4/6 3924/4/6 3926/4/6
f 3926/4/6 3924/4/6 3927/4/6
f 3910/4/6 3915/4/6 3928/4/6
f 3910/4/6 3928/4/6 3931/4/6
f 3928/4/6 3929/4/6 3931/4/6
f 3931/4/6 3929/4/6 3932/4/6
f 3932/4/6 3929/4/6 3933/4/6
f 3929/10/6 3930/10/6 3934/10/6
f 3933/4/6 3929/4/6 3934/4/6
f 3934/10/6 3930/10/6 3935/10/6
f 3933/3/6 3934/3/6 3936/3/6
f 3936/3/6 3934/3/6 3937/3/6
f 3938/10/6 3939/10/6 3942/10/6
f 3939/10/6 3940/10/6 3942/10/6
f 3940/3/6 3941/3/6 3943/3/6
f 3942/10/6 3940/10/6 3943/10/6
f 3943/3/6 3941/3/6 3944/3/6
f 3945/7/6 3946/7/6 3947/7/6
f 3947/7/6 3946/7/6 3948/7/6
f 3949/4/6 3950/4/6 3952/4/6
f 3950/10/6 3951/10/6 3952/10/6
f 3952/10/6 3951/10/6 3953/10/6
f 3952/4/6 3953/4/6 3956/4/6
f 3953/10/6 3954/10/6 3956/10/6
f 3956/10/6 3954/10/6 3957/10/6
f 3954/4/6 3955/4/6 3958/4/6
f 3957/10/6 3954/10/6 3958/10/6
f 3958/4/6 3955/4/6 3959/4/6
f 3956/4/6 3957/4/6 3960/4/6
f 3957/10/6 3958/10/6 3960/10/6
f 3958/10/6 3959/10/6 3960/10/6
f 3960/10/6 3959/10/6 3961/10/6
f 3956/4/6 3960/4/6 3962/4/6
f 3960/4/6 3961/4/6 3962/4/6
f 3961/10/6 3959/10/6 3963/10/6
f 3962/4/6 3961/4/6 3963/4/6
f 3952/4/6 3956/4/6 3964/4/6
f 3956/4/6 3962/4/6 3964/4/6
f 3962/10/6 3963/10/6 3965/10/6
f 3964/4/6 3962/4/6 3965/4/6
f 3963/10/6 3959/10/6 3966/10/6
f 3965/10/6 3963/10/6 3966/10/6
f 3966/10/6 3959/10/6 3967/10/6
f 3949/4/6 3952/4/6 3968/4/6
f 3952/4/6 3964/4/6 3968/4/6
f 3964/10/6 3965/10/6 3969/10/6
f 3968/4/6 3964/4/6 3969/4/6
f 3965/10/6 3966/10/6 3969/10/6
f 3966/4/6 3967/4/6 3970/4/6
f 3969/10/6 3966/10/6 3970/10/6
f 3970/4/6 3967/4/6 3971/4/6
f 3949/4/6 3968/4/6 3972/4/6
f 3968/10/6 3969/10/6 3973/10/6
f 3972/4/6 3968/4/6 3973/4/6
f 3973/10/6 3969/10/6 3974/10/6
f 3975/7/6 3976/7/6 3977/7/6
f 3977/7/6 3976/7/6 3978/7/6
f 3979/3/6 3980/3/6 3981/3/6
f 3981/3/6 3980/3/6 3982/3/6
f 3983/3/6 3984/3/6 3985/3/6
f 3985/3/6 3984/3/6 3986/3/6
f 3987/10/6 3988/10/6 3991/10/6
f 3991/10/6 3988/10/6 3992/10/6
f 3989/3/6 3990/3/6 3993/3/6
f 3993/3/6 3990/3/6 3994/3/6
f 3995/3/6 3996/3/6 3997/3/6
f 3997/3/6 3996/3/6 3998/3/6
f 3999/10/6 4000/10/6 4001/10/6
f 4001/10/6 4000/10/6 4002/10/6
f 4003/7/6 4004/7/6 4005/7/6
f 4005/7/6 4004/7/6 4006/7/6
f 4007/7/6 4008/7/6 4009/7/6
f 4009/7/6 4008/7/6 4010/7/6
