# MagicaVoxel @ Ephtracy

# group
o 

# material
mtllib радиационные пришелец.mtl
usemtl palette

# normals
vn -1 0 0
vn 1 0 0
vn 0 0 1
vn 0 0 -1
vn 0 -1 0
vn 0 1 0

# texcoords
vt 0.251953 0.5
vt 0.283203 0.5
vt 0.314453 0.5
vt 0.369141 0.5
vt 0.376953 0.5
vt 0.400391 0.5
vt 0.408203 0.5
vt 0.412109 0.5
vt 0.431641 0.5

# verts
v -1.7 1 0.7
v -1.7 1 -0.7
v -1.7 1.2 0.4
v -1.7 1.2 0.2
v -1.7 1.2 0.0999999
v -1.7 1.2 -0.1
v -1.7 1.2 -0.2
v -1.7 1.2 -0.4
v -1.7 1.3 0.4
v -1.7 1.3 0.2
v -1.7 1.3 0.0999999
v -1.7 1.3 -0.1
v -1.7 1.3 -0.2
v -1.7 1.3 -0.4
v -1.7 1.4 0.8
v -1.7 1.4 0.7
v -1.7 1.4 0.2
v -1.7 1.4 0.0999999
v -1.7 1.4 -0.1
v -1.7 1.4 -0.2
v -1.7 1.4 -0.7
v -1.7 1.4 -0.8
v -1.7 1.6 0.4
v -1.7 1.6 0.2
v -1.7 1.6 0.0999999
v -1.7 1.6 -0.1
v -1.7 1.6 -0.2
v -1.7 1.6 -0.4
v -1.7 1.7 0.5
v -1.7 1.7 0.4
v -1.7 1.7 0.2
v -1.7 1.7 0.0999999
v -1.7 1.7 -0.1
v -1.7 1.7 -0.2
v -1.7 1.7 -0.4
v -1.7 1.7 -0.5
v -1.7 1.8 0.8
v -1.7 1.8 0.7
v -1.7 1.8 0.5
v -1.7 1.8 0.2
v -1.7 1.8 -0.2
v -1.7 1.8 -0.5
v -1.7 1.8 -0.7
v -1.7 1.8 -0.8
v -1.7 2.1 0.7
v -1.7 2.1 -0.7
v -1.6 0.8 0.8
v -1.6 0.8 -0.8
v -1.6 1 0.7
v -1.6 1 -0.7
v -1.6 1.4 0.8
v -1.6 1.4 0.7
v -1.6 1.4 -0.7
v -1.6 1.4 -0.8
v -1.6 2.1 0.6
v -1.6 2.1 -0.6
v -1.6 2.3 0.6
v -1.6 2.3 -0.6
v -1.5 0.4 1.2
v -1.5 0.4 -1.2
v -1.5 0.6 1.2
v -1.5 0.6 1.1
v -1.5 0.6 -1.1
v -1.5 0.6 -1.2
v -1.5 0.7 1.1
v -1.5 0.7 1
v -1.5 0.7 -1
v -1.5 0.7 -1.1
v -1.5 0.8 1
v -1.5 0.8 0.8
v -1.5 0.8 -0.8
v -1.5 0.8 -1
v -1.5 0.9 0.9
v -1.5 0.9 0.8
v -1.5 0.9 -0.8
v -1.5 0.9 -0.9
v -1.5 1.6 0.9
v -1.5 1.6 0.8
v -1.5 1.6 -0.8
v -1.5 1.6 -0.9
v -1.4 0 1.4
v -1.4 0 -1.4
v -1.4 0.2 1.4
v -1.4 0.2 1.3
v -1.4 0.2 1.1
v -1.4 0.2 0.9
v -1.4 0.2 0.5
v -1.4 0.2 -0.5
v -1.4 0.2 -0.9
v -1.4 0.2 -1.1
v -1.4 0.2 -1.3
v -1.4 0.2 -1.4
v -1.4 0.3 1.3
v -1.4 0.3 1.1
v -1.4 0.3 0.9
v -1.4 0.3 0.5
v -1.4 0.3 -0.5
v -1.4 0.3 -0.9
v -1.4 0.3 -1.1
v -1.4 0.3 -1.3
v -1.4 0.4 1.3
v -1.4 0.4 1.2
v -1.4 0.4 -1.2
v -1.4 0.4 -1.3
v -1.4 2.3 0.6
v -1.4 2.3 -0.6
v -1.4 2.4 0.6
v -1.4 2.4 -0.6
v -1.3 0 1.8
v -1.3 0 1.4
v -1.3 0 -1.4
v -1.3 0 -1.8
v -1.3 0.1 1.8
v -1.3 0.1 1.5
v -1.3 0.1 -1.5
v -1.3 0.1 -1.8
v -1.3 0.2 1.5
v -1.3 0.2 1.4
v -1.3 0.2 -1.4
v -1.3 0.2 -1.5
v -1.2 0.2 1.4
v -1.2 0.2 1.3
v -1.2 0.2 -1.3
v -1.2 0.2 -1.4
v -1.2 0.3 1.4
v -1.2 0.3 1.3
v -1.2 0.3 -1.3
v -1.2 0.3 -1.4
v -1.2 2.4 0.5
v -1.2 2.4 -0.5
v -1.2 2.5 0.5
v -1.2 2.5 -0.5
v -1.1 0.1 1.7
v -1.1 0.1 1.5
v -1.1 0.1 -1.5
v -1.1 0.1 -1.7
v -1.1 0.2 1.7
v -1.1 0.2 1.5
v -1.1 0.2 -1.5
v -1.1 0.2 -1.7
v -1 0.2 1.6
v -1 0.2 1.5
v -1 0.2 1.4
v -1 0.2 -1.4
v -1 0.2 -1.5
v -1 0.2 -1.6
v -1 0.3 1.6
v -1 0.3 1.5
v -1 0.3 1.4
v -1 0.3 1.3
v -1 0.3 -1.3
v -1 0.3 -1.4
v -1 0.3 -1.5
v -1 0.3 -1.6
v -1 0.4 1.4
v -1 0.4 1.3
v -1 0.4 -1.3
v -1 0.4 -1.4
v -1 1.6 0.9
v -1 1.6 0.8
v -1 1.6 -0.8
v -1 1.6 -0.9
v -1 1.8 0.8
v -1 1.8 0.7
v -1 1.8 -0.7
v -1 1.8 -0.8
v -1 2 0.7
v -1 2 0.6
v -1 2 -0.6
v -1 2 -0.7
v -1 2.4 0.9
v -1 2.4 0.8
v -1 2.4 0.7
v -1 2.4 0.6
v -1 2.4 -0.6
v -1 2.4 -0.7
v -1 2.4 -0.8
v -1 2.4 -0.9
v -1 2.7 0.7
v -1 2.7 0.6
v -1 2.7 -0.6
v -1 2.7 -0.7
v -1 2.8 0.8
v -1 2.8 0.7
v -1 2.8 -0.7
v -1 2.8 -0.8
v 1.19209e-07 1.6 0.9
v 1.19209e-07 1.6 0.8
v 1.19209e-07 1.6 -0.8
v 1.19209e-07 1.6 -0.9
v 1.19209e-07 1.9 0.8
v 1.19209e-07 1.9 0.7
v 1.19209e-07 1.9 0.6
v 1.19209e-07 1.9 -0.6
v 1.19209e-07 1.9 -0.7
v 1.19209e-07 1.9 -0.8
v 1.19209e-07 2 0.9
v 1.19209e-07 2 0.8
v 1.19209e-07 2 0.7
v 1.19209e-07 2 -0.7
v 1.19209e-07 2 -0.8
v 1.19209e-07 2 -0.9
v 1.19209e-07 2.1 0.8
v 1.19209e-07 2.1 0.7
v 1.19209e-07 2.1 0.6
v 1.19209e-07 2.1 -0.6
v 1.19209e-07 2.1 -0.7
v 1.19209e-07 2.1 -0.8
v 1.19209e-07 2.3 0.8
v 1.19209e-07 2.3 0.7
v 1.19209e-07 2.3 -0.7
v 1.19209e-07 2.3 -0.8
v 0.1 0.8 0.9
v 0.1 0.8 0.8
v 0.1 0.8 -0.8
v 0.1 0.8 -0.9
v 0.1 0.9 0.9
v 0.1 0.9 0.8
v 0.1 0.9 -0.8
v 0.1 0.9 -0.9
v 0.5 0.7 1.1
v 0.5 0.7 1
v 0.5 0.7 -1
v 0.5 0.7 -1.1
v 0.5 0.8 1.1
v 0.5 0.8 1
v 0.5 0.8 0.9
v 0.5 0.8 -0.9
v 0.5 0.8 -1
v 0.5 0.8 -1.1
v 0.5 1 0.9
v 0.5 1 0.8
v 0.5 1 -0.8
v 0.5 1 -0.9
v 0.5 1.1 0.8
v 0.5 1.1 0.7
v 0.5 1.1 0.6
v 0.5 1.1 0.5
v 0.5 1.1 -0.5
v 0.5 1.1 -0.6
v 0.5 1.1 -0.7
v 0.5 1.1 -0.8
v 0.5 1.2 1
v 0.5 1.2 0.9
v 0.5 1.2 0.8
v 0.5 1.2 0.7
v 0.5 1.2 -0.7
v 0.5 1.2 -0.8
v 0.5 1.2 -0.9
v 0.5 1.2 -1
v 0.5 1.4 0.9
v 0.5 1.4 0.8
v 0.5 1.4 0.6
v 0.5 1.4 0.5
v 0.5 1.4 -0.5
v 0.5 1.4 -0.6
v 0.5 1.4 -0.8
v 0.5 1.4 -0.9
v 0.5 1.5 0.8
v 0.5 1.5 0.7
v 0.5 1.5 -0.7
v 0.5 1.5 -0.8
v 0.5 1.6 0.7
v 0.5 1.6 0.6
v 0.5 1.6 -0.6
v 0.5 1.6 -0.7
v 0.5 1.7 0.8
v 0.5 1.7 0.7
v 0.5 1.7 -0.7
v 0.5 1.7 -0.8
v 0.9 0.5 1.1
v 0.9 0.5 1
v 0.9 0.5 0.7
v 0.9 0.5 -0.7
v 0.9 0.5 -1
v 0.9 0.5 -1.1
v 0.9 0.6 1.1
v 0.9 0.6 1
v 0.9 0.6 0.9
v 0.9 0.6 0.7
v 0.9 0.6 0.6
v 0.9 0.6 0.5
v 0.9 0.6 -0.5
v 0.9 0.6 -0.6
v 0.9 0.6 -0.7
v 0.9 0.6 -0.9
v 0.9 0.6 -1
v 0.9 0.6 -1.1
v 0.9 0.8 1
v 0.9 0.8 0.9
v 0.9 0.8 0.8
v 0.9 0.8 0.7
v 0.9 0.8 0.6
v 0.9 0.8 0.5
v 0.9 0.8 -0.5
v 0.9 0.8 -0.6
v 0.9 0.8 -0.7
v 0.9 0.8 -0.8
v 0.9 0.8 -0.9
v 0.9 0.8 -1
v 0.9 1 0.8
v 0.9 1 0.7
v 0.9 1 0.6
v 0.9 1 -0.6
v 0.9 1 -0.7
v 0.9 1 -0.8
v 0.9 1.1 0.9
v 0.9 1.1 0.8
v 0.9 1.1 0.7
v 0.9 1.1 -0.7
v 0.9 1.1 -0.8
v 0.9 1.1 -0.9
v 0.9 1.3 0.8
v 0.9 1.3 0.7
v 0.9 1.3 -0.7
v 0.9 1.3 -0.8
v 1.3 0.4 0.8
v 1.3 0.4 0.7
v 1.3 0.4 0.6
v 1.3 0.4 0.5
v 1.3 0.4 -0.5
v 1.3 0.4 -0.6
v 1.3 0.4 -0.7
v 1.3 0.4 -0.8
v 1.3 0.5 0.8
v 1.3 0.5 0.7
v 1.3 0.5 0.6
v 1.3 0.5 0.5
v 1.3 0.5 -0.5
v 1.3 0.5 -0.6
v 1.3 0.5 -0.7
v 1.3 0.5 -0.8
v 1.3 0.6 0.7
v 1.3 0.6 0.6
v 1.3 0.6 -0.6
v 1.3 0.6 -0.7
v 1.4 0.6 0.7
v 1.4 0.6 0.6
v 1.4 0.6 -0.6
v 1.4 0.6 -0.7
v 1.4 0.7 0.7
v 1.4 0.7 0.6
v 1.4 0.7 -0.6
v 1.4 0.7 -0.7
v -1.2 2 0.7
v -1.2 2 0.6
v -1.2 2 -0.6
v -1.2 2 -0.7
v -1.2 2.1 0.7
v -1.2 2.1 0.6
v -1.2 2.1 -0.6
v -1.2 2.1 -0.7
v -0.9 2.6 0.7
v -0.9 2.6 0.6
v -0.9 2.6 -0.6
v -0.9 2.6 -0.7
v -0.9 2.7 0.7
v -0.9 2.7 0.6
v -0.9 2.7 -0.6
v -0.9 2.7 -0.7
v -0.8 2.4 0.7
v -0.8 2.4 0.6
v -0.8 2.4 -0.6
v -0.8 2.4 -0.7
v -0.8 2.6 0.7
v -0.8 2.6 0.6
v -0.8 2.6 -0.6
v -0.8 2.6 -0.7
v -0.8 2.7 0.8
v -0.8 2.7 0.7
v -0.8 2.7 -0.7
v -0.8 2.7 -0.8
v -0.8 2.8 0.8
v -0.8 2.8 0.7
v -0.8 2.8 -0.7
v -0.8 2.8 -0.8
v -0.7 2 0.7
v -0.7 2 0.6
v -0.7 2 -0.6
v -0.7 2 -0.7
v -0.7 2.1 0.9
v -0.7 2.1 0.8
v -0.7 2.1 0.7
v -0.7 2.1 -0.7
v -0.7 2.1 -0.8
v -0.7 2.1 -0.9
v -0.7 2.4 0.9
v -0.7 2.4 0.8
v -0.7 2.4 0.7
v -0.7 2.4 0.6
v -0.7 2.4 -0.6
v -0.7 2.4 -0.7
v -0.7 2.4 -0.8
v -0.7 2.4 -0.9
v -0.7 2.5 0.8
v -0.7 2.5 0.7
v -0.7 2.5 -0.7
v -0.7 2.5 -0.8
v -0.7 2.7 0.8
v -0.7 2.7 0.7
v -0.7 2.7 -0.7
v -0.7 2.7 -0.8
v -0.6 1.9 0.9
v -0.6 1.9 0.8
v -0.6 1.9 -0.8
v -0.6 1.9 -0.9
v -0.6 2.1 0.9
v -0.6 2.1 0.8
v -0.6 2.1 -0.8
v -0.6 2.1 -0.9
v -0.6 2.3 0.8
v -0.6 2.3 0.7
v -0.6 2.3 0.6
v -0.6 2.3 0.4
v -0.6 2.3 -0.4
v -0.6 2.3 -0.6
v -0.6 2.3 -0.7
v -0.6 2.3 -0.8
v -0.6 2.4 0.6
v -0.6 2.4 0.5
v -0.6 2.4 -0.5
v -0.6 2.4 -0.6
v -0.6 2.5 0.8
v -0.6 2.5 0.7
v -0.6 2.5 0.5
v -0.6 2.5 0.4
v -0.6 2.5 -0.4
v -0.6 2.5 -0.5
v -0.6 2.5 -0.7
v -0.6 2.5 -0.8
v -0.5 1.8 0.9
v -0.5 1.8 0.8
v -0.5 1.8 -0.8
v -0.5 1.8 -0.9
v -0.5 1.9 0.9
v -0.5 1.9 0.8
v -0.5 1.9 -0.8
v -0.5 1.9 -0.9
v -0.5 2 0.8
v -0.5 2 0.7
v -0.5 2 -0.7
v -0.5 2 -0.8
v -0.5 2.3 0.8
v -0.5 2.3 0.7
v -0.5 2.3 -0.7
v -0.5 2.3 -0.8
v -0.4 0.2 1.6
v -0.4 0.2 1.5
v -0.4 0.2 1.4
v -0.4 0.2 -1.4
v -0.4 0.2 -1.5
v -0.4 0.2 -1.6
v -0.4 0.3 1.6
v -0.4 0.3 1.5
v -0.4 0.3 1.4
v -0.4 0.3 -1.4
v -0.4 0.3 -1.5
v -0.4 0.3 -1.6
v -0.4 1.6 0.9
v -0.4 1.6 0.8
v -0.4 1.6 -0.8
v -0.4 1.6 -0.9
v -0.4 1.8 0.9
v -0.4 1.8 0.8
v -0.4 1.8 -0.8
v -0.4 1.8 -0.9
v -0.4 1.9 0.8
v -0.4 1.9 0.7
v -0.4 1.9 0.6
v -0.4 1.9 -0.6
v -0.4 1.9 -0.7
v -0.4 1.9 -0.8
v -0.4 2 0.8
v -0.4 2 0.7
v -0.4 2 0.6
v -0.4 2 -0.6
v -0.4 2 -0.7
v -0.4 2 -0.8
v -0.3 1.9 0.6
v -0.3 1.9 0.4
v -0.3 1.9 -0.4
v -0.3 1.9 -0.6
v -0.3 2.3 0.6
v -0.3 2.3 0.4
v -0.3 2.3 -0.4
v -0.3 2.3 -0.6
v -0.3 2.4 0.4
v -0.3 2.4 -0.4
v -0.3 2.5 0.4
v -0.3 2.5 -0.4
v -0.2 0.1 1.7
v -0.2 0.1 1.5
v -0.2 0.1 -1.5
v -0.2 0.1 -1.7
v -0.2 0.2 1.7
v -0.2 0.2 1.5
v -0.2 0.2 -1.5
v -0.2 0.2 -1.7
v -0.2 0.3 1.4
v -0.2 0.3 1.3
v -0.2 0.3 -1.3
v -0.2 0.3 -1.4
v -0.2 0.4 1.4
v -0.2 0.4 1.3
v -0.2 0.4 -1.3
v -0.2 0.4 -1.4
v -0.2 2.3 0.4
v -0.2 2.3 -0.4
v -0.2 2.4 0.4
v -0.2 2.4 -0.4
v -0.0999999 2 0.4
v -0.0999999 2 -0.4
v -0.0999999 2.3 0.4
v -0.0999999 2.3 -0.4
v 1.19209e-07 1.5 0.4
v 1.19209e-07 1.5 0.0999999
v 1.19209e-07 1.5 -0.1
v 1.19209e-07 1.5 -0.4
v 1.19209e-07 1.6 0.0999999
v 1.19209e-07 1.6 -0.1
v 1.19209e-07 1.7 0.5
v 1.19209e-07 1.7 0.4
v 1.19209e-07 1.7 0.0999999
v 1.19209e-07 1.7 -0.1
v 1.19209e-07 1.7 -0.4
v 1.19209e-07 1.7 -0.5
v 1.19209e-07 1.9 0.5
v 1.19209e-07 1.9 0.4
v 1.19209e-07 1.9 -0.4
v 1.19209e-07 1.9 -0.5
v 1.19209e-07 2 0.4
v 1.19209e-07 2 -0.4
v 0.1 0 1.8
v 0.1 0 1.7
v 0.1 0 -1.7
v 0.1 0 -1.8
v 0.1 0.1 1.8
v 0.1 0.1 1.7
v 0.1 0.1 -1.7
v 0.1 0.1 -1.8
v 0.1 0.2 1.4
v 0.1 0.2 1.3
v 0.1 0.2 -1.3
v 0.1 0.2 -1.4
v 0.1 0.3 1.4
v 0.1 0.3 1.3
v 0.1 0.3 -1.3
v 0.1 0.3 -1.4
v 0.1 2 0.7
v 0.1 2 0.6
v 0.1 2 -0.6
v 0.1 2 -0.7
v 0.1 2.1 0.7
v 0.1 2.1 0.6
v 0.1 2.1 -0.6
v 0.1 2.1 -0.7
v 0.1 2.2 0.8
v 0.1 2.2 0.7
v 0.1 2.2 -0.7
v 0.1 2.2 -0.8
v 0.1 2.3 0.8
v 0.1 2.3 0.7
v 0.1 2.3 -0.7
v 0.1 2.3 -0.8
v 0.2 1.4 0.6
v 0.2 1.4 0.0999999
v 0.2 1.4 -0.1
v 0.2 1.4 -0.6
v 0.2 1.5 0.6
v 0.2 1.5 0.4
v 0.2 1.5 0.0999999
v 0.2 1.5 -0.1
v 0.2 1.5 -0.4
v 0.2 1.5 -0.6
v 0.2 1.6 0.0999999
v 0.2 1.6 -0.1
v 0.2 1.7 0.5
v 0.2 1.7 0.4
v 0.2 1.7 0.0999999
v 0.2 1.7 -0.1
v 0.2 1.7 -0.4
v 0.2 1.7 -0.5
v 0.2 1.8 0.9
v 0.2 1.8 0.8
v 0.2 1.8 -0.8
v 0.2 1.8 -0.9
v 0.2 1.9 0.8
v 0.2 1.9 0.6
v 0.2 1.9 0.5
v 0.2 1.9 -0.5
v 0.2 1.9 -0.6
v 0.2 1.9 -0.8
v 0.2 2 0.9
v 0.2 2 0.8
v 0.2 2 -0.8
v 0.2 2 -0.9
v 0.2 2.1 0.8
v 0.2 2.1 0.7
v 0.2 2.1 -0.7
v 0.2 2.1 -0.8
v 0.2 2.2 0.8
v 0.2 2.2 0.7
v 0.2 2.2 -0.7
v 0.2 2.2 -0.8
v 0.3 1.1 0.9
v 0.3 1.1 0.8
v 0.3 1.1 -0.8
v 0.3 1.1 -0.9
v 0.3 1.4 0.9
v 0.3 1.4 0.8
v 0.3 1.4 -0.8
v 0.3 1.4 -0.9
v 0.3 1.6 0.7
v 0.3 1.6 0.6
v 0.3 1.6 -0.6
v 0.3 1.6 -0.7
v 0.3 1.8 0.9
v 0.3 1.8 0.8
v 0.3 1.8 0.7
v 0.3 1.8 -0.7
v 0.3 1.8 -0.8
v 0.3 1.8 -0.9
v 0.3 2 0.8
v 0.3 2 0.7
v 0.3 2 0.6
v 0.3 2 -0.6
v 0.3 2 -0.7
v 0.3 2 -0.8
v 0.3 2.1 0.8
v 0.3 2.1 0.7
v 0.3 2.1 -0.7
v 0.3 2.1 -0.8
v 0.4 1 0.9
v 0.4 1 0.8
v 0.4 1 -0.8
v 0.4 1 -0.9
v 0.4 1.1 0.9
v 0.4 1.1 0.8
v 0.4 1.1 0.7
v 0.4 1.1 0.0999999
v 0.4 1.1 -0.1
v 0.4 1.1 -0.7
v 0.4 1.1 -0.8
v 0.4 1.1 -0.9
v 0.4 1.2 0.8
v 0.4 1.2 0.7
v 0.4 1.2 -0.7
v 0.4 1.2 -0.8
v 0.4 1.4 0.7
v 0.4 1.4 0.6
v 0.4 1.4 0.0999999
v 0.4 1.4 -0.1
v 0.4 1.4 -0.6
v 0.4 1.4 -0.7
v 0.4 1.5 0.0999999
v 0.4 1.5 -0.1
v 0.4 1.6 0.7
v 0.4 1.6 0.6
v 0.4 1.6 0.0999999
v 0.4 1.6 -0.1
v 0.4 1.6 -0.6
v 0.4 1.6 -0.7
v 0.4 1.8 0.8
v 0.4 1.8 0.7
v 0.4 1.8 -0.7
v 0.4 1.8 -0.8
v 0.4 2 0.8
v 0.4 2 0.7
v 0.4 2 -0.7
v 0.4 2 -0.8
v 0.5 0.1 1.5
v 0.5 0.1 1.4
v 0.5 0.1 -1.4
v 0.5 0.1 -1.5
v 0.5 0.2 1.5
v 0.5 0.2 1.4
v 0.5 0.2 -1.4
v 0.5 0.2 -1.5
v 0.5 1 0.4
v 0.5 1 0.0999999
v 0.5 1 -0.1
v 0.5 1 -0.4
v 0.5 1.1 0.4
v 0.5 1.1 0.0999999
v 0.5 1.1 -0.1
v 0.5 1.1 -0.4
v 0.5 1.4 0.0999999
v 0.5 1.4 -0.1
v 0.5 1.5 0.0999999
v 0.5 1.5 -0.1
v 0.6 0 1.7
v 0.6 0 1.6
v 0.6 0 -1.6
v 0.6 0 -1.7
v 0.6 0.1 1.7
v 0.6 0.1 1.6
v 0.6 0.1 -1.6
v 0.6 0.1 -1.7
v 0.6 0.5 1.2
v 0.6 0.5 1.1
v 0.6 0.5 -1.1
v 0.6 0.5 -1.2
v 0.6 0.6 1.2
v 0.6 0.6 1.1
v 0.6 0.6 -1.1
v 0.6 0.6 -1.2
v 0.6 0.8 0.4
v 0.6 0.8 0.0999999
v 0.6 0.8 -0.1
v 0.6 0.8 -0.4
v 0.6 0.9 1
v 0.6 0.9 0.9
v 0.6 0.9 -0.9
v 0.6 0.9 -1
v 0.6 1 0.5
v 0.6 1 0.4
v 0.6 1 0.0999999
v 0.6 1 -0.1
v 0.6 1 -0.4
v 0.6 1 -0.5
v 0.6 1.1 0.6
v 0.6 1.1 0.5
v 0.6 1.1 0.4
v 0.6 1.1 0.0999999
v 0.6 1.1 -0.1
v 0.6 1.1 -0.4
v 0.6 1.1 -0.5
v 0.6 1.1 -0.6
v 0.6 1.2 1
v 0.6 1.2 0.9
v 0.6 1.2 -0.9
v 0.6 1.2 -1
v 0.6 1.4 0.6
v 0.6 1.4 0.5
v 0.6 1.4 0.0999999
v 0.6 1.4 -0.1
v 0.6 1.4 -0.5
v 0.6 1.4 -0.6
v 0.6 1.5 0.7
v 0.6 1.5 0.6
v 0.6 1.5 -0.6
v 0.6 1.5 -0.7
v 0.6 1.6 0.8
v 0.6 1.6 0.7
v 0.6 1.6 0.6
v 0.6 1.6 -0.6
v 0.6 1.6 -0.7
v 0.6 1.6 -0.8
v 0.6 1.7 0.8
v 0.6 1.7 0.7
v 0.6 1.7 -0.7
v 0.6 1.7 -0.8
v 0.7 0.7 1.1
v 0.7 0.7 1
v 0.7 0.7 0.6
v 0.7 0.7 0.0999999
v 0.7 0.7 -0.1
v 0.7 0.7 -0.6
v 0.7 0.7 -1
v 0.7 0.7 -1.1
v 0.7 0.8 1.1
v 0.7 0.8 1
v 0.7 0.8 0.6
v 0.7 0.8 0.4
v 0.7 0.8 0.0999999
v 0.7 0.8 -0.1
v 0.7 0.8 -0.4
v 0.7 0.8 -0.6
v 0.7 0.8 -1
v 0.7 0.8 -1.1
v 0.7 0.9 0.7
v 0.7 0.9 0.6
v 0.7 0.9 -0.6
v 0.7 0.9 -0.7
v 0.7 1 0.5
v 0.7 1 0.4
v 0.7 1 0.0999999
v 0.7 1 -0.1
v 0.7 1 -0.4
v 0.7 1 -0.5
v 0.7 1.1 0.9
v 0.7 1.1 0.8
v 0.7 1.1 0.7
v 0.7 1.1 0.6
v 0.7 1.1 0.5
v 0.7 1.1 0.0999999
v 0.7 1.1 -0.1
v 0.7 1.1 -0.5
v 0.7 1.1 -0.6
v 0.7 1.1 -0.7
v 0.7 1.1 -0.8
v 0.7 1.1 -0.9
v 0.7 1.3 0.8
v 0.7 1.3 0.7
v 0.7 1.3 -0.7
v 0.7 1.3 -0.8
v 0.7 1.4 0.9
v 0.7 1.4 0.8
v 0.7 1.4 -0.8
v 0.7 1.4 -0.9
v 0.7 1.5 0.8
v 0.7 1.5 0.7
v 0.7 1.5 0.6
v 0.7 1.5 -0.6
v 0.7 1.5 -0.7
v 0.7 1.5 -0.8
v 0.7 1.6 0.8
v 0.7 1.6 0.7
v 0.7 1.6 -0.7
v 0.7 1.6 -0.8
v 0.8 0.5 1.1
v 0.8 0.5 0.7
v 0.8 0.5 -0.7
v 0.8 0.5 -1.1
v 0.8 0.6 0.7
v 0.8 0.6 0.0999999
v 0.8 0.6 -0.1
v 0.8 0.6 -0.7
v 0.8 0.7 1.1
v 0.8 0.7 1
v 0.8 0.7 0.9
v 0.8 0.7 0.8
v 0.8 0.7 0.6
v 0.8 0.7 0.0999999
v 0.8 0.7 -0.1
v 0.8 0.7 -0.6
v 0.8 0.7 -0.8
v 0.8 0.7 -0.9
v 0.8 0.7 -1
v 0.8 0.7 -1.1
v 0.8 0.8 0.9
v 0.8 0.8 0.8
v 0.8 0.8 0.0999999
v 0.8 0.8 -0.1
v 0.8 0.8 -0.8
v 0.8 0.8 -0.9
v 0.8 0.9 1
v 0.8 0.9 0.9
v 0.8 0.9 0.7
v 0.8 0.9 0.6
v 0.8 0.9 -0.6
v 0.8 0.9 -0.7
v 0.8 0.9 -0.9
v 0.8 0.9 -1
v 0.8 1 0.0999999
v 0.8 1 -0.1
v 0.8 1.1 0.9
v 0.8 1.1 0.8
v 0.8 1.1 0.7
v 0.8 1.1 -0.7
v 0.8 1.1 -0.8
v 0.8 1.1 -0.9
v 0.8 1.3 0.8
v 0.8 1.3 0.7
v 0.8 1.3 -0.7
v 0.8 1.3 -0.8
v 0.8 1.5 0.8
v 0.8 1.5 0.7
v 0.8 1.5 -0.7
v 0.8 1.5 -0.8
v 1 0.5 1.1
v 1 0.5 1
v 1 0.5 -1
v 1 0.5 -1.1
v 1 0.6 1.1
v 1 0.6 1
v 1 0.6 -1
v 1 0.6 -1.1
v 1 0.7 1
v 1 0.7 0.9
v 1 0.7 -0.9
v 1 0.7 -1
v 1 0.8 1
v 1 0.8 0.9
v 1 0.8 -0.9
v 1 0.8 -1
v 1 1.2 0.8
v 1 1.2 0.7
v 1 1.2 -0.7
v 1 1.2 -0.8
v 1 1.3 0.8
v 1 1.3 0.7
v 1 1.3 -0.7
v 1 1.3 -0.8
v 1.1 0.5 1
v 1.1 0.5 0.9
v 1.1 0.5 0.5
v 1.1 0.5 0.0999999
v 1.1 0.5 -0.1
v 1.1 0.5 -0.5
v 1.1 0.5 -0.9
v 1.1 0.5 -1
v 1.1 0.6 0.6
v 1.1 0.6 0.5
v 1.1 0.6 0.0999999
v 1.1 0.6 -0.1
v 1.1 0.6 -0.5
v 1.1 0.6 -0.6
v 1.1 0.7 1
v 1.1 0.7 0.9
v 1.1 0.7 0.0999999
v 1.1 0.7 -0.1
v 1.1 0.7 -0.9
v 1.1 0.7 -1
v 1.1 0.8 0.9
v 1.1 0.8 0.8
v 1.1 0.8 0.6
v 1.1 0.8 0.5
v 1.1 0.8 0.0999999
v 1.1 0.8 -0.1
v 1.1 0.8 -0.5
v 1.1 0.8 -0.6
v 1.1 0.8 -0.8
v 1.1 0.8 -0.9
v 1.1 0.9 0.7
v 1.1 0.9 0.6
v 1.1 0.9 -0.6
v 1.1 0.9 -0.7
v 1.1 1 0.8
v 1.1 1 0.7
v 1.1 1 0.6
v 1.1 1 -0.6
v 1.1 1 -0.7
v 1.1 1 -0.8
v 1.1 1.1 0.9
v 1.1 1.1 0.8
v 1.1 1.1 0.7
v 1.1 1.1 -0.7
v 1.1 1.1 -0.8
v 1.1 1.1 -0.9
v 1.1 1.2 0.8
v 1.1 1.2 0.7
v 1.1 1.2 -0.7
v 1.1 1.2 -0.8
v 1.2 0.4 1.2
v 1.2 0.4 0.0999999
v 1.2 0.4 -0.1
v 1.2 0.4 -1.2
v 1.2 0.5 1.2
v 1.2 0.5 0.9
v 1.2 0.5 0.8
v 1.2 0.5 0.5
v 1.2 0.5 0.0999999
v 1.2 0.5 -0.1
v 1.2 0.5 -0.5
v 1.2 0.5 -0.8
v 1.2 0.5 -0.9
v 1.2 0.5 -1.2
v 1.2 0.6 0.6
v 1.2 0.6 0.5
v 1.2 0.6 0.0999999
v 1.2 0.6 -0.1
v 1.2 0.6 -0.5
v 1.2 0.6 -0.6
v 1.2 0.7 0.0999999
v 1.2 0.7 -0.1
v 1.2 0.8 0.9
v 1.2 0.8 0.8
v 1.2 0.8 -0.8
v 1.2 0.8 -0.9
v 1.2 0.9 0.7
v 1.2 0.9 0.6
v 1.2 0.9 -0.6
v 1.2 0.9 -0.7
v 1.2 1 0.8
v 1.2 1 0.7
v 1.2 1 -0.7
v 1.2 1 -0.8
v 1.2 1.1 0.8
v 1.2 1.1 0.7
v 1.2 1.1 -0.7
v 1.2 1.1 -0.8
v 1.3 0.1 1.4
v 1.3 0.1 1.2
v 1.3 0.1 -1.2
v 1.3 0.1 -1.4
v 1.3 0.2 1.4
v 1.3 0.2 1.3
v 1.3 0.2 1.2
v 1.3 0.2 0.9
v 1.3 0.2 -0.9
v 1.3 0.2 -1.2
v 1.3 0.2 -1.3
v 1.3 0.2 -1.4
v 1.3 0.3 1.3
v 1.3 0.3 1.2
v 1.3 0.3 0.9
v 1.3 0.3 0.8
v 1.3 0.3 0.5
v 1.3 0.3 0.0999999
v 1.3 0.3 -0.1
v 1.3 0.3 -0.5
v 1.3 0.3 -0.8
v 1.3 0.3 -0.9
v 1.3 0.3 -1.2
v 1.3 0.3 -1.3
v 1.3 0.4 1.3
v 1.3 0.4 0.8
v 1.3 0.4 0.5
v 1.3 0.4 0.0999999
v 1.3 0.4 -0.1
v 1.3 0.4 -0.5
v 1.3 0.4 -0.8
v 1.3 0.4 -1.3
v 1.3 0.5 0.0999999
v 1.3 0.5 -0.1
v 1.3 0.6 0.0999999
v 1.3 0.6 -0.1
v 1.4 0.2 0.9
v 1.4 0.2 0.8
v 1.4 0.2 -0.8
v 1.4 0.2 -0.9
v 1.4 0.3 0.9
v 1.4 0.3 0.8
v 1.4 0.3 -0.8
v 1.4 0.3 -0.9
v 1.5 0 1.6
v 1.5 0 1.4
v 1.5 0 -1.4
v 1.5 0 -1.6
v 1.5 0.1 1.6
v 1.5 0.1 1.4
v 1.5 0.1 -1.4
v 1.5 0.1 -1.6
v 1.5 0.3 0.8
v 1.5 0.3 0.7
v 1.5 0.3 -0.7
v 1.5 0.3 -0.8
v 1.5 0.4 0.7
v 1.5 0.4 0.6
v 1.5 0.4 0.5
v 1.5 0.4 -0.5
v 1.5 0.4 -0.6
v 1.5 0.4 -0.7
v 1.5 0.5 0.8
v 1.5 0.5 0.7
v 1.5 0.5 0.6
v 1.5 0.5 0.5
v 1.5 0.5 -0.5
v 1.5 0.5 -0.6
v 1.5 0.5 -0.7
v 1.5 0.5 -0.8
v 1.5 0.7 0.7
v 1.5 0.7 0.6
v 1.5 0.7 -0.6
v 1.5 0.7 -0.7
v 1.6 0.2 0.8
v 1.6 0.2 0.6
v 1.6 0.2 0.3
v 1.6 0.2 0.0999999
v 1.6 0.2 -0.1
v 1.6 0.2 -0.3
v 1.6 0.2 -0.6
v 1.6 0.2 -0.8
v 1.6 0.3 0.8
v 1.6 0.3 0.7
v 1.6 0.3 0.6
v 1.6 0.3 0.5
v 1.6 0.3 0.0999999
v 1.6 0.3 -0.1
v 1.6 0.3 -0.5
v 1.6 0.3 -0.6
v 1.6 0.3 -0.7
v 1.6 0.3 -0.8
v 1.6 0.4 0.7
v 1.6 0.4 0.6
v 1.6 0.4 0.5
v 1.6 0.4 0.0999999
v 1.6 0.4 -0.1
v 1.6 0.4 -0.5
v 1.6 0.4 -0.6
v 1.6 0.4 -0.7
v 1.6 0.5 0.7
v 1.6 0.5 0.6
v 1.6 0.5 0.0999999
v 1.6 0.5 -0.1
v 1.6 0.5 -0.6
v 1.6 0.5 -0.7
v 1.7 0.1 1.2
v 1.7 0.1 0.9
v 1.7 0.1 0.6
v 1.7 0.1 0.3
v 1.7 0.1 0.0999999
v 1.7 0.1 -0.1
v 1.7 0.1 -0.3
v 1.7 0.1 -0.6
v 1.7 0.1 -0.9
v 1.7 0.1 -1.2
v 1.7 0.2 1.2
v 1.7 0.2 0.9
v 1.7 0.2 0.6
v 1.7 0.2 0.3
v 1.7 0.2 0.0999999
v 1.7 0.2 -0.1
v 1.7 0.2 -0.3
v 1.7 0.2 -0.6
v 1.7 0.2 -0.9
v 1.7 0.2 -1.2
v 1.7 0.3 0.0999999
v 1.7 0.3 -0.1
v 1.7 0.4 0.0999999
v 1.7 0.4 -0.1
v 1.8 0 1.4
v 1.8 0 -1.4
v 1.8 0.1 1.4
v 1.8 0.1 0.0999999
v 1.8 0.1 -0.1
v 1.8 0.1 -1.4
v 1.8 0.2 0.0999999
v 1.8 0.2 -0.1
v 1.8 0.3 0.0999999
v 1.8 0.3 -0.1
v -1.3 0 1.8
v -1.3 0.1 1.8
v 0.1 0 1.8
v 0.1 0.1 1.8
v -1.1 0.1 1.7
v -1.1 0.2 1.7
v -0.2 0.1 1.7
v -0.2 0.2 1.7
v 0.1 0 1.7
v 0.1 0.1 1.7
v 0.6 0 1.7
v 0.6 0.1 1.7
v -1 0.2 1.6
v -1 0.3 1.6
v -0.4 0.2 1.6
v -0.4 0.3 1.6
v 0.6 0 1.6
v 0.6 0.1 1.6
v 1.5 0 1.6
v 1.5 0.1 1.6
v -1.3 0.1 1.5
v -1.3 0.2 1.5
v -1.1 0.1 1.5
v -1.1 0.2 1.5
v -0.2 0.1 1.5
v -0.2 0.2 1.5
v 0.5 0.1 1.5
v 0.5 0.2 1.5
v -1.4 0 1.4
v -1.4 0.2 1.4
v -1.3 0 1.4
v -1.3 0.2 1.4
v -1.2 0.2 1.4
v -1.2 0.3 1.4
v -1.1 0.2 1.4
v -1.1 0.3 1.4
v -1 0.2 1.4
v -1 0.3 1.4
v -1 0.4 1.4
v -0.4 0.2 1.4
v -0.4 0.3 1.4
v -0.2 0.2 1.4
v -0.2 0.3 1.4
v -0.2 0.4 1.4
v 0.1 0.2 1.4
v 0.1 0.3 1.4
v 0.5 0.1 1.4
v 0.5 0.2 1.4
v 1.3 0.1 1.4
v 1.3 0.2 1.4
v 1.5 0 1.4
v 1.5 0.1 1.4
v 1.8 0 1.4
v 1.8 0.1 1.4
v -1.4 0.2 1.3
v -1.4 0.3 1.3
v -1.4 0.4 1.3
v -1.2 0.2 1.3
v -1.2 0.3 1.3
v -1.1 0.3 1.3
v -1 0.3 1.3
v -1 0.4 1.3
v -0.2 0.3 1.3
v -0.2 0.4 1.3
v 0.1 0.2 1.3
v 0.1 0.3 1.3
v 0.4 0.2 1.3
v 0.4 0.3 1.3
v 1.3 0.2 1.3
v 1.3 0.3 1.3
v 1.3 0.4 1.3
v -1.5 0.4 1.2
v -1.5 0.6 1.2
v -1.4 0.4 1.2
v 0.6 0.5 1.2
v 0.6 0.6 1.2
v 1.2 0.4 1.2
v 1.2 0.5 1.2
v 1.3 0.1 1.2
v 1.3 0.2 1.2
v 1.6 0.1 1.2
v 1.6 0.2 1.2
v 1.7 0.1 1.2
v 1.7 0.2 1.2
v -1.5 0.6 1.1
v -1.5 0.7 1.1
v 0.5 0.7 1.1
v 0.5 0.8 1.1
v 0.6 0.5 1.1
v 0.6 0.6 1.1
v 0.7 0.7 1.1
v 0.7 0.8 1.1
v 0.8 0.5 1.1
v 0.8 0.7 1.1
v 0.9 0.5 1.1
v 0.9 0.6 1.1
v 1 0.5 1.1
v 1 0.6 1.1
v -1.5 0.7 1
v -1.5 0.8 1
v 0.5 0.7 1
v 0.5 0.8 1
v 0.5 1.2 1
v 0.6 0.9 1
v 0.6 1.2 1
v 0.7 0.7 1
v 0.7 0.8 1
v 0.8 0.7 1
v 0.8 0.9 1
v 0.9 0.6 1
v 0.9 0.8 1
v 1 0.5 1
v 1 0.6 1
v 1 0.7 1
v 1 0.8 1
v 1.1 0.5 1
v 1.1 0.7 1
v -1.5 0.9 0.9
v -1.5 1.6 0.9
v -1 1.6 0.9
v -1 2.4 0.9
v -0.7 2.1 0.9
v -0.7 2.4 0.9
v -0.6 1.9 0.9
v -0.6 2.1 0.9
v -0.5 1.8 0.9
v -0.5 1.9 0.9
v -0.4 1.6 0.9
v -0.4 1.8 0.9
v 1.19209e-07 1.4 0.9
v 1.19209e-07 1.6 0.9
v 1.19209e-07 2 0.9
v 0.1 0.8 0.9
v 0.1 0.9 0.9
v 0.2 1.8 0.9
v 0.2 2 0.9
v 0.3 1.1 0.9
v 0.3 1.4 0.9
v 0.3 1.8 0.9
v 0.4 1 0.9
v 0.4 1.1 0.9
v 0.5 0.8 0.9
v 0.5 1 0.9
v 0.5 1.2 0.9
v 0.5 1.4 0.9
v 0.6 0.9 0.9
v 0.6 1.2 0.9
v 0.7 1.1 0.9
v 0.7 1.4 0.9
v 0.8 0.9 0.9
v 0.8 1.1 0.9
v 0.9 0.8 0.9
v 0.9 1.1 0.9
v 1 0.7 0.9
v 1 0.8 0.9
v 1.1 0.5 0.9
v 1.1 0.7 0.9
v 1.1 0.8 0.9
v 1.1 1.1 0.9
v 1.2 0.5 0.9
v 1.2 0.8 0.9
v 1.3 0.2 0.9
v 1.3 0.3 0.9
v 1.4 0.2 0.9
v 1.4 0.3 0.9
v -1.7 1.4 0.8
v -1.7 1.8 0.8
v -1.6 0.8 0.8
v -1.6 1.4 0.8
v -1.5 0.8 0.8
v -1.5 0.9 0.8
v -1.5 1.6 0.8
v -1 1.6 0.8
v -1 1.8 0.8
v -1 2.4 0.8
v -1 2.8 0.8
v -0.8 2.7 0.8
v -0.8 2.8 0.8
v -0.7 2.1 0.8
v -0.7 2.4 0.8
v -0.7 2.5 0.8
v -0.7 2.7 0.8
v -0.6 1.9 0.8
v -0.6 2.1 0.8
v -0.6 2.3 0.8
v -0.6 2.5 0.8
v -0.5 1.8 0.8
v -0.5 1.9 0.8
v -0.5 2 0.8
v -0.5 2.3 0.8
v -0.4 1.6 0.8
v -0.4 1.8 0.8
v -0.4 1.9 0.8
v -0.4 2 0.8
v 1.19209e-07 1.6 0.8
v 1.19209e-07 1.9 0.8
v 1.19209e-07 2 0.8
v 1.19209e-07 2.1 0.8
v 1.19209e-07 2.3 0.8
v 0.1 0.8 0.8
v 0.1 0.9 0.8
v 0.1 2 0.8
v 0.1 2.1 0.8
v 0.1 2.2 0.8
v 0.1 2.3 0.8
v 0.2 1.8 0.8
v 0.2 1.9 0.8
v 0.2 2 0.8
v 0.2 2.1 0.8
v 0.2 2.2 0.8
v 0.3 1.1 0.8
v 0.3 1.4 0.8
v 0.3 1.8 0.8
v 0.3 1.9 0.8
v 0.3 2 0.8
v 0.3 2.1 0.8
v 0.4 1 0.8
v 0.4 1.1 0.8
v 0.4 1.2 0.8
v 0.4 1.8 0.8
v 0.4 2 0.8
v 0.5 1 0.8
v 0.5 1.1 0.8
v 0.5 1.2 0.8
v 0.5 1.4 0.8
v 0.5 1.5 0.8
v 0.5 1.7 0.8
v 0.6 1.4 0.8
v 0.6 1.5 0.8
v 0.6 1.6 0.8
v 0.6 1.7 0.8
v 0.7 1.1 0.8
v 0.7 1.3 0.8
v 0.7 1.4 0.8
v 0.7 1.5 0.8
v 0.7 1.6 0.8
v 0.8 1.1 0.8
v 0.8 1.3 0.8
v 0.8 1.5 0.8
v 0.9 1.1 0.8
v 0.9 1.3 0.8
v 1 1.2 0.8
v 1 1.3 0.8
v 1.1 0.8 0.8
v 1.1 1 0.8
v 1.1 1.1 0.8
v 1.1 1.2 0.8
v 1.2 0.8 0.8
v 1.2 1 0.8
v 1.2 1.1 0.8
v 1.3 0.3 0.8
v 1.3 0.4 0.8
v 1.3 0.5 0.8
v 1.4 0.2 0.8
v 1.4 0.3 0.8
v 1.5 0.3 0.8
v 1.5 0.5 0.8
v 1.6 0.2 0.8
v 1.6 0.3 0.8
v -1.7 1 0.7
v -1.7 1.4 0.7
v -1.7 1.8 0.7
v -1.7 2.1 0.7
v -1.6 1 0.7
v -1.6 1.4 0.7
v -1.2 2 0.7
v -1.2 2.1 0.7
v -1 1.8 0.7
v -1 2 0.7
v 0.8 0.5 0.7
v 0.8 0.6 0.7
v 0.9 0.5 0.7
v 0.9 0.6 0.7
v 1.3 0.5 0.7
v 1.3 0.6 0.7
v 1.4 0.6 0.7
v 1.4 0.7 0.7
v 1.5 0.3 0.7
v 1.5 0.4 0.7
v 1.5 0.5 0.7
v 1.5 0.7 0.7
v 1.6 0.3 0.7
v 1.6 0.4 0.7
v 1.6 0.5 0.7
v -1.6 2.1 0.6
v -1.6 2.3 0.6
v -1.4 2.3 0.6
v -1.4 2.4 0.6
v -1.2 2 0.6
v -1.2 2.1 0.6
v -1 2 0.6
v -1 2.4 0.6
v -0.7 2 0.6
v -0.7 2.4 0.6
v -0.6 2.3 0.6
v -0.6 2.4 0.6
v -0.4 1.9 0.6
v -0.4 2 0.6
v -0.3 1.9 0.6
v -0.3 2.3 0.6
v -1.2 2.4 0.5
v -1.2 2.5 0.5
v -0.6 2.4 0.5
v -0.6 2.5 0.5
v -0.6 2.3 0.4
v -0.6 2.5 0.4
v -0.3 1.9 0.4
v -0.3 2.3 0.4
v -0.3 2.4 0.4
v -0.3 2.5 0.4
v -0.2 2.3 0.4
v -0.2 2.4 0.4
v -0.0999999 2 0.4
v -0.0999999 2.3 0.4
v 1.19209e-07 1.9 0.4
v 1.19209e-07 2 0.4
v 1.19209e-07 1.5 0.0999999
v 1.19209e-07 1.6 0.0999999
v 1.19209e-07 1.7 0.0999999
v 0.2 1.4 0.0999999
v 0.2 1.5 0.0999999
v 0.2 1.6 0.0999999
v 0.2 1.7 0.0999999
v 0.4 1.1 0.0999999
v 0.4 1.4 0.0999999
v 0.4 1.5 0.0999999
v 0.4 1.6 0.0999999
v 0.5 1 0.0999999
v 0.5 1.1 0.0999999
v 0.5 1.4 0.0999999
v 0.5 1.5 0.0999999
v 0.6 0.8 0.0999999
v 0.6 1 0.0999999
v 0.6 1.1 0.0999999
v 0.6 1.4 0.0999999
v 0.7 0.7 0.0999999
v 0.7 0.8 0.0999999
v 0.7 1 0.0999999
v 0.7 1.1 0.0999999
v 0.8 0.6 0.0999999
v 0.8 0.7 0.0999999
v 0.8 0.8 0.0999999
v 0.8 1 0.0999999
v 1.1 0.5 0.0999999
v 1.1 0.6 0.0999999
v 1.1 0.7 0.0999999
v 1.1 0.8 0.0999999
v 1.2 0.4 0.0999999
v 1.2 0.5 0.0999999
v 1.2 0.6 0.0999999
v 1.2 0.7 0.0999999
v 1.3 0.3 0.0999999
v 1.3 0.4 0.0999999
v 1.3 0.5 0.0999999
v 1.3 0.6 0.0999999
v 1.6 0.2 0.0999999
v 1.6 0.3 0.0999999
v 1.6 0.4 0.0999999
v 1.6 0.5 0.0999999
v 1.7 0.1 0.0999999
v 1.7 0.2 0.0999999
v 1.7 0.3 0.0999999
v 1.7 0.4 0.0999999
v 1.8 0.1 0.0999999
v 1.8 0.2 0.0999999
v 1.8 0.3 0.0999999
v 1.19209e-07 1.5 -0.4
v 1.19209e-07 1.7 -0.4
v 0.2 1.5 -0.4
v 0.2 1.7 -0.4
v 0.5 1 -0.4
v 0.5 1.1 -0.4
v 0.6 0.8 -0.4
v 0.6 1 -0.4
v 0.6 1.1 -0.4
v 0.7 0.8 -0.4
v 0.7 1 -0.4
v 1.19209e-07 1.7 -0.5
v 1.19209e-07 1.9 -0.5
v 0.2 1.7 -0.5
v 0.2 1.9 -0.5
v 0.5 1.1 -0.5
v 0.5 1.4 -0.5
v 0.6 1 -0.5
v 0.6 1.1 -0.5
v 0.6 1.4 -0.5
v 0.7 1 -0.5
v 0.7 1.1 -0.5
v 0.9 0.6 -0.5
v 0.9 0.8 -0.5
v 1.1 0.5 -0.5
v 1.1 0.6 -0.5
v 1.1 0.8 -0.5
v 1.2 0.5 -0.5
v 1.2 0.6 -0.5
v 1.3 0.3 -0.5
v 1.3 0.4 -0.5
v 1.3 0.5 -0.5
v 1.5 0.4 -0.5
v 1.5 0.5 -0.5
v 1.6 0.3 -0.5
v 1.6 0.4 -0.5
v -1 2.4 -0.6
v -1 2.7 -0.6
v -0.9 2.6 -0.6
v -0.9 2.7 -0.6
v -0.8 2.4 -0.6
v -0.8 2.6 -0.6
v 1.19209e-07 1.9 -0.6
v 1.19209e-07 2.1 -0.6
v 0.1 2 -0.6
v 0.1 2.1 -0.6
v 0.2 1.4 -0.6
v 0.2 1.5 -0.6
v 0.2 1.9 -0.6
v 0.3 1.6 -0.6
v 0.3 2 -0.6
v 0.4 1.4 -0.6
v 0.4 1.6 -0.6
v 0.5 1.4 -0.6
v 0.5 1.6 -0.6
v 0.6 1.1 -0.6
v 0.6 1.4 -0.6
v 0.6 1.5 -0.6
v 0.6 1.6 -0.6
v 0.7 0.7 -0.6
v 0.7 0.8 -0.6
v 0.7 0.9 -0.6
v 0.7 1.1 -0.6
v 0.7 1.5 -0.6
v 0.8 0.7 -0.6
v 0.8 0.9 -0.6
v 0.9 0.8 -0.6
v 0.9 1 -0.6
v 1.1 0.6 -0.6
v 1.1 0.8 -0.6
v 1.1 0.9 -0.6
v 1.1 1 -0.6
v 1.2 0.6 -0.6
v 1.2 0.9 -0.6
v 1.3 0.5 -0.6
v 1.3 0.6 -0.6
v 1.4 0.6 -0.6
v 1.4 0.7 -0.6
v 1.5 0.4 -0.6
v 1.5 0.5 -0.6
v 1.5 0.7 -0.6
v 1.6 0.4 -0.6
v 1.6 0.5 -0.6
v -1 2.7 -0.7
v -1 2.8 -0.7
v -0.9 2.6 -0.7
v -0.9 2.7 -0.7
v -0.8 2.4 -0.7
v -0.8 2.6 -0.7
v -0.8 2.7 -0.7
v -0.8 2.8 -0.7
v -0.7 2 -0.7
v -0.7 2.1 -0.7
v -0.7 2.4 -0.7
v -0.7 2.5 -0.7
v -0.7 2.7 -0.7
v -0.6 2 -0.7
v -0.6 2.1 -0.7
v -0.6 2.3 -0.7
v -0.6 2.5 -0.7
v -0.5 2 -0.7
v -0.5 2.3 -0.7
v 1.19209e-07 2.1 -0.7
v 1.19209e-07 2.3 -0.7
v 0.1 2 -0.7
v 0.1 2.1 -0.7
v 0.1 2.2 -0.7
v 0.1 2.3 -0.7
v 0.2 2.1 -0.7
v 0.2 2.2 -0.7
v 0.3 1.6 -0.7
v 0.3 1.8 -0.7
v 0.3 2 -0.7
v 0.3 2.1 -0.7
v 0.4 1.1 -0.7
v 0.4 1.2 -0.7
v 0.4 1.6 -0.7
v 0.4 1.8 -0.7
v 0.4 2 -0.7
v 0.5 1.1 -0.7
v 0.5 1.2 -0.7
v 0.5 1.6 -0.7
v 0.5 1.7 -0.7
v 0.6 1.5 -0.7
v 0.6 1.6 -0.7
v 0.6 1.7 -0.7
v 0.7 0.9 -0.7
v 0.7 1.1 -0.7
v 0.7 1.3 -0.7
v 0.7 1.5 -0.7
v 0.7 1.6 -0.7
v 0.8 0.9 -0.7
v 0.8 1.1 -0.7
v 0.8 1.3 -0.7
v 0.8 1.5 -0.7
v 0.9 1 -0.7
v 0.9 1.1 -0.7
v 0.9 1.3 -0.7
v 1 1.2 -0.7
v 1 1.3 -0.7
v 1.1 0.9 -0.7
v 1.1 1 -0.7
v 1.1 1.1 -0.7
v 1.1 1.2 -0.7
v 1.2 0.9 -0.7
v 1.2 1 -0.7
v 1.2 1.1 -0.7
v -1 2.7 0.7
v -1 2.8 0.7
v -0.9 2.6 0.7
v -0.9 2.7 0.7
v -0.8 2.4 0.7
v -0.8 2.6 0.7
v -0.8 2.7 0.7
v -0.8 2.8 0.7
v -0.7 2 0.7
v -0.7 2.1 0.7
v -0.7 2.4 0.7
v -0.7 2.5 0.7
v -0.7 2.7 0.7
v -0.6 2 0.7
v -0.6 2.1 0.7
v -0.6 2.3 0.7
v -0.6 2.5 0.7
v -0.5 2 0.7
v -0.5 2.3 0.7
v 1.19209e-07 2.1 0.7
v 1.19209e-07 2.3 0.7
v 0.1 2 0.7
v 0.1 2.1 0.7
v 0.1 2.2 0.7
v 0.1 2.3 0.7
v 0.2 2.1 0.7
v 0.2 2.2 0.7
v 0.3 1.6 0.7
v 0.3 1.8 0.7
v 0.3 2 0.7
v 0.3 2.1 0.7
v 0.4 1.1 0.7
v 0.4 1.2 0.7
v 0.4 1.6 0.7
v 0.4 1.8 0.7
v 0.4 2 0.7
v 0.5 1.1 0.7
v 0.5 1.2 0.7
v 0.5 1.6 0.7
v 0.5 1.7 0.7
v 0.6 1.5 0.7
v 0.6 1.6 0.7
v 0.6 1.7 0.7
v 0.7 0.9 0.7
v 0.7 1.1 0.7
v 0.7 1.3 0.7
v 0.7 1.5 0.7
v 0.7 1.6 0.7
v 0.8 0.9 0.7
v 0.8 1.1 0.7
v 0.8 1.3 0.7
v 0.8 1.5 0.7
v 0.9 1 0.7
v 0.9 1.1 0.7
v 0.9 1.3 0.7
v 1 1.2 0.7
v 1 1.3 0.7
v 1.1 0.9 0.7
v 1.1 1 0.7
v 1.1 1.1 0.7
v 1.1 1.2 0.7
v 1.2 0.9 0.7
v 1.2 1 0.7
v 1.2 1.1 0.7
v -1 2.4 0.6
v -1 2.7 0.6
v -0.9 2.6 0.6
v -0.9 2.7 0.6
v -0.8 2.4 0.6
v -0.8 2.6 0.6
v 1.19209e-07 1.9 0.6
v 1.19209e-07 2.1 0.6
v 0.1 2 0.6
v 0.1 2.1 0.6
v 0.2 1.4 0.6
v 0.2 1.5 0.6
v 0.2 1.9 0.6
v 0.3 1.6 0.6
v 0.3 2 0.6
v 0.4 1.4 0.6
v 0.4 1.6 0.6
v 0.5 1.4 0.6
v 0.5 1.6 0.6
v 0.6 1.1 0.6
v 0.6 1.4 0.6
v 0.6 1.5 0.6
v 0.6 1.6 0.6
v 0.7 0.7 0.6
v 0.7 0.8 0.6
v 0.7 0.9 0.6
v 0.7 1.1 0.6
v 0.7 1.5 0.6
v 0.8 0.7 0.6
v 0.8 0.9 0.6
v 0.9 0.8 0.6
v 0.9 1 0.6
v 1.1 0.6 0.6
v 1.1 0.8 0.6
v 1.1 0.9 0.6
v 1.1 1 0.6
v 1.2 0.6 0.6
v 1.2 0.9 0.6
v 1.3 0.5 0.6
v 1.3 0.6 0.6
v 1.4 0.6 0.6
v 1.4 0.7 0.6
v 1.5 0.4 0.6
v 1.5 0.5 0.6
v 1.5 0.7 0.6
v 1.6 0.4 0.6
v 1.6 0.5 0.6
v 1.19209e-07 1.7 0.5
v 1.19209e-07 1.9 0.5
v 0.2 1.7 0.5
v 0.2 1.9 0.5
v 0.5 1.1 0.5
v 0.5 1.4 0.5
v 0.6 1 0.5
v 0.6 1.1 0.5
v 0.6 1.4 0.5
v 0.7 1 0.5
v 0.7 1.1 0.5
v 0.9 0.6 0.5
v 0.9 0.8 0.5
v 1.1 0.5 0.5
v 1.1 0.6 0.5
v 1.1 0.8 0.5
v 1.2 0.5 0.5
v 1.2 0.6 0.5
v 1.3 0.3 0.5
v 1.3 0.4 0.5
v 1.3 0.5 0.5
v 1.5 0.4 0.5
v 1.5 0.5 0.5
v 1.6 0.3 0.5
v 1.6 0.4 0.5
v 1.19209e-07 1.5 0.4
v 1.19209e-07 1.7 0.4
v 0.2 1.5 0.4
v 0.2 1.7 0.4
v 0.5 1 0.4
v 0.5 1.1 0.4
v 0.6 0.8 0.4
v 0.6 1 0.4
v 0.6 1.1 0.4
v 0.7 0.8 0.4
v 0.7 1 0.4
v 1.19209e-07 1.5 -0.1
v 1.19209e-07 1.6 -0.1
v 1.19209e-07 1.7 -0.1
v 0.2 1.4 -0.1
v 0.2 1.5 -0.1
v 0.2 1.6 -0.1
v 0.2 1.7 -0.1
v 0.4 1.1 -0.1
v 0.4 1.4 -0.1
v 0.4 1.5 -0.1
v 0.4 1.6 -0.1
v 0.5 1 -0.1
v 0.5 1.1 -0.1
v 0.5 1.4 -0.1
v 0.5 1.5 -0.1
v 0.6 0.8 -0.1
v 0.6 1 -0.1
v 0.6 1.1 -0.1
v 0.6 1.4 -0.1
v 0.7 0.7 -0.1
v 0.7 0.8 -0.1
v 0.7 1 -0.1
v 0.7 1.1 -0.1
v 0.8 0.6 -0.1
v 0.8 0.7 -0.1
v 0.8 0.8 -0.1
v 0.8 1 -0.1
v 1.1 0.5 -0.1
v 1.1 0.6 -0.1
v 1.1 0.7 -0.1
v 1.1 0.8 -0.1
v 1.2 0.4 -0.1
v 1.2 0.5 -0.1
v 1.2 0.6 -0.1
v 1.2 0.7 -0.1
v 1.3 0.3 -0.1
v 1.3 0.4 -0.1
v 1.3 0.5 -0.1
v 1.3 0.6 -0.1
v 1.6 0.2 -0.1
v 1.6 0.3 -0.1
v 1.6 0.4 -0.1
v 1.6 0.5 -0.1
v 1.7 0.1 -0.1
v 1.7 0.2 -0.1
v 1.7 0.3 -0.1
v 1.7 0.4 -0.1
v 1.8 0.1 -0.1
v 1.8 0.2 -0.1
v 1.8 0.3 -0.1
v -0.6 2.3 -0.4
v -0.6 2.5 -0.4
v -0.3 1.9 -0.4
v -0.3 2.3 -0.4
v -0.3 2.4 -0.4
v -0.3 2.5 -0.4
v -0.2 2.3 -0.4
v -0.2 2.4 -0.4
v -0.0999999 2 -0.4
v -0.0999999 2.3 -0.4
v 1.19209e-07 1.9 -0.4
v 1.19209e-07 2 -0.4
v -1.2 2.4 -0.5
v -1.2 2.5 -0.5
v -0.6 2.4 -0.5
v -0.6 2.5 -0.5
v -1.6 2.1 -0.6
v -1.6 2.3 -0.6
v -1.4 2.3 -0.6
v -1.4 2.4 -0.6
v -1.2 2 -0.6
v -1.2 2.1 -0.6
v -1 2 -0.6
v -1 2.4 -0.6
v -0.7 2 -0.6
v -0.7 2.4 -0.6
v -0.6 2.3 -0.6
v -0.6 2.4 -0.6
v -0.4 1.9 -0.6
v -0.4 2 -0.6
v -0.3 1.9 -0.6
v -0.3 2.3 -0.6
v -1.7 1 -0.7
v -1.7 1.4 -0.7
v -1.7 1.8 -0.7
v -1.7 2.1 -0.7
v -1.6 1 -0.7
v -1.6 1.4 -0.7
v -1.2 2 -0.7
v -1.2 2.1 -0.7
v -1 1.8 -0.7
v -1 2 -0.7
v 0.8 0.5 -0.7
v 0.8 0.6 -0.7
v 0.9 0.5 -0.7
v 0.9 0.6 -0.7
v 1.3 0.5 -0.7
v 1.3 0.6 -0.7
v 1.4 0.6 -0.7
v 1.4 0.7 -0.7
v 1.5 0.3 -0.7
v 1.5 0.4 -0.7
v 1.5 0.5 -0.7
v 1.5 0.7 -0.7
v 1.6 0.3 -0.7
v 1.6 0.4 -0.7
v 1.6 0.5 -0.7
v -1.7 1.4 -0.8
v -1.7 1.8 -0.8
v -1.6 0.8 -0.8
v -1.6 1.4 -0.8
v -1.5 0.8 -0.8
v -1.5 0.9 -0.8
v -1.5 1.6 -0.8
v -1 1.6 -0.8
v -1 1.8 -0.8
v -1 2.4 -0.8
v -1 2.8 -0.8
v -0.8 2.7 -0.8
v -0.8 2.8 -0.8
v -0.7 2.1 -0.8
v -0.7 2.4 -0.8
v -0.7 2.5 -0.8
v -0.7 2.7 -0.8
v -0.6 1.9 -0.8
v -0.6 2.1 -0.8
v -0.6 2.3 -0.8
v -0.6 2.5 -0.8
v -0.5 1.8 -0.8
v -0.5 1.9 -0.8
v -0.5 2 -0.8
v -0.5 2.3 -0.8
v -0.4 1.6 -0.8
v -0.4 1.8 -0.8
v -0.4 1.9 -0.8
v -0.4 2 -0.8
v 1.19209e-07 1.6 -0.8
v 1.19209e-07 1.9 -0.8
v 1.19209e-07 2 -0.8
v 1.19209e-07 2.1 -0.8
v 1.19209e-07 2.3 -0.8
v 0.1 0.8 -0.8
v 0.1 0.9 -0.8
v 0.1 2 -0.8
v 0.1 2.1 -0.8
v 0.1 2.2 -0.8
v 0.1 2.3 -0.8
v 0.2 1.8 -0.8
v 0.2 1.9 -0.8
v 0.2 2 -0.8
v 0.2 2.1 -0.8
v 0.2 2.2 -0.8
v 0.3 1.1 -0.8
v 0.3 1.4 -0.8
v 0.3 1.8 -0.8
v 0.3 1.9 -0.8
v 0.3 2 -0.8
v 0.3 2.1 -0.8
v 0.4 1 -0.8
v 0.4 1.1 -0.8
v 0.4 1.2 -0.8
v 0.4 1.8 -0.8
v 0.4 2 -0.8
v 0.5 1 -0.8
v 0.5 1.1 -0.8
v 0.5 1.2 -0.8
v 0.5 1.4 -0.8
v 0.5 1.5 -0.8
v 0.5 1.7 -0.8
v 0.6 1.4 -0.8
v 0.6 1.5 -0.8
v 0.6 1.6 -0.8
v 0.6 1.7 -0.8
v 0.7 1.1 -0.8
v 0.7 1.3 -0.8
v 0.7 1.4 -0.8
v 0.7 1.5 -0.8
v 0.7 1.6 -0.8
v 0.8 1.1 -0.8
v 0.8 1.3 -0.8
v 0.8 1.5 -0.8
v 0.9 1.1 -0.8
v 0.9 1.3 -0.8
v 1 1.2 -0.8
v 1 1.3 -0.8
v 1.1 0.8 -0.8
v 1.1 1 -0.8
v 1.1 1.1 -0.8
v 1.1 1.2 -0.8
v 1.2 0.8 -0.8
v 1.2 1 -0.8
v 1.2 1.1 -0.8
v 1.3 0.3 -0.8
v 1.3 0.4 -0.8
v 1.3 0.5 -0.8
v 1.4 0.2 -0.8
v 1.4 0.3 -0.8
v 1.5 0.3 -0.8
v 1.5 0.5 -0.8
v 1.6 0.2 -0.8
v 1.6 0.3 -0.8
v -1.5 0.9 -0.9
v -1.5 1.6 -0.9
v -1 1.6 -0.9
v -1 2.4 -0.9
v -0.7 2.1 -0.9
v -0.7 2.4 -0.9
v -0.6 1.9 -0.9
v -0.6 2.1 -0.9
v -0.5 1.8 -0.9
v -0.5 1.9 -0.9
v -0.4 1.6 -0.9
v -0.4 1.8 -0.9
v 1.19209e-07 1.4 -0.9
v 1.19209e-07 1.6 -0.9
v 1.19209e-07 2 -0.9
v 0.1 0.8 -0.9
v 0.1 0.9 -0.9
v 0.2 1.8 -0.9
v 0.2 2 -0.9
v 0.3 1.1 -0.9
v 0.3 1.4 -0.9
v 0.3 1.8 -0.9
v 0.4 1 -0.9
v 0.4 1.1 -0.9
v 0.5 0.8 -0.9
v 0.5 1 -0.9
v 0.5 1.2 -0.9
v 0.5 1.4 -0.9
v 0.6 0.9 -0.9
v 0.6 1.2 -0.9
v 0.7 1.1 -0.9
v 0.7 1.4 -0.9
v 0.8 0.9 -0.9
v 0.8 1.1 -0.9
v 0.9 0.8 -0.9
v 0.9 1.1 -0.9
v 1 0.7 -0.9
v 1 0.8 -0.9
v 1.1 0.5 -0.9
v 1.1 0.7 -0.9
v 1.1 0.8 -0.9
v 1.1 1.1 -0.9
v 1.2 0.5 -0.9
v 1.2 0.8 -0.9
v 1.3 0.2 -0.9
v 1.3 0.3 -0.9
v 1.4 0.2 -0.9
v 1.4 0.3 -0.9
v -1.5 0.7 -1
v -1.5 0.8 -1
v 0.5 0.7 -1
v 0.5 0.8 -1
v 0.5 1.2 -1
v 0.6 0.9 -1
v 0.6 1.2 -1
v 0.7 0.7 -1
v 0.7 0.8 -1
v 0.8 0.7 -1
v 0.8 0.9 -1
v 0.9 0.6 -1
v 0.9 0.8 -1
v 1 0.5 -1
v 1 0.6 -1
v 1 0.7 -1
v 1 0.8 -1
v 1.1 0.5 -1
v 1.1 0.7 -1
v -1.5 0.6 -1.1
v -1.5 0.7 -1.1
v 0.5 0.7 -1.1
v 0.5 0.8 -1.1
v 0.6 0.5 -1.1
v 0.6 0.6 -1.1
v 0.7 0.7 -1.1
v 0.7 0.8 -1.1
v 0.8 0.5 -1.1
v 0.8 0.7 -1.1
v 0.9 0.5 -1.1
v 0.9 0.6 -1.1
v 1 0.5 -1.1
v 1 0.6 -1.1
v -1.5 0.4 -1.2
v -1.5 0.6 -1.2
v -1.4 0.4 -1.2
v 0.6 0.5 -1.2
v 0.6 0.6 -1.2
v 1.2 0.4 -1.2
v 1.2 0.5 -1.2
v 1.3 0.1 -1.2
v 1.3 0.2 -1.2
v 1.6 0.1 -1.2
v 1.6 0.2 -1.2
v 1.7 0.1 -1.2
v 1.7 0.2 -1.2
v -1.4 0.2 -1.3
v -1.4 0.3 -1.3
v -1.4 0.4 -1.3
v -1.2 0.2 -1.3
v -1.2 0.3 -1.3
v -1.1 0.3 -1.3
v -1 0.3 -1.3
v -1 0.4 -1.3
v -0.2 0.3 -1.3
v -0.2 0.4 -1.3
v 0.1 0.2 -1.3
v 0.1 0.3 -1.3
v 0.4 0.2 -1.3
v 0.4 0.3 -1.3
v 1.3 0.2 -1.3
v 1.3 0.3 -1.3
v 1.3 0.4 -1.3
v -1.4 0 -1.4
v -1.4 0.2 -1.4
v -1.3 0 -1.4
v -1.3 0.2 -1.4
v -1.2 0.2 -1.4
v -1.2 0.3 -1.4
v -1.1 0.2 -1.4
v -1.1 0.3 -1.4
v -1 0.2 -1.4
v -1 0.3 -1.4
v -1 0.4 -1.4
v -0.4 0.2 -1.4
v -0.4 0.3 -1.4
v -0.2 0.2 -1.4
v -0.2 0.3 -1.4
v -0.2 0.4 -1.4
v 0.1 0.2 -1.4
v 0.1 0.3 -1.4
v 0.5 0.1 -1.4
v 0.5 0.2 -1.4
v 1.3 0.1 -1.4
v 1.3 0.2 -1.4
v 1.5 0 -1.4
v 1.5 0.1 -1.4
v 1.8 0 -1.4
v 1.8 0.1 -1.4
v -1.3 0.1 -1.5
v -1.3 0.2 -1.5
v -1.1 0.1 -1.5
v -1.1 0.2 -1.5
v -0.2 0.1 -1.5
v -0.2 0.2 -1.5
v 0.5 0.1 -1.5
v 0.5 0.2 -1.5
v -1 0.2 -1.6
v -1 0.3 -1.6
v -0.4 0.2 -1.6
v -0.4 0.3 -1.6
v 0.6 0 -1.6
v 0.6 0.1 -1.6
v 1.5 0 -1.6
v 1.5 0.1 -1.6
v -1.1 0.1 -1.7
v -1.1 0.2 -1.7
v -0.2 0.1 -1.7
v -0.2 0.2 -1.7
v 0.1 0 -1.7
v 0.1 0.1 -1.7
v 0.6 0 -1.7
v 0.6 0.1 -1.7
v -1.3 0 -1.8
v -1.3 0.1 -1.8
v 0.1 0 -1.8
v 0.1 0.1 -1.8
v -1.3 0 1.8
v 0.1 0 1.8
v 0.1 0 1.7
v 0.6 0 1.7
v 0.6 0 1.6
v 1.5 0 1.6
v -1 0 1.5
v -0.4 0 1.5
v -1.4 0 1.4
v -1.3 0 1.4
v -1.1 0 1.4
v -1 0 1.4
v -0.4 0 1.4
v -0.2 0 1.4
v 1.5 0 1.4
v 1.8 0 1.4
v -1.2 0 1.3
v -1.1 0 1.3
v -0.2 0 1.3
v 0.4 0 1.3
v 0.4 0 1.2
v 1.5 0 1.2
v 1.5 0 1.1
v 1.6 0 1.1
v 1.6 0 0.8
v 1.7 0 0.8
v 1.6 0 0.7
v 1.7 0 0.7
v 1.6 0 -0.7
v 1.7 0 -0.7
v 1.6 0 -0.8
v 1.7 0 -0.8
v 1.5 0 -1.1
v 1.6 0 -1.1
v 0.4 0 -1.2
v 1.5 0 -1.2
v -1.2 0 -1.3
v -1.1 0 -1.3
v -0.2 0 -1.3
v 0.4 0 -1.3
v -1.4 0 -1.4
v -1.3 0 -1.4
v -1.1 0 -1.4
v -1 0 -1.4
v -0.4 0 -1.4
v -0.2 0 -1.4
v 1.5 0 -1.4
v 1.8 0 -1.4
v -1 0 -1.5
v -0.4 0 -1.5
v 0.6 0 -1.6
v 1.5 0 -1.6
v 0.1 0 -1.7
v 0.6 0 -1.7
v -1.3 0 -1.8
v 0.1 0 -1.8
v -1.5 0.4 1.2
v -1.4 0.4 1.2
v -1.5 0.4 -1.2
v -1.4 0.4 -1.2
v -1.6 0.8 0.8
v -1.5 0.8 0.8
v -1.6 0.8 -0.8
v -1.5 0.8 -0.8
v -1.5 0.9 0.9
v 0.1 0.9 0.9
v -1.5 0.9 0.8
v 0.1 0.9 0.8
v -1.5 0.9 -0.8
v 0.1 0.9 -0.8
v -1.5 0.9 -0.9
v 0.1 0.9 -0.9
v -1.7 1 0.7
v -1.6 1 0.7
v -1.7 1 -0.7
v -1.6 1 -0.7
v -1.7 1.4 0.8
v -1.6 1.4 0.8
v -1.7 1.4 0.7
v -1.6 1.4 0.7
v -1.7 1.4 -0.7
v -1.6 1.4 -0.7
v -1.7 1.4 -0.8
v -1.6 1.4 -0.8
v -1.3 0.1 1.8
v 0.1 0.1 1.8
v -1.1 0.1 1.7
v -0.2 0.1 1.7
v 0.1 0.1 1.7
v 0.6 0.1 1.7
v 0.6 0.1 1.6
v 1.5 0.1 1.6
v -1.3 0.1 1.5
v -1.1 0.1 1.5
v -0.2 0.1 1.5
v 0.5 0.1 1.5
v 0.5 0.1 1.4
v 1.3 0.1 1.4
v 1.5 0.1 1.4
v 1.8 0.1 1.4
v 1.3 0.1 1.2
v 1.6 0.1 1.2
v 1.7 0.1 1.2
v 1.7 0.1 0.9
v 1.7 0.1 0.6
v 1.7 0.1 0.3
v 1.7 0.1 0.0999999
v 1.8 0.1 0.0999999
v 1.7 0.1 -0.1
v 1.8 0.1 -0.1
v 1.7 0.1 -0.3
v 1.7 0.1 -0.6
v 1.7 0.1 -0.9
v 1.3 0.1 -1.2
v 1.6 0.1 -1.2
v 1.7 0.1 -1.2
v 0.5 0.1 -1.4
v 1.3 0.1 -1.4
v 1.5 0.1 -1.4
v 1.8 0.1 -1.4
v -1.3 0.1 -1.5
v -1.1 0.1 -1.5
v -0.2 0.1 -1.5
v 0.5 0.1 -1.5
v 0.6 0.1 -1.6
v 1.5 0.1 -1.6
v -1.1 0.1 -1.7
v -0.2 0.1 -1.7
v 0.1 0.1 -1.7
v 0.6 0.1 -1.7
v -1.3 0.1 -1.8
v 0.1 0.1 -1.8
v -1.1 0.2 1.7
v -0.2 0.2 1.7
v -1 0.2 1.6
v -0.4 0.2 1.6
v -1.3 0.2 1.5
v -1.1 0.2 1.5
v -1 0.2 1.5
v -0.4 0.2 1.5
v -0.2 0.2 1.5
v 0.5 0.2 1.5
v -1.4 0.2 1.4
v -1.3 0.2 1.4
v -1.2 0.2 1.4
v -1.1 0.2 1.4
v -1 0.2 1.4
v -0.4 0.2 1.4
v -0.2 0.2 1.4
v 0.1 0.2 1.4
v 0.5 0.2 1.4
v 1.3 0.2 1.4
v -1.4 0.2 1.3
v -1.2 0.2 1.3
v 0.1 0.2 1.3
v 0.4 0.2 1.3
v 1.3 0.2 1.3
v 1.3 0.2 1.2
v 1.6 0.2 1.2
v 1.7 0.2 1.2
v 1.3 0.2 0.9
v 1.4 0.2 0.9
v 1.6 0.2 0.9
v 1.7 0.2 0.9
v 1.4 0.2 0.8
v 1.6 0.2 0.8
v 1.6 0.2 0.6
v 1.7 0.2 0.6
v 1.6 0.2 0.3
v 1.7 0.2 0.3
v 1.6 0.2 0.0999999
v 1.7 0.2 0.0999999
v 1.6 0.2 -0.1
v 1.7 0.2 -0.1
v 1.6 0.2 -0.3
v 1.7 0.2 -0.3
v 1.6 0.2 -0.6
v 1.7 0.2 -0.6
v 1.4 0.2 -0.8
v 1.6 0.2 -0.8
v 1.3 0.2 -0.9
v 1.4 0.2 -0.9
v 1.6 0.2 -0.9
v 1.7 0.2 -0.9
v 1.3 0.2 -1.2
v 1.6 0.2 -1.2
v 1.7 0.2 -1.2
v -1.4 0.2 -1.3
v -1.2 0.2 -1.3
v 0.1 0.2 -1.3
v 0.4 0.2 -1.3
v 1.3 0.2 -1.3
v -1.4 0.2 -1.4
v -1.3 0.2 -1.4
v -1.2 0.2 -1.4
v -1.1 0.2 -1.4
v -1 0.2 -1.4
v -0.4 0.2 -1.4
v -0.2 0.2 -1.4
v 0.1 0.2 -1.4
v 0.5 0.2 -1.4
v 1.3 0.2 -1.4
v -1.3 0.2 -1.5
v -1.1 0.2 -1.5
v -1 0.2 -1.5
v -0.4 0.2 -1.5
v -0.2 0.2 -1.5
v 0.5 0.2 -1.5
v -1 0.2 -1.6
v -0.4 0.2 -1.6
v -1.1 0.2 -1.7
v -0.2 0.2 -1.7
v -1 0.3 1.6
v -0.4 0.3 1.6
v -1 0.3 1.5
v -0.4 0.3 1.5
v -1.2 0.3 1.4
v -1.1 0.3 1.4
v -1 0.3 1.4
v -0.4 0.3 1.4
v -0.2 0.3 1.4
v 0.1 0.3 1.4
v -1.2 0.3 1.3
v -1.1 0.3 1.3
v -1 0.3 1.3
v -0.2 0.3 1.3
v 0.1 0.3 1.3
v 1.3 0.3 0.9
v 1.4 0.3 0.9
v 1.3 0.3 0.8
v 1.4 0.3 0.8
v 1.5 0.3 0.8
v 1.6 0.3 0.8
v 1.5 0.3 0.7
v 1.6 0.3 0.7
v 1.3 0.3 0.5
v 1.6 0.3 0.5
v 1.3 0.3 0.0999999
v 1.6 0.3 0.0999999
v 1.7 0.3 0.0999999
v 1.8 0.3 0.0999999
v 1.3 0.3 -0.1
v 1.6 0.3 -0.1
v 1.7 0.3 -0.1
v 1.8 0.3 -0.1
v 1.3 0.3 -0.5
v 1.6 0.3 -0.5
v 1.5 0.3 -0.7
v 1.6 0.3 -0.7
v 1.3 0.3 -0.8
v 1.4 0.3 -0.8
v 1.5 0.3 -0.8
v 1.6 0.3 -0.8
v 1.3 0.3 -0.9
v 1.4 0.3 -0.9
v -1.2 0.3 -1.3
v -1.1 0.3 -1.3
v -1 0.3 -1.3
v -0.2 0.3 -1.3
v 0.1 0.3 -1.3
v -1.2 0.3 -1.4
v -1.1 0.3 -1.4
v -1 0.3 -1.4
v -0.4 0.3 -1.4
v -0.2 0.3 -1.4
v 0.1 0.3 -1.4
v -1 0.3 -1.5
v -0.4 0.3 -1.5
v -1 0.3 -1.6
v -0.4 0.3 -1.6
v -1 0.4 1.4
v -0.2 0.4 1.4
v -1.4 0.4 1.3
v -1 0.4 1.3
v -0.2 0.4 1.3
v 1.3 0.4 1.3
v -1.4 0.4 1.2
v 1.2 0.4 1.2
v 1.3 0.4 0.8
v 1.3 0.4 0.7
v 1.3 0.4 0.6
v 1.5 0.4 0.6
v 1.6 0.4 0.6
v 1.3 0.4 0.5
v 1.5 0.4 0.5
v 1.6 0.4 0.5
v 1.2 0.4 0.0999999
v 1.3 0.4 0.0999999
v 1.6 0.4 0.0999999
v 1.7 0.4 0.0999999
v 1.2 0.4 -0.1
v 1.3 0.4 -0.1
v 1.6 0.4 -0.1
v 1.7 0.4 -0.1
v 1.3 0.4 -0.5
v 1.5 0.4 -0.5
v 1.6 0.4 -0.5
v 1.3 0.4 -0.6
v 1.5 0.4 -0.6
v 1.6 0.4 -0.6
v 1.3 0.4 -0.7
v 1.3 0.4 -0.8
v -1.4 0.4 -1.2
v 1.2 0.4 -1.2
v -1.4 0.4 -1.3
v -1 0.4 -1.3
v -0.2 0.4 -1.3
v 1.3 0.4 -1.3
v -1 0.4 -1.4
v -0.2 0.4 -1.4
v 0.6 0.5 1.2
v 1.2 0.5 1.2
v 0.6 0.5 1.1
v 0.8 0.5 1.1
v 0.9 0.5 1.1
v 1 0.5 1.1
v 0.9 0.5 1
v 1 0.5 1
v 1.1 0.5 1
v 1.1 0.5 0.9
v 1.2 0.5 0.9
v 1.3 0.5 0.8
v 1.5 0.5 0.8
v 0.8 0.5 0.7
v 0.9 0.5 0.7
v 1.3 0.5 0.7
v 1.5 0.5 0.7
v 1.6 0.5 0.7
v 1.3 0.5 0.6
v 1.5 0.5 0.6
v 1.6 0.5 0.6
v 1.1 0.5 0.5
v 1.2 0.5 0.5
v 1.3 0.5 0.5
v 1.5 0.5 0.5
v 1.1 0.5 0.0999999
v 1.2 0.5 0.0999999
v 1.3 0.5 0.0999999
v 1.6 0.5 0.0999999
v 1.1 0.5 -0.1
v 1.2 0.5 -0.1
v 1.3 0.5 -0.1
v 1.6 0.5 -0.1
v 1.1 0.5 -0.5
v 1.2 0.5 -0.5
v 1.3 0.5 -0.5
v 1.5 0.5 -0.5
v 1.3 0.5 -0.6
v 1.5 0.5 -0.6
v 1.6 0.5 -0.6
v 0.8 0.5 -0.7
v 0.9 0.5 -0.7
v 1.3 0.5 -0.7
v 1.5 0.5 -0.7
v 1.6 0.5 -0.7
v 1.3 0.5 -0.8
v 1.5 0.5 -0.8
v 1.1 0.5 -0.9
v 1.2 0.5 -0.9
v 0.9 0.5 -1
v 1 0.5 -1
v 1.1 0.5 -1
v 0.6 0.5 -1.1
v 0.8 0.5 -1.1
v 0.9 0.5 -1.1
v 1 0.5 -1.1
v 0.6 0.5 -1.2
v 1.2 0.5 -1.2
v -1.5 0.6 1.2
v 0.6 0.6 1.2
v -1.5 0.6 1.1
v 0.6 0.6 1.1
v 0.9 0.6 1.1
v 1 0.6 1.1
v 0.9 0.6 1
v 1 0.6 1
v 0.8 0.6 0.7
v 0.9 0.6 0.7
v 1.3 0.6 0.7
v 1.4 0.6 0.7
v 0.9 0.6 0.6
v 1.1 0.6 0.6
v 1.2 0.6 0.6
v 1.3 0.6 0.6
v 1.4 0.6 0.6
v 0.9 0.6 0.5
v 1.1 0.6 0.5
v 1.2 0.6 0.5
v 0.8 0.6 0.0999999
v 1.1 0.6 0.0999999
v 1.2 0.6 0.0999999
v 1.3 0.6 0.0999999
v 0.8 0.6 -0.1
v 1.1 0.6 -0.1
v 1.2 0.6 -0.1
v 1.3 0.6 -0.1
v 0.9 0.6 -0.5
v 1.1 0.6 -0.5
v 1.2 0.6 -0.5
v 0.9 0.6 -0.6
v 1.1 0.6 -0.6
v 1.2 0.6 -0.6
v 1.3 0.6 -0.6
v 1.4 0.6 -0.6
v 0.8 0.6 -0.7
v 0.9 0.6 -0.7
v 1.3 0.6 -0.7
v 1.4 0.6 -0.7
v 0.9 0.6 -1
v 1 0.6 -1
v -1.5 0.6 -1.1
v 0.6 0.6 -1.1
v 0.9 0.6 -1.1
v 1 0.6 -1.1
v -1.5 0.6 -1.2
v 0.6 0.6 -1.2
v -1.5 0.7 1.1
v 0.5 0.7 1.1
v 0.7 0.7 1.1
v 0.8 0.7 1.1
v -1.5 0.7 1
v 0.5 0.7 1
v 0.7 0.7 1
v 0.8 0.7 1
v 1 0.7 1
v 1.1 0.7 1
v 1 0.7 0.9
v 1.1 0.7 0.9
v 1.4 0.7 0.7
v 1.5 0.7 0.7
v 0.7 0.7 0.6
v 0.8 0.7 0.6
v 1.4 0.7 0.6
v 1.5 0.7 0.6
v 0.7 0.7 0.0999999
v 0.8 0.7 0.0999999
v 1.1 0.7 0.0999999
v 1.2 0.7 0.0999999
v 0.7 0.7 -0.1
v 0.8 0.7 -0.1
v 1.1 0.7 -0.1
v 1.2 0.7 -0.1
v 0.7 0.7 -0.6
v 0.8 0.7 -0.6
v 1.4 0.7 -0.6
v 1.5 0.7 -0.6
v 1.4 0.7 -0.7
v 1.5 0.7 -0.7
v 1 0.7 -0.9
v 1.1 0.7 -0.9
v -1.5 0.7 -1
v 0.5 0.7 -1
v 0.7 0.7 -1
v 0.8 0.7 -1
v 1 0.7 -1
v 1.1 0.7 -1
v -1.5 0.7 -1.1
v 0.5 0.7 -1.1
v 0.7 0.7 -1.1
v 0.8 0.7 -1.1
v 0.5 0.8 1.1
v 0.7 0.8 1.1
v -1.5 0.8 1
v 0.5 0.8 1
v 0.7 0.8 1
v 0.9 0.8 1
v 1 0.8 1
v 0.1 0.8 0.9
v 0.5 0.8 0.9
v 0.9 0.8 0.9
v 1 0.8 0.9
v 1.1 0.8 0.9
v 1.2 0.8 0.9
v -1.5 0.8 0.8
v 0.1 0.8 0.8
v 1.1 0.8 0.8
v 1.2 0.8 0.8
v 0.9 0.8 0.6
v 1.1 0.8 0.6
v 0.9 0.8 0.5
v 1.1 0.8 0.5
v 0.6 0.8 0.4
v 0.7 0.8 0.4
v 0.6 0.8 0.0999999
v 0.7 0.8 0.0999999
v 0.8 0.8 0.0999999
v 1.1 0.8 0.0999999
v 0.6 0.8 -0.1
v 0.7 0.8 -0.1
v 0.8 0.8 -0.1
v 1.1 0.8 -0.1
v 0.6 0.8 -0.4
v 0.7 0.8 -0.4
v 0.9 0.8 -0.5
v 1.1 0.8 -0.5
v 0.9 0.8 -0.6
v 1.1 0.8 -0.6
v -1.5 0.8 -0.8
v 0.1 0.8 -0.8
v 1.1 0.8 -0.8
v 1.2 0.8 -0.8
v 0.1 0.8 -0.9
v 0.5 0.8 -0.9
v 0.9 0.8 -0.9
v 1 0.8 -0.9
v 1.1 0.8 -0.9
v 1.2 0.8 -0.9
v -1.5 0.8 -1
v 0.5 0.8 -1
v 0.7 0.8 -1
v 0.9 0.8 -1
v 1 0.8 -1
v 0.5 0.8 -1.1
v 0.7 0.8 -1.1
v 0.6 0.9 1
v 0.8 0.9 1
v 0.6 0.9 0.9
v 0.8 0.9 0.9
v 0.7 0.9 0.7
v 0.8 0.9 0.7
v 1.1 0.9 0.7
v 1.2 0.9 0.7
v 0.7 0.9 0.6
v 0.8 0.9 0.6
v 1.1 0.9 0.6
v 1.2 0.9 0.6
v 0.7 0.9 -0.6
v 0.8 0.9 -0.6
v 1.1 0.9 -0.6
v 1.2 0.9 -0.6
v 0.7 0.9 -0.7
v 0.8 0.9 -0.7
v 1.1 0.9 -0.7
v 1.2 0.9 -0.7
v 0.6 0.9 -0.9
v 0.8 0.9 -0.9
v 0.6 0.9 -1
v 0.8 0.9 -1
v 0.4 1 0.9
v 0.5 1 0.9
v 0.4 1 0.8
v 0.5 1 0.8
v 0.9 1 0.7
v 1.1 1 0.7
v 0.9 1 0.6
v 1.1 1 0.6
v 0.6 1 0.5
v 0.7 1 0.5
v 0.5 1 0.4
v 0.6 1 0.4
v 0.7 1 0.4
v 0.5 1 0.0999999
v 0.6 1 0.0999999
v 0.7 1 0.0999999
v 0.8 1 0.0999999
v 0.5 1 -0.1
v 0.6 1 -0.1
v 0.7 1 -0.1
v 0.8 1 -0.1
v 0.5 1 -0.4
v 0.6 1 -0.4
v 0.7 1 -0.4
v 0.6 1 -0.5
v 0.7 1 -0.5
v 0.9 1 -0.6
v 1.1 1 -0.6
v 0.9 1 -0.7
v 1.1 1 -0.7
v 0.4 1 -0.8
v 0.5 1 -0.8
v 0.4 1 -0.9
v 0.5 1 -0.9
v 0.3 1.1 0.9
v 0.4 1.1 0.9
v 0.7 1.1 0.9
v 0.8 1.1 0.9
v 0.9 1.1 0.9
v 1.1 1.1 0.9
v 0.3 1.1 0.8
v 0.4 1.1 0.8
v 0.7 1.1 0.8
v 0.8 1.1 0.8
v 0.9 1.1 0.8
v 1.1 1.1 0.8
v 1.2 1.1 0.8
v 0.4 1.1 0.7
v 0.5 1.1 0.7
v 1.1 1.1 0.7
v 1.2 1.1 0.7
v 0.5 1.1 0.6
v 0.6 1.1 0.6
v 0.7 1.1 0.6
v 0.5 1.1 0.5
v 0.6 1.1 0.5
v 0.7 1.1 0.5
v 0.5 1.1 0.4
v 0.6 1.1 0.4
v 0.4 1.1 0.0999999
v 0.5 1.1 0.0999999
v 0.6 1.1 0.0999999
v 0.7 1.1 0.0999999
v 0.4 1.1 -0.1
v 0.5 1.1 -0.1
v 0.6 1.1 -0.1
v 0.7 1.1 -0.1
v 0.5 1.1 -0.4
v 0.6 1.1 -0.4
v 0.5 1.1 -0.5
v 0.6 1.1 -0.5
v 0.7 1.1 -0.5
v 0.5 1.1 -0.6
v 0.6 1.1 -0.6
v 0.7 1.1 -0.6
v 0.4 1.1 -0.7
v 0.5 1.1 -0.7
v 1.1 1.1 -0.7
v 1.2 1.1 -0.7
v 0.3 1.1 -0.8
v 0.4 1.1 -0.8
v 0.7 1.1 -0.8
v 0.8 1.1 -0.8
v 0.9 1.1 -0.8
v 1.1 1.1 -0.8
v 1.2 1.1 -0.8
v 0.3 1.1 -0.9
v 0.4 1.1 -0.9
v 0.7 1.1 -0.9
v 0.8 1.1 -0.9
v 0.9 1.1 -0.9
v 1.1 1.1 -0.9
v 0.5 1.2 1
v 0.6 1.2 1
v 0.5 1.2 0.9
v 0.6 1.2 0.9
v 0.4 1.2 0.8
v 0.5 1.2 0.8
v 1 1.2 0.8
v 1.1 1.2 0.8
v 0.4 1.2 0.7
v 0.5 1.2 0.7
v 1 1.2 0.7
v 1.1 1.2 0.7
v 0.4 1.2 -0.7
v 0.5 1.2 -0.7
v 1 1.2 -0.7
v 1.1 1.2 -0.7
v 0.4 1.2 -0.8
v 0.5 1.2 -0.8
v 1 1.2 -0.8
v 1.1 1.2 -0.8
v 0.5 1.2 -0.9
v 0.6 1.2 -0.9
v 0.5 1.2 -1
v 0.6 1.2 -1
v 0.9 1.3 0.8
v 1 1.3 0.8
v 0.9 1.3 0.7
v 1 1.3 0.7
v 0.9 1.3 -0.7
v 1 1.3 -0.7
v 0.9 1.3 -0.8
v 1 1.3 -0.8
v 0.5 1.4 0.9
v 0.7 1.4 0.9
v 0.5 1.4 0.8
v 0.6 1.4 0.8
v 0.7 1.4 0.8
v 0.2 1.4 0.6
v 0.4 1.4 0.6
v 0.5 1.4 0.6
v 0.6 1.4 0.6
v 0.5 1.4 0.5
v 0.6 1.4 0.5
v 0.2 1.4 0.0999999
v 0.4 1.4 0.0999999
v 0.5 1.4 0.0999999
v 0.6 1.4 0.0999999
v 0.2 1.4 -0.1
v 0.4 1.4 -0.1
v 0.5 1.4 -0.1
v 0.6 1.4 -0.1
v 0.5 1.4 -0.5
v 0.6 1.4 -0.5
v 0.2 1.4 -0.6
v 0.4 1.4 -0.6
v 0.5 1.4 -0.6
v 0.6 1.4 -0.6
v 0.5 1.4 -0.8
v 0.6 1.4 -0.8
v 0.7 1.4 -0.8
v 0.5 1.4 -0.9
v 0.7 1.4 -0.9
v 0.7 1.5 0.8
v 0.8 1.5 0.8
v 0.6 1.5 0.7
v 0.7 1.5 0.7
v 0.8 1.5 0.7
v 0.6 1.5 0.6
v 0.7 1.5 0.6
v 1.19209e-07 1.5 0.4
v 0.2 1.5 0.4
v 1.19209e-07 1.5 0.0999999
v 0.2 1.5 0.0999999
v 0.4 1.5 0.0999999
v 0.5 1.5 0.0999999
v 1.19209e-07 1.5 -0.1
v 0.2 1.5 -0.1
v 0.4 1.5 -0.1
v 0.5 1.5 -0.1
v 1.19209e-07 1.5 -0.4
v 0.2 1.5 -0.4
v 0.6 1.5 -0.6
v 0.7 1.5 -0.6
v 0.6 1.5 -0.7
v 0.7 1.5 -0.7
v 0.8 1.5 -0.7
v 0.7 1.5 -0.8
v 0.8 1.5 -0.8
v -1.5 1.6 0.9
v -1 1.6 0.9
v -0.4 1.6 0.9
v 1.19209e-07 1.6 0.9
v -1.5 1.6 0.8
v -1 1.6 0.8
v -0.4 1.6 0.8
v 1.19209e-07 1.6 0.8
v 0.6 1.6 0.8
v 0.7 1.6 0.8
v 0.3 1.6 0.7
v 0.4 1.6 0.7
v 0.5 1.6 0.7
v 0.6 1.6 0.7
v 0.7 1.6 0.7
v 0.3 1.6 0.6
v 0.4 1.6 0.6
v 0.5 1.6 0.6
v 0.6 1.6 0.6
v 0.2 1.6 0.0999999
v 0.4 1.6 0.0999999
v 0.2 1.6 -0.1
v 0.4 1.6 -0.1
v 0.3 1.6 -0.6
v 0.4 1.6 -0.6
v 0.5 1.6 -0.6
v 0.6 1.6 -0.6
v 0.3 1.6 -0.7
v 0.4 1.6 -0.7
v 0.5 1.6 -0.7
v 0.6 1.6 -0.7
v 0.7 1.6 -0.7
v -1.5 1.6 -0.8
v -1 1.6 -0.8
v -0.4 1.6 -0.8
v 1.19209e-07 1.6 -0.8
v 0.6 1.6 -0.8
v 0.7 1.6 -0.8
v -1.5 1.6 -0.9
v -1 1.6 -0.9
v -0.4 1.6 -0.9
v 1.19209e-07 1.6 -0.9
v 0.5 1.7 0.8
v 0.6 1.7 0.8
v 0.5 1.7 0.7
v 0.6 1.7 0.7
v 1.19209e-07 1.7 0.5
v 0.2 1.7 0.5
v 1.19209e-07 1.7 0.4
v 0.2 1.7 0.4
v 1.19209e-07 1.7 0.0999999
v 0.2 1.7 0.0999999
v 1.19209e-07 1.7 -0.1
v 0.2 1.7 -0.1
v 1.19209e-07 1.7 -0.4
v 0.2 1.7 -0.4
v 1.19209e-07 1.7 -0.5
v 0.2 1.7 -0.5
v 0.5 1.7 -0.7
v 0.6 1.7 -0.7
v 0.5 1.7 -0.8
v 0.6 1.7 -0.8
v -0.5 1.8 0.9
v -0.4 1.8 0.9
v 0.2 1.8 0.9
v 0.3 1.8 0.9
v -1.7 1.8 0.8
v -1 1.8 0.8
v -0.5 1.8 0.8
v -0.4 1.8 0.8
v 0.2 1.8 0.8
v 0.3 1.8 0.8
v -1.7 1.8 0.7
v -1 1.8 0.7
v -1.7 1.8 -0.7
v -1 1.8 -0.7
v -1.7 1.8 -0.8
v -1 1.8 -0.8
v -0.5 1.8 -0.8
v -0.4 1.8 -0.8
v 0.2 1.8 -0.8
v 0.3 1.8 -0.8
v -0.5 1.8 -0.9
v -0.4 1.8 -0.9
v 0.2 1.8 -0.9
v 0.3 1.8 -0.9
v -0.6 1.9 0.9
v -0.5 1.9 0.9
v -0.6 1.9 0.8
v -0.5 1.9 0.8
v -0.4 1.9 0.8
v 1.19209e-07 1.9 0.8
v -0.4 1.9 0.7
v 1.19209e-07 1.9 0.7
v -0.4 1.9 0.6
v -0.3 1.9 0.6
v 1.19209e-07 1.9 0.6
v 0.2 1.9 0.6
v 1.19209e-07 1.9 0.5
v 0.2 1.9 0.5
v -0.3 1.9 0.4
v 1.19209e-07 1.9 0.4
v -0.3 1.9 -0.4
v 1.19209e-07 1.9 -0.4
v 1.19209e-07 1.9 -0.5
v 0.2 1.9 -0.5
v -0.4 1.9 -0.6
v -0.3 1.9 -0.6
v 1.19209e-07 1.9 -0.6
v 0.2 1.9 -0.6
v -0.4 1.9 -0.7
v 1.19209e-07 1.9 -0.7
v -0.6 1.9 -0.8
v -0.5 1.9 -0.8
v -0.4 1.9 -0.8
v 1.19209e-07 1.9 -0.8
v -0.6 1.9 -0.9
v -0.5 1.9 -0.9
v 1.19209e-07 2 0.9
v 0.2 2 0.9
v -0.5 2 0.8
v -0.4 2 0.8
v 1.19209e-07 2 0.8
v 0.1 2 0.8
v 0.2 2 0.8
v 0.3 2 0.8
v 0.4 2 0.8
v -1.2 2 0.7
v -1 2 0.7
v -0.7 2 0.7
v -0.6 2 0.7
v -0.5 2 0.7
v -0.4 2 0.7
v 0.1 2 0.7
v 0.3 2 0.7
v 0.4 2 0.7
v -1.2 2 0.6
v -1 2 0.6
v -0.7 2 0.6
v -0.4 2 0.6
v 0.1 2 0.6
v 0.3 2 0.6
v -0.0999999 2 0.4
v 1.19209e-07 2 0.4
v -0.0999999 2 -0.4
v 1.19209e-07 2 -0.4
v -1.2 2 -0.6
v -1 2 -0.6
v -0.7 2 -0.6
v -0.4 2 -0.6
v 0.1 2 -0.6
v 0.3 2 -0.6
v -1.2 2 -0.7
v -1 2 -0.7
v -0.7 2 -0.7
v -0.6 2 -0.7
v -0.5 2 -0.7
v -0.4 2 -0.7
v 0.1 2 -0.7
v 0.3 2 -0.7
v 0.4 2 -0.7
v -0.5 2 -0.8
v -0.4 2 -0.8
v 1.19209e-07 2 -0.8
v 0.1 2 -0.8
v 0.2 2 -0.8
v 0.3 2 -0.8
v 0.4 2 -0.8
v 1.19209e-07 2 -0.9
v 0.2 2 -0.9
v -0.7 2.1 0.9
v -0.6 2.1 0.9
v -0.7 2.1 0.8
v -0.6 2.1 0.8
v 0.2 2.1 0.8
v 0.3 2.1 0.8
v -1.7 2.1 0.7
v -1.2 2.1 0.7
v 1.19209e-07 2.1 0.7
v 0.1 2.1 0.7
v 0.2 2.1 0.7
v 0.3 2.1 0.7
v -1.6 2.1 0.6
v -1.2 2.1 0.6
v 1.19209e-07 2.1 0.6
v 0.1 2.1 0.6
v -1.6 2.1 -0.6
v -1.2 2.1 -0.6
v 1.19209e-07 2.1 -0.6
v 0.1 2.1 -0.6
v -1.7 2.1 -0.7
v -1.2 2.1 -0.7
v 1.19209e-07 2.1 -0.7
v 0.1 2.1 -0.7
v 0.2 2.1 -0.7
v 0.3 2.1 -0.7
v -0.7 2.1 -0.8
v -0.6 2.1 -0.8
v 0.2 2.1 -0.8
v 0.3 2.1 -0.8
v -0.7 2.1 -0.9
v -0.6 2.1 -0.9
v 0.1 2.2 0.8
v 0.2 2.2 0.8
v 0.1 2.2 0.7
v 0.2 2.2 0.7
v 0.1 2.2 -0.7
v 0.2 2.2 -0.7
v 0.1 2.2 -0.8
v 0.2 2.2 -0.8
v -0.6 2.3 0.8
v -0.5 2.3 0.8
v 1.19209e-07 2.3 0.8
v 0.1 2.3 0.8
v -0.6 2.3 0.7
v -0.5 2.3 0.7
v 1.19209e-07 2.3 0.7
v 0.1 2.3 0.7
v -1.6 2.3 0.6
v -1.4 2.3 0.6
v -0.6 2.3 0.6
v -0.3 2.3 0.6
v -0.6 2.3 0.4
v -0.3 2.3 0.4
v -0.2 2.3 0.4
v -0.0999999 2.3 0.4
v -0.6 2.3 -0.4
v -0.3 2.3 -0.4
v -0.2 2.3 -0.4
v -0.0999999 2.3 -0.4
v -1.6 2.3 -0.6
v -1.4 2.3 -0.6
v -0.6 2.3 -0.6
v -0.3 2.3 -0.6
v -0.6 2.3 -0.7
v -0.5 2.3 -0.7
v 1.19209e-07 2.3 -0.7
v 0.1 2.3 -0.7
v -0.6 2.3 -0.8
v -0.5 2.3 -0.8
v 1.19209e-07 2.3 -0.8
v 0.1 2.3 -0.8
v -1 2.4 0.9
v -0.7 2.4 0.9
v -1 2.4 0.8
v -0.7 2.4 0.8
v -0.8 2.4 0.7
v -0.7 2.4 0.7
v -1.4 2.4 0.6
v -1 2.4 0.6
v -0.8 2.4 0.6
v -0.7 2.4 0.6
v -0.6 2.4 0.6
v -1.2 2.4 0.5
v -0.6 2.4 0.5
v -0.3 2.4 0.4
v -0.2 2.4 0.4
v -0.3 2.4 -0.4
v -0.2 2.4 -0.4
v -1.2 2.4 -0.5
v -0.6 2.4 -0.5
v -1.4 2.4 -0.6
v -1 2.4 -0.6
v -0.8 2.4 -0.6
v -0.7 2.4 -0.6
v -0.6 2.4 -0.6
v -0.8 2.4 -0.7
v -0.7 2.4 -0.7
v -1 2.4 -0.8
v -0.7 2.4 -0.8
v -1 2.4 -0.9
v -0.7 2.4 -0.9
v -0.7 2.5 0.8
v -0.6 2.5 0.8
v -0.7 2.5 0.7
v -0.6 2.5 0.7
v -1.2 2.5 0.5
v -0.6 2.5 0.5
v -0.6 2.5 0.4
v -0.3 2.5 0.4
v -0.6 2.5 -0.4
v -0.3 2.5 -0.4
v -1.2 2.5 -0.5
v -0.6 2.5 -0.5
v -0.7 2.5 -0.7
v -0.6 2.5 -0.7
v -0.7 2.5 -0.8
v -0.6 2.5 -0.8
v -0.9 2.6 0.7
v -0.8 2.6 0.7
v -0.9 2.6 0.6
v -0.8 2.6 0.6
v -0.9 2.6 -0.6
v -0.8 2.6 -0.6
v -0.9 2.6 -0.7
v -0.8 2.6 -0.7
v -0.8 2.7 0.8
v -0.7 2.7 0.8
v -1 2.7 0.7
v -0.9 2.7 0.7
v -0.8 2.7 0.7
v -0.7 2.7 0.7
v -1 2.7 0.6
v -0.9 2.7 0.6
v -1 2.7 -0.6
v -0.9 2.7 -0.6
v -1 2.7 -0.7
v -0.9 2.7 -0.7
v -0.8 2.7 -0.7
v -0.7 2.7 -0.7
v -0.8 2.7 -0.8
v -0.7 2.7 -0.8
v -1 2.8 0.8
v -0.8 2.8 0.8
v -1 2.8 0.7
v -0.8 2.8 0.7
v -1 2.8 -0.7
v -0.8 2.8 -0.7
v -1 2.8 -0.8
v -0.8 2.8 -0.8

# faces
f 3/7/1 2/7/1 1/7/1
f 4/7/1 2/7/1 3/7/1
f 5/7/1 2/7/1 4/7/1
f 6/7/1 2/7/1 5/7/1
f 7/7/1 2/7/1 6/7/1
f 8/7/1 2/7/1 7/7/1
f 9/7/1 3/7/1 1/7/1
f 9/6/1 4/6/1 3/6/1
f 10/7/1 5/7/1 4/7/1
f 10/6/1 4/6/1 9/6/1
f 11/6/1 6/6/1 5/6/1
f 11/7/1 5/7/1 10/7/1
f 12/7/1 7/7/1 6/7/1
f 12/6/1 6/6/1 11/6/1
f 13/6/1 8/6/1 7/6/1
f 13/7/1 7/7/1 12/7/1
f 14/7/1 2/7/1 8/7/1
f 14/6/1 8/6/1 13/6/1
f 16/7/1 9/7/1 1/7/1
f 16/7/1 10/7/1 9/7/1
f 17/6/1 11/6/1 10/6/1
f 17/7/1 10/7/1 16/7/1
f 18/7/1 12/7/1 11/7/1
f 18/6/1 11/6/1 17/6/1
f 19/6/1 13/6/1 12/6/1
f 19/7/1 12/7/1 18/7/1
f 20/7/1 14/7/1 13/7/1
f 20/6/1 13/6/1 19/6/1
f 21/7/1 2/7/1 14/7/1
f 21/7/1 14/7/1 20/7/1
f 23/7/1 18/7/1 17/7/1
f 23/7/1 22/7/1 21/7/1
f 23/7/1 21/7/1 20/7/1
f 23/7/1 17/7/1 16/7/1
f 23/7/1 16/7/1 15/7/1
f 23/7/1 19/7/1 18/7/1
f 23/7/1 20/7/1 19/7/1
f 24/7/1 22/7/1 23/7/1
f 25/7/1 22/7/1 24/7/1
f 26/7/1 22/7/1 25/7/1
f 27/7/1 22/7/1 26/7/1
f 28/7/1 22/7/1 27/7/1
f 29/7/1 23/7/1 15/7/1
f 30/4/1 24/4/1 23/4/1
f 30/7/1 23/7/1 29/7/1
f 31/6/1 25/6/1 24/6/1
f 31/4/1 24/4/1 30/4/1
f 32/7/1 26/7/1 25/7/1
f 32/6/1 25/6/1 31/6/1
f 33/6/1 27/6/1 26/6/1
f 33/7/1 26/7/1 32/7/1
f 34/4/1 28/4/1 27/4/1
f 34/6/1 27/6/1 33/6/1
f 35/7/1 22/7/1 28/7/1
f 35/4/1 28/4/1 34/4/1
f 36/7/1 22/7/1 35/7/1
f 37/7/1 29/7/1 15/7/1
f 38/7/1 29/7/1 37/7/1
f 39/6/1 30/6/1 29/6/1
f 39/7/1 29/7/1 38/7/1
f 39/6/1 31/6/1 30/6/1
f 40/7/1 34/7/1 33/7/1
f 40/6/1 31/6/1 39/6/1
f 40/7/1 32/7/1 31/7/1
f 40/7/1 33/7/1 32/7/1
f 41/6/1 36/6/1 35/6/1
f 41/7/1 34/7/1 40/7/1
f 41/6/1 35/6/1 34/6/1
f 42/7/1 22/7/1 36/7/1
f 42/6/1 36/6/1 41/6/1
f 43/7/1 22/7/1 42/7/1
f 44/7/1 22/7/1 43/7/1
f 45/7/1 39/7/1 38/7/1
f 45/7/1 41/7/1 40/7/1
f 45/7/1 43/7/1 42/7/1
f 45/7/1 42/7/1 41/7/1
f 45/7/1 40/7/1 39/7/1
f 46/7/1 43/7/1 45/7/1
f 49/7/1 48/7/1 47/7/1
f 50/7/1 48/7/1 49/7/1
f 51/7/1 49/7/1 47/7/1
f 52/7/1 49/7/1 51/7/1
f 53/7/1 48/7/1 50/7/1
f 54/7/1 48/7/1 53/7/1
f 57/7/1 56/7/1 55/7/1
f 58/7/1 56/7/1 57/7/1
f 61/7/1 60/7/1 59/7/1
f 62/7/1 60/7/1 61/7/1
f 63/7/1 60/7/1 62/7/1
f 64/7/1 60/7/1 63/7/1
f 65/7/1 63/7/1 62/7/1
f 66/7/1 63/7/1 65/7/1
f 67/7/1 63/7/1 66/7/1
f 68/7/1 63/7/1 67/7/1
f 69/7/1 67/7/1 66/7/1
f 70/7/1 67/7/1 69/7/1
f 71/7/1 67/7/1 70/7/1
f 72/7/1 67/7/1 71/7/1
f 77/7/1 74/7/1 73/7/1
f 78/7/1 74/7/1 77/7/1
f 79/7/1 76/7/1 75/7/1
f 80/7/1 76/7/1 79/7/1
f 83/5/1 82/5/1 81/5/1
f 84/5/1 82/5/1 83/5/1
f 85/5/1 82/5/1 84/5/1
f 86/5/1 82/5/1 85/5/1
f 87/5/1 82/5/1 86/5/1
f 88/5/1 82/5/1 87/5/1
f 89/5/1 82/5/1 88/5/1
f 90/5/1 82/5/1 89/5/1
f 91/5/1 82/5/1 90/5/1
f 92/5/1 82/5/1 91/5/1
f 93/5/1 85/5/1 84/5/1
f 94/7/1 86/7/1 85/7/1
f 94/5/1 85/5/1 93/5/1
f 95/5/1 87/5/1 86/5/1
f 95/7/1 86/7/1 94/7/1
f 96/7/1 88/7/1 87/7/1
f 96/5/1 87/5/1 95/5/1
f 97/5/1 89/5/1 88/5/1
f 97/7/1 88/7/1 96/7/1
f 98/7/1 90/7/1 89/7/1
f 98/5/1 89/5/1 97/5/1
f 99/5/1 91/5/1 90/5/1
f 99/7/1 90/7/1 98/7/1
f 100/5/1 91/5/1 99/5/1
f 101/7/1 98/7/1 97/7/1
f 101/7/1 94/7/1 93/7/1
f 101/7/1 100/7/1 99/7/1
f 101/7/1 99/7/1 98/7/1
f 101/7/1 97/7/1 96/7/1
f 101/7/1 96/7/1 95/7/1
f 101/7/1 95/7/1 94/7/1
f 102/7/1 100/7/1 101/7/1
f 103/7/1 100/7/1 102/7/1
f 104/7/1 100/7/1 103/7/1
f 107/7/1 106/7/1 105/7/1
f 108/7/1 106/7/1 107/7/1
f 113/5/1 110/5/1 109/5/1
f 114/5/1 110/5/1 113/5/1
f 115/5/1 112/5/1 111/5/1
f 116/5/1 112/5/1 115/5/1
f 117/5/1 110/5/1 114/5/1
f 118/5/1 110/5/1 117/5/1
f 119/5/1 115/5/1 111/5/1
f 120/5/1 115/5/1 119/5/1
f 125/5/1 122/5/1 121/5/1
f 126/5/1 122/5/1 125/5/1
f 127/5/1 124/5/1 123/5/1
f 128/5/1 124/5/1 127/5/1
f 131/7/1 130/7/1 129/7/1
f 132/7/1 130/7/1 131/7/1
f 137/5/1 134/5/1 133/5/1
f 138/5/1 134/5/1 137/5/1
f 139/5/1 136/5/1 135/5/1
f 140/5/1 136/5/1 139/5/1
f 147/5/1 142/5/1 141/5/1
f 148/7/1 143/7/1 142/7/1
f 148/5/1 142/5/1 147/5/1
f 149/7/1 143/7/1 148/7/1
f 152/7/1 145/7/1 144/7/1
f 153/5/1 146/5/1 145/5/1
f 153/7/1 145/7/1 152/7/1
f 154/5/1 146/5/1 153/5/1
f 155/7/1 150/7/1 149/7/1
f 156/7/1 150/7/1 155/7/1
f 157/7/1 152/7/1 151/7/1
f 158/7/1 152/7/1 157/7/1
f 163/2/1 160/2/1 159/2/1
f 166/2/1 162/2/1 161/2/1
f 167/9/1 164/9/1 163/9/1
f 170/9/1 166/9/1 165/9/1
f 171/2/1 163/2/1 159/2/1
f 172/9/1 167/9/1 163/9/1
f 172/2/1 163/2/1 171/2/1
f 173/6/1 168/6/1 167/6/1
f 173/9/1 167/9/1 172/9/1
f 174/6/1 168/6/1 173/6/1
f 175/6/1 170/6/1 169/6/1
f 176/9/1 166/9/1 170/9/1
f 176/6/1 170/6/1 175/6/1
f 177/2/1 162/2/1 166/2/1
f 177/9/1 166/9/1 176/9/1
f 178/2/1 162/2/1 177/2/1
f 179/2/1 174/2/1 173/2/1
f 179/3/1 173/3/1 172/3/1
f 180/2/1 174/2/1 179/2/1
f 181/2/1 176/2/1 175/2/1
f 182/3/1 177/3/1 176/3/1
f 182/2/1 176/2/1 181/2/1
f 183/3/1 179/3/1 172/3/1
f 184/3/1 179/3/1 183/3/1
f 185/3/1 177/3/1 182/3/1
f 186/3/1 177/3/1 185/3/1
f 191/1/1 188/1/1 187/1/1
f 196/1/1 190/1/1 189/1/1
f 197/1/1 191/1/1 187/1/1
f 198/8/1 192/8/1 191/8/1
f 198/1/1 191/1/1 197/1/1
f 199/2/1 193/2/1 192/2/1
f 199/8/1 192/8/1 198/8/1
f 200/2/1 195/2/1 194/2/1
f 200/8/1 196/8/1 195/8/1
f 201/1/1 190/1/1 196/1/1
f 201/8/1 196/8/1 200/8/1
f 202/1/1 190/1/1 201/1/1
f 203/2/1 199/2/1 198/2/1
f 204/2/1 193/2/1 199/2/1
f 204/2/1 199/2/1 203/2/1
f 205/2/1 193/2/1 204/2/1
f 206/2/1 201/2/1 200/2/1
f 206/2/1 200/2/1 194/2/1
f 207/2/1 201/2/1 206/2/1
f 208/2/1 201/2/1 207/2/1
f 209/3/1 204/3/1 203/3/1
f 210/3/1 204/3/1 209/3/1
f 211/3/1 208/3/1 207/3/1
f 212/3/1 208/3/1 211/3/1
f 217/7/1 214/7/1 213/7/1
f 218/7/1 214/7/1 217/7/1
f 219/7/1 216/7/1 215/7/1
f 220/7/1 216/7/1 219/7/1
f 225/1/1 222/1/1 221/1/1
f 226/1/1 222/1/1 225/1/1
f 229/1/1 224/1/1 223/1/1
f 230/1/1 224/1/1 229/1/1
f 231/1/1 227/1/1 226/1/1
f 234/1/1 229/1/1 228/1/1
f 235/8/1 232/8/1 231/8/1
f 242/8/1 234/8/1 233/8/1
f 243/1/1 231/1/1 226/1/1
f 244/8/1 235/8/1 231/8/1
f 244/1/1 231/1/1 243/1/1
f 245/8/1 235/8/1 244/8/1
f 246/8/1 237/8/1 236/8/1
f 247/8/1 241/8/1 240/8/1
f 248/8/1 234/8/1 242/8/1
f 249/1/1 229/1/1 234/1/1
f 249/8/1 234/8/1 248/8/1
f 250/1/1 229/1/1 249/1/1
f 251/1/1 245/1/1 244/1/1
f 252/8/1 246/8/1 245/8/1
f 252/1/1 245/1/1 251/1/1
f 253/1/1 238/1/1 237/1/1
f 253/8/1 246/8/1 252/8/1
f 253/8/1 237/8/1 246/8/1
f 254/1/1 238/1/1 253/1/1
f 255/1/1 240/1/1 239/1/1
f 256/8/1 247/8/1 240/8/1
f 256/1/1 240/1/1 255/1/1
f 256/8/1 248/8/1 247/8/1
f 257/1/1 249/1/1 248/1/1
f 257/8/1 248/8/1 256/8/1
f 258/1/1 249/1/1 257/1/1
f 259/2/1 253/2/1 252/2/1
f 260/2/1 253/2/1 259/2/1
f 261/2/1 257/2/1 256/2/1
f 262/2/1 257/2/1 261/2/1
f 263/2/1 253/2/1 260/2/1
f 263/3/1 260/3/1 259/3/1
f 264/2/1 253/2/1 263/2/1
f 265/2/1 261/2/1 256/2/1
f 266/3/1 262/3/1 261/3/1
f 266/2/1 261/2/1 265/2/1
f 267/3/1 263/3/1 259/3/1
f 268/3/1 263/3/1 267/3/1
f 269/3/1 262/3/1 266/3/1
f 270/3/1 262/3/1 269/3/1
f 277/1/1 272/1/1 271/1/1
f 278/8/1 273/8/1 272/8/1
f 278/1/1 272/1/1 277/1/1
f 279/8/1 273/8/1 278/8/1
f 280/8/1 273/8/1 279/8/1
f 285/8/1 275/8/1 274/8/1
f 286/8/1 275/8/1 285/8/1
f 287/1/1 276/1/1 275/1/1
f 287/8/1 275/8/1 286/8/1
f 288/1/1 276/1/1 287/1/1
f 289/1/1 279/1/1 278/1/1
f 290/8/1 280/8/1 279/8/1
f 290/1/1 279/1/1 289/1/1
f 290/8/1 281/8/1 280/8/1
f 291/8/1 281/8/1 290/8/1
f 292/8/1 281/8/1 291/8/1
f 293/1/1 282/1/1 281/1/1
f 293/8/1 281/8/1 292/8/1
f 294/1/1 282/1/1 293/1/1
f 295/1/1 284/1/1 283/1/1
f 296/8/1 286/8/1 285/8/1
f 296/1/1 284/1/1 295/1/1
f 296/8/1 285/8/1 284/8/1
f 297/8/1 286/8/1 296/8/1
f 298/8/1 286/8/1 297/8/1
f 299/1/1 287/1/1 286/1/1
f 299/8/1 286/8/1 298/8/1
f 300/1/1 287/1/1 299/1/1
f 301/8/1 292/8/1 291/8/1
f 301/1/1 291/1/1 290/1/1
f 302/2/1 293/2/1 292/2/1
f 302/8/1 292/8/1 301/8/1
f 303/2/1 293/2/1 302/2/1
f 304/2/1 297/2/1 296/2/1
f 305/8/1 298/8/1 297/8/1
f 305/2/1 297/2/1 304/2/1
f 306/1/1 299/1/1 298/1/1
f 306/8/1 298/8/1 305/8/1
f 307/1/1 301/1/1 290/1/1
f 308/2/1 302/2/1 301/2/1
f 308/1/1 301/1/1 307/1/1
f 309/2/1 302/2/1 308/2/1
f 310/2/1 306/2/1 305/2/1
f 311/1/1 299/1/1 306/1/1
f 311/2/1 306/2/1 310/2/1
f 312/1/1 299/1/1 311/1/1
f 313/3/1 309/3/1 308/3/1
f 314/3/1 309/3/1 313/3/1
f 315/3/1 311/3/1 310/3/1
f 316/3/1 311/3/1 315/3/1
f 325/1/1 318/1/1 317/1/1
f 326/8/1 319/8/1 318/8/1
f 326/1/1 318/1/1 325/1/1
f 327/2/1 320/2/1 319/2/1
f 327/8/1 319/8/1 326/8/1
f 328/2/1 320/2/1 327/2/1
f 329/2/1 322/2/1 321/2/1
f 330/8/1 323/8/1 322/8/1
f 330/2/1 322/2/1 329/2/1
f 331/1/1 324/1/1 323/1/1
f 331/8/1 323/8/1 330/8/1
f 332/1/1 324/1/1 331/1/1
f 333/3/1 327/3/1 326/3/1
f 334/3/1 327/3/1 333/3/1
f 335/3/1 331/3/1 330/3/1
f 336/3/1 331/3/1 335/3/1
f 341/3/1 338/3/1 337/3/1
f 342/3/1 338/3/1 341/3/1
f 343/3/1 340/3/1 339/3/1
f 344/3/1 340/3/1 343/3/1
f 345/7/2 346/7/2 349/7/2
f 349/7/2 346/7/2 350/7/2
f 347/7/2 348/7/2 351/7/2
f 351/7/2 348/7/2 352/7/2
f 353/2/2 354/2/2 357/2/2
f 357/2/2 354/2/2 358/2/2
f 355/2/2 356/2/2 359/2/2
f 359/2/2 356/2/2 360/2/2
f 361/2/2 362/2/2 365/2/2
f 365/2/2 362/2/2 366/2/2
f 363/2/2 364/2/2 367/2/2
f 367/2/2 364/2/2 368/2/2
f 369/3/2 370/3/2 373/3/2
f 373/3/2 370/3/2 374/3/2
f 371/3/2 372/3/2 375/3/2
f 375/3/2 372/3/2 376/3/2
f 377/2/2 378/2/2 383/2/2
f 379/2/2 380/2/2 384/2/2
f 381/2/2 382/2/2 387/2/2
f 387/2/2 382/2/2 388/2/2
f 383/2/2 378/2/2 389/2/2
f 389/2/2 378/2/2 390/2/2
f 379/2/2 384/2/2 391/2/2
f 391/2/2 384/2/2 392/2/2
f 385/2/2 386/2/2 393/2/2
f 393/2/2 386/2/2 394/2/2
f 395/3/2 396/3/2 399/3/2
f 399/3/2 396/3/2 400/3/2
f 397/3/2 398/3/2 401/3/2
f 401/3/2 398/3/2 402/3/2
f 403/2/2 404/2/2 407/2/2
f 407/2/2 404/2/2 408/2/2
f 405/2/2 406/2/2 409/2/2
f 409/2/2 406/2/2 410/2/2
f 413/7/2 414/7/2 419/7/2
f 419/7/2 414/7/2 420/7/2
f 415/7/2 416/7/2 421/7/2
f 421/7/2 416/7/2 422/7/2
f 411/3/2 412/3/2 423/3/2
f 423/3/2 412/3/2 424/3/2
f 420/7/2 414/7/2 425/7/2
f 425/7/2 414/7/2 426/7/2
f 415/7/2 421/7/2 427/7/2
f 427/7/2 421/7/2 428/7/2
f 417/3/2 418/3/2 429/3/2
f 429/3/2 418/3/2 430/3/2
f 431/2/2 432/2/2 435/2/2
f 435/2/2 432/2/2 436/2/2
f 433/2/2 434/2/2 437/2/2
f 437/2/2 434/2/2 438/2/2
f 439/3/2 440/3/2 443/3/2
f 443/3/2 440/3/2 444/3/2
f 441/3/2 442/3/2 445/3/2
f 445/3/2 442/3/2 446/3/2
f 447/5/2 448/5/2 453/5/2
f 448/7/2 449/7/2 454/7/2
f 453/5/2 448/5/2 454/5/2
f 454/7/2 449/7/2 455/7/2
f 450/7/2 451/7/2 456/7/2
f 451/5/2 452/5/2 457/5/2
f 456/7/2 451/7/2 457/7/2
f 457/5/2 452/5/2 458/5/2
f 459/2/2 460/2/2 463/2/2
f 463/2/2 460/2/2 464/2/2
f 461/2/2 462/2/2 465/2/2
f 465/2/2 462/2/2 466/2/2
f 467/3/2 468/3/2 473/3/2
f 468/7/2 469/7/2 474/7/2
f 473/3/2 468/3/2 474/3/2
f 474/7/2 469/7/2 475/7/2
f 470/7/2 471/7/2 476/7/2
f 471/3/2 472/3/2 477/3/2
f 476/7/2 471/7/2 477/7/2
f 477/3/2 472/3/2 478/3/2
f 479/7/2 480/7/2 483/7/2
f 483/7/2 480/7/2 484/7/2
f 481/7/2 482/7/2 485/7/2
f 485/7/2 482/7/2 486/7/2
f 487/7/2 488/7/2 489/7/2
f 489/7/2 488/7/2 490/7/2
f 491/5/2 492/5/2 495/5/2
f 495/5/2 492/5/2 496/5/2
f 493/5/2 494/5/2 497/5/2
f 497/5/2 494/5/2 498/5/2
f 499/7/2 500/7/2 503/7/2
f 503/7/2 500/7/2 504/7/2
f 501/7/2 502/7/2 505/7/2
f 505/7/2 502/7/2 506/7/2
f 507/7/2 508/7/2 509/7/2
f 509/7/2 508/7/2 510/7/2
f 511/7/2 512/7/2 513/7/2
f 513/7/2 512/7/2 514/7/2
f 515/7/2 516/7/2 519/7/2
f 517/7/2 518/7/2 520/7/2
f 515/7/2 519/7/2 522/7/2
f 522/7/2 519/7/2 523/7/2
f 520/7/2 518/7/2 524/7/2
f 524/7/2 518/7/2 525/7/2
f 522/7/2 523/7/2 527/7/2
f 525/7/2 526/7/2 527/7/2
f 524/7/2 525/7/2 527/7/2
f 523/7/2 524/7/2 527/7/2
f 521/7/2 522/7/2 527/7/2
f 527/7/2 526/7/2 528/7/2
f 528/7/2 526/7/2 529/7/2
f 529/7/2 526/7/2 530/7/2
f 528/7/2 529/7/2 531/7/2
f 531/7/2 529/7/2 532/7/2
f 533/5/2 534/5/2 537/5/2
f 537/5/2 534/5/2 538/5/2
f 535/5/2 536/5/2 539/5/2
f 539/5/2 536/5/2 540/5/2
f 541/5/2 542/5/2 545/5/2
f 545/5/2 542/5/2 546/5/2
f 543/5/2 544/5/2 547/5/2
f 547/5/2 544/5/2 548/5/2
f 549/2/2 550/2/2 553/2/2
f 553/2/2 550/2/2 554/2/2
f 551/2/2 552/2/2 555/2/2
f 555/2/2 552/2/2 556/2/2
f 557/3/2 558/3/2 561/3/2
f 561/3/2 558/3/2 562/3/2
f 559/3/2 560/3/2 563/3/2
f 563/3/2 560/3/2 564/3/2
f 565/7/2 566/7/2 569/7/2
f 569/7/2 566/7/2 570/7/2
f 570/7/2 566/7/2 571/7/2
f 567/7/2 568/7/2 572/7/2
f 572/7/2 568/7/2 573/7/2
f 573/7/2 568/7/2 574/7/2
f 569/1/2 570/1/2 577/1/2
f 577/1/2 570/1/2 578/1/2
f 575/3/2 576/3/2 579/3/2
f 579/3/2 576/3/2 580/3/2
f 573/1/2 574/1/2 581/1/2
f 581/1/2 574/1/2 582/1/2
f 583/1/2 584/1/2 587/1/2
f 569/1/2 577/1/2 588/1/2
f 588/1/2 577/1/2 589/1/2
f 582/1/2 574/1/2 590/1/2
f 590/1/2 574/1/2 591/1/2
f 585/1/2 586/1/2 592/1/2
f 583/1/2 587/1/2 593/1/2
f 593/1/2 587/1/2 594/1/2
f 592/1/2 586/1/2 595/1/2
f 595/1/2 586/1/2 596/1/2
f 597/3/2 598/3/2 601/3/2
f 601/3/2 598/3/2 602/3/2
f 599/3/2 600/3/2 603/3/2
f 603/3/2 600/3/2 604/3/2
f 605/7/2 606/7/2 609/7/2
f 609/7/2 606/7/2 610/7/2
f 607/7/2 608/7/2 611/7/2
f 611/7/2 608/7/2 612/7/2
f 609/1/2 610/1/2 617/1/2
f 617/1/2 610/1/2 618/1/2
f 613/2/2 614/2/2 619/2/2
f 615/2/2 616/2/2 620/2/2
f 611/1/2 612/1/2 621/1/2
f 621/1/2 612/1/2 622/1/2
f 619/2/2 614/2/2 624/2/2
f 624/2/2 614/2/2 625/2/2
f 615/2/2 620/2/2 626/2/2
f 626/2/2 620/2/2 627/2/2
f 623/3/2 624/3/2 629/3/2
f 629/3/2 624/3/2 630/3/2
f 627/3/2 628/3/2 631/3/2
f 631/3/2 628/3/2 632/3/2
f 633/7/2 634/7/2 637/7/2
f 637/7/2 634/7/2 638/7/2
f 635/7/2 636/7/2 643/7/2
f 643/7/2 636/7/2 644/7/2
f 639/7/2 640/7/2 646/7/2
f 641/7/2 642/7/2 647/7/2
f 645/2/2 646/2/2 649/2/2
f 646/7/2 640/7/2 649/7/2
f 649/7/2 640/7/2 650/7/2
f 650/7/2 640/7/2 651/7/2
f 641/7/2 647/7/2 652/7/2
f 652/7/2 647/7/2 653/7/2
f 647/2/2 648/2/2 654/2/2
f 653/7/2 647/7/2 654/7/2
f 645/2/2 649/2/2 657/2/2
f 649/2/2 650/2/2 657/2/2
f 657/2/2 650/2/2 658/2/2
f 655/3/2 656/3/2 659/3/2
f 659/3/2 656/3/2 660/3/2
f 653/2/2 654/2/2 661/2/2
f 654/2/2 648/2/2 662/2/2
f 661/2/2 654/2/2 662/2/2
f 645/2/2 657/2/2 663/2/2
f 663/2/2 657/2/2 664/2/2
f 662/2/2 648/2/2 665/2/2
f 665/2/2 648/2/2 666/2/2
f 663/3/2 664/3/2 667/3/2
f 667/3/2 664/3/2 668/3/2
f 665/3/2 666/3/2 669/3/2
f 669/3/2 666/3/2 670/3/2
f 671/5/2 672/5/2 675/5/2
f 675/5/2 672/5/2 676/5/2
f 673/5/2 674/5/2 677/5/2
f 677/5/2 674/5/2 678/5/2
f 679/7/2 680/7/2 683/7/2
f 683/7/2 680/7/2 684/7/2
f 681/7/2 682/7/2 685/7/2
f 685/7/2 682/7/2 686/7/2
f 687/3/2 688/3/2 689/3/2
f 689/3/2 688/3/2 690/3/2
f 691/5/2 692/5/2 695/5/2
f 695/5/2 692/5/2 696/5/2
f 693/5/2 694/5/2 697/5/2
f 697/5/2 694/5/2 698/5/2
f 699/7/2 700/7/2 703/7/2
f 703/7/2 700/7/2 704/7/2
f 701/7/2 702/7/2 705/7/2
f 705/7/2 702/7/2 706/7/2
f 707/7/2 708/7/2 716/7/2
f 716/7/2 708/7/2 717/7/2
f 709/7/2 710/7/2 718/7/2
f 718/7/2 710/7/2 719/7/2
f 715/1/2 716/1/2 722/1/2
f 722/1/2 716/1/2 723/1/2
f 719/1/2 720/1/2 726/1/2
f 726/1/2 720/1/2 727/1/2
f 711/1/2 712/1/2 729/1/2
f 729/1/2 712/1/2 730/1/2
f 713/1/2 714/1/2 731/1/2
f 731/1/2 714/1/2 732/1/2
f 721/1/2 722/1/2 733/1/2
f 733/1/2 722/1/2 734/1/2
f 724/3/2 725/3/2 735/3/2
f 735/3/2 725/3/2 736/3/2
f 727/1/2 728/1/2 737/1/2
f 737/1/2 728/1/2 738/1/2
f 739/2/2 740/2/2 744/2/2
f 744/2/2 740/2/2 745/2/2
f 741/2/2 742/2/2 746/2/2
f 746/2/2 742/2/2 747/2/2
f 743/3/2 744/3/2 749/3/2
f 749/3/2 744/3/2 750/3/2
f 747/3/2 748/3/2 751/3/2
f 751/3/2 748/3/2 752/3/2
f 753/1/2 754/1/2 761/1/2
f 761/1/2 754/1/2 762/1/2
f 755/7/2 756/7/2 763/7/2
f 763/7/2 756/7/2 764/7/2
f 764/7/2 756/7/2 765/7/2
f 757/7/2 758/7/2 766/7/2
f 766/7/2 758/7/2 767/7/2
f 767/7/2 758/7/2 768/7/2
f 759/1/2 760/1/2 769/1/2
f 769/1/2 760/1/2 770/1/2
f 763/1/2 764/1/2 772/1/2
f 767/1/2 768/1/2 773/1/2
f 771/1/2 772/1/2 775/1/2
f 772/1/2 764/1/2 775/1/2
f 775/1/2 764/1/2 776/1/2
f 773/1/2 774/1/2 779/1/2
f 767/1/2 773/1/2 779/1/2
f 779/1/2 774/1/2 780/1/2
f 771/1/2 775/1/2 783/1/2
f 783/1/2 775/1/2 784/1/2
f 784/1/2 775/1/2 785/1/2
f 777/3/2 778/3/2 786/3/2
f 786/3/2 778/3/2 787/3/2
f 780/1/2 774/1/2 788/1/2
f 788/1/2 774/1/2 789/1/2
f 789/1/2 774/1/2 790/1/2
f 781/1/2 782/1/2 793/1/2
f 783/2/2 784/2/2 794/2/2
f 789/2/2 790/2/2 795/2/2
f 791/1/2 792/1/2 796/1/2
f 781/1/2 793/1/2 797/1/2
f 797/1/2 793/1/2 798/1/2
f 796/1/2 792/1/2 799/1/2
f 799/1/2 792/1/2 800/1/2
f 794/2/2 784/2/2 802/2/2
f 802/2/2 784/2/2 803/2/2
f 789/2/2 795/2/2 804/2/2
f 804/2/2 795/2/2 805/2/2
f 801/3/2 802/3/2 807/3/2
f 807/3/2 802/3/2 808/3/2
f 805/3/2 806/3/2 809/3/2
f 809/3/2 806/3/2 810/3/2
f 811/7/2 812/7/2 815/7/2
f 813/7/2 814/7/2 818/7/2
f 815/7/2 816/7/2 819/7/2
f 811/7/2 815/7/2 819/7/2
f 819/7/2 816/7/2 820/7/2
f 820/7/2 816/7/2 821/7/2
f 821/7/2 816/7/2 822/7/2
f 822/7/2 816/7/2 823/7/2
f 823/7/2 816/7/2 824/7/2
f 817/7/2 818/7/2 825/7/2
f 825/7/2 818/7/2 826/7/2
f 818/7/2 814/7/2 827/7/2
f 826/7/2 818/7/2 827/7/2
f 827/7/2 814/7/2 828/7/2
f 828/7/2 814/7/2 829/7/2
f 829/7/2 814/7/2 830/7/2
f 820/1/2 821/1/2 831/1/2
f 821/7/2 822/7/2 831/7/2
f 822/1/2 823/1/2 832/1/2
f 831/7/2 822/7/2 832/7/2
f 827/7/2 828/7/2 835/7/2
f 826/1/2 827/1/2 835/1/2
f 828/1/2 829/1/2 836/1/2
f 835/7/2 828/7/2 836/7/2
f 820/1/2 831/1/2 837/1/2
f 831/1/2 832/1/2 837/1/2
f 837/1/2 832/1/2 838/1/2
f 832/1/2 823/1/2 839/1/2
f 838/1/2 832/1/2 839/1/2
f 839/1/2 823/1/2 840/1/2
f 826/1/2 835/1/2 841/1/2
f 835/1/2 836/1/2 841/1/2
f 841/1/2 836/1/2 842/1/2
f 836/1/2 829/1/2 843/1/2
f 842/1/2 836/1/2 843/1/2
f 843/1/2 829/1/2 844/1/2
f 833/3/2 834/3/2 845/3/2
f 845/3/2 834/3/2 846/3/2
f 838/1/2 839/1/2 847/1/2
f 847/1/2 839/1/2 848/1/2
f 848/1/2 839/1/2 849/1/2
f 842/1/2 843/1/2 850/1/2
f 850/1/2 843/1/2 851/1/2
f 851/1/2 843/1/2 852/1/2
f 848/2/2 849/2/2 853/2/2
f 853/2/2 849/2/2 854/2/2
f 850/2/2 851/2/2 855/2/2
f 855/2/2 851/2/2 856/2/2
f 853/3/2 854/3/2 857/3/2
f 857/3/2 854/3/2 858/3/2
f 855/3/2 856/3/2 859/3/2
f 859/3/2 856/3/2 860/3/2
f 861/1/2 862/1/2 865/1/2
f 865/1/2 862/1/2 866/1/2
f 863/1/2 864/1/2 867/1/2
f 867/1/2 864/1/2 868/1/2
f 869/1/2 870/1/2 873/1/2
f 873/1/2 870/1/2 874/1/2
f 871/1/2 872/1/2 875/1/2
f 875/1/2 872/1/2 876/1/2
f 877/3/2 878/3/2 881/3/2
f 881/3/2 878/3/2 882/3/2
f 879/3/2 880/3/2 883/3/2
f 883/3/2 880/3/2 884/3/2
f 887/7/2 888/7/2 894/7/2
f 894/7/2 888/7/2 895/7/2
f 889/7/2 890/7/2 896/7/2
f 896/7/2 890/7/2 897/7/2
f 885/1/2 886/1/2 899/1/2
f 899/1/2 886/1/2 900/1/2
f 891/1/2 892/1/2 903/1/2
f 903/1/2 892/1/2 904/1/2
f 893/1/2 894/1/2 907/1/2
f 907/1/2 894/1/2 908/1/2
f 901/3/2 902/3/2 909/3/2
f 909/3/2 902/3/2 910/3/2
f 897/1/2 898/1/2 911/1/2
f 911/1/2 898/1/2 912/1/2
f 905/1/2 906/1/2 919/1/2
f 915/2/2 916/2/2 920/2/2
f 920/2/2 916/2/2 921/2/2
f 917/2/2 918/2/2 922/2/2
f 922/2/2 918/2/2 923/2/2
f 913/1/2 914/1/2 924/1/2
f 905/1/2 919/1/2 925/1/2
f 925/1/2 919/1/2 926/1/2
f 924/1/2 914/1/2 929/1/2
f 929/1/2 914/1/2 930/1/2
f 926/3/2 927/3/2 931/3/2
f 931/3/2 927/3/2 932/3/2
f 928/3/2 929/3/2 933/3/2
f 933/3/2 929/3/2 934/3/2
f 935/7/2 936/7/2 939/7/2
f 939/7/2 936/7/2 940/7/2
f 940/7/2 936/7/2 941/7/2
f 941/7/2 936/7/2 942/7/2
f 942/7/2 936/7/2 943/7/2
f 937/7/2 938/7/2 944/7/2
f 944/7/2 938/7/2 945/7/2
f 945/7/2 938/7/2 946/7/2
f 946/7/2 938/7/2 947/7/2
f 947/7/2 938/7/2 948/7/2
f 941/2/2 942/2/2 949/2/2
f 949/2/2 942/2/2 950/2/2
f 945/2/2 946/2/2 953/2/2
f 953/2/2 946/2/2 954/2/2
f 951/3/2 952/3/2 955/3/2
f 955/3/2 952/3/2 956/3/2
f 940/1/2 941/1/2 957/1/2
f 941/2/2 949/2/2 958/2/2
f 957/1/2 941/1/2 958/1/2
f 946/1/2 947/1/2 959/1/2
f 954/2/2 946/2/2 959/2/2
f 959/1/2 947/1/2 960/1/2
f 958/2/2 949/2/2 961/2/2
f 961/2/2 949/2/2 962/2/2
f 954/2/2 959/2/2 963/2/2
f 963/2/2 959/2/2 964/2/2
f 958/2/2 961/2/2 965/2/2
f 965/2/2 961/2/2 966/2/2
f 964/2/2 959/2/2 967/2/2
f 967/2/2 959/2/2 968/2/2
f 965/3/2 966/3/2 969/3/2
f 969/3/2 966/3/2 970/3/2
f 967/3/2 968/3/2 971/3/2
f 971/3/2 968/3/2 972/3/2
f 973/5/2 974/5/2 977/5/2
f 977/5/2 974/5/2 978/5/2
f 978/5/2 974/5/2 979/5/2
f 975/5/2 976/5/2 982/5/2
f 982/5/2 976/5/2 983/5/2
f 983/5/2 976/5/2 984/5/2
f 978/5/2 979/5/2 985/5/2
f 979/7/2 980/7/2 986/7/2
f 985/5/2 979/5/2 986/5/2
f 986/7/2 980/7/2 987/7/2
f 981/7/2 982/7/2 994/7/2
f 982/5/2 983/5/2 995/5/2
f 994/7/2 982/7/2 995/7/2
f 995/5/2 983/5/2 996/5/2
f 985/7/2 986/7/2 997/7/2
f 986/7/2 987/7/2 997/7/2
f 987/7/2 988/7/2 997/7/2
f 997/7/2 988/7/2 998/7/2
f 989/7/2 990/7/2 999/7/2
f 999/7/2 990/7/2 1000/7/2
f 991/7/2 992/7/2 1001/7/2
f 1001/7/2 992/7/2 1002/7/2
f 993/7/2 994/7/2 1003/7/2
f 995/7/2 996/7/2 1003/7/2
f 994/7/2 995/7/2 1003/7/2
f 1003/7/2 996/7/2 1004/7/2
f 1005/3/2 1006/3/2 1007/3/2
f 1007/3/2 1006/3/2 1008/3/2
f 1009/1/2 1010/1/2 1013/1/2
f 1013/1/2 1010/1/2 1014/1/2
f 1011/1/2 1012/1/2 1015/1/2
f 1015/1/2 1012/1/2 1016/1/2
f 1017/5/2 1018/5/2 1021/5/2
f 1021/5/2 1018/5/2 1022/5/2
f 1019/5/2 1020/5/2 1023/5/2
f 1023/5/2 1020/5/2 1024/5/2
f 1025/1/2 1026/1/2 1029/1/2
f 1027/1/2 1028/1/2 1034/1/2
f 1025/1/2 1029/1/2 1035/1/2
f 1035/1/2 1029/1/2 1036/1/2
f 1030/2/2 1031/2/2 1037/2/2
f 1037/2/2 1031/2/2 1038/2/2
f 1032/2/2 1033/2/2 1039/2/2
f 1039/2/2 1033/2/2 1040/2/2
f 1034/1/2 1028/1/2 1041/1/2
f 1041/1/2 1028/1/2 1042/1/2
f 1036/3/2 1037/3/2 1043/3/2
f 1043/3/2 1037/3/2 1044/3/2
f 1040/3/2 1041/3/2 1045/3/2
f 1045/3/2 1041/3/2 1046/3/2
f 1047/1/2 1048/1/2 1055/1/2
f 1055/1/2 1048/1/2 1056/1/2
f 1048/7/2 1049/7/2 1057/7/2
f 1056/1/2 1048/1/2 1057/1/2
f 1049/7/2 1050/7/2 1057/7/2
f 1057/7/2 1050/7/2 1058/7/2
f 1058/7/2 1050/7/2 1059/7/2
f 1051/7/2 1052/7/2 1060/7/2
f 1052/7/2 1053/7/2 1060/7/2
f 1060/7/2 1053/7/2 1061/7/2
f 1053/1/2 1054/1/2 1062/1/2
f 1061/7/2 1053/7/2 1062/7/2
f 1062/1/2 1054/1/2 1063/1/2
f 1063/1/2 1054/1/2 1064/1/2
f 1057/2/2 1058/2/2 1065/2/2
f 1056/2/2 1057/2/2 1065/2/2
f 1065/2/2 1058/2/2 1066/2/2
f 1066/2/2 1058/2/2 1067/2/2
f 1062/2/2 1063/2/2 1070/2/2
f 1061/2/2 1062/2/2 1070/2/2
f 1070/2/2 1063/2/2 1071/2/2
f 1071/2/2 1063/2/2 1072/2/2
f 1065/3/2 1066/3/2 1073/3/2
f 1073/3/2 1066/3/2 1074/3/2
f 1068/3/2 1069/3/2 1075/3/2
f 1075/3/2 1069/3/2 1076/3/2
f 1071/3/2 1072/3/2 1077/3/2
f 1077/3/2 1072/3/2 1078/3/2
f 1079/5/2 1080/5/2 1089/5/2
f 1080/7/2 1081/7/2 1090/7/2
f 1089/5/2 1080/5/2 1090/5/2
f 1081/5/2 1082/5/2 1091/5/2
f 1090/7/2 1081/7/2 1091/7/2
f 1082/7/2 1083/7/2 1092/7/2
f 1091/5/2 1082/5/2 1092/5/2
f 1092/7/2 1083/7/2 1093/7/2
f 1084/7/2 1085/7/2 1094/7/2
f 1085/5/2 1086/5/2 1095/5/2
f 1094/7/2 1085/7/2 1095/7/2
f 1086/7/2 1087/7/2 1096/7/2
f 1095/5/2 1086/5/2 1096/5/2
f 1087/5/2 1088/5/2 1097/5/2
f 1096/7/2 1087/7/2 1097/7/2
f 1097/5/2 1088/5/2 1098/5/2
f 1099/3/2 1100/3/2 1101/3/2
f 1101/3/2 1100/3/2 1102/3/2
f 1103/5/2 1104/5/2 1105/5/2
f 1105/5/2 1104/5/2 1106/5/2
f 1106/5/2 1104/5/2 1107/5/2
f 1107/5/2 1104/5/2 1108/5/2
f 1106/5/2 1107/5/2 1109/5/2
f 1109/5/2 1107/5/2 1110/5/2
f 1109/3/2 1110/3/2 1111/3/2
f 1111/3/2 1110/3/2 1112/3/2
f 1115/5/3 1114/5/3 1113/5/3
f 1116/5/3 1114/5/3 1115/5/3
f 1119/5/3 1118/5/3 1117/5/3
f 1120/5/3 1118/5/3 1119/5/3
f 1123/5/3 1122/5/3 1121/5/3
f 1124/5/3 1122/5/3 1123/5/3
f 1127/5/3 1126/5/3 1125/5/3
f 1128/5/3 1126/5/3 1127/5/3
f 1131/5/3 1130/5/3 1129/5/3
f 1132/5/3 1130/5/3 1131/5/3
f 1135/5/3 1134/5/3 1133/5/3
f 1136/5/3 1134/5/3 1135/5/3
f 1139/5/3 1138/5/3 1137/5/3
f 1140/5/3 1138/5/3 1139/5/3
f 1143/5/3 1142/5/3 1141/5/3
f 1144/5/3 1142/5/3 1143/5/3
f 1147/5/3 1146/5/3 1145/5/3
f 1148/5/3 1146/5/3 1147/5/3
f 1149/7/3 1148/7/3 1147/7/3
f 1150/7/3 1148/7/3 1149/7/3
f 1153/7/3 1151/7/3 1150/7/3
f 1154/7/3 1153/7/3 1152/7/3
f 1155/7/3 1151/7/3 1153/7/3
f 1155/7/3 1153/7/3 1154/7/3
f 1156/7/3 1151/7/3 1155/7/3
f 1157/5/3 1155/5/3 1154/5/3
f 1158/5/3 1155/5/3 1157/5/3
f 1161/5/3 1160/5/3 1159/5/3
f 1162/5/3 1160/5/3 1161/5/3
f 1165/5/3 1164/5/3 1163/5/3
f 1166/5/3 1164/5/3 1165/5/3
f 1170/5/3 1168/5/3 1167/5/3
f 1171/7/3 1169/7/3 1168/7/3
f 1171/5/3 1168/5/3 1170/5/3
f 1172/7/3 1169/7/3 1171/7/3
f 1173/7/3 1169/7/3 1172/7/3
f 1174/7/3 1169/7/3 1173/7/3
f 1178/7/3 1176/7/3 1175/7/3
f 1179/7/3 1178/7/3 1177/7/3
f 1180/7/3 1176/7/3 1178/7/3
f 1180/7/3 1178/7/3 1179/7/3
f 1181/5/3 1180/5/3 1179/5/3
f 1182/7/3 1176/7/3 1180/7/3
f 1182/5/3 1180/5/3 1181/5/3
f 1183/7/3 1176/7/3 1182/7/3
f 1186/7/3 1185/7/3 1184/7/3
f 1187/7/3 1185/7/3 1186/7/3
f 1188/7/3 1185/7/3 1187/7/3
f 1189/7/3 1187/7/3 1186/7/3
f 1190/7/3 1187/7/3 1189/7/3
f 1193/7/3 1192/7/3 1191/7/3
f 1194/7/3 1192/7/3 1193/7/3
f 1195/5/3 1194/5/3 1193/5/3
f 1196/5/3 1194/5/3 1195/5/3
f 1199/7/3 1198/7/3 1197/7/3
f 1202/7/3 1199/7/3 1197/7/3
f 1203/1/3 1200/1/3 1199/1/3
f 1203/7/3 1202/7/3 1201/7/3
f 1203/7/3 1199/7/3 1202/7/3
f 1204/1/3 1200/1/3 1203/1/3
f 1205/7/3 1203/7/3 1201/7/3
f 1206/7/3 1203/7/3 1205/7/3
f 1209/1/3 1208/1/3 1207/1/3
f 1210/1/3 1208/1/3 1209/1/3
f 1213/7/3 1212/7/3 1211/7/3
f 1214/7/3 1212/7/3 1213/7/3
f 1216/1/3 1215/1/3 1214/1/3
f 1217/1/3 1215/1/3 1216/1/3
f 1219/1/3 1216/1/3 1214/1/3
f 1220/1/3 1219/1/3 1218/1/3
f 1221/1/3 1216/1/3 1219/1/3
f 1221/1/3 1219/1/3 1220/1/3
f 1225/1/3 1223/1/3 1222/1/3
f 1226/1/3 1223/1/3 1225/1/3
f 1227/1/3 1223/1/3 1226/1/3
f 1228/1/3 1225/1/3 1224/1/3
f 1228/1/3 1226/1/3 1225/1/3
f 1229/1/3 1226/1/3 1228/1/3
f 1232/7/3 1231/7/3 1230/7/3
f 1234/2/3 1233/2/3 1232/2/3
f 1235/2/3 1233/2/3 1234/2/3
f 1236/2/3 1234/2/3 1232/2/3
f 1237/2/3 1234/2/3 1236/2/3
f 1238/2/3 1236/2/3 1232/2/3
f 1239/2/3 1236/2/3 1238/2/3
f 1240/7/3 1232/7/3 1230/7/3
f 1240/2/3 1238/2/3 1232/2/3
f 1241/2/3 1238/2/3 1240/2/3
f 1242/7/3 1240/7/3 1230/7/3
f 1243/7/3 1240/7/3 1242/7/3
f 1246/7/3 1242/7/3 1230/7/3
f 1247/1/3 1243/1/3 1242/1/3
f 1247/1/3 1244/1/3 1243/1/3
f 1248/1/3 1244/1/3 1247/1/3
f 1249/7/3 1246/7/3 1245/7/3
f 1249/7/3 1242/7/3 1246/7/3
f 1250/1/3 1247/1/3 1242/1/3
f 1250/7/3 1242/7/3 1249/7/3
f 1251/1/3 1247/1/3 1250/1/3
f 1252/7/3 1249/7/3 1245/7/3
f 1253/7/3 1249/7/3 1252/7/3
f 1254/7/3 1252/7/3 1245/7/3
f 1255/7/3 1252/7/3 1254/7/3
f 1259/1/3 1257/1/3 1256/1/3
f 1260/1/3 1259/1/3 1258/1/3
f 1261/1/3 1257/1/3 1259/1/3
f 1261/1/3 1259/1/3 1260/1/3
f 1262/1/3 1260/1/3 1258/1/3
f 1263/1/3 1260/1/3 1262/1/3
f 1267/1/3 1265/1/3 1264/1/3
f 1269/1/3 1267/1/3 1266/1/3
f 1270/1/3 1265/1/3 1267/1/3
f 1270/1/3 1267/1/3 1269/1/3
f 1271/1/3 1265/1/3 1270/1/3
f 1272/1/3 1269/1/3 1268/1/3
f 1272/1/3 1270/1/3 1269/1/3
f 1273/1/3 1270/1/3 1272/1/3
f 1276/1/3 1275/1/3 1274/1/3
f 1277/1/3 1275/1/3 1276/1/3
f 1281/7/3 1279/7/3 1278/7/3
f 1282/7/3 1281/7/3 1280/7/3
f 1283/7/3 1281/7/3 1282/7/3
f 1284/7/3 1279/7/3 1281/7/3
f 1284/7/3 1281/7/3 1283/7/3
f 1285/7/3 1279/7/3 1284/7/3
f 1286/7/3 1279/7/3 1285/7/3
f 1289/3/3 1288/3/3 1287/3/3
f 1290/3/3 1288/3/3 1289/3/3
f 1292/3/3 1289/3/3 1287/3/3
f 1293/3/3 1289/3/3 1292/3/3
f 1294/3/3 1289/3/3 1293/3/3
f 1296/3/3 1292/3/3 1291/3/3
f 1296/3/3 1293/3/3 1292/3/3
f 1297/3/3 1293/3/3 1296/3/3
f 1298/3/3 1293/3/3 1297/3/3
f 1300/3/3 1296/3/3 1295/3/3
f 1300/3/3 1297/3/3 1296/3/3
f 1301/3/3 1297/3/3 1300/3/3
f 1302/3/3 1297/3/3 1301/3/3
f 1304/3/3 1300/3/3 1299/3/3
f 1304/3/3 1301/3/3 1300/3/3
f 1305/3/3 1301/3/3 1304/3/3
f 1306/3/3 1301/3/3 1305/3/3
f 1307/7/3 1304/7/3 1303/7/3
f 1307/7/3 1305/7/3 1304/7/3
f 1308/7/3 1305/7/3 1307/7/3
f 1312/7/3 1283/7/3 1282/7/3
f 1313/7/3 1283/7/3 1312/7/3
f 1314/2/3 1310/2/3 1309/2/3
f 1315/3/3 1311/3/3 1310/3/3
f 1315/2/3 1310/2/3 1314/2/3
f 1316/3/3 1311/3/3 1315/3/3
f 1317/3/3 1311/3/3 1316/3/3
f 1320/3/3 1315/3/3 1314/3/3
f 1320/3/3 1316/3/3 1315/3/3
f 1321/3/3 1316/3/3 1320/3/3
f 1322/3/3 1316/3/3 1321/3/3
f 1325/2/3 1319/2/3 1318/2/3
f 1326/3/3 1320/3/3 1319/3/3
f 1326/3/3 1321/3/3 1320/3/3
f 1326/2/3 1319/2/3 1325/2/3
f 1327/3/3 1321/3/3 1326/3/3
f 1328/3/3 1321/3/3 1327/3/3
f 1330/2/3 1324/2/3 1323/2/3
f 1330/2/3 1325/2/3 1324/2/3
f 1331/2/3 1325/2/3 1330/2/3
f 1332/3/3 1327/3/3 1326/3/3
f 1332/2/3 1325/2/3 1331/2/3
f 1332/3/3 1326/3/3 1325/3/3
f 1333/3/3 1327/3/3 1332/3/3
f 1334/7/3 1330/7/3 1329/7/3
f 1335/8/3 1331/8/3 1330/8/3
f 1335/7/3 1330/7/3 1334/7/3
f 1336/8/3 1331/8/3 1335/8/3
f 1340/2/3 1338/2/3 1337/2/3
f 1341/3/3 1339/3/3 1338/3/3
f 1341/2/3 1338/2/3 1340/2/3
f 1342/3/3 1339/3/3 1341/3/3
f 1343/3/3 1339/3/3 1342/3/3
f 1346/3/3 1341/3/3 1340/3/3
f 1346/3/3 1342/3/3 1341/3/3
f 1347/3/3 1342/3/3 1346/3/3
f 1348/3/3 1342/3/3 1347/3/3
f 1349/2/3 1345/2/3 1344/2/3
f 1350/3/3 1346/3/3 1345/3/3
f 1350/2/3 1345/2/3 1349/2/3
f 1350/3/3 1347/3/3 1346/3/3
f 1351/3/3 1347/3/3 1350/3/3
f 1354/3/3 1353/3/3 1352/3/3
f 1355/3/3 1353/3/3 1354/3/3
f 1358/3/3 1354/3/3 1352/3/3
f 1359/3/3 1354/3/3 1358/3/3
f 1360/2/3 1357/2/3 1356/2/3
f 1361/3/3 1358/3/3 1357/3/3
f 1361/2/3 1357/2/3 1360/2/3
f 1362/3/3 1358/3/3 1361/3/3
f 1367/1/3 1364/1/3 1363/1/3
f 1367/1/3 1365/1/3 1364/1/3
f 1368/1/3 1365/1/3 1367/1/3
f 1368/1/3 1367/1/3 1366/1/3
f 1369/1/3 1365/1/3 1368/1/3
f 1370/1/3 1368/1/3 1366/1/3
f 1371/1/3 1368/1/3 1370/1/3
f 1376/7/3 1373/7/3 1372/7/3
f 1377/7/3 1373/7/3 1376/7/3
f 1378/7/3 1375/7/3 1374/7/3
f 1379/7/3 1375/7/3 1378/7/3
f 1380/7/3 1378/7/3 1374/7/3
f 1381/7/3 1378/7/3 1380/7/3
f 1384/7/3 1383/7/3 1382/7/3
f 1385/7/3 1383/7/3 1384/7/3
f 1388/3/3 1387/3/3 1386/3/3
f 1392/3/3 1388/3/3 1386/3/3
f 1392/3/3 1389/3/3 1388/3/3
f 1393/3/3 1389/3/3 1392/3/3
f 1394/2/3 1391/2/3 1390/2/3
f 1395/3/3 1392/3/3 1391/3/3
f 1395/2/3 1391/2/3 1394/2/3
f 1396/3/3 1392/3/3 1395/3/3
f 1399/7/3 1398/7/3 1397/7/3
f 1402/7/3 1399/7/3 1397/7/3
f 1402/7/3 1400/7/3 1399/7/3
f 1403/7/3 1402/7/3 1401/7/3
f 1404/7/3 1400/7/3 1402/7/3
f 1404/7/3 1402/7/3 1403/7/3
f 1407/7/3 1406/7/3 1405/7/3
f 1408/7/3 1406/7/3 1407/7/3
f 1410/7/3 1407/7/3 1405/7/3
f 1411/7/3 1410/7/3 1409/7/3
f 1412/7/3 1407/7/3 1410/7/3
f 1412/7/3 1410/7/3 1411/7/3
f 1415/7/3 1414/7/3 1413/7/3
f 1416/7/3 1414/7/3 1415/7/3
f 1420/7/3 1418/7/3 1417/7/3
f 1421/7/3 1418/7/3 1420/7/3
f 1422/7/3 1418/7/3 1421/7/3
f 1423/7/3 1420/7/3 1419/7/3
f 1423/7/3 1421/7/3 1420/7/3
f 1424/7/3 1421/7/3 1423/7/3
f 1425/7/3 1423/7/3 1419/7/3
f 1426/7/3 1423/7/3 1425/7/3
f 1427/7/3 1425/7/3 1419/7/3
f 1428/7/3 1425/7/3 1427/7/3
f 1433/8/3 1430/8/3 1429/8/3
f 1434/3/3 1431/3/3 1430/3/3
f 1434/8/3 1430/8/3 1433/8/3
f 1435/3/3 1431/3/3 1434/3/3
f 1437/8/3 1433/8/3 1432/8/3
f 1438/3/3 1434/3/3 1433/3/3
f 1438/8/3 1433/8/3 1437/8/3
f 1439/3/3 1434/3/3 1438/3/3
f 1441/8/3 1437/8/3 1436/8/3
f 1442/3/3 1438/3/3 1437/3/3
f 1442/8/3 1437/8/3 1441/8/3
f 1443/3/3 1438/3/3 1442/3/3
f 1445/8/3 1441/8/3 1440/8/3
f 1446/3/3 1442/3/3 1441/3/3
f 1446/8/3 1441/8/3 1445/8/3
f 1447/3/3 1442/3/3 1446/3/3
f 1449/8/3 1445/8/3 1444/8/3
f 1450/3/3 1446/3/3 1445/3/3
f 1450/8/3 1445/8/3 1449/8/3
f 1451/3/3 1446/3/3 1450/3/3
f 1453/8/3 1449/8/3 1448/8/3
f 1454/3/3 1450/3/3 1449/3/3
f 1454/8/3 1449/8/3 1453/8/3
f 1455/3/3 1450/3/3 1454/3/3
f 1457/8/3 1453/8/3 1452/8/3
f 1458/3/3 1454/3/3 1453/3/3
f 1458/8/3 1453/8/3 1457/8/3
f 1459/3/3 1454/3/3 1458/3/3
f 1461/8/3 1457/8/3 1456/8/3
f 1462/3/3 1458/3/3 1457/3/3
f 1462/8/3 1457/8/3 1461/8/3
f 1463/3/3 1458/3/3 1462/3/3
f 1465/8/3 1461/8/3 1460/8/3
f 1466/3/3 1462/3/3 1461/3/3
f 1466/8/3 1461/8/3 1465/8/3
f 1467/3/3 1462/3/3 1466/3/3
f 1469/8/3 1465/8/3 1464/8/3
f 1470/3/3 1466/3/3 1465/3/3
f 1470/8/3 1465/8/3 1469/8/3
f 1471/3/3 1466/3/3 1470/3/3
f 1473/3/3 1469/3/3 1468/3/3
f 1473/3/3 1470/3/3 1469/3/3
f 1474/3/3 1470/3/3 1473/3/3
f 1475/3/3 1470/3/3 1474/3/3
f 1476/5/3 1473/5/3 1472/5/3
f 1477/3/3 1474/3/3 1473/3/3
f 1477/5/3 1473/5/3 1476/5/3
f 1478/3/3 1474/3/3 1477/3/3
f 1481/1/3 1480/1/3 1479/1/3
f 1482/1/3 1480/1/3 1481/1/3
f 1486/1/3 1484/1/3 1483/1/3
f 1487/1/3 1484/1/3 1486/1/3
f 1488/1/3 1486/1/3 1485/1/3
f 1489/1/3 1486/1/3 1488/1/3
f 1492/1/3 1491/1/3 1490/1/3
f 1493/1/3 1491/1/3 1492/1/3
f 1497/1/3 1495/1/3 1494/1/3
f 1498/1/3 1495/1/3 1497/1/3
f 1499/1/3 1497/1/3 1496/1/3
f 1500/1/3 1497/1/3 1499/1/3
f 1504/1/3 1502/1/3 1501/1/3
f 1505/1/3 1502/1/3 1504/1/3
f 1506/2/3 1504/2/3 1503/2/3
f 1507/2/3 1504/2/3 1506/2/3
f 1511/2/3 1509/2/3 1508/2/3
f 1511/2/3 1510/2/3 1509/2/3
f 1512/2/3 1510/2/3 1511/2/3
f 1513/2/3 1511/2/3 1508/2/3
f 1514/2/3 1511/2/3 1513/2/3
f 1517/2/3 1516/2/3 1515/2/3
f 1518/2/3 1516/2/3 1517/2/3
f 1519/2/3 1517/2/3 1515/2/3
f 1520/2/3 1517/2/3 1519/2/3
f 1523/2/3 1522/2/3 1521/2/3
f 1524/2/3 1522/2/3 1523/2/3
f 1527/2/3 1523/2/3 1521/2/3
f 1528/2/3 1526/2/3 1525/2/3
f 1528/2/3 1527/2/3 1526/2/3
f 1529/2/3 1523/2/3 1527/2/3
f 1529/2/3 1527/2/3 1528/2/3
f 1530/2/3 1528/2/3 1525/2/3
f 1531/2/3 1528/2/3 1530/2/3
f 1535/2/3 1533/2/3 1532/2/3
f 1536/2/3 1533/2/3 1535/2/3
f 1537/2/3 1533/2/3 1536/2/3
f 1541/2/3 1535/2/3 1534/2/3
f 1541/2/3 1536/2/3 1535/2/3
f 1542/2/3 1536/2/3 1541/2/3
f 1543/1/3 1540/1/3 1539/1/3
f 1543/1/3 1539/1/3 1538/1/3
f 1544/1/3 1540/1/3 1543/1/3
f 1548/2/3 1546/2/3 1545/2/3
f 1549/2/3 1546/2/3 1548/2/3
f 1550/2/3 1546/2/3 1549/2/3
f 1551/2/3 1548/2/3 1547/2/3
f 1551/2/3 1549/2/3 1548/2/3
f 1552/2/3 1549/2/3 1551/2/3
f 1555/3/3 1554/3/3 1553/3/3
f 1558/3/3 1555/3/3 1553/3/3
f 1558/3/3 1556/3/3 1555/3/3
f 1559/3/3 1556/3/3 1558/3/3
f 1560/3/3 1558/3/3 1557/3/3
f 1561/3/3 1558/3/3 1560/3/3
f 1565/3/3 1563/3/3 1562/3/3
f 1567/3/3 1565/3/3 1564/3/3
f 1568/3/3 1563/3/3 1565/3/3
f 1568/3/3 1565/3/3 1567/3/3
f 1569/3/3 1563/3/3 1568/3/3
f 1572/3/3 1567/3/3 1566/3/3
f 1572/3/3 1568/3/3 1567/3/3
f 1573/3/3 1568/3/3 1572/3/3
f 1574/3/3 1568/3/3 1573/3/3
f 1575/9/3 1571/9/3 1570/9/3
f 1576/3/3 1572/3/3 1571/3/3
f 1576/9/3 1571/9/3 1575/9/3
f 1576/3/3 1573/3/3 1572/3/3
f 1577/3/3 1573/3/3 1576/3/3
f 1578/3/3 1573/3/3 1577/3/3
f 1579/3/3 1576/3/3 1575/3/3
f 1579/3/3 1577/3/3 1576/3/3
f 1580/3/3 1577/3/3 1579/3/3
f 1584/3/3 1582/3/3 1581/3/3
f 1585/3/3 1582/3/3 1584/3/3
f 1586/3/3 1582/3/3 1585/3/3
f 1587/3/3 1584/3/3 1583/3/3
f 1587/3/3 1585/3/3 1584/3/3
f 1588/3/3 1585/3/3 1587/3/3
f 1591/3/3 1587/3/3 1583/3/3
f 1592/3/3 1587/3/3 1591/3/3
f 1595/2/3 1590/2/3 1589/2/3
f 1596/3/3 1591/3/3 1590/3/3
f 1596/2/3 1590/2/3 1595/2/3
f 1597/3/3 1591/3/3 1596/3/3
f 1598/8/3 1594/8/3 1593/8/3
f 1599/8/3 1594/8/3 1598/8/3
f 1603/3/3 1601/3/3 1600/3/3
f 1604/3/3 1601/3/3 1603/3/3
f 1608/3/3 1603/3/3 1602/3/3
f 1609/3/3 1603/3/3 1608/3/3
f 1610/1/3 1606/1/3 1605/1/3
f 1611/2/3 1607/2/3 1606/2/3
f 1611/1/3 1606/1/3 1610/1/3
f 1612/3/3 1608/3/3 1607/3/3
f 1612/2/3 1607/2/3 1611/2/3
f 1613/3/3 1608/3/3 1612/3/3
f 1617/3/3 1616/3/3 1615/3/3
f 1618/3/3 1616/3/3 1617/3/3
f 1620/2/3 1615/2/3 1614/2/3
f 1621/3/3 1617/3/3 1615/3/3
f 1621/2/3 1615/2/3 1620/2/3
f 1622/3/3 1617/3/3 1621/3/3
f 1623/2/3 1620/2/3 1619/2/3
f 1624/3/3 1621/3/3 1620/3/3
f 1624/2/3 1620/2/3 1623/2/3
f 1625/3/3 1621/3/3 1624/3/3
f 1626/3/4 1627/3/4 1629/3/4
f 1628/3/4 1629/3/4 1631/3/4
f 1629/3/4 1627/3/4 1632/3/4
f 1631/3/4 1629/3/4 1632/3/4
f 1632/3/4 1627/3/4 1633/3/4
f 1630/3/4 1631/3/4 1636/3/4
f 1631/3/4 1632/3/4 1636/3/4
f 1636/3/4 1632/3/4 1637/3/4
f 1637/3/4 1632/3/4 1638/3/4
f 1634/9/4 1635/9/4 1639/9/4
f 1635/3/4 1636/3/4 1640/3/4
f 1639/9/4 1635/9/4 1640/9/4
f 1636/3/4 1637/3/4 1640/3/4
f 1640/3/4 1637/3/4 1641/3/4
f 1641/3/4 1637/3/4 1642/3/4
f 1639/3/4 1640/3/4 1643/3/4
f 1640/3/4 1641/3/4 1643/3/4
f 1643/3/4 1641/3/4 1644/3/4
f 1645/3/4 1646/3/4 1648/3/4
f 1648/3/4 1646/3/4 1649/3/4
f 1649/3/4 1646/3/4 1650/3/4
f 1647/3/4 1648/3/4 1651/3/4
f 1648/3/4 1649/3/4 1651/3/4
f 1651/3/4 1649/3/4 1652/3/4
f 1647/3/4 1651/3/4 1655/3/4
f 1655/3/4 1651/3/4 1656/3/4
f 1653/2/4 1654/2/4 1659/2/4
f 1654/3/4 1655/3/4 1660/3/4
f 1659/2/4 1654/2/4 1660/2/4
f 1660/3/4 1655/3/4 1661/3/4
f 1657/8/4 1658/8/4 1662/8/4
f 1662/8/4 1658/8/4 1663/8/4
f 1664/3/4 1665/3/4 1667/3/4
f 1667/3/4 1665/3/4 1668/3/4
f 1666/3/4 1667/3/4 1672/3/4
f 1672/3/4 1667/3/4 1673/3/4
f 1669/1/4 1670/1/4 1674/1/4
f 1670/2/4 1671/2/4 1675/2/4
f 1674/1/4 1670/1/4 1675/1/4
f 1671/3/4 1672/3/4 1676/3/4
f 1675/2/4 1671/2/4 1676/2/4
f 1676/3/4 1672/3/4 1677/3/4
f 1679/3/4 1680/3/4 1681/3/4
f 1681/3/4 1680/3/4 1682/3/4
f 1678/2/4 1679/2/4 1684/2/4
f 1679/3/4 1681/3/4 1685/3/4
f 1684/2/4 1679/2/4 1685/2/4
f 1685/3/4 1681/3/4 1686/3/4
f 1683/2/4 1684/2/4 1687/2/4
f 1684/3/4 1685/3/4 1688/3/4
f 1687/2/4 1684/2/4 1688/2/4
f 1688/3/4 1685/3/4 1689/3/4
f 1690/2/4 1691/2/4 1692/2/4
f 1692/2/4 1691/2/4 1693/2/4
f 1690/2/4 1692/2/4 1694/2/4
f 1694/2/4 1692/2/4 1695/2/4
f 1696/2/4 1697/2/4 1698/2/4
f 1698/2/4 1697/2/4 1699/2/4
f 1696/2/4 1698/2/4 1702/2/4
f 1700/2/4 1701/2/4 1703/2/4
f 1701/2/4 1702/2/4 1703/2/4
f 1702/2/4 1698/2/4 1704/2/4
f 1703/2/4 1702/2/4 1704/2/4
f 1700/2/4 1703/2/4 1705/2/4
f 1705/2/4 1703/2/4 1706/2/4
f 1707/2/4 1708/2/4 1710/2/4
f 1710/2/4 1708/2/4 1711/2/4
f 1711/2/4 1708/2/4 1712/2/4
f 1709/2/4 1710/2/4 1716/2/4
f 1710/2/4 1711/2/4 1716/2/4
f 1716/2/4 1711/2/4 1717/2/4
f 1714/1/4 1715/1/4 1718/1/4
f 1713/1/4 1714/1/4 1718/1/4
f 1718/1/4 1715/1/4 1719/1/4
f 1720/2/4 1721/2/4 1723/2/4
f 1723/2/4 1721/2/4 1724/2/4
f 1724/2/4 1721/2/4 1725/2/4
f 1722/2/4 1723/2/4 1726/2/4
f 1723/2/4 1724/2/4 1726/2/4
f 1726/2/4 1724/2/4 1727/2/4
f 1728/3/4 1729/3/4 1730/3/4
f 1728/3/4 1730/3/4 1733/3/4
f 1730/3/4 1731/3/4 1733/3/4
f 1733/3/4 1731/3/4 1734/3/4
f 1732/3/4 1733/3/4 1735/3/4
f 1735/3/4 1733/3/4 1736/3/4
f 1737/1/4 1738/1/4 1739/1/4
f 1739/1/4 1738/1/4 1740/1/4
f 1741/1/4 1742/1/4 1744/1/4
f 1744/1/4 1742/1/4 1745/1/4
f 1743/1/4 1744/1/4 1746/1/4
f 1746/1/4 1744/1/4 1747/1/4
f 1748/1/4 1749/1/4 1751/1/4
f 1751/1/4 1749/1/4 1752/1/4
f 1750/2/4 1751/2/4 1753/2/4
f 1753/2/4 1751/2/4 1754/2/4
f 1755/2/4 1756/2/4 1758/2/4
f 1756/2/4 1757/2/4 1758/2/4
f 1758/2/4 1757/2/4 1759/2/4
f 1755/2/4 1758/2/4 1760/2/4
f 1760/2/4 1758/2/4 1761/2/4
f 1762/1/4 1763/1/4 1764/1/4
f 1764/1/4 1763/1/4 1765/1/4
f 1766/1/4 1767/1/4 1769/1/4
f 1769/1/4 1767/1/4 1770/1/4
f 1768/1/4 1769/1/4 1771/1/4
f 1771/1/4 1769/1/4 1772/1/4
f 1773/8/4 1774/8/4 1777/8/4
f 1774/3/4 1775/3/4 1778/3/4
f 1777/8/4 1774/8/4 1778/8/4
f 1778/3/4 1775/3/4 1779/3/4
f 1776/8/4 1777/8/4 1781/8/4
f 1777/3/4 1778/3/4 1782/3/4
f 1781/8/4 1777/8/4 1782/8/4
f 1782/3/4 1778/3/4 1783/3/4
f 1780/8/4 1781/8/4 1785/8/4
f 1781/3/4 1782/3/4 1786/3/4
f 1785/8/4 1781/8/4 1786/8/4
f 1786/3/4 1782/3/4 1787/3/4
f 1784/8/4 1785/8/4 1789/8/4
f 1785/3/4 1786/3/4 1790/3/4
f 1789/8/4 1785/8/4 1790/8/4
f 1790/3/4 1786/3/4 1791/3/4
f 1788/8/4 1789/8/4 1793/8/4
f 1789/3/4 1790/3/4 1794/3/4
f 1793/8/4 1789/8/4 1794/8/4
f 1794/3/4 1790/3/4 1795/3/4
f 1792/8/4 1793/8/4 1797/8/4
f 1793/3/4 1794/3/4 1798/3/4
f 1797/8/4 1793/8/4 1798/8/4
f 1798/3/4 1794/3/4 1799/3/4
f 1796/8/4 1797/8/4 1801/8/4
f 1797/3/4 1798/3/4 1802/3/4
f 1801/8/4 1797/8/4 1802/8/4
f 1802/3/4 1798/3/4 1803/3/4
f 1800/8/4 1801/8/4 1805/8/4
f 1801/3/4 1802/3/4 1806/3/4
f 1805/8/4 1801/8/4 1806/8/4
f 1806/3/4 1802/3/4 1807/3/4
f 1804/8/4 1805/8/4 1809/8/4
f 1805/3/4 1806/3/4 1810/3/4
f 1809/8/4 1805/8/4 1810/8/4
f 1810/3/4 1806/3/4 1811/3/4
f 1808/8/4 1809/8/4 1813/8/4
f 1809/3/4 1810/3/4 1814/3/4
f 1813/8/4 1809/8/4 1814/8/4
f 1814/3/4 1810/3/4 1815/3/4
f 1812/3/4 1813/3/4 1817/3/4
f 1813/3/4 1814/3/4 1817/3/4
f 1817/3/4 1814/3/4 1818/3/4
f 1818/3/4 1814/3/4 1819/3/4
f 1816/5/4 1817/5/4 1820/5/4
f 1817/3/4 1818/3/4 1821/3/4
f 1820/5/4 1817/5/4 1821/5/4
f 1821/3/4 1818/3/4 1822/3/4
f 1823/7/4 1824/7/4 1826/7/4
f 1826/7/4 1824/7/4 1827/7/4
f 1827/7/4 1824/7/4 1828/7/4
f 1825/7/4 1826/7/4 1829/7/4
f 1826/7/4 1827/7/4 1829/7/4
f 1829/7/4 1827/7/4 1830/7/4
f 1825/7/4 1829/7/4 1831/7/4
f 1831/7/4 1829/7/4 1832/7/4
f 1825/7/4 1831/7/4 1833/7/4
f 1833/7/4 1831/7/4 1834/7/4
f 1835/7/4 1836/7/4 1837/7/4
f 1837/7/4 1836/7/4 1838/7/4
f 1839/7/4 1840/7/4 1841/7/4
f 1839/7/4 1841/7/4 1844/7/4
f 1841/7/4 1842/7/4 1844/7/4
f 1843/7/4 1844/7/4 1845/7/4
f 1844/7/4 1842/7/4 1846/7/4
f 1845/7/4 1844/7/4 1846/7/4
f 1847/7/4 1848/7/4 1849/7/4
f 1849/7/4 1848/7/4 1850/7/4
f 1847/7/4 1849/7/4 1852/7/4
f 1851/7/4 1852/7/4 1853/7/4
f 1852/7/4 1849/7/4 1854/7/4
f 1853/7/4 1852/7/4 1854/7/4
f 1855/7/4 1856/7/4 1859/7/4
f 1859/7/4 1856/7/4 1860/7/4
f 1857/7/4 1858/7/4 1861/7/4
f 1861/7/4 1858/7/4 1862/7/4
f 1857/7/4 1861/7/4 1863/7/4
f 1863/7/4 1861/7/4 1864/7/4
f 1865/7/4 1866/7/4 1867/7/4
f 1867/7/4 1866/7/4 1868/7/4
f 1869/3/4 1870/3/4 1871/3/4
f 1869/3/4 1871/3/4 1875/3/4
f 1871/3/4 1872/3/4 1875/3/4
f 1875/3/4 1872/3/4 1876/3/4
f 1873/2/4 1874/2/4 1877/2/4
f 1874/3/4 1875/3/4 1878/3/4
f 1877/2/4 1874/2/4 1878/2/4
f 1878/3/4 1875/3/4 1879/3/4
f 1880/7/4 1881/7/4 1883/7/4
f 1882/7/4 1883/7/4 1884/7/4
f 1884/7/4 1883/7/4 1885/7/4
f 1883/7/4 1881/7/4 1886/7/4
f 1885/7/4 1883/7/4 1886/7/4
f 1886/7/4 1881/7/4 1887/7/4
f 1887/7/4 1881/7/4 1888/7/4
f 1889/3/4 1890/3/4 1891/3/4
f 1891/3/4 1890/3/4 1892/3/4
f 1889/3/4 1891/3/4 1894/3/4
f 1894/3/4 1891/3/4 1895/3/4
f 1895/3/4 1891/3/4 1896/3/4
f 1893/3/4 1894/3/4 1898/3/4
f 1894/3/4 1895/3/4 1898/3/4
f 1898/3/4 1895/3/4 1899/3/4
f 1899/3/4 1895/3/4 1900/3/4
f 1897/3/4 1898/3/4 1902/3/4
f 1898/3/4 1899/3/4 1902/3/4
f 1902/3/4 1899/3/4 1903/3/4
f 1903/3/4 1899/3/4 1904/3/4
f 1901/3/4 1902/3/4 1906/3/4
f 1902/3/4 1903/3/4 1906/3/4
f 1906/3/4 1903/3/4 1907/3/4
f 1907/3/4 1903/3/4 1908/3/4
f 1905/7/4 1906/7/4 1909/7/4
f 1906/7/4 1907/7/4 1909/7/4
f 1909/7/4 1907/7/4 1910/7/4
f 1884/7/4 1885/7/4 1914/7/4
f 1914/7/4 1885/7/4 1915/7/4
f 1911/2/4 1912/2/4 1916/2/4
f 1912/3/4 1913/3/4 1917/3/4
f 1916/2/4 1912/2/4 1917/2/4
f 1917/3/4 1913/3/4 1918/3/4
f 1918/3/4 1913/3/4 1919/3/4
f 1916/3/4 1917/3/4 1922/3/4
f 1917/3/4 1918/3/4 1922/3/4
f 1922/3/4 1918/3/4 1923/3/4
f 1923/3/4 1918/3/4 1924/3/4
f 1920/2/4 1921/2/4 1927/2/4
f 1921/3/4 1922/3/4 1928/3/4
f 1922/3/4 1923/3/4 1928/3/4
f 1927/2/4 1921/2/4 1928/2/4
f 1928/3/4 1923/3/4 1929/3/4
f 1929/3/4 1923/3/4 1930/3/4
f 1925/2/4 1926/2/4 1932/2/4
f 1926/2/4 1927/2/4 1932/2/4
f 1932/2/4 1927/2/4 1933/2/4
f 1928/3/4 1929/3/4 1934/3/4
f 1933/2/4 1927/2/4 1934/2/4
f 1927/3/4 1928/3/4 1934/3/4
f 1934/3/4 1929/3/4 1935/3/4
f 1931/7/4 1932/7/4 1936/7/4
f 1932/8/4 1933/8/4 1937/8/4
f 1936/7/4 1932/7/4 1937/7/4
f 1937/8/4 1933/8/4 1938/8/4
f 1939/2/4 1940/2/4 1942/2/4
f 1940/3/4 1941/3/4 1943/3/4
f 1942/2/4 1940/2/4 1943/2/4
f 1943/3/4 1941/3/4 1944/3/4
f 1944/3/4 1941/3/4 1945/3/4
f 1942/3/4 1943/3/4 1948/3/4
f 1943/3/4 1944/3/4 1948/3/4
f 1948/3/4 1944/3/4 1949/3/4
f 1949/3/4 1944/3/4 1950/3/4
f 1946/2/4 1947/2/4 1951/2/4
f 1947/3/4 1948/3/4 1952/3/4
f 1951/2/4 1947/2/4 1952/2/4
f 1948/3/4 1949/3/4 1952/3/4
f 1952/3/4 1949/3/4 1953/3/4
f 1954/3/4 1955/3/4 1956/3/4
f 1956/3/4 1955/3/4 1957/3/4
f 1954/3/4 1956/3/4 1960/3/4
f 1960/3/4 1956/3/4 1961/3/4
f 1958/2/4 1959/2/4 1962/2/4
f 1959/3/4 1960/3/4 1963/3/4
f 1962/2/4 1959/2/4 1963/2/4
f 1963/3/4 1960/3/4 1964/3/4
f 1965/1/4 1966/1/4 1969/1/4
f 1966/1/4 1967/1/4 1969/1/4
f 1969/1/4 1967/1/4 1970/1/4
f 1968/1/4 1969/1/4 1970/1/4
f 1970/1/4 1967/1/4 1971/1/4
f 1968/1/4 1970/1/4 1972/1/4
f 1972/1/4 1970/1/4 1973/1/4
f 1974/7/4 1975/7/4 1976/7/4
f 1976/2/4 1977/2/4 1978/2/4
f 1978/2/4 1977/2/4 1979/2/4
f 1976/2/4 1978/2/4 1980/2/4
f 1980/2/4 1978/2/4 1981/2/4
f 1976/2/4 1980/2/4 1982/2/4
f 1982/2/4 1980/2/4 1983/2/4
f 1974/7/4 1976/7/4 1984/7/4
f 1976/2/4 1982/2/4 1984/2/4
f 1984/2/4 1982/2/4 1985/2/4
f 1974/7/4 1984/7/4 1986/7/4
f 1986/7/4 1984/7/4 1987/7/4
f 1974/7/4 1986/7/4 1990/7/4
f 1986/1/4 1987/1/4 1991/1/4
f 1987/1/4 1988/1/4 1991/1/4
f 1991/1/4 1988/1/4 1992/1/4
f 1989/7/4 1990/7/4 1993/7/4
f 1990/7/4 1986/7/4 1993/7/4
f 1986/1/4 1991/1/4 1994/1/4
f 1993/7/4 1986/7/4 1994/7/4
f 1994/1/4 1991/1/4 1995/1/4
f 1989/7/4 1993/7/4 1996/7/4
f 1996/7/4 1993/7/4 1997/7/4
f 1989/7/4 1996/7/4 1998/7/4
f 1998/7/4 1996/7/4 1999/7/4
f 2000/1/4 2001/1/4 2003/1/4
f 2002/1/4 2003/1/4 2004/1/4
f 2003/1/4 2001/1/4 2005/1/4
f 2004/1/4 2003/1/4 2005/1/4
f 2002/1/4 2004/1/4 2006/1/4
f 2006/1/4 2004/1/4 2007/1/4
f 2008/1/4 2009/1/4 2011/1/4
f 2010/1/4 2011/1/4 2013/1/4
f 2011/1/4 2009/1/4 2014/1/4
f 2013/1/4 2011/1/4 2014/1/4
f 2014/1/4 2009/1/4 2015/1/4
f 2012/1/4 2013/1/4 2016/1/4
f 2013/1/4 2014/1/4 2016/1/4
f 2016/1/4 2014/1/4 2017/1/4
f 2018/1/4 2019/1/4 2020/1/4
f 2020/1/4 2019/1/4 2021/1/4
f 2022/7/4 2023/7/4 2024/7/4
f 2024/7/4 2023/7/4 2025/7/4
f 2025/1/4 2026/1/4 2027/1/4
f 2027/1/4 2026/1/4 2028/1/4
f 2025/1/4 2027/1/4 2030/1/4
f 2029/1/4 2030/1/4 2031/1/4
f 2030/1/4 2027/1/4 2032/1/4
f 2031/1/4 2030/1/4 2032/1/4
f 2033/1/4 2034/1/4 2036/1/4
f 2036/1/4 2034/1/4 2037/1/4
f 2037/1/4 2034/1/4 2038/1/4
f 2035/1/4 2036/1/4 2039/1/4
f 2036/1/4 2037/1/4 2039/1/4
f 2039/1/4 2037/1/4 2040/1/4
f 2041/7/4 2042/7/4 2043/7/4
f 2041/7/4 2043/7/4 2046/7/4
f 2043/1/4 2044/1/4 2047/1/4
f 2045/7/4 2046/7/4 2047/7/4
f 2046/7/4 2043/7/4 2047/7/4
f 2047/1/4 2044/1/4 2048/1/4
f 2045/7/4 2047/7/4 2049/7/4
f 2049/7/4 2047/7/4 2050/7/4
f 2051/1/4 2052/1/4 2053/1/4
f 2053/1/4 2052/1/4 2054/1/4
f 2055/7/4 2056/7/4 2057/7/4
f 2057/7/4 2056/7/4 2058/7/4
f 2058/7/4 2056/7/4 2059/7/4
f 2057/7/4 2058/7/4 2060/7/4
f 2060/7/4 2058/7/4 2061/7/4
f 2062/7/4 2063/7/4 2064/7/4
f 2064/7/4 2063/7/4 2065/7/4
f 2064/5/4 2065/5/4 2066/5/4
f 2066/5/4 2065/5/4 2067/5/4
f 2068/5/4 2069/5/4 2071/5/4
f 2069/7/4 2070/7/4 2072/7/4
f 2071/5/4 2069/5/4 2072/5/4
f 2072/7/4 2070/7/4 2073/7/4
f 2073/7/4 2070/7/4 2074/7/4
f 2074/7/4 2070/7/4 2075/7/4
f 2076/7/4 2077/7/4 2079/7/4
f 2078/7/4 2079/7/4 2080/7/4
f 2079/7/4 2077/7/4 2081/7/4
f 2080/7/4 2079/7/4 2081/7/4
f 2080/5/4 2081/5/4 2082/5/4
f 2081/7/4 2077/7/4 2083/7/4
f 2082/5/4 2081/5/4 2083/5/4
f 2083/7/4 2077/7/4 2084/7/4
f 2085/5/4 2086/5/4 2087/5/4
f 2087/5/4 2086/5/4 2088/5/4
f 2089/5/4 2090/5/4 2091/5/4
f 2091/5/4 2090/5/4 2092/5/4
f 2091/7/4 2092/7/4 2093/7/4
f 2093/7/4 2092/7/4 2094/7/4
f 2094/7/4 2095/7/4 2097/7/4
f 2096/7/4 2097/7/4 2098/7/4
f 2097/7/4 2095/7/4 2099/7/4
f 2098/7/4 2097/7/4 2099/7/4
f 2099/7/4 2095/7/4 2100/7/4
f 2098/5/4 2099/5/4 2101/5/4
f 2101/5/4 2099/5/4 2102/5/4
f 2103/5/4 2104/5/4 2105/5/4
f 2105/5/4 2104/5/4 2106/5/4
f 2107/5/4 2108/5/4 2109/5/4
f 2109/5/4 2108/5/4 2110/5/4
f 2111/5/4 2112/5/4 2113/5/4
f 2113/5/4 2112/5/4 2114/5/4
f 2115/5/4 2116/5/4 2117/5/4
f 2117/5/4 2116/5/4 2118/5/4
f 2119/5/4 2120/5/4 2121/5/4
f 2121/5/4 2120/5/4 2122/5/4
f 2123/5/4 2124/5/4 2125/5/4
f 2125/5/4 2124/5/4 2126/5/4
f 2127/5/4 2128/5/4 2129/5/4
f 2129/5/4 2128/5/4 2130/5/4
f 2131/5/4 2132/5/4 2133/5/4
f 2133/5/4 2132/5/4 2134/5/4
f 2135/5/4 2136/5/4 2137/5/4
f 2137/5/4 2136/5/4 2138/5/4
f 2141/5/5 2140/5/5 2139/5/5
f 2143/5/5 2142/5/5 2141/5/5
f 2145/5/5 2141/5/5 2139/5/5
f 2145/5/5 2144/5/5 2143/5/5
f 2145/5/5 2143/5/5 2141/5/5
f 2146/5/5 2144/5/5 2145/5/5
f 2148/5/5 2145/5/5 2139/5/5
f 2149/5/5 2145/5/5 2148/5/5
f 2150/7/5 2146/7/5 2145/7/5
f 2150/5/5 2145/5/5 2149/5/5
f 2151/5/5 2144/5/5 2146/5/5
f 2151/7/5 2146/7/5 2150/7/5
f 2152/5/5 2144/5/5 2151/5/5
f 2153/5/5 2144/5/5 2152/5/5
f 2155/5/5 2149/5/5 2148/5/5
f 2155/5/5 2148/5/5 2147/5/5
f 2156/7/5 2150/7/5 2149/7/5
f 2156/5/5 2149/5/5 2155/5/5
f 2156/7/5 2151/7/5 2150/7/5
f 2156/7/5 2152/7/5 2151/7/5
f 2157/5/5 2154/5/5 2153/5/5
f 2157/7/5 2152/7/5 2156/7/5
f 2157/5/5 2153/5/5 2152/5/5
f 2158/5/5 2154/5/5 2157/5/5
f 2159/7/5 2156/7/5 2155/7/5
f 2159/5/5 2154/5/5 2158/5/5
f 2159/7/5 2158/7/5 2157/7/5
f 2159/7/5 2157/7/5 2156/7/5
f 2160/5/5 2154/5/5 2159/5/5
f 2161/7/5 2160/7/5 2159/7/5
f 2161/5/5 2154/5/5 2160/5/5
f 2162/5/5 2154/5/5 2161/5/5
f 2163/7/5 2162/7/5 2161/7/5
f 2163/5/5 2154/5/5 2162/5/5
f 2164/5/5 2154/5/5 2163/5/5
f 2165/7/5 2163/7/5 2161/7/5
f 2165/7/5 2164/7/5 2163/7/5
f 2166/5/5 2154/5/5 2164/5/5
f 2166/7/5 2164/7/5 2165/7/5
f 2167/7/5 2165/7/5 2161/7/5
f 2167/5/5 2166/5/5 2165/5/5
f 2168/5/5 2154/5/5 2166/5/5
f 2168/5/5 2166/5/5 2167/5/5
f 2169/7/5 2167/7/5 2161/7/5
f 2169/7/5 2168/7/5 2167/7/5
f 2170/5/5 2154/5/5 2168/5/5
f 2170/7/5 2168/7/5 2169/7/5
f 2171/7/5 2161/7/5 2159/7/5
f 2171/7/5 2169/7/5 2161/7/5
f 2172/5/5 2170/5/5 2169/5/5
f 2172/7/5 2169/7/5 2171/7/5
f 2173/7/5 2159/7/5 2155/7/5
f 2173/7/5 2171/7/5 2159/7/5
f 2174/5/5 2172/5/5 2171/5/5
f 2174/7/5 2171/7/5 2173/7/5
f 2175/5/5 2155/5/5 2147/5/5
f 2175/7/5 2173/7/5 2155/7/5
f 2176/7/5 2173/7/5 2175/7/5
f 2177/7/5 2173/7/5 2176/7/5
f 2178/5/5 2174/5/5 2173/5/5
f 2178/7/5 2173/7/5 2177/7/5
f 2179/5/5 2175/5/5 2147/5/5
f 2179/5/5 2176/5/5 2175/5/5
f 2180/5/5 2176/5/5 2179/5/5
f 2181/7/5 2177/7/5 2176/7/5
f 2181/5/5 2176/5/5 2180/5/5
f 2182/7/5 2177/7/5 2181/7/5
f 2183/7/5 2177/7/5 2182/7/5
f 2184/5/5 2178/5/5 2177/5/5
f 2184/7/5 2177/7/5 2183/7/5
f 2185/5/5 2172/5/5 2174/5/5
f 2185/5/5 2178/5/5 2184/5/5
f 2185/5/5 2174/5/5 2178/5/5
f 2186/5/5 2170/5/5 2172/5/5
f 2186/5/5 2172/5/5 2185/5/5
f 2186/5/5 2154/5/5 2170/5/5
f 2187/5/5 2181/5/5 2180/5/5
f 2187/5/5 2182/5/5 2181/5/5
f 2187/7/5 2183/7/5 2182/7/5
f 2188/5/5 2184/5/5 2183/5/5
f 2188/7/5 2183/7/5 2187/7/5
f 2188/5/5 2185/5/5 2184/5/5
f 2189/5/5 2188/5/5 2187/5/5
f 2189/5/5 2185/5/5 2188/5/5
f 2190/5/5 2185/5/5 2189/5/5
f 2191/5/5 2189/5/5 2187/5/5
f 2192/5/5 2189/5/5 2191/5/5
f 2193/5/5 2187/5/5 2180/5/5
f 2193/5/5 2191/5/5 2187/5/5
f 2194/5/5 2191/5/5 2193/5/5
f 2197/7/5 2196/7/5 2195/7/5
f 2198/7/5 2196/7/5 2197/7/5
f 2201/7/5 2200/7/5 2199/7/5
f 2202/7/5 2200/7/5 2201/7/5
f 2205/7/5 2204/7/5 2203/7/5
f 2206/7/5 2204/7/5 2205/7/5
f 2209/7/5 2208/7/5 2207/7/5
f 2210/7/5 2208/7/5 2209/7/5
f 2213/7/5 2212/7/5 2211/7/5
f 2214/7/5 2212/7/5 2213/7/5
f 2217/7/5 2216/7/5 2215/7/5
f 2218/7/5 2216/7/5 2217/7/5
f 2221/7/5 2220/7/5 2219/7/5
f 2222/7/5 2220/7/5 2221/7/5
f 2223/5/6 2224/5/6 2225/5/6
f 2225/5/6 2224/5/6 2226/5/6
f 2226/5/6 2224/5/6 2227/5/6
f 2227/5/6 2228/5/6 2229/5/6
f 2226/5/6 2227/5/6 2229/5/6
f 2223/5/6 2225/5/6 2231/5/6
f 2231/5/6 2225/5/6 2232/5/6
f 2229/5/6 2230/5/6 2233/5/6
f 2226/5/6 2229/5/6 2233/5/6
f 2233/5/6 2230/5/6 2234/5/6
f 2234/5/6 2230/5/6 2235/5/6
f 2235/5/6 2230/5/6 2236/5/6
f 2236/5/6 2230/5/6 2237/5/6
f 2237/5/6 2238/5/6 2239/5/6
f 2236/5/6 2237/5/6 2239/5/6
f 2239/5/6 2238/5/6 2240/5/6
f 2240/5/6 2238/5/6 2241/5/6
f 2241/5/6 2238/5/6 2242/5/6
f 2242/5/6 2238/5/6 2243/5/6
f 2243/5/6 2238/5/6 2244/5/6
f 2244/5/6 2238/5/6 2245/5/6
f 2245/5/6 2238/5/6 2246/5/6
f 2247/5/6 2248/5/6 2249/5/6
f 2249/5/6 2248/5/6 2250/5/6
f 2250/5/6 2248/5/6 2251/5/6
f 2251/5/6 2248/5/6 2254/5/6
f 2252/5/6 2253/5/6 2256/5/6
f 2253/5/6 2254/5/6 2256/5/6
f 2256/5/6 2254/5/6 2257/5/6
f 2254/5/6 2248/5/6 2258/5/6
f 2257/5/6 2254/5/6 2258/5/6
f 2256/5/6 2257/5/6 2262/5/6
f 2255/5/6 2256/5/6 2262/5/6
f 2262/5/6 2257/5/6 2263/5/6
f 2261/5/6 2262/5/6 2263/5/6
f 2263/5/6 2257/5/6 2264/5/6
f 2259/5/6 2260/5/6 2265/5/6
f 2261/5/6 2263/5/6 2266/5/6
f 2266/5/6 2263/5/6 2267/5/6
f 2267/5/6 2263/5/6 2268/5/6
f 2259/5/6 2265/5/6 2269/5/6
f 2265/5/6 2266/5/6 2269/5/6
f 2266/5/6 2267/5/6 2269/5/6
f 2269/5/6 2267/5/6 2270/5/6
f 2271/5/6 2272/5/6 2273/5/6
f 2273/5/6 2272/5/6 2274/5/6
f 2271/5/6 2273/5/6 2276/5/6
f 2276/5/6 2273/5/6 2277/5/6
f 2274/5/6 2272/5/6 2278/5/6
f 2278/5/6 2272/5/6 2279/5/6
f 2276/5/6 2277/5/6 2282/5/6
f 2275/5/6 2276/5/6 2282/5/6
f 2282/5/6 2277/5/6 2283/5/6
f 2283/5/6 2277/5/6 2284/5/6
f 2284/5/6 2277/5/6 2285/5/6
f 2279/5/6 2280/5/6 2286/5/6
f 2278/5/6 2279/5/6 2286/5/6
f 2286/5/6 2280/5/6 2287/5/6
f 2287/5/6 2280/5/6 2288/5/6
f 2288/5/6 2280/5/6 2289/5/6
f 2281/5/6 2282/5/6 2291/5/6
f 2282/5/6 2283/5/6 2291/5/6
f 2291/5/6 2283/5/6 2292/5/6
f 2289/5/6 2290/5/6 2293/5/6
f 2288/5/6 2289/5/6 2293/5/6
f 2293/5/6 2290/5/6 2294/5/6
f 2294/5/6 2290/5/6 2295/5/6
f 2296/7/6 2297/7/6 2299/7/6
f 2299/7/6 2297/7/6 2300/7/6
f 2297/5/6 2298/5/6 2301/5/6
f 2300/7/6 2297/7/6 2301/7/6
f 2301/5/6 2298/5/6 2302/5/6
f 2300/7/6 2301/7/6 2303/7/6
f 2301/7/6 2302/7/6 2303/7/6
f 2303/7/6 2302/7/6 2304/7/6
f 2304/7/6 2302/7/6 2305/7/6
f 2305/7/6 2302/7/6 2306/7/6
f 2305/5/6 2306/5/6 2307/5/6
f 2307/5/6 2306/5/6 2308/5/6
f 2307/7/6 2308/7/6 2309/7/6
f 2309/7/6 2308/7/6 2310/7/6
f 2311/7/6 2312/7/6 2313/7/6
f 2313/7/6 2312/7/6 2314/7/6
f 2313/5/6 2314/5/6 2315/5/6
f 2315/5/6 2314/5/6 2316/5/6
f 2315/7/6 2316/7/6 2318/7/6
f 2317/7/6 2318/7/6 2320/7/6
f 2318/7/6 2316/7/6 2321/7/6
f 2320/7/6 2318/7/6 2321/7/6
f 2321/7/6 2316/7/6 2322/7/6
f 2319/7/6 2320/7/6 2323/7/6
f 2320/7/6 2321/7/6 2323/7/6
f 2321/5/6 2322/5/6 2324/5/6
f 2323/7/6 2321/7/6 2324/7/6
f 2324/5/6 2322/5/6 2325/5/6
f 2326/5/6 2327/5/6 2331/5/6
f 2331/5/6 2327/5/6 2332/5/6
f 2332/5/6 2327/5/6 2333/5/6
f 2329/5/6 2330/5/6 2338/5/6
f 2328/5/6 2329/5/6 2338/5/6
f 2338/5/6 2330/5/6 2339/5/6
f 2339/5/6 2330/5/6 2340/5/6
f 2334/5/6 2335/5/6 2341/5/6
f 2332/5/6 2333/5/6 2341/5/6
f 2333/5/6 2334/5/6 2341/5/6
f 2341/5/6 2335/5/6 2342/5/6
f 2342/5/6 2335/5/6 2343/5/6
f 2336/5/6 2337/5/6 2344/5/6
f 2338/5/6 2339/5/6 2344/5/6
f 2337/5/6 2338/5/6 2344/5/6
f 2344/5/6 2339/5/6 2345/5/6
f 2345/5/6 2339/5/6 2346/5/6
f 2342/5/6 2343/5/6 2347/5/6
f 2344/5/6 2345/5/6 2348/5/6
f 2342/5/6 2347/5/6 2349/5/6
f 2347/5/6 2348/5/6 2349/5/6
f 2348/5/6 2345/5/6 2350/5/6
f 2349/5/6 2348/5/6 2350/5/6
f 2351/5/6 2352/5/6 2353/5/6
f 2353/5/6 2352/5/6 2354/5/6
f 2353/7/6 2354/7/6 2357/7/6
f 2357/7/6 2354/7/6 2358/7/6
f 2355/5/6 2356/5/6 2361/5/6
f 2356/7/6 2357/7/6 2362/7/6
f 2361/5/6 2356/5/6 2362/5/6
f 2362/7/6 2357/7/6 2363/7/6
f 2359/5/6 2360/5/6 2364/5/6
f 2364/5/6 2360/5/6 2365/5/6
f 2366/1/6 2367/1/6 2368/1/6
f 2368/1/6 2367/1/6 2369/1/6
f 2370/1/6 2371/1/6 2372/1/6
f 2372/1/6 2371/1/6 2373/1/6
f 2374/7/6 2375/7/6 2376/7/6
f 2376/7/6 2375/7/6 2377/7/6
f 2378/3/6 2379/3/6 2382/3/6
f 2382/3/6 2379/3/6 2383/3/6
f 2380/7/6 2381/7/6 2384/7/6
f 2384/7/6 2381/7/6 2385/7/6
f 2386/1/6 2387/1/6 2390/1/6
f 2390/1/6 2387/1/6 2391/1/6
f 2388/1/6 2389/1/6 2392/1/6
f 2392/1/6 2389/1/6 2393/1/6
f 2394/5/6 2395/5/6 2399/5/6
f 2395/7/6 2396/7/6 2400/7/6
f 2399/5/6 2395/5/6 2400/5/6
f 2400/7/6 2396/7/6 2401/7/6
f 2397/5/6 2398/5/6 2403/5/6
f 2403/5/6 2398/5/6 2404/5/6
f 2401/7/6 2402/7/6 2405/7/6
f 2405/7/6 2402/7/6 2406/7/6
f 2405/5/6 2406/5/6 2407/5/6
f 2407/5/6 2406/5/6 2408/5/6
f 2409/7/6 2410/7/6 2412/7/6
f 2412/7/6 2410/7/6 2413/7/6
f 2411/7/6 2412/7/6 2415/7/6
f 2413/7/6 2414/7/6 2415/7/6
f 2412/7/6 2413/7/6 2415/7/6
f 2415/7/6 2414/7/6 2416/7/6
f 2416/7/6 2414/7/6 2417/7/6
f 2416/7/6 2417/7/6 2418/7/6
f 2416/7/6 2418/7/6 2419/7/6
f 2416/7/6 2419/7/6 2422/7/6
f 2420/2/6 2421/2/6 2423/2/6
f 2423/2/6 2421/2/6 2424/2/6
f 2416/7/6 2422/7/6 2425/7/6
f 2425/7/6 2422/7/6 2426/7/6
f 2427/3/6 2428/3/6 2431/3/6
f 2431/3/6 2428/3/6 2432/3/6
f 2429/7/6 2430/7/6 2433/7/6
f 2429/7/6 2433/7/6 2436/7/6
f 2434/2/6 2435/2/6 2437/2/6
f 2437/2/6 2435/2/6 2438/2/6
f 2429/7/6 2436/7/6 2439/7/6
f 2429/7/6 2439/7/6 2440/7/6
f 2429/7/6 2440/7/6 2442/7/6
f 2441/7/6 2442/7/6 2443/7/6
f 2443/7/6 2442/7/6 2444/7/6
f 2444/7/6 2442/7/6 2445/7/6
f 2442/7/6 2440/7/6 2446/7/6
f 2445/7/6 2442/7/6 2446/7/6
f 2444/7/6 2445/7/6 2447/7/6
f 2447/7/6 2445/7/6 2448/7/6
f 2449/7/6 2450/7/6 2451/7/6
f 2451/7/6 2450/7/6 2452/7/6
f 2452/7/6 2450/7/6 2453/7/6
f 2453/7/6 2450/7/6 2454/7/6
f 2452/7/6 2453/7/6 2455/7/6
f 2454/7/6 2450/7/6 2456/7/6
f 2456/7/6 2450/7/6 2457/7/6
f 2457/7/6 2450/7/6 2458/7/6
f 2458/7/6 2450/7/6 2459/7/6
f 2452/7/6 2455/7/6 2462/7/6
f 2462/7/6 2455/7/6 2463/7/6
f 2460/1/6 2461/1/6 2464/1/6
f 2464/1/6 2461/1/6 2465/1/6
f 2465/3/6 2466/3/6 2468/3/6
f 2468/3/6 2466/3/6 2469/3/6
f 2467/2/6 2468/2/6 2472/2/6
f 2472/2/6 2468/2/6 2473/2/6
f 2470/7/6 2471/7/6 2474/7/6
f 2474/7/6 2471/7/6 2475/7/6
f 2476/3/6 2477/3/6 2480/3/6
f 2480/3/6 2477/3/6 2481/3/6
f 2478/7/6 2479/7/6 2482/7/6
f 2482/7/6 2479/7/6 2483/7/6
f 2484/2/6 2485/2/6 2486/2/6
f 2486/2/6 2485/2/6 2487/2/6
f 2487/3/6 2488/3/6 2492/3/6
f 2492/3/6 2488/3/6 2493/3/6
f 2491/1/6 2492/1/6 2494/1/6
f 2494/1/6 2492/1/6 2495/1/6
f 2489/7/6 2490/7/6 2498/7/6
f 2496/7/6 2497/7/6 2500/7/6
f 2489/7/6 2498/7/6 2502/7/6
f 2502/7/6 2498/7/6 2503/7/6
f 2499/7/6 2500/7/6 2504/7/6
f 2502/7/6 2503/7/6 2505/7/6
f 2503/7/6 2504/7/6 2505/7/6
f 2501/7/6 2502/7/6 2505/7/6
f 2504/7/6 2500/7/6 2506/7/6
f 2505/7/6 2504/7/6 2506/7/6
f 2500/7/6 2497/7/6 2506/7/6
f 2507/7/6 2508/7/6 2509/7/6
f 2509/7/6 2508/7/6 2510/7/6
f 2511/1/6 2512/1/6 2513/1/6
f 2513/1/6 2512/1/6 2514/1/6
f 2515/7/6 2516/7/6 2519/7/6
f 2517/3/6 2518/3/6 2522/3/6
f 2522/3/6 2518/3/6 2523/3/6
f 2515/7/6 2519/7/6 2524/7/6
f 2520/2/6 2521/2/6 2525/2/6
f 2525/2/6 2521/2/6 2526/2/6
f 2515/7/6 2524/7/6 2527/7/6
f 2524/7/6 2525/7/6 2527/7/6
f 2527/7/6 2525/7/6 2528/7/6
f 2529/3/6 2530/3/6 2533/3/6
f 2533/3/6 2530/3/6 2534/3/6
f 2531/7/6 2532/7/6 2535/7/6
f 2535/7/6 2532/7/6 2536/7/6
f 2531/7/6 2535/7/6 2538/7/6
f 2536/2/6 2537/2/6 2539/2/6
f 2539/2/6 2537/2/6 2540/2/6
f 2531/7/6 2538/7/6 2543/7/6
f 2543/7/6 2538/7/6 2544/7/6
f 2541/3/6 2542/3/6 2545/3/6
f 2545/3/6 2542/3/6 2546/3/6
f 2547/1/6 2548/1/6 2551/1/6
f 2551/1/6 2548/1/6 2552/1/6
f 2549/7/6 2550/7/6 2553/7/6
f 2553/7/6 2550/7/6 2554/7/6
f 2555/7/6 2556/7/6 2559/7/6
f 2559/7/6 2556/7/6 2560/7/6
f 2557/7/6 2558/7/6 2561/7/6
f 2561/7/6 2558/7/6 2562/7/6
f 2563/1/6 2564/1/6 2565/1/6
f 2565/1/6 2564/1/6 2566/1/6
f 2567/3/6 2568/3/6 2571/3/6
f 2571/3/6 2568/3/6 2572/3/6
f 2569/7/6 2570/7/6 2573/7/6
f 2573/7/6 2570/7/6 2574/7/6
f 2575/3/6 2576/3/6 2579/3/6
f 2579/3/6 2576/3/6 2580/3/6
f 2577/7/6 2578/7/6 2581/7/6
f 2581/7/6 2578/7/6 2582/7/6
f 2583/3/6 2584/3/6 2585/3/6
f 2585/3/6 2584/3/6 2586/3/6
f 2587/1/6 2588/1/6 2593/1/6
f 2593/1/6 2588/1/6 2594/1/6
f 2589/7/6 2590/7/6 2595/7/6
f 2595/7/6 2590/7/6 2596/7/6
f 2591/7/6 2592/7/6 2597/7/6
f 2597/7/6 2592/7/6 2598/7/6
f 2599/1/6 2600/1/6 2602/1/6
f 2602/1/6 2600/1/6 2603/1/6
f 2601/7/6 2602/7/6 2606/7/6
f 2606/7/6 2602/7/6 2607/7/6
f 2604/1/6 2605/1/6 2608/1/6
f 2608/1/6 2605/1/6 2609/1/6
f 2601/7/6 2606/7/6 2612/7/6
f 2612/7/6 2606/7/6 2613/7/6
f 2610/1/6 2611/1/6 2614/1/6
f 2614/1/6 2611/1/6 2615/1/6
f 2616/1/6 2617/1/6 2618/1/6
f 2618/1/6 2617/1/6 2619/1/6
f 2620/7/6 2621/7/6 2622/7/6
f 2622/7/6 2621/7/6 2623/7/6
f 2624/3/6 2625/3/6 2628/3/6
f 2628/3/6 2625/3/6 2629/3/6
f 2626/7/6 2627/7/6 2630/7/6
f 2630/7/6 2627/7/6 2631/7/6
f 2632/1/6 2633/1/6 2634/1/6
f 2634/1/6 2633/1/6 2635/1/6
f 2636/7/6 2637/7/6 2640/7/6
f 2638/1/6 2639/1/6 2644/1/6
f 2644/1/6 2639/1/6 2645/1/6
f 2636/7/6 2640/7/6 2646/7/6
f 2640/7/6 2641/7/6 2646/7/6
f 2646/7/6 2641/7/6 2647/7/6
f 2642/1/6 2643/1/6 2649/1/6
f 2649/1/6 2643/1/6 2650/1/6
f 2647/1/6 2648/1/6 2651/1/6
f 2651/1/6 2648/1/6 2652/1/6
f 2653/1/6 2654/1/6 2655/1/6
f 2655/1/6 2654/1/6 2656/1/6
f 2657/1/6 2658/1/6 2661/1/6
f 2661/1/6 2658/1/6 2662/1/6
f 2659/2/6 2660/2/6 2663/2/6
f 2663/2/6 2660/2/6 2664/2/6
f 2665/1/6 2666/1/6 2669/1/6
f 2669/1/6 2666/1/6 2670/1/6
f 2667/2/6 2668/2/6 2671/2/6
f 2671/2/6 2668/2/6 2672/2/6
f 2673/1/6 2674/1/6 2675/1/6
f 2675/1/6 2674/1/6 2676/1/6
f 2677/7/6 2678/7/6 2679/7/6
f 2679/7/6 2678/7/6 2680/7/6
f 2681/2/6 2682/2/6 2683/2/6
f 2683/2/6 2682/2/6 2684/2/6
f 2685/1/6 2686/1/6 2688/1/6
f 2688/1/6 2686/1/6 2689/1/6
f 2687/7/6 2688/7/6 2690/7/6
f 2690/7/6 2688/7/6 2691/7/6
f 2692/3/6 2693/3/6 2696/3/6
f 2696/3/6 2693/3/6 2697/3/6
f 2694/7/6 2695/7/6 2698/7/6
f 2698/7/6 2695/7/6 2699/7/6
f 2699/1/6 2700/1/6 2701/1/6
f 2701/1/6 2700/1/6 2702/1/6
f 2703/2/6 2704/2/6 2705/2/6
f 2705/2/6 2704/2/6 2706/2/6
f 2707/7/6 2708/7/6 2709/7/6
f 2709/7/6 2708/7/6 2710/7/6
f 2711/7/6 2712/7/6 2717/7/6
f 2717/7/6 2712/7/6 2718/7/6
f 2713/1/6 2714/1/6 2719/1/6
f 2719/1/6 2714/1/6 2720/1/6
f 2715/1/6 2716/1/6 2721/1/6
f 2721/1/6 2716/1/6 2722/1/6
f 2722/3/6 2723/3/6 2726/3/6
f 2726/3/6 2723/3/6 2727/3/6
f 2724/7/6 2725/7/6 2728/7/6
f 2724/7/6 2728/7/6 2731/7/6
f 2729/1/6 2730/1/6 2732/1/6
f 2732/1/6 2730/1/6 2733/1/6
f 2724/7/6 2731/7/6 2734/7/6
f 2731/1/6 2732/1/6 2734/1/6
f 2734/1/6 2732/1/6 2735/1/6
f 2724/7/6 2734/7/6 2736/7/6
f 2736/7/6 2734/7/6 2737/7/6
f 2738/3/6 2739/3/6 2742/3/6
f 2742/3/6 2739/3/6 2743/3/6
f 2740/7/6 2741/7/6 2744/7/6
f 2740/7/6 2744/7/6 2746/7/6
f 2744/1/6 2745/1/6 2746/1/6
f 2746/1/6 2745/1/6 2747/1/6
f 2740/7/6 2746/7/6 2749/7/6
f 2747/1/6 2748/1/6 2750/1/6
f 2750/1/6 2748/1/6 2751/1/6
f 2740/7/6 2749/7/6 2752/7/6
f 2752/7/6 2749/7/6 2753/7/6
f 2754/3/6 2755/3/6 2761/3/6
f 2761/3/6 2755/3/6 2762/3/6
f 2756/7/6 2757/7/6 2763/7/6
f 2763/7/6 2757/7/6 2764/7/6
f 2758/1/6 2759/1/6 2765/1/6
f 2765/1/6 2759/1/6 2766/1/6
f 2760/1/6 2761/1/6 2767/1/6
f 2767/1/6 2761/1/6 2768/1/6
f 2769/1/6 2770/1/6 2771/1/6
f 2771/1/6 2770/1/6 2772/1/6
f 2773/8/6 2774/8/6 2777/8/6
f 2777/8/6 2774/8/6 2778/8/6
f 2775/3/6 2776/3/6 2779/3/6
f 2779/3/6 2776/3/6 2780/3/6
f 2781/8/6 2782/8/6 2785/8/6
f 2785/8/6 2782/8/6 2786/8/6
f 2783/3/6 2784/3/6 2787/3/6
f 2787/3/6 2784/3/6 2788/3/6
f 2789/1/6 2790/1/6 2791/1/6
f 2791/1/6 2790/1/6 2792/1/6
f 2793/3/6 2794/3/6 2795/3/6
f 2795/3/6 2794/3/6 2796/3/6
f 2797/3/6 2798/3/6 2799/3/6
f 2799/3/6 2798/3/6 2800/3/6
f 2801/1/6 2802/1/6 2803/1/6
f 2803/1/6 2802/1/6 2804/1/6
f 2804/1/6 2802/1/6 2805/1/6
f 2808/1/6 2809/1/6 2810/1/6
f 2810/1/6 2809/1/6 2811/1/6
f 2806/7/6 2807/7/6 2812/7/6
f 2812/7/6 2807/7/6 2813/7/6
f 2814/3/6 2815/3/6 2818/3/6
f 2818/3/6 2815/3/6 2819/3/6
f 2816/7/6 2817/7/6 2822/7/6
f 2822/7/6 2817/7/6 2823/7/6
f 2820/1/6 2821/1/6 2824/1/6
f 2824/1/6 2821/1/6 2825/1/6
f 2826/1/6 2827/1/6 2829/1/6
f 2827/1/6 2828/1/6 2829/1/6
f 2829/1/6 2828/1/6 2830/1/6
f 2831/3/6 2832/3/6 2834/3/6
f 2834/3/6 2832/3/6 2835/3/6
f 2833/2/6 2834/2/6 2836/2/6
f 2836/2/6 2834/2/6 2837/2/6
f 2838/7/6 2839/7/6 2840/7/6
f 2840/7/6 2839/7/6 2841/7/6
f 2842/3/6 2843/3/6 2846/3/6
f 2846/3/6 2843/3/6 2847/3/6
f 2844/7/6 2845/7/6 2848/7/6
f 2848/7/6 2845/7/6 2849/7/6
f 2850/2/6 2851/2/6 2852/2/6
f 2852/2/6 2851/2/6 2853/2/6
f 2853/3/6 2854/3/6 2855/3/6
f 2855/3/6 2854/3/6 2856/3/6
f 2857/7/6 2858/7/6 2861/7/6
f 2861/7/6 2858/7/6 2862/7/6
f 2859/7/6 2860/7/6 2863/7/6
f 2863/7/6 2860/7/6 2864/7/6
f 2865/3/6 2866/3/6 2870/3/6
f 2870/3/6 2866/3/6 2871/3/6
f 2867/2/6 2868/2/6 2872/2/6
f 2872/2/6 2868/2/6 2873/2/6
f 2869/2/6 2870/2/6 2874/2/6
f 2874/2/6 2870/2/6 2875/2/6
f 2876/3/6 2877/3/6 2878/3/6
f 2878/3/6 2877/3/6 2879/3/6
f 2880/2/6 2881/2/6 2884/2/6
f 2884/2/6 2881/2/6 2885/2/6
f 2882/2/6 2883/2/6 2886/2/6
f 2886/2/6 2883/2/6 2887/2/6
f 2887/3/6 2888/3/6 2893/3/6
f 2893/3/6 2888/3/6 2894/3/6
f 2889/7/6 2890/7/6 2895/7/6
f 2895/7/6 2890/7/6 2896/7/6
f 2891/7/6 2892/7/6 2897/7/6
f 2897/7/6 2892/7/6 2898/7/6
f 2899/3/6 2900/3/6 2901/3/6
f 2901/3/6 2900/3/6 2902/3/6
f 2903/1/6 2904/1/6 2905/1/6
f 2905/1/6 2904/1/6 2906/1/6
f 2907/3/6 2908/3/6 2909/3/6
f 2909/3/6 2908/3/6 2910/3/6
f 2911/1/6 2912/1/6 2913/1/6
f 2913/1/6 2912/1/6 2914/1/6
f 2915/3/6 2916/3/6 2917/3/6
f 2917/3/6 2916/3/6 2918/3/6
f 2919/2/6 2920/2/6 2925/2/6
f 2925/2/6 2920/2/6 2926/2/6
f 2921/1/6 2922/1/6 2927/1/6
f 2927/1/6 2922/1/6 2928/1/6
f 2923/7/6 2924/7/6 2929/7/6
f 2929/7/6 2924/7/6 2930/7/6
f 2931/7/6 2932/7/6 2933/7/6
f 2933/7/6 2932/7/6 2934/7/6
f 2935/2/6 2936/2/6 2939/2/6
f 2939/2/6 2936/2/6 2940/2/6
f 2937/1/6 2938/1/6 2941/1/6
f 2941/1/6 2938/1/6 2942/1/6
f 2943/2/6 2944/2/6 2945/2/6
f 2945/2/6 2944/2/6 2946/2/6
f 2947/7/6 2948/7/6 2949/7/6
f 2949/7/6 2948/7/6 2950/7/6
f 2949/7/6 2950/7/6 2951/7/6
f 2951/7/6 2950/7/6 2952/7/6
f 2952/7/6 2950/7/6 2953/7/6
f 2952/7/6 2953/7/6 2955/7/6
f 2953/1/6 2954/1/6 2955/1/6
f 2955/1/6 2954/1/6 2956/1/6
f 2952/7/6 2955/7/6 2957/7/6
f 2957/7/6 2955/7/6 2958/7/6
f 2959/7/6 2960/7/6 2961/7/6
f 2959/7/6 2961/7/6 2964/7/6
f 2961/1/6 2962/1/6 2965/1/6
f 2964/7/6 2961/7/6 2965/7/6
f 2965/1/6 2962/1/6 2966/1/6
f 2963/7/6 2964/7/6 2967/7/6
f 2964/7/6 2965/7/6 2967/7/6
f 2967/7/6 2965/7/6 2968/7/6
f 2967/7/6 2968/7/6 2971/7/6
f 2971/7/6 2968/7/6 2972/7/6
f 2969/2/6 2970/2/6 2973/2/6
f 2973/2/6 2970/2/6 2974/2/6
f 2975/1/6 2976/1/6 2979/1/6
f 2979/1/6 2976/1/6 2980/1/6
f 2980/1/6 2976/1/6 2981/1/6
f 2977/3/6 2978/3/6 2988/3/6
f 2988/3/6 2978/3/6 2989/3/6
f 2982/3/6 2983/3/6 2991/3/6
f 2991/3/6 2983/3/6 2992/3/6
f 2984/7/6 2985/7/6 2993/7/6
f 2993/7/6 2985/7/6 2994/7/6
f 2986/7/6 2987/7/6 2995/7/6
f 2988/7/6 2989/7/6 2995/7/6
f 2987/7/6 2988/7/6 2995/7/6
f 2995/7/6 2989/7/6 2996/7/6
f 2990/2/6 2991/2/6 2997/2/6
f 2997/2/6 2991/2/6 2998/2/6
f 2999/7/6 3000/7/6 3001/7/6
f 3001/7/6 3000/7/6 3002/7/6
f 3003/7/6 3004/7/6 3009/7/6
f 3009/7/6 3004/7/6 3010/7/6
f 3005/7/6 3006/7/6 3011/7/6
f 3011/7/6 3006/7/6 3012/7/6
f 3012/7/6 3006/7/6 3013/7/6
f 3013/7/6 3006/7/6 3014/7/6
f 3007/2/6 3008/2/6 3015/2/6
f 3015/2/6 3008/2/6 3016/2/6
f 3013/3/6 3014/3/6 3018/3/6
f 3018/3/6 3014/3/6 3019/3/6
f 3016/3/6 3017/3/6 3023/3/6
f 3023/3/6 3017/3/6 3024/3/6
f 3021/1/6 3022/1/6 3025/1/6
f 3020/1/6 3021/1/6 3025/1/6
f 3025/1/6 3022/1/6 3026/1/6
f 3027/2/6 3028/2/6 3029/2/6
f 3029/2/6 3028/2/6 3030/2/6
f 3031/3/6 3032/3/6 3037/3/6
f 3037/3/6 3032/3/6 3038/3/6
f 3033/7/6 3034/7/6 3039/7/6
f 3039/7/6 3034/7/6 3040/7/6
f 3035/2/6 3036/2/6 3041/2/6
f 3041/2/6 3036/2/6 3042/2/6
f 3033/7/6 3039/7/6 3043/7/6
f 3033/7/6 3043/7/6 3047/7/6
f 3043/7/6 3044/7/6 3047/7/6
f 3047/7/6 3044/7/6 3048/7/6
f 3045/2/6 3046/2/6 3049/2/6
f 3049/2/6 3046/2/6 3050/2/6
f 3051/3/6 3052/3/6 3055/3/6
f 3055/3/6 3052/3/6 3056/3/6
f 3053/2/6 3054/2/6 3057/2/6
f 3057/2/6 3054/2/6 3058/2/6
f 3059/3/6 3060/3/6 3061/3/6
f 3061/3/6 3060/3/6 3062/3/6
f 3063/3/6 3064/3/6 3065/3/6
f 3065/3/6 3064/3/6 3066/3/6
f 3067/3/6 3068/3/6 3071/3/6
f 3071/3/6 3068/3/6 3072/3/6
f 3069/3/6 3070/3/6 3073/3/6
f 3073/3/6 3070/3/6 3074/3/6
f 3077/7/6 3078/7/6 3079/7/6
f 3079/7/6 3078/7/6 3080/7/6
f 3081/7/6 3082/7/6 3085/7/6
f 3085/7/6 3082/7/6 3086/7/6
f 3075/7/6 3076/7/6 3087/7/6
f 3087/7/6 3076/7/6 3088/7/6
f 3083/7/6 3084/7/6 3089/7/6
f 3089/7/6 3084/7/6 3090/7/6
f 3091/3/6 3092/3/6 3095/3/6
f 3095/3/6 3092/3/6 3096/3/6
f 3093/3/6 3094/3/6 3097/3/6
f 3097/3/6 3094/3/6 3098/3/6
f 3099/2/6 3100/2/6 3101/2/6
f 3101/2/6 3100/2/6 3102/2/6
f 3103/2/6 3104/2/6 3107/2/6
f 3107/2/6 3104/2/6 3108/2/6
f 3107/7/6 3108/7/6 3110/7/6
f 3108/7/6 3109/7/6 3110/7/6
f 3106/7/6 3107/7/6 3110/7/6
f 3105/7/6 3106/7/6 3110/7/6
f 3110/7/6 3109/7/6 3111/7/6
f 3112/7/6 3113/7/6 3114/7/6
f 3114/7/6 3113/7/6 3115/7/6
f 3105/7/6 3110/7/6 3116/7/6
f 3105/7/6 3116/7/6 3118/7/6
f 3116/7/6 3117/7/6 3118/7/6
f 3118/7/6 3117/7/6 3119/7/6
f 3119/7/6 3117/7/6 3120/7/6
f 3120/7/6 3117/7/6 3121/7/6
f 3121/7/6 3117/7/6 3122/7/6
f 3120/2/6 3121/2/6 3123/2/6
f 3123/2/6 3121/2/6 3124/2/6
f 3125/2/6 3126/2/6 3127/2/6
f 3127/2/6 3126/2/6 3128/2/6
f 3129/3/6 3130/3/6 3131/3/6
f 3131/3/6 3130/3/6 3132/3/6
f 3133/7/6 3134/7/6 3135/7/6
f 3133/7/6 3135/7/6 3137/7/6
f 3135/7/6 3136/7/6 3137/7/6
f 3137/7/6 3136/7/6 3138/7/6
f 3133/7/6 3137/7/6 3139/7/6
f 3139/7/6 3137/7/6 3140/7/6
f 3141/3/6 3142/3/6 3143/3/6
f 3143/3/6 3142/3/6 3144/3/6
f 3145/2/6 3146/2/6 3147/2/6
f 3147/2/6 3146/2/6 3148/2/6
f 3149/2/6 3150/2/6 3151/2/6
f 3151/2/6 3150/2/6 3152/2/6
f 3153/3/6 3154/3/6 3157/3/6
f 3157/3/6 3154/3/6 3158/3/6
f 3155/2/6 3156/2/6 3159/2/6
f 3159/2/6 3156/2/6 3160/2/6
f 3161/2/6 3162/2/6 3163/2/6
f 3163/2/6 3162/2/6 3164/2/6
f 3165/3/6 3166/3/6 3167/3/6
f 3167/3/6 3166/3/6 3168/3/6
f 3169/3/6 3170/3/6 3171/3/6
f 3171/3/6 3170/3/6 3172/3/6
f 3173/3/6 3174/3/6 3175/3/6
f 3175/3/6 3174/3/6 3176/3/6
