# MagicaVoxel @ Ephtracy

# group
o 

# material
mtllib углеодород.mtl
usemtl palette

# normals
vn -1 0 0
vn 1 0 0
vn 0 0 1
vn 0 0 -1
vn 0 -1 0
vn 0 1 0

# texcoords
vt 0.00585938 0.5
vt 0.0332031 0.5
vt 0.0371094 0.5
vt 0.0449219 0.5
vt 0.0488281 0.5
vt 0.0761719 0.5
vt 0.0800781 0.5
vt 0.0878906 0.5

# verts
v -1.9 0 -0.7
v -1.9 0 -1
v -1.9 0 -1.7
v -1.9 0 -2
v -1.9 0.1 -0.7
v -1.9 0.1 -1
v -1.9 0.1 -1.7
v -1.9 0.1 -2
v -1.8 0 0.8
v -1.8 0 0.4
v -1.8 0 -0.2
v -1.8 0 -0.4
v -1.8 0 -0.6
v -1.8 0 -0.7
v -1.8 0 -1
v -1.8 0 -1.1
v -1.8 0 -1.6
v -1.8 0 -1.7
v -1.8 0.1 0.8
v -1.8 0.1 0.6
v -1.8 0.1 0
v -1.8 0.1 -0.2
v -1.8 0.1 -0.5
v -1.8 0.1 -0.6
v -1.8 0.1 -0.7
v -1.8 0.1 -1
v -1.8 0.1 -1.1
v -1.8 0.1 -1.3
v -1.8 0.1 -1.6
v -1.8 0.1 -1.7
v -1.8 0.1 -2
v -1.8 0.2 0.6
v -1.8 0.2 0.4
v -1.8 0.2 -0.7
v -1.8 0.2 -1
v -1.8 0.2 -1.7
v -1.8 0.2 -2
v -1.8 0.3 -0.2
v -1.8 0.3 -0.4
v -1.8 0.3 -0.5
v -1.8 0.3 -0.7
v -1.8 0.3 -1.3
v -1.8 0.3 -1.5
v -1.8 0.3 -1.7
v -1.8 0.4 0
v -1.8 0.4 -0.2
v -1.8 0.4 -1.5
v -1.8 0.4 -1.7
v -1.8 0.6 0
v -1.8 0.6 -0.3
v -1.8 0.8 0
v -1.8 0.8 -0.3
v -1.7 0 1
v -1.7 0 0.8
v -1.7 0 0.4
v -1.7 0 0.3
v -1.7 0 0
v -1.7 0 -0.2
v -1.7 0 -0.4
v -1.7 0 -0.6
v -1.7 0 -1.1
v -1.7 0 -1.6
v -1.7 0.1 1.3
v -1.7 0.1 1
v -1.7 0.1 0.9
v -1.7 0.1 0.8
v -1.7 0.1 0.6
v -1.7 0.1 0.4
v -1.7 0.1 0.3
v -1.7 0.1 0.0999999
v -1.7 0.1 0
v -1.7 0.1 -0.2
v -1.7 0.1 -0.5
v -1.7 0.1 -0.6
v -1.7 0.1 -1
v -1.7 0.1 -1.1
v -1.7 0.1 -1.3
v -1.7 0.1 -1.6
v -1.7 0.2 0.9
v -1.7 0.2 0.6
v -1.7 0.2 0.4
v -1.7 0.2 -0.4
v -1.7 0.2 -0.5
v -1.7 0.2 -0.7
v -1.7 0.2 -1
v -1.7 0.2 -1.3
v -1.7 0.2 -1.7
v -1.7 0.2 -1.8
v -1.7 0.3 1.3
v -1.7 0.3 1
v -1.7 0.3 0.6
v -1.7 0.3 0.4
v -1.7 0.3 0.3
v -1.7 0.3 0.2
v -1.7 0.3 -0.2
v -1.7 0.3 -0.4
v -1.7 0.3 -0.5
v -1.7 0.3 -0.7
v -1.7 0.3 -0.8
v -1.7 0.3 -1
v -1.7 0.3 -1.2
v -1.7 0.3 -1.3
v -1.7 0.3 -1.5
v -1.7 0.3 -1.7
v -1.7 0.3 -1.8
v -1.7 0.4 0.4
v -1.7 0.4 0.2
v -1.7 0.4 0.0999999
v -1.7 0.4 0
v -1.7 0.4 -0.2
v -1.7 0.4 -0.7
v -1.7 0.4 -0.8
v -1.7 0.4 -1
v -1.7 0.4 -1.5
v -1.7 0.4 -1.7
v -1.7 0.4 -1.8
v -1.7 0.5 0.4
v -1.7 0.5 0.2
v -1.7 0.5 -0.2
v -1.7 0.5 -0.3
v -1.7 0.5 -1.2
v -1.7 0.5 -1.4
v -1.7 0.5 -1.6
v -1.7 0.5 -1.7
v -1.7 0.6 0.0999999
v -1.7 0.6 0
v -1.7 0.6 -0.3
v -1.7 0.6 -0.4
v -1.7 0.6 -1.4
v -1.7 0.6 -1.6
v -1.7 0.8 0.0999999
v -1.7 0.8 0
v -1.7 0.8 -0.3
v -1.7 0.8 -0.4
v -1.7 0.9 0
v -1.7 0.9 -0.3
v -1.6 0 1.1
v -1.6 0 1
v -1.6 0 0.3
v -1.6 0 0
v -1.6 0.1 1.4
v -1.6 0.1 1.3
v -1.6 0.1 1.1
v -1.6 0.1 1
v -1.6 0.1 0.9
v -1.6 0.1 0.3
v -1.6 0.1 0.2
v -1.6 0.1 0.0999999
v -1.6 0.1 0
v -1.6 0.2 1
v -1.6 0.2 0.9
v -1.6 0.2 0.6
v -1.6 0.2 -1.8
v -1.6 0.2 -1.9
v -1.6 0.3 1.4
v -1.6 0.3 1.3
v -1.6 0.3 1
v -1.6 0.3 0.9
v -1.6 0.3 0.6
v -1.6 0.3 0.4
v -1.6 0.3 0.3
v -1.6 0.3 0.2
v -1.6 0.3 0.0999999
v -1.6 0.3 -0.7
v -1.6 0.3 -0.8
v -1.6 0.3 -1
v -1.6 0.3 -1.2
v -1.6 0.3 -1.8
v -1.6 0.3 -1.9
v -1.6 0.4 1.3
v -1.6 0.4 1.2
v -1.6 0.4 1.1
v -1.6 0.4 1
v -1.6 0.4 0.6
v -1.6 0.4 0.4
v -1.6 0.4 0.2
v -1.6 0.4 0.0999999
v -1.6 0.4 -0.4
v -1.6 0.4 -0.7
v -1.6 0.4 -0.8
v -1.6 0.4 -1
v -1.6 0.4 -1.7
v -1.6 0.4 -1.8
v -1.6 0.5 1.2
v -1.6 0.5 1.1
v -1.6 0.5 0.6
v -1.6 0.5 0.4
v -1.6 0.5 0.2
v -1.6 0.5 0.0999999
v -1.6 0.5 -0.3
v -1.6 0.5 -0.4
v -1.6 0.5 -0.6
v -1.6 0.5 -1.2
v -1.6 0.5 -1.4
v -1.6 0.5 -1.6
v -1.6 0.5 -1.7
v -1.6 0.6 0.4
v -1.6 0.6 0.2
v -1.6 0.6 -0.3
v -1.6 0.6 -0.4
v -1.6 0.6 -0.5
v -1.6 0.6 -1
v -1.6 0.6 -1.1
v -1.6 0.6 -1.4
v -1.6 0.6 -1.6
v -1.6 0.7 -0.6
v -1.6 0.7 -0.7
v -1.6 0.7 -1.6
v -1.6 0.7 -1.8
v -1.6 0.8 0.0999999
v -1.6 0.8 0
v -1.6 0.8 -0.3
v -1.6 0.8 -0.4
v -1.6 0.8 -0.5
v -1.6 0.8 -0.7
v -1.6 0.8 -1
v -1.6 0.9 0.0999999
v -1.6 0.9 0
v -1.6 0.9 -0.1
v -1.6 0.9 -0.3
v -1.6 0.9 -0.4
v -1.6 0.9 -1.1
v -1.6 0.9 -1.6
v -1.6 1 -0.1
v -1.6 1 -0.3
v -1.5 0 1.3
v -1.5 0 1.1
v -1.5 0.1 1.5
v -1.5 0.1 1.4
v -1.5 0.1 1.3
v -1.5 0.1 1.1
v -1.5 0.1 0.2
v -1.5 0.1 0.0999999
v -1.5 0.2 1
v -1.5 0.2 0.9
v -1.5 0.2 -1.9
v -1.5 0.2 -2
v -1.5 0.3 1.5
v -1.5 0.3 1.4
v -1.5 0.3 1
v -1.5 0.3 0.9
v -1.5 0.3 0.7
v -1.5 0.3 0.6
v -1.5 0.3 0.2
v -1.5 0.3 0.0999999
v -1.5 0.3 -1.8
v -1.5 0.3 -1.9
v -1.5 0.3 -2
v -1.5 0.4 1.3
v -1.5 0.4 1.2
v -1.5 0.4 1.1
v -1.5 0.4 1
v -1.5 0.4 0.9
v -1.5 0.4 0.6
v -1.5 0.4 -0.2
v -1.5 0.4 -0.4
v -1.5 0.5 1.3
v -1.5 0.5 1.2
v -1.5 0.5 1.1
v -1.5 0.5 1
v -1.5 0.5 0.7
v -1.5 0.5 0.6
v -1.5 0.5 0.4
v -1.5 0.5 -0.2
v -1.5 0.5 -0.4
v -1.5 0.5 -0.5
v -1.5 0.5 -0.6
v -1.5 0.6 1.2
v -1.5 0.6 1.1
v -1.5 0.6 0.6
v -1.5 0.6 0.4
v -1.5 0.6 -0.5
v -1.5 0.6 -1
v -1.5 0.6 -1.1
v -1.5 0.7 0.2
v -1.5 0.7 0.0999999
v -1.5 0.7 -0.5
v -1.5 0.7 -0.6
v -1.5 0.7 -0.7
v -1.5 0.7 -1.6
v -1.5 0.7 -1.8
v -1.5 0.7 -1.9
v -1.5 0.8 0.0999999
v -1.5 0.8 -0.6
v -1.5 0.8 -0.7
v -1.5 0.8 -1
v -1.5 0.8 -1.7
v -1.5 0.8 -1.8
v -1.5 0.9 0.2
v -1.5 0.9 0.0999999
v -1.5 0.9 0
v -1.5 0.9 -0.1
v -1.5 0.9 -0.7
v -1.5 0.9 -1.1
v -1.5 0.9 -1.6
v -1.5 0.9 -1.7
v -1.5 1 0.0999999
v -1.5 1 -0.1
v -1.5 1 -1.1
v -1.5 1 -1.6
v -1.4 0 1.5
v -1.4 0 1.3
v -1.4 0.1 1.6
v -1.4 0.1 1.5
v -1.4 0.1 1.3
v -1.4 0.3 1.6
v -1.4 0.3 1.5
v -1.4 0.3 1.3
v -1.4 0.4 1.5
v -1.4 0.4 1.3
v -1.4 0.4 0.0999999
v -1.4 0.4 0
v -1.4 0.4 -1.9
v -1.4 0.4 -2
v -1.4 0.5 0.0999999
v -1.4 0.5 -0.4
v -1.4 0.5 -0.5
v -1.4 0.6 0.0999999
v -1.4 0.6 0
v -1.4 0.6 -0.4
v -1.4 0.6 -0.5
v -1.4 0.7 -0.5
v -1.4 0.7 -0.6
v -1.4 0.7 -1.9
v -1.4 0.8 -0.4
v -1.4 0.8 -0.5
v -1.4 0.8 -0.6
v -1.4 0.8 -0.7
v -1.4 0.9 -0.4
v -1.4 0.9 -0.7
v -1.4 0.9 -1
v -1.4 0.9 -1.1
v -1.4 0.9 -1.9
v -1.4 0.9 -2
v -1.4 1 -1
v -1.4 1 -1.1
v -1.3 0.2 0.9
v -1.3 0.2 0.8
v -1.3 0.2 0.0999999
v -1.3 0.2 0
v -1.3 0.3 0.9
v -1.3 0.3 0.8
v -1.3 0.3 0.7
v -1.3 0.3 0.0999999
v -1.3 0.3 -1.9
v -1.3 0.3 -2
v -1.3 0.4 0.8
v -1.3 0.4 0.7
v -1.3 0.4 0.0999999
v -1.3 0.4 0
v -1.3 0.4 -1.9
v -1.3 0.4 -2
v -1.3 0.7 -1.8
v -1.3 0.7 -1.9
v -1.3 0.8 -1.7
v -1.3 0.8 -1.8
v -1.3 0.9 -0.3
v -1.3 0.9 -0.6
v -1.3 0.9 -1.7
v -1.3 0.9 -1.9
v -1.3 0.9 -2
v -1.3 1 -0.3
v -1.3 1 -0.6
v -1.3 1 -1.1
v -1.3 1 -1.5
v -1.3 1 -1.9
v -1.3 1 -2
v -1.3 1.1 -1.1
v -1.3 1.1 -1.5
v -1.2 0 1.6
v -1.2 0 1.5
v -1.2 0.1 1.6
v -1.2 0.1 1.5
v -1.2 0.5 0.2
v -1.2 0.5 0.0999999
v -1.2 0.6 0.2
v -1.2 0.6 0.0999999
v -1.2 0.9 -0.2
v -1.2 0.9 -0.3
v -1.2 0.9 -0.6
v -1.2 0.9 -0.7
v -1.2 0.9 -1.7
v -1.2 0.9 -1.9
v -1.2 1 -0.2
v -1.2 1 -0.3
v -1.2 1 -0.4
v -1.2 1 -0.6
v -1.2 1 -0.7
v -1.2 1 -1.7
v -1.2 1 -1.9
v -1.2 1.1 -0.4
v -1.2 1.1 -0.6
v -1.1 0.3 1.3
v -1.1 0.3 1.1
v -1.1 0.3 1
v -1.1 0.3 0.9
v -1.1 0.4 1.3
v -1.1 0.4 1.1
v -1.1 0.4 1
v -1.1 0.4 0.9
v -1 0.2 0.5
v -1 0.2 0.4
v -1 0.3 0.6
v -1 0.3 0.5
v -1 0.3 0.4
v -1 0.3 -1.9
v -1 0.3 -2
v -1 0.4 0.6
v -1 0.4 0.5
v -1 0.4 -1.9
v -1 0.4 -2
v -0.9 0.2 1.3
v -0.9 0.2 0.9
v -0.9 0.2 0.4
v -0.9 0.2 0.3
v -0.9 0.3 1.3
v -0.9 0.3 0.9
v -0.9 0.3 0.4
v -0.9 0.3 0.3
v -0.8 0.3 0.5
v -0.8 0.3 0.4
v -0.8 0.3 0.2
v -0.8 0.4 0.5
v -0.8 0.4 0.4
v -0.8 0.4 0.2
v -0.8 0.7 -1.5
v -0.8 0.7 -1.6
v -0.8 0.8 -1.5
v -0.8 0.8 -1.6
v -0.7 0 1.7
v -0.7 0 1.6
v -0.7 0.1 1.7
v -0.7 0.1 1.6
v -0.7 0.1 1.5
v -0.7 0.2 1.6
v -0.7 0.2 1.5
v -0.7 0.4 0.3
v -0.7 0.4 0.2
v -0.7 0.5 0.3
v -0.7 0.5 0.2
v -0.7 0.6 -0.8
v -0.7 0.6 -0.9
v -0.7 0.7 -0.8
v -0.7 0.7 -0.9
v -0.6 0.4 0.4
v -0.6 0.4 0.3
v -0.6 0.5 0.4
v -0.6 0.5 0.3
v -0.6 0.5 0.0999999
v -0.6 0.6 0.3
v -0.6 0.6 0.2
v -0.6 0.6 0.0999999
v -0.6 0.7 -1.3
v -0.6 0.7 -1.4
v -0.6 0.8 0.2
v -0.6 0.8 0.0999999
v -0.6 0.8 -1.3
v -0.6 0.8 -1.4
v -0.5 0.1 1.7
v -0.5 0.1 1.6
v -0.5 0.2 1.7
v -0.5 0.2 1.6
v -0.5 0.2 1.5
v -0.5 0.2 1.4
v -0.5 0.3 1.6
v -0.5 0.3 1.4
v -0.5 0.5 0.4
v -0.5 0.5 0.3
v -0.5 0.5 0.0999999
v -0.5 0.5 0
v -0.5 0.6 0.4
v -0.5 0.6 0.3
v -0.5 0.6 0.2
v -0.5 0.6 0.0999999
v -0.5 0.6 0
v -0.5 0.8 0.3
v -0.5 0.8 0.2
v -0.5 0.8 0.0999999
v -0.5 0.8 0
v -0.5 0.9 0.3
v -0.5 0.9 0.2
v -0.5 0.9 0.0999999
v -0.5 0.9 0
v -0.5 1.2 0.2
v -0.5 1.2 0.0999999
v -0.4 0.1 1.3
v -0.4 0.1 1.2
v -0.4 0.2 1.3
v -0.4 0.2 1.2
v -0.4 0.3 0.5
v -0.4 0.3 0.4
v -0.4 0.4 0.5
v -0.4 0.4 0.4
v -0.4 0.5 0
v -0.4 0.5 -0.1
v -0.4 0.5 -1.5
v -0.4 0.5 -1.6
v -0.4 0.6 0.4
v -0.4 0.6 0.3
v -0.4 0.6 0
v -0.4 0.6 -0.1
v -0.4 0.6 -1.5
v -0.4 0.6 -1.6
v -0.4 0.7 0.4
v -0.4 0.7 0.3
v -0.4 0.9 0.3
v -0.4 0.9 0.2
v -0.4 0.9 0.0999999
v -0.4 0.9 0
v -0.4 1.2 0.3
v -0.4 1.2 0.2
v -0.4 1.2 0.0999999
v -0.4 1.2 0
v -0.4 1.4 0.2
v -0.4 1.4 0.0999999
v -0.3 0.5 -1.2
v -0.3 0.5 -1.3
v -0.3 0.6 -1.2
v -0.3 0.6 -1.3
v -0.3 1.2 0.3
v -0.3 1.2 0.2
v -0.3 1.2 0.0999999
v -0.3 1.2 0
v -0.3 1.4 0.3
v -0.3 1.4 0.2
v -0.3 1.4 0.0999999
v -0.3 1.4 0
v -0.3 1.5 0.2
v -0.3 1.5 0.0999999
v -0.2 0.4 -1.1
v -0.2 0.4 -1.2
v -0.2 0.5 -1.1
v -0.2 0.5 -1.2
v -0.1 0.3 -0.9
v -0.1 0.3 -1
v -0.1 0.4 -0.9
v -0.1 0.4 -1
v 0 0.2 1.1
v 0 0.2 1
v 0 0.2 0.8
v 0 0.2 0.3
v 0 0.3 1
v 0 0.3 0.8
v 0 0.3 0.3
v 0 0.4 1.1
v 0 0.4 1
v 0 0.4 -0.8
v 0 0.4 -1.1
v 0 0.5 -0.8
v 0 0.5 -1.1
v 0.1 0.2 1.2
v 0.1 0.2 1.1
v 0.1 0.2 0.0999999
v 0.1 0.2 -0.2
v 0.1 0.2 -0.3
v 0.1 0.2 -0.4
v 0.1 0.3 0.8
v 0.1 0.3 0.0999999
v 0.1 0.3 -0.2
v 0.1 0.3 -0.4
v 0.1 0.4 1.1
v 0.1 0.4 1
v 0.1 0.4 0.8
v 0.1 0.4 0.0999999
v 0.1 0.4 -1.3
v 0.1 0.4 -1.5
v 0.1 0.5 1.2
v 0.1 0.5 1
v 0.1 0.5 0.3
v 0.1 0.5 0.0999999
v 0.1 0.5 -0.9
v 0.1 0.5 -1.1
v 0.1 0.5 -1.3
v 0.1 0.5 -1.5
v 0.1 0.6 -0.9
v 0.1 0.6 -1.1
v 0.1 0.7 0.3
v 0.1 0.7 0.0999999
v 0.2 0.2 1.1
v 0.2 0.2 1
v 0.2 0.2 -0.4
v 0.2 0.2 -0.5
v 0.2 0.2 -0.7
v 0.2 0.2 -1.5
v 0.2 0.2 -1.6
v 0.2 0.3 1.1
v 0.2 0.3 1
v 0.2 0.3 0.9
v 0.2 0.3 0.8
v 0.2 0.3 0.0999999
v 0.2 0.3 -0.1
v 0.2 0.3 -0.2
v 0.2 0.3 -0.4
v 0.2 0.3 -0.5
v 0.2 0.3 -0.7
v 0.2 0.3 -1.6
v 0.2 0.4 1
v 0.2 0.4 0.9
v 0.2 0.4 0.8
v 0.2 0.4 0.6
v 0.2 0.4 0.0999999
v 0.2 0.4 -0.1
v 0.2 0.4 -0.4
v 0.2 0.5 1
v 0.2 0.5 0.9
v 0.2 0.5 0.6
v 0.2 0.5 0.4
v 0.2 0.5 0.3
v 0.2 0.5 0.0999999
v 0.2 0.5 0
v 0.2 0.5 -1.5
v 0.2 0.5 -1.6
v 0.2 0.6 -1.5
v 0.2 0.6 -1.6
v 0.2 0.7 0.4
v 0.2 0.7 0.3
v 0.2 0.7 0.0999999
v 0.2 0.7 0
v 0.2 0.8 0.3
v 0.2 0.8 0.0999999
v 0.3 0.1 1.6
v 0.3 0.1 1.5
v 0.3 0.1 1.3
v 0.3 0.1 1.2
v 0.3 0.2 1.6
v 0.3 0.2 1.5
v 0.3 0.2 1.4
v 0.3 0.2 1.3
v 0.3 0.2 1.2
v 0.3 0.2 -0.7
v 0.3 0.2 -0.8
v 0.3 0.2 -1.8
v 0.3 0.2 -1.9
v 0.3 0.3 1.5
v 0.3 0.3 1.4
v 0.3 0.3 1.3
v 0.3 0.3 -0.4
v 0.3 0.3 -0.5
v 0.3 0.3 -0.7
v 0.3 0.3 -0.8
v 0.3 0.3 -1.6
v 0.3 0.3 -1.7
v 0.3 0.3 -1.8
v 0.3 0.3 -1.9
v 0.3 0.4 1.4
v 0.3 0.4 1.3
v 0.3 0.4 0.9
v 0.3 0.4 0.8
v 0.3 0.4 0.0999999
v 0.3 0.4 0
v 0.3 0.4 -0.1
v 0.3 0.4 -0.2
v 0.3 0.4 -0.4
v 0.3 0.4 -0.5
v 0.3 0.4 -0.7
v 0.3 0.4 -1.6
v 0.3 0.4 -1.7
v 0.3 0.4 -1.8
v 0.3 0.5 1.2
v 0.3 0.5 0.9
v 0.3 0.5 0.8
v 0.3 0.5 0.6
v 0.3 0.5 0.5
v 0.3 0.5 0.4
v 0.3 0.5 0.0999999
v 0.3 0.5 0
v 0.3 0.5 -0.2
v 0.3 0.5 -1.2
v 0.3 0.5 -1.3
v 0.3 0.6 1.2
v 0.3 0.6 0.6
v 0.3 0.6 0.5
v 0.3 0.6 0.4
v 0.3 0.6 -1.2
v 0.3 0.6 -1.3
v 0.4 0.1 1.2
v 0.4 0.1 1.1
v 0.4 0.2 1.2
v 0.4 0.2 1.1
v 0.4 0.3 0.8
v 0.4 0.3 0.7
v 0.4 0.4 0.8
v 0.4 0.4 0.7
v 0.4 0.6 1.2
v 0.4 0.6 0.7
v 0.4 0.6 0.6
v 0.4 0.7 1.2
v 0.4 0.7 1.1
v 0.4 0.7 0.7
v 0.4 0.7 0.6
v 0.4 0.8 1.1
v 0.4 0.8 0.7
v 0.4 0.9 -0.4
v 0.4 0.9 -0.7
v 0.4 1 -0.4
v 0.4 1 -0.5
v 0.4 1 -0.6
v 0.4 1 -0.7
v 0.4 1.1 -0.5
v 0.4 1.1 -0.6
v 0.5 0 1.7
v 0.5 0 1.6
v 0.5 0.1 1.7
v 0.5 0.1 1.6
v 0.5 0.7 0.7
v 0.5 0.7 0.6
v 0.5 0.8 0.7
v 0.5 0.8 0.6
v 0.5 0.8 -0.4
v 0.5 0.8 -0.7
v 0.5 0.9 -0.4
v 0.5 0.9 -0.7
v 0.5 1 -0.4
v 0.5 1 -0.5
v 0.5 1.1 -0.4
v 0.5 1.1 -0.5
v 0.6 0.2 1.3
v 0.6 0.2 1.2
v 0.6 0.2 -1.1
v 0.6 0.2 -1.2
v 0.6 0.3 1.3
v 0.6 0.3 1.2
v 0.6 0.3 0.7
v 0.6 0.3 0.6
v 0.6 0.3 -1.1
v 0.6 0.3 -1.2
v 0.6 0.4 0.7
v 0.6 0.4 0.6
v 0.6 0.4 -0.4
v 0.6 0.4 -0.6
v 0.6 0.6 -0.5
v 0.6 0.6 -0.6
v 0.6 0.7 -0.4
v 0.6 0.7 -0.5
v 0.6 0.7 -0.6
v 0.6 0.7 -0.7
v 0.6 0.8 1.1
v 0.6 0.8 0.7
v 0.6 0.8 -0.4
v 0.6 0.8 -0.7
v 0.6 0.9 1.1
v 0.6 0.9 0.7
v 0.7 0.2 -1
v 0.7 0.2 -1.1
v 0.7 0.3 -0.6
v 0.7 0.3 -0.7
v 0.7 0.3 -1
v 0.7 0.3 -1.1
v 0.7 0.3 -1.3
v 0.7 0.3 -1.4
v 0.7 0.3 -1.6
v 0.7 0.4 -0.3
v 0.7 0.4 -0.4
v 0.7 0.4 -0.6
v 0.7 0.4 -0.7
v 0.7 0.4 -1.1
v 0.7 0.4 -1.3
v 0.7 0.4 -1.4
v 0.7 0.4 -1.6
v 0.7 0.5 -0.3
v 0.7 0.5 -0.4
v 0.7 0.6 -0.3
v 0.7 0.6 -0.4
v 0.7 0.6 -0.6
v 0.7 0.6 -0.7
v 0.7 0.7 -0.6
v 0.7 0.7 -0.7
v 0.7 0.8 0.7
v 0.7 0.8 0.6
v 0.7 0.9 1.1
v 0.7 0.9 0.7
v 0.7 0.9 0.6
v 0.7 1 1.1
v 0.7 1 0.7
v 0.8 0.2 -0.8
v 0.8 0.2 -1
v 0.8 0.3 -0.8
v 0.8 0.3 -1
v 0.8 0.3 -1.1
v 0.8 0.3 -1.3
v 0.8 0.3 -1.4
v 0.8 0.4 -0.2
v 0.8 0.4 -0.3
v 0.8 0.4 -1
v 0.8 0.4 -1.1
v 0.8 0.4 -1.3
v 0.8 0.4 -1.4
v 0.8 0.5 -0.2
v 0.8 0.5 -0.3
v 0.8 1 1
v 0.8 1 0.7
v 0.8 1 0.6
v 0.8 1.1 1
v 0.8 1.1 0.6
v 0.9 0.2 -0.7
v 0.9 0.2 -0.8
v 0.9 0.3 -0.7
v 0.9 0.3 -0.8
v 0.9 0.9 0.7
v 0.9 0.9 0.6
v 0.9 0.9 0.5
v 0.9 1 0.7
v 0.9 1 0.6
v 0.9 1.1 1
v 0.9 1.1 0.6
v 0.9 1.1 0.5
v 0.9 1.2 1
v 0.9 1.2 0.6
v 1 0 1.8
v 1 0 1.7
v 1 0.1 1.8
v 1 0.1 1.7
v 1 0.1 1.6
v 1 0.2 1.7
v 1 0.2 1.6
v 1 1.1 0.6
v 1 1.1 0.5
v 1 1.2 1
v 1 1.2 0.7
v 1 1.2 0.6
v 1 1.2 0.5
v 1 1.3 1
v 1 1.3 0.7
v 1.1 0.3 -1.2
v 1.1 0.3 -1.3
v 1.1 0.4 -1.2
v 1.1 0.4 -1.3
v 1.1 1.2 0.7
v 1.1 1.2 0.6
v 1.1 1.3 0.7
v 1.1 1.3 0.6
v 1.2 0.2 0.7
v 1.2 0.2 0.4
v 1.2 0.3 0.7
v 1.2 0.3 0.4
v 1.2 1.3 0.9
v 1.2 1.3 0.7
v 1.2 1.4 0.9
v 1.2 1.4 0.7
v 1.3 0.1 1.5
v 1.3 0.1 1.4
v 1.3 0.2 1.5
v 1.3 0.2 1.4
v 1.3 0.2 0
v 1.3 0.2 -0.2
v 1.3 0.2 -0.3
v 1.3 0.3 0
v 1.3 0.3 -0.3
v 1.4 0.1 1.4
v 1.4 0.1 1.3
v 1.4 0.1 1.1
v 1.4 0.1 1
v 1.4 0.2 1.4
v 1.4 0.2 1.3
v 1.4 0.2 1.1
v 1.4 0.2 1
v 1.4 0.2 0.0999999
v 1.4 0.2 0
v 1.4 0.3 0.0999999
v 1.4 0.3 0
v 1.5 0.1 1
v 1.5 0.1 0.9
v 1.5 0.1 -0.7
v 1.5 0.1 -1
v 1.5 0.1 -1.1
v 1.5 0.2 1
v 1.5 0.2 0.9
v 1.5 0.2 -0.7
v 1.5 0.2 -1.1
v 1.6 0.1 0.8
v 1.6 0.1 0.7
v 1.6 0.1 0.3
v 1.6 0.1 -0.4
v 1.6 0.1 -0.7
v 1.6 0.2 0.8
v 1.6 0.2 0.3
v 1.6 0.2 -0.4
v 1.6 0.2 -0.7
v 1.7 0.1 0.3
v 1.7 0.1 0.0999999
v 1.7 0.2 0.3
v 1.7 0.2 0.0999999
v 1.8 0.1 0
v 1.8 0.1 -0.2
v 1.8 0.2 0
v 1.8 0.2 -0.2
v -1.4 0.2 0.9
v -1.4 0.2 0.8
v -1.4 0.2 0.0999999
v -1.4 0.2 0
v -1.4 0.3 0.9
v -1.4 0.3 0.8
v -1.4 0.3 0.0999999
v -1.4 0.3 0
v -1.4 0.4 0.0999999
v -1.4 0.4 0
v -1.3 0.2 1
v -1.3 0.2 0.9
v -1.3 0.3 1
v -1.3 0.3 0.9
v -1.3 0.4 1
v -1.3 0.4 0.9
v -1.3 0.4 0.7
v -1.3 0.4 0.6
v -1.3 0.5 0.7
v -1.3 0.5 0.6
v -1.3 0.5 0.2
v -1.3 0.6 0.6
v -1.3 0.6 0.2
v -1.3 0.7 0.2
v -1.3 0.7 0.0999999
v -1.3 0.8 0.0999999
v -1.3 0.9 0.2
v -1.3 0.9 0.0999999
v -1.3 0.9 0
v -1.3 0.9 -0.3
v -1.3 1 0.0999999
v -1.3 1 -0.3
v -1.2 0.2 0.4
v -1.2 0.2 0.3
v -1.2 0.3 1.3
v -1.2 0.3 1.1
v -1.2 0.4 1.3
v -1.2 0.4 1.1
v -1.2 0.4 0.6
v -1.2 0.4 0.4
v -1.2 0.4 0.3
v -1.2 0.5 0.6
v -1.2 0.5 0.3
v -1.2 0.6 0.0999999
v -1.2 0.6 0
v -1.2 0.7 0
v -1.2 0.7 -0.1
v -1.2 0.8 0.0999999
v -1.2 0.8 0
v -1.2 0.9 0.0999999
v -1.2 0.9 0
v -1.2 0.9 -0.1
v -1.1 0.2 1.6
v -1.1 0.2 1.5
v -1.1 0.2 1.3
v -1.1 0.2 1.1
v -1.1 0.2 0.5
v -1.1 0.2 0.4
v -1.1 0.3 1.6
v -1.1 0.3 1.5
v -1.1 0.3 1.3
v -1.1 0.3 1.1
v -1.1 0.3 0.6
v -1.1 0.3 0.5
v -1.1 0.3 -1.9
v -1.1 0.3 -2
v -1.1 0.4 1.5
v -1.1 0.4 1.3
v -1.1 0.4 1.2
v -1.1 0.4 0.6
v -1.1 0.4 0.4
v -1.1 0.4 -1.9
v -1.1 0.4 -2
v -1.1 0.5 1.3
v -1.1 0.5 1.2
v -1.1 0.5 1.1
v -1.1 0.6 1.2
v -1.1 0.6 1.1
v -1.1 0.7 -1.5
v -1.1 0.7 -1.6
v -1.1 0.8 -0.8
v -1.1 0.8 -0.9
v -1.1 0.9 -0.8
v -1.1 0.9 -0.9
v -1.1 0.9 -1.6
v -1.1 0.9 -1.9
v -1.1 0.9 -2
v -1.1 1 -1.1
v -1.1 1 -1.2
v -1.1 1 -1.5
v -1.1 1 -1.6
v -1.1 1 -1.9
v -1.1 1 -2
v -1.1 1.1 -1.1
v -1.1 1.1 -1.5
v -1 0.2 1.1
v -1 0.2 1
v -1 0.3 1.1
v -1 0.3 1
v -1 0.6 0
v -1 0.6 -0.1
v -1 0.7 0
v -1 0.7 -0.1
v -1 0.7 -0.2
v -1 0.7 -0.8
v -1 0.7 -0.9
v -1 0.7 -1.6
v -1 0.7 -1.7
v -1 0.8 -0.6
v -1 0.8 -0.8
v -1 0.8 -0.9
v -1 0.8 -1
v -1 0.8 -1.4
v -1 0.8 -1.5
v -1 0.8 -1.9
v -1 0.8 -2
v -1 0.9 -0.1
v -1 0.9 -0.2
v -1 0.9 -0.3
v -1 0.9 -0.4
v -1 0.9 -0.7
v -1 0.9 -0.8
v -1 0.9 -0.9
v -1 0.9 -1
v -1 0.9 -1.2
v -1 0.9 -1.4
v -1 0.9 -1.6
v -1 0.9 -1.7
v -1 0.9 -1.9
v -1 0.9 -2
v -1 1 -0.2
v -1 1 -0.3
v -1 1 -0.4
v -1 1 -0.5
v -1 1 -0.6
v -1 1 -0.7
v -1 1 -1
v -1 1 -1.2
v -1 1 -1.5
v -1 1 -1.7
v -1 1 -1.9
v -1 1.1 -0.4
v -1 1.1 -0.6
v -0.9 0.3 1.3
v -0.9 0.3 1.2
v -0.9 0.3 1
v -0.9 0.3 0.9
v -0.9 0.3 0.3
v -0.9 0.3 0.2
v -0.9 0.4 1.3
v -0.9 0.4 1.2
v -0.9 0.4 1
v -0.9 0.4 0.9
v -0.9 0.5 1.2
v -0.9 0.5 1
v -0.9 0.5 0.3
v -0.9 0.5 0.2
v -0.9 0.5 0.0999999
v -0.9 0.6 0.2
v -0.9 0.6 0.0999999
v -0.9 0.6 -0.8
v -0.9 0.6 -0.9
v -0.9 0.7 -0.7
v -0.9 0.7 -0.8
v -0.9 0.7 -0.9
v -0.9 0.7 -1
v -0.9 0.7 -1.7
v -0.9 0.7 -1.9
v -0.9 0.8 -0.2
v -0.9 0.8 -0.3
v -0.9 0.8 -0.7
v -0.9 0.8 -0.8
v -0.9 0.8 -0.9
v -0.9 0.8 -1
v -0.9 0.8 -1.1
v -0.9 0.8 -1.2
v -0.9 0.8 -1.4
v -0.9 0.8 -1.9
v -0.9 0.9 -0.2
v -0.9 0.9 -0.3
v -0.9 0.9 -0.4
v -0.9 0.9 -0.5
v -0.9 0.9 -0.6
v -0.9 0.9 -1
v -0.9 0.9 -1.2
v -0.9 0.9 -1.4
v -0.9 0.9 -1.7
v -0.9 0.9 -1.9
v -0.9 1 -0.4
v -0.9 1 -0.5
v -0.9 1 -0.6
v -0.8 0.1 1.6
v -0.8 0.1 1.5
v -0.8 0.2 1.6
v -0.8 0.2 1.5
v -0.8 0.2 1.4
v -0.8 0.2 1.3
v -0.8 0.2 0.9
v -0.8 0.2 0.8
v -0.8 0.3 1.5
v -0.8 0.3 1.3
v -0.8 0.3 0.9
v -0.8 0.3 0.8
v -0.8 0.3 0.7
v -0.8 0.3 -1.9
v -0.8 0.3 -2
v -0.8 0.4 0.8
v -0.8 0.4 0.7
v -0.8 0.4 -1.9
v -0.8 0.4 -2
v -0.8 0.5 -1.8
v -0.8 0.5 -1.9
v -0.8 0.6 -0.1
v -0.8 0.6 -0.2
v -0.8 0.6 -0.7
v -0.8 0.6 -0.8
v -0.8 0.6 -1.7
v -0.8 0.6 -1.8
v -0.8 0.7 -0.1
v -0.8 0.7 -0.2
v -0.8 0.7 -0.3
v -0.8 0.7 -0.6
v -0.8 0.7 -0.7
v -0.8 0.7 -0.8
v -0.8 0.7 -1.7
v -0.8 0.7 -1.9
v -0.8 0.7 -2
v -0.8 0.8 -0.2
v -0.8 0.8 -0.3
v -0.8 0.8 -0.6
v -0.8 0.8 -0.7
v -0.8 0.8 -1.9
v -0.8 0.8 -2
v -0.8 0.9 -0.3
v -0.8 0.9 -0.6
v -0.7 0.1 1.3
v -0.7 0.1 1.2
v -0.7 0.2 1.3
v -0.7 0.2 1.2
v -0.7 0.2 1
v -0.7 0.2 0.9
v -0.7 0.3 1.3
v -0.7 0.3 1.2
v -0.7 0.3 1
v -0.7 0.3 0.9
v -0.7 0.4 1.2
v -0.7 0.4 1
v -0.7 0.4 -1.8
v -0.7 0.4 -1.9
v -0.7 0.4 -2
v -0.7 0.5 0.0999999
v -0.7 0.5 0
v -0.7 0.5 -1.6
v -0.7 0.5 -1.8
v -0.7 0.5 -1.9
v -0.7 0.6 0.0999999
v -0.7 0.6 0
v -0.7 0.6 -0.2
v -0.7 0.6 -0.3
v -0.7 0.6 -0.6
v -0.7 0.6 -0.7
v -0.7 0.6 -1.6
v -0.7 0.6 -1.7
v -0.7 0.6 -1.8
v -0.7 0.7 -0.2
v -0.7 0.7 -0.3
v -0.7 0.7 -0.6
v -0.7 0.7 -0.7
v -0.7 0.7 -1.3
v -0.7 0.7 -1.4
v -0.7 0.7 -1.9
v -0.7 0.7 -2
v -0.7 0.8 -0.3
v -0.7 0.8 -0.6
v -0.7 0.8 -1.3
v -0.7 0.8 -1.4
v -0.6 0.2 0.8
v -0.6 0.2 0.7
v -0.6 0.3 0.8
v -0.6 0.3 0.7
v -0.6 0.3 0.6
v -0.6 0.3 -1.8
v -0.6 0.3 -1.9
v -0.6 0.4 0.7
v -0.6 0.4 0.6
v -0.6 0.4 -1.6
v -0.6 0.4 -1.8
v -0.6 0.4 -1.9
v -0.6 0.5 0
v -0.6 0.5 -0.2
v -0.6 0.5 -1.6
v -0.6 0.5 -1.8
v -0.6 0.6 0
v -0.6 0.6 -0.2
v -0.6 0.6 -0.3
v -0.6 0.6 -0.6
v -0.6 0.7 -0.3
v -0.6 0.7 -0.6
v -0.6 0.7 -1
v -0.6 0.7 -1.3
v -0.6 0.8 -1
v -0.6 0.8 -1.3
v -0.5 0.2 1.2
v -0.5 0.2 1
v -0.5 0.2 0.7
v -0.5 0.2 0.6
v -0.5 0.2 -1.9
v -0.5 0.2 -2
v -0.5 0.3 1.2
v -0.5 0.3 1
v -0.5 0.3 0.7
v -0.5 0.3 0.6
v -0.5 0.3 0.5
v -0.5 0.3 0.4
v -0.5 0.3 -1.9
v -0.5 0.3 -2
v -0.5 0.4 0.6
v -0.5 0.4 0.5
v -0.5 0.4 0.4
v -0.5 0.4 -1.5
v -0.5 0.4 -1.6
v -0.5 0.5 -0.2
v -0.5 0.5 -0.3
v -0.5 0.6 -0.2
v -0.5 0.6 -0.3
v -0.5 0.6 -0.8
v -0.5 0.6 -0.9
v -0.5 0.6 -1
v -0.5 0.6 -1.2
v -0.5 0.6 -1.5
v -0.5 0.6 -1.6
v -0.5 0.7 -0.8
v -0.5 0.7 -0.9
v -0.5 0.7 -1
v -0.5 0.7 -1.2
v -0.4 0.2 0.6
v -0.4 0.2 0.5
v -0.4 0.3 0.6
v -0.4 0.3 0.5
v -0.4 0.4 -1.1
v -0.4 0.4 -1.2
v -0.4 0.5 -0.3
v -0.4 0.5 -0.6
v -0.4 0.5 -0.7
v -0.4 0.5 -1
v -0.4 0.5 -1.1
v -0.4 0.5 -1.2
v -0.4 0.5 -1.3
v -0.4 0.6 -0.3
v -0.4 0.6 -0.6
v -0.4 0.6 -0.7
v -0.4 0.6 -1
v -0.4 0.6 -1.2
v -0.4 0.6 -1.3
v -0.4 0.7 -1.3
v -0.4 0.7 -1.4
v -0.4 0.7 -1.5
v -0.4 0.7 -1.6
v -0.4 0.8 -1.3
v -0.4 0.8 -1.4
v -0.4 0.8 -1.5
v -0.4 0.8 -1.6
v -0.3 0.3 -1.7
v -0.3 0.3 -1.8
v -0.3 0.4 -0.1
v -0.3 0.4 -0.3
v -0.3 0.4 -1
v -0.3 0.4 -1.1
v -0.3 0.4 -1.7
v -0.3 0.4 -1.8
v -0.3 0.5 -0.1
v -0.3 0.5 -0.3
v -0.3 0.5 -0.7
v -0.3 0.5 -1
v -0.3 0.5 -1.1
v -0.3 0.6 0.0999999
v -0.3 0.6 0
v -0.3 0.6 -0.7
v -0.3 0.6 -1
v -0.3 0.6 -1.2
v -0.3 0.6 -1.3
v -0.3 0.7 -1.2
v -0.3 0.7 -1.3
v -0.3 0.8 0.0999999
v -0.3 0.8 0
v -0.3 0.9 0.0999999
v -0.3 0.9 0
v -0.2 0 -1.9
v -0.2 0 -2
v -0.2 0.2 0.5
v -0.2 0.2 0.4
v -0.2 0.2 -1.8
v -0.2 0.2 -1.9
v -0.2 0.2 -2
v -0.2 0.3 0.2
v -0.2 0.3 0.0999999
v -0.2 0.3 -0.1
v -0.2 0.3 -0.9
v -0.2 0.3 -1
v -0.2 0.3 -1.8
v -0.2 0.3 -1.9
v -0.2 0.4 0.5
v -0.2 0.4 0.4
v -0.2 0.4 0.2
v -0.2 0.4 0.0999999
v -0.2 0.4 -0.1
v -0.2 0.4 -0.3
v -0.2 0.4 -0.9
v -0.2 0.4 -1
v -0.2 0.5 0.4
v -0.2 0.5 -0.1
v -0.2 0.5 -0.3
v -0.2 0.5 -1
v -0.2 0.6 0.4
v -0.2 0.6 0.0999999
v -0.2 0.6 -0.1
v -0.2 0.6 -1.6
v -0.2 0.6 -1.7
v -0.2 0.7 0.4
v -0.2 0.7 0.3
v -0.2 0.7 -1.6
v -0.2 0.7 -1.7
v -0.2 0.8 0.3
v -0.2 0.8 0.0999999
v -0.2 0.9 0.0999999
v -0.2 0.9 0
v -0.2 1.4 0.3
v -0.2 1.4 0.2
v -0.2 1.4 0.0999999
v -0.2 1.4 0
v -0.2 1.5 0.2
v -0.2 1.5 0.0999999
v -0.1 0.2 0.4
v -0.1 0.2 0.3
v -0.1 0.2 0.0999999
v -0.1 0.2 -0.1
v -0.1 0.2 -0.3
v -0.1 0.2 -0.4
v -0.1 0.2 -0.5
v -0.1 0.2 -0.6
v -0.1 0.3 0.0999999
v -0.1 0.3 -0.1
v -0.1 0.3 -0.3
v -0.1 0.3 -0.4
v -0.1 0.3 -0.5
v -0.1 0.3 -1.6
v -0.1 0.3 -1.7
v -0.1 0.4 0.3
v -0.1 0.4 0.2
v -0.1 0.4 -0.1
v -0.1 0.4 -0.6
v -0.1 0.4 -1.6
v -0.1 0.4 -1.7
v -0.1 0.5 0.4
v -0.1 0.5 -0.1
v -0.1 0.5 -1.2
v -0.1 0.5 -1.3
v -0.1 0.5 -1.5
v -0.1 0.5 -1.6
v -0.1 0.6 -1.2
v -0.1 0.6 -1.3
v -0.1 0.6 -1.5
v -0.1 0.6 -1.6
v 0 0.1 1.7
v 0 0.1 1.6
v 0 0.1 1.3
v 0 0.1 1.2
v 0 0.2 1.7
v 0 0.2 1.6
v 0 0.2 1.5
v 0 0.2 1.4
v 0 0.2 1.3
v 0 0.2 1.2
v 0 0.2 -0.1
v 0 0.2 -0.3
v 0 0.3 1.6
v 0 0.3 1.4
v 0 0.3 0.3
v 0 0.3 0.2
v 0 0.3 -0.1
v 0 0.3 -0.3
v 0 0.3 -0.6
v 0 0.3 -0.7
v 0 0.3 -1.5
v 0 0.3 -1.6
v 0 0.4 0.3
v 0 0.4 0.2
v 0 0.4 -0.6
v 0 0.4 -0.7
v 0 0.4 -1.3
v 0 0.4 -1.5
v 0 0.4 -1.6
v 0 0.5 -1.3
v 0 0.5 -1.5
v 0.1 0.2 1.1
v 0.1 0.2 1
v 0.1 0.2 -0.6
v 0.1 0.2 -0.7
v 0.1 0.2 -1.5
v 0.1 0.2 -1.6
v 0.1 0.3 1.1
v 0.1 0.3 1
v 0.1 0.3 -0.6
v 0.1 0.3 -0.7
v 0.1 0.3 -1.5
v 0.1 0.3 -1.6
v 0.2 0 1.7
v 0.2 0 1.6
v 0.2 0.1 1.7
v 0.2 0.1 1.6
v 0.2 0.1 1.5
v 0.2 0.2 1.6
v 0.2 0.2 1.5
v 0.2 0.2 -0.7
v 0.2 0.2 -0.8
v 0.2 0.3 -0.7
v 0.2 0.4 -0.7
v 0.2 0.4 -0.8
v 0.2 0.7 -1.4
v 0.2 0.7 -1.5
v 0.2 0.8 -1.4
v 0.2 0.8 -1.5
v 0.3 0.1 1.2
v 0.3 0.1 1.1
v 0.3 0.2 1.2
v 0.3 0.2 1.1
v 0.3 0.2 -0.8
v 0.3 0.2 -1
v 0.3 0.3 0.8
v 0.3 0.3 0.7
v 0.3 0.3 -0.8
v 0.3 0.3 -0.9
v 0.3 0.3 -1
v 0.3 0.4 0.8
v 0.3 0.4 0.7
v 0.3 0.5 -0.8
v 0.3 0.5 -0.9
v 0.3 0.5 -1.1
v 0.3 0.6 -0.9
v 0.3 0.6 -1.1
v 0.4 0.2 -1
v 0.4 0.2 -1.2
v 0.4 0.3 1.4
v 0.4 0.3 1.3
v 0.4 0.3 0.7
v 0.4 0.3 0.6
v 0.4 0.3 -0.9
v 0.4 0.3 -1
v 0.4 0.3 -1.1
v 0.4 0.3 -1.2
v 0.4 0.4 1.4
v 0.4 0.4 1.3
v 0.4 0.4 0.7
v 0.4 0.4 0.6
v 0.4 0.4 -1.5
v 0.4 0.4 -1.6
v 0.4 0.5 -0.9
v 0.4 0.5 -1.1
v 0.4 0.5 -1.4
v 0.4 0.5 -1.5
v 0.4 0.5 -1.6
v 0.4 0.6 0.4
v 0.4 0.6 0.3
v 0.4 0.6 0.0999999
v 0.4 0.6 0
v 0.4 0.6 -1.4
v 0.4 0.6 -1.5
v 0.4 0.6 -1.6
v 0.4 0.7 0.4
v 0.4 0.7 0.3
v 0.4 0.7 0.2
v 0.4 0.7 0.0999999
v 0.4 0.7 0
v 0.4 0.8 0.3
v 0.4 0.8 0.2
v 0.4 0.8 0.0999999
v 0.5 0 -1.8
v 0.5 0 -1.9
v 0.5 0.1 -1.8
v 0.5 0.1 -1.9
v 0.5 0.3 -1.1
v 0.5 0.3 -1.2
v 0.5 0.3 -1.5
v 0.5 0.3 -1.6
v 0.5 0.3 -1.7
v 0.5 0.3 -1.8
v 0.5 0.3 -1.9
v 0.5 0.4 1.2
v 0.5 0.4 1.1
v 0.5 0.4 -1.4
v 0.5 0.4 -1.5
v 0.5 0.4 -1.7
v 0.5 0.4 -1.8
v 0.5 0.5 1.2
v 0.5 0.5 1.1
v 0.5 0.5 -1.1
v 0.5 0.5 -1.2
v 0.5 0.5 -1.4
v 0.5 0.5 -1.5
v 0.5 0.6 0.3
v 0.5 0.6 0.0999999
v 0.5 0.6 -1.2
v 0.5 0.6 -1.3
v 0.5 0.6 -1.4
v 0.5 0.6 -1.5
v 0.5 0.6 -1.6
v 0.5 0.7 0.3
v 0.5 0.7 0.0999999
v 0.5 0.7 -1.3
v 0.5 0.7 -1.4
v 0.5 0.7 -1.5
v 0.5 0.7 -1.6
v 0.6 0.2 -0.7
v 0.6 0.2 -0.8
v 0.6 0.2 -1.7
v 0.6 0.2 -1.8
v 0.6 0.3 -0.6
v 0.6 0.3 -0.7
v 0.6 0.3 -0.8
v 0.6 0.3 -1.2
v 0.6 0.3 -1.5
v 0.6 0.3 -1.7
v 0.6 0.3 -1.8
v 0.6 0.4 -0.6
v 0.6 0.4 -0.7
v 0.6 0.4 -1.4
v 0.6 0.4 -1.5
v 0.6 0.5 -1.2
v 0.6 0.5 -1.4
v 0.6 0.6 -1.4
v 0.6 0.6 -1.5
v 0.6 0.7 -1.4
v 0.6 0.7 -1.5
v 0.6 0.9 -0.4
v 0.6 0.9 -0.5
v 0.6 0.9 -0.6
v 0.6 0.9 -0.7
v 0.6 1 -0.5
v 0.6 1 -0.6
v 0.6 1 -0.7
v 0.6 1.1 -0.4
v 0.6 1.1 -0.6
v 0.7 0.2 1.5
v 0.7 0.2 1.4
v 0.7 0.3 1.5
v 0.7 0.3 1.4
v 0.7 0.4 0.9
v 0.7 0.4 0.8
v 0.7 0.4 0
v 0.7 0.4 -0.1
v 0.7 0.4 -0.2
v 0.7 0.5 1.2
v 0.7 0.5 1.1
v 0.7 0.5 0.9
v 0.7 0.5 0.8
v 0.7 0.5 0.7
v 0.7 0.5 0.6
v 0.7 0.5 0.2
v 0.7 0.5 0
v 0.7 0.5 -0.1
v 0.7 0.5 -0.2
v 0.7 0.6 1.2
v 0.7 0.6 1.1
v 0.7 0.6 0.7
v 0.7 0.6 0.6
v 0.7 0.6 0.2
v 0.7 0.6 0
v 0.7 0.7 1.2
v 0.7 0.7 1.1
v 0.7 0.8 -0.4
v 0.7 0.8 -0.5
v 0.7 0.8 -0.6
v 0.7 0.8 -0.7
v 0.7 0.9 -0.4
v 0.7 0.9 -0.5
v 0.7 0.9 -0.6
v 0.7 0.9 -0.7
v 0.7 1 -0.5
v 0.7 1 -0.6
v 0.8 0.1 -1.7
v 0.8 0.1 -1.8
v 0.8 0.2 1.4
v 0.8 0.2 1.2
v 0.8 0.2 -1.7
v 0.8 0.2 -1.8
v 0.8 0.3 1.4
v 0.8 0.3 1.2
v 0.8 0.3 1.1
v 0.8 0.4 1.2
v 0.8 0.4 1.1
v 0.8 0.4 1
v 0.8 0.4 0.9
v 0.8 0.4 0.0999999
v 0.8 0.4 0
v 0.8 0.5 1.1
v 0.8 0.5 0.9
v 0.8 0.5 0.5
v 0.8 0.5 0.3
v 0.8 0.5 0.2
v 0.8 0.5 0.0999999
v 0.8 0.5 0
v 0.8 0.6 1.1
v 0.8 0.6 1
v 0.8 0.6 0.5
v 0.8 0.6 0.3
v 0.8 0.6 0.2
v 0.8 0.7 1.1
v 0.8 0.7 1
v 0.8 0.7 -0.4
v 0.8 0.7 -0.5
v 0.8 0.7 -0.6
v 0.8 0.7 -0.7
v 0.8 0.8 -0.4
v 0.8 0.8 -0.5
v 0.8 0.8 -0.6
v 0.8 0.8 -0.7
v 0.8 0.9 -0.5
v 0.8 0.9 -0.6
v 0.9 0.2 1.2
v 0.9 0.2 1.1
v 0.9 0.2 -1.6
v 0.9 0.2 -1.7
v 0.9 0.3 1.2
v 0.9 0.3 1.1
v 0.9 0.3 1
v 0.9 0.3 0.7
v 0.9 0.3 0.6
v 0.9 0.3 -1.2
v 0.9 0.3 -1.3
v 0.9 0.3 -1.5
v 0.9 0.3 -1.6
v 0.9 0.3 -1.7
v 0.9 0.4 1.1
v 0.9 0.4 1
v 0.9 0.4 0.7
v 0.9 0.4 0.6
v 0.9 0.4 0.2
v 0.9 0.4 0.0999999
v 0.9 0.4 -1.2
v 0.9 0.4 -1.3
v 0.9 0.4 -1.5
v 0.9 0.4 -1.6
v 0.9 0.5 1.1
v 0.9 0.5 0.7
v 0.9 0.5 0.6
v 0.9 0.5 0.2
v 0.9 0.5 0.0999999
v 0.9 0.6 1.1
v 0.9 0.6 1
v 0.9 0.6 0.9
v 0.9 0.6 0.8
v 0.9 0.6 0.7
v 0.9 0.6 0.6
v 0.9 0.6 -0.4
v 0.9 0.6 -0.5
v 0.9 0.6 -0.7
v 0.9 0.7 1.1
v 0.9 0.7 1
v 0.9 0.7 0.9
v 0.9 0.7 0.8
v 0.9 0.7 0.6
v 0.9 0.7 -0.4
v 0.9 0.7 -0.5
v 0.9 0.7 -0.6
v 0.9 0.7 -0.7
v 0.9 0.8 1.1
v 0.9 0.8 1
v 0.9 0.8 -0.5
v 0.9 0.8 -0.6
v 1 0.2 1.1
v 1 0.2 1
v 1 0.2 0.7
v 1 0.2 0.6
v 1 0.2 -0.9
v 1 0.2 -1
v 1 0.3 1.1
v 1 0.3 1
v 1 0.3 0.7
v 1 0.3 0.6
v 1 0.3 0.3
v 1 0.3 -0.2
v 1 0.3 -0.3
v 1 0.3 -0.6
v 1 0.3 -0.7
v 1 0.3 -0.9
v 1 0.3 -1
v 1 0.3 -1.2
v 1 0.4 1
v 1 0.4 0.7
v 1 0.4 0.6
v 1 0.4 0.3
v 1 0.4 -0.2
v 1 0.4 -0.3
v 1 0.4 -0.5
v 1 0.4 -0.6
v 1 0.4 -0.7
v 1 0.4 -1
v 1 0.4 -1.2
v 1 0.5 -0.2
v 1 0.5 -0.3
v 1 0.5 -0.5
v 1 0.5 -0.6
v 1 0.6 0.9
v 1 0.6 0.8
v 1 0.6 -0.3
v 1 0.6 -0.5
v 1 0.6 -0.7
v 1 0.7 1
v 1 0.7 0.9
v 1 0.7 0.8
v 1 0.7 0.6
v 1 0.8 1.1
v 1 0.8 1
v 1 0.8 0.6
v 1 0.9 0.6
v 1 0.9 0.5
v 1 1 1.1
v 1 1 1
v 1 1 0.6
v 1 1 0.5
v 1.1 0.1 1.4
v 1.1 0.1 1.3
v 1.1 0.2 1.4
v 1.1 0.2 1.3
v 1.1 0.2 1
v 1.1 0.2 0.9
v 1.1 0.2 0.6
v 1.1 0.2 0.3
v 1.1 0.2 -0.7
v 1.1 0.2 -0.9
v 1.1 0.2 -1
v 1.1 0.2 -1.1
v 1.1 0.3 1
v 1.1 0.3 0.9
v 1.1 0.3 0.6
v 1.1 0.3 0.3
v 1.1 0.3 -0.2
v 1.1 0.3 -0.7
v 1.1 0.3 -0.9
v 1.1 0.3 -1
v 1.1 0.3 -1.1
v 1.1 0.4 0.3
v 1.1 0.4 -0.2
v 1.1 0.4 -0.3
v 1.1 0.4 -0.5
v 1.1 0.5 -0.3
v 1.1 0.5 -0.5
v 1.1 0.8 1
v 1.1 0.8 0.9
v 1.1 0.8 0.8
v 1.1 0.8 0.6
v 1.1 0.9 1
v 1.1 0.9 0.9
v 1.1 0.9 0.8
v 1.1 0.9 0.6
v 1.1 1 1
v 1.1 1 0.9
v 1.1 1.1 1
v 1.1 1.1 0.9
v 1.2 0.1 1.5
v 1.2 0.1 1.4
v 1.2 0.2 1.5
v 1.2 0.2 1.4
v 1.2 0.2 0.3
v 1.2 0.2 0
v 1.2 0.2 -0.2
v 1.2 0.2 -0.3
v 1.2 0.2 -0.6
v 1.2 0.2 -0.7
v 1.2 0.2 -1.5
v 1.2 0.2 -1.6
v 1.2 0.3 0.3
v 1.2 0.3 -0.3
v 1.2 0.3 -0.6
v 1.2 0.3 -0.7
v 1.2 0.3 -1.4
v 1.2 0.3 -1.5
v 1.2 0.3 -1.6
v 1.2 0.4 -0.3
v 1.2 0.4 -0.6
v 1.2 0.4 -1.4
v 1.2 0.4 -1.5
v 1.2 0.8 0.9
v 1.2 0.8 0.8
v 1.2 0.9 1
v 1.2 0.9 0.9
v 1.2 0.9 0.8
v 1.2 0.9 0.7
v 1.2 0.9 0.6
v 1.2 1 1
v 1.2 1 0.9
v 1.2 1 0.8
v 1.2 1 0.7
v 1.2 1 0.6
v 1.2 1 0.5
v 1.2 1.1 1
v 1.2 1.1 0.9
v 1.2 1.1 0.6
v 1.2 1.1 0.5
v 1.2 1.3 1
v 1.2 1.3 0.9
v 1.3 0 -1.7
v 1.3 0 -1.8
v 1.3 0.1 1.1
v 1.3 0.1 1
v 1.3 0.1 -1.6
v 1.3 0.1 -1.7
v 1.3 0.1 -1.8
v 1.3 0.2 1.1
v 1.3 0.2 1
v 1.3 0.2 -0.3
v 1.3 0.2 -0.6
v 1.3 0.2 -1.1
v 1.3 0.2 -1.2
v 1.3 0.2 -1.4
v 1.3 0.2 -1.5
v 1.3 0.2 -1.6
v 1.3 0.2 -1.7
v 1.3 0.3 -0.3
v 1.3 0.3 -0.6
v 1.3 0.3 -1.1
v 1.3 0.3 -1.2
v 1.3 0.3 -1.4
v 1.3 0.3 -1.5
v 1.3 0.4 -1.2
v 1.3 0.4 -1.4
v 1.3 0.9 0.8
v 1.3 0.9 0.7
v 1.3 1 0.9
v 1.3 1 0.8
v 1.3 1 0.7
v 1.3 1 0.6
v 1.3 1.1 0.7
v 1.3 1.1 0.6
v 1.3 1.1 0.5
v 1.3 1.2 0.9
v 1.3 1.2 0.8
v 1.3 1.2 0.6
v 1.3 1.2 0.5
v 1.3 1.3 0.9
v 1.3 1.3 0.8
v 1.3 1.4 0.9
v 1.3 1.4 0.8
v 1.4 0.1 1
v 1.4 0.1 0.9
v 1.4 0.1 -0.6
v 1.4 0.1 -0.7
v 1.4 0.1 -1
v 1.4 0.1 -1.1
v 1.4 0.2 1
v 1.4 0.2 0.9
v 1.4 0.2 0.6
v 1.4 0.2 0.4
v 1.4 0.2 -0.6
v 1.4 0.2 -1.1
v 1.4 0.2 -1.2
v 1.4 0.2 -1.3
v 1.4 0.2 -1.4
v 1.4 0.3 0.9
v 1.4 0.3 0.4
v 1.4 0.3 -1.2
v 1.4 0.3 -1.4
v 1.4 1 0.8
v 1.4 1 0.7
v 1.4 1.1 0.7
v 1.4 1.1 0.6
v 1.4 1.2 0.9
v 1.4 1.2 0.8
v 1.4 1.2 0.7
v 1.4 1.3 0.9
v 1.4 1.3 0.8
v 1.4 1.3 0.7
v 1.4 1.3 0.6
v 1.5 0 1.8
v 1.5 0 1.7
v 1.5 0.1 1.8
v 1.5 0.1 1.7
v 1.5 0.1 1.6
v 1.5 0.1 0.8
v 1.5 0.1 0.7
v 1.5 0.1 0.6
v 1.5 0.1 0.3
v 1.5 0.1 -0.4
v 1.5 0.1 -0.6
v 1.5 0.2 1.7
v 1.5 0.2 1.6
v 1.5 0.2 0.8
v 1.5 0.2 0.6
v 1.5 0.2 0.3
v 1.5 0.2 -0.1
v 1.5 0.2 -0.3
v 1.5 0.2 -0.4
v 1.5 0.2 -0.6
v 1.5 0.3 -0.1
v 1.5 0.3 -0.3
v 1.5 1.2 0.8
v 1.5 1.2 0.7
v 1.5 1.4 0.8
v 1.5 1.4 0.7
v 1.6 0 1.7
v 1.6 0 1.6
v 1.6 0 -1.6
v 1.6 0 -1.7
v 1.6 0.1 1.7
v 1.6 0.1 1.6
v 1.6 0.1 1.5
v 1.6 0.1 0.3
v 1.6 0.1 0.0999999
v 1.6 0.1 -1.5
v 1.6 0.1 -1.6
v 1.6 0.1 -1.7
v 1.6 0.2 1.6
v 1.6 0.2 1.5
v 1.6 0.2 0.3
v 1.6 0.2 0.0999999
v 1.6 0.2 -0.1
v 1.6 0.2 -1.5
v 1.6 0.2 -1.6
v 1.6 0.3 0.0999999
v 1.6 0.3 -0.1
v 1.7 0 1.6
v 1.7 0 1.5
v 1.7 0.1 1.6
v 1.7 0.1 1.5
v 1.7 0.1 1.4
v 1.7 0.1 1.3
v 1.7 0.1 1.2
v 1.7 0.1 0
v 1.7 0.1 -0.2
v 1.7 0.2 1.5
v 1.7 0.2 1.4
v 1.7 0.2 1.3
v 1.7 0.2 1.2
v 1.7 0.2 0
v 1.7 0.2 -0.2
v 1.8 0 1.5
v 1.8 0 1.2
v 1.8 0 -1.5
v 1.8 0 -1.6
v 1.8 0.1 1.5
v 1.8 0.1 1.2
v 1.8 0.1 0.8
v 1.8 0.1 0.5
v 1.8 0.1 -1.3
v 1.8 0.1 -1.5
v 1.8 0.1 -1.6
v 1.8 0.2 1.2
v 1.8 0.2 0.8
v 1.8 0.2 0.5
v 1.8 0.2 -1.3
v 1.8 0.2 -1.5
v 1.9 0 1.2
v 1.9 0 0.5
v 1.9 0 -1.3
v 1.9 0 -1.5
v 1.9 0.1 1.2
v 1.9 0.1 0.5
v 1.9 0.1 0.2
v 1.9 0.1 -0.4
v 1.9 0.1 -0.6
v 1.9 0.1 -1.1
v 1.9 0.1 -1.3
v 1.9 0.1 -1.5
v 1.9 0.2 0.5
v 1.9 0.2 0.2
v 1.9 0.2 -0.4
v 1.9 0.2 -0.6
v 1.9 0.2 -1.1
v 1.9 0.2 -1.3
v 2 0 0.5
v 2 0 -1.3
v 2 0.1 0.5
v 2 0.1 0.2
v 2 0.1 -0.4
v 2 0.1 -1.3
v 2 0.2 0.2
v 2 0.2 -0.4
v 1 0 1.8
v 1 0.1 1.8
v 1.5 0 1.8
v 1.5 0.1 1.8
v -0.7 0 1.7
v -0.7 0.1 1.7
v -0.5 0.1 1.7
v -0.5 0.2 1.7
v 0 0.1 1.7
v 0 0.2 1.7
v 0.2 0 1.7
v 0.2 0.1 1.7
v 0.5 0 1.7
v 0.5 0.1 1.7
v 1 0 1.7
v 1 0.1 1.7
v 1 0.2 1.7
v 1.3 0.1 1.7
v 1.3 0.2 1.7
v 1.4 0.1 1.7
v 1.4 0.2 1.7
v 1.5 0 1.7
v 1.5 0.1 1.7
v 1.5 0.2 1.7
v 1.6 0 1.7
v 1.6 0.1 1.7
v -1.4 0.1 1.6
v -1.4 0.3 1.6
v -1.2 0 1.6
v -1.2 0.1 1.6
v -1.2 0.2 1.6
v -1.2 0.3 1.6
v -1.1 0.2 1.6
v -1.1 0.3 1.6
v -0.8 0.1 1.6
v -0.8 0.2 1.6
v -0.7 0 1.6
v -0.7 0.1 1.6
v -0.7 0.2 1.6
v -0.5 0.1 1.6
v -0.5 0.2 1.6
v -0.5 0.3 1.6
v 0 0.1 1.6
v 0 0.2 1.6
v 0 0.3 1.6
v 0.2 0 1.6
v 0.2 0.1 1.6
v 0.2 0.2 1.6
v 0.3 0.1 1.6
v 0.3 0.2 1.6
v 0.5 0 1.6
v 0.5 0.1 1.6
v 0.5 0.2 1.6
v 1 0.1 1.6
v 1 0.2 1.6
v 1.5 0.1 1.6
v 1.5 0.2 1.6
v 1.6 0 1.6
v 1.6 0.1 1.6
v 1.6 0.2 1.6
v 1.7 0 1.6
v 1.7 0.1 1.6
v -1.5 0.1 1.5
v -1.5 0.3 1.5
v -1.4 0 1.5
v -1.4 0.1 1.5
v -1.4 0.3 1.5
v -1.4 0.4 1.5
v -1.2 0 1.5
v -1.2 0.1 1.5
v -1.2 0.3 1.5
v -1.1 0.2 1.5
v -1.1 0.3 1.5
v -1.1 0.4 1.5
v -0.8 0.1 1.5
v -0.8 0.2 1.5
v -0.8 0.3 1.5
v -0.7 0.1 1.5
v -0.7 0.2 1.5
v 0.2 0.1 1.5
v 0.2 0.2 1.5
v 0.3 0.1 1.5
v 0.3 0.2 1.5
v 0.3 0.3 1.5
v 0.5 0.2 1.5
v 0.7 0.2 1.5
v 0.7 0.3 1.5
v 1.6 0.1 1.5
v 1.6 0.2 1.5
v 1.7 0 1.5
v 1.7 0.1 1.5
v 1.7 0.2 1.5
v 1.8 0 1.5
v 1.8 0.1 1.5
v -1.6 0.1 1.4
v -1.6 0.3 1.4
v -1.5 0.1 1.4
v -1.5 0.3 1.4
v 0.3 0.3 1.4
v 0.3 0.4 1.4
v 0.4 0.3 1.4
v 0.4 0.4 1.4
v 0.7 0.2 1.4
v 0.7 0.3 1.4
v 0.8 0.2 1.4
v 0.8 0.3 1.4
v -1.7 0.1 1.3
v -1.7 0.3 1.3
v -1.6 0.1 1.3
v -1.6 0.3 1.3
v -1.6 0.4 1.3
v -1.5 0 1.3
v -1.5 0.1 1.3
v -1.5 0.4 1.3
v -1.5 0.5 1.3
v -1.4 0 1.3
v -1.4 0.1 1.3
v -1.4 0.3 1.3
v -1.4 0.4 1.3
v -1.2 0.4 1.3
v -1.2 0.5 1.3
v -1.1 0.3 1.3
v -1.1 0.4 1.3
v -1.1 0.5 1.3
v -0.9 0.3 1.3
v -0.9 0.4 1.3
v -0.8 0.2 1.3
v -0.8 0.3 1.3
v -0.7 0.2 1.3
v -0.7 0.3 1.3
v 1.1 0.1 1.3
v 1.1 0.2 1.3
v 1.4 0.1 1.3
v 1.4 0.2 1.3
v -1.6 0.4 1.2
v -1.6 0.5 1.2
v -1.5 0.4 1.2
v -1.5 0.5 1.2
v -1.5 0.6 1.2
v -1.2 0.5 1.2
v -1.2 0.6 1.2
v -1.1 0.4 1.2
v -1.1 0.5 1.2
v -1.1 0.6 1.2
v -0.9 0.3 1.2
v -0.9 0.4 1.2
v -0.9 0.5 1.2
v -0.7 0.1 1.2
v -0.7 0.2 1.2
v -0.7 0.3 1.2
v -0.7 0.4 1.2
v -0.5 0.2 1.2
v -0.5 0.3 1.2
v -0.4 0.1 1.2
v -0.4 0.2 1.2
v 0 0.1 1.2
v 0 0.2 1.2
v 0.1 0.2 1.2
v 0.1 0.5 1.2
v 0.3 0.1 1.2
v 0.3 0.2 1.2
v 0.3 0.5 1.2
v 0.3 0.6 1.2
v 0.4 0.2 1.2
v 0.4 0.4 1.2
v 0.4 0.6 1.2
v 0.4 0.7 1.2
v 0.5 0.4 1.2
v 0.5 0.5 1.2
v 0.6 0.2 1.2
v 0.6 0.3 1.2
v 0.7 0.5 1.2
v 0.7 0.6 1.2
v 0.7 0.7 1.2
v 0.8 0.2 1.2
v 0.8 0.3 1.2
v 0.8 0.4 1.2
v 0.9 0.2 1.2
v 0.9 0.3 1.2
v 1.7 0.1 1.2
v 1.7 0.2 1.2
v 1.8 0 1.2
v 1.8 0.1 1.2
v 1.8 0.2 1.2
v 1.9 0 1.2
v 1.9 0.1 1.2
v -1.6 0 1.1
v -1.6 0.1 1.1
v -1.5 0 1.1
v -1.5 0.1 1.1
v -1.2 0.3 1.1
v -1.2 0.4 1.1
v -1.1 0.2 1.1
v -1.1 0.3 1.1
v -1.1 0.4 1.1
v -1 0.2 1.1
v -1 0.3 1.1
v 0 0.2 1.1
v 0 0.4 1.1
v 0.1 0.2 1.1
v 0.1 0.4 1.1
v 0.3 0.1 1.1
v 0.3 0.2 1.1
v 0.4 0.1 1.1
v 0.4 0.2 1.1
v 0.4 0.7 1.1
v 0.4 0.8 1.1
v 0.5 0.4 1.1
v 0.5 0.5 1.1
v 0.6 0.8 1.1
v 0.6 0.9 1.1
v 0.7 0.5 1.1
v 0.7 0.6 1.1
v 0.7 0.7 1.1
v 0.7 0.9 1.1
v 0.7 1 1.1
v 0.8 0.3 1.1
v 0.8 0.4 1.1
v 0.8 0.5 1.1
v 0.8 0.6 1.1
v 0.8 0.7 1.1
v 0.9 0.2 1.1
v 0.9 0.3 1.1
v 0.9 0.4 1.1
v 0.9 0.5 1.1
v 0.9 0.6 1.1
v 0.9 0.7 1.1
v 0.9 0.8 1.1
v 1 0.2 1.1
v 1 0.3 1.1
v 1 0.8 1.1
v 1 1 1.1
v -1.7 0 1
v -1.7 0.1 1
v -1.6 0 1
v -1.6 0.1 1
v 0.1 0.2 1
v 0.1 0.3 1
v 0.2 0.2 1
v 0.2 0.3 1
v 0.8 0.6 1
v 0.8 0.7 1
v 0.8 1 1
v 0.8 1.1 1
v 0.9 0.3 1
v 0.9 0.4 1
v 0.9 0.6 1
v 0.9 0.7 1
v 0.9 0.8 1
v 0.9 1.1 1
v 0.9 1.2 1
v 1 0.2 1
v 1 0.3 1
v 1 0.4 1
v 1 0.7 1
v 1 0.8 1
v 1 1 1
v 1 1.2 1
v 1 1.3 1
v 1.1 0.2 1
v 1.1 0.3 1
v 1.1 0.8 1
v 1.1 0.9 1
v 1.1 1 1
v 1.1 1.1 1
v 1.2 0.9 1
v 1.2 1 1
v 1.2 1.1 1
v 1.2 1.3 1
v 1.3 0.1 1
v 1.3 0.2 1
v 1.4 0.1 1
v 1.4 0.2 1
v -1.7 0.1 0.9
v -1.7 0.2 0.9
v -1.6 0.1 0.9
v -1.6 0.2 0.9
v -1.6 0.3 0.9
v -1.5 0.2 0.9
v -1.5 0.3 0.9
v -1.3 0.2 0.9
v -1.3 0.3 0.9
v -1.1 0.3 0.9
v -0.9 0.2 0.9
v -0.9 0.3 0.9
v 0.9 0.6 0.9
v 0.9 0.7 0.9
v 1 0.6 0.9
v 1 0.7 0.9
v 1.1 0.2 0.9
v 1.1 0.3 0.9
v 1.1 0.8 0.9
v 1.1 0.9 0.9
v 1.1 1 0.9
v 1.1 1.1 0.9
v 1.2 0.8 0.9
v 1.2 0.9 0.9
v 1.2 1 0.9
v 1.2 1.1 0.9
v 1.2 1.3 0.9
v 1.2 1.4 0.9
v 1.3 1 0.9
v 1.3 1.2 0.9
v 1.3 1.3 0.9
v 1.3 1.4 0.9
v 1.4 0.1 0.9
v 1.4 0.2 0.9
v 1.4 0.3 0.9
v 1.4 1.2 0.9
v 1.4 1.3 0.9
v 1.5 0.1 0.9
v 1.5 0.2 0.9
v -1.8 0 0.8
v -1.8 0.1 0.8
v -1.7 0 0.8
v -1.7 0.1 0.8
v -1.4 0.2 0.8
v -1.4 0.3 0.8
v -1.3 0.2 0.8
v -1.3 0.3 0.8
v -1.3 0.4 0.8
v -0.9 0.3 0.8
v -0.9 0.4 0.8
v -0.8 0.2 0.8
v -0.8 0.3 0.8
v -0.8 0.4 0.8
v -0.7 0.2 0.8
v -0.6 0.2 0.8
v -0.6 0.3 0.8
v 0.1 0.3 0.8
v 0.1 0.4 0.8
v 0.2 0.3 0.8
v 0.2 0.4 0.8
v 1.2 0.9 0.8
v 1.2 1 0.8
v 1.3 0.9 0.8
v 1.3 1 0.8
v 1.3 1.2 0.8
v 1.3 1.3 0.8
v 1.3 1.4 0.8
v 1.4 1 0.8
v 1.4 1.2 0.8
v 1.4 1.3 0.8
v 1.5 1.2 0.8
v 1.5 1.4 0.8
v -1.5 0.3 0.7
v -1.5 0.5 0.7
v -1.3 0.3 0.7
v -1.3 0.4 0.7
v -1.3 0.5 0.7
v -0.8 0.3 0.7
v -0.8 0.4 0.7
v -0.6 0.2 0.7
v -0.6 0.3 0.7
v -0.6 0.4 0.7
v -0.5 0.2 0.7
v -0.5 0.3 0.7
v 0.3 0.3 0.7
v 0.3 0.4 0.7
v 0.4 0.3 0.7
v 0.4 0.4 0.7
v -1.8 0.1 0.6
v -1.8 0.2 0.6
v -1.7 0.1 0.6
v -1.7 0.2 0.6
v -1.7 0.3 0.6
v -1.6 0.2 0.6
v -1.6 0.3 0.6
v -1.6 0.4 0.6
v -1.6 0.5 0.6
v -1.5 0.3 0.6
v -1.5 0.4 0.6
v -1.5 0.5 0.6
v -1.5 0.6 0.6
v -1.3 0.4 0.6
v -1.3 0.5 0.6
v -1.3 0.6 0.6
v -1.2 0.4 0.6
v -1.2 0.5 0.6
v -0.6 0.3 0.6
v -0.6 0.4 0.6
v -0.5 0.2 0.6
v -0.5 0.3 0.6
v -0.5 0.4 0.6
v -0.4 0.2 0.6
v -0.4 0.3 0.6
v 0.2 0.4 0.6
v 0.2 0.5 0.6
v 0.3 0.5 0.6
v 0.4 0.3 0.6
v 0.4 0.4 0.6
v 0.6 0.3 0.6
v 0.6 0.4 0.6
v 0.7 0.5 0.6
v 0.9 0.3 0.6
v 0.9 0.4 0.6
v 0.9 0.5 0.6
v 1 0.2 0.6
v 1 0.3 0.6
v 1 0.4 0.6
v 1.1 0.2 0.6
v 1.1 0.3 0.6
v -0.4 0.2 0.5
v -0.4 0.3 0.5
v -0.4 0.4 0.5
v -0.2 0.2 0.5
v -0.2 0.4 0.5
v 0.3 0.5 0.5
v 0.3 0.6 0.5
v 0.8 0.5 0.5
v 0.8 0.6 0.5
v 1.8 0.1 0.5
v 1.8 0.2 0.5
v 1.9 0 0.5
v 1.9 0.1 0.5
v 1.9 0.2 0.5
v 2 0 0.5
v 2 0.1 0.5
v -1.7 0.3 0.4
v -1.7 0.4 0.4
v -1.7 0.5 0.4
v -1.6 0.3 0.4
v -1.6 0.4 0.4
v -1.6 0.5 0.4
v -1.6 0.6 0.4
v -1.5 0.5 0.4
v -1.5 0.6 0.4
v -0.6 0.4 0.4
v -0.6 0.5 0.4
v -0.5 0.3 0.4
v -0.5 0.4 0.4
v -0.5 0.5 0.4
v -0.5 0.6 0.4
v -0.4 0.3 0.4
v -0.4 0.4 0.4
v -0.4 0.6 0.4
v -0.4 0.7 0.4
v -0.2 0.2 0.4
v -0.2 0.4 0.4
v -0.2 0.5 0.4
v -0.2 0.6 0.4
v -0.2 0.7 0.4
v -0.1 0.2 0.4
v -0.1 0.5 0.4
v 0.2 0.5 0.4
v 0.2 0.7 0.4
v 0.3 0.5 0.4
v 0.3 0.6 0.4
v 0.4 0.6 0.4
v 0.4 0.7 0.4
v -1.2 0.2 0.3
v -1.2 0.4 0.3
v -1.2 0.5 0.3
v -1.1 0.4 0.3
v -1.1 0.5 0.3
v -0.9 0.2 0.3
v -0.9 0.3 0.3
v -0.9 0.5 0.3
v -0.7 0.4 0.3
v -0.7 0.5 0.3
v -0.6 0.4 0.3
v -0.6 0.5 0.3
v -0.6 0.6 0.3
v -0.5 0.5 0.3
v -0.5 0.6 0.3
v -0.5 0.8 0.3
v -0.5 0.9 0.3
v -0.4 0.6 0.3
v -0.4 0.7 0.3
v -0.4 0.9 0.3
v -0.4 1.2 0.3
v -0.3 1.2 0.3
v -0.3 1.4 0.3
v -0.2 0.7 0.3
v -0.2 0.8 0.3
v -0.2 1.4 0.3
v -0.1 0.2 0.3
v -0.1 0.4 0.3
v 0 0.2 0.3
v 0 0.3 0.3
v 0 0.4 0.3
v 0.1 0.5 0.3
v 0.1 0.7 0.3
v 0.2 0.5 0.3
v 0.2 0.7 0.3
v 0.2 0.8 0.3
v 0.4 0.6 0.3
v 0.4 0.7 0.3
v 0.4 0.8 0.3
v 0.5 0.6 0.3
v 0.5 0.7 0.3
v 1 0.3 0.3
v 1 0.4 0.3
v 1.1 0.2 0.3
v 1.1 0.3 0.3
v 1.1 0.4 0.3
v 1.2 0.2 0.3
v 1.2 0.3 0.3
v 1.5 0.1 0.3
v 1.5 0.2 0.3
v 1.6 0.1 0.3
v 1.6 0.2 0.3
v -1.5 0.7 0.2
v -1.5 0.9 0.2
v -1.3 0.7 0.2
v -1.3 0.9 0.2
v -1.2 0.5 0.2
v -1.2 0.6 0.2
v -1.1 0.5 0.2
v -1 0.5 0.2
v -1 0.6 0.2
v -0.9 0.3 0.2
v -0.9 0.5 0.2
v -0.9 0.6 0.2
v -0.8 0.3 0.2
v -0.8 0.4 0.2
v -0.7 0.4 0.2
v -0.7 0.5 0.2
v -0.6 0.6 0.2
v -0.6 0.8 0.2
v -0.5 0.6 0.2
v -0.5 0.8 0.2
v -0.5 0.9 0.2
v -0.5 1.2 0.2
v -0.4 0.9 0.2
v -0.4 1.2 0.2
v -0.4 1.4 0.2
v -0.3 1.2 0.2
v -0.3 1.4 0.2
v -0.3 1.5 0.2
v -0.2 1.4 0.2
v -0.2 1.5 0.2
v 1.9 0.1 0.2
v 1.9 0.2 0.2
v 2 0.1 0.2
v 2 0.2 0.2
v -1.7 0.1 0.0999999
v -1.7 0.4 0.0999999
v -1.7 0.6 0.0999999
v -1.7 0.8 0.0999999
v -1.6 0.1 0.0999999
v -1.6 0.3 0.0999999
v -1.6 0.4 0.0999999
v -1.6 0.8 0.0999999
v -1.6 0.9 0.0999999
v -1.5 0.1 0.0999999
v -1.5 0.3 0.0999999
v -1.5 0.7 0.0999999
v -1.5 0.8 0.0999999
v -1.5 0.9 0.0999999
v -1.5 1 0.0999999
v -1.4 0.5 0.0999999
v -1.4 0.6 0.0999999
v -1.3 0.5 0.0999999
v -1.3 0.6 0.0999999
v -1.3 0.7 0.0999999
v -1.3 0.8 0.0999999
v -1.3 0.9 0.0999999
v -1.3 1 0.0999999
v -1.2 0.5 0.0999999
v -1.2 0.6 0.0999999
v -1.2 0.8 0.0999999
v -1.2 0.9 0.0999999
v -0.9 0.5 0.0999999
v -0.9 0.6 0.0999999
v -0.7 0.5 0.0999999
v -0.7 0.6 0.0999999
v 1.4 0.2 0.0999999
v 1.4 0.3 0.0999999
v 1.6 0.1 0.0999999
v 1.6 0.2 0.0999999
v 1.6 0.3 0.0999999
v 1.7 0.1 0.0999999
v 1.7 0.2 0.0999999
v -1.8 0.1 0
v -1.8 0.4 0
v -1.8 0.6 0
v -1.8 0.8 0
v -1.7 0 0
v -1.7 0.1 0
v -1.7 0.4 0
v -1.7 0.6 0
v -1.7 0.8 0
v -1.7 0.9 0
v -1.6 0 0
v -1.6 0.1 0
v -1.6 0.8 0
v -1.6 0.9 0
v -1.5 0.4 0
v -1.4 0.2 0
v -1.4 0.3 0
v -1.4 0.4 0
v -1.4 0.6 0
v -1.3 0.2 0
v -1.3 0.4 0
v -1.2 0.6 0
v -1.2 0.7 0
v -1 0.6 0
v -1 0.7 0
v -0.7 0.5 0
v -0.7 0.6 0
v -0.6 0.5 0
v -0.6 0.6 0
v 1.3 0.2 0
v 1.3 0.3 0
v 1.4 0.2 0
v 1.4 0.3 0
v -1.6 0.9 -0.1
v -1.6 1 -0.1
v -1.5 0.9 -0.1
v -1.5 1 -0.1
v -1.2 0.7 -0.1
v -1.2 0.9 -0.1
v -1 0.6 -0.1
v -1 0.7 -0.1
v -1 0.9 -0.1
v -0.8 0.6 -0.1
v -0.8 0.7 -0.1
v -0.2 0.3 -0.1
v -0.2 0.4 -0.1
v -0.1 0.2 -0.1
v -0.1 0.3 -0.1
v -0.1 0.4 -0.1
v 0 0.2 -0.1
v 0 0.3 -0.1
v -1.8 0 -0.2
v -1.8 0.1 -0.2
v -1.7 0 -0.2
v -1.7 0.1 -0.2
v -1.2 0.9 -0.2
v -1.2 1 -0.2
v -1 0.7 -0.2
v -1 0.9 -0.2
v -1 1 -0.2
v -0.9 0.8 -0.2
v -0.9 0.9 -0.2
v -0.8 0.6 -0.2
v -0.8 0.7 -0.2
v -0.8 0.8 -0.2
v -0.7 0.6 -0.2
v -0.7 0.7 -0.2
v -0.6 0.5 -0.2
v -0.6 0.6 -0.2
v -0.5 0.5 -0.2
v -0.5 0.6 -0.2
v 0.8 0.4 -0.2
v 0.8 0.5 -0.2
v 1 0.4 -0.2
v 1 0.5 -0.2
v 1.7 0.1 -0.2
v 1.7 0.2 -0.2
v 1.8 0.1 -0.2
v 1.8 0.2 -0.2
v -1.3 0.9 -0.3
v -1.3 1 -0.3
v -1.2 0.9 -0.3
v -1.2 1 -0.3
v -0.9 0.8 -0.3
v -0.9 0.9 -0.3
v -0.8 0.7 -0.3
v -0.8 0.8 -0.3
v -0.8 0.9 -0.3
v -0.7 0.6 -0.3
v -0.7 0.7 -0.3
v -0.7 0.8 -0.3
v -0.6 0.6 -0.3
v -0.6 0.7 -0.3
v -0.5 0.5 -0.3
v -0.5 0.6 -0.3
v -0.4 0.5 -0.3
v -0.4 0.6 -0.3
v -0.3 0.4 -0.3
v -0.3 0.5 -0.3
v -0.2 0.4 -0.3
v -0.2 0.5 -0.3
v 0.7 0.4 -0.3
v 0.7 0.5 -0.3
v 0.7 0.6 -0.3
v 0.8 0.4 -0.3
v 0.8 0.5 -0.3
v 0.8 0.6 -0.3
v 1 0.3 -0.3
v 1 0.4 -0.3
v 1 0.5 -0.3
v 1 0.6 -0.3
v 1.1 0.4 -0.3
v 1.1 0.5 -0.3
v 1.2 0.2 -0.3
v 1.2 0.3 -0.3
v 1.2 0.4 -0.3
v 1.3 0.2 -0.3
v 1.3 0.3 -0.3
v -1.6 0.4 -0.4
v -1.6 0.5 -0.4
v -1.5 0.4 -0.4
v -1.5 0.5 -0.4
v -1.2 1 -0.4
v -1.2 1.1 -0.4
v -1.1 1 -0.4
v -1 0.9 -0.4
v -1 1 -0.4
v -1 1.1 -0.4
v -0.9 0.9 -0.4
v -0.9 1 -0.4
v 0.4 0.9 -0.4
v 0.4 1 -0.4
v 0.5 0.8 -0.4
v 0.5 0.9 -0.4
v 0.5 1 -0.4
v 0.5 1.1 -0.4
v 0.6 0.4 -0.4
v 0.6 0.7 -0.4
v 0.6 0.8 -0.4
v 0.6 0.9 -0.4
v 0.6 1.1 -0.4
v 0.7 0.4 -0.4
v 0.7 0.5 -0.4
v 0.7 0.6 -0.4
v 0.7 0.8 -0.4
v 0.7 0.9 -0.4
v 0.8 0.6 -0.4
v 0.8 0.7 -0.4
v 0.8 0.8 -0.4
v 0.9 0.6 -0.4
v 0.9 0.7 -0.4
v -1.8 0.1 -0.5
v -1.8 0.3 -0.5
v -1.7 0.1 -0.5
v -1.7 0.2 -0.5
v -1.7 0.3 -0.5
v -1.5 0.5 -0.5
v -1.5 0.6 -0.5
v -1.4 0.5 -0.5
v -1.4 0.6 -0.5
v 0.4 1 -0.5
v 0.4 1.1 -0.5
v 0.5 1 -0.5
v 0.5 1.1 -0.5
v 0.6 0.9 -0.5
v 0.6 1 -0.5
v 0.7 0.8 -0.5
v 0.7 0.9 -0.5
v 0.7 1 -0.5
v 0.8 0.7 -0.5
v 0.8 0.8 -0.5
v 0.8 0.9 -0.5
v 0.9 0.7 -0.5
v 0.9 0.8 -0.5
v -1.8 0 -0.6
v -1.8 0.1 -0.6
v -1.7 0 -0.6
v -1.7 0.1 -0.6
v -1.6 0.5 -0.6
v -1.6 0.7 -0.6
v -1.5 0.5 -0.6
v -1.5 0.7 -0.6
v -1.5 0.8 -0.6
v -1.4 0.7 -0.6
v -1.4 0.8 -0.6
v -0.1 0.2 -0.6
v -0.1 0.4 -0.6
v 0 0.2 -0.6
v 0 0.3 -0.6
v 0 0.4 -0.6
v 0.1 0.2 -0.6
v 0.1 0.3 -0.6
v -1.9 0 -0.7
v -1.9 0.1 -0.7
v -1.8 0 -0.7
v -1.8 0.1 -0.7
v -1.6 0.7 -0.7
v -1.6 0.8 -0.7
v -1.5 0.7 -0.7
v -1.5 0.8 -0.7
v -1.5 0.9 -0.7
v -1.4 0.8 -0.7
v -1.4 0.9 -0.7
v -0.4 0.5 -0.7
v -0.4 0.6 -0.7
v -0.3 0.5 -0.7
v -0.3 0.6 -0.7
v 0 0.3 -0.7
v 0 0.4 -0.7
v 0.1 0.2 -0.7
v 0.1 0.3 -0.7
v 0.2 0.2 -0.7
v 0.2 0.3 -0.7
v 0.2 0.4 -0.7
v 1.5 0.1 -0.7
v 1.5 0.2 -0.7
v 1.6 0.1 -0.7
v 1.6 0.2 -0.7
v -1.7 0.3 -0.8
v -1.7 0.4 -0.8
v -1.6 0.3 -0.8
v -1.6 0.4 -0.8
v -0.7 0.6 -0.8
v -0.7 0.7 -0.8
v -0.6 0.6 -0.8
v -0.6 0.7 -0.8
v -0.5 0.6 -0.8
v -0.5 0.7 -0.8
v 0 0.4 -0.8
v 0 0.5 -0.8
v 0.2 0.2 -0.8
v 0.2 0.4 -0.8
v 0.3 0.2 -0.8
v 0.3 0.3 -0.8
v 0.3 0.5 -0.8
v 0.8 0.2 -0.8
v 0.8 0.3 -0.8
v 0.9 0.2 -0.8
v 0.9 0.3 -0.8
v -1.1 0.8 -0.9
v -1.1 0.9 -0.9
v -1 0.7 -0.9
v -1 0.8 -0.9
v -1 0.9 -0.9
v -0.9 0.6 -0.9
v -0.9 0.7 -0.9
v -0.9 0.8 -0.9
v -0.7 0.6 -0.9
v -0.7 0.7 -0.9
v 0.1 0.5 -0.9
v 0.1 0.6 -0.9
v 0.3 0.3 -0.9
v 0.3 0.5 -0.9
v 0.3 0.6 -0.9
v 0.4 0.3 -0.9
v 0.4 0.5 -0.9
v -1.4 0.9 -1
v -1.4 1 -1
v -1.2 0.9 -1
v -1.2 1 -1
v -1.1 0.9 -1
v -1 0.8 -1
v -1 0.9 -1
v -1 1 -1
v -0.9 0.7 -1
v -0.9 0.8 -1
v -0.9 0.9 -1
v -0.8 0.7 -1
v -0.8 0.8 -1
v -0.6 0.7 -1
v -0.6 0.8 -1
v -0.2 0.3 -1
v -0.2 0.4 -1
v -0.1 0.3 -1
v -0.1 0.4 -1
v 0.3 0.2 -1
v 0.3 0.3 -1
v 0.4 0.2 -1
v 0.4 0.3 -1
v 0.7 0.2 -1
v 0.7 0.3 -1
v 0.8 0.2 -1
v 0.8 0.3 -1
v 0.8 0.4 -1
v 1 0.2 -1
v 1 0.3 -1
v 1 0.4 -1
v 1.1 0.2 -1
v 1.1 0.3 -1
v -1.6 0.6 -1.1
v -1.6 0.9 -1.1
v -1.5 0.6 -1.1
v -1.5 0.9 -1.1
v -1.5 1 -1.1
v -1.4 0.9 -1.1
v -1.4 1 -1.1
v -1.3 1 -1.1
v -1.3 1.1 -1.1
v -1.2 1 -1.1
v -1.1 1 -1.1
v -1.1 1.1 -1.1
v -0.2 0.4 -1.1
v -0.2 0.5 -1.1
v 0 0.4 -1.1
v 0 0.5 -1.1
v 0.4 0.3 -1.1
v 0.4 0.5 -1.1
v 0.5 0.3 -1.1
v 0.5 0.5 -1.1
v 0.6 0.2 -1.1
v 0.6 0.3 -1.1
v 0.7 0.2 -1.1
v 0.7 0.3 -1.1
v 0.7 0.4 -1.1
v 0.8 0.3 -1.1
v 0.8 0.4 -1.1
v 1.1 0.2 -1.1
v 1.1 0.3 -1.1
v 1.3 0.2 -1.1
v 1.3 0.3 -1.1
v 1.4 0.1 -1.1
v 1.4 0.2 -1.1
v 1.5 0.1 -1.1
v 1.5 0.2 -1.1
v -1.7 0.3 -1.2
v -1.7 0.5 -1.2
v -1.6 0.3 -1.2
v -1.6 0.5 -1.2
v -0.5 0.6 -1.2
v -0.5 0.7 -1.2
v -0.4 0.4 -1.2
v -0.4 0.5 -1.2
v -0.4 0.6 -1.2
v -0.3 0.5 -1.2
v -0.3 0.6 -1.2
v -0.3 0.7 -1.2
v -0.2 0.4 -1.2
v -0.2 0.5 -1.2
v -0.2 0.6 -1.2
v -0.1 0.5 -1.2
v -0.1 0.6 -1.2
v 0.3 0.5 -1.2
v 0.3 0.6 -1.2
v 0.4 0.2 -1.2
v 0.4 0.3 -1.2
v 0.5 0.3 -1.2
v 0.5 0.5 -1.2
v 0.5 0.6 -1.2
v 0.6 0.2 -1.2
v 0.6 0.3 -1.2
v 0.6 0.5 -1.2
v 1.1 0.3 -1.2
v 1.1 0.4 -1.2
v 1.3 0.2 -1.2
v 1.3 0.3 -1.2
v 1.3 0.4 -1.2
v 1.4 0.2 -1.2
v 1.4 0.3 -1.2
v -1.8 0.1 -1.3
v -1.8 0.3 -1.3
v -1.7 0.1 -1.3
v -1.7 0.2 -1.3
v -1.7 0.3 -1.3
v -0.6 0.7 -1.3
v -0.6 0.8 -1.3
v -0.5 0.7 -1.3
v -0.4 0.5 -1.3
v -0.4 0.6 -1.3
v -0.4 0.7 -1.3
v -0.4 0.8 -1.3
v -0.3 0.5 -1.3
v -0.3 0.6 -1.3
v -0.3 0.7 -1.3
v -0.2 0.6 -1.3
v -0.1 0.5 -1.3
v -0.1 0.6 -1.3
v 0.2 0.5 -1.3
v 0.2 0.6 -1.3
v 0.3 0.5 -1.3
v 0.3 0.6 -1.3
v 0.5 0.6 -1.3
v 0.5 0.7 -1.3
v 0.9 0.3 -1.3
v 0.9 0.4 -1.3
v 1 0.3 -1.3
v 1 0.4 -1.3
v 1.1 0.3 -1.3
v 1.1 0.4 -1.3
v -1.7 0.5 -1.4
v -1.7 0.6 -1.4
v -1.6 0.5 -1.4
v -1.6 0.6 -1.4
v -0.7 0.7 -1.4
v -0.7 0.8 -1.4
v -0.6 0.7 -1.4
v -0.6 0.8 -1.4
v -0.4 0.7 -1.4
v -0.4 0.8 -1.4
v -0.3 0.7 -1.4
v -0.3 0.8 -1.4
v 0.2 0.7 -1.4
v 0.2 0.8 -1.4
v 0.5 0.6 -1.4
v 0.5 0.7 -1.4
v 0.6 0.6 -1.4
v 0.6 0.7 -1.4
v 0.7 0.3 -1.4
v 0.7 0.4 -1.4
v 0.8 0.3 -1.4
v 0.8 0.4 -1.4
v -1.8 0.3 -1.5
v -1.8 0.4 -1.5
v -1.7 0.3 -1.5
v -1.7 0.4 -1.5
v -1.8 0 -1.6
v -1.8 0.1 -1.6
v -1.7 0 -1.6
v -1.7 0.1 -1.6
v -1.1 0.7 -1.6
v -1.1 0.9 -1.6
v -1 0.7 -1.6
v -1 0.9 -1.6
v 0.1 0.2 -1.6
v 0.1 0.3 -1.6
v 0.2 0.2 -1.6
v 0.2 0.3 -1.6
v -1.9 0 -1.7
v -1.9 0.1 -1.7
v -1.8 0 -1.7
v -1.8 0.1 -1.7
v -1.2 0.9 -1.7
v -1.2 1 -1.7
v -1 0.7 -1.7
v -1 0.9 -1.7
v -1 1 -1.7
v -0.9 0.7 -1.7
v -0.9 0.9 -1.7
v -1.4 0.7 -1.9
v -1.4 0.9 -1.9
v -1.3 0.7 -1.9
v -1.3 0.9 -1.9
v -1.3 1 -1.9
v -1.2 0.9 -1.9
v -1.2 1 -1.9
v -0.9 0.7 -1.9
v -0.9 0.8 -1.9
v -0.8 0.5 -1.9
v -0.8 0.7 -1.9
v -0.8 0.8 -1.9
v -0.7 0.5 -1.9
v -0.7 0.7 -1.9
v 1.2 0.1 1.5
v 1.2 0.2 1.5
v 1.3 0.1 1.5
v 1.3 0.2 1.5
v -0.5 0.2 1.4
v -0.5 0.3 1.4
v 0 0.2 1.4
v 0 0.3 1.4
v 1.1 0.1 1.4
v 1.1 0.2 1.4
v 1.2 0.1 1.4
v 1.2 0.2 1.4
v 1.3 0.1 1.4
v 1.3 0.2 1.4
v 1.4 0.1 1.4
v 1.4 0.2 1.4
v -1.2 0.3 1.3
v -1.2 0.4 1.3
v -1.1 0.2 1.3
v -1.1 0.3 1.3
v -1.1 0.4 1.3
v -0.9 0.2 1.3
v -0.9 0.3 1.3
v -0.7 0.1 1.3
v -0.7 0.2 1.3
v -0.4 0.1 1.3
v -0.4 0.2 1.3
v 0 0.1 1.3
v 0 0.2 1.3
v 0.3 0.1 1.3
v 0.3 0.2 1.3
v 0.3 0.3 1.3
v 0.3 0.4 1.3
v 0.4 0.3 1.3
v 0.4 0.4 1.3
v 0.6 0.2 1.3
v 0.6 0.3 1.3
v 0.3 0.1 1.2
v 0.3 0.2 1.2
v 0.4 0.1 1.2
v 0.4 0.2 1.2
v -1.6 0.4 1.1
v -1.6 0.5 1.1
v -1.5 0.4 1.1
v -1.5 0.5 1.1
v -1.5 0.6 1.1
v -1.3 0.5 1.1
v -1.2 0.5 1.1
v -1.2 0.6 1.1
v -1.1 0.5 1.1
v -1.1 0.6 1.1
v 0.1 0.2 1.1
v 0.1 0.3 1.1
v 0.2 0.2 1.1
v 0.2 0.3 1.1
v 1.3 0.1 1.1
v 1.3 0.2 1.1
v 1.4 0.1 1.1
v 1.4 0.2 1.1
v -1.7 0.1 1
v -1.7 0.3 1
v -1.6 0.1 1
v -1.6 0.2 1
v -1.6 0.3 1
v -1.6 0.4 1
v -1.5 0.2 1
v -1.5 0.3 1
v -1.5 0.4 1
v -1.5 0.5 1
v -1.3 0.2 1
v -1.3 0.3 1
v -1.3 0.4 1
v -1.3 0.5 1
v -1.2 0.2 1
v -1.2 0.3 1
v -1.1 0.3 1
v -1.1 0.4 1
v -1 0.2 1
v -1 0.3 1
v -0.9 0.3 1
v -0.9 0.4 1
v -0.9 0.5 1
v -0.7 0.2 1
v -0.7 0.3 1
v -0.7 0.4 1
v -0.6 0.2 1
v -0.5 0.2 1
v -0.5 0.3 1
v 0 0.3 1
v 0 0.4 1
v 0.1 0.4 1
v 0.1 0.5 1
v 0.2 0.3 1
v 0.2 0.4 1
v 0.2 0.5 1
v 1.4 0.1 1
v 1.4 0.2 1
v 1.5 0.1 1
v 1.5 0.2 1
v -1.5 0.3 0.9
v -1.5 0.4 0.9
v -1.4 0.2 0.9
v -1.4 0.3 0.9
v -1.3 0.2 0.9
v -1.3 0.3 0.9
v -1.3 0.4 0.9
v -1.1 0.3 0.9
v -1.1 0.4 0.9
v -0.9 0.3 0.9
v -0.9 0.4 0.9
v -0.8 0.2 0.9
v -0.8 0.3 0.9
v -0.7 0.2 0.9
v -0.7 0.3 0.9
v 0.2 0.4 0.9
v 0.2 0.5 0.9
v 0.3 0.4 0.9
v 0.3 0.5 0.9
v 0.7 0.4 0.9
v 0.7 0.5 0.9
v 0.8 0.4 0.9
v 0.8 0.5 0.9
v 0.3 0.3 0.8
v 0.3 0.4 0.8
v 0.3 0.5 0.8
v 0.4 0.3 0.8
v 0.4 0.4 0.8
v 0.4 0.5 0.8
v 0.7 0.4 0.8
v 0.7 0.5 0.8
v 0.9 0.6 0.8
v 0.9 0.7 0.8
v 1 0.6 0.8
v 1 0.7 0.8
v 1.1 0.8 0.8
v 1.1 0.9 0.8
v 1.2 0.8 0.8
v 1.2 0.9 0.8
v 1.5 0.1 0.8
v 1.5 0.2 0.8
v 1.6 0.1 0.8
v 1.6 0.2 0.8
v 0.4 0.3 0.7
v 0.4 0.4 0.7
v 0.4 0.7 0.7
v 0.4 0.8 0.7
v 0.5 0.7 0.7
v 0.5 0.8 0.7
v 0.6 0.3 0.7
v 0.6 0.4 0.7
v 0.6 0.8 0.7
v 0.6 0.9 0.7
v 0.7 0.5 0.7
v 0.7 0.6 0.7
v 0.7 0.8 0.7
v 0.7 0.9 0.7
v 0.7 1 0.7
v 0.8 1 0.7
v 0.9 0.3 0.7
v 0.9 0.4 0.7
v 0.9 0.5 0.7
v 0.9 0.6 0.7
v 0.9 0.9 0.7
v 0.9 1 0.7
v 1 0.2 0.7
v 1 0.3 0.7
v 1 0.4 0.7
v 1 1.2 0.7
v 1 1.3 0.7
v 1.1 1.2 0.7
v 1.1 1.3 0.7
v 1.2 0.2 0.7
v 1.2 0.3 0.7
v 1.2 0.9 0.7
v 1.2 1 0.7
v 1.2 1.3 0.7
v 1.2 1.4 0.7
v 1.3 0.9 0.7
v 1.3 1 0.7
v 1.3 1.1 0.7
v 1.4 1 0.7
v 1.4 1.1 0.7
v 1.4 1.2 0.7
v 1.4 1.3 0.7
v 1.5 1.2 0.7
v 1.5 1.4 0.7
v -1.1 0.3 0.6
v -1.1 0.4 0.6
v -1 0.3 0.6
v -1 0.4 0.6
v 0.3 0.5 0.6
v 0.3 0.6 0.6
v 0.4 0.6 0.6
v 0.4 0.7 0.6
v 0.5 0.7 0.6
v 0.5 0.8 0.6
v 0.7 0.5 0.6
v 0.7 0.6 0.6
v 0.7 0.8 0.6
v 0.7 0.9 0.6
v 0.8 1 0.6
v 0.8 1.1 0.6
v 0.9 0.6 0.6
v 0.9 0.7 0.6
v 0.9 0.9 0.6
v 0.9 1 0.6
v 0.9 1.1 0.6
v 0.9 1.2 0.6
v 1 0.7 0.6
v 1 0.8 0.6
v 1 0.9 0.6
v 1 1 0.6
v 1 1.1 0.6
v 1 1.2 0.6
v 1.1 0.8 0.6
v 1.1 0.9 0.6
v 1.1 1.2 0.6
v 1.1 1.3 0.6
v 1.2 0.9 0.6
v 1.2 1 0.6
v 1.2 1.1 0.6
v 1.3 1 0.6
v 1.3 1.1 0.6
v 1.3 1.2 0.6
v 1.4 1.1 0.6
v 1.4 1.3 0.6
v -1.1 0.2 0.5
v -1.1 0.3 0.5
v -1 0.2 0.5
v -1 0.3 0.5
v -1 0.4 0.5
v -0.9 0.3 0.5
v -0.8 0.3 0.5
v -0.8 0.4 0.5
v 0.9 0.9 0.5
v 0.9 1.1 0.5
v 1 0.9 0.5
v 1 1 0.5
v 1 1.1 0.5
v 1 1.2 0.5
v 1.2 1 0.5
v 1.2 1.1 0.5
v 1.3 1.1 0.5
v 1.3 1.2 0.5
v -1.8 0 0.4
v -1.8 0.2 0.4
v -1.7 0 0.4
v -1.7 0.1 0.4
v -1.7 0.2 0.4
v -1.2 0.2 0.4
v -1.2 0.4 0.4
v -1.1 0.2 0.4
v -1.1 0.4 0.4
v -1 0.2 0.4
v -1 0.3 0.4
v -0.9 0.2 0.4
v -0.9 0.3 0.4
v 1.2 0.2 0.4
v 1.2 0.3 0.4
v 1.4 0.2 0.4
v 1.4 0.3 0.4
v -1.7 0 0.3
v -1.7 0.1 0.3
v -1.7 0.3 0.3
v -1.6 0 0.3
v -1.6 0.1 0.3
v -1.6 0.3 0.3
v 1.6 0.1 0.3
v 1.6 0.2 0.3
v 1.7 0.1 0.3
v 1.7 0.2 0.3
v -1.7 0.3 0.2
v -1.7 0.4 0.2
v -1.7 0.5 0.2
v -1.6 0.1 0.2
v -1.6 0.3 0.2
v -1.6 0.4 0.2
v -1.6 0.5 0.2
v -1.6 0.6 0.2
v -1.5 0.1 0.2
v -1.5 0.3 0.2
v -1.3 0.5 0.2
v -1.3 0.6 0.2
v -0.2 0.3 0.2
v -0.2 0.4 0.2
v -0.1 0.4 0.2
v 0 0.3 0.2
v 0 0.4 0.2
v 0.7 0.5 0.2
v 0.7 0.6 0.2
v 0.8 0.5 0.2
v 0.8 0.6 0.2
v -1.6 0.4 0.0999999
v -1.6 0.5 0.0999999
v -1.5 0.4 0.0999999
v -1.4 0.2 0.0999999
v -1.4 0.3 0.0999999
v -1.4 0.4 0.0999999
v -1.4 0.5 0.0999999
v -1.3 0.2 0.0999999
v -1.3 0.3 0.0999999
v -1.3 0.4 0.0999999
v -0.6 0.5 0.0999999
v -0.6 0.6 0.0999999
v -0.6 0.8 0.0999999
v -0.5 0.5 0.0999999
v -0.5 0.6 0.0999999
v -0.5 0.8 0.0999999
v -0.5 0.9 0.0999999
v -0.5 1.2 0.0999999
v -0.4 0.9 0.0999999
v -0.4 1.2 0.0999999
v -0.4 1.4 0.0999999
v -0.3 0.6 0.0999999
v -0.3 0.8 0.0999999
v -0.3 0.9 0.0999999
v -0.3 1.2 0.0999999
v -0.3 1.4 0.0999999
v -0.3 1.5 0.0999999
v -0.2 0.6 0.0999999
v -0.2 0.8 0.0999999
v -0.2 0.9 0.0999999
v -0.2 1.4 0.0999999
v -0.2 1.5 0.0999999
v -0.1 0.2 0.0999999
v -0.1 0.3 0.0999999
v 0 0.2 0.0999999
v 0 0.3 0.0999999
v 0.1 0.2 0.0999999
v 0.1 0.3 0.0999999
v 0.1 0.4 0.0999999
v 0.1 0.5 0.0999999
v 0.1 0.7 0.0999999
v 0.2 0.3 0.0999999
v 0.2 0.4 0.0999999
v 0.2 0.5 0.0999999
v 0.2 0.7 0.0999999
v 0.2 0.8 0.0999999
v 0.3 0.4 0.0999999
v 0.3 0.5 0.0999999
v 0.3 0.7 0.0999999
v 0.3 0.8 0.0999999
v 0.4 0.6 0.0999999
v 0.4 0.7 0.0999999
v 0.4 0.8 0.0999999
v 0.5 0.6 0.0999999
v 0.5 0.7 0.0999999
v 0.8 0.4 0.0999999
v 0.8 0.5 0.0999999
v 0.9 0.4 0.0999999
v 0.9 0.5 0.0999999
v -0.5 0.5 0
v -0.5 0.6 0
v -0.5 0.8 0
v -0.5 0.9 0
v -0.4 0.5 0
v -0.4 0.6 0
v -0.4 0.9 0
v -0.4 1.2 0
v -0.3 0.6 0
v -0.3 0.8 0
v -0.3 0.9 0
v -0.3 1.2 0
v -0.3 1.4 0
v -0.2 0.9 0
v -0.2 1.4 0
v 0.2 0.5 0
v 0.2 0.7 0
v 0.3 0.5 0
v 0.3 0.6 0
v 0.3 0.7 0
v 0.4 0.5 0
v 0.4 0.6 0
v 0.4 0.7 0
v 0.6 0.5 0
v 0.7 0.4 0
v 0.7 0.5 0
v 0.7 0.6 0
v 0.8 0.4 0
v 0.8 0.5 0
v 1.7 0.1 0
v 1.7 0.2 0
v 1.8 0.1 0
v 1.8 0.2 0
v -0.4 0.5 -0.1
v -0.4 0.6 -0.1
v -0.3 0.4 -0.1
v -0.3 0.5 -0.1
v -0.2 0.5 -0.1
v -0.2 0.6 -0.1
v -0.1 0.4 -0.1
v -0.1 0.5 -0.1
v 1.5 0.2 -0.1
v 1.5 0.3 -0.1
v 1.6 0.2 -0.1
v 1.6 0.3 -0.1
v -1.8 0.3 -0.2
v -1.8 0.4 -0.2
v -1.7 0.3 -0.2
v -1.7 0.4 -0.2
v -1.7 0.5 -0.2
v -1.5 0.4 -0.2
v -1.5 0.5 -0.2
v 0.3 0.4 -0.2
v 0.3 0.5 -0.2
v 0.5 0.4 -0.2
v 0.7 0.4 -0.2
v 0.7 0.5 -0.2
v 1 0.3 -0.2
v 1 0.4 -0.2
v 1.1 0.3 -0.2
v 1.1 0.4 -0.2
v -1.8 0.6 -0.3
v -1.8 0.8 -0.3
v -1.7 0.5 -0.3
v -1.7 0.6 -0.3
v -1.7 0.8 -0.3
v -1.7 0.9 -0.3
v -1.6 0.5 -0.3
v -1.6 0.6 -0.3
v -1.6 0.8 -0.3
v -1.6 0.9 -0.3
v -1.6 1 -0.3
v -1.5 0.9 -0.3
v -1.4 0.9 -0.3
v -1.3 0.9 -0.3
v -1.3 1 -0.3
v -0.1 0.2 -0.3
v -0.1 0.3 -0.3
v 0 0.2 -0.3
v 0 0.3 -0.3
v 1.3 0.2 -0.3
v 1.3 0.3 -0.3
v 1.5 0.2 -0.3
v 1.5 0.3 -0.3
v -1.8 0 -0.4
v -1.8 0.3 -0.4
v -1.7 0 -0.4
v -1.7 0.2 -0.4
v -1.7 0.3 -0.4
v -1.7 0.6 -0.4
v -1.7 0.8 -0.4
v -1.6 0.5 -0.4
v -1.6 0.6 -0.4
v -1.6 0.8 -0.4
v -1.6 0.9 -0.4
v -1.5 0.8 -0.4
v -1.5 0.9 -0.4
v -1.4 0.5 -0.4
v -1.4 0.6 -0.4
v -1.4 0.8 -0.4
v -1.4 0.9 -0.4
v 0.1 0.2 -0.4
v 0.1 0.3 -0.4
v 0.2 0.2 -0.4
v 0.2 0.3 -0.4
v 0.2 0.4 -0.4
v 0.3 0.3 -0.4
v 0.3 0.4 -0.4
v 1.5 0.1 -0.4
v 1.5 0.2 -0.4
v 1.6 0.1 -0.4
v 1.6 0.2 -0.4
v 1.9 0.1 -0.4
v 1.9 0.2 -0.4
v 2 0.1 -0.4
v 2 0.2 -0.4
v -1.6 0.6 -0.5
v -1.6 0.8 -0.5
v -1.5 0.6 -0.5
v -1.5 0.7 -0.5
v -1.4 0.7 -0.5
v -1.4 0.8 -0.5
v 1 0.4 -0.5
v 1 0.5 -0.5
v 1.1 0.4 -0.5
v 1.1 0.5 -0.5
v -1.3 0.9 -0.6
v -1.3 1 -0.6
v -1.2 0.9 -0.6
v -1.2 1 -0.6
v -1.2 1.1 -0.6
v -1 0.8 -0.6
v -1 1 -0.6
v -1 1.1 -0.6
v -0.9 0.9 -0.6
v -0.9 1 -0.6
v -0.8 0.7 -0.6
v -0.8 0.8 -0.6
v -0.8 0.9 -0.6
v -0.7 0.6 -0.6
v -0.7 0.7 -0.6
v -0.7 0.8 -0.6
v -0.6 0.6 -0.6
v -0.6 0.7 -0.6
v 0.4 1 -0.6
v 0.4 1.1 -0.6
v 0.6 0.3 -0.6
v 0.6 0.4 -0.6
v 0.6 0.6 -0.6
v 0.6 0.7 -0.6
v 0.6 0.9 -0.6
v 0.6 1 -0.6
v 0.6 1.1 -0.6
v 0.7 0.3 -0.6
v 0.7 0.4 -0.6
v 0.7 0.6 -0.6
v 0.7 0.7 -0.6
v 0.7 0.8 -0.6
v 0.7 0.9 -0.6
v 0.7 1 -0.6
v 0.8 0.7 -0.6
v 0.8 0.8 -0.6
v 0.8 0.9 -0.6
v 0.9 0.7 -0.6
v 0.9 0.8 -0.6
v 1 0.3 -0.6
v 1 0.4 -0.6
v 1.2 0.2 -0.6
v 1.2 0.3 -0.6
v 1.2 0.4 -0.6
v 1.3 0.2 -0.6
v 1.3 0.3 -0.6
v 1.4 0.1 -0.6
v 1.4 0.2 -0.6
v 1.5 0.1 -0.6
v 1.5 0.2 -0.6
v -1.8 0.2 -0.7
v -1.8 0.3 -0.7
v -1.7 0.2 -0.7
v -1.7 0.3 -0.7
v -1.7 0.4 -0.7
v -1.6 0.3 -0.7
v -1.6 0.4 -0.7
v -1.2 0.9 -0.7
v -1.2 1 -0.7
v -1 0.9 -0.7
v -1 1 -0.7
v -0.9 0.7 -0.7
v -0.9 0.8 -0.7
v -0.8 0.6 -0.7
v -0.8 0.7 -0.7
v -0.8 0.8 -0.7
v -0.7 0.6 -0.7
v -0.7 0.7 -0.7
v 0.2 0.2 -0.7
v 0.2 0.3 -0.7
v 0.3 0.2 -0.7
v 0.3 0.3 -0.7
v 0.3 0.4 -0.7
v 0.4 0.9 -0.7
v 0.4 1 -0.7
v 0.5 0.8 -0.7
v 0.5 0.9 -0.7
v 0.6 0.2 -0.7
v 0.6 0.3 -0.7
v 0.6 0.4 -0.7
v 0.6 0.7 -0.7
v 0.6 0.8 -0.7
v 0.6 0.9 -0.7
v 0.6 1 -0.7
v 0.7 0.2 -0.7
v 0.7 0.3 -0.7
v 0.7 0.4 -0.7
v 0.7 0.6 -0.7
v 0.7 0.7 -0.7
v 0.7 0.8 -0.7
v 0.7 0.9 -0.7
v 0.8 0.7 -0.7
v 0.8 0.8 -0.7
v 0.9 0.2 -0.7
v 0.9 0.3 -0.7
v 0.9 0.6 -0.7
v 0.9 0.7 -0.7
v 1 0.3 -0.7
v 1 0.4 -0.7
v 1 0.6 -0.7
v 1.1 0.2 -0.7
v 1.1 0.3 -0.7
v 1.2 0.2 -0.7
v 1.2 0.3 -0.7
v -1.1 0.8 -0.8
v -1.1 0.9 -0.8
v -1 0.7 -0.8
v -1 0.8 -0.8
v -1 0.9 -0.8
v -0.9 0.6 -0.8
v -0.9 0.7 -0.8
v -0.9 0.8 -0.8
v -0.8 0.6 -0.8
v -0.8 0.7 -0.8
v 0.3 0.2 -0.8
v 0.3 0.3 -0.8
v 0.6 0.2 -0.8
v 0.6 0.3 -0.8
v -0.2 0.3 -0.9
v -0.2 0.4 -0.9
v -0.1 0.3 -0.9
v -0.1 0.4 -0.9
v 1 0.2 -0.9
v 1 0.3 -0.9
v 1.1 0.2 -0.9
v 1.1 0.3 -0.9
v -1.9 0 -1
v -1.9 0.1 -1
v -1.8 0 -1
v -1.8 0.1 -1
v -1.8 0.2 -1
v -1.7 0.1 -1
v -1.7 0.2 -1
v -1.7 0.3 -1
v -1.7 0.4 -1
v -1.6 0.3 -1
v -1.6 0.4 -1
v -1.6 0.6 -1
v -1.6 0.8 -1
v -1.5 0.6 -1
v -1.5 0.8 -1
v -0.4 0.5 -1
v -0.4 0.6 -1
v -0.3 0.4 -1
v -0.3 0.5 -1
v -0.3 0.6 -1
v -0.2 0.4 -1
v -0.2 0.5 -1
v -1.8 0 -1.1
v -1.8 0.1 -1.1
v -1.7 0 -1.1
v -1.7 0.1 -1.1
v -0.4 0.4 -1.1
v -0.4 0.5 -1.1
v -0.3 0.4 -1.1
v -0.3 0.5 -1.1
v 0.1 0.5 -1.1
v 0.1 0.6 -1.1
v 0.3 0.5 -1.1
v 0.3 0.6 -1.1
v 0.9 0.3 -1.2
v 0.9 0.4 -1.2
v 1 0.3 -1.2
v 1 0.4 -1.2
v -0.7 0.7 -1.3
v -0.7 0.8 -1.3
v -0.6 0.7 -1.3
v -0.6 0.8 -1.3
v 0 0.4 -1.3
v 0 0.5 -1.3
v 0.1 0.4 -1.3
v 0.1 0.5 -1.3
v 0.7 0.3 -1.3
v 0.7 0.4 -1.3
v 0.8 0.3 -1.3
v 0.8 0.4 -1.3
v 1.8 0.1 -1.3
v 1.8 0.2 -1.3
v 1.9 0 -1.3
v 1.9 0.1 -1.3
v 1.9 0.2 -1.3
v 2 0 -1.3
v 2 0.1 -1.3
v -1 0.8 -1.4
v -1 0.9 -1.4
v -0.9 0.8 -1.4
v -0.9 0.9 -1.4
v 0.4 0.5 -1.4
v 0.4 0.6 -1.4
v 0.5 0.4 -1.4
v 0.5 0.5 -1.4
v 0.5 0.6 -1.4
v 0.6 0.4 -1.4
v 0.6 0.5 -1.4
v 1.2 0.3 -1.4
v 1.2 0.4 -1.4
v 1.3 0.2 -1.4
v 1.3 0.3 -1.4
v 1.3 0.4 -1.4
v 1.4 0.2 -1.4
v 1.4 0.3 -1.4
v -1.3 1 -1.5
v -1.3 1.1 -1.5
v -1.1 0.7 -1.5
v -1.1 1 -1.5
v -1.1 1.1 -1.5
v -1 0.8 -1.5
v -1 1 -1.5
v -0.8 0.7 -1.5
v -0.8 0.8 -1.5
v -0.5 0.4 -1.5
v -0.5 0.6 -1.5
v -0.4 0.4 -1.5
v -0.4 0.5 -1.5
v -0.4 0.6 -1.5
v -0.4 0.7 -1.5
v -0.4 0.8 -1.5
v -0.3 0.5 -1.5
v -0.3 0.7 -1.5
v -0.3 0.8 -1.5
v -0.1 0.5 -1.5
v -0.1 0.6 -1.5
v 0 0.3 -1.5
v 0 0.4 -1.5
v 0 0.5 -1.5
v 0.1 0.2 -1.5
v 0.1 0.3 -1.5
v 0.1 0.4 -1.5
v 0.1 0.5 -1.5
v 0.2 0.2 -1.5
v 0.2 0.5 -1.5
v 0.2 0.6 -1.5
v 0.2 0.7 -1.5
v 0.2 0.8 -1.5
v 0.4 0.4 -1.5
v 0.4 0.5 -1.5
v 0.5 0.3 -1.5
v 0.5 0.4 -1.5
v 0.5 0.5 -1.5
v 0.5 0.6 -1.5
v 0.5 0.7 -1.5
v 0.6 0.3 -1.5
v 0.6 0.4 -1.5
v 0.6 0.6 -1.5
v 0.6 0.7 -1.5
v 0.9 0.3 -1.5
v 0.9 0.4 -1.5
v 1.2 0.2 -1.5
v 1.2 0.3 -1.5
v 1.2 0.4 -1.5
v 1.3 0.2 -1.5
v 1.3 0.3 -1.5
v 1.6 0.1 -1.5
v 1.6 0.2 -1.5
v 1.7 0.1 -1.5
v 1.7 0.2 -1.5
v 1.8 0 -1.5
v 1.8 0.1 -1.5
v 1.8 0.2 -1.5
v 1.9 0 -1.5
v 1.9 0.1 -1.5
v -1.7 0.5 -1.6
v -1.7 0.6 -1.6
v -1.6 0.5 -1.6
v -1.6 0.6 -1.6
v -1.6 0.7 -1.6
v -1.6 0.9 -1.6
v -1.5 0.7 -1.6
v -1.5 0.9 -1.6
v -1.5 1 -1.6
v -1.1 0.9 -1.6
v -1.1 1 -1.6
v -0.8 0.7 -1.6
v -0.8 0.8 -1.6
v -0.7 0.5 -1.6
v -0.7 0.6 -1.6
v -0.6 0.4 -1.6
v -0.6 0.5 -1.6
v -0.5 0.4 -1.6
v -0.5 0.6 -1.6
v -0.4 0.5 -1.6
v -0.4 0.6 -1.6
v -0.4 0.7 -1.6
v -0.4 0.8 -1.6
v -0.3 0.5 -1.6
v -0.3 0.6 -1.6
v -0.2 0.6 -1.6
v -0.2 0.7 -1.6
v -0.1 0.3 -1.6
v -0.1 0.4 -1.6
v -0.1 0.5 -1.6
v -0.1 0.6 -1.6
v 0 0.3 -1.6
v 0 0.4 -1.6
v 0.2 0.3 -1.6
v 0.2 0.5 -1.6
v 0.2 0.6 -1.6
v 0.3 0.3 -1.6
v 0.3 0.4 -1.6
v 0.4 0.4 -1.6
v 0.4 0.5 -1.6
v 0.4 0.6 -1.6
v 0.5 0.6 -1.6
v 0.5 0.7 -1.6
v 0.7 0.3 -1.6
v 0.7 0.4 -1.6
v 0.8 0.3 -1.6
v 0.9 0.2 -1.6
v 0.9 0.3 -1.6
v 0.9 0.4 -1.6
v 1.2 0.2 -1.6
v 1.2 0.3 -1.6
v 1.3 0.1 -1.6
v 1.3 0.2 -1.6
v 1.5 0.1 -1.6
v 1.5 0.2 -1.6
v 1.6 0 -1.6
v 1.6 0.1 -1.6
v 1.6 0.2 -1.6
v 1.8 0 -1.6
v 1.8 0.1 -1.6
v -1.8 0.2 -1.7
v -1.8 0.3 -1.7
v -1.8 0.4 -1.7
v -1.7 0.2 -1.7
v -1.7 0.3 -1.7
v -1.7 0.4 -1.7
v -1.7 0.5 -1.7
v -1.6 0.4 -1.7
v -1.6 0.5 -1.7
v -1.5 0.8 -1.7
v -1.5 0.9 -1.7
v -1.3 0.8 -1.7
v -1.3 0.9 -1.7
v -0.8 0.6 -1.7
v -0.8 0.7 -1.7
v -0.7 0.6 -1.7
v -0.3 0.3 -1.7
v -0.3 0.4 -1.7
v -0.3 0.6 -1.7
v -0.3 0.7 -1.7
v -0.2 0.6 -1.7
v -0.2 0.7 -1.7
v -0.1 0.3 -1.7
v -0.1 0.4 -1.7
v 0.6 0.2 -1.7
v 0.6 0.3 -1.7
v 0.8 0.1 -1.7
v 0.8 0.2 -1.7
v 0.8 0.3 -1.7
v 0.9 0.2 -1.7
v 0.9 0.3 -1.7
v 1.3 0 -1.7
v 1.3 0.1 -1.7
v 1.3 0.2 -1.7
v 1.6 0 -1.7
v 1.6 0.1 -1.7
v -1.7 0.2 -1.8
v -1.7 0.3 -1.8
v -1.7 0.4 -1.8
v -1.6 0.2 -1.8
v -1.6 0.3 -1.8
v -1.6 0.4 -1.8
v -1.6 0.7 -1.8
v -1.5 0.3 -1.8
v -1.5 0.7 -1.8
v -1.5 0.8 -1.8
v -1.3 0.7 -1.8
v -1.3 0.8 -1.8
v -0.8 0.5 -1.8
v -0.8 0.6 -1.8
v -0.7 0.4 -1.8
v -0.7 0.5 -1.8
v -0.7 0.6 -1.8
v -0.6 0.3 -1.8
v -0.6 0.4 -1.8
v -0.6 0.5 -1.8
v -0.5 0.3 -1.8
v -0.5 0.4 -1.8
v -0.3 0.3 -1.8
v -0.3 0.4 -1.8
v -0.2 0.2 -1.8
v -0.2 0.3 -1.8
v 0.3 0.2 -1.8
v 0.3 0.3 -1.8
v 0.3 0.4 -1.8
v 0.5 0 -1.8
v 0.5 0.1 -1.8
v 0.5 0.3 -1.8
v 0.5 0.4 -1.8
v 0.6 0.2 -1.8
v 0.6 0.3 -1.8
v 0.8 0.1 -1.8
v 0.8 0.2 -1.8
v 1.3 0 -1.8
v 1.3 0.1 -1.8
v -1.6 0.2 -1.9
v -1.6 0.3 -1.9
v -1.5 0.2 -1.9
v -1.5 0.3 -1.9
v -1.5 0.7 -1.9
v -1.4 0.4 -1.9
v -1.4 0.7 -1.9
v -1.3 0.3 -1.9
v -1.3 0.4 -1.9
v -1.1 0.3 -1.9
v -1.1 0.4 -1.9
v -1.1 0.9 -1.9
v -1.1 1 -1.9
v -1 0.3 -1.9
v -1 0.4 -1.9
v -1 0.8 -1.9
v -1 0.9 -1.9
v -1 1 -1.9
v -0.9 0.8 -1.9
v -0.9 0.9 -1.9
v -0.8 0.3 -1.9
v -0.8 0.4 -1.9
v -0.7 0.4 -1.9
v -0.6 0.3 -1.9
v -0.6 0.4 -1.9
v -0.5 0.2 -1.9
v -0.5 0.3 -1.9
v -0.2 0 -1.9
v -0.2 0.2 -1.9
v -0.2 0.3 -1.9
v 0.3 0.2 -1.9
v 0.3 0.3 -1.9
v 0.4 0 -1.9
v 0.4 0.1 -1.9
v 0.5 0 -1.9
v 0.5 0.1 -1.9
v 0.5 0.3 -1.9
v -1.9 0 -2
v -1.9 0.1 -2
v -1.8 0.1 -2
v -1.8 0.2 -2
v -1.5 0.2 -2
v -1.5 0.3 -2
v -1.4 0.4 -2
v -1.4 0.9 -2
v -1.3 0.3 -2
v -1.3 0.4 -2
v -1.3 0.9 -2
v -1.3 1 -2
v -1.1 0.3 -2
v -1.1 0.4 -2
v -1.1 0.9 -2
v -1.1 1 -2
v -1 0.3 -2
v -1 0.4 -2
v -1 0.8 -2
v -1 0.9 -2
v -0.8 0.3 -2
v -0.8 0.4 -2
v -0.8 0.7 -2
v -0.8 0.8 -2
v -0.7 0.4 -2
v -0.7 0.7 -2
v -0.5 0 -2
v -0.5 0.1 -2
v -0.5 0.2 -2
v -0.5 0.3 -2
v -0.4 0 -2
v -0.4 0.1 -2
v -0.2 0 -2
v -0.2 0.2 -2
v 1 0 1.8
v 1.5 0 1.8
v -0.7 0 1.7
v 0.2 0 1.7
v 0.5 0 1.7
v 1 0 1.7
v 1.5 0 1.7
v 1.6 0 1.7
v -1.2 0 1.6
v -0.7 0 1.6
v 0.2 0 1.6
v 0.5 0 1.6
v 1.4 0 1.6
v 1.6 0 1.6
v 1.7 0 1.6
v -1.4 0 1.5
v -1.2 0 1.5
v -0.6 0 1.5
v 0.1 0 1.5
v 1.4 0 1.5
v 1.6 0 1.5
v 1.7 0 1.5
v 1.8 0 1.5
v -1.2 0 1.4
v -0.6 0 1.4
v 0.1 0 1.4
v 0.5 0 1.4
v -1.5 0 1.3
v -1.4 0 1.3
v -1.3 0 1.3
v -1.2 0 1.3
v 1.8 0 1.2
v 1.9 0 1.2
v -1.6 0 1.1
v -1.5 0 1.1
v 1.6 0 1.1
v 1.7 0 1.1
v -1.7 0 1
v -1.6 0 1
v -1.5 0 1
v -1.3 0 1
v -0.5 0 1
v -0.4 0 1
v -0.3 0 1
v -0.2 0 1
v -0.6 0 0.9
v -0.5 0 0.9
v -0.4 0 0.9
v -0.3 0 0.9
v -0.2 0 0.9
v -0.1 0 0.9
v -1.8 0 0.8
v -1.7 0 0.8
v -0.7 0 0.8
v -0.6 0 0.8
v -0.4 0 0.8
v -0.3 0 0.8
v -0.2 0 0.8
v -0.1 0 0.8
v 1.6 0 0.8
v 1.7 0 0.8
v -0.7 0 0.7
v -0.6 0 0.7
v -0.4 0 0.7
v -0.3 0 0.7
v -0.2 0 0.7
v 1.4 0 0.7
v 1.6 0 0.7
v 1.7 0 0.7
v 1.8 0 0.7
v -1.6 0 0.6
v -1.5 0 0.6
v -0.6 0 0.6
v -0.4 0 0.6
v 1.7 0 0.6
v 1.8 0 0.6
v 1.7 0 0.5
v 1.8 0 0.5
v 1.9 0 0.5
v 2 0 0.5
v -1.8 0 0.4
v -1.7 0 0.4
v -1.6 0 0.4
v -1.5 0 0.4
v -1.7 0 0.3
v -1.6 0 0.3
v -1.5 0 0.3
v -1.4 0 0.3
v -1.4 0 0.2
v -1.3 0 0.2
v -1.4 0 0.0999999
v -1.3 0 0.0999999
v 1.4 0 0.0999999
v 1.5 0 0.0999999
v -1.7 0 0
v -1.6 0 0
v -1.5 0 0
v -1.4 0 0
v -1.6 0 -0.1
v -1.5 0 -0.1
v 1.4 0 -0.1
v 1.5 0 -0.1
v -1.8 0 -0.2
v -1.7 0 -0.2
v -1.6 0 -0.2
v 1.7 0 -0.2
v 1.8 0 -0.2
v -1.6 0 -0.3
v -1.5 0 -0.3
v -0.1 0 -0.3
v 0.1 0 -0.3
v 1.3 0 -0.3
v 1.4 0 -0.3
v 1.7 0 -0.3
v 1.8 0 -0.3
v -1.8 0 -0.4
v -1.7 0 -0.4
v -0.2 0 -0.4
v -0.1 0 -0.4
v 0.1 0 -0.4
v 0.2 0 -0.4
v -0.2 0 -0.5
v -0.1 0 -0.5
v 1.3 0 -0.5
v 1.4 0 -0.5
v -1.8 0 -0.6
v -1.7 0 -0.6
v -0.1 0 -0.6
v 0 0 -0.6
v 0.1 0 -0.6
v 0.2 0 -0.6
v -1.9 0 -0.7
v -1.8 0 -0.7
v -1.6 0 -0.7
v -1.5 0 -0.7
v 0 0 -0.7
v 0.1 0 -0.7
v 1.4 0 -0.7
v 1.5 0 -0.7
v 1.8 0 -0.7
v 1.9 0 -0.7
v 1.5 0 -0.8
v 1.6 0 -0.8
v 1.5 0 -0.9
v 1.6 0 -0.9
v -1.9 0 -1
v -1.8 0 -1
v -1.6 0 -1
v -1.5 0 -1
v 1.4 0 -1
v 1.5 0 -1
v 1.8 0 -1
v 1.9 0 -1
v -1.8 0 -1.1
v -1.7 0 -1.1
v 1.4 0 -1.1
v 1.5 0 -1.1
v 1.7 0 -1.1
v 1.8 0 -1.1
v 1.5 0 -1.2
v 1.7 0 -1.2
v 1.8 0 -1.2
v 1.9 0 -1.3
v 2 0 -1.3
v 1.6 0 -1.4
v 1.7 0 -1.4
v 1.4 0 -1.5
v 1.6 0 -1.5
v 1.8 0 -1.5
v 1.9 0 -1.5
v -1.8 0 -1.6
v -1.7 0 -1.6
v 0.5 0 -1.6
v 1.4 0 -1.6
v 1.6 0 -1.6
v 1.8 0 -1.6
v -1.9 0 -1.7
v -1.8 0 -1.7
v -1.6 0 -1.7
v -1.5 0 -1.7
v -0.2 0 -1.7
v 0.3 0 -1.7
v 0.4 0 -1.7
v 0.5 0 -1.7
v 1.3 0 -1.7
v 1.6 0 -1.7
v -1.4 0 -1.8
v -0.6 0 -1.8
v -0.3 0 -1.8
v -0.2 0 -1.8
v 0.3 0 -1.8
v 0.4 0 -1.8
v 0.5 0 -1.8
v 1.3 0 -1.8
v -1.6 0 -1.9
v -1.4 0 -1.9
v -0.6 0 -1.9
v -0.5 0 -1.9
v -0.4 0 -1.9
v -0.3 0 -1.9
v -0.2 0 -1.9
v 0.4 0 -1.9
v 0.5 0 -1.9
v -1.9 0 -2
v -0.5 0 -2
v -0.4 0 -2
v -0.2 0 -2
v -1.4 0.1 1.6
v -1.2 0.1 1.6
v -1.5 0.1 1.5
v -1.4 0.1 1.5
v -1.2 0.1 1.5
v -1.6 0.1 1.4
v -1.5 0.1 1.4
v -1.7 0.1 1.3
v -1.6 0.1 1.3
v -1.5 0.1 1.3
v -1.4 0.1 1.3
v -1.6 0.1 1.1
v -1.5 0.1 1.1
v -1.7 0.1 1
v -1.6 0.1 1
v -1.7 0.1 0.0999999
v -1.6 0.1 0.0999999
v -1.8 0.1 0
v -1.7 0.1 0
v -1.6 0.1 0
v -1.8 0.1 -0.2
v -1.7 0.1 -0.2
v -1.8 0.1 -0.5
v -1.7 0.1 -0.5
v -1.8 0.1 -0.6
v -1.7 0.1 -0.6
v -1.8 0.1 -1.3
v -1.7 0.1 -1.3
v -1.8 0.1 -1.6
v -1.7 0.1 -1.6
v 0.3 0.2 1.2
v 0.4 0.2 1.2
v 0.3 0.2 1.1
v 0.4 0.2 1.1
v -1.1 0.3 1.3
v -0.9 0.3 1.3
v -1.1 0.3 1.1
v -1 0.3 1.1
v 0.1 0.3 1.1
v 0.2 0.3 1.1
v -1.1 0.3 1
v -1 0.3 1
v 0.1 0.3 1
v 0.2 0.3 1
v -1.1 0.3 0.9
v -0.9 0.3 0.9
v -1.7 0.3 0.3
v -1.6 0.3 0.3
v -1.7 0.3 0.2
v -1.6 0.3 0.2
v -1.5 0.3 0.2
v -1.6 0.3 0.0999999
v -1.5 0.3 0.0999999
v 0.3 0.3 -0.9
v 0.4 0.3 -0.9
v 0.3 0.3 -1
v 0.4 0.3 -1
v 0.4 0.3 -1.1
v 0.5 0.3 -1.1
v 0.4 0.3 -1.2
v 0.5 0.3 -1.2
v -1.2 0.4 1.3
v -1.1 0.4 1.3
v -1.2 0.4 1.1
v -1.1 0.4 1.1
v -0.2 0.4 0.2
v -0.1 0.4 0.2
v -1.4 0.4 0.0999999
v -1.3 0.4 0.0999999
v -0.2 0.4 0.0999999
v -1.4 0.4 0
v -1.3 0.4 0
v -0.2 0.4 -0.1
v -0.1 0.4 -0.1
v -1.4 0.4 -1.9
v -1.3 0.4 -1.9
v -1.1 0.4 -1.9
v -1 0.4 -1.9
v -0.8 0.4 -1.9
v -0.7 0.4 -1.9
v -1.4 0.4 -2
v -1.3 0.4 -2
v -1.1 0.4 -2
v -1 0.4 -2
v -0.8 0.4 -2
v -0.7 0.4 -2
v 0.5 0.5 1.2
v 0.7 0.5 1.2
v 0.5 0.5 1.1
v 0.7 0.5 1.1
v 0.8 0.5 1.1
v 0.9 0.5 1.1
v 0.7 0.5 0.9
v 0.8 0.5 0.9
v 0.3 0.5 0.8
v 0.4 0.5 0.8
v 0.7 0.5 0.8
v 0.4 0.5 0.7
v 0.7 0.5 0.7
v 0.9 0.5 0.7
v 0.3 0.5 0.6
v 0.7 0.5 0.6
v 0.1 0.5 0.3
v 0.2 0.5 0.3
v 0.1 0.5 0.0999999
v 0.2 0.5 0.0999999
v 0.3 0.5 0.0999999
v 0.2 0.5 0
v 0.3 0.5 0
v -1.7 0.5 -0.2
v -1.5 0.5 -0.2
v -1.7 0.5 -0.3
v -1.6 0.5 -0.3
v -1.6 0.5 -0.4
v -1.5 0.5 -0.4
v 0 0.5 -1.3
v 0.1 0.5 -1.3
v -0.4 0.5 -1.5
v -0.3 0.5 -1.5
v -0.1 0.5 -1.5
v 0 0.5 -1.5
v 0.1 0.5 -1.5
v -0.4 0.5 -1.6
v -0.3 0.5 -1.6
v -0.1 0.5 -1.6
v 0.9 0.6 0.9
v 1 0.6 0.9
v 0.9 0.6 0.8
v 1 0.6 0.8
v 0.7 0.6 0.7
v 0.9 0.6 0.7
v 0.7 0.6 0.6
v 0.9 0.6 0.6
v -1.7 0.6 0.0999999
v -1.4 0.6 0.0999999
v -1.8 0.6 0
v -1.7 0.6 0
v -1.4 0.6 0
v -1.8 0.6 -0.3
v -1.7 0.6 -0.3
v -1.6 0.6 -0.3
v -1.7 0.6 -0.4
v -1.6 0.6 -0.4
v -1.4 0.6 -0.4
v -1.6 0.6 -0.5
v -1.5 0.6 -0.5
v -1.4 0.6 -0.5
v -0.4 0.6 -1.2
v -0.3 0.6 -1.2
v -0.4 0.6 -1.3
v -0.3 0.6 -1.3
v 0.4 0.6 -1.4
v 0.5 0.6 -1.4
v 0.6 0.6 -1.4
v -0.5 0.6 -1.5
v -0.4 0.6 -1.5
v -0.1 0.6 -1.5
v 0.2 0.6 -1.5
v 0.4 0.6 -1.5
v 0.5 0.6 -1.5
v 0.6 0.6 -1.5
v -0.7 0.6 -1.6
v -0.5 0.6 -1.6
v -0.4 0.6 -1.6
v -0.3 0.6 -1.6
v -0.2 0.6 -1.6
v -0.1 0.6 -1.6
v 0.2 0.6 -1.6
v 0.4 0.6 -1.6
v 0.5 0.6 -1.6
v -0.7 0.6 -1.7
v -0.3 0.6 -1.7
v -0.2 0.6 -1.7
v 0.8 0.7 1.1
v 0.9 0.7 1.1
v 0.8 0.7 1
v 0.9 0.7 1
v 1 0.7 1
v 0.9 0.7 0.9
v 1 0.7 0.9
v 0.9 0.7 0.8
v 1 0.7 0.8
v 0.9 0.7 0.6
v 1 0.7 0.6
v -1.5 0.7 0.2
v -1.3 0.7 0.2
v -1.5 0.7 0.0999999
v -1.3 0.7 0.0999999
v 0.6 0.7 -0.6
v 0.7 0.7 -0.6
v 0.6 0.7 -0.7
v 0.7 0.7 -0.7
v 0.9 0.8 1.1
v 1 0.8 1.1
v 0.9 0.8 1
v 1 0.8 1
v 1.1 0.8 1
v 1.1 0.8 0.9
v 1.2 0.8 0.9
v 1.1 0.8 0.8
v 1.2 0.8 0.8
v 1 0.8 0.6
v 1.1 0.8 0.6
v 0.5 0.8 -0.4
v 0.6 0.8 -0.4
v 0.5 0.8 -0.7
v 0.6 0.8 -0.7
v 1.1 0.9 1
v 1.2 0.9 1
v 1.1 0.9 0.9
v 1.2 0.9 0.9
v 1.1 0.9 0.8
v 1.2 0.9 0.8
v 1.3 0.9 0.8
v 1.2 0.9 0.7
v 1.3 0.9 0.7
v 0.9 0.9 0.6
v 1 0.9 0.6
v 1.1 0.9 0.6
v 1.2 0.9 0.6
v 0.9 0.9 0.5
v 1 0.9 0.5
v -0.3 0.9 0.0999999
v -0.2 0.9 0.0999999
v -0.3 0.9 0
v -0.2 0.9 0
v 0.4 0.9 -0.4
v 0.5 0.9 -0.4
v 0.4 0.9 -0.7
v 0.5 0.9 -0.7
v 1.2 1 0.9
v 1.3 1 0.9
v 1.2 1 0.8
v 1.3 1 0.8
v 1.4 1 0.8
v 0.8 1 0.7
v 0.9 1 0.7
v 1.2 1 0.7
v 1.3 1 0.7
v 1.4 1 0.7
v 0.8 1 0.6
v 0.9 1 0.6
v 1 1 0.6
v 1.2 1 0.6
v 1.3 1 0.6
v 1 1 0.5
v 1.2 1 0.5
v 1.1 1.1 1
v 1.2 1.1 1
v 1.1 1.1 0.9
v 1.2 1.1 0.9
v 1.3 1.1 0.7
v 1.4 1.1 0.7
v 1.2 1.1 0.6
v 1.3 1.1 0.6
v 1.4 1.1 0.6
v 1.2 1.1 0.5
v 1.3 1.1 0.5
v 1.3 1.2 0.9
v 1.4 1.2 0.9
v 1.3 1.2 0.8
v 1.4 1.2 0.8
v 1.5 1.2 0.8
v 1.4 1.2 0.7
v 1.5 1.2 0.7
v 1 0.1 1.8
v 1.5 0.1 1.8
v -0.7 0.1 1.7
v -0.5 0.1 1.7
v 0 0.1 1.7
v 0.2 0.1 1.7
v 0.5 0.1 1.7
v 1 0.1 1.7
v 1.3 0.1 1.7
v 1.4 0.1 1.7
v 1.5 0.1 1.7
v 1.6 0.1 1.7
v -0.8 0.1 1.6
v -0.7 0.1 1.6
v -0.5 0.1 1.6
v 0 0.1 1.6
v 0.2 0.1 1.6
v 0.3 0.1 1.6
v 0.5 0.1 1.6
v 1 0.1 1.6
v 1.5 0.1 1.6
v 1.6 0.1 1.6
v 1.7 0.1 1.6
v -0.8 0.1 1.5
v -0.7 0.1 1.5
v 0.2 0.1 1.5
v 0.3 0.1 1.5
v 1.2 0.1 1.5
v 1.3 0.1 1.5
v 1.6 0.1 1.5
v 1.7 0.1 1.5
v 1.8 0.1 1.5
v 1.1 0.1 1.4
v 1.2 0.1 1.4
v 1.3 0.1 1.4
v 1.4 0.1 1.4
v 1.7 0.1 1.4
v -0.7 0.1 1.3
v -0.4 0.1 1.3
v 0 0.1 1.3
v 0.3 0.1 1.3
v 1.1 0.1 1.3
v 1.4 0.1 1.3
v 1.7 0.1 1.3
v -0.7 0.1 1.2
v -0.4 0.1 1.2
v 0 0.1 1.2
v 0.3 0.1 1.2
v 0.4 0.1 1.2
v 1.7 0.1 1.2
v 1.8 0.1 1.2
v 1.9 0.1 1.2
v 0.3 0.1 1.1
v 0.4 0.1 1.1
v 1.3 0.1 1.1
v 1.4 0.1 1.1
v -1.7 0.1 1
v -1.6 0.1 1
v 1.3 0.1 1
v 1.4 0.1 1
v 1.5 0.1 1
v -1.7 0.1 0.9
v -1.6 0.1 0.9
v 1.4 0.1 0.9
v 1.5 0.1 0.9
v -1.8 0.1 0.8
v -1.7 0.1 0.8
v 1.5 0.1 0.8
v 1.6 0.1 0.8
v 1.8 0.1 0.8
v 1.5 0.1 0.7
v 1.6 0.1 0.7
v -1.8 0.1 0.6
v -1.7 0.1 0.6
v 1.5 0.1 0.6
v 1.8 0.1 0.5
v 1.9 0.1 0.5
v 2 0.1 0.5
v 1.5 0.1 0.3
v 1.6 0.1 0.3
v 1.7 0.1 0.3
v -1.6 0.1 0.2
v -1.5 0.1 0.2
v 1.9 0.1 0.2
v 2 0.1 0.2
v -1.6 0.1 0.0999999
v -1.5 0.1 0.0999999
v 1.6 0.1 0.0999999
v 1.7 0.1 0.0999999
v 1.7 0.1 0
v 1.8 0.1 0
v 1.7 0.1 -0.2
v 1.8 0.1 -0.2
v 1.5 0.1 -0.4
v 1.6 0.1 -0.4
v 1.9 0.1 -0.4
v 2 0.1 -0.4
v 1.4 0.1 -0.6
v 1.5 0.1 -0.6
v 1.9 0.1 -0.6
v -1.9 0.1 -0.7
v -1.8 0.1 -0.7
v 1.4 0.1 -0.7
v 1.5 0.1 -0.7
v 1.6 0.1 -0.7
v -1.9 0.1 -1
v -1.8 0.1 -1
v -1.7 0.1 -1
v 1.4 0.1 -1
v 1.5 0.1 -1
v -1.8 0.1 -1.1
v -1.7 0.1 -1.1
v 1.4 0.1 -1.1
v 1.5 0.1 -1.1
v 1.9 0.1 -1.1
v 1.8 0.1 -1.3
v 1.9 0.1 -1.3
v 2 0.1 -1.3
v 1.6 0.1 -1.5
v 1.7 0.1 -1.5
v 1.8 0.1 -1.5
v 1.9 0.1 -1.5
v 1.3 0.1 -1.6
v 1.5 0.1 -1.6
v 1.6 0.1 -1.6
v 1.8 0.1 -1.6
v -1.9 0.1 -1.7
v -1.8 0.1 -1.7
v 0.8 0.1 -1.7
v 1.3 0.1 -1.7
v 1.6 0.1 -1.7
v 0.8 0.1 -1.8
v 1.3 0.1 -1.8
v -1.9 0.1 -2
v -1.8 0.1 -2
v -0.5 0.2 1.7
v 0 0.2 1.7
v 1 0.2 1.7
v 1.3 0.2 1.7
v 1.4 0.2 1.7
v 1.5 0.2 1.7
v -1.1 0.2 1.6
v -0.8 0.2 1.6
v -0.7 0.2 1.6
v -0.5 0.2 1.6
v 0 0.2 1.6
v 0.2 0.2 1.6
v 0.3 0.2 1.6
v 0.5 0.2 1.6
v 1 0.2 1.6
v 1.3 0.2 1.6
v 1.4 0.2 1.6
v 1.5 0.2 1.6
v 1.6 0.2 1.6
v -1.1 0.2 1.5
v -0.8 0.2 1.5
v -0.7 0.2 1.5
v -0.5 0.2 1.5
v 0 0.2 1.5
v 0.2 0.2 1.5
v 0.3 0.2 1.5
v 0.5 0.2 1.5
v 0.7 0.2 1.5
v 1.2 0.2 1.5
v 1.3 0.2 1.5
v 1.5 0.2 1.5
v 1.6 0.2 1.5
v 1.7 0.2 1.5
v -0.8 0.2 1.4
v -0.7 0.2 1.4
v -0.5 0.2 1.4
v 0 0.2 1.4
v 0.2 0.2 1.4
v 0.3 0.2 1.4
v 0.7 0.2 1.4
v 0.8 0.2 1.4
v 1.1 0.2 1.4
v 1.2 0.2 1.4
v 1.3 0.2 1.4
v 1.4 0.2 1.4
v 1.6 0.2 1.4
v 1.7 0.2 1.4
v -1.1 0.2 1.3
v -0.9 0.2 1.3
v -0.8 0.2 1.3
v -0.7 0.2 1.3
v -0.4 0.2 1.3
v 0 0.2 1.3
v 0.3 0.2 1.3
v 0.6 0.2 1.3
v 1.1 0.2 1.3
v 1.4 0.2 1.3
v 1.6 0.2 1.3
v 1.7 0.2 1.3
v -0.5 0.2 1.2
v -0.4 0.2 1.2
v 0 0.2 1.2
v 0.1 0.2 1.2
v 0.3 0.2 1.2
v 0.4 0.2 1.2
v 0.6 0.2 1.2
v 0.8 0.2 1.2
v 0.9 0.2 1.2
v 1.6 0.2 1.2
v 1.7 0.2 1.2
v 1.8 0.2 1.2
v -1.1 0.2 1.1
v -1 0.2 1.1
v 0 0.2 1.1
v 0.1 0.2 1.1
v 0.2 0.2 1.1
v 0.9 0.2 1.1
v 1 0.2 1.1
v 1.3 0.2 1.1
v 1.4 0.2 1.1
v -1.6 0.2 1
v -1.5 0.2 1
v -1.3 0.2 1
v -1.2 0.2 1
v -1 0.2 1
v -0.7 0.2 1
v -0.6 0.2 1
v -0.5 0.2 1
v -0.4 0.2 1
v -0.1 0.2 1
v 0 0.2 1
v 0.1 0.2 1
v 0.2 0.2 1
v 1 0.2 1
v 1.1 0.2 1
v 1.3 0.2 1
v 1.4 0.2 1
v 1.5 0.2 1
v -1.7 0.2 0.9
v -1.6 0.2 0.9
v -1.5 0.2 0.9
v -1.4 0.2 0.9
v -1.3 0.2 0.9
v -0.9 0.2 0.9
v -0.8 0.2 0.9
v -0.7 0.2 0.9
v -0.6 0.2 0.9
v 1.1 0.2 0.9
v 1.4 0.2 0.9
v 1.5 0.2 0.9
v -1.4 0.2 0.8
v -1.3 0.2 0.8
v -0.8 0.2 0.8
v -0.7 0.2 0.8
v -0.6 0.2 0.8
v 0 0.2 0.8
v 1.5 0.2 0.8
v 1.6 0.2 0.8
v 1.7 0.2 0.8
v 1.8 0.2 0.8
v -0.6 0.2 0.7
v -0.5 0.2 0.7
v -0.4 0.2 0.7
v -0.3 0.2 0.7
v -0.1 0.2 0.7
v 1 0.2 0.7
v 1.2 0.2 0.7
v -1.8 0.2 0.6
v -1.7 0.2 0.6
v -1.6 0.2 0.6
v -0.5 0.2 0.6
v -0.4 0.2 0.6
v -0.3 0.2 0.6
v 1 0.2 0.6
v 1.1 0.2 0.6
v 1.4 0.2 0.6
v 1.5 0.2 0.6
v -1.1 0.2 0.5
v -1 0.2 0.5
v -0.4 0.2 0.5
v -0.2 0.2 0.5
v 1.8 0.2 0.5
v 1.9 0.2 0.5
v -1.8 0.2 0.4
v -1.7 0.2 0.4
v -1.2 0.2 0.4
v -1.1 0.2 0.4
v -1 0.2 0.4
v -0.9 0.2 0.4
v -0.2 0.2 0.4
v -0.1 0.2 0.4
v 1.2 0.2 0.4
v 1.4 0.2 0.4
v -1.2 0.2 0.3
v -0.9 0.2 0.3
v -0.1 0.2 0.3
v 0 0.2 0.3
v 1.1 0.2 0.3
v 1.2 0.2 0.3
v 1.5 0.2 0.3
v 1.6 0.2 0.3
v 1.7 0.2 0.3
v 1.8 0.2 0.2
v 1.9 0.2 0.2
v 2 0.2 0.2
v -1.4 0.2 0.0999999
v -1.3 0.2 0.0999999
v -0.1 0.2 0.0999999
v 0 0.2 0.0999999
v 0.1 0.2 0.0999999
v 1.3 0.2 0.0999999
v 1.4 0.2 0.0999999
v 1.6 0.2 0.0999999
v 1.7 0.2 0.0999999
v 1.8 0.2 0.0999999
v 1.9 0.2 0.0999999
v -1.4 0.2 0
v -1.3 0.2 0
v 1.2 0.2 0
v 1.3 0.2 0
v 1.4 0.2 0
v 1.7 0.2 0
v 1.8 0.2 0
v -0.1 0.2 -0.1
v 0 0.2 -0.1
v 1.5 0.2 -0.1
v 1.6 0.2 -0.1
v 0.1 0.2 -0.2
v 1.2 0.2 -0.2
v 1.3 0.2 -0.2
v 1.7 0.2 -0.2
v 1.8 0.2 -0.2
v -0.1 0.2 -0.3
v 0 0.2 -0.3
v 0.1 0.2 -0.3
v 1.2 0.2 -0.3
v 1.3 0.2 -0.3
v 1.5 0.2 -0.3
v -0.1 0.2 -0.4
v 0.1 0.2 -0.4
v 0.2 0.2 -0.4
v 1.5 0.2 -0.4
v 1.6 0.2 -0.4
v 1.9 0.2 -0.4
v 2 0.2 -0.4
v -0.1 0.2 -0.5
v 0.2 0.2 -0.5
v -0.1 0.2 -0.6
v 0 0.2 -0.6
v 0.1 0.2 -0.6
v 1.2 0.2 -0.6
v 1.3 0.2 -0.6
v 1.4 0.2 -0.6
v 1.5 0.2 -0.6
v 1.8 0.2 -0.6
v 1.9 0.2 -0.6
v -1.8 0.2 -0.7
v -1.7 0.2 -0.7
v 0.1 0.2 -0.7
v 0.2 0.2 -0.7
v 0.3 0.2 -0.7
v 0.6 0.2 -0.7
v 0.7 0.2 -0.7
v 0.9 0.2 -0.7
v 1.1 0.2 -0.7
v 1.2 0.2 -0.7
v 1.5 0.2 -0.7
v 1.6 0.2 -0.7
v 0.2 0.2 -0.8
v 0.3 0.2 -0.8
v 0.6 0.2 -0.8
v 0.8 0.2 -0.8
v 0.9 0.2 -0.8
v 1 0.2 -0.9
v 1.1 0.2 -0.9
v -1.8 0.2 -1
v -1.7 0.2 -1
v 0.3 0.2 -1
v 0.4 0.2 -1
v 0.7 0.2 -1
v 0.8 0.2 -1
v 1 0.2 -1
v 1.1 0.2 -1
v 0.6 0.2 -1.1
v 0.7 0.2 -1.1
v 1.1 0.2 -1.1
v 1.3 0.2 -1.1
v 1.4 0.2 -1.1
v 1.5 0.2 -1.1
v 1.8 0.2 -1.1
v 1.9 0.2 -1.1
v 0.4 0.2 -1.2
v 0.6 0.2 -1.2
v 1.3 0.2 -1.2
v 1.4 0.2 -1.2
v 1.5 0.2 -1.2
v 1.8 0.2 -1.2
v 1.4 0.2 -1.3
v 1.5 0.2 -1.3
v 1.7 0.2 -1.3
v 1.8 0.2 -1.3
v 1.9 0.2 -1.3
v 1.3 0.2 -1.4
v 1.4 0.2 -1.4
v 0.1 0.2 -1.5
v 0.2 0.2 -1.5
v 1.2 0.2 -1.5
v 1.3 0.2 -1.5
v 1.5 0.2 -1.5
v 1.6 0.2 -1.5
v 1.7 0.2 -1.5
v 1.8 0.2 -1.5
v 0.1 0.2 -1.6
v 0.2 0.2 -1.6
v 0.9 0.2 -1.6
v 1.2 0.2 -1.6
v 1.3 0.2 -1.6
v 1.5 0.2 -1.6
v 1.6 0.2 -1.6
v -1.8 0.2 -1.7
v -1.7 0.2 -1.7
v 0.6 0.2 -1.7
v 0.8 0.2 -1.7
v 0.9 0.2 -1.7
v 1.3 0.2 -1.7
v -1.7 0.2 -1.8
v -1.6 0.2 -1.8
v -0.2 0.2 -1.8
v 0.3 0.2 -1.8
v 0.6 0.2 -1.8
v 0.8 0.2 -1.8
v -1.6 0.2 -1.9
v -1.5 0.2 -1.9
v -0.5 0.2 -1.9
v -0.2 0.2 -1.9
v 0.3 0.2 -1.9
v -1.8 0.2 -2
v -1.5 0.2 -2
v -0.5 0.2 -2
v -0.2 0.2 -2
v -1.4 0.3 1.6
v -1.2 0.3 1.6
v -1.1 0.3 1.6
v -0.5 0.3 1.6
v 0 0.3 1.6
v -1.5 0.3 1.5
v -1.4 0.3 1.5
v -1.2 0.3 1.5
v -1.1 0.3 1.5
v -0.8 0.3 1.5
v 0.3 0.3 1.5
v 0.7 0.3 1.5
v -1.6 0.3 1.4
v -1.5 0.3 1.4
v -0.5 0.3 1.4
v 0 0.3 1.4
v 0.3 0.3 1.4
v 0.4 0.3 1.4
v 0.7 0.3 1.4
v 0.8 0.3 1.4
v -1.7 0.3 1.3
v -1.6 0.3 1.3
v -1.4 0.3 1.3
v -1.2 0.3 1.3
v -1.1 0.3 1.3
v -0.9 0.3 1.3
v -0.8 0.3 1.3
v -0.7 0.3 1.3
v 0.4 0.3 1.3
v 0.6 0.3 1.3
v -0.9 0.3 1.2
v -0.7 0.3 1.2
v -0.5 0.3 1.2
v 0.6 0.3 1.2
v 0.8 0.3 1.2
v 0.9 0.3 1.2
v -1.2 0.3 1.1
v -1.1 0.3 1.1
v 0.8 0.3 1.1
v 0.9 0.3 1.1
v 1 0.3 1.1
v -1.7 0.3 1
v -1.6 0.3 1
v -0.9 0.3 1
v -0.7 0.3 1
v -0.5 0.3 1
v 0 0.3 1
v 0.2 0.3 1
v 0.9 0.3 1
v 1 0.3 1
v 1.1 0.3 1
v -1.6 0.3 0.9
v -1.5 0.3 0.9
v -1.4 0.3 0.9
v -1.3 0.3 0.9
v -1.1 0.3 0.9
v -0.9 0.3 0.9
v -0.8 0.3 0.9
v -0.7 0.3 0.9
v 0.1 0.3 0.9
v 0.2 0.3 0.9
v 1.1 0.3 0.9
v 1.4 0.3 0.9
v -1.4 0.3 0.8
v -1.3 0.3 0.8
v -0.9 0.3 0.8
v -0.8 0.3 0.8
v -0.6 0.3 0.8
v 0 0.3 0.8
v 0.1 0.3 0.8
v 0.2 0.3 0.8
v 0.3 0.3 0.8
v 0.4 0.3 0.8
v -1.5 0.3 0.7
v -1.3 0.3 0.7
v -0.8 0.3 0.7
v -0.6 0.3 0.7
v -0.5 0.3 0.7
v 0.3 0.3 0.7
v 0.4 0.3 0.7
v 0.6 0.3 0.7
v 0.9 0.3 0.7
v 1 0.3 0.7
v 1.2 0.3 0.7
v -1.7 0.3 0.6
v -1.6 0.3 0.6
v -1.5 0.3 0.6
v -1.1 0.3 0.6
v -1 0.3 0.6
v -0.6 0.3 0.6
v -0.5 0.3 0.6
v -0.4 0.3 0.6
v 0.4 0.3 0.6
v 0.6 0.3 0.6
v 0.9 0.3 0.6
v 1 0.3 0.6
v 1.1 0.3 0.6
v -1.1 0.3 0.5
v -1 0.3 0.5
v -0.9 0.3 0.5
v -0.8 0.3 0.5
v -0.5 0.3 0.5
v -0.4 0.3 0.5
v -1.7 0.3 0.4
v -1.6 0.3 0.4
v -1 0.3 0.4
v -0.9 0.3 0.4
v -0.8 0.3 0.4
v -0.5 0.3 0.4
v -0.4 0.3 0.4
v 1.2 0.3 0.4
v 1.4 0.3 0.4
v -0.9 0.3 0.3
v 0 0.3 0.3
v 1 0.3 0.3
v 1.1 0.3 0.3
v 1.2 0.3 0.3
v -0.9 0.3 0.2
v -0.8 0.3 0.2
v -0.2 0.3 0.2
v 0 0.3 0.2
v -0.2 0.3 0.0999999
v -0.1 0.3 0.0999999
v 0 0.3 0.0999999
v 0.1 0.3 0.0999999
v 0.2 0.3 0.0999999
v 1.4 0.3 0.0999999
v 1.6 0.3 0.0999999
v 1.3 0.3 0
v 1.4 0.3 0
v -0.2 0.3 -0.1
v -0.1 0.3 -0.1
v 0 0.3 -0.1
v 0.2 0.3 -0.1
v 1.5 0.3 -0.1
v 1.6 0.3 -0.1
v -1.8 0.3 -0.2
v -1.7 0.3 -0.2
v 0.1 0.3 -0.2
v 0.2 0.3 -0.2
v 1 0.3 -0.2
v 1.1 0.3 -0.2
v -0.1 0.3 -0.3
v 0 0.3 -0.3
v 1 0.3 -0.3
v 1.2 0.3 -0.3
v 1.3 0.3 -0.3
v 1.5 0.3 -0.3
v -1.8 0.3 -0.4
v -1.7 0.3 -0.4
v 0.1 0.3 -0.4
v 0.2 0.3 -0.4
v 0.3 0.3 -0.4
v -1.8 0.3 -0.5
v -1.7 0.3 -0.5
v 0.2 0.3 -0.5
v 0.3 0.3 -0.5
v 0 0.3 -0.6
v 0.1 0.3 -0.6
v 0.6 0.3 -0.6
v 0.7 0.3 -0.6
v 1 0.3 -0.6
v 1.2 0.3 -0.6
v 1.3 0.3 -0.6
v -1.8 0.3 -0.7
v -1.7 0.3 -0.7
v -1.6 0.3 -0.7
v 0 0.3 -0.7
v 0.1 0.3 -0.7
v 0.2 0.3 -0.7
v 0.3 0.3 -0.7
v 0.6 0.3 -0.7
v 0.7 0.3 -0.7
v 0.9 0.3 -0.7
v 1 0.3 -0.7
v 1.1 0.3 -0.7
v 1.2 0.3 -0.7
v -1.7 0.3 -0.8
v -1.6 0.3 -0.8
v 0.3 0.3 -0.8
v 0.6 0.3 -0.8
v 0.8 0.3 -0.8
v 0.9 0.3 -0.8
v -0.2 0.3 -0.9
v -0.1 0.3 -0.9
v 1 0.3 -0.9
v 1.1 0.3 -0.9
v -1.7 0.3 -1
v -1.6 0.3 -1
v -0.2 0.3 -1
v -0.1 0.3 -1
v 0.7 0.3 -1
v 0.8 0.3 -1
v 1 0.3 -1
v 1.1 0.3 -1
v 0.6 0.3 -1.1
v 0.7 0.3 -1.1
v 0.8 0.3 -1.1
v 1.1 0.3 -1.1
v 1.3 0.3 -1.1
v -1.7 0.3 -1.2
v -1.6 0.3 -1.2
v 0.6 0.3 -1.2
v 0.9 0.3 -1.2
v 1 0.3 -1.2
v 1.1 0.3 -1.2
v 1.3 0.3 -1.2
v 1.4 0.3 -1.2
v -1.8 0.3 -1.3
v -1.7 0.3 -1.3
v 0.7 0.3 -1.3
v 0.8 0.3 -1.3
v 0.9 0.3 -1.3
v 1 0.3 -1.3
v 1.1 0.3 -1.3
v 0.7 0.3 -1.4
v 0.8 0.3 -1.4
v 1.2 0.3 -1.4
v 1.3 0.3 -1.4
v 1.4 0.3 -1.4
v -1.8 0.3 -1.5
v -1.7 0.3 -1.5
v 0 0.3 -1.5
v 0.1 0.3 -1.5
v 0.5 0.3 -1.5
v 0.6 0.3 -1.5
v 0.9 0.3 -1.5
v 1.2 0.3 -1.5
v 1.3 0.3 -1.5
v -0.1 0.3 -1.6
v 0 0.3 -1.6
v 0.1 0.3 -1.6
v 0.2 0.3 -1.6
v 0.3 0.3 -1.6
v 0.5 0.3 -1.6
v 0.7 0.3 -1.6
v 0.8 0.3 -1.6
v 0.9 0.3 -1.6
v 1.2 0.3 -1.6
v -0.3 0.3 -1.7
v -0.1 0.3 -1.7
v 0.3 0.3 -1.7
v 0.5 0.3 -1.7
v 0.6 0.3 -1.7
v 0.8 0.3 -1.7
v 0.9 0.3 -1.7
v -1.6 0.3 -1.8
v -1.5 0.3 -1.8
v -0.6 0.3 -1.8
v -0.5 0.3 -1.8
v -0.3 0.3 -1.8
v -0.2 0.3 -1.8
v 0.3 0.3 -1.8
v 0.5 0.3 -1.8
v 0.6 0.3 -1.8
v -1.6 0.3 -1.9
v -1.5 0.3 -1.9
v -1.3 0.3 -1.9
v -1.1 0.3 -1.9
v -1 0.3 -1.9
v -0.8 0.3 -1.9
v -0.6 0.3 -1.9
v -0.5 0.3 -1.9
v -0.2 0.3 -1.9
v 0.3 0.3 -1.9
v 0.5 0.3 -1.9
v -1.5 0.3 -2
v -1.3 0.3 -2
v -1.1 0.3 -2
v -1 0.3 -2
v -0.8 0.3 -2
v -0.5 0.3 -2
v -1.4 0.4 1.5
v -1.1 0.4 1.5
v 0.3 0.4 1.4
v 0.4 0.4 1.4
v -1.6 0.4 1.3
v -1.5 0.4 1.3
v -1.4 0.4 1.3
v -1.2 0.4 1.3
v -1.1 0.4 1.3
v -0.9 0.4 1.3
v 0.3 0.4 1.3
v 0.4 0.4 1.3
v -1.6 0.4 1.2
v -1.5 0.4 1.2
v -1.1 0.4 1.2
v -0.9 0.4 1.2
v -0.7 0.4 1.2
v 0.5 0.4 1.2
v 0.8 0.4 1.2
v -1.6 0.4 1.1
v -1.5 0.4 1.1
v 0 0.4 1.1
v 0.1 0.4 1.1
v 0.5 0.4 1.1
v 0.8 0.4 1.1
v 0.9 0.4 1.1
v -1.6 0.4 1
v -1.5 0.4 1
v -1.3 0.4 1
v -1.1 0.4 1
v -0.9 0.4 1
v -0.7 0.4 1
v 0 0.4 1
v 0.1 0.4 1
v 0.8 0.4 1
v 0.9 0.4 1
v 1 0.4 1
v -1.5 0.4 0.9
v -1.3 0.4 0.9
v -1.1 0.4 0.9
v -0.9 0.4 0.9
v 0.2 0.4 0.9
v 0.3 0.4 0.9
v 0.7 0.4 0.9
v 0.8 0.4 0.9
v -1.3 0.4 0.8
v -0.9 0.4 0.8
v -0.8 0.4 0.8
v 0.1 0.4 0.8
v 0.2 0.4 0.8
v 0.3 0.4 0.8
v 0.4 0.4 0.8
v 0.7 0.4 0.8
v -1.3 0.4 0.7
v -1.1 0.4 0.7
v -0.9 0.4 0.7
v -0.8 0.4 0.7
v -0.6 0.4 0.7
v 0.3 0.4 0.7
v 0.4 0.4 0.7
v 0.6 0.4 0.7
v 0.7 0.4 0.7
v 0.9 0.4 0.7
v 1 0.4 0.7
v -1.3 0.4 0.6
v -1.2 0.4 0.6
v -1.1 0.4 0.6
v -1 0.4 0.6
v -0.6 0.4 0.6
v -0.5 0.4 0.6
v 0.2 0.4 0.6
v 0.4 0.4 0.6
v 0.6 0.4 0.6
v 0.9 0.4 0.6
v 1 0.4 0.6
v -1 0.4 0.5
v -0.8 0.4 0.5
v -0.6 0.4 0.5
v -0.5 0.4 0.5
v -0.4 0.4 0.5
v -0.2 0.4 0.5
v -1.2 0.4 0.4
v -1.1 0.4 0.4
v -0.8 0.4 0.4
v -0.6 0.4 0.4
v -0.5 0.4 0.4
v -0.4 0.4 0.4
v -0.2 0.4 0.4
v -0.7 0.4 0.3
v -0.6 0.4 0.3
v -0.1 0.4 0.3
v 0 0.4 0.3
v 1 0.4 0.3
v 1.1 0.4 0.3
v -0.8 0.4 0.2
v -0.7 0.4 0.2
v -0.1 0.4 0.2
v 0 0.4 0.2
v 0.9 0.4 0.2
v -1.7 0.4 0.0999999
v -1.6 0.4 0.0999999
v -1.5 0.4 0.0999999
v -1.4 0.4 0.0999999
v 0.1 0.4 0.0999999
v 0.2 0.4 0.0999999
v 0.3 0.4 0.0999999
v 0.8 0.4 0.0999999
v 0.9 0.4 0.0999999
v -1.8 0.4 0
v -1.7 0.4 0
v -1.5 0.4 0
v -1.4 0.4 0
v 0.3 0.4 0
v 0.7 0.4 0
v 0.8 0.4 0
v 0.9 0.4 0
v -0.3 0.4 -0.1
v -0.1 0.4 -0.1
v 0.2 0.4 -0.1
v 0.3 0.4 -0.1
v 0.7 0.4 -0.1
v 0.8 0.4 -0.1
v -1.8 0.4 -0.2
v -1.7 0.4 -0.2
v -1.5 0.4 -0.2
v 0.3 0.4 -0.2
v 0.5 0.4 -0.2
v 0.7 0.4 -0.2
v 0.8 0.4 -0.2
v 1 0.4 -0.2
v 1.1 0.4 -0.2
v -0.3 0.4 -0.3
v -0.2 0.4 -0.3
v 0.4 0.4 -0.3
v 0.5 0.4 -0.3
v 0.7 0.4 -0.3
v 0.8 0.4 -0.3
v 1.1 0.4 -0.3
v 1.2 0.4 -0.3
v -1.6 0.4 -0.4
v -1.5 0.4 -0.4
v 0.2 0.4 -0.4
v 0.3 0.4 -0.4
v 0.6 0.4 -0.4
v 0.7 0.4 -0.4
v 0.3 0.4 -0.5
v 0.4 0.4 -0.5
v 1 0.4 -0.5
v 1.1 0.4 -0.5
v -0.1 0.4 -0.6
v 0 0.4 -0.6
v 0.6 0.4 -0.6
v 1 0.4 -0.6
v 1.2 0.4 -0.6
v -1.7 0.4 -0.7
v -1.6 0.4 -0.7
v 0 0.4 -0.7
v 0.2 0.4 -0.7
v 0.3 0.4 -0.7
v 0.6 0.4 -0.7
v -1.7 0.4 -0.8
v -1.6 0.4 -0.8
v 0 0.4 -0.8
v 0.2 0.4 -0.8
v -0.2 0.4 -0.9
v -0.1 0.4 -0.9
v -1.7 0.4 -1
v -1.6 0.4 -1
v -0.3 0.4 -1
v -0.2 0.4 -1
v -0.1 0.4 -1
v 0.8 0.4 -1
v 1 0.4 -1
v -0.4 0.4 -1.1
v -0.3 0.4 -1.1
v -0.2 0.4 -1.1
v 0 0.4 -1.1
v 0.7 0.4 -1.1
v 0.8 0.4 -1.1
v -0.4 0.4 -1.2
v -0.2 0.4 -1.2
v 0.9 0.4 -1.2
v 1 0.4 -1.2
v 1.1 0.4 -1.2
v 1.3 0.4 -1.2
v 0 0.4 -1.3
v 0.1 0.4 -1.3
v 0.7 0.4 -1.3
v 0.8 0.4 -1.3
v 0.9 0.4 -1.3
v 1 0.4 -1.3
v 1.1 0.4 -1.3
v 0.5 0.4 -1.4
v 0.6 0.4 -1.4
v 0.7 0.4 -1.4
v 0.8 0.4 -1.4
v 1 0.4 -1.4
v 1.2 0.4 -1.4
v 1.3 0.4 -1.4
v -1.8 0.4 -1.5
v -1.7 0.4 -1.5
v -0.5 0.4 -1.5
v -0.4 0.4 -1.5
v 0 0.4 -1.5
v 0.1 0.4 -1.5
v 0.4 0.4 -1.5
v 0.5 0.4 -1.5
v 0.6 0.4 -1.5
v 0.9 0.4 -1.5
v 1.2 0.4 -1.5
v -0.6 0.4 -1.6
v -0.5 0.4 -1.6
v -0.1 0.4 -1.6
v 0 0.4 -1.6
v 0.3 0.4 -1.6
v 0.4 0.4 -1.6
v 0.7 0.4 -1.6
v 0.9 0.4 -1.6
v -1.8 0.4 -1.7
v -1.7 0.4 -1.7
v -1.6 0.4 -1.7
v -0.5 0.4 -1.7
v -0.3 0.4 -1.7
v -0.1 0.4 -1.7
v 0.3 0.4 -1.7
v 0.5 0.4 -1.7
v -1.7 0.4 -1.8
v -1.6 0.4 -1.8
v -0.7 0.4 -1.8
v -0.6 0.4 -1.8
v -0.5 0.4 -1.8
v -0.3 0.4 -1.8
v 0.3 0.4 -1.8
v 0.5 0.4 -1.8
v -0.7 0.4 -1.9
v -0.6 0.4 -1.9
v -1.5 0.5 1.3
v -1.2 0.5 1.3
v -1.1 0.5 1.3
v -1.6 0.5 1.2
v -1.5 0.5 1.2
v -1.2 0.5 1.2
v -1.1 0.5 1.2
v -0.9 0.5 1.2
v 0.1 0.5 1.2
v 0.3 0.5 1.2
v -1.6 0.5 1.1
v -1.5 0.5 1.1
v -1.3 0.5 1.1
v -1.2 0.5 1.1
v -1.1 0.5 1.1
v -1.5 0.5 1
v -1.3 0.5 1
v -0.9 0.5 1
v 0.1 0.5 1
v 0.2 0.5 1
v 0.2 0.5 0.9
v 0.3 0.5 0.9
v -1.5 0.5 0.7
v -1.3 0.5 0.7
v -1.6 0.5 0.6
v -1.5 0.5 0.6
v -1.3 0.5 0.6
v -1.2 0.5 0.6
v 0.2 0.5 0.6
v 0.3 0.5 0.6
v 0.7 0.5 0.6
v 0.9 0.5 0.6
v 0.3 0.5 0.5
v 0.8 0.5 0.5
v -1.7 0.5 0.4
v -1.6 0.5 0.4
v -1.5 0.5 0.4
v -0.6 0.5 0.4
v -0.5 0.5 0.4
v -0.2 0.5 0.4
v -0.1 0.5 0.4
v 0.2 0.5 0.4
v 0.3 0.5 0.4
v -1.2 0.5 0.3
v -1.1 0.5 0.3
v -0.9 0.5 0.3
v -0.7 0.5 0.3
v -0.6 0.5 0.3
v -0.5 0.5 0.3
v 0.8 0.5 0.3
v -1.7 0.5 0.2
v -1.6 0.5 0.2
v -1.3 0.5 0.2
v -1.2 0.5 0.2
v -1.1 0.5 0.2
v -1 0.5 0.2
v -0.9 0.5 0.2
v -0.7 0.5 0.2
v 0.7 0.5 0.2
v 0.8 0.5 0.2
v 0.9 0.5 0.2
v -1.6 0.5 0.0999999
v -1.4 0.5 0.0999999
v -1.3 0.5 0.0999999
v -1.2 0.5 0.0999999
v -0.9 0.5 0.0999999
v -0.7 0.5 0.0999999
v -0.6 0.5 0.0999999
v -0.5 0.5 0.0999999
v 0.8 0.5 0.0999999
v 0.9 0.5 0.0999999
v -0.7 0.5 0
v -0.6 0.5 0
v -0.5 0.5 0
v -0.4 0.5 0
v 0.3 0.5 0
v 0.4 0.5 0
v 0.6 0.5 0
v 0.7 0.5 0
v 0.8 0.5 0
v -0.5 0.5 -0.1
v -0.4 0.5 -0.1
v -0.3 0.5 -0.1
v -0.2 0.5 -0.1
v -0.1 0.5 -0.1
v 0.6 0.5 -0.1
v 0.7 0.5 -0.1
v -0.6 0.5 -0.2
v -0.5 0.5 -0.2
v 0.3 0.5 -0.2
v 0.7 0.5 -0.2
v 0.8 0.5 -0.2
v 1 0.5 -0.2
v -0.5 0.5 -0.3
v -0.4 0.5 -0.3
v -0.3 0.5 -0.3
v -0.2 0.5 -0.3
v 0.8 0.5 -0.3
v 1 0.5 -0.3
v 1.1 0.5 -0.3
v -1.6 0.5 -0.4
v -1.4 0.5 -0.4
v -1.5 0.5 -0.5
v -1.4 0.5 -0.5
v 1 0.5 -0.5
v 1.1 0.5 -0.5
v -1.6 0.5 -0.6
v -1.5 0.5 -0.6
v -0.4 0.5 -0.6
v -0.4 0.5 -0.7
v -0.3 0.5 -0.7
v 0 0.5 -0.8
v 0.3 0.5 -0.8
v 0.1 0.5 -0.9
v 0.3 0.5 -0.9
v 0.4 0.5 -0.9
v -0.4 0.5 -1
v -0.3 0.5 -1
v -0.2 0.5 -1
v -0.4 0.5 -1.1
v -0.3 0.5 -1.1
v -0.2 0.5 -1.1
v 0 0.5 -1.1
v 0.1 0.5 -1.1
v 0.3 0.5 -1.1
v 0.4 0.5 -1.1
v 0.5 0.5 -1.1
v -1.7 0.5 -1.2
v -1.6 0.5 -1.2
v -0.4 0.5 -1.2
v -0.3 0.5 -1.2
v -0.2 0.5 -1.2
v -0.1 0.5 -1.2
v 0.3 0.5 -1.2
v 0.5 0.5 -1.2
v 0.6 0.5 -1.2
v -0.4 0.5 -1.3
v -0.3 0.5 -1.3
v -0.1 0.5 -1.3
v 0.2 0.5 -1.3
v 0.3 0.5 -1.3
v -1.7 0.5 -1.4
v -1.6 0.5 -1.4
v 0.4 0.5 -1.4
v 0.5 0.5 -1.4
v 0.6 0.5 -1.4
v 0.4 0.5 -1.5
v 0.5 0.5 -1.5
v -1.7 0.5 -1.6
v -1.6 0.5 -1.6
v -0.7 0.5 -1.6
v -0.6 0.5 -1.6
v -1.7 0.5 -1.7
v -1.6 0.5 -1.7
v -0.8 0.5 -1.8
v -0.7 0.5 -1.8
v -0.6 0.5 -1.8
v -0.8 0.5 -1.9
v -0.7 0.5 -1.9
v -1.5 0.6 1.2
v -1.2 0.6 1.2
v -1.1 0.6 1.2
v 0.3 0.6 1.2
v 0.4 0.6 1.2
v -1.5 0.6 1.1
v -1.2 0.6 1.1
v -1.1 0.6 1.1
v 0.8 0.6 1.1
v 0.9 0.6 1.1
v 0.8 0.6 1
v 0.9 0.6 1
v 0.4 0.6 0.7
v -1.5 0.6 0.6
v -1.3 0.6 0.6
v 0.3 0.6 0.6
v 0.4 0.6 0.6
v 0.3 0.6 0.5
v 0.8 0.6 0.5
v -1.6 0.6 0.4
v -1.5 0.6 0.4
v -0.5 0.6 0.4
v -0.4 0.6 0.4
v 0.3 0.6 0.4
v 0.4 0.6 0.4
v -0.6 0.6 0.3
v -0.5 0.6 0.3
v -0.4 0.6 0.3
v 0.4 0.6 0.3
v 0.5 0.6 0.3
v 0.8 0.6 0.3
v -1.6 0.6 0.2
v -1.3 0.6 0.2
v -1.2 0.6 0.2
v -1 0.6 0.2
v -0.9 0.6 0.2
v -0.6 0.6 0.2
v -0.5 0.6 0.2
v 0.7 0.6 0.2
v 0.8 0.6 0.2
v -1.2 0.6 0.0999999
v -0.9 0.6 0.0999999
v -0.7 0.6 0.0999999
v -0.3 0.6 0.0999999
v -0.2 0.6 0.0999999
v 0.4 0.6 0.0999999
v 0.5 0.6 0.0999999
v -1.2 0.6 0
v -1 0.6 0
v -0.7 0.6 0
v -0.6 0.6 0
v -0.4 0.6 0
v -0.3 0.6 0
v 0.4 0.6 0
v 0.7 0.6 0
v -1 0.6 -0.1
v -0.8 0.6 -0.1
v -0.4 0.6 -0.1
v -0.2 0.6 -0.1
v -0.8 0.6 -0.2
v -0.7 0.6 -0.2
v -0.6 0.6 -0.2
v -0.5 0.6 -0.2
v -0.7 0.6 -0.3
v -0.6 0.6 -0.3
v -0.5 0.6 -0.3
v -0.4 0.6 -0.3
v 0.7 0.6 -0.3
v 0.8 0.6 -0.3
v 1 0.6 -0.3
v 0.7 0.6 -0.4
v 0.8 0.6 -0.4
v 0.9 0.6 -0.4
v 0.9 0.6 -0.5
v 1 0.6 -0.5
v -0.7 0.6 -0.6
v -0.6 0.6 -0.6
v -0.4 0.6 -0.6
v -0.8 0.6 -0.7
v -0.7 0.6 -0.7
v -0.4 0.6 -0.7
v -0.3 0.6 -0.7
v 0.9 0.6 -0.7
v 1 0.6 -0.7
v -0.9 0.6 -0.8
v -0.8 0.6 -0.8
v -0.7 0.6 -0.8
v -0.6 0.6 -0.8
v -0.5 0.6 -0.8
v -0.9 0.6 -0.9
v -0.7 0.6 -0.9
v -0.5 0.6 -0.9
v -0.4 0.6 -0.9
v 0.1 0.6 -0.9
v 0.3 0.6 -0.9
v -1.6 0.6 -1
v -1.5 0.6 -1
v -0.5 0.6 -1
v -0.4 0.6 -1
v -0.3 0.6 -1
v -1.6 0.6 -1.1
v -1.5 0.6 -1.1
v 0.1 0.6 -1.1
v 0.3 0.6 -1.1
v -0.5 0.6 -1.2
v -0.4 0.6 -1.2
v -0.3 0.6 -1.2
v -0.2 0.6 -1.2
v -0.1 0.6 -1.2
v 0.3 0.6 -1.2
v 0.5 0.6 -1.2
v -0.3 0.6 -1.3
v -0.2 0.6 -1.3
v -0.1 0.6 -1.3
v 0.3 0.6 -1.3
v 0.5 0.6 -1.3
v -1.7 0.6 -1.4
v -1.6 0.6 -1.4
v -1.7 0.6 -1.6
v -1.6 0.6 -1.6
v -0.8 0.6 -1.7
v -0.7 0.6 -1.7
v -0.8 0.6 -1.8
v -0.7 0.6 -1.8
v 0.4 0.7 1.2
v 0.7 0.7 1.2
v 0.4 0.7 1.1
v 0.7 0.7 1.1
v 0.4 0.7 0.7
v 0.5 0.7 0.7
v 0.4 0.7 0.6
v 0.5 0.7 0.6
v -0.4 0.7 0.4
v -0.2 0.7 0.4
v 0.2 0.7 0.4
v 0.4 0.7 0.4
v -0.4 0.7 0.3
v -0.2 0.7 0.3
v 0.1 0.7 0.3
v 0.2 0.7 0.3
v 0.4 0.7 0.3
v 0.5 0.7 0.3
v 0.4 0.7 0.2
v 0.1 0.7 0.0999999
v 0.2 0.7 0.0999999
v 0.3 0.7 0.0999999
v 0.4 0.7 0.0999999
v 0.5 0.7 0.0999999
v -1.2 0.7 0
v -1 0.7 0
v 0.2 0.7 0
v 0.3 0.7 0
v 0.4 0.7 0
v -1.2 0.7 -0.1
v -1 0.7 -0.1
v -0.8 0.7 -0.1
v -1 0.7 -0.2
v -0.8 0.7 -0.2
v -0.7 0.7 -0.2
v -0.8 0.7 -0.3
v -0.7 0.7 -0.3
v -0.6 0.7 -0.3
v 0.8 0.7 -0.4
v 0.9 0.7 -0.4
v -1.5 0.7 -0.5
v -1.4 0.7 -0.5
v 0.8 0.7 -0.5
v 0.9 0.7 -0.5
v -1.6 0.7 -0.6
v -1.5 0.7 -0.6
v -1.4 0.7 -0.6
v -0.8 0.7 -0.6
v -0.7 0.7 -0.6
v -0.6 0.7 -0.6
v 0.8 0.7 -0.6
v 0.9 0.7 -0.6
v -1.6 0.7 -0.7
v -1.5 0.7 -0.7
v -0.9 0.7 -0.7
v -0.8 0.7 -0.7
v -0.7 0.7 -0.7
v 0.8 0.7 -0.7
v 0.9 0.7 -0.7
v -1 0.7 -0.8
v -0.9 0.7 -0.8
v -0.8 0.7 -0.8
v -0.7 0.7 -0.8
v -0.6 0.7 -0.8
v -0.5 0.7 -0.8
v -1 0.7 -0.9
v -0.9 0.7 -0.9
v -0.7 0.7 -0.9
v -0.6 0.7 -0.9
v -0.5 0.7 -0.9
v -0.9 0.7 -1
v -0.8 0.7 -1
v -0.6 0.7 -1
v -0.5 0.7 -1
v -0.5 0.7 -1.2
v -0.3 0.7 -1.2
v -0.7 0.7 -1.3
v -0.6 0.7 -1.3
v -0.5 0.7 -1.3
v -0.4 0.7 -1.3
v -0.3 0.7 -1.3
v 0.5 0.7 -1.3
v -0.7 0.7 -1.4
v -0.6 0.7 -1.4
v -0.4 0.7 -1.4
v -0.3 0.7 -1.4
v 0.2 0.7 -1.4
v 0.5 0.7 -1.4
v 0.6 0.7 -1.4
v -1.1 0.7 -1.5
v -0.8 0.7 -1.5
v -0.4 0.7 -1.5
v -0.3 0.7 -1.5
v 0.2 0.7 -1.5
v 0.5 0.7 -1.5
v 0.6 0.7 -1.5
v -1.6 0.7 -1.6
v -1.5 0.7 -1.6
v -1.1 0.7 -1.6
v -1 0.7 -1.6
v -0.8 0.7 -1.6
v -0.4 0.7 -1.6
v -0.2 0.7 -1.6
v 0.5 0.7 -1.6
v -1 0.7 -1.7
v -0.9 0.7 -1.7
v -0.8 0.7 -1.7
v -0.3 0.7 -1.7
v -0.2 0.7 -1.7
v -1.6 0.7 -1.8
v -1.5 0.7 -1.8
v -1.3 0.7 -1.8
v -1.5 0.7 -1.9
v -1.4 0.7 -1.9
v -1.3 0.7 -1.9
v -0.9 0.7 -1.9
v -0.8 0.7 -1.9
v -0.7 0.7 -1.9
v -0.8 0.7 -2
v -0.7 0.7 -2
v 0.4 0.8 1.1
v 0.6 0.8 1.1
v 0.4 0.8 0.7
v 0.5 0.8 0.7
v 0.6 0.8 0.7
v 0.7 0.8 0.7
v 0.5 0.8 0.6
v 0.7 0.8 0.6
v 0.2 0.8 0.3
v 0.4 0.8 0.3
v -0.6 0.8 0.2
v -0.5 0.8 0.2
v 0.3 0.8 0.2
v 0.4 0.8 0.2
v -1.7 0.8 0.0999999
v -1.6 0.8 0.0999999
v -0.6 0.8 0.0999999
v -0.5 0.8 0.0999999
v 0.2 0.8 0.0999999
v 0.3 0.8 0.0999999
v 0.4 0.8 0.0999999
v -1.8 0.8 0
v -1.7 0.8 0
v -1.6 0.8 0
v -0.9 0.8 -0.2
v -0.8 0.8 -0.2
v -1.8 0.8 -0.3
v -1.7 0.8 -0.3
v -1.6 0.8 -0.3
v -0.9 0.8 -0.3
v -0.8 0.8 -0.3
v -0.7 0.8 -0.3
v -1.7 0.8 -0.4
v -1.6 0.8 -0.4
v -1.5 0.8 -0.4
v -1.4 0.8 -0.4
v 0.7 0.8 -0.4
v 0.8 0.8 -0.4
v -1.6 0.8 -0.5
v -1.4 0.8 -0.5
v 0.7 0.8 -0.5
v 0.8 0.8 -0.5
v 0.9 0.8 -0.5
v -1.5 0.8 -0.6
v -1.4 0.8 -0.6
v -1 0.8 -0.6
v -0.8 0.8 -0.6
v -0.7 0.8 -0.6
v 0.7 0.8 -0.6
v 0.8 0.8 -0.6
v 0.9 0.8 -0.6
v -1.6 0.8 -0.7
v -1.5 0.8 -0.7
v -1.4 0.8 -0.7
v -0.9 0.8 -0.7
v -0.8 0.8 -0.7
v 0.7 0.8 -0.7
v 0.8 0.8 -0.7
v -1.1 0.8 -0.8
v -1 0.8 -0.8
v -0.9 0.8 -0.8
v -1.1 0.8 -0.9
v -1 0.8 -0.9
v -0.9 0.8 -0.9
v -1.6 0.8 -1
v -1.5 0.8 -1
v -1 0.8 -1
v -0.9 0.8 -1
v -0.8 0.8 -1
v -0.6 0.8 -1
v -0.9 0.8 -1.1
v -0.8 0.8 -1.1
v -0.9 0.8 -1.2
v -0.7 0.8 -1.3
v -0.6 0.8 -1.3
v -0.4 0.8 -1.3
v -1 0.8 -1.4
v -0.9 0.8 -1.4
v -0.8 0.8 -1.4
v -0.7 0.8 -1.4
v -0.6 0.8 -1.4
v -0.4 0.8 -1.4
v -0.3 0.8 -1.4
v 0.2 0.8 -1.4
v -1 0.8 -1.5
v -0.8 0.8 -1.5
v -0.4 0.8 -1.5
v -0.3 0.8 -1.5
v 0.2 0.8 -1.5
v -0.8 0.8 -1.6
v -0.4 0.8 -1.6
v -1.5 0.8 -1.7
v -1.3 0.8 -1.7
v -1.5 0.8 -1.8
v -1.3 0.8 -1.8
v -1 0.8 -1.9
v -0.9 0.8 -1.9
v -0.8 0.8 -1.9
v -1 0.8 -2
v -0.8 0.8 -2
v 0.6 0.9 1.1
v 0.7 0.9 1.1
v 0.6 0.9 0.7
v 0.7 0.9 0.7
v 0.9 0.9 0.7
v 0.7 0.9 0.6
v 0.9 0.9 0.6
v -0.5 0.9 0.3
v -0.4 0.9 0.3
v -1.5 0.9 0.2
v -1.3 0.9 0.2
v -0.5 0.9 0.2
v -0.4 0.9 0.2
v -1.6 0.9 0.0999999
v -1.5 0.9 0.0999999
v -1.3 0.9 0.0999999
v -1.2 0.9 0.0999999
v -0.5 0.9 0.0999999
v -0.4 0.9 0.0999999
v -1.7 0.9 0
v -1.6 0.9 0
v -1.5 0.9 0
v -1.3 0.9 0
v -1.2 0.9 0
v -0.5 0.9 0
v -0.4 0.9 0
v -1.6 0.9 -0.1
v -1.5 0.9 -0.1
v -1.2 0.9 -0.1
v -1 0.9 -0.1
v -1.2 0.9 -0.2
v -1 0.9 -0.2
v -0.9 0.9 -0.2
v -1.7 0.9 -0.3
v -1.6 0.9 -0.3
v -1.5 0.9 -0.3
v -1.4 0.9 -0.3
v -1.3 0.9 -0.3
v -1.2 0.9 -0.3
v -1 0.9 -0.3
v -0.9 0.9 -0.3
v -0.8 0.9 -0.3
v -1.6 0.9 -0.4
v -1.5 0.9 -0.4
v -1.4 0.9 -0.4
v -1 0.9 -0.4
v -0.9 0.9 -0.4
v 0.6 0.9 -0.4
v 0.7 0.9 -0.4
v -0.9 0.9 -0.5
v 0.6 0.9 -0.5
v 0.7 0.9 -0.5
v 0.8 0.9 -0.5
v -1.3 0.9 -0.6
v -1.2 0.9 -0.6
v -0.9 0.9 -0.6
v -0.8 0.9 -0.6
v 0.6 0.9 -0.6
v 0.7 0.9 -0.6
v 0.8 0.9 -0.6
v -1.5 0.9 -0.7
v -1.4 0.9 -0.7
v -1.2 0.9 -0.7
v -1 0.9 -0.7
v 0.6 0.9 -0.7
v 0.7 0.9 -0.7
v -1.1 0.9 -0.8
v -1 0.9 -0.8
v -1.1 0.9 -0.9
v -1 0.9 -0.9
v -1.4 0.9 -1
v -1.2 0.9 -1
v -1.1 0.9 -1
v -1 0.9 -1
v -0.9 0.9 -1
v -1.6 0.9 -1.1
v -1.5 0.9 -1.1
v -1.4 0.9 -1.1
v -1 0.9 -1.2
v -0.9 0.9 -1.2
v -1 0.9 -1.4
v -0.9 0.9 -1.4
v -1.6 0.9 -1.6
v -1.5 0.9 -1.6
v -1.1 0.9 -1.6
v -1 0.9 -1.6
v -1.5 0.9 -1.7
v -1.3 0.9 -1.7
v -1.2 0.9 -1.7
v -1 0.9 -1.7
v -0.9 0.9 -1.7
v -1.4 0.9 -1.9
v -1.3 0.9 -1.9
v -1.2 0.9 -1.9
v -1.1 0.9 -1.9
v -1 0.9 -1.9
v -0.9 0.9 -1.9
v -1.4 0.9 -2
v -1.3 0.9 -2
v -1.1 0.9 -2
v -1 0.9 -2
v 0.7 1 1.1
v 1 1 1.1
v 0.8 1 1
v 1 1 1
v 1.1 1 1
v 1.2 1 1
v 1.1 1 0.9
v 1.2 1 0.9
v 0.7 1 0.7
v 0.8 1 0.7
v -1.5 1 0.0999999
v -1.3 1 0.0999999
v -1.6 1 -0.1
v -1.5 1 -0.1
v -1.2 1 -0.2
v -1 1 -0.2
v -1.6 1 -0.3
v -1.3 1 -0.3
v -1.2 1 -0.3
v -1.1 1 -0.3
v -1 1 -0.3
v -1.2 1 -0.4
v -1.1 1 -0.4
v -1 1 -0.4
v -0.9 1 -0.4
v 0.4 1 -0.4
v 0.5 1 -0.4
v -1 1 -0.5
v -0.9 1 -0.5
v 0.4 1 -0.5
v 0.5 1 -0.5
v 0.6 1 -0.5
v 0.7 1 -0.5
v -1.3 1 -0.6
v -1.2 1 -0.6
v -1 1 -0.6
v -0.9 1 -0.6
v 0.4 1 -0.6
v 0.6 1 -0.6
v 0.7 1 -0.6
v -1.2 1 -0.7
v -1 1 -0.7
v 0.4 1 -0.7
v 0.6 1 -0.7
v -1.4 1 -1
v -1.2 1 -1
v -1 1 -1
v -1.5 1 -1.1
v -1.4 1 -1.1
v -1.3 1 -1.1
v -1.2 1 -1.1
v -1.1 1 -1.1
v -1.1 1 -1.2
v -1 1 -1.2
v -1.3 1 -1.5
v -1.1 1 -1.5
v -1 1 -1.5
v -1.5 1 -1.6
v -1.1 1 -1.6
v -1.2 1 -1.7
v -1 1 -1.7
v -1.3 1 -1.9
v -1.2 1 -1.9
v -1.1 1 -1.9
v -1 1 -1.9
v -1.3 1 -2
v -1.1 1 -2
v 0.8 1.1 1
v 0.9 1.1 1
v 0.8 1.1 0.6
v 0.9 1.1 0.6
v 1 1.1 0.6
v 0.9 1.1 0.5
v 1 1.1 0.5
v -1.2 1.1 -0.4
v -1 1.1 -0.4
v 0.5 1.1 -0.4
v 0.6 1.1 -0.4
v 0.4 1.1 -0.5
v 0.5 1.1 -0.5
v -1.2 1.1 -0.6
v -1 1.1 -0.6
v 0.4 1.1 -0.6
v 0.6 1.1 -0.6
v -1.3 1.1 -1.1
v -1.1 1.1 -1.1
v -1.3 1.1 -1.5
v -1.1 1.1 -1.5
v 0.9 1.2 1
v 1 1.2 1
v 1 1.2 0.7
v 1.1 1.2 0.7
v 0.9 1.2 0.6
v 1 1.2 0.6
v 1.1 1.2 0.6
v 1.3 1.2 0.6
v 1 1.2 0.5
v 1.3 1.2 0.5
v -0.4 1.2 0.3
v -0.3 1.2 0.3
v -0.5 1.2 0.2
v -0.4 1.2 0.2
v -0.3 1.2 0.2
v -0.5 1.2 0.0999999
v -0.4 1.2 0.0999999
v -0.3 1.2 0.0999999
v -0.4 1.2 0
v -0.3 1.2 0
v 1 1.3 1
v 1.2 1.3 1
v 1.2 1.3 0.9
v 1.3 1.3 0.9
v 1.4 1.3 0.9
v 1.3 1.3 0.8
v 1.4 1.3 0.8
v 1 1.3 0.7
v 1.1 1.3 0.7
v 1.2 1.3 0.7
v 1.4 1.3 0.7
v 1.1 1.3 0.6
v 1.4 1.3 0.6
v 1.2 1.4 0.9
v 1.3 1.4 0.9
v 1.3 1.4 0.8
v 1.5 1.4 0.8
v 1.2 1.4 0.7
v 1.5 1.4 0.7
v -0.3 1.4 0.3
v -0.2 1.4 0.3
v -0.4 1.4 0.2
v -0.3 1.4 0.2
v -0.2 1.4 0.2
v -0.4 1.4 0.0999999
v -0.3 1.4 0.0999999
v -0.2 1.4 0.0999999
v -0.3 1.4 0
v -0.2 1.4 0
v -0.3 1.5 0.2
v -0.2 1.5 0.2
v -0.3 1.5 0.0999999
v -0.2 1.5 0.0999999

# faces
f 5/4/1 2/4/1 1/4/1
f 6/4/1 2/4/1 5/4/1
f 7/4/1 4/4/1 3/4/1
f 8/4/1 4/4/1 7/4/1
f 19/4/1 10/4/1 9/4/1
f 20/4/1 10/4/1 19/4/1
f 22/4/1 12/4/1 11/4/1
f 24/4/1 14/4/1 13/4/1
f 25/4/1 14/4/1 24/4/1
f 26/4/1 16/4/1 15/4/1
f 27/4/1 16/4/1 26/4/1
f 29/4/1 18/4/1 17/4/1
f 30/4/1 18/4/1 29/4/1
f 32/4/1 10/4/1 20/4/1
f 33/4/1 10/4/1 32/4/1
f 34/4/1 25/4/1 24/4/1
f 34/4/1 24/4/1 23/4/1
f 34/4/1 26/4/1 25/4/1
f 35/4/1 26/4/1 34/4/1
f 36/4/1 31/4/1 30/4/1
f 36/4/1 30/4/1 29/4/1
f 36/4/1 29/4/1 28/4/1
f 37/4/1 31/4/1 36/4/1
f 38/4/1 22/4/1 21/4/1
f 38/4/1 12/4/1 22/4/1
f 39/4/1 12/4/1 38/4/1
f 40/4/1 34/4/1 23/4/1
f 41/4/1 34/4/1 40/4/1
f 42/4/1 36/4/1 28/4/1
f 43/4/1 36/4/1 42/4/1
f 44/4/1 36/4/1 43/4/1
f 45/4/1 38/4/1 21/4/1
f 46/4/1 38/4/1 45/4/1
f 47/7/1 44/7/1 43/7/1
f 48/7/1 44/7/1 47/7/1
f 51/7/1 50/7/1 49/7/1
f 52/7/1 50/7/1 51/7/1
f 64/4/1 54/4/1 53/4/1
f 65/4/1 54/4/1 64/4/1
f 66/4/1 54/4/1 65/4/1
f 68/7/1 56/7/1 55/7/1
f 69/7/1 56/7/1 68/7/1
f 71/7/1 58/7/1 57/7/1
f 72/7/1 58/7/1 71/7/1
f 73/4/1 60/4/1 59/4/1
f 74/4/1 60/4/1 73/4/1
f 76/4/1 62/4/1 61/4/1
f 77/4/1 62/4/1 76/4/1
f 78/4/1 62/4/1 77/4/1
f 79/4/1 67/4/1 66/4/1
f 79/4/1 66/4/1 65/4/1
f 80/4/1 67/4/1 79/4/1
f 81/4/1 69/4/1 68/4/1
f 82/4/1 73/4/1 59/4/1
f 83/4/1 73/4/1 82/4/1
f 85/4/1 77/4/1 76/4/1
f 85/4/1 76/4/1 75/4/1
f 86/4/1 77/4/1 85/4/1
f 89/4/1 64/4/1 63/4/1
f 90/4/1 64/4/1 89/4/1
f 91/4/1 81/4/1 80/4/1
f 92/4/1 69/4/1 81/4/1
f 92/4/1 81/4/1 91/4/1
f 93/4/1 69/4/1 92/4/1
f 96/7/1 83/7/1 82/7/1
f 97/7/1 83/7/1 96/7/1
f 98/4/1 85/4/1 84/4/1
f 99/4/1 85/4/1 98/4/1
f 100/7/1 86/7/1 85/7/1
f 100/4/1 85/4/1 99/4/1
f 101/7/1 86/7/1 100/7/1
f 102/7/1 86/7/1 101/7/1
f 104/4/1 88/4/1 87/4/1
f 105/4/1 88/4/1 104/4/1
f 106/4/1 94/4/1 93/4/1
f 106/4/1 93/4/1 92/4/1
f 107/4/1 94/4/1 106/4/1
f 108/4/1 71/4/1 70/4/1
f 109/4/1 71/4/1 108/4/1
f 110/7/1 97/7/1 96/7/1
f 110/7/1 96/7/1 95/7/1
f 110/7/1 98/7/1 97/7/1
f 111/7/1 98/7/1 110/7/1
f 112/7/1 100/7/1 99/7/1
f 113/7/1 100/7/1 112/7/1
f 114/7/1 103/7/1 102/7/1
f 114/7/1 102/7/1 101/7/1
f 115/7/1 105/7/1 104/7/1
f 116/7/1 105/7/1 115/7/1
f 117/7/1 107/7/1 106/7/1
f 118/7/1 107/7/1 117/7/1
f 119/7/1 110/7/1 109/7/1
f 121/7/1 114/7/1 101/7/1
f 121/7/1 115/7/1 114/7/1
f 122/7/1 115/7/1 121/7/1
f 123/7/1 115/7/1 122/7/1
f 124/7/1 115/7/1 123/7/1
f 126/7/1 120/7/1 119/7/1
f 126/7/1 119/7/1 109/7/1
f 127/7/1 120/7/1 126/7/1
f 129/7/1 123/7/1 122/7/1
f 130/7/1 123/7/1 129/7/1
f 131/7/1 126/7/1 125/7/1
f 132/7/1 126/7/1 131/7/1
f 133/7/1 128/7/1 127/7/1
f 134/7/1 128/7/1 133/7/1
f 135/7/1 133/7/1 132/7/1
f 136/7/1 133/7/1 135/7/1
f 143/4/1 138/4/1 137/4/1
f 144/4/1 138/4/1 143/4/1
f 146/4/1 140/4/1 139/4/1
f 147/4/1 140/4/1 146/4/1
f 148/4/1 140/4/1 147/4/1
f 149/4/1 140/4/1 148/4/1
f 150/4/1 145/4/1 144/4/1
f 151/4/1 145/4/1 150/4/1
f 155/4/1 142/4/1 141/4/1
f 156/4/1 142/4/1 155/4/1
f 158/4/1 152/4/1 151/4/1
f 159/4/1 152/4/1 158/4/1
f 161/4/1 147/4/1 146/4/1
f 162/4/1 147/4/1 161/4/1
f 168/7/1 154/7/1 153/7/1
f 169/7/1 154/7/1 168/7/1
f 170/3/1 157/3/1 156/3/1
f 171/3/1 157/3/1 170/3/1
f 172/3/1 157/3/1 171/3/1
f 173/3/1 157/3/1 172/3/1
f 174/4/1 160/4/1 159/4/1
f 175/4/1 160/4/1 174/4/1
f 176/4/1 163/4/1 162/4/1
f 177/4/1 163/4/1 176/4/1
f 179/7/1 165/7/1 164/7/1
f 180/7/1 165/7/1 179/7/1
f 181/7/1 167/7/1 166/7/1
f 184/1/1 172/1/1 171/1/1
f 185/1/1 172/1/1 184/1/1
f 186/7/1 175/7/1 174/7/1
f 187/7/1 175/7/1 186/7/1
f 188/7/1 177/7/1 176/7/1
f 189/7/1 177/7/1 188/7/1
f 191/7/1 180/7/1 179/7/1
f 191/7/1 181/7/1 180/7/1
f 191/7/1 179/7/1 178/7/1
f 192/7/1 181/7/1 191/7/1
f 193/7/1 167/7/1 181/7/1
f 193/7/1 181/7/1 192/7/1
f 196/7/1 183/7/1 182/7/1
f 197/7/1 188/7/1 187/7/1
f 198/7/1 188/7/1 197/7/1
f 199/7/1 191/7/1 190/7/1
f 200/7/1 191/7/1 199/7/1
f 202/7/1 194/7/1 193/7/1
f 202/7/1 193/7/1 192/7/1
f 203/7/1 194/7/1 202/7/1
f 204/7/1 194/7/1 203/7/1
f 205/7/1 196/7/1 195/7/1
f 206/7/1 202/7/1 192/7/1
f 207/7/1 202/7/1 206/7/1
f 208/7/1 204/7/1 203/7/1
f 208/7/1 205/7/1 204/7/1
f 208/7/1 196/7/1 205/7/1
f 209/7/1 183/7/1 196/7/1
f 209/7/1 196/7/1 208/7/1
f 213/7/1 201/7/1 200/7/1
f 214/7/1 201/7/1 213/7/1
f 215/7/1 202/7/1 207/7/1
f 216/7/1 202/7/1 215/7/1
f 217/8/1 211/8/1 210/8/1
f 218/8/1 211/8/1 217/8/1
f 220/7/1 213/7/1 212/7/1
f 221/7/1 213/7/1 220/7/1
f 222/7/1 208/7/1 203/7/1
f 223/7/1 208/7/1 222/7/1
f 224/8/1 220/8/1 219/8/1
f 225/8/1 220/8/1 224/8/1
f 230/4/1 227/4/1 226/4/1
f 231/4/1 227/4/1 230/4/1
f 238/4/1 229/4/1 228/4/1
f 239/4/1 229/4/1 238/4/1
f 240/7/1 235/7/1 234/7/1
f 241/7/1 235/7/1 240/7/1
f 244/4/1 233/4/1 232/4/1
f 245/4/1 233/4/1 244/4/1
f 247/4/1 237/4/1 236/4/1
f 248/4/1 237/4/1 247/4/1
f 252/1/1 241/1/1 240/1/1
f 253/1/1 241/1/1 252/1/1
f 254/7/1 243/7/1 242/7/1
f 257/1/1 250/1/1 249/1/1
f 258/1/1 250/1/1 257/1/1
f 259/1/1 252/1/1 251/1/1
f 260/1/1 252/1/1 259/1/1
f 261/7/1 254/7/1 242/7/1
f 262/7/1 254/7/1 261/7/1
f 264/7/1 256/7/1 255/7/1
f 265/7/1 256/7/1 264/7/1
f 268/1/1 259/1/1 258/1/1
f 269/1/1 259/1/1 268/1/1
f 270/7/1 263/7/1 262/7/1
f 271/7/1 263/7/1 270/7/1
f 272/7/1 267/7/1 266/7/1
f 277/7/1 267/7/1 272/7/1
f 278/7/1 267/7/1 277/7/1
f 281/7/1 247/7/1 246/7/1
f 282/7/1 247/7/1 281/7/1
f 283/8/1 276/8/1 275/8/1
f 284/7/1 279/7/1 278/7/1
f 285/7/1 279/7/1 284/7/1
f 286/7/1 274/7/1 273/7/1
f 287/7/1 281/7/1 280/7/1
f 288/7/1 281/7/1 287/7/1
f 289/8/1 283/8/1 275/8/1
f 290/8/1 283/8/1 289/8/1
f 293/7/1 286/7/1 285/7/1
f 294/7/1 274/7/1 286/7/1
f 294/7/1 286/7/1 293/7/1
f 295/7/1 287/7/1 280/7/1
f 296/7/1 287/7/1 295/7/1
f 297/8/1 292/8/1 291/8/1
f 297/8/1 291/8/1 290/8/1
f 298/8/1 292/8/1 297/8/1
f 299/7/1 295/7/1 294/7/1
f 300/7/1 295/7/1 299/7/1
f 304/4/1 302/4/1 301/4/1
f 305/4/1 302/4/1 304/4/1
f 306/4/1 304/4/1 303/4/1
f 307/4/1 304/4/1 306/4/1
f 309/7/1 308/7/1 307/7/1
f 310/7/1 308/7/1 309/7/1
f 315/7/1 312/7/1 311/7/1
f 318/7/1 312/7/1 315/7/1
f 319/7/1 312/7/1 318/7/1
f 320/7/1 317/7/1 316/7/1
f 321/7/1 317/7/1 320/7/1
f 324/7/1 314/7/1 313/7/1
f 326/7/1 323/7/1 322/7/1
f 327/7/1 323/7/1 326/7/1
f 329/7/1 326/7/1 325/7/1
f 329/7/1 328/7/1 327/7/1
f 329/7/1 327/7/1 326/7/1
f 330/7/1 328/7/1 329/7/1
f 333/7/1 314/7/1 324/7/1
f 334/7/1 314/7/1 333/7/1
f 335/7/1 332/7/1 331/7/1
f 336/7/1 332/7/1 335/7/1
f 341/7/1 338/7/1 337/7/1
f 342/7/1 338/7/1 341/7/1
f 344/7/1 340/7/1 339/7/1
f 347/7/1 343/7/1 342/7/1
f 348/7/1 343/7/1 347/7/1
f 349/7/1 340/7/1 344/7/1
f 350/7/1 340/7/1 349/7/1
f 351/7/1 346/7/1 345/7/1
f 352/7/1 346/7/1 351/7/1
f 356/7/1 354/7/1 353/7/1
f 359/7/1 356/7/1 355/7/1
f 360/7/1 354/7/1 356/7/1
f 360/7/1 356/7/1 359/7/1
f 362/7/1 358/7/1 357/7/1
f 363/7/1 358/7/1 362/7/1
f 366/7/1 361/7/1 360/7/1
f 367/7/1 361/7/1 366/7/1
f 368/7/1 365/7/1 364/7/1
f 369/7/1 365/7/1 368/7/1
f 372/4/1 371/4/1 370/4/1
f 373/4/1 371/4/1 372/4/1
f 376/6/1 375/6/1 374/6/1
f 377/6/1 375/6/1 376/6/1
f 384/7/1 379/7/1 378/7/1
f 385/7/1 379/7/1 384/7/1
f 387/7/1 381/7/1 380/7/1
f 388/7/1 381/7/1 387/7/1
f 389/7/1 383/7/1 382/7/1
f 390/7/1 383/7/1 389/7/1
f 391/6/1 387/6/1 386/6/1
f 392/6/1 387/6/1 391/6/1
f 397/2/1 394/2/1 393/2/1
f 398/2/1 394/2/1 397/2/1
f 399/2/1 396/2/1 395/2/1
f 400/2/1 396/2/1 399/2/1
f 404/6/1 402/6/1 401/6/1
f 405/6/1 402/6/1 404/6/1
f 408/6/1 404/6/1 403/6/1
f 409/6/1 404/6/1 408/6/1
f 410/7/1 407/7/1 406/7/1
f 411/7/1 407/7/1 410/7/1
f 416/2/1 413/2/1 412/2/1
f 417/2/1 413/2/1 416/2/1
f 418/7/1 415/7/1 414/7/1
f 419/7/1 415/7/1 418/7/1
f 423/6/1 421/6/1 420/6/1
f 424/7/1 422/7/1 421/7/1
f 424/6/1 421/6/1 423/6/1
f 425/7/1 422/7/1 424/7/1
f 428/1/1 427/1/1 426/1/1
f 429/1/1 427/1/1 428/1/1
f 432/4/1 431/4/1 430/4/1
f 433/4/1 431/4/1 432/4/1
f 435/4/1 434/4/1 433/4/1
f 436/4/1 434/4/1 435/4/1
f 439/3/1 438/3/1 437/3/1
f 440/3/1 438/3/1 439/3/1
f 443/6/1 442/6/1 441/6/1
f 444/6/1 442/6/1 443/6/1
f 447/3/1 446/3/1 445/3/1
f 448/3/1 446/3/1 447/3/1
f 450/3/1 449/3/1 448/3/1
f 451/3/1 449/3/1 450/3/1
f 452/3/1 449/3/1 451/3/1
f 455/1/1 452/1/1 451/1/1
f 456/1/1 452/1/1 455/1/1
f 457/1/1 454/1/1 453/1/1
f 458/1/1 454/1/1 457/1/1
f 461/4/1 460/4/1 459/4/1
f 462/4/1 460/4/1 461/4/1
f 465/7/1 464/7/1 463/7/1
f 465/7/1 463/7/1 462/7/1
f 466/7/1 464/7/1 465/7/1
f 471/3/1 468/3/1 467/3/1
f 472/3/1 468/3/1 471/3/1
f 474/3/1 470/3/1 469/3/1
f 475/3/1 470/3/1 474/3/1
f 476/1/1 473/1/1 472/1/1
f 477/1/1 473/1/1 476/1/1
f 478/1/1 475/1/1 474/1/1
f 479/1/1 475/1/1 478/1/1
f 480/2/1 477/2/1 476/2/1
f 480/2/1 478/2/1 477/2/1
f 480/2/1 479/2/1 478/2/1
f 481/2/1 479/2/1 480/2/1
f 482/2/1 479/2/1 481/2/1
f 483/2/1 479/2/1 482/2/1
f 484/2/1 482/2/1 481/2/1
f 485/2/1 482/2/1 484/2/1
f 488/7/1 487/7/1 486/7/1
f 489/7/1 487/7/1 488/7/1
f 492/3/1 491/3/1 490/3/1
f 493/3/1 491/3/1 492/3/1
f 500/3/1 495/3/1 494/3/1
f 501/3/1 495/3/1 500/3/1
f 502/1/1 497/1/1 496/1/1
f 503/1/1 497/1/1 502/1/1
f 504/1/1 499/1/1 498/1/1
f 505/1/1 499/1/1 504/1/1
f 510/2/1 507/2/1 506/2/1
f 511/2/1 507/2/1 510/2/1
f 512/2/1 509/2/1 508/2/1
f 513/2/1 509/2/1 512/2/1
f 514/2/1 512/2/1 511/2/1
f 515/2/1 512/2/1 514/2/1
f 518/1/1 517/1/1 516/1/1
f 519/1/1 517/1/1 518/1/1
f 524/2/1 521/2/1 520/2/1
f 525/2/1 521/2/1 524/2/1
f 526/2/1 523/2/1 522/2/1
f 527/2/1 523/2/1 526/2/1
f 528/2/1 526/2/1 525/2/1
f 529/2/1 526/2/1 528/2/1
f 532/7/1 531/7/1 530/7/1
f 533/7/1 531/7/1 532/7/1
f 536/7/1 535/7/1 534/7/1
f 537/7/1 535/7/1 536/7/1
f 542/1/1 539/1/1 538/1/1
f 542/2/1 540/2/1 539/2/1
f 543/7/1 541/7/1 540/7/1
f 543/2/1 540/2/1 542/2/1
f 544/7/1 541/7/1 543/7/1
f 545/1/1 542/1/1 538/1/1
f 546/1/1 542/1/1 545/1/1
f 549/7/1 548/7/1 547/7/1
f 550/7/1 548/7/1 549/7/1
f 558/7/1 554/7/1 553/7/1
f 559/6/1 556/6/1 555/6/1
f 559/6/1 555/6/1 554/6/1
f 559/7/1 554/7/1 558/7/1
f 560/6/1 556/6/1 559/6/1
f 561/1/1 552/1/1 551/1/1
f 563/7/1 558/7/1 557/7/1
f 564/7/1 558/7/1 563/7/1
f 567/1/1 562/1/1 561/1/1
f 567/1/1 561/1/1 551/1/1
f 568/1/1 562/1/1 567/1/1
f 573/7/1 566/7/1 565/7/1
f 574/7/1 566/7/1 573/7/1
f 575/7/1 572/7/1 571/7/1
f 576/7/1 572/7/1 575/7/1
f 577/7/1 570/7/1 569/7/1
f 578/7/1 570/7/1 577/7/1
f 586/1/1 580/1/1 579/1/1
f 587/1/1 580/1/1 586/1/1
f 593/6/1 582/6/1 581/6/1
f 594/7/1 583/7/1 582/7/1
f 594/6/1 582/6/1 593/6/1
f 595/7/1 583/7/1 594/7/1
f 596/7/1 585/7/1 584/7/1
f 597/2/1 588/2/1 587/2/1
f 597/2/1 589/2/1 588/2/1
f 598/2/1 589/2/1 597/2/1
f 599/2/1 589/2/1 598/2/1
f 601/7/1 591/7/1 590/7/1
f 602/6/1 592/6/1 591/6/1
f 602/6/1 593/6/1 592/6/1
f 602/7/1 591/7/1 601/7/1
f 603/6/1 593/6/1 602/6/1
f 604/1/1 598/1/1 597/1/1
f 605/1/1 598/1/1 604/1/1
f 606/7/1 601/7/1 600/7/1
f 607/7/1 601/7/1 606/7/1
f 608/7/1 601/7/1 607/7/1
f 609/7/1 601/7/1 608/7/1
f 611/7/1 596/7/1 584/7/1
f 612/7/1 596/7/1 611/7/1
f 613/2/1 612/2/1 611/2/1
f 614/2/1 612/2/1 613/2/1
f 615/7/1 608/7/1 607/7/1
f 616/7/1 608/7/1 615/7/1
f 617/7/1 610/7/1 609/7/1
f 618/7/1 610/7/1 617/7/1
f 619/7/1 617/7/1 616/7/1
f 620/7/1 617/7/1 619/7/1
f 625/4/1 622/4/1 621/4/1
f 626/4/1 622/4/1 625/4/1
f 628/7/1 624/7/1 623/7/1
f 629/7/1 624/7/1 628/7/1
f 634/7/1 627/7/1 626/7/1
f 634/7/1 628/7/1 627/7/1
f 635/7/1 628/7/1 634/7/1
f 636/7/1 628/7/1 635/7/1
f 639/7/1 631/7/1 630/7/1
f 640/7/1 631/7/1 639/7/1
f 643/4/1 633/4/1 632/4/1
f 644/4/1 633/4/1 643/4/1
f 645/2/1 636/2/1 635/2/1
f 646/2/1 636/2/1 645/2/1
f 653/6/1 638/6/1 637/6/1
f 654/7/1 639/7/1 638/7/1
f 654/6/1 638/6/1 653/6/1
f 655/7/1 639/7/1 654/7/1
f 656/7/1 642/7/1 641/7/1
f 657/4/1 643/4/1 642/4/1
f 657/7/1 642/7/1 656/7/1
f 658/4/1 643/4/1 657/4/1
f 660/1/1 648/1/1 647/1/1
f 661/1/1 648/1/1 660/1/1
f 665/7/1 650/7/1 649/7/1
f 666/6/1 652/6/1 651/6/1
f 666/7/1 650/7/1 665/7/1
f 666/6/1 651/6/1 650/6/1
f 667/6/1 652/6/1 666/6/1
f 670/1/1 662/1/1 661/1/1
f 670/1/1 660/1/1 659/1/1
f 670/1/1 661/1/1 660/1/1
f 671/1/1 662/1/1 670/1/1
f 672/7/1 664/7/1 663/7/1
f 673/7/1 664/7/1 672/7/1
f 674/7/1 669/7/1 668/7/1
f 675/7/1 669/7/1 674/7/1
f 678/7/1 677/7/1 676/7/1
f 679/7/1 677/7/1 678/7/1
f 682/3/1 681/3/1 680/3/1
f 683/3/1 681/3/1 682/3/1
f 687/2/1 685/2/1 684/2/1
f 688/2/1 685/2/1 687/2/1
f 689/1/1 686/1/1 685/1/1
f 689/2/1 685/2/1 688/2/1
f 690/1/1 686/1/1 689/1/1
f 691/2/1 689/2/1 688/2/1
f 692/2/1 689/2/1 691/2/1
f 695/2/1 694/2/1 693/2/1
f 696/2/1 694/2/1 695/2/1
f 697/2/1 694/2/1 696/2/1
f 698/2/1 694/2/1 697/2/1
f 699/2/1 697/2/1 696/2/1
f 700/2/1 697/2/1 699/2/1
f 703/4/1 702/4/1 701/4/1
f 704/4/1 702/4/1 703/4/1
f 707/2/1 706/2/1 705/2/1
f 708/2/1 706/2/1 707/2/1
f 711/2/1 710/2/1 709/2/1
f 712/2/1 710/2/1 711/2/1
f 715/2/1 714/2/1 713/2/1
f 716/2/1 714/2/1 715/2/1
f 721/7/1 718/7/1 717/7/1
f 722/7/1 718/7/1 721/7/1
f 725/7/1 720/7/1 719/7/1
f 726/7/1 720/7/1 725/7/1
f 727/7/1 724/7/1 723/7/1
f 728/7/1 724/7/1 727/7/1
f 731/1/1 730/1/1 729/1/1
f 732/1/1 730/1/1 731/1/1
f 733/1/1 731/1/1 729/1/1
f 734/2/1 732/2/1 731/2/1
f 734/1/1 731/1/1 733/1/1
f 735/2/1 732/2/1 734/2/1
f 739/2/1 735/2/1 734/2/1
f 739/2/1 734/2/1 733/2/1
f 739/2/1 736/2/1 735/2/1
f 740/2/1 736/2/1 739/2/1
f 741/2/1 738/2/1 737/2/1
f 742/2/1 738/2/1 741/2/1
f 747/7/1 744/7/1 743/7/1
f 748/7/1 744/7/1 747/7/1
f 754/3/1 746/3/1 745/3/1
f 755/3/1 746/3/1 754/3/1
f 756/7/1 749/7/1 748/7/1
f 757/7/1 749/7/1 756/7/1
f 758/7/1 751/7/1 750/7/1
f 759/7/1 751/7/1 758/7/1
f 760/3/1 753/3/1 752/3/1
f 761/3/1 753/3/1 760/3/1
f 762/1/1 761/1/1 760/1/1
f 763/1/1 761/1/1 762/1/1
f 764/1/1 755/1/1 754/1/1
f 765/1/1 755/1/1 764/1/1
f 766/2/1 765/2/1 764/2/1
f 767/2/1 765/2/1 766/2/1
f 771/2/1 769/2/1 768/2/1
f 772/2/1 769/2/1 771/2/1
f 773/2/1 771/2/1 770/2/1
f 774/2/1 771/2/1 773/2/1
f 777/7/1 776/7/1 775/7/1
f 778/7/1 776/7/1 777/7/1
f 784/7/1 779/7/1 778/7/1
f 785/7/1 779/7/1 784/7/1
f 786/7/1 781/7/1 780/7/1
f 787/7/1 781/7/1 786/7/1
f 788/3/1 783/3/1 782/3/1
f 789/3/1 783/3/1 788/3/1
f 793/2/1 791/2/1 790/2/1
f 793/2/1 792/2/1 791/2/1
f 794/2/1 792/2/1 793/2/1
f 797/7/1 796/7/1 795/7/1
f 798/7/1 796/7/1 797/7/1
f 802/2/1 800/2/1 799/2/1
f 802/2/1 801/2/1 800/2/1
f 803/2/1 801/2/1 802/2/1
f 805/2/1 801/2/1 803/2/1
f 806/2/1 801/2/1 805/2/1
f 807/2/1 805/2/1 804/2/1
f 808/2/1 805/2/1 807/2/1
f 811/4/1 810/4/1 809/4/1
f 812/4/1 810/4/1 811/4/1
f 814/4/1 813/4/1 812/4/1
f 815/4/1 813/4/1 814/4/1
f 820/2/1 817/2/1 816/2/1
f 821/2/1 817/2/1 820/2/1
f 822/2/1 819/2/1 818/2/1
f 823/2/1 819/2/1 822/2/1
f 826/6/1 825/6/1 824/6/1
f 827/6/1 825/6/1 826/6/1
f 830/2/1 829/2/1 828/2/1
f 831/2/1 829/2/1 830/2/1
f 834/7/1 833/7/1 832/7/1
f 835/7/1 833/7/1 834/7/1
f 838/2/1 837/2/1 836/2/1
f 839/2/1 837/2/1 838/2/1
f 842/7/1 841/7/1 840/7/1
f 843/7/1 841/7/1 842/7/1
f 847/6/1 846/6/1 845/6/1
f 847/6/1 845/6/1 844/6/1
f 848/6/1 846/6/1 847/6/1
f 853/7/1 850/7/1 849/7/1
f 854/7/1 850/7/1 853/7/1
f 855/7/1 852/7/1 851/7/1
f 856/7/1 852/7/1 855/7/1
f 859/6/1 858/6/1 857/6/1
f 860/6/1 858/6/1 859/6/1
f 866/7/1 862/7/1 861/7/1
f 867/7/1 862/7/1 866/7/1
f 868/6/1 865/6/1 864/6/1
f 868/6/1 864/6/1 863/6/1
f 869/6/1 865/6/1 868/6/1
f 875/6/1 871/6/1 870/6/1
f 875/6/1 872/6/1 871/6/1
f 876/6/1 872/6/1 875/6/1
f 877/6/1 874/6/1 873/6/1
f 878/6/1 874/6/1 877/6/1
f 881/6/1 880/6/1 879/6/1
f 882/6/1 880/6/1 881/6/1
f 885/4/1 884/4/1 883/4/1
f 886/4/1 884/4/1 885/4/1
f 887/7/2 888/7/2 891/7/2
f 891/7/2 888/7/2 892/7/2
f 889/4/2 890/4/2 893/4/2
f 893/4/2 890/4/2 894/4/2
f 893/7/2 894/7/2 895/7/2
f 895/7/2 894/7/2 896/7/2
f 897/7/2 898/7/2 899/7/2
f 899/7/2 898/7/2 900/7/2
f 899/1/2 900/1/2 901/1/2
f 901/1/2 900/1/2 902/1/2
f 903/7/2 904/7/2 905/7/2
f 905/7/2 904/7/2 906/7/2
f 906/7/2 907/7/2 908/7/2
f 908/7/2 907/7/2 909/7/2
f 910/8/2 911/8/2 912/8/2
f 910/8/2 912/8/2 913/8/2
f 913/8/2 912/8/2 914/8/2
f 915/8/2 916/8/2 917/8/2
f 914/8/2 915/8/2 917/8/2
f 917/8/2 916/8/2 918/8/2
f 921/1/2 922/1/2 923/1/2
f 923/1/2 922/1/2 924/1/2
f 919/7/2 920/7/2 926/7/2
f 926/7/2 920/7/2 927/7/2
f 925/7/2 926/7/2 928/7/2
f 926/7/2 927/7/2 928/7/2
f 928/7/2 927/7/2 929/7/2
f 930/7/2 931/7/2 932/7/2
f 930/7/2 932/7/2 934/7/2
f 932/7/2 933/7/2 934/7/2
f 934/7/2 933/7/2 935/7/2
f 934/8/2 935/8/2 936/8/2
f 935/7/2 933/7/2 937/7/2
f 936/8/2 935/8/2 937/8/2
f 937/7/2 933/7/2 938/7/2
f 939/7/2 940/7/2 945/7/2
f 945/7/2 940/7/2 946/7/2
f 941/7/2 942/7/2 947/7/2
f 947/7/2 942/7/2 948/7/2
f 943/7/2 944/7/2 950/7/2
f 946/7/2 947/7/2 953/7/2
f 953/7/2 947/7/2 954/7/2
f 949/7/2 950/7/2 956/7/2
f 950/7/2 944/7/2 957/7/2
f 956/7/2 950/7/2 957/7/2
f 951/7/2 952/7/2 958/7/2
f 958/7/2 952/7/2 959/7/2
f 954/2/2 955/2/2 960/2/2
f 960/2/2 955/2/2 961/2/2
f 961/2/2 962/2/2 963/2/2
f 963/2/2 962/2/2 964/2/2
f 967/7/2 968/7/2 969/7/2
f 969/7/2 968/7/2 970/7/2
f 965/7/2 966/7/2 971/7/2
f 965/7/2 971/7/2 976/7/2
f 976/7/2 971/7/2 977/7/2
f 972/7/2 973/7/2 978/7/2
f 978/7/2 973/7/2 979/7/2
f 974/7/2 975/7/2 980/7/2
f 975/7/2 976/7/2 980/7/2
f 980/7/2 976/7/2 981/7/2
f 982/2/2 983/2/2 984/2/2
f 984/2/2 983/2/2 985/2/2
f 986/7/2 987/7/2 988/7/2
f 988/7/2 987/7/2 989/7/2
f 991/6/2 992/6/2 996/6/2
f 996/6/2 992/6/2 997/6/2
f 989/7/2 990/7/2 1003/7/2
f 1003/7/2 990/7/2 1004/7/2
f 995/7/2 996/7/2 1007/7/2
f 1007/7/2 996/7/2 1008/7/2
f 997/6/2 998/6/2 1009/6/2
f 1009/6/2 998/6/2 1010/6/2
f 999/7/2 1000/7/2 1012/7/2
f 993/7/2 994/7/2 1013/7/2
f 1013/7/2 994/7/2 1014/7/2
f 1001/7/2 1002/7/2 1015/7/2
f 1015/7/2 1002/7/2 1016/7/2
f 1004/7/2 1005/7/2 1017/7/2
f 1005/6/2 1006/6/2 1018/6/2
f 1017/7/2 1005/7/2 1018/7/2
f 1018/6/2 1006/6/2 1019/6/2
f 995/7/2 1007/7/2 1021/7/2
f 1021/7/2 1007/7/2 1022/7/2
f 1010/6/2 1011/6/2 1023/6/2
f 1011/7/2 1012/7/2 1024/7/2
f 1023/6/2 1011/6/2 1024/6/2
f 1012/7/2 1000/7/2 1025/7/2
f 1024/7/2 1012/7/2 1025/7/2
f 1014/7/2 1015/7/2 1026/7/2
f 1026/7/2 1015/7/2 1027/7/2
f 1019/6/2 1020/6/2 1028/6/2
f 1020/6/2 1021/6/2 1028/6/2
f 1028/6/2 1021/6/2 1029/6/2
f 1030/2/2 1031/2/2 1036/2/2
f 1036/2/2 1031/2/2 1037/2/2
f 1032/2/2 1033/2/2 1038/2/2
f 1038/2/2 1033/2/2 1039/2/2
f 1037/2/2 1038/2/2 1040/2/2
f 1040/2/2 1038/2/2 1041/2/2
f 1034/7/2 1035/7/2 1042/7/2
f 1042/7/2 1035/7/2 1043/7/2
f 1043/7/2 1044/7/2 1045/7/2
f 1045/7/2 1044/7/2 1046/7/2
f 1047/6/2 1048/6/2 1050/6/2
f 1050/6/2 1048/6/2 1051/6/2
f 1049/7/2 1050/7/2 1057/7/2
f 1057/7/2 1050/7/2 1058/7/2
f 1051/6/2 1052/6/2 1059/6/2
f 1059/6/2 1052/6/2 1060/6/2
f 1053/7/2 1054/7/2 1064/7/2
f 1055/7/2 1056/7/2 1065/7/2
f 1065/7/2 1056/7/2 1066/7/2
f 1061/6/2 1062/6/2 1070/6/2
f 1060/6/2 1061/6/2 1070/6/2
f 1062/7/2 1063/7/2 1071/7/2
f 1070/6/2 1062/6/2 1071/6/2
f 1071/7/2 1063/7/2 1072/7/2
f 1053/7/2 1064/7/2 1073/7/2
f 1073/7/2 1064/7/2 1074/7/2
f 1067/6/2 1068/6/2 1075/6/2
f 1068/7/2 1069/7/2 1076/7/2
f 1075/6/2 1068/6/2 1076/6/2
f 1076/7/2 1069/7/2 1077/7/2
f 1078/4/2 1079/4/2 1080/4/2
f 1080/4/2 1079/4/2 1081/4/2
f 1081/7/2 1082/7/2 1086/7/2
f 1082/7/2 1083/7/2 1086/7/2
f 1086/7/2 1083/7/2 1087/7/2
f 1084/7/2 1085/7/2 1088/7/2
f 1088/7/2 1085/7/2 1089/7/2
f 1089/6/2 1090/6/2 1093/6/2
f 1093/6/2 1090/6/2 1094/6/2
f 1091/7/2 1092/7/2 1095/7/2
f 1095/7/2 1092/7/2 1096/7/2
f 1097/7/2 1098/7/2 1104/7/2
f 1099/7/2 1100/7/2 1105/7/2
f 1105/7/2 1100/7/2 1106/7/2
f 1101/6/2 1102/6/2 1109/6/2
f 1109/6/2 1102/6/2 1110/6/2
f 1103/7/2 1104/7/2 1111/7/2
f 1104/7/2 1098/7/2 1112/7/2
f 1111/7/2 1104/7/2 1112/7/2
f 1106/7/2 1107/7/2 1114/7/2
f 1114/7/2 1107/7/2 1115/7/2
f 1108/7/2 1109/7/2 1116/7/2
f 1116/7/2 1109/7/2 1117/7/2
f 1112/7/2 1113/7/2 1118/7/2
f 1118/7/2 1113/7/2 1119/7/2
f 1115/7/2 1116/7/2 1120/7/2
f 1120/7/2 1116/7/2 1121/7/2
f 1122/7/2 1123/7/2 1124/7/2
f 1124/7/2 1123/7/2 1125/7/2
f 1124/2/2 1125/2/2 1128/2/2
f 1128/2/2 1125/2/2 1129/2/2
f 1126/2/2 1127/2/2 1130/2/2
f 1130/2/2 1127/2/2 1131/2/2
f 1129/2/2 1130/2/2 1132/2/2
f 1132/2/2 1130/2/2 1133/2/2
f 1135/7/2 1136/7/2 1140/7/2
f 1134/7/2 1135/7/2 1140/7/2
f 1140/7/2 1136/7/2 1141/7/2
f 1137/7/2 1138/7/2 1142/7/2
f 1142/7/2 1138/7/2 1143/7/2
f 1139/7/2 1140/7/2 1148/7/2
f 1148/7/2 1140/7/2 1149/7/2
f 1149/7/2 1140/7/2 1150/7/2
f 1144/7/2 1145/7/2 1151/7/2
f 1151/7/2 1145/7/2 1152/7/2
f 1146/7/2 1147/7/2 1153/7/2
f 1153/7/2 1147/7/2 1154/7/2
f 1141/7/2 1136/7/2 1157/7/2
f 1157/7/2 1136/7/2 1158/7/2
f 1152/7/2 1153/7/2 1159/7/2
f 1159/7/2 1153/7/2 1160/7/2
f 1155/7/2 1156/7/2 1161/7/2
f 1161/7/2 1156/7/2 1162/7/2
f 1163/6/2 1164/6/2 1165/6/2
f 1165/6/2 1164/6/2 1166/6/2
f 1166/6/2 1167/6/2 1170/6/2
f 1170/6/2 1167/6/2 1171/6/2
f 1168/7/2 1169/7/2 1173/7/2
f 1173/7/2 1169/7/2 1174/7/2
f 1172/7/2 1173/7/2 1177/7/2
f 1177/7/2 1173/7/2 1178/7/2
f 1175/7/2 1176/7/2 1179/7/2
f 1179/7/2 1176/7/2 1180/7/2
f 1181/7/2 1182/7/2 1183/7/2
f 1183/7/2 1182/7/2 1184/7/2
f 1185/7/2 1186/7/2 1187/7/2
f 1187/7/2 1186/7/2 1188/7/2
f 1189/2/2 1190/2/2 1195/2/2
f 1195/2/2 1190/2/2 1196/2/2
f 1191/6/2 1192/6/2 1197/6/2
f 1197/6/2 1192/6/2 1198/6/2
f 1193/4/2 1194/4/2 1201/4/2
f 1201/4/2 1194/4/2 1202/4/2
f 1198/6/2 1199/6/2 1203/6/2
f 1199/7/2 1200/7/2 1204/7/2
f 1203/6/2 1199/6/2 1204/6/2
f 1204/7/2 1200/7/2 1205/7/2
f 1208/7/2 1209/7/2 1210/7/2
f 1210/7/2 1209/7/2 1211/7/2
f 1206/3/2 1207/3/2 1216/3/2
f 1216/3/2 1207/3/2 1217/3/2
f 1212/8/2 1213/8/2 1218/8/2
f 1213/6/2 1214/6/2 1219/6/2
f 1218/8/2 1213/8/2 1219/8/2
f 1214/7/2 1215/7/2 1220/7/2
f 1219/6/2 1214/6/2 1220/6/2
f 1220/7/2 1215/7/2 1221/7/2
f 1222/6/2 1223/6/2 1224/6/2
f 1224/6/2 1223/6/2 1225/6/2
f 1226/7/2 1227/7/2 1232/7/2
f 1232/7/2 1227/7/2 1233/7/2
f 1228/7/2 1229/7/2 1235/7/2
f 1229/8/2 1230/8/2 1236/8/2
f 1235/7/2 1229/7/2 1236/7/2
f 1236/8/2 1230/8/2 1237/8/2
f 1231/7/2 1232/7/2 1238/7/2
f 1232/7/2 1233/7/2 1238/7/2
f 1233/2/2 1234/2/2 1239/2/2
f 1238/7/2 1233/7/2 1239/7/2
f 1239/2/2 1234/2/2 1240/2/2
f 1241/1/2 1242/1/2 1245/1/2
f 1245/1/2 1242/1/2 1246/1/2
f 1243/1/2 1244/1/2 1247/1/2
f 1247/1/2 1244/1/2 1248/1/2
f 1249/4/2 1250/4/2 1255/4/2
f 1255/4/2 1250/4/2 1256/4/2
f 1251/7/2 1252/7/2 1257/7/2
f 1257/7/2 1252/7/2 1258/7/2
f 1253/7/2 1254/7/2 1260/7/2
f 1260/7/2 1254/7/2 1261/7/2
f 1259/7/2 1260/7/2 1264/7/2
f 1264/7/2 1260/7/2 1265/7/2
f 1266/1/2 1267/1/2 1268/1/2
f 1268/1/2 1267/1/2 1269/1/2
f 1262/1/2 1263/1/2 1270/1/2
f 1270/1/2 1263/1/2 1271/1/2
f 1270/2/2 1271/2/2 1272/2/2
f 1272/2/2 1271/2/2 1273/2/2
f 1274/4/2 1275/4/2 1279/4/2
f 1279/4/2 1275/4/2 1280/4/2
f 1278/4/2 1279/4/2 1286/4/2
f 1286/4/2 1279/4/2 1287/4/2
f 1276/3/2 1277/3/2 1288/3/2
f 1288/3/2 1277/3/2 1289/3/2
f 1281/3/2 1282/3/2 1290/3/2
f 1282/7/2 1283/7/2 1291/7/2
f 1290/3/2 1282/3/2 1291/3/2
f 1291/7/2 1283/7/2 1292/7/2
f 1284/7/2 1285/7/2 1294/7/2
f 1294/7/2 1285/7/2 1295/7/2
f 1294/7/2 1295/7/2 1298/7/2
f 1293/7/2 1294/7/2 1298/7/2
f 1298/7/2 1295/7/2 1299/7/2
f 1296/3/2 1297/3/2 1300/3/2
f 1300/3/2 1297/3/2 1301/3/2
f 1301/3/2 1297/3/2 1302/3/2
f 1300/1/2 1301/1/2 1305/1/2
f 1305/1/2 1301/1/2 1306/1/2
f 1303/2/2 1304/2/2 1307/2/2
f 1307/2/2 1304/2/2 1308/2/2
f 1306/1/2 1301/1/2 1309/1/2
f 1309/1/2 1301/1/2 1310/1/2
f 1309/2/2 1310/2/2 1311/2/2
f 1309/2/2 1311/2/2 1313/2/2
f 1311/2/2 1312/2/2 1313/2/2
f 1313/2/2 1312/2/2 1314/2/2
f 1314/2/2 1312/2/2 1315/2/2
f 1315/2/2 1312/2/2 1316/2/2
f 1314/2/2 1315/2/2 1317/2/2
f 1317/2/2 1315/2/2 1318/2/2
f 1321/7/2 1322/7/2 1327/7/2
f 1327/7/2 1322/7/2 1328/7/2
f 1323/7/2 1324/7/2 1329/7/2
f 1324/6/2 1325/6/2 1330/6/2
f 1329/7/2 1324/7/2 1330/7/2
f 1325/7/2 1326/7/2 1331/7/2
f 1330/6/2 1325/6/2 1331/6/2
f 1319/3/2 1320/3/2 1334/3/2
f 1329/7/2 1330/7/2 1336/7/2
f 1328/7/2 1329/7/2 1336/7/2
f 1330/7/2 1331/7/2 1336/7/2
f 1331/7/2 1326/7/2 1337/7/2
f 1336/7/2 1331/7/2 1337/7/2
f 1332/7/2 1333/7/2 1338/7/2
f 1338/7/2 1333/7/2 1339/7/2
f 1334/3/2 1335/3/2 1340/3/2
f 1335/3/2 1336/3/2 1340/3/2
f 1319/3/2 1334/3/2 1340/3/2
f 1340/3/2 1336/3/2 1341/3/2
f 1342/2/2 1343/2/2 1346/2/2
f 1346/2/2 1343/2/2 1347/2/2
f 1344/2/2 1345/2/2 1348/2/2
f 1348/2/2 1345/2/2 1349/2/2
f 1350/4/2 1351/4/2 1354/4/2
f 1354/4/2 1351/4/2 1355/4/2
f 1352/7/2 1353/7/2 1358/7/2
f 1358/7/2 1353/7/2 1359/7/2
f 1356/7/2 1357/7/2 1362/7/2
f 1355/7/2 1356/7/2 1362/7/2
f 1362/7/2 1357/7/2 1363/7/2
f 1360/7/2 1361/7/2 1366/7/2
f 1366/7/2 1361/7/2 1367/7/2
f 1364/3/2 1365/3/2 1372/3/2
f 1372/3/2 1365/3/2 1373/3/2
f 1368/7/2 1369/7/2 1374/7/2
f 1374/7/2 1369/7/2 1375/7/2
f 1370/7/2 1371/7/2 1377/7/2
f 1377/7/2 1371/7/2 1378/7/2
f 1376/7/2 1377/7/2 1379/7/2
f 1379/7/2 1377/7/2 1380/7/2
f 1381/1/2 1382/1/2 1387/1/2
f 1387/1/2 1382/1/2 1388/1/2
f 1383/6/2 1384/6/2 1389/6/2
f 1389/6/2 1384/6/2 1390/6/2
f 1385/7/2 1386/7/2 1391/7/2
f 1391/7/2 1386/7/2 1392/7/2
f 1393/4/2 1394/4/2 1395/4/2
f 1395/4/2 1394/4/2 1396/4/2
f 1396/4/2 1397/4/2 1398/4/2
f 1398/4/2 1397/4/2 1399/4/2
f 1400/7/2 1401/7/2 1402/7/2
f 1402/7/2 1401/7/2 1403/7/2
f 1403/7/2 1401/7/2 1404/7/2
f 1405/2/2 1406/2/2 1407/2/2
f 1407/2/2 1406/2/2 1408/2/2
f 1409/7/2 1410/7/2 1411/7/2
f 1411/7/2 1410/7/2 1412/7/2
f 1413/7/2 1414/7/2 1417/7/2
f 1417/7/2 1414/7/2 1418/7/2
f 1418/7/2 1414/7/2 1419/7/2
f 1415/7/2 1416/7/2 1420/7/2
f 1420/7/2 1416/7/2 1421/7/2
f 1417/7/2 1418/7/2 1422/7/2
f 1422/7/2 1418/7/2 1423/7/2
f 1423/7/2 1424/7/2 1425/7/2
f 1425/7/2 1424/7/2 1426/7/2
f 1427/7/2 1428/7/2 1434/7/2
f 1434/7/2 1428/7/2 1435/7/2
f 1435/7/2 1428/7/2 1436/7/2
f 1429/2/2 1430/2/2 1437/2/2
f 1437/2/2 1430/2/2 1438/2/2
f 1431/7/2 1432/7/2 1439/7/2
f 1439/7/2 1432/7/2 1440/7/2
f 1433/7/2 1434/7/2 1443/7/2
f 1434/7/2 1435/7/2 1443/7/2
f 1443/7/2 1435/7/2 1444/7/2
f 1441/7/2 1442/7/2 1446/7/2
f 1446/7/2 1442/7/2 1447/7/2
f 1445/7/2 1446/7/2 1452/7/2
f 1446/2/2 1447/2/2 1453/2/2
f 1452/7/2 1446/7/2 1453/7/2
f 1453/2/2 1447/2/2 1454/2/2
f 1448/7/2 1449/7/2 1455/7/2
f 1455/7/2 1449/7/2 1456/7/2
f 1450/8/2 1451/8/2 1458/8/2
f 1458/8/2 1451/8/2 1459/8/2
f 1456/7/2 1457/7/2 1460/7/2
f 1457/8/2 1458/8/2 1461/8/2
f 1460/7/2 1457/7/2 1461/7/2
f 1461/8/2 1458/8/2 1462/8/2
f 1463/7/2 1464/7/2 1465/7/2
f 1465/7/2 1464/7/2 1466/7/2
f 1465/4/2 1466/4/2 1472/4/2
f 1472/4/2 1466/4/2 1473/4/2
f 1470/7/2 1471/7/2 1477/7/2
f 1469/7/2 1470/7/2 1477/7/2
f 1471/4/2 1472/4/2 1478/4/2
f 1477/7/2 1471/7/2 1478/7/2
f 1478/4/2 1472/4/2 1479/4/2
f 1474/1/2 1475/1/2 1480/1/2
f 1480/1/2 1475/1/2 1481/1/2
f 1467/7/2 1468/7/2 1482/7/2
f 1482/7/2 1468/7/2 1483/7/2
f 1476/7/2 1477/7/2 1484/7/2
f 1484/7/2 1477/7/2 1485/7/2
f 1483/7/2 1484/7/2 1488/7/2
f 1488/7/2 1484/7/2 1489/7/2
f 1489/7/2 1484/7/2 1490/7/2
f 1486/8/2 1487/8/2 1493/8/2
f 1493/8/2 1487/8/2 1494/8/2
f 1489/2/2 1490/2/2 1495/2/2
f 1495/2/2 1490/2/2 1496/2/2
f 1491/2/2 1492/2/2 1497/2/2
f 1497/2/2 1492/2/2 1498/2/2
f 1499/7/2 1500/7/2 1504/7/2
f 1504/7/2 1500/7/2 1505/7/2
f 1501/4/2 1502/4/2 1508/4/2
f 1508/4/2 1502/4/2 1509/4/2
f 1503/7/2 1504/7/2 1510/7/2
f 1510/7/2 1504/7/2 1511/7/2
f 1506/7/2 1507/7/2 1512/7/2
f 1512/7/2 1507/7/2 1513/7/2
f 1506/7/2 1512/7/2 1514/7/2
f 1514/7/2 1512/7/2 1515/7/2
f 1516/2/2 1517/2/2 1518/2/2
f 1518/2/2 1517/2/2 1519/2/2
f 1520/2/2 1521/2/2 1524/2/2
f 1522/2/2 1523/2/2 1525/2/2
f 1525/2/2 1523/2/2 1526/2/2
f 1520/2/2 1524/2/2 1527/2/2
f 1524/2/2 1525/2/2 1527/2/2
f 1527/2/2 1525/2/2 1528/2/2
f 1529/7/2 1530/7/2 1531/7/2
f 1531/7/2 1530/7/2 1532/7/2
f 1533/3/2 1534/3/2 1540/3/2
f 1540/3/2 1534/3/2 1541/3/2
f 1535/8/2 1536/8/2 1545/8/2
f 1536/6/2 1537/6/2 1546/6/2
f 1545/8/2 1536/8/2 1546/8/2
f 1546/6/2 1537/6/2 1547/6/2
f 1538/1/2 1539/1/2 1548/1/2
f 1548/1/2 1539/1/2 1549/1/2
f 1542/1/2 1543/1/2 1550/1/2
f 1550/1/2 1543/1/2 1551/1/2
f 1544/8/2 1545/8/2 1552/8/2
f 1552/8/2 1545/8/2 1553/8/2
f 1548/2/2 1549/2/2 1554/2/2
f 1554/2/2 1549/2/2 1555/2/2
f 1556/2/2 1557/2/2 1560/2/2
f 1560/2/2 1557/2/2 1561/2/2
f 1558/2/2 1559/2/2 1562/2/2
f 1562/2/2 1559/2/2 1563/2/2
f 1561/2/2 1562/2/2 1564/2/2
f 1564/2/2 1562/2/2 1565/2/2
f 1566/4/2 1567/4/2 1570/4/2
f 1570/4/2 1567/4/2 1571/4/2
f 1568/7/2 1569/7/2 1572/7/2
f 1572/7/2 1569/7/2 1573/7/2
f 1573/3/2 1574/3/2 1575/3/2
f 1575/3/2 1574/3/2 1576/3/2
f 1576/3/2 1577/3/2 1581/3/2
f 1577/3/2 1578/3/2 1581/3/2
f 1581/3/2 1578/3/2 1582/3/2
f 1579/8/2 1580/8/2 1586/8/2
f 1586/8/2 1580/8/2 1587/8/2
f 1583/7/2 1584/7/2 1590/7/2
f 1584/8/2 1585/8/2 1591/8/2
f 1590/7/2 1584/7/2 1591/7/2
f 1591/8/2 1585/8/2 1592/8/2
f 1588/2/2 1589/2/2 1593/2/2
f 1593/2/2 1589/2/2 1594/2/2
f 1595/2/2 1596/2/2 1599/2/2
f 1599/2/2 1596/2/2 1600/2/2
f 1597/2/2 1598/2/2 1601/2/2
f 1601/2/2 1598/2/2 1602/2/2
f 1600/2/2 1601/2/2 1603/2/2
f 1603/2/2 1601/2/2 1604/2/2
f 1605/3/2 1606/3/2 1609/3/2
f 1609/3/2 1606/3/2 1610/3/2
f 1607/7/2 1608/7/2 1617/7/2
f 1617/7/2 1608/7/2 1618/7/2
f 1610/3/2 1611/3/2 1619/3/2
f 1619/3/2 1611/3/2 1620/3/2
f 1612/7/2 1613/7/2 1621/7/2
f 1621/7/2 1613/7/2 1622/7/2
f 1614/7/2 1615/7/2 1625/7/2
f 1625/7/2 1615/7/2 1626/7/2
f 1616/7/2 1617/7/2 1627/7/2
f 1627/7/2 1617/7/2 1628/7/2
f 1622/7/2 1623/7/2 1631/7/2
f 1623/8/2 1624/8/2 1632/8/2
f 1631/7/2 1623/7/2 1632/7/2
f 1632/8/2 1624/8/2 1633/8/2
f 1629/1/2 1630/1/2 1634/1/2
f 1634/1/2 1630/1/2 1635/1/2
f 1635/1/2 1630/1/2 1636/1/2
f 1636/1/2 1630/1/2 1637/1/2
f 1637/1/2 1630/1/2 1638/1/2
f 1635/1/2 1636/1/2 1644/1/2
f 1644/1/2 1636/1/2 1645/1/2
f 1638/1/2 1639/1/2 1646/1/2
f 1637/1/2 1638/1/2 1646/1/2
f 1646/1/2 1639/1/2 1647/1/2
f 1640/1/2 1641/1/2 1648/1/2
f 1641/2/2 1642/2/2 1649/2/2
f 1648/1/2 1641/1/2 1649/1/2
f 1649/2/2 1642/2/2 1650/2/2
f 1650/2/2 1642/2/2 1651/2/2
f 1643/2/2 1644/2/2 1652/2/2
f 1652/2/2 1644/2/2 1653/2/2
f 1649/2/2 1650/2/2 1654/2/2
f 1654/2/2 1650/2/2 1655/2/2
f 1656/7/2 1657/7/2 1662/7/2
f 1662/7/2 1657/7/2 1663/7/2
f 1658/7/2 1659/7/2 1664/7/2
f 1664/7/2 1659/7/2 1665/7/2
f 1660/7/2 1661/7/2 1671/7/2
f 1671/7/2 1661/7/2 1672/7/2
f 1663/7/2 1664/7/2 1674/7/2
f 1674/7/2 1664/7/2 1675/7/2
f 1665/7/2 1666/7/2 1676/7/2
f 1676/7/2 1666/7/2 1677/7/2
f 1667/7/2 1668/7/2 1678/7/2
f 1678/7/2 1668/7/2 1679/7/2
f 1669/3/2 1670/3/2 1681/3/2
f 1681/3/2 1670/3/2 1682/3/2
f 1672/7/2 1673/7/2 1683/7/2
f 1683/7/2 1673/7/2 1684/7/2
f 1678/3/2 1679/3/2 1685/3/2
f 1685/3/2 1679/3/2 1686/3/2
f 1680/3/2 1681/3/2 1687/3/2
f 1681/1/2 1682/1/2 1688/1/2
f 1687/3/2 1681/3/2 1688/3/2
f 1686/3/2 1687/3/2 1691/3/2
f 1687/1/2 1688/1/2 1692/1/2
f 1691/3/2 1687/3/2 1692/3/2
f 1688/1/2 1682/1/2 1693/1/2
f 1692/1/2 1688/1/2 1693/1/2
f 1689/1/2 1690/1/2 1695/1/2
f 1695/1/2 1690/1/2 1696/1/2
f 1694/2/2 1695/2/2 1699/2/2
f 1696/2/2 1697/2/2 1699/2/2
f 1695/2/2 1696/2/2 1699/2/2
f 1699/2/2 1697/2/2 1700/2/2
f 1698/2/2 1699/2/2 1703/2/2
f 1703/2/2 1699/2/2 1704/2/2
f 1701/2/2 1702/2/2 1705/2/2
f 1705/2/2 1702/2/2 1706/2/2
f 1707/7/2 1708/7/2 1709/7/2
f 1709/7/2 1708/7/2 1710/7/2
f 1711/7/2 1712/7/2 1719/7/2
f 1719/7/2 1712/7/2 1720/7/2
f 1713/7/2 1714/7/2 1721/7/2
f 1721/7/2 1714/7/2 1722/7/2
f 1715/7/2 1716/7/2 1724/7/2
f 1724/7/2 1716/7/2 1725/7/2
f 1717/7/2 1718/7/2 1726/7/2
f 1726/7/2 1718/7/2 1727/7/2
f 1722/7/2 1723/7/2 1728/7/2
f 1728/7/2 1723/7/2 1729/7/2
f 1730/3/2 1731/3/2 1732/3/2
f 1732/3/2 1731/3/2 1733/3/2
f 1734/2/2 1735/2/2 1738/2/2
f 1738/2/2 1735/2/2 1739/2/2
f 1736/2/2 1737/2/2 1740/2/2
f 1740/2/2 1737/2/2 1741/2/2
f 1742/2/2 1743/2/2 1744/2/2
f 1744/2/2 1743/2/2 1745/2/2
f 1746/7/2 1747/7/2 1748/7/2
f 1748/7/2 1747/7/2 1749/7/2
f 1750/7/2 1751/7/2 1758/7/2
f 1751/7/2 1752/7/2 1758/7/2
f 1752/7/2 1753/7/2 1758/7/2
f 1758/7/2 1753/7/2 1759/7/2
f 1754/7/2 1755/7/2 1760/7/2
f 1760/7/2 1755/7/2 1761/7/2
f 1756/7/2 1757/7/2 1763/7/2
f 1763/7/2 1757/7/2 1764/7/2
f 1759/7/2 1760/7/2 1765/7/2
f 1765/7/2 1760/7/2 1766/7/2
f 1762/7/2 1763/7/2 1767/7/2
f 1767/7/2 1763/7/2 1768/7/2
f 1769/2/2 1770/2/2 1772/2/2
f 1772/2/2 1770/2/2 1773/2/2
f 1771/2/2 1772/2/2 1776/2/2
f 1772/2/2 1773/2/2 1776/2/2
f 1776/2/2 1773/2/2 1777/2/2
f 1777/2/2 1773/2/2 1778/2/2
f 1774/2/2 1775/2/2 1779/2/2
f 1779/2/2 1775/2/2 1780/2/2
f 1780/2/2 1781/2/2 1784/2/2
f 1784/2/2 1781/2/2 1785/2/2
f 1782/2/2 1783/2/2 1786/2/2
f 1786/2/2 1783/2/2 1787/2/2
f 1788/4/2 1789/4/2 1793/4/2
f 1793/4/2 1789/4/2 1794/4/2
f 1790/7/2 1791/7/2 1795/7/2
f 1795/7/2 1791/7/2 1796/7/2
f 1792/4/2 1793/4/2 1803/4/2
f 1803/4/2 1793/4/2 1804/4/2
f 1797/7/2 1798/7/2 1805/7/2
f 1805/7/2 1798/7/2 1806/7/2
f 1799/6/2 1800/6/2 1807/6/2
f 1807/6/2 1800/6/2 1808/6/2
f 1801/7/2 1802/7/2 1809/7/2
f 1809/7/2 1802/7/2 1810/7/2
f 1808/6/2 1809/6/2 1811/6/2
f 1811/6/2 1809/6/2 1812/6/2
f 1813/2/2 1814/2/2 1816/2/2
f 1816/2/2 1814/2/2 1817/2/2
f 1817/2/2 1818/2/2 1819/2/2
f 1819/2/2 1818/2/2 1820/2/2
f 1815/2/2 1816/2/2 1822/2/2
f 1822/2/2 1816/2/2 1823/2/2
f 1820/2/2 1821/2/2 1824/2/2
f 1824/2/2 1821/2/2 1825/2/2
f 1826/2/2 1827/2/2 1828/2/2
f 1828/2/2 1827/2/2 1829/2/2
f 1830/7/2 1831/7/2 1836/7/2
f 1836/7/2 1831/7/2 1837/7/2
f 1834/7/2 1835/7/2 1840/7/2
f 1832/7/2 1833/7/2 1840/7/2
f 1833/7/2 1834/7/2 1840/7/2
f 1840/7/2 1835/7/2 1841/7/2
f 1838/7/2 1839/7/2 1845/7/2
f 1837/7/2 1838/7/2 1845/7/2
f 1845/7/2 1839/7/2 1846/7/2
f 1843/6/2 1844/6/2 1847/6/2
f 1842/6/2 1843/6/2 1847/6/2
f 1847/6/2 1844/6/2 1848/6/2
f 1849/2/2 1850/2/2 1851/2/2
f 1849/2/2 1851/2/2 1854/2/2
f 1851/2/2 1852/2/2 1854/2/2
f 1854/2/2 1852/2/2 1855/2/2
f 1853/2/2 1854/2/2 1856/2/2
f 1856/2/2 1854/2/2 1857/2/2
f 1855/2/2 1852/2/2 1858/2/2
f 1858/2/2 1852/2/2 1859/2/2
f 1860/4/2 1861/4/2 1862/4/2
f 1862/4/2 1861/4/2 1863/4/2
f 1863/4/2 1864/4/2 1871/4/2
f 1871/4/2 1864/4/2 1872/4/2
f 1865/7/2 1866/7/2 1873/7/2
f 1866/7/2 1867/7/2 1873/7/2
f 1867/6/2 1868/6/2 1874/6/2
f 1873/7/2 1867/7/2 1874/7/2
f 1874/6/2 1868/6/2 1875/6/2
f 1869/6/2 1870/6/2 1878/6/2
f 1878/6/2 1870/6/2 1879/6/2
f 1876/6/2 1877/6/2 1880/6/2
f 1880/6/2 1877/6/2 1881/6/2
f 1882/2/2 1883/2/2 1884/2/2
f 1884/2/2 1883/2/2 1885/2/2
f 1886/4/2 1887/4/2 1890/4/2
f 1890/4/2 1887/4/2 1891/4/2
f 1888/4/2 1889/4/2 1896/4/2
f 1896/4/2 1889/4/2 1897/4/2
f 1891/4/2 1892/4/2 1898/4/2
f 1898/4/2 1892/4/2 1899/4/2
f 1893/6/2 1894/6/2 1900/6/2
f 1900/6/2 1894/6/2 1901/6/2
f 1895/4/2 1896/4/2 1903/4/2
f 1903/4/2 1896/4/2 1904/4/2
f 1901/6/2 1902/6/2 1905/6/2
f 1905/6/2 1902/6/2 1906/6/2
f 1907/4/2 1908/4/2 1909/4/2
f 1909/4/2 1908/4/2 1910/4/2
f 1910/4/2 1911/4/2 1916/4/2
f 1911/7/2 1912/7/2 1917/7/2
f 1916/4/2 1911/4/2 1917/4/2
f 1912/4/2 1913/4/2 1918/4/2
f 1917/7/2 1912/7/2 1918/7/2
f 1918/4/2 1913/4/2 1919/4/2
f 1914/6/2 1915/6/2 1920/6/2
f 1920/6/2 1915/6/2 1921/6/2
f 1922/4/2 1923/4/2 1926/4/2
f 1926/4/2 1923/4/2 1927/4/2
f 1924/4/2 1925/4/2 1931/4/2
f 1931/4/2 1925/4/2 1932/4/2
f 1927/4/2 1928/4/2 1933/4/2
f 1928/6/2 1929/6/2 1934/6/2
f 1933/4/2 1928/4/2 1934/4/2
f 1934/6/2 1929/6/2 1935/6/2
f 1930/4/2 1931/4/2 1936/4/2
f 1936/4/2 1931/4/2 1937/4/2
f 1938/4/2 1939/4/2 1942/4/2
f 1942/4/2 1939/4/2 1943/4/2
f 1940/4/2 1941/4/2 1948/4/2
f 1948/4/2 1941/4/2 1949/4/2
f 1943/4/2 1944/4/2 1950/4/2
f 1950/4/2 1944/4/2 1951/4/2
f 1945/4/2 1946/4/2 1952/4/2
f 1946/6/2 1947/6/2 1953/6/2
f 1952/4/2 1946/4/2 1953/4/2
f 1947/4/2 1948/4/2 1954/4/2
f 1953/6/2 1947/6/2 1954/6/2
f 1954/4/2 1948/4/2 1955/4/2
f 1956/4/2 1957/4/2 1958/4/2
f 1958/4/2 1957/4/2 1959/4/2
f 1959/4/2 1957/4/2 1960/4/2
f 1960/4/2 1957/4/2 1961/4/2
f 1959/4/2 1960/4/2 1962/4/2
f 1962/4/2 1960/4/2 1963/4/2
f 1966/4/3 1965/4/3 1964/4/3
f 1967/4/3 1965/4/3 1966/4/3
f 1970/4/3 1969/4/3 1968/4/3
f 1972/4/3 1970/4/3 1968/4/3
f 1972/4/3 1971/4/3 1970/4/3
f 1973/4/3 1971/4/3 1972/4/3
f 1974/4/3 1972/4/3 1968/4/3
f 1975/4/3 1972/4/3 1974/4/3
f 1978/4/3 1977/4/3 1976/4/3
f 1979/4/3 1977/4/3 1978/4/3
f 1981/4/3 1980/4/3 1979/4/3
f 1982/4/3 1980/4/3 1981/4/3
f 1983/7/3 1982/7/3 1981/7/3
f 1984/7/3 1982/7/3 1983/7/3
f 1986/4/3 1984/4/3 1983/4/3
f 1987/4/3 1984/4/3 1986/4/3
f 1988/4/3 1986/4/3 1985/4/3
f 1989/4/3 1986/4/3 1988/4/3
f 1993/4/3 1991/4/3 1990/4/3
f 1994/4/3 1991/4/3 1993/4/3
f 1995/4/3 1991/4/3 1994/4/3
f 1996/4/3 1993/4/3 1992/4/3
f 1996/4/3 1994/4/3 1993/4/3
f 1996/7/3 1995/7/3 1994/7/3
f 1997/7/3 1995/7/3 1996/7/3
f 1998/4/3 1996/4/3 1992/4/3
f 1999/4/3 1996/4/3 1998/4/3
f 2000/4/3 1998/4/3 1992/4/3
f 2001/4/3 1998/4/3 2000/4/3
f 2003/4/3 2002/4/3 2001/4/3
f 2004/4/3 2002/4/3 2003/4/3
f 2007/7/3 2005/7/3 2004/7/3
f 2008/7/3 2005/7/3 2007/7/3
f 2010/4/3 2007/4/3 2006/4/3
f 2011/4/3 2007/4/3 2010/4/3
f 2012/4/3 2010/4/3 2009/4/3
f 2014/4/3 2012/4/3 2009/4/3
f 2014/4/3 2013/4/3 2012/4/3
f 2015/4/3 2013/4/3 2014/4/3
f 2016/4/3 2013/4/3 2015/4/3
f 2017/7/3 2016/7/3 2015/7/3
f 2018/7/3 2016/7/3 2017/7/3
f 2022/4/3 2020/4/3 2019/4/3
f 2023/4/3 2020/4/3 2022/4/3
f 2024/4/3 2022/4/3 2021/4/3
f 2025/4/3 2022/4/3 2024/4/3
f 2029/4/3 2027/4/3 2026/4/3
f 2030/4/3 2027/4/3 2029/4/3
f 2032/4/3 2029/4/3 2028/4/3
f 2033/4/3 2029/4/3 2032/4/3
f 2034/7/3 2031/7/3 2030/7/3
f 2036/7/3 2031/7/3 2034/7/3
f 2037/7/3 2031/7/3 2036/7/3
f 2039/7/3 2036/7/3 2035/7/3
f 2040/7/3 2036/7/3 2039/7/3
f 2041/4/3 2039/4/3 2038/4/3
f 2042/4/3 2039/4/3 2041/4/3
f 2045/4/3 2044/4/3 2043/4/3
f 2046/4/3 2044/4/3 2045/4/3
f 2048/7/3 2047/7/3 2046/7/3
f 2049/7/3 2047/7/3 2048/7/3
f 2050/7/3 2047/7/3 2049/7/3
f 2054/4/3 2052/4/3 2051/4/3
f 2055/4/3 2052/4/3 2054/4/3
f 2056/4/3 2054/4/3 2053/4/3
f 2057/4/3 2054/4/3 2056/4/3
f 2060/4/3 2059/4/3 2058/4/3
f 2061/4/3 2059/4/3 2060/4/3
f 2064/2/3 2063/2/3 2062/2/3
f 2065/2/3 2063/2/3 2064/2/3
f 2068/7/3 2067/7/3 2066/7/3
f 2069/7/3 2067/7/3 2068/7/3
f 2072/4/3 2071/4/3 2070/4/3
f 2073/4/3 2071/4/3 2072/4/3
f 2077/3/3 2074/3/3 2073/3/3
f 2079/4/3 2076/4/3 2075/4/3
f 2080/4/3 2076/4/3 2079/4/3
f 2081/3/3 2077/3/3 2073/3/3
f 2082/1/3 2078/1/3 2077/1/3
f 2082/3/3 2077/3/3 2081/3/3
f 2083/1/3 2078/1/3 2082/1/3
f 2084/1/3 2078/1/3 2083/1/3
f 2086/2/3 2084/2/3 2083/2/3
f 2087/2/3 2084/2/3 2086/2/3
f 2088/2/3 2086/2/3 2085/2/3
f 2089/2/3 2086/2/3 2088/2/3
f 2092/2/3 2091/2/3 2090/2/3
f 2093/2/3 2091/2/3 2092/2/3
f 2096/7/3 2095/7/3 2094/7/3
f 2097/7/3 2095/7/3 2096/7/3
f 2100/1/3 2099/1/3 2098/1/3
f 2101/1/3 2099/1/3 2100/1/3
f 2103/1/3 2102/1/3 2101/1/3
f 2104/1/3 2102/1/3 2103/1/3
f 2106/2/3 2104/2/3 2103/2/3
f 2107/2/3 2104/2/3 2106/2/3
f 2109/2/3 2106/2/3 2105/2/3
f 2110/2/3 2106/2/3 2109/2/3
f 2113/2/3 2109/2/3 2108/2/3
f 2114/2/3 2109/2/3 2113/2/3
f 2115/7/3 2112/7/3 2111/7/3
f 2115/2/3 2113/2/3 2112/2/3
f 2116/2/3 2113/2/3 2115/2/3
f 2117/7/3 2115/7/3 2111/7/3
f 2118/7/3 2115/7/3 2117/7/3
f 2121/7/3 2120/7/3 2119/7/3
f 2123/7/3 2121/7/3 2119/7/3
f 2124/1/3 2122/1/3 2121/1/3
f 2124/7/3 2121/7/3 2123/7/3
f 2125/1/3 2122/1/3 2124/1/3
f 2127/1/3 2125/1/3 2124/1/3
f 2127/1/3 2126/1/3 2125/1/3
f 2128/1/3 2126/1/3 2127/1/3
f 2129/1/3 2126/1/3 2128/1/3
f 2131/1/3 2129/1/3 2128/1/3
f 2131/3/3 2128/3/3 2127/3/3
f 2132/1/3 2129/1/3 2131/1/3
f 2133/3/3 2131/3/3 2127/3/3
f 2134/3/3 2131/3/3 2133/3/3
f 2135/1/3 2129/1/3 2132/1/3
f 2136/2/3 2130/2/3 2129/2/3
f 2136/1/3 2129/1/3 2135/1/3
f 2137/2/3 2130/2/3 2136/2/3
f 2139/3/3 2131/3/3 2134/3/3
f 2140/3/3 2131/3/3 2139/3/3
f 2141/3/3 2139/3/3 2138/3/3
f 2142/3/3 2139/3/3 2141/3/3
f 2146/4/3 2144/4/3 2143/4/3
f 2147/4/3 2144/4/3 2146/4/3
f 2148/4/3 2146/4/3 2145/4/3
f 2149/4/3 2146/4/3 2148/4/3
f 2152/4/3 2151/4/3 2150/4/3
f 2153/4/3 2151/4/3 2152/4/3
f 2157/2/3 2155/2/3 2154/2/3
f 2158/2/3 2155/2/3 2157/2/3
f 2159/2/3 2157/2/3 2156/2/3
f 2160/2/3 2157/2/3 2159/2/3
f 2163/1/3 2162/1/3 2161/1/3
f 2164/1/3 2162/1/3 2163/1/3
f 2167/7/3 2166/7/3 2165/7/3
f 2168/7/3 2166/7/3 2167/7/3
f 2173/2/3 2170/2/3 2169/2/3
f 2175/3/3 2172/3/3 2171/3/3
f 2177/2/3 2174/2/3 2173/2/3
f 2177/2/3 2173/2/3 2169/2/3
f 2178/2/3 2174/2/3 2177/2/3
f 2181/3/3 2175/3/3 2171/3/3
f 2182/1/3 2176/1/3 2175/1/3
f 2182/3/3 2175/3/3 2181/3/3
f 2183/2/3 2179/2/3 2178/2/3
f 2183/1/3 2176/1/3 2182/1/3
f 2183/2/3 2177/2/3 2176/2/3
f 2183/2/3 2178/2/3 2177/2/3
f 2184/2/3 2179/2/3 2183/2/3
f 2186/3/3 2181/3/3 2180/3/3
f 2187/3/3 2181/3/3 2186/3/3
f 2188/1/3 2183/1/3 2182/1/3
f 2189/1/3 2183/1/3 2188/1/3
f 2190/2/3 2179/2/3 2184/2/3
f 2191/2/3 2179/2/3 2190/2/3
f 2192/7/3 2186/7/3 2185/7/3
f 2193/7/3 2186/7/3 2192/7/3
f 2194/2/3 2179/2/3 2191/2/3
f 2195/2/3 2179/2/3 2194/2/3
f 2198/4/3 2197/4/3 2196/4/3
f 2199/4/3 2197/4/3 2198/4/3
f 2202/2/3 2201/2/3 2200/2/3
f 2203/2/3 2201/2/3 2202/2/3
f 2210/1/3 2205/1/3 2204/1/3
f 2211/1/3 2205/1/3 2210/1/3
f 2213/2/3 2207/2/3 2206/2/3
f 2216/7/3 2209/7/3 2208/7/3
f 2217/7/3 2209/7/3 2216/7/3
f 2218/2/3 2212/2/3 2211/2/3
f 2219/2/3 2212/2/3 2218/2/3
f 2220/2/3 2213/2/3 2206/2/3
f 2220/2/3 2214/2/3 2213/2/3
f 2221/2/3 2214/2/3 2220/2/3
f 2223/7/3 2216/7/3 2215/7/3
f 2224/7/3 2216/7/3 2223/7/3
f 2225/2/3 2222/2/3 2221/2/3
f 2225/2/3 2221/2/3 2220/2/3
f 2225/2/3 2220/2/3 2219/2/3
f 2226/2/3 2222/2/3 2225/2/3
f 2227/2/3 2222/2/3 2226/2/3
f 2228/2/3 2222/2/3 2227/2/3
f 2229/2/3 2227/2/3 2226/2/3
f 2230/2/3 2227/2/3 2229/2/3
f 2231/2/3 2222/2/3 2228/2/3
f 2232/2/3 2222/2/3 2231/2/3
f 2235/7/3 2234/7/3 2233/7/3
f 2236/7/3 2234/7/3 2235/7/3
f 2239/4/3 2238/4/3 2237/4/3
f 2240/4/3 2238/4/3 2239/4/3
f 2242/4/3 2241/4/3 2240/4/3
f 2243/4/3 2241/4/3 2242/4/3
f 2246/7/3 2245/7/3 2244/7/3
f 2247/7/3 2246/7/3 2244/7/3
f 2248/7/3 2246/7/3 2247/7/3
f 2251/1/3 2250/1/3 2249/1/3
f 2252/1/3 2250/1/3 2251/1/3
f 2259/2/3 2256/2/3 2255/2/3
f 2260/2/3 2256/2/3 2259/2/3
f 2261/2/3 2258/2/3 2257/2/3
f 2262/2/3 2258/2/3 2261/2/3
f 2265/2/3 2264/2/3 2263/2/3
f 2265/2/3 2263/2/3 2262/2/3
f 2265/2/3 2262/2/3 2261/2/3
f 2266/2/3 2264/2/3 2265/2/3
f 2267/2/3 2264/2/3 2266/2/3
f 2268/2/3 2264/2/3 2267/2/3
f 2270/7/3 2254/7/3 2253/7/3
f 2271/7/3 2254/7/3 2270/7/3
f 2272/2/3 2267/2/3 2266/2/3
f 2273/2/3 2267/2/3 2272/2/3
f 2274/7/3 2270/7/3 2269/7/3
f 2275/7/3 2270/7/3 2274/7/3
f 2278/4/3 2277/4/3 2276/4/3
f 2279/4/3 2277/4/3 2278/4/3
f 2282/7/3 2281/7/3 2280/7/3
f 2283/7/3 2281/7/3 2282/7/3
f 2285/7/3 2284/7/3 2283/7/3
f 2286/7/3 2284/7/3 2285/7/3
f 2288/6/3 2286/6/3 2285/6/3
f 2289/6/3 2286/6/3 2288/6/3
f 2290/6/3 2288/6/3 2287/6/3
f 2291/6/3 2288/6/3 2290/6/3
f 2292/6/3 2288/6/3 2291/6/3
f 2295/7/3 2294/7/3 2293/7/3
f 2296/7/3 2294/7/3 2295/7/3
f 2299/2/3 2298/2/3 2297/2/3
f 2300/2/3 2298/2/3 2299/2/3
f 2304/2/3 2301/2/3 2300/2/3
f 2305/2/3 2301/2/3 2304/2/3
f 2306/2/3 2303/2/3 2302/2/3
f 2307/2/3 2306/2/3 2305/2/3
f 2308/2/3 2303/2/3 2306/2/3
f 2308/2/3 2306/2/3 2307/2/3
f 2311/7/3 2310/7/3 2309/7/3
f 2312/7/3 2310/7/3 2311/7/3
f 2313/7/3 2310/7/3 2312/7/3
f 2317/6/3 2315/6/3 2314/6/3
f 2318/6/3 2315/6/3 2317/6/3
f 2319/6/3 2317/6/3 2316/6/3
f 2320/6/3 2317/6/3 2319/6/3
f 2323/7/3 2322/7/3 2321/7/3
f 2324/7/3 2322/7/3 2323/7/3
f 2327/4/3 2326/4/3 2325/4/3
f 2328/4/3 2326/4/3 2327/4/3
f 2330/4/3 2329/4/3 2328/4/3
f 2331/4/3 2329/4/3 2330/4/3
f 2334/4/3 2332/4/3 2331/4/3
f 2335/7/3 2333/7/3 2332/7/3
f 2335/4/3 2332/4/3 2334/4/3
f 2336/7/3 2333/7/3 2335/7/3
f 2339/7/3 2337/7/3 2336/7/3
f 2340/7/3 2337/7/3 2339/7/3
f 2341/7/3 2339/7/3 2338/7/3
f 2342/7/3 2339/7/3 2341/7/3
f 2346/6/3 2344/6/3 2343/6/3
f 2347/6/3 2344/6/3 2346/6/3
f 2348/6/3 2346/6/3 2345/6/3
f 2349/6/3 2346/6/3 2348/6/3
f 2352/7/3 2351/7/3 2350/7/3
f 2354/7/3 2352/7/3 2350/7/3
f 2355/7/3 2354/7/3 2353/7/3
f 2356/7/3 2352/7/3 2354/7/3
f 2356/7/3 2354/7/3 2355/7/3
f 2357/7/3 2352/7/3 2356/7/3
f 2359/7/3 2357/7/3 2356/7/3
f 2360/7/3 2357/7/3 2359/7/3
f 2362/7/3 2359/7/3 2358/7/3
f 2363/7/3 2359/7/3 2362/7/3
f 2364/7/3 2362/7/3 2361/7/3
f 2365/7/3 2362/7/3 2364/7/3
f 2369/3/3 2367/3/3 2366/3/3
f 2369/3/3 2368/3/3 2367/3/3
f 2370/3/3 2368/3/3 2369/3/3
f 2373/7/3 2372/7/3 2371/7/3
f 2374/7/3 2372/7/3 2373/7/3
f 2378/4/3 2376/4/3 2375/4/3
f 2379/4/3 2376/4/3 2378/4/3
f 2380/4/3 2378/4/3 2377/4/3
f 2381/4/3 2378/4/3 2380/4/3
f 2385/4/3 2383/4/3 2382/4/3
f 2386/7/3 2384/7/3 2383/7/3
f 2386/4/3 2383/4/3 2385/4/3
f 2387/7/3 2384/7/3 2386/7/3
f 2389/7/3 2388/7/3 2387/7/3
f 2390/7/3 2388/7/3 2389/7/3
f 2394/3/3 2392/3/3 2391/3/3
f 2395/3/3 2392/3/3 2394/3/3
f 2397/3/3 2394/3/3 2393/3/3
f 2397/3/3 2396/3/3 2395/3/3
f 2397/3/3 2395/3/3 2394/3/3
f 2398/3/3 2396/3/3 2397/3/3
f 2399/3/3 2396/3/3 2398/3/3
f 2402/3/3 2399/3/3 2398/3/3
f 2403/3/3 2399/3/3 2402/3/3
f 2404/1/3 2400/1/3 2399/1/3
f 2404/3/3 2399/3/3 2403/3/3
f 2405/1/3 2400/1/3 2404/1/3
f 2406/3/3 2403/3/3 2402/3/3
f 2406/3/3 2402/3/3 2401/3/3
f 2407/3/3 2403/3/3 2406/3/3
f 2410/7/3 2409/7/3 2408/7/3
f 2411/7/3 2409/7/3 2410/7/3
f 2412/7/3 2409/7/3 2411/7/3
f 2413/7/3 2409/7/3 2412/7/3
f 2417/7/3 2415/7/3 2414/7/3
f 2417/6/3 2416/6/3 2415/6/3
f 2418/6/3 2416/6/3 2417/6/3
f 2419/7/3 2417/7/3 2414/7/3
f 2419/7/3 2418/7/3 2417/7/3
f 2420/7/3 2418/7/3 2419/7/3
f 2421/7/3 2418/7/3 2420/7/3
f 2424/3/3 2423/3/3 2422/3/3
f 2425/3/3 2423/3/3 2424/3/3
f 2427/3/3 2426/3/3 2425/3/3
f 2428/3/3 2426/3/3 2427/3/3
f 2431/1/3 2429/1/3 2428/1/3
f 2432/1/3 2429/1/3 2431/1/3
f 2433/2/3 2430/2/3 2429/2/3
f 2435/2/3 2434/2/3 2433/2/3
f 2437/1/3 2429/1/3 2432/1/3
f 2438/2/3 2436/2/3 2435/2/3
f 2438/1/3 2429/1/3 2437/1/3
f 2438/2/3 2433/2/3 2429/2/3
f 2438/2/3 2435/2/3 2433/2/3
f 2439/2/3 2436/2/3 2438/2/3
f 2442/3/3 2441/3/3 2440/3/3
f 2443/3/3 2441/3/3 2442/3/3
f 2444/3/3 2441/3/3 2443/3/3
f 2447/7/3 2446/7/3 2445/7/3
f 2448/7/3 2446/7/3 2447/7/3
f 2451/7/3 2449/7/3 2448/7/3
f 2452/7/3 2449/7/3 2451/7/3
f 2453/8/3 2451/8/3 2450/8/3
f 2454/8/3 2451/8/3 2453/8/3
f 2458/7/3 2456/7/3 2455/7/3
f 2459/7/3 2456/7/3 2458/7/3
f 2460/7/3 2458/7/3 2457/7/3
f 2461/7/3 2458/7/3 2460/7/3
f 2464/6/3 2463/6/3 2462/6/3
f 2465/6/3 2463/6/3 2464/6/3
f 2468/8/3 2467/8/3 2466/8/3
f 2469/8/3 2467/8/3 2468/8/3
f 2472/6/3 2471/6/3 2470/6/3
f 2473/6/3 2471/6/3 2472/6/3
f 2474/6/3 2471/6/3 2473/6/3
f 2476/7/3 2474/7/3 2473/7/3
f 2477/7/3 2474/7/3 2476/7/3
f 2478/7/3 2476/7/3 2475/7/3
f 2479/7/3 2476/7/3 2478/7/3
f 2480/7/3 2476/7/3 2479/7/3
f 2481/7/3 2476/7/3 2480/7/3
f 2484/1/3 2483/1/3 2482/1/3
f 2485/1/3 2483/1/3 2484/1/3
f 2488/2/3 2487/2/3 2486/2/3
f 2489/2/3 2487/2/3 2488/2/3
f 2491/2/3 2490/2/3 2489/2/3
f 2492/2/3 2490/2/3 2491/2/3
f 2494/2/3 2493/2/3 2492/2/3
f 2495/2/3 2493/2/3 2494/2/3
f 2498/4/3 2497/4/3 2496/4/3
f 2499/4/3 2497/4/3 2498/4/3
f 2504/4/3 2501/4/3 2500/4/3
f 2505/4/3 2501/4/3 2504/4/3
f 2506/4/3 2501/4/3 2505/4/3
f 2507/7/3 2503/7/3 2502/7/3
f 2509/4/3 2505/4/3 2504/4/3
f 2510/4/3 2505/4/3 2509/4/3
f 2511/7/3 2507/7/3 2502/7/3
f 2512/8/3 2508/8/3 2507/8/3
f 2512/7/3 2507/7/3 2511/7/3
f 2513/8/3 2508/8/3 2512/8/3
f 2516/7/3 2511/7/3 2502/7/3
f 2517/7/3 2516/7/3 2515/7/3
f 2518/7/3 2511/7/3 2516/7/3
f 2518/7/3 2516/7/3 2517/7/3
f 2519/7/3 2511/7/3 2518/7/3
f 2521/8/3 2514/8/3 2513/8/3
f 2522/8/3 2514/8/3 2521/8/3
f 2523/6/3 2518/6/3 2517/6/3
f 2524/7/3 2520/7/3 2519/7/3
f 2524/6/3 2518/6/3 2523/6/3
f 2524/7/3 2519/7/3 2518/7/3
f 2525/8/3 2521/8/3 2520/8/3
f 2525/7/3 2520/7/3 2524/7/3
f 2526/8/3 2521/8/3 2525/8/3
f 2529/7/3 2528/7/3 2527/7/3
f 2530/7/3 2528/7/3 2529/7/3
f 2534/6/3 2532/6/3 2531/6/3
f 2535/6/3 2532/6/3 2534/6/3
f 2536/6/3 2534/6/3 2533/6/3
f 2537/6/3 2534/6/3 2536/6/3
f 2543/4/3 2539/4/3 2538/4/3
f 2544/4/3 2539/4/3 2543/4/3
f 2545/7/3 2541/7/3 2540/7/3
f 2546/7/3 2541/7/3 2545/7/3
f 2548/7/3 2543/7/3 2542/7/3
f 2549/7/3 2543/7/3 2548/7/3
f 2550/7/3 2547/7/3 2546/7/3
f 2551/7/3 2547/7/3 2550/7/3
f 2552/7/3 2545/7/3 2544/7/3
f 2555/7/3 2545/7/3 2552/7/3
f 2556/7/3 2545/7/3 2555/7/3
f 2557/7/3 2554/7/3 2553/7/3
f 2557/7/3 2555/7/3 2554/7/3
f 2558/7/3 2555/7/3 2557/7/3
f 2561/7/3 2560/7/3 2559/7/3
f 2562/7/3 2560/7/3 2561/7/3
f 2565/7/3 2564/7/3 2563/7/3
f 2566/7/3 2564/7/3 2565/7/3
f 2569/6/3 2568/6/3 2567/6/3
f 2570/6/3 2568/6/3 2569/6/3
f 2573/8/3 2572/8/3 2571/8/3
f 2574/8/3 2572/8/3 2573/8/3
f 2578/7/3 2576/7/3 2575/7/3
f 2579/7/3 2576/7/3 2578/7/3
f 2580/7/3 2578/7/3 2577/7/3
f 2581/7/3 2578/7/3 2580/7/3
f 2585/7/3 2583/7/3 2582/7/3
f 2586/7/3 2583/7/3 2585/7/3
f 2587/7/3 2585/7/3 2584/7/3
f 2588/7/3 2585/7/3 2587/7/3
f 2591/4/3 2590/4/3 2589/4/3
f 2592/4/3 2590/4/3 2591/4/3
f 2596/7/3 2594/7/3 2593/7/3
f 2597/7/3 2594/7/3 2596/7/3
f 2598/7/3 2596/7/3 2595/7/3
f 2599/7/3 2596/7/3 2598/7/3
f 2601/7/3 2598/7/3 2595/7/3
f 2602/7/3 2598/7/3 2601/7/3
f 2603/7/3 2601/7/3 2600/7/3
f 2604/7/3 2601/7/3 2603/7/3
f 2607/7/3 2606/7/3 2605/7/3
f 2608/7/3 2606/7/3 2607/7/3
f 2611/3/3 2610/3/3 2609/3/3
f 2612/3/3 2610/3/3 2611/3/3
f 2615/6/3 2614/6/3 2613/6/3
f 2616/6/3 2614/6/3 2615/6/3
f 2619/7/3 2618/7/3 2617/7/3
f 2620/7/3 2618/7/3 2619/7/3
f 2624/7/3 2622/7/3 2621/7/3
f 2625/7/3 2622/7/3 2624/7/3
f 2627/7/3 2624/7/3 2623/7/3
f 2628/7/3 2624/7/3 2627/7/3
f 2629/7/3 2627/7/3 2626/7/3
f 2630/7/3 2627/7/3 2629/7/3
f 2633/7/3 2632/7/3 2631/7/3
f 2634/7/3 2632/7/3 2633/7/3
f 2637/7/3 2636/7/3 2635/7/3
f 2638/7/3 2636/7/3 2637/7/3
f 2642/3/3 2640/3/3 2639/3/3
f 2643/1/3 2641/1/3 2640/1/3
f 2643/3/3 2640/3/3 2642/3/3
f 2644/1/3 2641/1/3 2643/1/3
f 2647/3/3 2644/3/3 2643/3/3
f 2648/3/3 2644/3/3 2647/3/3
f 2649/7/3 2646/7/3 2645/7/3
f 2649/3/3 2647/3/3 2646/3/3
f 2650/3/3 2647/3/3 2649/3/3
f 2652/7/3 2649/7/3 2645/7/3
f 2653/7/3 2649/7/3 2652/7/3
f 2654/7/3 2652/7/3 2651/7/3
f 2655/7/3 2652/7/3 2654/7/3
f 2658/7/3 2657/7/3 2656/7/3
f 2659/7/3 2657/7/3 2658/7/3
f 2662/6/3 2661/6/3 2660/6/3
f 2664/6/3 2661/6/3 2662/6/3
f 2665/6/3 2661/6/3 2664/6/3
f 2666/6/3 2664/6/3 2663/6/3
f 2667/6/3 2664/6/3 2666/6/3
f 2671/2/3 2669/2/3 2668/2/3
f 2672/2/3 2669/2/3 2671/2/3
f 2676/2/3 2672/2/3 2671/2/3
f 2676/2/3 2671/2/3 2670/2/3
f 2676/2/3 2673/2/3 2672/2/3
f 2677/2/3 2673/2/3 2676/2/3
f 2678/2/3 2673/2/3 2677/2/3
f 2679/1/3 2675/1/3 2674/1/3
f 2680/1/3 2675/1/3 2679/1/3
f 2681/1/3 2675/1/3 2680/1/3
f 2682/2/3 2676/2/3 2675/2/3
f 2682/2/3 2677/2/3 2676/2/3
f 2683/2/3 2677/2/3 2682/2/3
f 2684/1/3 2675/1/3 2681/1/3
f 2685/2/3 2682/2/3 2675/2/3
f 2685/1/3 2675/1/3 2684/1/3
f 2686/2/3 2682/2/3 2685/2/3
f 2687/1/3 2685/1/3 2684/1/3
f 2688/1/3 2685/1/3 2687/1/3
f 2691/4/3 2690/4/3 2689/4/3
f 2692/4/3 2690/4/3 2691/4/3
f 2693/4/3 2690/4/3 2692/4/3
f 2696/7/3 2695/7/3 2694/7/3
f 2697/7/3 2695/7/3 2696/7/3
f 2700/2/3 2699/2/3 2698/2/3
f 2701/2/3 2699/2/3 2700/2/3
f 2705/2/3 2703/2/3 2702/2/3
f 2706/2/3 2703/2/3 2705/2/3
f 2708/2/3 2705/2/3 2704/2/3
f 2709/2/3 2705/2/3 2708/2/3
f 2710/2/3 2708/2/3 2707/2/3
f 2711/2/3 2708/2/3 2710/2/3
f 2714/4/3 2713/4/3 2712/4/3
f 2715/4/3 2713/4/3 2714/4/3
f 2718/7/3 2717/7/3 2716/7/3
f 2719/7/3 2717/7/3 2718/7/3
f 2721/7/3 2720/7/3 2719/7/3
f 2722/7/3 2720/7/3 2721/7/3
f 2725/7/3 2724/7/3 2723/7/3
f 2726/7/3 2724/7/3 2725/7/3
f 2727/7/3 2724/7/3 2726/7/3
f 2728/6/3 2726/6/3 2725/6/3
f 2729/6/3 2726/6/3 2728/6/3
f 2732/4/3 2731/4/3 2730/4/3
f 2733/4/3 2731/4/3 2732/4/3
f 2736/7/3 2735/7/3 2734/7/3
f 2737/7/3 2735/7/3 2736/7/3
f 2739/7/3 2738/7/3 2737/7/3
f 2740/7/3 2738/7/3 2739/7/3
f 2743/7/3 2742/7/3 2741/7/3
f 2744/7/3 2742/7/3 2743/7/3
f 2748/7/3 2746/7/3 2745/7/3
f 2749/7/3 2748/7/3 2747/7/3
f 2750/7/3 2746/7/3 2748/7/3
f 2750/7/3 2748/7/3 2749/7/3
f 2751/7/3 2746/7/3 2750/7/3
f 2754/6/3 2753/6/3 2752/6/3
f 2755/6/3 2753/6/3 2754/6/3
f 2758/7/3 2757/7/3 2756/7/3
f 2759/7/3 2757/7/3 2758/7/3
f 2762/6/3 2761/6/3 2760/6/3
f 2763/6/3 2761/6/3 2762/6/3
f 2764/8/3 2763/8/3 2762/8/3
f 2765/8/3 2763/8/3 2764/8/3
f 2769/7/3 2767/7/3 2766/7/3
f 2770/7/3 2769/7/3 2768/7/3
f 2771/7/3 2769/7/3 2770/7/3
f 2772/7/3 2767/7/3 2769/7/3
f 2772/7/3 2769/7/3 2771/7/3
f 2775/7/3 2774/7/3 2773/7/3
f 2776/7/3 2774/7/3 2775/7/3
f 2780/6/3 2778/6/3 2777/6/3
f 2781/6/3 2778/6/3 2780/6/3
f 2783/6/3 2780/6/3 2779/6/3
f 2784/6/3 2780/6/3 2783/6/3
f 2785/6/3 2783/6/3 2782/6/3
f 2786/6/3 2783/6/3 2785/6/3
f 2790/7/3 2788/7/3 2787/7/3
f 2791/7/3 2788/7/3 2790/7/3
f 2792/7/3 2790/7/3 2789/7/3
f 2793/7/3 2790/7/3 2792/7/3
f 2796/7/3 2795/7/3 2794/7/3
f 2797/7/3 2795/7/3 2796/7/3
f 2798/6/3 2797/6/3 2796/6/3
f 2800/6/3 2797/6/3 2798/6/3
f 2801/6/3 2797/6/3 2800/6/3
f 2803/6/3 2800/6/3 2799/6/3
f 2804/6/3 2800/6/3 2803/6/3
f 2805/6/3 2803/6/3 2802/6/3
f 2806/6/3 2803/6/3 2805/6/3
f 2807/7/3 2806/7/3 2805/7/3
f 2808/7/3 2806/7/3 2807/7/3
f 2811/7/3 2810/7/3 2809/7/3
f 2812/7/3 2810/7/3 2811/7/3
f 2815/7/3 2814/7/3 2813/7/3
f 2816/7/3 2814/7/3 2815/7/3
f 2819/7/3 2818/7/3 2817/7/3
f 2820/7/3 2818/7/3 2819/7/3
f 2823/7/3 2821/7/3 2820/7/3
f 2824/7/3 2821/7/3 2823/7/3
f 2825/7/3 2823/7/3 2822/7/3
f 2826/7/3 2823/7/3 2825/7/3
f 2829/7/3 2828/7/3 2827/7/3
f 2830/7/3 2828/7/3 2829/7/3
f 2832/7/3 2831/7/3 2830/7/3
f 2833/7/3 2831/7/3 2832/7/3
f 2836/7/3 2835/7/3 2834/7/3
f 2837/7/3 2835/7/3 2836/7/3
f 2838/7/3 2835/7/3 2837/7/3
f 2841/7/3 2840/7/3 2839/7/3
f 2842/7/3 2840/7/3 2841/7/3
f 2845/7/3 2844/7/3 2843/7/3
f 2846/7/3 2844/7/3 2845/7/3
f 2849/7/3 2848/7/3 2847/7/3
f 2850/7/3 2848/7/3 2849/7/3
f 2852/7/3 2851/7/3 2850/7/3
f 2853/7/3 2851/7/3 2852/7/3
f 2856/6/3 2855/6/3 2854/6/3
f 2857/6/3 2855/6/3 2856/6/3
f 2860/6/3 2859/6/3 2858/6/3
f 2861/6/3 2859/6/3 2860/6/3
f 2864/7/3 2863/7/3 2862/7/3
f 2865/7/3 2863/7/3 2864/7/3
f 2870/1/3 2867/1/3 2866/1/3
f 2871/1/3 2869/1/3 2868/1/3
f 2872/1/3 2867/1/3 2870/1/3
f 2873/1/3 2867/1/3 2872/1/3
f 2874/1/3 2871/1/3 2868/1/3
f 2874/1/3 2872/1/3 2871/1/3
f 2875/1/3 2872/1/3 2874/1/3
f 2876/1/3 2872/1/3 2875/1/3
f 2877/2/3 2876/2/3 2875/2/3
f 2878/2/3 2876/2/3 2877/2/3
f 2883/7/3 2882/7/3 2881/7/3
f 2884/7/3 2880/7/3 2879/7/3
f 2885/7/3 2880/7/3 2884/7/3
f 2886/7/3 2883/7/3 2881/7/3
f 2886/7/3 2884/7/3 2883/7/3
f 2887/7/3 2884/7/3 2886/7/3
f 2888/7/3 2884/7/3 2887/7/3
f 2892/6/3 2890/6/3 2889/6/3
f 2893/6/3 2890/6/3 2892/6/3
f 2894/6/3 2892/6/3 2891/6/3
f 2895/6/3 2892/6/3 2894/6/3
f 2898/4/3 2897/4/3 2896/4/3
f 2899/4/3 2897/4/3 2898/4/3
f 2900/4/3 2897/4/3 2899/4/3
f 2903/1/3 2902/1/3 2901/1/3
f 2906/1/3 2902/1/3 2903/1/3
f 2907/1/3 2902/1/3 2906/1/3
f 2908/2/3 2905/2/3 2904/2/3
f 2909/2/3 2905/2/3 2908/2/3
f 2911/2/3 2910/2/3 2909/2/3
f 2913/2/3 2910/2/3 2911/2/3
f 2914/2/3 2913/2/3 2912/2/3
f 2915/2/3 2910/2/3 2913/2/3
f 2915/2/3 2913/2/3 2914/2/3
f 2916/7/3 2915/7/3 2914/7/3
f 2917/2/3 2910/2/3 2915/2/3
f 2917/7/3 2915/7/3 2916/7/3
f 2918/2/3 2910/2/3 2917/2/3
f 2919/2/3 2910/2/3 2918/2/3
f 2922/7/3 2921/7/3 2920/7/3
f 2923/7/3 2921/7/3 2922/7/3
f 2924/6/3 2923/6/3 2922/6/3
f 2925/6/3 2923/6/3 2924/6/3
f 2928/7/3 2927/7/3 2926/7/3
f 2929/7/3 2927/7/3 2928/7/3
f 2932/1/3 2931/1/3 2930/1/3
f 2933/1/3 2931/1/3 2932/1/3
f 2936/1/3 2935/1/3 2934/1/3
f 2937/1/3 2935/1/3 2936/1/3
f 2938/2/3 2937/2/3 2936/2/3
f 2939/2/3 2937/2/3 2938/2/3
f 2942/2/3 2941/2/3 2940/2/3
f 2943/2/3 2941/2/3 2942/2/3
f 2946/7/3 2945/7/3 2944/7/3
f 2947/7/3 2945/7/3 2946/7/3
f 2950/7/3 2949/7/3 2948/7/3
f 2951/7/3 2949/7/3 2950/7/3
f 2954/4/3 2953/4/3 2952/4/3
f 2955/4/3 2953/4/3 2954/4/3
f 2958/7/3 2957/7/3 2956/7/3
f 2959/7/3 2957/7/3 2958/7/3
f 2962/7/3 2961/7/3 2960/7/3
f 2963/7/3 2961/7/3 2962/7/3
f 2966/4/3 2965/4/3 2964/4/3
f 2967/4/3 2965/4/3 2966/4/3
f 2971/7/3 2969/7/3 2968/7/3
f 2972/7/3 2969/7/3 2971/7/3
f 2973/7/3 2971/7/3 2970/7/3
f 2974/7/3 2971/7/3 2973/7/3
f 2977/7/3 2976/7/3 2975/7/3
f 2978/7/3 2976/7/3 2977/7/3
f 2980/7/3 2979/7/3 2978/7/3
f 2981/7/3 2979/7/3 2980/7/3
f 2985/7/3 2983/7/3 2982/7/3
f 2986/7/3 2983/7/3 2985/7/3
f 2987/7/3 2985/7/3 2984/7/3
f 2988/7/3 2985/7/3 2987/7/3
f 2989/7/4 2990/7/4 2991/7/4
f 2991/7/4 2990/7/4 2992/7/4
f 2993/7/4 2994/7/4 2995/7/4
f 2995/7/4 2994/7/4 2996/7/4
f 2997/7/4 2998/7/4 2999/7/4
f 2999/7/4 2998/7/4 3000/7/4
f 3001/7/4 3002/7/4 3003/7/4
f 3003/7/4 3002/7/4 3004/7/4
f 3005/7/4 3006/7/4 3008/7/4
f 3008/7/4 3006/7/4 3009/7/4
f 3007/7/4 3008/7/4 3010/7/4
f 3010/7/4 3008/7/4 3011/7/4
f 3012/7/4 3013/7/4 3014/7/4
f 3014/7/4 3013/7/4 3015/7/4
f 3016/7/4 3017/7/4 3018/7/4
f 3018/7/4 3017/7/4 3019/7/4
f 3019/7/4 3020/7/4 3022/7/4
f 3020/2/4 3021/2/4 3022/2/4
f 3022/2/4 3021/2/4 3023/2/4
f 3019/7/4 3022/7/4 3024/7/4
f 3024/7/4 3022/7/4 3025/7/4
f 3026/7/4 3027/7/4 3028/7/4
f 3028/7/4 3027/7/4 3029/7/4
f 3030/1/4 3031/1/4 3032/1/4
f 3032/1/4 3031/1/4 3033/1/4
f 3033/1/4 3034/1/4 3035/1/4
f 3035/1/4 3034/1/4 3036/1/4
f 3036/1/4 3034/1/4 3037/1/4
f 3036/2/4 3037/2/4 3038/2/4
f 3038/2/4 3037/2/4 3039/2/4
f 3040/1/4 3041/1/4 3042/1/4
f 3042/1/4 3041/1/4 3043/1/4
f 3044/7/4 3045/7/4 3046/7/4
f 3046/7/4 3045/7/4 3047/7/4
f 3048/4/4 3049/4/4 3050/4/4
f 3050/4/4 3049/4/4 3051/4/4
f 3051/4/4 3049/4/4 3052/4/4
f 3051/4/4 3052/4/4 3054/4/4
f 3052/3/4 3053/3/4 3055/3/4
f 3054/4/4 3052/4/4 3055/4/4
f 3055/3/4 3053/3/4 3056/3/4
f 3056/1/4 3057/1/4 3060/1/4
f 3060/1/4 3057/1/4 3061/1/4
f 3058/7/4 3059/7/4 3062/7/4
f 3059/2/4 3060/2/4 3063/2/4
f 3062/7/4 3059/7/4 3063/7/4
f 3060/2/4 3061/2/4 3063/2/4
f 3062/2/4 3063/2/4 3064/2/4
f 3063/2/4 3061/2/4 3064/2/4
f 3064/2/4 3061/2/4 3065/2/4
f 3062/2/4 3064/2/4 3066/2/4
f 3066/2/4 3064/2/4 3067/2/4
f 3065/2/4 3061/2/4 3069/2/4
f 3069/2/4 3061/2/4 3070/2/4
f 3068/2/4 3069/2/4 3072/2/4
f 3072/2/4 3069/2/4 3073/2/4
f 3071/2/4 3072/2/4 3074/2/4
f 3074/2/4 3072/2/4 3075/2/4
f 3075/2/4 3072/2/4 3076/2/4
f 3077/1/4 3078/1/4 3079/1/4
f 3077/1/4 3079/1/4 3081/1/4
f 3079/1/4 3080/1/4 3081/1/4
f 3081/1/4 3080/1/4 3082/1/4
f 3082/1/4 3080/1/4 3083/1/4
f 3084/7/4 3085/7/4 3086/7/4
f 3086/7/4 3085/7/4 3087/7/4
f 3088/1/4 3089/1/4 3091/1/4
f 3090/7/4 3091/7/4 3092/7/4
f 3091/1/4 3089/1/4 3093/1/4
f 3092/7/4 3091/7/4 3093/7/4
f 3093/1/4 3089/1/4 3094/1/4
f 3095/2/4 3096/2/4 3097/2/4
f 3097/2/4 3096/2/4 3098/2/4
f 3099/2/4 3100/2/4 3101/2/4
f 3101/2/4 3100/2/4 3102/2/4
f 3103/1/4 3104/1/4 3105/1/4
f 3105/1/4 3104/1/4 3106/1/4
f 3107/3/4 3108/3/4 3109/3/4
f 3109/3/4 3108/3/4 3110/3/4
f 3111/3/4 3112/3/4 3114/3/4
f 3112/1/4 3113/1/4 3115/1/4
f 3114/3/4 3112/3/4 3115/3/4
f 3115/1/4 3113/1/4 3116/1/4
f 3115/3/4 3116/3/4 3117/3/4
f 3117/3/4 3116/3/4 3118/3/4
f 3119/1/4 3120/1/4 3121/1/4
f 3121/1/4 3120/1/4 3122/1/4
f 3123/2/4 3124/2/4 3125/2/4
f 3125/2/4 3124/2/4 3126/2/4
f 3127/7/4 3128/7/4 3129/7/4
f 3129/7/4 3128/7/4 3130/7/4
f 3133/2/4 3134/2/4 3135/2/4
f 3135/2/4 3134/2/4 3136/2/4
f 3131/3/4 3132/3/4 3137/3/4
f 3137/3/4 3132/3/4 3138/3/4
f 3139/2/4 3140/2/4 3143/2/4
f 3143/2/4 3140/2/4 3144/2/4
f 3144/2/4 3145/2/4 3146/2/4
f 3141/1/4 3142/1/4 3149/1/4
f 3149/1/4 3142/1/4 3150/1/4
f 3144/2/4 3146/2/4 3151/2/4
f 3151/2/4 3146/2/4 3152/2/4
f 3147/7/4 3148/7/4 3154/7/4
f 3154/7/4 3148/7/4 3155/7/4
f 3156/2/4 3157/2/4 3158/2/4
f 3158/2/4 3157/2/4 3159/2/4
f 3153/7/4 3154/7/4 3160/7/4
f 3160/7/4 3154/7/4 3161/7/4
f 3162/2/4 3163/2/4 3166/2/4
f 3166/2/4 3163/2/4 3167/2/4
f 3167/2/4 3168/2/4 3169/2/4
f 3169/2/4 3168/2/4 3170/2/4
f 3164/2/4 3165/2/4 3172/2/4
f 3171/2/4 3172/2/4 3173/2/4
f 3172/2/4 3165/2/4 3174/2/4
f 3173/2/4 3172/2/4 3174/2/4
f 3175/6/4 3176/6/4 3177/6/4
f 3177/6/4 3176/6/4 3178/6/4
f 3179/1/4 3180/1/4 3181/1/4
f 3181/1/4 3182/1/4 3183/1/4
f 3179/1/4 3181/1/4 3185/1/4
f 3181/1/4 3183/1/4 3185/1/4
f 3185/1/4 3183/1/4 3186/1/4
f 3183/2/4 3184/2/4 3187/2/4
f 3186/1/4 3183/1/4 3191/1/4
f 3187/2/4 3188/2/4 3192/2/4
f 3191/1/4 3183/1/4 3192/1/4
f 3183/2/4 3187/2/4 3192/2/4
f 3192/2/4 3188/2/4 3193/2/4
f 3189/2/4 3190/2/4 3194/2/4
f 3194/2/4 3190/2/4 3195/2/4
f 3192/2/4 3193/2/4 3197/2/4
f 3197/2/4 3193/2/4 3198/2/4
f 3198/2/4 3193/2/4 3199/2/4
f 3195/2/4 3196/2/4 3201/2/4
f 3201/2/4 3196/2/4 3202/2/4
f 3199/2/4 3200/2/4 3203/2/4
f 3198/2/4 3199/2/4 3203/2/4
f 3203/2/4 3200/2/4 3204/2/4
f 3204/2/4 3200/2/4 3207/2/4
f 3207/2/4 3200/2/4 3208/2/4
f 3208/2/4 3209/2/4 3210/2/4
f 3210/2/4 3209/2/4 3211/2/4
f 3205/2/4 3206/2/4 3212/2/4
f 3211/2/4 3212/2/4 3213/2/4
f 3212/2/4 3206/2/4 3214/2/4
f 3213/2/4 3212/2/4 3214/2/4
f 3215/6/4 3216/6/4 3217/6/4
f 3217/6/4 3216/6/4 3218/6/4
f 3218/6/4 3219/6/4 3220/6/4
f 3220/6/4 3219/6/4 3221/6/4
f 3221/6/4 3219/6/4 3222/6/4
f 3223/2/4 3224/2/4 3225/2/4
f 3225/2/4 3224/2/4 3226/2/4
f 3226/2/4 3224/2/4 3227/2/4
f 3227/2/4 3228/2/4 3229/2/4
f 3226/2/4 3227/2/4 3229/2/4
f 3229/2/4 3228/2/4 3230/2/4
f 3230/2/4 3228/2/4 3231/2/4
f 3231/2/4 3228/2/4 3232/2/4
f 3233/4/4 3234/4/4 3235/4/4
f 3235/4/4 3234/4/4 3236/4/4
f 3236/4/4 3234/4/4 3237/4/4
f 3238/7/4 3239/7/4 3240/7/4
f 3240/7/4 3239/7/4 3241/7/4
f 3242/6/4 3243/6/4 3244/6/4
f 3244/6/4 3243/6/4 3245/6/4
f 3246/7/4 3247/7/4 3248/7/4
f 3248/7/4 3247/7/4 3249/7/4
f 3250/7/4 3251/7/4 3253/7/4
f 3251/4/4 3252/4/4 3254/4/4
f 3253/7/4 3251/7/4 3254/7/4
f 3254/4/4 3252/4/4 3255/4/4
f 3256/6/4 3257/6/4 3258/6/4
f 3258/6/4 3257/6/4 3259/6/4
f 3260/4/4 3261/4/4 3264/4/4
f 3261/7/4 3262/7/4 3265/7/4
f 3264/4/4 3261/4/4 3265/4/4
f 3265/7/4 3262/7/4 3266/7/4
f 3263/4/4 3264/4/4 3268/4/4
f 3268/4/4 3264/4/4 3269/4/4
f 3266/7/4 3267/7/4 3270/7/4
f 3270/7/4 3267/7/4 3271/7/4
f 3272/3/4 3273/3/4 3274/3/4
f 3272/3/4 3274/3/4 3275/3/4
f 3275/3/4 3274/3/4 3276/3/4
f 3277/8/4 3278/8/4 3279/8/4
f 3279/8/4 3278/8/4 3280/8/4
f 3281/7/4 3282/7/4 3283/7/4
f 3283/7/4 3282/7/4 3286/7/4
f 3286/7/4 3282/7/4 3287/7/4
f 3284/4/4 3285/4/4 3288/4/4
f 3285/7/4 3286/7/4 3289/7/4
f 3288/4/4 3285/4/4 3289/4/4
f 3289/7/4 3286/7/4 3290/7/4
f 3291/3/4 3292/3/4 3294/3/4
f 3292/1/4 3293/1/4 3295/1/4
f 3294/3/4 3292/3/4 3295/3/4
f 3295/1/4 3293/1/4 3296/1/4
f 3297/2/4 3298/2/4 3299/2/4
f 3299/2/4 3298/2/4 3300/2/4
f 3300/2/4 3301/2/4 3305/2/4
f 3305/2/4 3301/2/4 3306/2/4
f 3302/1/4 3303/1/4 3308/1/4
f 3303/2/4 3304/2/4 3309/2/4
f 3308/1/4 3303/1/4 3309/1/4
f 3309/2/4 3304/2/4 3310/2/4
f 3306/2/4 3307/2/4 3311/2/4
f 3311/2/4 3307/2/4 3312/2/4
f 3313/3/4 3314/3/4 3315/3/4
f 3315/3/4 3314/3/4 3316/3/4
f 3315/7/4 3316/7/4 3317/7/4
f 3317/7/4 3316/7/4 3318/7/4
f 3318/7/4 3319/7/4 3322/7/4
f 3322/7/4 3319/7/4 3323/7/4
f 3320/7/4 3321/7/4 3324/7/4
f 3324/7/4 3321/7/4 3325/7/4
f 3323/7/4 3324/7/4 3327/7/4
f 3327/7/4 3324/7/4 3328/7/4
f 3325/7/4 3326/7/4 3329/7/4
f 3329/7/4 3326/7/4 3330/7/4
f 3329/8/4 3330/8/4 3332/8/4
f 3332/8/4 3330/8/4 3333/8/4
f 3331/8/4 3332/8/4 3334/8/4
f 3334/8/4 3332/8/4 3335/8/4
f 3336/8/4 3337/8/4 3338/8/4
f 3338/8/4 3337/8/4 3339/8/4
f 3340/3/4 3341/3/4 3344/3/4
f 3341/1/4 3342/1/4 3345/1/4
f 3344/3/4 3341/3/4 3345/3/4
f 3342/2/4 3343/2/4 3346/2/4
f 3345/1/4 3342/1/4 3348/1/4
f 3346/2/4 3347/2/4 3349/2/4
f 3348/1/4 3342/1/4 3349/1/4
f 3342/2/4 3346/2/4 3349/2/4
f 3349/2/4 3347/2/4 3350/2/4
f 3350/2/4 3347/2/4 3351/2/4
f 3351/2/4 3352/2/4 3353/2/4
f 3350/2/4 3351/2/4 3353/2/4
f 3353/2/4 3352/2/4 3354/2/4
f 3355/7/4 3356/7/4 3357/7/4
f 3357/7/4 3356/7/4 3358/7/4
f 3358/7/4 3356/7/4 3359/7/4
f 3357/7/4 3358/7/4 3360/7/4
f 3358/8/4 3359/8/4 3361/8/4
f 3360/7/4 3358/7/4 3361/7/4
f 3361/8/4 3359/8/4 3362/8/4
f 3360/8/4 3361/8/4 3363/8/4
f 3363/8/4 3361/8/4 3365/8/4
f 3365/8/4 3361/8/4 3366/8/4
f 3364/8/4 3365/8/4 3367/8/4
f 3367/8/4 3365/8/4 3368/8/4
f 3369/6/4 3370/6/4 3371/6/4
f 3371/6/4 3370/6/4 3372/6/4
f 3373/3/4 3374/3/4 3376/3/4
f 3376/3/4 3374/3/4 3377/3/4
f 3375/3/4 3376/3/4 3377/3/4
f 3377/3/4 3374/3/4 3378/3/4
f 3375/3/4 3377/3/4 3379/3/4
f 3379/3/4 3377/3/4 3380/3/4
f 3381/6/4 3382/6/4 3383/6/4
f 3383/6/4 3382/6/4 3384/6/4
f 3385/4/4 3386/4/4 3387/4/4
f 3387/4/4 3386/4/4 3388/4/4
f 3388/7/4 3389/7/4 3390/7/4
f 3390/7/4 3389/7/4 3391/7/4
f 3392/6/4 3393/6/4 3394/6/4
f 3394/6/4 3393/6/4 3395/6/4
f 3395/6/4 3393/6/4 3396/6/4
f 3397/7/4 3398/7/4 3399/7/4
f 3399/7/4 3398/7/4 3400/7/4
f 3401/7/4 3402/7/4 3404/7/4
f 3404/7/4 3402/7/4 3405/7/4
f 3403/7/4 3404/7/4 3407/7/4
f 3407/7/4 3404/7/4 3408/7/4
f 3405/7/4 3406/7/4 3409/7/4
f 3409/7/4 3406/7/4 3410/7/4
f 3410/8/4 3411/8/4 3412/8/4
f 3412/8/4 3411/8/4 3413/8/4
f 3413/8/4 3411/8/4 3414/8/4
f 3414/8/4 3411/8/4 3415/8/4
f 3416/7/4 3417/7/4 3418/7/4
f 3418/7/4 3417/7/4 3419/7/4
f 3420/6/4 3421/6/4 3422/6/4
f 3422/6/4 3421/6/4 3423/6/4
f 3424/4/4 3425/4/4 3426/4/4
f 3426/4/4 3425/4/4 3427/4/4
f 3427/4/4 3425/4/4 3428/4/4
f 3429/7/4 3430/7/4 3432/7/4
f 3432/7/4 3430/7/4 3433/7/4
f 3433/7/4 3434/7/4 3435/7/4
f 3435/7/4 3434/7/4 3436/7/4
f 3431/7/4 3432/7/4 3437/7/4
f 3437/7/4 3432/7/4 3438/7/4
f 3435/8/4 3436/8/4 3439/8/4
f 3439/8/4 3436/8/4 3440/8/4
f 3441/6/4 3442/6/4 3443/6/4
f 3443/6/4 3442/6/4 3444/6/4
f 3444/6/4 3445/6/4 3446/6/4
f 3446/6/4 3445/6/4 3447/6/4
f 3448/6/4 3449/6/4 3450/6/4
f 3450/6/4 3449/6/4 3451/6/4
f 3452/4/4 3453/4/4 3454/4/4
f 3454/4/4 3453/4/4 3455/4/4
f 3456/7/4 3457/7/4 3458/7/4
f 3458/7/4 3457/7/4 3459/7/4
f 3459/7/4 3457/7/4 3460/7/4
f 3460/7/4 3457/7/4 3461/7/4
f 3462/3/4 3463/3/4 3464/3/4
f 3464/3/4 3463/3/4 3465/3/4
f 3466/7/4 3467/7/4 3468/7/4
f 3468/7/4 3467/7/4 3469/7/4
f 3469/6/4 3470/6/4 3472/6/4
f 3472/6/4 3470/6/4 3473/6/4
f 3471/7/4 3472/7/4 3474/7/4
f 3474/7/4 3472/7/4 3475/7/4
f 3471/7/4 3474/7/4 3477/7/4
f 3477/7/4 3474/7/4 3478/7/4
f 3476/7/4 3477/7/4 3480/7/4
f 3480/7/4 3477/7/4 3481/7/4
f 3479/7/4 3480/7/4 3482/7/4
f 3482/7/4 3480/7/4 3483/7/4
f 3484/2/4 3485/2/4 3491/2/4
f 3491/2/4 3485/2/4 3492/2/4
f 3486/3/4 3487/3/4 3493/3/4
f 3487/1/4 3488/1/4 3494/1/4
f 3493/3/4 3487/3/4 3494/3/4
f 3488/2/4 3489/2/4 3495/2/4
f 3494/1/4 3488/1/4 3495/1/4
f 3495/2/4 3489/2/4 3496/2/4
f 3490/2/4 3491/2/4 3498/2/4
f 3498/2/4 3491/2/4 3499/2/4
f 3497/2/4 3498/2/4 3501/2/4
f 3501/2/4 3498/2/4 3502/2/4
f 3500/2/4 3501/2/4 3503/2/4
f 3503/2/4 3501/2/4 3504/2/4
f 3505/7/4 3506/7/4 3508/7/4
f 3508/7/4 3506/7/4 3509/7/4
f 3507/7/4 3508/7/4 3510/7/4
f 3510/7/4 3508/7/4 3511/7/4
f 3512/6/4 3513/6/4 3514/6/4
f 3514/6/4 3513/6/4 3515/6/4
f 3516/4/4 3517/4/4 3518/4/4
f 3518/4/4 3517/4/4 3519/4/4
f 3519/7/4 3520/7/4 3521/7/4
f 3521/7/4 3520/7/4 3522/7/4
f 3523/7/4 3524/7/4 3525/7/4
f 3525/7/4 3524/7/4 3526/7/4
f 3527/7/4 3528/7/4 3530/7/4
f 3530/7/4 3528/7/4 3531/7/4
f 3529/7/4 3530/7/4 3532/7/4
f 3532/7/4 3530/7/4 3533/7/4
f 3534/7/4 3535/7/4 3536/7/4
f 3536/7/4 3535/7/4 3537/7/4
f 3539/2/4 3540/2/4 3542/2/4
f 3537/7/4 3538/7/4 3544/7/4
f 3544/7/4 3538/7/4 3545/7/4
f 3541/2/4 3542/2/4 3547/2/4
f 3542/2/4 3540/2/4 3548/2/4
f 3547/2/4 3542/2/4 3548/2/4
f 3548/2/4 3540/2/4 3549/2/4
f 3543/7/4 3544/7/4 3550/7/4
f 3550/7/4 3544/7/4 3551/7/4
f 3546/2/4 3547/2/4 3554/2/4
f 3547/2/4 3548/2/4 3554/2/4
f 3554/2/4 3548/2/4 3555/2/4
f 3555/2/4 3548/2/4 3556/2/4
f 3553/2/4 3554/2/4 3557/2/4
f 3554/2/4 3555/2/4 3557/2/4
f 3557/2/4 3555/2/4 3558/2/4
f 3551/3/4 3552/3/4 3559/3/4
f 3550/3/4 3551/3/4 3559/3/4
f 3559/3/4 3552/3/4 3560/3/4
f 3552/1/4 3553/1/4 3561/1/4
f 3553/2/4 3557/2/4 3561/2/4
f 3561/2/4 3557/2/4 3562/2/4
f 3560/3/4 3552/3/4 3563/3/4
f 3552/1/4 3561/1/4 3564/1/4
f 3563/3/4 3552/3/4 3564/3/4
f 3564/1/4 3561/1/4 3565/1/4
f 3566/7/4 3567/7/4 3568/7/4
f 3568/7/4 3567/7/4 3569/7/4
f 3570/7/4 3571/7/4 3573/7/4
f 3573/7/4 3571/7/4 3574/7/4
f 3572/7/4 3573/7/4 3576/7/4
f 3576/7/4 3573/7/4 3577/7/4
f 3575/6/4 3576/6/4 3578/6/4
f 3578/6/4 3576/6/4 3579/6/4
f 3580/7/4 3581/7/4 3582/7/4
f 3582/7/4 3581/7/4 3583/7/4
f 3584/7/4 3585/7/4 3586/7/4
f 3586/7/4 3585/7/4 3587/7/4
f 3588/7/4 3589/7/4 3590/7/4
f 3590/7/4 3589/7/4 3591/7/4
f 3592/4/4 3593/4/4 3594/4/4
f 3594/4/4 3593/4/4 3595/4/4
f 3595/4/4 3596/4/4 3597/4/4
f 3597/4/4 3596/4/4 3598/4/4
f 3599/7/4 3600/7/4 3601/7/4
f 3601/7/4 3600/7/4 3602/7/4
f 3603/7/4 3604/7/4 3605/7/4
f 3605/7/4 3604/7/4 3606/7/4
f 3607/7/4 3608/7/4 3610/7/4
f 3610/7/4 3608/7/4 3611/7/4
f 3609/7/4 3610/7/4 3612/7/4
f 3612/7/4 3610/7/4 3613/7/4
f 3614/4/4 3615/4/4 3616/4/4
f 3616/4/4 3615/4/4 3617/4/4
f 3618/7/4 3619/7/4 3620/7/4
f 3620/7/4 3619/7/4 3621/7/4
f 3622/7/4 3623/7/4 3624/7/4
f 3624/7/4 3623/7/4 3625/7/4
f 3626/7/4 3627/7/4 3628/7/4
f 3628/7/4 3627/7/4 3629/7/4
f 3630/7/4 3631/7/4 3632/7/4
f 3632/7/4 3631/7/4 3633/7/4
f 3634/7/4 3635/7/4 3636/7/4
f 3636/7/4 3635/7/4 3637/7/4
f 3638/7/4 3639/7/4 3640/7/4
f 3640/7/4 3639/7/4 3641/7/4
f 3642/4/4 3643/4/4 3645/4/4
f 3645/4/4 3643/4/4 3646/4/4
f 3644/4/4 3645/4/4 3647/4/4
f 3647/4/4 3645/4/4 3648/4/4
f 3649/7/4 3650/7/4 3651/7/4
f 3651/7/4 3650/7/4 3652/7/4
f 3653/7/4 3654/7/4 3656/7/4
f 3656/7/4 3654/7/4 3657/7/4
f 3655/7/4 3656/7/4 3658/7/4
f 3658/7/4 3656/7/4 3659/7/4
f 3660/6/4 3661/6/4 3663/6/4
f 3663/6/4 3661/6/4 3664/6/4
f 3662/6/4 3663/6/4 3665/6/4
f 3665/6/4 3663/6/4 3666/6/4
f 3667/7/4 3668/7/4 3670/7/4
f 3670/7/4 3668/7/4 3671/7/4
f 3669/7/4 3670/7/4 3672/7/4
f 3672/7/4 3670/7/4 3673/7/4
f 3669/7/4 3672/7/4 3674/7/4
f 3674/7/4 3672/7/4 3675/7/4
f 3676/3/4 3677/3/4 3678/3/4
f 3678/3/4 3677/3/4 3679/3/4
f 3679/3/4 3677/3/4 3680/3/4
f 3678/7/4 3679/7/4 3683/7/4
f 3681/1/4 3682/1/4 3684/1/4
f 3684/1/4 3682/1/4 3685/1/4
f 3678/7/4 3683/7/4 3686/7/4
f 3678/7/4 3686/7/4 3689/7/4
f 3686/2/4 3687/2/4 3690/2/4
f 3689/7/4 3686/7/4 3690/7/4
f 3688/7/4 3689/7/4 3692/7/4
f 3692/7/4 3689/7/4 3693/7/4
f 3690/2/4 3687/2/4 3694/2/4
f 3692/7/4 3693/7/4 3695/7/4
f 3693/7/4 3694/7/4 3695/7/4
f 3691/7/4 3692/7/4 3695/7/4
f 3694/2/4 3687/2/4 3696/2/4
f 3695/7/4 3694/7/4 3696/7/4
f 3696/2/4 3687/2/4 3697/2/4
f 3684/2/4 3685/2/4 3698/2/4
f 3698/2/4 3685/2/4 3699/2/4
f 3700/7/4 3701/7/4 3703/7/4
f 3703/7/4 3701/7/4 3704/7/4
f 3702/7/4 3703/7/4 3707/7/4
f 3707/7/4 3703/7/4 3708/7/4
f 3705/2/4 3706/2/4 3709/2/4
f 3709/2/4 3706/2/4 3710/2/4
f 3711/7/4 3712/7/4 3714/7/4
f 3714/7/4 3712/7/4 3715/7/4
f 3713/7/4 3714/7/4 3716/7/4
f 3716/7/4 3714/7/4 3717/7/4
f 3718/7/4 3719/7/4 3720/7/4
f 3720/7/4 3719/7/4 3721/7/4
f 3720/4/4 3721/4/4 3723/4/4
f 3723/4/4 3721/4/4 3724/4/4
f 3722/4/4 3723/4/4 3725/4/4
f 3725/4/4 3723/4/4 3726/4/4
f 3727/7/4 3728/7/4 3729/7/4
f 3729/7/4 3728/7/4 3730/7/4
f 3731/7/4 3732/7/4 3733/7/4
f 3733/7/4 3732/7/4 3734/7/4
f 3734/7/4 3735/7/4 3736/7/4
f 3736/7/4 3735/7/4 3737/7/4
f 3740/3/4 3741/3/4 3743/3/4
f 3742/3/4 3743/3/4 3744/3/4
f 3743/3/4 3741/3/4 3745/3/4
f 3744/3/4 3743/3/4 3745/3/4
f 3738/1/4 3739/1/4 3748/1/4
f 3748/1/4 3739/1/4 3749/1/4
f 3746/1/4 3747/1/4 3750/1/4
f 3750/1/4 3747/1/4 3751/1/4
f 3750/2/4 3751/2/4 3752/2/4
f 3750/2/4 3752/2/4 3756/2/4
f 3752/2/4 3753/2/4 3756/2/4
f 3756/2/4 3753/2/4 3757/2/4
f 3754/7/4 3755/7/4 3758/7/4
f 3758/7/4 3755/7/4 3759/7/4
f 3757/2/4 3753/2/4 3762/2/4
f 3760/7/4 3761/7/4 3763/7/4
f 3763/7/4 3761/7/4 3764/7/4
f 3764/7/4 3761/7/4 3765/7/4
f 3761/2/4 3762/2/4 3766/2/4
f 3765/7/4 3761/7/4 3766/7/4
f 3762/2/4 3753/2/4 3767/2/4
f 3766/2/4 3762/2/4 3767/2/4
f 3767/2/4 3753/2/4 3768/2/4
f 3768/2/4 3753/2/4 3769/2/4
f 3770/7/4 3771/7/4 3772/7/4
f 3772/7/4 3771/7/4 3774/7/4
f 3774/7/4 3771/7/4 3775/7/4
f 3773/7/4 3774/7/4 3776/7/4
f 3776/7/4 3774/7/4 3777/7/4
f 3778/7/4 3779/7/4 3780/7/4
f 3780/7/4 3779/7/4 3781/7/4
f 3780/4/4 3781/4/4 3783/4/4
f 3783/4/4 3781/4/4 3784/4/4
f 3782/4/4 3783/4/4 3785/4/4
f 3785/4/4 3783/4/4 3786/4/4
f 3787/4/4 3788/4/4 3790/4/4
f 3788/7/4 3789/7/4 3791/7/4
f 3790/4/4 3788/4/4 3791/4/4
f 3791/7/4 3789/7/4 3792/7/4
f 3792/7/4 3793/7/4 3794/7/4
f 3794/7/4 3793/7/4 3795/7/4
f 3796/7/4 3797/7/4 3798/7/4
f 3798/7/4 3797/7/4 3799/7/4
f 3800/1/4 3801/1/4 3802/1/4
f 3802/1/4 3801/1/4 3805/1/4
f 3805/1/4 3801/1/4 3806/1/4
f 3805/2/4 3806/2/4 3807/2/4
f 3807/2/4 3806/2/4 3808/2/4
f 3803/7/4 3804/7/4 3809/7/4
f 3809/7/4 3804/7/4 3810/7/4
f 3811/4/4 3812/4/4 3814/4/4
f 3814/4/4 3812/4/4 3815/4/4
f 3813/4/4 3814/4/4 3816/4/4
f 3814/7/4 3815/7/4 3816/7/4
f 3816/7/4 3815/7/4 3817/7/4
f 3813/4/4 3816/4/4 3819/4/4
f 3819/4/4 3816/4/4 3820/4/4
f 3818/4/4 3819/4/4 3821/4/4
f 3821/4/4 3819/4/4 3822/4/4
f 3823/4/4 3824/4/4 3826/4/4
f 3824/7/4 3825/7/4 3827/7/4
f 3826/4/4 3824/4/4 3827/4/4
f 3827/7/4 3825/7/4 3828/7/4
f 3828/7/4 3829/7/4 3830/7/4
f 3827/7/4 3828/7/4 3830/7/4
f 3830/7/4 3829/7/4 3831/7/4
f 3831/7/4 3832/7/4 3833/7/4
f 3833/7/4 3832/7/4 3834/7/4
f 3835/7/4 3836/7/4 3838/7/4
f 3838/7/4 3836/7/4 3839/7/4
f 3837/7/4 3838/7/4 3841/7/4
f 3841/7/4 3838/7/4 3842/7/4
f 3840/7/4 3841/7/4 3843/7/4
f 3843/7/4 3841/7/4 3844/7/4
f 3843/4/4 3844/4/4 3845/4/4
f 3845/4/4 3844/4/4 3846/4/4
f 3847/4/4 3848/4/4 3849/4/4
f 3849/4/4 3848/4/4 3850/4/4
f 3850/4/4 3851/4/4 3854/4/4
f 3854/4/4 3851/4/4 3855/4/4
f 3852/4/4 3853/4/4 3856/4/4
f 3853/4/4 3854/4/4 3856/4/4
f 3856/4/4 3854/4/4 3857/4/4
f 3852/4/4 3856/4/4 3858/4/4
f 3858/4/4 3856/4/4 3859/4/4
f 3852/4/4 3858/4/4 3860/4/4
f 3860/4/4 3858/4/4 3861/4/4
f 3862/7/4 3863/7/4 3864/7/4
f 3864/7/4 3863/7/4 3865/7/4
f 3865/7/4 3866/7/4 3867/7/4
f 3867/7/4 3866/7/4 3868/7/4
f 3865/7/4 3867/7/4 3869/7/4
f 3869/7/4 3867/7/4 3870/7/4
f 3871/7/4 3872/7/4 3875/7/4
f 3875/7/4 3872/7/4 3876/7/4
f 3873/7/4 3874/7/4 3878/7/4
f 3878/7/4 3874/7/4 3879/7/4
f 3877/7/4 3878/7/4 3880/7/4
f 3880/7/4 3878/7/4 3881/7/4
f 3882/7/4 3883/7/4 3884/7/4
f 3882/7/4 3884/7/4 3885/7/4
f 3885/7/4 3884/7/4 3886/7/4
f 3887/4/4 3888/4/4 3890/4/4
f 3890/4/4 3888/4/4 3891/4/4
f 3889/4/4 3890/4/4 3892/4/4
f 3889/4/4 3892/4/4 3894/4/4
f 3892/4/4 3893/4/4 3894/4/4
f 3894/4/4 3893/4/4 3895/4/4
f 3894/7/4 3895/7/4 3896/7/4
f 3895/4/4 3893/4/4 3897/4/4
f 3896/7/4 3895/7/4 3897/7/4
f 3897/4/4 3893/4/4 3898/4/4
f 3899/4/4 3900/4/4 3901/4/4
f 3901/4/4 3902/4/4 3903/4/4
f 3903/4/4 3904/4/4 3907/4/4
f 3905/7/4 3906/7/4 3908/7/4
f 3908/7/4 3906/7/4 3909/7/4
f 3903/4/4 3907/4/4 3911/4/4
f 3909/7/4 3910/7/4 3911/7/4
f 3908/7/4 3909/7/4 3911/7/4
f 3907/7/4 3908/7/4 3911/7/4
f 3911/7/4 3910/7/4 3912/7/4
f 3912/7/4 3910/7/4 3913/7/4
f 3913/7/4 3910/7/4 3914/7/4
f 3903/4/4 3911/4/4 3915/4/4
f 3912/7/4 3913/7/4 3916/7/4
f 3916/7/4 3913/7/4 3917/7/4
f 3917/7/4 3913/7/4 3918/7/4
f 3903/4/4 3915/4/4 3919/4/4
f 3915/7/4 3916/7/4 3919/7/4
f 3916/7/4 3917/7/4 3919/7/4
f 3919/7/4 3917/7/4 3920/7/4
f 3920/7/4 3917/7/4 3921/7/4
f 3921/7/4 3917/7/4 3922/7/4
f 3920/7/4 3921/7/4 3923/7/4
f 3923/7/4 3921/7/4 3924/7/4
f 3899/4/4 3901/4/4 3925/4/4
f 3901/4/4 3903/4/4 3925/4/4
f 3903/4/4 3919/4/4 3925/4/4
f 3925/4/4 3919/4/4 3926/4/4
f 3926/4/4 3919/4/4 3927/4/4
f 3927/4/4 3919/4/4 3928/4/4
f 3925/7/4 3926/7/4 3929/7/4
f 3926/4/4 3927/4/4 3930/4/4
f 3929/7/4 3926/7/4 3930/7/4
f 3929/4/4 3930/4/4 3931/4/4
f 3930/4/4 3927/4/4 3932/4/4
f 3931/4/4 3930/4/4 3932/4/4
f 3938/4/5 3934/4/5 3933/4/5
f 3939/4/5 3934/4/5 3938/4/5
f 3942/4/5 3936/4/5 3935/4/5
f 3943/4/5 3936/4/5 3942/4/5
f 3944/4/5 3940/4/5 3939/4/5
f 3944/4/5 3938/4/5 3937/4/5
f 3944/4/5 3939/4/5 3938/4/5
f 3945/4/5 3940/4/5 3944/4/5
f 3946/4/5 3940/4/5 3945/4/5
f 3949/4/5 3943/4/5 3942/4/5
f 3949/4/5 3942/4/5 3941/4/5
f 3949/4/5 3944/4/5 3943/4/5
f 3950/4/5 3944/4/5 3949/4/5
f 3951/4/5 3944/4/5 3950/4/5
f 3952/4/5 3947/4/5 3946/4/5
f 3952/4/5 3946/4/5 3945/4/5
f 3952/7/5 3945/7/5 3944/7/5
f 3953/4/5 3947/4/5 3952/4/5
f 3954/4/5 3947/4/5 3953/4/5
f 3956/4/5 3950/4/5 3949/4/5
f 3956/4/5 3949/4/5 3948/4/5
f 3957/7/5 3951/7/5 3950/7/5
f 3957/4/5 3950/4/5 3956/4/5
f 3958/4/5 3944/4/5 3951/4/5
f 3958/7/5 3951/7/5 3957/7/5
f 3959/7/5 3952/7/5 3944/7/5
f 3959/4/5 3944/4/5 3958/4/5
f 3959/7/5 3953/7/5 3952/7/5
f 3961/4/5 3956/4/5 3948/4/5
f 3962/4/5 3956/4/5 3961/4/5
f 3963/7/5 3957/7/5 3956/7/5
f 3963/4/5 3956/4/5 3962/4/5
f 3963/7/5 3958/7/5 3957/7/5
f 3963/7/5 3959/7/5 3958/7/5
f 3964/4/5 3955/4/5 3954/4/5
f 3964/4/5 3954/4/5 3953/4/5
f 3967/4/5 3962/4/5 3961/4/5
f 3967/4/5 3961/4/5 3960/4/5
f 3968/4/5 3965/4/5 3964/4/5
f 3968/7/5 3953/7/5 3959/7/5
f 3968/7/5 3959/7/5 3963/7/5
f 3968/7/5 3963/7/5 3962/7/5
f 3968/4/5 3964/4/5 3953/4/5
f 3969/4/5 3965/4/5 3968/4/5
f 3971/4/5 3967/4/5 3966/4/5
f 3972/4/5 3962/4/5 3967/4/5
f 3972/4/5 3967/4/5 3971/4/5
f 3973/7/5 3968/7/5 3962/7/5
f 3973/4/5 3962/4/5 3972/4/5
f 3973/7/5 3969/7/5 3968/7/5
f 3974/7/5 3969/7/5 3973/7/5
f 3975/7/5 3969/7/5 3974/7/5
f 3976/7/5 3969/7/5 3975/7/5
f 3977/7/5 3969/7/5 3976/7/5
f 3978/7/5 3973/7/5 3972/7/5
f 3978/7/5 3974/7/5 3973/7/5
f 3979/6/5 3975/6/5 3974/6/5
f 3979/7/5 3974/7/5 3978/7/5
f 3980/7/5 3976/7/5 3975/7/5
f 3980/6/5 3975/6/5 3979/6/5
f 3981/8/5 3977/8/5 3976/8/5
f 3981/7/5 3976/7/5 3980/7/5
f 3982/7/5 3969/7/5 3977/7/5
f 3982/8/5 3977/8/5 3981/8/5
f 3983/7/5 3969/7/5 3982/7/5
f 3985/4/5 3971/4/5 3970/4/5
f 3985/4/5 3972/4/5 3971/4/5
f 3986/7/5 3978/7/5 3972/7/5
f 3987/6/5 3980/6/5 3979/6/5
f 3987/7/5 3978/7/5 3986/7/5
f 3987/6/5 3979/6/5 3978/6/5
f 3988/8/5 3983/8/5 3982/8/5
f 3988/6/5 3980/6/5 3987/6/5
f 3988/8/5 3981/8/5 3980/8/5
f 3988/8/5 3982/8/5 3981/8/5
f 3989/8/5 3983/8/5 3988/8/5
f 3990/8/5 3983/8/5 3989/8/5
f 3991/7/5 3969/7/5 3983/7/5
f 3991/8/5 3983/8/5 3990/8/5
f 3992/7/5 3969/7/5 3991/7/5
f 3993/4/5 3965/4/5 3969/4/5
f 3993/7/5 3969/7/5 3992/7/5
f 3994/6/5 3987/6/5 3986/6/5
f 3994/7/5 3986/7/5 3972/7/5
f 3994/6/5 3988/6/5 3987/6/5
f 3994/6/5 3989/6/5 3988/6/5
f 3995/6/5 3989/6/5 3994/6/5
f 3996/6/5 3989/6/5 3995/6/5
f 3997/8/5 3990/8/5 3989/8/5
f 3997/6/5 3989/6/5 3996/6/5
f 3998/7/5 3992/7/5 3991/7/5
f 3998/8/5 3990/8/5 3997/8/5
f 3998/7/5 3991/7/5 3990/7/5
f 3999/7/5 3992/7/5 3998/7/5
f 4000/6/5 3993/6/5 3992/6/5
f 4000/7/5 3992/7/5 3999/7/5
f 4001/4/5 3965/4/5 3993/4/5
f 4001/6/5 3993/6/5 4000/6/5
f 4002/4/5 3965/4/5 4001/4/5
f 4003/4/5 3985/4/5 3984/4/5
f 4003/4/5 3972/4/5 3985/4/5
f 4004/7/5 3995/7/5 3994/7/5
f 4004/4/5 3972/4/5 4003/4/5
f 4004/7/5 3994/7/5 3972/7/5
f 4005/6/5 3996/6/5 3995/6/5
f 4005/7/5 3995/7/5 4004/7/5
f 4006/7/5 3997/7/5 3996/7/5
f 4006/6/5 3996/6/5 4005/6/5
f 4006/7/5 3999/7/5 3998/7/5
f 4006/7/5 3998/7/5 3997/7/5
f 4007/6/5 4000/6/5 3999/6/5
f 4007/6/5 4001/6/5 4000/6/5
f 4007/6/5 4002/6/5 4001/6/5
f 4008/4/5 3965/4/5 4002/4/5
f 4008/6/5 4002/6/5 4007/6/5
f 4009/6/5 4007/6/5 3999/6/5
f 4009/7/5 4008/7/5 4007/7/5
f 4010/4/5 3965/4/5 4008/4/5
f 4010/7/5 4008/7/5 4009/7/5
f 4011/4/5 3965/4/5 4010/4/5
f 4013/4/5 4003/4/5 3984/4/5
f 4014/4/5 4003/4/5 4013/4/5
f 4015/7/5 4005/7/5 4004/7/5
f 4015/4/5 4003/4/5 4014/4/5
f 4015/7/5 4004/7/5 4003/7/5
f 4015/7/5 4006/7/5 4005/7/5
f 4016/7/5 4006/7/5 4015/7/5
f 4017/7/5 4015/7/5 4014/7/5
f 4018/4/5 4016/4/5 4015/4/5
f 4018/7/5 4015/7/5 4017/7/5
f 4019/7/5 4006/7/5 4016/7/5
f 4019/4/5 4016/4/5 4018/4/5
f 4020/7/5 4006/7/5 4019/7/5
f 4021/7/5 4006/7/5 4020/7/5
f 4021/4/5 4020/4/5 4019/4/5
f 4021/4/5 4019/4/5 4018/4/5
f 4022/7/5 4006/7/5 4021/7/5
f 4023/4/5 4021/4/5 4018/4/5
f 4023/4/5 4022/4/5 4021/4/5
f 4024/7/5 4006/7/5 4022/7/5
f 4024/4/5 4022/4/5 4023/4/5
f 4025/7/5 3999/7/5 4006/7/5
f 4025/7/5 4006/7/5 4024/7/5
f 4025/6/5 4009/6/5 3999/6/5
f 4025/6/5 4010/6/5 4009/6/5
f 4026/6/5 4010/6/5 4025/6/5
f 4028/4/5 4023/4/5 4018/4/5
f 4029/4/5 4023/4/5 4028/4/5
f 4030/7/5 4024/7/5 4023/7/5
f 4030/4/5 4023/4/5 4029/4/5
f 4030/7/5 4025/7/5 4024/7/5
f 4030/7/5 4026/7/5 4025/7/5
f 4031/4/5 4029/4/5 4028/4/5
f 4031/7/5 4028/7/5 4027/7/5
f 4032/7/5 4030/7/5 4029/7/5
f 4032/4/5 4029/4/5 4031/4/5
f 4033/7/5 4026/7/5 4030/7/5
f 4033/7/5 4030/7/5 4032/7/5
f 4034/6/5 4010/6/5 4026/6/5
f 4034/7/5 4026/7/5 4033/7/5
f 4036/7/5 4032/7/5 4031/7/5
f 4036/7/5 4033/7/5 4032/7/5
f 4036/7/5 4031/7/5 4027/7/5
f 4037/7/5 4033/7/5 4036/7/5
f 4038/6/5 4010/6/5 4034/6/5
f 4038/6/5 4034/6/5 4033/6/5
f 4039/4/5 4011/4/5 4010/4/5
f 4039/6/5 4010/6/5 4038/6/5
f 4039/4/5 4012/4/5 4011/4/5
f 4040/7/5 4033/7/5 4037/7/5
f 4040/4/5 4037/4/5 4036/4/5
f 4040/4/5 4036/4/5 4035/4/5
f 4041/7/5 4033/7/5 4040/7/5
f 4042/7/5 4033/7/5 4041/7/5
f 4043/7/5 4033/7/5 4042/7/5
f 4044/7/5 4033/7/5 4043/7/5
f 4045/6/5 4038/6/5 4033/6/5
f 4045/7/5 4033/7/5 4044/7/5
f 4046/7/5 4039/7/5 4038/7/5
f 4046/6/5 4038/6/5 4045/6/5
f 4047/4/5 4012/4/5 4039/4/5
f 4047/7/5 4039/7/5 4046/7/5
f 4048/4/5 4040/4/5 4035/4/5
f 4048/4/5 4041/4/5 4040/4/5
f 4049/4/5 4041/4/5 4048/4/5
f 4050/7/5 4042/7/5 4041/7/5
f 4051/6/5 4043/6/5 4042/6/5
f 4051/7/5 4042/7/5 4050/7/5
f 4052/7/5 4044/7/5 4043/7/5
f 4052/6/5 4043/6/5 4051/6/5
f 4053/7/5 4044/7/5 4052/7/5
f 4054/6/5 4051/6/5 4050/6/5
f 4054/7/5 4050/7/5 4041/7/5
f 4054/6/5 4053/6/5 4052/6/5
f 4054/6/5 4052/6/5 4051/6/5
f 4055/6/5 4053/6/5 4054/6/5
f 4056/6/5 4046/6/5 4045/6/5
f 4056/7/5 4044/7/5 4053/7/5
f 4056/6/5 4045/6/5 4044/6/5
f 4056/6/5 4047/6/5 4046/6/5
f 4057/6/5 4047/6/5 4056/6/5
f 4059/4/5 4041/4/5 4049/4/5
f 4060/6/5 4053/6/5 4055/6/5
f 4060/7/5 4055/7/5 4054/7/5
f 4061/6/5 4053/6/5 4060/6/5
f 4062/6/5 4053/6/5 4061/6/5
f 4063/7/5 4056/7/5 4053/7/5
f 4063/6/5 4053/6/5 4062/6/5
f 4063/7/5 4057/7/5 4056/7/5
f 4065/4/5 4059/4/5 4058/4/5
f 4066/4/5 4041/4/5 4059/4/5
f 4066/4/5 4059/4/5 4065/4/5
f 4067/7/5 4054/7/5 4041/7/5
f 4067/4/5 4041/4/5 4066/4/5
f 4067/7/5 4061/7/5 4060/7/5
f 4067/7/5 4060/7/5 4054/7/5
f 4068/6/5 4062/6/5 4061/6/5
f 4068/7/5 4061/7/5 4067/7/5
f 4069/7/5 4063/7/5 4062/7/5
f 4069/6/5 4062/6/5 4068/6/5
f 4070/7/5 4057/7/5 4063/7/5
f 4070/7/5 4063/7/5 4069/7/5
f 4070/6/5 4047/6/5 4057/6/5
f 4071/6/5 4047/6/5 4070/6/5
f 4072/4/5 4012/4/5 4047/4/5
f 4072/6/5 4047/6/5 4071/6/5
f 4073/4/5 4012/4/5 4072/4/5
f 4074/7/5 4069/7/5 4068/7/5
f 4074/7/5 4071/7/5 4070/7/5
f 4074/6/5 4073/6/5 4072/6/5
f 4074/6/5 4072/6/5 4071/6/5
f 4074/7/5 4070/7/5 4069/7/5
f 4074/7/5 4068/7/5 4067/7/5
f 4074/7/5 4067/7/5 4066/7/5
f 4075/6/5 4073/6/5 4074/6/5
f 4076/7/5 4074/7/5 4066/7/5
f 4076/7/5 4075/7/5 4074/7/5
f 4077/6/5 4073/6/5 4075/6/5
f 4077/7/5 4075/7/5 4076/7/5
f 4078/4/5 4065/4/5 4064/4/5
f 4078/4/5 4066/4/5 4065/4/5
f 4079/4/5 4066/4/5 4078/4/5
f 4080/7/5 4076/7/5 4066/7/5
f 4080/4/5 4066/4/5 4079/4/5
f 4081/7/5 4076/7/5 4080/7/5
f 4082/7/5 4076/7/5 4081/7/5
f 4083/6/5 4077/6/5 4076/6/5
f 4083/7/5 4076/7/5 4082/7/5
f 4084/6/5 4073/6/5 4077/6/5
f 4084/6/5 4077/6/5 4083/6/5
f 4085/4/5 4012/4/5 4073/4/5
f 4085/6/5 4073/6/5 4084/6/5
f 4086/4/5 4080/4/5 4079/4/5
f 4086/4/5 4081/4/5 4080/4/5
f 4087/4/5 4081/4/5 4086/4/5
f 4088/6/5 4084/6/5 4083/6/5
f 4088/6/5 4083/6/5 4082/6/5
f 4088/7/5 4082/7/5 4081/7/5
f 4089/6/5 4084/6/5 4088/6/5
f 4090/6/5 4084/6/5 4089/6/5
f 4091/4/5 4085/4/5 4084/4/5
f 4091/6/5 4084/6/5 4090/6/5
f 4092/6/5 4090/6/5 4089/6/5
f 4092/7/5 4089/7/5 4088/7/5
f 4093/7/5 4091/7/5 4090/7/5
f 4093/6/5 4090/6/5 4092/6/5
f 4094/4/5 4085/4/5 4091/4/5
f 4094/7/5 4091/7/5 4093/7/5
f 4095/4/5 4012/4/5 4085/4/5
f 4095/4/5 4085/4/5 4094/4/5
f 4095/4/5 4094/4/5 4093/4/5
f 4096/4/5 4012/4/5 4095/4/5
f 4097/7/5 4093/7/5 4092/7/5
f 4098/4/5 4095/4/5 4093/4/5
f 4098/7/5 4093/7/5 4097/7/5
f 4099/7/5 4088/7/5 4081/7/5
f 4099/7/5 4092/7/5 4088/7/5
f 4099/7/5 4097/7/5 4092/7/5
f 4100/4/5 4098/4/5 4097/4/5
f 4100/7/5 4097/7/5 4099/7/5
f 4101/4/5 4095/4/5 4098/4/5
f 4101/4/5 4098/4/5 4100/4/5
f 4102/4/5 4095/4/5 4101/4/5
f 4104/4/5 4081/4/5 4087/4/5
f 4105/7/5 4099/7/5 4081/7/5
f 4106/4/5 4100/4/5 4099/4/5
f 4106/7/5 4099/7/5 4105/7/5
f 4106/4/5 4101/4/5 4100/4/5
f 4107/4/5 4101/4/5 4106/4/5
f 4108/4/5 4101/4/5 4107/4/5
f 4110/4/5 4104/4/5 4103/4/5
f 4111/4/5 4081/4/5 4104/4/5
f 4111/4/5 4104/4/5 4110/4/5
f 4112/7/5 4105/7/5 4081/7/5
f 4112/4/5 4081/4/5 4111/4/5
f 4113/7/5 4105/7/5 4112/7/5
f 4114/7/5 4105/7/5 4113/7/5
f 4115/7/5 4105/7/5 4114/7/5
f 4116/4/5 4106/4/5 4105/4/5
f 4116/7/5 4105/7/5 4115/7/5
f 4116/4/5 4107/4/5 4106/4/5
f 4117/4/5 4107/4/5 4116/4/5
f 4118/4/5 4107/4/5 4117/4/5
f 4119/7/5 4112/7/5 4111/7/5
f 4119/7/5 4113/7/5 4112/7/5
f 4120/7/5 4113/7/5 4119/7/5
f 4121/7/5 4113/7/5 4120/7/5
f 4122/4/5 4114/4/5 4113/4/5
f 4122/7/5 4113/7/5 4121/7/5
f 4123/7/5 4115/7/5 4114/7/5
f 4123/4/5 4114/4/5 4122/4/5
f 4124/4/5 4117/4/5 4116/4/5
f 4124/7/5 4115/7/5 4123/7/5
f 4124/4/5 4116/4/5 4115/4/5
f 4125/4/5 4117/4/5 4124/4/5
f 4126/4/5 4117/4/5 4125/4/5
f 4127/4/5 4111/4/5 4110/4/5
f 4127/4/5 4110/4/5 4109/4/5
f 4127/7/5 4119/7/5 4111/7/5
f 4128/4/5 4120/4/5 4119/4/5
f 4128/7/5 4119/7/5 4127/7/5
f 4129/7/5 4121/7/5 4120/7/5
f 4129/4/5 4120/4/5 4128/4/5
f 4130/7/5 4121/7/5 4129/7/5
f 4131/7/5 4121/7/5 4130/7/5
f 4132/4/5 4122/4/5 4121/4/5
f 4132/7/5 4121/7/5 4131/7/5
f 4132/4/5 4123/4/5 4122/4/5
f 4132/4/5 4124/4/5 4123/4/5
f 4133/4/5 4124/4/5 4132/4/5
f 4134/7/5 4125/7/5 4124/7/5
f 4134/4/5 4124/4/5 4133/4/5
f 4135/7/5 4125/7/5 4134/7/5
f 4136/4/5 4128/4/5 4127/4/5
f 4136/4/5 4130/4/5 4129/4/5
f 4136/4/5 4127/4/5 4109/4/5
f 4136/4/5 4129/4/5 4128/4/5
f 4137/7/5 4131/7/5 4130/7/5
f 4137/4/5 4130/4/5 4136/4/5
f 4138/4/5 4133/4/5 4132/4/5
f 4138/7/5 4131/7/5 4137/7/5
f 4138/4/5 4132/4/5 4131/4/5
f 4139/4/5 4133/4/5 4138/4/5
f 4143/4/5 4141/4/5 4140/4/5
f 4144/4/5 4141/4/5 4143/4/5
f 4146/4/5 4143/4/5 4142/4/5
f 4148/4/5 4146/4/5 4145/4/5
f 4149/4/5 4143/4/5 4146/4/5
f 4149/4/5 4146/4/5 4148/4/5
f 4150/4/5 4143/4/5 4149/4/5
f 4151/4/5 4148/4/5 4147/4/5
f 4151/4/5 4149/4/5 4148/4/5
f 4152/4/5 4149/4/5 4151/4/5
f 4153/4/5 4151/4/5 4147/4/5
f 4154/4/5 4151/4/5 4153/4/5
f 4158/4/5 4156/4/5 4155/4/5
f 4159/4/5 4156/4/5 4158/4/5
f 4160/4/5 4158/4/5 4157/4/5
f 4161/4/5 4158/4/5 4160/4/5
f 4164/4/5 4163/4/5 4162/4/5
f 4165/4/5 4163/4/5 4164/4/5
f 4168/4/5 4167/4/5 4166/4/5
f 4169/4/5 4167/4/5 4168/4/5
f 4172/1/5 4171/1/5 4170/1/5
f 4173/1/5 4171/1/5 4172/1/5
f 4176/2/5 4175/2/5 4174/2/5
f 4177/2/5 4175/2/5 4176/2/5
f 4181/2/5 4175/2/5 4177/2/5
f 4182/1/5 4179/1/5 4178/1/5
f 4183/1/5 4179/1/5 4182/1/5
f 4184/2/5 4181/2/5 4180/2/5
f 4185/2/5 4175/2/5 4181/2/5
f 4185/2/5 4181/2/5 4184/2/5
f 4188/4/5 4187/4/5 4186/4/5
f 4189/4/5 4187/4/5 4188/4/5
f 4191/4/5 4190/4/5 4189/4/5
f 4192/4/5 4190/4/5 4191/4/5
f 4195/7/5 4194/7/5 4193/7/5
f 4196/7/5 4194/7/5 4195/7/5
f 4199/7/5 4198/7/5 4197/7/5
f 4200/7/5 4198/7/5 4199/7/5
f 4203/2/5 4202/2/5 4201/2/5
f 4204/2/5 4202/2/5 4203/2/5
f 4209/3/5 4206/3/5 4205/3/5
f 4210/7/5 4208/7/5 4207/7/5
f 4211/7/5 4208/7/5 4210/7/5
f 4212/3/5 4206/3/5 4209/3/5
f 4213/3/5 4206/3/5 4212/3/5
f 4220/7/5 4215/7/5 4214/7/5
f 4221/7/5 4215/7/5 4220/7/5
f 4222/7/5 4217/7/5 4216/7/5
f 4223/7/5 4217/7/5 4222/7/5
f 4224/7/5 4219/7/5 4218/7/5
f 4225/7/5 4219/7/5 4224/7/5
f 4228/1/5 4227/1/5 4226/1/5
f 4229/1/5 4227/1/5 4228/1/5
f 4233/1/5 4231/1/5 4230/1/5
f 4236/1/5 4233/1/5 4232/1/5
f 4237/1/5 4235/1/5 4234/1/5
f 4237/2/5 4236/2/5 4235/2/5
f 4238/1/5 4233/1/5 4236/1/5
f 4238/2/5 4236/2/5 4237/2/5
f 4239/1/5 4231/1/5 4233/1/5
f 4239/1/5 4233/1/5 4238/1/5
f 4240/1/5 4238/1/5 4237/1/5
f 4240/1/5 4237/1/5 4234/1/5
f 4241/1/5 4238/1/5 4240/1/5
f 4244/7/5 4243/7/5 4242/7/5
f 4245/7/5 4243/7/5 4244/7/5
f 4247/7/5 4246/7/5 4245/7/5
f 4248/7/5 4246/7/5 4247/7/5
f 4251/7/5 4250/7/5 4249/7/5
f 4252/7/5 4250/7/5 4251/7/5
f 4253/7/5 4250/7/5 4252/7/5
f 4254/7/5 4250/7/5 4253/7/5
f 4260/2/5 4256/2/5 4255/2/5
f 4261/2/5 4256/2/5 4260/2/5
f 4262/1/5 4258/1/5 4257/1/5
f 4263/2/5 4259/2/5 4258/2/5
f 4263/1/5 4258/1/5 4262/1/5
f 4264/2/5 4259/2/5 4263/2/5
f 4267/1/5 4266/1/5 4265/1/5
f 4268/1/5 4266/1/5 4267/1/5
f 4271/1/5 4270/1/5 4269/1/5
f 4272/1/5 4270/1/5 4271/1/5
f 4276/7/5 4274/7/5 4273/7/5
f 4277/7/5 4274/7/5 4276/7/5
f 4278/7/5 4276/7/5 4275/7/5
f 4279/7/5 4276/7/5 4278/7/5
f 4281/7/5 4280/7/5 4279/7/5
f 4282/7/5 4280/7/5 4281/7/5
f 4284/7/5 4283/7/5 4282/7/5
f 4285/7/5 4283/7/5 4284/7/5
f 4286/7/5 4283/7/5 4285/7/5
f 4289/1/5 4288/1/5 4287/1/5
f 4290/1/5 4288/1/5 4289/1/5
f 4298/2/5 4292/2/5 4291/2/5
f 4298/2/5 4293/2/5 4292/2/5
f 4299/2/5 4293/2/5 4298/2/5
f 4300/2/5 4293/2/5 4299/2/5
f 4302/1/5 4295/1/5 4294/1/5
f 4303/1/5 4295/1/5 4302/1/5
f 4306/2/5 4297/2/5 4296/2/5
f 4307/2/5 4297/2/5 4306/2/5
f 4308/2/5 4299/2/5 4298/2/5
f 4309/2/5 4299/2/5 4308/2/5
f 4310/1/5 4302/1/5 4301/1/5
f 4310/1/5 4303/1/5 4302/1/5
f 4310/1/5 4304/1/5 4303/1/5
f 4311/2/5 4305/2/5 4304/2/5
f 4311/1/5 4304/1/5 4310/1/5
f 4312/2/5 4305/2/5 4311/2/5
f 4315/2/5 4314/2/5 4313/2/5
f 4316/2/5 4314/2/5 4315/2/5
f 4318/2/5 4317/2/5 4316/2/5
f 4319/2/5 4317/2/5 4318/2/5
f 4322/2/5 4321/2/5 4320/2/5
f 4323/2/5 4321/2/5 4322/2/5
f 4326/8/5 4325/8/5 4324/8/5
f 4327/8/5 4325/8/5 4326/8/5
f 4330/2/5 4329/2/5 4328/2/5
f 4331/2/5 4329/2/5 4330/2/5
f 4334/2/5 4333/2/5 4332/2/5
f 4335/2/5 4333/2/5 4334/2/5
f 4337/2/5 4336/2/5 4335/2/5
f 4339/2/5 4337/2/5 4335/2/5
f 4339/2/5 4338/2/5 4337/2/5
f 4340/2/5 4338/2/5 4339/2/5
f 4341/2/5 4339/2/5 4335/2/5
f 4342/2/5 4339/2/5 4341/2/5
f 4345/2/5 4344/2/5 4343/2/5
f 4346/2/5 4344/2/5 4345/2/5
f 4349/2/5 4348/2/5 4347/2/5
f 4350/2/5 4348/2/5 4349/2/5
f 4354/2/5 4352/2/5 4351/2/5
f 4354/2/5 4353/2/5 4352/2/5
f 4355/2/5 4353/2/5 4354/2/5
f 4358/2/5 4354/2/5 4351/2/5
f 4359/2/5 4354/2/5 4358/2/5
f 4360/2/5 4357/2/5 4356/2/5
f 4361/2/5 4357/2/5 4360/2/5
f 4364/2/5 4363/2/5 4362/2/5
f 4365/2/5 4363/2/5 4364/2/5
f 4368/2/5 4367/2/5 4366/2/5
f 4369/2/5 4367/2/5 4368/2/5
f 4372/2/5 4371/2/5 4370/2/5
f 4373/2/5 4371/2/5 4372/2/5
f 4378/2/5 4374/2/5 4373/2/5
f 4379/2/5 4374/2/5 4378/2/5
f 4380/2/5 4376/2/5 4375/2/5
f 4381/2/5 4376/2/5 4380/2/5
f 4383/2/5 4378/2/5 4377/2/5
f 4384/2/5 4378/2/5 4383/2/5
f 4385/2/5 4383/2/5 4382/2/5
f 4386/2/5 4383/2/5 4385/2/5
f 4389/2/5 4388/2/5 4387/2/5
f 4390/2/5 4388/2/5 4389/2/5
f 4394/2/5 4392/2/5 4391/2/5
f 4395/2/5 4392/2/5 4394/2/5
f 4396/2/5 4394/2/5 4393/2/5
f 4397/2/5 4394/2/5 4396/2/5
f 4400/2/5 4399/2/5 4398/2/5
f 4401/2/5 4399/2/5 4400/2/5
f 4403/2/5 4402/2/5 4401/2/5
f 4404/2/5 4402/2/5 4403/2/5
f 4405/4/6 4406/4/6 4412/4/6
f 4412/4/6 4406/4/6 4413/4/6
f 4413/4/6 4406/4/6 4414/4/6
f 4414/4/6 4406/4/6 4415/4/6
f 4407/4/6 4408/4/6 4418/4/6
f 4418/4/6 4408/4/6 4419/4/6
f 4409/4/6 4410/4/6 4420/4/6
f 4420/4/6 4410/4/6 4421/4/6
f 4411/4/6 4412/4/6 4423/4/6
f 4423/4/6 4412/4/6 4424/4/6
f 4415/4/6 4416/4/6 4425/4/6
f 4425/4/6 4416/4/6 4426/4/6
f 4417/4/6 4418/4/6 4428/4/6
f 4428/4/6 4418/4/6 4429/4/6
f 4421/4/6 4422/4/6 4430/4/6
f 4430/4/6 4422/4/6 4431/4/6
f 4426/4/6 4427/4/6 4434/4/6
f 4434/4/6 4427/4/6 4435/4/6
f 4432/7/6 4433/7/6 4438/7/6
f 4438/7/6 4433/7/6 4439/7/6
f 4435/4/6 4436/4/6 4441/4/6
f 4439/7/6 4440/7/6 4446/7/6
f 4437/7/6 4438/7/6 4446/7/6
f 4438/7/6 4439/7/6 4446/7/6
f 4446/7/6 4440/7/6 4447/7/6
f 4441/4/6 4436/4/6 4448/4/6
f 4442/7/6 4443/7/6 4449/7/6
f 4449/7/6 4443/7/6 4450/7/6
f 4444/7/6 4445/7/6 4451/7/6
f 4451/7/6 4445/7/6 4452/7/6
f 4448/4/6 4436/4/6 4454/4/6
f 4454/4/6 4436/4/6 4455/4/6
f 4452/7/6 4453/7/6 4457/7/6
f 4457/7/6 4453/7/6 4458/7/6
f 4459/7/6 4460/7/6 4463/7/6
f 4463/7/6 4460/7/6 4464/7/6
f 4461/4/6 4462/4/6 4466/4/6
f 4466/4/6 4462/4/6 4467/4/6
f 4464/7/6 4465/7/6 4468/7/6
f 4468/7/6 4465/7/6 4469/7/6
f 4455/4/6 4456/4/6 4474/4/6
f 4472/7/6 4473/7/6 4475/7/6
f 4475/7/6 4473/7/6 4476/7/6
f 4470/4/6 4471/4/6 4477/4/6
f 4477/4/6 4471/4/6 4478/4/6
f 4475/6/6 4476/6/6 4479/6/6
f 4474/4/6 4456/4/6 4480/4/6
f 4480/4/6 4456/4/6 4481/4/6
f 4479/6/6 4476/6/6 4483/6/6
f 4483/6/6 4476/6/6 4484/6/6
f 4481/4/6 4482/4/6 4488/4/6
f 4488/4/6 4482/4/6 4489/4/6
f 4486/4/6 4487/4/6 4490/4/6
f 4490/4/6 4487/4/6 4491/4/6
f 4484/6/6 4485/6/6 4492/6/6
f 4492/6/6 4485/6/6 4493/6/6
f 4494/6/6 4495/6/6 4496/6/6
f 4496/6/6 4495/6/6 4497/6/6
f 4498/6/6 4499/6/6 4503/6/6
f 4500/4/6 4501/4/6 4504/4/6
f 4502/6/6 4503/6/6 4507/6/6
f 4503/6/6 4499/6/6 4508/6/6
f 4507/6/6 4503/6/6 4508/6/6
f 4508/6/6 4499/6/6 4509/6/6
f 4505/4/6 4506/4/6 4510/4/6
f 4510/4/6 4506/4/6 4511/4/6
f 4507/7/6 4508/7/6 4513/7/6
f 4513/7/6 4508/7/6 4514/7/6
f 4511/4/6 4512/4/6 4515/4/6
f 4515/4/6 4512/4/6 4516/4/6
f 4513/6/6 4514/6/6 4517/6/6
f 4517/6/6 4514/6/6 4518/6/6
f 4504/4/6 4501/4/6 4519/4/6
f 4519/4/6 4501/4/6 4521/4/6
f 4521/4/6 4501/4/6 4522/4/6
f 4520/4/6 4521/4/6 4525/4/6
f 4525/4/6 4521/4/6 4526/4/6
f 4523/4/6 4524/4/6 4529/4/6
f 4524/4/6 4525/4/6 4529/4/6
f 4529/4/6 4525/4/6 4530/4/6
f 4527/4/6 4528/4/6 4534/4/6
f 4528/4/6 4529/4/6 4534/4/6
f 4534/4/6 4529/4/6 4535/4/6
f 4533/4/6 4534/4/6 4536/4/6
f 4536/4/6 4534/4/6 4537/4/6
f 4531/4/6 4532/4/6 4538/4/6
f 4538/4/6 4532/4/6 4539/4/6
f 4540/4/6 4541/4/6 4549/4/6
f 4549/4/6 4541/4/6 4550/4/6
f 4542/4/6 4543/4/6 4554/4/6
f 4543/7/6 4544/7/6 4555/7/6
f 4554/4/6 4543/4/6 4555/4/6
f 4544/4/6 4545/4/6 4556/4/6
f 4555/7/6 4544/7/6 4556/7/6
f 4556/4/6 4545/4/6 4557/4/6
f 4546/4/6 4547/4/6 4559/4/6
f 4559/4/6 4547/4/6 4560/4/6
f 4548/4/6 4549/4/6 4561/4/6
f 4561/4/6 4549/4/6 4562/4/6
f 4550/4/6 4551/4/6 4563/4/6
f 4563/4/6 4551/4/6 4564/4/6
f 4552/4/6 4553/4/6 4565/4/6
f 4553/7/6 4554/7/6 4566/7/6
f 4554/7/6 4555/7/6 4566/7/6
f 4565/4/6 4553/4/6 4566/4/6
f 4556/7/6 4557/7/6 4566/7/6
f 4555/7/6 4556/7/6 4566/7/6
f 4566/7/6 4557/7/6 4567/7/6
f 4567/7/6 4557/7/6 4568/7/6
f 4568/7/6 4557/7/6 4569/7/6
f 4557/4/6 4558/4/6 4570/4/6
f 4569/7/6 4557/7/6 4570/7/6
f 4570/4/6 4558/4/6 4571/4/6
f 4560/4/6 4561/4/6 4573/4/6
f 4561/7/6 4562/7/6 4574/7/6
f 4573/4/6 4561/4/6 4574/4/6
f 4574/7/6 4562/7/6 4575/7/6
f 4563/7/6 4564/7/6 4576/7/6
f 4564/4/6 4565/4/6 4577/4/6
f 4576/7/6 4564/7/6 4577/7/6
f 4577/4/6 4565/4/6 4578/4/6
f 4567/7/6 4568/7/6 4579/7/6
f 4579/7/6 4568/7/6 4580/7/6
f 4580/7/6 4568/7/6 4581/7/6
f 4581/7/6 4568/7/6 4582/7/6
f 4570/7/6 4571/7/6 4583/7/6
f 4569/7/6 4570/7/6 4583/7/6
f 4583/7/6 4571/7/6 4584/7/6
f 4571/4/6 4572/4/6 4585/4/6
f 4584/7/6 4571/7/6 4585/7/6
f 4585/4/6 4572/4/6 4586/4/6
f 4574/7/6 4575/7/6 4589/7/6
f 4575/7/6 4576/7/6 4589/7/6
f 4577/7/6 4578/7/6 4589/7/6
f 4573/7/6 4574/7/6 4589/7/6
f 4576/7/6 4577/7/6 4589/7/6
f 4589/7/6 4578/7/6 4590/7/6
f 4590/7/6 4578/7/6 4591/7/6
f 4591/7/6 4578/7/6 4592/7/6
f 4592/7/6 4578/7/6 4593/7/6
f 4580/7/6 4581/7/6 4595/7/6
f 4585/7/6 4586/7/6 4596/7/6
f 4584/7/6 4585/7/6 4596/7/6
f 4596/7/6 4586/7/6 4597/7/6
f 4597/7/6 4586/7/6 4598/7/6
f 4591/7/6 4592/7/6 4600/7/6
f 4600/7/6 4592/7/6 4601/7/6
f 4593/7/6 4594/7/6 4603/7/6
f 4603/7/6 4594/7/6 4604/7/6
f 4604/7/6 4594/7/6 4605/7/6
f 4580/7/6 4595/7/6 4606/7/6
f 4596/7/6 4597/7/6 4606/7/6
f 4595/7/6 4596/7/6 4606/7/6
f 4606/7/6 4597/7/6 4607/7/6
f 4597/4/6 4598/4/6 4608/4/6
f 4607/7/6 4597/7/6 4608/7/6
f 4608/4/6 4598/4/6 4609/4/6
f 4587/7/6 4588/7/6 4611/7/6
f 4611/7/6 4588/7/6 4612/7/6
f 4601/7/6 4602/7/6 4613/7/6
f 4600/7/6 4601/7/6 4613/7/6
f 4599/7/6 4600/7/6 4613/7/6
f 4613/7/6 4602/7/6 4614/7/6
f 4608/7/6 4609/7/6 4616/7/6
f 4607/7/6 4608/7/6 4616/7/6
f 4616/7/6 4609/7/6 4617/7/6
f 4617/7/6 4609/7/6 4618/7/6
f 4618/7/6 4609/7/6 4619/7/6
f 4612/7/6 4588/7/6 4624/7/6
f 4599/7/6 4613/7/6 4627/7/6
f 4627/7/6 4613/7/6 4628/7/6
f 4628/7/6 4613/7/6 4629/7/6
f 4629/7/6 4613/7/6 4630/7/6
f 4614/7/6 4615/7/6 4631/7/6
f 4631/7/6 4615/7/6 4632/7/6
f 4617/7/6 4618/7/6 4633/7/6
f 4633/7/6 4618/7/6 4634/7/6
f 4634/7/6 4618/7/6 4635/7/6
f 4619/7/6 4609/7/6 4636/7/6
f 4636/7/6 4609/7/6 4637/7/6
f 4620/4/6 4621/4/6 4639/4/6
f 4639/4/6 4621/4/6 4640/4/6
f 4622/7/6 4623/7/6 4642/7/6
f 4623/7/6 4624/7/6 4642/7/6
f 4624/7/6 4588/7/6 4643/7/6
f 4642/7/6 4624/7/6 4643/7/6
f 4625/7/6 4626/7/6 4645/7/6
f 4626/6/6 4627/6/6 4646/6/6
f 4627/6/6 4628/6/6 4646/6/6
f 4645/7/6 4626/7/6 4646/7/6
f 4634/7/6 4635/7/6 4647/7/6
f 4635/7/6 4636/7/6 4647/7/6
f 4647/7/6 4636/7/6 4648/7/6
f 4637/7/6 4609/7/6 4649/7/6
f 4641/7/6 4642/7/6 4650/7/6
f 4650/7/6 4642/7/6 4651/7/6
f 4644/7/6 4645/7/6 4652/7/6
f 4645/6/6 4646/6/6 4653/6/6
f 4652/7/6 4645/7/6 4653/7/6
f 4646/6/6 4628/6/6 4654/6/6
f 4653/6/6 4646/6/6 4654/6/6
f 4629/7/6 4630/7/6 4655/7/6
f 4648/7/6 4649/7/6 4656/7/6
f 4649/7/6 4609/7/6 4656/7/6
f 4656/7/6 4609/7/6 4657/7/6
f 4609/4/6 4610/4/6 4658/4/6
f 4657/7/6 4609/7/6 4658/7/6
f 4658/4/6 4610/4/6 4659/4/6
f 4654/6/6 4628/6/6 4660/6/6
f 4660/6/6 4628/6/6 4661/6/6
f 4628/8/6 4629/8/6 4662/8/6
f 4661/6/6 4628/6/6 4662/6/6
f 4662/8/6 4629/8/6 4663/8/6
f 4629/7/6 4655/7/6 4664/7/6
f 4663/8/6 4629/8/6 4664/8/6
f 4638/4/6 4639/4/6 4668/4/6
f 4668/4/6 4639/4/6 4669/4/6
f 4662/6/6 4663/6/6 4670/6/6
f 4661/6/6 4662/6/6 4670/6/6
f 4670/6/6 4663/6/6 4671/6/6
f 4663/7/6 4664/7/6 4672/7/6
f 4671/6/6 4663/6/6 4672/6/6
f 4665/7/6 4666/7/6 4673/7/6
f 4673/7/6 4666/7/6 4674/7/6
f 4648/7/6 4656/7/6 4675/7/6
f 4675/7/6 4656/7/6 4676/7/6
f 4671/7/6 4672/7/6 4679/7/6
f 4672/7/6 4664/7/6 4680/7/6
f 4679/7/6 4672/7/6 4680/7/6
f 4658/6/6 4659/6/6 4681/6/6
f 4657/6/6 4658/6/6 4681/6/6
f 4667/4/6 4668/4/6 4683/4/6
f 4683/4/6 4668/4/6 4684/4/6
f 4677/7/6 4678/7/6 4686/7/6
f 4686/7/6 4678/7/6 4687/7/6
f 4680/7/6 4664/7/6 4689/7/6
f 4664/7/6 4655/7/6 4690/7/6
f 4689/7/6 4664/7/6 4690/7/6
f 4674/7/6 4666/7/6 4691/7/6
f 4675/6/6 4676/6/6 4692/6/6
f 4687/7/6 4688/7/6 4693/7/6
f 4685/7/6 4686/7/6 4693/7/6
f 4686/7/6 4687/7/6 4693/7/6
f 4693/7/6 4688/7/6 4694/7/6
f 4690/7/6 4655/7/6 4695/7/6
f 4695/7/6 4655/7/6 4696/7/6
f 4691/7/6 4692/7/6 4697/7/6
f 4674/7/6 4691/7/6 4697/7/6
f 4697/7/6 4692/7/6 4698/7/6
f 4692/6/6 4676/6/6 4699/6/6
f 4657/6/6 4681/6/6 4700/6/6
f 4700/6/6 4681/6/6 4701/6/6
f 4701/6/6 4681/6/6 4702/6/6
f 4681/4/6 4682/4/6 4702/4/6
f 4702/4/6 4682/4/6 4703/4/6
f 4698/7/6 4692/7/6 4710/7/6
f 4692/6/6 4699/6/6 4711/6/6
f 4710/7/6 4692/7/6 4711/7/6
f 4699/6/6 4700/6/6 4711/6/6
f 4711/6/6 4700/6/6 4712/6/6
f 4701/6/6 4702/6/6 4713/6/6
f 4702/7/6 4703/7/6 4714/7/6
f 4713/6/6 4702/6/6 4714/6/6
f 4703/4/6 4704/4/6 4715/4/6
f 4714/7/6 4703/7/6 4715/7/6
f 4705/4/6 4706/4/6 4716/4/6
f 4716/4/6 4706/4/6 4717/4/6
f 4698/7/6 4710/7/6 4718/7/6
f 4710/6/6 4711/6/6 4719/6/6
f 4718/7/6 4710/7/6 4719/7/6
f 4719/6/6 4711/6/6 4720/6/6
f 4712/6/6 4713/6/6 4721/6/6
f 4713/6/6 4714/6/6 4721/6/6
f 4714/4/6 4715/4/6 4722/4/6
f 4721/6/6 4714/6/6 4722/6/6
f 4707/7/6 4708/7/6 4723/7/6
f 4708/7/6 4709/7/6 4723/7/6
f 4723/7/6 4709/7/6 4724/7/6
f 4712/6/6 4721/6/6 4726/6/6
f 4724/7/6 4709/7/6 4727/7/6
f 4718/6/6 4719/6/6 4728/6/6
f 4728/6/6 4719/6/6 4729/6/6
f 4725/6/6 4726/6/6 4730/6/6
f 4726/6/6 4721/6/6 4730/6/6
f 4722/4/6 4715/4/6 4731/4/6
f 4724/7/6 4727/7/6 4733/7/6
f 4733/7/6 4727/7/6 4734/7/6
f 4728/7/6 4729/7/6 4735/7/6
f 4735/7/6 4729/7/6 4736/7/6
f 4725/6/6 4730/6/6 4737/6/6
f 4730/6/6 4731/6/6 4737/6/6
f 4733/6/6 4734/6/6 4738/6/6
f 4732/6/6 4733/6/6 4738/6/6
f 4738/6/6 4734/6/6 4739/6/6
f 4736/6/6 4737/6/6 4741/6/6
f 4737/6/6 4731/6/6 4741/6/6
f 4741/6/6 4731/6/6 4742/6/6
f 4715/4/6 4704/4/6 4743/4/6
f 4731/4/6 4715/4/6 4743/4/6
f 4743/4/6 4704/4/6 4744/4/6
f 4739/6/6 4740/6/6 4745/6/6
f 4738/6/6 4739/6/6 4745/6/6
f 4745/6/6 4740/6/6 4746/6/6
f 4745/6/6 4746/6/6 4747/6/6
f 4747/6/6 4746/6/6 4748/6/6
f 4748/6/6 4746/6/6 4749/6/6
f 4736/6/6 4741/6/6 4751/6/6
f 4751/6/6 4741/6/6 4752/6/6
f 4752/6/6 4741/6/6 4753/6/6
f 4742/6/6 4731/6/6 4754/6/6
f 4731/4/6 4743/4/6 4754/4/6
f 4754/4/6 4743/4/6 4755/4/6
f 4749/6/6 4746/6/6 4758/6/6
f 4758/6/6 4746/6/6 4759/6/6
f 4751/7/6 4752/7/6 4765/7/6
f 4750/7/6 4751/7/6 4765/7/6
f 4754/6/6 4755/6/6 4767/6/6
f 4742/6/6 4754/6/6 4767/6/6
f 4759/7/6 4760/7/6 4768/7/6
f 4768/7/6 4760/7/6 4769/7/6
f 4762/7/6 4763/7/6 4770/7/6
f 4761/7/6 4762/7/6 4770/7/6
f 4770/7/6 4763/7/6 4771/7/6
f 4771/7/6 4763/7/6 4772/7/6
f 4764/7/6 4765/7/6 4774/7/6
f 4756/4/6 4757/4/6 4775/4/6
f 4775/4/6 4757/4/6 4776/4/6
f 4770/7/6 4771/7/6 4777/7/6
f 4769/7/6 4770/7/6 4777/7/6
f 4777/7/6 4771/7/6 4778/7/6
f 4778/7/6 4771/7/6 4779/7/6
f 4779/7/6 4771/7/6 4780/7/6
f 4773/7/6 4774/7/6 4781/7/6
f 4774/7/6 4765/7/6 4782/7/6
f 4781/7/6 4774/7/6 4782/7/6
f 4778/7/6 4779/7/6 4783/7/6
f 4783/7/6 4779/7/6 4784/7/6
f 4782/7/6 4765/7/6 4785/7/6
f 4765/7/6 4752/7/6 4786/7/6
f 4785/7/6 4765/7/6 4786/7/6
f 4786/7/6 4752/7/6 4787/7/6
f 4766/6/6 4767/6/6 4788/6/6
f 4767/6/6 4755/6/6 4789/6/6
f 4788/6/6 4767/6/6 4789/6/6
f 4789/6/6 4755/6/6 4790/6/6
f 4778/7/6 4783/7/6 4791/7/6
f 4791/7/6 4783/7/6 4792/7/6
f 4786/6/6 4787/6/6 4793/6/6
f 4787/6/6 4788/6/6 4793/6/6
f 4788/6/6 4789/6/6 4793/6/6
f 4793/6/6 4789/6/6 4794/6/6
f 4794/6/6 4789/6/6 4795/6/6
f 4789/4/6 4790/4/6 4796/4/6
f 4795/6/6 4789/6/6 4796/6/6
f 4794/6/6 4795/6/6 4797/6/6
f 4795/7/6 4796/7/6 4798/7/6
f 4797/6/6 4795/6/6 4798/6/6
f 4798/7/6 4796/7/6 4799/7/6
f 4796/4/6 4790/4/6 4800/4/6
f 4799/7/6 4796/7/6 4800/7/6
f 4800/4/6 4790/4/6 4801/4/6
f 4798/7/6 4799/7/6 4803/7/6
f 4797/7/6 4798/7/6 4803/7/6
f 4802/7/6 4803/7/6 4807/7/6
f 4803/7/6 4799/7/6 4808/7/6
f 4807/7/6 4803/7/6 4808/7/6
f 4808/7/6 4799/7/6 4809/7/6
f 4799/4/6 4800/4/6 4810/4/6
f 4809/7/6 4799/7/6 4810/7/6
f 4810/4/6 4800/4/6 4811/4/6
f 4804/7/6 4805/7/6 4812/7/6
f 4812/7/6 4805/7/6 4813/7/6
f 4806/7/6 4807/7/6 4815/7/6
f 4807/7/6 4808/7/6 4815/7/6
f 4815/7/6 4808/7/6 4816/7/6
f 4808/4/6 4809/4/6 4817/4/6
f 4816/7/6 4808/7/6 4817/7/6
f 4817/4/6 4809/4/6 4818/4/6
f 4815/4/6 4816/4/6 4823/4/6
f 4814/4/6 4815/4/6 4823/4/6
f 4823/4/6 4816/4/6 4824/4/6
f 4819/4/6 4820/4/6 4825/4/6
f 4821/4/6 4822/4/6 4829/4/6
f 4829/4/6 4822/4/6 4830/4/6
f 4825/4/6 4826/4/6 4831/4/6
f 4827/4/6 4828/4/6 4834/4/6
f 4834/4/6 4828/4/6 4835/4/6
f 4831/4/6 4832/4/6 4836/4/6
f 4819/4/6 4825/4/6 4836/4/6
f 4825/4/6 4831/4/6 4836/4/6
f 4836/4/6 4832/4/6 4837/4/6
f 4833/4/6 4834/4/6 4838/4/6
f 4838/4/6 4834/4/6 4839/4/6
f 4840/4/6 4841/4/6 4846/4/6
f 4841/7/6 4842/7/6 4847/7/6
f 4846/4/6 4841/4/6 4847/4/6
f 4847/7/6 4842/7/6 4848/7/6
f 4845/4/6 4846/4/6 4853/4/6
f 4843/7/6 4844/7/6 4854/7/6
f 4854/7/6 4844/7/6 4855/7/6
f 4850/7/6 4851/7/6 4856/7/6
f 4856/7/6 4851/7/6 4857/7/6
f 4857/7/6 4851/7/6 4858/7/6
f 4852/4/6 4853/4/6 4861/4/6
f 4853/4/6 4846/4/6 4862/4/6
f 4861/4/6 4853/4/6 4862/4/6
f 4848/7/6 4849/7/6 4864/7/6
f 4864/7/6 4849/7/6 4865/7/6
f 4865/7/6 4849/7/6 4866/7/6
f 4857/7/6 4858/7/6 4868/7/6
f 4858/7/6 4859/7/6 4868/7/6
f 4868/7/6 4859/7/6 4869/7/6
f 4866/2/6 4867/2/6 4870/2/6
f 4865/2/6 4866/2/6 4870/2/6
f 4870/2/6 4867/2/6 4871/2/6
f 4869/7/6 4859/7/6 4873/7/6
f 4873/7/6 4859/7/6 4874/7/6
f 4863/7/6 4864/7/6 4876/7/6
f 4876/7/6 4864/7/6 4877/7/6
f 4874/3/6 4875/3/6 4878/3/6
f 4878/3/6 4875/3/6 4879/3/6
f 4860/4/6 4861/4/6 4881/4/6
f 4881/4/6 4861/4/6 4882/4/6
f 4871/2/6 4872/2/6 4884/2/6
f 4884/2/6 4872/2/6 4885/2/6
f 4879/7/6 4880/7/6 4888/7/6
f 4888/7/6 4880/7/6 4889/7/6
f 4883/2/6 4884/2/6 4896/2/6
f 4896/2/6 4884/2/6 4897/2/6
f 4897/2/6 4884/2/6 4898/2/6
f 4886/2/6 4887/2/6 4899/2/6
f 4899/2/6 4887/2/6 4900/2/6
f 4889/7/6 4890/7/6 4901/7/6
f 4892/7/6 4893/7/6 4903/7/6
f 4894/7/6 4895/7/6 4904/7/6
f 4895/7/6 4896/7/6 4904/7/6
f 4896/7/6 4897/7/6 4904/7/6
f 4904/7/6 4897/7/6 4905/7/6
f 4905/7/6 4897/7/6 4906/7/6
f 4886/2/6 4899/2/6 4908/2/6
f 4899/7/6 4900/7/6 4909/7/6
f 4908/2/6 4899/2/6 4909/2/6
f 4909/7/6 4900/7/6 4910/7/6
f 4892/7/6 4903/7/6 4913/7/6
f 4891/4/6 4892/4/6 4913/4/6
f 4903/7/6 4904/7/6 4913/7/6
f 4913/7/6 4904/7/6 4914/7/6
f 4906/6/6 4907/6/6 4915/6/6
f 4915/6/6 4907/6/6 4916/6/6
f 4911/7/6 4912/7/6 4918/7/6
f 4918/7/6 4912/7/6 4919/7/6
f 4901/7/6 4902/7/6 4922/7/6
f 4889/7/6 4901/7/6 4922/7/6
f 4922/7/6 4902/7/6 4923/7/6
f 4891/4/6 4913/4/6 4925/4/6
f 4925/4/6 4913/4/6 4926/4/6
f 4916/6/6 4917/6/6 4929/6/6
f 4929/6/6 4917/6/6 4930/6/6
f 4919/7/6 4920/7/6 4932/7/6
f 4932/7/6 4920/7/6 4933/7/6
f 4921/7/6 4922/7/6 4934/7/6
f 4934/7/6 4922/7/6 4935/7/6
f 4927/6/6 4928/6/6 4937/6/6
f 4937/6/6 4928/6/6 4938/6/6
f 4930/6/6 4931/6/6 4941/6/6
f 4941/6/6 4931/6/6 4942/6/6
f 4924/4/6 4925/4/6 4943/4/6
f 4943/4/6 4925/4/6 4944/4/6
f 4938/6/6 4939/6/6 4945/6/6
f 4939/7/6 4940/7/6 4946/7/6
f 4945/6/6 4939/6/6 4946/6/6
f 4946/7/6 4940/7/6 4947/7/6
f 4941/7/6 4942/7/6 4948/7/6
f 4948/7/6 4942/7/6 4949/7/6
f 4923/7/6 4902/7/6 4950/7/6
f 4950/7/6 4902/7/6 4951/7/6
f 4946/7/6 4947/7/6 4952/7/6
f 4908/7/6 4909/7/6 4953/7/6
f 4935/7/6 4936/7/6 4954/7/6
f 4954/7/6 4936/7/6 4955/7/6
f 4952/7/6 4947/7/6 4957/7/6
f 4957/7/6 4947/7/6 4958/7/6
f 4953/7/6 4909/7/6 4960/7/6
f 4959/3/6 4960/3/6 4961/3/6
f 4961/3/6 4960/3/6 4962/3/6
f 4960/7/6 4909/7/6 4963/7/6
f 4962/3/6 4960/3/6 4963/3/6
f 4963/7/6 4909/7/6 4964/7/6
f 4966/6/6 4967/6/6 4969/6/6
f 4961/7/6 4962/7/6 4970/7/6
f 4970/7/6 4962/7/6 4971/7/6
f 4964/7/6 4965/7/6 4973/7/6
f 4968/6/6 4969/6/6 4974/6/6
f 4969/6/6 4967/6/6 4974/6/6
f 4974/6/6 4967/6/6 4975/6/6
f 4964/7/6 4973/7/6 4978/7/6
f 4978/7/6 4973/7/6 4979/7/6
f 4955/7/6 4956/7/6 4981/7/6
f 4971/7/6 4972/7/6 4982/7/6
f 4982/7/6 4972/7/6 4983/7/6
f 4980/7/6 4981/7/6 4984/7/6
f 4981/7/6 4956/7/6 4985/7/6
f 4984/7/6 4981/7/6 4985/7/6
f 4968/6/6 4974/6/6 4986/6/6
f 4986/6/6 4974/6/6 4987/6/6
f 4976/4/6 4977/4/6 4988/4/6
f 4988/4/6 4977/4/6 4989/4/6
f 4978/6/6 4979/6/6 4990/6/6
f 4990/6/6 4979/6/6 4991/6/6
f 4991/6/6 4992/6/6 4995/6/6
f 4995/6/6 4992/6/6 4996/6/6
f 4985/7/6 4986/7/6 5002/7/6
f 5002/7/6 4986/7/6 5003/7/6
f 4993/4/6 4994/4/6 5004/4/6
f 5004/4/6 4994/4/6 5005/4/6
f 4997/6/6 4998/6/6 5007/6/6
f 5007/6/6 4998/6/6 5008/6/6
f 4995/7/6 4996/7/6 5009/7/6
f 5009/7/6 4996/7/6 5010/7/6
f 4999/7/6 5000/7/6 5011/7/6
f 5011/7/6 5000/7/6 5012/7/6
f 5001/7/6 5002/7/6 5014/7/6
f 5014/7/6 5002/7/6 5015/7/6
f 5015/7/6 5002/7/6 5016/7/6
f 5005/4/6 5006/4/6 5017/4/6
f 5017/4/6 5006/4/6 5018/4/6
f 5010/7/6 5011/7/6 5019/7/6
f 5019/7/6 5011/7/6 5020/7/6
f 5014/7/6 5015/7/6 5022/7/6
f 5013/7/6 5014/7/6 5022/7/6
f 5021/7/6 5022/7/6 5025/7/6
f 5022/7/6 5015/7/6 5025/7/6
f 5025/7/6 5015/7/6 5026/7/6
f 5023/7/6 5024/7/6 5029/7/6
f 5029/7/6 5024/7/6 5030/7/6
f 5021/7/6 5025/7/6 5032/7/6
f 5032/7/6 5025/7/6 5033/7/6
f 5031/7/6 5032/7/6 5036/7/6
f 5036/7/6 5032/7/6 5037/7/6
f 5033/7/6 5034/7/6 5038/7/6
f 5027/7/6 5028/7/6 5040/7/6
f 5040/7/6 5028/7/6 5041/7/6
f 5035/7/6 5036/7/6 5042/7/6
f 5033/7/6 5038/7/6 5044/7/6
f 5038/6/6 5039/6/6 5045/6/6
f 5044/7/6 5038/7/6 5045/7/6
f 5045/6/6 5039/6/6 5046/6/6
f 5042/7/6 5036/7/6 5050/7/6
f 5043/7/6 5044/7/6 5052/7/6
f 5044/6/6 5045/6/6 5053/6/6
f 5052/7/6 5044/7/6 5053/7/6
f 5053/6/6 5045/6/6 5054/6/6
f 5050/7/6 5051/7/6 5055/7/6
f 5042/7/6 5050/7/6 5055/7/6
f 5055/7/6 5051/7/6 5056/7/6
f 5046/6/6 5047/6/6 5058/6/6
f 5058/6/6 5047/6/6 5059/6/6
f 5048/4/6 5049/4/6 5060/4/6
f 5060/4/6 5049/4/6 5061/4/6
f 5042/7/6 5055/7/6 5065/7/6
f 5057/7/6 5058/7/6 5067/7/6
f 5067/7/6 5058/7/6 5068/7/6
f 5062/7/6 5063/7/6 5070/7/6
f 5070/7/6 5063/7/6 5071/7/6
f 5064/7/6 5065/7/6 5074/7/6
f 5065/7/6 5055/7/6 5075/7/6
f 5074/7/6 5065/7/6 5075/7/6
f 5066/7/6 5067/7/6 5077/7/6
f 5077/7/6 5067/7/6 5078/7/6
f 5072/7/6 5073/7/6 5080/7/6
f 5069/7/6 5070/7/6 5080/7/6
f 5070/7/6 5071/7/6 5080/7/6
f 5071/7/6 5072/7/6 5080/7/6
f 5080/7/6 5073/7/6 5081/7/6
f 5075/4/6 5076/4/6 5082/4/6
f 5074/4/6 5075/4/6 5082/4/6
f 5082/4/6 5076/4/6 5083/4/6
f 5076/7/6 5077/7/6 5084/7/6
f 5083/4/6 5076/4/6 5084/4/6
f 5084/7/6 5077/7/6 5085/7/6
f 5080/4/6 5081/4/6 5090/4/6
f 5079/4/6 5080/4/6 5090/4/6
f 5090/4/6 5081/4/6 5091/4/6
f 5091/4/6 5081/4/6 5092/4/6
f 5082/4/6 5083/4/6 5093/4/6
f 5093/4/6 5083/4/6 5094/4/6
f 5086/7/6 5087/7/6 5095/7/6
f 5095/7/6 5087/7/6 5096/7/6
f 5088/4/6 5089/4/6 5101/4/6
f 5089/4/6 5090/4/6 5101/4/6
f 5090/4/6 5091/4/6 5101/4/6
f 5101/4/6 5091/4/6 5102/4/6
f 5102/4/6 5091/4/6 5103/4/6
f 5092/4/6 5093/4/6 5104/4/6
f 5104/4/6 5093/4/6 5105/4/6
f 5096/4/6 5097/4/6 5106/4/6
f 5106/4/6 5097/4/6 5107/4/6
f 5098/4/6 5099/4/6 5108/4/6
f 5108/4/6 5099/4/6 5109/4/6
f 5101/4/6 5102/4/6 5110/4/6
f 5100/4/6 5101/4/6 5110/4/6
f 5110/4/6 5102/4/6 5111/4/6
f 5112/7/6 5113/7/6 5118/7/6
f 5118/7/6 5113/7/6 5119/7/6
f 5119/7/6 5113/7/6 5120/7/6
f 5114/2/6 5115/2/6 5122/2/6
f 5122/2/6 5115/2/6 5123/2/6
f 5116/3/6 5117/3/6 5124/3/6
f 5124/3/6 5117/3/6 5125/3/6
f 5120/2/6 5121/2/6 5126/2/6
f 5126/2/6 5121/2/6 5127/2/6
f 5129/3/6 5130/3/6 5135/3/6
f 5135/3/6 5130/3/6 5136/3/6
f 5131/3/6 5132/3/6 5138/3/6
f 5138/3/6 5132/3/6 5139/3/6
f 5127/2/6 5128/2/6 5142/2/6
f 5142/2/6 5128/2/6 5143/2/6
f 5133/1/6 5134/1/6 5144/1/6
f 5144/1/6 5134/1/6 5145/1/6
f 5136/3/6 5137/3/6 5146/3/6
f 5146/3/6 5137/3/6 5147/3/6
f 5139/1/6 5140/1/6 5149/1/6
f 5149/1/6 5140/1/6 5150/1/6
f 5141/2/6 5142/2/6 5151/2/6
f 5151/2/6 5142/2/6 5152/2/6
f 5147/7/6 5148/7/6 5156/7/6
f 5146/7/6 5147/7/6 5156/7/6
f 5153/2/6 5154/2/6 5161/2/6
f 5161/2/6 5154/2/6 5162/2/6
f 5155/7/6 5156/7/6 5164/7/6
f 5157/7/6 5158/7/6 5165/7/6
f 5165/7/6 5158/7/6 5166/7/6
f 5158/6/6 5159/6/6 5167/6/6
f 5166/7/6 5158/7/6 5167/7/6
f 5167/6/6 5159/6/6 5168/6/6
f 5161/7/6 5162/7/6 5170/7/6
f 5160/7/6 5161/7/6 5170/7/6
f 5163/3/6 5164/3/6 5171/3/6
f 5171/3/6 5164/3/6 5172/3/6
f 5164/7/6 5156/7/6 5173/7/6
f 5172/3/6 5164/3/6 5173/3/6
f 5156/7/6 5148/7/6 5174/7/6
f 5173/7/6 5156/7/6 5174/7/6
f 5174/7/6 5148/7/6 5175/7/6
f 5165/7/6 5166/7/6 5176/7/6
f 5176/7/6 5166/7/6 5177/7/6
f 5168/6/6 5169/6/6 5178/6/6
f 5177/7/6 5166/7/6 5178/7/6
f 5167/6/6 5168/6/6 5178/6/6
f 5166/6/6 5167/6/6 5178/6/6
f 5178/6/6 5169/6/6 5179/6/6
f 5179/6/6 5169/6/6 5180/6/6
f 5160/7/6 5170/7/6 5182/7/6
f 5170/7/6 5171/7/6 5182/7/6
f 5182/7/6 5171/7/6 5183/7/6
f 5172/7/6 5173/7/6 5184/7/6
f 5173/7/6 5174/7/6 5184/7/6
f 5184/7/6 5174/7/6 5185/7/6
f 5180/6/6 5181/6/6 5187/6/6
f 5179/6/6 5180/6/6 5187/6/6
f 5187/6/6 5181/6/6 5188/6/6
f 5188/6/6 5181/6/6 5189/6/6
f 5189/6/6 5181/6/6 5190/6/6
f 5177/7/6 5178/7/6 5193/7/6
f 5193/7/6 5178/7/6 5194/7/6
f 5188/6/6 5189/6/6 5195/6/6
f 5189/7/6 5190/7/6 5196/7/6
f 5195/6/6 5189/6/6 5196/6/6
f 5196/7/6 5190/7/6 5197/7/6
f 5191/3/6 5192/3/6 5198/3/6
f 5198/3/6 5192/3/6 5199/3/6
f 5195/7/6 5196/7/6 5200/7/6
f 5200/7/6 5196/7/6 5201/7/6
f 5185/7/6 5186/7/6 5204/7/6
f 5195/7/6 5200/7/6 5206/7/6
f 5206/7/6 5200/7/6 5207/7/6
f 5202/3/6 5203/3/6 5208/3/6
f 5208/3/6 5203/3/6 5209/3/6
f 5185/7/6 5204/7/6 5210/7/6
f 5204/7/6 5205/7/6 5210/7/6
f 5160/7/6 5182/7/6 5215/7/6
f 5215/7/6 5182/7/6 5216/7/6
f 5210/7/6 5205/7/6 5219/7/6
f 5211/4/6 5212/4/6 5221/4/6
f 5212/4/6 5213/4/6 5221/4/6
f 5213/7/6 5214/7/6 5222/7/6
f 5221/4/6 5213/4/6 5222/4/6
f 5222/7/6 5214/7/6 5223/7/6
f 5216/7/6 5217/7/6 5224/7/6
f 5218/8/6 5219/8/6 5226/8/6
f 5219/7/6 5205/7/6 5227/7/6
f 5226/8/6 5219/8/6 5227/8/6
f 5216/7/6 5224/7/6 5230/7/6
f 5230/7/6 5224/7/6 5231/7/6
f 5225/8/6 5226/8/6 5232/8/6
f 5226/7/6 5227/7/6 5233/7/6
f 5232/8/6 5226/8/6 5233/8/6
f 5220/4/6 5221/4/6 5234/4/6
f 5234/4/6 5221/4/6 5235/4/6
f 5230/6/6 5231/6/6 5237/6/6
f 5232/7/6 5233/7/6 5239/7/6
f 5233/7/6 5227/7/6 5240/7/6
f 5239/7/6 5233/7/6 5240/7/6
f 5227/7/6 5205/7/6 5241/7/6
f 5240/7/6 5227/7/6 5241/7/6
f 5241/7/6 5205/7/6 5242/7/6
f 5228/7/6 5229/7/6 5243/7/6
f 5243/7/6 5229/7/6 5244/7/6
f 5237/6/6 5238/6/6 5245/6/6
f 5239/7/6 5240/7/6 5246/7/6
f 5245/6/6 5238/6/6 5246/6/6
f 5238/7/6 5239/7/6 5246/7/6
f 5246/7/6 5240/7/6 5247/7/6
f 5247/7/6 5240/7/6 5248/7/6
f 5235/7/6 5236/7/6 5251/7/6
f 5251/7/6 5236/7/6 5252/7/6
f 5237/6/6 5245/6/6 5253/6/6
f 5230/6/6 5237/6/6 5253/6/6
f 5253/6/6 5245/6/6 5254/6/6
f 5246/7/6 5247/7/6 5255/7/6
f 5245/7/6 5246/7/6 5255/7/6
f 5255/7/6 5247/7/6 5256/7/6
f 5254/6/6 5245/6/6 5257/6/6
f 5245/7/6 5255/7/6 5258/7/6
f 5257/6/6 5245/6/6 5258/6/6
f 5249/7/6 5250/7/6 5260/7/6
f 5244/7/6 5229/7/6 5261/7/6
f 5258/7/6 5255/7/6 5263/7/6
f 5257/7/6 5258/7/6 5263/7/6
f 5259/7/6 5260/7/6 5264/7/6
f 5260/7/6 5250/7/6 5265/7/6
f 5264/7/6 5260/7/6 5265/7/6
f 5235/7/6 5251/7/6 5266/7/6
f 5266/7/6 5251/7/6 5267/7/6
f 5261/7/6 5262/7/6 5268/7/6
f 5257/7/6 5263/7/6 5270/7/6
f 5270/7/6 5263/7/6 5271/7/6
f 5268/7/6 5269/7/6 5274/7/6
f 5261/7/6 5268/7/6 5274/7/6
f 5274/7/6 5269/7/6 5275/7/6
f 5244/7/6 5261/7/6 5276/7/6
f 5261/7/6 5274/7/6 5276/7/6
f 5276/7/6 5274/7/6 5277/7/6
f 5272/7/6 5273/7/6 5278/7/6
f 5278/7/6 5273/7/6 5279/7/6
f 5277/7/6 5274/7/6 5282/7/6
f 5281/7/6 5282/7/6 5286/7/6
f 5280/7/6 5281/7/6 5286/7/6
f 5286/7/6 5282/7/6 5287/7/6
f 5282/7/6 5274/7/6 5288/7/6
f 5287/7/6 5282/7/6 5288/7/6
f 5283/7/6 5284/7/6 5290/7/6
f 5286/7/6 5287/7/6 5291/7/6
f 5285/7/6 5286/7/6 5291/7/6
f 5291/7/6 5287/7/6 5292/7/6
f 5289/7/6 5290/7/6 5293/7/6
f 5290/7/6 5284/7/6 5293/7/6
f 5293/7/6 5284/7/6 5294/7/6
f 5289/7/6 5293/7/6 5299/7/6
f 5299/7/6 5293/7/6 5300/7/6
f 5300/7/6 5293/7/6 5301/7/6
f 5295/6/6 5296/6/6 5303/6/6
f 5301/7/6 5302/7/6 5307/7/6
f 5300/7/6 5301/7/6 5307/7/6
f 5302/6/6 5303/6/6 5308/6/6
f 5307/7/6 5302/7/6 5308/7/6
f 5303/6/6 5296/6/6 5309/6/6
f 5308/6/6 5303/6/6 5309/6/6
f 5309/6/6 5296/6/6 5310/6/6
f 5297/7/6 5298/7/6 5315/7/6
f 5315/7/6 5298/7/6 5316/7/6
f 5304/7/6 5305/7/6 5318/7/6
f 5318/7/6 5305/7/6 5319/7/6
f 5306/7/6 5307/7/6 5320/7/6
f 5307/7/6 5308/7/6 5320/7/6
f 5308/7/6 5309/7/6 5320/7/6
f 5320/7/6 5309/7/6 5321/7/6
f 5313/7/6 5314/7/6 5323/7/6
f 5314/7/6 5315/7/6 5323/7/6
f 5323/7/6 5315/7/6 5324/7/6
f 5324/7/6 5315/7/6 5325/7/6
f 5317/7/6 5318/7/6 5327/7/6
f 5306/7/6 5320/7/6 5328/7/6
f 5328/7/6 5320/7/6 5329/7/6
f 5311/7/6 5312/7/6 5330/7/6
f 5330/7/6 5312/7/6 5331/7/6
f 5322/7/6 5323/7/6 5333/7/6
f 5323/7/6 5324/7/6 5333/7/6
f 5333/7/6 5324/7/6 5334/7/6
f 5334/7/6 5324/7/6 5335/7/6
f 5326/7/6 5327/7/6 5336/7/6
f 5327/7/6 5318/7/6 5337/7/6
f 5336/7/6 5327/7/6 5337/7/6
f 5331/7/6 5332/7/6 5338/7/6
f 5338/7/6 5332/7/6 5339/7/6
f 5322/7/6 5333/7/6 5341/7/6
f 5333/4/6 5334/4/6 5342/4/6
f 5341/7/6 5333/7/6 5342/7/6
f 5342/4/6 5334/4/6 5343/4/6
f 5336/4/6 5337/4/6 5344/4/6
f 5344/4/6 5337/4/6 5345/4/6
f 5340/7/6 5341/7/6 5346/7/6
f 5346/7/6 5341/7/6 5347/7/6
f 5348/1/6 5349/1/6 5352/1/6
f 5349/2/6 5350/2/6 5353/2/6
f 5352/1/6 5349/1/6 5353/1/6
f 5353/2/6 5350/2/6 5354/2/6
f 5351/1/6 5352/1/6 5358/1/6
f 5358/1/6 5352/1/6 5359/1/6
f 5354/2/6 5355/2/6 5362/2/6
f 5359/1/6 5360/1/6 5363/1/6
f 5360/2/6 5361/2/6 5364/2/6
f 5363/1/6 5360/1/6 5364/1/6
f 5361/2/6 5362/2/6 5364/2/6
f 5362/2/6 5355/2/6 5365/2/6
f 5364/2/6 5362/2/6 5365/2/6
f 5356/1/6 5357/1/6 5366/1/6
f 5366/1/6 5357/1/6 5367/1/6
f 5367/1/6 5357/1/6 5368/1/6
f 5368/1/6 5357/1/6 5369/1/6
f 5370/7/6 5371/7/6 5373/7/6
f 5373/7/6 5371/7/6 5374/7/6
f 5376/7/6 5377/7/6 5380/7/6
f 5378/7/6 5379/7/6 5380/7/6
f 5377/7/6 5378/7/6 5380/7/6
f 5380/7/6 5379/7/6 5381/7/6
f 5372/7/6 5373/7/6 5383/7/6
f 5383/7/6 5373/7/6 5384/7/6
f 5376/7/6 5380/7/6 5389/7/6
f 5389/7/6 5380/7/6 5390/7/6
f 5374/7/6 5375/7/6 5391/7/6
f 5385/3/6 5386/3/6 5395/3/6
f 5395/3/6 5386/3/6 5396/3/6
f 5381/7/6 5379/7/6 5397/7/6
f 5382/7/6 5383/7/6 5398/7/6
f 5398/7/6 5383/7/6 5399/7/6
f 5374/7/6 5391/7/6 5400/7/6
f 5391/6/6 5392/6/6 5401/6/6
f 5400/7/6 5391/7/6 5401/7/6
f 5392/7/6 5393/7/6 5402/7/6
f 5401/6/6 5392/6/6 5402/6/6
f 5402/7/6 5393/7/6 5403/7/6
f 5403/7/6 5393/7/6 5404/7/6
f 5394/3/6 5395/3/6 5405/3/6
f 5397/7/6 5379/7/6 5407/7/6
f 5407/7/6 5379/7/6 5408/7/6
f 5399/7/6 5400/7/6 5409/7/6
f 5409/7/6 5400/7/6 5410/7/6
f 5400/6/6 5401/6/6 5411/6/6
f 5410/7/6 5400/7/6 5411/7/6
f 5411/6/6 5401/6/6 5412/6/6
f 5404/7/6 5405/7/6 5413/7/6
f 5405/3/6 5395/3/6 5414/3/6
f 5413/7/6 5405/7/6 5414/7/6
f 5414/3/6 5395/3/6 5415/3/6
f 5407/8/6 5408/8/6 5417/8/6
f 5406/8/6 5407/8/6 5417/8/6
f 5417/8/6 5408/8/6 5418/8/6
f 5414/7/6 5415/7/6 5419/7/6
f 5415/3/6 5416/3/6 5420/3/6
f 5419/7/6 5415/7/6 5420/7/6
f 5420/3/6 5416/3/6 5421/3/6
f 5406/8/6 5417/8/6 5426/8/6
f 5426/8/6 5417/8/6 5427/8/6
f 5420/7/6 5421/7/6 5428/7/6
f 5421/3/6 5422/3/6 5428/3/6
f 5428/3/6 5422/3/6 5429/3/6
f 5387/3/6 5388/3/6 5431/3/6
f 5431/3/6 5388/3/6 5432/3/6
f 5424/6/6 5425/6/6 5433/6/6
f 5425/8/6 5426/8/6 5433/8/6
f 5423/6/6 5424/6/6 5433/6/6
f 5433/8/6 5426/8/6 5434/8/6
f 5429/7/6 5430/7/6 5435/7/6
f 5428/7/6 5429/7/6 5435/7/6
f 5420/7/6 5428/7/6 5435/7/6
f 5435/7/6 5430/7/6 5436/7/6
f 5433/6/6 5434/6/6 5437/6/6
f 5423/6/6 5433/6/6 5437/6/6
f 5437/6/6 5434/6/6 5438/6/6
f 5436/7/6 5430/7/6 5441/7/6
f 5441/7/6 5430/7/6 5442/7/6
f 5442/7/6 5430/7/6 5443/7/6
f 5439/3/6 5440/3/6 5445/3/6
f 5445/3/6 5440/3/6 5446/3/6
f 5448/7/6 5449/7/6 5450/7/6
f 5450/7/6 5449/7/6 5451/7/6
f 5446/3/6 5447/3/6 5452/3/6
f 5452/3/6 5447/3/6 5453/3/6
f 5448/7/6 5450/7/6 5454/7/6
f 5454/7/6 5450/7/6 5455/7/6
f 5443/7/6 5444/7/6 5456/7/6
f 5442/7/6 5443/7/6 5456/7/6
f 5456/7/6 5444/7/6 5457/7/6
f 5457/7/6 5444/7/6 5458/7/6
f 5459/7/6 5460/7/6 5461/7/6
f 5461/7/6 5460/7/6 5462/7/6
f 5458/7/6 5444/7/6 5465/7/6
f 5465/7/6 5444/7/6 5466/7/6
f 5464/7/6 5465/7/6 5467/7/6
f 5467/7/6 5465/7/6 5468/7/6
f 5459/7/6 5461/7/6 5470/7/6
f 5470/7/6 5461/7/6 5471/7/6
f 5462/7/6 5463/7/6 5472/7/6
f 5472/7/6 5463/7/6 5473/7/6
f 5470/7/6 5471/7/6 5479/7/6
f 5473/7/6 5474/7/6 5479/7/6
f 5469/7/6 5470/7/6 5479/7/6
f 5472/7/6 5473/7/6 5479/7/6
f 5471/7/6 5472/7/6 5479/7/6
f 5479/7/6 5474/7/6 5480/7/6
f 5480/7/6 5474/7/6 5481/7/6
f 5481/7/6 5474/7/6 5482/7/6
f 5477/1/6 5478/1/6 5484/1/6
f 5484/1/6 5478/1/6 5485/1/6
f 5480/7/6 5481/7/6 5486/7/6
f 5486/7/6 5481/7/6 5487/7/6
f 5487/7/6 5481/7/6 5488/7/6
f 5475/7/6 5476/7/6 5489/7/6
f 5489/7/6 5476/7/6 5490/7/6
f 5482/7/6 5483/7/6 5492/7/6
f 5492/7/6 5483/7/6 5493/7/6
f 5491/7/6 5492/7/6 5494/7/6
f 5494/7/6 5492/7/6 5495/7/6
f 5496/7/6 5497/7/6 5500/7/6
f 5500/7/6 5497/7/6 5501/7/6
f 5498/7/6 5499/7/6 5503/7/6
f 5503/7/6 5499/7/6 5504/7/6
f 5502/7/6 5503/7/6 5505/7/6
f 5505/7/6 5503/7/6 5506/7/6
f 5507/1/6 5508/1/6 5512/1/6
f 5508/2/6 5509/2/6 5513/2/6
f 5512/1/6 5508/1/6 5513/1/6
f 5513/2/6 5509/2/6 5514/2/6
f 5515/1/6 5516/1/6 5517/1/6
f 5517/1/6 5516/1/6 5518/1/6
f 5510/1/6 5511/1/6 5519/1/6
f 5510/1/6 5519/1/6 5522/1/6
f 5522/1/6 5519/1/6 5523/1/6
f 5520/7/6 5521/7/6 5527/7/6
f 5524/7/6 5525/7/6 5530/7/6
f 5530/7/6 5525/7/6 5531/7/6
f 5528/3/6 5529/3/6 5533/3/6
f 5533/3/6 5529/3/6 5534/3/6
f 5531/7/6 5525/7/6 5535/7/6
f 5535/7/6 5525/7/6 5536/7/6
f 5536/7/6 5525/7/6 5537/7/6
f 5526/7/6 5527/7/6 5538/7/6
f 5527/7/6 5521/7/6 5539/7/6
f 5538/7/6 5527/7/6 5539/7/6
f 5532/3/6 5533/3/6 5543/3/6
f 5543/3/6 5533/3/6 5544/3/6
f 5536/8/6 5537/8/6 5545/8/6
f 5545/8/6 5537/8/6 5546/8/6
f 5540/6/6 5541/6/6 5547/6/6
f 5541/7/6 5542/7/6 5548/7/6
f 5536/8/6 5545/8/6 5553/8/6
f 5547/6/6 5541/6/6 5554/6/6
f 5541/7/6 5548/7/6 5555/7/6
f 5554/6/6 5541/6/6 5555/6/6
f 5548/7/6 5549/7/6 5555/7/6
f 5555/7/6 5549/7/6 5556/7/6
f 5550/3/6 5551/3/6 5559/3/6
f 5552/8/6 5553/8/6 5560/8/6
f 5553/8/6 5545/8/6 5561/8/6
f 5560/8/6 5553/8/6 5561/8/6
f 5556/7/6 5557/7/6 5562/7/6
f 5555/7/6 5556/7/6 5562/7/6
f 5562/7/6 5557/7/6 5563/7/6
f 5558/3/6 5559/3/6 5564/3/6
f 5559/3/6 5551/3/6 5565/3/6
f 5564/3/6 5559/3/6 5565/3/6
f 5563/7/6 5557/7/6 5566/7/6
f 5566/7/6 5557/7/6 5567/7/6
f 5567/7/6 5557/7/6 5568/7/6
f 5568/7/6 5569/7/6 5570/7/6
f 5567/7/6 5568/7/6 5570/7/6
f 5570/7/6 5569/7/6 5571/7/6
f 5571/7/6 5569/7/6 5572/7/6
f 5574/1/6 5575/1/6 5577/1/6
f 5575/3/6 5576/3/6 5578/3/6
f 5577/1/6 5575/1/6 5578/1/6
f 5578/3/6 5576/3/6 5579/3/6
f 5579/3/6 5576/3/6 5580/3/6
f 5580/3/6 5576/3/6 5581/3/6
f 5572/7/6 5573/7/6 5583/7/6
f 5571/7/6 5572/7/6 5583/7/6
f 5583/7/6 5573/7/6 5584/7/6
f 5582/8/6 5583/8/6 5586/8/6
f 5583/8/6 5584/8/6 5586/8/6
f 5586/8/6 5584/8/6 5587/8/6
f 5580/1/6 5581/1/6 5589/1/6
f 5589/1/6 5581/1/6 5590/1/6
f 5585/6/6 5586/6/6 5592/6/6
f 5586/8/6 5587/8/6 5593/8/6
f 5592/6/6 5586/6/6 5593/6/6
f 5593/8/6 5587/8/6 5594/8/6
f 5594/8/6 5587/8/6 5595/8/6
f 5591/6/6 5592/6/6 5596/6/6
f 5592/6/6 5593/6/6 5596/6/6
f 5596/6/6 5593/6/6 5597/6/6
f 5595/8/6 5587/8/6 5598/8/6
f 5587/7/6 5588/7/6 5599/7/6
f 5598/8/6 5587/8/6 5599/8/6
f 5598/7/6 5599/7/6 5604/7/6
f 5599/7/6 5588/7/6 5605/7/6
f 5604/7/6 5599/7/6 5605/7/6
f 5605/7/6 5588/7/6 5606/7/6
f 5602/7/6 5603/7/6 5607/7/6
f 5607/7/6 5603/7/6 5608/7/6
f 5600/7/6 5601/7/6 5609/7/6
f 5609/7/6 5601/7/6 5610/7/6
f 5604/7/6 5605/7/6 5611/7/6
f 5611/7/6 5605/7/6 5612/7/6
f 5613/1/6 5614/1/6 5618/1/6
f 5614/2/6 5615/2/6 5619/2/6
f 5618/1/6 5614/1/6 5619/1/6
f 5619/2/6 5615/2/6 5620/2/6
f 5616/7/6 5617/7/6 5621/7/6
f 5621/7/6 5617/7/6 5622/7/6
f 5623/7/6 5624/7/6 5625/7/6
f 5625/7/6 5624/7/6 5626/7/6
f 5627/7/6 5628/7/6 5629/7/6
f 5629/7/6 5628/7/6 5630/7/6
f 5631/2/6 5632/2/6 5633/2/6
f 5633/2/6 5632/2/6 5634/2/6
f 5635/1/6 5636/1/6 5637/1/6
f 5637/1/6 5636/1/6 5638/1/6
f 5639/1/6 5640/1/6 5643/1/6
f 5643/1/6 5640/1/6 5644/1/6
f 5641/7/6 5642/7/6 5646/7/6
f 5646/7/6 5642/7/6 5647/7/6
f 5647/8/6 5648/8/6 5649/8/6
f 5645/7/6 5646/7/6 5650/7/6
f 5650/7/6 5646/7/6 5651/7/6
f 5649/8/6 5648/8/6 5653/8/6
f 5653/8/6 5648/8/6 5654/8/6
f 5651/7/6 5652/7/6 5657/7/6
f 5652/8/6 5653/8/6 5658/8/6
f 5657/7/6 5652/7/6 5658/7/6
f 5658/8/6 5653/8/6 5659/8/6
f 5655/7/6 5656/7/6 5660/7/6
f 5660/7/6 5656/7/6 5661/7/6
f 5661/7/6 5662/7/6 5663/7/6
f 5663/7/6 5662/7/6 5664/7/6
f 5664/7/6 5665/7/6 5666/7/6
f 5666/7/6 5665/7/6 5667/7/6
f 5669/1/6 5670/1/6 5673/1/6
f 5673/1/6 5670/1/6 5674/1/6
f 5671/7/6 5672/7/6 5676/7/6
f 5676/7/6 5672/7/6 5677/7/6
f 5667/7/6 5668/7/6 5679/7/6
f 5679/7/6 5668/7/6 5680/7/6
f 5675/7/6 5676/7/6 5683/7/6
f 5683/7/6 5676/7/6 5684/7/6
f 5678/7/6 5679/7/6 5686/7/6
f 5686/7/6 5679/7/6 5687/7/6
f 5681/2/6 5682/2/6 5688/2/6
f 5688/2/6 5682/2/6 5689/2/6
f 5685/6/6 5686/6/6 5691/6/6
f 5691/6/6 5686/6/6 5692/6/6
f 5690/6/6 5691/6/6 5696/6/6
f 5696/6/6 5691/6/6 5697/6/6
f 5693/6/6 5694/6/6 5698/6/6
f 5694/8/6 5695/8/6 5699/8/6
f 5698/6/6 5694/6/6 5699/6/6
f 5699/8/6 5695/8/6 5700/8/6
f 5697/6/6 5698/6/6 5701/6/6
f 5699/6/6 5700/6/6 5701/6/6
f 5698/6/6 5699/6/6 5701/6/6
f 5701/6/6 5700/6/6 5702/6/6
f 5702/6/6 5700/6/6 5703/6/6
f 5703/6/6 5700/6/6 5704/6/6
f 5703/7/6 5704/7/6 5705/7/6
f 5703/7/6 5705/7/6 5708/7/6
f 5705/1/6 5706/1/6 5709/1/6
f 5708/7/6 5705/7/6 5709/7/6
f 5709/1/6 5706/1/6 5710/1/6
f 5710/1/6 5706/1/6 5711/1/6
f 5707/7/6 5708/7/6 5713/7/6
f 5713/7/6 5708/7/6 5714/7/6
f 5710/1/6 5711/1/6 5715/1/6
f 5711/2/6 5712/2/6 5716/2/6
f 5715/1/6 5711/1/6 5716/1/6
f 5716/2/6 5712/2/6 5717/2/6
f 5717/2/6 5712/2/6 5718/2/6
f 5718/2/6 5719/2/6 5724/2/6
f 5717/2/6 5718/2/6 5724/2/6
f 5724/2/6 5719/2/6 5725/2/6
f 5725/2/6 5719/2/6 5726/2/6
f 5720/7/6 5721/7/6 5729/7/6
f 5729/7/6 5721/7/6 5730/7/6
f 5730/7/6 5721/7/6 5731/7/6
f 5722/1/6 5723/1/6 5732/1/6
f 5723/2/6 5724/2/6 5733/2/6
f 5724/2/6 5725/2/6 5733/2/6
f 5733/2/6 5725/2/6 5734/2/6
f 5730/7/6 5731/7/6 5735/7/6
f 5735/7/6 5731/7/6 5736/7/6
f 5731/1/6 5732/1/6 5737/1/6
f 5736/7/6 5731/7/6 5737/7/6
f 5732/1/6 5723/1/6 5738/1/6
f 5737/1/6 5732/1/6 5738/1/6
f 5723/2/6 5733/2/6 5738/2/6
f 5738/2/6 5733/2/6 5739/2/6
f 5727/7/6 5728/7/6 5740/7/6
f 5740/7/6 5728/7/6 5741/7/6
f 5741/7/6 5742/7/6 5743/7/6
f 5743/7/6 5742/7/6 5744/7/6
f 5744/7/6 5742/7/6 5745/7/6
f 5736/7/6 5737/7/6 5746/7/6
f 5746/7/6 5737/7/6 5747/7/6
f 5747/7/6 5748/7/6 5749/7/6
f 5749/7/6 5748/7/6 5750/7/6
f 5751/2/6 5752/2/6 5753/2/6
f 5753/2/6 5752/2/6 5754/2/6
f 5754/2/6 5752/2/6 5755/2/6
f 5755/2/6 5756/2/6 5757/2/6
f 5754/2/6 5755/2/6 5757/2/6
f 5757/2/6 5756/2/6 5758/2/6
f 5759/7/6 5760/7/6 5763/7/6
f 5763/7/6 5760/7/6 5764/7/6
f 5761/1/6 5762/1/6 5767/1/6
f 5767/1/6 5762/1/6 5768/1/6
f 5759/7/6 5763/7/6 5769/7/6
f 5763/8/6 5764/8/6 5770/8/6
f 5769/7/6 5763/7/6 5770/7/6
f 5770/8/6 5764/8/6 5771/8/6
f 5765/7/6 5766/7/6 5773/7/6
f 5773/7/6 5766/7/6 5774/7/6
f 5772/7/6 5773/7/6 5777/7/6
f 5777/7/6 5773/7/6 5778/7/6
f 5775/7/6 5776/7/6 5780/7/6
f 5780/7/6 5776/7/6 5781/7/6
f 5778/7/6 5779/7/6 5783/7/6
f 5783/7/6 5779/7/6 5784/7/6
f 5785/7/6 5786/7/6 5789/7/6
f 5784/7/6 5785/7/6 5789/7/6
f 5789/7/6 5786/7/6 5790/7/6
f 5787/2/6 5788/2/6 5791/2/6
f 5791/2/6 5788/2/6 5792/2/6
f 5781/7/6 5782/7/6 5797/7/6
f 5797/7/6 5782/7/6 5798/7/6
f 5792/2/6 5793/2/6 5800/2/6
f 5800/2/6 5793/2/6 5801/2/6
f 5794/7/6 5795/7/6 5803/7/6
f 5803/7/6 5795/7/6 5804/7/6
f 5796/7/6 5797/7/6 5805/7/6
f 5805/7/6 5797/7/6 5806/7/6
f 5799/2/6 5800/2/6 5807/2/6
f 5807/2/6 5800/2/6 5808/2/6
f 5796/7/6 5805/7/6 5810/7/6
f 5810/7/6 5805/7/6 5811/7/6
f 5809/6/6 5810/6/6 5812/6/6
f 5812/6/6 5810/6/6 5813/6/6
f 5802/7/6 5803/7/6 5815/7/6
f 5815/7/6 5803/7/6 5816/7/6
f 5813/6/6 5814/6/6 5817/6/6
f 5817/6/6 5814/6/6 5818/6/6
f 5818/6/6 5819/6/6 5821/6/6
f 5819/7/6 5820/7/6 5822/7/6
f 5821/6/6 5819/6/6 5822/6/6
f 5821/7/6 5822/7/6 5823/7/6
f 5822/7/6 5820/7/6 5824/7/6
f 5823/7/6 5822/7/6 5824/7/6
f 5824/7/6 5820/7/6 5825/7/6
f 5823/7/6 5824/7/6 5828/7/6
f 5828/7/6 5824/7/6 5829/7/6
f 5829/7/6 5824/7/6 5830/7/6
f 5825/1/6 5826/1/6 5831/1/6
f 5831/1/6 5826/1/6 5832/1/6
f 5827/7/6 5828/7/6 5835/7/6
f 5828/7/6 5829/7/6 5835/7/6
f 5829/1/6 5830/1/6 5836/1/6
f 5835/7/6 5829/7/6 5836/7/6
f 5832/1/6 5833/1/6 5836/1/6
f 5831/1/6 5832/1/6 5836/1/6
f 5830/1/6 5831/1/6 5836/1/6
f 5836/1/6 5833/1/6 5837/1/6
f 5833/2/6 5834/2/6 5838/2/6
f 5837/1/6 5833/1/6 5838/1/6
f 5838/2/6 5834/2/6 5839/2/6
f 5836/1/6 5837/1/6 5840/1/6
f 5840/1/6 5837/1/6 5841/1/6
f 5842/7/6 5843/7/6 5844/7/6
f 5844/7/6 5843/7/6 5845/7/6
f 5846/7/6 5847/7/6 5849/7/6
f 5847/7/6 5848/7/6 5849/7/6
f 5849/7/6 5848/7/6 5850/7/6
f 5851/2/6 5852/2/6 5853/2/6
f 5853/2/6 5852/2/6 5854/2/6
f 5854/2/6 5855/2/6 5856/2/6
f 5856/2/6 5855/2/6 5857/2/6
f 5858/2/6 5859/2/6 5862/2/6
f 5862/2/6 5859/2/6 5863/2/6
f 5860/8/6 5861/8/6 5865/8/6
f 5865/8/6 5861/8/6 5866/8/6
f 5864/8/6 5865/8/6 5871/8/6
f 5871/8/6 5865/8/6 5872/8/6
f 5866/8/6 5867/8/6 5873/8/6
f 5873/8/6 5867/8/6 5874/8/6
f 5868/2/6 5869/2/6 5875/2/6
f 5875/2/6 5869/2/6 5876/2/6
f 5871/7/6 5872/7/6 5877/7/6
f 5870/7/6 5871/7/6 5877/7/6
f 5877/7/6 5872/7/6 5878/7/6
f 5873/7/6 5874/7/6 5879/7/6
f 5879/7/6 5880/7/6 5881/7/6
f 5873/7/6 5879/7/6 5881/7/6
f 5881/7/6 5880/7/6 5882/7/6
f 5870/7/6 5877/7/6 5884/7/6
f 5884/7/6 5877/7/6 5885/7/6
f 5873/7/6 5881/7/6 5888/7/6
f 5888/7/6 5881/7/6 5889/7/6
f 5882/7/6 5883/7/6 5890/7/6
f 5890/7/6 5883/7/6 5891/7/6
f 5885/7/6 5886/7/6 5893/7/6
f 5886/8/6 5887/8/6 5894/8/6
f 5893/7/6 5886/7/6 5894/7/6
f 5887/7/6 5888/7/6 5895/7/6
f 5894/8/6 5887/8/6 5895/8/6
f 5891/7/6 5892/7/6 5896/7/6
f 5890/7/6 5891/7/6 5896/7/6
f 5896/7/6 5892/7/6 5897/7/6
f 5897/7/6 5892/7/6 5900/7/6
f 5898/2/6 5899/2/6 5901/2/6
f 5901/2/6 5899/2/6 5902/2/6
f 5895/7/6 5888/7/6 5904/7/6
f 5900/7/6 5892/7/6 5906/7/6
f 5906/7/6 5892/7/6 5907/7/6
f 5902/2/6 5903/2/6 5909/2/6
f 5909/2/6 5903/2/6 5910/2/6
f 5904/7/6 5905/7/6 5912/7/6
f 5895/7/6 5904/7/6 5912/7/6
f 5912/7/6 5905/7/6 5913/7/6
f 5908/2/6 5909/2/6 5915/2/6
f 5915/2/6 5909/2/6 5916/2/6
f 5913/7/6 5914/7/6 5917/7/6
f 5911/7/6 5912/7/6 5917/7/6
f 5912/7/6 5913/7/6 5917/7/6
f 5917/7/6 5914/7/6 5918/7/6
f 5911/7/6 5917/7/6 5919/7/6
f 5911/7/6 5919/7/6 5921/7/6
f 5921/7/6 5919/7/6 5922/7/6
f 5919/6/6 5920/6/6 5923/6/6
f 5922/7/6 5919/7/6 5923/7/6
f 5923/6/6 5920/6/6 5924/6/6
f 5911/7/6 5921/7/6 5927/7/6
f 5927/7/6 5921/7/6 5928/7/6
f 5924/6/6 5925/6/6 5929/6/6
f 5929/6/6 5925/6/6 5930/6/6
f 5929/7/6 5930/7/6 5931/7/6
f 5931/7/6 5930/7/6 5932/7/6
f 5926/7/6 5927/7/6 5933/7/6
f 5933/7/6 5927/7/6 5934/7/6
f 5935/7/6 5936/7/6 5937/7/6
f 5934/7/6 5935/7/6 5937/7/6
f 5937/7/6 5936/7/6 5938/7/6
f 5938/7/6 5936/7/6 5939/7/6
f 5939/7/6 5936/7/6 5940/7/6
f 5938/7/6 5939/7/6 5943/7/6
f 5943/7/6 5939/7/6 5944/7/6
f 5940/7/6 5941/7/6 5946/7/6
f 5946/7/6 5941/7/6 5947/7/6
f 5942/7/6 5943/7/6 5948/7/6
f 5948/7/6 5943/7/6 5949/7/6
f 5945/7/6 5946/7/6 5950/7/6
f 5950/7/6 5946/7/6 5951/7/6
f 5952/2/6 5953/2/6 5954/2/6
f 5954/2/6 5953/2/6 5955/2/6
f 5956/2/6 5957/2/6 5958/2/6
f 5958/2/6 5957/2/6 5959/2/6
f 5952/2/6 5954/2/6 5960/2/6
f 5960/2/6 5954/2/6 5961/2/6
f 5962/8/6 5963/8/6 5965/8/6
f 5964/8/6 5965/8/6 5968/8/6
f 5965/8/6 5963/8/6 5969/8/6
f 5968/8/6 5965/8/6 5969/8/6
f 5966/7/6 5967/7/6 5970/7/6
f 5970/7/6 5967/7/6 5971/7/6
f 5971/7/6 5967/7/6 5972/7/6
f 5969/7/6 5970/7/6 5973/7/6
f 5970/7/6 5971/7/6 5973/7/6
f 5971/6/6 5972/6/6 5974/6/6
f 5973/7/6 5971/7/6 5974/7/6
f 5974/6/6 5972/6/6 5975/6/6
f 5975/6/6 5976/6/6 5979/6/6
f 5979/6/6 5976/6/6 5980/6/6
f 5977/2/6 5978/2/6 5981/2/6
f 5981/2/6 5978/2/6 5982/2/6
f 5969/7/6 5973/7/6 5985/7/6
f 5985/7/6 5973/7/6 5986/7/6
f 5979/7/6 5980/7/6 5987/7/6
f 5987/7/6 5980/7/6 5988/7/6
f 5983/2/6 5984/2/6 5990/2/6
f 5990/2/6 5984/2/6 5991/2/6
f 5986/7/6 5987/7/6 5992/7/6
f 5992/7/6 5987/7/6 5993/7/6
f 5989/2/6 5990/2/6 5994/2/6
f 5994/2/6 5990/2/6 5995/2/6
f 5996/7/6 5997/7/6 6000/7/6
f 6000/7/6 5997/7/6 6001/7/6
f 5997/6/6 5998/6/6 6002/6/6
f 6001/7/6 5997/7/6 6002/7/6
f 6002/6/6 5998/6/6 6003/6/6
f 6003/6/6 5998/6/6 6004/6/6
f 6004/6/6 5998/6/6 6005/6/6
f 6000/7/6 6001/7/6 6006/7/6
f 5999/7/6 6000/7/6 6006/7/6
f 6004/7/6 6005/7/6 6007/7/6
f 6007/7/6 6005/7/6 6008/7/6
f 5999/7/6 6006/7/6 6009/7/6
f 6006/7/6 6007/7/6 6009/7/6
f 6009/7/6 6007/7/6 6010/7/6
f 6011/7/6 6012/7/6 6014/7/6
f 6014/7/6 6012/7/6 6015/7/6
f 6015/7/6 6012/7/6 6016/7/6
f 6013/7/6 6014/7/6 6017/7/6
f 6014/7/6 6015/7/6 6017/7/6
f 6017/7/6 6015/7/6 6018/7/6
f 6019/2/6 6020/2/6 6021/2/6
f 6021/2/6 6020/2/6 6022/2/6
f 6022/2/6 6023/2/6 6024/2/6
f 6024/2/6 6023/2/6 6025/2/6
f 6028/2/6 6029/2/6 6031/2/6
f 6026/6/6 6027/6/6 6032/6/6
f 6032/6/6 6027/6/6 6033/6/6
f 6030/2/6 6031/2/6 6034/2/6
f 6031/2/6 6029/2/6 6035/2/6
f 6034/2/6 6031/2/6 6035/2/6
f 6036/7/6 6037/7/6 6038/7/6
f 6038/7/6 6037/7/6 6039/7/6
f 6040/2/6 6041/2/6 6042/2/6
f 6040/2/6 6042/2/6 6044/2/6
f 6042/2/6 6043/2/6 6044/2/6
f 6044/2/6 6043/2/6 6045/2/6
f 6045/2/6 6043/2/6 6046/2/6
f 6046/2/6 6047/2/6 6048/2/6
f 6045/2/6 6046/2/6 6048/2/6
f 6048/2/6 6047/2/6 6049/2/6
f 6050/2/6 6051/2/6 6053/2/6
f 6053/2/6 6051/2/6 6054/2/6
f 6052/2/6 6053/2/6 6055/2/6
f 6055/2/6 6053/2/6 6056/2/6
f 6056/2/6 6057/2/6 6058/2/6
f 6058/2/6 6057/2/6 6059/2/6
f 6060/2/6 6061/2/6 6062/2/6
f 6063/2/6 6064/2/6 6065/2/6
f 6065/2/6 6064/2/6 6066/2/6
f 6060/2/6 6062/2/6 6067/2/6
f 6067/2/6 6062/2/6 6068/2/6
f 6068/2/6 6062/2/6 6069/2/6
f 6069/2/6 6070/2/6 6071/2/6
f 6068/2/6 6069/2/6 6071/2/6
f 6071/2/6 6070/2/6 6072/2/6
f 6073/2/6 6074/2/6 6075/2/6
f 6073/2/6 6075/2/6 6077/2/6
f 6075/2/6 6076/2/6 6077/2/6
f 6077/2/6 6076/2/6 6078/2/6
f 6079/2/6 6080/2/6 6082/2/6
f 6082/2/6 6080/2/6 6083/2/6
f 6081/2/6 6082/2/6 6084/2/6
f 6084/2/6 6082/2/6 6085/2/6
f 6085/2/6 6086/2/6 6087/2/6
f 6087/2/6 6086/2/6 6088/2/6
f 6089/2/6 6090/2/6 6091/2/6
f 6091/2/6 6090/2/6 6092/2/6
